"x";"y";"canopy_cover"
-25;-7,5;4
-25;-7;8
-25;-6,5;16
-25;-6;20
-25;-5,5;16
-25;-5;8
-25;-4,5;20
-25;-4;20
-25;-3,5;20
-25;-3;32
-25;-2,5;28
-25;-2;20
-25;-1,5;20
-25;-1;12
-25;-0,5;20
-24,5;-30;4
-24,5;-29,5;0
-24,5;-29;4
-24,5;-28,5;16
-24,5;-28;16
-24,5;-27,5;12
-24,5;-27;4
-24,5;-26,5;0
-24,5;-26;12
-24,5;-25,5;32
-24,5;-25;32
-24,5;-24,5;40
-24,5;-24;40
-24,5;-23,5;36
-24,5;-23;40
-24,5;-22,5;36
-24,5;-22;36
-24,5;-21,5;0
-24,5;-21;36
-24,5;-20,5;60
-24,5;-20;60
-24,5;-19,5;60
-24,5;-19;60
-24,5;-18,5;60
-24,5;-18;60
-24,5;-17,5;60
-24,5;-17;60
-24,5;-16,5;80
-24,5;-16;80
-24,5;-15,5;80
-24,5;-15;76
-24,5;-14,5;76
-24,5;-14;64
-24,5;-13,5;20
-24,5;-13;4
-24,5;-12,5;56
-24,5;-12;32
-24,5;-11,5;8
-24,5;-11;40
-24,5;-10,5;16
-24,5;-10;84
-24,5;-9,5;92
-24,5;-9;96
-24,5;-8,5;96
-24,5;-8;96
-24,5;-7,5;100
-24,5;-7;100
-24,5;-6,5;100
-24,5;-6;100
-24,5;-5,5;96
-24,5;-5;68
-24,5;-4,5;100
-24,5;-4;100
-24,5;-3,5;100
-24,5;-3;100
-24,5;-2,5;100
-24,5;-2;100
-24,5;-1,5;100
-24,5;-1;100
-24,5;-0,5;100
-24,5;0;100
-24,5;0,5;92
-24,5;1;76
-24,5;1,5;60
-24,5;2;36
-24,5;2,5;16
-24;-52,5;8
-24;-52;12
-24;-51,5;8
-24;-51;16
-24;-50,5;20
-24;-50;20
-24;-49,5;20
-24;-49;20
-24;-48,5;16
-24;-48;32
-24;-47,5;8
-24;-47;20
-24;-46,5;20
-24;-46;36
-24;-45,5;40
-24;-45;40
-24;-44,5;40
-24;-44;40
-24;-43,5;40
-24;-43;52
-24;-42,5;52
-24;-42;60
-24;-41,5;52
-24;-41;36
-24;-40,5;32
-24;-40;44
-24;-39,5;60
-24;-39;64
-24;-38,5;64
-24;-38;80
-24;-37,5;80
-24;-37;80
-24;-36,5;80
-24;-36;80
-24;-35,5;80
-24;-35;80
-24;-34,5;88
-24;-34;92
-24;-33,5;96
-24;-33;92
-24;-32,5;96
-24;-32;96
-24;-31,5;68
-24;-31;92
-24;-30,5;60
-24;-30;32
-24;-29,5;0
-24;-29;60
-24;-28,5;88
-24;-28;100
-24;-27,5;88
-24;-27;52
-24;-26,5;36
-24;-26;100
-24;-25,5;100
-24;-25;100
-24;-24,5;100
-24;-24;100
-24;-23,5;100
-24;-23;100
-24;-22,5;100
-24;-22;80
-24;-21,5;24
-24;-21;84
-24;-20,5;100
-24;-20;100
-24;-19,5;100
-24;-19;100
-24;-18,5;100
-24;-18;100
-24;-17,5;100
-24;-17;100
-24;-16,5;100
-24;-16;100
-24;-15,5;100
-24;-15;100
-24;-14,5;88
-24;-14;72
-24;-13,5;24
-24;-13;44
-24;-12,5;76
-24;-12;72
-24;-11,5;76
-24;-11;88
-24;-10,5;88
-24;-10;48
-24;-9,5;52
-24;-9;88
-24;-8,5;100
-24;-8;92
-24;-7,5;96
-24;-7;100
-24;-6,5;32
-24;-6;100
-24;-5,5;100
-24;-5;100
-24;-4,5;100
-24;-4;100
-24;-3,5;100
-24;-3;100
-24;-2,5;100
-24;-2;96
-24;-1,5;100
-24;-1;100
-24;-0,5;100
-24;0;100
-24;0,5;68
-24;1;80
-24;1,5;96
-24;2;100
-24;2,5;80
-24;3;68
-24;3,5;76
-24;4;52
-24;4,5;32
-24;5;4
-23,5;-57,5;8
-23,5;-57;24
-23,5;-56,5;44
-23,5;-56;32
-23,5;-55,5;60
-23,5;-55;76
-23,5;-54,5;84
-23,5;-54;64
-23,5;-53,5;56
-23,5;-53;80
-23,5;-52,5;88
-23,5;-52;96
-23,5;-51,5;100
-23,5;-51;100
-23,5;-50,5;100
-23,5;-50;100
-23,5;-49,5;100
-23,5;-49;100
-23,5;-48,5;84
-23,5;-48;60
-23,5;-47,5;48
-23,5;-47;84
-23,5;-46,5;100
-23,5;-46;100
-23,5;-45,5;100
-23,5;-45;96
-23,5;-44,5;100
-23,5;-44;96
-23,5;-43,5;100
-23,5;-43;92
-23,5;-42,5;80
-23,5;-42;80
-23,5;-41,5;64
-23,5;-41;56
-23,5;-40,5;84
-23,5;-40;92
-23,5;-39,5;100
-23,5;-39;100
-23,5;-38,5;96
-23,5;-38;100
-23,5;-37,5;100
-23,5;-37;100
-23,5;-36,5;100
-23,5;-36;100
-23,5;-35,5;100
-23,5;-35;100
-23,5;-34,5;100
-23,5;-34;100
-23,5;-33,5;100
-23,5;-33;100
-23,5;-32,5;100
-23,5;-32;100
-23,5;-31,5;76
-23,5;-31;92
-23,5;-30,5;64
-23,5;-30;12
-23,5;-29,5;20
-23,5;-29;56
-23,5;-28,5;84
-23,5;-28;80
-23,5;-27,5;84
-23,5;-27;72
-23,5;-26,5;60
-23,5;-26;100
-23,5;-25,5;100
-23,5;-25;100
-23,5;-24,5;100
-23,5;-24;100
-23,5;-23,5;100
-23,5;-23;100
-23,5;-22,5;92
-23,5;-22;36
-23,5;-21,5;60
-23,5;-21;92
-23,5;-20,5;100
-23,5;-20;100
-23,5;-19,5;100
-23,5;-19;100
-23,5;-18,5;100
-23,5;-18;100
-23,5;-17,5;100
-23,5;-17;100
-23,5;-16,5;100
-23,5;-16;100
-23,5;-15,5;100
-23,5;-15;100
-23,5;-14,5;100
-23,5;-14;100
-23,5;-13,5;88
-23,5;-13;76
-23,5;-12,5;84
-23,5;-12;80
-23,5;-11,5;96
-23,5;-11;80
-23,5;-10,5;96
-23,5;-10;100
-23,5;-9,5;100
-23,5;-9;100
-23,5;-8,5;96
-23,5;-8;100
-23,5;-7,5;92
-23,5;-7;96
-23,5;-6,5;64
-23,5;-6;100
-23,5;-5,5;100
-23,5;-5;100
-23,5;-4,5;100
-23,5;-4;100
-23,5;-3,5;100
-23,5;-3;100
-23,5;-2,5;100
-23,5;-2;100
-23,5;-1,5;100
-23,5;-1;100
-23,5;-0,5;88
-23,5;0;96
-23,5;0,5;92
-23,5;1;96
-23,5;1,5;100
-23,5;2;96
-23,5;2,5;84
-23,5;3;88
-23,5;3,5;100
-23,5;4;100
-23,5;4,5;100
-23,5;5;96
-23,5;5,5;60
-23,5;6;28
-23;-59,5;12
-23;-59;36
-23;-58,5;56
-23;-58;84
-23;-57,5;80
-23;-57;100
-23;-56,5;96
-23;-56;92
-23;-55,5;88
-23;-55;96
-23;-54,5;88
-23;-54;72
-23;-53,5;76
-23;-53;96
-23;-52,5;92
-23;-52;100
-23;-51,5;100
-23;-51;100
-23;-50,5;100
-23;-50;100
-23;-49,5;100
-23;-49;100
-23;-48,5;96
-23;-48;80
-23;-47,5;92
-23;-47;96
-23;-46,5;100
-23;-46;100
-23;-45,5;100
-23;-45;100
-23;-44,5;92
-23;-44;100
-23;-43,5;100
-23;-43;100
-23;-42,5;92
-23;-42;84
-23;-41,5;72
-23;-41;76
-23;-40,5;76
-23;-40;88
-23;-39,5;96
-23;-39;100
-23;-38,5;100
-23;-38;100
-23;-37,5;100
-23;-37;100
-23;-36,5;100
-23;-36;100
-23;-35,5;100
-23;-35;100
-23;-34,5;100
-23;-34;100
-23;-33,5;100
-23;-33;100
-23;-32,5;96
-23;-32;100
-23;-31,5;100
-23;-31;96
-23;-30,5;76
-23;-30;64
-23;-29,5;0
-23;-29;12
-23;-28,5;56
-23;-28;32
-23;-27,5;60
-23;-27;88
-23;-26,5;100
-23;-26;100
-23;-25,5;100
-23;-25;100
-23;-24,5;96
-23;-24;100
-23;-23,5;100
-23;-23;100
-23;-22,5;44
-23;-22;72
-23;-21,5;100
-23;-21;100
-23;-20,5;100
-23;-20;100
-23;-19,5;100
-23;-19;100
-23;-18,5;100
-23;-18;100
-23;-17,5;100
-23;-17;100
-23;-16,5;100
-23;-16;100
-23;-15,5;100
-23;-15;100
-23;-14,5;100
-23;-14;100
-23;-13,5;100
-23;-13;100
-23;-12,5;96
-23;-12;100
-23;-11,5;100
-23;-11;76
-23;-10,5;88
-23;-10;100
-23;-9,5;100
-23;-9;100
-23;-8,5;100
-23;-8;88
-23;-7,5;80
-23;-7;100
-23;-6,5;84
-23;-6;52
-23;-5,5;64
-23;-5;100
-23;-4,5;100
-23;-4;100
-23;-3,5;100
-23;-3;100
-23;-2,5;100
-23;-2;100
-23;-1,5;100
-23;-1;100
-23;-0,5;96
-23;0;96
-23;0,5;96
-23;1;100
-23;1,5;92
-23;2;100
-23;2,5;96
-23;3;84
-23;3,5;100
-23;4;100
-23;4,5;100
-23;5;100
-23;5,5;100
-23;6;100
-23;6,5;92
-23;7;52
-23;7,5;8
-22,5;-61;24
-22,5;-60,5;44
-22,5;-60;76
-22,5;-59,5;80
-22,5;-59;84
-22,5;-58,5;92
-22,5;-58;100
-22,5;-57,5;100
-22,5;-57;100
-22,5;-56,5;100
-22,5;-56;96
-22,5;-55,5;96
-22,5;-55;100
-22,5;-54,5;84
-22,5;-54;56
-22,5;-53,5;88
-22,5;-53;96
-22,5;-52,5;96
-22,5;-52;96
-22,5;-51,5;100
-22,5;-51;100
-22,5;-50,5;100
-22,5;-50;100
-22,5;-49,5;100
-22,5;-49;88
-22,5;-48,5;100
-22,5;-48;96
-22,5;-47,5;96
-22,5;-47;100
-22,5;-46,5;100
-22,5;-46;100
-22,5;-45,5;100
-22,5;-45;100
-22,5;-44,5;100
-22,5;-44;96
-22,5;-43,5;100
-22,5;-43;100
-22,5;-42,5;100
-22,5;-42;96
-22,5;-41,5;76
-22,5;-41;72
-22,5;-40,5;88
-22,5;-40;100
-22,5;-39,5;100
-22,5;-39;100
-22,5;-38,5;100
-22,5;-38;100
-22,5;-37,5;100
-22,5;-37;100
-22,5;-36,5;100
-22,5;-36;100
-22,5;-35,5;100
-22,5;-35;100
-22,5;-34,5;100
-22,5;-34;100
-22,5;-33,5;100
-22,5;-33;100
-22,5;-32,5;100
-22,5;-32;100
-22,5;-31,5;100
-22,5;-31;84
-22,5;-30,5;56
-22,5;-30;88
-22,5;-29,5;60
-22,5;-29;24
-22,5;-28,5;20
-22,5;-28;16
-22,5;-27,5;88
-22,5;-27;100
-22,5;-26,5;100
-22,5;-26;100
-22,5;-25,5;100
-22,5;-25;100
-22,5;-24,5;100
-22,5;-24;100
-22,5;-23,5;100
-22,5;-23;100
-22,5;-22,5;96
-22,5;-22;100
-22,5;-21,5;100
-22,5;-21;100
-22,5;-20,5;100
-22,5;-20;100
-22,5;-19,5;100
-22,5;-19;100
-22,5;-18,5;100
-22,5;-18;100
-22,5;-17,5;100
-22,5;-17;100
-22,5;-16,5;100
-22,5;-16;100
-22,5;-15,5;100
-22,5;-15;100
-22,5;-14,5;100
-22,5;-14;100
-22,5;-13,5;96
-22,5;-13;96
-22,5;-12,5;96
-22,5;-12;96
-22,5;-11,5;100
-22,5;-11;100
-22,5;-10,5;100
-22,5;-10;100
-22,5;-9,5;100
-22,5;-9;92
-22,5;-8,5;88
-22,5;-8;96
-22,5;-7,5;100
-22,5;-7;100
-22,5;-6,5;92
-22,5;-6;56
-22,5;-5,5;64
-22,5;-5;96
-22,5;-4,5;100
-22,5;-4;100
-22,5;-3,5;100
-22,5;-3;100
-22,5;-2,5;100
-22,5;-2;100
-22,5;-1,5;96
-22,5;-1;100
-22,5;-0,5;100
-22,5;0;96
-22,5;0,5;64
-22,5;1;96
-22,5;1,5;100
-22,5;2;100
-22,5;2,5;96
-22,5;3;100
-22,5;3,5;100
-22,5;4;96
-22,5;4,5;96
-22,5;5;92
-22,5;5,5;100
-22,5;6;100
-22,5;6,5;100
-22,5;7;56
-22,5;7,5;64
-22,5;8;56
-22,5;8,5;12
-22;-62,5;4
-22;-62;28
-22;-61,5;84
-22;-61;100
-22;-60,5;100
-22;-60;100
-22;-59,5;84
-22;-59;92
-22;-58,5;100
-22;-58;96
-22;-57,5;96
-22;-57;100
-22;-56,5;100
-22;-56;100
-22;-55,5;100
-22;-55;92
-22;-54,5;92
-22;-54;80
-22;-53,5;84
-22;-53;92
-22;-52,5;100
-22;-52;100
-22;-51,5;100
-22;-51;100
-22;-50,5;100
-22;-50;100
-22;-49,5;100
-22;-49;84
-22;-48,5;92
-22;-48;88
-22;-47,5;100
-22;-47;100
-22;-46,5;100
-22;-46;100
-22;-45,5;100
-22;-45;100
-22;-44,5;100
-22;-44;100
-22;-43,5;100
-22;-43;100
-22;-42,5;100
-22;-42;100
-22;-41,5;72
-22;-41;84
-22;-40,5;44
-22;-40;36
-22;-39,5;76
-22;-39;100
-22;-38,5;100
-22;-38;100
-22;-37,5;100
-22;-37;100
-22;-36,5;100
-22;-36;100
-22;-35,5;100
-22;-35;100
-22;-34,5;100
-22;-34;100
-22;-33,5;100
-22;-33;100
-22;-32,5;96
-22;-32;100
-22;-31,5;100
-22;-31;100
-22;-30,5;100
-22;-30;100
-22;-29,5;100
-22;-29;88
-22;-28,5;88
-22;-28;100
-22;-27,5;100
-22;-27;100
-22;-26,5;100
-22;-26;100
-22;-25,5;96
-22;-25;56
-22;-24,5;64
-22;-24;100
-22;-23,5;100
-22;-23;100
-22;-22,5;100
-22;-22;100
-22;-21,5;100
-22;-21;100
-22;-20,5;100
-22;-20;100
-22;-19,5;100
-22;-19;100
-22;-18,5;100
-22;-18;100
-22;-17,5;100
-22;-17;100
-22;-16,5;76
-22;-16;92
-22;-15,5;100
-22;-15;100
-22;-14,5;100
-22;-14;100
-22;-13,5;100
-22;-13;100
-22;-12,5;100
-22;-12;100
-22;-11,5;96
-22;-11;100
-22;-10,5;100
-22;-10;100
-22;-9,5;96
-22;-9;68
-22;-8,5;40
-22;-8;100
-22;-7,5;96
-22;-7;92
-22;-6,5;52
-22;-6;72
-22;-5,5;72
-22;-5;100
-22;-4,5;100
-22;-4;100
-22;-3,5;100
-22;-3;100
-22;-2,5;100
-22;-2;100
-22;-1,5;100
-22;-1;100
-22;-0,5;100
-22;0;92
-22;0,5;56
-22;1;100
-22;1,5;100
-22;2;100
-22;2,5;100
-22;3;96
-22;3,5;100
-22;4;96
-22;4,5;100
-22;5;96
-22;5,5;100
-22;6;100
-22;6,5;100
-22;7;52
-22;7,5;40
-22;8;80
-22;8,5;84
-22;9;16
-21,5;-63,5;8
-21,5;-63;60
-21,5;-62,5;92
-21,5;-62;84
-21,5;-61,5;96
-21,5;-61;100
-21,5;-60,5;100
-21,5;-60;100
-21,5;-59,5;100
-21,5;-59;96
-21,5;-58,5;92
-21,5;-58;84
-21,5;-57,5;100
-21,5;-57;100
-21,5;-56,5;96
-21,5;-56;100
-21,5;-55,5;100
-21,5;-55;96
-21,5;-54,5;96
-21,5;-54;92
-21,5;-53,5;84
-21,5;-53;92
-21,5;-52,5;100
-21,5;-52;100
-21,5;-51,5;100
-21,5;-51;100
-21,5;-50,5;100
-21,5;-50;100
-21,5;-49,5;100
-21,5;-49;88
-21,5;-48,5;52
-21,5;-48;88
-21,5;-47,5;76
-21,5;-47;96
-21,5;-46,5;100
-21,5;-46;100
-21,5;-45,5;100
-21,5;-45;100
-21,5;-44,5;100
-21,5;-44;100
-21,5;-43,5;100
-21,5;-43;100
-21,5;-42,5;100
-21,5;-42;100
-21,5;-41,5;100
-21,5;-41;64
-21,5;-40,5;0
-21,5;-40;4
-21,5;-39,5;84
-21,5;-39;100
-21,5;-38,5;100
-21,5;-38;100
-21,5;-37,5;100
-21,5;-37;100
-21,5;-36,5;100
-21,5;-36;100
-21,5;-35,5;100
-21,5;-35;100
-21,5;-34,5;100
-21,5;-34;100
-21,5;-33,5;88
-21,5;-33;80
-21,5;-32,5;92
-21,5;-32;100
-21,5;-31,5;100
-21,5;-31;96
-21,5;-30,5;100
-21,5;-30;100
-21,5;-29,5;100
-21,5;-29;100
-21,5;-28,5;100
-21,5;-28;68
-21,5;-27,5;100
-21,5;-27;100
-21,5;-26,5;100
-21,5;-26;100
-21,5;-25,5;100
-21,5;-25;72
-21,5;-24,5;92
-21,5;-24;100
-21,5;-23,5;100
-21,5;-23;100
-21,5;-22,5;100
-21,5;-22;100
-21,5;-21,5;100
-21,5;-21;100
-21,5;-20,5;100
-21,5;-20;100
-21,5;-19,5;100
-21,5;-19;100
-21,5;-18,5;100
-21,5;-18;100
-21,5;-17,5;100
-21,5;-17;100
-21,5;-16,5;96
-21,5;-16;100
-21,5;-15,5;100
-21,5;-15;100
-21,5;-14,5;100
-21,5;-14;100
-21,5;-13,5;100
-21,5;-13;100
-21,5;-12,5;100
-21,5;-12;100
-21,5;-11,5;100
-21,5;-11;100
-21,5;-10,5;100
-21,5;-10;100
-21,5;-9,5;100
-21,5;-9;88
-21,5;-8,5;72
-21,5;-8;40
-21,5;-7,5;52
-21,5;-7;68
-21,5;-6,5;56
-21,5;-6;84
-21,5;-5,5;52
-21,5;-5;88
-21,5;-4,5;100
-21,5;-4;100
-21,5;-3,5;100
-21,5;-3;100
-21,5;-2,5;100
-21,5;-2;100
-21,5;-1,5;100
-21,5;-1;100
-21,5;-0,5;100
-21,5;0;100
-21,5;0,5;92
-21,5;1;80
-21,5;1,5;100
-21,5;2;100
-21,5;2,5;100
-21,5;3;100
-21,5;3,5;100
-21,5;4;96
-21,5;4,5;100
-21,5;5;100
-21,5;5,5;100
-21,5;6;100
-21,5;6,5;100
-21,5;7;64
-21,5;7,5;48
-21,5;8;56
-21,5;8,5;32
-21,5;9;72
-21,5;9,5;80
-21,5;10;28
-21;-64,5;8
-21;-64;60
-21;-63,5;100
-21;-63;100
-21;-62,5;100
-21;-62;96
-21;-61,5;88
-21;-61;92
-21;-60,5;100
-21;-60;100
-21;-59,5;100
-21;-59;96
-21;-58,5;96
-21;-58;100
-21;-57,5;92
-21;-57;88
-21;-56,5;84
-21;-56;92
-21;-55,5;80
-21;-55;88
-21;-54,5;92
-21;-54;96
-21;-53,5;84
-21;-53;92
-21;-52,5;100
-21;-52;100
-21;-51,5;100
-21;-51;100
-21;-50,5;100
-21;-50;100
-21;-49,5;92
-21;-49;92
-21;-48,5;88
-21;-48;88
-21;-47,5;96
-21;-47;100
-21;-46,5;96
-21;-46;100
-21;-45,5;100
-21;-45;100
-21;-44,5;100
-21;-44;100
-21;-43,5;100
-21;-43;100
-21;-42,5;100
-21;-42;100
-21;-41,5;92
-21;-41;48
-21;-40,5;0
-21;-40;0
-21;-39,5;72
-21;-39;100
-21;-38,5;100
-21;-38;100
-21;-37,5;100
-21;-37;100
-21;-36,5;100
-21;-36;100
-21;-35,5;100
-21;-35;100
-21;-34,5;100
-21;-34;100
-21;-33,5;72
-21;-33;100
-21;-32,5;92
-21;-32;100
-21;-31,5;100
-21;-31;100
-21;-30,5;100
-21;-30;100
-21;-29,5;96
-21;-29;100
-21;-28,5;100
-21;-28;84
-21;-27,5;100
-21;-27;100
-21;-26,5;100
-21;-26;100
-21;-25,5;100
-21;-25;84
-21;-24,5;76
-21;-24;100
-21;-23,5;100
-21;-23;100
-21;-22,5;96
-21;-22;100
-21;-21,5;100
-21;-21;100
-21;-20,5;96
-21;-20;100
-21;-19,5;96
-21;-19;56
-21;-18,5;88
-21;-18;100
-21;-17,5;100
-21;-17;100
-21;-16,5;100
-21;-16;100
-21;-15,5;100
-21;-15;100
-21;-14,5;100
-21;-14;100
-21;-13,5;100
-21;-13;100
-21;-12,5;100
-21;-12;100
-21;-11,5;100
-21;-11;100
-21;-10,5;100
-21;-10;100
-21;-9,5;100
-21;-9;100
-21;-8,5;100
-21;-8;96
-21;-7,5;88
-21;-7;72
-21;-6,5;48
-21;-6;56
-21;-5,5;96
-21;-5;96
-21;-4,5;100
-21;-4;100
-21;-3,5;100
-21;-3;100
-21;-2,5;100
-21;-2;100
-21;-1,5;100
-21;-1;100
-21;-0,5;100
-21;0;92
-21;0,5;96
-21;1;96
-21;1,5;100
-21;2;100
-21;2,5;100
-21;3;100
-21;3,5;100
-21;4;100
-21;4,5;100
-21;5;100
-21;5,5;100
-21;6;100
-21;6,5;100
-21;7;92
-21;7,5;28
-21;8;12
-21;8,5;48
-21;9;44
-21;9,5;32
-21;10;8
-20,5;-65,5;4
-20,5;-65;52
-20,5;-64,5;96
-20,5;-64;100
-20,5;-63,5;100
-20,5;-63;96
-20,5;-62,5;100
-20,5;-62;100
-20,5;-61,5;100
-20,5;-61;100
-20,5;-60,5;100
-20,5;-60;100
-20,5;-59,5;100
-20,5;-59;92
-20,5;-58,5;100
-20,5;-58;72
-20,5;-57,5;100
-20,5;-57;92
-20,5;-56,5;64
-20,5;-56;36
-20,5;-55,5;80
-20,5;-55;72
-20,5;-54,5;76
-20,5;-54;28
-20,5;-53,5;68
-20,5;-53;84
-20,5;-52,5;84
-20,5;-52;100
-20,5;-51,5;100
-20,5;-51;96
-20,5;-50,5;92
-20,5;-50;92
-20,5;-49,5;72
-20,5;-49;92
-20,5;-48,5;96
-20,5;-48;96
-20,5;-47,5;76
-20,5;-47;92
-20,5;-46,5;100
-20,5;-46;100
-20,5;-45,5;100
-20,5;-45;100
-20,5;-44,5;100
-20,5;-44;100
-20,5;-43,5;100
-20,5;-43;100
-20,5;-42,5;100
-20,5;-42;100
-20,5;-41,5;100
-20,5;-41;80
-20,5;-40,5;52
-20,5;-40;76
-20,5;-39,5;96
-20,5;-39;100
-20,5;-38,5;100
-20,5;-38;100
-20,5;-37,5;100
-20,5;-37;100
-20,5;-36,5;100
-20,5;-36;100
-20,5;-35,5;100
-20,5;-35;100
-20,5;-34,5;100
-20,5;-34;88
-20,5;-33,5;88
-20,5;-33;100
-20,5;-32,5;88
-20,5;-32;100
-20,5;-31,5;96
-20,5;-31;76
-20,5;-30,5;100
-20,5;-30;100
-20,5;-29,5;100
-20,5;-29;100
-20,5;-28,5;96
-20,5;-28;76
-20,5;-27,5;100
-20,5;-27;100
-20,5;-26,5;76
-20,5;-26;100
-20,5;-25,5;100
-20,5;-25;100
-20,5;-24,5;88
-20,5;-24;100
-20,5;-23,5;100
-20,5;-23;100
-20,5;-22,5;100
-20,5;-22;100
-20,5;-21,5;100
-20,5;-21;100
-20,5;-20,5;96
-20,5;-20;84
-20,5;-19,5;88
-20,5;-19;68
-20,5;-18,5;24
-20,5;-18;56
-20,5;-17,5;100
-20,5;-17;100
-20,5;-16,5;100
-20,5;-16;100
-20,5;-15,5;100
-20,5;-15;100
-20,5;-14,5;100
-20,5;-14;100
-20,5;-13,5;100
-20,5;-13;100
-20,5;-12,5;100
-20,5;-12;100
-20,5;-11,5;100
-20,5;-11;100
-20,5;-10,5;100
-20,5;-10;100
-20,5;-9,5;100
-20,5;-9;100
-20,5;-8,5;100
-20,5;-8;100
-20,5;-7,5;96
-20,5;-7;100
-20,5;-6,5;72
-20,5;-6;76
-20,5;-5,5;100
-20,5;-5;96
-20,5;-4,5;100
-20,5;-4;100
-20,5;-3,5;100
-20,5;-3;100
-20,5;-2,5;100
-20,5;-2;96
-20,5;-1,5;96
-20,5;-1;100
-20,5;-0,5;92
-20,5;0;92
-20,5;0,5;92
-20,5;1;100
-20,5;1,5;100
-20,5;2;100
-20,5;2,5;100
-20,5;3;100
-20,5;3,5;100
-20,5;4;100
-20,5;4,5;100
-20,5;5;100
-20,5;5,5;100
-20,5;6;84
-20,5;6,5;100
-20,5;7;88
-20,5;7,5;44
-20,5;8;12
-20,5;8,5;16
-20,5;9;72
-20,5;9,5;32
-20,5;10;0
-20,5;10,5;4
-20,5;11;4
-20,5;11,5;16
-20,5;12;4
-20;-66;36
-20;-65,5;92
-20;-65;100
-20;-64,5;100
-20;-64;100
-20;-63,5;96
-20;-63;100
-20;-62,5;100
-20;-62;100
-20;-61,5;100
-20;-61;100
-20;-60,5;100
-20;-60;100
-20;-59,5;100
-20;-59;84
-20;-58,5;100
-20;-58;84
-20;-57,5;80
-20;-57;88
-20;-56,5;72
-20;-56;96
-20;-55,5;92
-20;-55;80
-20;-54,5;68
-20;-54;12
-20;-53,5;0
-20;-53;4
-20;-52,5;0
-20;-52;48
-20;-51,5;72
-20;-51;84
-20;-50,5;52
-20;-50;52
-20;-49,5;44
-20;-49;28
-20;-48,5;96
-20;-48;92
-20;-47,5;96
-20;-47;100
-20;-46,5;100
-20;-46;100
-20;-45,5;100
-20;-45;100
-20;-44,5;100
-20;-44;100
-20;-43,5;100
-20;-43;100
-20;-42,5;100
-20;-42;100
-20;-41,5;100
-20;-41;100
-20;-40,5;92
-20;-40;96
-20;-39,5;84
-20;-39;100
-20;-38,5;100
-20;-38;100
-20;-37,5;100
-20;-37;100
-20;-36,5;100
-20;-36;100
-20;-35,5;100
-20;-35;100
-20;-34,5;100
-20;-34;96
-20;-33,5;84
-20;-33;60
-20;-32,5;48
-20;-32;100
-20;-31,5;92
-20;-31;92
-20;-30,5;100
-20;-30;100
-20;-29,5;100
-20;-29;100
-20;-28,5;100
-20;-28;80
-20;-27,5;96
-20;-27;96
-20;-26,5;92
-20;-26;80
-20;-25,5;100
-20;-25;100
-20;-24,5;100
-20;-24;100
-20;-23,5;100
-20;-23;96
-20;-22,5;100
-20;-22;92
-20;-21,5;96
-20;-21;100
-20;-20,5;100
-20;-20;76
-20;-19,5;60
-20;-19;60
-20;-18,5;80
-20;-18;56
-20;-17,5;96
-20;-17;100
-20;-16,5;88
-20;-16;96
-20;-15,5;100
-20;-15;100
-20;-14,5;100
-20;-14;100
-20;-13,5;100
-20;-13;100
-20;-12,5;100
-20;-12;100
-20;-11,5;100
-20;-11;100
-20;-10,5;100
-20;-10;100
-20;-9,5;100
-20;-9;100
-20;-8,5;100
-20;-8;100
-20;-7,5;100
-20;-7;100
-20;-6,5;100
-20;-6;96
-20;-5,5;100
-20;-5;100
-20;-4,5;100
-20;-4;96
-20;-3,5;100
-20;-3;84
-20;-2,5;100
-20;-2;100
-20;-1,5;100
-20;-1;100
-20;-0,5;100
-20;0;100
-20;0,5;100
-20;1;100
-20;1,5;100
-20;2;100
-20;2,5;100
-20;3;100
-20;3,5;100
-20;4;100
-20;4,5;100
-20;5;100
-20;5,5;100
-20;6;100
-20;6,5;92
-20;7;92
-20;7,5;76
-20;8;36
-20;8,5;80
-20;9;76
-20;9,5;80
-20;10;32
-20;10,5;56
-20;11;72
-20;11,5;92
-20;12;80
-19,5;-67;12
-19,5;-66,5;68
-19,5;-66;100
-19,5;-65,5;100
-19,5;-65;100
-19,5;-64,5;96
-19,5;-64;100
-19,5;-63,5;100
-19,5;-63;92
-19,5;-62,5;92
-19,5;-62;100
-19,5;-61,5;96
-19,5;-61;100
-19,5;-60,5;100
-19,5;-60;100
-19,5;-59,5;80
-19,5;-59;84
-19,5;-58,5;96
-19,5;-58;92
-19,5;-57,5;96
-19,5;-57;96
-19,5;-56,5;92
-19,5;-56;96
-19,5;-55,5;84
-19,5;-55;88
-19,5;-54,5;88
-19,5;-54;8
-19,5;-53,5;20
-19,5;-53;48
-19,5;-52,5;36
-19,5;-52;32
-19,5;-51,5;44
-19,5;-51;56
-19,5;-50,5;36
-19,5;-50;64
-19,5;-49,5;44
-19,5;-49;56
-19,5;-48,5;88
-19,5;-48;88
-19,5;-47,5;96
-19,5;-47;100
-19,5;-46,5;100
-19,5;-46;100
-19,5;-45,5;100
-19,5;-45;100
-19,5;-44,5;100
-19,5;-44;100
-19,5;-43,5;100
-19,5;-43;100
-19,5;-42,5;100
-19,5;-42;100
-19,5;-41,5;100
-19,5;-41;92
-19,5;-40,5;64
-19,5;-40;72
-19,5;-39,5;80
-19,5;-39;100
-19,5;-38,5;100
-19,5;-38;100
-19,5;-37,5;100
-19,5;-37;100
-19,5;-36,5;100
-19,5;-36;100
-19,5;-35,5;100
-19,5;-35;100
-19,5;-34,5;100
-19,5;-34;88
-19,5;-33,5;76
-19,5;-33;36
-19,5;-32,5;40
-19,5;-32;88
-19,5;-31,5;80
-19,5;-31;100
-19,5;-30,5;96
-19,5;-30;92
-19,5;-29,5;100
-19,5;-29;100
-19,5;-28,5;100
-19,5;-28;100
-19,5;-27,5;96
-19,5;-27;88
-19,5;-26,5;72
-19,5;-26;96
-19,5;-25,5;88
-19,5;-25;96
-19,5;-24,5;100
-19,5;-24;100
-19,5;-23,5;100
-19,5;-23;96
-19,5;-22,5;100
-19,5;-22;96
-19,5;-21,5;76
-19,5;-21;52
-19,5;-20,5;80
-19,5;-20;52
-19,5;-19,5;100
-19,5;-19;96
-19,5;-18,5;80
-19,5;-18;88
-19,5;-17,5;96
-19,5;-17;52
-19,5;-16,5;8
-19,5;-16;76
-19,5;-15,5;100
-19,5;-15;100
-19,5;-14,5;100
-19,5;-14;100
-19,5;-13,5;100
-19,5;-13;100
-19,5;-12,5;100
-19,5;-12;100
-19,5;-11,5;100
-19,5;-11;100
-19,5;-10,5;100
-19,5;-10;100
-19,5;-9,5;100
-19,5;-9;100
-19,5;-8,5;100
-19,5;-8;100
-19,5;-7,5;100
-19,5;-7;100
-19,5;-6,5;96
-19,5;-6;100
-19,5;-5,5;100
-19,5;-5;100
-19,5;-4,5;100
-19,5;-4;100
-19,5;-3,5;100
-19,5;-3;100
-19,5;-2,5;100
-19,5;-2;100
-19,5;-1,5;100
-19,5;-1;100
-19,5;-0,5;100
-19,5;0;100
-19,5;0,5;100
-19,5;1;100
-19,5;1,5;100
-19,5;2;100
-19,5;2,5;100
-19,5;3;96
-19,5;3,5;100
-19,5;4;100
-19,5;4,5;100
-19,5;5;100
-19,5;5,5;100
-19,5;6;96
-19,5;6,5;88
-19,5;7;88
-19,5;7,5;96
-19,5;8;96
-19,5;8,5;100
-19,5;9;100
-19,5;9,5;96
-19,5;10;68
-19,5;10,5;36
-19,5;11;96
-19,5;11,5;100
-19,5;12;100
-19,5;12,5;92
-19,5;13;44
-19;-67,5;16
-19;-67;92
-19;-66,5;100
-19;-66;100
-19;-65,5;100
-19;-65;100
-19;-64,5;100
-19;-64;84
-19;-63,5;96
-19;-63;100
-19;-62,5;96
-19;-62;100
-19;-61,5;100
-19;-61;92
-19;-60,5;96
-19;-60;100
-19;-59,5;96
-19;-59;100
-19;-58,5;96
-19;-58;100
-19;-57,5;100
-19;-57;100
-19;-56,5;96
-19;-56;100
-19;-55,5;96
-19;-55;56
-19;-54,5;60
-19;-54;92
-19;-53,5;96
-19;-53;100
-19;-52,5;72
-19;-52;100
-19;-51,5;92
-19;-51;88
-19;-50,5;80
-19;-50;80
-19;-49,5;60
-19;-49;92
-19;-48,5;88
-19;-48;88
-19;-47,5;100
-19;-47;100
-19;-46,5;100
-19;-46;100
-19;-45,5;100
-19;-45;100
-19;-44,5;100
-19;-44;100
-19;-43,5;100
-19;-43;100
-19;-42,5;100
-19;-42;100
-19;-41,5;100
-19;-41;84
-19;-40,5;100
-19;-40;84
-19;-39,5;68
-19;-39;84
-19;-38,5;100
-19;-38;96
-19;-37,5;100
-19;-37;100
-19;-36,5;100
-19;-36;100
-19;-35,5;100
-19;-35;100
-19;-34,5;100
-19;-34;84
-19;-33,5;88
-19;-33;48
-19;-32,5;24
-19;-32;44
-19;-31,5;84
-19;-31;96
-19;-30,5;100
-19;-30;100
-19;-29,5;100
-19;-29;100
-19;-28,5;100
-19;-28;92
-19;-27,5;88
-19;-27;100
-19;-26,5;68
-19;-26;80
-19;-25,5;88
-19;-25;100
-19;-24,5;100
-19;-24;100
-19;-23,5;100
-19;-23;100
-19;-22,5;100
-19;-22;96
-19;-21,5;72
-19;-21;100
-19;-20,5;100
-19;-20;100
-19;-19,5;100
-19;-19;88
-19;-18,5;92
-19;-18;100
-19;-17,5;96
-19;-17;76
-19;-16,5;92
-19;-16;100
-19;-15,5;100
-19;-15;100
-19;-14,5;100
-19;-14;100
-19;-13,5;100
-19;-13;100
-19;-12,5;100
-19;-12;100
-19;-11,5;100
-19;-11;100
-19;-10,5;100
-19;-10;100
-19;-9,5;100
-19;-9;100
-19;-8,5;100
-19;-8;84
-19;-7,5;96
-19;-7;100
-19;-6,5;80
-19;-6;96
-19;-5,5;100
-19;-5;100
-19;-4,5;100
-19;-4;100
-19;-3,5;100
-19;-3;100
-19;-2,5;100
-19;-2;100
-19;-1,5;96
-19;-1;100
-19;-0,5;100
-19;0;100
-19;0,5;100
-19;1;100
-19;1,5;100
-19;2;100
-19;2,5;100
-19;3;84
-19;3,5;92
-19;4;100
-19;4,5;100
-19;5;100
-19;5,5;100
-19;6;96
-19;6,5;88
-19;7;96
-19;7,5;96
-19;8;100
-19;8,5;100
-19;9;100
-19;9,5;100
-19;10;76
-19;10,5;100
-19;11;100
-19;11,5;100
-19;12;100
-19;12,5;100
-19;13;100
-19;13,5;60
-18,5;-68;44
-18,5;-67,5;100
-18,5;-67;100
-18,5;-66,5;96
-18,5;-66;100
-18,5;-65,5;100
-18,5;-65;100
-18,5;-64,5;96
-18,5;-64;84
-18,5;-63,5;68
-18,5;-63;92
-18,5;-62,5;84
-18,5;-62;84
-18,5;-61,5;96
-18,5;-61;96
-18,5;-60,5;100
-18,5;-60;100
-18,5;-59,5;100
-18,5;-59;100
-18,5;-58,5;100
-18,5;-58;100
-18,5;-57,5;100
-18,5;-57;100
-18,5;-56,5;100
-18,5;-56;100
-18,5;-55,5;100
-18,5;-55;92
-18,5;-54,5;100
-18,5;-54;100
-18,5;-53,5;100
-18,5;-53;100
-18,5;-52,5;100
-18,5;-52;100
-18,5;-51,5;100
-18,5;-51;100
-18,5;-50,5;100
-18,5;-50;100
-18,5;-49,5;100
-18,5;-49;100
-18,5;-48,5;100
-18,5;-48;76
-18,5;-47,5;84
-18,5;-47;96
-18,5;-46,5;92
-18,5;-46;96
-18,5;-45,5;100
-18,5;-45;100
-18,5;-44,5;100
-18,5;-44;100
-18,5;-43,5;100
-18,5;-43;100
-18,5;-42,5;100
-18,5;-42;100
-18,5;-41,5;100
-18,5;-41;100
-18,5;-40,5;100
-18,5;-40;84
-18,5;-39,5;20
-18,5;-39;64
-18,5;-38,5;92
-18,5;-38;88
-18,5;-37,5;88
-18,5;-37;100
-18,5;-36,5;100
-18,5;-36;100
-18,5;-35,5;100
-18,5;-35;100
-18,5;-34,5;92
-18,5;-34;72
-18,5;-33,5;92
-18,5;-33;8
-18,5;-32,5;60
-18,5;-32;88
-18,5;-31,5;92
-18,5;-31;80
-18,5;-30,5;100
-18,5;-30;100
-18,5;-29,5;100
-18,5;-29;100
-18,5;-28,5;100
-18,5;-28;100
-18,5;-27,5;96
-18,5;-27;100
-18,5;-26,5;100
-18,5;-26;96
-18,5;-25,5;96
-18,5;-25;40
-18,5;-24,5;80
-18,5;-24;92
-18,5;-23,5;96
-18,5;-23;72
-18,5;-22,5;100
-18,5;-22;100
-18,5;-21,5;100
-18,5;-21;100
-18,5;-20,5;100
-18,5;-20;100
-18,5;-19,5;100
-18,5;-19;100
-18,5;-18,5;100
-18,5;-18;100
-18,5;-17,5;100
-18,5;-17;100
-18,5;-16,5;100
-18,5;-16;100
-18,5;-15,5;100
-18,5;-15;100
-18,5;-14,5;100
-18,5;-14;100
-18,5;-13,5;100
-18,5;-13;100
-18,5;-12,5;100
-18,5;-12;100
-18,5;-11,5;100
-18,5;-11;100
-18,5;-10,5;100
-18,5;-10;100
-18,5;-9,5;100
-18,5;-9;100
-18,5;-8,5;100
-18,5;-8;100
-18,5;-7,5;100
-18,5;-7;100
-18,5;-6,5;96
-18,5;-6;100
-18,5;-5,5;100
-18,5;-5;100
-18,5;-4,5;100
-18,5;-4;100
-18,5;-3,5;100
-18,5;-3;92
-18,5;-2,5;100
-18,5;-2;100
-18,5;-1,5;100
-18,5;-1;96
-18,5;-0,5;100
-18,5;0;100
-18,5;0,5;100
-18,5;1;100
-18,5;1,5;100
-18,5;2;100
-18,5;2,5;100
-18,5;3;100
-18,5;3,5;100
-18,5;4;100
-18,5;4,5;88
-18,5;5;96
-18,5;5,5;80
-18,5;6;100
-18,5;6,5;60
-18,5;7;92
-18,5;7,5;84
-18,5;8;84
-18,5;8,5;100
-18,5;9;100
-18,5;9,5;100
-18,5;10;100
-18,5;10,5;100
-18,5;11;100
-18,5;11,5;100
-18,5;12;100
-18,5;12,5;100
-18,5;13;100
-18,5;13,5;100
-18,5;14;76
-18,5;14,5;4
-18;-68,5;48
-18;-68;92
-18;-67,5;100
-18;-67;100
-18;-66,5;96
-18;-66;100
-18;-65,5;96
-18;-65;100
-18;-64,5;96
-18;-64;88
-18;-63,5;84
-18;-63;72
-18;-62,5;88
-18;-62;80
-18;-61,5;64
-18;-61;96
-18;-60,5;88
-18;-60;100
-18;-59,5;100
-18;-59;100
-18;-58,5;100
-18;-58;100
-18;-57,5;100
-18;-57;100
-18;-56,5;100
-18;-56;100
-18;-55,5;100
-18;-55;100
-18;-54,5;100
-18;-54;100
-18;-53,5;100
-18;-53;100
-18;-52,5;100
-18;-52;100
-18;-51,5;100
-18;-51;100
-18;-50,5;100
-18;-50;100
-18;-49,5;100
-18;-49;100
-18;-48,5;100
-18;-48;96
-18;-47,5;84
-18;-47;92
-18;-46,5;68
-18;-46;96
-18;-45,5;100
-18;-45;100
-18;-44,5;100
-18;-44;100
-18;-43,5;100
-18;-43;100
-18;-42,5;100
-18;-42;100
-18;-41,5;100
-18;-41;100
-18;-40,5;100
-18;-40;100
-18;-39,5;56
-18;-39;68
-18;-38,5;44
-18;-38;40
-18;-37,5;20
-18;-37;64
-18;-36,5;100
-18;-36;100
-18;-35,5;100
-18;-35;96
-18;-34,5;80
-18;-34;76
-18;-33,5;88
-18;-33;68
-18;-32,5;100
-18;-32;100
-18;-31,5;100
-18;-31;100
-18;-30,5;96
-18;-30;100
-18;-29,5;100
-18;-29;100
-18;-28,5;100
-18;-28;100
-18;-27,5;100
-18;-27;100
-18;-26,5;100
-18;-26;100
-18;-25,5;100
-18;-25;92
-18;-24,5;92
-18;-24;100
-18;-23,5;80
-18;-23;100
-18;-22,5;100
-18;-22;100
-18;-21,5;100
-18;-21;100
-18;-20,5;100
-18;-20;100
-18;-19,5;100
-18;-19;100
-18;-18,5;100
-18;-18;100
-18;-17,5;100
-18;-17;100
-18;-16,5;100
-18;-16;100
-18;-15,5;100
-18;-15;100
-18;-14,5;100
-18;-14;100
-18;-13,5;100
-18;-13;100
-18;-12,5;100
-18;-12;100
-18;-11,5;100
-18;-11;100
-18;-10,5;100
-18;-10;100
-18;-9,5;100
-18;-9;100
-18;-8,5;100
-18;-8;100
-18;-7,5;100
-18;-7;100
-18;-6,5;100
-18;-6;100
-18;-5,5;100
-18;-5;100
-18;-4,5;100
-18;-4;100
-18;-3,5;100
-18;-3;88
-18;-2,5;96
-18;-2;100
-18;-1,5;100
-18;-1;100
-18;-0,5;100
-18;0;100
-18;0,5;100
-18;1;100
-18;1,5;100
-18;2;100
-18;2,5;100
-18;3;100
-18;3,5;100
-18;4;80
-18;4,5;64
-18;5;16
-18;5,5;32
-18;6;100
-18;6,5;92
-18;7;92
-18;7,5;100
-18;8;100
-18;8,5;100
-18;9;100
-18;9,5;100
-18;10;100
-18;10,5;100
-18;11;100
-18;11,5;100
-18;12;100
-18;12,5;100
-18;13;100
-18;13,5;100
-18;14;100
-18;14,5;84
-18;15;12
-17,5;-69,5;8
-17,5;-69;36
-17,5;-68,5;40
-17,5;-68;64
-17,5;-67,5;96
-17,5;-67;92
-17,5;-66,5;100
-17,5;-66;96
-17,5;-65,5;76
-17,5;-65;88
-17,5;-64,5;100
-17,5;-64;88
-17,5;-63,5;60
-17,5;-63;64
-17,5;-62,5;96
-17,5;-62;72
-17,5;-61,5;72
-17,5;-61;92
-17,5;-60,5;56
-17,5;-60;80
-17,5;-59,5;96
-17,5;-59;100
-17,5;-58,5;100
-17,5;-58;100
-17,5;-57,5;100
-17,5;-57;100
-17,5;-56,5;100
-17,5;-56;100
-17,5;-55,5;100
-17,5;-55;100
-17,5;-54,5;100
-17,5;-54;100
-17,5;-53,5;100
-17,5;-53;100
-17,5;-52,5;100
-17,5;-52;100
-17,5;-51,5;100
-17,5;-51;100
-17,5;-50,5;100
-17,5;-50;100
-17,5;-49,5;100
-17,5;-49;100
-17,5;-48,5;100
-17,5;-48;100
-17,5;-47,5;100
-17,5;-47;100
-17,5;-46,5;100
-17,5;-46;80
-17,5;-45,5;80
-17,5;-45;92
-17,5;-44,5;100
-17,5;-44;100
-17,5;-43,5;100
-17,5;-43;100
-17,5;-42,5;100
-17,5;-42;100
-17,5;-41,5;100
-17,5;-41;96
-17,5;-40,5;100
-17,5;-40;100
-17,5;-39,5;96
-17,5;-39;44
-17,5;-38,5;48
-17,5;-38;28
-17,5;-37,5;12
-17,5;-37;68
-17,5;-36,5;96
-17,5;-36;96
-17,5;-35,5;80
-17,5;-35;72
-17,5;-34,5;8
-17,5;-34;96
-17,5;-33,5;88
-17,5;-33;88
-17,5;-32,5;100
-17,5;-32;100
-17,5;-31,5;96
-17,5;-31;88
-17,5;-30,5;68
-17,5;-30;96
-17,5;-29,5;96
-17,5;-29;100
-17,5;-28,5;96
-17,5;-28;100
-17,5;-27,5;100
-17,5;-27;100
-17,5;-26,5;100
-17,5;-26;100
-17,5;-25,5;100
-17,5;-25;100
-17,5;-24,5;100
-17,5;-24;100
-17,5;-23,5;96
-17,5;-23;100
-17,5;-22,5;96
-17,5;-22;100
-17,5;-21,5;100
-17,5;-21;100
-17,5;-20,5;100
-17,5;-20;100
-17,5;-19,5;100
-17,5;-19;100
-17,5;-18,5;100
-17,5;-18;100
-17,5;-17,5;100
-17,5;-17;100
-17,5;-16,5;100
-17,5;-16;100
-17,5;-15,5;100
-17,5;-15;100
-17,5;-14,5;100
-17,5;-14;100
-17,5;-13,5;100
-17,5;-13;100
-17,5;-12,5;100
-17,5;-12;100
-17,5;-11,5;100
-17,5;-11;100
-17,5;-10,5;100
-17,5;-10;100
-17,5;-9,5;100
-17,5;-9;100
-17,5;-8,5;100
-17,5;-8;100
-17,5;-7,5;100
-17,5;-7;100
-17,5;-6,5;100
-17,5;-6;88
-17,5;-5,5;100
-17,5;-5;100
-17,5;-4,5;100
-17,5;-4;100
-17,5;-3,5;96
-17,5;-3;100
-17,5;-2,5;100
-17,5;-2;100
-17,5;-1,5;100
-17,5;-1;100
-17,5;-0,5;100
-17,5;0;100
-17,5;0,5;100
-17,5;1;100
-17,5;1,5;100
-17,5;2;100
-17,5;2,5;88
-17,5;3;100
-17,5;3,5;88
-17,5;4;36
-17,5;4,5;8
-17,5;5;0
-17,5;5,5;4
-17,5;6;88
-17,5;6,5;92
-17,5;7;92
-17,5;7,5;100
-17,5;8;100
-17,5;8,5;100
-17,5;9;100
-17,5;9,5;100
-17,5;10;100
-17,5;10,5;100
-17,5;11;100
-17,5;11,5;100
-17,5;12;100
-17,5;12,5;100
-17,5;13;100
-17,5;13,5;100
-17,5;14;100
-17,5;14,5;92
-17,5;15;88
-17,5;15,5;8
-17;-70;4
-17;-69,5;48
-17;-69;64
-17;-68,5;40
-17;-68;64
-17;-67,5;80
-17;-67;96
-17;-66,5;92
-17;-66;88
-17;-65,5;88
-17;-65;80
-17;-64,5;92
-17;-64;92
-17;-63,5;72
-17;-63;76
-17;-62,5;76
-17;-62;60
-17;-61,5;56
-17;-61;64
-17;-60,5;20
-17;-60;44
-17;-59,5;92
-17;-59;100
-17;-58,5;100
-17;-58;100
-17;-57,5;100
-17;-57;100
-17;-56,5;100
-17;-56;100
-17;-55,5;100
-17;-55;100
-17;-54,5;100
-17;-54;100
-17;-53,5;100
-17;-53;100
-17;-52,5;100
-17;-52;100
-17;-51,5;100
-17;-51;100
-17;-50,5;100
-17;-50;100
-17;-49,5;100
-17;-49;100
-17;-48,5;100
-17;-48;100
-17;-47,5;100
-17;-47;100
-17;-46,5;100
-17;-46;100
-17;-45,5;100
-17;-45;96
-17;-44,5;100
-17;-44;100
-17;-43,5;100
-17;-43;100
-17;-42,5;100
-17;-42;100
-17;-41,5;100
-17;-41;100
-17;-40,5;100
-17;-40;100
-17;-39,5;96
-17;-39;76
-17;-38,5;76
-17;-38;56
-17;-37,5;28
-17;-37;88
-17;-36,5;92
-17;-36;92
-17;-35,5;56
-17;-35;84
-17;-34,5;84
-17;-34;100
-17;-33,5;96
-17;-33;100
-17;-32,5;88
-17;-32;88
-17;-31,5;88
-17;-31;56
-17;-30,5;0
-17;-30;56
-17;-29,5;100
-17;-29;100
-17;-28,5;100
-17;-28;100
-17;-27,5;100
-17;-27;100
-17;-26,5;100
-17;-26;100
-17;-25,5;100
-17;-25;100
-17;-24,5;100
-17;-24;100
-17;-23,5;100
-17;-23;100
-17;-22,5;100
-17;-22;100
-17;-21,5;100
-17;-21;100
-17;-20,5;100
-17;-20;100
-17;-19,5;100
-17;-19;100
-17;-18,5;100
-17;-18;100
-17;-17,5;100
-17;-17;100
-17;-16,5;100
-17;-16;100
-17;-15,5;100
-17;-15;100
-17;-14,5;100
-17;-14;100
-17;-13,5;100
-17;-13;100
-17;-12,5;100
-17;-12;96
-17;-11,5;92
-17;-11;100
-17;-10,5;96
-17;-10;100
-17;-9,5;100
-17;-9;100
-17;-8,5;100
-17;-8;100
-17;-7,5;100
-17;-7;100
-17;-6,5;100
-17;-6;100
-17;-5,5;100
-17;-5;100
-17;-4,5;100
-17;-4;100
-17;-3,5;100
-17;-3;100
-17;-2,5;100
-17;-2;100
-17;-1,5;100
-17;-1;100
-17;-0,5;100
-17;0;100
-17;0,5;100
-17;1;100
-17;1,5;88
-17;2;100
-17;2,5;96
-17;3;100
-17;3,5;92
-17;4;88
-17;4,5;24
-17;5;0
-17;5,5;0
-17;6;68
-17;6,5;100
-17;7;100
-17;7,5;100
-17;8;100
-17;8,5;100
-17;9;96
-17;9,5;100
-17;10;100
-17;10,5;100
-17;11;100
-17;11,5;100
-17;12;100
-17;12,5;100
-17;13;100
-17;13,5;100
-17;14;100
-17;14,5;100
-17;15;100
-17;15,5;88
-17;16;8
-16,5;-70,5;0
-16,5;-70;16
-16,5;-69,5;32
-16,5;-69;32
-16,5;-68,5;48
-16,5;-68;64
-16,5;-67,5;36
-16,5;-67;72
-16,5;-66,5;96
-16,5;-66;88
-16,5;-65,5;68
-16,5;-65;84
-16,5;-64,5;76
-16,5;-64;96
-16,5;-63,5;84
-16,5;-63;92
-16,5;-62,5;76
-16,5;-62;24
-16,5;-61,5;8
-16,5;-61;20
-16,5;-60,5;20
-16,5;-60;24
-16,5;-59,5;88
-16,5;-59;100
-16,5;-58,5;100
-16,5;-58;100
-16,5;-57,5;100
-16,5;-57;100
-16,5;-56,5;100
-16,5;-56;100
-16,5;-55,5;100
-16,5;-55;100
-16,5;-54,5;100
-16,5;-54;100
-16,5;-53,5;100
-16,5;-53;100
-16,5;-52,5;100
-16,5;-52;100
-16,5;-51,5;100
-16,5;-51;100
-16,5;-50,5;100
-16,5;-50;100
-16,5;-49,5;100
-16,5;-49;100
-16,5;-48,5;100
-16,5;-48;100
-16,5;-47,5;100
-16,5;-47;100
-16,5;-46,5;100
-16,5;-46;100
-16,5;-45,5;100
-16,5;-45;100
-16,5;-44,5;100
-16,5;-44;100
-16,5;-43,5;96
-16,5;-43;100
-16,5;-42,5;100
-16,5;-42;100
-16,5;-41,5;100
-16,5;-41;100
-16,5;-40,5;100
-16,5;-40;100
-16,5;-39,5;88
-16,5;-39;100
-16,5;-38,5;100
-16,5;-38;92
-16,5;-37,5;100
-16,5;-37;92
-16,5;-36,5;100
-16,5;-36;100
-16,5;-35,5;76
-16,5;-35;76
-16,5;-34,5;96
-16,5;-34;100
-16,5;-33,5;100
-16,5;-33;100
-16,5;-32,5;96
-16,5;-32;72
-16,5;-31,5;84
-16,5;-31;88
-16,5;-30,5;8
-16,5;-30;40
-16,5;-29,5;88
-16,5;-29;100
-16,5;-28,5;100
-16,5;-28;100
-16,5;-27,5;100
-16,5;-27;100
-16,5;-26,5;100
-16,5;-26;100
-16,5;-25,5;100
-16,5;-25;100
-16,5;-24,5;100
-16,5;-24;100
-16,5;-23,5;100
-16,5;-23;96
-16,5;-22,5;100
-16,5;-22;100
-16,5;-21,5;100
-16,5;-21;100
-16,5;-20,5;100
-16,5;-20;100
-16,5;-19,5;100
-16,5;-19;100
-16,5;-18,5;100
-16,5;-18;100
-16,5;-17,5;100
-16,5;-17;100
-16,5;-16,5;100
-16,5;-16;100
-16,5;-15,5;100
-16,5;-15;100
-16,5;-14,5;100
-16,5;-14;100
-16,5;-13,5;100
-16,5;-13;100
-16,5;-12,5;100
-16,5;-12;100
-16,5;-11,5;100
-16,5;-11;100
-16,5;-10,5;100
-16,5;-10;100
-16,5;-9,5;100
-16,5;-9;100
-16,5;-8,5;100
-16,5;-8;100
-16,5;-7,5;100
-16,5;-7;100
-16,5;-6,5;100
-16,5;-6;100
-16,5;-5,5;100
-16,5;-5;100
-16,5;-4,5;100
-16,5;-4;100
-16,5;-3,5;100
-16,5;-3;100
-16,5;-2,5;100
-16,5;-2;100
-16,5;-1,5;100
-16,5;-1;100
-16,5;-0,5;100
-16,5;0;96
-16,5;0,5;100
-16,5;1;92
-16,5;1,5;88
-16,5;2;96
-16,5;2,5;92
-16,5;3;80
-16,5;3,5;96
-16,5;4;96
-16,5;4,5;52
-16,5;5;16
-16,5;5,5;0
-16,5;6;4
-16,5;6,5;0
-16,5;7;72
-16,5;7,5;100
-16,5;8;96
-16,5;8,5;80
-16,5;9;80
-16,5;9,5;100
-16,5;10;100
-16,5;10,5;100
-16,5;11;100
-16,5;11,5;100
-16,5;12;100
-16,5;12,5;100
-16,5;13;100
-16,5;13,5;100
-16,5;14;100
-16,5;14,5;100
-16,5;15;100
-16,5;15,5;100
-16,5;16;76
-16,5;16,5;4
-16;-70,5;0
-16;-70;4
-16;-69,5;72
-16;-69;68
-16;-68,5;72
-16;-68;48
-16;-67,5;60
-16;-67;80
-16;-66,5;68
-16;-66;76
-16;-65,5;84
-16;-65;76
-16;-64,5;72
-16;-64;92
-16;-63,5;96
-16;-63;64
-16;-62,5;64
-16;-62;52
-16;-61,5;12
-16;-61;0
-16;-60,5;4
-16;-60;8
-16;-59,5;76
-16;-59;96
-16;-58,5;96
-16;-58;100
-16;-57,5;100
-16;-57;100
-16;-56,5;100
-16;-56;100
-16;-55,5;100
-16;-55;100
-16;-54,5;100
-16;-54;100
-16;-53,5;100
-16;-53;100
-16;-52,5;100
-16;-52;100
-16;-51,5;100
-16;-51;100
-16;-50,5;100
-16;-50;100
-16;-49,5;100
-16;-49;100
-16;-48,5;100
-16;-48;100
-16;-47,5;100
-16;-47;100
-16;-46,5;100
-16;-46;100
-16;-45,5;100
-16;-45;100
-16;-44,5;100
-16;-44;100
-16;-43,5;88
-16;-43;96
-16;-42,5;100
-16;-42;100
-16;-41,5;100
-16;-41;100
-16;-40,5;100
-16;-40;100
-16;-39,5;100
-16;-39;100
-16;-38,5;72
-16;-38;44
-16;-37,5;96
-16;-37;100
-16;-36,5;100
-16;-36;100
-16;-35,5;100
-16;-35;100
-16;-34,5;100
-16;-34;100
-16;-33,5;100
-16;-33;100
-16;-32,5;100
-16;-32;100
-16;-31,5;84
-16;-31;52
-16;-30,5;0
-16;-30;64
-16;-29,5;92
-16;-29;100
-16;-28,5;100
-16;-28;100
-16;-27,5;100
-16;-27;100
-16;-26,5;100
-16;-26;100
-16;-25,5;100
-16;-25;100
-16;-24,5;100
-16;-24;100
-16;-23,5;100
-16;-23;100
-16;-22,5;100
-16;-22;100
-16;-21,5;100
-16;-21;100
-16;-20,5;96
-16;-20;92
-16;-19,5;100
-16;-19;92
-16;-18,5;100
-16;-18;100
-16;-17,5;100
-16;-17;92
-16;-16,5;68
-16;-16;96
-16;-15,5;100
-16;-15;100
-16;-14,5;100
-16;-14;100
-16;-13,5;100
-16;-13;100
-16;-12,5;100
-16;-12;100
-16;-11,5;100
-16;-11;100
-16;-10,5;100
-16;-10;100
-16;-9,5;100
-16;-9;100
-16;-8,5;100
-16;-8;100
-16;-7,5;100
-16;-7;100
-16;-6,5;100
-16;-6;100
-16;-5,5;100
-16;-5;100
-16;-4,5;100
-16;-4;100
-16;-3,5;100
-16;-3;100
-16;-2,5;100
-16;-2;100
-16;-1,5;100
-16;-1;100
-16;-0,5;100
-16;0;96
-16;0,5;100
-16;1;100
-16;1,5;88
-16;2;100
-16;2,5;88
-16;3;76
-16;3,5;100
-16;4;100
-16;4,5;96
-16;5;92
-16;5,5;72
-16;6;4
-16;6,5;0
-16;7;8
-16;7,5;12
-16;8;32
-16;8,5;64
-16;9;76
-16;9,5;88
-16;10;100
-16;10,5;100
-16;11;100
-16;11,5;100
-16;12;100
-16;12,5;100
-16;13;100
-16;13,5;100
-16;14;100
-16;14,5;100
-16;15;100
-16;15,5;100
-16;16;96
-16;16,5;52
-15,5;-70,5;0
-15,5;-70;8
-15,5;-69,5;36
-15,5;-69;28
-15,5;-68,5;60
-15,5;-68;56
-15,5;-67,5;96
-15,5;-67;60
-15,5;-66,5;52
-15,5;-66;52
-15,5;-65,5;88
-15,5;-65;76
-15,5;-64,5;64
-15,5;-64;88
-15,5;-63,5;76
-15,5;-63;12
-15,5;-62,5;56
-15,5;-62;56
-15,5;-61,5;0
-15,5;-61;0
-15,5;-60,5;0
-15,5;-60;0
-15,5;-59,5;48
-15,5;-59;72
-15,5;-58,5;92
-15,5;-58;96
-15,5;-57,5;100
-15,5;-57;100
-15,5;-56,5;100
-15,5;-56;100
-15,5;-55,5;100
-15,5;-55;80
-15,5;-54,5;88
-15,5;-54;100
-15,5;-53,5;100
-15,5;-53;96
-15,5;-52,5;100
-15,5;-52;100
-15,5;-51,5;100
-15,5;-51;100
-15,5;-50,5;100
-15,5;-50;100
-15,5;-49,5;100
-15,5;-49;100
-15,5;-48,5;100
-15,5;-48;100
-15,5;-47,5;100
-15,5;-47;100
-15,5;-46,5;100
-15,5;-46;100
-15,5;-45,5;100
-15,5;-45;100
-15,5;-44,5;92
-15,5;-44;100
-15,5;-43,5;100
-15,5;-43;100
-15,5;-42,5;100
-15,5;-42;100
-15,5;-41,5;100
-15,5;-41;100
-15,5;-40,5;100
-15,5;-40;100
-15,5;-39,5;96
-15,5;-39;96
-15,5;-38,5;64
-15,5;-38;96
-15,5;-37,5;100
-15,5;-37;100
-15,5;-36,5;100
-15,5;-36;100
-15,5;-35,5;100
-15,5;-35;100
-15,5;-34,5;100
-15,5;-34;100
-15,5;-33,5;100
-15,5;-33;100
-15,5;-32,5;100
-15,5;-32;100
-15,5;-31,5;100
-15,5;-31;20
-15,5;-30,5;0
-15,5;-30;0
-15,5;-29,5;72
-15,5;-29;100
-15,5;-28,5;100
-15,5;-28;100
-15,5;-27,5;100
-15,5;-27;100
-15,5;-26,5;100
-15,5;-26;100
-15,5;-25,5;100
-15,5;-25;100
-15,5;-24,5;100
-15,5;-24;100
-15,5;-23,5;100
-15,5;-23;100
-15,5;-22,5;100
-15,5;-22;100
-15,5;-21,5;100
-15,5;-21;100
-15,5;-20,5;100
-15,5;-20;100
-15,5;-19,5;100
-15,5;-19;92
-15,5;-18,5;100
-15,5;-18;92
-15,5;-17,5;88
-15,5;-17;68
-15,5;-16,5;68
-15,5;-16;92
-15,5;-15,5;100
-15,5;-15;100
-15,5;-14,5;100
-15,5;-14;100
-15,5;-13,5;100
-15,5;-13;100
-15,5;-12,5;100
-15,5;-12;100
-15,5;-11,5;100
-15,5;-11;100
-15,5;-10,5;100
-15,5;-10;92
-15,5;-9,5;100
-15,5;-9;100
-15,5;-8,5;100
-15,5;-8;100
-15,5;-7,5;100
-15,5;-7;100
-15,5;-6,5;100
-15,5;-6;100
-15,5;-5,5;100
-15,5;-5;100
-15,5;-4,5;100
-15,5;-4;100
-15,5;-3,5;100
-15,5;-3;100
-15,5;-2,5;100
-15,5;-2;100
-15,5;-1,5;100
-15,5;-1;100
-15,5;-0,5;96
-15,5;0;100
-15,5;0,5;100
-15,5;1;100
-15,5;1,5;100
-15,5;2;96
-15,5;2,5;84
-15,5;3;84
-15,5;3,5;96
-15,5;4;100
-15,5;4,5;100
-15,5;5;100
-15,5;5,5;100
-15,5;6;28
-15,5;6,5;0
-15,5;7;0
-15,5;8;0
-15,5;8,5;16
-15,5;9;16
-15,5;9,5;48
-15,5;10;68
-15,5;10,5;80
-15,5;11;40
-15,5;11,5;76
-15,5;12;100
-15,5;12,5;100
-15,5;13;100
-15,5;13,5;100
-15,5;14;100
-15,5;14,5;100
-15,5;15;100
-15,5;15,5;100
-15,5;16;96
-15,5;16,5;84
-15,5;17;44
-15;-71,5;0
-15;-71;0
-15;-70,5;8
-15;-70;40
-15;-69,5;32
-15;-69;36
-15;-68,5;56
-15;-68;56
-15;-67,5;76
-15;-67;44
-15;-66,5;56
-15;-66;76
-15;-65,5;68
-15;-65;32
-15;-64,5;44
-15;-64;52
-15;-63,5;32
-15;-63;20
-15;-62,5;48
-15;-62;20
-15;-61,5;0
-15;-61;0
-15;-60,5;0
-15;-60;0
-15;-59,5;16
-15;-59;60
-15;-58,5;84
-15;-58;80
-15;-57,5;100
-15;-57;100
-15;-56,5;100
-15;-56;100
-15;-55,5;100
-15;-55;100
-15;-54,5;100
-15;-54;84
-15;-53,5;96
-15;-53;96
-15;-52,5;100
-15;-52;100
-15;-51,5;100
-15;-51;100
-15;-50,5;100
-15;-50;100
-15;-49,5;100
-15;-49;100
-15;-48,5;100
-15;-48;100
-15;-47,5;100
-15;-47;100
-15;-46,5;100
-15;-46;100
-15;-45,5;92
-15;-45;72
-15;-44,5;84
-15;-44;100
-15;-43,5;96
-15;-43;100
-15;-42,5;100
-15;-42;96
-15;-41,5;100
-15;-41;100
-15;-40,5;100
-15;-40;100
-15;-39,5;80
-15;-39;92
-15;-38,5;96
-15;-38;96
-15;-37,5;100
-15;-37;100
-15;-36,5;100
-15;-36;100
-15;-35,5;100
-15;-35;100
-15;-34,5;100
-15;-34;100
-15;-33,5;100
-15;-33;100
-15;-32,5;100
-15;-32;100
-15;-31,5;100
-15;-31;60
-15;-30,5;0
-15;-30;0
-15;-29,5;28
-15;-29;100
-15;-28,5;100
-15;-28;100
-15;-27,5;100
-15;-27;100
-15;-26,5;100
-15;-26;100
-15;-25,5;100
-15;-25;100
-15;-24,5;100
-15;-24;100
-15;-23,5;100
-15;-23;100
-15;-22,5;100
-15;-22;100
-15;-21,5;100
-15;-21;100
-15;-20,5;100
-15;-20;100
-15;-19,5;100
-15;-19;96
-15;-18,5;100
-15;-18;100
-15;-17,5;100
-15;-17;100
-15;-16,5;100
-15;-16;100
-15;-15,5;100
-15;-15;100
-15;-14,5;100
-15;-14;100
-15;-13,5;100
-15;-13;56
-15;-12,5;100
-15;-12;100
-15;-11,5;100
-15;-11;100
-15;-10,5;100
-15;-10;100
-15;-9,5;100
-15;-9;100
-15;-8,5;100
-15;-8;100
-15;-7,5;100
-15;-7;100
-15;-6,5;100
-15;-6;100
-15;-5,5;100
-15;-5;100
-15;-4,5;100
-15;-4;100
-15;-3,5;100
-15;-3;100
-15;-2,5;100
-15;-2;100
-15;-1,5;100
-15;-1;100
-15;-0,5;100
-15;0;100
-15;0,5;96
-15;1;100
-15;1,5;100
-15;2;100
-15;2,5;88
-15;3;96
-15;3,5;100
-15;4;96
-15;4,5;100
-15;5;100
-15;5,5;100
-15;6;92
-15;6,5;12
-15;7;8
-15;7,5;0
-15;9;0
-15;9,5;0
-15;10;0
-15;10,5;0
-15;11;0
-15;11,5;36
-15;12;96
-15;12,5;100
-15;13;100
-15;13,5;100
-15;14;100
-15;14,5;100
-15;15;100
-15;15,5;100
-15;16;84
-15;16,5;96
-15;17;92
-15;17,5;36
-14,5;-72;0
-14,5;-71,5;0
-14,5;-71;12
-14,5;-70,5;28
-14,5;-70;36
-14,5;-69,5;8
-14,5;-69;20
-14,5;-68,5;32
-14,5;-68;56
-14,5;-67,5;88
-14,5;-67;36
-14,5;-66,5;48
-14,5;-66;32
-14,5;-65,5;16
-14,5;-65;4
-14,5;-64,5;0
-14,5;-63,5;0
-14,5;-63;48
-14,5;-62,5;52
-14,5;-62;24
-14,5;-61,5;0
-14,5;-61;0
-14,5;-60,5;0
-14,5;-60;20
-14,5;-59,5;100
-14,5;-59;92
-14,5;-58,5;100
-14,5;-58;100
-14,5;-57,5;100
-14,5;-57;100
-14,5;-56,5;100
-14,5;-56;100
-14,5;-55,5;100
-14,5;-55;96
-14,5;-54,5;92
-14,5;-54;76
-14,5;-53,5;96
-14,5;-53;36
-14,5;-52,5;84
-14,5;-52;100
-14,5;-51,5;100
-14,5;-51;100
-14,5;-50,5;92
-14,5;-50;96
-14,5;-49,5;100
-14,5;-49;100
-14,5;-48,5;100
-14,5;-48;100
-14,5;-47,5;96
-14,5;-47;100
-14,5;-46,5;100
-14,5;-46;100
-14,5;-45,5;100
-14,5;-45;96
-14,5;-44,5;92
-14,5;-44;84
-14,5;-43,5;92
-14,5;-43;100
-14,5;-42,5;100
-14,5;-42;100
-14,5;-41,5;92
-14,5;-41;100
-14,5;-40,5;100
-14,5;-40;96
-14,5;-39,5;96
-14,5;-39;88
-14,5;-38,5;80
-14,5;-38;84
-14,5;-37,5;100
-14,5;-37;100
-14,5;-36,5;100
-14,5;-36;100
-14,5;-35,5;100
-14,5;-35;100
-14,5;-34,5;100
-14,5;-34;100
-14,5;-33,5;100
-14,5;-33;100
-14,5;-32,5;100
-14,5;-32;100
-14,5;-31,5;100
-14,5;-31;92
-14,5;-30,5;28
-14,5;-30;0
-14,5;-29,5;68
-14,5;-29;100
-14,5;-28,5;100
-14,5;-28;100
-14,5;-27,5;100
-14,5;-27;100
-14,5;-26,5;100
-14,5;-26;100
-14,5;-25,5;100
-14,5;-25;100
-14,5;-24,5;100
-14,5;-24;100
-14,5;-23,5;100
-14,5;-23;100
-14,5;-22,5;100
-14,5;-22;100
-14,5;-21,5;100
-14,5;-21;100
-14,5;-20,5;100
-14,5;-20;100
-14,5;-19,5;100
-14,5;-19;100
-14,5;-18,5;92
-14,5;-18;92
-14,5;-17,5;100
-14,5;-17;100
-14,5;-16,5;100
-14,5;-16;100
-14,5;-15,5;100
-14,5;-15;100
-14,5;-14,5;100
-14,5;-14;100
-14,5;-13,5;76
-14,5;-13;60
-14,5;-12,5;96
-14,5;-12;100
-14,5;-11,5;100
-14,5;-11;100
-14,5;-10,5;96
-14,5;-10;92
-14,5;-9,5;96
-14,5;-9;100
-14,5;-8,5;100
-14,5;-8;100
-14,5;-7,5;100
-14,5;-7;100
-14,5;-6,5;100
-14,5;-6;100
-14,5;-5,5;100
-14,5;-5;100
-14,5;-4,5;100
-14,5;-4;100
-14,5;-3,5;100
-14,5;-3;100
-14,5;-2,5;100
-14,5;-2;100
-14,5;-1,5;100
-14,5;-1;100
-14,5;-0,5;100
-14,5;0;100
-14,5;0,5;100
-14,5;1;100
-14,5;1,5;96
-14,5;2;92
-14,5;2,5;72
-14,5;3;92
-14,5;3,5;100
-14,5;4;100
-14,5;4,5;100
-14,5;5;100
-14,5;5,5;100
-14,5;6;100
-14,5;6,5;96
-14,5;7;80
-14,5;7,5;20
-14,5;9;0
-14,5;9,5;0
-14,5;10;0
-14,5;10,5;0
-14,5;11;0
-14,5;11,5;0
-14,5;12;68
-14,5;12,5;100
-14,5;13;100
-14,5;13,5;100
-14,5;14;68
-14,5;14,5;72
-14,5;15;100
-14,5;15,5;100
-14,5;16;100
-14,5;16,5;100
-14,5;17;100
-14,5;17,5;96
-14,5;18;12
-14;-72,5;16
-14;-72;20
-14;-71,5;44
-14;-71;68
-14;-70,5;36
-14;-70;36
-14;-69,5;0
-14;-69;0
-14;-68,5;8
-14;-68;16
-14;-67,5;36
-14;-67;28
-14;-66,5;60
-14;-66;84
-14;-65,5;32
-14;-65;4
-14;-64,5;0
-14;-64;0
-14;-63,5;4
-14;-63;28
-14;-62,5;20
-14;-62;36
-14;-61,5;8
-14;-61;24
-14;-60,5;48
-14;-60;76
-14;-59,5;100
-14;-59;100
-14;-58,5;96
-14;-58;100
-14;-57,5;100
-14;-57;100
-14;-56,5;100
-14;-56;100
-14;-55,5;100
-14;-55;96
-14;-54,5;76
-14;-54;56
-14;-53,5;28
-14;-53;0
-14;-52,5;16
-14;-52;68
-14;-51,5;84
-14;-51;80
-14;-50,5;84
-14;-50;76
-14;-49,5;100
-14;-49;96
-14;-48,5;100
-14;-48;100
-14;-47,5;96
-14;-47;96
-14;-46,5;96
-14;-46;100
-14;-45,5;100
-14;-45;100
-14;-44,5;92
-14;-44;88
-14;-43,5;100
-14;-43;100
-14;-42,5;96
-14;-42;96
-14;-41,5;92
-14;-41;92
-14;-40,5;68
-14;-40;92
-14;-39,5;100
-14;-39;100
-14;-38,5;88
-14;-38;100
-14;-37,5;100
-14;-37;100
-14;-36,5;100
-14;-36;100
-14;-35,5;100
-14;-35;100
-14;-34,5;100
-14;-34;100
-14;-33,5;100
-14;-33;100
-14;-32,5;100
-14;-32;100
-14;-31,5;100
-14;-31;100
-14;-30,5;16
-14;-30;0
-14;-29,5;20
-14;-29;100
-14;-28,5;100
-14;-28;100
-14;-27,5;100
-14;-27;100
-14;-26,5;100
-14;-26;100
-14;-25,5;100
-14;-25;100
-14;-24,5;100
-14;-24;100
-14;-23,5;100
-14;-23;100
-14;-22,5;100
-14;-22;100
-14;-21,5;100
-14;-21;100
-14;-20,5;100
-14;-20;100
-14;-19,5;100
-14;-19;100
-14;-18,5;100
-14;-18;100
-14;-17,5;100
-14;-17;100
-14;-16,5;100
-14;-16;100
-14;-15,5;100
-14;-15;100
-14;-14,5;100
-14;-14;100
-14;-13,5;100
-14;-13;100
-14;-12,5;100
-14;-12;100
-14;-11,5;100
-14;-11;100
-14;-10,5;100
-14;-10;100
-14;-9,5;100
-14;-9;100
-14;-8,5;100
-14;-8;100
-14;-7,5;100
-14;-7;100
-14;-6,5;100
-14;-6;100
-14;-5,5;100
-14;-5;100
-14;-4,5;100
-14;-4;100
-14;-3,5;100
-14;-3;100
-14;-2,5;100
-14;-2;100
-14;-1,5;100
-14;-1;100
-14;-0,5;100
-14;0;100
-14;0,5;100
-14;1;100
-14;1,5;100
-14;2;92
-14;2,5;96
-14;3;100
-14;3,5;88
-14;4;100
-14;4,5;100
-14;5;100
-14;5,5;100
-14;6;100
-14;6,5;100
-14;7;100
-14;7,5;72
-14;8;8
-14;8,5;0
-14;9;12
-14;9,5;36
-14;10;20
-14;10,5;36
-14;11;0
-14;11,5;0
-14;12;24
-14;12,5;28
-14;13;80
-14;13,5;40
-14;14;72
-14;14,5;88
-14;15;100
-14;15,5;100
-14;16;100
-14;16,5;96
-14;17;96
-14;17,5;100
-14;18;68
-13,5;-73;24
-13,5;-72,5;64
-13,5;-72;52
-13,5;-71,5;84
-13,5;-71;60
-13,5;-70,5;32
-13,5;-70;20
-13,5;-69,5;20
-13,5;-69;24
-13,5;-68,5;0
-13,5;-68;20
-13,5;-67,5;24
-13,5;-67;48
-13,5;-66,5;60
-13,5;-66;52
-13,5;-65,5;28
-13,5;-65;16
-13,5;-64,5;0
-13,5;-63,5;0
-13,5;-63;0
-13,5;-62,5;12
-13,5;-62;36
-13,5;-61,5;64
-13,5;-61;92
-13,5;-60,5;96
-13,5;-60;100
-13,5;-59,5;100
-13,5;-59;100
-13,5;-58,5;100
-13,5;-58;100
-13,5;-57,5;100
-13,5;-57;100
-13,5;-56,5;100
-13,5;-56;100
-13,5;-55,5;100
-13,5;-55;100
-13,5;-54,5;52
-13,5;-54;0
-13,5;-53,5;4
-13,5;-53;20
-13,5;-52,5;92
-13,5;-52;92
-13,5;-51,5;88
-13,5;-51;92
-13,5;-50,5;100
-13,5;-50;84
-13,5;-49,5;80
-13,5;-49;76
-13,5;-48,5;100
-13,5;-48;96
-13,5;-47,5;100
-13,5;-47;68
-13,5;-46,5;80
-13,5;-46;84
-13,5;-45,5;96
-13,5;-45;100
-13,5;-44,5;100
-13,5;-44;100
-13,5;-43,5;100
-13,5;-43;100
-13,5;-42,5;100
-13,5;-42;92
-13,5;-41,5;100
-13,5;-41;52
-13,5;-40,5;64
-13,5;-40;100
-13,5;-39,5;100
-13,5;-39;100
-13,5;-38,5;100
-13,5;-38;100
-13,5;-37,5;100
-13,5;-37;100
-13,5;-36,5;100
-13,5;-36;100
-13,5;-35,5;100
-13,5;-35;100
-13,5;-34,5;100
-13,5;-34;100
-13,5;-33,5;100
-13,5;-33;100
-13,5;-32,5;100
-13,5;-32;100
-13,5;-31,5;96
-13,5;-31;72
-13,5;-30,5;12
-13,5;-30;0
-13,5;-29,5;16
-13,5;-29;96
-13,5;-28,5;100
-13,5;-28;100
-13,5;-27,5;100
-13,5;-27;100
-13,5;-26,5;100
-13,5;-26;100
-13,5;-25,5;100
-13,5;-25;100
-13,5;-24,5;100
-13,5;-24;100
-13,5;-23,5;100
-13,5;-23;100
-13,5;-22,5;100
-13,5;-22;100
-13,5;-21,5;100
-13,5;-21;100
-13,5;-20,5;100
-13,5;-20;100
-13,5;-19,5;100
-13,5;-19;100
-13,5;-18,5;100
-13,5;-18;100
-13,5;-17,5;100
-13,5;-17;100
-13,5;-16,5;100
-13,5;-16;100
-13,5;-15,5;100
-13,5;-15;100
-13,5;-14,5;100
-13,5;-14;100
-13,5;-13,5;100
-13,5;-13;100
-13,5;-12,5;100
-13,5;-12;100
-13,5;-11,5;100
-13,5;-11;100
-13,5;-10,5;100
-13,5;-10;96
-13,5;-9,5;96
-13,5;-9;100
-13,5;-8,5;100
-13,5;-8;100
-13,5;-7,5;100
-13,5;-7;100
-13,5;-6,5;100
-13,5;-6;100
-13,5;-5,5;100
-13,5;-5;100
-13,5;-4,5;100
-13,5;-4;100
-13,5;-3,5;100
-13,5;-3;100
-13,5;-2,5;100
-13,5;-2;100
-13,5;-1,5;100
-13,5;-1;100
-13,5;-0,5;100
-13,5;0;100
-13,5;0,5;100
-13,5;1;100
-13,5;1,5;100
-13,5;2;100
-13,5;2,5;96
-13,5;3;100
-13,5;3,5;100
-13,5;4;100
-13,5;4,5;100
-13,5;5;100
-13,5;5,5;100
-13,5;6;100
-13,5;6,5;100
-13,5;7;100
-13,5;7,5;96
-13,5;8;44
-13,5;8,5;60
-13,5;9;84
-13,5;9,5;100
-13,5;10;100
-13,5;10,5;96
-13,5;11;76
-13,5;11,5;8
-13,5;12;0
-13,5;12,5;0
-13,5;13,5;4
-13,5;14;96
-13,5;14,5;100
-13,5;15;76
-13,5;15,5;96
-13,5;16;92
-13,5;16,5;92
-13,5;17;96
-13,5;17,5;100
-13,5;18;64
-13,5;18,5;24
-13;-73;76
-13;-72,5;92
-13;-72;44
-13;-71,5;84
-13;-71;60
-13;-70,5;68
-13;-70;80
-13;-69,5;96
-13;-69;68
-13;-68,5;52
-13;-68;8
-13;-67,5;24
-13;-67;52
-13;-66,5;44
-13;-66;32
-13;-65,5;32
-13;-65;20
-13;-64,5;0
-13;-64;0
-13;-63,5;0
-13;-63;16
-13;-62,5;8
-13;-62;8
-13;-61,5;84
-13;-61;100
-13;-60,5;100
-13;-60;100
-13;-59,5;100
-13;-59;100
-13;-58,5;100
-13;-58;100
-13;-57,5;100
-13;-57;100
-13;-56,5;100
-13;-56;100
-13;-55,5;100
-13;-55;100
-13;-54,5;100
-13;-54;72
-13;-53,5;80
-13;-53;100
-13;-52,5;100
-13;-52;100
-13;-51,5;100
-13;-51;88
-13;-50,5;100
-13;-50;100
-13;-49,5;64
-13;-49;88
-13;-48,5;84
-13;-48;92
-13;-47,5;92
-13;-47;96
-13;-46,5;100
-13;-46;100
-13;-45,5;100
-13;-45;96
-13;-44,5;100
-13;-44;100
-13;-43,5;100
-13;-43;100
-13;-42,5;100
-13;-42;100
-13;-41,5;100
-13;-41;92
-13;-40,5;92
-13;-40;100
-13;-39,5;100
-13;-39;100
-13;-38,5;100
-13;-38;100
-13;-37,5;100
-13;-37;100
-13;-36,5;100
-13;-36;100
-13;-35,5;100
-13;-35;100
-13;-34,5;100
-13;-34;100
-13;-33,5;100
-13;-33;100
-13;-32,5;100
-13;-32;100
-13;-31,5;100
-13;-31;84
-13;-30,5;0
-13;-30;0
-13;-29,5;0
-13;-29;64
-13;-28,5;100
-13;-28;100
-13;-27,5;100
-13;-27;100
-13;-26,5;100
-13;-26;100
-13;-25,5;100
-13;-25;100
-13;-24,5;100
-13;-24;100
-13;-23,5;100
-13;-23;100
-13;-22,5;100
-13;-22;100
-13;-21,5;100
-13;-21;100
-13;-20,5;100
-13;-20;100
-13;-19,5;100
-13;-19;100
-13;-18,5;100
-13;-18;100
-13;-17,5;96
-13;-17;100
-13;-16,5;100
-13;-16;100
-13;-15,5;100
-13;-15;100
-13;-14,5;100
-13;-14;100
-13;-13,5;100
-13;-13;100
-13;-12,5;100
-13;-12;100
-13;-11,5;100
-13;-11;100
-13;-10,5;96
-13;-10;96
-13;-9,5;100
-13;-9;100
-13;-8,5;100
-13;-8;100
-13;-7,5;100
-13;-7;100
-13;-6,5;100
-13;-6;100
-13;-5,5;100
-13;-5;100
-13;-4,5;100
-13;-4;100
-13;-3,5;100
-13;-3;100
-13;-2,5;100
-13;-2;100
-13;-1,5;100
-13;-1;100
-13;-0,5;100
-13;0;100
-13;0,5;100
-13;1;100
-13;1,5;96
-13;2;100
-13;2,5;96
-13;3;100
-13;3,5;100
-13;4;100
-13;4,5;100
-13;5;100
-13;5,5;100
-13;6;100
-13;6,5;100
-13;7;100
-13;7,5;100
-13;8;100
-13;8,5;96
-13;9;100
-13;9,5;100
-13;10;100
-13;10,5;100
-13;11;96
-13;11,5;40
-13;12;8
-13;12,5;0
-13;13,5;68
-13;14;100
-13;14,5;100
-13;15;100
-13;15,5;100
-13;16;92
-13;16,5;100
-13;17;100
-13;17,5;100
-13;18;92
-13;18,5;84
-13;19;8
-12,5;-73,5;4
-12,5;-73;88
-12,5;-72,5;84
-12,5;-72;48
-12,5;-71,5;48
-12,5;-71;60
-12,5;-70,5;84
-12,5;-70;92
-12,5;-69,5;100
-12,5;-69;96
-12,5;-68,5;92
-12,5;-68;48
-12,5;-67,5;76
-12,5;-67;72
-12,5;-66,5;96
-12,5;-66;56
-12,5;-65,5;56
-12,5;-65;52
-12,5;-64,5;20
-12,5;-64;32
-12,5;-63,5;8
-12,5;-63;52
-12,5;-62,5;56
-12,5;-62;76
-12,5;-61,5;96
-12,5;-61;100
-12,5;-60,5;100
-12,5;-60;100
-12,5;-59,5;100
-12,5;-59;100
-12,5;-58,5;100
-12,5;-58;100
-12,5;-57,5;100
-12,5;-57;100
-12,5;-56,5;100
-12,5;-56;100
-12,5;-55,5;100
-12,5;-55;100
-12,5;-54,5;100
-12,5;-54;100
-12,5;-53,5;100
-12,5;-53;100
-12,5;-52,5;100
-12,5;-52;100
-12,5;-51,5;100
-12,5;-51;100
-12,5;-50,5;100
-12,5;-50;100
-12,5;-49,5;64
-12,5;-49;80
-12,5;-48,5;96
-12,5;-48;88
-12,5;-47,5;100
-12,5;-47;100
-12,5;-46,5;100
-12,5;-46;100
-12,5;-45,5;100
-12,5;-45;100
-12,5;-44,5;100
-12,5;-44;100
-12,5;-43,5;100
-12,5;-43;100
-12,5;-42,5;84
-12,5;-42;96
-12,5;-41,5;100
-12,5;-41;96
-12,5;-40,5;96
-12,5;-40;100
-12,5;-39,5;100
-12,5;-39;100
-12,5;-38,5;100
-12,5;-38;100
-12,5;-37,5;100
-12,5;-37;100
-12,5;-36,5;100
-12,5;-36;100
-12,5;-35,5;96
-12,5;-35;100
-12,5;-34,5;100
-12,5;-34;100
-12,5;-33,5;100
-12,5;-33;100
-12,5;-32,5;100
-12,5;-32;100
-12,5;-31,5;96
-12,5;-31;72
-12,5;-30,5;8
-12,5;-30;48
-12,5;-29,5;56
-12,5;-29;96
-12,5;-28,5;100
-12,5;-28;100
-12,5;-27,5;100
-12,5;-27;100
-12,5;-26,5;100
-12,5;-26;100
-12,5;-25,5;100
-12,5;-25;100
-12,5;-24,5;100
-12,5;-24;100
-12,5;-23,5;100
-12,5;-23;100
-12,5;-22,5;100
-12,5;-22;100
-12,5;-21,5;100
-12,5;-21;100
-12,5;-20,5;100
-12,5;-20;100
-12,5;-19,5;100
-12,5;-19;100
-12,5;-18,5;100
-12,5;-18;96
-12,5;-17,5;72
-12,5;-17;80
-12,5;-16,5;100
-12,5;-16;100
-12,5;-15,5;100
-12,5;-15;100
-12,5;-14,5;100
-12,5;-14;100
-12,5;-13,5;100
-12,5;-13;100
-12,5;-12,5;100
-12,5;-12;100
-12,5;-11,5;92
-12,5;-11;100
-12,5;-10,5;100
-12,5;-10;88
-12,5;-9,5;100
-12,5;-9;100
-12,5;-8,5;100
-12,5;-8;96
-12,5;-7,5;100
-12,5;-7;100
-12,5;-6,5;100
-12,5;-6;100
-12,5;-5,5;100
-12,5;-5;100
-12,5;-4,5;100
-12,5;-4;100
-12,5;-3,5;100
-12,5;-3;100
-12,5;-2,5;100
-12,5;-2;100
-12,5;-1,5;100
-12,5;-1;100
-12,5;-0,5;100
-12,5;0;100
-12,5;0,5;100
-12,5;1;100
-12,5;1,5;100
-12,5;2;100
-12,5;2,5;100
-12,5;3;100
-12,5;3,5;100
-12,5;4;100
-12,5;4,5;100
-12,5;5;100
-12,5;5,5;100
-12,5;6;100
-12,5;6,5;100
-12,5;7;100
-12,5;7,5;100
-12,5;8;100
-12,5;8,5;100
-12,5;9;100
-12,5;9,5;100
-12,5;10;100
-12,5;10,5;100
-12,5;11;100
-12,5;11,5;100
-12,5;12;60
-12,5;12,5;32
-12,5;13;56
-12,5;13,5;96
-12,5;14;100
-12,5;14,5;100
-12,5;15;100
-12,5;15,5;92
-12,5;16;100
-12,5;16,5;100
-12,5;17;100
-12,5;17,5;96
-12,5;18;96
-12,5;18,5;80
-12,5;19;36
-12;-74;12
-12;-73,5;56
-12;-73;96
-12;-72,5;92
-12;-72;60
-12;-71,5;48
-12;-71;92
-12;-70,5;92
-12;-70;100
-12;-69,5;96
-12;-69;100
-12;-68,5;84
-12;-68;52
-12;-67,5;80
-12;-67;88
-12;-66,5;96
-12;-66;88
-12;-65,5;60
-12;-65;32
-12;-64,5;16
-12;-64;72
-12;-63,5;52
-12;-63;88
-12;-62,5;96
-12;-62;100
-12;-61,5;96
-12;-61;100
-12;-60,5;100
-12;-60;100
-12;-59,5;100
-12;-59;100
-12;-58,5;100
-12;-58;100
-12;-57,5;100
-12;-57;100
-12;-56,5;100
-12;-56;100
-12;-55,5;100
-12;-55;100
-12;-54,5;100
-12;-54;100
-12;-53,5;100
-12;-53;100
-12;-52,5;100
-12;-52;100
-12;-51,5;100
-12;-51;100
-12;-50,5;100
-12;-50;96
-12;-49,5;96
-12;-49;100
-12;-48,5;100
-12;-48;100
-12;-47,5;100
-12;-47;100
-12;-46,5;100
-12;-46;96
-12;-45,5;100
-12;-45;100
-12;-44,5;100
-12;-44;100
-12;-43,5;100
-12;-43;100
-12;-42,5;72
-12;-42;48
-12;-41,5;100
-12;-41;96
-12;-40,5;80
-12;-40;100
-12;-39,5;100
-12;-39;100
-12;-38,5;100
-12;-38;100
-12;-37,5;100
-12;-37;100
-12;-36,5;100
-12;-36;100
-12;-35,5;100
-12;-35;100
-12;-34,5;100
-12;-34;100
-12;-33,5;100
-12;-33;100
-12;-32,5;100
-12;-32;100
-12;-31,5;100
-12;-31;60
-12;-30,5;4
-12;-30;92
-12;-29,5;100
-12;-29;92
-12;-28,5;100
-12;-28;100
-12;-27,5;100
-12;-27;100
-12;-26,5;100
-12;-26;100
-12;-25,5;100
-12;-25;100
-12;-24,5;100
-12;-24;100
-12;-23,5;100
-12;-23;100
-12;-22,5;100
-12;-22;100
-12;-21,5;100
-12;-21;100
-12;-20,5;100
-12;-20;100
-12;-19,5;100
-12;-19;100
-12;-18,5;100
-12;-18;100
-12;-17,5;80
-12;-17;92
-12;-16,5;100
-12;-16;100
-12;-15,5;100
-12;-15;100
-12;-14,5;100
-12;-14;100
-12;-13,5;100
-12;-13;100
-12;-12,5;100
-12;-12;96
-12;-11,5;80
-12;-11;100
-12;-10,5;100
-12;-10;100
-12;-9,5;100
-12;-9;100
-12;-8,5;100
-12;-8;100
-12;-7,5;100
-12;-7;100
-12;-6,5;100
-12;-6;100
-12;-5,5;100
-12;-5;100
-12;-4,5;100
-12;-4;100
-12;-3,5;100
-12;-3;100
-12;-2,5;100
-12;-2;100
-12;-1,5;100
-12;-1;100
-12;-0,5;100
-12;0;100
-12;0,5;100
-12;1;100
-12;1,5;100
-12;2;100
-12;2,5;100
-12;3;100
-12;3,5;100
-12;4;100
-12;4,5;100
-12;5;100
-12;5,5;100
-12;6;100
-12;6,5;100
-12;7;100
-12;7,5;100
-12;8;100
-12;8,5;100
-12;9;100
-12;9,5;100
-12;10;100
-12;10,5;100
-12;11;100
-12;11,5;100
-12;12;96
-12;12,5;92
-12;13;100
-12;13,5;100
-12;14;100
-12;14,5;100
-12;15;100
-12;15,5;100
-12;16;100
-12;16,5;100
-12;17;100
-12;17,5;100
-12;18;100
-12;18,5;100
-12;19;100
-12;19,5;20
-11,5;-74;20
-11,5;-73,5;48
-11,5;-73;60
-11,5;-72,5;92
-11,5;-72;52
-11,5;-71,5;48
-11,5;-71;92
-11,5;-70,5;96
-11,5;-70;88
-11,5;-69,5;76
-11,5;-69;92
-11,5;-68,5;96
-11,5;-68;92
-11,5;-67,5;96
-11,5;-67;92
-11,5;-66,5;84
-11,5;-66;80
-11,5;-65,5;36
-11,5;-65;0
-11,5;-64,5;36
-11,5;-64;80
-11,5;-63,5;100
-11,5;-63;100
-11,5;-62,5;100
-11,5;-62;100
-11,5;-61,5;100
-11,5;-61;100
-11,5;-60,5;100
-11,5;-60;100
-11,5;-59,5;100
-11,5;-59;100
-11,5;-58,5;100
-11,5;-58;100
-11,5;-57,5;100
-11,5;-57;100
-11,5;-56,5;100
-11,5;-56;100
-11,5;-55,5;100
-11,5;-55;100
-11,5;-54,5;100
-11,5;-54;100
-11,5;-53,5;96
-11,5;-53;100
-11,5;-52,5;100
-11,5;-52;100
-11,5;-51,5;100
-11,5;-51;100
-11,5;-50,5;100
-11,5;-50;96
-11,5;-49,5;100
-11,5;-49;100
-11,5;-48,5;100
-11,5;-48;100
-11,5;-47,5;100
-11,5;-47;100
-11,5;-46,5;100
-11,5;-46;76
-11,5;-45,5;100
-11,5;-45;100
-11,5;-44,5;100
-11,5;-44;100
-11,5;-43,5;100
-11,5;-43;100
-11,5;-42,5;64
-11,5;-42;52
-11,5;-41,5;92
-11,5;-41;100
-11,5;-40,5;96
-11,5;-40;100
-11,5;-39,5;96
-11,5;-39;100
-11,5;-38,5;100
-11,5;-38;100
-11,5;-37,5;100
-11,5;-37;100
-11,5;-36,5;100
-11,5;-36;100
-11,5;-35,5;100
-11,5;-35;100
-11,5;-34,5;100
-11,5;-34;100
-11,5;-33,5;100
-11,5;-33;100
-11,5;-32,5;100
-11,5;-32;100
-11,5;-31,5;100
-11,5;-31;96
-11,5;-30,5;20
-11,5;-30;72
-11,5;-29,5;100
-11,5;-29;100
-11,5;-28,5;100
-11,5;-28;100
-11,5;-27,5;100
-11,5;-27;100
-11,5;-26,5;100
-11,5;-26;100
-11,5;-25,5;100
-11,5;-25;100
-11,5;-24,5;100
-11,5;-24;100
-11,5;-23,5;100
-11,5;-23;100
-11,5;-22,5;100
-11,5;-22;100
-11,5;-21,5;100
-11,5;-21;100
-11,5;-20,5;100
-11,5;-20;100
-11,5;-19,5;100
-11,5;-19;100
-11,5;-18,5;72
-11,5;-18;56
-11,5;-17,5;20
-11,5;-17;96
-11,5;-16,5;96
-11,5;-16;100
-11,5;-15,5;100
-11,5;-15;100
-11,5;-14,5;100
-11,5;-14;100
-11,5;-13,5;100
-11,5;-13;100
-11,5;-12,5;100
-11,5;-12;100
-11,5;-11,5;100
-11,5;-11;100
-11,5;-10,5;100
-11,5;-10;100
-11,5;-9,5;100
-11,5;-9;100
-11,5;-8,5;100
-11,5;-8;100
-11,5;-7,5;100
-11,5;-7;100
-11,5;-6,5;100
-11,5;-6;100
-11,5;-5,5;100
-11,5;-5;100
-11,5;-4,5;100
-11,5;-4;92
-11,5;-3,5;100
-11,5;-3;100
-11,5;-2,5;100
-11,5;-2;100
-11,5;-1,5;100
-11,5;-1;100
-11,5;-0,5;100
-11,5;0;100
-11,5;0,5;100
-11,5;1;100
-11,5;1,5;100
-11,5;2;100
-11,5;2,5;100
-11,5;3;100
-11,5;3,5;100
-11,5;4;100
-11,5;4,5;100
-11,5;5;100
-11,5;5,5;100
-11,5;6;100
-11,5;6,5;100
-11,5;7;100
-11,5;7,5;100
-11,5;8;100
-11,5;8,5;100
-11,5;9;100
-11,5;9,5;100
-11,5;10;100
-11,5;10,5;100
-11,5;11;100
-11,5;11,5;100
-11,5;12;100
-11,5;12,5;100
-11,5;13;92
-11,5;13,5;100
-11,5;14;100
-11,5;14,5;100
-11,5;15;100
-11,5;15,5;100
-11,5;16;100
-11,5;16,5;100
-11,5;17;100
-11,5;17,5;100
-11,5;18;100
-11,5;18,5;100
-11,5;19;100
-11,5;19,5;72
-11;-74,5;0
-11;-74;24
-11;-73,5;68
-11;-73;52
-11;-72,5;56
-11;-72;60
-11;-71,5;56
-11;-71;84
-11;-70,5;100
-11;-70;100
-11;-69,5;92
-11;-69;96
-11;-68,5;100
-11;-68;96
-11;-67,5;100
-11;-67;96
-11;-66,5;48
-11;-66;84
-11;-65,5;92
-11;-65;64
-11;-64,5;24
-11;-64;84
-11;-63,5;100
-11;-63;100
-11;-62,5;100
-11;-62;100
-11;-61,5;100
-11;-61;100
-11;-60,5;100
-11;-60;100
-11;-59,5;100
-11;-59;100
-11;-58,5;100
-11;-58;100
-11;-57,5;100
-11;-57;100
-11;-56,5;100
-11;-56;100
-11;-55,5;100
-11;-55;100
-11;-54,5;100
-11;-54;100
-11;-53,5;100
-11;-53;100
-11;-52,5;100
-11;-52;100
-11;-51,5;100
-11;-51;100
-11;-50,5;100
-11;-50;100
-11;-49,5;100
-11;-49;100
-11;-48,5;100
-11;-48;100
-11;-47,5;100
-11;-47;100
-11;-46,5;100
-11;-46;100
-11;-45,5;100
-11;-45;96
-11;-44,5;72
-11;-44;84
-11;-43,5;100
-11;-43;100
-11;-42,5;80
-11;-42;72
-11;-41,5;80
-11;-41;96
-11;-40,5;100
-11;-40;100
-11;-39,5;100
-11;-39;100
-11;-38,5;100
-11;-38;100
-11;-37,5;96
-11;-37;100
-11;-36,5;100
-11;-36;100
-11;-35,5;100
-11;-35;100
-11;-34,5;100
-11;-34;100
-11;-33,5;100
-11;-33;100
-11;-32,5;100
-11;-32;100
-11;-31,5;100
-11;-31;100
-11;-30,5;24
-11;-30;76
-11;-29,5;100
-11;-29;100
-11;-28,5;100
-11;-28;100
-11;-27,5;100
-11;-27;100
-11;-26,5;100
-11;-26;100
-11;-25,5;100
-11;-25;100
-11;-24,5;100
-11;-24;100
-11;-23,5;100
-11;-23;100
-11;-22,5;100
-11;-22;100
-11;-21,5;100
-11;-21;100
-11;-20,5;100
-11;-20;100
-11;-19,5;100
-11;-19;24
-11;-18,5;0
-11;-18;0
-11;-17,5;0
-11;-17;8
-11;-16,5;8
-11;-16;68
-11;-15,5;100
-11;-15;100
-11;-14,5;100
-11;-14;100
-11;-13,5;100
-11;-13;100
-11;-12,5;100
-11;-12;100
-11;-11,5;100
-11;-11;100
-11;-10,5;100
-11;-10;100
-11;-9,5;100
-11;-9;92
-11;-8,5;100
-11;-8;100
-11;-7,5;100
-11;-7;100
-11;-6,5;100
-11;-6;100
-11;-5,5;100
-11;-5;100
-11;-4,5;100
-11;-4;96
-11;-3,5;72
-11;-3;88
-11;-2,5;100
-11;-2;100
-11;-1,5;100
-11;-1;100
-11;-0,5;100
-11;0;100
-11;0,5;100
-11;1;100
-11;1,5;100
-11;2;100
-11;2,5;100
-11;3;100
-11;3,5;100
-11;4;100
-11;4,5;100
-11;5;100
-11;5,5;100
-11;6;100
-11;6,5;100
-11;7;100
-11;7,5;100
-11;8;100
-11;8,5;100
-11;9;100
-11;9,5;100
-11;10;100
-11;10,5;100
-11;11;100
-11;11,5;100
-11;12;100
-11;12,5;100
-11;13;100
-11;13,5;100
-11;14;100
-11;14,5;100
-11;15;100
-11;15,5;92
-11;16;88
-11;16,5;100
-11;17;100
-11;17,5;96
-11;18;88
-11;18,5;80
-11;19;88
-11;19,5;96
-11;20;24
-10,5;-75;4
-10,5;-74,5;32
-10,5;-74;4
-10,5;-73,5;40
-10,5;-73;72
-10,5;-72,5;56
-10,5;-72;68
-10,5;-71,5;84
-10,5;-71;72
-10,5;-70,5;100
-10,5;-70;80
-10,5;-69,5;92
-10,5;-69;100
-10,5;-68,5;100
-10,5;-68;100
-10,5;-67,5;92
-10,5;-67;60
-10,5;-66,5;64
-10,5;-66;96
-10,5;-65,5;96
-10,5;-65;88
-10,5;-64,5;88
-10,5;-64;100
-10,5;-63,5;100
-10,5;-63;100
-10,5;-62,5;100
-10,5;-62;100
-10,5;-61,5;100
-10,5;-61;100
-10,5;-60,5;100
-10,5;-60;100
-10,5;-59,5;100
-10,5;-59;100
-10,5;-58,5;100
-10,5;-58;100
-10,5;-57,5;100
-10,5;-57;100
-10,5;-56,5;100
-10,5;-56;100
-10,5;-55,5;100
-10,5;-55;100
-10,5;-54,5;100
-10,5;-54;100
-10,5;-53,5;100
-10,5;-53;100
-10,5;-52,5;100
-10,5;-52;100
-10,5;-51,5;100
-10,5;-51;100
-10,5;-50,5;100
-10,5;-50;100
-10,5;-49,5;100
-10,5;-49;100
-10,5;-48,5;100
-10,5;-48;100
-10,5;-47,5;100
-10,5;-47;100
-10,5;-46,5;100
-10,5;-46;100
-10,5;-45,5;100
-10,5;-45;84
-10,5;-44,5;64
-10,5;-44;4
-10,5;-43,5;12
-10,5;-43;80
-10,5;-42,5;100
-10,5;-42;84
-10,5;-41,5;80
-10,5;-41;100
-10,5;-40,5;100
-10,5;-40;100
-10,5;-39,5;100
-10,5;-39;100
-10,5;-38,5;92
-10,5;-38;96
-10,5;-37,5;96
-10,5;-37;96
-10,5;-36,5;100
-10,5;-36;100
-10,5;-35,5;100
-10,5;-35;100
-10,5;-34,5;100
-10,5;-34;100
-10,5;-33,5;100
-10,5;-33;100
-10,5;-32,5;100
-10,5;-32;100
-10,5;-31,5;100
-10,5;-31;100
-10,5;-30,5;96
-10,5;-30;100
-10,5;-29,5;100
-10,5;-29;100
-10,5;-28,5;100
-10,5;-28;100
-10,5;-27,5;100
-10,5;-27;100
-10,5;-26,5;100
-10,5;-26;100
-10,5;-25,5;100
-10,5;-25;100
-10,5;-24,5;100
-10,5;-24;100
-10,5;-23,5;100
-10,5;-23;100
-10,5;-22,5;96
-10,5;-22;92
-10,5;-21,5;100
-10,5;-21;100
-10,5;-20,5;100
-10,5;-20;100
-10,5;-19,5;84
-10,5;-19;4
-10,5;-18,5;0
-10,5;-18;0
-10,5;-17,5;0
-10,5;-17;0
-10,5;-16,5;0
-10,5;-16;56
-10,5;-15,5;100
-10,5;-15;64
-10,5;-14,5;88
-10,5;-14;100
-10,5;-13,5;100
-10,5;-13;100
-10,5;-12,5;100
-10,5;-12;100
-10,5;-11,5;100
-10,5;-11;100
-10,5;-10,5;100
-10,5;-10;100
-10,5;-9,5;100
-10,5;-9;100
-10,5;-8,5;100
-10,5;-8;100
-10,5;-7,5;100
-10,5;-7;100
-10,5;-6,5;100
-10,5;-6;100
-10,5;-5,5;100
-10,5;-5;100
-10,5;-4,5;100
-10,5;-4;100
-10,5;-3,5;100
-10,5;-3;100
-10,5;-2,5;100
-10,5;-2;100
-10,5;-1,5;100
-10,5;-1;100
-10,5;-0,5;100
-10,5;0;100
-10,5;0,5;100
-10,5;1;100
-10,5;1,5;100
-10,5;2;100
-10,5;2,5;100
-10,5;3;100
-10,5;3,5;100
-10,5;4;100
-10,5;4,5;100
-10,5;5;100
-10,5;5,5;100
-10,5;6;100
-10,5;6,5;100
-10,5;7;100
-10,5;7,5;100
-10,5;8;100
-10,5;8,5;100
-10,5;9;100
-10,5;9,5;100
-10,5;10;100
-10,5;10,5;100
-10,5;11;100
-10,5;11,5;100
-10,5;12;100
-10,5;12,5;100
-10,5;13;100
-10,5;13,5;100
-10,5;14;100
-10,5;14,5;100
-10,5;15;96
-10,5;15,5;96
-10,5;16;92
-10,5;16,5;100
-10,5;17;100
-10,5;17,5;100
-10,5;18;96
-10,5;18,5;100
-10,5;19;88
-10,5;19,5;96
-10,5;20;76
-10;-75;12
-10;-74,5;48
-10;-74;24
-10;-73,5;72
-10;-73;92
-10;-72,5;72
-10;-72;72
-10;-71,5;84
-10;-71;40
-10;-70,5;80
-10;-70;96
-10;-69,5;88
-10;-69;96
-10;-68,5;100
-10;-68;88
-10;-67,5;92
-10;-67;76
-10;-66,5;96
-10;-66;100
-10;-65,5;76
-10;-65;100
-10;-64,5;100
-10;-64;100
-10;-63,5;100
-10;-63;100
-10;-62,5;100
-10;-62;100
-10;-61,5;100
-10;-61;100
-10;-60,5;100
-10;-60;100
-10;-59,5;100
-10;-59;100
-10;-58,5;100
-10;-58;100
-10;-57,5;100
-10;-57;100
-10;-56,5;100
-10;-56;100
-10;-55,5;100
-10;-55;100
-10;-54,5;100
-10;-54;100
-10;-53,5;100
-10;-53;84
-10;-52,5;100
-10;-52;100
-10;-51,5;100
-10;-51;100
-10;-50,5;100
-10;-50;100
-10;-49,5;100
-10;-49;100
-10;-48,5;100
-10;-48;100
-10;-47,5;100
-10;-47;100
-10;-46,5;100
-10;-46;100
-10;-45,5;100
-10;-45;100
-10;-44,5;100
-10;-44;24
-10;-43,5;0
-10;-43;12
-10;-42,5;88
-10;-42;100
-10;-41,5;88
-10;-41;88
-10;-40,5;100
-10;-40;100
-10;-39,5;92
-10;-39;100
-10;-38,5;100
-10;-38;100
-10;-37,5;88
-10;-37;100
-10;-36,5;100
-10;-36;100
-10;-35,5;100
-10;-35;100
-10;-34,5;100
-10;-34;100
-10;-33,5;100
-10;-33;100
-10;-32,5;100
-10;-32;100
-10;-31,5;100
-10;-31;100
-10;-30,5;100
-10;-30;100
-10;-29,5;100
-10;-29;100
-10;-28,5;100
-10;-28;100
-10;-27,5;100
-10;-27;100
-10;-26,5;100
-10;-26;100
-10;-25,5;100
-10;-25;100
-10;-24,5;100
-10;-24;100
-10;-23,5;100
-10;-23;92
-10;-22,5;84
-10;-22;52
-10;-21,5;80
-10;-21;64
-10;-20,5;40
-10;-20;36
-10;-19,5;16
-10;-19;0
-10;-18,5;0
-10;-18;0
-10;-17,5;0
-10;-17;0
-10;-16,5;0
-10;-16;8
-10;-15,5;64
-10;-15;96
-10;-14,5;100
-10;-14;100
-10;-13,5;100
-10;-13;100
-10;-12,5;100
-10;-12;100
-10;-11,5;100
-10;-11;100
-10;-10,5;100
-10;-10;100
-10;-9,5;100
-10;-9;100
-10;-8,5;100
-10;-8;100
-10;-7,5;100
-10;-7;100
-10;-6,5;100
-10;-6;100
-10;-5,5;100
-10;-5;100
-10;-4,5;100
-10;-4;100
-10;-3,5;100
-10;-3;100
-10;-2,5;100
-10;-2;100
-10;-1,5;100
-10;-1;100
-10;-0,5;100
-10;0;100
-10;0,5;100
-10;1;100
-10;1,5;100
-10;2;100
-10;2,5;100
-10;3;100
-10;3,5;100
-10;4;100
-10;4,5;100
-10;5;100
-10;5,5;100
-10;6;100
-10;6,5;100
-10;7;100
-10;7,5;100
-10;8;100
-10;8,5;100
-10;9;100
-10;9,5;100
-10;10;100
-10;10,5;100
-10;11;100
-10;11,5;100
-10;12;100
-10;12,5;100
-10;13;100
-10;13,5;100
-10;14;100
-10;14,5;100
-10;15;96
-10;15,5;64
-10;16;80
-10;16,5;100
-10;17;96
-10;17,5;100
-10;18;100
-10;18,5;100
-10;19;100
-10;19,5;92
-10;20;100
-10;20,5;20
-9,5;-75,5;4
-9,5;-75;40
-9,5;-74,5;32
-9,5;-74;12
-9,5;-73,5;40
-9,5;-73;72
-9,5;-72,5;92
-9,5;-72;84
-9,5;-71,5;88
-9,5;-71;76
-9,5;-70,5;68
-9,5;-70;100
-9,5;-69,5;100
-9,5;-69;100
-9,5;-68,5;100
-9,5;-68;96
-9,5;-67,5;100
-9,5;-67;100
-9,5;-66,5;100
-9,5;-66;100
-9,5;-65,5;96
-9,5;-65;100
-9,5;-64,5;100
-9,5;-64;100
-9,5;-63,5;100
-9,5;-63;100
-9,5;-62,5;100
-9,5;-62;100
-9,5;-61,5;100
-9,5;-61;100
-9,5;-60,5;100
-9,5;-60;100
-9,5;-59,5;100
-9,5;-59;100
-9,5;-58,5;100
-9,5;-58;100
-9,5;-57,5;100
-9,5;-57;100
-9,5;-56,5;100
-9,5;-56;100
-9,5;-55,5;100
-9,5;-55;100
-9,5;-54,5;100
-9,5;-54;100
-9,5;-53,5;100
-9,5;-53;100
-9,5;-52,5;96
-9,5;-52;100
-9,5;-51,5;100
-9,5;-51;100
-9,5;-50,5;100
-9,5;-50;100
-9,5;-49,5;100
-9,5;-49;100
-9,5;-48,5;100
-9,5;-48;100
-9,5;-47,5;100
-9,5;-47;100
-9,5;-46,5;100
-9,5;-46;100
-9,5;-45,5;100
-9,5;-45;96
-9,5;-44,5;84
-9,5;-44;0
-9,5;-43,5;28
-9,5;-43;48
-9,5;-42,5;80
-9,5;-42;100
-9,5;-41,5;100
-9,5;-41;96
-9,5;-40,5;100
-9,5;-40;100
-9,5;-39,5;100
-9,5;-39;100
-9,5;-38,5;100
-9,5;-38;100
-9,5;-37,5;100
-9,5;-37;100
-9,5;-36,5;100
-9,5;-36;100
-9,5;-35,5;100
-9,5;-35;100
-9,5;-34,5;100
-9,5;-34;88
-9,5;-33,5;80
-9,5;-33;92
-9,5;-32,5;100
-9,5;-32;84
-9,5;-31,5;88
-9,5;-31;100
-9,5;-30,5;100
-9,5;-30;100
-9,5;-29,5;100
-9,5;-29;100
-9,5;-28,5;100
-9,5;-28;100
-9,5;-27,5;100
-9,5;-27;100
-9,5;-26,5;100
-9,5;-26;100
-9,5;-25,5;88
-9,5;-25;56
-9,5;-24,5;92
-9,5;-24;100
-9,5;-23,5;100
-9,5;-23;100
-9,5;-22,5;100
-9,5;-22;44
-9,5;-21,5;0
-9,5;-21;0
-9,5;-20,5;0
-9,5;-20;0
-9,5;-19,5;0
-9,5;-19;0
-9,5;-18,5;0
-9,5;-18;0
-9,5;-17,5;0
-9,5;-17;0
-9,5;-16,5;0
-9,5;-16;4
-9,5;-15,5;88
-9,5;-15;100
-9,5;-14,5;100
-9,5;-14;100
-9,5;-13,5;100
-9,5;-13;100
-9,5;-12,5;100
-9,5;-12;100
-9,5;-11,5;100
-9,5;-11;100
-9,5;-10,5;100
-9,5;-10;100
-9,5;-9,5;100
-9,5;-9;100
-9,5;-8,5;100
-9,5;-8;100
-9,5;-7,5;100
-9,5;-7;100
-9,5;-6,5;100
-9,5;-6;100
-9,5;-5,5;100
-9,5;-5;100
-9,5;-4,5;100
-9,5;-4;100
-9,5;-3,5;100
-9,5;-3;96
-9,5;-2,5;100
-9,5;-2;100
-9,5;-1,5;100
-9,5;-1;100
-9,5;-0,5;100
-9,5;0;100
-9,5;0,5;100
-9,5;1;100
-9,5;1,5;100
-9,5;2;100
-9,5;2,5;100
-9,5;3;100
-9,5;3,5;100
-9,5;4;100
-9,5;4,5;100
-9,5;5;100
-9,5;5,5;100
-9,5;6;100
-9,5;6,5;100
-9,5;7;100
-9,5;7,5;100
-9,5;8;100
-9,5;8,5;100
-9,5;9;100
-9,5;9,5;100
-9,5;10;100
-9,5;10,5;100
-9,5;11;100
-9,5;11,5;100
-9,5;12;100
-9,5;12,5;100
-9,5;13;100
-9,5;13,5;100
-9,5;14;100
-9,5;14,5;100
-9,5;15;100
-9,5;15,5;92
-9,5;16;88
-9,5;16,5;96
-9,5;17;92
-9,5;17,5;100
-9,5;18;100
-9,5;18,5;100
-9,5;19;100
-9,5;19,5;100
-9,5;20;100
-9,5;20,5;56
-9;-75,5;4
-9;-75;4
-9;-74,5;8
-9;-74;28
-9;-73,5;16
-9;-73;48
-9;-72,5;64
-9;-72;88
-9;-71,5;100
-9;-71;84
-9;-70,5;100
-9;-70;96
-9;-69,5;100
-9;-69;100
-9;-68,5;100
-9;-68;84
-9;-67,5;72
-9;-67;100
-9;-66,5;96
-9;-66;100
-9;-65,5;72
-9;-65;92
-9;-64,5;100
-9;-64;100
-9;-63,5;100
-9;-63;100
-9;-62,5;100
-9;-62;100
-9;-61,5;100
-9;-61;100
-9;-60,5;100
-9;-60;100
-9;-59,5;100
-9;-59;100
-9;-58,5;100
-9;-58;100
-9;-57,5;100
-9;-57;100
-9;-56,5;100
-9;-56;100
-9;-55,5;100
-9;-55;100
-9;-54,5;100
-9;-54;100
-9;-53,5;100
-9;-53;100
-9;-52,5;92
-9;-52;100
-9;-51,5;100
-9;-51;100
-9;-50,5;100
-9;-50;100
-9;-49,5;100
-9;-49;100
-9;-48,5;100
-9;-48;100
-9;-47,5;100
-9;-47;100
-9;-46,5;100
-9;-46;100
-9;-45,5;100
-9;-45;40
-9;-44,5;12
-9;-44;40
-9;-43,5;92
-9;-43;84
-9;-42,5;92
-9;-42;100
-9;-41,5;100
-9;-41;100
-9;-40,5;100
-9;-40;96
-9;-39,5;92
-9;-39;100
-9;-38,5;100
-9;-38;100
-9;-37,5;100
-9;-37;100
-9;-36,5;100
-9;-36;100
-9;-35,5;100
-9;-35;100
-9;-34,5;100
-9;-34;100
-9;-33,5;100
-9;-33;100
-9;-32,5;100
-9;-32;88
-9;-31,5;72
-9;-31;100
-9;-30,5;100
-9;-30;100
-9;-29,5;100
-9;-29;100
-9;-28,5;100
-9;-28;100
-9;-27,5;100
-9;-27;100
-9;-26,5;100
-9;-26;100
-9;-25,5;76
-9;-25;56
-9;-24,5;100
-9;-24;100
-9;-23,5;100
-9;-23;100
-9;-22,5;100
-9;-22;32
-9;-21,5;0
-9;-21;0
-9;-20,5;0
-9;-20;0
-9;-19,5;0
-9;-19;0
-9;-18,5;0
-9;-18;0
-9;-17,5;0
-9;-17;0
-9;-16,5;0
-9;-16;0
-9;-15,5;12
-9;-15;56
-9;-14,5;36
-9;-14;64
-9;-13,5;100
-9;-13;88
-9;-12,5;100
-9;-12;100
-9;-11,5;100
-9;-11;100
-9;-10,5;100
-9;-10;100
-9;-9,5;100
-9;-9;100
-9;-8,5;100
-9;-8;100
-9;-7,5;100
-9;-7;100
-9;-6,5;100
-9;-6;100
-9;-5,5;100
-9;-5;100
-9;-4,5;100
-9;-4;100
-9;-3,5;100
-9;-3;100
-9;-2,5;100
-9;-2;100
-9;-1,5;100
-9;-1;100
-9;-0,5;100
-9;0;100
-9;0,5;100
-9;1;100
-9;1,5;100
-9;2;100
-9;2,5;100
-9;3;100
-9;3,5;100
-9;4;100
-9;4,5;100
-9;5;100
-9;5,5;100
-9;6;100
-9;6,5;100
-9;7;100
-9;7,5;100
-9;8;100
-9;8,5;100
-9;9;100
-9;9,5;100
-9;10;100
-9;10,5;100
-9;11;100
-9;11,5;100
-9;12;100
-9;12,5;100
-9;13;100
-9;13,5;100
-9;14;100
-9;14,5;100
-9;15;100
-9;15,5;100
-9;16;88
-9;16,5;96
-9;17;96
-9;17,5;100
-9;18;96
-9;18,5;100
-9;19;100
-9;19,5;96
-9;20;96
-9;20,5;92
-9;21;8
-8,5;-75,5;0
-8,5;-75;0
-8,5;-74,5;8
-8,5;-74;52
-8,5;-73,5;44
-8,5;-73;4
-8,5;-72,5;32
-8,5;-72;68
-8,5;-71,5;76
-8,5;-71;96
-8,5;-70,5;100
-8,5;-70;100
-8,5;-69,5;100
-8,5;-69;100
-8,5;-68,5;100
-8,5;-68;92
-8,5;-67,5;96
-8,5;-67;96
-8,5;-66,5;100
-8,5;-66;88
-8,5;-65,5;64
-8,5;-65;100
-8,5;-64,5;100
-8,5;-64;100
-8,5;-63,5;100
-8,5;-63;100
-8,5;-62,5;100
-8,5;-62;100
-8,5;-61,5;100
-8,5;-61;100
-8,5;-60,5;100
-8,5;-60;100
-8,5;-59,5;100
-8,5;-59;100
-8,5;-58,5;100
-8,5;-58;100
-8,5;-57,5;100
-8,5;-57;100
-8,5;-56,5;100
-8,5;-56;100
-8,5;-55,5;100
-8,5;-55;100
-8,5;-54,5;100
-8,5;-54;100
-8,5;-53,5;100
-8,5;-53;100
-8,5;-52,5;100
-8,5;-52;100
-8,5;-51,5;100
-8,5;-51;100
-8,5;-50,5;100
-8,5;-50;100
-8,5;-49,5;100
-8,5;-49;100
-8,5;-48,5;100
-8,5;-48;100
-8,5;-47,5;100
-8,5;-47;100
-8,5;-46,5;100
-8,5;-46;100
-8,5;-45,5;60
-8,5;-45;4
-8,5;-44,5;16
-8,5;-44;24
-8,5;-43,5;92
-8,5;-43;100
-8,5;-42,5;100
-8,5;-42;100
-8,5;-41,5;100
-8,5;-41;100
-8,5;-40,5;100
-8,5;-40;100
-8,5;-39,5;100
-8,5;-39;100
-8,5;-38,5;92
-8,5;-38;96
-8,5;-37,5;100
-8,5;-37;100
-8,5;-36,5;100
-8,5;-36;100
-8,5;-35,5;100
-8,5;-35;100
-8,5;-34,5;100
-8,5;-34;100
-8,5;-33,5;100
-8,5;-33;100
-8,5;-32,5;100
-8,5;-32;100
-8,5;-31,5;100
-8,5;-31;100
-8,5;-30,5;100
-8,5;-30;100
-8,5;-29,5;100
-8,5;-29;100
-8,5;-28,5;100
-8,5;-28;100
-8,5;-27,5;100
-8,5;-27;100
-8,5;-26,5;100
-8,5;-26;100
-8,5;-25,5;100
-8,5;-25;100
-8,5;-24,5;100
-8,5;-24;100
-8,5;-23,5;100
-8,5;-23;100
-8,5;-22,5;100
-8,5;-22;80
-8,5;-21,5;0
-8,5;-21;0
-8,5;-20,5;0
-8,5;-20;0
-8,5;-19,5;0
-8,5;-19;0
-8,5;-18,5;0
-8,5;-18;0
-8,5;-17,5;0
-8,5;-17;0
-8,5;-16,5;0
-8,5;-16;0
-8,5;-15,5;0
-8,5;-15;0
-8,5;-14,5;0
-8,5;-14;8
-8,5;-13,5;32
-8,5;-13;40
-8,5;-12,5;84
-8,5;-12;68
-8,5;-11,5;100
-8,5;-11;100
-8,5;-10,5;72
-8,5;-10;100
-8,5;-9,5;100
-8,5;-9;100
-8,5;-8,5;100
-8,5;-8;100
-8,5;-7,5;100
-8,5;-7;100
-8,5;-6,5;100
-8,5;-6;100
-8,5;-5,5;100
-8,5;-5;100
-8,5;-4,5;100
-8,5;-4;100
-8,5;-3,5;100
-8,5;-3;96
-8,5;-2,5;100
-8,5;-2;100
-8,5;-1,5;80
-8,5;-1;100
-8,5;-0,5;100
-8,5;0;100
-8,5;0,5;100
-8,5;1;100
-8,5;1,5;100
-8,5;2;100
-8,5;2,5;100
-8,5;3;100
-8,5;3,5;100
-8,5;4;100
-8,5;4,5;100
-8,5;5;100
-8,5;5,5;100
-8,5;6;100
-8,5;6,5;100
-8,5;7;100
-8,5;7,5;100
-8,5;8;100
-8,5;8,5;100
-8,5;9;100
-8,5;9,5;100
-8,5;10;100
-8,5;10,5;100
-8,5;11;100
-8,5;11,5;100
-8,5;12;100
-8,5;12,5;100
-8,5;13;100
-8,5;13,5;100
-8,5;14;100
-8,5;14,5;100
-8,5;15;100
-8,5;15,5;100
-8,5;16;96
-8,5;16,5;100
-8,5;17;100
-8,5;17,5;68
-8,5;18;100
-8,5;18,5;100
-8,5;19;100
-8,5;19,5;100
-8,5;20;100
-8,5;20,5;100
-8,5;21;36
-8;-76;8
-8;-75,5;24
-8;-75;24
-8;-74,5;32
-8;-74;24
-8;-73,5;68
-8;-73;16
-8;-72,5;68
-8;-72;56
-8;-71,5;44
-8;-71;88
-8;-70,5;92
-8;-70;92
-8;-69,5;92
-8;-69;100
-8;-68,5;96
-8;-68;72
-8;-67,5;80
-8;-67;88
-8;-66,5;88
-8;-66;92
-8;-65,5;80
-8;-65;96
-8;-64,5;92
-8;-64;100
-8;-63,5;100
-8;-63;100
-8;-62,5;100
-8;-62;100
-8;-61,5;100
-8;-61;100
-8;-60,5;100
-8;-60;100
-8;-59,5;100
-8;-59;100
-8;-58,5;100
-8;-58;100
-8;-57,5;100
-8;-57;100
-8;-56,5;100
-8;-56;100
-8;-55,5;100
-8;-55;100
-8;-54,5;100
-8;-54;100
-8;-53,5;100
-8;-53;92
-8;-52,5;100
-8;-52;100
-8;-51,5;100
-8;-51;100
-8;-50,5;100
-8;-50;100
-8;-49,5;100
-8;-49;100
-8;-48,5;100
-8;-48;100
-8;-47,5;100
-8;-47;100
-8;-46,5;100
-8;-46;80
-8;-45,5;48
-8;-45;4
-8;-44,5;92
-8;-44;88
-8;-43,5;96
-8;-43;100
-8;-42,5;96
-8;-42;100
-8;-41,5;100
-8;-41;100
-8;-40,5;100
-8;-40;100
-8;-39,5;100
-8;-39;100
-8;-38,5;100
-8;-38;100
-8;-37,5;100
-8;-37;100
-8;-36,5;100
-8;-36;100
-8;-35,5;100
-8;-35;100
-8;-34,5;100
-8;-34;100
-8;-33,5;100
-8;-33;100
-8;-32,5;100
-8;-32;100
-8;-31,5;100
-8;-31;100
-8;-30,5;100
-8;-30;100
-8;-29,5;100
-8;-29;100
-8;-28,5;100
-8;-28;100
-8;-27,5;100
-8;-27;100
-8;-26,5;100
-8;-26;100
-8;-25,5;100
-8;-25;100
-8;-24,5;100
-8;-24;100
-8;-23,5;100
-8;-23;100
-8;-22,5;100
-8;-22;84
-8;-21,5;8
-8;-21;0
-8;-20,5;0
-8;-20;0
-8;-19,5;0
-8;-19;0
-8;-18,5;0
-8;-18;0
-8;-17,5;0
-8;-17;0
-8;-16,5;0
-8;-16;0
-8;-15,5;0
-8;-15;0
-8;-14,5;0
-8;-14;0
-8;-13,5;0
-8;-13;0
-8;-12,5;4
-8;-12;36
-8;-11,5;96
-8;-11;100
-8;-10,5;100
-8;-10;80
-8;-9,5;100
-8;-9;100
-8;-8,5;100
-8;-8;100
-8;-7,5;100
-8;-7;100
-8;-6,5;100
-8;-6;100
-8;-5,5;100
-8;-5;100
-8;-4,5;100
-8;-4;100
-8;-3,5;100
-8;-3;100
-8;-2,5;96
-8;-2;96
-8;-1,5;96
-8;-1;100
-8;-0,5;100
-8;0;100
-8;0,5;100
-8;1;100
-8;1,5;100
-8;2;100
-8;2,5;100
-8;3;100
-8;3,5;100
-8;4;100
-8;4,5;100
-8;5;100
-8;5,5;100
-8;6;100
-8;6,5;100
-8;7;100
-8;7,5;100
-8;8;100
-8;8,5;100
-8;9;100
-8;9,5;100
-8;10;100
-8;10,5;100
-8;11;100
-8;11,5;100
-8;12;100
-8;12,5;100
-8;13;100
-8;13,5;100
-8;14;100
-8;14,5;100
-8;15;100
-8;15,5;100
-8;16;96
-8;16,5;100
-8;17;76
-8;17,5;56
-8;18;100
-8;18,5;100
-8;19;100
-8;19,5;92
-8;20;100
-8;20,5;100
-8;21;76
-7,5;-76;52
-7,5;-75,5;96
-7,5;-75;80
-7,5;-74,5;56
-7,5;-74;0
-7,5;-73,5;28
-7,5;-73;20
-7,5;-72,5;76
-7,5;-72;60
-7,5;-71,5;76
-7,5;-71;84
-7,5;-70,5;96
-7,5;-70;80
-7,5;-69,5;76
-7,5;-69;68
-7,5;-68,5;92
-7,5;-68;64
-7,5;-67,5;60
-7,5;-67;72
-7,5;-66,5;88
-7,5;-66;88
-7,5;-65,5;68
-7,5;-65;88
-7,5;-64,5;100
-7,5;-64;100
-7,5;-63,5;100
-7,5;-63;100
-7,5;-62,5;100
-7,5;-62;100
-7,5;-61,5;100
-7,5;-61;100
-7,5;-60,5;100
-7,5;-60;100
-7,5;-59,5;100
-7,5;-59;100
-7,5;-58,5;100
-7,5;-58;100
-7,5;-57,5;96
-7,5;-57;100
-7,5;-56,5;96
-7,5;-56;100
-7,5;-55,5;52
-7,5;-55;100
-7,5;-54,5;100
-7,5;-54;100
-7,5;-53,5;100
-7,5;-53;100
-7,5;-52,5;100
-7,5;-52;100
-7,5;-51,5;100
-7,5;-51;100
-7,5;-50,5;100
-7,5;-50;100
-7,5;-49,5;100
-7,5;-49;100
-7,5;-48,5;100
-7,5;-48;100
-7,5;-47,5;100
-7,5;-47;100
-7,5;-46,5;68
-7,5;-46;72
-7,5;-45,5;64
-7,5;-45;32
-7,5;-44,5;96
-7,5;-44;100
-7,5;-43,5;100
-7,5;-43;100
-7,5;-42,5;100
-7,5;-42;100
-7,5;-41,5;100
-7,5;-41;100
-7,5;-40,5;100
-7,5;-40;100
-7,5;-39,5;100
-7,5;-39;100
-7,5;-38,5;100
-7,5;-38;100
-7,5;-37,5;100
-7,5;-37;100
-7,5;-36,5;100
-7,5;-36;100
-7,5;-35,5;100
-7,5;-35;100
-7,5;-34,5;100
-7,5;-34;100
-7,5;-33,5;100
-7,5;-33;100
-7,5;-32,5;100
-7,5;-32;100
-7,5;-31,5;100
-7,5;-31;100
-7,5;-30,5;100
-7,5;-30;100
-7,5;-29,5;100
-7,5;-29;100
-7,5;-28,5;100
-7,5;-28;100
-7,5;-27,5;100
-7,5;-27;100
-7,5;-26,5;100
-7,5;-26;100
-7,5;-25,5;100
-7,5;-25;100
-7,5;-24,5;100
-7,5;-24;100
-7,5;-23,5;100
-7,5;-23;100
-7,5;-22,5;100
-7,5;-22;100
-7,5;-21,5;48
-7,5;-21;0
-7,5;-20,5;0
-7,5;-20;0
-7,5;-19,5;0
-7,5;-19;0
-7,5;-18,5;0
-7,5;-18;0
-7,5;-17,5;0
-7,5;-17;0
-7,5;-16,5;0
-7,5;-16;0
-7,5;-15,5;0
-7,5;-15;0
-7,5;-14,5;0
-7,5;-14;0
-7,5;-13,5;0
-7,5;-13;60
-7,5;-12,5;64
-7,5;-12;64
-7,5;-11,5;100
-7,5;-11;100
-7,5;-10,5;100
-7,5;-10;96
-7,5;-9,5;100
-7,5;-9;100
-7,5;-8,5;100
-7,5;-8;100
-7,5;-7,5;100
-7,5;-7;100
-7,5;-6,5;100
-7,5;-6;100
-7,5;-5,5;100
-7,5;-5;100
-7,5;-4,5;100
-7,5;-4;100
-7,5;-3,5;100
-7,5;-3;100
-7,5;-2,5;100
-7,5;-2;96
-7,5;-1,5;100
-7,5;-1;96
-7,5;-0,5;100
-7,5;0;100
-7,5;0,5;100
-7,5;1;100
-7,5;1,5;100
-7,5;2;100
-7,5;2,5;100
-7,5;3;100
-7,5;3,5;100
-7,5;4;100
-7,5;4,5;100
-7,5;5;100
-7,5;5,5;100
-7,5;6;100
-7,5;6,5;100
-7,5;7;100
-7,5;7,5;100
-7,5;8;100
-7,5;8,5;100
-7,5;9;100
-7,5;9,5;100
-7,5;10;100
-7,5;10,5;100
-7,5;11;100
-7,5;11,5;100
-7,5;12;100
-7,5;12,5;100
-7,5;13;100
-7,5;13,5;100
-7,5;14;100
-7,5;14,5;100
-7,5;15;100
-7,5;15,5;100
-7,5;16;100
-7,5;16,5;100
-7,5;17;96
-7,5;17,5;72
-7,5;18;100
-7,5;18,5;100
-7,5;19;100
-7,5;19,5;100
-7,5;20;100
-7,5;20,5;100
-7,5;21;100
-7,5;21,5;8
-7;-76,5;4
-7;-76;80
-7;-75,5;80
-7;-75;88
-7;-74,5;80
-7;-74;24
-7;-73,5;0
-7;-73;24
-7;-72,5;20
-7;-72;44
-7;-71,5;72
-7;-71;64
-7;-70,5;64
-7;-70;76
-7;-69,5;80
-7;-69;64
-7;-68,5;96
-7;-68;84
-7;-67,5;68
-7;-67;72
-7;-66,5;16
-7;-66;44
-7;-65,5;84
-7;-65;80
-7;-64,5;100
-7;-64;100
-7;-63,5;100
-7;-63;100
-7;-62,5;100
-7;-62;100
-7;-61,5;100
-7;-61;100
-7;-60,5;100
-7;-60;84
-7;-59,5;100
-7;-59;100
-7;-58,5;100
-7;-58;100
-7;-57,5;100
-7;-57;100
-7;-56,5;96
-7;-56;100
-7;-55,5;84
-7;-55;100
-7;-54,5;100
-7;-54;100
-7;-53,5;100
-7;-53;100
-7;-52,5;100
-7;-52;100
-7;-51,5;100
-7;-51;100
-7;-50,5;100
-7;-50;100
-7;-49,5;100
-7;-49;100
-7;-48,5;100
-7;-48;100
-7;-47,5;100
-7;-47;100
-7;-46,5;100
-7;-46;100
-7;-45,5;96
-7;-45;92
-7;-44,5;100
-7;-44;96
-7;-43,5;92
-7;-43;100
-7;-42,5;100
-7;-42;100
-7;-41,5;100
-7;-41;100
-7;-40,5;100
-7;-40;100
-7;-39,5;100
-7;-39;100
-7;-38,5;100
-7;-38;100
-7;-37,5;100
-7;-37;100
-7;-36,5;100
-7;-36;100
-7;-35,5;100
-7;-35;100
-7;-34,5;100
-7;-34;100
-7;-33,5;100
-7;-33;100
-7;-32,5;100
-7;-32;100
-7;-31,5;100
-7;-31;100
-7;-30,5;100
-7;-30;100
-7;-29,5;100
-7;-29;100
-7;-28,5;100
-7;-28;100
-7;-27,5;100
-7;-27;100
-7;-26,5;96
-7;-26;100
-7;-25,5;100
-7;-25;100
-7;-24,5;100
-7;-24;100
-7;-23,5;100
-7;-23;100
-7;-22,5;100
-7;-22;100
-7;-21,5;56
-7;-21;0
-7;-20,5;0
-7;-20;0
-7;-19,5;0
-7;-19;0
-7;-18,5;0
-7;-18;0
-7;-17,5;0
-7;-17;0
-7;-16,5;0
-7;-16;0
-7;-15,5;0
-7;-15;4
-7;-14,5;36
-7;-14;32
-7;-13,5;0
-7;-13;8
-7;-12,5;16
-7;-12;76
-7;-11,5;92
-7;-11;100
-7;-10,5;100
-7;-10;100
-7;-9,5;100
-7;-9;100
-7;-8,5;100
-7;-8;100
-7;-7,5;100
-7;-7;96
-7;-6,5;100
-7;-6;92
-7;-5,5;96
-7;-5;100
-7;-4,5;100
-7;-4;100
-7;-3,5;100
-7;-3;100
-7;-2,5;100
-7;-2;100
-7;-1,5;100
-7;-1;100
-7;-0,5;100
-7;0;100
-7;0,5;100
-7;1;100
-7;1,5;100
-7;2;100
-7;2,5;100
-7;3;100
-7;3,5;100
-7;4;100
-7;4,5;100
-7;5;100
-7;5,5;100
-7;6;100
-7;6,5;100
-7;7;100
-7;7,5;100
-7;8;100
-7;8,5;100
-7;9;100
-7;9,5;100
-7;10;96
-7;10,5;100
-7;11;100
-7;11,5;100
-7;12;100
-7;12,5;100
-7;13;100
-7;13,5;100
-7;14;100
-7;14,5;100
-7;15;100
-7;15,5;100
-7;16;100
-7;16,5;100
-7;17;100
-7;17,5;100
-7;18;100
-7;18,5;100
-7;19;100
-7;19,5;100
-7;20;100
-7;20,5;100
-7;21;100
-7;21,5;44
-6,5;-76,5;40
-6,5;-76;96
-6,5;-75,5;88
-6,5;-75;100
-6,5;-74,5;100
-6,5;-74;44
-6,5;-73,5;0
-6,5;-73;8
-6,5;-72,5;16
-6,5;-72;48
-6,5;-71,5;36
-6,5;-71;72
-6,5;-70,5;80
-6,5;-70;76
-6,5;-69,5;88
-6,5;-69;88
-6,5;-68,5;72
-6,5;-68;80
-6,5;-67,5;72
-6,5;-67;56
-6,5;-66;0
-6,5;-65,5;60
-6,5;-65;88
-6,5;-64,5;96
-6,5;-64;100
-6,5;-63,5;100
-6,5;-63;100
-6,5;-62,5;100
-6,5;-62;100
-6,5;-61,5;100
-6,5;-61;100
-6,5;-60,5;92
-6,5;-60;60
-6,5;-59,5;100
-6,5;-59;100
-6,5;-58,5;100
-6,5;-58;100
-6,5;-57,5;100
-6,5;-57;100
-6,5;-56,5;96
-6,5;-56;100
-6,5;-55,5;64
-6,5;-55;96
-6,5;-54,5;100
-6,5;-54;100
-6,5;-53,5;96
-6,5;-53;96
-6,5;-52,5;100
-6,5;-52;100
-6,5;-51,5;100
-6,5;-51;100
-6,5;-50,5;100
-6,5;-50;100
-6,5;-49,5;100
-6,5;-49;100
-6,5;-48,5;100
-6,5;-48;100
-6,5;-47,5;100
-6,5;-47;100
-6,5;-46,5;100
-6,5;-46;92
-6,5;-45,5;60
-6,5;-45;92
-6,5;-44,5;100
-6,5;-44;100
-6,5;-43,5;100
-6,5;-43;100
-6,5;-42,5;100
-6,5;-42;100
-6,5;-41,5;100
-6,5;-41;100
-6,5;-40,5;100
-6,5;-40;100
-6,5;-39,5;100
-6,5;-39;100
-6,5;-38,5;100
-6,5;-38;100
-6,5;-37,5;100
-6,5;-37;100
-6,5;-36,5;100
-6,5;-36;100
-6,5;-35,5;100
-6,5;-35;100
-6,5;-34,5;100
-6,5;-34;100
-6,5;-33,5;100
-6,5;-33;100
-6,5;-32,5;100
-6,5;-32;100
-6,5;-31,5;100
-6,5;-31;100
-6,5;-30,5;100
-6,5;-30;100
-6,5;-29,5;100
-6,5;-29;100
-6,5;-28,5;100
-6,5;-28;100
-6,5;-27,5;100
-6,5;-27;100
-6,5;-26,5;88
-6,5;-26;96
-6,5;-25,5;96
-6,5;-25;100
-6,5;-24,5;100
-6,5;-24;100
-6,5;-23,5;100
-6,5;-23;100
-6,5;-22,5;100
-6,5;-22;100
-6,5;-21,5;52
-6,5;-21;0
-6,5;-20,5;0
-6,5;-20;0
-6,5;-19,5;0
-6,5;-19;0
-6,5;-18,5;0
-6,5;-18;0
-6,5;-17,5;0
-6,5;-17;0
-6,5;-16,5;0
-6,5;-16;0
-6,5;-15,5;12
-6,5;-15;72
-6,5;-14,5;92
-6,5;-14;100
-6,5;-13,5;68
-6,5;-13;72
-6,5;-12,5;84
-6,5;-12;92
-6,5;-11,5;76
-6,5;-11;92
-6,5;-10,5;100
-6,5;-10;100
-6,5;-9,5;100
-6,5;-9;100
-6,5;-8,5;96
-6,5;-8;100
-6,5;-7,5;100
-6,5;-7;76
-6,5;-6,5;96
-6,5;-6;96
-6,5;-5,5;88
-6,5;-5;100
-6,5;-4,5;100
-6,5;-4;100
-6,5;-3,5;100
-6,5;-3;100
-6,5;-2,5;100
-6,5;-2;100
-6,5;-1,5;100
-6,5;-1;100
-6,5;-0,5;100
-6,5;0;100
-6,5;0,5;100
-6,5;1;100
-6,5;1,5;100
-6,5;2;100
-6,5;2,5;100
-6,5;3;100
-6,5;3,5;100
-6,5;4;100
-6,5;4,5;100
-6,5;5;100
-6,5;5,5;100
-6,5;6;100
-6,5;6,5;100
-6,5;7;100
-6,5;7,5;100
-6,5;8;100
-6,5;8,5;100
-6,5;9;100
-6,5;9,5;100
-6,5;10;100
-6,5;10,5;100
-6,5;11;100
-6,5;11,5;100
-6,5;12;100
-6,5;12,5;100
-6,5;13;100
-6,5;13,5;100
-6,5;14;100
-6,5;14,5;100
-6,5;15;100
-6,5;15,5;100
-6,5;16;100
-6,5;16,5;100
-6,5;17;100
-6,5;17,5;100
-6,5;18;100
-6,5;18,5;100
-6,5;19;100
-6,5;19,5;100
-6,5;20;100
-6,5;20,5;100
-6,5;21;100
-6,5;21,5;68
-6;-76,5;56
-6;-76;96
-6;-75,5;64
-6;-75;72
-6;-74,5;72
-6;-74;8
-6;-73,5;0
-6;-73;36
-6;-72,5;24
-6;-72;48
-6;-71,5;28
-6;-71;64
-6;-70,5;92
-6;-70;96
-6;-69,5;76
-6;-69;88
-6;-68,5;80
-6;-68;60
-6;-67,5;40
-6;-67;76
-6;-66,5;20
-6;-66;0
-6;-65,5;40
-6;-65;100
-6;-64,5;92
-6;-64;100
-6;-63,5;100
-6;-63;100
-6;-62,5;100
-6;-62;100
-6;-61,5;100
-6;-61;100
-6;-60,5;100
-6;-60;100
-6;-59,5;100
-6;-59;100
-6;-58,5;100
-6;-58;100
-6;-57,5;100
-6;-57;100
-6;-56,5;100
-6;-56;100
-6;-55,5;72
-6;-55;96
-6;-54,5;96
-6;-54;100
-6;-53,5;100
-6;-53;96
-6;-52,5;100
-6;-52;100
-6;-51,5;100
-6;-51;100
-6;-50,5;100
-6;-50;100
-6;-49,5;100
-6;-49;92
-6;-48,5;100
-6;-48;96
-6;-47,5;84
-6;-47;100
-6;-46,5;76
-6;-46;76
-6;-45,5;72
-6;-45;96
-6;-44,5;100
-6;-44;100
-6;-43,5;100
-6;-43;100
-6;-42,5;100
-6;-42;100
-6;-41,5;100
-6;-41;100
-6;-40,5;100
-6;-40;100
-6;-39,5;100
-6;-39;100
-6;-38,5;100
-6;-38;100
-6;-37,5;100
-6;-37;100
-6;-36,5;100
-6;-36;96
-6;-35,5;92
-6;-35;96
-6;-34,5;100
-6;-34;100
-6;-33,5;100
-6;-33;100
-6;-32,5;100
-6;-32;100
-6;-31,5;100
-6;-31;100
-6;-30,5;100
-6;-30;100
-6;-29,5;100
-6;-29;100
-6;-28,5;100
-6;-28;100
-6;-27,5;100
-6;-27;100
-6;-26,5;100
-6;-26;96
-6;-25,5;100
-6;-25;100
-6;-24,5;100
-6;-24;100
-6;-23,5;100
-6;-23;100
-6;-22,5;76
-6;-22;12
-6;-21,5;8
-6;-21;0
-6;-20,5;0
-6;-20;0
-6;-19,5;0
-6;-19;0
-6;-18,5;0
-6;-18;0
-6;-17,5;0
-6;-17;0
-6;-16,5;8
-6;-16;4
-6;-15,5;4
-6;-15;20
-6;-14,5;96
-6;-14;100
-6;-13,5;100
-6;-13;100
-6;-12,5;96
-6;-12;92
-6;-11,5;76
-6;-11;96
-6;-10,5;100
-6;-10;100
-6;-9,5;100
-6;-9;100
-6;-8,5;100
-6;-8;100
-6;-7,5;88
-6;-7;100
-6;-6,5;100
-6;-6;100
-6;-5,5;80
-6;-5;96
-6;-4,5;100
-6;-4;100
-6;-3,5;100
-6;-3;100
-6;-2,5;100
-6;-2;100
-6;-1,5;100
-6;-1;100
-6;-0,5;100
-6;0;100
-6;0,5;100
-6;1;100
-6;1,5;100
-6;2;100
-6;2,5;100
-6;3;100
-6;3,5;100
-6;4;100
-6;4,5;100
-6;5;100
-6;5,5;100
-6;6;100
-6;6,5;100
-6;7;100
-6;7,5;100
-6;8;100
-6;8,5;100
-6;9;100
-6;9,5;96
-6;10;100
-6;10,5;100
-6;11;100
-6;11,5;100
-6;12;100
-6;12,5;100
-6;13;100
-6;13,5;100
-6;14;100
-6;14,5;100
-6;15;100
-6;15,5;100
-6;16;100
-6;16,5;100
-6;17;100
-6;17,5;84
-6;18;100
-6;18,5;100
-6;19;100
-6;19,5;100
-6;20;100
-6;20,5;100
-6;21;100
-6;21,5;96
-5,5;-76,5;44
-5,5;-76;76
-5,5;-75,5;92
-5,5;-75;72
-5,5;-74,5;36
-5,5;-74;16
-5,5;-73,5;0
-5,5;-73;16
-5,5;-72,5;8
-5,5;-72;0
-5,5;-71,5;0
-5,5;-71;64
-5,5;-70,5;88
-5,5;-70;96
-5,5;-69,5;100
-5,5;-69;96
-5,5;-68,5;84
-5,5;-68;40
-5,5;-67,5;44
-5,5;-67;84
-5,5;-66,5;84
-5,5;-66;40
-5,5;-65,5;28
-5,5;-65;92
-5,5;-64,5;100
-5,5;-64;100
-5,5;-63,5;100
-5,5;-63;100
-5,5;-62,5;100
-5,5;-62;100
-5,5;-61,5;100
-5,5;-61;100
-5,5;-60,5;100
-5,5;-60;100
-5,5;-59,5;96
-5,5;-59;100
-5,5;-58,5;100
-5,5;-58;100
-5,5;-57,5;100
-5,5;-57;100
-5,5;-56,5;100
-5,5;-56;96
-5,5;-55,5;100
-5,5;-55;100
-5,5;-54,5;88
-5,5;-54;100
-5,5;-53,5;100
-5,5;-53;100
-5,5;-52,5;100
-5,5;-52;100
-5,5;-51,5;100
-5,5;-51;100
-5,5;-50,5;100
-5,5;-50;100
-5,5;-49,5;96
-5,5;-49;84
-5,5;-48,5;100
-5,5;-48;32
-5,5;-47,5;52
-5,5;-47;40
-5,5;-46,5;56
-5,5;-46;60
-5,5;-45,5;68
-5,5;-45;80
-5,5;-44,5;100
-5,5;-44;100
-5,5;-43,5;96
-5,5;-43;100
-5,5;-42,5;100
-5,5;-42;100
-5,5;-41,5;100
-5,5;-41;100
-5,5;-40,5;96
-5,5;-40;100
-5,5;-39,5;100
-5,5;-39;100
-5,5;-38,5;100
-5,5;-38;100
-5,5;-37,5;100
-5,5;-37;100
-5,5;-36,5;100
-5,5;-36;100
-5,5;-35,5;100
-5,5;-35;100
-5,5;-34,5;100
-5,5;-34;100
-5,5;-33,5;100
-5,5;-33;100
-5,5;-32,5;100
-5,5;-32;100
-5,5;-31,5;100
-5,5;-31;100
-5,5;-30,5;100
-5,5;-30;100
-5,5;-29,5;100
-5,5;-29;100
-5,5;-28,5;100
-5,5;-28;100
-5,5;-27,5;100
-5,5;-27;100
-5,5;-26,5;100
-5,5;-26;100
-5,5;-25,5;100
-5,5;-25;100
-5,5;-24,5;100
-5,5;-24;100
-5,5;-23,5;100
-5,5;-23;96
-5,5;-22,5;20
-5,5;-22;0
-5,5;-21,5;12
-5,5;-21;36
-5,5;-20,5;8
-5,5;-20;0
-5,5;-19,5;0
-5,5;-19;0
-5,5;-18,5;0
-5,5;-18;36
-5,5;-17,5;32
-5,5;-17;68
-5,5;-16,5;80
-5,5;-16;84
-5,5;-15,5;64
-5,5;-15;60
-5,5;-14,5;84
-5,5;-14;100
-5,5;-13,5;100
-5,5;-13;92
-5,5;-12,5;92
-5,5;-12;92
-5,5;-11,5;100
-5,5;-11;100
-5,5;-10,5;100
-5,5;-10;100
-5,5;-9,5;100
-5,5;-9;100
-5,5;-8,5;96
-5,5;-8;100
-5,5;-7,5;100
-5,5;-7;100
-5,5;-6,5;100
-5,5;-6;100
-5,5;-5,5;96
-5,5;-5;100
-5,5;-4,5;100
-5,5;-4;100
-5,5;-3,5;100
-5,5;-3;100
-5,5;-2,5;100
-5,5;-2;100
-5,5;-1,5;100
-5,5;-1;100
-5,5;-0,5;100
-5,5;0;100
-5,5;0,5;100
-5,5;1;100
-5,5;1,5;100
-5,5;2;100
-5,5;2,5;100
-5,5;3;100
-5,5;3,5;100
-5,5;4;100
-5,5;4,5;100
-5,5;5;100
-5,5;5,5;100
-5,5;6;100
-5,5;6,5;100
-5,5;7;100
-5,5;7,5;100
-5,5;8;100
-5,5;8,5;100
-5,5;9;100
-5,5;9,5;100
-5,5;10;100
-5,5;10,5;100
-5,5;11;100
-5,5;11,5;100
-5,5;12;100
-5,5;12,5;100
-5,5;13;100
-5,5;13,5;100
-5,5;14;100
-5,5;14,5;100
-5,5;15;100
-5,5;15,5;100
-5,5;16;100
-5,5;16,5;68
-5,5;17;12
-5,5;17,5;28
-5,5;18;88
-5,5;18,5;100
-5,5;19;100
-5,5;19,5;100
-5,5;20;100
-5,5;20,5;100
-5,5;21;100
-5,5;21,5;100
-5,5;22;24
-5;-77;12
-5;-76,5;32
-5;-76;96
-5;-75,5;100
-5;-75;52
-5;-74,5;16
-5;-74;16
-5;-73,5;0
-5;-73;0
-5;-72,5;0
-5;-72;12
-5;-71,5;36
-5;-71;48
-5;-70,5;68
-5;-70;88
-5;-69,5;100
-5;-69;92
-5;-68,5;76
-5;-68;56
-5;-67,5;44
-5;-67;68
-5;-66,5;80
-5;-66;80
-5;-65,5;76
-5;-65;100
-5;-64,5;100
-5;-64;100
-5;-63,5;100
-5;-63;100
-5;-62,5;100
-5;-62;100
-5;-61,5;100
-5;-61;100
-5;-60,5;100
-5;-60;100
-5;-59,5;100
-5;-59;100
-5;-58,5;100
-5;-58;100
-5;-57,5;100
-5;-57;100
-5;-56,5;100
-5;-56;100
-5;-55,5;88
-5;-55;60
-5;-54,5;60
-5;-54;72
-5;-53,5;96
-5;-53;100
-5;-52,5;100
-5;-52;100
-5;-51,5;100
-5;-51;100
-5;-50,5;100
-5;-50;100
-5;-49,5;100
-5;-49;100
-5;-48,5;100
-5;-48;84
-5;-47,5;88
-5;-47;44
-5;-46,5;16
-5;-46;32
-5;-45,5;72
-5;-45;88
-5;-44,5;100
-5;-44;96
-5;-43,5;100
-5;-43;100
-5;-42,5;100
-5;-42;100
-5;-41,5;100
-5;-41;100
-5;-40,5;96
-5;-40;100
-5;-39,5;100
-5;-39;100
-5;-38,5;100
-5;-38;100
-5;-37,5;100
-5;-37;100
-5;-36,5;100
-5;-36;100
-5;-35,5;100
-5;-35;100
-5;-34,5;100
-5;-34;100
-5;-33,5;100
-5;-33;100
-5;-32,5;100
-5;-32;100
-5;-31,5;100
-5;-31;100
-5;-30,5;100
-5;-30;100
-5;-29,5;100
-5;-29;100
-5;-28,5;100
-5;-28;100
-5;-27,5;100
-5;-27;100
-5;-26,5;100
-5;-26;100
-5;-25,5;100
-5;-25;100
-5;-24,5;100
-5;-24;100
-5;-23,5;100
-5;-23;100
-5;-22,5;64
-5;-22;72
-5;-21,5;100
-5;-21;100
-5;-20,5;40
-5;-20;0
-5;-19,5;0
-5;-19;36
-5;-18,5;60
-5;-18;80
-5;-17,5;96
-5;-17;100
-5;-16,5;100
-5;-16;100
-5;-15,5;100
-5;-15;100
-5;-14,5;100
-5;-14;100
-5;-13,5;100
-5;-13;100
-5;-12,5;92
-5;-12;92
-5;-11,5;100
-5;-11;100
-5;-10,5;100
-5;-10;100
-5;-9,5;100
-5;-9;100
-5;-8,5;96
-5;-8;100
-5;-7,5;100
-5;-7;100
-5;-6,5;100
-5;-6;100
-5;-5,5;100
-5;-5;100
-5;-4,5;100
-5;-4;100
-5;-3,5;100
-5;-3;100
-5;-2,5;100
-5;-2;100
-5;-1,5;100
-5;-1;100
-5;-0,5;100
-5;0;100
-5;0,5;100
-5;1;100
-5;1,5;100
-5;2;100
-5;2,5;100
-5;3;100
-5;3,5;100
-5;4;100
-5;4,5;100
-5;5;100
-5;5,5;100
-5;6;100
-5;6,5;100
-5;7;100
-5;7,5;100
-5;8;100
-5;8,5;100
-5;9;100
-5;9,5;100
-5;10;100
-5;10,5;100
-5;11;100
-5;11,5;100
-5;12;100
-5;12,5;100
-5;13;100
-5;13,5;100
-5;14;100
-5;14,5;100
-5;15;100
-5;15,5;92
-5;16;80
-5;16,5;44
-5;17;36
-5;17,5;84
-5;18;92
-5;18,5;100
-5;19;100
-5;19,5;100
-5;20;100
-5;20,5;92
-5;21;100
-5;21,5;100
-5;22;40
-4,5;-77;36
-4,5;-76,5;44
-4,5;-76;68
-4,5;-75,5;52
-4,5;-75;52
-4,5;-74,5;12
-4,5;-74;52
-4,5;-73,5;28
-4,5;-73;0
-4,5;-72,5;32
-4,5;-72;16
-4,5;-71,5;52
-4,5;-71;24
-4,5;-70,5;32
-4,5;-70;76
-4,5;-69,5;72
-4,5;-69;52
-4,5;-68,5;68
-4,5;-68;24
-4,5;-67,5;44
-4,5;-67;12
-4,5;-66,5;52
-4,5;-66;64
-4,5;-65,5;80
-4,5;-65;100
-4,5;-64,5;100
-4,5;-64;96
-4,5;-63,5;100
-4,5;-63;100
-4,5;-62,5;100
-4,5;-62;100
-4,5;-61,5;100
-4,5;-61;100
-4,5;-60,5;100
-4,5;-60;100
-4,5;-59,5;100
-4,5;-59;100
-4,5;-58,5;100
-4,5;-58;100
-4,5;-57,5;100
-4,5;-57;100
-4,5;-56,5;100
-4,5;-56;100
-4,5;-55,5;100
-4,5;-55;92
-4,5;-54,5;96
-4,5;-54;92
-4,5;-53,5;100
-4,5;-53;100
-4,5;-52,5;100
-4,5;-52;100
-4,5;-51,5;100
-4,5;-51;100
-4,5;-50,5;100
-4,5;-50;100
-4,5;-49,5;100
-4,5;-49;100
-4,5;-48,5;100
-4,5;-48;100
-4,5;-47,5;100
-4,5;-47;96
-4,5;-46,5;92
-4,5;-46;76
-4,5;-45,5;72
-4,5;-45;96
-4,5;-44,5;100
-4,5;-44;100
-4,5;-43,5;100
-4,5;-43;100
-4,5;-42,5;100
-4,5;-42;100
-4,5;-41,5;100
-4,5;-41;92
-4,5;-40,5;100
-4,5;-40;100
-4,5;-39,5;100
-4,5;-39;100
-4,5;-38,5;100
-4,5;-38;100
-4,5;-37,5;100
-4,5;-37;100
-4,5;-36,5;100
-4,5;-36;100
-4,5;-35,5;100
-4,5;-35;100
-4,5;-34,5;100
-4,5;-34;100
-4,5;-33,5;100
-4,5;-33;100
-4,5;-32,5;100
-4,5;-32;100
-4,5;-31,5;100
-4,5;-31;100
-4,5;-30,5;100
-4,5;-30;100
-4,5;-29,5;100
-4,5;-29;100
-4,5;-28,5;100
-4,5;-28;100
-4,5;-27,5;100
-4,5;-27;100
-4,5;-26,5;100
-4,5;-26;100
-4,5;-25,5;100
-4,5;-25;100
-4,5;-24,5;100
-4,5;-24;100
-4,5;-23,5;100
-4,5;-23;100
-4,5;-22,5;100
-4,5;-22;100
-4,5;-21,5;80
-4,5;-21;28
-4,5;-20,5;0
-4,5;-20;0
-4,5;-19,5;0
-4,5;-19;32
-4,5;-18,5;96
-4,5;-18;92
-4,5;-17,5;100
-4,5;-17;100
-4,5;-16,5;100
-4,5;-16;100
-4,5;-15,5;100
-4,5;-15;100
-4,5;-14,5;100
-4,5;-14;100
-4,5;-13,5;100
-4,5;-13;100
-4,5;-12,5;100
-4,5;-12;100
-4,5;-11,5;100
-4,5;-11;100
-4,5;-10,5;100
-4,5;-10;100
-4,5;-9,5;100
-4,5;-9;100
-4,5;-8,5;100
-4,5;-8;100
-4,5;-7,5;100
-4,5;-7;100
-4,5;-6,5;100
-4,5;-6;100
-4,5;-5,5;100
-4,5;-5;100
-4,5;-4,5;100
-4,5;-4;100
-4,5;-3,5;92
-4,5;-3;84
-4,5;-2,5;100
-4,5;-2;100
-4,5;-1,5;100
-4,5;-1;100
-4,5;-0,5;100
-4,5;0;100
-4,5;0,5;100
-4,5;1;100
-4,5;1,5;100
-4,5;2;100
-4,5;2,5;100
-4,5;3;100
-4,5;3,5;100
-4,5;4;100
-4,5;4,5;100
-4,5;5;100
-4,5;5,5;100
-4,5;6;100
-4,5;6,5;100
-4,5;7;100
-4,5;7,5;100
-4,5;8;100
-4,5;8,5;100
-4,5;9;100
-4,5;9,5;100
-4,5;10;100
-4,5;10,5;100
-4,5;11;100
-4,5;11,5;100
-4,5;12;100
-4,5;12,5;100
-4,5;13;100
-4,5;13,5;100
-4,5;14;100
-4,5;14,5;92
-4,5;15;100
-4,5;15,5;32
-4,5;16;12
-4,5;16,5;44
-4,5;17;88
-4,5;17,5;100
-4,5;18;100
-4,5;18,5;100
-4,5;19;100
-4,5;19,5;100
-4,5;20;76
-4,5;20,5;80
-4,5;21;100
-4,5;21,5;100
-4,5;22;60
-4;-77;40
-4;-76,5;48
-4;-76;4
-4;-75,5;20
-4;-75;36
-4;-74,5;8
-4;-74;68
-4;-73,5;76
-4;-73;20
-4;-72,5;16
-4;-72;0
-4;-71,5;12
-4;-71;24
-4;-70,5;8
-4;-70;20
-4;-69,5;56
-4;-69;20
-4;-68,5;24
-4;-68;32
-4;-67,5;4
-4;-67;16
-4;-66,5;44
-4;-66;44
-4;-65,5;68
-4;-65;100
-4;-64,5;100
-4;-64;92
-4;-63,5;100
-4;-63;100
-4;-62,5;100
-4;-62;100
-4;-61,5;100
-4;-61;100
-4;-60,5;100
-4;-60;100
-4;-59,5;100
-4;-59;100
-4;-58,5;100
-4;-58;100
-4;-57,5;100
-4;-57;96
-4;-56,5;100
-4;-56;100
-4;-55,5;96
-4;-55;100
-4;-54,5;96
-4;-54;100
-4;-53,5;100
-4;-53;100
-4;-52,5;100
-4;-52;100
-4;-51,5;100
-4;-51;96
-4;-50,5;88
-4;-50;96
-4;-49,5;100
-4;-49;100
-4;-48,5;80
-4;-48;60
-4;-47,5;100
-4;-47;100
-4;-46,5;100
-4;-46;100
-4;-45,5;100
-4;-45;100
-4;-44,5;100
-4;-44;100
-4;-43,5;100
-4;-43;100
-4;-42,5;100
-4;-42;100
-4;-41,5;100
-4;-41;100
-4;-40,5;100
-4;-40;100
-4;-39,5;100
-4;-39;100
-4;-38,5;100
-4;-38;100
-4;-37,5;100
-4;-37;100
-4;-36,5;100
-4;-36;100
-4;-35,5;100
-4;-35;100
-4;-34,5;100
-4;-34;100
-4;-33,5;100
-4;-33;100
-4;-32,5;100
-4;-32;100
-4;-31,5;100
-4;-31;100
-4;-30,5;100
-4;-30;100
-4;-29,5;100
-4;-29;100
-4;-28,5;100
-4;-28;100
-4;-27,5;100
-4;-27;100
-4;-26,5;100
-4;-26;100
-4;-25,5;100
-4;-25;100
-4;-24,5;100
-4;-24;100
-4;-23,5;100
-4;-23;100
-4;-22,5;100
-4;-22;76
-4;-21,5;60
-4;-21;0
-4;-20,5;0
-4;-20;12
-4;-19,5;28
-4;-19;44
-4;-18,5;76
-4;-18;100
-4;-17,5;96
-4;-17;100
-4;-16,5;100
-4;-16;100
-4;-15,5;100
-4;-15;100
-4;-14,5;100
-4;-14;100
-4;-13,5;100
-4;-13;100
-4;-12,5;100
-4;-12;100
-4;-11,5;100
-4;-11;100
-4;-10,5;100
-4;-10;100
-4;-9,5;100
-4;-9;100
-4;-8,5;100
-4;-8;100
-4;-7,5;100
-4;-7;100
-4;-6,5;100
-4;-6;96
-4;-5,5;100
-4;-5;100
-4;-4,5;100
-4;-4;100
-4;-3,5;100
-4;-3;80
-4;-2,5;100
-4;-2;100
-4;-1,5;100
-4;-1;100
-4;-0,5;100
-4;0;100
-4;0,5;100
-4;1;100
-4;1,5;100
-4;2;100
-4;2,5;100
-4;3;100
-4;3,5;100
-4;4;100
-4;4,5;100
-4;5;100
-4;5,5;100
-4;6;100
-4;6,5;100
-4;7;100
-4;7,5;100
-4;8;100
-4;8,5;100
-4;9;100
-4;9,5;100
-4;10;100
-4;10,5;100
-4;11;100
-4;11,5;100
-4;12;100
-4;12,5;100
-4;13;100
-4;13,5;100
-4;14;100
-4;14,5;100
-4;15;100
-4;15,5;84
-4;16;24
-4;16,5;84
-4;17;96
-4;17,5;100
-4;18;100
-4;18,5;100
-4;19;100
-4;19,5;100
-4;20;84
-4;20,5;64
-4;21;96
-4;21,5;100
-4;22;80
-3,5;-77;8
-3,5;-76,5;8
-3,5;-76;0
-3,5;-75,5;12
-3,5;-75;24
-3,5;-74,5;8
-3,5;-74;76
-3,5;-73,5;84
-3,5;-73;64
-3,5;-72,5;28
-3,5;-72;4
-3,5;-71,5;12
-3,5;-71;4
-3,5;-70,5;12
-3,5;-70;12
-3,5;-69,5;20
-3,5;-68;20
-3,5;-67,5;28
-3,5;-67;92
-3,5;-66,5;64
-3,5;-66;88
-3,5;-65,5;96
-3,5;-65;100
-3,5;-64,5;100
-3,5;-64;100
-3,5;-63,5;100
-3,5;-63;100
-3,5;-62,5;100
-3,5;-62;100
-3,5;-61,5;100
-3,5;-61;100
-3,5;-60,5;100
-3,5;-60;100
-3,5;-59,5;100
-3,5;-59;100
-3,5;-58,5;100
-3,5;-58;100
-3,5;-57,5;100
-3,5;-57;100
-3,5;-56,5;100
-3,5;-56;96
-3,5;-55,5;100
-3,5;-55;100
-3,5;-54,5;100
-3,5;-54;100
-3,5;-53,5;100
-3,5;-53;100
-3,5;-52,5;100
-3,5;-52;100
-3,5;-51,5;100
-3,5;-51;100
-3,5;-50,5;100
-3,5;-50;100
-3,5;-49,5;100
-3,5;-49;96
-3,5;-48,5;100
-3,5;-48;100
-3,5;-47,5;100
-3,5;-47;100
-3,5;-46,5;100
-3,5;-46;100
-3,5;-45,5;100
-3,5;-45;100
-3,5;-44,5;100
-3,5;-44;100
-3,5;-43,5;100
-3,5;-43;100
-3,5;-42,5;100
-3,5;-42;100
-3,5;-41,5;100
-3,5;-41;100
-3,5;-40,5;100
-3,5;-40;100
-3,5;-39,5;100
-3,5;-39;100
-3,5;-38,5;100
-3,5;-38;100
-3,5;-37,5;100
-3,5;-37;100
-3,5;-36,5;100
-3,5;-36;100
-3,5;-35,5;100
-3,5;-35;100
-3,5;-34,5;100
-3,5;-34;100
-3,5;-33,5;100
-3,5;-33;100
-3,5;-32,5;100
-3,5;-32;100
-3,5;-31,5;100
-3,5;-31;100
-3,5;-30,5;100
-3,5;-30;100
-3,5;-29,5;100
-3,5;-29;100
-3,5;-28,5;100
-3,5;-28;100
-3,5;-27,5;100
-3,5;-27;96
-3,5;-26,5;100
-3,5;-26;100
-3,5;-25,5;100
-3,5;-25;100
-3,5;-24,5;100
-3,5;-24;100
-3,5;-23,5;100
-3,5;-23;100
-3,5;-22,5;100
-3,5;-22;92
-3,5;-21,5;8
-3,5;-21;36
-3,5;-20,5;84
-3,5;-20;92
-3,5;-19,5;52
-3,5;-19;56
-3,5;-18,5;88
-3,5;-18;92
-3,5;-17,5;100
-3,5;-17;100
-3,5;-16,5;100
-3,5;-16;100
-3,5;-15,5;100
-3,5;-15;100
-3,5;-14,5;100
-3,5;-14;100
-3,5;-13,5;100
-3,5;-13;100
-3,5;-12,5;100
-3,5;-12;100
-3,5;-11,5;100
-3,5;-11;100
-3,5;-10,5;100
-3,5;-10;100
-3,5;-9,5;100
-3,5;-9;100
-3,5;-8,5;100
-3,5;-8;100
-3,5;-7,5;100
-3,5;-7;100
-3,5;-6,5;100
-3,5;-6;100
-3,5;-5,5;100
-3,5;-5;100
-3,5;-4,5;100
-3,5;-4;100
-3,5;-3,5;100
-3,5;-3;100
-3,5;-2,5;100
-3,5;-2;100
-3,5;-1,5;100
-3,5;-1;100
-3,5;-0,5;100
-3,5;0;100
-3,5;0,5;100
-3,5;1;100
-3,5;1,5;100
-3,5;2;100
-3,5;2,5;100
-3,5;3;100
-3,5;3,5;100
-3,5;4;100
-3,5;4,5;100
-3,5;5;100
-3,5;5,5;100
-3,5;6;100
-3,5;6,5;100
-3,5;7;100
-3,5;7,5;100
-3,5;8;100
-3,5;8,5;100
-3,5;9;100
-3,5;9,5;96
-3,5;10;100
-3,5;10,5;92
-3,5;11;100
-3,5;11,5;100
-3,5;12;100
-3,5;12,5;100
-3,5;13;100
-3,5;13,5;100
-3,5;14;100
-3,5;14,5;100
-3,5;15;100
-3,5;15,5;100
-3,5;16;80
-3,5;16,5;100
-3,5;17;100
-3,5;17,5;100
-3,5;18;100
-3,5;18,5;100
-3,5;19;84
-3,5;19,5;100
-3,5;20;92
-3,5;20,5;52
-3,5;21;100
-3,5;21,5;100
-3,5;22;96
-3;-77,5;0
-3;-77;0
-3;-76,5;0
-3;-76;0
-3;-75,5;0
-3;-75;12
-3;-74;72
-3;-73,5;80
-3;-73;32
-3;-72,5;32
-3;-72;72
-3;-71,5;56
-3;-71;72
-3;-70,5;32
-3;-70;80
-3;-69,5;44
-3;-69;4
-3;-68;48
-3;-67,5;80
-3;-67;96
-3;-66,5;96
-3;-66;84
-3;-65,5;92
-3;-65;100
-3;-64,5;100
-3;-64;100
-3;-63,5;100
-3;-63;100
-3;-62,5;100
-3;-62;100
-3;-61,5;100
-3;-61;100
-3;-60,5;100
-3;-60;100
-3;-59,5;100
-3;-59;100
-3;-58,5;100
-3;-58;100
-3;-57,5;100
-3;-57;100
-3;-56,5;100
-3;-56;100
-3;-55,5;100
-3;-55;100
-3;-54,5;100
-3;-54;100
-3;-53,5;100
-3;-53;100
-3;-52,5;100
-3;-52;100
-3;-51,5;100
-3;-51;100
-3;-50,5;100
-3;-50;100
-3;-49,5;96
-3;-49;100
-3;-48,5;96
-3;-48;76
-3;-47,5;100
-3;-47;100
-3;-46,5;100
-3;-46;100
-3;-45,5;100
-3;-45;100
-3;-44,5;100
-3;-44;100
-3;-43,5;100
-3;-43;100
-3;-42,5;100
-3;-42;100
-3;-41,5;100
-3;-41;100
-3;-40,5;96
-3;-40;76
-3;-39,5;100
-3;-39;100
-3;-38,5;100
-3;-38;100
-3;-37,5;100
-3;-37;100
-3;-36,5;100
-3;-36;100
-3;-35,5;100
-3;-35;100
-3;-34,5;100
-3;-34;100
-3;-33,5;100
-3;-33;100
-3;-32,5;100
-3;-32;100
-3;-31,5;100
-3;-31;100
-3;-30,5;100
-3;-30;96
-3;-29,5;100
-3;-29;100
-3;-28,5;100
-3;-28;100
-3;-27,5;96
-3;-27;100
-3;-26,5;100
-3;-26;100
-3;-25,5;100
-3;-25;100
-3;-24,5;100
-3;-24;100
-3;-23,5;100
-3;-23;100
-3;-22,5;100
-3;-22;96
-3;-21,5;88
-3;-21;92
-3;-20,5;100
-3;-20;100
-3;-19,5;96
-3;-19;92
-3;-18,5;96
-3;-18;100
-3;-17,5;100
-3;-17;100
-3;-16,5;100
-3;-16;100
-3;-15,5;100
-3;-15;96
-3;-14,5;100
-3;-14;100
-3;-13,5;100
-3;-13;100
-3;-12,5;100
-3;-12;100
-3;-11,5;100
-3;-11;100
-3;-10,5;100
-3;-10;100
-3;-9,5;100
-3;-9;100
-3;-8,5;100
-3;-8;100
-3;-7,5;100
-3;-7;100
-3;-6,5;100
-3;-6;100
-3;-5,5;100
-3;-5;100
-3;-4,5;100
-3;-4;100
-3;-3,5;100
-3;-3;100
-3;-2,5;100
-3;-2;100
-3;-1,5;100
-3;-1;100
-3;-0,5;100
-3;0;100
-3;0,5;100
-3;1;100
-3;1,5;100
-3;2;100
-3;2,5;100
-3;3;100
-3;3,5;100
-3;4;100
-3;4,5;100
-3;5;100
-3;5,5;100
-3;6;100
-3;6,5;100
-3;7;100
-3;7,5;100
-3;8;100
-3;8,5;100
-3;9;100
-3;9,5;96
-3;10;76
-3;10,5;96
-3;11;100
-3;11,5;100
-3;12;100
-3;12,5;100
-3;13;100
-3;13,5;100
-3;14;100
-3;14,5;100
-3;15;100
-3;15,5;100
-3;16;100
-3;16,5;100
-3;17;100
-3;17,5;100
-3;18;100
-3;18,5;100
-3;19;84
-3;19,5;100
-3;20;80
-3;20,5;96
-3;21;100
-3;21,5;100
-3;22;100
-3;22,5;8
-2,5;-77;0
-2,5;-76,5;0
-2,5;-76;0
-2,5;-75,5;0
-2,5;-75;4
-2,5;-74,5;16
-2,5;-74;52
-2,5;-73,5;84
-2,5;-73;44
-2,5;-72,5;96
-2,5;-72;100
-2,5;-71,5;96
-2,5;-71;96
-2,5;-70,5;92
-2,5;-70;100
-2,5;-69,5;80
-2,5;-69;80
-2,5;-68,5;44
-2,5;-68;32
-2,5;-67,5;92
-2,5;-67;100
-2,5;-66,5;100
-2,5;-66;100
-2,5;-65,5;100
-2,5;-65;100
-2,5;-64,5;100
-2,5;-64;100
-2,5;-63,5;100
-2,5;-63;100
-2,5;-62,5;100
-2,5;-62;100
-2,5;-61,5;100
-2,5;-61;100
-2,5;-60,5;100
-2,5;-60;100
-2,5;-59,5;100
-2,5;-59;100
-2,5;-58,5;100
-2,5;-58;100
-2,5;-57,5;100
-2,5;-57;100
-2,5;-56,5;100
-2,5;-56;100
-2,5;-55,5;100
-2,5;-55;100
-2,5;-54,5;100
-2,5;-54;100
-2,5;-53,5;100
-2,5;-53;100
-2,5;-52,5;100
-2,5;-52;100
-2,5;-51,5;100
-2,5;-51;100
-2,5;-50,5;100
-2,5;-50;100
-2,5;-49,5;100
-2,5;-49;100
-2,5;-48,5;100
-2,5;-48;100
-2,5;-47,5;100
-2,5;-47;100
-2,5;-46,5;100
-2,5;-46;100
-2,5;-45,5;100
-2,5;-45;100
-2,5;-44,5;100
-2,5;-44;100
-2,5;-43,5;100
-2,5;-43;100
-2,5;-42,5;100
-2,5;-42;100
-2,5;-41,5;100
-2,5;-41;100
-2,5;-40,5;100
-2,5;-40;100
-2,5;-39,5;100
-2,5;-39;100
-2,5;-38,5;100
-2,5;-38;100
-2,5;-37,5;100
-2,5;-37;100
-2,5;-36,5;100
-2,5;-36;100
-2,5;-35,5;100
-2,5;-35;100
-2,5;-34,5;100
-2,5;-34;100
-2,5;-33,5;100
-2,5;-33;100
-2,5;-32,5;100
-2,5;-32;100
-2,5;-31,5;100
-2,5;-31;100
-2,5;-30,5;100
-2,5;-30;100
-2,5;-29,5;100
-2,5;-29;100
-2,5;-28,5;100
-2,5;-28;100
-2,5;-27,5;100
-2,5;-27;100
-2,5;-26,5;100
-2,5;-26;100
-2,5;-25,5;100
-2,5;-25;100
-2,5;-24,5;100
-2,5;-24;100
-2,5;-23,5;100
-2,5;-23;100
-2,5;-22,5;100
-2,5;-22;100
-2,5;-21,5;100
-2,5;-21;100
-2,5;-20,5;100
-2,5;-20;100
-2,5;-19,5;100
-2,5;-19;100
-2,5;-18,5;96
-2,5;-18;100
-2,5;-17,5;100
-2,5;-17;100
-2,5;-16,5;100
-2,5;-16;100
-2,5;-15,5;100
-2,5;-15;100
-2,5;-14,5;100
-2,5;-14;100
-2,5;-13,5;100
-2,5;-13;100
-2,5;-12,5;100
-2,5;-12;100
-2,5;-11,5;100
-2,5;-11;100
-2,5;-10,5;100
-2,5;-10;100
-2,5;-9,5;100
-2,5;-9;100
-2,5;-8,5;100
-2,5;-8;100
-2,5;-7,5;100
-2,5;-7;100
-2,5;-6,5;100
-2,5;-6;100
-2,5;-5,5;100
-2,5;-5;100
-2,5;-4,5;100
-2,5;-4;100
-2,5;-3,5;100
-2,5;-3;100
-2,5;-2,5;100
-2,5;-2;100
-2,5;-1,5;100
-2,5;-1;100
-2,5;-0,5;100
-2,5;0;100
-2,5;0,5;100
-2,5;1;100
-2,5;1,5;100
-2,5;2;100
-2,5;2,5;100
-2,5;3;100
-2,5;3,5;100
-2,5;4;100
-2,5;4,5;100
-2,5;5;100
-2,5;5,5;100
-2,5;6;100
-2,5;6,5;100
-2,5;7;100
-2,5;7,5;100
-2,5;8;100
-2,5;8,5;100
-2,5;9;100
-2,5;9,5;100
-2,5;10;100
-2,5;10,5;88
-2,5;11;100
-2,5;11,5;84
-2,5;12;100
-2,5;12,5;100
-2,5;13;100
-2,5;13,5;100
-2,5;14;100
-2,5;14,5;100
-2,5;15;100
-2,5;15,5;100
-2,5;16;100
-2,5;16,5;100
-2,5;17;100
-2,5;17,5;100
-2,5;18;96
-2,5;18,5;92
-2,5;19;96
-2,5;19,5;100
-2,5;20;72
-2,5;20,5;88
-2,5;21;96
-2,5;21,5;100
-2,5;22;100
-2,5;22,5;20
-2;-76,5;0
-2;-76;0
-2;-75;12
-2;-74,5;40
-2;-74;72
-2;-73,5;84
-2;-73;100
-2;-72,5;88
-2;-72;100
-2;-71,5;100
-2;-71;96
-2;-70,5;84
-2;-70;100
-2;-69,5;64
-2;-69;96
-2;-68,5;72
-2;-68;52
-2;-67,5;80
-2;-67;100
-2;-66,5;100
-2;-66;100
-2;-65,5;100
-2;-65;100
-2;-64,5;100
-2;-64;100
-2;-63,5;100
-2;-63;100
-2;-62,5;100
-2;-62;100
-2;-61,5;100
-2;-61;100
-2;-60,5;100
-2;-60;100
-2;-59,5;100
-2;-59;100
-2;-58,5;100
-2;-58;100
-2;-57,5;100
-2;-57;100
-2;-56,5;100
-2;-56;100
-2;-55,5;100
-2;-55;100
-2;-54,5;100
-2;-54;100
-2;-53,5;100
-2;-53;100
-2;-52,5;100
-2;-52;100
-2;-51,5;100
-2;-51;100
-2;-50,5;100
-2;-50;100
-2;-49,5;100
-2;-49;100
-2;-48,5;100
-2;-48;100
-2;-47,5;100
-2;-47;100
-2;-46,5;100
-2;-46;100
-2;-45,5;100
-2;-45;100
-2;-44,5;100
-2;-44;100
-2;-43,5;100
-2;-43;100
-2;-42,5;100
-2;-42;100
-2;-41,5;100
-2;-41;100
-2;-40,5;100
-2;-40;100
-2;-39,5;100
-2;-39;100
-2;-38,5;100
-2;-38;100
-2;-37,5;100
-2;-37;100
-2;-36,5;100
-2;-36;100
-2;-35,5;100
-2;-35;100
-2;-34,5;100
-2;-34;100
-2;-33,5;100
-2;-33;100
-2;-32,5;100
-2;-32;100
-2;-31,5;100
-2;-31;100
-2;-30,5;100
-2;-30;100
-2;-29,5;100
-2;-29;92
-2;-28,5;100
-2;-28;100
-2;-27,5;100
-2;-27;100
-2;-26,5;80
-2;-26;96
-2;-25,5;96
-2;-25;100
-2;-24,5;100
-2;-24;100
-2;-23,5;100
-2;-23;100
-2;-22,5;100
-2;-22;100
-2;-21,5;100
-2;-21;100
-2;-20,5;100
-2;-20;100
-2;-19,5;100
-2;-19;100
-2;-18,5;100
-2;-18;100
-2;-17,5;100
-2;-17;100
-2;-16,5;100
-2;-16;100
-2;-15,5;100
-2;-15;100
-2;-14,5;100
-2;-14;100
-2;-13,5;100
-2;-13;100
-2;-12,5;100
-2;-12;100
-2;-11,5;100
-2;-11;100
-2;-10,5;100
-2;-10;100
-2;-9,5;100
-2;-9;100
-2;-8,5;100
-2;-8;100
-2;-7,5;100
-2;-7;100
-2;-6,5;100
-2;-6;100
-2;-5,5;100
-2;-5;100
-2;-4,5;100
-2;-4;100
-2;-3,5;100
-2;-3;100
-2;-2,5;100
-2;-2;100
-2;-1,5;100
-2;-1;100
-2;-0,5;100
-2;0;100
-2;0,5;100
-2;1;100
-2;1,5;100
-2;2;100
-2;2,5;100
-2;3;100
-2;3,5;100
-2;4;100
-2;4,5;100
-2;5;100
-2;5,5;100
-2;6;100
-2;6,5;100
-2;7;100
-2;7,5;100
-2;8;100
-2;8,5;100
-2;9;100
-2;9,5;100
-2;10;96
-2;10,5;88
-2;11;84
-2;11,5;96
-2;12;100
-2;12,5;100
-2;13;100
-2;13,5;100
-2;14;100
-2;14,5;100
-2;15;100
-2;15,5;100
-2;16;100
-2;16,5;100
-2;17;100
-2;17,5;92
-2;18;76
-2;18,5;92
-2;19;100
-2;19,5;92
-2;20;68
-2;20,5;92
-2;21;92
-2;21,5;100
-2;22;100
-2;22,5;32
-1,5;-77;0
-1,5;-76,5;0
-1,5;-76;0
-1,5;-75,5;16
-1,5;-75;44
-1,5;-74,5;76
-1,5;-74;40
-1,5;-73,5;84
-1,5;-73;92
-1,5;-72,5;92
-1,5;-72;100
-1,5;-71,5;100
-1,5;-71;100
-1,5;-70,5;92
-1,5;-70;68
-1,5;-69,5;64
-1,5;-69;40
-1,5;-68,5;56
-1,5;-68;68
-1,5;-67,5;84
-1,5;-67;100
-1,5;-66,5;100
-1,5;-66;100
-1,5;-65,5;100
-1,5;-65;100
-1,5;-64,5;100
-1,5;-64;100
-1,5;-63,5;100
-1,5;-63;100
-1,5;-62,5;100
-1,5;-62;100
-1,5;-61,5;100
-1,5;-61;100
-1,5;-60,5;100
-1,5;-60;100
-1,5;-59,5;100
-1,5;-59;100
-1,5;-58,5;100
-1,5;-58;100
-1,5;-57,5;100
-1,5;-57;100
-1,5;-56,5;100
-1,5;-56;96
-1,5;-55,5;100
-1,5;-55;100
-1,5;-54,5;100
-1,5;-54;100
-1,5;-53,5;100
-1,5;-53;100
-1,5;-52,5;100
-1,5;-52;100
-1,5;-51,5;100
-1,5;-51;100
-1,5;-50,5;100
-1,5;-50;100
-1,5;-49,5;100
-1,5;-49;100
-1,5;-48,5;100
-1,5;-48;100
-1,5;-47,5;100
-1,5;-47;92
-1,5;-46,5;100
-1,5;-46;100
-1,5;-45,5;100
-1,5;-45;100
-1,5;-44,5;100
-1,5;-44;100
-1,5;-43,5;100
-1,5;-43;100
-1,5;-42,5;100
-1,5;-42;100
-1,5;-41,5;100
-1,5;-41;100
-1,5;-40,5;100
-1,5;-40;100
-1,5;-39,5;100
-1,5;-39;100
-1,5;-38,5;100
-1,5;-38;100
-1,5;-37,5;100
-1,5;-37;100
-1,5;-36,5;100
-1,5;-36;100
-1,5;-35,5;100
-1,5;-35;100
-1,5;-34,5;100
-1,5;-34;100
-1,5;-33,5;100
-1,5;-33;100
-1,5;-32,5;100
-1,5;-32;100
-1,5;-31,5;100
-1,5;-31;100
-1,5;-30,5;100
-1,5;-30;100
-1,5;-29,5;100
-1,5;-29;100
-1,5;-28,5;100
-1,5;-28;100
-1,5;-27,5;100
-1,5;-27;96
-1,5;-26,5;92
-1,5;-26;80
-1,5;-25,5;100
-1,5;-25;100
-1,5;-24,5;100
-1,5;-24;100
-1,5;-23,5;100
-1,5;-23;100
-1,5;-22,5;100
-1,5;-22;100
-1,5;-21,5;100
-1,5;-21;100
-1,5;-20,5;100
-1,5;-20;100
-1,5;-19,5;100
-1,5;-19;100
-1,5;-18,5;100
-1,5;-18;100
-1,5;-17,5;100
-1,5;-17;100
-1,5;-16,5;100
-1,5;-16;100
-1,5;-15,5;100
-1,5;-15;100
-1,5;-14,5;100
-1,5;-14;100
-1,5;-13,5;100
-1,5;-13;100
-1,5;-12,5;100
-1,5;-12;100
-1,5;-11,5;100
-1,5;-11;100
-1,5;-10,5;100
-1,5;-10;100
-1,5;-9,5;100
-1,5;-9;100
-1,5;-8,5;100
-1,5;-8;100
-1,5;-7,5;100
-1,5;-7;100
-1,5;-6,5;100
-1,5;-6;100
-1,5;-5,5;100
-1,5;-5;100
-1,5;-4,5;100
-1,5;-4;100
-1,5;-3,5;100
-1,5;-3;100
-1,5;-2,5;100
-1,5;-2;100
-1,5;-1,5;100
-1,5;-1;100
-1,5;-0,5;100
-1,5;0;100
-1,5;0,5;100
-1,5;1;100
-1,5;1,5;100
-1,5;2;100
-1,5;2,5;100
-1,5;3;100
-1,5;3,5;100
-1,5;4;100
-1,5;4,5;100
-1,5;5;100
-1,5;5,5;100
-1,5;6;100
-1,5;6,5;100
-1,5;7;100
-1,5;7,5;100
-1,5;8;100
-1,5;8,5;100
-1,5;9;100
-1,5;9,5;96
-1,5;10;100
-1,5;10,5;100
-1,5;11;80
-1,5;11,5;96
-1,5;12;100
-1,5;12,5;100
-1,5;13;100
-1,5;13,5;100
-1,5;14;96
-1,5;14,5;92
-1,5;15;100
-1,5;15,5;100
-1,5;16;100
-1,5;16,5;100
-1,5;17;100
-1,5;17,5;100
-1,5;18;92
-1,5;18,5;100
-1,5;19;100
-1,5;19,5;88
-1,5;20;28
-1,5;20,5;72
-1,5;21;64
-1,5;21,5;96
-1,5;22;100
-1,5;22,5;40
-1;-77;0
-1;-76,5;0
-1;-76;8
-1;-75,5;28
-1;-75;48
-1;-74,5;76
-1;-74;52
-1;-73,5;84
-1;-73;92
-1;-72,5;100
-1;-72;100
-1;-71,5;100
-1;-71;92
-1;-70,5;96
-1;-70;84
-1;-69,5;52
-1;-69;28
-1;-68,5;72
-1;-68;80
-1;-67,5;100
-1;-67;100
-1;-66,5;100
-1;-66;100
-1;-65,5;100
-1;-65;100
-1;-64,5;100
-1;-64;100
-1;-63,5;100
-1;-63;100
-1;-62,5;100
-1;-62;100
-1;-61,5;100
-1;-61;100
-1;-60,5;100
-1;-60;100
-1;-59,5;100
-1;-59;100
-1;-58,5;100
-1;-58;100
-1;-57,5;100
-1;-57;100
-1;-56,5;100
-1;-56;96
-1;-55,5;100
-1;-55;100
-1;-54,5;100
-1;-54;100
-1;-53,5;100
-1;-53;100
-1;-52,5;100
-1;-52;100
-1;-51,5;100
-1;-51;100
-1;-50,5;100
-1;-50;100
-1;-49,5;100
-1;-49;100
-1;-48,5;100
-1;-48;100
-1;-47,5;96
-1;-47;72
-1;-46,5;92
-1;-46;100
-1;-45,5;100
-1;-45;100
-1;-44,5;100
-1;-44;100
-1;-43,5;100
-1;-43;100
-1;-42,5;100
-1;-42;100
-1;-41,5;100
-1;-41;100
-1;-40,5;100
-1;-40;100
-1;-39,5;100
-1;-39;100
-1;-38,5;100
-1;-38;100
-1;-37,5;100
-1;-37;100
-1;-36,5;100
-1;-36;100
-1;-35,5;100
-1;-35;100
-1;-34,5;100
-1;-34;100
-1;-33,5;100
-1;-33;100
-1;-32,5;100
-1;-32;100
-1;-31,5;100
-1;-31;100
-1;-30,5;100
-1;-30;100
-1;-29,5;100
-1;-29;100
-1;-28,5;100
-1;-28;100
-1;-27,5;100
-1;-27;92
-1;-26,5;100
-1;-26;100
-1;-25,5;100
-1;-25;100
-1;-24,5;100
-1;-24;100
-1;-23,5;100
-1;-23;100
-1;-22,5;100
-1;-22;100
-1;-21,5;100
-1;-21;100
-1;-20,5;100
-1;-20;100
-1;-19,5;100
-1;-19;100
-1;-18,5;100
-1;-18;100
-1;-17,5;100
-1;-17;100
-1;-16,5;100
-1;-16;100
-1;-15,5;100
-1;-15;100
-1;-14,5;100
-1;-14;100
-1;-13,5;100
-1;-13;100
-1;-12,5;100
-1;-12;100
-1;-11,5;100
-1;-11;100
-1;-10,5;100
-1;-10;100
-1;-9,5;100
-1;-9;100
-1;-8,5;100
-1;-8;100
-1;-7,5;100
-1;-7;100
-1;-6,5;100
-1;-6;100
-1;-5,5;100
-1;-5;100
-1;-4,5;100
-1;-4;100
-1;-3,5;100
-1;-3;100
-1;-2,5;100
-1;-2;100
-1;-1,5;100
-1;-1;100
-1;-0,5;100
-1;0;100
-1;0,5;100
-1;1;100
-1;1,5;100
-1;2;100
-1;2,5;100
-1;3;100
-1;3,5;100
-1;4;100
-1;4,5;100
-1;5;100
-1;5,5;100
-1;6;100
-1;6,5;100
-1;7;100
-1;7,5;100
-1;8;100
-1;8,5;100
-1;9;100
-1;9,5;100
-1;10;96
-1;10,5;100
-1;11;88
-1;11,5;84
-1;12;100
-1;12,5;100
-1;13;100
-1;13,5;96
-1;14;100
-1;14,5;100
-1;15;100
-1;15,5;100
-1;16;100
-1;16,5;100
-1;17;100
-1;17,5;100
-1;18;100
-1;18,5;100
-1;19;92
-1;19,5;80
-1;20;64
-1;20,5;84
-1;21;88
-1;21,5;88
-1;22;100
-1;22,5;20
-0,5;-77;0
-0,5;-76,5;0
-0,5;-76;8
-0,5;-75,5;56
-0,5;-75;84
-0,5;-74,5;92
-0,5;-74;76
-0,5;-73,5;92
-0,5;-73;84
-0,5;-72,5;96
-0,5;-72;100
-0,5;-71,5;100
-0,5;-71;100
-0,5;-70,5;96
-0,5;-70;56
-0,5;-69,5;44
-0,5;-69;76
-0,5;-68,5;88
-0,5;-68;80
-0,5;-67,5;92
-0,5;-67;100
-0,5;-66,5;100
-0,5;-66;100
-0,5;-65,5;100
-0,5;-65;100
-0,5;-64,5;100
-0,5;-64;100
-0,5;-63,5;100
-0,5;-63;100
-0,5;-62,5;100
-0,5;-62;100
-0,5;-61,5;100
-0,5;-61;100
-0,5;-60,5;100
-0,5;-60;100
-0,5;-59,5;100
-0,5;-59;100
-0,5;-58,5;100
-0,5;-58;100
-0,5;-57,5;100
-0,5;-57;100
-0,5;-56,5;100
-0,5;-56;100
-0,5;-55,5;100
-0,5;-55;100
-0,5;-54,5;100
-0,5;-54;100
-0,5;-53,5;100
-0,5;-53;100
-0,5;-52,5;100
-0,5;-52;100
-0,5;-51,5;100
-0,5;-51;100
-0,5;-50,5;100
-0,5;-50;100
-0,5;-49,5;100
-0,5;-49;100
-0,5;-48,5;100
-0,5;-48;100
-0,5;-47,5;100
-0,5;-47;100
-0,5;-46,5;96
-0,5;-46;100
-0,5;-45,5;100
-0,5;-45;100
-0,5;-44,5;100
-0,5;-44;100
-0,5;-43,5;100
-0,5;-43;100
-0,5;-42,5;100
-0,5;-42;100
-0,5;-41,5;100
-0,5;-41;100
-0,5;-40,5;100
-0,5;-40;100
-0,5;-39,5;100
-0,5;-39;100
-0,5;-38,5;100
-0,5;-38;100
-0,5;-37,5;100
-0,5;-37;100
-0,5;-36,5;100
-0,5;-36;100
-0,5;-35,5;100
-0,5;-35;100
-0,5;-34,5;100
-0,5;-34;100
-0,5;-33,5;100
-0,5;-33;100
-0,5;-32,5;100
-0,5;-32;100
-0,5;-31,5;100
-0,5;-31;100
-0,5;-30,5;100
-0,5;-30;100
-0,5;-29,5;100
-0,5;-29;100
-0,5;-28,5;100
-0,5;-28;92
-0,5;-27,5;92
-0,5;-27;100
-0,5;-26,5;100
-0,5;-26;100
-0,5;-25,5;100
-0,5;-25;100
-0,5;-24,5;100
-0,5;-24;100
-0,5;-23,5;100
-0,5;-23;100
-0,5;-22,5;100
-0,5;-22;100
-0,5;-21,5;100
-0,5;-21;100
-0,5;-20,5;100
-0,5;-20;100
-0,5;-19,5;100
-0,5;-19;100
-0,5;-18,5;100
-0,5;-18;100
-0,5;-17,5;100
-0,5;-17;100
-0,5;-16,5;100
-0,5;-16;100
-0,5;-15,5;100
-0,5;-15;100
-0,5;-14,5;100
-0,5;-14;100
-0,5;-13,5;100
-0,5;-13;100
-0,5;-12,5;100
-0,5;-12;100
-0,5;-11,5;100
-0,5;-11;100
-0,5;-10,5;100
-0,5;-10;100
-0,5;-9,5;100
-0,5;-9;100
-0,5;-8,5;100
-0,5;-8;100
-0,5;-7,5;100
-0,5;-7;100
-0,5;-6,5;100
-0,5;-6;100
-0,5;-5,5;100
-0,5;-5;100
-0,5;-4,5;100
-0,5;-4;100
-0,5;-3,5;100
-0,5;-3;100
-0,5;-2,5;100
-0,5;-2;100
-0,5;-1,5;100
-0,5;-1;100
-0,5;-0,5;100
-0,5;0;100
-0,5;0,5;100
-0,5;1;100
-0,5;1,5;100
-0,5;2;100
-0,5;2,5;100
-0,5;3;100
-0,5;3,5;100
-0,5;4;100
-0,5;4,5;100
-0,5;5;100
-0,5;5,5;100
-0,5;6;100
-0,5;6,5;100
-0,5;7;100
-0,5;7,5;100
-0,5;8;100
-0,5;8,5;100
-0,5;9;100
-0,5;9,5;100
-0,5;10;100
-0,5;10,5;92
-0,5;11;92
-0,5;11,5;100
-0,5;12;100
-0,5;12,5;100
-0,5;13;100
-0,5;13,5;100
-0,5;14;100
-0,5;14,5;100
-0,5;15;100
-0,5;15,5;100
-0,5;16;100
-0,5;16,5;100
-0,5;17;100
-0,5;17,5;100
-0,5;18;100
-0,5;18,5;96
-0,5;19;100
-0,5;19,5;96
-0,5;20;84
-0,5;20,5;100
-0,5;21;100
-0,5;21,5;100
-0,5;22;100
-0,5;22,5;40
0;-76,5;16
0;-76;32
0;-75,5;56
0;-75;92
0;-74,5;76
0;-74;52
0;-73,5;64
0;-73;88
0;-72,5;88
0;-72;100
0;-71,5;100
0;-71;100
0;-70,5;100
0;-70;84
0;-69,5;84
0;-69;80
0;-68,5;96
0;-68;100
0;-67,5;88
0;-67;88
0;-66,5;100
0;-66;100
0;-65,5;100
0;-65;100
0;-64,5;100
0;-64;100
0;-63,5;100
0;-63;100
0;-62,5;84
0;-62;100
0;-61,5;100
0;-61;100
0;-60,5;100
0;-60;100
0;-59,5;100
0;-59;100
0;-58,5;100
0;-58;100
0;-57,5;100
0;-57;100
0;-56,5;100
0;-56;100
0;-55,5;100
0;-55;100
0;-54,5;100
0;-54;100
0;-53,5;100
0;-53;100
0;-52,5;100
0;-52;100
0;-51,5;100
0;-51;100
0;-50,5;100
0;-50;100
0;-49,5;100
0;-49;100
0;-48,5;100
0;-48;100
0;-47,5;100
0;-47;100
0;-46,5;100
0;-46;100
0;-45,5;100
0;-45;100
0;-44,5;100
0;-44;100
0;-43,5;100
0;-43;100
0;-42,5;100
0;-42;100
0;-41,5;100
0;-41;100
0;-40,5;100
0;-40;100
0;-39,5;100
0;-39;100
0;-38,5;100
0;-38;100
0;-37,5;100
0;-37;100
0;-36,5;100
0;-36;100
0;-35,5;100
0;-35;100
0;-34,5;100
0;-34;100
0;-33,5;100
0;-33;100
0;-32,5;100
0;-32;100
0;-31,5;100
0;-31;100
0;-30,5;100
0;-30;100
0;-29,5;100
0;-29;100
0;-28,5;100
0;-28;96
0;-27,5;100
0;-27;100
0;-26,5;100
0;-26;100
0;-25,5;100
0;-25;92
0;-24,5;80
0;-24;100
0;-23,5;100
0;-23;100
0;-22,5;100
0;-22;100
0;-21,5;100
0;-21;100
0;-20,5;100
0;-20;100
0;-19,5;100
0;-19;100
0;-18,5;100
0;-18;100
0;-17,5;100
0;-17;100
0;-16,5;100
0;-16;100
0;-15,5;100
0;-15;100
0;-14,5;100
0;-14;100
0;-13,5;100
0;-13;100
0;-12,5;100
0;-12;96
0;-11,5;100
0;-11;96
0;-10,5;100
0;-10;100
0;-9,5;100
0;-9;100
0;-8,5;100
0;-8;100
0;-7,5;100
0;-7;100
0;-6,5;100
0;-6;100
0;-5,5;100
0;-5;100
0;-4,5;100
0;-4;100
0;-3,5;100
0;-3;100
0;-2,5;100
0;-2;100
0;-1,5;100
0;-1;100
0;-0,5;100
0;0;100
0;0,5;100
0;1;100
0;1,5;100
0;2;100
0;2,5;100
0;3;100
0;3,5;100
0;4;100
0;4,5;100
0;5;100
0;5,5;100
0;6;100
0;6,5;100
0;7;100
0;7,5;100
0;8;100
0;8,5;100
0;9;100
0;9,5;100
0;10;100
0;10,5;100
0;11;84
0;11,5;100
0;12;100
0;12,5;96
0;13;100
0;13,5;100
0;14;100
0;14,5;100
0;15;100
0;15,5;100
0;16;100
0;16,5;100
0;17;100
0;17,5;100
0;18;100
0;18,5;100
0;19;92
0;19,5;88
0;20;96
0;20,5;100
0;21;100
0;21,5;100
0;22;100
0;22,5;44
0,5;-77,5;0
0,5;-77;4
0,5;-76,5;16
0,5;-76;8
0,5;-75,5;8
0,5;-75;60
0,5;-74,5;64
0,5;-74;84
0,5;-73,5;88
0,5;-73;96
0,5;-72,5;100
0,5;-72;100
0,5;-71,5;100
0,5;-71;100
0,5;-70,5;100
0,5;-70;92
0,5;-69,5;76
0,5;-69;72
0,5;-68,5;64
0,5;-68;88
0,5;-67,5;92
0,5;-67;96
0,5;-66,5;100
0,5;-66;100
0,5;-65,5;100
0,5;-65;96
0,5;-64,5;100
0,5;-64;100
0,5;-63,5;100
0,5;-63;96
0,5;-62,5;56
0,5;-62;100
0,5;-61,5;100
0,5;-61;100
0,5;-60,5;100
0,5;-60;100
0,5;-59,5;100
0,5;-59;100
0,5;-58,5;100
0,5;-58;100
0,5;-57,5;100
0,5;-57;100
0,5;-56,5;100
0,5;-56;100
0,5;-55,5;100
0,5;-55;100
0,5;-54,5;100
0,5;-54;100
0,5;-53,5;100
0,5;-53;100
0,5;-52,5;100
0,5;-52;100
0,5;-51,5;100
0,5;-51;100
0,5;-50,5;100
0,5;-50;100
0,5;-49,5;100
0,5;-49;100
0,5;-48,5;100
0,5;-48;100
0,5;-47,5;100
0,5;-47;100
0,5;-46,5;100
0,5;-46;100
0,5;-45,5;100
0,5;-45;100
0,5;-44,5;100
0,5;-44;100
0,5;-43,5;100
0,5;-43;100
0,5;-42,5;100
0,5;-42;100
0,5;-41,5;100
0,5;-41;100
0,5;-40,5;100
0,5;-40;100
0,5;-39,5;100
0,5;-39;100
0,5;-38,5;100
0,5;-38;100
0,5;-37,5;100
0,5;-37;100
0,5;-36,5;100
0,5;-36;100
0,5;-35,5;100
0,5;-35;100
0,5;-34,5;100
0,5;-34;100
0,5;-33,5;100
0,5;-33;100
0,5;-32,5;100
0,5;-32;100
0,5;-31,5;100
0,5;-31;100
0,5;-30,5;100
0,5;-30;100
0,5;-29,5;100
0,5;-29;100
0,5;-28,5;100
0,5;-28;100
0,5;-27,5;100
0,5;-27;100
0,5;-26,5;100
0,5;-26;100
0,5;-25,5;100
0,5;-25;100
0,5;-24,5;100
0,5;-24;100
0,5;-23,5;100
0,5;-23;100
0,5;-22,5;100
0,5;-22;100
0,5;-21,5;100
0,5;-21;100
0,5;-20,5;100
0,5;-20;100
0,5;-19,5;100
0,5;-19;100
0,5;-18,5;100
0,5;-18;100
0,5;-17,5;100
0,5;-17;100
0,5;-16,5;100
0,5;-16;100
0,5;-15,5;100
0,5;-15;100
0,5;-14,5;100
0,5;-14;100
0,5;-13,5;100
0,5;-13;100
0,5;-12,5;100
0,5;-12;100
0,5;-11,5;100
0,5;-11;100
0,5;-10,5;100
0,5;-10;100
0,5;-9,5;100
0,5;-9;100
0,5;-8,5;100
0,5;-8;100
0,5;-7,5;100
0,5;-7;100
0,5;-6,5;100
0,5;-6;100
0,5;-5,5;100
0,5;-5;100
0,5;-4,5;100
0,5;-4;100
0,5;-3,5;100
0,5;-3;100
0,5;-2,5;100
0,5;-2;100
0,5;-1,5;100
0,5;-1;100
0,5;-0,5;100
0,5;0;100
0,5;0,5;100
0,5;1;100
0,5;1,5;100
0,5;2;72
0,5;2,5;84
0,5;3;100
0,5;3,5;96
0,5;4;100
0,5;4,5;100
0,5;5;100
0,5;5,5;100
0,5;6;100
0,5;6,5;100
0,5;7;100
0,5;7,5;100
0,5;8;100
0,5;8,5;100
0,5;9;100
0,5;9,5;100
0,5;10;100
0,5;10,5;100
0,5;11;100
0,5;11,5;100
0,5;12;100
0,5;12,5;100
0,5;13;100
0,5;13,5;100
0,5;14;100
0,5;14,5;100
0,5;15;100
0,5;15,5;100
0,5;16;100
0,5;16,5;100
0,5;17;100
0,5;17,5;100
0,5;18;100
0,5;18,5;76
0,5;19;88
0,5;19,5;100
0,5;20;88
0,5;20,5;100
0,5;21;100
0,5;21,5;100
0,5;22;100
0,5;22,5;40
1;-77,5;0
1;-77;12
1;-76,5;44
1;-75;72
1;-74,5;88
1;-74;100
1;-73,5;96
1;-73;100
1;-72,5;100
1;-72;100
1;-71,5;92
1;-71;36
1;-70,5;92
1;-70;88
1;-69,5;92
1;-69;80
1;-68,5;76
1;-68;100
1;-67,5;88
1;-67;100
1;-66,5;100
1;-66;100
1;-65,5;100
1;-65;100
1;-64,5;100
1;-64;100
1;-63,5;96
1;-63;100
1;-62,5;92
1;-62;100
1;-61,5;100
1;-61;100
1;-60,5;100
1;-60;100
1;-59,5;100
1;-59;100
1;-58,5;100
1;-58;100
1;-57,5;100
1;-57;100
1;-56,5;100
1;-56;100
1;-55,5;100
1;-55;100
1;-54,5;100
1;-54;100
1;-53,5;100
1;-53;100
1;-52,5;100
1;-52;100
1;-51,5;100
1;-51;100
1;-50,5;100
1;-50;100
1;-49,5;100
1;-49;100
1;-48,5;100
1;-48;100
1;-47,5;100
1;-47;100
1;-46,5;100
1;-46;100
1;-45,5;100
1;-45;100
1;-44,5;100
1;-44;100
1;-43,5;100
1;-43;100
1;-42,5;100
1;-42;100
1;-41,5;100
1;-41;100
1;-40,5;100
1;-40;100
1;-39,5;100
1;-39;100
1;-38,5;100
1;-38;100
1;-37,5;100
1;-37;100
1;-36,5;100
1;-36;100
1;-35,5;100
1;-35;100
1;-34,5;100
1;-34;100
1;-33,5;100
1;-33;100
1;-32,5;100
1;-32;100
1;-31,5;100
1;-31;100
1;-30,5;100
1;-30;100
1;-29,5;100
1;-29;100
1;-28,5;100
1;-28;100
1;-27,5;100
1;-27;100
1;-26,5;100
1;-26;100
1;-25,5;100
1;-25;100
1;-24,5;100
1;-24;100
1;-23,5;100
1;-23;100
1;-22,5;100
1;-22;100
1;-21,5;100
1;-21;100
1;-20,5;100
1;-20;100
1;-19,5;100
1;-19;100
1;-18,5;100
1;-18;100
1;-17,5;100
1;-17;100
1;-16,5;100
1;-16;100
1;-15,5;100
1;-15;100
1;-14,5;100
1;-14;100
1;-13,5;100
1;-13;100
1;-12,5;100
1;-12;100
1;-11,5;100
1;-11;100
1;-10,5;100
1;-10;100
1;-9,5;100
1;-9;100
1;-8,5;100
1;-8;100
1;-7,5;100
1;-7;100
1;-6,5;100
1;-6;100
1;-5,5;100
1;-5;100
1;-4,5;100
1;-4;100
1;-3,5;100
1;-3;100
1;-2,5;100
1;-2;100
1;-1,5;100
1;-1;100
1;-0,5;100
1;0;100
1;0,5;100
1;1;96
1;1,5;88
1;2;20
1;2,5;12
1;3;12
1;3,5;60
1;4;100
1;4,5;100
1;5;100
1;5,5;100
1;6;100
1;6,5;100
1;7;100
1;7,5;100
1;8;100
1;8,5;100
1;9;100
1;9,5;100
1;10;100
1;10,5;100
1;11;100
1;11,5;96
1;12;100
1;12,5;100
1;13;100
1;13,5;100
1;14;100
1;14,5;100
1;15;100
1;15,5;100
1;16;100
1;16,5;100
1;17;100
1;17,5;100
1;18;100
1;18,5;100
1;19;64
1;19,5;80
1;20;80
1;20,5;40
1;21;28
1;21,5;4
1,5;-77,5;0
1,5;-77;16
1,5;-76,5;16
1,5;-76;28
1,5;-75,5;32
1,5;-75;92
1,5;-74,5;88
1,5;-74;100
1,5;-73,5;100
1,5;-73;96
1,5;-72,5;100
1,5;-72;100
1,5;-71,5;96
1,5;-71;68
1,5;-70,5;88
1,5;-70;96
1,5;-69,5;100
1,5;-69;100
1,5;-68,5;96
1,5;-68;100
1,5;-67,5;100
1,5;-67;100
1,5;-66,5;100
1,5;-66;100
1,5;-65,5;100
1,5;-65;100
1,5;-64,5;100
1,5;-64;100
1,5;-63,5;100
1,5;-63;100
1,5;-62,5;100
1,5;-62;100
1,5;-61,5;100
1,5;-61;100
1,5;-60,5;100
1,5;-60;100
1,5;-59,5;100
1,5;-59;100
1,5;-58,5;100
1,5;-58;100
1,5;-57,5;100
1,5;-57;100
1,5;-56,5;100
1,5;-56;100
1,5;-55,5;100
1,5;-55;100
1,5;-54,5;100
1,5;-54;100
1,5;-53,5;100
1,5;-53;100
1,5;-52,5;100
1,5;-52;100
1,5;-51,5;100
1,5;-51;100
1,5;-50,5;100
1,5;-50;100
1,5;-49,5;100
1,5;-49;96
1,5;-48,5;96
1,5;-48;100
1,5;-47,5;100
1,5;-47;96
1,5;-46,5;100
1,5;-46;100
1,5;-45,5;100
1,5;-45;100
1,5;-44,5;100
1,5;-44;100
1,5;-43,5;100
1,5;-43;100
1,5;-42,5;100
1,5;-42;100
1,5;-41,5;100
1,5;-41;100
1,5;-40,5;100
1,5;-40;100
1,5;-39,5;100
1,5;-39;100
1,5;-38,5;100
1,5;-38;100
1,5;-37,5;100
1,5;-37;100
1,5;-36,5;100
1,5;-36;100
1,5;-35,5;100
1,5;-35;100
1,5;-34,5;100
1,5;-34;100
1,5;-33,5;100
1,5;-33;100
1,5;-32,5;100
1,5;-32;100
1,5;-31,5;100
1,5;-31;100
1,5;-30,5;100
1,5;-30;100
1,5;-29,5;100
1,5;-29;100
1,5;-28,5;100
1,5;-28;100
1,5;-27,5;100
1,5;-27;100
1,5;-26,5;100
1,5;-26;100
1,5;-25,5;100
1,5;-25;100
1,5;-24,5;100
1,5;-24;100
1,5;-23,5;100
1,5;-23;100
1,5;-22,5;100
1,5;-22;100
1,5;-21,5;100
1,5;-21;100
1,5;-20,5;100
1,5;-20;100
1,5;-19,5;100
1,5;-19;100
1,5;-18,5;100
1,5;-18;100
1,5;-17,5;100
1,5;-17;100
1,5;-16,5;100
1,5;-16;100
1,5;-15,5;100
1,5;-15;100
1,5;-14,5;100
1,5;-14;100
1,5;-13,5;100
1,5;-13;100
1,5;-12,5;100
1,5;-12;100
1,5;-11,5;100
1,5;-11;100
1,5;-10,5;100
1,5;-10;100
1,5;-9,5;100
1,5;-9;100
1,5;-8,5;100
1,5;-8;100
1,5;-7,5;100
1,5;-7;100
1,5;-6,5;100
1,5;-6;100
1,5;-5,5;100
1,5;-5;100
1,5;-4,5;100
1,5;-4;100
1,5;-3,5;100
1,5;-3;100
1,5;-2,5;100
1,5;-2;100
1,5;-1,5;100
1,5;-1;100
1,5;-0,5;100
1,5;0;100
1,5;0,5;100
1,5;1;100
1,5;1,5;100
1,5;2;100
1,5;2,5;68
1,5;3;16
1,5;3,5;8
1,5;4;72
1,5;4,5;100
1,5;5;100
1,5;5,5;100
1,5;6;100
1,5;6,5;100
1,5;7;100
1,5;7,5;100
1,5;8;100
1,5;8,5;100
1,5;9;100
1,5;9,5;100
1,5;10;100
1,5;10,5;100
1,5;11;100
1,5;11,5;100
1,5;12;100
1,5;12,5;96
1,5;13;100
1,5;13,5;100
1,5;14;100
1,5;14,5;100
1,5;15;100
1,5;15,5;100
1,5;16;100
1,5;16,5;100
1,5;17;100
1,5;17,5;100
1,5;18;100
1,5;18,5;100
1,5;19;60
1,5;19,5;20
1,5;20;80
1,5;20,5;20
1,5;21;4
2;-77,5;0
2;-77;0
2;-76,5;8
2;-76;28
2;-75,5;32
2;-75;48
2;-74,5;92
2;-74;100
2;-73,5;100
2;-73;96
2;-72,5;100
2;-72;92
2;-71,5;96
2;-71;96
2;-70,5;88
2;-70;100
2;-69,5;100
2;-69;100
2;-68,5;100
2;-68;100
2;-67,5;100
2;-67;100
2;-66,5;100
2;-66;100
2;-65,5;100
2;-65;100
2;-64,5;100
2;-64;100
2;-63,5;100
2;-63;100
2;-62,5;100
2;-62;100
2;-61,5;100
2;-61;100
2;-60,5;100
2;-60;100
2;-59,5;100
2;-59;100
2;-58,5;100
2;-58;100
2;-57,5;100
2;-57;100
2;-56,5;100
2;-56;100
2;-55,5;100
2;-55;100
2;-54,5;100
2;-54;100
2;-53,5;100
2;-53;100
2;-52,5;100
2;-52;100
2;-51,5;100
2;-51;100
2;-50,5;100
2;-50;100
2;-49,5;88
2;-49;52
2;-48,5;92
2;-48;100
2;-47,5;100
2;-47;100
2;-46,5;100
2;-46;100
2;-45,5;100
2;-45;100
2;-44,5;100
2;-44;100
2;-43,5;100
2;-43;100
2;-42,5;100
2;-42;100
2;-41,5;100
2;-41;100
2;-40,5;100
2;-40;100
2;-39,5;100
2;-39;100
2;-38,5;100
2;-38;100
2;-37,5;100
2;-37;100
2;-36,5;100
2;-36;100
2;-35,5;100
2;-35;100
2;-34,5;100
2;-34;100
2;-33,5;100
2;-33;100
2;-32,5;100
2;-32;100
2;-31,5;100
2;-31;100
2;-30,5;100
2;-30;100
2;-29,5;100
2;-29;100
2;-28,5;100
2;-28;100
2;-27,5;100
2;-27;100
2;-26,5;100
2;-26;100
2;-25,5;100
2;-25;100
2;-24,5;100
2;-24;100
2;-23,5;100
2;-23;100
2;-22,5;100
2;-22;100
2;-21,5;100
2;-21;100
2;-20,5;100
2;-20;100
2;-19,5;100
2;-19;100
2;-18,5;100
2;-18;100
2;-17,5;100
2;-17;100
2;-16,5;100
2;-16;100
2;-15,5;100
2;-15;100
2;-14,5;100
2;-14;100
2;-13,5;100
2;-13;100
2;-12,5;100
2;-12;100
2;-11,5;100
2;-11;100
2;-10,5;100
2;-10;100
2;-9,5;100
2;-9;100
2;-8,5;100
2;-8;100
2;-7,5;100
2;-7;100
2;-6,5;100
2;-6;100
2;-5,5;100
2;-5;100
2;-4,5;100
2;-4;100
2;-3,5;100
2;-3;100
2;-2,5;100
2;-2;100
2;-1,5;100
2;-1;100
2;-0,5;100
2;0;100
2;0,5;100
2;1;100
2;1,5;100
2;2;100
2;2,5;92
2;3;96
2;3,5;64
2;4;4
2;4,5;76
2;5;96
2;5,5;80
2;6;68
2;6,5;100
2;7;100
2;7,5;100
2;8;100
2;8,5;100
2;9;100
2;9,5;100
2;10;100
2;10,5;100
2;11;100
2;11,5;100
2;12;100
2;12,5;100
2;13;100
2;13,5;100
2;14;100
2;14,5;100
2;15;100
2;15,5;100
2;16;100
2;16,5;100
2;17;100
2;17,5;100
2;18;100
2;18,5;92
2;19;76
2;19,5;88
2;20;92
2;20,5;20
2,5;-77,5;0
2,5;-77;0
2,5;-76,5;12
2,5;-76;76
2,5;-75,5;52
2,5;-75;76
2,5;-74,5;100
2,5;-74;100
2,5;-73,5;92
2,5;-73;96
2,5;-72,5;96
2,5;-72;96
2,5;-71,5;88
2,5;-71;100
2,5;-70,5;100
2,5;-70;100
2,5;-69,5;100
2,5;-69;100
2,5;-68,5;100
2,5;-68;100
2,5;-67,5;100
2,5;-67;100
2,5;-66,5;100
2,5;-66;100
2,5;-65,5;100
2,5;-65;100
2,5;-64,5;100
2,5;-64;100
2,5;-63,5;100
2,5;-63;100
2,5;-62,5;100
2,5;-62;100
2,5;-61,5;100
2,5;-61;100
2,5;-60,5;100
2,5;-60;100
2,5;-59,5;100
2,5;-59;100
2,5;-58,5;100
2,5;-58;100
2,5;-57,5;100
2,5;-57;100
2,5;-56,5;100
2,5;-56;100
2,5;-55,5;100
2,5;-55;100
2,5;-54,5;100
2,5;-54;100
2,5;-53,5;100
2,5;-53;100
2,5;-52,5;100
2,5;-52;100
2,5;-51,5;100
2,5;-51;100
2,5;-50,5;100
2,5;-50;92
2,5;-49,5;40
2,5;-49;56
2,5;-48,5;100
2,5;-48;100
2,5;-47,5;100
2,5;-47;100
2,5;-46,5;100
2,5;-46;100
2,5;-45,5;100
2,5;-45;100
2,5;-44,5;100
2,5;-44;100
2,5;-43,5;100
2,5;-43;100
2,5;-42,5;100
2,5;-42;100
2,5;-41,5;100
2,5;-41;100
2,5;-40,5;100
2,5;-40;100
2,5;-39,5;100
2,5;-39;100
2,5;-38,5;100
2,5;-38;100
2,5;-37,5;100
2,5;-37;100
2,5;-36,5;100
2,5;-36;100
2,5;-35,5;100
2,5;-35;100
2,5;-34,5;100
2,5;-34;100
2,5;-33,5;100
2,5;-33;100
2,5;-32,5;100
2,5;-32;100
2,5;-31,5;100
2,5;-31;100
2,5;-30,5;100
2,5;-30;100
2,5;-29,5;100
2,5;-29;100
2,5;-28,5;100
2,5;-28;100
2,5;-27,5;100
2,5;-27;100
2,5;-26,5;100
2,5;-26;100
2,5;-25,5;100
2,5;-25;100
2,5;-24,5;100
2,5;-24;100
2,5;-23,5;100
2,5;-23;100
2,5;-22,5;100
2,5;-22;100
2,5;-21,5;100
2,5;-21;100
2,5;-20,5;100
2,5;-20;100
2,5;-19,5;100
2,5;-19;100
2,5;-18,5;100
2,5;-18;100
2,5;-17,5;100
2,5;-17;100
2,5;-16,5;100
2,5;-16;100
2,5;-15,5;100
2,5;-15;100
2,5;-14,5;100
2,5;-14;100
2,5;-13,5;100
2,5;-13;100
2,5;-12,5;100
2,5;-12;100
2,5;-11,5;100
2,5;-11;100
2,5;-10,5;100
2,5;-10;100
2,5;-9,5;100
2,5;-9;100
2,5;-8,5;100
2,5;-8;100
2,5;-7,5;100
2,5;-7;100
2,5;-6,5;100
2,5;-6;100
2,5;-5,5;100
2,5;-5;100
2,5;-4,5;100
2,5;-4;100
2,5;-3,5;100
2,5;-3;100
2,5;-2,5;100
2,5;-2;100
2,5;-1,5;100
2,5;-1;100
2,5;-0,5;100
2,5;0;100
2,5;0,5;96
2,5;1;100
2,5;1,5;100
2,5;2;96
2,5;2,5;100
2,5;3;100
2,5;3,5;100
2,5;4;64
2,5;4,5;4
2,5;5;32
2,5;5,5;4
2,5;6;36
2,5;6,5;100
2,5;7;100
2,5;7,5;100
2,5;8;100
2,5;8,5;100
2,5;9;100
2,5;9,5;100
2,5;10;100
2,5;10,5;100
2,5;11;100
2,5;11,5;100
2,5;12;88
2,5;12,5;100
2,5;13;100
2,5;13,5;100
2,5;14;100
2,5;14,5;100
2,5;15;100
2,5;15,5;100
2,5;16;100
2,5;16,5;100
2,5;17;100
2,5;17,5;96
2,5;18;100
2,5;18,5;80
2,5;19;88
2,5;19,5;88
2,5;20;60
2,5;20,5;84
2,5;21;8
2,5;21,5;0
2,5;22;0
3;-77,5;0
3;-76,5;36
3;-76;64
3;-75,5;32
3;-75;60
3;-74,5;100
3;-74;100
3;-73,5;96
3;-73;96
3;-72,5;100
3;-72;84
3;-71,5;60
3;-71;84
3;-70,5;100
3;-70;84
3;-69,5;100
3;-69;100
3;-68,5;100
3;-68;100
3;-67,5;100
3;-67;96
3;-66,5;100
3;-66;100
3;-65,5;100
3;-65;100
3;-64,5;100
3;-64;100
3;-63,5;100
3;-63;100
3;-62,5;100
3;-62;100
3;-61,5;100
3;-61;100
3;-60,5;100
3;-60;100
3;-59,5;100
3;-59;100
3;-58,5;100
3;-58;100
3;-57,5;100
3;-57;100
3;-56,5;100
3;-56;100
3;-55,5;100
3;-55;100
3;-54,5;100
3;-54;100
3;-53,5;100
3;-53;96
3;-52,5;100
3;-52;100
3;-51,5;100
3;-51;100
3;-50,5;44
3;-50;20
3;-49,5;0
3;-49;48
3;-48,5;100
3;-48;100
3;-47,5;100
3;-47;100
3;-46,5;100
3;-46;96
3;-45,5;100
3;-45;100
3;-44,5;100
3;-44;100
3;-43,5;100
3;-43;100
3;-42,5;100
3;-42;100
3;-41,5;100
3;-41;100
3;-40,5;100
3;-40;100
3;-39,5;100
3;-39;100
3;-38,5;100
3;-38;100
3;-37,5;100
3;-37;76
3;-36,5;84
3;-36;100
3;-35,5;100
3;-35;100
3;-34,5;100
3;-34;100
3;-33,5;100
3;-33;100
3;-32,5;100
3;-32;100
3;-31,5;100
3;-31;100
3;-30,5;100
3;-30;100
3;-29,5;100
3;-29;100
3;-28,5;100
3;-28;100
3;-27,5;100
3;-27;100
3;-26,5;100
3;-26;100
3;-25,5;92
3;-25;100
3;-24,5;100
3;-24;100
3;-23,5;100
3;-23;100
3;-22,5;100
3;-22;100
3;-21,5;100
3;-21;100
3;-20,5;100
3;-20;100
3;-19,5;100
3;-19;100
3;-18,5;100
3;-18;100
3;-17,5;100
3;-17;100
3;-16,5;100
3;-16;100
3;-15,5;100
3;-15;100
3;-14,5;100
3;-14;100
3;-13,5;100
3;-13;100
3;-12,5;100
3;-12;100
3;-11,5;100
3;-11;100
3;-10,5;100
3;-10;100
3;-9,5;100
3;-9;100
3;-8,5;100
3;-8;100
3;-7,5;100
3;-7;100
3;-6,5;100
3;-6;100
3;-5,5;100
3;-5;100
3;-4,5;100
3;-4;100
3;-3,5;100
3;-3;100
3;-2,5;100
3;-2;100
3;-1,5;100
3;-1;100
3;-0,5;100
3;0;100
3;0,5;100
3;1;100
3;1,5;100
3;2;100
3;2,5;100
3;3;100
3;3,5;100
3;4;96
3;4,5;68
3;5;8
3;5,5;0
3;6;16
3;6,5;60
3;7;100
3;7,5;100
3;8;100
3;8,5;100
3;9;100
3;9,5;100
3;10;100
3;10,5;100
3;11;100
3;11,5;100
3;12;100
3;12,5;100
3;13;100
3;13,5;100
3;14;100
3;14,5;100
3;15;100
3;15,5;100
3;16;100
3;16,5;100
3;17;100
3;17,5;100
3;18;92
3;18,5;72
3;19;44
3;19,5;36
3;20;36
3;20,5;52
3;21;32
3,5;-77,5;0
3,5;-77;0
3,5;-76,5;0
3,5;-76;40
3,5;-75,5;60
3,5;-75;76
3,5;-74,5;100
3,5;-74;100
3,5;-73,5;100
3,5;-73;96
3,5;-72,5;100
3,5;-72;96
3,5;-71,5;20
3,5;-71;84
3,5;-70,5;96
3,5;-70;80
3,5;-69,5;100
3,5;-69;100
3,5;-68,5;100
3,5;-68;100
3,5;-67,5;100
3,5;-67;100
3,5;-66,5;100
3,5;-66;100
3,5;-65,5;100
3,5;-65;100
3,5;-64,5;100
3,5;-64;100
3,5;-63,5;100
3,5;-63;100
3,5;-62,5;100
3,5;-62;100
3,5;-61,5;100
3,5;-61;100
3,5;-60,5;100
3,5;-60;100
3,5;-59,5;100
3,5;-59;100
3,5;-58,5;100
3,5;-58;100
3,5;-57,5;100
3,5;-57;100
3,5;-56,5;100
3,5;-56;100
3,5;-55,5;100
3,5;-55;100
3,5;-54,5;100
3,5;-54;100
3,5;-53,5;100
3,5;-53;100
3,5;-52,5;100
3,5;-52;68
3,5;-51,5;52
3,5;-51;56
3,5;-50,5;0
3,5;-50;0
3,5;-49,5;0
3,5;-49;28
3,5;-48,5;84
3,5;-48;100
3,5;-47,5;100
3,5;-47;100
3,5;-46,5;100
3,5;-46;100
3,5;-45,5;100
3,5;-45;100
3,5;-44,5;100
3,5;-44;100
3,5;-43,5;100
3,5;-43;100
3,5;-42,5;100
3,5;-42;100
3,5;-41,5;100
3,5;-41;100
3,5;-40,5;100
3,5;-40;100
3,5;-39,5;100
3,5;-39;100
3,5;-38,5;100
3,5;-38;88
3,5;-37,5;32
3,5;-37;92
3,5;-36,5;100
3,5;-36;100
3,5;-35,5;100
3,5;-35;100
3,5;-34,5;100
3,5;-34;100
3,5;-33,5;100
3,5;-33;100
3,5;-32,5;100
3,5;-32;100
3,5;-31,5;100
3,5;-31;100
3,5;-30,5;100
3,5;-30;100
3,5;-29,5;100
3,5;-29;100
3,5;-28,5;100
3,5;-28;100
3,5;-27,5;100
3,5;-27;100
3,5;-26,5;100
3,5;-26;100
3,5;-25,5;100
3,5;-25;100
3,5;-24,5;100
3,5;-24;100
3,5;-23,5;100
3,5;-23;100
3,5;-22,5;100
3,5;-22;100
3,5;-21,5;100
3,5;-21;100
3,5;-20,5;100
3,5;-20;100
3,5;-19,5;100
3,5;-19;100
3,5;-18,5;100
3,5;-18;100
3,5;-17,5;100
3,5;-17;100
3,5;-16,5;100
3,5;-16;100
3,5;-15,5;100
3,5;-15;100
3,5;-14,5;100
3,5;-14;100
3,5;-13,5;100
3,5;-13;100
3,5;-12,5;100
3,5;-12;100
3,5;-11,5;100
3,5;-11;100
3,5;-10,5;100
3,5;-10;100
3,5;-9,5;100
3,5;-9;100
3,5;-8,5;100
3,5;-8;100
3,5;-7,5;100
3,5;-7;100
3,5;-6,5;100
3,5;-6;100
3,5;-5,5;100
3,5;-5;100
3,5;-4,5;100
3,5;-4;100
3,5;-3,5;100
3,5;-3;100
3,5;-2,5;100
3,5;-2;100
3,5;-1,5;100
3,5;-1;100
3,5;-0,5;100
3,5;0;100
3,5;0,5;100
3,5;1;100
3,5;1,5;100
3,5;2;100
3,5;2,5;100
3,5;3;100
3,5;3,5;100
3,5;4;96
3,5;4,5;64
3,5;5;20
3,5;5,5;0
3,5;6;0
3,5;6,5;8
3,5;7;24
3,5;7,5;68
3,5;8;100
3,5;8,5;100
3,5;9;100
3,5;9,5;100
3,5;10;100
3,5;10,5;100
3,5;11;100
3,5;11,5;100
3,5;12;100
3,5;12,5;100
3,5;13;100
3,5;13,5;100
3,5;14;100
3,5;14,5;100
3,5;15;100
3,5;15,5;100
3,5;16;100
3,5;16,5;100
3,5;17;100
3,5;17,5;100
3,5;18;100
3,5;18,5;76
3,5;19;4
3,5;20,5;0
4;-77,5;12
4;-77;16
4;-76,5;0
4;-76;16
4;-75,5;88
4;-75;92
4;-74,5;100
4;-74;100
4;-73,5;100
4;-73;100
4;-72,5;88
4;-72;60
4;-71,5;32
4;-71;68
4;-70,5;92
4;-70;84
4;-69,5;100
4;-69;100
4;-68,5;100
4;-68;100
4;-67,5;100
4;-67;100
4;-66,5;100
4;-66;100
4;-65,5;100
4;-65;100
4;-64,5;100
4;-64;100
4;-63,5;100
4;-63;100
4;-62,5;100
4;-62;100
4;-61,5;84
4;-61;88
4;-60,5;100
4;-60;100
4;-59,5;96
4;-59;100
4;-58,5;100
4;-58;100
4;-57,5;100
4;-57;100
4;-56,5;100
4;-56;100
4;-55,5;100
4;-55;100
4;-54,5;100
4;-54;100
4;-53,5;96
4;-53;100
4;-52,5;100
4;-52;44
4;-51,5;0
4;-51;4
4;-50,5;0
4;-50;0
4;-49,5;0
4;-49;0
4;-48,5;28
4;-48;76
4;-47,5;100
4;-47;100
4;-46,5;100
4;-46;100
4;-45,5;100
4;-45;100
4;-44,5;100
4;-44;100
4;-43,5;100
4;-43;100
4;-42,5;100
4;-42;100
4;-41,5;100
4;-41;96
4;-40,5;88
4;-40;100
4;-39,5;100
4;-39;100
4;-38,5;64
4;-38;0
4;-37,5;64
4;-37;68
4;-36,5;100
4;-36;100
4;-35,5;100
4;-35;100
4;-34,5;100
4;-34;100
4;-33,5;100
4;-33;100
4;-32,5;100
4;-32;100
4;-31,5;100
4;-31;100
4;-30,5;100
4;-30;100
4;-29,5;100
4;-29;100
4;-28,5;100
4;-28;100
4;-27,5;100
4;-27;100
4;-26,5;100
4;-26;100
4;-25,5;100
4;-25;100
4;-24,5;100
4;-24;100
4;-23,5;100
4;-23;100
4;-22,5;100
4;-22;100
4;-21,5;100
4;-21;100
4;-20,5;100
4;-20;100
4;-19,5;100
4;-19;100
4;-18,5;100
4;-18;100
4;-17,5;100
4;-17;100
4;-16,5;100
4;-16;100
4;-15,5;100
4;-15;100
4;-14,5;100
4;-14;100
4;-13,5;100
4;-13;100
4;-12,5;100
4;-12;100
4;-11,5;100
4;-11;100
4;-10,5;100
4;-10;100
4;-9,5;100
4;-9;100
4;-8,5;100
4;-8;100
4;-7,5;100
4;-7;100
4;-6,5;100
4;-6;100
4;-5,5;100
4;-5;100
4;-4,5;100
4;-4;100
4;-3,5;100
4;-3;100
4;-2,5;100
4;-2;100
4;-1,5;100
4;-1;100
4;-0,5;100
4;0;100
4;0,5;100
4;1;100
4;1,5;100
4;2;100
4;2,5;100
4;3;100
4;3,5;100
4;4;100
4;4,5;44
4;5;20
4;5,5;8
4;6;80
4;6,5;52
4;7;0
4;7,5;4
4;8;92
4;8,5;100
4;9;100
4;9,5;100
4;10;100
4;10,5;100
4;11;100
4;11,5;100
4;12;100
4;12,5;100
4;13;100
4;13,5;100
4;14;100
4;14,5;100
4;15;100
4;15,5;100
4;16;92
4;16,5;100
4;17;100
4;17,5;100
4;18;68
4;18,5;48
4;19;20
4,5;-77,5;4
4,5;-77;32
4,5;-76,5;16
4,5;-76;80
4,5;-75,5;88
4,5;-75;96
4,5;-74,5;100
4,5;-74;100
4,5;-73,5;100
4,5;-73;100
4,5;-72,5;96
4,5;-72;92
4,5;-71,5;68
4,5;-71;96
4,5;-70,5;96
4,5;-70;56
4,5;-69,5;96
4,5;-69;96
4,5;-68,5;100
4,5;-68;100
4,5;-67,5;100
4,5;-67;100
4,5;-66,5;100
4,5;-66;100
4,5;-65,5;100
4,5;-65;100
4,5;-64,5;100
4,5;-64;100
4,5;-63,5;100
4,5;-63;100
4,5;-62,5;60
4,5;-62;48
4,5;-61,5;4
4,5;-61;40
4,5;-60,5;92
4,5;-60;100
4,5;-59,5;100
4,5;-59;100
4,5;-58,5;100
4,5;-58;100
4,5;-57,5;100
4,5;-57;100
4,5;-56,5;100
4,5;-56;100
4,5;-55,5;100
4,5;-55;100
4,5;-54,5;100
4,5;-54;100
4,5;-53,5;100
4,5;-53;100
4,5;-52,5;100
4,5;-52;48
4,5;-51,5;40
4,5;-51;48
4,5;-50,5;12
4,5;-50;0
4,5;-49,5;0
4,5;-49;0
4,5;-48,5;0
4,5;-48;8
4,5;-47,5;72
4,5;-47;100
4,5;-46,5;96
4,5;-46;100
4,5;-45,5;100
4,5;-45;100
4,5;-44,5;100
4,5;-44;100
4,5;-43,5;100
4,5;-43;100
4,5;-42,5;100
4,5;-42;100
4,5;-41,5;76
4,5;-41;32
4,5;-40,5;20
4,5;-40;100
4,5;-39,5;100
4,5;-39;68
4,5;-38,5;0
4,5;-38;0
4,5;-37,5;72
4,5;-37;100
4,5;-36,5;100
4,5;-36;100
4,5;-35,5;100
4,5;-35;100
4,5;-34,5;100
4,5;-34;100
4,5;-33,5;100
4,5;-33;100
4,5;-32,5;100
4,5;-32;100
4,5;-31,5;100
4,5;-31;100
4,5;-30,5;100
4,5;-30;100
4,5;-29,5;100
4,5;-29;100
4,5;-28,5;100
4,5;-28;100
4,5;-27,5;100
4,5;-27;100
4,5;-26,5;100
4,5;-26;100
4,5;-25,5;100
4,5;-25;100
4,5;-24,5;100
4,5;-24;100
4,5;-23,5;100
4,5;-23;100
4,5;-22,5;100
4,5;-22;100
4,5;-21,5;100
4,5;-21;100
4,5;-20,5;100
4,5;-20;100
4,5;-19,5;100
4,5;-19;100
4,5;-18,5;100
4,5;-18;100
4,5;-17,5;100
4,5;-17;100
4,5;-16,5;100
4,5;-16;100
4,5;-15,5;100
4,5;-15;100
4,5;-14,5;100
4,5;-14;100
4,5;-13,5;100
4,5;-13;100
4,5;-12,5;100
4,5;-12;100
4,5;-11,5;100
4,5;-11;100
4,5;-10,5;100
4,5;-10;100
4,5;-9,5;100
4,5;-9;100
4,5;-8,5;100
4,5;-8;100
4,5;-7,5;100
4,5;-7;100
4,5;-6,5;100
4,5;-6;100
4,5;-5,5;100
4,5;-5;100
4,5;-4,5;100
4,5;-4;100
4,5;-3,5;100
4,5;-3;100
4,5;-2,5;100
4,5;-2;100
4,5;-1,5;100
4,5;-1;100
4,5;-0,5;100
4,5;0;100
4,5;0,5;100
4,5;1;100
4,5;1,5;100
4,5;2;100
4,5;2,5;100
4,5;3;100
4,5;3,5;100
4,5;4;100
4,5;4,5;76
4,5;5;52
4,5;5,5;52
4,5;6;84
4,5;6,5;100
4,5;7;48
4,5;7,5;0
4,5;8;64
4,5;8,5;100
4,5;9;100
4,5;9,5;100
4,5;10;100
4,5;10,5;100
4,5;11;100
4,5;11,5;100
4,5;12;100
4,5;12,5;100
4,5;13;100
4,5;13,5;100
4,5;14;100
4,5;14,5;100
4,5;15;100
4,5;15,5;100
4,5;16;100
4,5;16,5;100
4,5;17;96
4,5;17,5;100
4,5;18;8
4,5;18,5;0
4,5;19;0
4,5;19,5;4
4,5;20;8
4,5;20,5;0
5;-77,5;4
5;-77;24
5;-76,5;44
5;-76;44
5;-75,5;96
5;-75;100
5;-74,5;100
5;-74;100
5;-73,5;100
5;-73;100
5;-72,5;100
5;-72;100
5;-71,5;100
5;-71;96
5;-70,5;92
5;-70;28
5;-69,5;52
5;-69;100
5;-68,5;100
5;-68;100
5;-67,5;96
5;-67;100
5;-66,5;100
5;-66;100
5;-65,5;100
5;-65;100
5;-64,5;100
5;-64;100
5;-63,5;100
5;-63;100
5;-62,5;72
5;-62;4
5;-61,5;0
5;-61;44
5;-60,5;100
5;-60;100
5;-59,5;100
5;-59;100
5;-58,5;100
5;-58;100
5;-57,5;100
5;-57;100
5;-56,5;100
5;-56;100
5;-55,5;100
5;-55;100
5;-54,5;100
5;-54;100
5;-53,5;100
5;-53;100
5;-52,5;100
5;-52;100
5;-51,5;100
5;-51;100
5;-50,5;96
5;-50;44
5;-49,5;0
5;-49;0
5;-48,5;0
5;-48;0
5;-47,5;0
5;-47;44
5;-46,5;28
5;-46;96
5;-45,5;100
5;-45;100
5;-44,5;100
5;-44;100
5;-43,5;100
5;-43;100
5;-42,5;100
5;-42;100
5;-41,5;60
5;-41;0
5;-40,5;0
5;-40;52
5;-39,5;88
5;-39;16
5;-38,5;0
5;-38;0
5;-37,5;88
5;-37;100
5;-36,5;92
5;-36;92
5;-35,5;96
5;-35;100
5;-34,5;100
5;-34;100
5;-33,5;100
5;-33;100
5;-32,5;100
5;-32;100
5;-31,5;100
5;-31;100
5;-30,5;100
5;-30;100
5;-29,5;100
5;-29;100
5;-28,5;100
5;-28;100
5;-27,5;100
5;-27;100
5;-26,5;100
5;-26;100
5;-25,5;100
5;-25;100
5;-24,5;100
5;-24;100
5;-23,5;100
5;-23;100
5;-22,5;100
5;-22;100
5;-21,5;100
5;-21;100
5;-20,5;100
5;-20;100
5;-19,5;100
5;-19;100
5;-18,5;100
5;-18;100
5;-17,5;100
5;-17;100
5;-16,5;100
5;-16;100
5;-15,5;100
5;-15;100
5;-14,5;100
5;-14;100
5;-13,5;100
5;-13;100
5;-12,5;100
5;-12;100
5;-11,5;100
5;-11;100
5;-10,5;100
5;-10;100
5;-9,5;100
5;-9;100
5;-8,5;100
5;-8;100
5;-7,5;100
5;-7;100
5;-6,5;100
5;-6;100
5;-5,5;100
5;-5;100
5;-4,5;100
5;-4;100
5;-3,5;100
5;-3;100
5;-2,5;100
5;-2;100
5;-1,5;100
5;-1;100
5;-0,5;100
5;0;100
5;0,5;100
5;1;100
5;1,5;100
5;2;100
5;2,5;100
5;3;100
5;3,5;92
5;4;92
5;4,5;72
5;5;84
5;5,5;88
5;6;96
5;6,5;100
5;7;100
5;7,5;36
5;8;12
5;8,5;40
5;9;80
5;9,5;96
5;10;92
5;10,5;100
5;11;100
5;11,5;100
5;12;100
5;12,5;100
5;13;100
5;13,5;100
5;14;100
5;14,5;100
5;15;100
5;15,5;100
5;16;100
5;16,5;100
5;17;100
5;17,5;100
5;18;36
5;18,5;0
5;19;0
5;19,5;48
5;20;60
5;20,5;56
5;21;4
5;21,5;8
5;22;28
5,5;-77,5;4
5,5;-77;12
5,5;-76,5;72
5,5;-76;80
5,5;-75,5;96
5,5;-75;100
5,5;-74,5;100
5,5;-74;96
5,5;-73,5;92
5,5;-73;100
5,5;-72,5;100
5,5;-72;100
5,5;-71,5;100
5,5;-71;96
5,5;-70,5;68
5,5;-70;12
5,5;-69,5;32
5,5;-69;96
5,5;-68,5;100
5,5;-68;100
5,5;-67,5;100
5,5;-67;100
5,5;-66,5;100
5,5;-66;100
5,5;-65,5;100
5,5;-65;100
5,5;-64,5;100
5,5;-64;100
5,5;-63,5;100
5,5;-63;100
5,5;-62,5;100
5,5;-62;80
5,5;-61,5;24
5,5;-61;88
5,5;-60,5;100
5,5;-60;100
5,5;-59,5;100
5,5;-59;100
5,5;-58,5;100
5,5;-58;100
5,5;-57,5;100
5,5;-57;100
5,5;-56,5;100
5,5;-56;100
5,5;-55,5;100
5,5;-55;100
5,5;-54,5;100
5,5;-54;100
5,5;-53,5;100
5,5;-53;100
5,5;-52,5;100
5,5;-52;100
5,5;-51,5;100
5,5;-51;100
5,5;-50,5;100
5,5;-50;96
5,5;-49,5;40
5,5;-49;0
5,5;-48,5;0
5,5;-48;0
5,5;-47,5;0
5,5;-47;0
5,5;-46,5;0
5,5;-46;80
5,5;-45,5;100
5,5;-45;100
5,5;-44,5;100
5,5;-44;100
5,5;-43,5;100
5,5;-43;100
5,5;-42,5;100
5,5;-42;60
5,5;-41,5;24
5,5;-41;0
5,5;-40,5;0
5,5;-40;0
5,5;-39,5;4
5,5;-39;0
5,5;-38,5;28
5,5;-38;28
5,5;-37,5;12
5,5;-37;20
5,5;-36,5;16
5,5;-36;16
5,5;-35,5;52
5,5;-35;96
5,5;-34,5;100
5,5;-34;100
5,5;-33,5;100
5,5;-33;100
5,5;-32,5;100
5,5;-32;100
5,5;-31,5;100
5,5;-31;100
5,5;-30,5;100
5,5;-30;100
5,5;-29,5;100
5,5;-29;100
5,5;-28,5;100
5,5;-28;100
5,5;-27,5;100
5,5;-27;100
5,5;-26,5;100
5,5;-26;100
5,5;-25,5;100
5,5;-25;100
5,5;-24,5;100
5,5;-24;100
5,5;-23,5;100
5,5;-23;100
5,5;-22,5;100
5,5;-22;100
5,5;-21,5;100
5,5;-21;100
5,5;-20,5;100
5,5;-20;100
5,5;-19,5;100
5,5;-19;100
5,5;-18,5;100
5,5;-18;100
5,5;-17,5;100
5,5;-17;100
5,5;-16,5;100
5,5;-16;100
5,5;-15,5;100
5,5;-15;100
5,5;-14,5;100
5,5;-14;100
5,5;-13,5;100
5,5;-13;100
5,5;-12,5;100
5,5;-12;100
5,5;-11,5;100
5,5;-11;100
5,5;-10,5;100
5,5;-10;100
5,5;-9,5;100
5,5;-9;100
5,5;-8,5;100
5,5;-8;100
5,5;-7,5;100
5,5;-7;100
5,5;-6,5;100
5,5;-6;100
5,5;-5,5;100
5,5;-5;100
5,5;-4,5;100
5,5;-4;100
5,5;-3,5;100
5,5;-3;100
5,5;-2,5;100
5,5;-2;100
5,5;-1,5;100
5,5;-1;100
5,5;-0,5;100
5,5;0;100
5,5;0,5;100
5,5;1;100
5,5;1,5;100
5,5;2;100
5,5;2,5;100
5,5;3;100
5,5;3,5;100
5,5;4;92
5,5;4,5;56
5,5;5;88
5,5;5,5;100
5,5;6;100
5,5;6,5;100
5,5;7;72
5,5;7,5;72
5,5;8;92
5,5;8,5;76
5,5;9;84
5,5;9,5;60
5,5;10;28
5,5;10,5;76
5,5;11;96
5,5;11,5;84
5,5;12;92
5,5;12,5;88
5,5;13;68
5,5;13,5;88
5,5;14;100
5,5;14,5;100
5,5;15;100
5,5;15,5;100
5,5;16;100
5,5;16,5;100
5,5;17;100
5,5;17,5;100
5,5;18;24
5,5;18,5;0
5,5;19;40
5,5;19,5;88
5,5;20;96
5,5;20,5;96
5,5;21;68
5,5;21,5;64
5,5;22;100
5,5;22,5;16
6;-77,5;0
6;-77;32
6;-76,5;92
6;-76;88
6;-75,5;100
6;-75;100
6;-74,5;92
6;-74;92
6;-73,5;96
6;-73;100
6;-72,5;96
6;-72;96
6;-71,5;92
6;-71;92
6;-70,5;60
6;-70;4
6;-69,5;24
6;-69;100
6;-68,5;100
6;-68;100
6;-67,5;100
6;-67;100
6;-66,5;100
6;-66;100
6;-65,5;100
6;-65;100
6;-64,5;100
6;-64;100
6;-63,5;100
6;-63;100
6;-62,5;96
6;-62;36
6;-61,5;84
6;-61;100
6;-60,5;100
6;-60;100
6;-59,5;100
6;-59;100
6;-58,5;100
6;-58;100
6;-57,5;100
6;-57;100
6;-56,5;100
6;-56;100
6;-55,5;100
6;-55;100
6;-54,5;100
6;-54;100
6;-53,5;100
6;-53;100
6;-52,5;100
6;-52;100
6;-51,5;100
6;-51;100
6;-50,5;100
6;-50;100
6;-49,5;72
6;-49;0
6;-48,5;0
6;-48;0
6;-47,5;0
6;-47;0
6;-46,5;0
6;-46;72
6;-45,5;100
6;-45;100
6;-44,5;100
6;-44;100
6;-43,5;100
6;-43;100
6;-42,5;80
6;-42;32
6;-41,5;0
6;-41;0
6;-40,5;0
6;-40;16
6;-39,5;16
6;-39;16
6;-38,5;96
6;-38;64
6;-37,5;0
6;-37;0
6;-36,5;0
6;-36;0
6;-35,5;68
6;-35;96
6;-34,5;100
6;-34;100
6;-33,5;100
6;-33;100
6;-32,5;100
6;-32;100
6;-31,5;100
6;-31;100
6;-30,5;100
6;-30;100
6;-29,5;100
6;-29;100
6;-28,5;100
6;-28;100
6;-27,5;100
6;-27;100
6;-26,5;100
6;-26;88
6;-25,5;100
6;-25;100
6;-24,5;100
6;-24;100
6;-23,5;100
6;-23;100
6;-22,5;100
6;-22;100
6;-21,5;100
6;-21;100
6;-20,5;100
6;-20;100
6;-19,5;100
6;-19;100
6;-18,5;100
6;-18;100
6;-17,5;100
6;-17;100
6;-16,5;100
6;-16;100
6;-15,5;100
6;-15;100
6;-14,5;100
6;-14;100
6;-13,5;100
6;-13;100
6;-12,5;100
6;-12;100
6;-11,5;100
6;-11;100
6;-10,5;100
6;-10;100
6;-9,5;100
6;-9;100
6;-8,5;100
6;-8;100
6;-7,5;100
6;-7;100
6;-6,5;100
6;-6;100
6;-5,5;100
6;-5;100
6;-4,5;100
6;-4;100
6;-3,5;100
6;-3;100
6;-2,5;100
6;-2;100
6;-1,5;100
6;-1;100
6;-0,5;100
6;0;100
6;0,5;100
6;1;100
6;1,5;100
6;2;100
6;2,5;100
6;3;100
6;3,5;100
6;4;100
6;4,5;92
6;5;100
6;5,5;100
6;6;100
6;6,5;100
6;7;92
6;7,5;96
6;8;100
6;8,5;100
6;9;96
6;9,5;76
6;10;0
6;10,5;12
6;11;80
6;11,5;36
6;12;8
6;12,5;4
6;13;0
6;13,5;16
6;14;52
6;14,5;100
6;15;100
6;15,5;100
6;16;100
6;16,5;100
6;17;100
6;17,5;100
6;18;76
6;18,5;4
6;19;96
6;19,5;100
6;20;100
6;20,5;100
6;21;100
6;21,5;96
6;22;100
6;22,5;24
6,5;-77,5;0
6,5;-77;12
6,5;-76,5;76
6,5;-76;72
6,5;-75,5;80
6,5;-75;76
6,5;-74,5;80
6,5;-74;92
6,5;-73,5;100
6,5;-73;100
6,5;-72,5;96
6,5;-72;88
6,5;-71,5;100
6,5;-71;96
6,5;-70,5;92
6,5;-70;80
6,5;-69,5;80
6,5;-69;96
6,5;-68,5;100
6,5;-68;100
6,5;-67,5;100
6,5;-67;100
6,5;-66,5;100
6,5;-66;100
6,5;-65,5;100
6,5;-65;100
6,5;-64,5;100
6,5;-64;100
6,5;-63,5;100
6,5;-63;100
6,5;-62,5;80
6,5;-62;32
6,5;-61,5;100
6,5;-61;100
6,5;-60,5;100
6,5;-60;100
6,5;-59,5;100
6,5;-59;100
6,5;-58,5;100
6,5;-58;100
6,5;-57,5;100
6,5;-57;100
6,5;-56,5;100
6,5;-56;100
6,5;-55,5;100
6,5;-55;100
6,5;-54,5;100
6,5;-54;100
6,5;-53,5;100
6,5;-53;100
6,5;-52,5;100
6,5;-52;100
6,5;-51,5;100
6,5;-51;100
6,5;-50,5;100
6,5;-50;100
6,5;-49,5;80
6,5;-49;0
6,5;-48,5;0
6,5;-48;0
6,5;-47,5;0
6,5;-47;0
6,5;-46,5;0
6,5;-46;8
6,5;-45,5;96
6,5;-45;100
6,5;-44,5;100
6,5;-44;100
6,5;-43,5;100
6,5;-43;100
6,5;-42,5;100
6,5;-42;80
6,5;-41,5;4
6,5;-41;36
6,5;-40,5;64
6,5;-40;100
6,5;-39,5;36
6,5;-39;92
6,5;-38,5;100
6,5;-38;64
6,5;-37,5;48
6,5;-37;84
6,5;-36,5;56
6,5;-36;56
6,5;-35,5;8
6,5;-35;44
6,5;-34,5;100
6,5;-34;100
6,5;-33,5;100
6,5;-33;100
6,5;-32,5;100
6,5;-32;100
6,5;-31,5;100
6,5;-31;100
6,5;-30,5;100
6,5;-30;100
6,5;-29,5;100
6,5;-29;100
6,5;-28,5;100
6,5;-28;100
6,5;-27,5;100
6,5;-27;100
6,5;-26,5;100
6,5;-26;100
6,5;-25,5;100
6,5;-25;100
6,5;-24,5;100
6,5;-24;100
6,5;-23,5;100
6,5;-23;100
6,5;-22,5;100
6,5;-22;100
6,5;-21,5;100
6,5;-21;100
6,5;-20,5;100
6,5;-20;100
6,5;-19,5;100
6,5;-19;100
6,5;-18,5;100
6,5;-18;100
6,5;-17,5;100
6,5;-17;100
6,5;-16,5;100
6,5;-16;100
6,5;-15,5;100
6,5;-15;100
6,5;-14,5;100
6,5;-14;100
6,5;-13,5;100
6,5;-13;100
6,5;-12,5;100
6,5;-12;100
6,5;-11,5;100
6,5;-11;100
6,5;-10,5;100
6,5;-10;100
6,5;-9,5;100
6,5;-9;100
6,5;-8,5;100
6,5;-8;100
6,5;-7,5;100
6,5;-7;100
6,5;-6,5;100
6,5;-6;100
6,5;-5,5;100
6,5;-5;100
6,5;-4,5;100
6,5;-4;100
6,5;-3,5;100
6,5;-3;100
6,5;-2,5;100
6,5;-2;100
6,5;-1,5;100
6,5;-1;100
6,5;-0,5;100
6,5;0;100
6,5;0,5;100
6,5;1;100
6,5;1,5;100
6,5;2;100
6,5;2,5;100
6,5;3;100
6,5;3,5;100
6,5;4;100
6,5;4,5;100
6,5;5;100
6,5;5,5;100
6,5;6;100
6,5;6,5;100
6,5;7;100
6,5;7,5;100
6,5;8;100
6,5;8,5;100
6,5;9;100
6,5;9,5;84
6,5;10;4
6,5;10,5;0
6,5;11;8
6,5;11,5;0
6,5;12;0
6,5;12,5;0
6,5;13;0
6,5;13,5;28
6,5;14;88
6,5;14,5;100
6,5;15;100
6,5;15,5;100
6,5;16;100
6,5;16,5;100
6,5;17;100
6,5;17,5;100
6,5;18;76
6,5;18,5;68
6,5;19;100
6,5;19,5;100
6,5;20;100
6,5;20,5;100
6,5;21;100
6,5;21,5;100
6,5;22;100
6,5;22,5;60
7;-77,5;0
7;-77;4
7;-76,5;8
7;-76;48
7;-75,5;20
7;-75;44
7;-74,5;96
7;-74;96
7;-73,5;100
7;-73;96
7;-72,5;92
7;-72;92
7;-71,5;100
7;-71;100
7;-70,5;100
7;-70;100
7;-69,5;100
7;-69;100
7;-68,5;100
7;-68;100
7;-67,5;100
7;-67;100
7;-66,5;100
7;-66;100
7;-65,5;100
7;-65;100
7;-64,5;100
7;-64;100
7;-63,5;100
7;-63;100
7;-62,5;36
7;-62;68
7;-61,5;96
7;-61;100
7;-60,5;96
7;-60;100
7;-59,5;100
7;-59;100
7;-58,5;100
7;-58;100
7;-57,5;100
7;-57;100
7;-56,5;100
7;-56;100
7;-55,5;100
7;-55;100
7;-54,5;100
7;-54;100
7;-53,5;100
7;-53;100
7;-52,5;100
7;-52;100
7;-51,5;100
7;-51;100
7;-50,5;100
7;-50;100
7;-49,5;100
7;-49;12
7;-48,5;0
7;-48;0
7;-47,5;0
7;-47;0
7;-46,5;0
7;-46;0
7;-45,5;60
7;-45;100
7;-44,5;100
7;-44;96
7;-43,5;96
7;-43;100
7;-42,5;100
7;-42;72
7;-41,5;68
7;-41;100
7;-40,5;100
7;-40;100
7;-39,5;100
7;-39;100
7;-38,5;100
7;-38;100
7;-37,5;100
7;-37;100
7;-36,5;100
7;-36;100
7;-35,5;100
7;-35;84
7;-34,5;100
7;-34;100
7;-33,5;100
7;-33;100
7;-32,5;96
7;-32;100
7;-31,5;100
7;-31;100
7;-30,5;100
7;-30;100
7;-29,5;100
7;-29;100
7;-28,5;100
7;-28;100
7;-27,5;100
7;-27;100
7;-26,5;100
7;-26;100
7;-25,5;100
7;-25;100
7;-24,5;100
7;-24;100
7;-23,5;100
7;-23;100
7;-22,5;100
7;-22;100
7;-21,5;100
7;-21;100
7;-20,5;100
7;-20;100
7;-19,5;100
7;-19;100
7;-18,5;100
7;-18;100
7;-17,5;100
7;-17;100
7;-16,5;100
7;-16;100
7;-15,5;100
7;-15;100
7;-14,5;100
7;-14;100
7;-13,5;100
7;-13;100
7;-12,5;100
7;-12;100
7;-11,5;100
7;-11;100
7;-10,5;100
7;-10;100
7;-9,5;100
7;-9;100
7;-8,5;100
7;-8;88
7;-7,5;100
7;-7;100
7;-6,5;100
7;-6;100
7;-5,5;100
7;-5;100
7;-4,5;100
7;-4;100
7;-3,5;100
7;-3;100
7;-2,5;100
7;-2;100
7;-1,5;100
7;-1;100
7;-0,5;100
7;0;100
7;0,5;100
7;1;100
7;1,5;100
7;2;100
7;2,5;100
7;3;100
7;3,5;100
7;4;100
7;4,5;100
7;5;100
7;5,5;100
7;6;100
7;6,5;100
7;7;100
7;7,5;100
7;8;100
7;8,5;96
7;9;96
7;9,5;32
7;10;0
7;10,5;0
7;11;0
7;11,5;0
7;12,5;0
7;13;0
7;13,5;4
7;14;84
7;14,5;100
7;15;100
7;15,5;100
7;16;100
7;16,5;100
7;17;100
7;17,5;100
7;18;96
7;18,5;96
7;19;100
7;19,5;100
7;20;100
7;20,5;100
7;21;100
7;21,5;100
7;22;100
7;22,5;80
7,5;-77,5;0
7,5;-77;0
7,5;-76,5;0
7,5;-76;4
7,5;-75,5;0
7,5;-75;24
7,5;-74,5;84
7,5;-74;92
7,5;-73,5;100
7,5;-73;100
7,5;-72,5;88
7,5;-72;72
7,5;-71,5;84
7,5;-71;96
7,5;-70,5;92
7,5;-70;100
7,5;-69,5;100
7,5;-69;100
7,5;-68,5;100
7,5;-68;100
7,5;-67,5;100
7,5;-67;100
7,5;-66,5;100
7,5;-66;100
7,5;-65,5;100
7,5;-65;100
7,5;-64,5;100
7,5;-64;100
7,5;-63,5;100
7,5;-63;84
7,5;-62,5;28
7,5;-62;92
7,5;-61,5;88
7,5;-61;80
7,5;-60,5;84
7,5;-60;100
7,5;-59,5;100
7,5;-59;100
7,5;-58,5;100
7,5;-58;100
7,5;-57,5;100
7,5;-57;100
7,5;-56,5;100
7,5;-56;100
7,5;-55,5;100
7,5;-55;100
7,5;-54,5;100
7,5;-54;100
7,5;-53,5;100
7,5;-53;100
7,5;-52,5;100
7,5;-52;100
7,5;-51,5;100
7,5;-51;100
7,5;-50,5;100
7,5;-50;100
7,5;-49,5;100
7,5;-49;16
7,5;-48,5;0
7,5;-48;0
7,5;-47,5;0
7,5;-47;0
7,5;-46,5;0
7,5;-46;16
7,5;-45,5;56
7,5;-45;100
7,5;-44,5;100
7,5;-44;96
7,5;-43,5;96
7,5;-43;100
7,5;-42,5;100
7,5;-42;100
7,5;-41,5;100
7,5;-41;100
7,5;-40,5;100
7,5;-40;96
7,5;-39,5;96
7,5;-39;100
7,5;-38,5;100
7,5;-38;100
7,5;-37,5;100
7,5;-37;100
7,5;-36,5;100
7,5;-36;100
7,5;-35,5;100
7,5;-35;96
7,5;-34,5;100
7,5;-34;100
7,5;-33,5;100
7,5;-33;100
7,5;-32,5;100
7,5;-32;100
7,5;-31,5;100
7,5;-31;100
7,5;-30,5;100
7,5;-30;100
7,5;-29,5;100
7,5;-29;100
7,5;-28,5;100
7,5;-28;100
7,5;-27,5;100
7,5;-27;100
7,5;-26,5;100
7,5;-26;100
7,5;-25,5;100
7,5;-25;100
7,5;-24,5;100
7,5;-24;100
7,5;-23,5;100
7,5;-23;100
7,5;-22,5;100
7,5;-22;100
7,5;-21,5;100
7,5;-21;100
7,5;-20,5;100
7,5;-20;100
7,5;-19,5;100
7,5;-19;100
7,5;-18,5;100
7,5;-18;100
7,5;-17,5;100
7,5;-17;100
7,5;-16,5;100
7,5;-16;100
7,5;-15,5;100
7,5;-15;100
7,5;-14,5;100
7,5;-14;100
7,5;-13,5;100
7,5;-13;100
7,5;-12,5;100
7,5;-12;100
7,5;-11,5;100
7,5;-11;100
7,5;-10,5;100
7,5;-10;100
7,5;-9,5;100
7,5;-9;100
7,5;-8,5;100
7,5;-8;96
7,5;-7,5;100
7,5;-7;100
7,5;-6,5;100
7,5;-6;100
7,5;-5,5;100
7,5;-5;100
7,5;-4,5;100
7,5;-4;100
7,5;-3,5;100
7,5;-3;100
7,5;-2,5;100
7,5;-2;100
7,5;-1,5;100
7,5;-1;100
7,5;-0,5;100
7,5;0;100
7,5;0,5;100
7,5;1;100
7,5;1,5;100
7,5;2;100
7,5;2,5;100
7,5;3;100
7,5;3,5;100
7,5;4;100
7,5;4,5;100
7,5;5;100
7,5;5,5;100
7,5;6;100
7,5;6,5;100
7,5;7;96
7,5;7,5;100
7,5;8;72
7,5;8,5;52
7,5;9;12
7,5;9,5;12
7,5;10;0
7,5;10,5;0
7,5;11;0
7,5;11,5;0
7,5;12;0
7,5;12,5;0
7,5;13;0
7,5;13,5;0
7,5;14;76
7,5;14,5;100
7,5;15;100
7,5;15,5;100
7,5;16;100
7,5;16,5;100
7,5;17;100
7,5;17,5;100
7,5;18;96
7,5;18,5;64
7,5;19;100
7,5;19,5;100
7,5;20;100
7,5;20,5;100
7,5;21;100
7,5;21,5;96
7,5;22;100
7,5;22,5;80
8;-77,5;4
8;-77;24
8;-76,5;0
8;-76;0
8;-75,5;8
8;-75;44
8;-74,5;68
8;-74;100
8;-73,5;96
8;-73;80
8;-72,5;88
8;-72;84
8;-71,5;68
8;-71;88
8;-70,5;52
8;-70;100
8;-69,5;100
8;-69;100
8;-68,5;100
8;-68;100
8;-67,5;100
8;-67;100
8;-66,5;100
8;-66;100
8;-65,5;100
8;-65;100
8;-64,5;100
8;-64;100
8;-63,5;100
8;-63;84
8;-62,5;64
8;-62;100
8;-61,5;100
8;-61;100
8;-60,5;100
8;-60;100
8;-59,5;100
8;-59;100
8;-58,5;100
8;-58;100
8;-57,5;100
8;-57;100
8;-56,5;100
8;-56;100
8;-55,5;100
8;-55;100
8;-54,5;100
8;-54;100
8;-53,5;100
8;-53;100
8;-52,5;100
8;-52;100
8;-51,5;100
8;-51;100
8;-50,5;100
8;-50;100
8;-49,5;100
8;-49;32
8;-48,5;0
8;-48;0
8;-47,5;0
8;-47;0
8;-46,5;4
8;-46;76
8;-45,5;100
8;-45;100
8;-44,5;100
8;-44;100
8;-43,5;100
8;-43;100
8;-42,5;100
8;-42;100
8;-41,5;100
8;-41;100
8;-40,5;100
8;-40;100
8;-39,5;100
8;-39;100
8;-38,5;100
8;-38;100
8;-37,5;100
8;-37;100
8;-36,5;100
8;-36;100
8;-35,5;100
8;-35;96
8;-34,5;100
8;-34;100
8;-33,5;100
8;-33;100
8;-32,5;100
8;-32;100
8;-31,5;100
8;-31;100
8;-30,5;100
8;-30;100
8;-29,5;100
8;-29;100
8;-28,5;100
8;-28;100
8;-27,5;100
8;-27;100
8;-26,5;100
8;-26;100
8;-25,5;100
8;-25;100
8;-24,5;100
8;-24;100
8;-23,5;100
8;-23;100
8;-22,5;100
8;-22;100
8;-21,5;100
8;-21;100
8;-20,5;100
8;-20;100
8;-19,5;100
8;-19;100
8;-18,5;100
8;-18;100
8;-17,5;100
8;-17;100
8;-16,5;100
8;-16;100
8;-15,5;100
8;-15;100
8;-14,5;100
8;-14;100
8;-13,5;100
8;-13;100
8;-12,5;100
8;-12;100
8;-11,5;100
8;-11;100
8;-10,5;100
8;-10;100
8;-9,5;100
8;-9;100
8;-8,5;100
8;-8;88
8;-7,5;100
8;-7;100
8;-6,5;100
8;-6;100
8;-5,5;100
8;-5;100
8;-4,5;100
8;-4;100
8;-3,5;100
8;-3;100
8;-2,5;100
8;-2;100
8;-1,5;100
8;-1;100
8;-0,5;100
8;0;100
8;0,5;100
8;1;100
8;1,5;100
8;2;100
8;2,5;100
8;3;100
8;3,5;100
8;4;100
8;4,5;100
8;5;100
8;5,5;100
8;6;100
8;6,5;100
8;7;100
8;7,5;100
8;8;100
8;8,5;96
8;9;68
8;9,5;0
8;10;0
8;10,5;0
8;11;0
8;12,5;0
8;13;0
8;13,5;0
8;14;16
8;14,5;100
8;15;100
8;15,5;100
8;16;100
8;16,5;100
8;17;100
8;17,5;100
8;18;40
8;18,5;60
8;19;100
8;19,5;100
8;20;100
8;20,5;100
8;21;100
8;21,5;100
8;22;100
8;22,5;84
8,5;-77,5;8
8,5;-77;60
8,5;-76,5;4
8,5;-76;32
8,5;-75,5;48
8,5;-75;84
8,5;-74,5;92
8,5;-74;100
8,5;-73,5;84
8,5;-73;84
8,5;-72,5;60
8,5;-72;88
8,5;-71,5;100
8,5;-71;52
8,5;-70,5;76
8,5;-70;88
8,5;-69,5;100
8,5;-69;100
8,5;-68,5;100
8,5;-68;100
8,5;-67,5;100
8,5;-67;100
8,5;-66,5;100
8,5;-66;100
8,5;-65,5;92
8,5;-65;100
8,5;-64,5;100
8,5;-64;100
8,5;-63,5;100
8,5;-63;100
8,5;-62,5;100
8,5;-62;100
8,5;-61,5;100
8,5;-61;100
8,5;-60,5;100
8,5;-60;100
8,5;-59,5;100
8,5;-59;100
8,5;-58,5;100
8,5;-58;100
8,5;-57,5;100
8,5;-57;100
8,5;-56,5;100
8,5;-56;100
8,5;-55,5;100
8,5;-55;100
8,5;-54,5;100
8,5;-54;100
8,5;-53,5;100
8,5;-53;100
8,5;-52,5;100
8,5;-52;100
8,5;-51,5;100
8,5;-51;100
8,5;-50,5;100
8,5;-50;100
8,5;-49,5;100
8,5;-49;32
8,5;-48,5;0
8,5;-48;0
8,5;-47,5;0
8,5;-47;0
8,5;-46,5;24
8,5;-46;100
8,5;-45,5;100
8,5;-45;100
8,5;-44,5;100
8,5;-44;100
8,5;-43,5;100
8,5;-43;100
8,5;-42,5;100
8,5;-42;100
8,5;-41,5;100
8,5;-41;100
8,5;-40,5;100
8,5;-40;100
8,5;-39,5;100
8,5;-39;100
8,5;-38,5;100
8,5;-38;100
8,5;-37,5;100
8,5;-37;100
8,5;-36,5;100
8,5;-36;100
8,5;-35,5;100
8,5;-35;100
8,5;-34,5;100
8,5;-34;100
8,5;-33,5;100
8,5;-33;100
8,5;-32,5;100
8,5;-32;100
8,5;-31,5;100
8,5;-31;100
8,5;-30,5;100
8,5;-30;100
8,5;-29,5;100
8,5;-29;100
8,5;-28,5;100
8,5;-28;100
8,5;-27,5;100
8,5;-27;100
8,5;-26,5;100
8,5;-26;100
8,5;-25,5;100
8,5;-25;100
8,5;-24,5;100
8,5;-24;100
8,5;-23,5;100
8,5;-23;100
8,5;-22,5;100
8,5;-22;100
8,5;-21,5;100
8,5;-21;100
8,5;-20,5;100
8,5;-20;100
8,5;-19,5;100
8,5;-19;100
8,5;-18,5;100
8,5;-18;100
8,5;-17,5;100
8,5;-17;100
8,5;-16,5;100
8,5;-16;100
8,5;-15,5;100
8,5;-15;100
8,5;-14,5;100
8,5;-14;100
8,5;-13,5;100
8,5;-13;100
8,5;-12,5;100
8,5;-12;100
8,5;-11,5;100
8,5;-11;100
8,5;-10,5;100
8,5;-10;100
8,5;-9,5;100
8,5;-9;100
8,5;-8,5;100
8,5;-8;100
8,5;-7,5;100
8,5;-7;100
8,5;-6,5;100
8,5;-6;100
8,5;-5,5;100
8,5;-5;100
8,5;-4,5;100
8,5;-4;100
8,5;-3,5;100
8,5;-3;100
8,5;-2,5;100
8,5;-2;100
8,5;-1,5;100
8,5;-1;100
8,5;-0,5;100
8,5;0;100
8,5;0,5;100
8,5;1;100
8,5;1,5;100
8,5;2;100
8,5;2,5;100
8,5;3;100
8,5;3,5;100
8,5;4;100
8,5;4,5;100
8,5;5;100
8,5;5,5;100
8,5;6;100
8,5;6,5;100
8,5;7;100
8,5;7,5;100
8,5;8;100
8,5;8,5;100
8,5;9;92
8,5;9,5;12
8,5;10;0
8,5;10,5;0
8,5;11;0
8,5;11,5;0
8,5;12,5;0
8,5;13;0
8,5;13,5;0
8,5;14;0
8,5;14,5;36
8,5;15;92
8,5;15,5;100
8,5;16;100
8,5;16,5;100
8,5;17;92
8,5;17,5;44
8,5;18;8
8,5;18,5;12
8,5;19;92
8,5;19,5;100
8,5;20;100
8,5;20,5;100
8,5;21;100
8,5;21,5;100
8,5;22;100
8,5;22,5;100
9;-77,5;0
9;-77;0
9;-76,5;0
9;-76;44
9;-75,5;28
9;-75;56
9;-74,5;72
9;-74;84
9;-73,5;92
9;-73;60
9;-72,5;96
9;-72;92
9;-71,5;80
9;-71;92
9;-70,5;92
9;-70;88
9;-69,5;100
9;-69;100
9;-68,5;100
9;-68;100
9;-67,5;100
9;-67;100
9;-66,5;100
9;-66;96
9;-65,5;100
9;-65;100
9;-64,5;100
9;-64;100
9;-63,5;100
9;-63;100
9;-62,5;100
9;-62;100
9;-61,5;100
9;-61;100
9;-60,5;100
9;-60;100
9;-59,5;100
9;-59;100
9;-58,5;100
9;-58;100
9;-57,5;100
9;-57;100
9;-56,5;100
9;-56;100
9;-55,5;100
9;-55;100
9;-54,5;100
9;-54;100
9;-53,5;100
9;-53;100
9;-52,5;100
9;-52;100
9;-51,5;100
9;-51;100
9;-50,5;100
9;-50;100
9;-49,5;100
9;-49;88
9;-48,5;8
9;-48;0
9;-47,5;0
9;-47;36
9;-46,5;100
9;-46;88
9;-45,5;100
9;-45;100
9;-44,5;100
9;-44;100
9;-43,5;100
9;-43;100
9;-42,5;100
9;-42;100
9;-41,5;100
9;-41;100
9;-40,5;100
9;-40;100
9;-39,5;100
9;-39;100
9;-38,5;100
9;-38;100
9;-37,5;100
9;-37;100
9;-36,5;100
9;-36;100
9;-35,5;100
9;-35;100
9;-34,5;88
9;-34;100
9;-33,5;100
9;-33;96
9;-32,5;100
9;-32;100
9;-31,5;100
9;-31;100
9;-30,5;100
9;-30;100
9;-29,5;100
9;-29;100
9;-28,5;100
9;-28;100
9;-27,5;100
9;-27;100
9;-26,5;100
9;-26;100
9;-25,5;100
9;-25;100
9;-24,5;100
9;-24;100
9;-23,5;100
9;-23;100
9;-22,5;100
9;-22;100
9;-21,5;100
9;-21;100
9;-20,5;100
9;-20;100
9;-19,5;100
9;-19;100
9;-18,5;100
9;-18;100
9;-17,5;100
9;-17;100
9;-16,5;100
9;-16;100
9;-15,5;92
9;-15;100
9;-14,5;100
9;-14;100
9;-13,5;100
9;-13;100
9;-12,5;100
9;-12;100
9;-11,5;100
9;-11;100
9;-10,5;100
9;-10;100
9;-9,5;100
9;-9;100
9;-8,5;100
9;-8;100
9;-7,5;100
9;-7;100
9;-6,5;100
9;-6;100
9;-5,5;100
9;-5;100
9;-4,5;100
9;-4;100
9;-3,5;100
9;-3;100
9;-2,5;92
9;-2;76
9;-1,5;100
9;-1;100
9;-0,5;100
9;0;100
9;0,5;100
9;1;100
9;1,5;100
9;2;100
9;2,5;100
9;3;100
9;3,5;100
9;4;100
9;4,5;100
9;5;100
9;5,5;100
9;6;100
9;6,5;100
9;7;100
9;7,5;100
9;8;92
9;8,5;84
9;9;68
9;9,5;20
9;10;0
9;10,5;4
9;11;0
9;11,5;0
9;13;0
9;13,5;0
9;14;0
9;14,5;0
9;15;68
9;15,5;40
9;16;36
9;16,5;36
9;17;8
9;17,5;0
9;18,5;52
9;19;100
9;19,5;100
9;20;100
9;20,5;100
9;21;100
9;21,5;80
9;22;64
9;22,5;100
9,5;-77,5;4
9,5;-77;12
9,5;-76,5;0
9,5;-76;44
9,5;-75,5;36
9,5;-75;52
9,5;-74,5;56
9,5;-74;60
9,5;-73,5;100
9,5;-73;76
9,5;-72,5;84
9,5;-72;48
9,5;-71,5;68
9,5;-71;64
9,5;-70,5;76
9,5;-70;68
9,5;-69,5;92
9,5;-69;100
9,5;-68,5;100
9,5;-68;100
9,5;-67,5;100
9,5;-67;100
9,5;-66,5;100
9,5;-66;100
9,5;-65,5;96
9,5;-65;100
9,5;-64,5;100
9,5;-64;100
9,5;-63,5;100
9,5;-63;100
9,5;-62,5;100
9,5;-62;100
9,5;-61,5;100
9,5;-61;100
9,5;-60,5;100
9,5;-60;100
9,5;-59,5;100
9,5;-59;100
9,5;-58,5;100
9,5;-58;100
9,5;-57,5;100
9,5;-57;100
9,5;-56,5;100
9,5;-56;100
9,5;-55,5;100
9,5;-55;100
9,5;-54,5;100
9,5;-54;100
9,5;-53,5;100
9,5;-53;100
9,5;-52,5;100
9,5;-52;100
9,5;-51,5;100
9,5;-51;100
9,5;-50,5;100
9,5;-50;100
9,5;-49,5;100
9,5;-49;88
9,5;-48,5;60
9,5;-48;12
9,5;-47,5;0
9,5;-47;24
9,5;-46,5;96
9,5;-46;100
9,5;-45,5;100
9,5;-45;100
9,5;-44,5;100
9,5;-44;92
9,5;-43,5;100
9,5;-43;100
9,5;-42,5;100
9,5;-42;100
9,5;-41,5;100
9,5;-41;100
9,5;-40,5;100
9,5;-40;100
9,5;-39,5;100
9,5;-39;100
9,5;-38,5;100
9,5;-38;100
9,5;-37,5;100
9,5;-37;100
9,5;-36,5;100
9,5;-36;100
9,5;-35,5;100
9,5;-35;92
9,5;-34,5;100
9,5;-34;96
9,5;-33,5;100
9,5;-33;100
9,5;-32,5;100
9,5;-32;100
9,5;-31,5;100
9,5;-31;100
9,5;-30,5;100
9,5;-30;100
9,5;-29,5;100
9,5;-29;100
9,5;-28,5;100
9,5;-28;100
9,5;-27,5;100
9,5;-27;100
9,5;-26,5;100
9,5;-26;100
9,5;-25,5;100
9,5;-25;100
9,5;-24,5;100
9,5;-24;100
9,5;-23,5;100
9,5;-23;100
9,5;-22,5;100
9,5;-22;100
9,5;-21,5;100
9,5;-21;100
9,5;-20,5;100
9,5;-20;100
9,5;-19,5;100
9,5;-19;100
9,5;-18,5;100
9,5;-18;100
9,5;-17,5;100
9,5;-17;100
9,5;-16,5;100
9,5;-16;100
9,5;-15,5;96
9,5;-15;100
9,5;-14,5;100
9,5;-14;100
9,5;-13,5;100
9,5;-13;100
9,5;-12,5;96
9,5;-12;100
9,5;-11,5;100
9,5;-11;100
9,5;-10,5;100
9,5;-10;100
9,5;-9,5;100
9,5;-9;100
9,5;-8,5;100
9,5;-8;100
9,5;-7,5;100
9,5;-7;100
9,5;-6,5;100
9,5;-6;100
9,5;-5,5;100
9,5;-5;100
9,5;-4,5;100
9,5;-4;100
9,5;-3,5;100
9,5;-3;100
9,5;-2,5;80
9,5;-2;92
9,5;-1,5;100
9,5;-1;100
9,5;-0,5;100
9,5;0;100
9,5;0,5;100
9,5;1;100
9,5;1,5;100
9,5;2;100
9,5;2,5;100
9,5;3;100
9,5;3,5;100
9,5;4;100
9,5;4,5;100
9,5;5;100
9,5;5,5;100
9,5;6;100
9,5;6,5;100
9,5;7;100
9,5;7,5;100
9,5;8;88
9,5;8,5;88
9,5;9;84
9,5;9,5;96
9,5;10;64
9,5;10,5;76
9,5;11;0
9,5;12;0
9,5;13;0
9,5;13,5;0
9,5;14;0
9,5;14,5;0
9,5;15;0
9,5;15,5;0
9,5;16;0
9,5;16,5;0
9,5;17;0
9,5;18;4
9,5;18,5;92
9,5;19;100
9,5;19,5;100
9,5;20;100
9,5;20,5;100
9,5;21;92
9,5;21,5;8
9,5;22;24
9,5;22,5;100
10;-77,5;24
10;-77;68
10;-76,5;8
10;-76;12
10;-75,5;56
10;-75;52
10;-74,5;64
10;-74;72
10;-73,5;96
10;-73;64
10;-72,5;72
10;-72;20
10;-71,5;32
10;-71;44
10;-70,5;76
10;-70;100
10;-69,5;96
10;-69;100
10;-68,5;100
10;-68;100
10;-67,5;100
10;-67;100
10;-66,5;96
10;-66;100
10;-65,5;100
10;-65;92
10;-64,5;96
10;-64;72
10;-63,5;84
10;-63;96
10;-62,5;100
10;-62;100
10;-61,5;100
10;-61;100
10;-60,5;100
10;-60;100
10;-59,5;100
10;-59;100
10;-58,5;100
10;-58;100
10;-57,5;100
10;-57;100
10;-56,5;100
10;-56;100
10;-55,5;100
10;-55;100
10;-54,5;100
10;-54;100
10;-53,5;100
10;-53;100
10;-52,5;100
10;-52;100
10;-51,5;100
10;-51;100
10;-50,5;100
10;-50;100
10;-49,5;100
10;-49;100
10;-48,5;80
10;-48;8
10;-47,5;0
10;-47;20
10;-46,5;96
10;-46;100
10;-45,5;100
10;-45;100
10;-44,5;100
10;-44;100
10;-43,5;96
10;-43;100
10;-42,5;100
10;-42;100
10;-41,5;100
10;-41;100
10;-40,5;100
10;-40;100
10;-39,5;100
10;-39;100
10;-38,5;100
10;-38;100
10;-37,5;100
10;-37;100
10;-36,5;100
10;-36;100
10;-35,5;100
10;-35;80
10;-34,5;100
10;-34;100
10;-33,5;100
10;-33;100
10;-32,5;100
10;-32;100
10;-31,5;100
10;-31;100
10;-30,5;100
10;-30;100
10;-29,5;100
10;-29;100
10;-28,5;100
10;-28;100
10;-27,5;100
10;-27;100
10;-26,5;100
10;-26;100
10;-25,5;100
10;-25;100
10;-24,5;100
10;-24;100
10;-23,5;100
10;-23;100
10;-22,5;100
10;-22;100
10;-21,5;100
10;-21;100
10;-20,5;100
10;-20;100
10;-19,5;100
10;-19;100
10;-18,5;100
10;-18;100
10;-17,5;100
10;-17;100
10;-16,5;96
10;-16;100
10;-15,5;100
10;-15;100
10;-14,5;100
10;-14;100
10;-13,5;100
10;-13;100
10;-12,5;100
10;-12;100
10;-11,5;100
10;-11;100
10;-10,5;100
10;-10;100
10;-9,5;100
10;-9;100
10;-8,5;100
10;-8;100
10;-7,5;100
10;-7;100
10;-6,5;100
10;-6;100
10;-5,5;100
10;-5;100
10;-4,5;100
10;-4;100
10;-3,5;100
10;-3;100
10;-2,5;100
10;-2;100
10;-1,5;100
10;-1;100
10;-0,5;100
10;0;100
10;0,5;100
10;1;100
10;1,5;100
10;2;100
10;2,5;100
10;3;100
10;3,5;100
10;4;100
10;4,5;100
10;5;100
10;5,5;100
10;6;100
10;6,5;100
10;7;100
10;7,5;100
10;8;100
10;8,5;92
10;9;96
10;9,5;96
10;10;88
10;10,5;60
10;11;0
10;12;0
10;12,5;0
10;13;0
10;13,5;0
10;14;0
10;14,5;0
10;15;0
10;15,5;0
10;16;0
10;16,5;0
10;17;0
10;17,5;0
10;18;36
10;18,5;96
10;19;100
10;19,5;100
10;20;100
10;20,5;100
10;21;88
10;21,5;52
10;22;96
10;22,5;100
10,5;-77,5;24
10,5;-77;64
10,5;-76,5;56
10,5;-76;64
10,5;-75,5;72
10,5;-75;72
10,5;-74,5;64
10,5;-74;36
10,5;-73,5;68
10,5;-73;92
10,5;-72,5;100
10,5;-72;72
10,5;-71,5;60
10,5;-71;88
10,5;-70,5;72
10,5;-70;72
10,5;-69,5;88
10,5;-69;100
10,5;-68,5;92
10,5;-68;96
10,5;-67,5;100
10,5;-67;100
10,5;-66,5;100
10,5;-66;100
10,5;-65,5;80
10,5;-65;80
10,5;-64,5;52
10,5;-64;68
10,5;-63,5;44
10,5;-63;100
10,5;-62,5;100
10,5;-62;100
10,5;-61,5;100
10,5;-61;100
10,5;-60,5;100
10,5;-60;100
10,5;-59,5;100
10,5;-59;100
10,5;-58,5;100
10,5;-58;100
10,5;-57,5;100
10,5;-57;100
10,5;-56,5;100
10,5;-56;100
10,5;-55,5;100
10,5;-55;100
10,5;-54,5;100
10,5;-54;100
10,5;-53,5;100
10,5;-53;100
10,5;-52,5;100
10,5;-52;100
10,5;-51,5;100
10,5;-51;100
10,5;-50,5;100
10,5;-50;100
10,5;-49,5;100
10,5;-49;100
10,5;-48,5;48
10,5;-48;16
10,5;-47,5;36
10,5;-47;8
10,5;-46,5;56
10,5;-46;100
10,5;-45,5;100
10,5;-45;100
10,5;-44,5;100
10,5;-44;100
10,5;-43,5;100
10,5;-43;100
10,5;-42,5;100
10,5;-42;100
10,5;-41,5;100
10,5;-41;100
10,5;-40,5;100
10,5;-40;100
10,5;-39,5;100
10,5;-39;100
10,5;-38,5;100
10,5;-38;100
10,5;-37,5;100
10,5;-37;100
10,5;-36,5;100
10,5;-36;92
10,5;-35,5;100
10,5;-35;100
10,5;-34,5;100
10,5;-34;100
10,5;-33,5;100
10,5;-33;100
10,5;-32,5;100
10,5;-32;100
10,5;-31,5;100
10,5;-31;100
10,5;-30,5;100
10,5;-30;100
10,5;-29,5;100
10,5;-29;100
10,5;-28,5;100
10,5;-28;100
10,5;-27,5;100
10,5;-27;100
10,5;-26,5;100
10,5;-26;100
10,5;-25,5;100
10,5;-25;100
10,5;-24,5;100
10,5;-24;100
10,5;-23,5;100
10,5;-23;100
10,5;-22,5;100
10,5;-22;100
10,5;-21,5;100
10,5;-21;100
10,5;-20,5;100
10,5;-20;100
10,5;-19,5;100
10,5;-19;100
10,5;-18,5;100
10,5;-18;100
10,5;-17,5;100
10,5;-17;100
10,5;-16,5;96
10,5;-16;100
10,5;-15,5;100
10,5;-15;100
10,5;-14,5;100
10,5;-14;100
10,5;-13,5;100
10,5;-13;100
10,5;-12,5;100
10,5;-12;100
10,5;-11,5;100
10,5;-11;100
10,5;-10,5;100
10,5;-10;100
10,5;-9,5;100
10,5;-9;100
10,5;-8,5;100
10,5;-8;100
10,5;-7,5;100
10,5;-7;100
10,5;-6,5;100
10,5;-6;100
10,5;-5,5;100
10,5;-5;100
10,5;-4,5;100
10,5;-4;100
10,5;-3,5;100
10,5;-3;100
10,5;-2,5;100
10,5;-2;100
10,5;-1,5;100
10,5;-1;100
10,5;-0,5;100
10,5;0;100
10,5;0,5;100
10,5;1;100
10,5;1,5;100
10,5;2;100
10,5;2,5;100
10,5;3;100
10,5;3,5;100
10,5;4;100
10,5;4,5;100
10,5;5;100
10,5;5,5;100
10,5;6;100
10,5;6,5;100
10,5;7;100
10,5;7,5;100
10,5;8;100
10,5;8,5;100
10,5;9;100
10,5;9,5;64
10,5;10;8
10,5;10,5;4
10,5;11;0
10,5;11,5;0
10,5;12;0
10,5;12,5;0
10,5;13;0
10,5;13,5;0
10,5;14;0
10,5;14,5;0
10,5;15;0
10,5;15,5;0
10,5;16;0
10,5;16,5;0
10,5;17,5;0
10,5;18;20
10,5;18,5;60
10,5;19;96
10,5;19,5;100
10,5;20;100
10,5;20,5;100
10,5;21;100
10,5;21,5;92
10,5;22;100
10,5;22,5;100
11;-77,5;44
11;-77;32
11;-76,5;64
11;-76;92
11;-75,5;84
11;-75;96
11;-74,5;88
11;-74;36
11;-73,5;96
11;-73;96
11;-72,5;100
11;-72;92
11;-71,5;84
11;-71;96
11;-70,5;92
11;-70;32
11;-69,5;84
11;-69;100
11;-68,5;92
11;-68;92
11;-67,5;68
11;-67;96
11;-66,5;76
11;-66;72
11;-65,5;80
11;-65;52
11;-64,5;48
11;-64;92
11;-63,5;80
11;-63;100
11;-62,5;100
11;-62;100
11;-61,5;100
11;-61;100
11;-60,5;100
11;-60;100
11;-59,5;100
11;-59;100
11;-58,5;100
11;-58;100
11;-57,5;100
11;-57;100
11;-56,5;100
11;-56;100
11;-55,5;100
11;-55;100
11;-54,5;100
11;-54;100
11;-53,5;100
11;-53;100
11;-52,5;100
11;-52;100
11;-51,5;100
11;-51;100
11;-50,5;100
11;-50;96
11;-49,5;100
11;-49;84
11;-48,5;4
11;-48;96
11;-47,5;96
11;-47;28
11;-46,5;84
11;-46;100
11;-45,5;100
11;-45;100
11;-44,5;100
11;-44;100
11;-43,5;100
11;-43;100
11;-42,5;100
11;-42;100
11;-41,5;100
11;-41;100
11;-40,5;100
11;-40;100
11;-39,5;100
11;-39;100
11;-38,5;100
11;-38;100
11;-37,5;100
11;-37;100
11;-36,5;100
11;-36;100
11;-35,5;100
11;-35;100
11;-34,5;100
11;-34;100
11;-33,5;100
11;-33;100
11;-32,5;100
11;-32;100
11;-31,5;100
11;-31;100
11;-30,5;100
11;-30;100
11;-29,5;100
11;-29;100
11;-28,5;100
11;-28;100
11;-27,5;96
11;-27;100
11;-26,5;100
11;-26;100
11;-25,5;100
11;-25;100
11;-24,5;100
11;-24;100
11;-23,5;100
11;-23;100
11;-22,5;100
11;-22;100
11;-21,5;100
11;-21;100
11;-20,5;100
11;-20;100
11;-19,5;100
11;-19;100
11;-18,5;100
11;-18;100
11;-17,5;100
11;-17;100
11;-16,5;100
11;-16;100
11;-15,5;100
11;-15;100
11;-14,5;100
11;-14;100
11;-13,5;84
11;-13;96
11;-12,5;100
11;-12;100
11;-11,5;100
11;-11;100
11;-10,5;100
11;-10;100
11;-9,5;100
11;-9;100
11;-8,5;100
11;-8;100
11;-7,5;100
11;-7;100
11;-6,5;100
11;-6;100
11;-5,5;100
11;-5;100
11;-4,5;100
11;-4;100
11;-3,5;100
11;-3;100
11;-2,5;100
11;-2;100
11;-1,5;100
11;-1;100
11;-0,5;100
11;0;100
11;0,5;100
11;1;100
11;1,5;100
11;2;100
11;2,5;100
11;3;100
11;3,5;100
11;4;100
11;4,5;100
11;5;100
11;5,5;100
11;6;100
11;6,5;100
11;7;100
11;7,5;100
11;8;100
11;8,5;100
11;9;100
11;9,5;60
11;10;0
11;10,5;0
11;11;0
11;11,5;0
11;12;0
11;12,5;0
11;13;0
11;13,5;0
11;14;0
11;14,5;0
11;15,5;0
11;16;0
11;16,5;0
11;17;0
11;18,5;52
11;19;100
11;19,5;88
11;20;100
11;20,5;96
11;21;96
11;21,5;100
11;22;100
11;22,5;100
11,5;-77,5;36
11,5;-77;80
11,5;-76,5;96
11,5;-76;100
11,5;-75,5;100
11,5;-75;100
11,5;-74,5;80
11,5;-74;76
11,5;-73,5;80
11,5;-73;100
11,5;-72,5;92
11,5;-72;56
11,5;-71,5;88
11,5;-71;96
11,5;-70,5;92
11,5;-70;84
11,5;-69,5;100
11,5;-69;96
11,5;-68,5;84
11,5;-68;20
11,5;-67,5;36
11,5;-67;48
11,5;-66,5;12
11,5;-66;32
11,5;-65,5;68
11,5;-65;84
11,5;-64,5;88
11,5;-64;96
11,5;-63,5;96
11,5;-63;100
11,5;-62,5;100
11,5;-62;100
11,5;-61,5;100
11,5;-61;100
11,5;-60,5;100
11,5;-60;100
11,5;-59,5;100
11,5;-59;100
11,5;-58,5;100
11,5;-58;100
11,5;-57,5;100
11,5;-57;100
11,5;-56,5;100
11,5;-56;100
11,5;-55,5;100
11,5;-55;100
11,5;-54,5;100
11,5;-54;100
11,5;-53,5;100
11,5;-53;100
11,5;-52,5;100
11,5;-52;100
11,5;-51,5;100
11,5;-51;100
11,5;-50,5;100
11,5;-50;96
11,5;-49,5;100
11,5;-49;100
11,5;-48,5;88
11,5;-48;100
11,5;-47,5;68
11,5;-47;20
11,5;-46,5;88
11,5;-46;100
11,5;-45,5;96
11,5;-45;100
11,5;-44,5;100
11,5;-44;100
11,5;-43,5;100
11,5;-43;100
11,5;-42,5;100
11,5;-42;100
11,5;-41,5;100
11,5;-41;100
11,5;-40,5;100
11,5;-40;100
11,5;-39,5;100
11,5;-39;100
11,5;-38,5;100
11,5;-38;100
11,5;-37,5;100
11,5;-37;100
11,5;-36,5;100
11,5;-36;100
11,5;-35,5;100
11,5;-35;100
11,5;-34,5;100
11,5;-34;100
11,5;-33,5;100
11,5;-33;100
11,5;-32,5;100
11,5;-32;100
11,5;-31,5;100
11,5;-31;100
11,5;-30,5;100
11,5;-30;100
11,5;-29,5;100
11,5;-29;100
11,5;-28,5;100
11,5;-28;100
11,5;-27,5;100
11,5;-27;100
11,5;-26,5;96
11,5;-26;92
11,5;-25,5;100
11,5;-25;100
11,5;-24,5;100
11,5;-24;100
11,5;-23,5;100
11,5;-23;100
11,5;-22,5;100
11,5;-22;100
11,5;-21,5;100
11,5;-21;100
11,5;-20,5;100
11,5;-20;100
11,5;-19,5;100
11,5;-19;100
11,5;-18,5;100
11,5;-18;100
11,5;-17,5;100
11,5;-17;100
11,5;-16,5;100
11,5;-16;100
11,5;-15,5;100
11,5;-15;100
11,5;-14,5;100
11,5;-14;100
11,5;-13,5;100
11,5;-13;100
11,5;-12,5;100
11,5;-12;100
11,5;-11,5;100
11,5;-11;100
11,5;-10,5;100
11,5;-10;100
11,5;-9,5;100
11,5;-9;100
11,5;-8,5;100
11,5;-8;100
11,5;-7,5;100
11,5;-7;100
11,5;-6,5;100
11,5;-6;100
11,5;-5,5;100
11,5;-5;100
11,5;-4,5;100
11,5;-4;100
11,5;-3,5;100
11,5;-3;100
11,5;-2,5;100
11,5;-2;100
11,5;-1,5;100
11,5;-1;100
11,5;-0,5;100
11,5;0;100
11,5;0,5;100
11,5;1;100
11,5;1,5;100
11,5;2;100
11,5;2,5;100
11,5;3;100
11,5;3,5;100
11,5;4;100
11,5;4,5;100
11,5;5;100
11,5;5,5;100
11,5;6;100
11,5;6,5;100
11,5;7;100
11,5;7,5;100
11,5;8;100
11,5;8,5;100
11,5;9;100
11,5;9,5;72
11,5;10;68
11,5;10,5;32
11,5;11;0
11,5;11,5;0
11,5;12;0
11,5;12,5;0
11,5;13;0
11,5;13,5;0
11,5;14;0
11,5;14,5;0
11,5;15,5;0
11,5;16;0
11,5;16,5;0
11,5;17;0
11,5;17,5;12
11,5;18;44
11,5;18,5;92
11,5;19;100
11,5;19,5;100
11,5;20;96
11,5;20,5;96
11,5;21;100
11,5;21,5;100
11,5;22;100
11,5;22,5;100
12;-77,5;36
12;-77;100
12;-76,5;92
12;-76;100
12;-75,5;100
12;-75;96
12;-74,5;92
12;-74;80
12;-73,5;80
12;-73;100
12;-72,5;64
12;-72;100
12;-71,5;100
12;-71;96
12;-70,5;52
12;-70;76
12;-69,5;96
12;-69;96
12;-68,5;92
12;-68;64
12;-67,5;0
12;-67;0
12;-66,5;0
12;-66;48
12;-65,5;96
12;-65;100
12;-64,5;96
12;-64;96
12;-63,5;100
12;-63;100
12;-62,5;100
12;-62;100
12;-61,5;100
12;-61;100
12;-60,5;100
12;-60;100
12;-59,5;100
12;-59;100
12;-58,5;100
12;-58;100
12;-57,5;100
12;-57;100
12;-56,5;100
12;-56;100
12;-55,5;100
12;-55;100
12;-54,5;100
12;-54;100
12;-53,5;100
12;-53;100
12;-52,5;100
12;-52;100
12;-51,5;100
12;-51;100
12;-50,5;100
12;-50;100
12;-49,5;100
12;-49;100
12;-48,5;100
12;-48;100
12;-47,5;92
12;-47;60
12;-46,5;100
12;-46;100
12;-45,5;100
12;-45;100
12;-44,5;100
12;-44;100
12;-43,5;100
12;-43;100
12;-42,5;100
12;-42;100
12;-41,5;100
12;-41;100
12;-40,5;100
12;-40;100
12;-39,5;100
12;-39;100
12;-38,5;100
12;-38;100
12;-37,5;100
12;-37;100
12;-36,5;100
12;-36;100
12;-35,5;100
12;-35;100
12;-34,5;100
12;-34;100
12;-33,5;100
12;-33;100
12;-32,5;100
12;-32;100
12;-31,5;100
12;-31;100
12;-30,5;100
12;-30;100
12;-29,5;100
12;-29;100
12;-28,5;100
12;-28;100
12;-27,5;100
12;-27;100
12;-26,5;100
12;-26;100
12;-25,5;100
12;-25;100
12;-24,5;100
12;-24;100
12;-23,5;100
12;-23;100
12;-22,5;100
12;-22;100
12;-21,5;100
12;-21;100
12;-20,5;100
12;-20;100
12;-19,5;100
12;-19;100
12;-18,5;92
12;-18;100
12;-17,5;100
12;-17;100
12;-16,5;100
12;-16;100
12;-15,5;100
12;-15;100
12;-14,5;100
12;-14;100
12;-13,5;100
12;-13;100
12;-12,5;100
12;-12;100
12;-11,5;100
12;-11;100
12;-10,5;100
12;-10;100
12;-9,5;100
12;-9;100
12;-8,5;100
12;-8;100
12;-7,5;100
12;-7;100
12;-6,5;100
12;-6;100
12;-5,5;100
12;-5;100
12;-4,5;100
12;-4;100
12;-3,5;100
12;-3;100
12;-2,5;100
12;-2;100
12;-1,5;100
12;-1;96
12;-0,5;100
12;0;100
12;0,5;100
12;1;100
12;1,5;100
12;2;100
12;2,5;100
12;3;100
12;3,5;100
12;4;100
12;4,5;100
12;5;100
12;5,5;100
12;6;100
12;6,5;100
12;7;100
12;7,5;100
12;8;100
12;8,5;100
12;9;100
12;9,5;100
12;10;100
12;10,5;64
12;11;4
12;11,5;0
12;12;0
12;12,5;0
12;13;0
12;13,5;0
12;14;0
12;14,5;0
12;15,5;0
12;16;0
12;16,5;0
12;17;16
12;17,5;60
12;18;100
12;18,5;100
12;19;100
12;19,5;100
12;20;96
12;20,5;92
12;21;100
12;21,5;100
12;22;100
12;22,5;100
12,5;-77,5;40
12,5;-77;76
12,5;-76,5;92
12,5;-76;100
12,5;-75,5;100
12,5;-75;96
12,5;-74,5;88
12,5;-74;60
12,5;-73,5;96
12,5;-73;96
12,5;-72,5;92
12,5;-72;100
12,5;-71,5;100
12,5;-71;100
12,5;-70,5;84
12,5;-70;100
12,5;-69,5;68
12,5;-69;72
12,5;-68,5;36
12,5;-68;8
12,5;-67,5;4
12,5;-67;16
12,5;-66,5;24
12,5;-66;84
12,5;-65,5;100
12,5;-65;100
12,5;-64,5;100
12,5;-64;100
12,5;-63,5;100
12,5;-63;100
12,5;-62,5;100
12,5;-62;100
12,5;-61,5;100
12,5;-61;100
12,5;-60,5;100
12,5;-60;100
12,5;-59,5;100
12,5;-59;100
12,5;-58,5;100
12,5;-58;100
12,5;-57,5;100
12,5;-57;100
12,5;-56,5;100
12,5;-56;100
12,5;-55,5;100
12,5;-55;100
12,5;-54,5;100
12,5;-54;100
12,5;-53,5;100
12,5;-53;100
12,5;-52,5;100
12,5;-52;100
12,5;-51,5;100
12,5;-51;92
12,5;-50,5;100
12,5;-50;100
12,5;-49,5;100
12,5;-49;100
12,5;-48,5;100
12,5;-48;100
12,5;-47,5;96
12,5;-47;80
12,5;-46,5;96
12,5;-46;100
12,5;-45,5;100
12,5;-45;100
12,5;-44,5;100
12,5;-44;100
12,5;-43,5;100
12,5;-43;100
12,5;-42,5;100
12,5;-42;100
12,5;-41,5;100
12,5;-41;100
12,5;-40,5;100
12,5;-40;100
12,5;-39,5;100
12,5;-39;100
12,5;-38,5;100
12,5;-38;100
12,5;-37,5;100
12,5;-37;100
12,5;-36,5;100
12,5;-36;100
12,5;-35,5;100
12,5;-35;100
12,5;-34,5;100
12,5;-34;100
12,5;-33,5;100
12,5;-33;100
12,5;-32,5;100
12,5;-32;100
12,5;-31,5;100
12,5;-31;100
12,5;-30,5;100
12,5;-30;100
12,5;-29,5;100
12,5;-29;100
12,5;-28,5;100
12,5;-28;100
12,5;-27,5;100
12,5;-27;100
12,5;-26,5;100
12,5;-26;100
12,5;-25,5;100
12,5;-25;100
12,5;-24,5;100
12,5;-24;100
12,5;-23,5;100
12,5;-23;100
12,5;-22,5;100
12,5;-22;100
12,5;-21,5;100
12,5;-21;100
12,5;-20,5;100
12,5;-20;100
12,5;-19,5;100
12,5;-19;100
12,5;-18,5;100
12,5;-18;100
12,5;-17,5;100
12,5;-17;100
12,5;-16,5;100
12,5;-16;100
12,5;-15,5;100
12,5;-15;100
12,5;-14,5;100
12,5;-14;100
12,5;-13,5;100
12,5;-13;100
12,5;-12,5;100
12,5;-12;100
12,5;-11,5;100
12,5;-11;100
12,5;-10,5;100
12,5;-10;100
12,5;-9,5;100
12,5;-9;100
12,5;-8,5;100
12,5;-8;100
12,5;-7,5;100
12,5;-7;100
12,5;-6,5;100
12,5;-6;100
12,5;-5,5;100
12,5;-5;100
12,5;-4,5;100
12,5;-4;100
12,5;-3,5;100
12,5;-3;100
12,5;-2,5;100
12,5;-2;100
12,5;-1,5;96
12,5;-1;80
12,5;-0,5;96
12,5;0;100
12,5;0,5;100
12,5;1;100
12,5;1,5;100
12,5;2;100
12,5;2,5;100
12,5;3;100
12,5;3,5;100
12,5;4;100
12,5;4,5;100
12,5;5;100
12,5;5,5;100
12,5;6;100
12,5;6,5;100
12,5;7;100
12,5;7,5;100
12,5;8;100
12,5;8,5;100
12,5;9;100
12,5;9,5;100
12,5;10;100
12,5;10,5;88
12,5;11;84
12,5;11,5;4
12,5;12;0
12,5;12,5;0
12,5;13;0
12,5;13,5;0
12,5;14;0
12,5;14,5;0
12,5;15;0
12,5;15,5;36
12,5;16;72
12,5;16,5;80
12,5;17;80
12,5;17,5;88
12,5;18;100
12,5;18,5;100
12,5;19;100
12,5;19,5;100
12,5;20;100
12,5;20,5;100
12,5;21;100
12,5;21,5;92
12,5;22;96
12,5;22,5;100
12,5;23;12
13;-77,5;40
13;-77;100
13;-76,5;100
13;-76;100
13;-75,5;100
13;-75;96
13;-74,5;100
13;-74;92
13;-73,5;80
13;-73;100
13;-72,5;92
13;-72;100
13;-71,5;100
13;-71;96
13;-70,5;92
13;-70;100
13;-69,5;76
13;-69;4
13;-68,5;0
13;-68;0
13;-67,5;36
13;-67;80
13;-66,5;84
13;-66;100
13;-65,5;100
13;-65;100
13;-64,5;100
13;-64;100
13;-63,5;100
13;-63;100
13;-62,5;100
13;-62;100
13;-61,5;100
13;-61;100
13;-60,5;100
13;-60;100
13;-59,5;100
13;-59;100
13;-58,5;100
13;-58;100
13;-57,5;100
13;-57;100
13;-56,5;100
13;-56;100
13;-55,5;100
13;-55;100
13;-54,5;100
13;-54;100
13;-53,5;100
13;-53;100
13;-52,5;100
13;-52;100
13;-51,5;100
13;-51;100
13;-50,5;100
13;-50;100
13;-49,5;100
13;-49;100
13;-48,5;100
13;-48;100
13;-47,5;100
13;-47;100
13;-46,5;100
13;-46;100
13;-45,5;100
13;-45;100
13;-44,5;100
13;-44;100
13;-43,5;100
13;-43;100
13;-42,5;100
13;-42;100
13;-41,5;100
13;-41;100
13;-40,5;100
13;-40;100
13;-39,5;100
13;-39;100
13;-38,5;100
13;-38;100
13;-37,5;100
13;-37;100
13;-36,5;100
13;-36;100
13;-35,5;100
13;-35;100
13;-34,5;100
13;-34;100
13;-33,5;100
13;-33;100
13;-32,5;100
13;-32;100
13;-31,5;100
13;-31;100
13;-30,5;100
13;-30;100
13;-29,5;100
13;-29;100
13;-28,5;100
13;-28;100
13;-27,5;100
13;-27;100
13;-26,5;100
13;-26;100
13;-25,5;100
13;-25;100
13;-24,5;100
13;-24;100
13;-23,5;100
13;-23;100
13;-22,5;100
13;-22;100
13;-21,5;100
13;-21;100
13;-20,5;100
13;-20;100
13;-19,5;100
13;-19;100
13;-18,5;100
13;-18;100
13;-17,5;100
13;-17;100
13;-16,5;96
13;-16;100
13;-15,5;100
13;-15;100
13;-14,5;100
13;-14;100
13;-13,5;100
13;-13;100
13;-12,5;100
13;-12;100
13;-11,5;100
13;-11;100
13;-10,5;100
13;-10;100
13;-9,5;100
13;-9;100
13;-8,5;100
13;-8;100
13;-7,5;100
13;-7;100
13;-6,5;100
13;-6;100
13;-5,5;100
13;-5;100
13;-4,5;100
13;-4;100
13;-3,5;100
13;-3;100
13;-2,5;100
13;-2;100
13;-1,5;100
13;-1;92
13;-0,5;100
13;0;100
13;0,5;100
13;1;100
13;1,5;100
13;2;100
13;2,5;100
13;3;100
13;3,5;100
13;4;100
13;4,5;100
13;5;100
13;5,5;100
13;6;100
13;6,5;100
13;7;100
13;7,5;100
13;8;100
13;8,5;100
13;9;100
13;9,5;100
13;10;100
13;10,5;100
13;11;92
13;11,5;0
13;12;0
13;12,5;0
13;13;0
13;13,5;0
13;14;0
13;14,5;12
13;15;20
13;15,5;96
13;16;100
13;16,5;100
13;17;100
13;17,5;96
13;18;100
13;18,5;100
13;19;100
13;19,5;100
13;20;100
13;20,5;100
13;21;100
13;21,5;96
13;22;96
13;22,5;100
13;23;20
13,5;-77,5;32
13,5;-77;100
13,5;-76,5;100
13,5;-76;100
13,5;-75,5;96
13,5;-75;100
13,5;-74,5;96
13,5;-74;100
13,5;-73,5;96
13,5;-73;100
13,5;-72,5;100
13,5;-72;96
13,5;-71,5;80
13,5;-71;96
13,5;-70,5;100
13,5;-70;100
13,5;-69,5;44
13,5;-69;0
13,5;-68,5;0
13,5;-68;0
13,5;-67,5;68
13,5;-67;76
13,5;-66,5;76
13,5;-66;100
13,5;-65,5;96
13,5;-65;100
13,5;-64,5;100
13,5;-64;100
13,5;-63,5;100
13,5;-63;100
13,5;-62,5;100
13,5;-62;100
13,5;-61,5;100
13,5;-61;100
13,5;-60,5;100
13,5;-60;100
13,5;-59,5;100
13,5;-59;100
13,5;-58,5;100
13,5;-58;100
13,5;-57,5;100
13,5;-57;100
13,5;-56,5;100
13,5;-56;100
13,5;-55,5;100
13,5;-55;100
13,5;-54,5;100
13,5;-54;100
13,5;-53,5;100
13,5;-53;100
13,5;-52,5;100
13,5;-52;100
13,5;-51,5;100
13,5;-51;100
13,5;-50,5;100
13,5;-50;100
13,5;-49,5;100
13,5;-49;100
13,5;-48,5;100
13,5;-48;100
13,5;-47,5;100
13,5;-47;100
13,5;-46,5;100
13,5;-46;100
13,5;-45,5;100
13,5;-45;100
13,5;-44,5;100
13,5;-44;100
13,5;-43,5;100
13,5;-43;100
13,5;-42,5;100
13,5;-42;100
13,5;-41,5;100
13,5;-41;100
13,5;-40,5;100
13,5;-40;100
13,5;-39,5;100
13,5;-39;100
13,5;-38,5;100
13,5;-38;100
13,5;-37,5;100
13,5;-37;100
13,5;-36,5;100
13,5;-36;100
13,5;-35,5;100
13,5;-35;100
13,5;-34,5;100
13,5;-34;100
13,5;-33,5;100
13,5;-33;100
13,5;-32,5;100
13,5;-32;100
13,5;-31,5;100
13,5;-31;100
13,5;-30,5;100
13,5;-30;100
13,5;-29,5;100
13,5;-29;100
13,5;-28,5;100
13,5;-28;100
13,5;-27,5;100
13,5;-27;100
13,5;-26,5;100
13,5;-26;100
13,5;-25,5;100
13,5;-25;100
13,5;-24,5;100
13,5;-24;100
13,5;-23,5;100
13,5;-23;100
13,5;-22,5;100
13,5;-22;100
13,5;-21,5;100
13,5;-21;100
13,5;-20,5;100
13,5;-20;100
13,5;-19,5;100
13,5;-19;100
13,5;-18,5;96
13,5;-18;100
13,5;-17,5;100
13,5;-17;100
13,5;-16,5;92
13,5;-16;100
13,5;-15,5;100
13,5;-15;100
13,5;-14,5;100
13,5;-14;100
13,5;-13,5;100
13,5;-13;100
13,5;-12,5;100
13,5;-12;100
13,5;-11,5;100
13,5;-11;100
13,5;-10,5;100
13,5;-10;100
13,5;-9,5;100
13,5;-9;100
13,5;-8,5;100
13,5;-8;100
13,5;-7,5;100
13,5;-7;100
13,5;-6,5;100
13,5;-6;100
13,5;-5,5;100
13,5;-5;100
13,5;-4,5;100
13,5;-4;100
13,5;-3,5;100
13,5;-3;100
13,5;-2,5;100
13,5;-2;100
13,5;-1,5;100
13,5;-1;100
13,5;-0,5;100
13,5;0;100
13,5;0,5;100
13,5;1;100
13,5;1,5;100
13,5;2;100
13,5;2,5;100
13,5;3;100
13,5;3,5;100
13,5;4;100
13,5;4,5;100
13,5;5;100
13,5;5,5;100
13,5;6;100
13,5;6,5;100
13,5;7;100
13,5;7,5;100
13,5;8;100
13,5;8,5;100
13,5;9;100
13,5;9,5;100
13,5;10;100
13,5;10,5;100
13,5;11;60
13,5;11,5;0
13,5;12;0
13,5;12,5;0
13,5;13;0
13,5;13,5;0
13,5;14;40
13,5;14,5;92
13,5;15;84
13,5;15,5;96
13,5;16;100
13,5;16,5;100
13,5;17;96
13,5;17,5;60
13,5;18;100
13,5;18,5;100
13,5;19;100
13,5;19,5;100
13,5;20;100
13,5;20,5;100
13,5;21;92
13,5;21,5;100
13,5;22;84
13,5;22,5;100
13,5;23;16
14;-77,5;24
14;-77;92
14;-76,5;92
14;-76;96
14;-75,5;100
14;-75;84
14;-74,5;96
14;-74;96
14;-73,5;92
14;-73;100
14;-72,5;100
14;-72;96
14;-71,5;100
14;-71;100
14;-70,5;100
14;-70;96
14;-69,5;44
14;-69;0
14;-68,5;0
14;-68;8
14;-67,5;40
14;-67;80
14;-66,5;96
14;-66;100
14;-65,5;100
14;-65;100
14;-64,5;100
14;-64;100
14;-63,5;100
14;-63;100
14;-62,5;100
14;-62;100
14;-61,5;100
14;-61;100
14;-60,5;100
14;-60;100
14;-59,5;100
14;-59;100
14;-58,5;100
14;-58;100
14;-57,5;100
14;-57;100
14;-56,5;100
14;-56;100
14;-55,5;100
14;-55;100
14;-54,5;100
14;-54;100
14;-53,5;100
14;-53;100
14;-52,5;100
14;-52;100
14;-51,5;100
14;-51;100
14;-50,5;100
14;-50;100
14;-49,5;100
14;-49;100
14;-48,5;100
14;-48;100
14;-47,5;100
14;-47;100
14;-46,5;100
14;-46;100
14;-45,5;100
14;-45;100
14;-44,5;100
14;-44;100
14;-43,5;100
14;-43;100
14;-42,5;100
14;-42;100
14;-41,5;100
14;-41;100
14;-40,5;100
14;-40;100
14;-39,5;100
14;-39;100
14;-38,5;100
14;-38;100
14;-37,5;100
14;-37;100
14;-36,5;100
14;-36;100
14;-35,5;100
14;-35;100
14;-34,5;100
14;-34;100
14;-33,5;100
14;-33;100
14;-32,5;100
14;-32;100
14;-31,5;100
14;-31;100
14;-30,5;100
14;-30;100
14;-29,5;100
14;-29;100
14;-28,5;100
14;-28;100
14;-27,5;100
14;-27;100
14;-26,5;100
14;-26;100
14;-25,5;100
14;-25;100
14;-24,5;100
14;-24;100
14;-23,5;100
14;-23;100
14;-22,5;100
14;-22;96
14;-21,5;100
14;-21;100
14;-20,5;100
14;-20;100
14;-19,5;100
14;-19;100
14;-18,5;100
14;-18;100
14;-17,5;100
14;-17;100
14;-16,5;96
14;-16;100
14;-15,5;100
14;-15;100
14;-14,5;100
14;-14;100
14;-13,5;100
14;-13;100
14;-12,5;100
14;-12;100
14;-11,5;100
14;-11;100
14;-10,5;100
14;-10;100
14;-9,5;100
14;-9;100
14;-8,5;100
14;-8;100
14;-7,5;100
14;-7;100
14;-6,5;100
14;-6;100
14;-5,5;100
14;-5;100
14;-4,5;100
14;-4;100
14;-3,5;100
14;-3;100
14;-2,5;100
14;-2;100
14;-1,5;100
14;-1;100
14;-0,5;100
14;0;100
14;0,5;100
14;1;100
14;1,5;100
14;2;100
14;2,5;100
14;3;100
14;3,5;100
14;4;100
14;4,5;100
14;5;100
14;5,5;100
14;6;100
14;6,5;100
14;7;100
14;7,5;96
14;8;84
14;8,5;76
14;9;100
14;9,5;100
14;10;100
14;10,5;100
14;11;68
14;11,5;0
14;12;0
14;12,5;0
14;13;0
14;13,5;0
14;14;56
14;14,5;100
14;15;100
14;15,5;92
14;16;100
14;16,5;100
14;17;100
14;17,5;100
14;18;100
14;18,5;100
14;19;100
14;19,5;100
14;20;100
14;20,5;100
14;21;100
14;21,5;96
14;22;60
14;22,5;92
14;23;12
14,5;-77,5;20
14,5;-77;84
14,5;-76,5;88
14,5;-76;80
14,5;-75,5;96
14,5;-75;96
14,5;-74,5;100
14,5;-74;88
14,5;-73,5;92
14,5;-73;100
14,5;-72,5;100
14,5;-72;100
14,5;-71,5;96
14,5;-71;92
14,5;-70,5;100
14,5;-70;88
14,5;-69,5;76
14,5;-69;12
14,5;-68,5;0
14,5;-68;0
14,5;-67,5;36
14,5;-67;76
14,5;-66,5;100
14,5;-66;100
14,5;-65,5;100
14,5;-65;100
14,5;-64,5;100
14,5;-64;100
14,5;-63,5;100
14,5;-63;100
14,5;-62,5;100
14,5;-62;100
14,5;-61,5;100
14,5;-61;100
14,5;-60,5;100
14,5;-60;100
14,5;-59,5;100
14,5;-59;100
14,5;-58,5;100
14,5;-58;100
14,5;-57,5;100
14,5;-57;100
14,5;-56,5;100
14,5;-56;100
14,5;-55,5;100
14,5;-55;100
14,5;-54,5;100
14,5;-54;100
14,5;-53,5;100
14,5;-53;100
14,5;-52,5;100
14,5;-52;100
14,5;-51,5;100
14,5;-51;100
14,5;-50,5;100
14,5;-50;100
14,5;-49,5;100
14,5;-49;100
14,5;-48,5;100
14,5;-48;100
14,5;-47,5;100
14,5;-47;100
14,5;-46,5;100
14,5;-46;100
14,5;-45,5;100
14,5;-45;100
14,5;-44,5;100
14,5;-44;100
14,5;-43,5;100
14,5;-43;100
14,5;-42,5;100
14,5;-42;100
14,5;-41,5;100
14,5;-41;100
14,5;-40,5;100
14,5;-40;100
14,5;-39,5;100
14,5;-39;100
14,5;-38,5;100
14,5;-38;100
14,5;-37,5;100
14,5;-37;100
14,5;-36,5;100
14,5;-36;100
14,5;-35,5;100
14,5;-35;100
14,5;-34,5;100
14,5;-34;100
14,5;-33,5;100
14,5;-33;100
14,5;-32,5;100
14,5;-32;100
14,5;-31,5;100
14,5;-31;100
14,5;-30,5;100
14,5;-30;100
14,5;-29,5;100
14,5;-29;100
14,5;-28,5;100
14,5;-28;100
14,5;-27,5;100
14,5;-27;100
14,5;-26,5;100
14,5;-26;100
14,5;-25,5;100
14,5;-25;100
14,5;-24,5;100
14,5;-24;100
14,5;-23,5;100
14,5;-23;100
14,5;-22,5;100
14,5;-22;100
14,5;-21,5;100
14,5;-21;100
14,5;-20,5;100
14,5;-20;100
14,5;-19,5;100
14,5;-19;100
14,5;-18,5;100
14,5;-18;100
14,5;-17,5;100
14,5;-17;100
14,5;-16,5;100
14,5;-16;100
14,5;-15,5;100
14,5;-15;100
14,5;-14,5;100
14,5;-14;100
14,5;-13,5;100
14,5;-13;100
14,5;-12,5;100
14,5;-12;100
14,5;-11,5;100
14,5;-11;100
14,5;-10,5;100
14,5;-10;100
14,5;-9,5;100
14,5;-9;100
14,5;-8,5;100
14,5;-8;96
14,5;-7,5;100
14,5;-7;100
14,5;-6,5;100
14,5;-6;100
14,5;-5,5;84
14,5;-5;100
14,5;-4,5;100
14,5;-4;100
14,5;-3,5;100
14,5;-3;100
14,5;-2,5;100
14,5;-2;100
14,5;-1,5;100
14,5;-1;100
14,5;-0,5;100
14,5;0;100
14,5;0,5;100
14,5;1;100
14,5;1,5;100
14,5;2;100
14,5;2,5;100
14,5;3;100
14,5;3,5;100
14,5;4;100
14,5;4,5;100
14,5;5;100
14,5;5,5;100
14,5;6;100
14,5;6,5;100
14,5;7;100
14,5;7,5;84
14,5;8;24
14,5;8,5;8
14,5;9;60
14,5;9,5;88
14,5;10;100
14,5;10,5;100
14,5;11;72
14,5;11,5;0
14,5;12,5;0
14,5;13;0
14,5;13,5;0
14,5;14;20
14,5;14,5;100
14,5;15;100
14,5;15,5;100
14,5;16;100
14,5;16,5;100
14,5;17;100
14,5;17,5;100
14,5;18;100
14,5;18,5;100
14,5;19;100
14,5;19,5;100
14,5;20;100
14,5;20,5;100
14,5;21;100
14,5;21,5;100
14,5;22;100
14,5;22,5;100
14,5;23;20
15;-77,5;32
15;-77;92
15;-76,5;100
15;-76;92
15;-75,5;84
15;-75;100
15;-74,5;96
15;-74;100
15;-73,5;92
15;-73;100
15;-72,5;100
15;-72;96
15;-71,5;100
15;-71;96
15;-70,5;100
15;-70;80
15;-69,5;48
15;-69;0
15;-68,5;0
15;-68;0
15;-67,5;60
15;-67;84
15;-66,5;100
15;-66;100
15;-65,5;100
15;-65;100
15;-64,5;100
15;-64;100
15;-63,5;100
15;-63;100
15;-62,5;100
15;-62;100
15;-61,5;100
15;-61;100
15;-60,5;100
15;-60;100
15;-59,5;100
15;-59;100
15;-58,5;100
15;-58;100
15;-57,5;100
15;-57;100
15;-56,5;100
15;-56;100
15;-55,5;100
15;-55;100
15;-54,5;100
15;-54;100
15;-53,5;100
15;-53;100
15;-52,5;100
15;-52;100
15;-51,5;100
15;-51;100
15;-50,5;100
15;-50;100
15;-49,5;100
15;-49;100
15;-48,5;100
15;-48;100
15;-47,5;100
15;-47;100
15;-46,5;100
15;-46;100
15;-45,5;100
15;-45;100
15;-44,5;100
15;-44;100
15;-43,5;100
15;-43;100
15;-42,5;100
15;-42;100
15;-41,5;100
15;-41;100
15;-40,5;100
15;-40;100
15;-39,5;100
15;-39;100
15;-38,5;100
15;-38;100
15;-37,5;100
15;-37;100
15;-36,5;100
15;-36;100
15;-35,5;100
15;-35;100
15;-34,5;100
15;-34;100
15;-33,5;100
15;-33;100
15;-32,5;100
15;-32;100
15;-31,5;100
15;-31;100
15;-30,5;100
15;-30;100
15;-29,5;100
15;-29;100
15;-28,5;100
15;-28;100
15;-27,5;100
15;-27;100
15;-26,5;100
15;-26;100
15;-25,5;100
15;-25;100
15;-24,5;100
15;-24;100
15;-23,5;100
15;-23;100
15;-22,5;100
15;-22;100
15;-21,5;100
15;-21;100
15;-20,5;100
15;-20;100
15;-19,5;100
15;-19;100
15;-18,5;100
15;-18;100
15;-17,5;100
15;-17;100
15;-16,5;100
15;-16;100
15;-15,5;100
15;-15;100
15;-14,5;100
15;-14;100
15;-13,5;100
15;-13;100
15;-12,5;100
15;-12;100
15;-11,5;100
15;-11;100
15;-10,5;100
15;-10;100
15;-9,5;100
15;-9;100
15;-8,5;100
15;-8;84
15;-7,5;100
15;-7;88
15;-6,5;100
15;-6;100
15;-5,5;88
15;-5;96
15;-4,5;100
15;-4;100
15;-3,5;100
15;-3;100
15;-2,5;100
15;-2;100
15;-1,5;100
15;-1;100
15;-0,5;100
15;0;100
15;0,5;100
15;1;100
15;1,5;100
15;2;100
15;2,5;100
15;3;100
15;3,5;100
15;4;100
15;4,5;100
15;5;100
15;5,5;100
15;6;100
15;6,5;100
15;7;100
15;7,5;100
15;8;96
15;8,5;16
15;9;0
15;9,5;4
15;10;92
15;10,5;100
15;11;32
15;11,5;0
15;12;0
15;12,5;0
15;13;0
15;13,5;0
15;14;36
15;14,5;100
15;15;100
15;15,5;100
15;16;100
15;16,5;100
15;17;100
15;17,5;100
15;18;100
15;18,5;100
15;19;100
15;19,5;100
15;20;100
15;20,5;100
15;21;100
15;21,5;100
15;22;100
15;22,5;96
15;23;20
15,5;-77,5;24
15,5;-77;84
15,5;-76,5;96
15,5;-76;92
15,5;-75,5;88
15,5;-75;100
15,5;-74,5;96
15,5;-74;96
15,5;-73,5;100
15,5;-73;100
15,5;-72,5;100
15,5;-72;100
15,5;-71,5;100
15,5;-71;100
15,5;-70,5;96
15,5;-70;72
15,5;-69,5;52
15,5;-69;56
15,5;-68,5;24
15,5;-68;0
15,5;-67,5;28
15,5;-67;92
15,5;-66,5;100
15,5;-66;100
15,5;-65,5;100
15,5;-65;100
15,5;-64,5;100
15,5;-64;100
15,5;-63,5;100
15,5;-63;100
15,5;-62,5;100
15,5;-62;100
15,5;-61,5;100
15,5;-61;100
15,5;-60,5;100
15,5;-60;100
15,5;-59,5;100
15,5;-59;100
15,5;-58,5;100
15,5;-58;100
15,5;-57,5;100
15,5;-57;100
15,5;-56,5;100
15,5;-56;100
15,5;-55,5;100
15,5;-55;100
15,5;-54,5;100
15,5;-54;100
15,5;-53,5;100
15,5;-53;100
15,5;-52,5;100
15,5;-52;100
15,5;-51,5;100
15,5;-51;100
15,5;-50,5;100
15,5;-50;100
15,5;-49,5;100
15,5;-49;100
15,5;-48,5;100
15,5;-48;100
15,5;-47,5;100
15,5;-47;100
15,5;-46,5;100
15,5;-46;100
15,5;-45,5;100
15,5;-45;100
15,5;-44,5;100
15,5;-44;100
15,5;-43,5;100
15,5;-43;100
15,5;-42,5;100
15,5;-42;100
15,5;-41,5;100
15,5;-41;100
15,5;-40,5;100
15,5;-40;100
15,5;-39,5;100
15,5;-39;100
15,5;-38,5;100
15,5;-38;100
15,5;-37,5;100
15,5;-37;100
15,5;-36,5;100
15,5;-36;100
15,5;-35,5;100
15,5;-35;100
15,5;-34,5;100
15,5;-34;100
15,5;-33,5;100
15,5;-33;100
15,5;-32,5;100
15,5;-32;100
15,5;-31,5;100
15,5;-31;100
15,5;-30,5;100
15,5;-30;100
15,5;-29,5;100
15,5;-29;100
15,5;-28,5;100
15,5;-28;100
15,5;-27,5;100
15,5;-27;100
15,5;-26,5;100
15,5;-26;100
15,5;-25,5;100
15,5;-25;100
15,5;-24,5;100
15,5;-24;100
15,5;-23,5;100
15,5;-23;100
15,5;-22,5;100
15,5;-22;100
15,5;-21,5;100
15,5;-21;100
15,5;-20,5;100
15,5;-20;100
15,5;-19,5;100
15,5;-19;100
15,5;-18,5;100
15,5;-18;100
15,5;-17,5;100
15,5;-17;100
15,5;-16,5;100
15,5;-16;100
15,5;-15,5;100
15,5;-15;100
15,5;-14,5;100
15,5;-14;100
15,5;-13,5;100
15,5;-13;100
15,5;-12,5;100
15,5;-12;100
15,5;-11,5;100
15,5;-11;100
15,5;-10,5;100
15,5;-10;100
15,5;-9,5;100
15,5;-9;100
15,5;-8,5;100
15,5;-8;100
15,5;-7,5;100
15,5;-7;92
15,5;-6,5;96
15,5;-6;100
15,5;-5,5;100
15,5;-5;100
15,5;-4,5;100
15,5;-4;100
15,5;-3,5;100
15,5;-3;100
15,5;-2,5;100
15,5;-2;100
15,5;-1,5;96
15,5;-1;100
15,5;-0,5;100
15,5;0;100
15,5;0,5;100
15,5;1;100
15,5;1,5;100
15,5;2;100
15,5;2,5;100
15,5;3;100
15,5;3,5;100
15,5;4;100
15,5;4,5;100
15,5;5;100
15,5;5,5;100
15,5;6;100
15,5;6,5;100
15,5;7;100
15,5;7,5;100
15,5;8;72
15,5;8,5;16
15,5;9;12
15,5;9,5;48
15,5;10;56
15,5;10,5;88
15,5;11;80
15,5;11,5;0
15,5;12;0
15,5;12,5;0
15,5;13;0
15,5;13,5;0
15,5;14;36
15,5;14,5;100
15,5;15;100
15,5;15,5;100
15,5;16;100
15,5;16,5;100
15,5;17;100
15,5;17,5;100
15,5;18;100
15,5;18,5;100
15,5;19;100
15,5;19,5;100
15,5;20;100
15,5;20,5;100
15,5;21;100
15,5;21,5;100
15,5;22;100
15,5;22,5;100
15,5;23;20
16;-77,5;20
16;-77;96
16;-76,5;100
16;-76;100
16;-75,5;96
16;-75;100
16;-74,5;100
16;-74;92
16;-73,5;96
16;-73;100
16;-72,5;96
16;-72;100
16;-71,5;100
16;-71;100
16;-70,5;96
16;-70;64
16;-69,5;92
16;-69;92
16;-68,5;28
16;-68;4
16;-67,5;16
16;-67;96
16;-66,5;100
16;-66;100
16;-65,5;100
16;-65;100
16;-64,5;100
16;-64;100
16;-63,5;100
16;-63;100
16;-62,5;100
16;-62;100
16;-61,5;100
16;-61;100
16;-60,5;100
16;-60;100
16;-59,5;100
16;-59;100
16;-58,5;100
16;-58;100
16;-57,5;100
16;-57;100
16;-56,5;100
16;-56;100
16;-55,5;84
16;-55;96
16;-54,5;100
16;-54;100
16;-53,5;100
16;-53;100
16;-52,5;100
16;-52;100
16;-51,5;100
16;-51;100
16;-50,5;100
16;-50;100
16;-49,5;100
16;-49;100
16;-48,5;100
16;-48;100
16;-47,5;100
16;-47;100
16;-46,5;100
16;-46;100
16;-45,5;100
16;-45;100
16;-44,5;100
16;-44;100
16;-43,5;100
16;-43;100
16;-42,5;100
16;-42;100
16;-41,5;100
16;-41;100
16;-40,5;100
16;-40;100
16;-39,5;100
16;-39;100
16;-38,5;100
16;-38;100
16;-37,5;100
16;-37;100
16;-36,5;100
16;-36;100
16;-35,5;100
16;-35;100
16;-34,5;100
16;-34;100
16;-33,5;100
16;-33;100
16;-32,5;100
16;-32;100
16;-31,5;100
16;-31;100
16;-30,5;100
16;-30;100
16;-29,5;100
16;-29;100
16;-28,5;100
16;-28;100
16;-27,5;100
16;-27;100
16;-26,5;100
16;-26;100
16;-25,5;100
16;-25;100
16;-24,5;100
16;-24;100
16;-23,5;100
16;-23;100
16;-22,5;100
16;-22;100
16;-21,5;100
16;-21;100
16;-20,5;100
16;-20;100
16;-19,5;100
16;-19;100
16;-18,5;100
16;-18;100
16;-17,5;100
16;-17;100
16;-16,5;100
16;-16;100
16;-15,5;100
16;-15;100
16;-14,5;100
16;-14;100
16;-13,5;100
16;-13;100
16;-12,5;100
16;-12;100
16;-11,5;100
16;-11;100
16;-10,5;100
16;-10;100
16;-9,5;100
16;-9;100
16;-8,5;100
16;-8;100
16;-7,5;100
16;-7;100
16;-6,5;80
16;-6;56
16;-5,5;100
16;-5;100
16;-4,5;100
16;-4;100
16;-3,5;100
16;-3;100
16;-2,5;100
16;-2;100
16;-1,5;100
16;-1;100
16;-0,5;100
16;0;100
16;0,5;100
16;1;88
16;1,5;96
16;2;100
16;2,5;100
16;3;100
16;3,5;100
16;4;100
16;4,5;100
16;5;100
16;5,5;100
16;6;100
16;6,5;100
16;7;100
16;7,5;100
16;8;92
16;8,5;48
16;9;68
16;9,5;100
16;10;96
16;10,5;88
16;11;84
16;11,5;12
16;12;0
16;13;0
16;13,5;0
16;14;52
16;14,5;100
16;15;100
16;15,5;100
16;16;100
16;16,5;100
16;17;100
16;17,5;100
16;18;100
16;18,5;100
16;19;100
16;19,5;100
16;20;100
16;20,5;100
16;21;100
16;21,5;100
16;22;100
16;22,5;100
16;23;20
16,5;-77,5;28
16,5;-77;96
16,5;-76,5;92
16,5;-76;100
16,5;-75,5;84
16,5;-75;84
16,5;-74,5;88
16,5;-74;92
16,5;-73,5;76
16,5;-73;92
16,5;-72,5;96
16,5;-72;92
16,5;-71,5;100
16,5;-71;100
16,5;-70,5;68
16,5;-70;56
16,5;-69,5;36
16,5;-69;28
16,5;-68,5;52
16,5;-68;20
16,5;-67,5;32
16,5;-67;96
16,5;-66,5;100
16,5;-66;100
16,5;-65,5;100
16,5;-65;100
16,5;-64,5;100
16,5;-64;100
16,5;-63,5;100
16,5;-63;96
16,5;-62,5;100
16,5;-62;100
16,5;-61,5;100
16,5;-61;100
16,5;-60,5;100
16,5;-60;100
16,5;-59,5;100
16,5;-59;100
16,5;-58,5;100
16,5;-58;100
16,5;-57,5;100
16,5;-57;100
16,5;-56,5;100
16,5;-56;100
16,5;-55,5;84
16,5;-55;36
16,5;-54,5;100
16,5;-54;100
16,5;-53,5;100
16,5;-53;100
16,5;-52,5;100
16,5;-52;100
16,5;-51,5;100
16,5;-51;100
16,5;-50,5;100
16,5;-50;100
16,5;-49,5;100
16,5;-49;100
16,5;-48,5;100
16,5;-48;100
16,5;-47,5;100
16,5;-47;100
16,5;-46,5;100
16,5;-46;100
16,5;-45,5;100
16,5;-45;100
16,5;-44,5;100
16,5;-44;100
16,5;-43,5;100
16,5;-43;100
16,5;-42,5;100
16,5;-42;100
16,5;-41,5;100
16,5;-41;100
16,5;-40,5;100
16,5;-40;100
16,5;-39,5;100
16,5;-39;100
16,5;-38,5;100
16,5;-38;100
16,5;-37,5;100
16,5;-37;100
16,5;-36,5;100
16,5;-36;100
16,5;-35,5;100
16,5;-35;100
16,5;-34,5;100
16,5;-34;100
16,5;-33,5;100
16,5;-33;100
16,5;-32,5;100
16,5;-32;100
16,5;-31,5;100
16,5;-31;100
16,5;-30,5;100
16,5;-30;100
16,5;-29,5;100
16,5;-29;100
16,5;-28,5;100
16,5;-28;100
16,5;-27,5;100
16,5;-27;100
16,5;-26,5;100
16,5;-26;100
16,5;-25,5;100
16,5;-25;100
16,5;-24,5;100
16,5;-24;100
16,5;-23,5;100
16,5;-23;100
16,5;-22,5;100
16,5;-22;100
16,5;-21,5;100
16,5;-21;100
16,5;-20,5;100
16,5;-20;100
16,5;-19,5;100
16,5;-19;100
16,5;-18,5;100
16,5;-18;100
16,5;-17,5;100
16,5;-17;100
16,5;-16,5;100
16,5;-16;100
16,5;-15,5;100
16,5;-15;100
16,5;-14,5;100
16,5;-14;100
16,5;-13,5;100
16,5;-13;100
16,5;-12,5;100
16,5;-12;100
16,5;-11,5;100
16,5;-11;100
16,5;-10,5;100
16,5;-10;100
16,5;-9,5;100
16,5;-9;100
16,5;-8,5;100
16,5;-8;100
16,5;-7,5;100
16,5;-7;100
16,5;-6,5;100
16,5;-6;100
16,5;-5,5;100
16,5;-5;100
16,5;-4,5;100
16,5;-4;100
16,5;-3,5;100
16,5;-3;100
16,5;-2,5;100
16,5;-2;100
16,5;-1,5;100
16,5;-1;100
16,5;-0,5;100
16,5;0;100
16,5;0,5;100
16,5;1;96
16,5;1,5;8
16,5;2;20
16,5;2,5;36
16,5;3;44
16,5;3,5;80
16,5;4;92
16,5;4,5;96
16,5;5;100
16,5;5,5;100
16,5;6;100
16,5;6,5;100
16,5;7;100
16,5;7,5;100
16,5;8;68
16,5;8,5;32
16,5;9;92
16,5;9,5;100
16,5;10;100
16,5;10,5;100
16,5;11;100
16,5;11,5;60
16,5;12;12
16,5;12,5;12
16,5;13;0
16,5;13,5;4
16,5;14;56
16,5;14,5;100
16,5;15;100
16,5;15,5;100
16,5;16;100
16,5;16,5;100
16,5;17;100
16,5;17,5;100
16,5;18;100
16,5;18,5;100
16,5;19;100
16,5;19,5;100
16,5;20;100
16,5;20,5;100
16,5;21;100
16,5;21,5;100
16,5;22;100
16,5;22,5;100
16,5;23;28
17;-77,5;20
17;-77;96
17;-76,5;96
17;-76;96
17;-75,5;84
17;-75;84
17;-74,5;64
17;-74;76
17;-73,5;88
17;-73;96
17;-72,5;84
17;-72;96
17;-71,5;100
17;-71;72
17;-70,5;4
17;-70;0
17;-69,5;0
17;-69;0
17;-68,5;12
17;-68;0
17;-67,5;4
17;-67;24
17;-66,5;92
17;-66;80
17;-65,5;100
17;-65;100
17;-64,5;96
17;-64;100
17;-63,5;100
17;-63;100
17;-62,5;100
17;-62;100
17;-61,5;100
17;-61;100
17;-60,5;100
17;-60;100
17;-59,5;100
17;-59;100
17;-58,5;100
17;-58;100
17;-57,5;100
17;-57;100
17;-56,5;100
17;-56;100
17;-55,5;100
17;-55;56
17;-54,5;100
17;-54;96
17;-53,5;96
17;-53;100
17;-52,5;100
17;-52;100
17;-51,5;100
17;-51;100
17;-50,5;100
17;-50;84
17;-49,5;100
17;-49;100
17;-48,5;100
17;-48;100
17;-47,5;100
17;-47;100
17;-46,5;100
17;-46;100
17;-45,5;100
17;-45;100
17;-44,5;100
17;-44;100
17;-43,5;100
17;-43;100
17;-42,5;100
17;-42;100
17;-41,5;100
17;-41;100
17;-40,5;100
17;-40;100
17;-39,5;100
17;-39;100
17;-38,5;100
17;-38;100
17;-37,5;100
17;-37;100
17;-36,5;100
17;-36;100
17;-35,5;100
17;-35;100
17;-34,5;100
17;-34;100
17;-33,5;100
17;-33;100
17;-32,5;100
17;-32;100
17;-31,5;100
17;-31;100
17;-30,5;100
17;-30;100
17;-29,5;100
17;-29;100
17;-28,5;100
17;-28;100
17;-27,5;100
17;-27;100
17;-26,5;100
17;-26;100
17;-25,5;100
17;-25;100
17;-24,5;100
17;-24;100
17;-23,5;100
17;-23;100
17;-22,5;100
17;-22;100
17;-21,5;100
17;-21;100
17;-20,5;100
17;-20;100
17;-19,5;100
17;-19;100
17;-18,5;100
17;-18;100
17;-17,5;100
17;-17;100
17;-16,5;100
17;-16;100
17;-15,5;100
17;-15;100
17;-14,5;100
17;-14;100
17;-13,5;100
17;-13;100
17;-12,5;100
17;-12;100
17;-11,5;100
17;-11;100
17;-10,5;100
17;-10;100
17;-9,5;100
17;-9;100
17;-8,5;100
17;-8;100
17;-7,5;100
17;-7;100
17;-6,5;100
17;-6;100
17;-5,5;100
17;-5;100
17;-4,5;100
17;-4;100
17;-3,5;100
17;-3;100
17;-2,5;100
17;-2;100
17;-1,5;100
17;-1;100
17;-0,5;96
17;0;100
17;0,5;100
17;1;92
17;1,5;8
17;2;0
17;2,5;0
17;3;0
17;3,5;0
17;4;12
17;4,5;40
17;5;88
17;5,5;100
17;6;100
17;6,5;100
17;7;100
17;7,5;92
17;8;88
17;8,5;96
17;9;100
17;9,5;100
17;10;100
17;10,5;100
17;11;100
17;11,5;100
17;12;92
17;12,5;92
17;13;32
17;13,5;72
17;14;100
17;14,5;88
17;15;64
17;15,5;100
17;16;100
17;16,5;100
17;17;100
17;17,5;100
17;18;92
17;18,5;96
17;19;100
17;19,5;100
17;20;100
17;20,5;100
17;21;100
17;21,5;100
17;22;100
17;22,5;100
17;23;20
17,5;-77,5;16
17,5;-77;100
17,5;-76,5;100
17,5;-76;80
17,5;-75,5;64
17,5;-75;68
17,5;-74,5;72
17,5;-74;100
17,5;-73,5;96
17,5;-73;60
17,5;-72,5;72
17,5;-72;72
17,5;-71,5;84
17,5;-71;36
17,5;-70,5;36
17,5;-70;16
17,5;-69,5;0
17,5;-69;0
17,5;-68,5;44
17,5;-68;44
17,5;-67,5;20
17,5;-67;60
17,5;-66,5;96
17,5;-66;88
17,5;-65,5;88
17,5;-65;100
17,5;-64,5;92
17,5;-64;96
17,5;-63,5;76
17,5;-63;100
17,5;-62,5;96
17,5;-62;80
17,5;-61,5;96
17,5;-61;100
17,5;-60,5;100
17,5;-60;100
17,5;-59,5;100
17,5;-59;100
17,5;-58,5;100
17,5;-58;100
17,5;-57,5;100
17,5;-57;100
17,5;-56,5;100
17,5;-56;100
17,5;-55,5;100
17,5;-55;40
17,5;-54,5;60
17,5;-54;48
17,5;-53,5;56
17,5;-53;84
17,5;-52,5;100
17,5;-52;100
17,5;-51,5;100
17,5;-51;100
17,5;-50,5;92
17,5;-50;40
17,5;-49,5;100
17,5;-49;100
17,5;-48,5;100
17,5;-48;100
17,5;-47,5;100
17,5;-47;100
17,5;-46,5;100
17,5;-46;100
17,5;-45,5;100
17,5;-45;100
17,5;-44,5;100
17,5;-44;100
17,5;-43,5;100
17,5;-43;100
17,5;-42,5;100
17,5;-42;100
17,5;-41,5;100
17,5;-41;100
17,5;-40,5;100
17,5;-40;100
17,5;-39,5;100
17,5;-39;100
17,5;-38,5;100
17,5;-38;100
17,5;-37,5;100
17,5;-37;100
17,5;-36,5;100
17,5;-36;100
17,5;-35,5;100
17,5;-35;100
17,5;-34,5;100
17,5;-34;100
17,5;-33,5;100
17,5;-33;100
17,5;-32,5;100
17,5;-32;100
17,5;-31,5;100
17,5;-31;100
17,5;-30,5;100
17,5;-30;100
17,5;-29,5;100
17,5;-29;100
17,5;-28,5;100
17,5;-28;100
17,5;-27,5;100
17,5;-27;100
17,5;-26,5;100
17,5;-26;100
17,5;-25,5;100
17,5;-25;100
17,5;-24,5;100
17,5;-24;100
17,5;-23,5;100
17,5;-23;100
17,5;-22,5;100
17,5;-22;100
17,5;-21,5;100
17,5;-21;100
17,5;-20,5;100
17,5;-20;100
17,5;-19,5;100
17,5;-19;100
17,5;-18,5;100
17,5;-18;100
17,5;-17,5;100
17,5;-17;100
17,5;-16,5;100
17,5;-16;100
17,5;-15,5;100
17,5;-15;100
17,5;-14,5;100
17,5;-14;100
17,5;-13,5;100
17,5;-13;100
17,5;-12,5;100
17,5;-12;100
17,5;-11,5;100
17,5;-11;100
17,5;-10,5;100
17,5;-10;100
17,5;-9,5;100
17,5;-9;100
17,5;-8,5;100
17,5;-8;100
17,5;-7,5;100
17,5;-7;100
17,5;-6,5;100
17,5;-6;100
17,5;-5,5;100
17,5;-5;100
17,5;-4,5;100
17,5;-4;100
17,5;-3,5;100
17,5;-3;100
17,5;-2,5;100
17,5;-2;100
17,5;-1,5;100
17,5;-1;100
17,5;-0,5;100
17,5;0;100
17,5;0,5;56
17,5;1;4
17,5;1,5;0
17,5;2;0
17,5;2,5;0
17,5;3;0
17,5;3,5;0
17,5;4;0
17,5;4,5;0
17,5;5;16
17,5;5,5;96
17,5;6;100
17,5;6,5;96
17,5;7;100
17,5;7,5;60
17,5;8;92
17,5;8,5;100
17,5;9;100
17,5;9,5;100
17,5;10;100
17,5;10,5;100
17,5;11;100
17,5;11,5;100
17,5;12;100
17,5;12,5;100
17,5;13;100
17,5;13,5;100
17,5;14;100
17,5;14,5;72
17,5;15;48
17,5;15,5;76
17,5;16;28
17,5;16,5;76
17,5;17;72
17,5;17,5;88
17,5;18;92
17,5;18,5;100
17,5;19;100
17,5;19,5;100
17,5;20;100
17,5;20,5;100
17,5;21;100
17,5;21,5;100
17,5;22;100
17,5;22,5;100
17,5;23;40
18;-77,5;16
18;-77;100
18;-76,5;100
18;-76;72
18;-75,5;28
18;-75;44
18;-74,5;60
18;-74;60
18;-73,5;72
18;-73;44
18;-72,5;68
18;-72;84
18;-71,5;72
18;-71;60
18;-70,5;20
18;-70;4
18;-69,5;0
18;-69;32
18;-68,5;92
18;-68;92
18;-67,5;76
18;-67;92
18;-66,5;100
18;-66;96
18;-65,5;84
18;-65;100
18;-64,5;68
18;-64;20
18;-63,5;12
18;-63;72
18;-62,5;92
18;-62;100
18;-61,5;100
18;-61;100
18;-60,5;100
18;-60;100
18;-59,5;100
18;-59;100
18;-58,5;100
18;-58;100
18;-57,5;100
18;-57;100
18;-56,5;100
18;-56;100
18;-55,5;80
18;-55;0
18;-54,5;0
18;-54;28
18;-53,5;0
18;-53;16
18;-52,5;92
18;-52;96
18;-51,5;100
18;-51;100
18;-50,5;96
18;-50;84
18;-49,5;96
18;-49;100
18;-48,5;100
18;-48;100
18;-47,5;100
18;-47;100
18;-46,5;100
18;-46;100
18;-45,5;100
18;-45;100
18;-44,5;100
18;-44;100
18;-43,5;100
18;-43;100
18;-42,5;100
18;-42;100
18;-41,5;100
18;-41;100
18;-40,5;100
18;-40;100
18;-39,5;100
18;-39;100
18;-38,5;100
18;-38;100
18;-37,5;100
18;-37;100
18;-36,5;100
18;-36;100
18;-35,5;100
18;-35;100
18;-34,5;100
18;-34;100
18;-33,5;100
18;-33;100
18;-32,5;100
18;-32;100
18;-31,5;100
18;-31;100
18;-30,5;100
18;-30;100
18;-29,5;100
18;-29;100
18;-28,5;100
18;-28;100
18;-27,5;100
18;-27;100
18;-26,5;100
18;-26;100
18;-25,5;100
18;-25;100
18;-24,5;100
18;-24;100
18;-23,5;100
18;-23;100
18;-22,5;100
18;-22;100
18;-21,5;100
18;-21;100
18;-20,5;100
18;-20;100
18;-19,5;100
18;-19;100
18;-18,5;100
18;-18;100
18;-17,5;100
18;-17;100
18;-16,5;100
18;-16;100
18;-15,5;100
18;-15;100
18;-14,5;100
18;-14;100
18;-13,5;100
18;-13;100
18;-12,5;100
18;-12;100
18;-11,5;100
18;-11;100
18;-10,5;100
18;-10;100
18;-9,5;100
18;-9;100
18;-8,5;100
18;-8;100
18;-7,5;100
18;-7;100
18;-6,5;100
18;-6;100
18;-5,5;100
18;-5;100
18;-4,5;100
18;-4;100
18;-3,5;100
18;-3;100
18;-2,5;100
18;-2;100
18;-1,5;100
18;-1;100
18;-0,5;100
18;0;100
18;0,5;28
18;1;0
18;1,5;0
18;2;0
18;2,5;0
18;3;0
18;3,5;0
18;4;0
18;4,5;0
18;5;0
18;5,5;24
18;6;48
18;6,5;72
18;7;100
18;7,5;88
18;8;100
18;8,5;100
18;9;100
18;9,5;100
18;10;100
18;10,5;100
18;11;100
18;11,5;100
18;12;100
18;12,5;100
18;13;100
18;13,5;100
18;14;96
18;14,5;100
18;15;60
18;15,5;0
18;16;0
18;16,5;8
18;17;60
18;17,5;100
18;18;100
18;18,5;100
18;19;100
18;19,5;100
18;20;96
18;20,5;100
18;21;100
18;21,5;100
18;22;100
18;22,5;100
18;23;40
18,5;-77,5;16
18,5;-77;100
18,5;-76,5;96
18,5;-76;96
18,5;-75,5;80
18,5;-75;84
18,5;-74,5;64
18,5;-74;72
18,5;-73,5;68
18,5;-73;48
18,5;-72,5;48
18,5;-72;72
18,5;-71,5;72
18,5;-71;72
18,5;-70,5;8
18,5;-70;0
18,5;-69,5;8
18,5;-69;60
18,5;-68,5;100
18,5;-68;100
18,5;-67,5;100
18,5;-67;96
18,5;-66,5;100
18,5;-66;100
18,5;-65,5;100
18,5;-65;100
18,5;-64,5;44
18,5;-64;32
18,5;-63,5;0
18,5;-63;8
18,5;-62,5;28
18,5;-62;44
18,5;-61,5;100
18,5;-61;100
18,5;-60,5;100
18,5;-60;100
18,5;-59,5;100
18,5;-59;100
18,5;-58,5;100
18,5;-58;100
18,5;-57,5;100
18,5;-57;100
18,5;-56,5;92
18,5;-56;36
18,5;-55,5;56
18,5;-55;0
18,5;-54,5;0
18,5;-54;0
18,5;-53,5;0
18,5;-53;0
18,5;-52,5;24
18,5;-52;92
18,5;-51,5;100
18,5;-51;100
18,5;-50,5;100
18,5;-50;76
18,5;-49,5;64
18,5;-49;100
18,5;-48,5;96
18,5;-48;84
18,5;-47,5;96
18,5;-47;100
18,5;-46,5;100
18,5;-46;100
18,5;-45,5;100
18,5;-45;100
18,5;-44,5;100
18,5;-44;100
18,5;-43,5;100
18,5;-43;100
18,5;-42,5;100
18,5;-42;100
18,5;-41,5;100
18,5;-41;100
18,5;-40,5;100
18,5;-40;100
18,5;-39,5;100
18,5;-39;100
18,5;-38,5;100
18,5;-38;100
18,5;-37,5;100
18,5;-37;100
18,5;-36,5;100
18,5;-36;100
18,5;-35,5;100
18,5;-35;100
18,5;-34,5;100
18,5;-34;100
18,5;-33,5;100
18,5;-33;100
18,5;-32,5;100
18,5;-32;100
18,5;-31,5;100
18,5;-31;100
18,5;-30,5;100
18,5;-30;100
18,5;-29,5;100
18,5;-29;100
18,5;-28,5;100
18,5;-28;100
18,5;-27,5;100
18,5;-27;100
18,5;-26,5;100
18,5;-26;100
18,5;-25,5;100
18,5;-25;100
18,5;-24,5;100
18,5;-24;100
18,5;-23,5;100
18,5;-23;100
18,5;-22,5;100
18,5;-22;100
18,5;-21,5;100
18,5;-21;100
18,5;-20,5;100
18,5;-20;100
18,5;-19,5;100
18,5;-19;100
18,5;-18,5;100
18,5;-18;100
18,5;-17,5;100
18,5;-17;100
18,5;-16,5;100
18,5;-16;100
18,5;-15,5;100
18,5;-15;100
18,5;-14,5;100
18,5;-14;100
18,5;-13,5;100
18,5;-13;100
18,5;-12,5;100
18,5;-12;100
18,5;-11,5;100
18,5;-11;100
18,5;-10,5;100
18,5;-10;100
18,5;-9,5;100
18,5;-9;100
18,5;-8,5;100
18,5;-8;100
18,5;-7,5;100
18,5;-7;100
18,5;-6,5;100
18,5;-6;100
18,5;-5,5;100
18,5;-5;100
18,5;-4,5;100
18,5;-4;100
18,5;-3,5;100
18,5;-3;100
18,5;-2,5;100
18,5;-2;100
18,5;-1,5;100
18,5;-1;100
18,5;-0,5;100
18,5;0;100
18,5;0,5;48
18,5;1;0
18,5;1,5;0
18,5;2;0
18,5;2,5;0
18,5;3;0
18,5;3,5;0
18,5;4;0
18,5;4,5;0
18,5;5;0
18,5;5,5;0
18,5;6;0
18,5;6,5;28
18,5;7;44
18,5;7,5;100
18,5;8;100
18,5;8,5;100
18,5;9;100
18,5;9,5;100
18,5;10;100
18,5;10,5;100
18,5;11;100
18,5;11,5;100
18,5;12;100
18,5;12,5;100
18,5;13;100
18,5;13,5;100
18,5;14;100
18,5;14,5;100
18,5;15;96
18,5;15,5;36
18,5;16;0
18,5;16,5;56
18,5;17;96
18,5;17,5;100
18,5;18;100
18,5;18,5;100
18,5;19;100
18,5;19,5;100
18,5;20;100
18,5;20,5;100
18,5;21;100
18,5;21,5;100
18,5;22;100
18,5;22,5;100
18,5;23;40
19;-77,5;20
19;-77;96
19;-76,5;96
19;-76;76
19;-75,5;72
19;-75;76
19;-74,5;28
19;-74;52
19;-73,5;40
19;-73;28
19;-72,5;40
19;-72;40
19;-71,5;28
19;-71;80
19;-70,5;92
19;-70;44
19;-69,5;76
19;-69;100
19;-68,5;100
19;-68;100
19;-67,5;100
19;-67;100
19;-66,5;100
19;-66;100
19;-65,5;100
19;-65;100
19;-64,5;100
19;-64;96
19;-63,5;28
19;-63;72
19;-62,5;0
19;-62;12
19;-61,5;100
19;-61;100
19;-60,5;100
19;-60;100
19;-59,5;100
19;-59;100
19;-58,5;100
19;-58;100
19;-57,5;100
19;-57;92
19;-56,5;8
19;-56;0
19;-55,5;0
19;-55;0
19;-54,5;0
19;-54;0
19;-53,5;0
19;-53;0
19;-52,5;20
19;-52;32
19;-51,5;76
19;-51;60
19;-50,5;60
19;-50;8
19;-49,5;36
19;-49;96
19;-48,5;100
19;-48;100
19;-47,5;100
19;-47;100
19;-46,5;100
19;-46;100
19;-45,5;100
19;-45;100
19;-44,5;100
19;-44;100
19;-43,5;100
19;-43;100
19;-42,5;100
19;-42;100
19;-41,5;100
19;-41;100
19;-40,5;100
19;-40;100
19;-39,5;100
19;-39;100
19;-38,5;100
19;-38;100
19;-37,5;100
19;-37;100
19;-36,5;100
19;-36;100
19;-35,5;100
19;-35;100
19;-34,5;100
19;-34;100
19;-33,5;100
19;-33;100
19;-32,5;100
19;-32;100
19;-31,5;100
19;-31;100
19;-30,5;100
19;-30;100
19;-29,5;100
19;-29;100
19;-28,5;100
19;-28;100
19;-27,5;100
19;-27;100
19;-26,5;100
19;-26;100
19;-25,5;100
19;-25;100
19;-24,5;100
19;-24;100
19;-23,5;100
19;-23;100
19;-22,5;100
19;-22;100
19;-21,5;100
19;-21;100
19;-20,5;100
19;-20;100
19;-19,5;100
19;-19;100
19;-18,5;100
19;-18;100
19;-17,5;100
19;-17;100
19;-16,5;100
19;-16;100
19;-15,5;100
19;-15;100
19;-14,5;100
19;-14;100
19;-13,5;100
19;-13;100
19;-12,5;100
19;-12;100
19;-11,5;100
19;-11;100
19;-10,5;100
19;-10;96
19;-9,5;100
19;-9;100
19;-8,5;100
19;-8;100
19;-7,5;100
19;-7;100
19;-6,5;100
19;-6;100
19;-5,5;100
19;-5;100
19;-4,5;100
19;-4;100
19;-3,5;100
19;-3;100
19;-2,5;100
19;-2;100
19;-1,5;100
19;-1;100
19;-0,5;100
19;0;92
19;0,5;28
19;1;0
19;1,5;0
19;2;0
19;2,5;0
19;3;0
19;3,5;0
19;4;0
19;4,5;0
19;5;0
19;5,5;0
19;6;0
19;6,5;0
19;7;0
19;7,5;100
19;8;100
19;8,5;100
19;9;100
19;9,5;100
19;10;100
19;10,5;100
19;11;100
19;11,5;100
19;12;100
19;12,5;100
19;13;100
19;13,5;100
19;14;100
19;14,5;100
19;15;96
19;15,5;48
19;16;4
19;16,5;68
19;17;100
19;17,5;100
19;18;100
19;18,5;100
19;19;100
19;19,5;100
19;20;100
19;20,5;100
19;21;100
19;21,5;92
19;22;96
19;22,5;100
19;23;40
19,5;-77,5;12
19,5;-77;88
19,5;-76,5;84
19,5;-76;92
19,5;-75,5;80
19,5;-75;60
19,5;-74,5;44
19,5;-74;56
19,5;-73,5;24
19,5;-73;52
19,5;-72,5;36
19,5;-72;4
19,5;-71,5;44
19,5;-71;40
19,5;-70,5;76
19,5;-70;84
19,5;-69,5;96
19,5;-69;100
19,5;-68,5;100
19,5;-68;96
19,5;-67,5;100
19,5;-67;100
19,5;-66,5;100
19,5;-66;100
19,5;-65,5;100
19,5;-65;100
19,5;-64,5;100
19,5;-64;100
19,5;-63,5;80
19,5;-63;88
19,5;-62,5;44
19,5;-62;40
19,5;-61,5;96
19,5;-61;100
19,5;-60,5;100
19,5;-60;100
19,5;-59,5;100
19,5;-59;100
19,5;-58,5;96
19,5;-58;100
19,5;-57,5;100
19,5;-57;96
19,5;-56,5;4
19,5;-56;0
19,5;-55,5;0
19,5;-55;0
19,5;-54,5;0
19,5;-54;0
19,5;-53,5;0
19,5;-53;0
19,5;-52,5;0
19,5;-52;0
19,5;-51,5;0
19,5;-51;0
19,5;-50,5;0
19,5;-50;0
19,5;-49,5;28
19,5;-49;92
19,5;-48,5;100
19,5;-48;100
19,5;-47,5;100
19,5;-47;100
19,5;-46,5;100
19,5;-46;100
19,5;-45,5;100
19,5;-45;100
19,5;-44,5;100
19,5;-44;100
19,5;-43,5;100
19,5;-43;100
19,5;-42,5;100
19,5;-42;100
19,5;-41,5;100
19,5;-41;100
19,5;-40,5;100
19,5;-40;100
19,5;-39,5;100
19,5;-39;100
19,5;-38,5;100
19,5;-38;100
19,5;-37,5;100
19,5;-37;100
19,5;-36,5;100
19,5;-36;100
19,5;-35,5;100
19,5;-35;100
19,5;-34,5;100
19,5;-34;100
19,5;-33,5;100
19,5;-33;100
19,5;-32,5;100
19,5;-32;100
19,5;-31,5;100
19,5;-31;100
19,5;-30,5;100
19,5;-30;100
19,5;-29,5;100
19,5;-29;100
19,5;-28,5;100
19,5;-28;100
19,5;-27,5;100
19,5;-27;100
19,5;-26,5;100
19,5;-26;100
19,5;-25,5;100
19,5;-25;100
19,5;-24,5;100
19,5;-24;100
19,5;-23,5;100
19,5;-23;100
19,5;-22,5;100
19,5;-22;100
19,5;-21,5;100
19,5;-21;100
19,5;-20,5;100
19,5;-20;100
19,5;-19,5;100
19,5;-19;100
19,5;-18,5;100
19,5;-18;100
19,5;-17,5;100
19,5;-17;100
19,5;-16,5;100
19,5;-16;100
19,5;-15,5;100
19,5;-15;100
19,5;-14,5;100
19,5;-14;100
19,5;-13,5;100
19,5;-13;100
19,5;-12,5;100
19,5;-12;100
19,5;-11,5;100
19,5;-11;100
19,5;-10,5;100
19,5;-10;100
19,5;-9,5;100
19,5;-9;100
19,5;-8,5;100
19,5;-8;100
19,5;-7,5;100
19,5;-7;100
19,5;-6,5;100
19,5;-6;100
19,5;-5,5;100
19,5;-5;100
19,5;-4,5;100
19,5;-4;100
19,5;-3,5;100
19,5;-3;100
19,5;-2,5;100
19,5;-2;100
19,5;-1,5;100
19,5;-1;100
19,5;-0,5;100
19,5;0;92
19,5;0,5;8
19,5;1;0
19,5;1,5;0
19,5;2;0
19,5;2,5;0
19,5;3;0
19,5;3,5;0
19,5;4;0
19,5;4,5;0
19,5;5;0
19,5;5,5;0
19,5;6;0
19,5;6,5;0
19,5;7;20
19,5;7,5;100
19,5;8;100
19,5;8,5;100
19,5;9;100
19,5;9,5;100
19,5;10;100
19,5;10,5;100
19,5;11;100
19,5;11,5;100
19,5;12;100
19,5;12,5;100
19,5;13;100
19,5;13,5;100
19,5;14;100
19,5;14,5;100
19,5;15;100
19,5;15,5;88
19,5;16;12
19,5;16,5;40
19,5;17;76
19,5;17,5;100
19,5;18;100
19,5;18,5;100
19,5;19;100
19,5;19,5;100
19,5;20;100
19,5;20,5;100
19,5;21;100
19,5;21,5;96
19,5;22;88
19,5;22,5;100
19,5;23;40
20;-77,5;16
20;-77;92
20;-76,5;96
20;-76;80
20;-75,5;56
20;-75;24
20;-74,5;28
20;-74;24
20;-73,5;24
20;-73;52
20;-72,5;44
20;-72;4
20;-71,5;8
20;-71;32
20;-70,5;64
20;-70;96
20;-69,5;96
20;-69;100
20;-68,5;100
20;-68;100
20;-67,5;100
20;-67;100
20;-66,5;100
20;-66;100
20;-65,5;100
20;-65;100
20;-64,5;100
20;-64;100
20;-63,5;68
20;-63;60
20;-62,5;4
20;-62;8
20;-61,5;84
20;-61;96
20;-60,5;96
20;-60;100
20;-59,5;100
20;-59;100
20;-58,5;100
20;-58;100
20;-57,5;96
20;-57;32
20;-56,5;0
20;-56;0
20;-55,5;0
20;-55;0
20;-54,5;0
20;-54;0
20;-53,5;0
20;-53;0
20;-52,5;0
20;-52;0
20;-51,5;0
20;-51;0
20;-50,5;0
20;-50;12
20;-49,5;68
20;-49;64
20;-48,5;100
20;-48;100
20;-47,5;100
20;-47;100
20;-46,5;100
20;-46;100
20;-45,5;100
20;-45;100
20;-44,5;100
20;-44;100
20;-43,5;100
20;-43;100
20;-42,5;100
20;-42;100
20;-41,5;100
20;-41;100
20;-40,5;100
20;-40;100
20;-39,5;100
20;-39;100
20;-38,5;100
20;-38;100
20;-37,5;100
20;-37;100
20;-36,5;100
20;-36;100
20;-35,5;100
20;-35;100
20;-34,5;100
20;-34;100
20;-33,5;100
20;-33;100
20;-32,5;100
20;-32;100
20;-31,5;100
20;-31;100
20;-30,5;100
20;-30;100
20;-29,5;100
20;-29;100
20;-28,5;100
20;-28;100
20;-27,5;100
20;-27;100
20;-26,5;100
20;-26;100
20;-25,5;100
20;-25;100
20;-24,5;100
20;-24;100
20;-23,5;100
20;-23;100
20;-22,5;76
20;-22;100
20;-21,5;100
20;-21;100
20;-20,5;100
20;-20;100
20;-19,5;100
20;-19;100
20;-18,5;100
20;-18;100
20;-17,5;100
20;-17;100
20;-16,5;100
20;-16;100
20;-15,5;100
20;-15;100
20;-14,5;100
20;-14;100
20;-13,5;100
20;-13;100
20;-12,5;100
20;-12;100
20;-11,5;100
20;-11;100
20;-10,5;100
20;-10;100
20;-9,5;100
20;-9;100
20;-8,5;100
20;-8;100
20;-7,5;100
20;-7;100
20;-6,5;100
20;-6;100
20;-5,5;100
20;-5;100
20;-4,5;100
20;-4;100
20;-3,5;100
20;-3;100
20;-2,5;100
20;-2;100
20;-1,5;100
20;-1;100
20;-0,5;100
20;0;100
20;0,5;52
20;1;0
20;1,5;0
20;2;0
20;2,5;0
20;3;0
20;3,5;0
20;4;0
20;4,5;0
20;5;0
20;5,5;0
20;6;0
20;6,5;0
20;7;36
20;7,5;100
20;8;100
20;8,5;100
20;9;100
20;9,5;100
20;10;100
20;10,5;100
20;11;100
20;11,5;100
20;12;100
20;12,5;100
20;13;100
20;13,5;100
20;14;100
20;14,5;100
20;15;100
20;15,5;80
20;16;32
20;16,5;0
20;17;36
20;17,5;100
20;18;100
20;18,5;100
20;19;100
20;19,5;96
20;20;100
20;20,5;100
20;21;96
20;21,5;100
20;22;100
20;22,5;100
20;23;40
20,5;-77,5;16
20,5;-77;88
20,5;-76,5;92
20,5;-76;76
20,5;-75,5;40
20,5;-75;36
20,5;-74,5;8
20,5;-74;20
20,5;-73,5;72
20,5;-73;52
20,5;-72,5;92
20,5;-72;56
20,5;-71,5;12
20,5;-71;24
20,5;-70,5;80
20,5;-70;100
20,5;-69,5;100
20,5;-69;100
20,5;-68,5;100
20,5;-68;100
20,5;-67,5;100
20,5;-67;100
20,5;-66,5;100
20,5;-66;100
20,5;-65,5;100
20,5;-65;100
20,5;-64,5;100
20,5;-64;100
20,5;-63,5;92
20,5;-63;48
20,5;-62,5;32
20,5;-62;52
20,5;-61,5;68
20,5;-61;100
20,5;-60,5;100
20,5;-60;100
20,5;-59,5;100
20,5;-59;100
20,5;-58,5;100
20,5;-58;100
20,5;-57,5;60
20,5;-57;0
20,5;-56,5;0
20,5;-56;0
20,5;-55,5;0
20,5;-55;0
20,5;-54,5;0
20,5;-54;0
20,5;-53,5;0
20,5;-53;0
20,5;-52,5;0
20,5;-52;0
20,5;-51,5;0
20,5;-51;0
20,5;-50,5;0
20,5;-50;0
20,5;-49,5;0
20,5;-49;12
20,5;-48,5;72
20,5;-48;100
20,5;-47,5;100
20,5;-47;100
20,5;-46,5;100
20,5;-46;100
20,5;-45,5;100
20,5;-45;100
20,5;-44,5;100
20,5;-44;100
20,5;-43,5;100
20,5;-43;100
20,5;-42,5;100
20,5;-42;100
20,5;-41,5;100
20,5;-41;100
20,5;-40,5;100
20,5;-40;100
20,5;-39,5;100
20,5;-39;100
20,5;-38,5;96
20,5;-38;100
20,5;-37,5;100
20,5;-37;100
20,5;-36,5;100
20,5;-36;68
20,5;-35,5;28
20,5;-35;20
20,5;-34,5;72
20,5;-34;100
20,5;-33,5;100
20,5;-33;100
20,5;-32,5;100
20,5;-32;100
20,5;-31,5;100
20,5;-31;100
20,5;-30,5;100
20,5;-30;100
20,5;-29,5;100
20,5;-29;100
20,5;-28,5;100
20,5;-28;100
20,5;-27,5;100
20,5;-27;100
20,5;-26,5;100
20,5;-26;100
20,5;-25,5;100
20,5;-25;100
20,5;-24,5;100
20,5;-24;100
20,5;-23,5;100
20,5;-23;100
20,5;-22,5;96
20,5;-22;100
20,5;-21,5;100
20,5;-21;100
20,5;-20,5;100
20,5;-20;100
20,5;-19,5;100
20,5;-19;100
20,5;-18,5;100
20,5;-18;100
20,5;-17,5;100
20,5;-17;100
20,5;-16,5;100
20,5;-16;100
20,5;-15,5;100
20,5;-15;100
20,5;-14,5;100
20,5;-14;100
20,5;-13,5;100
20,5;-13;100
20,5;-12,5;100
20,5;-12;100
20,5;-11,5;100
20,5;-11;100
20,5;-10,5;100
20,5;-10;100
20,5;-9,5;100
20,5;-9;100
20,5;-8,5;100
20,5;-8;100
20,5;-7,5;100
20,5;-7;100
20,5;-6,5;100
20,5;-6;100
20,5;-5,5;100
20,5;-5;100
20,5;-4,5;100
20,5;-4;100
20,5;-3,5;100
20,5;-3;100
20,5;-2,5;100
20,5;-2;100
20,5;-1,5;100
20,5;-1;100
20,5;-0,5;100
20,5;0;100
20,5;0,5;72
20,5;1;0
20,5;1,5;0
20,5;2;0
20,5;2,5;0
20,5;3;0
20,5;3,5;0
20,5;4;0
20,5;4,5;0
20,5;5;0
20,5;5,5;0
20,5;6;0
20,5;6,5;0
20,5;7;20
20,5;7,5;96
20,5;8;100
20,5;8,5;100
20,5;9;100
20,5;9,5;100
20,5;10;100
20,5;10,5;100
20,5;11;100
20,5;11,5;100
20,5;12;100
20,5;12,5;100
20,5;13;100
20,5;13,5;100
20,5;14;100
20,5;14,5;100
20,5;15;100
20,5;15,5;20
20,5;16;0
20,5;16,5;0
20,5;17;24
20,5;17,5;96
20,5;18;100
20,5;18,5;100
20,5;19;100
20,5;19,5;100
20,5;20;92
20,5;20,5;100
20,5;21;100
20,5;21,5;88
20,5;22;92
20,5;22,5;100
20,5;23;36
21;-77,5;4
21;-77;88
21;-76,5;92
21;-76;80
21;-75,5;48
21;-75;36
21;-74,5;56
21;-74;48
21;-73,5;60
21;-73;100
21;-72,5;96
21;-72;52
21;-71,5;32
21;-71;32
21;-70,5;72
21;-70;84
21;-69,5;100
21;-69;100
21;-68,5;100
21;-68;100
21;-67,5;100
21;-67;100
21;-66,5;100
21;-66;100
21;-65,5;100
21;-65;100
21;-64,5;100
21;-64;100
21;-63,5;100
21;-63;64
21;-62,5;60
21;-62;88
21;-61,5;92
21;-61;92
21;-60,5;100
21;-60;72
21;-59,5;88
21;-59;100
21;-58,5;100
21;-58;100
21;-57,5;28
21;-57;0
21;-56,5;0
21;-56;0
21;-55,5;0
21;-55;0
21;-54,5;0
21;-54;0
21;-53,5;0
21;-53;0
21;-52,5;0
21;-52;0
21;-51,5;0
21;-51;0
21;-50,5;0
21;-50;20
21;-49,5;24
21;-49;68
21;-48,5;72
21;-48;60
21;-47,5;96
21;-47;96
21;-46,5;100
21;-46;100
21;-45,5;100
21;-45;100
21;-44,5;100
21;-44;100
21;-43,5;100
21;-43;100
21;-42,5;100
21;-42;100
21;-41,5;100
21;-41;100
21;-40,5;100
21;-40;100
21;-39,5;100
21;-39;100
21;-38,5;100
21;-38;100
21;-37,5;96
21;-37;92
21;-36,5;100
21;-36;48
21;-35,5;0
21;-35;0
21;-34,5;68
21;-34;100
21;-33,5;100
21;-33;100
21;-32,5;100
21;-32;100
21;-31,5;100
21;-31;100
21;-30,5;100
21;-30;100
21;-29,5;100
21;-29;100
21;-28,5;100
21;-28;100
21;-27,5;100
21;-27;100
21;-26,5;100
21;-26;100
21;-25,5;100
21;-25;100
21;-24,5;100
21;-24;100
21;-23,5;100
21;-23;100
21;-22,5;100
21;-22;100
21;-21,5;100
21;-21;100
21;-20,5;100
21;-20;100
21;-19,5;100
21;-19;100
21;-18,5;100
21;-18;100
21;-17,5;100
21;-17;100
21;-16,5;100
21;-16;100
21;-15,5;100
21;-15;100
21;-14,5;100
21;-14;100
21;-13,5;100
21;-13;100
21;-12,5;100
21;-12;100
21;-11,5;100
21;-11;100
21;-10,5;100
21;-10;100
21;-9,5;100
21;-9;100
21;-8,5;100
21;-8;100
21;-7,5;100
21;-7;100
21;-6,5;100
21;-6;100
21;-5,5;100
21;-5;100
21;-4,5;100
21;-4;100
21;-3,5;100
21;-3;100
21;-2,5;100
21;-2;100
21;-1,5;100
21;-1;100
21;-0,5;100
21;0;96
21;0,5;36
21;1;0
21;1,5;0
21;2;0
21;2,5;0
21;3;0
21;3,5;0
21;4;0
21;4,5;0
21;5;0
21;5,5;0
21;6;0
21;6,5;0
21;7;4
21;7,5;92
21;8;80
21;8,5;96
21;9;100
21;9,5;100
21;10;100
21;10,5;100
21;11;100
21;11,5;100
21;12;100
21;12,5;100
21;13;100
21;13,5;100
21;14;100
21;14,5;100
21;15;100
21;15,5;48
21;16;0
21;16,5;56
21;17;96
21;17,5;84
21;18;100
21;18,5;100
21;19;100
21;19,5;100
21;20;100
21;20,5;100
21;21;100
21;21,5;100
21;22;100
21;22,5;100
21;23;60
21,5;-77,5;4
21,5;-77;88
21,5;-76,5;44
21,5;-76;72
21,5;-75,5;84
21,5;-75;80
21,5;-74,5;76
21,5;-74;64
21,5;-73,5;84
21,5;-73;100
21,5;-72,5;84
21,5;-72;16
21,5;-71,5;80
21,5;-71;64
21,5;-70,5;76
21,5;-70;96
21,5;-69,5;96
21,5;-69;100
21,5;-68,5;100
21,5;-68;100
21,5;-67,5;100
21,5;-67;100
21,5;-66,5;100
21,5;-66;100
21,5;-65,5;100
21,5;-65;100
21,5;-64,5;100
21,5;-64;100
21,5;-63,5;100
21,5;-63;84
21,5;-62,5;96
21,5;-62;100
21,5;-61,5;100
21,5;-61;100
21,5;-60,5;100
21,5;-60;84
21,5;-59,5;84
21,5;-59;100
21,5;-58,5;100
21,5;-58;36
21,5;-57,5;4
21,5;-57;0
21,5;-56,5;0
21,5;-56;0
21,5;-55,5;0
21,5;-55;0
21,5;-54,5;0
21,5;-54;0
21,5;-53,5;0
21,5;-53;0
21,5;-52,5;0
21,5;-52;0
21,5;-51,5;0
21,5;-51;0
21,5;-50,5;0
21,5;-50;32
21,5;-49,5;100
21,5;-49;100
21,5;-48,5;100
21,5;-48;56
21,5;-47,5;96
21,5;-47;72
21,5;-46,5;100
21,5;-46;100
21,5;-45,5;100
21,5;-45;100
21,5;-44,5;100
21,5;-44;100
21,5;-43,5;100
21,5;-43;100
21,5;-42,5;96
21,5;-42;100
21,5;-41,5;100
21,5;-41;100
21,5;-40,5;100
21,5;-40;100
21,5;-39,5;100
21,5;-39;96
21,5;-38,5;100
21,5;-38;100
21,5;-37,5;40
21,5;-37;12
21,5;-36,5;12
21,5;-36;0
21,5;-35,5;24
21,5;-35;8
21,5;-34,5;68
21,5;-34;96
21,5;-33,5;100
21,5;-33;100
21,5;-32,5;100
21,5;-32;100
21,5;-31,5;100
21,5;-31;100
21,5;-30,5;100
21,5;-30;100
21,5;-29,5;100
21,5;-29;100
21,5;-28,5;100
21,5;-28;100
21,5;-27,5;100
21,5;-27;100
21,5;-26,5;100
21,5;-26;100
21,5;-25,5;100
21,5;-25;100
21,5;-24,5;100
21,5;-24;100
21,5;-23,5;100
21,5;-23;100
21,5;-22,5;100
21,5;-22;100
21,5;-21,5;100
21,5;-21;92
21,5;-20,5;100
21,5;-20;100
21,5;-19,5;100
21,5;-19;100
21,5;-18,5;100
21,5;-18;100
21,5;-17,5;100
21,5;-17;100
21,5;-16,5;100
21,5;-16;100
21,5;-15,5;100
21,5;-15;100
21,5;-14,5;100
21,5;-14;100
21,5;-13,5;100
21,5;-13;100
21,5;-12,5;100
21,5;-12;100
21,5;-11,5;100
21,5;-11;100
21,5;-10,5;100
21,5;-10;100
21,5;-9,5;100
21,5;-9;100
21,5;-8,5;100
21,5;-8;100
21,5;-7,5;100
21,5;-7;100
21,5;-6,5;100
21,5;-6;100
21,5;-5,5;100
21,5;-5;100
21,5;-4,5;100
21,5;-4;100
21,5;-3,5;100
21,5;-3;100
21,5;-2,5;100
21,5;-2;100
21,5;-1,5;100
21,5;-1;100
21,5;-0,5;100
21,5;0;100
21,5;0,5;72
21,5;1;0
21,5;1,5;0
21,5;2;0
21,5;2,5;0
21,5;3;0
21,5;3,5;0
21,5;4;0
21,5;4,5;0
21,5;5;0
21,5;5,5;0
21,5;6;0
21,5;6,5;0
21,5;7;0
21,5;7,5;36
21,5;8;12
21,5;8,5;60
21,5;9;100
21,5;9,5;100
21,5;10;96
21,5;10,5;96
21,5;11;100
21,5;11,5;100
21,5;12;100
21,5;12,5;100
21,5;13;100
21,5;13,5;100
21,5;14;100
21,5;14,5;100
21,5;15;96
21,5;15,5;60
21,5;16;76
21,5;16,5;48
21,5;17;60
21,5;17,5;96
21,5;18;100
21,5;18,5;100
21,5;19;100
21,5;19,5;100
21,5;20;100
21,5;20,5;100
21,5;21;100
21,5;21,5;100
21,5;22;100
21,5;22,5;100
21,5;23;60
22;-77;24
22;-76,5;4
22;-76;52
22;-75,5;88
22;-75;92
22;-74,5;100
22;-74;96
22;-73,5;100
22;-73;100
22;-72,5;84
22;-72;48
22;-71,5;88
22;-71;88
22;-70,5;84
22;-70;80
22;-69,5;92
22;-69;96
22;-68,5;100
22;-68;100
22;-67,5;100
22;-67;100
22;-66,5;100
22;-66;100
22;-65,5;100
22;-65;100
22;-64,5;100
22;-64;100
22;-63,5;68
22;-63;52
22;-62,5;88
22;-62;64
22;-61,5;76
22;-61;92
22;-60,5;68
22;-60;40
22;-59,5;88
22;-59;44
22;-58,5;76
22;-58;80
22;-57,5;44
22;-57;0
22;-56,5;0
22;-56;0
22;-55,5;0
22;-55;0
22;-54,5;0
22;-54;0
22;-53,5;0
22;-53;0
22;-52,5;0
22;-52;0
22;-51,5;0
22;-51;0
22;-50,5;0
22;-50;20
22;-49,5;100
22;-49;100
22;-48,5;100
22;-48;100
22;-47,5;100
22;-47;100
22;-46,5;100
22;-46;100
22;-45,5;100
22;-45;100
22;-44,5;100
22;-44;100
22;-43,5;100
22;-43;100
22;-42,5;96
22;-42;100
22;-41,5;100
22;-41;100
22;-40,5;100
22;-40;100
22;-39,5;100
22;-39;96
22;-38,5;96
22;-38;96
22;-37,5;32
22;-37;0
22;-36,5;4
22;-36;0
22;-35,5;88
22;-35;96
22;-34,5;48
22;-34;68
22;-33,5;100
22;-33;100
22;-32,5;100
22;-32;100
22;-31,5;100
22;-31;100
22;-30,5;100
22;-30;100
22;-29,5;100
22;-29;100
22;-28,5;100
22;-28;100
22;-27,5;100
22;-27;100
22;-26,5;100
22;-26;100
22;-25,5;96
22;-25;88
22;-24,5;100
22;-24;100
22;-23,5;100
22;-23;100
22;-22,5;100
22;-22;100
22;-21,5;100
22;-21;100
22;-20,5;100
22;-20;100
22;-19,5;100
22;-19;100
22;-18,5;100
22;-18;100
22;-17,5;100
22;-17;100
22;-16,5;100
22;-16;100
22;-15,5;100
22;-15;100
22;-14,5;100
22;-14;100
22;-13,5;100
22;-13;100
22;-12,5;100
22;-12;100
22;-11,5;100
22;-11;100
22;-10,5;100
22;-10;100
22;-9,5;100
22;-9;100
22;-8,5;100
22;-8;100
22;-7,5;100
22;-7;100
22;-6,5;100
22;-6;100
22;-5,5;100
22;-5;100
22;-4,5;100
22;-4;100
22;-3,5;100
22;-3;100
22;-2,5;100
22;-2;100
22;-1,5;100
22;-1;100
22;-0,5;100
22;0;92
22;0,5;52
22;1;36
22;1,5;0
22;2;0
22;2,5;0
22;3;0
22;3,5;0
22;4;0
22;4,5;0
22;5;0
22;5,5;0
22;6;0
22;6,5;0
22;7;0
22;7,5;0
22;8;32
22;8,5;100
22;9;100
22;9,5;100
22;10;100
22;10,5;100
22;11;100
22;11,5;100
22;12;100
22;12,5;100
22;13;100
22;13,5;100
22;14;100
22;14,5;100
22;15;68
22;15,5;40
22;16;64
22;16,5;92
22;17;84
22;17,5;84
22;18;100
22;18,5;100
22;19;100
22;19,5;100
22;20;100
22;20,5;100
22;21;100
22;21,5;100
22;22;100
22;22,5;100
22;23;60
22,5;-77;28
22,5;-76,5;20
22,5;-76;44
22,5;-75,5;80
22,5;-75;92
22,5;-74,5;96
22,5;-74;96
22,5;-73,5;100
22,5;-73;100
22,5;-72,5;64
22,5;-72;56
22,5;-71,5;88
22,5;-71;100
22,5;-70,5;100
22,5;-70;48
22,5;-69,5;88
22,5;-69;100
22,5;-68,5;100
22,5;-68;100
22,5;-67,5;100
22,5;-67;100
22,5;-66,5;100
22,5;-66;100
22,5;-65,5;100
22,5;-65;100
22,5;-64,5;100
22,5;-64;100
22,5;-63,5;72
22,5;-63;100
22,5;-62,5;40
22,5;-62;8
22,5;-61,5;88
22,5;-61;60
22,5;-60,5;72
22,5;-60;4
22,5;-59,5;40
22,5;-59;96
22,5;-58,5;100
22,5;-58;64
22,5;-57,5;0
22,5;-57;0
22,5;-56,5;0
22,5;-56;0
22,5;-55,5;0
22,5;-55;0
22,5;-54,5;0
22,5;-54;0
22,5;-53,5;0
22,5;-53;0
22,5;-52,5;0
22,5;-52;0
22,5;-51,5;0
22,5;-51;0
22,5;-50,5;12
22,5;-50;88
22,5;-49,5;100
22,5;-49;100
22,5;-48,5;100
22,5;-48;100
22,5;-47,5;100
22,5;-47;100
22,5;-46,5;100
22,5;-46;100
22,5;-45,5;100
22,5;-45;100
22,5;-44,5;100
22,5;-44;100
22,5;-43,5;100
22,5;-43;100
22,5;-42,5;100
22,5;-42;100
22,5;-41,5;100
22,5;-41;100
22,5;-40,5;100
22,5;-40;100
22,5;-39,5;100
22,5;-39;100
22,5;-38,5;100
22,5;-38;100
22,5;-37,5;96
22,5;-37;100
22,5;-36,5;76
22,5;-36;76
22,5;-35,5;96
22,5;-35;100
22,5;-34,5;100
22,5;-34;72
22,5;-33,5;100
22,5;-33;100
22,5;-32,5;100
22,5;-32;100
22,5;-31,5;100
22,5;-31;100
22,5;-30,5;100
22,5;-30;100
22,5;-29,5;100
22,5;-29;100
22,5;-28,5;100
22,5;-28;100
22,5;-27,5;100
22,5;-27;100
22,5;-26,5;100
22,5;-26;100
22,5;-25,5;100
22,5;-25;100
22,5;-24,5;100
22,5;-24;100
22,5;-23,5;100
22,5;-23;100
22,5;-22,5;100
22,5;-22;100
22,5;-21,5;100
22,5;-21;100
22,5;-20,5;100
22,5;-20;100
22,5;-19,5;100
22,5;-19;100
22,5;-18,5;100
22,5;-18;100
22,5;-17,5;100
22,5;-17;100
22,5;-16,5;100
22,5;-16;100
22,5;-15,5;100
22,5;-15;100
22,5;-14,5;100
22,5;-14;100
22,5;-13,5;100
22,5;-13;100
22,5;-12,5;100
22,5;-12;100
22,5;-11,5;100
22,5;-11;100
22,5;-10,5;100
22,5;-10;100
22,5;-9,5;100
22,5;-9;100
22,5;-8,5;100
22,5;-8;100
22,5;-7,5;100
22,5;-7;100
22,5;-6,5;100
22,5;-6;100
22,5;-5,5;100
22,5;-5;100
22,5;-4,5;100
22,5;-4;100
22,5;-3,5;100
22,5;-3;100
22,5;-2,5;100
22,5;-2;100
22,5;-1,5;100
22,5;-1;100
22,5;-0,5;100
22,5;0;60
22,5;0,5;0
22,5;1;0
22,5;1,5;0
22,5;2;12
22,5;2,5;48
22,5;3;32
22,5;3,5;16
22,5;4;68
22,5;4,5;16
22,5;5;0
22,5;5,5;0
22,5;6;0
22,5;6,5;0
22,5;7;0
22,5;7,5;0
22,5;8;20
22,5;8,5;60
22,5;9;68
22,5;9,5;24
22,5;10;32
22,5;10,5;88
22,5;11;100
22,5;11,5;100
22,5;12;100
22,5;12,5;100
22,5;13;100
22,5;13,5;100
22,5;14;100
22,5;14,5;100
22,5;15;88
22,5;15,5;64
22,5;16;64
22,5;16,5;68
22,5;17;92
22,5;17,5;44
22,5;18;92
22,5;18,5;100
22,5;19;100
22,5;19,5;100
22,5;20;100
22,5;20,5;100
22,5;21;100
22,5;21,5;100
22,5;22;100
22,5;22,5;100
22,5;23;60
23;-77;44
23;-76,5;8
23;-76;16
23;-75,5;72
23;-75;88
23;-74,5;100
23;-74;88
23;-73,5;100
23;-73;96
23;-72,5;88
23;-72;56
23;-71,5;96
23;-71;96
23;-70,5;100
23;-70;84
23;-69,5;84
23;-69;100
23;-68,5;100
23;-68;100
23;-67,5;100
23;-67;100
23;-66,5;100
23;-66;100
23;-65,5;100
23;-65;100
23;-64,5;100
23;-64;96
23;-63,5;100
23;-63;88
23;-62,5;52
23;-62;36
23;-61,5;52
23;-61;8
23;-60,5;48
23;-60;12
23;-59,5;52
23;-59;80
23;-58,5;64
23;-58;8
23;-57,5;0
23;-57;0
23;-56,5;0
23;-56;0
23;-55,5;0
23;-55;0
23;-54,5;0
23;-54;0
23;-53,5;0
23;-53;0
23;-52,5;0
23;-52;4
23;-51,5;20
23;-51;20
23;-50,5;20
23;-50;64
23;-49,5;100
23;-49;100
23;-48,5;100
23;-48;100
23;-47,5;100
23;-47;100
23;-46,5;100
23;-46;100
23;-45,5;100
23;-45;100
23;-44,5;100
23;-44;100
23;-43,5;100
23;-43;100
23;-42,5;100
23;-42;100
23;-41,5;100
23;-41;100
23;-40,5;100
23;-40;100
23;-39,5;100
23;-39;100
23;-38,5;100
23;-38;100
23;-37,5;100
23;-37;100
23;-36,5;100
23;-36;96
23;-35,5;96
23;-35;100
23;-34,5;100
23;-34;100
23;-33,5;96
23;-33;100
23;-32,5;80
23;-32;100
23;-31,5;100
23;-31;100
23;-30,5;100
23;-30;100
23;-29,5;100
23;-29;100
23;-28,5;100
23;-28;100
23;-27,5;100
23;-27;100
23;-26,5;100
23;-26;100
23;-25,5;100
23;-25;100
23;-24,5;100
23;-24;100
23;-23,5;100
23;-23;100
23;-22,5;100
23;-22;100
23;-21,5;100
23;-21;100
23;-20,5;100
23;-20;100
23;-19,5;100
23;-19;100
23;-18,5;100
23;-18;100
23;-17,5;100
23;-17;100
23;-16,5;100
23;-16;100
23;-15,5;100
23;-15;100
23;-14,5;100
23;-14;100
23;-13,5;100
23;-13;100
23;-12,5;100
23;-12;100
23;-11,5;100
23;-11;100
23;-10,5;100
23;-10;100
23;-9,5;100
23;-9;100
23;-8,5;100
23;-8;100
23;-7,5;100
23;-7;100
23;-6,5;100
23;-6;100
23;-5,5;100
23;-5;100
23;-4,5;100
23;-4;100
23;-3,5;100
23;-3;100
23;-2,5;100
23;-2;100
23;-1,5;100
23;-1;100
23;-0,5;100
23;0;64
23;0,5;0
23;1;8
23;1,5;48
23;2;80
23;2,5;100
23;3;100
23;3,5;100
23;4;100
23;4,5;8
23;5;0
23;5,5;0
23;6;0
23;6,5;0
23;7;0
23;7,5;0
23;8;0
23;8,5;0
23;9;20
23;9,5;68
23;10;4
23;10,5;4
23;11;88
23;11,5;100
23;12;100
23;12,5;100
23;13;100
23;13,5;100
23;14;100
23;14,5;100
23;15;100
23;15,5;88
23;16;84
23;16,5;88
23;17;96
23;17,5;88
23;18;76
23;18,5;100
23;19;96
23;19,5;100
23;20;100
23;20,5;100
23;21;100
23;21,5;100
23;22;100
23;22,5;100
23;23;60
23,5;-77;0
23,5;-76,5;4
23,5;-76;36
23,5;-75,5;76
23,5;-75;100
23,5;-74,5;100
23,5;-74;96
23,5;-73,5;88
23,5;-73;92
23,5;-72,5;80
23,5;-72;76
23,5;-71,5;96
23,5;-71;92
23,5;-70,5;100
23,5;-70;100
23,5;-69,5;100
23,5;-69;100
23,5;-68,5;100
23,5;-68;100
23,5;-67,5;100
23,5;-67;100
23,5;-66,5;100
23,5;-66;100
23,5;-65,5;100
23,5;-65;100
23,5;-64,5;100
23,5;-64;100
23,5;-63,5;96
23,5;-63;68
23,5;-62,5;88
23,5;-62;88
23,5;-61,5;32
23,5;-61;48
23,5;-60,5;44
23,5;-60;84
23,5;-59,5;88
23,5;-59;68
23,5;-58,5;60
23,5;-58;0
23,5;-57,5;0
23,5;-57;0
23,5;-56,5;0
23,5;-56;0
23,5;-55,5;0
23,5;-55;0
23,5;-54,5;0
23,5;-54;0
23,5;-53,5;0
23,5;-53;0
23,5;-52,5;0
23,5;-52;28
23,5;-51,5;100
23,5;-51;100
23,5;-50,5;96
23,5;-50;100
23,5;-49,5;100
23,5;-49;100
23,5;-48,5;100
23,5;-48;100
23,5;-47,5;100
23,5;-47;100
23,5;-46,5;100
23,5;-46;100
23,5;-45,5;100
23,5;-45;100
23,5;-44,5;100
23,5;-44;100
23,5;-43,5;100
23,5;-43;96
23,5;-42,5;96
23,5;-42;100
23,5;-41,5;100
23,5;-41;100
23,5;-40,5;100
23,5;-40;100
23,5;-39,5;100
23,5;-39;100
23,5;-38,5;100
23,5;-38;100
23,5;-37,5;100
23,5;-37;100
23,5;-36,5;100
23,5;-36;100
23,5;-35,5;100
23,5;-35;100
23,5;-34,5;100
23,5;-34;100
23,5;-33,5;68
23,5;-33;100
23,5;-32,5;100
23,5;-32;100
23,5;-31,5;100
23,5;-31;100
23,5;-30,5;100
23,5;-30;100
23,5;-29,5;100
23,5;-29;100
23,5;-28,5;100
23,5;-28;100
23,5;-27,5;100
23,5;-27;100
23,5;-26,5;100
23,5;-26;100
23,5;-25,5;100
23,5;-25;100
23,5;-24,5;100
23,5;-24;100
23,5;-23,5;100
23,5;-23;100
23,5;-22,5;100
23,5;-22;100
23,5;-21,5;100
23,5;-21;100
23,5;-20,5;100
23,5;-20;100
23,5;-19,5;100
23,5;-19;100
23,5;-18,5;100
23,5;-18;100
23,5;-17,5;100
23,5;-17;100
23,5;-16,5;100
23,5;-16;100
23,5;-15,5;100
23,5;-15;100
23,5;-14,5;100
23,5;-14;100
23,5;-13,5;100
23,5;-13;100
23,5;-12,5;100
23,5;-12;100
23,5;-11,5;100
23,5;-11;100
23,5;-10,5;100
23,5;-10;100
23,5;-9,5;100
23,5;-9;100
23,5;-8,5;100
23,5;-8;100
23,5;-7,5;100
23,5;-7;100
23,5;-6,5;100
23,5;-6;100
23,5;-5,5;100
23,5;-5;100
23,5;-4,5;100
23,5;-4;100
23,5;-3,5;100
23,5;-3;100
23,5;-2,5;100
23,5;-2;100
23,5;-1,5;100
23,5;-1;100
23,5;-0,5;60
23,5;0;36
23,5;0,5;4
23,5;1;80
23,5;1,5;100
23,5;2;100
23,5;2,5;100
23,5;3;100
23,5;3,5;100
23,5;4;88
23,5;4,5;72
23,5;5;20
23,5;5,5;16
23,5;6;8
23,5;6,5;0
23,5;7;0
23,5;7,5;16
23,5;8;20
23,5;8,5;0
23,5;9;64
23,5;9,5;92
23,5;10;28
23,5;10,5;68
23,5;11;100
23,5;11,5;76
23,5;12;92
23,5;12,5;100
23,5;13;100
23,5;13,5;100
23,5;14;100
23,5;14,5;100
23,5;15;100
23,5;15,5;76
23,5;16;36
23,5;16,5;76
23,5;17;96
23,5;17,5;96
23,5;18;96
23,5;18,5;88
23,5;19;100
23,5;19,5;100
23,5;20;100
23,5;20,5;100
23,5;21;100
23,5;21,5;100
23,5;22;100
23,5;22,5;100
23,5;23;60
24;-76,5;4
24;-76;24
24;-75,5;64
24;-75;100
24;-74,5;100
24;-74;92
24;-73,5;84
24;-73;88
24;-72,5;88
24;-72;48
24;-71,5;76
24;-71;64
24;-70,5;100
24;-70;100
24;-69,5;100
24;-69;100
24;-68,5;100
24;-68;100
24;-67,5;100
24;-67;100
24;-66,5;100
24;-66;100
24;-65,5;100
24;-65;100
24;-64,5;100
24;-64;100
24;-63,5;100
24;-63;96
24;-62,5;100
24;-62;100
24;-61,5;100
24;-61;100
24;-60,5;100
24;-60;100
24;-59,5;100
24;-59;100
24;-58,5;100
24;-58;32
24;-57,5;8
24;-57;0
24;-56,5;0
24;-56;0
24;-55,5;0
24;-55;0
24;-54,5;0
24;-54;0
24;-53,5;0
24;-53;0
24;-52,5;16
24;-52;92
24;-51,5;100
24;-51;100
24;-50,5;100
24;-50;100
24;-49,5;100
24;-49;100
24;-48,5;100
24;-48;100
24;-47,5;100
24;-47;100
24;-46,5;100
24;-46;100
24;-45,5;100
24;-45;100
24;-44,5;100
24;-44;100
24;-43,5;100
24;-43;100
24;-42,5;100
24;-42;100
24;-41,5;88
24;-41;100
24;-40,5;100
24;-40;100
24;-39,5;100
24;-39;100
24;-38,5;100
24;-38;100
24;-37,5;100
24;-37;100
24;-36,5;100
24;-36;100
24;-35,5;100
24;-35;100
24;-34,5;100
24;-34;100
24;-33,5;72
24;-33;100
24;-32,5;96
24;-32;100
24;-31,5;100
24;-31;100
24;-30,5;100
24;-30;100
24;-29,5;100
24;-29;100
24;-28,5;100
24;-28;100
24;-27,5;100
24;-27;100
24;-26,5;100
24;-26;100
24;-25,5;100
24;-25;100
24;-24,5;100
24;-24;100
24;-23,5;100
24;-23;96
24;-22,5;92
24;-22;100
24;-21,5;100
24;-21;100
24;-20,5;100
24;-20;100
24;-19,5;100
24;-19;100
24;-18,5;100
24;-18;100
24;-17,5;100
24;-17;100
24;-16,5;100
24;-16;100
24;-15,5;100
24;-15;100
24;-14,5;100
24;-14;100
24;-13,5;100
24;-13;100
24;-12,5;100
24;-12;100
24;-11,5;100
24;-11;100
24;-10,5;100
24;-10;100
24;-9,5;100
24;-9;100
24;-8,5;100
24;-8;100
24;-7,5;100
24;-7;100
24;-6,5;100
24;-6;100
24;-5,5;100
24;-5;100
24;-4,5;100
24;-4;100
24;-3,5;100
24;-3;96
24;-2,5;80
24;-2;80
24;-1,5;80
24;-1;72
24;-0,5;8
24;0;0
24;0,5;8
24;1;80
24;1,5;100
24;2;100
24;2,5;100
24;3;100
24;3,5;100
24;4;100
24;4,5;100
24;5;44
24;5,5;96
24;6;88
24;6,5;8
24;7;0
24;7,5;28
24;8;76
24;8,5;52
24;9;100
24;9,5;100
24;10;100
24;10,5;100
24;11;100
24;11,5;100
24;12;100
24;12,5;100
24;13;100
24;13,5;100
24;14;100
24;14,5;100
24;15;100
24;15,5;100
24;16;36
24;16,5;60
24;17;88
24;17,5;84
24;18;96
24;18,5;96
24;19;100
24;19,5;100
24;20;100
24;20,5;100
24;21;100
24;21,5;100
24;22;100
24;22,5;100
24;23;60
24,5;-76,5;0
24,5;-76;0
24,5;-75,5;44
24,5;-75;96
24,5;-74,5;100
24,5;-74;96
24,5;-73,5;84
24,5;-73;92
24,5;-72,5;60
24,5;-72;92
24,5;-71,5;84
24,5;-71;64
24,5;-70,5;52
24,5;-70;92
24,5;-69,5;100
24,5;-69;100
24,5;-68,5;100
24,5;-68;100
24,5;-67,5;100
24,5;-67;100
24,5;-66,5;100
24,5;-66;100
24,5;-65,5;100
24,5;-65;100
24,5;-64,5;100
24,5;-64;100
24,5;-63,5;100
24,5;-63;100
24,5;-62,5;100
24,5;-62;100
24,5;-61,5;100
24,5;-61;100
24,5;-60,5;100
24,5;-60;88
24,5;-59,5;100
24,5;-59;100
24,5;-58,5;100
24,5;-58;100
24,5;-57,5;100
24,5;-57;8
24,5;-56,5;0
24,5;-56;0
24,5;-55,5;0
24,5;-55;0
24,5;-54,5;0
24,5;-54;0
24,5;-53,5;0
24,5;-53;0
24,5;-52,5;0
24,5;-52;92
24,5;-51,5;100
24,5;-51;100
24,5;-50,5;100
24,5;-50;100
24,5;-49,5;100
24,5;-49;100
24,5;-48,5;100
24,5;-48;100
24,5;-47,5;100
24,5;-47;100
24,5;-46,5;100
24,5;-46;100
24,5;-45,5;100
24,5;-45;100
24,5;-44,5;100
24,5;-44;100
24,5;-43,5;100
24,5;-43;100
24,5;-42,5;100
24,5;-42;100
24,5;-41,5;96
24,5;-41;100
24,5;-40,5;100
24,5;-40;100
24,5;-39,5;100
24,5;-39;100
24,5;-38,5;100
24,5;-38;100
24,5;-37,5;100
24,5;-37;100
24,5;-36,5;100
24,5;-36;100
24,5;-35,5;100
24,5;-35;100
24,5;-34,5;100
24,5;-34;100
24,5;-33,5;100
24,5;-33;92
24,5;-32,5;100
24,5;-32;100
24,5;-31,5;100
24,5;-31;100
24,5;-30,5;100
24,5;-30;100
24,5;-29,5;100
24,5;-29;100
24,5;-28,5;100
24,5;-28;100
24,5;-27,5;100
24,5;-27;100
24,5;-26,5;100
24,5;-26;100
24,5;-25,5;100
24,5;-25;100
24,5;-24,5;100
24,5;-24;100
24,5;-23,5;100
24,5;-23;100
24,5;-22,5;60
24,5;-22;60
24,5;-21,5;8
24,5;-21;76
24,5;-20,5;100
24,5;-20;100
24,5;-19,5;100
24,5;-19;100
24,5;-18,5;100
24,5;-18;100
24,5;-17,5;100
24,5;-17;100
24,5;-16,5;100
24,5;-16;100
24,5;-15,5;100
24,5;-15;100
24,5;-14,5;100
24,5;-14;100
24,5;-13,5;100
24,5;-13;100
24,5;-12,5;100
24,5;-12;100
24,5;-11,5;100
24,5;-11;100
24,5;-10,5;100
24,5;-10;100
24,5;-9,5;100
24,5;-9;100
24,5;-8,5;100
24,5;-8;100
24,5;-7,5;100
24,5;-7;100
24,5;-6,5;100
24,5;-6;100
24,5;-5,5;100
24,5;-5;68
24,5;-4,5;64
24,5;-4;52
24,5;-3,5;56
24,5;-3;36
24,5;-2,5;48
24,5;-2;4
24,5;-1,5;0
24,5;-1;0
24,5;-0,5;0
24,5;0;0
24,5;0,5;20
24,5;1;100
24,5;1,5;100
24,5;2;100
24,5;2,5;100
24,5;3;100
24,5;3,5;100
24,5;4;100
24,5;4,5;100
24,5;5;96
24,5;5,5;92
24,5;6;92
24,5;6,5;24
24,5;7;56
24,5;7,5;56
24,5;8;100
24,5;8,5;100
24,5;9;100
24,5;9,5;100
24,5;10;100
24,5;10,5;100
24,5;11;100
24,5;11,5;100
24,5;12;100
24,5;12,5;100
24,5;13;100
24,5;13,5;100
24,5;14;100
24,5;14,5;100
24,5;15;96
24,5;15,5;100
24,5;16;96
24,5;16,5;44
24,5;17;64
24,5;17,5;76
24,5;18;92
24,5;18,5;96
24,5;19;100
24,5;19,5;100
24,5;20;100
24,5;20,5;100
24,5;21;100
24,5;21,5;100
24,5;22;100
24,5;22,5;100
24,5;23;68
25;-76,5;0
25;-76;0
25;-75,5;52
25;-75;100
25;-74,5;92
25;-74;96
25;-73,5;92
25;-73;88
25;-72,5;76
25;-72;84
25;-71,5;96
25;-71;100
25;-70,5;88
25;-70;96
25;-69,5;100
25;-69;100
25;-68,5;96
25;-68;100
25;-67,5;100
25;-67;100
25;-66,5;100
25;-66;100
25;-65,5;100
25;-65;100
25;-64,5;100
25;-64;100
25;-63,5;100
25;-63;100
25;-62,5;100
25;-62;100
25;-61,5;100
25;-61;100
25;-60,5;100
25;-60;100
25;-59,5;100
25;-59;100
25;-58,5;100
25;-58;100
25;-57,5;96
25;-57;44
25;-56,5;0
25;-56;0
25;-55,5;0
25;-55;0
25;-54,5;0
25;-54;0
25;-53,5;0
25;-53;0
25;-52,5;44
25;-52;100
25;-51,5;100
25;-51;100
25;-50,5;100
25;-50;100
25;-49,5;100
25;-49;100
25;-48,5;100
25;-48;100
25;-47,5;100
25;-47;100
25;-46,5;100
25;-46;100
25;-45,5;100
25;-45;100
25;-44,5;100
25;-44;100
25;-43,5;100
25;-43;100
25;-42,5;100
25;-42;100
25;-41,5;100
25;-41;100
25;-40,5;100
25;-40;100
25;-39,5;100
25;-39;100
25;-38,5;100
25;-38;100
25;-37,5;100
25;-37;100
25;-36,5;100
25;-36;100
25;-35,5;100
25;-35;100
25;-34,5;100
25;-34;100
25;-33,5;100
25;-33;84
25;-32,5;84
25;-32;100
25;-31,5;100
25;-31;100
25;-30,5;100
25;-30;100
25;-29,5;100
25;-29;100
25;-28,5;100
25;-28;100
25;-27,5;100
25;-27;100
25;-26,5;100
25;-26;100
25;-25,5;100
25;-25;100
25;-24,5;100
25;-24;100
25;-23,5;100
25;-23;72
25;-22,5;4
25;-22;44
25;-21,5;36
25;-21;84
25;-20,5;96
25;-20;88
25;-19,5;100
25;-19;100
25;-18,5;100
25;-18;100
25;-17,5;100
25;-17;100
25;-16,5;100
25;-16;100
25;-15,5;100
25;-15;100
25;-14,5;100
25;-14;100
25;-13,5;100
25;-13;100
25;-12,5;100
25;-12;100
25;-11,5;100
25;-11;100
25;-10,5;100
25;-10;100
25;-9,5;100
25;-9;100
25;-8,5;100
25;-8;100
25;-7,5;100
25;-7;96
25;-6,5;96
25;-6;64
25;-5,5;48
25;-5;8
25;-4,5;0
25;-4;0
25;-3,5;0
25;-3;0
25;-2,5;0
25;-2;0
25;-1,5;0
25;-1;0
25;-0,5;0
25;0;20
25;0,5;96
25;1;100
25;1,5;100
25;2;100
25;2,5;100
25;3;100
25;3,5;100
25;4;100
25;4,5;100
25;5;100
25;5,5;100
25;6;100
25;6,5;100
25;7;100
25;7,5;100
25;8;100
25;8,5;100
25;9;100
25;9,5;100
25;10;100
25;10,5;100
25;11;100
25;11,5;100
25;12;100
25;12,5;100
25;13;96
25;13,5;76
25;14;96
25;14,5;96
25;15;100
25;15,5;68
25;16;88
25;16,5;92
25;17;76
25;17,5;80
25;18;92
25;18,5;100
25;19;100
25;19,5;100
25;20;100
25;20,5;100
25;21;100
25;21,5;100
25;22;100
25;22,5;100
25;23;80
25,5;-77;4
25,5;-76;0
25,5;-75,5;48
25,5;-75;72
25,5;-74,5;92
25,5;-74;100
25,5;-73,5;92
25,5;-73;44
25,5;-72,5;80
25,5;-72;96
25,5;-71,5;96
25,5;-71;84
25,5;-70,5;68
25,5;-70;84
25,5;-69,5;92
25,5;-69;100
25,5;-68,5;100
25,5;-68;100
25,5;-67,5;100
25,5;-67;100
25,5;-66,5;100
25,5;-66;100
25,5;-65,5;100
25,5;-65;100
25,5;-64,5;100
25,5;-64;100
25,5;-63,5;100
25,5;-63;100
25,5;-62,5;100
25,5;-62;100
25,5;-61,5;100
25,5;-61;100
25,5;-60,5;100
25,5;-60;100
25,5;-59,5;100
25,5;-59;100
25,5;-58,5;100
25,5;-58;100
25,5;-57,5;100
25,5;-57;100
25,5;-56,5;72
25,5;-56;12
25,5;-55,5;44
25,5;-55;8
25,5;-54,5;0
25,5;-54;0
25,5;-53,5;0
25,5;-53;0
25,5;-52,5;64
25,5;-52;100
25,5;-51,5;100
25,5;-51;100
25,5;-50,5;100
25,5;-50;100
25,5;-49,5;100
25,5;-49;100
25,5;-48,5;100
25,5;-48;100
25,5;-47,5;100
25,5;-47;100
25,5;-46,5;100
25,5;-46;100
25,5;-45,5;100
25,5;-45;100
25,5;-44,5;100
25,5;-44;100
25,5;-43,5;100
25,5;-43;96
25,5;-42,5;96
25,5;-42;100
25,5;-41,5;100
25,5;-41;100
25,5;-40,5;100
25,5;-40;100
25,5;-39,5;100
25,5;-39;100
25,5;-38,5;100
25,5;-38;100
25,5;-37,5;100
25,5;-37;100
25,5;-36,5;100
25,5;-36;100
25,5;-35,5;100
25,5;-35;100
25,5;-34,5;100
25,5;-34;100
25,5;-33,5;100
25,5;-33;72
25,5;-32,5;100
25,5;-32;100
25,5;-31,5;100
25,5;-31;100
25,5;-30,5;100
25,5;-30;100
25,5;-29,5;100
25,5;-29;100
25,5;-28,5;100
25,5;-28;100
25,5;-27,5;100
25,5;-27;100
25,5;-26,5;100
25,5;-26;100
25,5;-25,5;100
25,5;-25;100
25,5;-24,5;100
25,5;-24;100
25,5;-23,5;100
25,5;-23;96
25,5;-22,5;72
25,5;-22;100
25,5;-21,5;80
25,5;-21;100
25,5;-20,5;100
25,5;-20;88
25,5;-19,5;100
25,5;-19;100
25,5;-18,5;100
25,5;-18;100
25,5;-17,5;100
25,5;-17;100
25,5;-16,5;100
25,5;-16;100
25,5;-15,5;100
25,5;-15;100
25,5;-14,5;100
25,5;-14;100
25,5;-13,5;100
25,5;-13;100
25,5;-12,5;100
25,5;-12;100
25,5;-11,5;100
25,5;-11;100
25,5;-10,5;100
25,5;-10;100
25,5;-9,5;100
25,5;-9;100
25,5;-8,5;100
25,5;-8;100
25,5;-7,5;68
25,5;-7;4
25,5;-6,5;20
25,5;-6;0
25,5;-5,5;0
25,5;-5;0
25,5;-4,5;0
25,5;-4;0
25,5;-3,5;0
25,5;-3;0
25,5;-2,5;0
25,5;-2;0
25,5;-1,5;16
25,5;-1;0
25,5;-0,5;8
25,5;0;96
25,5;0,5;100
25,5;1;100
25,5;1,5;100
25,5;2;100
25,5;2,5;100
25,5;3;100
25,5;3,5;100
25,5;4;100
25,5;4,5;100
25,5;5;100
25,5;5,5;100
25,5;6;100
25,5;6,5;100
25,5;7;100
25,5;7,5;100
25,5;8;100
25,5;8,5;100
25,5;9;100
25,5;9,5;100
25,5;10;100
25,5;10,5;100
25,5;11;100
25,5;11,5;100
25,5;12;100
25,5;12,5;96
25,5;13;72
25,5;13,5;32
25,5;14;4
25,5;14,5;16
25,5;15;48
25,5;15,5;72
25,5;16;80
25,5;16,5;64
25,5;17;48
25,5;17,5;44
25,5;18;60
25,5;18,5;100
25,5;19;100
25,5;19,5;100
25,5;20;100
25,5;20,5;100
25,5;21;100
25,5;21,5;100
25,5;22;100
25,5;22,5;100
25,5;23;80
26;-77;32
26;-76,5;0
26;-76;0
26;-75,5;12
26;-75;60
26;-74,5;92
26;-74;100
26;-73,5;68
26;-73;32
26;-72,5;80
26;-72;84
26;-71,5;76
26;-71;64
26;-70,5;96
26;-70;80
26;-69,5;100
26;-69;100
26;-68,5;100
26;-68;100
26;-67,5;100
26;-67;100
26;-66,5;100
26;-66;100
26;-65,5;100
26;-65;100
26;-64,5;100
26;-64;100
26;-63,5;100
26;-63;100
26;-62,5;100
26;-62;100
26;-61,5;100
26;-61;100
26;-60,5;100
26;-60;100
26;-59,5;100
26;-59;100
26;-58,5;100
26;-58;100
26;-57,5;100
26;-57;100
26;-56,5;100
26;-56;68
26;-55,5;100
26;-55;68
26;-54,5;0
26;-54;0
26;-53,5;8
26;-53;52
26;-52,5;100
26;-52;100
26;-51,5;100
26;-51;100
26;-50,5;100
26;-50;100
26;-49,5;100
26;-49;100
26;-48,5;100
26;-48;100
26;-47,5;100
26;-47;100
26;-46,5;100
26;-46;100
26;-45,5;100
26;-45;100
26;-44,5;100
26;-44;100
26;-43,5;100
26;-43;100
26;-42,5;100
26;-42;100
26;-41,5;100
26;-41;100
26;-40,5;100
26;-40;100
26;-39,5;100
26;-39;100
26;-38,5;100
26;-38;100
26;-37,5;100
26;-37;100
26;-36,5;100
26;-36;100
26;-35,5;100
26;-35;100
26;-34,5;100
26;-34;100
26;-33,5;100
26;-33;96
26;-32,5;68
26;-32;100
26;-31,5;100
26;-31;100
26;-30,5;100
26;-30;100
26;-29,5;100
26;-29;100
26;-28,5;100
26;-28;100
26;-27,5;100
26;-27;100
26;-26,5;100
26;-26;100
26;-25,5;100
26;-25;100
26;-24,5;100
26;-24;100
26;-23,5;100
26;-23;100
26;-22,5;100
26;-22;100
26;-21,5;100
26;-21;96
26;-20,5;96
26;-20;100
26;-19,5;100
26;-19;100
26;-18,5;100
26;-18;100
26;-17,5;100
26;-17;100
26;-16,5;100
26;-16;100
26;-15,5;100
26;-15;100
26;-14,5;100
26;-14;100
26;-13,5;100
26;-13;100
26;-12,5;100
26;-12;100
26;-11,5;100
26;-11;100
26;-10,5;100
26;-10;100
26;-9,5;100
26;-9;100
26;-8,5;64
26;-8;12
26;-7,5;4
26;-7;0
26;-6,5;0
26;-6;0
26;-5,5;0
26;-5;0
26;-4,5;0
26;-4;0
26;-3,5;0
26;-3;0
26;-2,5;56
26;-2;76
26;-1,5;84
26;-1;4
26;-0,5;80
26;0;100
26;0,5;100
26;1;100
26;1,5;100
26;2;100
26;2,5;100
26;3;100
26;3,5;100
26;4;100
26;4,5;100
26;5;100
26;5,5;100
26;6;100
26;6,5;100
26;7;100
26;7,5;100
26;8;100
26;8,5;100
26;9;100
26;9,5;100
26;10;100
26;10,5;100
26;11;100
26;11,5;100
26;12;96
26;12,5;100
26;13;96
26;13,5;44
26;14;0
26;14,5;0
26;15;16
26;15,5;76
26;16;92
26;16,5;24
26;17;12
26;17,5;36
26;18;84
26;18,5;96
26;19;100
26;19,5;100
26;20;100
26;20,5;100
26;21;100
26;21,5;100
26;22;100
26;22,5;100
26;23;80
26,5;-77;24
26,5;-76,5;4
26,5;-76;0
26,5;-75,5;16
26,5;-75;4
26,5;-74,5;36
26,5;-74;56
26,5;-73,5;8
26,5;-73;28
26,5;-72,5;84
26,5;-72;64
26,5;-71,5;84
26,5;-71;88
26,5;-70,5;52
26,5;-70;88
26,5;-69,5;100
26,5;-69;100
26,5;-68,5;100
26,5;-68;100
26,5;-67,5;100
26,5;-67;100
26,5;-66,5;100
26,5;-66;100
26,5;-65,5;100
26,5;-65;100
26,5;-64,5;100
26,5;-64;100
26,5;-63,5;100
26,5;-63;100
26,5;-62,5;100
26,5;-62;100
26,5;-61,5;100
26,5;-61;100
26,5;-60,5;100
26,5;-60;100
26,5;-59,5;100
26,5;-59;100
26,5;-58,5;100
26,5;-58;100
26,5;-57,5;100
26,5;-57;100
26,5;-56,5;100
26,5;-56;92
26,5;-55,5;100
26,5;-55;100
26,5;-54,5;28
26,5;-54;48
26,5;-53,5;100
26,5;-53;100
26,5;-52,5;100
26,5;-52;100
26,5;-51,5;100
26,5;-51;100
26,5;-50,5;100
26,5;-50;100
26,5;-49,5;100
26,5;-49;100
26,5;-48,5;100
26,5;-48;100
26,5;-47,5;100
26,5;-47;100
26,5;-46,5;100
26,5;-46;100
26,5;-45,5;100
26,5;-45;100
26,5;-44,5;100
26,5;-44;100
26,5;-43,5;100
26,5;-43;100
26,5;-42,5;100
26,5;-42;100
26,5;-41,5;100
26,5;-41;100
26,5;-40,5;100
26,5;-40;100
26,5;-39,5;100
26,5;-39;100
26,5;-38,5;100
26,5;-38;100
26,5;-37,5;100
26,5;-37;100
26,5;-36,5;100
26,5;-36;100
26,5;-35,5;100
26,5;-35;100
26,5;-34,5;100
26,5;-34;100
26,5;-33,5;100
26,5;-33;100
26,5;-32,5;100
26,5;-32;100
26,5;-31,5;100
26,5;-31;100
26,5;-30,5;100
26,5;-30;100
26,5;-29,5;100
26,5;-29;100
26,5;-28,5;100
26,5;-28;100
26,5;-27,5;100
26,5;-27;100
26,5;-26,5;100
26,5;-26;100
26,5;-25,5;100
26,5;-25;100
26,5;-24,5;100
26,5;-24;100
26,5;-23,5;100
26,5;-23;100
26,5;-22,5;100
26,5;-22;100
26,5;-21,5;100
26,5;-21;100
26,5;-20,5;100
26,5;-20;100
26,5;-19,5;100
26,5;-19;100
26,5;-18,5;100
26,5;-18;100
26,5;-17,5;100
26,5;-17;100
26,5;-16,5;100
26,5;-16;100
26,5;-15,5;100
26,5;-15;100
26,5;-14,5;100
26,5;-14;100
26,5;-13,5;100
26,5;-13;100
26,5;-12,5;100
26,5;-12;100
26,5;-11,5;100
26,5;-11;100
26,5;-10,5;100
26,5;-10;92
26,5;-9,5;88
26,5;-9;72
26,5;-8,5;32
26,5;-8;0
26,5;-7,5;0
26,5;-7;0
26,5;-6,5;0
26,5;-6;0
26,5;-5,5;0
26,5;-5;0
26,5;-4,5;0
26,5;-4;0
26,5;-3,5;0
26,5;-3;32
26,5;-2,5;100
26,5;-2;100
26,5;-1,5;100
26,5;-1;88
26,5;-0,5;100
26,5;0;100
26,5;0,5;100
26,5;1;100
26,5;1,5;100
26,5;2;100
26,5;2,5;100
26,5;3;100
26,5;3,5;100
26,5;4;100
26,5;4,5;100
26,5;5;100
26,5;5,5;100
26,5;6;100
26,5;6,5;100
26,5;7;100
26,5;7,5;100
26,5;8;100
26,5;8,5;100
26,5;9;100
26,5;9,5;100
26,5;10;100
26,5;10,5;100
26,5;11;100
26,5;11,5;100
26,5;12;100
26,5;12,5;96
26,5;13;96
26,5;13,5;96
26,5;14;4
26,5;14,5;0
26,5;15;16
26,5;15,5;88
26,5;16;72
26,5;16,5;16
26,5;17;40
26,5;17,5;100
26,5;18;96
26,5;18,5;96
26,5;19;100
26,5;19,5;96
26,5;20;96
26,5;20,5;100
26,5;21;100
26,5;21,5;96
26,5;22;100
26,5;22,5;100
26,5;23;80
27;-77;64
27;-76,5;4
27;-76;4
27;-75,5;32
27;-75;0
27;-74,5;8
27;-74;4
27;-73,5;28
27;-73;20
27;-72,5;68
27;-72;56
27;-71,5;56
27;-71;64
27;-70,5;88
27;-70;96
27;-69,5;100
27;-69;100
27;-68,5;100
27;-68;100
27;-67,5;100
27;-67;100
27;-66,5;100
27;-66;100
27;-65,5;100
27;-65;100
27;-64,5;100
27;-64;100
27;-63,5;100
27;-63;100
27;-62,5;100
27;-62;100
27;-61,5;100
27;-61;100
27;-60,5;100
27;-60;100
27;-59,5;100
27;-59;100
27;-58,5;100
27;-58;100
27;-57,5;100
27;-57;100
27;-56,5;100
27;-56;100
27;-55,5;100
27;-55;100
27;-54,5;84
27;-54;100
27;-53,5;100
27;-53;100
27;-52,5;100
27;-52;100
27;-51,5;100
27;-51;100
27;-50,5;100
27;-50;100
27;-49,5;100
27;-49;100
27;-48,5;100
27;-48;100
27;-47,5;100
27;-47;100
27;-46,5;100
27;-46;100
27;-45,5;100
27;-45;100
27;-44,5;100
27;-44;100
27;-43,5;100
27;-43;100
27;-42,5;100
27;-42;100
27;-41,5;100
27;-41;100
27;-40,5;100
27;-40;100
27;-39,5;100
27;-39;100
27;-38,5;100
27;-38;100
27;-37,5;100
27;-37;100
27;-36,5;100
27;-36;100
27;-35,5;100
27;-35;100
27;-34,5;100
27;-34;100
27;-33,5;100
27;-33;100
27;-32,5;100
27;-32;100
27;-31,5;100
27;-31;100
27;-30,5;100
27;-30;100
27;-29,5;100
27;-29;100
27;-28,5;100
27;-28;100
27;-27,5;100
27;-27;100
27;-26,5;100
27;-26;100
27;-25,5;100
27;-25;100
27;-24,5;100
27;-24;100
27;-23,5;100
27;-23;100
27;-22,5;100
27;-22;100
27;-21,5;100
27;-21;100
27;-20,5;100
27;-20;100
27;-19,5;100
27;-19;100
27;-18,5;100
27;-18;100
27;-17,5;100
27;-17;100
27;-16,5;100
27;-16;100
27;-15,5;100
27;-15;100
27;-14,5;100
27;-14;100
27;-13,5;100
27;-13;100
27;-12,5;100
27;-12;100
27;-11,5;100
27;-11;100
27;-10,5;100
27;-10;44
27;-9,5;4
27;-9;0
27;-8,5;0
27;-8;0
27;-7,5;0
27;-7;0
27;-6,5;0
27;-6;0
27;-5,5;0
27;-5;0
27;-4,5;0
27;-4;0
27;-3,5;0
27;-3;28
27;-2,5;100
27;-2;100
27;-1,5;100
27;-1;100
27;-0,5;100
27;0;100
27;0,5;100
27;1;100
27;1,5;100
27;2;100
27;2,5;100
27;3;100
27;3,5;100
27;4;100
27;4,5;100
27;5;100
27;5,5;100
27;6;100
27;6,5;100
27;7;100
27;7,5;100
27;8;100
27;8,5;100
27;9;100
27;9,5;100
27;10;100
27;10,5;100
27;11;100
27;11,5;100
27;12;100
27;12,5;88
27;13;32
27;13,5;68
27;14;8
27;14,5;0
27;15;0
27;15,5;0
27;16;0
27;16,5;0
27;17;24
27;17,5;92
27;18;100
27;18,5;100
27;19;100
27;19,5;100
27;20;100
27;20,5;100
27;21;100
27;21,5;100
27;22;100
27;22,5;100
27;23;80
27,5;-77;60
27,5;-76,5;36
27,5;-76;4
27,5;-75,5;4
27,5;-75;48
27,5;-74,5;72
27,5;-74;64
27,5;-73,5;36
27,5;-73;20
27,5;-72,5;60
27,5;-72;84
27,5;-71,5;52
27,5;-71;84
27,5;-70,5;100
27,5;-70;96
27,5;-69,5;100
27,5;-69;100
27,5;-68,5;100
27,5;-68;100
27,5;-67,5;100
27,5;-67;100
27,5;-66,5;100
27,5;-66;100
27,5;-65,5;100
27,5;-65;100
27,5;-64,5;100
27,5;-64;96
27,5;-63,5;100
27,5;-63;100
27,5;-62,5;100
27,5;-62;100
27,5;-61,5;100
27,5;-61;100
27,5;-60,5;100
27,5;-60;100
27,5;-59,5;100
27,5;-59;100
27,5;-58,5;100
27,5;-58;100
27,5;-57,5;100
27,5;-57;100
27,5;-56,5;100
27,5;-56;100
27,5;-55,5;100
27,5;-55;100
27,5;-54,5;100
27,5;-54;100
27,5;-53,5;100
27,5;-53;100
27,5;-52,5;100
27,5;-52;100
27,5;-51,5;100
27,5;-51;100
27,5;-50,5;100
27,5;-50;100
27,5;-49,5;100
27,5;-49;100
27,5;-48,5;100
27,5;-48;100
27,5;-47,5;100
27,5;-47;100
27,5;-46,5;100
27,5;-46;100
27,5;-45,5;100
27,5;-45;100
27,5;-44,5;100
27,5;-44;100
27,5;-43,5;100
27,5;-43;100
27,5;-42,5;100
27,5;-42;100
27,5;-41,5;100
27,5;-41;100
27,5;-40,5;100
27,5;-40;100
27,5;-39,5;100
27,5;-39;100
27,5;-38,5;100
27,5;-38;100
27,5;-37,5;100
27,5;-37;100
27,5;-36,5;100
27,5;-36;100
27,5;-35,5;100
27,5;-35;100
27,5;-34,5;100
27,5;-34;100
27,5;-33,5;100
27,5;-33;100
27,5;-32,5;100
27,5;-32;100
27,5;-31,5;100
27,5;-31;100
27,5;-30,5;100
27,5;-30;100
27,5;-29,5;100
27,5;-29;100
27,5;-28,5;100
27,5;-28;100
27,5;-27,5;100
27,5;-27;100
27,5;-26,5;100
27,5;-26;100
27,5;-25,5;100
27,5;-25;100
27,5;-24,5;100
27,5;-24;100
27,5;-23,5;100
27,5;-23;100
27,5;-22,5;100
27,5;-22;100
27,5;-21,5;100
27,5;-21;100
27,5;-20,5;100
27,5;-20;100
27,5;-19,5;100
27,5;-19;100
27,5;-18,5;100
27,5;-18;100
27,5;-17,5;100
27,5;-17;100
27,5;-16,5;100
27,5;-16;100
27,5;-15,5;100
27,5;-15;100
27,5;-14,5;100
27,5;-14;100
27,5;-13,5;100
27,5;-13;100
27,5;-12,5;100
27,5;-12;100
27,5;-11,5;100
27,5;-11;92
27,5;-10,5;84
27,5;-10;44
27,5;-9,5;0
27,5;-9;0
27,5;-8,5;0
27,5;-8;0
27,5;-7,5;0
27,5;-7;0
27,5;-6,5;0
27,5;-6;0
27,5;-5,5;0
27,5;-5;0
27,5;-4,5;0
27,5;-4;0
27,5;-3,5;52
27,5;-3;100
27,5;-2,5;100
27,5;-2;100
27,5;-1,5;100
27,5;-1;100
27,5;-0,5;100
27,5;0;100
27,5;0,5;100
27,5;1;100
27,5;1,5;100
27,5;2;100
27,5;2,5;100
27,5;3;100
27,5;3,5;100
27,5;4;100
27,5;4,5;100
27,5;5;100
27,5;5,5;100
27,5;6;100
27,5;6,5;100
27,5;7;100
27,5;7,5;100
27,5;8;100
27,5;8,5;100
27,5;9;100
27,5;9,5;100
27,5;10;100
27,5;10,5;100
27,5;11;96
27,5;11,5;100
27,5;12;100
27,5;12,5;100
27,5;13;64
27,5;13,5;88
27,5;14;8
27,5;14,5;0
27,5;15;0
27,5;15,5;0
27,5;16;0
27,5;16,5;68
27,5;17;92
27,5;17,5;100
27,5;18;100
27,5;18,5;100
27,5;19;100
27,5;19,5;100
27,5;20;100
27,5;20,5;100
27,5;21;100
27,5;21,5;100
27,5;22;100
27,5;22,5;100
27,5;23;80
28;-77;64
28;-76,5;76
28;-76;28
28;-75,5;48
28;-75;88
28;-74,5;80
28;-74;100
28;-73,5;72
28;-73;28
28;-72,5;36
28;-72;16
28;-71,5;36
28;-71;84
28;-70,5;100
28;-70;100
28;-69,5;100
28;-69;100
28;-68,5;100
28;-68;100
28;-67,5;100
28;-67;100
28;-66,5;100
28;-66;100
28;-65,5;96
28;-65;100
28;-64,5;96
28;-64;96
28;-63,5;100
28;-63;100
28;-62,5;100
28;-62;100
28;-61,5;100
28;-61;100
28;-60,5;100
28;-60;100
28;-59,5;100
28;-59;100
28;-58,5;100
28;-58;100
28;-57,5;100
28;-57;100
28;-56,5;100
28;-56;100
28;-55,5;100
28;-55;100
28;-54,5;100
28;-54;100
28;-53,5;100
28;-53;100
28;-52,5;100
28;-52;100
28;-51,5;100
28;-51;100
28;-50,5;100
28;-50;100
28;-49,5;100
28;-49;100
28;-48,5;100
28;-48;100
28;-47,5;100
28;-47;100
28;-46,5;100
28;-46;100
28;-45,5;100
28;-45;100
28;-44,5;100
28;-44;100
28;-43,5;100
28;-43;100
28;-42,5;100
28;-42;100
28;-41,5;100
28;-41;100
28;-40,5;100
28;-40;100
28;-39,5;100
28;-39;100
28;-38,5;100
28;-38;100
28;-37,5;100
28;-37;100
28;-36,5;100
28;-36;100
28;-35,5;100
28;-35;100
28;-34,5;100
28;-34;100
28;-33,5;100
28;-33;100
28;-32,5;100
28;-32;100
28;-31,5;100
28;-31;100
28;-30,5;100
28;-30;100
28;-29,5;100
28;-29;100
28;-28,5;100
28;-28;100
28;-27,5;100
28;-27;100
28;-26,5;100
28;-26;100
28;-25,5;100
28;-25;100
28;-24,5;100
28;-24;100
28;-23,5;100
28;-23;100
28;-22,5;100
28;-22;100
28;-21,5;100
28;-21;100
28;-20,5;100
28;-20;100
28;-19,5;100
28;-19;100
28;-18,5;100
28;-18;100
28;-17,5;100
28;-17;100
28;-16,5;100
28;-16;100
28;-15,5;100
28;-15;100
28;-14,5;100
28;-14;100
28;-13,5;100
28;-13;100
28;-12,5;100
28;-12;100
28;-11,5;100
28;-11;64
28;-10,5;12
28;-10;0
28;-9,5;0
28;-9;0
28;-8,5;0
28;-8;0
28;-7,5;0
28;-7;0
28;-6,5;0
28;-6;0
28;-5,5;0
28;-5;0
28;-4,5;44
28;-4;40
28;-3,5;96
28;-3;100
28;-2,5;100
28;-2;100
28;-1,5;100
28;-1;100
28;-0,5;100
28;0;100
28;0,5;100
28;1;100
28;1,5;100
28;2;100
28;2,5;100
28;3;100
28;3,5;100
28;4;100
28;4,5;100
28;5;100
28;5,5;100
28;6;96
28;6,5;100
28;7;100
28;7,5;100
28;8;100
28;8,5;100
28;9;100
28;9,5;100
28;10;100
28;10,5;92
28;11;96
28;11,5;92
28;12;68
28;12,5;92
28;13;64
28;13,5;72
28;14;4
28;14,5;0
28;15,5;0
28;16;0
28;16,5;80
28;17;96
28;17,5;100
28;18;100
28;18,5;100
28;19;100
28;19,5;100
28;20;100
28;20,5;100
28;21;100
28;21,5;100
28;22;100
28;22,5;100
28;23;80
28,5;-77;68
28,5;-76,5;48
28,5;-76;28
28,5;-75,5;84
28,5;-75;56
28,5;-74,5;32
28,5;-74;80
28,5;-73,5;92
28,5;-73;68
28,5;-72,5;96
28,5;-72;48
28,5;-71,5;84
28,5;-71;100
28,5;-70,5;100
28,5;-70;100
28,5;-69,5;100
28,5;-69;100
28,5;-68,5;100
28,5;-68;96
28,5;-67,5;100
28,5;-67;96
28,5;-66,5;100
28,5;-66;100
28,5;-65,5;100
28,5;-65;100
28,5;-64,5;100
28,5;-64;100
28,5;-63,5;100
28,5;-63;100
28,5;-62,5;100
28,5;-62;100
28,5;-61,5;100
28,5;-61;100
28,5;-60,5;100
28,5;-60;100
28,5;-59,5;100
28,5;-59;100
28,5;-58,5;100
28,5;-58;100
28,5;-57,5;100
28,5;-57;100
28,5;-56,5;100
28,5;-56;100
28,5;-55,5;100
28,5;-55;100
28,5;-54,5;100
28,5;-54;100
28,5;-53,5;100
28,5;-53;100
28,5;-52,5;100
28,5;-52;100
28,5;-51,5;100
28,5;-51;100
28,5;-50,5;100
28,5;-50;100
28,5;-49,5;100
28,5;-49;100
28,5;-48,5;100
28,5;-48;100
28,5;-47,5;100
28,5;-47;100
28,5;-46,5;100
28,5;-46;100
28,5;-45,5;100
28,5;-45;100
28,5;-44,5;100
28,5;-44;100
28,5;-43,5;100
28,5;-43;100
28,5;-42,5;100
28,5;-42;100
28,5;-41,5;100
28,5;-41;100
28,5;-40,5;100
28,5;-40;100
28,5;-39,5;100
28,5;-39;100
28,5;-38,5;100
28,5;-38;100
28,5;-37,5;100
28,5;-37;100
28,5;-36,5;100
28,5;-36;100
28,5;-35,5;100
28,5;-35;100
28,5;-34,5;100
28,5;-34;100
28,5;-33,5;100
28,5;-33;100
28,5;-32,5;100
28,5;-32;100
28,5;-31,5;100
28,5;-31;100
28,5;-30,5;100
28,5;-30;100
28,5;-29,5;100
28,5;-29;100
28,5;-28,5;100
28,5;-28;100
28,5;-27,5;100
28,5;-27;100
28,5;-26,5;100
28,5;-26;100
28,5;-25,5;100
28,5;-25;100
28,5;-24,5;100
28,5;-24;100
28,5;-23,5;100
28,5;-23;100
28,5;-22,5;100
28,5;-22;100
28,5;-21,5;100
28,5;-21;100
28,5;-20,5;100
28,5;-20;100
28,5;-19,5;100
28,5;-19;100
28,5;-18,5;100
28,5;-18;100
28,5;-17,5;100
28,5;-17;100
28,5;-16,5;100
28,5;-16;100
28,5;-15,5;100
28,5;-15;100
28,5;-14,5;100
28,5;-14;100
28,5;-13,5;100
28,5;-13;100
28,5;-12,5;100
28,5;-12;100
28,5;-11,5;64
28,5;-11;4
28,5;-10,5;0
28,5;-10;0
28,5;-9,5;0
28,5;-9;0
28,5;-8,5;0
28,5;-8;0
28,5;-7,5;0
28,5;-7;0
28,5;-6,5;0
28,5;-6;0
28,5;-5,5;0
28,5;-5;40
28,5;-4,5;100
28,5;-4;100
28,5;-3,5;100
28,5;-3;100
28,5;-2,5;100
28,5;-2;100
28,5;-1,5;100
28,5;-1;100
28,5;-0,5;100
28,5;0;100
28,5;0,5;100
28,5;1;100
28,5;1,5;100
28,5;2;100
28,5;2,5;100
28,5;3;100
28,5;3,5;100
28,5;4;100
28,5;4,5;100
28,5;5;92
28,5;5,5;96
28,5;6;100
28,5;6,5;100
28,5;7;100
28,5;7,5;100
28,5;8;100
28,5;8,5;100
28,5;9;100
28,5;9,5;100
28,5;10;100
28,5;10,5;100
28,5;11;100
28,5;11,5;100
28,5;12;96
28,5;12,5;48
28,5;13;0
28,5;13,5;12
28,5;14;12
28,5;14,5;0
28,5;15;0
28,5;15,5;0
28,5;16;8
28,5;16,5;92
28,5;17;100
28,5;17,5;100
28,5;18;100
28,5;18,5;100
28,5;19;100
28,5;19,5;100
28,5;20;100
28,5;20,5;100
28,5;21;100
28,5;21,5;100
28,5;22;100
28,5;22,5;100
28,5;23;80
29;-77;72
29;-76,5;56
29;-76;4
29;-75,5;24
29;-75;36
29;-74,5;16
29;-74;84
29;-73,5;96
29;-73;56
29;-72,5;92
29;-72;80
29;-71,5;96
29;-71;100
29;-70,5;100
29;-70;100
29;-69,5;96
29;-69;100
29;-68,5;100
29;-68;100
29;-67,5;100
29;-67;100
29;-66,5;100
29;-66;100
29;-65,5;100
29;-65;100
29;-64,5;100
29;-64;100
29;-63,5;100
29;-63;100
29;-62,5;100
29;-62;100
29;-61,5;100
29;-61;100
29;-60,5;100
29;-60;100
29;-59,5;100
29;-59;100
29;-58,5;100
29;-58;100
29;-57,5;100
29;-57;100
29;-56,5;100
29;-56;100
29;-55,5;100
29;-55;100
29;-54,5;100
29;-54;100
29;-53,5;96
29;-53;100
29;-52,5;100
29;-52;100
29;-51,5;100
29;-51;100
29;-50,5;100
29;-50;100
29;-49,5;100
29;-49;100
29;-48,5;100
29;-48;100
29;-47,5;100
29;-47;100
29;-46,5;100
29;-46;100
29;-45,5;100
29;-45;100
29;-44,5;100
29;-44;100
29;-43,5;100
29;-43;100
29;-42,5;100
29;-42;100
29;-41,5;100
29;-41;100
29;-40,5;100
29;-40;100
29;-39,5;100
29;-39;100
29;-38,5;100
29;-38;100
29;-37,5;100
29;-37;100
29;-36,5;100
29;-36;100
29;-35,5;100
29;-35;100
29;-34,5;100
29;-34;100
29;-33,5;100
29;-33;100
29;-32,5;100
29;-32;100
29;-31,5;100
29;-31;100
29;-30,5;100
29;-30;100
29;-29,5;100
29;-29;100
29;-28,5;100
29;-28;100
29;-27,5;100
29;-27;100
29;-26,5;100
29;-26;100
29;-25,5;100
29;-25;100
29;-24,5;100
29;-24;100
29;-23,5;100
29;-23;100
29;-22,5;100
29;-22;100
29;-21,5;100
29;-21;100
29;-20,5;100
29;-20;100
29;-19,5;100
29;-19;100
29;-18,5;100
29;-18;100
29;-17,5;100
29;-17;100
29;-16,5;100
29;-16;100
29;-15,5;100
29;-15;100
29;-14,5;100
29;-14;100
29;-13,5;100
29;-13;100
29;-12,5;100
29;-12;100
29;-11,5;68
29;-11;0
29;-10,5;0
29;-10;0
29;-9,5;0
29;-9;4
29;-8,5;32
29;-8;84
29;-7,5;56
29;-7;8
29;-6,5;56
29;-6;36
29;-5,5;12
29;-5;92
29;-4,5;100
29;-4;100
29;-3,5;100
29;-3;100
29;-2,5;100
29;-2;100
29;-1,5;100
29;-1;100
29;-0,5;100
29;0;100
29;0,5;100
29;1;100
29;1,5;100
29;2;100
29;2,5;100
29;3;96
29;3,5;100
29;4;100
29;4,5;100
29;5;92
29;5,5;88
29;6;96
29;6,5;100
29;7;100
29;7,5;100
29;8;100
29;8,5;100
29;9;100
29;9,5;100
29;10;100
29;10,5;100
29;11;100
29;11,5;100
29;12;100
29;12,5;100
29;13;44
29;13,5;4
29;14;0
29;14,5;0
29;15;0
29;15,5;8
29;16;64
29;16,5;100
29;17;100
29;17,5;100
29;18;100
29;18,5;100
29;19;100
29;19,5;100
29;20;100
29;20,5;100
29;21;100
29;21,5;100
29;22;100
29;22,5;100
29;23;96
29,5;-77;48
29,5;-76,5;80
29,5;-76;12
29,5;-75,5;0
29,5;-75;8
29,5;-74,5;32
29,5;-74;28
29,5;-73,5;72
29,5;-73;84
29,5;-72,5;88
29,5;-72;92
29,5;-71,5;100
29,5;-71;100
29,5;-70,5;96
29,5;-70;100
29,5;-69,5;100
29,5;-69;100
29,5;-68,5;100
29,5;-68;100
29,5;-67,5;100
29,5;-67;100
29,5;-66,5;100
29,5;-66;100
29,5;-65,5;100
29,5;-65;100
29,5;-64,5;100
29,5;-64;100
29,5;-63,5;100
29,5;-63;100
29,5;-62,5;100
29,5;-62;100
29,5;-61,5;100
29,5;-61;100
29,5;-60,5;100
29,5;-60;100
29,5;-59,5;100
29,5;-59;100
29,5;-58,5;100
29,5;-58;100
29,5;-57,5;100
29,5;-57;100
29,5;-56,5;100
29,5;-56;100
29,5;-55,5;100
29,5;-55;100
29,5;-54,5;100
29,5;-54;100
29,5;-53,5;100
29,5;-53;100
29,5;-52,5;100
29,5;-52;100
29,5;-51,5;100
29,5;-51;100
29,5;-50,5;100
29,5;-50;100
29,5;-49,5;100
29,5;-49;100
29,5;-48,5;100
29,5;-48;100
29,5;-47,5;100
29,5;-47;100
29,5;-46,5;100
29,5;-46;100
29,5;-45,5;100
29,5;-45;100
29,5;-44,5;100
29,5;-44;100
29,5;-43,5;100
29,5;-43;100
29,5;-42,5;100
29,5;-42;100
29,5;-41,5;100
29,5;-41;100
29,5;-40,5;100
29,5;-40;100
29,5;-39,5;100
29,5;-39;100
29,5;-38,5;100
29,5;-38;100
29,5;-37,5;100
29,5;-37;100
29,5;-36,5;100
29,5;-36;100
29,5;-35,5;100
29,5;-35;100
29,5;-34,5;100
29,5;-34;100
29,5;-33,5;100
29,5;-33;100
29,5;-32,5;100
29,5;-32;100
29,5;-31,5;100
29,5;-31;100
29,5;-30,5;100
29,5;-30;100
29,5;-29,5;100
29,5;-29;100
29,5;-28,5;100
29,5;-28;100
29,5;-27,5;100
29,5;-27;100
29,5;-26,5;100
29,5;-26;100
29,5;-25,5;100
29,5;-25;100
29,5;-24,5;100
29,5;-24;100
29,5;-23,5;100
29,5;-23;100
29,5;-22,5;100
29,5;-22;100
29,5;-21,5;100
29,5;-21;100
29,5;-20,5;100
29,5;-20;100
29,5;-19,5;100
29,5;-19;100
29,5;-18,5;100
29,5;-18;100
29,5;-17,5;100
29,5;-17;100
29,5;-16,5;100
29,5;-16;100
29,5;-15,5;100
29,5;-15;100
29,5;-14,5;100
29,5;-14;100
29,5;-13,5;100
29,5;-13;100
29,5;-12,5;100
29,5;-12;92
29,5;-11,5;16
29,5;-11;0
29,5;-10,5;0
29,5;-10;0
29,5;-9,5;8
29,5;-9;80
29,5;-8,5;100
29,5;-8;100
29,5;-7,5;100
29,5;-7;96
29,5;-6,5;100
29,5;-6;100
29,5;-5,5;96
29,5;-5;100
29,5;-4,5;100
29,5;-4;100
29,5;-3,5;100
29,5;-3;100
29,5;-2,5;100
29,5;-2;100
29,5;-1,5;100
29,5;-1;100
29,5;-0,5;100
29,5;0;100
29,5;0,5;100
29,5;1;100
29,5;1,5;100
29,5;2;100
29,5;2,5;100
29,5;3;100
29,5;3,5;100
29,5;4;100
29,5;4,5;100
29,5;5;92
29,5;5,5;100
29,5;6;100
29,5;6,5;100
29,5;7;100
29,5;7,5;100
29,5;8;100
29,5;8,5;100
29,5;9;100
29,5;9,5;100
29,5;10;100
29,5;10,5;100
29,5;11;100
29,5;11,5;100
29,5;12;100
29,5;12,5;100
29,5;13;100
29,5;13,5;52
29,5;14;0
29,5;14,5;80
29,5;15;80
29,5;15,5;100
29,5;16;96
29,5;16,5;100
29,5;17;100
29,5;17,5;100
29,5;18;100
29,5;18,5;100
29,5;19;100
29,5;19,5;100
29,5;20;100
29,5;20,5;100
29,5;21;100
29,5;21,5;100
29,5;22;100
29,5;22,5;100
29,5;23;96
30;-77;64
30;-76,5;36
30;-76;16
30;-75,5;12
30;-75;52
30;-74,5;32
30;-74;8
30;-73,5;16
30;-73;48
30;-72,5;100
30;-72;100
30;-71,5;100
30;-71;96
30;-70,5;100
30;-70;100
30;-69,5;100
30;-69;100
30;-68,5;100
30;-68;100
30;-67,5;100
30;-67;100
30;-66,5;100
30;-66;100
30;-65,5;100
30;-65;100
30;-64,5;100
30;-64;100
30;-63,5;100
30;-63;100
30;-62,5;100
30;-62;100
30;-61,5;100
30;-61;100
30;-60,5;100
30;-60;100
30;-59,5;100
30;-59;100
30;-58,5;100
30;-58;100
30;-57,5;100
30;-57;100
30;-56,5;100
30;-56;100
30;-55,5;100
30;-55;100
30;-54,5;100
30;-54;100
30;-53,5;100
30;-53;60
30;-52,5;80
30;-52;100
30;-51,5;100
30;-51;100
30;-50,5;100
30;-50;100
30;-49,5;100
30;-49;100
30;-48,5;100
30;-48;100
30;-47,5;100
30;-47;100
30;-46,5;100
30;-46;100
30;-45,5;100
30;-45;100
30;-44,5;100
30;-44;100
30;-43,5;100
30;-43;100
30;-42,5;100
30;-42;100
30;-41,5;100
30;-41;100
30;-40,5;100
30;-40;100
30;-39,5;100
30;-39;100
30;-38,5;100
30;-38;100
30;-37,5;100
30;-37;100
30;-36,5;100
30;-36;100
30;-35,5;100
30;-35;100
30;-34,5;100
30;-34;100
30;-33,5;100
30;-33;100
30;-32,5;100
30;-32;100
30;-31,5;100
30;-31;100
30;-30,5;100
30;-30;100
30;-29,5;100
30;-29;100
30;-28,5;100
30;-28;100
30;-27,5;100
30;-27;100
30;-26,5;100
30;-26;100
30;-25,5;100
30;-25;100
30;-24,5;100
30;-24;100
30;-23,5;100
30;-23;100
30;-22,5;100
30;-22;100
30;-21,5;100
30;-21;100
30;-20,5;100
30;-20;100
30;-19,5;100
30;-19;100
30;-18,5;100
30;-18;100
30;-17,5;100
30;-17;100
30;-16,5;100
30;-16;100
30;-15,5;100
30;-15;100
30;-14,5;100
30;-14;100
30;-13,5;100
30;-13;100
30;-12,5;100
30;-12;92
30;-11,5;20
30;-11;0
30;-10,5;0
30;-10;0
30;-9,5;24
30;-9;88
30;-8,5;100
30;-8;100
30;-7,5;100
30;-7;100
30;-6,5;100
30;-6;100
30;-5,5;100
30;-5;100
30;-4,5;100
30;-4;100
30;-3,5;100
30;-3;100
30;-2,5;100
30;-2;100
30;-1,5;100
30;-1;100
30;-0,5;100
30;0;100
30;0,5;100
30;1;100
30;1,5;100
30;2;100
30;2,5;100
30;3;96
30;3,5;100
30;4;100
30;4,5;100
30;5;100
30;5,5;100
30;6;100
30;6,5;100
30;7;100
30;7,5;100
30;8;100
30;8,5;100
30;9;100
30;9,5;100
30;10;100
30;10,5;100
30;11;100
30;11,5;100
30;12;100
30;12,5;100
30;13;92
30;13,5;88
30;14;44
30;14,5;92
30;15;100
30;15,5;100
30;16;100
30;16,5;100
30;17;100
30;17,5;100
30;18;100
30;18,5;100
30;19;100
30;19,5;100
30;20;100
30;20,5;100
30;21;100
30;21,5;100
30;22;100
30;22,5;100
30;23;100
30,5;-77;56
30,5;-76,5;24
30,5;-76;12
30,5;-75,5;20
30,5;-75;84
30,5;-74,5;48
30,5;-74;16
30,5;-73,5;0
30,5;-73;56
30,5;-72,5;100
30,5;-72;100
30,5;-71,5;100
30,5;-71;100
30,5;-70,5;100
30,5;-70;100
30,5;-69,5;100
30,5;-69;100
30,5;-68,5;100
30,5;-68;100
30,5;-67,5;100
30,5;-67;100
30,5;-66,5;100
30,5;-66;100
30,5;-65,5;100
30,5;-65;100
30,5;-64,5;100
30,5;-64;100
30,5;-63,5;100
30,5;-63;100
30,5;-62,5;100
30,5;-62;100
30,5;-61,5;100
30,5;-61;100
30,5;-60,5;100
30,5;-60;100
30,5;-59,5;100
30,5;-59;100
30,5;-58,5;100
30,5;-58;100
30,5;-57,5;100
30,5;-57;100
30,5;-56,5;100
30,5;-56;100
30,5;-55,5;100
30,5;-55;100
30,5;-54,5;100
30,5;-54;100
30,5;-53,5;100
30,5;-53;92
30,5;-52,5;92
30,5;-52;100
30,5;-51,5;100
30,5;-51;100
30,5;-50,5;100
30,5;-50;100
30,5;-49,5;100
30,5;-49;100
30,5;-48,5;100
30,5;-48;100
30,5;-47,5;100
30,5;-47;100
30,5;-46,5;100
30,5;-46;100
30,5;-45,5;100
30,5;-45;100
30,5;-44,5;100
30,5;-44;100
30,5;-43,5;100
30,5;-43;100
30,5;-42,5;100
30,5;-42;100
30,5;-41,5;100
30,5;-41;100
30,5;-40,5;100
30,5;-40;100
30,5;-39,5;100
30,5;-39;100
30,5;-38,5;100
30,5;-38;100
30,5;-37,5;100
30,5;-37;100
30,5;-36,5;100
30,5;-36;100
30,5;-35,5;100
30,5;-35;100
30,5;-34,5;100
30,5;-34;100
30,5;-33,5;100
30,5;-33;100
30,5;-32,5;100
30,5;-32;100
30,5;-31,5;100
30,5;-31;100
30,5;-30,5;100
30,5;-30;100
30,5;-29,5;100
30,5;-29;100
30,5;-28,5;100
30,5;-28;100
30,5;-27,5;100
30,5;-27;100
30,5;-26,5;100
30,5;-26;100
30,5;-25,5;100
30,5;-25;100
30,5;-24,5;100
30,5;-24;100
30,5;-23,5;100
30,5;-23;100
30,5;-22,5;100
30,5;-22;100
30,5;-21,5;100
30,5;-21;100
30,5;-20,5;100
30,5;-20;100
30,5;-19,5;100
30,5;-19;100
30,5;-18,5;100
30,5;-18;100
30,5;-17,5;100
30,5;-17;100
30,5;-16,5;100
30,5;-16;100
30,5;-15,5;100
30,5;-15;100
30,5;-14,5;100
30,5;-14;100
30,5;-13,5;100
30,5;-13;100
30,5;-12,5;96
30,5;-12;92
30,5;-11,5;12
30,5;-11;0
30,5;-10,5;0
30,5;-10;0
30,5;-9,5;56
30,5;-9;100
30,5;-8,5;100
30,5;-8;100
30,5;-7,5;100
30,5;-7;100
30,5;-6,5;100
30,5;-6;100
30,5;-5,5;100
30,5;-5;100
30,5;-4,5;100
30,5;-4;100
30,5;-3,5;100
30,5;-3;100
30,5;-2,5;100
30,5;-2;100
30,5;-1,5;100
30,5;-1;100
30,5;-0,5;100
30,5;0;100
30,5;0,5;100
30,5;1;100
30,5;1,5;100
30,5;2;100
30,5;2,5;100
30,5;3;92
30,5;3,5;100
30,5;4;100
30,5;4,5;100
30,5;5;100
30,5;5,5;100
30,5;6;100
30,5;6,5;100
30,5;7;100
30,5;7,5;100
30,5;8;100
30,5;8,5;100
30,5;9;100
30,5;9,5;100
30,5;10;100
30,5;10,5;100
30,5;11;100
30,5;11,5;100
30,5;12;100
30,5;12,5;100
30,5;13;96
30,5;13,5;88
30,5;14;96
30,5;14,5;100
30,5;15;100
30,5;15,5;100
30,5;16;100
30,5;16,5;100
30,5;17;100
30,5;17,5;100
30,5;18;100
30,5;18,5;100
30,5;19;100
30,5;19,5;100
30,5;20;100
30,5;20,5;100
30,5;21;100
30,5;21,5;100
30,5;22;100
30,5;22,5;100
30,5;23;100
31;-77;44
31;-76,5;8
31;-76;0
31;-75,5;12
31;-75;48
31;-74,5;60
31;-74;56
31;-73,5;16
31;-73;28
31;-72,5;84
31;-72;84
31;-71,5;100
31;-71;100
31;-70,5;100
31;-70;100
31;-69,5;100
31;-69;100
31;-68,5;100
31;-68;100
31;-67,5;100
31;-67;100
31;-66,5;100
31;-66;100
31;-65,5;100
31;-65;100
31;-64,5;100
31;-64;100
31;-63,5;100
31;-63;100
31;-62,5;100
31;-62;100
31;-61,5;100
31;-61;100
31;-60,5;100
31;-60;100
31;-59,5;100
31;-59;100
31;-58,5;100
31;-58;100
31;-57,5;100
31;-57;100
31;-56,5;100
31;-56;100
31;-55,5;100
31;-55;100
31;-54,5;100
31;-54;100
31;-53,5;100
31;-53;100
31;-52,5;100
31;-52;100
31;-51,5;100
31;-51;100
31;-50,5;100
31;-50;100
31;-49,5;100
31;-49;100
31;-48,5;100
31;-48;100
31;-47,5;100
31;-47;100
31;-46,5;100
31;-46;100
31;-45,5;100
31;-45;100
31;-44,5;100
31;-44;100
31;-43,5;100
31;-43;100
31;-42,5;100
31;-42;100
31;-41,5;100
31;-41;100
31;-40,5;100
31;-40;100
31;-39,5;100
31;-39;100
31;-38,5;100
31;-38;100
31;-37,5;100
31;-37;100
31;-36,5;92
31;-36;92
31;-35,5;100
31;-35;100
31;-34,5;100
31;-34;100
31;-33,5;100
31;-33;100
31;-32,5;100
31;-32;100
31;-31,5;100
31;-31;100
31;-30,5;100
31;-30;100
31;-29,5;100
31;-29;100
31;-28,5;100
31;-28;100
31;-27,5;100
31;-27;100
31;-26,5;100
31;-26;100
31;-25,5;100
31;-25;100
31;-24,5;100
31;-24;100
31;-23,5;100
31;-23;100
31;-22,5;100
31;-22;100
31;-21,5;100
31;-21;100
31;-20,5;100
31;-20;100
31;-19,5;100
31;-19;100
31;-18,5;100
31;-18;100
31;-17,5;100
31;-17;100
31;-16,5;100
31;-16;100
31;-15,5;100
31;-15;100
31;-14,5;100
31;-14;100
31;-13,5;100
31;-13;100
31;-12,5;100
31;-12;96
31;-11,5;12
31;-11;28
31;-10,5;8
31;-10;12
31;-9,5;100
31;-9;100
31;-8,5;100
31;-8;100
31;-7,5;100
31;-7;100
31;-6,5;100
31;-6;100
31;-5,5;100
31;-5;100
31;-4,5;100
31;-4;100
31;-3,5;100
31;-3;100
31;-2,5;100
31;-2;100
31;-1,5;100
31;-1;100
31;-0,5;100
31;0;100
31;0,5;100
31;1;100
31;1,5;100
31;2;100
31;2,5;92
31;3;100
31;3,5;100
31;4;100
31;4,5;100
31;5;100
31;5,5;100
31;6;100
31;6,5;100
31;7;100
31;7,5;100
31;8;100
31;8,5;100
31;9;100
31;9,5;100
31;10;100
31;10,5;100
31;11;100
31;11,5;100
31;12;100
31;12,5;100
31;13;100
31;13,5;100
31;14;100
31;14,5;100
31;15;100
31;15,5;100
31;16;100
31;16,5;100
31;17;100
31;17,5;100
31;18;92
31;18,5;100
31;19;100
31;19,5;100
31;20;100
31;20,5;100
31;21;100
31;21,5;100
31;22;100
31;22,5;100
31;23;100
31,5;-77;4
31,5;-76,5;0
31,5;-76;0
31,5;-75,5;0
31,5;-75;40
31,5;-74,5;80
31,5;-74;100
31,5;-73,5;60
31,5;-73;56
31,5;-72,5;76
31,5;-72;84
31,5;-71,5;88
31,5;-71;100
31,5;-70,5;100
31,5;-70;100
31,5;-69,5;100
31,5;-69;100
31,5;-68,5;100
31,5;-68;100
31,5;-67,5;100
31,5;-67;100
31,5;-66,5;100
31,5;-66;100
31,5;-65,5;100
31,5;-65;100
31,5;-64,5;100
31,5;-64;100
31,5;-63,5;100
31,5;-63;100
31,5;-62,5;100
31,5;-62;100
31,5;-61,5;100
31,5;-61;100
31,5;-60,5;100
31,5;-60;100
31,5;-59,5;100
31,5;-59;100
31,5;-58,5;100
31,5;-58;100
31,5;-57,5;100
31,5;-57;100
31,5;-56,5;100
31,5;-56;100
31,5;-55,5;100
31,5;-55;100
31,5;-54,5;100
31,5;-54;100
31,5;-53,5;100
31,5;-53;100
31,5;-52,5;100
31,5;-52;100
31,5;-51,5;100
31,5;-51;100
31,5;-50,5;100
31,5;-50;100
31,5;-49,5;100
31,5;-49;100
31,5;-48,5;100
31,5;-48;100
31,5;-47,5;100
31,5;-47;100
31,5;-46,5;100
31,5;-46;100
31,5;-45,5;100
31,5;-45;100
31,5;-44,5;100
31,5;-44;100
31,5;-43,5;100
31,5;-43;100
31,5;-42,5;100
31,5;-42;100
31,5;-41,5;100
31,5;-41;100
31,5;-40,5;100
31,5;-40;100
31,5;-39,5;100
31,5;-39;100
31,5;-38,5;100
31,5;-38;100
31,5;-37,5;100
31,5;-37;100
31,5;-36,5;84
31,5;-36;92
31,5;-35,5;100
31,5;-35;100
31,5;-34,5;100
31,5;-34;100
31,5;-33,5;100
31,5;-33;100
31,5;-32,5;100
31,5;-32;100
31,5;-31,5;100
31,5;-31;100
31,5;-30,5;100
31,5;-30;100
31,5;-29,5;100
31,5;-29;100
31,5;-28,5;100
31,5;-28;100
31,5;-27,5;100
31,5;-27;100
31,5;-26,5;100
31,5;-26;100
31,5;-25,5;100
31,5;-25;100
31,5;-24,5;100
31,5;-24;100
31,5;-23,5;100
31,5;-23;100
31,5;-22,5;100
31,5;-22;100
31,5;-21,5;100
31,5;-21;100
31,5;-20,5;100
31,5;-20;100
31,5;-19,5;100
31,5;-19;100
31,5;-18,5;100
31,5;-18;100
31,5;-17,5;100
31,5;-17;100
31,5;-16,5;100
31,5;-16;100
31,5;-15,5;100
31,5;-15;100
31,5;-14,5;100
31,5;-14;100
31,5;-13,5;100
31,5;-13;100
31,5;-12,5;100
31,5;-12;96
31,5;-11,5;8
31,5;-11;88
31,5;-10,5;64
31,5;-10;92
31,5;-9,5;100
31,5;-9;100
31,5;-8,5;100
31,5;-8;100
31,5;-7,5;100
31,5;-7;100
31,5;-6,5;100
31,5;-6;100
31,5;-5,5;100
31,5;-5;100
31,5;-4,5;100
31,5;-4;100
31,5;-3,5;100
31,5;-3;100
31,5;-2,5;100
31,5;-2;100
31,5;-1,5;100
31,5;-1;100
31,5;-0,5;100
31,5;0;100
31,5;0,5;100
31,5;1;100
31,5;1,5;100
31,5;2;100
31,5;2,5;100
31,5;3;100
31,5;3,5;100
31,5;4;100
31,5;4,5;100
31,5;5;100
31,5;5,5;100
31,5;6;100
31,5;6,5;100
31,5;7;100
31,5;7,5;100
31,5;8;100
31,5;8,5;100
31,5;9;100
31,5;9,5;100
31,5;10;100
31,5;10,5;100
31,5;11;100
31,5;11,5;100
31,5;12;100
31,5;12,5;100
31,5;13;100
31,5;13,5;100
31,5;14;100
31,5;14,5;100
31,5;15;100
31,5;15,5;100
31,5;16;100
31,5;16,5;100
31,5;17;100
31,5;17,5;100
31,5;18;100
31,5;18,5;100
31,5;19;100
31,5;19,5;100
31,5;20;96
31,5;20,5;100
31,5;21;100
31,5;21,5;100
31,5;22;100
31,5;22,5;100
31,5;23;100
32;-77;0
32;-76,5;0
32;-76;0
32;-75,5;0
32;-75;0
32;-74,5;88
32;-74;100
32;-73,5;76
32;-73;68
32;-72,5;64
32;-72;32
32;-71,5;60
32;-71;84
32;-70,5;100
32;-70;100
32;-69,5;100
32;-69;100
32;-68,5;100
32;-68;100
32;-67,5;100
32;-67;100
32;-66,5;100
32;-66;100
32;-65,5;100
32;-65;100
32;-64,5;100
32;-64;100
32;-63,5;100
32;-63;100
32;-62,5;100
32;-62;100
32;-61,5;100
32;-61;100
32;-60,5;100
32;-60;100
32;-59,5;100
32;-59;100
32;-58,5;100
32;-58;100
32;-57,5;100
32;-57;100
32;-56,5;100
32;-56;100
32;-55,5;100
32;-55;100
32;-54,5;100
32;-54;100
32;-53,5;100
32;-53;100
32;-52,5;100
32;-52;100
32;-51,5;100
32;-51;100
32;-50,5;100
32;-50;100
32;-49,5;100
32;-49;100
32;-48,5;100
32;-48;100
32;-47,5;100
32;-47;100
32;-46,5;100
32;-46;100
32;-45,5;100
32;-45;100
32;-44,5;100
32;-44;100
32;-43,5;100
32;-43;100
32;-42,5;100
32;-42;100
32;-41,5;100
32;-41;100
32;-40,5;100
32;-40;100
32;-39,5;100
32;-39;100
32;-38,5;100
32;-38;100
32;-37,5;100
32;-37;100
32;-36,5;100
32;-36;100
32;-35,5;100
32;-35;100
32;-34,5;100
32;-34;100
32;-33,5;100
32;-33;100
32;-32,5;100
32;-32;100
32;-31,5;100
32;-31;100
32;-30,5;100
32;-30;100
32;-29,5;100
32;-29;100
32;-28,5;100
32;-28;100
32;-27,5;100
32;-27;100
32;-26,5;100
32;-26;100
32;-25,5;100
32;-25;100
32;-24,5;100
32;-24;100
32;-23,5;100
32;-23;100
32;-22,5;100
32;-22;100
32;-21,5;100
32;-21;100
32;-20,5;100
32;-20;100
32;-19,5;100
32;-19;100
32;-18,5;100
32;-18;100
32;-17,5;100
32;-17;100
32;-16,5;100
32;-16;100
32;-15,5;100
32;-15;100
32;-14,5;100
32;-14;100
32;-13,5;100
32;-13;100
32;-12,5;100
32;-12;92
32;-11,5;0
32;-11;96
32;-10,5;100
32;-10;100
32;-9,5;100
32;-9;100
32;-8,5;100
32;-8;100
32;-7,5;100
32;-7;100
32;-6,5;100
32;-6;100
32;-5,5;100
32;-5;100
32;-4,5;100
32;-4;100
32;-3,5;100
32;-3;100
32;-2,5;100
32;-2;100
32;-1,5;100
32;-1;100
32;-0,5;100
32;0;100
32;0,5;100
32;1;100
32;1,5;100
32;2;100
32;2,5;100
32;3;100
32;3,5;100
32;4;100
32;4,5;100
32;5;100
32;5,5;100
32;6;100
32;6,5;100
32;7;100
32;7,5;100
32;8;100
32;8,5;100
32;9;100
32;9,5;100
32;10;100
32;10,5;100
32;11;100
32;11,5;100
32;12;100
32;12,5;100
32;13;100
32;13,5;100
32;14;100
32;14,5;100
32;15;100
32;15,5;100
32;16;100
32;16,5;100
32;17;100
32;17,5;100
32;18;100
32;18,5;100
32;19;100
32;19,5;100
32;20;100
32;20,5;100
32;21;100
32;21,5;100
32;22;100
32;22,5;100
32;23;100
32,5;-77;40
32,5;-76,5;64
32,5;-76;36
32,5;-75,5;8
32,5;-75;60
32,5;-74,5;96
32,5;-74;92
32,5;-73,5;80
32,5;-73;76
32,5;-72,5;36
32,5;-72;4
32,5;-71,5;4
32,5;-71;48
32,5;-70,5;100
32,5;-70;100
32,5;-69,5;100
32,5;-69;100
32,5;-68,5;100
32,5;-68;100
32,5;-67,5;100
32,5;-67;100
32,5;-66,5;100
32,5;-66;100
32,5;-65,5;96
32,5;-65;96
32,5;-64,5;100
32,5;-64;100
32,5;-63,5;100
32,5;-63;100
32,5;-62,5;100
32,5;-62;100
32,5;-61,5;100
32,5;-61;100
32,5;-60,5;100
32,5;-60;100
32,5;-59,5;100
32,5;-59;100
32,5;-58,5;100
32,5;-58;100
32,5;-57,5;100
32,5;-57;100
32,5;-56,5;100
32,5;-56;100
32,5;-55,5;100
32,5;-55;100
32,5;-54,5;100
32,5;-54;100
32,5;-53,5;100
32,5;-53;100
32,5;-52,5;100
32,5;-52;100
32,5;-51,5;100
32,5;-51;100
32,5;-50,5;100
32,5;-50;100
32,5;-49,5;100
32,5;-49;100
32,5;-48,5;100
32,5;-48;100
32,5;-47,5;100
32,5;-47;100
32,5;-46,5;100
32,5;-46;100
32,5;-45,5;100
32,5;-45;100
32,5;-44,5;100
32,5;-44;100
32,5;-43,5;100
32,5;-43;100
32,5;-42,5;100
32,5;-42;100
32,5;-41,5;100
32,5;-41;100
32,5;-40,5;100
32,5;-40;100
32,5;-39,5;100
32,5;-39;100
32,5;-38,5;100
32,5;-38;100
32,5;-37,5;100
32,5;-37;100
32,5;-36,5;100
32,5;-36;100
32,5;-35,5;100
32,5;-35;96
32,5;-34,5;96
32,5;-34;100
32,5;-33,5;92
32,5;-33;96
32,5;-32,5;100
32,5;-32;100
32,5;-31,5;100
32,5;-31;100
32,5;-30,5;100
32,5;-30;100
32,5;-29,5;100
32,5;-29;100
32,5;-28,5;100
32,5;-28;100
32,5;-27,5;100
32,5;-27;100
32,5;-26,5;100
32,5;-26;100
32,5;-25,5;100
32,5;-25;100
32,5;-24,5;100
32,5;-24;100
32,5;-23,5;100
32,5;-23;100
32,5;-22,5;100
32,5;-22;100
32,5;-21,5;100
32,5;-21;100
32,5;-20,5;100
32,5;-20;100
32,5;-19,5;100
32,5;-19;100
32,5;-18,5;100
32,5;-18;100
32,5;-17,5;100
32,5;-17;96
32,5;-16,5;52
32,5;-16;56
32,5;-15,5;100
32,5;-15;100
32,5;-14,5;100
32,5;-14;100
32,5;-13,5;100
32,5;-13;100
32,5;-12,5;100
32,5;-12;100
32,5;-11,5;36
32,5;-11;80
32,5;-10,5;100
32,5;-10;100
32,5;-9,5;100
32,5;-9;100
32,5;-8,5;100
32,5;-8;100
32,5;-7,5;100
32,5;-7;100
32,5;-6,5;100
32,5;-6;100
32,5;-5,5;100
32,5;-5;100
32,5;-4,5;100
32,5;-4;100
32,5;-3,5;100
32,5;-3;100
32,5;-2,5;100
32,5;-2;100
32,5;-1,5;100
32,5;-1;100
32,5;-0,5;100
32,5;0;100
32,5;0,5;100
32,5;1;100
32,5;1,5;100
32,5;2;100
32,5;2,5;100
32,5;3;100
32,5;3,5;100
32,5;4;100
32,5;4,5;100
32,5;5;100
32,5;5,5;100
32,5;6;100
32,5;6,5;100
32,5;7;100
32,5;7,5;100
32,5;8;100
32,5;8,5;100
32,5;9;100
32,5;9,5;100
32,5;10;100
32,5;10,5;100
32,5;11;100
32,5;11,5;100
32,5;12;100
32,5;12,5;100
32,5;13;100
32,5;13,5;100
32,5;14;100
32,5;14,5;100
32,5;15;100
32,5;15,5;100
32,5;16;100
32,5;16,5;100
32,5;17;100
32,5;17,5;100
32,5;18;100
32,5;18,5;100
32,5;19;100
32,5;19,5;100
32,5;20;100
32,5;20,5;100
32,5;21;100
32,5;21,5;100
32,5;22;100
32,5;22,5;100
32,5;23;100
33;-77;36
33;-76,5;76
33;-76;60
33;-75,5;60
33;-75;84
33;-74,5;64
33;-74;24
33;-73,5;64
33;-73;44
33;-72,5;32
33;-72;8
33;-71,5;0
33;-71;4
33;-70,5;40
33;-70;100
33;-69,5;100
33;-69;100
33;-68,5;100
33;-68;100
33;-67,5;100
33;-67;100
33;-66,5;100
33;-66;96
33;-65,5;100
33;-65;92
33;-64,5;100
33;-64;100
33;-63,5;92
33;-63;100
33;-62,5;100
33;-62;100
33;-61,5;100
33;-61;100
33;-60,5;100
33;-60;100
33;-59,5;100
33;-59;100
33;-58,5;100
33;-58;100
33;-57,5;100
33;-57;100
33;-56,5;100
33;-56;100
33;-55,5;100
33;-55;100
33;-54,5;100
33;-54;100
33;-53,5;100
33;-53;100
33;-52,5;100
33;-52;100
33;-51,5;100
33;-51;100
33;-50,5;100
33;-50;100
33;-49,5;100
33;-49;100
33;-48,5;100
33;-48;100
33;-47,5;100
33;-47;100
33;-46,5;100
33;-46;100
33;-45,5;100
33;-45;100
33;-44,5;100
33;-44;100
33;-43,5;100
33;-43;100
33;-42,5;100
33;-42;100
33;-41,5;100
33;-41;100
33;-40,5;100
33;-40;100
33;-39,5;100
33;-39;100
33;-38,5;100
33;-38;100
33;-37,5;100
33;-37;100
33;-36,5;100
33;-36;100
33;-35,5;100
33;-35;84
33;-34,5;100
33;-34;100
33;-33,5;100
33;-33;100
33;-32,5;100
33;-32;100
33;-31,5;100
33;-31;100
33;-30,5;100
33;-30;100
33;-29,5;100
33;-29;100
33;-28,5;100
33;-28;100
33;-27,5;100
33;-27;100
33;-26,5;100
33;-26;100
33;-25,5;100
33;-25;100
33;-24,5;100
33;-24;100
33;-23,5;100
33;-23;100
33;-22,5;100
33;-22;100
33;-21,5;100
33;-21;100
33;-20,5;100
33;-20;100
33;-19,5;100
33;-19;92
33;-18,5;60
33;-18;64
33;-17,5;56
33;-17;28
33;-16,5;0
33;-16;0
33;-15,5;52
33;-15;92
33;-14,5;44
33;-14;48
33;-13,5;84
33;-13;80
33;-12,5;100
33;-12;80
33;-11,5;60
33;-11;100
33;-10,5;100
33;-10;100
33;-9,5;100
33;-9;100
33;-8,5;100
33;-8;100
33;-7,5;100
33;-7;100
33;-6,5;100
33;-6;100
33;-5,5;100
33;-5;100
33;-4,5;100
33;-4;100
33;-3,5;96
33;-3;100
33;-2,5;100
33;-2;100
33;-1,5;100
33;-1;100
33;-0,5;100
33;0;100
33;0,5;100
33;1;100
33;1,5;100
33;2;100
33;2,5;100
33;3;100
33;3,5;100
33;4;100
33;4,5;100
33;5;100
33;5,5;100
33;6;100
33;6,5;100
33;7;100
33;7,5;100
33;8;100
33;8,5;100
33;9;100
33;9,5;100
33;10;100
33;10,5;100
33;11;100
33;11,5;100
33;12;100
33;12,5;100
33;13;100
33;13,5;100
33;14;88
33;14,5;100
33;15;100
33;15,5;100
33;16;100
33;16,5;100
33;17;100
33;17,5;100
33;18;100
33;18,5;96
33;19;100
33;19,5;100
33;20;100
33;20,5;100
33;21;100
33;21,5;100
33;22;100
33;22,5;100
33;23;100
33;23,5;4
33,5;-77;12
33,5;-76,5;68
33,5;-76;80
33,5;-75,5;88
33,5;-75;28
33,5;-74,5;44
33,5;-74;48
33,5;-73,5;48
33,5;-73;4
33,5;-72,5;4
33,5;-72;0
33,5;-71,5;0
33,5;-71;44
33,5;-70,5;80
33,5;-70;80
33,5;-69,5;100
33,5;-69;96
33,5;-68,5;100
33,5;-68;100
33,5;-67,5;100
33,5;-67;100
33,5;-66,5;100
33,5;-66;100
33,5;-65,5;96
33,5;-65;80
33,5;-64,5;32
33,5;-64;4
33,5;-63,5;60
33,5;-63;100
33,5;-62,5;100
33,5;-62;100
33,5;-61,5;100
33,5;-61;100
33,5;-60,5;100
33,5;-60;100
33,5;-59,5;100
33,5;-59;100
33,5;-58,5;100
33,5;-58;100
33,5;-57,5;100
33,5;-57;100
33,5;-56,5;100
33,5;-56;100
33,5;-55,5;100
33,5;-55;100
33,5;-54,5;100
33,5;-54;100
33,5;-53,5;96
33,5;-53;84
33,5;-52,5;96
33,5;-52;100
33,5;-51,5;100
33,5;-51;100
33,5;-50,5;100
33,5;-50;100
33,5;-49,5;100
33,5;-49;100
33,5;-48,5;100
33,5;-48;100
33,5;-47,5;100
33,5;-47;100
33,5;-46,5;100
33,5;-46;100
33,5;-45,5;100
33,5;-45;100
33,5;-44,5;100
33,5;-44;100
33,5;-43,5;100
33,5;-43;100
33,5;-42,5;100
33,5;-42;100
33,5;-41,5;100
33,5;-41;100
33,5;-40,5;100
33,5;-40;100
33,5;-39,5;100
33,5;-39;100
33,5;-38,5;100
33,5;-38;100
33,5;-37,5;96
33,5;-37;100
33,5;-36,5;100
33,5;-36;100
33,5;-35,5;100
33,5;-35;100
33,5;-34,5;100
33,5;-34;100
33,5;-33,5;100
33,5;-33;100
33,5;-32,5;100
33,5;-32;100
33,5;-31,5;100
33,5;-31;100
33,5;-30,5;100
33,5;-30;100
33,5;-29,5;100
33,5;-29;100
33,5;-28,5;100
33,5;-28;100
33,5;-27,5;100
33,5;-27;100
33,5;-26,5;100
33,5;-26;100
33,5;-25,5;100
33,5;-25;100
33,5;-24,5;100
33,5;-24;100
33,5;-23,5;100
33,5;-23;100
33,5;-22,5;100
33,5;-22;100
33,5;-21,5;100
33,5;-21;100
33,5;-20,5;100
33,5;-20;100
33,5;-19,5;76
33,5;-19;72
33,5;-18,5;64
33,5;-18;0
33,5;-17,5;0
33,5;-17;0
33,5;-16,5;0
33,5;-16;0
33,5;-15,5;0
33,5;-15;16
33,5;-14,5;0
33,5;-14;0
33,5;-13,5;0
33,5;-13;16
33,5;-12,5;48
33,5;-12;52
33,5;-11,5;100
33,5;-11;100
33,5;-10,5;100
33,5;-10;100
33,5;-9,5;100
33,5;-9;100
33,5;-8,5;100
33,5;-8;100
33,5;-7,5;100
33,5;-7;100
33,5;-6,5;100
33,5;-6;100
33,5;-5,5;100
33,5;-5;100
33,5;-4,5;100
33,5;-4;96
33,5;-3,5;100
33,5;-3;76
33,5;-2,5;52
33,5;-2;100
33,5;-1,5;100
33,5;-1;100
33,5;-0,5;100
33,5;0;100
33,5;0,5;100
33,5;1;100
33,5;1,5;100
33,5;2;100
33,5;2,5;100
33,5;3;100
33,5;3,5;100
33,5;4;100
33,5;4,5;100
33,5;5;100
33,5;5,5;100
33,5;6;100
33,5;6,5;100
33,5;7;100
33,5;7,5;100
33,5;8;100
33,5;8,5;100
33,5;9;100
33,5;9,5;100
33,5;10;100
33,5;10,5;100
33,5;11;100
33,5;11,5;100
33,5;12;100
33,5;12,5;100
33,5;13;100
33,5;13,5;96
33,5;14;88
33,5;14,5;100
33,5;15;100
33,5;15,5;100
33,5;16;100
33,5;16,5;100
33,5;17;100
33,5;17,5;100
33,5;18;100
33,5;18,5;100
33,5;19;100
33,5;19,5;100
33,5;20;100
33,5;20,5;100
33,5;21;100
33,5;21,5;100
33,5;22;100
33,5;22,5;100
33,5;23;100
33,5;23,5;12
34;-77;40
34;-76,5;76
34;-76;88
34;-75,5;60
34;-75;64
34;-74,5;56
34;-74;8
34;-73,5;4
34;-73;0
34;-72,5;0
34;-72;0
34;-71,5;0
34;-71;24
34;-70,5;56
34;-70;92
34;-69,5;96
34;-69;68
34;-68,5;96
34;-68;100
34;-67,5;100
34;-67;100
34;-66,5;100
34;-66;100
34;-65,5;76
34;-65;64
34;-64,5;20
34;-64;12
34;-63,5;48
34;-63;100
34;-62,5;100
34;-62;100
34;-61,5;100
34;-61;100
34;-60,5;100
34;-60;100
34;-59,5;100
34;-59;100
34;-58,5;100
34;-58;100
34;-57,5;100
34;-57;100
34;-56,5;100
34;-56;100
34;-55,5;100
34;-55;100
34;-54,5;100
34;-54;100
34;-53,5;88
34;-53;100
34;-52,5;84
34;-52;100
34;-51,5;92
34;-51;100
34;-50,5;100
34;-50;100
34;-49,5;100
34;-49;100
34;-48,5;100
34;-48;100
34;-47,5;100
34;-47;100
34;-46,5;100
34;-46;100
34;-45,5;100
34;-45;100
34;-44,5;100
34;-44;100
34;-43,5;100
34;-43;100
34;-42,5;76
34;-42;100
34;-41,5;100
34;-41;100
34;-40,5;100
34;-40;92
34;-39,5;100
34;-39;100
34;-38,5;100
34;-38;100
34;-37,5;100
34;-37;100
34;-36,5;100
34;-36;100
34;-35,5;100
34;-35;100
34;-34,5;100
34;-34;100
34;-33,5;100
34;-33;100
34;-32,5;100
34;-32;100
34;-31,5;100
34;-31;100
34;-30,5;100
34;-30;100
34;-29,5;100
34;-29;100
34;-28,5;100
34;-28;100
34;-27,5;100
34;-27;100
34;-26,5;100
34;-26;96
34;-25,5;92
34;-25;68
34;-24,5;100
34;-24;100
34;-23,5;100
34;-23;100
34;-22,5;100
34;-22;100
34;-21,5;100
34;-21;100
34;-20,5;100
34;-20;100
34;-19,5;100
34;-19;72
34;-18,5;24
34;-18;0
34;-17,5;0
34;-17;0
34;-16,5;0
34;-16;0
34;-15,5;0
34;-15;0
34;-14,5;0
34;-14;0
34;-13,5;0
34;-13;0
34;-12,5;0
34;-12;80
34;-11,5;100
34;-11;100
34;-10,5;100
34;-10;100
34;-9,5;100
34;-9;100
34;-8,5;100
34;-8;100
34;-7,5;100
34;-7;100
34;-6,5;100
34;-6;100
34;-5,5;100
34;-5;100
34;-4,5;100
34;-4;100
34;-3,5;100
34;-3;88
34;-2,5;28
34;-2;88
34;-1,5;100
34;-1;100
34;-0,5;100
34;0;100
34;0,5;100
34;1;100
34;1,5;100
34;2;100
34;2,5;100
34;3;100
34;3,5;100
34;4;100
34;4,5;100
34;5;100
34;5,5;100
34;6;100
34;6,5;100
34;7;100
34;7,5;100
34;8;100
34;8,5;100
34;9;100
34;9,5;100
34;10;100
34;10,5;100
34;11;100
34;11,5;100
34;12;100
34;12,5;100
34;13;100
34;13,5;100
34;14;100
34;14,5;100
34;15;100
34;15,5;100
34;16;100
34;16,5;100
34;17;100
34;17,5;100
34;18;100
34;18,5;100
34;19;100
34;19,5;100
34;20;100
34;20,5;100
34;21;100
34;21,5;100
34;22;100
34;22,5;100
34;23;88
34;23,5;16
34,5;-77;36
34,5;-76,5;100
34,5;-76;84
34,5;-75,5;44
34,5;-75;52
34,5;-74,5;16
34,5;-74;8
34,5;-73,5;0
34,5;-73;0
34,5;-72,5;0
34,5;-72;0
34,5;-71,5;0
34,5;-71;20
34,5;-70,5;32
34,5;-70;84
34,5;-69,5;80
34,5;-69;72
34,5;-68,5;76
34,5;-68;100
34,5;-67,5;100
34,5;-67;80
34,5;-66,5;72
34,5;-66;84
34,5;-65,5;60
34,5;-65;52
34,5;-64,5;8
34,5;-64;4
34,5;-63,5;76
34,5;-63;100
34,5;-62,5;100
34,5;-62;100
34,5;-61,5;100
34,5;-61;100
34,5;-60,5;100
34,5;-60;100
34,5;-59,5;100
34,5;-59;100
34,5;-58,5;100
34,5;-58;100
34,5;-57,5;100
34,5;-57;100
34,5;-56,5;100
34,5;-56;100
34,5;-55,5;100
34,5;-55;100
34,5;-54,5;100
34,5;-54;100
34,5;-53,5;92
34,5;-53;76
34,5;-52,5;100
34,5;-52;100
34,5;-51,5;80
34,5;-51;76
34,5;-50,5;100
34,5;-50;100
34,5;-49,5;100
34,5;-49;100
34,5;-48,5;100
34,5;-48;100
34,5;-47,5;100
34,5;-47;100
34,5;-46,5;100
34,5;-46;100
34,5;-45,5;100
34,5;-45;100
34,5;-44,5;100
34,5;-44;100
34,5;-43,5;100
34,5;-43;56
34,5;-42,5;96
34,5;-42;100
34,5;-41,5;100
34,5;-41;96
34,5;-40,5;96
34,5;-40;100
34,5;-39,5;100
34,5;-39;100
34,5;-38,5;100
34,5;-38;100
34,5;-37,5;100
34,5;-37;100
34,5;-36,5;100
34,5;-36;100
34,5;-35,5;100
34,5;-35;100
34,5;-34,5;96
34,5;-34;100
34,5;-33,5;96
34,5;-33;100
34,5;-32,5;100
34,5;-32;100
34,5;-31,5;100
34,5;-31;100
34,5;-30,5;100
34,5;-30;88
34,5;-29,5;100
34,5;-29;100
34,5;-28,5;100
34,5;-28;100
34,5;-27,5;100
34,5;-27;100
34,5;-26,5;100
34,5;-26;72
34,5;-25,5;8
34,5;-25;24
34,5;-24,5;88
34,5;-24;100
34,5;-23,5;100
34,5;-23;100
34,5;-22,5;100
34,5;-22;100
34,5;-21,5;100
34,5;-21;100
34,5;-20,5;100
34,5;-20;96
34,5;-19,5;100
34,5;-19;100
34,5;-18,5;52
34,5;-18;0
34,5;-17,5;0
34,5;-17;0
34,5;-16,5;0
34,5;-16;0
34,5;-15,5;0
34,5;-15;0
34,5;-14,5;0
34,5;-14;0
34,5;-13,5;0
34,5;-13;0
34,5;-12,5;20
34,5;-12;88
34,5;-11,5;100
34,5;-11;100
34,5;-10,5;100
34,5;-10;100
34,5;-9,5;100
34,5;-9;100
34,5;-8,5;100
34,5;-8;100
34,5;-7,5;100
34,5;-7;100
34,5;-6,5;100
34,5;-6;100
34,5;-5,5;100
34,5;-5;100
34,5;-4,5;100
34,5;-4;100
34,5;-3,5;100
34,5;-3;92
34,5;-2,5;76
34,5;-2;100
34,5;-1,5;100
34,5;-1;100
34,5;-0,5;100
34,5;0;100
34,5;0,5;100
34,5;1;100
34,5;1,5;100
34,5;2;100
34,5;2,5;100
34,5;3;100
34,5;3,5;100
34,5;4;100
34,5;4,5;100
34,5;5;100
34,5;5,5;100
34,5;6;100
34,5;6,5;100
34,5;7;100
34,5;7,5;100
34,5;8;100
34,5;8,5;100
34,5;9;100
34,5;9,5;100
34,5;10;100
34,5;10,5;100
34,5;11;100
34,5;11,5;100
34,5;12;100
34,5;12,5;100
34,5;13;100
34,5;13,5;100
34,5;14;100
34,5;14,5;100
34,5;15;100
34,5;15,5;100
34,5;16;100
34,5;16,5;100
34,5;17;100
34,5;17,5;100
34,5;18;100
34,5;18,5;100
34,5;19;100
34,5;19,5;92
34,5;20;100
34,5;20,5;100
34,5;21;100
34,5;21,5;100
34,5;22;92
34,5;22,5;100
34,5;23;84
34,5;23,5;8
35;-77;36
35;-76,5;76
35;-76;56
35;-75,5;12
35;-75;20
35;-74,5;20
35;-74;0
35;-73,5;0
35;-73;0
35;-72,5;0
35;-72;0
35;-71,5;0
35;-71;0
35;-70,5;0
35;-70;76
35;-69,5;88
35;-69;72
35;-68,5;68
35;-68;100
35;-67,5;96
35;-67;60
35;-66,5;12
35;-66;4
35;-65,5;56
35;-65;64
35;-64,5;28
35;-64;28
35;-63,5;8
35;-63;84
35;-62,5;100
35;-62;100
35;-61,5;100
35;-61;100
35;-60,5;100
35;-60;100
35;-59,5;100
35;-59;100
35;-58,5;100
35;-58;100
35;-57,5;100
35;-57;100
35;-56,5;100
35;-56;100
35;-55,5;100
35;-55;100
35;-54,5;100
35;-54;100
35;-53,5;100
35;-53;100
35;-52,5;100
35;-52;80
35;-51,5;68
35;-51;60
35;-50,5;56
35;-50;80
35;-49,5;84
35;-49;100
35;-48,5;100
35;-48;100
35;-47,5;100
35;-47;100
35;-46,5;100
35;-46;100
35;-45,5;100
35;-45;100
35;-44,5;100
35;-44;100
35;-43,5;96
35;-43;84
35;-42,5;92
35;-42;100
35;-41,5;100
35;-41;100
35;-40,5;100
35;-40;100
35;-39,5;100
35;-39;100
35;-38,5;100
35;-38;100
35;-37,5;100
35;-37;100
35;-36,5;100
35;-36;100
35;-35,5;100
35;-35;100
35;-34,5;100
35;-34;100
35;-33,5;100
35;-33;100
35;-32,5;96
35;-32;100
35;-31,5;100
35;-31;100
35;-30,5;100
35;-30;100
35;-29,5;100
35;-29;100
35;-28,5;100
35;-28;100
35;-27,5;100
35;-27;100
35;-26,5;100
35;-26;96
35;-25,5;20
35;-25;40
35;-24,5;100
35;-24;100
35;-23,5;100
35;-23;100
35;-22,5;100
35;-22;100
35;-21,5;100
35;-21;100
35;-20,5;100
35;-20;100
35;-19,5;100
35;-19;68
35;-18,5;28
35;-18;0
35;-17,5;0
35;-17;0
35;-16,5;0
35;-16;0
35;-15,5;0
35;-15;0
35;-14,5;0
35;-14;0
35;-13,5;0
35;-13;0
35;-12,5;36
35;-12;100
35;-11,5;100
35;-11;100
35;-10,5;100
35;-10;100
35;-9,5;100
35;-9;100
35;-8,5;100
35;-8;100
35;-7,5;100
35;-7;100
35;-6,5;100
35;-6;100
35;-5,5;100
35;-5;100
35;-4,5;100
35;-4;100
35;-3,5;100
35;-3;100
35;-2,5;96
35;-2;100
35;-1,5;100
35;-1;100
35;-0,5;100
35;0;100
35;0,5;100
35;1;100
35;1,5;100
35;2;100
35;2,5;100
35;3;100
35;3,5;100
35;4;100
35;4,5;100
35;5;100
35;5,5;100
35;6;100
35;6,5;100
35;7;100
35;7,5;100
35;8;100
35;8,5;100
35;9;100
35;9,5;100
35;10;100
35;10,5;100
35;11;96
35;11,5;96
35;12;100
35;12,5;100
35;13;100
35;13,5;100
35;14;100
35;14,5;100
35;15;100
35;15,5;100
35;16;100
35;16,5;100
35;17;100
35;17,5;100
35;18;96
35;18,5;100
35;19;96
35;19,5;60
35;20;92
35;20,5;76
35;21;92
35;21,5;100
35;22;92
35;22,5;100
35;23;68
35;23,5;0
35,5;-77;24
35,5;-76,5;60
35,5;-76;20
35,5;-75,5;4
35,5;-75;20
35,5;-74,5;4
35,5;-74;0
35,5;-72,5;0
35,5;-72;0
35,5;-71,5;0
35,5;-71;0
35,5;-70,5;8
35,5;-70;88
35,5;-69,5;68
35,5;-69;84
35,5;-68,5;52
35,5;-68;64
35,5;-67,5;56
35,5;-67;16
35,5;-66,5;0
35,5;-66;16
35,5;-65,5;88
35,5;-65;68
35,5;-64,5;84
35,5;-64;48
35,5;-63,5;52
35,5;-63;76
35,5;-62,5;100
35,5;-62;96
35,5;-61,5;92
35,5;-61;72
35,5;-60,5;96
35,5;-60;100
35,5;-59,5;100
35,5;-59;100
35,5;-58,5;100
35,5;-58;100
35,5;-57,5;100
35,5;-57;100
35,5;-56,5;100
35,5;-56;100
35,5;-55,5;96
35,5;-55;100
35,5;-54,5;100
35,5;-54;100
35,5;-53,5;100
35,5;-53;100
35,5;-52,5;100
35,5;-52;100
35,5;-51,5;100
35,5;-51;96
35,5;-50,5;44
35,5;-50;0
35,5;-49,5;12
35,5;-49;76
35,5;-48,5;100
35,5;-48;100
35,5;-47,5;100
35,5;-47;100
35,5;-46,5;100
35,5;-46;100
35,5;-45,5;100
35,5;-45;100
35,5;-44,5;100
35,5;-44;100
35,5;-43,5;96
35,5;-43;100
35,5;-42,5;100
35,5;-42;84
35,5;-41,5;100
35,5;-41;100
35,5;-40,5;100
35,5;-40;100
35,5;-39,5;100
35,5;-39;100
35,5;-38,5;100
35,5;-38;100
35,5;-37,5;100
35,5;-37;100
35,5;-36,5;100
35,5;-36;100
35,5;-35,5;100
35,5;-35;100
35,5;-34,5;100
35,5;-34;100
35,5;-33,5;100
35,5;-33;100
35,5;-32,5;100
35,5;-32;100
35,5;-31,5;100
35,5;-31;100
35,5;-30,5;100
35,5;-30;100
35,5;-29,5;100
35,5;-29;100
35,5;-28,5;100
35,5;-28;100
35,5;-27,5;100
35,5;-27;100
35,5;-26,5;84
35,5;-26;40
35,5;-25,5;12
35,5;-25;12
35,5;-24,5;96
35,5;-24;100
35,5;-23,5;100
35,5;-23;100
35,5;-22,5;100
35,5;-22;100
35,5;-21,5;100
35,5;-21;100
35,5;-20,5;100
35,5;-20;100
35,5;-19,5;100
35,5;-19;40
35,5;-18,5;20
35,5;-18;0
35,5;-17,5;0
35,5;-17;0
35,5;-16,5;0
35,5;-16;0
35,5;-15,5;0
35,5;-15;0
35,5;-14,5;0
35,5;-14;0
35,5;-13,5;0
35,5;-13;0
35,5;-12,5;24
35,5;-12;100
35,5;-11,5;100
35,5;-11;100
35,5;-10,5;100
35,5;-10;100
35,5;-9,5;100
35,5;-9;100
35,5;-8,5;100
35,5;-8;100
35,5;-7,5;100
35,5;-7;100
35,5;-6,5;100
35,5;-6;100
35,5;-5,5;100
35,5;-5;100
35,5;-4,5;100
35,5;-4;100
35,5;-3,5;100
35,5;-3;100
35,5;-2,5;100
35,5;-2;100
35,5;-1,5;100
35,5;-1;100
35,5;-0,5;100
35,5;0;100
35,5;0,5;100
35,5;1;100
35,5;1,5;100
35,5;2;100
35,5;2,5;100
35,5;3;100
35,5;3,5;100
35,5;4;100
35,5;4,5;100
35,5;5;100
35,5;5,5;100
35,5;6;96
35,5;6,5;100
35,5;7;100
35,5;7,5;100
35,5;8;100
35,5;8,5;100
35,5;9;100
35,5;9,5;100
35,5;10;100
35,5;10,5;80
35,5;11;60
35,5;11,5;88
35,5;12;100
35,5;12,5;96
35,5;13;100
35,5;13,5;100
35,5;14;100
35,5;14,5;100
35,5;15;100
35,5;15,5;100
35,5;16;100
35,5;16,5;100
35,5;17;96
35,5;17,5;100
35,5;18;96
35,5;18,5;96
35,5;19;72
35,5;19,5;56
35,5;20;88
35,5;20,5;88
35,5;21;60
35,5;21,5;84
35,5;22;76
35,5;22,5;80
35,5;23;96
35,5;23,5;12
36;-77;12
36;-76,5;24
36;-76;0
36;-75,5;0
36;-75;4
36;-74,5;0
36;-74;0
36;-72,5;0
36;-72;0
36;-71,5;0
36;-71;0
36;-70,5;0
36;-70;12
36;-69,5;68
36;-69;80
36;-68,5;68
36;-68;52
36;-67,5;76
36;-67;12
36;-66,5;16
36;-66;28
36;-65,5;96
36;-65;96
36;-64,5;96
36;-64;92
36;-63,5;84
36;-63;60
36;-62,5;92
36;-62;84
36;-61,5;80
36;-61;92
36;-60,5;96
36;-60;84
36;-59,5;100
36;-59;100
36;-58,5;100
36;-58;100
36;-57,5;100
36;-57;100
36;-56,5;100
36;-56;100
36;-55,5;88
36;-55;100
36;-54,5;100
36;-54;96
36;-53,5;100
36;-53;100
36;-52,5;100
36;-52;88
36;-51,5;96
36;-51;96
36;-50,5;84
36;-50;12
36;-49,5;0
36;-49;12
36;-48,5;68
36;-48;60
36;-47,5;92
36;-47;100
36;-46,5;100
36;-46;100
36;-45,5;100
36;-45;100
36;-44,5;100
36;-44;100
36;-43,5;100
36;-43;100
36;-42,5;100
36;-42;100
36;-41,5;100
36;-41;100
36;-40,5;100
36;-40;100
36;-39,5;100
36;-39;100
36;-38,5;100
36;-38;100
36;-37,5;100
36;-37;100
36;-36,5;100
36;-36;100
36;-35,5;100
36;-35;100
36;-34,5;100
36;-34;100
36;-33,5;100
36;-33;100
36;-32,5;100
36;-32;100
36;-31,5;96
36;-31;100
36;-30,5;100
36;-30;100
36;-29,5;96
36;-29;100
36;-28,5;100
36;-28;84
36;-27,5;92
36;-27;12
36;-26,5;0
36;-26;0
36;-25,5;0
36;-25;0
36;-24,5;48
36;-24;100
36;-23,5;100
36;-23;100
36;-22,5;100
36;-22;100
36;-21,5;100
36;-21;100
36;-20,5;100
36;-20;100
36;-19,5;100
36;-19;100
36;-18,5;100
36;-18;64
36;-17,5;0
36;-17;0
36;-16,5;0
36;-16;0
36;-15,5;0
36;-15;0
36;-14,5;0
36;-14;0
36;-13,5;0
36;-13;0
36;-12,5;64
36;-12;100
36;-11,5;100
36;-11;100
36;-10,5;100
36;-10;100
36;-9,5;100
36;-9;100
36;-8,5;100
36;-8;100
36;-7,5;100
36;-7;100
36;-6,5;100
36;-6;100
36;-5,5;100
36;-5;100
36;-4,5;100
36;-4;100
36;-3,5;100
36;-3;96
36;-2,5;88
36;-2;96
36;-1,5;100
36;-1;100
36;-0,5;100
36;0;100
36;0,5;100
36;1;100
36;1,5;100
36;2;100
36;2,5;100
36;3;100
36;3,5;100
36;4;100
36;4,5;100
36;5;100
36;5,5;100
36;6;100
36;6,5;100
36;7;100
36;7,5;100
36;8;100
36;8,5;100
36;9;100
36;9,5;100
36;10;96
36;10,5;100
36;11;72
36;11,5;80
36;12;100
36;12,5;96
36;13;100
36;13,5;100
36;14;100
36;14,5;100
36;15;100
36;15,5;100
36;16;100
36;16,5;100
36;17;100
36;17,5;100
36;18;100
36;18,5;64
36;19;84
36;19,5;32
36;20;76
36;20,5;96
36;21;76
36;21,5;56
36;22;36
36;22,5;68
36;23;100
36;23,5;20
36,5;-76,5;0
36,5;-76;0
36,5;-75,5;0
36,5;-74,5;0
36,5;-74;0
36,5;-73,5;0
36,5;-73;0
36,5;-72,5;0
36,5;-72;0
36,5;-71,5;0
36,5;-71;0
36,5;-70;8
36,5;-69,5;60
36,5;-69;92
36,5;-68,5;100
36,5;-68;92
36,5;-67,5;84
36,5;-67;56
36,5;-66,5;92
36,5;-66;92
36,5;-65,5;96
36,5;-65;100
36,5;-64,5;100
36,5;-64;96
36,5;-63,5;72
36,5;-63;92
36,5;-62,5;84
36,5;-62;96
36,5;-61,5;84
36,5;-61;88
36,5;-60,5;84
36,5;-60;76
36,5;-59,5;68
36,5;-59;92
36,5;-58,5;100
36,5;-58;100
36,5;-57,5;100
36,5;-57;100
36,5;-56,5;100
36,5;-56;96
36,5;-55,5;92
36,5;-55;100
36,5;-54,5;100
36,5;-54;100
36,5;-53,5;96
36,5;-53;96
36,5;-52,5;100
36,5;-52;96
36,5;-51,5;96
36,5;-51;84
36,5;-50,5;84
36,5;-50;24
36,5;-49,5;0
36,5;-49;0
36,5;-48,5;36
36,5;-48;100
36,5;-47,5;96
36,5;-47;100
36,5;-46,5;100
36,5;-46;100
36,5;-45,5;100
36,5;-45;100
36,5;-44,5;100
36,5;-44;100
36,5;-43,5;100
36,5;-43;100
36,5;-42,5;100
36,5;-42;100
36,5;-41,5;100
36,5;-41;100
36,5;-40,5;100
36,5;-40;100
36,5;-39,5;100
36,5;-39;100
36,5;-38,5;100
36,5;-38;100
36,5;-37,5;76
36,5;-37;96
36,5;-36,5;100
36,5;-36;100
36,5;-35,5;100
36,5;-35;100
36,5;-34,5;100
36,5;-34;100
36,5;-33,5;100
36,5;-33;100
36,5;-32,5;100
36,5;-32;100
36,5;-31,5;100
36,5;-31;100
36,5;-30,5;100
36,5;-30;100
36,5;-29,5;48
36,5;-29;88
36,5;-28,5;92
36,5;-28;0
36,5;-27,5;24
36,5;-27;8
36,5;-26,5;0
36,5;-26;0
36,5;-25,5;0
36,5;-25;0
36,5;-24,5;72
36,5;-24;100
36,5;-23,5;100
36,5;-23;100
36,5;-22,5;100
36,5;-22;100
36,5;-21,5;100
36,5;-21;100
36,5;-20,5;100
36,5;-20;100
36,5;-19,5;100
36,5;-19;84
36,5;-18,5;92
36,5;-18;96
36,5;-17,5;4
36,5;-17;0
36,5;-16,5;0
36,5;-16;0
36,5;-15,5;0
36,5;-15;0
36,5;-14,5;0
36,5;-14;0
36,5;-13,5;0
36,5;-13;0
36,5;-12,5;8
36,5;-12;92
36,5;-11,5;100
36,5;-11;100
36,5;-10,5;100
36,5;-10;100
36,5;-9,5;100
36,5;-9;100
36,5;-8,5;100
36,5;-8;100
36,5;-7,5;100
36,5;-7;100
36,5;-6,5;100
36,5;-6;100
36,5;-5,5;100
36,5;-5;100
36,5;-4,5;100
36,5;-4;100
36,5;-3,5;100
36,5;-3;100
36,5;-2,5;100
36,5;-2;100
36,5;-1,5;100
36,5;-1;100
36,5;-0,5;100
36,5;0;100
36,5;0,5;100
36,5;1;100
36,5;1,5;100
36,5;2;100
36,5;2,5;100
36,5;3;100
36,5;3,5;100
36,5;4;100
36,5;4,5;100
36,5;5;100
36,5;5,5;100
36,5;6;100
36,5;6,5;100
36,5;7;100
36,5;7,5;100
36,5;8;100
36,5;8,5;100
36,5;9;100
36,5;9,5;100
36,5;10;100
36,5;10,5;100
36,5;11;92
36,5;11,5;100
36,5;12;100
36,5;12,5;100
36,5;13;100
36,5;13,5;100
36,5;14;100
36,5;14,5;100
36,5;15;100
36,5;15,5;100
36,5;16;92
36,5;16,5;100
36,5;17;96
36,5;17,5;88
36,5;18;96
36,5;18,5;84
36,5;19;52
36,5;19,5;44
36,5;20;44
36,5;20,5;80
36,5;21;56
36,5;21,5;56
36,5;22;20
36,5;22,5;48
36,5;23;96
36,5;23,5;20
37;-76,5;0
37;-76;0
37;-74,5;0
37;-74;0
37;-73,5;0
37;-73;0
37;-72,5;0
37;-72;0
37;-71,5;0
37;-70;28
37;-69,5;12
37;-69;92
37;-68,5;100
37;-68;100
37;-67,5;100
37;-67;68
37;-66,5;92
37;-66;100
37;-65,5;100
37;-65;100
37;-64,5;100
37;-64;100
37;-63,5;80
37;-63;92
37;-62,5;76
37;-62;88
37;-61,5;76
37;-61;48
37;-60,5;80
37;-60;80
37;-59,5;84
37;-59;100
37;-58,5;100
37;-58;100
37;-57,5;100
37;-57;100
37;-56,5;80
37;-56;80
37;-55,5;72
37;-55;88
37;-54,5;96
37;-54;100
37;-53,5;100
37;-53;100
37;-52,5;100
37;-52;56
37;-51,5;88
37;-51;88
37;-50,5;100
37;-50;88
37;-49,5;84
37;-49;92
37;-48,5;100
37;-48;100
37;-47,5;100
37;-47;100
37;-46,5;100
37;-46;100
37;-45,5;100
37;-45;100
37;-44,5;100
37;-44;100
37;-43,5;100
37;-43;100
37;-42,5;100
37;-42;100
37;-41,5;100
37;-41;100
37;-40,5;100
37;-40;100
37;-39,5;100
37;-39;100
37;-38,5;100
37;-38;100
37;-37,5;100
37;-37;100
37;-36,5;100
37;-36;100
37;-35,5;100
37;-35;96
37;-34,5;100
37;-34;100
37;-33,5;100
37;-33;100
37;-32,5;96
37;-32;100
37;-31,5;100
37;-31;100
37;-30,5;100
37;-30;92
37;-29,5;80
37;-29;100
37;-28,5;72
37;-28;0
37;-27,5;0
37;-27;0
37;-26,5;0
37;-26;0
37;-25,5;0
37;-25;0
37;-24,5;56
37;-24;100
37;-23,5;100
37;-23;100
37;-22,5;100
37;-22;100
37;-21,5;100
37;-21;100
37;-20,5;92
37;-20;80
37;-19,5;92
37;-19;52
37;-18,5;36
37;-18;24
37;-17,5;0
37;-17;0
37;-16,5;0
37;-16;0
37;-15,5;0
37;-15;0
37;-14,5;0
37;-14;0
37;-13,5;0
37;-13;0
37;-12,5;0
37;-12;16
37;-11,5;88
37;-11;100
37;-10,5;100
37;-10;100
37;-9,5;100
37;-9;100
37;-8,5;100
37;-8;100
37;-7,5;100
37;-7;100
37;-6,5;100
37;-6;100
37;-5,5;100
37;-5;100
37;-4,5;100
37;-4;100
37;-3,5;100
37;-3;100
37;-2,5;100
37;-2;100
37;-1,5;100
37;-1;100
37;-0,5;100
37;0;100
37;0,5;100
37;1;100
37;1,5;100
37;2;100
37;2,5;100
37;3;100
37;3,5;100
37;4;100
37;4,5;100
37;5;100
37;5,5;100
37;6;100
37;6,5;100
37;7;100
37;7,5;100
37;8;100
37;8,5;100
37;9;100
37;9,5;100
37;10;100
37;10,5;100
37;11;96
37;11,5;100
37;12;100
37;12,5;100
37;13;100
37;13,5;100
37;14;96
37;14,5;92
37;15;100
37;15,5;100
37;16;100
37;16,5;100
37;17;100
37;17,5;92
37;18;88
37;18,5;84
37;19;72
37;19,5;52
37;20;60
37;20,5;84
37;21;32
37;21,5;64
37;22;72
37;22,5;68
37;23;80
37;23,5;24
37,5;-77;20
37,5;-76,5;8
37,5;-76;48
37,5;-75,5;8
37,5;-74;4
37,5;-73,5;4
37,5;-73;0
37,5;-72,5;0
37,5;-72;0
37,5;-71;0
37,5;-70,5;0
37,5;-70;28
37,5;-69,5;32
37,5;-69;80
37,5;-68,5;100
37,5;-68;100
37,5;-67,5;100
37,5;-67;80
37,5;-66,5;88
37,5;-66;100
37,5;-65,5;100
37,5;-65;100
37,5;-64,5;100
37,5;-64;100
37,5;-63,5;100
37,5;-63;100
37,5;-62,5;92
37,5;-62;88
37,5;-61,5;72
37,5;-61;92
37,5;-60,5;100
37,5;-60;100
37,5;-59,5;92
37,5;-59;100
37,5;-58,5;96
37,5;-58;80
37,5;-57,5;92
37,5;-57;100
37,5;-56,5;100
37,5;-56;96
37,5;-55,5;92
37,5;-55;92
37,5;-54,5;96
37,5;-54;92
37,5;-53,5;96
37,5;-53;92
37,5;-52,5;92
37,5;-52;52
37,5;-51,5;100
37,5;-51;100
37,5;-50,5;100
37,5;-50;100
37,5;-49,5;100
37,5;-49;100
37,5;-48,5;100
37,5;-48;100
37,5;-47,5;100
37,5;-47;100
37,5;-46,5;100
37,5;-46;100
37,5;-45,5;100
37,5;-45;100
37,5;-44,5;100
37,5;-44;100
37,5;-43,5;100
37,5;-43;76
37,5;-42,5;100
37,5;-42;100
37,5;-41,5;100
37,5;-41;100
37,5;-40,5;100
37,5;-40;100
37,5;-39,5;100
37,5;-39;100
37,5;-38,5;100
37,5;-38;100
37,5;-37,5;100
37,5;-37;100
37,5;-36,5;100
37,5;-36;100
37,5;-35,5;76
37,5;-35;80
37,5;-34,5;60
37,5;-34;24
37,5;-33,5;76
37,5;-33;100
37,5;-32,5;96
37,5;-32;100
37,5;-31,5;100
37,5;-31;100
37,5;-30,5;100
37,5;-30;100
37,5;-29,5;100
37,5;-29;100
37,5;-28,5;96
37,5;-28;48
37,5;-27,5;0
37,5;-27;0
37,5;-26,5;0
37,5;-26;0
37,5;-25,5;0
37,5;-25;0
37,5;-24,5;44
37,5;-24;100
37,5;-23,5;100
37,5;-23;100
37,5;-22,5;100
37,5;-22;100
37,5;-21,5;100
37,5;-21;100
37,5;-20,5;96
37,5;-20;100
37,5;-19,5;100
37,5;-19;96
37,5;-18,5;64
37,5;-18;4
37,5;-17,5;4
37,5;-17;4
37,5;-16,5;0
37,5;-16;0
37,5;-15,5;0
37,5;-15;0
37,5;-14,5;0
37,5;-14;0
37,5;-13,5;0
37,5;-13;0
37,5;-12,5;0
37,5;-12;0
37,5;-11,5;32
37,5;-11;100
37,5;-10,5;100
37,5;-10;100
37,5;-9,5;100
37,5;-9;100
37,5;-8,5;100
37,5;-8;100
37,5;-7,5;100
37,5;-7;100
37,5;-6,5;100
37,5;-6;100
37,5;-5,5;100
37,5;-5;100
37,5;-4,5;100
37,5;-4;100
37,5;-3,5;100
37,5;-3;100
37,5;-2,5;100
37,5;-2;100
37,5;-1,5;100
37,5;-1;100
37,5;-0,5;100
37,5;0;100
37,5;0,5;100
37,5;1;100
37,5;1,5;100
37,5;2;100
37,5;2,5;100
37,5;3;100
37,5;3,5;100
37,5;4;100
37,5;4,5;100
37,5;5;100
37,5;5,5;100
37,5;6;100
37,5;6,5;100
37,5;7;100
37,5;7,5;100
37,5;8;100
37,5;8,5;100
37,5;9;100
37,5;9,5;100
37,5;10;100
37,5;10,5;100
37,5;11;100
37,5;11,5;96
37,5;12;76
37,5;12,5;100
37,5;13;100
37,5;13,5;84
37,5;14;92
37,5;14,5;100
37,5;15;100
37,5;15,5;100
37,5;16;100
37,5;16,5;100
37,5;17;100
37,5;17,5;96
37,5;18;60
37,5;18,5;76
37,5;19;40
37,5;19,5;32
37,5;20;12
37,5;20,5;8
37,5;21;52
37,5;21,5;100
37,5;22;100
37,5;22,5;80
37,5;23;60
37,5;23,5;24
38;-77;32
38;-76,5;64
38;-76;56
38;-75,5;32
38;-74,5;0
38;-74;68
38;-73,5;48
38;-73;8
38;-72,5;28
38;-72;0
38;-71,5;32
38;-71;20
38;-70,5;64
38;-70;36
38;-69,5;12
38;-69;48
38;-68,5;100
38;-68;100
38;-67,5;100
38;-67;100
38;-66,5;100
38;-66;100
38;-65,5;100
38;-65;100
38;-64,5;100
38;-64;100
38;-63,5;100
38;-63;100
38;-62,5;100
38;-62;88
38;-61,5;68
38;-61;80
38;-60,5;100
38;-60;96
38;-59,5;84
38;-59;84
38;-58,5;84
38;-58;92
38;-57,5;96
38;-57;84
38;-56,5;96
38;-56;100
38;-55,5;96
38;-55;88
38;-54,5;100
38;-54;100
38;-53,5;96
38;-53;100
38;-52,5;72
38;-52;56
38;-51,5;100
38;-51;100
38;-50,5;100
38;-50;100
38;-49,5;100
38;-49;100
38;-48,5;100
38;-48;100
38;-47,5;100
38;-47;100
38;-46,5;100
38;-46;100
38;-45,5;100
38;-45;100
38;-44,5;100
38;-44;100
38;-43,5;100
38;-43;96
38;-42,5;100
38;-42;100
38;-41,5;100
38;-41;100
38;-40,5;100
38;-40;100
38;-39,5;100
38;-39;100
38;-38,5;100
38;-38;100
38;-37,5;100
38;-37;100
38;-36,5;100
38;-36;92
38;-35,5;68
38;-35;88
38;-34,5;32
38;-34;68
38;-33,5;88
38;-33;100
38;-32,5;100
38;-32;100
38;-31,5;92
38;-31;100
38;-30,5;100
38;-30;100
38;-29,5;100
38;-29;100
38;-28,5;100
38;-28;88
38;-27,5;12
38;-27;0
38;-26,5;0
38;-26;0
38;-25,5;0
38;-25;0
38;-24,5;32
38;-24;100
38;-23,5;100
38;-23;100
38;-22,5;100
38;-22;100
38;-21,5;100
38;-21;100
38;-20,5;100
38;-20;100
38;-19,5;100
38;-19;100
38;-18,5;100
38;-18;64
38;-17,5;88
38;-17;60
38;-16,5;28
38;-16;44
38;-15,5;36
38;-15;4
38;-14,5;12
38;-14;24
38;-13,5;0
38;-13;0
38;-12,5;0
38;-12;0
38;-11,5;0
38;-11;56
38;-10,5;96
38;-10;100
38;-9,5;100
38;-9;100
38;-8,5;100
38;-8;100
38;-7,5;100
38;-7;100
38;-6,5;100
38;-6;100
38;-5,5;100
38;-5;100
38;-4,5;100
38;-4;100
38;-3,5;100
38;-3;100
38;-2,5;100
38;-2;100
38;-1,5;100
38;-1;100
38;-0,5;100
38;0;100
38;0,5;100
38;1;100
38;1,5;100
38;2;100
38;2,5;100
38;3;100
38;3,5;100
38;4;100
38;4,5;100
38;5;100
38;5,5;100
38;6;100
38;6,5;100
38;7;100
38;7,5;100
38;8;100
38;8,5;100
38;9;88
38;9,5;100
38;10;100
38;10,5;100
38;11;76
38;11,5;32
38;12;16
38;12,5;48
38;13;88
38;13,5;36
38;14;100
38;14,5;84
38;15;84
38;15,5;100
38;16;100
38;16,5;100
38;17;100
38;17,5;88
38;18;40
38;18,5;24
38;19;56
38;19,5;40
38;20;52
38;20,5;72
38;21;84
38;21,5;92
38;22;100
38;22,5;92
38;23;80
38;23,5;36
38,5;-77;32
38,5;-76,5;84
38,5;-76;52
38,5;-75,5;0
38,5;-75;0
38,5;-74,5;40
38,5;-74;88
38,5;-73,5;80
38,5;-73;96
38,5;-72,5;92
38,5;-72;64
38,5;-71,5;84
38,5;-71;100
38,5;-70,5;92
38,5;-70;16
38,5;-69,5;0
38,5;-69;52
38,5;-68,5;92
38,5;-68;100
38,5;-67,5;100
38,5;-67;100
38,5;-66,5;100
38,5;-66;100
38,5;-65,5;100
38,5;-65;100
38,5;-64,5;100
38,5;-64;100
38,5;-63,5;100
38,5;-63;100
38,5;-62,5;100
38,5;-62;100
38,5;-61,5;72
38,5;-61;88
38,5;-60,5;88
38,5;-60;92
38,5;-59,5;76
38,5;-59;64
38,5;-58,5;76
38,5;-58;84
38,5;-57,5;76
38,5;-57;72
38,5;-56,5;36
38,5;-56;88
38,5;-55,5;100
38,5;-55;96
38,5;-54,5;100
38,5;-54;100
38,5;-53,5;80
38,5;-53;100
38,5;-52,5;96
38,5;-52;100
38,5;-51,5;100
38,5;-51;100
38,5;-50,5;100
38,5;-50;100
38,5;-49,5;100
38,5;-49;100
38,5;-48,5;100
38,5;-48;100
38,5;-47,5;100
38,5;-47;100
38,5;-46,5;100
38,5;-46;100
38,5;-45,5;100
38,5;-45;100
38,5;-44,5;100
38,5;-44;100
38,5;-43,5;100
38,5;-43;100
38,5;-42,5;100
38,5;-42;100
38,5;-41,5;100
38,5;-41;100
38,5;-40,5;100
38,5;-40;100
38,5;-39,5;100
38,5;-39;100
38,5;-38,5;100
38,5;-38;100
38,5;-37,5;100
38,5;-37;100
38,5;-36,5;100
38,5;-36;100
38,5;-35,5;96
38,5;-35;100
38,5;-34,5;96
38,5;-34;100
38,5;-33,5;100
38,5;-33;100
38,5;-32,5;100
38,5;-32;100
38,5;-31,5;100
38,5;-31;100
38,5;-30,5;100
38,5;-30;100
38,5;-29,5;100
38,5;-29;100
38,5;-28,5;100
38,5;-28;80
38,5;-27,5;48
38,5;-27;20
38,5;-26,5;20
38,5;-26;0
38,5;-25,5;0
38,5;-25;0
38,5;-24,5;0
38,5;-24;32
38,5;-23,5;80
38,5;-23;100
38,5;-22,5;100
38,5;-22;100
38,5;-21,5;100
38,5;-21;100
38,5;-20,5;100
38,5;-20;100
38,5;-19,5;100
38,5;-19;100
38,5;-18,5;100
38,5;-18;88
38,5;-17,5;100
38,5;-17;96
38,5;-16,5;96
38,5;-16;100
38,5;-15,5;100
38,5;-15;84
38,5;-14,5;72
38,5;-14;88
38,5;-13,5;32
38,5;-13;24
38,5;-12,5;0
38,5;-12;0
38,5;-11,5;0
38,5;-11;8
38,5;-10,5;60
38,5;-10;100
38,5;-9,5;100
38,5;-9;100
38,5;-8,5;100
38,5;-8;100
38,5;-7,5;100
38,5;-7;100
38,5;-6,5;100
38,5;-6;100
38,5;-5,5;100
38,5;-5;100
38,5;-4,5;100
38,5;-4;100
38,5;-3,5;100
38,5;-3;100
38,5;-2,5;100
38,5;-2;100
38,5;-1,5;100
38,5;-1;100
38,5;-0,5;100
38,5;0;100
38,5;0,5;100
38,5;1;100
38,5;1,5;100
38,5;2;100
38,5;2,5;100
38,5;3;100
38,5;3,5;100
38,5;4;100
38,5;4,5;100
38,5;5;100
38,5;5,5;100
38,5;6;100
38,5;6,5;100
38,5;7;100
38,5;7,5;100
38,5;8;100
38,5;8,5;100
38,5;9;88
38,5;9,5;100
38,5;10;92
38,5;10,5;92
38,5;11;88
38,5;11,5;80
38,5;12;56
38,5;12,5;64
38,5;13;44
38,5;13,5;4
38,5;14;56
38,5;14,5;72
38,5;15;92
38,5;15,5;100
38,5;16;96
38,5;16,5;100
38,5;17;100
38,5;17,5;96
38,5;18;64
38,5;18,5;24
38,5;19;28
38,5;19,5;72
38,5;20;88
38,5;20,5;100
38,5;21;88
38,5;21,5;100
38,5;22;100
38,5;22,5;100
38,5;23;96
38,5;23,5;20
39;-77;4
39;-76,5;24
39;-76;40
39;-75,5;44
39;-75;48
39;-74,5;60
39;-74;84
39;-73,5;80
39;-73;100
39;-72,5;100
39;-72;92
39;-71,5;96
39;-71;96
39;-70,5;88
39;-70;52
39;-69,5;36
39;-69;20
39;-68,5;68
39;-68;96
39;-67,5;100
39;-67;100
39;-66,5;100
39;-66;100
39;-65,5;100
39;-65;100
39;-64,5;100
39;-64;100
39;-63,5;100
39;-63;100
39;-62,5;100
39;-62;100
39;-61,5;100
39;-61;100
39;-60,5;84
39;-60;40
39;-59,5;40
39;-59;60
39;-58,5;88
39;-58;96
39;-57,5;92
39;-57;88
39;-56,5;40
39;-56;68
39;-55,5;72
39;-55;96
39;-54,5;100
39;-54;100
39;-53,5;100
39;-53;100
39;-52,5;100
39;-52;100
39;-51,5;100
39;-51;100
39;-50,5;100
39;-50;100
39;-49,5;100
39;-49;100
39;-48,5;100
39;-48;72
39;-47,5;100
39;-47;100
39;-46,5;100
39;-46;100
39;-45,5;100
39;-45;100
39;-44,5;100
39;-44;100
39;-43,5;100
39;-43;100
39;-42,5;100
39;-42;100
39;-41,5;100
39;-41;100
39;-40,5;100
39;-40;100
39;-39,5;100
39;-39;100
39;-38,5;100
39;-38;100
39;-37,5;100
39;-37;100
39;-36,5;100
39;-36;100
39;-35,5;100
39;-35;100
39;-34,5;100
39;-34;100
39;-33,5;80
39;-33;100
39;-32,5;100
39;-32;100
39;-31,5;100
39;-31;100
39;-30,5;100
39;-30;100
39;-29,5;100
39;-29;100
39;-28,5;100
39;-28;100
39;-27,5;100
39;-27;100
39;-26,5;48
39;-26;0
39;-25,5;0
39;-25;0
39;-24,5;0
39;-24;0
39;-23,5;28
39;-23;96
39;-22,5;100
39;-22;100
39;-21,5;100
39;-21;100
39;-20,5;100
39;-20;100
39;-19,5;100
39;-19;100
39;-18,5;100
39;-18;84
39;-17,5;100
39;-17;100
39;-16,5;100
39;-16;100
39;-15,5;100
39;-15;100
39;-14,5;100
39;-14;100
39;-13,5;100
39;-13;88
39;-12,5;80
39;-12;64
39;-11,5;0
39;-11;0
39;-10,5;60
39;-10;100
39;-9,5;100
39;-9;100
39;-8,5;100
39;-8;100
39;-7,5;100
39;-7;100
39;-6,5;100
39;-6;100
39;-5,5;100
39;-5;100
39;-4,5;100
39;-4;100
39;-3,5;100
39;-3;100
39;-2,5;100
39;-2;100
39;-1,5;100
39;-1;100
39;-0,5;100
39;0;100
39;0,5;100
39;1;100
39;1,5;100
39;2;100
39;2,5;100
39;3;100
39;3,5;100
39;4;100
39;4,5;100
39;5;100
39;5,5;100
39;6;100
39;6,5;100
39;7;100
39;7,5;100
39;8;100
39;8,5;100
39;9;100
39;9,5;100
39;10;84
39;10,5;84
39;11;100
39;11,5;100
39;12;44
39;12,5;68
39;13;12
39;13,5;0
39;14;8
39;14,5;76
39;15;96
39;15,5;100
39;16;100
39;16,5;96
39;17;100
39;17,5;88
39;18;40
39;18,5;8
39;19;100
39;19,5;96
39;20;100
39;20,5;100
39;21;100
39;21,5;100
39;22;100
39;22,5;100
39;23;100
39;23,5;40
39,5;-76,5;32
39,5;-76;68
39,5;-75,5;68
39,5;-75;76
39,5;-74,5;80
39,5;-74;84
39,5;-73,5;88
39,5;-73;96
39,5;-72,5;100
39,5;-72;96
39,5;-71,5;84
39,5;-71;96
39,5;-70,5;84
39,5;-70;92
39,5;-69,5;96
39,5;-69;64
39,5;-68,5;48
39,5;-68;96
39,5;-67,5;100
39,5;-67;100
39,5;-66,5;100
39,5;-66;100
39,5;-65,5;100
39,5;-65;100
39,5;-64,5;100
39,5;-64;100
39,5;-63,5;100
39,5;-63;100
39,5;-62,5;100
39,5;-62;100
39,5;-61,5;100
39,5;-61;96
39,5;-60,5;100
39,5;-60;92
39,5;-59,5;76
39,5;-59;84
39,5;-58,5;60
39,5;-58;60
39,5;-57,5;92
39,5;-57;72
39,5;-56,5;96
39,5;-56;72
39,5;-55,5;84
39,5;-55;100
39,5;-54,5;100
39,5;-54;100
39,5;-53,5;100
39,5;-53;100
39,5;-52,5;100
39,5;-52;100
39,5;-51,5;100
39,5;-51;100
39,5;-50,5;100
39,5;-50;100
39,5;-49,5;100
39,5;-49;100
39,5;-48,5;96
39,5;-48;64
39,5;-47,5;100
39,5;-47;100
39,5;-46,5;92
39,5;-46;100
39,5;-45,5;100
39,5;-45;100
39,5;-44,5;100
39,5;-44;100
39,5;-43,5;100
39,5;-43;100
39,5;-42,5;100
39,5;-42;100
39,5;-41,5;100
39,5;-41;100
39,5;-40,5;100
39,5;-40;100
39,5;-39,5;100
39,5;-39;100
39,5;-38,5;100
39,5;-38;100
39,5;-37,5;100
39,5;-37;100
39,5;-36,5;100
39,5;-36;100
39,5;-35,5;100
39,5;-35;100
39,5;-34,5;100
39,5;-34;96
39,5;-33,5;100
39,5;-33;100
39,5;-32,5;100
39,5;-32;100
39,5;-31,5;100
39,5;-31;100
39,5;-30,5;100
39,5;-30;100
39,5;-29,5;100
39,5;-29;100
39,5;-28,5;100
39,5;-28;100
39,5;-27,5;100
39,5;-27;100
39,5;-26,5;76
39,5;-26;0
39,5;-25,5;0
39,5;-25;0
39,5;-24,5;0
39,5;-24;0
39,5;-23,5;40
39,5;-23;100
39,5;-22,5;100
39,5;-22;100
39,5;-21,5;100
39,5;-21;100
39,5;-20,5;100
39,5;-20;100
39,5;-19,5;100
39,5;-19;100
39,5;-18,5;88
39,5;-18;100
39,5;-17,5;100
39,5;-17;100
39,5;-16,5;100
39,5;-16;100
39,5;-15,5;100
39,5;-15;100
39,5;-14,5;100
39,5;-14;100
39,5;-13,5;100
39,5;-13;100
39,5;-12,5;100
39,5;-12;52
39,5;-11,5;0
39,5;-11;0
39,5;-10,5;60
39,5;-10;100
39,5;-9,5;100
39,5;-9;100
39,5;-8,5;100
39,5;-8;100
39,5;-7,5;100
39,5;-7;100
39,5;-6,5;100
39,5;-6;100
39,5;-5,5;100
39,5;-5;100
39,5;-4,5;100
39,5;-4;100
39,5;-3,5;100
39,5;-3;100
39,5;-2,5;100
39,5;-2;100
39,5;-1,5;100
39,5;-1;100
39,5;-0,5;100
39,5;0;100
39,5;0,5;100
39,5;1;100
39,5;1,5;100
39,5;2;100
39,5;2,5;100
39,5;3;100
39,5;3,5;100
39,5;4;100
39,5;4,5;100
39,5;5;100
39,5;5,5;100
39,5;6;100
39,5;6,5;100
39,5;7;100
39,5;7,5;100
39,5;8;100
39,5;8,5;100
39,5;9;100
39,5;9,5;100
39,5;10;100
39,5;10,5;100
39,5;11;100
39,5;11,5;96
39,5;12;80
39,5;12,5;100
39,5;13;72
39,5;13,5;20
39,5;14;8
39,5;14,5;100
39,5;15;100
39,5;15,5;100
39,5;16;100
39,5;16,5;96
39,5;17;96
39,5;17,5;68
39,5;18;24
39,5;18,5;100
39,5;19;100
39,5;19,5;96
39,5;20;100
39,5;20,5;100
39,5;21;100
39,5;21,5;96
39,5;22;100
39,5;22,5;100
39,5;23;100
39,5;23,5;40
40;-77;12
40;-76,5;56
40;-76;68
40;-75,5;40
40;-75;56
40;-74,5;84
40;-74;96
40;-73,5;92
40;-73;100
40;-72,5;96
40;-72;96
40;-71,5;72
40;-71;100
40;-70,5;100
40;-70;96
40;-69,5;100
40;-69;92
40;-68,5;72
40;-68;72
40;-67,5;100
40;-67;100
40;-66,5;100
40;-66;100
40;-65,5;100
40;-65;100
40;-64,5;100
40;-64;100
40;-63,5;100
40;-63;100
40;-62,5;100
40;-62;100
40;-61,5;100
40;-61;96
40;-60,5;96
40;-60;100
40;-59,5;100
40;-59;100
40;-58,5;80
40;-58;48
40;-57,5;100
40;-57;96
40;-56,5;100
40;-56;100
40;-55,5;100
40;-55;100
40;-54,5;100
40;-54;100
40;-53,5;100
40;-53;100
40;-52,5;100
40;-52;100
40;-51,5;100
40;-51;100
40;-50,5;100
40;-50;100
40;-49,5;100
40;-49;100
40;-48,5;76
40;-48;92
40;-47,5;96
40;-47;96
40;-46,5;100
40;-46;100
40;-45,5;100
40;-45;100
40;-44,5;100
40;-44;100
40;-43,5;100
40;-43;100
40;-42,5;100
40;-42;100
40;-41,5;100
40;-41;100
40;-40,5;100
40;-40;100
40;-39,5;100
40;-39;100
40;-38,5;100
40;-38;100
40;-37,5;100
40;-37;100
40;-36,5;100
40;-36;100
40;-35,5;100
40;-35;100
40;-34,5;100
40;-34;100
40;-33,5;100
40;-33;96
40;-32,5;100
40;-32;100
40;-31,5;100
40;-31;100
40;-30,5;100
40;-30;100
40;-29,5;100
40;-29;100
40;-28,5;100
40;-28;100
40;-27,5;100
40;-27;100
40;-26,5;72
40;-26;0
40;-25,5;0
40;-25;0
40;-24,5;8
40;-24;28
40;-23,5;100
40;-23;100
40;-22,5;100
40;-22;100
40;-21,5;100
40;-21;100
40;-20,5;100
40;-20;100
40;-19,5;100
40;-19;100
40;-18,5;100
40;-18;100
40;-17,5;100
40;-17;100
40;-16,5;100
40;-16;100
40;-15,5;100
40;-15;100
40;-14,5;100
40;-14;100
40;-13,5;100
40;-13;100
40;-12,5;100
40;-12;96
40;-11,5;0
40;-11;32
40;-10,5;40
40;-10;88
40;-9,5;100
40;-9;100
40;-8,5;100
40;-8;100
40;-7,5;100
40;-7;100
40;-6,5;100
40;-6;100
40;-5,5;100
40;-5;100
40;-4,5;100
40;-4;100
40;-3,5;100
40;-3;100
40;-2,5;100
40;-2;100
40;-1,5;100
40;-1;100
40;-0,5;100
40;0;100
40;0,5;100
40;1;100
40;1,5;100
40;2;100
40;2,5;100
40;3;100
40;3,5;100
40;4;100
40;4,5;100
40;5;100
40;5,5;100
40;6;100
40;6,5;100
40;7;100
40;7,5;100
40;8;100
40;8,5;100
40;9;100
40;9,5;100
40;10;100
40;10,5;100
40;11;100
40;11,5;100
40;12;100
40;12,5;100
40;13;100
40;13,5;92
40;14;92
40;14,5;100
40;15;100
40;15,5;100
40;16;100
40;16,5;100
40;17;88
40;17,5;84
40;18;24
40;18,5;48
40;19;84
40;19,5;88
40;20;96
40;20,5;100
40;21;100
40;21,5;96
40;22;100
40;22,5;100
40;23;96
40;23,5;40
40,5;-77;8
40,5;-76,5;32
40,5;-76;44
40,5;-75,5;48
40,5;-75;44
40,5;-74,5;92
40,5;-74;100
40,5;-73,5;92
40,5;-73;88
40,5;-72,5;88
40,5;-72;100
40,5;-71,5;96
40,5;-71;88
40,5;-70,5;100
40,5;-70;92
40,5;-69,5;96
40,5;-69;100
40,5;-68,5;92
40,5;-68;96
40,5;-67,5;100
40,5;-67;100
40,5;-66,5;100
40,5;-66;100
40,5;-65,5;100
40,5;-65;100
40,5;-64,5;100
40,5;-64;100
40,5;-63,5;100
40,5;-63;100
40,5;-62,5;100
40,5;-62;100
40,5;-61,5;100
40,5;-61;100
40,5;-60,5;100
40,5;-60;100
40,5;-59,5;100
40,5;-59;100
40,5;-58,5;76
40,5;-58;92
40,5;-57,5;100
40,5;-57;100
40,5;-56,5;100
40,5;-56;100
40,5;-55,5;100
40,5;-55;100
40,5;-54,5;100
40,5;-54;100
40,5;-53,5;100
40,5;-53;100
40,5;-52,5;100
40,5;-52;100
40,5;-51,5;100
40,5;-51;100
40,5;-50,5;100
40,5;-50;100
40,5;-49,5;100
40,5;-49;100
40,5;-48,5;96
40,5;-48;100
40,5;-47,5;100
40,5;-47;100
40,5;-46,5;100
40,5;-46;100
40,5;-45,5;100
40,5;-45;100
40,5;-44,5;100
40,5;-44;100
40,5;-43,5;100
40,5;-43;100
40,5;-42,5;100
40,5;-42;100
40,5;-41,5;100
40,5;-41;100
40,5;-40,5;100
40,5;-40;100
40,5;-39,5;100
40,5;-39;100
40,5;-38,5;100
40,5;-38;100
40,5;-37,5;100
40,5;-37;100
40,5;-36,5;100
40,5;-36;100
40,5;-35,5;100
40,5;-35;100
40,5;-34,5;100
40,5;-34;100
40,5;-33,5;100
40,5;-33;96
40,5;-32,5;100
40,5;-32;100
40,5;-31,5;100
40,5;-31;100
40,5;-30,5;100
40,5;-30;100
40,5;-29,5;100
40,5;-29;100
40,5;-28,5;100
40,5;-28;100
40,5;-27,5;100
40,5;-27;100
40,5;-26,5;84
40,5;-26;0
40,5;-25,5;12
40,5;-25;0
40,5;-24,5;48
40,5;-24;92
40,5;-23,5;100
40,5;-23;100
40,5;-22,5;100
40,5;-22;100
40,5;-21,5;100
40,5;-21;100
40,5;-20,5;100
40,5;-20;100
40,5;-19,5;100
40,5;-19;100
40,5;-18,5;100
40,5;-18;100
40,5;-17,5;100
40,5;-17;100
40,5;-16,5;100
40,5;-16;100
40,5;-15,5;100
40,5;-15;100
40,5;-14,5;100
40,5;-14;100
40,5;-13,5;100
40,5;-13;100
40,5;-12,5;100
40,5;-12;100
40,5;-11,5;80
40,5;-11;96
40,5;-10,5;96
40,5;-10;100
40,5;-9,5;100
40,5;-9;100
40,5;-8,5;100
40,5;-8;100
40,5;-7,5;100
40,5;-7;100
40,5;-6,5;100
40,5;-6;100
40,5;-5,5;100
40,5;-5;100
40,5;-4,5;100
40,5;-4;100
40,5;-3,5;100
40,5;-3;100
40,5;-2,5;100
40,5;-2;96
40,5;-1,5;100
40,5;-1;96
40,5;-0,5;96
40,5;0;96
40,5;0,5;100
40,5;1;84
40,5;1,5;100
40,5;2;100
40,5;2,5;100
40,5;3;100
40,5;3,5;100
40,5;4;100
40,5;4,5;100
40,5;5;100
40,5;5,5;100
40,5;6;100
40,5;6,5;100
40,5;7;100
40,5;7,5;100
40,5;8;100
40,5;8,5;100
40,5;9;100
40,5;9,5;100
40,5;10;100
40,5;10,5;100
40,5;11;100
40,5;11,5;100
40,5;12;100
40,5;12,5;100
40,5;13;100
40,5;13,5;100
40,5;14;100
40,5;14,5;100
40,5;15;100
40,5;15,5;100
40,5;16;100
40,5;16,5;100
40,5;17;92
40,5;17,5;80
40,5;18;24
40,5;18,5;28
40,5;19;60
40,5;19,5;36
40,5;20;84
40,5;20,5;96
40,5;21;100
40,5;21,5;96
40,5;22;92
40,5;22,5;96
40,5;23;68
40,5;23,5;40
41;-77;4
41;-76,5;48
41;-76;24
41;-75,5;80
41;-75;48
41;-74,5;52
41;-74;100
41;-73,5;72
41;-73;80
41;-72,5;92
41;-72;76
41;-71,5;88
41;-71;76
41;-70,5;76
41;-70;84
41;-69,5;92
41;-69;92
41;-68,5;100
41;-68;100
41;-67,5;100
41;-67;100
41;-66,5;96
41;-66;100
41;-65,5;100
41;-65;100
41;-64,5;100
41;-64;100
41;-63,5;100
41;-63;100
41;-62,5;100
41;-62;100
41;-61,5;100
41;-61;100
41;-60,5;100
41;-60;100
41;-59,5;100
41;-59;100
41;-58,5;100
41;-58;100
41;-57,5;100
41;-57;100
41;-56,5;100
41;-56;100
41;-55,5;100
41;-55;100
41;-54,5;100
41;-54;100
41;-53,5;100
41;-53;100
41;-52,5;100
41;-52;100
41;-51,5;100
41;-51;100
41;-50,5;100
41;-50;100
41;-49,5;100
41;-49;100
41;-48,5;100
41;-48;100
41;-47,5;100
41;-47;100
41;-46,5;100
41;-46;100
41;-45,5;100
41;-45;100
41;-44,5;100
41;-44;100
41;-43,5;100
41;-43;100
41;-42,5;100
41;-42;100
41;-41,5;100
41;-41;100
41;-40,5;100
41;-40;100
41;-39,5;100
41;-39;100
41;-38,5;100
41;-38;100
41;-37,5;100
41;-37;100
41;-36,5;100
41;-36;100
41;-35,5;100
41;-35;100
41;-34,5;100
41;-34;100
41;-33,5;100
41;-33;100
41;-32,5;100
41;-32;100
41;-31,5;100
41;-31;100
41;-30,5;100
41;-30;100
41;-29,5;100
41;-29;100
41;-28,5;100
41;-28;100
41;-27,5;100
41;-27;100
41;-26,5;100
41;-26;88
41;-25,5;96
41;-25;84
41;-24,5;96
41;-24;100
41;-23,5;100
41;-23;100
41;-22,5;100
41;-22;100
41;-21,5;100
41;-21;100
41;-20,5;100
41;-20;100
41;-19,5;100
41;-19;100
41;-18,5;100
41;-18;100
41;-17,5;100
41;-17;100
41;-16,5;100
41;-16;100
41;-15,5;100
41;-15;100
41;-14,5;100
41;-14;100
41;-13,5;100
41;-13;100
41;-12,5;100
41;-12;100
41;-11,5;100
41;-11;100
41;-10,5;100
41;-10;100
41;-9,5;100
41;-9;100
41;-8,5;100
41;-8;100
41;-7,5;100
41;-7;100
41;-6,5;100
41;-6;100
41;-5,5;100
41;-5;100
41;-4,5;100
41;-4;100
41;-3,5;100
41;-3;100
41;-2,5;100
41;-2;92
41;-1,5;68
41;-1;84
41;-0,5;60
41;0;20
41;0,5;68
41;1;28
41;1,5;84
41;2;96
41;2,5;100
41;3;100
41;3,5;100
41;4;100
41;4,5;100
41;5;100
41;5,5;100
41;6;100
41;6,5;100
41;7;100
41;7,5;100
41;8;100
41;8,5;100
41;9;100
41;9,5;100
41;10;100
41;10,5;100
41;11;100
41;11,5;100
41;12;100
41;12,5;100
41;13;100
41;13,5;100
41;14;100
41;14,5;100
41;15;100
41;15,5;100
41;16;100
41;16,5;96
41;17;44
41;17,5;12
41;18;0
41;18,5;0
41;19;12
41;19,5;32
41;20;36
41;20,5;76
41;21;96
41;21,5;100
41;22;96
41;22,5;100
41;23;100
41;23,5;40
41,5;-77;4
41,5;-76,5;72
41,5;-76;20
41,5;-75,5;56
41,5;-75;24
41,5;-74,5;44
41,5;-74;52
41,5;-73,5;60
41,5;-73;96
41,5;-72,5;100
41,5;-72;56
41,5;-71,5;52
41,5;-71;36
41,5;-70,5;80
41,5;-70;44
41,5;-69,5;60
41,5;-69;100
41,5;-68,5;100
41,5;-68;100
41,5;-67,5;100
41,5;-67;100
41,5;-66,5;92
41,5;-66;100
41,5;-65,5;100
41,5;-65;100
41,5;-64,5;100
41,5;-64;100
41,5;-63,5;100
41,5;-63;100
41,5;-62,5;100
41,5;-62;100
41,5;-61,5;100
41,5;-61;100
41,5;-60,5;100
41,5;-60;100
41,5;-59,5;100
41,5;-59;100
41,5;-58,5;84
41,5;-58;100
41,5;-57,5;100
41,5;-57;100
41,5;-56,5;100
41,5;-56;100
41,5;-55,5;100
41,5;-55;100
41,5;-54,5;100
41,5;-54;100
41,5;-53,5;100
41,5;-53;100
41,5;-52,5;100
41,5;-52;100
41,5;-51,5;100
41,5;-51;100
41,5;-50,5;100
41,5;-50;100
41,5;-49,5;100
41,5;-49;100
41,5;-48,5;100
41,5;-48;100
41,5;-47,5;100
41,5;-47;100
41,5;-46,5;100
41,5;-46;100
41,5;-45,5;100
41,5;-45;100
41,5;-44,5;100
41,5;-44;100
41,5;-43,5;100
41,5;-43;100
41,5;-42,5;100
41,5;-42;100
41,5;-41,5;100
41,5;-41;100
41,5;-40,5;100
41,5;-40;100
41,5;-39,5;100
41,5;-39;100
41,5;-38,5;100
41,5;-38;100
41,5;-37,5;100
41,5;-37;100
41,5;-36,5;100
41,5;-36;100
41,5;-35,5;100
41,5;-35;100
41,5;-34,5;100
41,5;-34;100
41,5;-33,5;100
41,5;-33;100
41,5;-32,5;100
41,5;-32;100
41,5;-31,5;100
41,5;-31;100
41,5;-30,5;100
41,5;-30;100
41,5;-29,5;100
41,5;-29;100
41,5;-28,5;100
41,5;-28;100
41,5;-27,5;100
41,5;-27;100
41,5;-26,5;100
41,5;-26;100
41,5;-25,5;100
41,5;-25;100
41,5;-24,5;100
41,5;-24;100
41,5;-23,5;100
41,5;-23;100
41,5;-22,5;100
41,5;-22;100
41,5;-21,5;100
41,5;-21;100
41,5;-20,5;100
41,5;-20;100
41,5;-19,5;100
41,5;-19;100
41,5;-18,5;100
41,5;-18;100
41,5;-17,5;100
41,5;-17;100
41,5;-16,5;100
41,5;-16;100
41,5;-15,5;100
41,5;-15;100
41,5;-14,5;100
41,5;-14;100
41,5;-13,5;100
41,5;-13;100
41,5;-12,5;100
41,5;-12;100
41,5;-11,5;100
41,5;-11;100
41,5;-10,5;100
41,5;-10;100
41,5;-9,5;100
41,5;-9;100
41,5;-8,5;100
41,5;-8;100
41,5;-7,5;100
41,5;-7;100
41,5;-6,5;100
41,5;-6;100
41,5;-5,5;100
41,5;-5;100
41,5;-4,5;100
41,5;-4;100
41,5;-3,5;100
41,5;-3;100
41,5;-2,5;100
41,5;-2;100
41,5;-1,5;96
41,5;-1;84
41,5;-0,5;40
41,5;0;0
41,5;0,5;20
41,5;1;0
41,5;1,5;8
41,5;2;32
41,5;2,5;76
41,5;3;92
41,5;3,5;100
41,5;4;100
41,5;4,5;100
41,5;5;100
41,5;5,5;100
41,5;6;100
41,5;6,5;96
41,5;7;100
41,5;7,5;100
41,5;8;100
41,5;8,5;100
41,5;9;100
41,5;9,5;100
41,5;10;100
41,5;10,5;100
41,5;11;100
41,5;11,5;100
41,5;12;100
41,5;12,5;100
41,5;13;100
41,5;13,5;100
41,5;14;100
41,5;14,5;100
41,5;15;100
41,5;15,5;100
41,5;16;100
41,5;16,5;96
41,5;17;36
41,5;17,5;0
41,5;18;0
41,5;18,5;0
41,5;19;0
41,5;19,5;28
41,5;20;8
41,5;20,5;40
41,5;21;84
41,5;21,5;100
41,5;22;96
41,5;22,5;96
41,5;23;100
41,5;23,5;48
42;-77;12
42;-76,5;40
42;-76;20
42;-75,5;44
42;-75;0
42;-74,5;24
42;-74;0
42;-73,5;44
42;-73;96
42;-72,5;100
42;-72;52
42;-71,5;8
42;-71;12
42;-70,5;40
42;-70;84
42;-69,5;84
42;-69;100
42;-68,5;100
42;-68;100
42;-67,5;100
42;-67;100
42;-66,5;88
42;-66;100
42;-65,5;100
42;-65;100
42;-64,5;100
42;-64;100
42;-63,5;100
42;-63;100
42;-62,5;100
42;-62;100
42;-61,5;96
42;-61;100
42;-60,5;96
42;-60;96
42;-59,5;100
42;-59;100
42;-58,5;100
42;-58;100
42;-57,5;100
42;-57;100
42;-56,5;100
42;-56;100
42;-55,5;100
42;-55;100
42;-54,5;100
42;-54;100
42;-53,5;100
42;-53;100
42;-52,5;100
42;-52;100
42;-51,5;100
42;-51;100
42;-50,5;100
42;-50;100
42;-49,5;100
42;-49;100
42;-48,5;100
42;-48;100
42;-47,5;100
42;-47;100
42;-46,5;100
42;-46;100
42;-45,5;100
42;-45;100
42;-44,5;100
42;-44;100
42;-43,5;100
42;-43;100
42;-42,5;100
42;-42;100
42;-41,5;100
42;-41;100
42;-40,5;100
42;-40;100
42;-39,5;100
42;-39;100
42;-38,5;100
42;-38;100
42;-37,5;100
42;-37;100
42;-36,5;100
42;-36;100
42;-35,5;100
42;-35;100
42;-34,5;100
42;-34;100
42;-33,5;100
42;-33;100
42;-32,5;100
42;-32;100
42;-31,5;100
42;-31;100
42;-30,5;100
42;-30;100
42;-29,5;100
42;-29;100
42;-28,5;100
42;-28;100
42;-27,5;100
42;-27;100
42;-26,5;100
42;-26;100
42;-25,5;100
42;-25;100
42;-24,5;100
42;-24;100
42;-23,5;100
42;-23;100
42;-22,5;100
42;-22;100
42;-21,5;100
42;-21;100
42;-20,5;100
42;-20;100
42;-19,5;100
42;-19;100
42;-18,5;100
42;-18;100
42;-17,5;100
42;-17;100
42;-16,5;100
42;-16;100
42;-15,5;100
42;-15;100
42;-14,5;100
42;-14;100
42;-13,5;100
42;-13;100
42;-12,5;100
42;-12;100
42;-11,5;100
42;-11;100
42;-10,5;100
42;-10;100
42;-9,5;100
42;-9;100
42;-8,5;100
42;-8;100
42;-7,5;100
42;-7;100
42;-6,5;100
42;-6;100
42;-5,5;100
42;-5;100
42;-4,5;100
42;-4;100
42;-3,5;100
42;-3;100
42;-2,5;100
42;-2;100
42;-1,5;96
42;-1;100
42;-0,5;84
42;0;0
42;0,5;0
42;1;0
42;1,5;0
42;2;0
42;2,5;36
42;3;64
42;3,5;100
42;4;100
42;4,5;100
42;5;100
42;5,5;100
42;6;100
42;6,5;100
42;7;100
42;7,5;100
42;8;100
42;8,5;100
42;9;100
42;9,5;100
42;10;100
42;10,5;100
42;11;100
42;11,5;100
42;12;100
42;12,5;100
42;13;100
42;13,5;100
42;14;100
42;14,5;100
42;15;100
42;15,5;100
42;16;100
42;16,5;84
42;17;12
42;17,5;4
42;18;0
42;18,5;0
42;19;0
42;19,5;0
42;20;4
42;20,5;88
42;21;88
42;21,5;100
42;22;100
42;22,5;100
42;23;92
42;23,5;60
42,5;-77;4
42,5;-76,5;0
42,5;-76;20
42,5;-75,5;44
42,5;-75;8
42,5;-74,5;28
42,5;-74;8
42,5;-73,5;12
42,5;-73;52
42,5;-72,5;84
42,5;-72;64
42,5;-71,5;24
42,5;-71;52
42,5;-70,5;40
42,5;-70;96
42,5;-69,5;100
42,5;-69;100
42,5;-68,5;100
42,5;-68;100
42,5;-67,5;100
42,5;-67;96
42,5;-66,5;96
42,5;-66;100
42,5;-65,5;100
42,5;-65;100
42,5;-64,5;100
42,5;-64;100
42,5;-63,5;100
42,5;-63;100
42,5;-62,5;100
42,5;-62;100
42,5;-61,5;100
42,5;-61;96
42,5;-60,5;100
42,5;-60;100
42,5;-59,5;100
42,5;-59;100
42,5;-58,5;100
42,5;-58;100
42,5;-57,5;100
42,5;-57;100
42,5;-56,5;100
42,5;-56;100
42,5;-55,5;100
42,5;-55;100
42,5;-54,5;100
42,5;-54;100
42,5;-53,5;100
42,5;-53;100
42,5;-52,5;100
42,5;-52;100
42,5;-51,5;100
42,5;-51;100
42,5;-50,5;100
42,5;-50;100
42,5;-49,5;100
42,5;-49;100
42,5;-48,5;100
42,5;-48;100
42,5;-47,5;100
42,5;-47;100
42,5;-46,5;100
42,5;-46;100
42,5;-45,5;100
42,5;-45;100
42,5;-44,5;100
42,5;-44;100
42,5;-43,5;100
42,5;-43;100
42,5;-42,5;100
42,5;-42;100
42,5;-41,5;100
42,5;-41;100
42,5;-40,5;100
42,5;-40;100
42,5;-39,5;100
42,5;-39;100
42,5;-38,5;100
42,5;-38;100
42,5;-37,5;100
42,5;-37;100
42,5;-36,5;100
42,5;-36;100
42,5;-35,5;100
42,5;-35;100
42,5;-34,5;100
42,5;-34;100
42,5;-33,5;100
42,5;-33;100
42,5;-32,5;100
42,5;-32;100
42,5;-31,5;100
42,5;-31;100
42,5;-30,5;100
42,5;-30;100
42,5;-29,5;100
42,5;-29;100
42,5;-28,5;100
42,5;-28;100
42,5;-27,5;100
42,5;-27;100
42,5;-26,5;100
42,5;-26;100
42,5;-25,5;100
42,5;-25;100
42,5;-24,5;100
42,5;-24;100
42,5;-23,5;100
42,5;-23;100
42,5;-22,5;100
42,5;-22;100
42,5;-21,5;100
42,5;-21;100
42,5;-20,5;100
42,5;-20;100
42,5;-19,5;100
42,5;-19;100
42,5;-18,5;100
42,5;-18;100
42,5;-17,5;100
42,5;-17;100
42,5;-16,5;100
42,5;-16;100
42,5;-15,5;100
42,5;-15;100
42,5;-14,5;100
42,5;-14;100
42,5;-13,5;100
42,5;-13;100
42,5;-12,5;100
42,5;-12;100
42,5;-11,5;100
42,5;-11;100
42,5;-10,5;100
42,5;-10;100
42,5;-9,5;100
42,5;-9;100
42,5;-8,5;100
42,5;-8;100
42,5;-7,5;100
42,5;-7;100
42,5;-6,5;100
42,5;-6;100
42,5;-5,5;100
42,5;-5;100
42,5;-4,5;100
42,5;-4;100
42,5;-3,5;100
42,5;-3;100
42,5;-2,5;100
42,5;-2;100
42,5;-1,5;100
42,5;-1;92
42,5;-0,5;12
42,5;0;48
42,5;0,5;4
42,5;1;28
42,5;1,5;32
42,5;2;52
42,5;2,5;100
42,5;3;100
42,5;3,5;100
42,5;4;100
42,5;4,5;100
42,5;5;100
42,5;5,5;100
42,5;6;100
42,5;6,5;100
42,5;7;100
42,5;7,5;100
42,5;8;100
42,5;8,5;100
42,5;9;100
42,5;9,5;100
42,5;10;100
42,5;10,5;100
42,5;11;100
42,5;11,5;100
42,5;12;100
42,5;12,5;100
42,5;13;100
42,5;13,5;100
42,5;14;100
42,5;14,5;100
42,5;15;100
42,5;15,5;100
42,5;16;100
42,5;16,5;96
42,5;17;80
42,5;17,5;16
42,5;18;0
42,5;18,5;0
42,5;20;0
42,5;20,5;36
42,5;21;96
42,5;21,5;100
42,5;22;100
42,5;22,5;100
42,5;23;100
42,5;23,5;60
43;-77;16
43;-76,5;56
43;-76;0
43;-75,5;4
43;-75;28
43;-74,5;36
43;-74;8
43;-73,5;0
43;-73;0
43;-72,5;52
43;-72;88
43;-71,5;64
43;-71;80
43;-70,5;88
43;-70;100
43;-69,5;100
43;-69;100
43;-68,5;100
43;-68;100
43;-67,5;100
43;-67;100
43;-66,5;100
43;-66;100
43;-65,5;100
43;-65;100
43;-64,5;100
43;-64;100
43;-63,5;100
43;-63;100
43;-62,5;100
43;-62;100
43;-61,5;100
43;-61;100
43;-60,5;100
43;-60;100
43;-59,5;100
43;-59;100
43;-58,5;100
43;-58;100
43;-57,5;100
43;-57;100
43;-56,5;100
43;-56;100
43;-55,5;100
43;-55;100
43;-54,5;100
43;-54;100
43;-53,5;100
43;-53;100
43;-52,5;100
43;-52;100
43;-51,5;100
43;-51;100
43;-50,5;100
43;-50;100
43;-49,5;100
43;-49;100
43;-48,5;100
43;-48;100
43;-47,5;100
43;-47;100
43;-46,5;100
43;-46;100
43;-45,5;100
43;-45;100
43;-44,5;100
43;-44;100
43;-43,5;100
43;-43;100
43;-42,5;100
43;-42;100
43;-41,5;100
43;-41;100
43;-40,5;100
43;-40;100
43;-39,5;100
43;-39;100
43;-38,5;100
43;-38;100
43;-37,5;100
43;-37;100
43;-36,5;100
43;-36;100
43;-35,5;100
43;-35;100
43;-34,5;100
43;-34;100
43;-33,5;100
43;-33;100
43;-32,5;92
43;-32;64
43;-31,5;100
43;-31;100
43;-30,5;100
43;-30;100
43;-29,5;100
43;-29;100
43;-28,5;100
43;-28;100
43;-27,5;100
43;-27;100
43;-26,5;100
43;-26;100
43;-25,5;100
43;-25;100
43;-24,5;100
43;-24;100
43;-23,5;100
43;-23;100
43;-22,5;100
43;-22;100
43;-21,5;100
43;-21;100
43;-20,5;100
43;-20;100
43;-19,5;100
43;-19;100
43;-18,5;100
43;-18;100
43;-17,5;100
43;-17;100
43;-16,5;100
43;-16;100
43;-15,5;100
43;-15;100
43;-14,5;100
43;-14;100
43;-13,5;100
43;-13;100
43;-12,5;100
43;-12;100
43;-11,5;100
43;-11;100
43;-10,5;100
43;-10;100
43;-9,5;100
43;-9;100
43;-8,5;100
43;-8;100
43;-7,5;100
43;-7;100
43;-6,5;100
43;-6;100
43;-5,5;100
43;-5;100
43;-4,5;100
43;-4;100
43;-3,5;100
43;-3;100
43;-2,5;100
43;-2;100
43;-1,5;96
43;-1;96
43;-0,5;96
43;0;92
43;0,5;64
43;1;96
43;1,5;96
43;2;100
43;2,5;100
43;3;100
43;3,5;100
43;4;100
43;4,5;100
43;5;100
43;5,5;100
43;6;100
43;6,5;100
43;7;100
43;7,5;100
43;8;100
43;8,5;100
43;9;100
43;9,5;100
43;10;100
43;10,5;100
43;11;100
43;11,5;100
43;12;100
43;12,5;100
43;13;100
43;13,5;100
43;14;100
43;14,5;100
43;15;100
43;15,5;100
43;16;100
43;16,5;100
43;17;100
43;17,5;24
43;18;0
43;18,5;0
43;19;0
43;19,5;0
43;20,5;0
43;21;96
43;21,5;100
43;22;100
43;22,5;100
43;23;96
43;23,5;60
43,5;-77;16
43,5;-76,5;96
43,5;-76;8
43,5;-75,5;8
43,5;-75;4
43,5;-74,5;4
43,5;-73,5;0
43,5;-73;36
43,5;-72,5;72
43,5;-72;96
43,5;-71,5;96
43,5;-71;76
43,5;-70,5;92
43,5;-70;100
43,5;-69,5;100
43,5;-69;100
43,5;-68,5;100
43,5;-68;100
43,5;-67,5;100
43,5;-67;100
43,5;-66,5;100
43,5;-66;100
43,5;-65,5;100
43,5;-65;100
43,5;-64,5;100
43,5;-64;100
43,5;-63,5;100
43,5;-63;100
43,5;-62,5;100
43,5;-62;100
43,5;-61,5;100
43,5;-61;100
43,5;-60,5;100
43,5;-60;100
43,5;-59,5;100
43,5;-59;100
43,5;-58,5;100
43,5;-58;100
43,5;-57,5;100
43,5;-57;100
43,5;-56,5;100
43,5;-56;100
43,5;-55,5;100
43,5;-55;100
43,5;-54,5;100
43,5;-54;100
43,5;-53,5;100
43,5;-53;100
43,5;-52,5;100
43,5;-52;100
43,5;-51,5;100
43,5;-51;100
43,5;-50,5;100
43,5;-50;100
43,5;-49,5;100
43,5;-49;100
43,5;-48,5;100
43,5;-48;100
43,5;-47,5;100
43,5;-47;100
43,5;-46,5;100
43,5;-46;100
43,5;-45,5;100
43,5;-45;100
43,5;-44,5;100
43,5;-44;100
43,5;-43,5;100
43,5;-43;100
43,5;-42,5;100
43,5;-42;100
43,5;-41,5;100
43,5;-41;100
43,5;-40,5;100
43,5;-40;100
43,5;-39,5;100
43,5;-39;100
43,5;-38,5;100
43,5;-38;100
43,5;-37,5;100
43,5;-37;100
43,5;-36,5;100
43,5;-36;100
43,5;-35,5;100
43,5;-35;100
43,5;-34,5;100
43,5;-34;100
43,5;-33,5;100
43,5;-33;88
43,5;-32,5;76
43,5;-32;92
43,5;-31,5;100
43,5;-31;100
43,5;-30,5;100
43,5;-30;100
43,5;-29,5;100
43,5;-29;100
43,5;-28,5;100
43,5;-28;100
43,5;-27,5;100
43,5;-27;100
43,5;-26,5;100
43,5;-26;100
43,5;-25,5;100
43,5;-25;100
43,5;-24,5;100
43,5;-24;100
43,5;-23,5;100
43,5;-23;100
43,5;-22,5;100
43,5;-22;100
43,5;-21,5;100
43,5;-21;100
43,5;-20,5;100
43,5;-20;100
43,5;-19,5;100
43,5;-19;100
43,5;-18,5;100
43,5;-18;100
43,5;-17,5;100
43,5;-17;100
43,5;-16,5;100
43,5;-16;100
43,5;-15,5;100
43,5;-15;100
43,5;-14,5;100
43,5;-14;100
43,5;-13,5;100
43,5;-13;100
43,5;-12,5;100
43,5;-12;100
43,5;-11,5;100
43,5;-11;100
43,5;-10,5;100
43,5;-10;100
43,5;-9,5;100
43,5;-9;100
43,5;-8,5;100
43,5;-8;100
43,5;-7,5;100
43,5;-7;96
43,5;-6,5;100
43,5;-6;100
43,5;-5,5;100
43,5;-5;100
43,5;-4,5;100
43,5;-4;100
43,5;-3,5;100
43,5;-3;100
43,5;-2,5;100
43,5;-2;100
43,5;-1,5;100
43,5;-1;100
43,5;-0,5;100
43,5;0;68
43,5;0,5;36
43,5;1;52
43,5;1,5;100
43,5;2;100
43,5;2,5;100
43,5;3;100
43,5;3,5;100
43,5;4;100
43,5;4,5;100
43,5;5;100
43,5;5,5;100
43,5;6;100
43,5;6,5;100
43,5;7;100
43,5;7,5;100
43,5;8;100
43,5;8,5;100
43,5;9;96
43,5;9,5;100
43,5;10;100
43,5;10,5;100
43,5;11;100
43,5;11,5;100
43,5;12;100
43,5;12,5;100
43,5;13;100
43,5;13,5;100
43,5;14;100
43,5;14,5;100
43,5;15;100
43,5;15,5;100
43,5;16;96
43,5;16,5;96
43,5;17;80
43,5;17,5;40
43,5;18;0
43,5;18,5;0
43,5;19;0
43,5;19,5;0
43,5;20,5;8
43,5;21;96
43,5;21,5;100
43,5;22;100
43,5;22,5;100
43,5;23;100
43,5;23,5;60
44;-77;0
44;-76,5;48
44;-76;12
44;-75,5;28
44;-75;0
44;-74,5;24
44;-74;72
44;-73,5;16
44;-73;60
44;-72,5;80
44;-72;96
44;-71,5;100
44;-71;100
44;-70,5;92
44;-70;100
44;-69,5;100
44;-69;96
44;-68,5;100
44;-68;92
44;-67,5;100
44;-67;100
44;-66,5;100
44;-66;100
44;-65,5;100
44;-65;100
44;-64,5;100
44;-64;100
44;-63,5;100
44;-63;100
44;-62,5;100
44;-62;100
44;-61,5;100
44;-61;100
44;-60,5;100
44;-60;100
44;-59,5;100
44;-59;100
44;-58,5;100
44;-58;100
44;-57,5;100
44;-57;100
44;-56,5;100
44;-56;100
44;-55,5;100
44;-55;100
44;-54,5;100
44;-54;100
44;-53,5;100
44;-53;100
44;-52,5;100
44;-52;100
44;-51,5;100
44;-51;100
44;-50,5;100
44;-50;100
44;-49,5;100
44;-49;100
44;-48,5;100
44;-48;100
44;-47,5;100
44;-47;100
44;-46,5;100
44;-46;100
44;-45,5;100
44;-45;100
44;-44,5;100
44;-44;100
44;-43,5;100
44;-43;100
44;-42,5;100
44;-42;100
44;-41,5;100
44;-41;100
44;-40,5;100
44;-40;100
44;-39,5;100
44;-39;100
44;-38,5;100
44;-38;100
44;-37,5;100
44;-37;100
44;-36,5;100
44;-36;100
44;-35,5;100
44;-35;100
44;-34,5;100
44;-34;100
44;-33,5;96
44;-33;80
44;-32,5;96
44;-32;100
44;-31,5;100
44;-31;100
44;-30,5;100
44;-30;100
44;-29,5;100
44;-29;100
44;-28,5;100
44;-28;88
44;-27,5;100
44;-27;100
44;-26,5;100
44;-26;100
44;-25,5;100
44;-25;100
44;-24,5;100
44;-24;100
44;-23,5;100
44;-23;100
44;-22,5;100
44;-22;100
44;-21,5;100
44;-21;100
44;-20,5;100
44;-20;100
44;-19,5;100
44;-19;100
44;-18,5;100
44;-18;100
44;-17,5;100
44;-17;100
44;-16,5;100
44;-16;100
44;-15,5;100
44;-15;100
44;-14,5;100
44;-14;100
44;-13,5;100
44;-13;100
44;-12,5;100
44;-12;100
44;-11,5;100
44;-11;100
44;-10,5;100
44;-10;100
44;-9,5;100
44;-9;100
44;-8,5;100
44;-8;100
44;-7,5;100
44;-7;100
44;-6,5;100
44;-6;100
44;-5,5;100
44;-5;100
44;-4,5;100
44;-4;100
44;-3,5;100
44;-3;100
44;-2,5;100
44;-2;100
44;-1,5;100
44;-1;96
44;-0,5;76
44;0;8
44;0,5;0
44;1;20
44;1,5;96
44;2;100
44;2,5;100
44;3;100
44;3,5;100
44;4;100
44;4,5;100
44;5;100
44;5,5;100
44;6;100
44;6,5;100
44;7;100
44;7,5;100
44;8;100
44;8,5;100
44;9;100
44;9,5;100
44;10;100
44;10,5;100
44;11;100
44;11,5;100
44;12;100
44;12,5;100
44;13;100
44;13,5;100
44;14;100
44;14,5;100
44;15;100
44;15,5;100
44;16;100
44;16,5;96
44;17;92
44;17,5;52
44;18;0
44;18,5;0
44;19;0
44;19,5;0
44;20;4
44;20,5;92
44;21;100
44;21,5;100
44;22;100
44;22,5;100
44;23;100
44;23,5;60
44,5;-77;0
44,5;-76,5;0
44,5;-76;12
44,5;-75,5;16
44,5;-75;0
44,5;-74,5;56
44,5;-74;48
44,5;-73,5;32
44,5;-73;88
44,5;-72,5;92
44,5;-72;92
44,5;-71,5;80
44,5;-71;100
44,5;-70,5;100
44,5;-70;100
44,5;-69,5;100
44,5;-69;100
44,5;-68,5;100
44,5;-68;100
44,5;-67,5;100
44,5;-67;100
44,5;-66,5;96
44,5;-66;96
44,5;-65,5;100
44,5;-65;100
44,5;-64,5;100
44,5;-64;100
44,5;-63,5;100
44,5;-63;100
44,5;-62,5;100
44,5;-62;100
44,5;-61,5;100
44,5;-61;100
44,5;-60,5;100
44,5;-60;100
44,5;-59,5;100
44,5;-59;100
44,5;-58,5;100
44,5;-58;100
44,5;-57,5;100
44,5;-57;100
44,5;-56,5;100
44,5;-56;100
44,5;-55,5;100
44,5;-55;100
44,5;-54,5;100
44,5;-54;100
44,5;-53,5;100
44,5;-53;100
44,5;-52,5;100
44,5;-52;100
44,5;-51,5;100
44,5;-51;100
44,5;-50,5;100
44,5;-50;100
44,5;-49,5;92
44,5;-49;92
44,5;-48,5;100
44,5;-48;100
44,5;-47,5;100
44,5;-47;100
44,5;-46,5;100
44,5;-46;100
44,5;-45,5;100
44,5;-45;100
44,5;-44,5;100
44,5;-44;100
44,5;-43,5;100
44,5;-43;100
44,5;-42,5;100
44,5;-42;100
44,5;-41,5;100
44,5;-41;100
44,5;-40,5;100
44,5;-40;100
44,5;-39,5;100
44,5;-39;100
44,5;-38,5;100
44,5;-38;100
44,5;-37,5;100
44,5;-37;100
44,5;-36,5;100
44,5;-36;100
44,5;-35,5;100
44,5;-35;100
44,5;-34,5;100
44,5;-34;96
44,5;-33,5;92
44,5;-33;92
44,5;-32,5;100
44,5;-32;100
44,5;-31,5;100
44,5;-31;100
44,5;-30,5;100
44,5;-30;100
44,5;-29,5;100
44,5;-29;100
44,5;-28,5;100
44,5;-28;100
44,5;-27,5;100
44,5;-27;100
44,5;-26,5;100
44,5;-26;100
44,5;-25,5;100
44,5;-25;100
44,5;-24,5;100
44,5;-24;100
44,5;-23,5;100
44,5;-23;100
44,5;-22,5;100
44,5;-22;100
44,5;-21,5;100
44,5;-21;100
44,5;-20,5;100
44,5;-20;100
44,5;-19,5;100
44,5;-19;100
44,5;-18,5;100
44,5;-18;80
44,5;-17,5;76
44,5;-17;100
44,5;-16,5;100
44,5;-16;100
44,5;-15,5;100
44,5;-15;100
44,5;-14,5;100
44,5;-14;100
44,5;-13,5;100
44,5;-13;100
44,5;-12,5;100
44,5;-12;100
44,5;-11,5;100
44,5;-11;100
44,5;-10,5;100
44,5;-10;100
44,5;-9,5;100
44,5;-9;100
44,5;-8,5;100
44,5;-8;100
44,5;-7,5;100
44,5;-7;100
44,5;-6,5;100
44,5;-6;100
44,5;-5,5;100
44,5;-5;100
44,5;-4,5;100
44,5;-4;100
44,5;-3,5;100
44,5;-3;100
44,5;-2,5;100
44,5;-2;96
44,5;-1,5;96
44,5;-1;100
44,5;-0,5;100
44,5;0;48
44,5;0,5;8
44,5;1;0
44,5;1,5;28
44,5;2;64
44,5;2,5;100
44,5;3;100
44,5;3,5;100
44,5;4;100
44,5;4,5;100
44,5;5;100
44,5;5,5;100
44,5;6;100
44,5;6,5;100
44,5;7;100
44,5;7,5;100
44,5;8;100
44,5;8,5;100
44,5;9;100
44,5;9,5;100
44,5;10;100
44,5;10,5;100
44,5;11;100
44,5;11,5;100
44,5;12;100
44,5;12,5;100
44,5;13;100
44,5;13,5;100
44,5;14;100
44,5;14,5;100
44,5;15;100
44,5;15,5;100
44,5;16;100
44,5;16,5;100
44,5;17;100
44,5;17,5;36
44,5;18;0
44,5;18,5;8
44,5;19;4
44,5;19,5;4
44,5;20,5;52
44,5;21;100
44,5;21,5;96
44,5;22;96
44,5;22,5;100
44,5;23;100
44,5;23,5;56
45;-76,5;8
45;-76;28
45;-75,5;0
45;-75;8
45;-74,5;56
45;-74;40
45;-73,5;68
45;-73;96
45;-72,5;92
45;-72;100
45;-71,5;84
45;-71;92
45;-70,5;100
45;-70;100
45;-69,5;100
45;-69;100
45;-68,5;100
45;-68;100
45;-67,5;100
45;-67;100
45;-66,5;100
45;-66;100
45;-65,5;100
45;-65;100
45;-64,5;100
45;-64;100
45;-63,5;100
45;-63;100
45;-62,5;100
45;-62;100
45;-61,5;100
45;-61;100
45;-60,5;100
45;-60;96
45;-59,5;100
45;-59;100
45;-58,5;100
45;-58;100
45;-57,5;100
45;-57;100
45;-56,5;100
45;-56;100
45;-55,5;100
45;-55;100
45;-54,5;100
45;-54;100
45;-53,5;100
45;-53;100
45;-52,5;100
45;-52;100
45;-51,5;100
45;-51;100
45;-50,5;100
45;-50;100
45;-49,5;100
45;-49;100
45;-48,5;100
45;-48;100
45;-47,5;100
45;-47;100
45;-46,5;100
45;-46;100
45;-45,5;100
45;-45;100
45;-44,5;100
45;-44;100
45;-43,5;100
45;-43;100
45;-42,5;100
45;-42;100
45;-41,5;100
45;-41;100
45;-40,5;100
45;-40;100
45;-39,5;100
45;-39;100
45;-38,5;100
45;-38;100
45;-37,5;100
45;-37;100
45;-36,5;100
45;-36;100
45;-35,5;100
45;-35;100
45;-34,5;100
45;-34;100
45;-33,5;100
45;-33;92
45;-32,5;92
45;-32;100
45;-31,5;96
45;-31;100
45;-30,5;100
45;-30;100
45;-29,5;100
45;-29;100
45;-28,5;100
45;-28;100
45;-27,5;100
45;-27;100
45;-26,5;100
45;-26;100
45;-25,5;100
45;-25;100
45;-24,5;100
45;-24;100
45;-23,5;100
45;-23;100
45;-22,5;100
45;-22;100
45;-21,5;100
45;-21;100
45;-20,5;100
45;-20;100
45;-19,5;100
45;-19;100
45;-18,5;100
45;-18;92
45;-17,5;100
45;-17;100
45;-16,5;100
45;-16;100
45;-15,5;100
45;-15;100
45;-14,5;100
45;-14;100
45;-13,5;100
45;-13;100
45;-12,5;100
45;-12;100
45;-11,5;100
45;-11;100
45;-10,5;100
45;-10;100
45;-9,5;100
45;-9;100
45;-8,5;100
45;-8;100
45;-7,5;100
45;-7;100
45;-6,5;100
45;-6;100
45;-5,5;100
45;-5;100
45;-4,5;100
45;-4;100
45;-3,5;100
45;-3;100
45;-2,5;100
45;-2;100
45;-1,5;76
45;-1;68
45;-0,5;96
45;0;96
45;0,5;56
45;1;0
45;1,5;8
45;2;84
45;2,5;100
45;3;100
45;3,5;100
45;4;100
45;4,5;100
45;5;100
45;5,5;100
45;6;100
45;6,5;100
45;7;100
45;7,5;100
45;8;100
45;8,5;100
45;9;100
45;9,5;100
45;10;100
45;10,5;100
45;11;100
45;11,5;100
45;12;100
45;12,5;100
45;13;100
45;13,5;100
45;14;100
45;14,5;100
45;15;100
45;15,5;100
45;16;100
45;16,5;100
45;17;100
45;17,5;100
45;18;20
45;18,5;40
45;19;76
45;19,5;36
45;20;28
45;20,5;100
45;21;100
45;21,5;100
45;22;92
45;22,5;96
45;23;100
45;23,5;64
45,5;-76,5;24
45,5;-76;12
45,5;-75,5;0
45,5;-75;4
45,5;-74,5;20
45,5;-74;8
45,5;-73,5;28
45,5;-73;44
45,5;-72,5;80
45,5;-72;92
45,5;-71,5;92
45,5;-71;100
45,5;-70,5;100
45,5;-70;100
45,5;-69,5;100
45,5;-69;100
45,5;-68,5;100
45,5;-68;100
45,5;-67,5;100
45,5;-67;100
45,5;-66,5;96
45,5;-66;100
45,5;-65,5;100
45,5;-65;96
45,5;-64,5;100
45,5;-64;100
45,5;-63,5;100
45,5;-63;100
45,5;-62,5;100
45,5;-62;100
45,5;-61,5;100
45,5;-61;100
45,5;-60,5;96
45,5;-60;92
45,5;-59,5;92
45,5;-59;96
45,5;-58,5;100
45,5;-58;100
45,5;-57,5;100
45,5;-57;100
45,5;-56,5;100
45,5;-56;100
45,5;-55,5;100
45,5;-55;100
45,5;-54,5;100
45,5;-54;100
45,5;-53,5;100
45,5;-53;100
45,5;-52,5;100
45,5;-52;100
45,5;-51,5;100
45,5;-51;100
45,5;-50,5;100
45,5;-50;100
45,5;-49,5;100
45,5;-49;100
45,5;-48,5;100
45,5;-48;100
45,5;-47,5;100
45,5;-47;100
45,5;-46,5;100
45,5;-46;100
45,5;-45,5;100
45,5;-45;100
45,5;-44,5;100
45,5;-44;100
45,5;-43,5;100
45,5;-43;100
45,5;-42,5;100
45,5;-42;100
45,5;-41,5;100
45,5;-41;100
45,5;-40,5;100
45,5;-40;100
45,5;-39,5;100
45,5;-39;100
45,5;-38,5;100
45,5;-38;100
45,5;-37,5;100
45,5;-37;100
45,5;-36,5;100
45,5;-36;100
45,5;-35,5;100
45,5;-35;100
45,5;-34,5;100
45,5;-34;100
45,5;-33,5;96
45,5;-33;92
45,5;-32,5;92
45,5;-32;100
45,5;-31,5;100
45,5;-31;100
45,5;-30,5;100
45,5;-30;100
45,5;-29,5;100
45,5;-29;100
45,5;-28,5;100
45,5;-28;100
45,5;-27,5;100
45,5;-27;100
45,5;-26,5;100
45,5;-26;100
45,5;-25,5;100
45,5;-25;100
45,5;-24,5;96
45,5;-24;100
45,5;-23,5;100
45,5;-23;100
45,5;-22,5;100
45,5;-22;100
45,5;-21,5;100
45,5;-21;100
45,5;-20,5;100
45,5;-20;100
45,5;-19,5;100
45,5;-19;100
45,5;-18,5;100
45,5;-18;100
45,5;-17,5;100
45,5;-17;100
45,5;-16,5;100
45,5;-16;100
45,5;-15,5;100
45,5;-15;100
45,5;-14,5;100
45,5;-14;100
45,5;-13,5;100
45,5;-13;100
45,5;-12,5;100
45,5;-12;100
45,5;-11,5;100
45,5;-11;100
45,5;-10,5;100
45,5;-10;100
45,5;-9,5;100
45,5;-9;100
45,5;-8,5;100
45,5;-8;100
45,5;-7,5;100
45,5;-7;100
45,5;-6,5;100
45,5;-6;100
45,5;-5,5;100
45,5;-5;100
45,5;-4,5;100
45,5;-4;100
45,5;-3,5;100
45,5;-3;100
45,5;-2,5;100
45,5;-2;100
45,5;-1,5;100
45,5;-1;92
45,5;-0,5;88
45,5;0;24
45,5;0,5;44
45,5;1;0
45,5;1,5;8
45,5;2;60
45,5;2,5;100
45,5;3;100
45,5;3,5;100
45,5;4;100
45,5;4,5;100
45,5;5;100
45,5;5,5;100
45,5;6;100
45,5;6,5;100
45,5;7;100
45,5;7,5;100
45,5;8;100
45,5;8,5;100
45,5;9;100
45,5;9,5;100
45,5;10;100
45,5;10,5;100
45,5;11;100
45,5;11,5;100
45,5;12;100
45,5;12,5;100
45,5;13;100
45,5;13,5;100
45,5;14;100
45,5;14,5;80
45,5;15;96
45,5;15,5;100
45,5;16;100
45,5;16,5;96
45,5;17;68
45,5;17,5;60
45,5;18;0
45,5;18,5;20
45,5;19;32
45,5;19,5;32
45,5;20;100
45,5;20,5;100
45,5;21;100
45,5;21,5;100
45,5;22;100
45,5;22,5;100
45,5;23;100
45,5;23,5;64
46;-76,5;8
46;-76;60
46;-75,5;24
46;-75;16
46;-74,5;40
46;-74;52
46;-73,5;28
46;-73;64
46;-72,5;60
46;-72;72
46;-71,5;88
46;-71;100
46;-70,5;100
46;-70;100
46;-69,5;100
46;-69;100
46;-68,5;100
46;-68;100
46;-67,5;100
46;-67;100
46;-66,5;100
46;-66;100
46;-65,5;96
46;-65;96
46;-64,5;100
46;-64;100
46;-63,5;100
46;-63;100
46;-62,5;100
46;-62;100
46;-61,5;100
46;-61;100
46;-60,5;92
46;-60;100
46;-59,5;100
46;-59;68
46;-58,5;96
46;-58;100
46;-57,5;100
46;-57;100
46;-56,5;100
46;-56;100
46;-55,5;100
46;-55;100
46;-54,5;100
46;-54;100
46;-53,5;100
46;-53;100
46;-52,5;100
46;-52;100
46;-51,5;100
46;-51;100
46;-50,5;100
46;-50;100
46;-49,5;100
46;-49;100
46;-48,5;100
46;-48;100
46;-47,5;100
46;-47;100
46;-46,5;100
46;-46;100
46;-45,5;100
46;-45;100
46;-44,5;100
46;-44;100
46;-43,5;100
46;-43;100
46;-42,5;100
46;-42;100
46;-41,5;100
46;-41;100
46;-40,5;100
46;-40;100
46;-39,5;100
46;-39;100
46;-38,5;100
46;-38;100
46;-37,5;100
46;-37;100
46;-36,5;100
46;-36;100
46;-35,5;100
46;-35;100
46;-34,5;92
46;-34;100
46;-33,5;96
46;-33;96
46;-32,5;100
46;-32;100
46;-31,5;100
46;-31;100
46;-30,5;100
46;-30;100
46;-29,5;100
46;-29;100
46;-28,5;100
46;-28;100
46;-27,5;100
46;-27;100
46;-26,5;100
46;-26;100
46;-25,5;100
46;-25;100
46;-24,5;100
46;-24;100
46;-23,5;100
46;-23;100
46;-22,5;100
46;-22;100
46;-21,5;100
46;-21;100
46;-20,5;100
46;-20;100
46;-19,5;100
46;-19;100
46;-18,5;100
46;-18;100
46;-17,5;100
46;-17;100
46;-16,5;100
46;-16;100
46;-15,5;100
46;-15;100
46;-14,5;100
46;-14;100
46;-13,5;100
46;-13;100
46;-12,5;100
46;-12;100
46;-11,5;100
46;-11;100
46;-10,5;100
46;-10;100
46;-9,5;100
46;-9;100
46;-8,5;100
46;-8;100
46;-7,5;100
46;-7;100
46;-6,5;100
46;-6;100
46;-5,5;100
46;-5;100
46;-4,5;100
46;-4;100
46;-3,5;100
46;-3;100
46;-2,5;100
46;-2;100
46;-1,5;100
46;-1;68
46;-0,5;44
46;0;36
46;0,5;0
46;1;0
46;1,5;0
46;2;8
46;2,5;84
46;3;100
46;3,5;100
46;4;100
46;4,5;100
46;5;100
46;5,5;100
46;6;100
46;6,5;100
46;7;100
46;7,5;100
46;8;100
46;8,5;100
46;9;100
46;9,5;100
46;10;100
46;10,5;100
46;11;100
46;11,5;100
46;12;100
46;12,5;100
46;13;100
46;13,5;100
46;14;96
46;14,5;72
46;15;88
46;15,5;68
46;16;68
46;16,5;88
46;17;52
46;17,5;0
46;18;0
46;18,5;0
46;19;8
46;19,5;24
46;20;96
46;20,5;100
46;21;100
46;21,5;100
46;22;100
46;22,5;100
46;23;100
46;23,5;72
46,5;-76,5;40
46,5;-76;48
46,5;-75,5;44
46,5;-75;4
46,5;-74,5;56
46,5;-74;16
46,5;-73,5;32
46,5;-73;84
46,5;-72,5;96
46,5;-72;92
46,5;-71,5;96
46,5;-71;100
46,5;-70,5;100
46,5;-70;100
46,5;-69,5;100
46,5;-69;100
46,5;-68,5;100
46,5;-68;100
46,5;-67,5;100
46,5;-67;100
46,5;-66,5;100
46,5;-66;100
46,5;-65,5;88
46,5;-65;40
46,5;-64,5;64
46,5;-64;100
46,5;-63,5;100
46,5;-63;100
46,5;-62,5;100
46,5;-62;100
46,5;-61,5;100
46,5;-61;52
46,5;-60,5;92
46,5;-60;100
46,5;-59,5;100
46,5;-59;92
46,5;-58,5;100
46,5;-58;100
46,5;-57,5;100
46,5;-57;100
46,5;-56,5;100
46,5;-56;100
46,5;-55,5;100
46,5;-55;100
46,5;-54,5;100
46,5;-54;100
46,5;-53,5;100
46,5;-53;100
46,5;-52,5;100
46,5;-52;100
46,5;-51,5;100
46,5;-51;100
46,5;-50,5;100
46,5;-50;100
46,5;-49,5;100
46,5;-49;100
46,5;-48,5;100
46,5;-48;100
46,5;-47,5;100
46,5;-47;100
46,5;-46,5;100
46,5;-46;100
46,5;-45,5;100
46,5;-45;100
46,5;-44,5;100
46,5;-44;100
46,5;-43,5;100
46,5;-43;100
46,5;-42,5;100
46,5;-42;100
46,5;-41,5;100
46,5;-41;100
46,5;-40,5;100
46,5;-40;100
46,5;-39,5;100
46,5;-39;100
46,5;-38,5;100
46,5;-38;100
46,5;-37,5;92
46,5;-37;96
46,5;-36,5;100
46,5;-36;100
46,5;-35,5;100
46,5;-35;100
46,5;-34,5;100
46,5;-34;100
46,5;-33,5;100
46,5;-33;100
46,5;-32,5;100
46,5;-32;88
46,5;-31,5;100
46,5;-31;100
46,5;-30,5;100
46,5;-30;100
46,5;-29,5;100
46,5;-29;100
46,5;-28,5;100
46,5;-28;100
46,5;-27,5;100
46,5;-27;100
46,5;-26,5;100
46,5;-26;100
46,5;-25,5;100
46,5;-25;100
46,5;-24,5;100
46,5;-24;100
46,5;-23,5;100
46,5;-23;100
46,5;-22,5;100
46,5;-22;100
46,5;-21,5;100
46,5;-21;100
46,5;-20,5;100
46,5;-20;100
46,5;-19,5;100
46,5;-19;100
46,5;-18,5;100
46,5;-18;100
46,5;-17,5;100
46,5;-17;100
46,5;-16,5;100
46,5;-16;100
46,5;-15,5;100
46,5;-15;100
46,5;-14,5;100
46,5;-14;100
46,5;-13,5;100
46,5;-13;100
46,5;-12,5;100
46,5;-12;100
46,5;-11,5;100
46,5;-11;100
46,5;-10,5;100
46,5;-10;100
46,5;-9,5;100
46,5;-9;100
46,5;-8,5;100
46,5;-8;100
46,5;-7,5;100
46,5;-7;100
46,5;-6,5;100
46,5;-6;100
46,5;-5,5;100
46,5;-5;100
46,5;-4,5;100
46,5;-4;100
46,5;-3,5;100
46,5;-3;100
46,5;-2,5;100
46,5;-2;100
46,5;-1,5;100
46,5;-1;92
46,5;-0,5;64
46,5;0;0
46,5;0,5;0
46,5;1;0
46,5;1,5;0
46,5;2;0
46,5;2,5;80
46,5;3;100
46,5;3,5;100
46,5;4;100
46,5;4,5;100
46,5;5;100
46,5;5,5;100
46,5;6;100
46,5;6,5;100
46,5;7;100
46,5;7,5;100
46,5;8;100
46,5;8,5;100
46,5;9;100
46,5;9,5;100
46,5;10;100
46,5;10,5;100
46,5;11;100
46,5;11,5;100
46,5;12;100
46,5;12,5;100
46,5;13;100
46,5;13,5;100
46,5;14;100
46,5;14,5;52
46,5;15;68
46,5;15,5;100
46,5;16;84
46,5;16,5;92
46,5;17;44
46,5;17,5;72
46,5;18;40
46,5;18,5;8
46,5;19;48
46,5;19,5;100
46,5;20;100
46,5;20,5;100
46,5;21;100
46,5;21,5;100
46,5;22;100
46,5;22,5;100
46,5;23;100
46,5;23,5;80
47;-76,5;60
47;-76;56
47;-75,5;40
47;-75;4
47;-74,5;52
47;-74;28
47;-73,5;40
47;-73;56
47;-72,5;100
47;-72;100
47;-71,5;100
47;-71;100
47;-70,5;100
47;-70;100
47;-69,5;100
47;-69;100
47;-68,5;100
47;-68;100
47;-67,5;100
47;-67;100
47;-66,5;100
47;-66;100
47;-65,5;100
47;-65;96
47;-64,5;64
47;-64;92
47;-63,5;100
47;-63;96
47;-62,5;100
47;-62;100
47;-61,5;96
47;-61;100
47;-60,5;92
47;-60;80
47;-59,5;100
47;-59;100
47;-58,5;100
47;-58;100
47;-57,5;100
47;-57;100
47;-56,5;100
47;-56;100
47;-55,5;100
47;-55;100
47;-54,5;100
47;-54;100
47;-53,5;100
47;-53;100
47;-52,5;100
47;-52;100
47;-51,5;100
47;-51;100
47;-50,5;100
47;-50;100
47;-49,5;100
47;-49;100
47;-48,5;100
47;-48;100
47;-47,5;100
47;-47;100
47;-46,5;100
47;-46;100
47;-45,5;100
47;-45;100
47;-44,5;100
47;-44;100
47;-43,5;100
47;-43;100
47;-42,5;100
47;-42;100
47;-41,5;100
47;-41;100
47;-40,5;100
47;-40;100
47;-39,5;100
47;-39;100
47;-38,5;100
47;-38;100
47;-37,5;96
47;-37;100
47;-36,5;100
47;-36;100
47;-35,5;100
47;-35;100
47;-34,5;100
47;-34;100
47;-33,5;100
47;-33;100
47;-32,5;100
47;-32;100
47;-31,5;100
47;-31;100
47;-30,5;100
47;-30;100
47;-29,5;100
47;-29;100
47;-28,5;100
47;-28;100
47;-27,5;100
47;-27;100
47;-26,5;100
47;-26;100
47;-25,5;100
47;-25;100
47;-24,5;100
47;-24;100
47;-23,5;100
47;-23;100
47;-22,5;100
47;-22;100
47;-21,5;100
47;-21;100
47;-20,5;100
47;-20;100
47;-19,5;100
47;-19;100
47;-18,5;100
47;-18;100
47;-17,5;100
47;-17;100
47;-16,5;100
47;-16;100
47;-15,5;100
47;-15;100
47;-14,5;100
47;-14;100
47;-13,5;100
47;-13;100
47;-12,5;100
47;-12;100
47;-11,5;100
47;-11;100
47;-10,5;100
47;-10;100
47;-9,5;100
47;-9;100
47;-8,5;100
47;-8;100
47;-7,5;100
47;-7;100
47;-6,5;100
47;-6;100
47;-5,5;100
47;-5;100
47;-4,5;100
47;-4;100
47;-3,5;100
47;-3;100
47;-2,5;100
47;-2;100
47;-1,5;100
47;-1;28
47;-0,5;16
47;0;0
47;0,5;0
47;1;0
47;1,5;0
47;2;24
47;2,5;96
47;3;100
47;3,5;100
47;4;100
47;4,5;100
47;5;100
47;5,5;100
47;6;100
47;6,5;100
47;7;100
47;7,5;100
47;8;100
47;8,5;100
47;9;100
47;9,5;100
47;10;100
47;10,5;100
47;11;96
47;11,5;68
47;12;100
47;12,5;100
47;13;100
47;13,5;100
47;14;100
47;14,5;92
47;15;60
47;15,5;100
47;16;100
47;16,5;100
47;17;100
47;17,5;100
47;18;100
47;18,5;64
47;19;48
47;19,5;100
47;20;100
47;20,5;100
47;21;100
47;21,5;100
47;22;100
47;22,5;100
47;23;100
47;23,5;80
47,5;-76,5;92
47,5;-76;60
47,5;-75,5;28
47,5;-75;0
47,5;-74,5;36
47,5;-74;80
47,5;-73,5;68
47,5;-73;84
47,5;-72,5;100
47,5;-72;100
47,5;-71,5;100
47,5;-71;100
47,5;-70,5;100
47,5;-70;100
47,5;-69,5;100
47,5;-69;100
47,5;-68,5;100
47,5;-68;100
47,5;-67,5;100
47,5;-67;100
47,5;-66,5;100
47,5;-66;96
47,5;-65,5;100
47,5;-65;76
47,5;-64,5;64
47,5;-64;76
47,5;-63,5;96
47,5;-63;100
47,5;-62,5;96
47,5;-62;100
47,5;-61,5;100
47,5;-61;100
47,5;-60,5;100
47,5;-60;96
47,5;-59,5;100
47,5;-59;100
47,5;-58,5;100
47,5;-58;100
47,5;-57,5;100
47,5;-57;100
47,5;-56,5;100
47,5;-56;100
47,5;-55,5;100
47,5;-55;100
47,5;-54,5;100
47,5;-54;96
47,5;-53,5;100
47,5;-53;100
47,5;-52,5;100
47,5;-52;100
47,5;-51,5;100
47,5;-51;100
47,5;-50,5;100
47,5;-50;100
47,5;-49,5;100
47,5;-49;100
47,5;-48,5;100
47,5;-48;100
47,5;-47,5;100
47,5;-47;100
47,5;-46,5;100
47,5;-46;100
47,5;-45,5;96
47,5;-45;100
47,5;-44,5;100
47,5;-44;100
47,5;-43,5;100
47,5;-43;100
47,5;-42,5;100
47,5;-42;100
47,5;-41,5;100
47,5;-41;100
47,5;-40,5;100
47,5;-40;100
47,5;-39,5;100
47,5;-39;100
47,5;-38,5;100
47,5;-38;100
47,5;-37,5;100
47,5;-37;100
47,5;-36,5;100
47,5;-36;100
47,5;-35,5;100
47,5;-35;100
47,5;-34,5;100
47,5;-34;100
47,5;-33,5;100
47,5;-33;100
47,5;-32,5;100
47,5;-32;100
47,5;-31,5;100
47,5;-31;100
47,5;-30,5;100
47,5;-30;100
47,5;-29,5;100
47,5;-29;100
47,5;-28,5;100
47,5;-28;100
47,5;-27,5;100
47,5;-27;100
47,5;-26,5;100
47,5;-26;100
47,5;-25,5;100
47,5;-25;100
47,5;-24,5;100
47,5;-24;100
47,5;-23,5;100
47,5;-23;100
47,5;-22,5;100
47,5;-22;100
47,5;-21,5;100
47,5;-21;100
47,5;-20,5;100
47,5;-20;100
47,5;-19,5;100
47,5;-19;100
47,5;-18,5;100
47,5;-18;100
47,5;-17,5;100
47,5;-17;100
47,5;-16,5;100
47,5;-16;100
47,5;-15,5;100
47,5;-15;100
47,5;-14,5;100
47,5;-14;100
47,5;-13,5;100
47,5;-13;100
47,5;-12,5;100
47,5;-12;100
47,5;-11,5;100
47,5;-11;100
47,5;-10,5;100
47,5;-10;100
47,5;-9,5;100
47,5;-9;100
47,5;-8,5;100
47,5;-8;100
47,5;-7,5;100
47,5;-7;100
47,5;-6,5;100
47,5;-6;100
47,5;-5,5;100
47,5;-5;100
47,5;-4,5;100
47,5;-4;100
47,5;-3,5;100
47,5;-3;100
47,5;-2,5;100
47,5;-2;48
47,5;-1,5;36
47,5;-1;0
47,5;-0,5;0
47,5;0;0
47,5;0,5;0
47,5;1;0
47,5;1,5;0
47,5;2;20
47,5;2,5;96
47,5;3;100
47,5;3,5;88
47,5;4;100
47,5;4,5;100
47,5;5;100
47,5;5,5;100
47,5;6;100
47,5;6,5;100
47,5;7;100
47,5;7,5;100
47,5;8;100
47,5;8,5;100
47,5;9;96
47,5;9,5;96
47,5;10;100
47,5;10,5;100
47,5;11;100
47,5;11,5;80
47,5;12;92
47,5;12,5;96
47,5;13;96
47,5;13,5;100
47,5;14;100
47,5;14,5;96
47,5;15;92
47,5;15,5;100
47,5;16;100
47,5;16,5;100
47,5;17;100
47,5;17,5;100
47,5;18;100
47,5;18,5;100
47,5;19;100
47,5;19,5;100
47,5;20;100
47,5;20,5;100
47,5;21;100
47,5;21,5;100
47,5;22;100
47,5;22,5;100
47,5;23;100
47,5;23,5;80
48;-76,5;88
48;-76;88
48;-75,5;56
48;-75;32
48;-74,5;20
48;-74;36
48;-73,5;52
48;-73;12
48;-72,5;92
48;-72;92
48;-71,5;100
48;-71;100
48;-70,5;100
48;-70;100
48;-69,5;100
48;-69;100
48;-68,5;100
48;-68;100
48;-67,5;100
48;-67;100
48;-66,5;100
48;-66;100
48;-65,5;100
48;-65;100
48;-64,5;100
48;-64;68
48;-63,5;68
48;-63;96
48;-62,5;100
48;-62;100
48;-61,5;100
48;-61;96
48;-60,5;96
48;-60;100
48;-59,5;100
48;-59;100
48;-58,5;100
48;-58;100
48;-57,5;100
48;-57;100
48;-56,5;100
48;-56;100
48;-55,5;100
48;-55;100
48;-54,5;100
48;-54;100
48;-53,5;88
48;-53;96
48;-52,5;100
48;-52;100
48;-51,5;100
48;-51;100
48;-50,5;100
48;-50;100
48;-49,5;100
48;-49;100
48;-48,5;100
48;-48;100
48;-47,5;100
48;-47;100
48;-46,5;100
48;-46;100
48;-45,5;100
48;-45;100
48;-44,5;100
48;-44;100
48;-43,5;100
48;-43;100
48;-42,5;100
48;-42;100
48;-41,5;100
48;-41;100
48;-40,5;100
48;-40;100
48;-39,5;100
48;-39;100
48;-38,5;100
48;-38;100
48;-37,5;100
48;-37;100
48;-36,5;100
48;-36;100
48;-35,5;100
48;-35;100
48;-34,5;100
48;-34;100
48;-33,5;88
48;-33;100
48;-32,5;100
48;-32;100
48;-31,5;100
48;-31;100
48;-30,5;100
48;-30;100
48;-29,5;100
48;-29;100
48;-28,5;100
48;-28;100
48;-27,5;100
48;-27;100
48;-26,5;100
48;-26;100
48;-25,5;100
48;-25;100
48;-24,5;100
48;-24;100
48;-23,5;100
48;-23;100
48;-22,5;100
48;-22;100
48;-21,5;100
48;-21;100
48;-20,5;100
48;-20;100
48;-19,5;100
48;-19;96
48;-18,5;100
48;-18;100
48;-17,5;100
48;-17;100
48;-16,5;100
48;-16;100
48;-15,5;100
48;-15;100
48;-14,5;100
48;-14;100
48;-13,5;100
48;-13;100
48;-12,5;100
48;-12;100
48;-11,5;100
48;-11;100
48;-10,5;100
48;-10;100
48;-9,5;100
48;-9;100
48;-8,5;100
48;-8;100
48;-7,5;100
48;-7;100
48;-6,5;100
48;-6;100
48;-5,5;100
48;-5;100
48;-4,5;100
48;-4;100
48;-3,5;100
48;-3;100
48;-2,5;72
48;-2;12
48;-1,5;0
48;-1;0
48;-0,5;0
48;0;0
48;0,5;0
48;1;0
48;1,5;0
48;2;0
48;2,5;68
48;3;48
48;3,5;60
48;4;100
48;4,5;100
48;5;100
48;5,5;100
48;6;100
48;6,5;100
48;7;100
48;7,5;100
48;8;100
48;8,5;100
48;9;100
48;9,5;100
48;10;100
48;10,5;100
48;11;100
48;11,5;84
48;12;72
48;12,5;100
48;13;96
48;13,5;100
48;14;100
48;14,5;100
48;15;100
48;15,5;100
48;16;100
48;16,5;100
48;17;100
48;17,5;100
48;18;96
48;18,5;100
48;19;100
48;19,5;100
48;20;100
48;20,5;100
48;21;100
48;21,5;100
48;22;100
48;22,5;100
48;23;100
48;23,5;68
48,5;-76,5;84
48,5;-76;88
48,5;-75,5;80
48,5;-75;76
48,5;-74,5;68
48,5;-74;72
48,5;-73,5;84
48,5;-73;92
48,5;-72,5;76
48,5;-72;88
48,5;-71,5;100
48,5;-71;92
48,5;-70,5;100
48,5;-70;100
48,5;-69,5;100
48,5;-69;100
48,5;-68,5;100
48,5;-68;100
48,5;-67,5;100
48,5;-67;100
48,5;-66,5;96
48,5;-66;100
48,5;-65,5;100
48,5;-65;100
48,5;-64,5;92
48,5;-64;100
48,5;-63,5;96
48,5;-63;84
48,5;-62,5;96
48,5;-62;100
48,5;-61,5;100
48,5;-61;96
48,5;-60,5;100
48,5;-60;100
48,5;-59,5;100
48,5;-59;100
48,5;-58,5;100
48,5;-58;100
48,5;-57,5;100
48,5;-57;100
48,5;-56,5;96
48,5;-56;100
48,5;-55,5;100
48,5;-55;100
48,5;-54,5;100
48,5;-54;100
48,5;-53,5;100
48,5;-53;100
48,5;-52,5;100
48,5;-52;100
48,5;-51,5;100
48,5;-51;100
48,5;-50,5;100
48,5;-50;100
48,5;-49,5;100
48,5;-49;100
48,5;-48,5;100
48,5;-48;100
48,5;-47,5;100
48,5;-47;100
48,5;-46,5;100
48,5;-46;100
48,5;-45,5;100
48,5;-45;100
48,5;-44,5;100
48,5;-44;100
48,5;-43,5;100
48,5;-43;100
48,5;-42,5;100
48,5;-42;100
48,5;-41,5;100
48,5;-41;100
48,5;-40,5;100
48,5;-40;100
48,5;-39,5;100
48,5;-39;100
48,5;-38,5;100
48,5;-38;100
48,5;-37,5;100
48,5;-37;100
48,5;-36,5;100
48,5;-36;100
48,5;-35,5;100
48,5;-35;100
48,5;-34,5;100
48,5;-34;100
48,5;-33,5;100
48,5;-33;100
48,5;-32,5;100
48,5;-32;100
48,5;-31,5;100
48,5;-31;100
48,5;-30,5;100
48,5;-30;100
48,5;-29,5;100
48,5;-29;100
48,5;-28,5;100
48,5;-28;100
48,5;-27,5;100
48,5;-27;100
48,5;-26,5;100
48,5;-26;100
48,5;-25,5;100
48,5;-25;100
48,5;-24,5;100
48,5;-24;100
48,5;-23,5;100
48,5;-23;100
48,5;-22,5;100
48,5;-22;100
48,5;-21,5;100
48,5;-21;100
48,5;-20,5;100
48,5;-20;100
48,5;-19,5;100
48,5;-19;100
48,5;-18,5;100
48,5;-18;100
48,5;-17,5;100
48,5;-17;100
48,5;-16,5;100
48,5;-16;100
48,5;-15,5;100
48,5;-15;100
48,5;-14,5;100
48,5;-14;100
48,5;-13,5;100
48,5;-13;100
48,5;-12,5;100
48,5;-12;100
48,5;-11,5;100
48,5;-11;100
48,5;-10,5;100
48,5;-10;100
48,5;-9,5;100
48,5;-9;100
48,5;-8,5;100
48,5;-8;100
48,5;-7,5;100
48,5;-7;100
48,5;-6,5;100
48,5;-6;100
48,5;-5,5;100
48,5;-5;100
48,5;-4,5;100
48,5;-4;100
48,5;-3,5;100
48,5;-3;44
48,5;-2,5;8
48,5;-2;0
48,5;-1,5;0
48,5;-1;0
48,5;-0,5;0
48,5;0;0
48,5;0,5;0
48,5;1;0
48,5;1,5;0
48,5;2;0
48,5;2,5;20
48,5;3;0
48,5;3,5;88
48,5;4;100
48,5;4,5;100
48,5;5;100
48,5;5,5;100
48,5;6;100
48,5;6,5;100
48,5;7;100
48,5;7,5;100
48,5;8;100
48,5;8,5;100
48,5;9;100
48,5;9,5;100
48,5;10;100
48,5;10,5;100
48,5;11;100
48,5;11,5;96
48,5;12;84
48,5;12,5;92
48,5;13;100
48,5;13,5;100
48,5;14;100
48,5;14,5;100
48,5;15;100
48,5;15,5;100
48,5;16;100
48,5;16,5;100
48,5;17;100
48,5;17,5;100
48,5;18;100
48,5;18,5;100
48,5;19;100
48,5;19,5;100
48,5;20;100
48,5;20,5;100
48,5;21;100
48,5;21,5;100
48,5;22;100
48,5;22,5;96
48,5;23;48
48,5;23,5;20
49;-76,5;92
49;-76;64
49;-75,5;84
49;-75;60
49;-74,5;28
49;-74;48
49;-73,5;92
49;-73;96
49;-72,5;84
49;-72;92
49;-71,5;92
49;-71;92
49;-70,5;100
49;-70;100
49;-69,5;100
49;-69;100
49;-68,5;100
49;-68;100
49;-67,5;100
49;-67;100
49;-66,5;96
49;-66;100
49;-65,5;100
49;-65;100
49;-64,5;92
49;-64;100
49;-63,5;100
49;-63;100
49;-62,5;100
49;-62;100
49;-61,5;100
49;-61;100
49;-60,5;100
49;-60;100
49;-59,5;100
49;-59;100
49;-58,5;100
49;-58;100
49;-57,5;100
49;-57;100
49;-56,5;100
49;-56;100
49;-55,5;100
49;-55;100
49;-54,5;100
49;-54;100
49;-53,5;80
49;-53;64
49;-52,5;100
49;-52;100
49;-51,5;100
49;-51;100
49;-50,5;100
49;-50;100
49;-49,5;100
49;-49;100
49;-48,5;100
49;-48;100
49;-47,5;100
49;-47;100
49;-46,5;100
49;-46;100
49;-45,5;100
49;-45;96
49;-44,5;96
49;-44;100
49;-43,5;100
49;-43;100
49;-42,5;100
49;-42;100
49;-41,5;100
49;-41;100
49;-40,5;100
49;-40;100
49;-39,5;100
49;-39;100
49;-38,5;100
49;-38;100
49;-37,5;100
49;-37;100
49;-36,5;100
49;-36;100
49;-35,5;100
49;-35;100
49;-34,5;100
49;-34;100
49;-33,5;100
49;-33;100
49;-32,5;100
49;-32;100
49;-31,5;100
49;-31;100
49;-30,5;100
49;-30;92
49;-29,5;64
49;-29;92
49;-28,5;100
49;-28;100
49;-27,5;100
49;-27;100
49;-26,5;100
49;-26;100
49;-25,5;100
49;-25;100
49;-24,5;100
49;-24;100
49;-23,5;100
49;-23;100
49;-22,5;100
49;-22;100
49;-21,5;100
49;-21;100
49;-20,5;100
49;-20;100
49;-19,5;100
49;-19;100
49;-18,5;100
49;-18;100
49;-17,5;100
49;-17;100
49;-16,5;100
49;-16;100
49;-15,5;100
49;-15;100
49;-14,5;100
49;-14;100
49;-13,5;100
49;-13;100
49;-12,5;100
49;-12;100
49;-11,5;100
49;-11;100
49;-10,5;100
49;-10;100
49;-9,5;100
49;-9;100
49;-8,5;100
49;-8;100
49;-7,5;100
49;-7;100
49;-6,5;100
49;-6;100
49;-5,5;100
49;-5;100
49;-4,5;100
49;-4;96
49;-3,5;56
49;-3;0
49;-2,5;0
49;-2;0
49;-1,5;0
49;-1;0
49;-0,5;0
49;0;0
49;0,5;0
49;1;0
49;1,5;0
49;2;12
49;2,5;100
49;3;92
49;3,5;100
49;4;100
49;4,5;100
49;5;100
49;5,5;100
49;6;100
49;6,5;100
49;7;100
49;7,5;100
49;8;100
49;8,5;100
49;9;100
49;9,5;100
49;10;100
49;10,5;96
49;11;100
49;11,5;52
49;12;96
49;12,5;36
49;13;76
49;13,5;100
49;14;100
49;14,5;100
49;15;100
49;15,5;100
49;16;100
49;16,5;100
49;17;100
49;17,5;100
49;18;100
49;18,5;100
49;19;100
49;19,5;100
49;20;100
49;20,5;100
49;21;100
49;21,5;100
49;22;100
49;22,5;40
49,5;-76,5;44
49,5;-76;48
49,5;-75,5;64
49,5;-75;8
49,5;-74,5;44
49,5;-74;48
49,5;-73,5;84
49,5;-73;72
49,5;-72,5;84
49,5;-72;92
49,5;-71,5;84
49,5;-71;96
49,5;-70,5;100
49,5;-70;100
49,5;-69,5;100
49,5;-69;100
49,5;-68,5;100
49,5;-68;100
49,5;-67,5;100
49,5;-67;100
49,5;-66,5;96
49,5;-66;88
49,5;-65,5;72
49,5;-65;88
49,5;-64,5;76
49,5;-64;92
49,5;-63,5;100
49,5;-63;100
49,5;-62,5;100
49,5;-62;100
49,5;-61,5;100
49,5;-61;100
49,5;-60,5;100
49,5;-60;100
49,5;-59,5;100
49,5;-59;100
49,5;-58,5;100
49,5;-58;100
49,5;-57,5;100
49,5;-57;100
49,5;-56,5;100
49,5;-56;100
49,5;-55,5;100
49,5;-55;100
49,5;-54,5;100
49,5;-54;100
49,5;-53,5;72
49,5;-53;64
49,5;-52,5;100
49,5;-52;100
49,5;-51,5;100
49,5;-51;100
49,5;-50,5;100
49,5;-50;100
49,5;-49,5;100
49,5;-49;100
49,5;-48,5;100
49,5;-48;100
49,5;-47,5;100
49,5;-47;100
49,5;-46,5;100
49,5;-46;100
49,5;-45,5;100
49,5;-45;100
49,5;-44,5;100
49,5;-44;100
49,5;-43,5;100
49,5;-43;100
49,5;-42,5;100
49,5;-42;100
49,5;-41,5;100
49,5;-41;100
49,5;-40,5;100
49,5;-40;100
49,5;-39,5;100
49,5;-39;100
49,5;-38,5;100
49,5;-38;100
49,5;-37,5;100
49,5;-37;100
49,5;-36,5;100
49,5;-36;100
49,5;-35,5;100
49,5;-35;100
49,5;-34,5;100
49,5;-34;100
49,5;-33,5;100
49,5;-33;100
49,5;-32,5;100
49,5;-32;100
49,5;-31,5;100
49,5;-31;100
49,5;-30,5;100
49,5;-30;100
49,5;-29,5;56
49,5;-29;96
49,5;-28,5;100
49,5;-28;100
49,5;-27,5;100
49,5;-27;100
49,5;-26,5;100
49,5;-26;100
49,5;-25,5;100
49,5;-25;100
49,5;-24,5;100
49,5;-24;100
49,5;-23,5;100
49,5;-23;100
49,5;-22,5;100
49,5;-22;100
49,5;-21,5;100
49,5;-21;100
49,5;-20,5;100
49,5;-20;100
49,5;-19,5;100
49,5;-19;100
49,5;-18,5;100
49,5;-18;100
49,5;-17,5;100
49,5;-17;100
49,5;-16,5;100
49,5;-16;100
49,5;-15,5;100
49,5;-15;100
49,5;-14,5;100
49,5;-14;100
49,5;-13,5;100
49,5;-13;100
49,5;-12,5;100
49,5;-12;100
49,5;-11,5;96
49,5;-11;100
49,5;-10,5;100
49,5;-10;100
49,5;-9,5;100
49,5;-9;100
49,5;-8,5;100
49,5;-8;100
49,5;-7,5;100
49,5;-7;100
49,5;-6,5;100
49,5;-6;100
49,5;-5,5;100
49,5;-5;100
49,5;-4,5;100
49,5;-4;72
49,5;-3,5;0
49,5;-3;0
49,5;-2,5;0
49,5;-2;0
49,5;-1,5;32
49,5;-1;88
49,5;-0,5;8
49,5;0;0
49,5;0,5;0
49,5;1;0
49,5;1,5;4
49,5;2;20
49,5;2,5;100
49,5;3;100
49,5;3,5;100
49,5;4;100
49,5;4,5;100
49,5;5;100
49,5;5,5;100
49,5;6;100
49,5;6,5;100
49,5;7;100
49,5;7,5;100
49,5;8;100
49,5;8,5;100
49,5;9;100
49,5;9,5;100
49,5;10;100
49,5;10,5;92
49,5;11;80
49,5;11,5;84
49,5;12;72
49,5;12,5;88
49,5;13;100
49,5;13,5;100
49,5;14;100
49,5;14,5;100
49,5;15;100
49,5;15,5;100
49,5;16;100
49,5;16,5;100
49,5;17;100
49,5;17,5;100
49,5;18;100
49,5;18,5;100
49,5;19;100
49,5;19,5;100
49,5;20;100
49,5;20,5;100
49,5;21;100
49,5;21,5;100
49,5;22;88
49,5;22,5;4
49,5;23;0
50;-76,5;32
50;-76;80
50;-75,5;64
50;-75;80
50;-74,5;88
50;-74;80
50;-73,5;96
50;-73;100
50;-72,5;100
50;-72;100
50;-71,5;100
50;-71;100
50;-70,5;100
50;-70;100
50;-69,5;100
50;-69;100
50;-68,5;100
50;-68;100
50;-67,5;100
50;-67;100
50;-66,5;100
50;-66;28
50;-65,5;24
50;-65;88
50;-64,5;100
50;-64;100
50;-63,5;100
50;-63;100
50;-62,5;100
50;-62;100
50;-61,5;100
50;-61;100
50;-60,5;100
50;-60;100
50;-59,5;100
50;-59;100
50;-58,5;100
50;-58;100
50;-57,5;100
50;-57;100
50;-56,5;100
50;-56;96
50;-55,5;100
50;-55;100
50;-54,5;100
50;-54;100
50;-53,5;96
50;-53;88
50;-52,5;100
50;-52;100
50;-51,5;100
50;-51;100
50;-50,5;100
50;-50;100
50;-49,5;100
50;-49;100
50;-48,5;100
50;-48;100
50;-47,5;100
50;-47;100
50;-46,5;100
50;-46;100
50;-45,5;100
50;-45;100
50;-44,5;100
50;-44;100
50;-43,5;100
50;-43;100
50;-42,5;100
50;-42;100
50;-41,5;100
50;-41;100
50;-40,5;100
50;-40;100
50;-39,5;100
50;-39;100
50;-38,5;100
50;-38;100
50;-37,5;100
50;-37;100
50;-36,5;100
50;-36;100
50;-35,5;100
50;-35;100
50;-34,5;100
50;-34;100
50;-33,5;100
50;-33;100
50;-32,5;100
50;-32;100
50;-31,5;100
50;-31;100
50;-30,5;100
50;-30;100
50;-29,5;100
50;-29;100
50;-28,5;100
50;-28;100
50;-27,5;100
50;-27;100
50;-26,5;100
50;-26;100
50;-25,5;100
50;-25;100
50;-24,5;100
50;-24;100
50;-23,5;100
50;-23;100
50;-22,5;100
50;-22;100
50;-21,5;100
50;-21;100
50;-20,5;100
50;-20;100
50;-19,5;100
50;-19;100
50;-18,5;100
50;-18;100
50;-17,5;100
50;-17;100
50;-16,5;100
50;-16;100
50;-15,5;100
50;-15;100
50;-14,5;100
50;-14;100
50;-13,5;100
50;-13;100
50;-12,5;100
50;-12;100
50;-11,5;100
50;-11;96
50;-10,5;100
50;-10;100
50;-9,5;100
50;-9;100
50;-8,5;100
50;-8;100
50;-7,5;100
50;-7;100
50;-6,5;100
50;-6;100
50;-5,5;100
50;-5;100
50;-4,5;100
50;-4;100
50;-3,5;0
50;-3;0
50;-2,5;0
50;-2;0
50;-1,5;60
50;-1;96
50;-0,5;36
50;0;0
50;0,5;16
50;1;76
50;1,5;96
50;2;80
50;2,5;100
50;3;100
50;3,5;100
50;4;100
50;4,5;100
50;5;100
50;5,5;100
50;6;100
50;6,5;100
50;7;100
50;7,5;100
50;8;100
50;8,5;100
50;9;100
50;9,5;92
50;10;100
50;10,5;100
50;11;96
50;11,5;88
50;12;92
50;12,5;100
50;13;100
50;13,5;100
50;14;100
50;14,5;100
50;15;100
50;15,5;100
50;16;100
50;16,5;100
50;17;100
50;17,5;100
50;18;100
50;18,5;100
50;19;100
50;19,5;100
50;20;100
50;20,5;92
50;21;96
50;21,5;100
50;22;84
50;22,5;0
50;23;0
50;23,5;0
50,5;-76,5;44
50,5;-76;28
50,5;-75,5;88
50,5;-75;80
50,5;-74,5;88
50,5;-74;96
50,5;-73,5;80
50,5;-73;84
50,5;-72,5;100
50,5;-72;100
50,5;-71,5;100
50,5;-71;100
50,5;-70,5;100
50,5;-70;100
50,5;-69,5;100
50,5;-69;100
50,5;-68,5;100
50,5;-68;100
50,5;-67,5;96
50,5;-67;100
50,5;-66,5;96
50,5;-66;76
50,5;-65,5;56
50,5;-65;92
50,5;-64,5;100
50,5;-64;100
50,5;-63,5;100
50,5;-63;100
50,5;-62,5;96
50,5;-62;92
50,5;-61,5;100
50,5;-61;100
50,5;-60,5;100
50,5;-60;100
50,5;-59,5;100
50,5;-59;100
50,5;-58,5;100
50,5;-58;100
50,5;-57,5;100
50,5;-57;100
50,5;-56,5;100
50,5;-56;100
50,5;-55,5;100
50,5;-55;100
50,5;-54,5;100
50,5;-54;100
50,5;-53,5;96
50,5;-53;100
50,5;-52,5;100
50,5;-52;100
50,5;-51,5;100
50,5;-51;100
50,5;-50,5;100
50,5;-50;100
50,5;-49,5;100
50,5;-49;100
50,5;-48,5;100
50,5;-48;100
50,5;-47,5;100
50,5;-47;100
50,5;-46,5;100
50,5;-46;100
50,5;-45,5;100
50,5;-45;100
50,5;-44,5;100
50,5;-44;100
50,5;-43,5;100
50,5;-43;100
50,5;-42,5;100
50,5;-42;100
50,5;-41,5;100
50,5;-41;100
50,5;-40,5;100
50,5;-40;100
50,5;-39,5;100
50,5;-39;100
50,5;-38,5;100
50,5;-38;100
50,5;-37,5;100
50,5;-37;100
50,5;-36,5;100
50,5;-36;100
50,5;-35,5;100
50,5;-35;100
50,5;-34,5;100
50,5;-34;100
50,5;-33,5;100
50,5;-33;100
50,5;-32,5;100
50,5;-32;100
50,5;-31,5;100
50,5;-31;100
50,5;-30,5;100
50,5;-30;100
50,5;-29,5;100
50,5;-29;100
50,5;-28,5;100
50,5;-28;100
50,5;-27,5;100
50,5;-27;100
50,5;-26,5;100
50,5;-26;100
50,5;-25,5;100
50,5;-25;100
50,5;-24,5;100
50,5;-24;100
50,5;-23,5;100
50,5;-23;100
50,5;-22,5;100
50,5;-22;100
50,5;-21,5;100
50,5;-21;100
50,5;-20,5;100
50,5;-20;100
50,5;-19,5;100
50,5;-19;100
50,5;-18,5;100
50,5;-18;100
50,5;-17,5;100
50,5;-17;100
50,5;-16,5;100
50,5;-16;100
50,5;-15,5;100
50,5;-15;100
50,5;-14,5;100
50,5;-14;100
50,5;-13,5;100
50,5;-13;100
50,5;-12,5;100
50,5;-12;100
50,5;-11,5;100
50,5;-11;100
50,5;-10,5;100
50,5;-10;100
50,5;-9,5;100
50,5;-9;100
50,5;-8,5;100
50,5;-8;100
50,5;-7,5;100
50,5;-7;100
50,5;-6,5;100
50,5;-6;100
50,5;-5,5;100
50,5;-5;100
50,5;-4,5;96
50,5;-4;84
50,5;-3,5;40
50,5;-3;8
50,5;-2,5;20
50,5;-2;0
50,5;-1,5;48
50,5;-1;100
50,5;-0,5;52
50,5;0;56
50,5;0,5;96
50,5;1;92
50,5;1,5;92
50,5;2;100
50,5;2,5;100
50,5;3;100
50,5;3,5;100
50,5;4;100
50,5;4,5;100
50,5;5;100
50,5;5,5;100
50,5;6;100
50,5;6,5;100
50,5;7;100
50,5;7,5;100
50,5;8;100
50,5;8,5;100
50,5;9;100
50,5;9,5;100
50,5;10;96
50,5;10,5;100
50,5;11;100
50,5;11,5;100
50,5;12;100
50,5;12,5;100
50,5;13;100
50,5;13,5;100
50,5;14;100
50,5;14,5;100
50,5;15;100
50,5;15,5;100
50,5;16;100
50,5;16,5;100
50,5;17;100
50,5;17,5;100
50,5;18;100
50,5;18,5;100
50,5;19;100
50,5;19,5;100
50,5;20;100
50,5;20,5;100
50,5;21;100
50,5;21,5;100
50,5;22;84
50,5;22,5;0
50,5;23;0
50,5;23,5;0
51;-76,5;72
51;-76;60
51;-75,5;92
51;-75;80
51;-74,5;56
51;-74;60
51;-73,5;64
51;-73;88
51;-72,5;100
51;-72;96
51;-71,5;100
51;-71;100
51;-70,5;100
51;-70;100
51;-69,5;100
51;-69;100
51;-68,5;100
51;-68;100
51;-67,5;96
51;-67;100
51;-66,5;100
51;-66;100
51;-65,5;92
51;-65;100
51;-64,5;100
51;-64;100
51;-63,5;100
51;-63;100
51;-62,5;96
51;-62;96
51;-61,5;100
51;-61;100
51;-60,5;100
51;-60;100
51;-59,5;100
51;-59;100
51;-58,5;100
51;-58;100
51;-57,5;92
51;-57;100
51;-56,5;100
51;-56;100
51;-55,5;100
51;-55;100
51;-54,5;100
51;-54;100
51;-53,5;100
51;-53;100
51;-52,5;100
51;-52;100
51;-51,5;100
51;-51;100
51;-50,5;100
51;-50;100
51;-49,5;100
51;-49;100
51;-48,5;100
51;-48;100
51;-47,5;100
51;-47;100
51;-46,5;100
51;-46;100
51;-45,5;100
51;-45;100
51;-44,5;100
51;-44;100
51;-43,5;100
51;-43;100
51;-42,5;100
51;-42;100
51;-41,5;100
51;-41;100
51;-40,5;100
51;-40;100
51;-39,5;100
51;-39;100
51;-38,5;100
51;-38;100
51;-37,5;100
51;-37;100
51;-36,5;100
51;-36;100
51;-35,5;100
51;-35;100
51;-34,5;100
51;-34;100
51;-33,5;100
51;-33;100
51;-32,5;100
51;-32;100
51;-31,5;100
51;-31;100
51;-30,5;100
51;-30;100
51;-29,5;100
51;-29;100
51;-28,5;100
51;-28;100
51;-27,5;100
51;-27;100
51;-26,5;100
51;-26;100
51;-25,5;100
51;-25;100
51;-24,5;100
51;-24;100
51;-23,5;100
51;-23;100
51;-22,5;100
51;-22;100
51;-21,5;100
51;-21;100
51;-20,5;100
51;-20;100
51;-19,5;100
51;-19;100
51;-18,5;100
51;-18;100
51;-17,5;100
51;-17;100
51;-16,5;100
51;-16;100
51;-15,5;100
51;-15;100
51;-14,5;100
51;-14;100
51;-13,5;100
51;-13;100
51;-12,5;100
51;-12;100
51;-11,5;100
51;-11;100
51;-10,5;100
51;-10;100
51;-9,5;100
51;-9;100
51;-8,5;100
51;-8;100
51;-7,5;100
51;-7;100
51;-6,5;100
51;-6;100
51;-5,5;100
51;-5;100
51;-4,5;56
51;-4;0
51;-3,5;4
51;-3;88
51;-2,5;100
51;-2;68
51;-1,5;92
51;-1;100
51;-0,5;92
51;0;84
51;0,5;100
51;1;100
51;1,5;44
51;2;100
51;2,5;100
51;3;100
51;3,5;100
51;4;100
51;4,5;100
51;5;100
51;5,5;100
51;6;100
51;6,5;100
51;7;100
51;7,5;100
51;8;100
51;8,5;100
51;9;100
51;9,5;96
51;10;88
51;10,5;100
51;11;100
51;11,5;100
51;12;100
51;12,5;100
51;13;100
51;13,5;100
51;14;100
51;14,5;100
51;15;100
51;15,5;100
51;16;100
51;16,5;100
51;17;100
51;17,5;100
51;18;100
51;18,5;100
51;19;100
51;19,5;100
51;20;100
51;20,5;100
51;21;96
51;21,5;100
51;22;100
51;22,5;20
51;23;0
51,5;-76,5;72
51,5;-76;80
51,5;-75,5;80
51,5;-75;100
51,5;-74,5;60
51,5;-74;56
51,5;-73,5;64
51,5;-73;76
51,5;-72,5;96
51,5;-72;100
51,5;-71,5;100
51,5;-71;100
51,5;-70,5;100
51,5;-70;100
51,5;-69,5;100
51,5;-69;100
51,5;-68,5;100
51,5;-68;100
51,5;-67,5;100
51,5;-67;100
51,5;-66,5;100
51,5;-66;100
51,5;-65,5;100
51,5;-65;100
51,5;-64,5;100
51,5;-64;100
51,5;-63,5;100
51,5;-63;100
51,5;-62,5;100
51,5;-62;100
51,5;-61,5;100
51,5;-61;100
51,5;-60,5;100
51,5;-60;100
51,5;-59,5;100
51,5;-59;100
51,5;-58,5;100
51,5;-58;100
51,5;-57,5;100
51,5;-57;100
51,5;-56,5;100
51,5;-56;100
51,5;-55,5;100
51,5;-55;100
51,5;-54,5;100
51,5;-54;100
51,5;-53,5;100
51,5;-53;100
51,5;-52,5;100
51,5;-52;100
51,5;-51,5;100
51,5;-51;100
51,5;-50,5;100
51,5;-50;100
51,5;-49,5;100
51,5;-49;100
51,5;-48,5;100
51,5;-48;100
51,5;-47,5;100
51,5;-47;100
51,5;-46,5;100
51,5;-46;100
51,5;-45,5;96
51,5;-45;100
51,5;-44,5;100
51,5;-44;100
51,5;-43,5;100
51,5;-43;100
51,5;-42,5;100
51,5;-42;100
51,5;-41,5;100
51,5;-41;100
51,5;-40,5;100
51,5;-40;100
51,5;-39,5;100
51,5;-39;100
51,5;-38,5;100
51,5;-38;100
51,5;-37,5;100
51,5;-37;100
51,5;-36,5;100
51,5;-36;100
51,5;-35,5;100
51,5;-35;100
51,5;-34,5;100
51,5;-34;100
51,5;-33,5;100
51,5;-33;100
51,5;-32,5;100
51,5;-32;100
51,5;-31,5;100
51,5;-31;100
51,5;-30,5;100
51,5;-30;100
51,5;-29,5;100
51,5;-29;100
51,5;-28,5;100
51,5;-28;100
51,5;-27,5;100
51,5;-27;100
51,5;-26,5;100
51,5;-26;100
51,5;-25,5;100
51,5;-25;100
51,5;-24,5;100
51,5;-24;100
51,5;-23,5;100
51,5;-23;100
51,5;-22,5;100
51,5;-22;100
51,5;-21,5;100
51,5;-21;100
51,5;-20,5;100
51,5;-20;100
51,5;-19,5;100
51,5;-19;100
51,5;-18,5;100
51,5;-18;100
51,5;-17,5;100
51,5;-17;100
51,5;-16,5;100
51,5;-16;100
51,5;-15,5;100
51,5;-15;100
51,5;-14,5;100
51,5;-14;100
51,5;-13,5;100
51,5;-13;100
51,5;-12,5;100
51,5;-12;100
51,5;-11,5;100
51,5;-11;100
51,5;-10,5;100
51,5;-10;100
51,5;-9,5;100
51,5;-9;100
51,5;-8,5;100
51,5;-8;100
51,5;-7,5;100
51,5;-7;100
51,5;-6,5;100
51,5;-6;100
51,5;-5,5;100
51,5;-5;92
51,5;-4,5;8
51,5;-4;0
51,5;-3,5;48
51,5;-3;100
51,5;-2,5;100
51,5;-2;100
51,5;-1,5;88
51,5;-1;100
51,5;-0,5;100
51,5;0;92
51,5;0,5;100
51,5;1;100
51,5;1,5;96
51,5;2;100
51,5;2,5;100
51,5;3;100
51,5;3,5;100
51,5;4;100
51,5;4,5;100
51,5;5;100
51,5;5,5;100
51,5;6;100
51,5;6,5;100
51,5;7;100
51,5;7,5;100
51,5;8;100
51,5;8,5;100
51,5;9;100
51,5;9,5;100
51,5;10;100
51,5;10,5;84
51,5;11;52
51,5;11,5;100
51,5;12;100
51,5;12,5;100
51,5;13;100
51,5;13,5;100
51,5;14;100
51,5;14,5;100
51,5;15;100
51,5;15,5;100
51,5;16;100
51,5;16,5;100
51,5;17;100
51,5;17,5;100
51,5;18;100
51,5;18,5;100
51,5;19;100
51,5;19,5;100
51,5;20;100
51,5;20,5;100
51,5;21;100
51,5;21,5;100
51,5;22;92
51,5;22,5;64
51,5;23;12
52;-76,5;60
52;-76;84
52;-75,5;84
52;-75;40
52;-74,5;44
52;-74;32
52;-73,5;56
52;-73;52
52;-72,5;96
52;-72;100
52;-71,5;100
52;-71;100
52;-70,5;100
52;-70;100
52;-69,5;100
52;-69;100
52;-68,5;100
52;-68;100
52;-67,5;100
52;-67;100
52;-66,5;100
52;-66;100
52;-65,5;100
52;-65;100
52;-64,5;100
52;-64;100
52;-63,5;100
52;-63;100
52;-62,5;100
52;-62;100
52;-61,5;100
52;-61;100
52;-60,5;100
52;-60;100
52;-59,5;100
52;-59;100
52;-58,5;100
52;-58;100
52;-57,5;100
52;-57;100
52;-56,5;100
52;-56;100
52;-55,5;100
52;-55;100
52;-54,5;100
52;-54;100
52;-53,5;100
52;-53;100
52;-52,5;100
52;-52;100
52;-51,5;100
52;-51;100
52;-50,5;100
52;-50;100
52;-49,5;100
52;-49;100
52;-48,5;100
52;-48;100
52;-47,5;100
52;-47;100
52;-46,5;100
52;-46;100
52;-45,5;100
52;-45;100
52;-44,5;100
52;-44;100
52;-43,5;100
52;-43;100
52;-42,5;100
52;-42;100
52;-41,5;100
52;-41;100
52;-40,5;100
52;-40;100
52;-39,5;100
52;-39;100
52;-38,5;100
52;-38;100
52;-37,5;100
52;-37;100
52;-36,5;100
52;-36;100
52;-35,5;100
52;-35;100
52;-34,5;100
52;-34;100
52;-33,5;100
52;-33;100
52;-32,5;100
52;-32;100
52;-31,5;100
52;-31;100
52;-30,5;100
52;-30;100
52;-29,5;100
52;-29;100
52;-28,5;100
52;-28;100
52;-27,5;100
52;-27;100
52;-26,5;100
52;-26;100
52;-25,5;100
52;-25;100
52;-24,5;100
52;-24;100
52;-23,5;100
52;-23;100
52;-22,5;100
52;-22;100
52;-21,5;100
52;-21;100
52;-20,5;100
52;-20;100
52;-19,5;100
52;-19;100
52;-18,5;100
52;-18;100
52;-17,5;100
52;-17;100
52;-16,5;100
52;-16;100
52;-15,5;100
52;-15;100
52;-14,5;100
52;-14;100
52;-13,5;100
52;-13;96
52;-12,5;88
52;-12;100
52;-11,5;100
52;-11;100
52;-10,5;100
52;-10;100
52;-9,5;100
52;-9;100
52;-8,5;100
52;-8;100
52;-7,5;100
52;-7;100
52;-6,5;100
52;-6;100
52;-5,5;96
52;-5;20
52;-4,5;0
52;-4;4
52;-3,5;72
52;-3;100
52;-2,5;100
52;-2;100
52;-1,5;100
52;-1;100
52;-0,5;100
52;0;100
52;0,5;100
52;1;100
52;1,5;96
52;2;100
52;2,5;100
52;3;100
52;3,5;100
52;4;100
52;4,5;100
52;5;100
52;5,5;100
52;6;100
52;6,5;100
52;7;100
52;7,5;100
52;8;100
52;8,5;100
52;9;100
52;9,5;100
52;10;100
52;10,5;92
52;11;36
52;11,5;96
52;12;100
52;12,5;100
52;13;100
52;13,5;100
52;14;100
52;14,5;100
52;15;100
52;15,5;100
52;16;100
52;16,5;100
52;17;100
52;17,5;100
52;18;100
52;18,5;100
52;19;92
52;19,5;96
52;20;100
52;20,5;100
52;21;96
52;21,5;76
52;22;80
52;22,5;80
52;23;48
52;23,5;16
52,5;-76,5;44
52,5;-76;84
52,5;-75,5;76
52,5;-75;60
52,5;-74,5;32
52,5;-74;8
52,5;-73,5;72
52,5;-73;88
52,5;-72,5;92
52,5;-72;100
52,5;-71,5;100
52,5;-71;100
52,5;-70,5;100
52,5;-70;100
52,5;-69,5;100
52,5;-69;100
52,5;-68,5;100
52,5;-68;100
52,5;-67,5;100
52,5;-67;100
52,5;-66,5;100
52,5;-66;100
52,5;-65,5;88
52,5;-65;64
52,5;-64,5;100
52,5;-64;100
52,5;-63,5;100
52,5;-63;100
52,5;-62,5;100
52,5;-62;100
52,5;-61,5;100
52,5;-61;100
52,5;-60,5;100
52,5;-60;100
52,5;-59,5;100
52,5;-59;100
52,5;-58,5;100
52,5;-58;100
52,5;-57,5;100
52,5;-57;100
52,5;-56,5;100
52,5;-56;100
52,5;-55,5;100
52,5;-55;100
52,5;-54,5;100
52,5;-54;100
52,5;-53,5;100
52,5;-53;100
52,5;-52,5;100
52,5;-52;100
52,5;-51,5;100
52,5;-51;100
52,5;-50,5;100
52,5;-50;100
52,5;-49,5;100
52,5;-49;100
52,5;-48,5;100
52,5;-48;100
52,5;-47,5;100
52,5;-47;100
52,5;-46,5;100
52,5;-46;100
52,5;-45,5;100
52,5;-45;100
52,5;-44,5;100
52,5;-44;100
52,5;-43,5;100
52,5;-43;100
52,5;-42,5;100
52,5;-42;100
52,5;-41,5;100
52,5;-41;100
52,5;-40,5;100
52,5;-40;100
52,5;-39,5;100
52,5;-39;100
52,5;-38,5;100
52,5;-38;100
52,5;-37,5;100
52,5;-37;100
52,5;-36,5;100
52,5;-36;100
52,5;-35,5;100
52,5;-35;100
52,5;-34,5;100
52,5;-34;100
52,5;-33,5;100
52,5;-33;100
52,5;-32,5;100
52,5;-32;100
52,5;-31,5;100
52,5;-31;100
52,5;-30,5;100
52,5;-30;100
52,5;-29,5;100
52,5;-29;100
52,5;-28,5;100
52,5;-28;100
52,5;-27,5;100
52,5;-27;100
52,5;-26,5;100
52,5;-26;100
52,5;-25,5;100
52,5;-25;100
52,5;-24,5;100
52,5;-24;100
52,5;-23,5;100
52,5;-23;100
52,5;-22,5;100
52,5;-22;100
52,5;-21,5;100
52,5;-21;100
52,5;-20,5;100
52,5;-20;100
52,5;-19,5;100
52,5;-19;100
52,5;-18,5;100
52,5;-18;100
52,5;-17,5;100
52,5;-17;100
52,5;-16,5;88
52,5;-16;96
52,5;-15,5;100
52,5;-15;100
52,5;-14,5;100
52,5;-14;100
52,5;-13,5;100
52,5;-13;72
52,5;-12,5;72
52,5;-12;100
52,5;-11,5;100
52,5;-11;100
52,5;-10,5;100
52,5;-10;100
52,5;-9,5;100
52,5;-9;100
52,5;-8,5;100
52,5;-8;96
52,5;-7,5;100
52,5;-7;100
52,5;-6,5;100
52,5;-6;100
52,5;-5,5;100
52,5;-5;92
52,5;-4,5;20
52,5;-4;4
52,5;-3,5;84
52,5;-3;100
52,5;-2,5;100
52,5;-2;100
52,5;-1,5;100
52,5;-1;100
52,5;-0,5;100
52,5;0;100
52,5;0,5;100
52,5;1;100
52,5;1,5;100
52,5;2;100
52,5;2,5;100
52,5;3;100
52,5;3,5;100
52,5;4;100
52,5;4,5;100
52,5;5;100
52,5;5,5;100
52,5;6;100
52,5;6,5;100
52,5;7;100
52,5;7,5;100
52,5;8;100
52,5;8,5;100
52,5;9;96
52,5;9,5;96
52,5;10;100
52,5;10,5;100
52,5;11;96
52,5;11,5;100
52,5;12;100
52,5;12,5;100
52,5;13;96
52,5;13,5;100
52,5;14;96
52,5;14,5;100
52,5;15;100
52,5;15,5;100
52,5;16;100
52,5;16,5;100
52,5;17;100
52,5;17,5;100
52,5;18;100
52,5;18,5;100
52,5;19;100
52,5;19,5;100
52,5;20;100
52,5;20,5;100
52,5;21;96
52,5;21,5;100
52,5;22;84
52,5;22,5;76
52,5;23;100
52,5;23,5;56
53;-76,5;12
53;-76;32
53;-75,5;60
53;-75;36
53;-74,5;36
53;-74;24
53;-73,5;56
53;-73;100
53;-72,5;100
53;-72;100
53;-71,5;100
53;-71;100
53;-70,5;100
53;-70;100
53;-69,5;100
53;-69;100
53;-68,5;100
53;-68;100
53;-67,5;100
53;-67;100
53;-66,5;88
53;-66;100
53;-65,5;48
53;-65;12
53;-64,5;60
53;-64;64
53;-63,5;100
53;-63;100
53;-62,5;100
53;-62;100
53;-61,5;100
53;-61;100
53;-60,5;100
53;-60;100
53;-59,5;100
53;-59;100
53;-58,5;100
53;-58;100
53;-57,5;100
53;-57;100
53;-56,5;100
53;-56;100
53;-55,5;100
53;-55;100
53;-54,5;100
53;-54;100
53;-53,5;100
53;-53;100
53;-52,5;100
53;-52;100
53;-51,5;100
53;-51;100
53;-50,5;100
53;-50;100
53;-49,5;100
53;-49;100
53;-48,5;100
53;-48;100
53;-47,5;100
53;-47;100
53;-46,5;100
53;-46;100
53;-45,5;100
53;-45;100
53;-44,5;100
53;-44;100
53;-43,5;100
53;-43;100
53;-42,5;100
53;-42;100
53;-41,5;100
53;-41;100
53;-40,5;100
53;-40;100
53;-39,5;100
53;-39;100
53;-38,5;96
53;-38;100
53;-37,5;100
53;-37;100
53;-36,5;100
53;-36;100
53;-35,5;100
53;-35;100
53;-34,5;100
53;-34;100
53;-33,5;100
53;-33;100
53;-32,5;100
53;-32;100
53;-31,5;100
53;-31;100
53;-30,5;100
53;-30;100
53;-29,5;100
53;-29;100
53;-28,5;100
53;-28;100
53;-27,5;100
53;-27;100
53;-26,5;100
53;-26;100
53;-25,5;100
53;-25;100
53;-24,5;100
53;-24;100
53;-23,5;100
53;-23;100
53;-22,5;100
53;-22;100
53;-21,5;100
53;-21;100
53;-20,5;100
53;-20;100
53;-19,5;100
53;-19;100
53;-18,5;100
53;-18;100
53;-17,5;100
53;-17;100
53;-16,5;96
53;-16;80
53;-15,5;100
53;-15;100
53;-14,5;96
53;-14;100
53;-13,5;92
53;-13;84
53;-12,5;36
53;-12;44
53;-11,5;96
53;-11;88
53;-10,5;12
53;-10;92
53;-9,5;48
53;-9;48
53;-8,5;64
53;-8;64
53;-7,5;100
53;-7;100
53;-6,5;80
53;-6;64
53;-5,5;100
53;-5;100
53;-4,5;80
53;-4;48
53;-3,5;72
53;-3;100
53;-2,5;100
53;-2;100
53;-1,5;100
53;-1;100
53;-0,5;100
53;0;100
53;0,5;100
53;1;100
53;1,5;100
53;2;100
53;2,5;100
53;3;100
53;3,5;100
53;4;100
53;4,5;100
53;5;100
53;5,5;100
53;6;100
53;6,5;100
53;7;100
53;7,5;100
53;8;100
53;8,5;100
53;9;100
53;9,5;100
53;10;100
53;10,5;100
53;11;100
53;11,5;100
53;12;100
53;12,5;100
53;13;100
53;13,5;84
53;14;96
53;14,5;100
53;15;100
53;15,5;100
53;16;100
53;16,5;100
53;17;100
53;17,5;100
53;18;100
53;18,5;100
53;19;100
53;19,5;100
53;20;100
53;20,5;100
53;21;100
53;21,5;100
53;22;76
53;22,5;20
53;23;92
53;23,5;60
53,5;-76,5;16
53,5;-76;4
53,5;-75,5;60
53,5;-75;28
53,5;-74,5;28
53,5;-74;8
53,5;-73,5;36
53,5;-73;76
53,5;-72,5;100
53,5;-72;92
53,5;-71,5;100
53,5;-71;96
53,5;-70,5;100
53,5;-70;100
53,5;-69,5;100
53,5;-69;100
53,5;-68,5;100
53,5;-68;100
53,5;-67,5;100
53,5;-67;100
53,5;-66,5;88
53,5;-66;100
53,5;-65,5;72
53,5;-65;0
53,5;-64,5;12
53,5;-64;60
53,5;-63,5;96
53,5;-63;96
53,5;-62,5;100
53,5;-62;100
53,5;-61,5;100
53,5;-61;100
53,5;-60,5;100
53,5;-60;100
53,5;-59,5;100
53,5;-59;100
53,5;-58,5;100
53,5;-58;100
53,5;-57,5;100
53,5;-57;100
53,5;-56,5;100
53,5;-56;100
53,5;-55,5;100
53,5;-55;100
53,5;-54,5;100
53,5;-54;100
53,5;-53,5;100
53,5;-53;100
53,5;-52,5;100
53,5;-52;100
53,5;-51,5;100
53,5;-51;100
53,5;-50,5;100
53,5;-50;100
53,5;-49,5;100
53,5;-49;100
53,5;-48,5;100
53,5;-48;100
53,5;-47,5;100
53,5;-47;100
53,5;-46,5;100
53,5;-46;100
53,5;-45,5;100
53,5;-45;100
53,5;-44,5;100
53,5;-44;100
53,5;-43,5;100
53,5;-43;100
53,5;-42,5;100
53,5;-42;100
53,5;-41,5;100
53,5;-41;100
53,5;-40,5;100
53,5;-40;100
53,5;-39,5;100
53,5;-39;100
53,5;-38,5;96
53,5;-38;100
53,5;-37,5;100
53,5;-37;100
53,5;-36,5;100
53,5;-36;100
53,5;-35,5;100
53,5;-35;100
53,5;-34,5;100
53,5;-34;100
53,5;-33,5;100
53,5;-33;100
53,5;-32,5;100
53,5;-32;100
53,5;-31,5;100
53,5;-31;100
53,5;-30,5;100
53,5;-30;100
53,5;-29,5;100
53,5;-29;100
53,5;-28,5;100
53,5;-28;100
53,5;-27,5;100
53,5;-27;100
53,5;-26,5;100
53,5;-26;100
53,5;-25,5;100
53,5;-25;100
53,5;-24,5;100
53,5;-24;100
53,5;-23,5;100
53,5;-23;100
53,5;-22,5;100
53,5;-22;100
53,5;-21,5;100
53,5;-21;100
53,5;-20,5;100
53,5;-20;100
53,5;-19,5;100
53,5;-19;100
53,5;-18,5;100
53,5;-18;100
53,5;-17,5;100
53,5;-17;100
53,5;-16,5;100
53,5;-16;100
53,5;-15,5;100
53,5;-15;100
53,5;-14,5;100
53,5;-14;100
53,5;-13,5;96
53,5;-13;96
53,5;-12,5;88
53,5;-12;44
53,5;-11,5;36
53,5;-11;16
53,5;-10,5;0
53,5;-10;0
53,5;-9,5;0
53,5;-9;0
53,5;-8,5;0
53,5;-8;28
53,5;-7,5;96
53,5;-7;64
53,5;-6,5;100
53,5;-6;96
53,5;-5,5;100
53,5;-5;100
53,5;-4,5;100
53,5;-4;100
53,5;-3,5;100
53,5;-3;100
53,5;-2,5;100
53,5;-2;100
53,5;-1,5;100
53,5;-1;100
53,5;-0,5;100
53,5;0;100
53,5;0,5;100
53,5;1;100
53,5;1,5;100
53,5;2;100
53,5;2,5;80
53,5;3;96
53,5;3,5;100
53,5;4;100
53,5;4,5;100
53,5;5;100
53,5;5,5;100
53,5;6;100
53,5;6,5;100
53,5;7;100
53,5;7,5;100
53,5;8;100
53,5;8,5;100
53,5;9;100
53,5;9,5;100
53,5;10;100
53,5;10,5;100
53,5;11;100
53,5;11,5;100
53,5;12;100
53,5;12,5;100
53,5;13;100
53,5;13,5;96
53,5;14;100
53,5;14,5;100
53,5;15;100
53,5;15,5;100
53,5;16;100
53,5;16,5;100
53,5;17;100
53,5;17,5;100
53,5;18;100
53,5;18,5;100
53,5;19;100
53,5;19,5;100
53,5;20;100
53,5;20,5;100
53,5;21;100
53,5;21,5;92
53,5;22;40
53,5;22,5;20
53,5;23;100
53,5;23,5;48
54;-76,5;20
54;-76;20
54;-75,5;20
54;-75;28
54;-74,5;36
54;-74;32
54;-73,5;28
54;-73;64
54;-72,5;96
54;-72;96
54;-71,5;88
54;-71;96
54;-70,5;100
54;-70;100
54;-69,5;96
54;-69;100
54;-68,5;100
54;-68;100
54;-67,5;100
54;-67;100
54;-66,5;96
54;-66;92
54;-65,5;16
54;-65;8
54;-64,5;16
54;-64;100
54;-63,5;100
54;-63;100
54;-62,5;100
54;-62;100
54;-61,5;100
54;-61;100
54;-60,5;100
54;-60;100
54;-59,5;100
54;-59;100
54;-58,5;100
54;-58;100
54;-57,5;100
54;-57;100
54;-56,5;100
54;-56;100
54;-55,5;100
54;-55;100
54;-54,5;100
54;-54;100
54;-53,5;100
54;-53;100
54;-52,5;100
54;-52;100
54;-51,5;100
54;-51;100
54;-50,5;100
54;-50;100
54;-49,5;100
54;-49;100
54;-48,5;100
54;-48;100
54;-47,5;100
54;-47;100
54;-46,5;100
54;-46;100
54;-45,5;100
54;-45;100
54;-44,5;100
54;-44;100
54;-43,5;100
54;-43;100
54;-42,5;100
54;-42;100
54;-41,5;100
54;-41;100
54;-40,5;100
54;-40;100
54;-39,5;100
54;-39;100
54;-38,5;100
54;-38;100
54;-37,5;100
54;-37;92
54;-36,5;64
54;-36;92
54;-35,5;100
54;-35;100
54;-34,5;100
54;-34;100
54;-33,5;100
54;-33;100
54;-32,5;100
54;-32;100
54;-31,5;100
54;-31;100
54;-30,5;100
54;-30;100
54;-29,5;100
54;-29;100
54;-28,5;100
54;-28;100
54;-27,5;100
54;-27;100
54;-26,5;100
54;-26;100
54;-25,5;100
54;-25;100
54;-24,5;100
54;-24;100
54;-23,5;100
54;-23;100
54;-22,5;100
54;-22;100
54;-21,5;100
54;-21;100
54;-20,5;100
54;-20;100
54;-19,5;100
54;-19;100
54;-18,5;100
54;-18;100
54;-17,5;100
54;-17;100
54;-16,5;100
54;-16;100
54;-15,5;100
54;-15;100
54;-14,5;100
54;-14;100
54;-13,5;100
54;-13;100
54;-12,5;100
54;-12;16
54;-11,5;0
54;-11;0
54;-10,5;0
54;-10;0
54;-9,5;0
54;-9;0
54;-8,5;0
54;-8;4
54;-7,5;96
54;-7;84
54;-6,5;100
54;-6;100
54;-5,5;100
54;-5;100
54;-4,5;100
54;-4;100
54;-3,5;100
54;-3;100
54;-2,5;100
54;-2;100
54;-1,5;100
54;-1;100
54;-0,5;100
54;0;100
54;0,5;100
54;1;100
54;1,5;100
54;2;100
54;2,5;100
54;3;100
54;3,5;100
54;4;100
54;4,5;100
54;5;100
54;5,5;100
54;6;100
54;6,5;100
54;7;100
54;7,5;100
54;8;100
54;8,5;100
54;9;100
54;9,5;100
54;10;100
54;10,5;100
54;11;100
54;11,5;100
54;12;100
54;12,5;100
54;13;100
54;13,5;100
54;14;100
54;14,5;100
54;15;100
54;15,5;100
54;16;100
54;16,5;100
54;17;100
54;17,5;100
54;18;96
54;18,5;100
54;19;100
54;19,5;100
54;20;100
54;20,5;92
54;21;80
54;21,5;72
54;22;28
54;22,5;64
54;23;84
54;23,5;24
54,5;-76,5;0
54,5;-76;0
54,5;-75,5;0
54,5;-75;0
54,5;-74,5;0
54,5;-74;20
54,5;-73,5;4
54,5;-73;40
54,5;-72,5;84
54,5;-72;100
54,5;-71,5;96
54,5;-71;100
54,5;-70,5;100
54,5;-70;100
54,5;-69,5;100
54,5;-69;100
54,5;-68,5;100
54,5;-68;100
54,5;-67,5;100
54,5;-67;100
54,5;-66,5;100
54,5;-66;88
54,5;-65,5;20
54,5;-65;12
54,5;-64,5;36
54,5;-64;52
54,5;-63,5;100
54,5;-63;100
54,5;-62,5;100
54,5;-62;100
54,5;-61,5;100
54,5;-61;100
54,5;-60,5;100
54,5;-60;100
54,5;-59,5;100
54,5;-59;100
54,5;-58,5;100
54,5;-58;100
54,5;-57,5;100
54,5;-57;100
54,5;-56,5;100
54,5;-56;100
54,5;-55,5;100
54,5;-55;100
54,5;-54,5;100
54,5;-54;100
54,5;-53,5;100
54,5;-53;100
54,5;-52,5;100
54,5;-52;100
54,5;-51,5;100
54,5;-51;100
54,5;-50,5;100
54,5;-50;100
54,5;-49,5;100
54,5;-49;100
54,5;-48,5;100
54,5;-48;100
54,5;-47,5;100
54,5;-47;100
54,5;-46,5;100
54,5;-46;100
54,5;-45,5;100
54,5;-45;100
54,5;-44,5;100
54,5;-44;100
54,5;-43,5;100
54,5;-43;100
54,5;-42,5;100
54,5;-42;100
54,5;-41,5;100
54,5;-41;100
54,5;-40,5;100
54,5;-40;100
54,5;-39,5;100
54,5;-39;100
54,5;-38,5;100
54,5;-38;96
54,5;-37,5;96
54,5;-37;92
54,5;-36,5;84
54,5;-36;96
54,5;-35,5;100
54,5;-35;100
54,5;-34,5;100
54,5;-34;100
54,5;-33,5;100
54,5;-33;100
54,5;-32,5;100
54,5;-32;100
54,5;-31,5;100
54,5;-31;100
54,5;-30,5;100
54,5;-30;100
54,5;-29,5;100
54,5;-29;100
54,5;-28,5;100
54,5;-28;100
54,5;-27,5;100
54,5;-27;100
54,5;-26,5;100
54,5;-26;100
54,5;-25,5;100
54,5;-25;100
54,5;-24,5;100
54,5;-24;100
54,5;-23,5;100
54,5;-23;100
54,5;-22,5;100
54,5;-22;100
54,5;-21,5;100
54,5;-21;100
54,5;-20,5;100
54,5;-20;100
54,5;-19,5;100
54,5;-19;100
54,5;-18,5;100
54,5;-18;100
54,5;-17,5;100
54,5;-17;100
54,5;-16,5;100
54,5;-16;100
54,5;-15,5;100
54,5;-15;100
54,5;-14,5;100
54,5;-14;100
54,5;-13,5;100
54,5;-13;100
54,5;-12,5;100
54,5;-12;56
54,5;-11,5;20
54,5;-11;0
54,5;-10,5;0
54,5;-10;0
54,5;-9,5;0
54,5;-9;0
54,5;-8,5;0
54,5;-8;0
54,5;-7,5;56
54,5;-7;100
54,5;-6,5;100
54,5;-6;100
54,5;-5,5;100
54,5;-5;100
54,5;-4,5;100
54,5;-4;100
54,5;-3,5;100
54,5;-3;96
54,5;-2,5;100
54,5;-2;100
54,5;-1,5;100
54,5;-1;100
54,5;-0,5;100
54,5;0;100
54,5;0,5;100
54,5;1;100
54,5;1,5;100
54,5;2;100
54,5;2,5;100
54,5;3;100
54,5;3,5;100
54,5;4;100
54,5;4,5;100
54,5;5;100
54,5;5,5;100
54,5;6;92
54,5;6,5;100
54,5;7;96
54,5;7,5;100
54,5;8;96
54,5;8,5;100
54,5;9;100
54,5;9,5;96
54,5;10;100
54,5;10,5;100
54,5;11;100
54,5;11,5;100
54,5;12;100
54,5;12,5;96
54,5;13;100
54,5;13,5;100
54,5;14;100
54,5;14,5;100
54,5;15;100
54,5;15,5;100
54,5;16;100
54,5;16,5;100
54,5;17;100
54,5;17,5;96
54,5;18;100
54,5;18,5;100
54,5;19;100
54,5;19,5;100
54,5;20;100
54,5;20,5;68
54,5;21;12
54,5;21,5;12
54,5;22;0
54,5;22,5;56
54,5;23;16
55;-76;0
55;-75,5;0
55;-75;0
55;-74,5;0
55;-74;32
55;-73,5;16
55;-73;52
55;-72,5;52
55;-72;80
55;-71,5;100
55;-71;100
55;-70,5;100
55;-70;96
55;-69,5;100
55;-69;88
55;-68,5;96
55;-68;100
55;-67,5;100
55;-67;100
55;-66,5;100
55;-66;96
55;-65,5;84
55;-65;12
55;-64,5;36
55;-64;68
55;-63,5;100
55;-63;100
55;-62,5;100
55;-62;100
55;-61,5;100
55;-61;100
55;-60,5;100
55;-60;96
55;-59,5;96
55;-59;100
55;-58,5;100
55;-58;100
55;-57,5;100
55;-57;100
55;-56,5;100
55;-56;100
55;-55,5;100
55;-55;100
55;-54,5;100
55;-54;100
55;-53,5;100
55;-53;100
55;-52,5;100
55;-52;100
55;-51,5;100
55;-51;100
55;-50,5;100
55;-50;100
55;-49,5;100
55;-49;100
55;-48,5;100
55;-48;100
55;-47,5;100
55;-47;100
55;-46,5;100
55;-46;100
55;-45,5;100
55;-45;100
55;-44,5;100
55;-44;100
55;-43,5;100
55;-43;100
55;-42,5;100
55;-42;100
55;-41,5;100
55;-41;100
55;-40,5;100
55;-40;100
55;-39,5;100
55;-39;100
55;-38,5;100
55;-38;100
55;-37,5;84
55;-37;100
55;-36,5;100
55;-36;100
55;-35,5;100
55;-35;100
55;-34,5;100
55;-34;100
55;-33,5;100
55;-33;100
55;-32,5;100
55;-32;100
55;-31,5;100
55;-31;100
55;-30,5;100
55;-30;100
55;-29,5;100
55;-29;100
55;-28,5;100
55;-28;100
55;-27,5;100
55;-27;100
55;-26,5;100
55;-26;100
55;-25,5;100
55;-25;100
55;-24,5;100
55;-24;100
55;-23,5;100
55;-23;100
55;-22,5;100
55;-22;100
55;-21,5;100
55;-21;100
55;-20,5;100
55;-20;100
55;-19,5;100
55;-19;100
55;-18,5;100
55;-18;100
55;-17,5;100
55;-17;100
55;-16,5;100
55;-16;100
55;-15,5;100
55;-15;100
55;-14,5;100
55;-14;100
55;-13,5;96
55;-13;100
55;-12,5;100
55;-12;100
55;-11,5;100
55;-11;72
55;-10,5;0
55;-10;0
55;-9,5;0
55;-9;0
55;-8,5;0
55;-8;96
55;-7,5;100
55;-7;100
55;-6,5;100
55;-6;100
55;-5,5;100
55;-5;100
55;-4,5;100
55;-4;100
55;-3,5;100
55;-3;100
55;-2,5;100
55;-2;100
55;-1,5;96
55;-1;100
55;-0,5;100
55;0;100
55;0,5;100
55;1;100
55;1,5;100
55;2;100
55;2,5;100
55;3;100
55;3,5;100
55;4;100
55;4,5;100
55;5;100
55;5,5;100
55;6;96
55;6,5;100
55;7;96
55;7,5;96
55;8;100
55;8,5;100
55;9;100
55;9,5;100
55;10;100
55;10,5;100
55;11;100
55;11,5;100
55;12;100
55;12,5;96
55;13;100
55;13,5;100
55;14;100
55;14,5;100
55;15;100
55;15,5;100
55;16;100
55;16,5;100
55;17;100
55;17,5;100
55;18;100
55;18,5;100
55;19;100
55;19,5;100
55;20;100
55;20,5;48
55;21;76
55;21,5;20
55;22;32
55;22,5;4
55;23;0
55,5;-76;0
55,5;-75,5;0
55,5;-75;20
55,5;-74,5;12
55,5;-74;28
55,5;-73,5;32
55,5;-73;44
55,5;-72,5;56
55,5;-72;84
55,5;-71,5;96
55,5;-71;100
55,5;-70,5;96
55,5;-70;100
55,5;-69,5;96
55,5;-69;88
55,5;-68,5;64
55,5;-68;92
55,5;-67,5;80
55,5;-67;80
55,5;-66,5;96
55,5;-66;100
55,5;-65,5;64
55,5;-65;8
55,5;-64,5;12
55,5;-64;68
55,5;-63,5;80
55,5;-63;100
55,5;-62,5;100
55,5;-62;100
55,5;-61,5;100
55,5;-61;100
55,5;-60,5;100
55,5;-60;100
55,5;-59,5;100
55,5;-59;92
55,5;-58,5;100
55,5;-58;100
55,5;-57,5;100
55,5;-57;100
55,5;-56,5;100
55,5;-56;100
55,5;-55,5;100
55,5;-55;100
55,5;-54,5;100
55,5;-54;100
55,5;-53,5;100
55,5;-53;100
55,5;-52,5;100
55,5;-52;100
55,5;-51,5;100
55,5;-51;100
55,5;-50,5;100
55,5;-50;100
55,5;-49,5;100
55,5;-49;100
55,5;-48,5;100
55,5;-48;100
55,5;-47,5;100
55,5;-47;100
55,5;-46,5;100
55,5;-46;100
55,5;-45,5;100
55,5;-45;100
55,5;-44,5;100
55,5;-44;100
55,5;-43,5;100
55,5;-43;100
55,5;-42,5;100
55,5;-42;100
55,5;-41,5;100
55,5;-41;100
55,5;-40,5;100
55,5;-40;100
55,5;-39,5;100
55,5;-39;100
55,5;-38,5;96
55,5;-38;92
55,5;-37,5;88
55,5;-37;100
55,5;-36,5;100
55,5;-36;100
55,5;-35,5;100
55,5;-35;100
55,5;-34,5;100
55,5;-34;100
55,5;-33,5;100
55,5;-33;100
55,5;-32,5;100
55,5;-32;100
55,5;-31,5;100
55,5;-31;100
55,5;-30,5;100
55,5;-30;100
55,5;-29,5;100
55,5;-29;100
55,5;-28,5;100
55,5;-28;100
55,5;-27,5;100
55,5;-27;100
55,5;-26,5;100
55,5;-26;100
55,5;-25,5;100
55,5;-25;100
55,5;-24,5;100
55,5;-24;100
55,5;-23,5;100
55,5;-23;100
55,5;-22,5;100
55,5;-22;100
55,5;-21,5;100
55,5;-21;100
55,5;-20,5;100
55,5;-20;100
55,5;-19,5;100
55,5;-19;100
55,5;-18,5;100
55,5;-18;100
55,5;-17,5;100
55,5;-17;100
55,5;-16,5;100
55,5;-16;100
55,5;-15,5;100
55,5;-15;100
55,5;-14,5;100
55,5;-14;100
55,5;-13,5;96
55,5;-13;100
55,5;-12,5;100
55,5;-12;100
55,5;-11,5;100
55,5;-11;36
55,5;-10,5;0
55,5;-10;0
55,5;-9,5;0
55,5;-9;0
55,5;-8,5;4
55,5;-8;36
55,5;-7,5;96
55,5;-7;100
55,5;-6,5;100
55,5;-6;100
55,5;-5,5;100
55,5;-5;100
55,5;-4,5;100
55,5;-4;100
55,5;-3,5;80
55,5;-3;100
55,5;-2,5;100
55,5;-2;88
55,5;-1,5;100
55,5;-1;100
55,5;-0,5;100
55,5;0;100
55,5;0,5;100
55,5;1;100
55,5;1,5;100
55,5;2;100
55,5;2,5;100
55,5;3;100
55,5;3,5;100
55,5;4;100
55,5;4,5;100
55,5;5;100
55,5;5,5;100
55,5;6;100
55,5;6,5;96
55,5;7;100
55,5;7,5;100
55,5;8;100
55,5;8,5;100
55,5;9;100
55,5;9,5;100
55,5;10;100
55,5;10,5;92
55,5;11;84
55,5;11,5;100
55,5;12;100
55,5;12,5;100
55,5;13;100
55,5;13,5;100
55,5;14;100
55,5;14,5;100
55,5;15;100
55,5;15,5;100
55,5;16;100
55,5;16,5;100
55,5;17;100
55,5;17,5;100
55,5;18;100
55,5;18,5;100
55,5;19;100
55,5;19,5;100
55,5;20;84
55,5;20,5;68
55,5;21;100
55,5;21,5;72
55,5;22;92
55,5;22,5;24
55,5;23;12
56;-75,5;12
56;-75;60
56;-74,5;52
56;-74;36
56;-73,5;32
56;-73;40
56;-72,5;52
56;-72;84
56;-71,5;92
56;-71;96
56;-70,5;88
56;-70;92
56;-69,5;88
56;-69;92
56;-68,5;84
56;-68;96
56;-67,5;28
56;-67;40
56;-66,5;76
56;-66;24
56;-65,5;16
56;-65;16
56;-64,5;20
56;-64;84
56;-63,5;92
56;-63;100
56;-62,5;100
56;-62;100
56;-61,5;100
56;-61;100
56;-60,5;100
56;-60;96
56;-59,5;88
56;-59;100
56;-58,5;100
56;-58;100
56;-57,5;100
56;-57;100
56;-56,5;100
56;-56;100
56;-55,5;100
56;-55;100
56;-54,5;100
56;-54;100
56;-53,5;100
56;-53;100
56;-52,5;100
56;-52;100
56;-51,5;100
56;-51;100
56;-50,5;100
56;-50;100
56;-49,5;100
56;-49;100
56;-48,5;100
56;-48;100
56;-47,5;100
56;-47;100
56;-46,5;100
56;-46;100
56;-45,5;100
56;-45;100
56;-44,5;100
56;-44;100
56;-43,5;100
56;-43;72
56;-42,5;36
56;-42;100
56;-41,5;100
56;-41;100
56;-40,5;100
56;-40;96
56;-39,5;72
56;-39;60
56;-38,5;72
56;-38;80
56;-37,5;100
56;-37;100
56;-36,5;96
56;-36;100
56;-35,5;100
56;-35;100
56;-34,5;100
56;-34;100
56;-33,5;100
56;-33;100
56;-32,5;100
56;-32;100
56;-31,5;100
56;-31;100
56;-30,5;100
56;-30;100
56;-29,5;100
56;-29;100
56;-28,5;100
56;-28;100
56;-27,5;100
56;-27;100
56;-26,5;100
56;-26;100
56;-25,5;100
56;-25;100
56;-24,5;100
56;-24;100
56;-23,5;100
56;-23;100
56;-22,5;100
56;-22;100
56;-21,5;100
56;-21;100
56;-20,5;100
56;-20;100
56;-19,5;100
56;-19;100
56;-18,5;100
56;-18;100
56;-17,5;100
56;-17;100
56;-16,5;100
56;-16;100
56;-15,5;100
56;-15;100
56;-14,5;100
56;-14;100
56;-13,5;100
56;-13;100
56;-12,5;100
56;-12;100
56;-11,5;84
56;-11;0
56;-10,5;0
56;-10;0
56;-9,5;0
56;-9;0
56;-8,5;32
56;-8;92
56;-7,5;92
56;-7;100
56;-6,5;100
56;-6;100
56;-5,5;100
56;-5;100
56;-4,5;100
56;-4;100
56;-3,5;96
56;-3;100
56;-2,5;100
56;-2;100
56;-1,5;100
56;-1;100
56;-0,5;100
56;0;100
56;0,5;100
56;1;100
56;1,5;100
56;2;100
56;2,5;100
56;3;100
56;3,5;100
56;4;100
56;4,5;100
56;5;100
56;5,5;96
56;6;88
56;6,5;100
56;7;100
56;7,5;100
56;8;96
56;8,5;100
56;9;100
56;9,5;100
56;10;100
56;10,5;100
56;11;100
56;11,5;100
56;12;100
56;12,5;100
56;13;100
56;13,5;100
56;14;100
56;14,5;100
56;15;100
56;15,5;100
56;16;100
56;16,5;100
56;17;100
56;17,5;100
56;18;100
56;18,5;100
56;19;100
56;19,5;100
56;20;92
56;20,5;96
56;21;92
56;21,5;100
56;22;88
56;22,5;28
56;23;4
56,5;-76;20
56,5;-75,5;36
56,5;-75;36
56,5;-74,5;64
56,5;-74;40
56,5;-73,5;56
56,5;-73;84
56,5;-72,5;72
56,5;-72;68
56,5;-71,5;92
56,5;-71;96
56,5;-70,5;72
56,5;-70;60
56,5;-69,5;64
56,5;-69;100
56,5;-68,5;96
56,5;-68;56
56,5;-67,5;88
56,5;-67;4
56,5;-66,5;8
56,5;-66;0
56,5;-65,5;0
56,5;-65;12
56,5;-64,5;32
56,5;-64;52
56,5;-63,5;92
56,5;-63;100
56,5;-62,5;100
56,5;-62;100
56,5;-61,5;100
56,5;-61;100
56,5;-60,5;100
56,5;-60;96
56,5;-59,5;88
56,5;-59;96
56,5;-58,5;96
56,5;-58;100
56,5;-57,5;100
56,5;-57;100
56,5;-56,5;100
56,5;-56;100
56,5;-55,5;100
56,5;-55;100
56,5;-54,5;100
56,5;-54;100
56,5;-53,5;100
56,5;-53;100
56,5;-52,5;100
56,5;-52;100
56,5;-51,5;100
56,5;-51;100
56,5;-50,5;100
56,5;-50;100
56,5;-49,5;100
56,5;-49;100
56,5;-48,5;100
56,5;-48;100
56,5;-47,5;100
56,5;-47;100
56,5;-46,5;100
56,5;-46;100
56,5;-45,5;96
56,5;-45;100
56,5;-44,5;100
56,5;-44;88
56,5;-43,5;100
56,5;-43;40
56,5;-42,5;56
56,5;-42;92
56,5;-41,5;100
56,5;-41;100
56,5;-40,5;100
56,5;-40;96
56,5;-39,5;80
56,5;-39;96
56,5;-38,5;88
56,5;-38;100
56,5;-37,5;100
56,5;-37;100
56,5;-36,5;100
56,5;-36;100
56,5;-35,5;96
56,5;-35;100
56,5;-34,5;100
56,5;-34;100
56,5;-33,5;100
56,5;-33;100
56,5;-32,5;100
56,5;-32;100
56,5;-31,5;100
56,5;-31;100
56,5;-30,5;100
56,5;-30;100
56,5;-29,5;100
56,5;-29;100
56,5;-28,5;100
56,5;-28;100
56,5;-27,5;92
56,5;-27;100
56,5;-26,5;100
56,5;-26;88
56,5;-25,5;72
56,5;-25;100
56,5;-24,5;100
56,5;-24;100
56,5;-23,5;100
56,5;-23;100
56,5;-22,5;100
56,5;-22;100
56,5;-21,5;100
56,5;-21;100
56,5;-20,5;100
56,5;-20;100
56,5;-19,5;100
56,5;-19;100
56,5;-18,5;100
56,5;-18;100
56,5;-17,5;100
56,5;-17;100
56,5;-16,5;100
56,5;-16;100
56,5;-15,5;100
56,5;-15;100
56,5;-14,5;100
56,5;-14;100
56,5;-13,5;100
56,5;-13;80
56,5;-12,5;68
56,5;-12;64
56,5;-11,5;12
56,5;-11;0
56,5;-10,5;0
56,5;-10;0
56,5;-9,5;0
56,5;-9;56
56,5;-8,5;92
56,5;-8;100
56,5;-7,5;100
56,5;-7;100
56,5;-6,5;100
56,5;-6;100
56,5;-5,5;100
56,5;-5;100
56,5;-4,5;100
56,5;-4;100
56,5;-3,5;100
56,5;-3;100
56,5;-2,5;100
56,5;-2;100
56,5;-1,5;100
56,5;-1;100
56,5;-0,5;100
56,5;0;100
56,5;0,5;100
56,5;1;100
56,5;1,5;100
56,5;2;100
56,5;2,5;100
56,5;3;100
56,5;3,5;100
56,5;4;100
56,5;4,5;100
56,5;5;100
56,5;5,5;96
56,5;6;100
56,5;6,5;100
56,5;7;100
56,5;7,5;100
56,5;8;100
56,5;8,5;100
56,5;9;100
56,5;9,5;96
56,5;10;80
56,5;10,5;100
56,5;11;100
56,5;11,5;100
56,5;12;100
56,5;12,5;100
56,5;13;100
56,5;13,5;100
56,5;14;100
56,5;14,5;100
56,5;15;100
56,5;15,5;100
56,5;16;100
56,5;16,5;100
56,5;17;100
56,5;17,5;100
56,5;18;100
56,5;18,5;100
56,5;19;100
56,5;19,5;100
56,5;20;96
56,5;20,5;100
56,5;21;88
56,5;21,5;96
56,5;22;52
56,5;22,5;32
56,5;23;20
57;-75,5;16
57;-75;36
57;-74,5;12
57;-74;4
57;-73,5;12
57;-73;56
57;-72,5;68
57;-72;60
57;-71,5;88
57;-71;84
57;-70,5;76
57;-70;0
57;-69,5;4
57;-69;84
57;-68,5;84
57;-68;56
57;-67,5;72
57;-67;28
57;-66,5;0
57;-66;0
57;-65,5;0
57;-65;8
57;-64,5;36
57;-64;32
57;-63,5;84
57;-63;96
57;-62,5;100
57;-62;100
57;-61,5;100
57;-61;100
57;-60,5;100
57;-60;100
57;-59,5;96
57;-59;80
57;-58,5;88
57;-58;100
57;-57,5;100
57;-57;100
57;-56,5;100
57;-56;100
57;-55,5;100
57;-55;100
57;-54,5;100
57;-54;100
57;-53,5;100
57;-53;100
57;-52,5;100
57;-52;100
57;-51,5;100
57;-51;100
57;-50,5;100
57;-50;100
57;-49,5;100
57;-49;100
57;-48,5;100
57;-48;100
57;-47,5;100
57;-47;100
57;-46,5;100
57;-46;100
57;-45,5;100
57;-45;92
57;-44,5;80
57;-44;80
57;-43,5;76
57;-43;52
57;-42,5;92
57;-42;100
57;-41,5;100
57;-41;96
57;-40,5;100
57;-40;100
57;-39,5;92
57;-39;100
57;-38,5;100
57;-38;100
57;-37,5;100
57;-37;100
57;-36,5;100
57;-36;96
57;-35,5;100
57;-35;100
57;-34,5;100
57;-34;100
57;-33,5;100
57;-33;100
57;-32,5;100
57;-32;100
57;-31,5;100
57;-31;100
57;-30,5;100
57;-30;100
57;-29,5;100
57;-29;100
57;-28,5;100
57;-28;92
57;-27,5;84
57;-27;100
57;-26,5;100
57;-26;100
57;-25,5;88
57;-25;100
57;-24,5;100
57;-24;100
57;-23,5;100
57;-23;100
57;-22,5;100
57;-22;100
57;-21,5;100
57;-21;100
57;-20,5;100
57;-20;100
57;-19,5;100
57;-19;100
57;-18,5;100
57;-18;100
57;-17,5;100
57;-17;100
57;-16,5;100
57;-16;100
57;-15,5;100
57;-15;88
57;-14,5;100
57;-14;76
57;-13,5;92
57;-13;100
57;-12,5;88
57;-12;0
57;-11,5;0
57;-11;0
57;-10,5;0
57;-10;0
57;-9,5;0
57;-9;64
57;-8,5;100
57;-8;100
57;-7,5;100
57;-7;100
57;-6,5;100
57;-6;100
57;-5,5;100
57;-5;100
57;-4,5;100
57;-4;100
57;-3,5;100
57;-3;100
57;-2,5;100
57;-2;100
57;-1,5;100
57;-1;100
57;-0,5;100
57;0;100
57;0,5;100
57;1;100
57;1,5;100
57;2;100
57;2,5;100
57;3;100
57;3,5;100
57;4;100
57;4,5;100
57;5;100
57;5,5;100
57;6;100
57;6,5;100
57;7;100
57;7,5;100
57;8;100
57;8,5;100
57;9;100
57;9,5;100
57;10;96
57;10,5;100
57;11;100
57;11,5;100
57;12;100
57;12,5;100
57;13;100
57;13,5;100
57;14;100
57;14,5;100
57;15;100
57;15,5;100
57;16;100
57;16,5;100
57;17;100
57;17,5;100
57;18;100
57;18,5;100
57;19;100
57;19,5;100
57;20;100
57;20,5;100
57;21;92
57;21,5;84
57;22;84
57;22,5;68
57;23;4
57,5;-75,5;24
57,5;-75;28
57,5;-73,5;36
57,5;-73;44
57,5;-72,5;24
57,5;-72;68
57,5;-71,5;72
57,5;-71;4
57,5;-70,5;16
57,5;-69;32
57,5;-68,5;56
57,5;-68;36
57,5;-67,5;28
57,5;-67;36
57,5;-66,5;0
57,5;-66;0
57,5;-65,5;0
57,5;-65;12
57,5;-64,5;44
57,5;-64;28
57,5;-63,5;36
57,5;-63;72
57,5;-62,5;100
57,5;-62;96
57,5;-61,5;100
57,5;-61;100
57,5;-60,5;100
57,5;-60;100
57,5;-59,5;88
57,5;-59;96
57,5;-58,5;100
57,5;-58;100
57,5;-57,5;100
57,5;-57;100
57,5;-56,5;100
57,5;-56;100
57,5;-55,5;100
57,5;-55;100
57,5;-54,5;100
57,5;-54;100
57,5;-53,5;100
57,5;-53;100
57,5;-52,5;100
57,5;-52;100
57,5;-51,5;100
57,5;-51;100
57,5;-50,5;100
57,5;-50;96
57,5;-49,5;96
57,5;-49;100
57,5;-48,5;100
57,5;-48;100
57,5;-47,5;100
57,5;-47;100
57,5;-46,5;100
57,5;-46;100
57,5;-45,5;100
57,5;-45;100
57,5;-44,5;92
57,5;-44;92
57,5;-43,5;84
57,5;-43;88
57,5;-42,5;100
57,5;-42;100
57,5;-41,5;100
57,5;-41;96
57,5;-40,5;100
57,5;-40;100
57,5;-39,5;100
57,5;-39;100
57,5;-38,5;100
57,5;-38;100
57,5;-37,5;100
57,5;-37;100
57,5;-36,5;100
57,5;-36;100
57,5;-35,5;100
57,5;-35;100
57,5;-34,5;100
57,5;-34;100
57,5;-33,5;100
57,5;-33;100
57,5;-32,5;100
57,5;-32;100
57,5;-31,5;100
57,5;-31;100
57,5;-30,5;100
57,5;-30;100
57,5;-29,5;100
57,5;-29;100
57,5;-28,5;100
57,5;-28;100
57,5;-27,5;100
57,5;-27;100
57,5;-26,5;100
57,5;-26;100
57,5;-25,5;96
57,5;-25;92
57,5;-24,5;96
57,5;-24;100
57,5;-23,5;96
57,5;-23;100
57,5;-22,5;100
57,5;-22;100
57,5;-21,5;100
57,5;-21;100
57,5;-20,5;100
57,5;-20;100
57,5;-19,5;100
57,5;-19;100
57,5;-18,5;100
57,5;-18;100
57,5;-17,5;100
57,5;-17;100
57,5;-16,5;100
57,5;-16;100
57,5;-15,5;100
57,5;-15;96
57,5;-14,5;100
57,5;-14;100
57,5;-13,5;100
57,5;-13;76
57,5;-12,5;52
57,5;-12;0
57,5;-11,5;0
57,5;-11;0
57,5;-10,5;0
57,5;-10;40
57,5;-9,5;76
57,5;-9;100
57,5;-8,5;100
57,5;-8;100
57,5;-7,5;100
57,5;-7;100
57,5;-6,5;100
57,5;-6;100
57,5;-5,5;100
57,5;-5;100
57,5;-4,5;100
57,5;-4;100
57,5;-3,5;100
57,5;-3;100
57,5;-2,5;100
57,5;-2;100
57,5;-1,5;100
57,5;-1;100
57,5;-0,5;100
57,5;0;100
57,5;0,5;100
57,5;1;100
57,5;1,5;100
57,5;2;100
57,5;2,5;100
57,5;3;100
57,5;3,5;100
57,5;4;100
57,5;4,5;100
57,5;5;100
57,5;5,5;100
57,5;6;100
57,5;6,5;100
57,5;7;100
57,5;7,5;100
57,5;8;100
57,5;8,5;84
57,5;9;100
57,5;9,5;100
57,5;10;100
57,5;10,5;100
57,5;11;100
57,5;11,5;100
57,5;12;100
57,5;12,5;100
57,5;13;100
57,5;13,5;100
57,5;14;100
57,5;14,5;100
57,5;15;100
57,5;15,5;100
57,5;16;100
57,5;16,5;100
57,5;17;100
57,5;17,5;100
57,5;18;100
57,5;18,5;100
57,5;19;100
57,5;19,5;100
57,5;20;96
57,5;20,5;84
57,5;21;72
57,5;21,5;92
57,5;22;88
57,5;22,5;72
58;-74,5;0
58;-74;0
58;-73,5;8
58;-73;36
58;-72,5;68
58;-72;96
58;-71,5;84
58;-71;32
58;-70,5;0
58;-70;0
58;-69,5;0
58;-69;0
58;-68,5;16
58;-68;0
58;-67,5;0
58;-67;0
58;-66,5;0
58;-66;0
58;-65,5;4
58;-65;16
58;-64,5;24
58;-64;48
58;-63,5;48
58;-63;72
58;-62,5;92
58;-62;100
58;-61,5;100
58;-61;100
58;-60,5;100
58;-60;100
58;-59,5;64
58;-59;84
58;-58,5;100
58;-58;100
58;-57,5;100
58;-57;100
58;-56,5;100
58;-56;100
58;-55,5;100
58;-55;100
58;-54,5;100
58;-54;100
58;-53,5;100
58;-53;100
58;-52,5;100
58;-52;100
58;-51,5;100
58;-51;100
58;-50,5;100
58;-50;100
58;-49,5;84
58;-49;96
58;-48,5;100
58;-48;100
58;-47,5;100
58;-47;100
58;-46,5;100
58;-46;88
58;-45,5;76
58;-45;84
58;-44,5;100
58;-44;92
58;-43,5;80
58;-43;100
58;-42,5;100
58;-42;96
58;-41,5;100
58;-41;100
58;-40,5;100
58;-40;100
58;-39,5;100
58;-39;100
58;-38,5;100
58;-38;100
58;-37,5;100
58;-37;100
58;-36,5;100
58;-36;100
58;-35,5;100
58;-35;100
58;-34,5;100
58;-34;100
58;-33,5;100
58;-33;100
58;-32,5;100
58;-32;100
58;-31,5;100
58;-31;100
58;-30,5;100
58;-30;100
58;-29,5;100
58;-29;100
58;-28,5;100
58;-28;92
58;-27,5;80
58;-27;100
58;-26,5;100
58;-26;92
58;-25,5;100
58;-25;100
58;-24,5;100
58;-24;100
58;-23,5;96
58;-23;80
58;-22,5;100
58;-22;100
58;-21,5;100
58;-21;100
58;-20,5;100
58;-20;100
58;-19,5;100
58;-19;100
58;-18,5;100
58;-18;100
58;-17,5;100
58;-17;100
58;-16,5;100
58;-16;100
58;-15,5;100
58;-15;100
58;-14,5;100
58;-14;100
58;-13,5;100
58;-13;92
58;-12,5;8
58;-12;24
58;-11,5;8
58;-11;0
58;-10,5;16
58;-10;76
58;-9,5;100
58;-9;100
58;-8,5;100
58;-8;100
58;-7,5;100
58;-7;100
58;-6,5;100
58;-6;100
58;-5,5;100
58;-5;100
58;-4,5;100
58;-4;100
58;-3,5;100
58;-3;100
58;-2,5;100
58;-2;100
58;-1,5;100
58;-1;100
58;-0,5;100
58;0;100
58;0,5;100
58;1;100
58;1,5;100
58;2;100
58;2,5;100
58;3;100
58;3,5;100
58;4;100
58;4,5;100
58;5;100
58;5,5;100
58;6;100
58;6,5;100
58;7;100
58;7,5;100
58;8;100
58;8,5;84
58;9;100
58;9,5;100
58;10;100
58;10,5;100
58;11;100
58;11,5;100
58;12;100
58;12,5;100
58;13;100
58;13,5;100
58;14;100
58;14,5;100
58;15;100
58;15,5;100
58;16;100
58;16,5;100
58;17;100
58;17,5;100
58;18;100
58;18,5;100
58;19;100
58;19,5;100
58;20;100
58;20,5;64
58;21;60
58;21,5;80
58;22;84
58;22,5;60
58,5;-75;0
58,5;-74,5;0
58,5;-74;0
58,5;-73,5;8
58,5;-73;24
58,5;-72,5;72
58,5;-72;80
58,5;-71,5;40
58,5;-71;0
58,5;-70,5;0
58,5;-70;0
58,5;-69,5;0
58,5;-69;0
58,5;-68,5;0
58,5;-68;0
58,5;-67,5;0
58,5;-67;0
58,5;-66,5;0
58,5;-66;0
58,5;-65,5;0
58,5;-65;28
58,5;-64,5;48
58,5;-64;16
58,5;-63,5;72
58,5;-63;80
58,5;-62,5;80
58,5;-62;100
58,5;-61,5;100
58,5;-61;100
58,5;-60,5;100
58,5;-60;100
58,5;-59,5;100
58,5;-59;100
58,5;-58,5;100
58,5;-58;100
58,5;-57,5;100
58,5;-57;100
58,5;-56,5;100
58,5;-56;100
58,5;-55,5;100
58,5;-55;100
58,5;-54,5;100
58,5;-54;100
58,5;-53,5;100
58,5;-53;100
58,5;-52,5;100
58,5;-52;100
58,5;-51,5;100
58,5;-51;100
58,5;-50,5;100
58,5;-50;88
58,5;-49,5;100
58,5;-49;100
58,5;-48,5;100
58,5;-48;100
58,5;-47,5;100
58,5;-47;100
58,5;-46,5;96
58,5;-46;96
58,5;-45,5;76
58,5;-45;88
58,5;-44,5;100
58,5;-44;100
58,5;-43,5;100
58,5;-43;100
58,5;-42,5;100
58,5;-42;100
58,5;-41,5;100
58,5;-41;100
58,5;-40,5;100
58,5;-40;100
58,5;-39,5;100
58,5;-39;100
58,5;-38,5;100
58,5;-38;100
58,5;-37,5;100
58,5;-37;100
58,5;-36,5;100
58,5;-36;100
58,5;-35,5;100
58,5;-35;100
58,5;-34,5;100
58,5;-34;100
58,5;-33,5;100
58,5;-33;100
58,5;-32,5;100
58,5;-32;100
58,5;-31,5;100
58,5;-31;100
58,5;-30,5;100
58,5;-30;100
58,5;-29,5;100
58,5;-29;100
58,5;-28,5;100
58,5;-28;96
58,5;-27,5;100
58,5;-27;100
58,5;-26,5;100
58,5;-26;88
58,5;-25,5;100
58,5;-25;100
58,5;-24,5;100
58,5;-24;100
58,5;-23,5;100
58,5;-23;100
58,5;-22,5;100
58,5;-22;100
58,5;-21,5;100
58,5;-21;100
58,5;-20,5;100
58,5;-20;100
58,5;-19,5;100
58,5;-19;100
58,5;-18,5;100
58,5;-18;100
58,5;-17,5;100
58,5;-17;100
58,5;-16,5;100
58,5;-16;100
58,5;-15,5;100
58,5;-15;100
58,5;-14,5;100
58,5;-14;100
58,5;-13,5;100
58,5;-13;88
58,5;-12,5;52
58,5;-12;96
58,5;-11,5;84
58,5;-11;80
58,5;-10,5;76
58,5;-10;92
58,5;-9,5;100
58,5;-9;100
58,5;-8,5;100
58,5;-8;100
58,5;-7,5;100
58,5;-7;100
58,5;-6,5;100
58,5;-6;100
58,5;-5,5;100
58,5;-5;100
58,5;-4,5;100
58,5;-4;100
58,5;-3,5;100
58,5;-3;100
58,5;-2,5;100
58,5;-2;100
58,5;-1,5;100
58,5;-1;100
58,5;-0,5;100
58,5;0;100
58,5;0,5;100
58,5;1;100
58,5;1,5;100
58,5;2;100
58,5;2,5;100
58,5;3;100
58,5;3,5;100
58,5;4;100
58,5;4,5;100
58,5;5;100
58,5;5,5;100
58,5;6;100
58,5;6,5;100
58,5;7;100
58,5;7,5;96
58,5;8;96
58,5;8,5;100
58,5;9;100
58,5;9,5;96
58,5;10;100
58,5;10,5;100
58,5;11;100
58,5;11,5;100
58,5;12;100
58,5;12,5;100
58,5;13;100
58,5;13,5;100
58,5;14;100
58,5;14,5;100
58,5;15;100
58,5;15,5;100
58,5;16;100
58,5;16,5;100
58,5;17;100
58,5;17,5;100
58,5;18;100
58,5;18,5;100
58,5;19;100
58,5;19,5;100
58,5;20;96
58,5;20,5;84
58,5;21;52
58,5;21,5;60
58,5;22;80
58,5;22,5;40
59;-74;0
59;-73,5;24
59;-73;88
59;-72,5;96
59;-72;76
59;-71,5;4
59;-71;0
59;-70,5;0
59;-70;0
59;-69,5;0
59;-69;0
59;-68,5;0
59;-68;0
59;-67,5;0
59;-67;0
59;-66,5;0
59;-66;0
59;-65,5;0
59;-65;28
59;-64,5;20
59;-64;20
59;-63,5;28
59;-63;20
59;-62,5;60
59;-62;100
59;-61,5;100
59;-61;100
59;-60,5;100
59;-60;100
59;-59,5;100
59;-59;100
59;-58,5;100
59;-58;100
59;-57,5;100
59;-57;96
59;-56,5;96
59;-56;100
59;-55,5;100
59;-55;100
59;-54,5;100
59;-54;100
59;-53,5;100
59;-53;100
59;-52,5;96
59;-52;100
59;-51,5;100
59;-51;100
59;-50,5;100
59;-50;96
59;-49,5;100
59;-49;100
59;-48,5;100
59;-48;100
59;-47,5;100
59;-47;100
59;-46,5;100
59;-46;96
59;-45,5;96
59;-45;100
59;-44,5;100
59;-44;100
59;-43,5;100
59;-43;100
59;-42,5;100
59;-42;100
59;-41,5;100
59;-41;100
59;-40,5;100
59;-40;100
59;-39,5;100
59;-39;100
59;-38,5;100
59;-38;100
59;-37,5;100
59;-37;100
59;-36,5;100
59;-36;100
59;-35,5;100
59;-35;100
59;-34,5;100
59;-34;100
59;-33,5;100
59;-33;100
59;-32,5;100
59;-32;100
59;-31,5;100
59;-31;100
59;-30,5;100
59;-30;100
59;-29,5;100
59;-29;100
59;-28,5;100
59;-28;100
59;-27,5;100
59;-27;100
59;-26,5;100
59;-26;96
59;-25,5;100
59;-25;100
59;-24,5;100
59;-24;100
59;-23,5;100
59;-23;100
59;-22,5;100
59;-22;100
59;-21,5;100
59;-21;100
59;-20,5;100
59;-20;100
59;-19,5;100
59;-19;100
59;-18,5;100
59;-18;100
59;-17,5;100
59;-17;100
59;-16,5;100
59;-16;100
59;-15,5;100
59;-15;100
59;-14,5;100
59;-14;100
59;-13,5;92
59;-13;80
59;-12,5;100
59;-12;100
59;-11,5;100
59;-11;100
59;-10,5;100
59;-10;100
59;-9,5;100
59;-9;100
59;-8,5;100
59;-8;100
59;-7,5;100
59;-7;100
59;-6,5;100
59;-6;100
59;-5,5;100
59;-5;100
59;-4,5;100
59;-4;100
59;-3,5;100
59;-3;100
59;-2,5;100
59;-2;100
59;-1,5;100
59;-1;100
59;-0,5;100
59;0;100
59;0,5;100
59;1;100
59;1,5;100
59;2;100
59;2,5;100
59;3;100
59;3,5;100
59;4;100
59;4,5;100
59;5;100
59;5,5;100
59;6;100
59;6,5;100
59;7;100
59;7,5;92
59;8;100
59;8,5;100
59;9;100
59;9,5;96
59;10;100
59;10,5;100
59;11;100
59;11,5;100
59;12;100
59;12,5;100
59;13;100
59;13,5;100
59;14;100
59;14,5;100
59;15;100
59;15,5;100
59;16;100
59;16,5;100
59;17;100
59;17,5;100
59;18;100
59;18,5;96
59;19;100
59;19,5;100
59;20;92
59;20,5;60
59;21;48
59;21,5;44
59;22;76
59;22,5;12
59,5;-75,5;0
59,5;-75;0
59,5;-74,5;0
59,5;-74;4
59,5;-73,5;44
59,5;-73;96
59,5;-72,5;76
59,5;-72;88
59,5;-71;0
59,5;-70,5;0
59,5;-70;0
59,5;-69,5;0
59,5;-69;0
59,5;-68,5;0
59,5;-68;0
59,5;-67,5;0
59,5;-67;0
59,5;-66,5;0
59,5;-66;0
59,5;-65,5;0
59,5;-65;20
59,5;-64,5;52
59,5;-64;52
59,5;-63,5;48
59,5;-63;40
59,5;-62,5;40
59,5;-62;80
59,5;-61,5;100
59,5;-61;100
59,5;-60,5;100
59,5;-60;100
59,5;-59,5;100
59,5;-59;96
59,5;-58,5;100
59,5;-58;92
59,5;-57,5;96
59,5;-57;92
59,5;-56,5;96
59,5;-56;92
59,5;-55,5;100
59,5;-55;100
59,5;-54,5;100
59,5;-54;100
59,5;-53,5;100
59,5;-53;96
59,5;-52,5;96
59,5;-52;100
59,5;-51,5;100
59,5;-51;100
59,5;-50,5;100
59,5;-50;100
59,5;-49,5;100
59,5;-49;100
59,5;-48,5;96
59,5;-48;100
59,5;-47,5;100
59,5;-47;96
59,5;-46,5;100
59,5;-46;100
59,5;-45,5;96
59,5;-45;100
59,5;-44,5;100
59,5;-44;100
59,5;-43,5;100
59,5;-43;100
59,5;-42,5;100
59,5;-42;100
59,5;-41,5;100
59,5;-41;100
59,5;-40,5;100
59,5;-40;100
59,5;-39,5;100
59,5;-39;100
59,5;-38,5;100
59,5;-38;100
59,5;-37,5;100
59,5;-37;100
59,5;-36,5;100
59,5;-36;100
59,5;-35,5;100
59,5;-35;100
59,5;-34,5;100
59,5;-34;100
59,5;-33,5;100
59,5;-33;100
59,5;-32,5;100
59,5;-32;100
59,5;-31,5;100
59,5;-31;100
59,5;-30,5;100
59,5;-30;100
59,5;-29,5;100
59,5;-29;100
59,5;-28,5;100
59,5;-28;100
59,5;-27,5;100
59,5;-27;100
59,5;-26,5;100
59,5;-26;100
59,5;-25,5;100
59,5;-25;100
59,5;-24,5;100
59,5;-24;100
59,5;-23,5;100
59,5;-23;100
59,5;-22,5;100
59,5;-22;100
59,5;-21,5;100
59,5;-21;100
59,5;-20,5;100
59,5;-20;100
59,5;-19,5;100
59,5;-19;100
59,5;-18,5;100
59,5;-18;100
59,5;-17,5;100
59,5;-17;100
59,5;-16,5;100
59,5;-16;100
59,5;-15,5;100
59,5;-15;100
59,5;-14,5;100
59,5;-14;100
59,5;-13,5;96
59,5;-13;100
59,5;-12,5;100
59,5;-12;100
59,5;-11,5;100
59,5;-11;100
59,5;-10,5;100
59,5;-10;100
59,5;-9,5;100
59,5;-9;100
59,5;-8,5;100
59,5;-8;100
59,5;-7,5;100
59,5;-7;100
59,5;-6,5;100
59,5;-6;100
59,5;-5,5;100
59,5;-5;100
59,5;-4,5;100
59,5;-4;100
59,5;-3,5;100
59,5;-3;100
59,5;-2,5;100
59,5;-2;100
59,5;-1,5;100
59,5;-1;100
59,5;-0,5;100
59,5;0;100
59,5;0,5;100
59,5;1;100
59,5;1,5;100
59,5;2;100
59,5;2,5;100
59,5;3;100
59,5;3,5;100
59,5;4;100
59,5;4,5;100
59,5;5;100
59,5;5,5;100
59,5;6;100
59,5;6,5;100
59,5;7;100
59,5;7,5;96
59,5;8;100
59,5;8,5;100
59,5;9;100
59,5;9,5;100
59,5;10;100
59,5;10,5;100
59,5;11;100
59,5;11,5;100
59,5;12;100
59,5;12,5;100
59,5;13;100
59,5;13,5;100
59,5;14;100
59,5;14,5;100
59,5;15;100
59,5;15,5;100
59,5;16;100
59,5;16,5;100
59,5;17;100
59,5;17,5;100
59,5;18;100
59,5;18,5;100
59,5;19;100
59,5;19,5;96
59,5;20;76
59,5;20,5;76
59,5;21;24
59,5;21,5;40
59,5;22;40
60;-75,5;0
60;-75;0
60;-74,5;8
60;-74;36
60;-73,5;92
60;-73;100
60;-72,5;76
60;-72;60
60;-71,5;0
60;-71;0
60;-70,5;0
60;-70;0
60;-69;0
60;-68,5;0
60;-68;0
60;-67,5;0
60;-67;0
60;-66,5;0
60;-66;0
60;-65,5;0
60;-65;0
60;-64,5;40
60;-64;40
60;-63,5;44
60;-63;44
60;-62,5;48
60;-62;36
60;-61,5;96
60;-61;72
60;-60,5;100
60;-60;100
60;-59,5;100
60;-59;96
60;-58,5;100
60;-58;96
60;-57,5;92
60;-57;72
60;-56,5;40
60;-56;60
60;-55,5;92
60;-55;96
60;-54,5;100
60;-54;96
60;-53,5;76
60;-53;56
60;-52,5;64
60;-52;96
60;-51,5;100
60;-51;100
60;-50,5;100
60;-50;84
60;-49,5;48
60;-49;92
60;-48,5;88
60;-48;88
60;-47,5;100
60;-47;92
60;-46,5;100
60;-46;100
60;-45,5;100
60;-45;100
60;-44,5;100
60;-44;100
60;-43,5;100
60;-43;100
60;-42,5;100
60;-42;100
60;-41,5;100
60;-41;100
60;-40,5;100
60;-40;100
60;-39,5;100
60;-39;100
60;-38,5;100
60;-38;100
60;-37,5;100
60;-37;100
60;-36,5;100
60;-36;100
60;-35,5;100
60;-35;100
60;-34,5;100
60;-34;100
60;-33,5;100
60;-33;100
60;-32,5;100
60;-32;100
60;-31,5;100
60;-31;100
60;-30,5;100
60;-30;100
60;-29,5;100
60;-29;100
60;-28,5;100
60;-28;100
60;-27,5;100
60;-27;100
60;-26,5;100
60;-26;100
60;-25,5;100
60;-25;100
60;-24,5;100
60;-24;100
60;-23,5;100
60;-23;100
60;-22,5;100
60;-22;100
60;-21,5;100
60;-21;100
60;-20,5;100
60;-20;100
60;-19,5;100
60;-19;100
60;-18,5;100
60;-18;100
60;-17,5;100
60;-17;100
60;-16,5;100
60;-16;100
60;-15,5;100
60;-15;100
60;-14,5;88
60;-14;76
60;-13,5;96
60;-13;100
60;-12,5;100
60;-12;100
60;-11,5;100
60;-11;100
60;-10,5;100
60;-10;100
60;-9,5;100
60;-9;100
60;-8,5;100
60;-8;100
60;-7,5;100
60;-7;100
60;-6,5;100
60;-6;100
60;-5,5;100
60;-5;100
60;-4,5;100
60;-4;100
60;-3,5;100
60;-3;100
60;-2,5;100
60;-2;100
60;-1,5;100
60;-1;100
60;-0,5;100
60;0;100
60;0,5;100
60;1;100
60;1,5;100
60;2;100
60;2,5;100
60;3;100
60;3,5;100
60;4;100
60;4,5;100
60;5;100
60;5,5;100
60;6;100
60;6,5;100
60;7;100
60;7,5;100
60;8;100
60;8,5;100
60;9;100
60;9,5;100
60;10;100
60;10,5;100
60;11;100
60;11,5;100
60;12;100
60;12,5;100
60;13;100
60;13,5;100
60;14;100
60;14,5;100
60;15;100
60;15,5;100
60;16;100
60;16,5;100
60;17;100
60;17,5;100
60;18;100
60;18,5;100
60;19;100
60;19,5;84
60;20;92
60;20,5;84
60;21;68
60;21,5;48
60;22;20
60,5;-75;16
60,5;-74,5;36
60,5;-74;68
60,5;-73,5;88
60,5;-73;96
60,5;-72,5;32
60,5;-72;0
60,5;-71,5;0
60,5;-71;0
60,5;-70,5;0
60,5;-70;0
60,5;-69,5;0
60,5;-69;0
60,5;-68,5;0
60,5;-68;0
60,5;-67,5;0
60,5;-65,5;0
60,5;-64,5;4
60,5;-64;0
60,5;-63,5;0
60,5;-63;4
60,5;-62,5;32
60,5;-62;64
60,5;-61,5;88
60,5;-61;96
60,5;-60,5;96
60,5;-60;40
60,5;-59,5;72
60,5;-59;76
60,5;-58,5;92
60,5;-58;96
60,5;-57,5;84
60,5;-57;84
60,5;-56,5;80
60,5;-56;64
60,5;-55,5;24
60,5;-55;88
60,5;-54,5;100
60,5;-54;80
60,5;-53,5;48
60,5;-53;28
60,5;-52,5;16
60,5;-52;36
60,5;-51,5;96
60,5;-51;60
60,5;-50,5;72
60,5;-50;80
60,5;-49,5;20
60,5;-49;92
60,5;-48,5;84
60,5;-48;88
60,5;-47,5;100
60,5;-47;100
60,5;-46,5;100
60,5;-46;100
60,5;-45,5;100
60,5;-45;100
60,5;-44,5;100
60,5;-44;100
60,5;-43,5;100
60,5;-43;100
60,5;-42,5;100
60,5;-42;100
60,5;-41,5;88
60,5;-41;100
60,5;-40,5;100
60,5;-40;100
60,5;-39,5;100
60,5;-39;100
60,5;-38,5;100
60,5;-38;100
60,5;-37,5;100
60,5;-37;100
60,5;-36,5;100
60,5;-36;100
60,5;-35,5;100
60,5;-35;100
60,5;-34,5;100
60,5;-34;100
60,5;-33,5;100
60,5;-33;100
60,5;-32,5;100
60,5;-32;100
60,5;-31,5;100
60,5;-31;100
60,5;-30,5;100
60,5;-30;100
60,5;-29,5;100
60,5;-29;100
60,5;-28,5;100
60,5;-28;100
60,5;-27,5;100
60,5;-27;100
60,5;-26,5;100
60,5;-26;100
60,5;-25,5;100
60,5;-25;100
60,5;-24,5;100
60,5;-24;100
60,5;-23,5;100
60,5;-23;100
60,5;-22,5;100
60,5;-22;100
60,5;-21,5;100
60,5;-21;100
60,5;-20,5;100
60,5;-20;100
60,5;-19,5;100
60,5;-19;100
60,5;-18,5;100
60,5;-18;100
60,5;-17,5;100
60,5;-17;100
60,5;-16,5;100
60,5;-16;100
60,5;-15,5;100
60,5;-15;100
60,5;-14,5;100
60,5;-14;100
60,5;-13,5;100
60,5;-13;100
60,5;-12,5;100
60,5;-12;100
60,5;-11,5;100
60,5;-11;100
60,5;-10,5;100
60,5;-10;100
60,5;-9,5;100
60,5;-9;100
60,5;-8,5;100
60,5;-8;100
60,5;-7,5;100
60,5;-7;100
60,5;-6,5;100
60,5;-6;100
60,5;-5,5;100
60,5;-5;100
60,5;-4,5;100
60,5;-4;100
60,5;-3,5;100
60,5;-3;100
60,5;-2,5;100
60,5;-2;100
60,5;-1,5;100
60,5;-1;100
60,5;-0,5;100
60,5;0;100
60,5;0,5;100
60,5;1;100
60,5;1,5;100
60,5;2;100
60,5;2,5;100
60,5;3;100
60,5;3,5;100
60,5;4;100
60,5;4,5;100
60,5;5;100
60,5;5,5;100
60,5;6;100
60,5;6,5;100
60,5;7;96
60,5;7,5;100
60,5;8;100
60,5;8,5;100
60,5;9;100
60,5;9,5;100
60,5;10;100
60,5;10,5;100
60,5;11;100
60,5;11,5;100
60,5;12;100
60,5;12,5;100
60,5;13;100
60,5;13,5;100
60,5;14;100
60,5;14,5;100
60,5;15;100
60,5;15,5;100
60,5;16;100
60,5;16,5;100
60,5;17;100
60,5;17,5;100
60,5;18;100
60,5;18,5;100
60,5;19;100
60,5;19,5;80
60,5;20;88
60,5;20,5;84
60,5;21;92
60,5;21,5;68
60,5;22;0
61;-75;12
61;-74,5;80
61;-74;84
61;-73,5;76
61;-73;92
61;-72,5;84
61;-72;0
61;-71,5;0
61;-71;0
61;-70,5;0
61;-70;0
61;-69,5;0
61;-69;0
61;-68,5;0
61;-68;0
61;-67,5;0
61;-66,5;0
61;-64;0
61;-63,5;0
61;-63;0
61;-62,5;0
61;-62;8
61;-61,5;76
61;-61;100
61;-60,5;96
61;-60;100
61;-59,5;52
61;-59;68
61;-58,5;72
61;-58;64
61;-57,5;96
61;-57;68
61;-56,5;100
61;-56;96
61;-55,5;76
61;-55;68
61;-54,5;100
61;-54;68
61;-53,5;16
61;-53;36
61;-52,5;12
61;-52;12
61;-51,5;88
61;-51;76
61;-50,5;84
61;-50;72
61;-49,5;100
61;-49;100
61;-48,5;88
61;-48;100
61;-47,5;100
61;-47;100
61;-46,5;100
61;-46;100
61;-45,5;100
61;-45;100
61;-44,5;100
61;-44;100
61;-43,5;100
61;-43;100
61;-42,5;100
61;-42;84
61;-41,5;80
61;-41;100
61;-40,5;100
61;-40;100
61;-39,5;96
61;-39;100
61;-38,5;100
61;-38;100
61;-37,5;100
61;-37;100
61;-36,5;100
61;-36;100
61;-35,5;100
61;-35;100
61;-34,5;100
61;-34;100
61;-33,5;100
61;-33;100
61;-32,5;100
61;-32;100
61;-31,5;100
61;-31;100
61;-30,5;100
61;-30;100
61;-29,5;100
61;-29;100
61;-28,5;100
61;-28;100
61;-27,5;100
61;-27;100
61;-26,5;100
61;-26;100
61;-25,5;100
61;-25;100
61;-24,5;100
61;-24;100
61;-23,5;100
61;-23;100
61;-22,5;100
61;-22;100
61;-21,5;100
61;-21;100
61;-20,5;100
61;-20;100
61;-19,5;100
61;-19;100
61;-18,5;100
61;-18;100
61;-17,5;100
61;-17;100
61;-16,5;100
61;-16;100
61;-15,5;100
61;-15;100
61;-14,5;100
61;-14;100
61;-13,5;100
61;-13;100
61;-12,5;100
61;-12;100
61;-11,5;100
61;-11;100
61;-10,5;100
61;-10;100
61;-9,5;100
61;-9;100
61;-8,5;100
61;-8;100
61;-7,5;100
61;-7;100
61;-6,5;100
61;-6;100
61;-5,5;100
61;-5;100
61;-4,5;100
61;-4;100
61;-3,5;100
61;-3;100
61;-2,5;100
61;-2;100
61;-1,5;100
61;-1;100
61;-0,5;100
61;0;100
61;0,5;100
61;1;100
61;1,5;100
61;2;100
61;2,5;100
61;3;100
61;3,5;100
61;4;100
61;4,5;100
61;5;100
61;5,5;100
61;6;100
61;6,5;100
61;7;100
61;7,5;100
61;8;100
61;8,5;100
61;9;100
61;9,5;100
61;10;100
61;10,5;100
61;11;100
61;11,5;100
61;12;100
61;12,5;100
61;13;100
61;13,5;100
61;14;100
61;14,5;100
61;15;92
61;15,5;96
61;16;100
61;16,5;100
61;17;100
61;17,5;100
61;18;100
61;18,5;100
61;19;100
61;19,5;88
61;20;100
61;20,5;100
61;21;92
61;21,5;44
61,5;-74,5;36
61,5;-74;60
61,5;-73,5;84
61,5;-73;72
61,5;-72,5;40
61,5;-72;0
61,5;-71,5;0
61,5;-71;0
61,5;-70,5;0
61,5;-70;0
61,5;-69,5;0
61,5;-69;0
61,5;-68,5;0
61,5;-68;0
61,5;-67,5;0
61,5;-67;0
61,5;-66,5;0
61,5;-66;0
61,5;-65,5;0
61,5;-65;0
61,5;-64,5;0
61,5;-64;0
61,5;-63;0
61,5;-62,5;0
61,5;-62;0
61,5;-61,5;64
61,5;-61;80
61,5;-60,5;88
61,5;-60;88
61,5;-59,5;52
61,5;-59;24
61,5;-58,5;68
61,5;-58;24
61,5;-57,5;84
61,5;-57;76
61,5;-56,5;84
61,5;-56;48
61,5;-55,5;8
61,5;-55;8
61,5;-54,5;44
61,5;-54;4
61,5;-53,5;0
61,5;-53;16
61,5;-52,5;4
61,5;-52;0
61,5;-51,5;52
61,5;-51;92
61,5;-50,5;100
61,5;-50;96
61,5;-49,5;100
61,5;-49;96
61,5;-48,5;96
61,5;-48;96
61,5;-47,5;100
61,5;-47;100
61,5;-46,5;100
61,5;-46;96
61,5;-45,5;100
61,5;-45;96
61,5;-44,5;100
61,5;-44;100
61,5;-43,5;100
61,5;-43;100
61,5;-42,5;96
61,5;-42;100
61,5;-41,5;92
61,5;-41;100
61,5;-40,5;100
61,5;-40;100
61,5;-39,5;100
61,5;-39;96
61,5;-38,5;100
61,5;-38;100
61,5;-37,5;100
61,5;-37;100
61,5;-36,5;100
61,5;-36;100
61,5;-35,5;100
61,5;-35;100
61,5;-34,5;100
61,5;-34;96
61,5;-33,5;100
61,5;-33;100
61,5;-32,5;100
61,5;-32;100
61,5;-31,5;100
61,5;-31;100
61,5;-30,5;100
61,5;-30;100
61,5;-29,5;100
61,5;-29;100
61,5;-28,5;100
61,5;-28;100
61,5;-27,5;96
61,5;-27;88
61,5;-26,5;100
61,5;-26;96
61,5;-25,5;100
61,5;-25;100
61,5;-24,5;100
61,5;-24;100
61,5;-23,5;100
61,5;-23;100
61,5;-22,5;100
61,5;-22;100
61,5;-21,5;100
61,5;-21;100
61,5;-20,5;100
61,5;-20;100
61,5;-19,5;100
61,5;-19;100
61,5;-18,5;100
61,5;-18;100
61,5;-17,5;100
61,5;-17;100
61,5;-16,5;96
61,5;-16;100
61,5;-15,5;100
61,5;-15;100
61,5;-14,5;100
61,5;-14;100
61,5;-13,5;100
61,5;-13;100
61,5;-12,5;100
61,5;-12;100
61,5;-11,5;100
61,5;-11;100
61,5;-10,5;100
61,5;-10;100
61,5;-9,5;100
61,5;-9;100
61,5;-8,5;100
61,5;-8;100
61,5;-7,5;100
61,5;-7;100
61,5;-6,5;100
61,5;-6;100
61,5;-5,5;100
61,5;-5;100
61,5;-4,5;100
61,5;-4;100
61,5;-3,5;100
61,5;-3;100
61,5;-2,5;100
61,5;-2;100
61,5;-1,5;100
61,5;-1;100
61,5;-0,5;100
61,5;0;100
61,5;0,5;100
61,5;1;100
61,5;1,5;100
61,5;2;100
61,5;2,5;100
61,5;3;100
61,5;3,5;100
61,5;4;100
61,5;4,5;100
61,5;5;100
61,5;5,5;100
61,5;6;100
61,5;6,5;100
61,5;7;100
61,5;7,5;100
61,5;8;96
61,5;8,5;100
61,5;9;100
61,5;9,5;100
61,5;10;100
61,5;10,5;100
61,5;11;100
61,5;11,5;100
61,5;12;100
61,5;12,5;100
61,5;13;100
61,5;13,5;100
61,5;14;100
61,5;14,5;100
61,5;15;100
61,5;15,5;100
61,5;16;100
61,5;16,5;100
61,5;17;100
61,5;17,5;100
61,5;18;100
61,5;18,5;96
61,5;19;100
61,5;19,5;100
61,5;20;100
61,5;20,5;100
61,5;21;96
62;-74,5;24
62;-74;80
62;-73,5;88
62;-73;84
62;-72,5;36
62;-71,5;0
62;-71;0
62;-70,5;0
62;-69,5;0
62;-69;0
62;-68,5;0
62;-68;0
62;-67,5;0
62;-67;0
62;-66,5;0
62;-66;0
62;-65,5;0
62;-65;0
62;-64,5;0
62;-64;0
62;-63,5;0
62;-63;0
62;-62,5;0
62;-62;4
62;-61,5;16
62;-61;24
62;-60,5;48
62;-60;12
62;-59,5;0
62;-59;20
62;-58,5;40
62;-58;44
62;-57,5;52
62;-57;72
62;-56,5;80
62;-56;8
62;-55,5;0
62;-55;0
62;-54,5;0
62;-54;0
62;-53,5;0
62;-53;0
62;-52,5;0
62;-52;0
62;-51,5;4
62;-51;44
62;-50,5;84
62;-50;84
62;-49,5;100
62;-49;100
62;-48,5;100
62;-48;100
62;-47,5;96
62;-47;100
62;-46,5;100
62;-46;100
62;-45,5;100
62;-45;100
62;-44,5;100
62;-44;100
62;-43,5;100
62;-43;96
62;-42,5;96
62;-42;88
62;-41,5;100
62;-41;100
62;-40,5;100
62;-40;100
62;-39,5;100
62;-39;100
62;-38,5;100
62;-38;100
62;-37,5;100
62;-37;100
62;-36,5;100
62;-36;100
62;-35,5;100
62;-35;100
62;-34,5;96
62;-34;100
62;-33,5;100
62;-33;100
62;-32,5;100
62;-32;100
62;-31,5;100
62;-31;100
62;-30,5;100
62;-30;100
62;-29,5;100
62;-29;100
62;-28,5;100
62;-28;100
62;-27,5;100
62;-27;96
62;-26,5;96
62;-26;96
62;-25,5;100
62;-25;100
62;-24,5;100
62;-24;100
62;-23,5;100
62;-23;100
62;-22,5;100
62;-22;100
62;-21,5;100
62;-21;100
62;-20,5;100
62;-20;100
62;-19,5;100
62;-19;100
62;-18,5;100
62;-18;100
62;-17,5;100
62;-17;100
62;-16,5;100
62;-16;100
62;-15,5;100
62;-15;100
62;-14,5;100
62;-14;100
62;-13,5;100
62;-13;100
62;-12,5;100
62;-12;100
62;-11,5;100
62;-11;100
62;-10,5;100
62;-10;100
62;-9,5;100
62;-9;100
62;-8,5;100
62;-8;100
62;-7,5;100
62;-7;100
62;-6,5;100
62;-6;100
62;-5,5;100
62;-5;100
62;-4,5;100
62;-4;100
62;-3,5;100
62;-3;100
62;-2,5;100
62;-2;100
62;-1,5;100
62;-1;100
62;-0,5;100
62;0;100
62;0,5;100
62;1;100
62;1,5;100
62;2;100
62;2,5;100
62;3;100
62;3,5;100
62;4;100
62;4,5;100
62;5;100
62;5,5;100
62;6;100
62;6,5;100
62;7;100
62;7,5;92
62;8;96
62;8,5;100
62;9;96
62;9,5;100
62;10;100
62;10,5;100
62;11;100
62;11,5;100
62;12;100
62;12,5;100
62;13;100
62;13,5;100
62;14;100
62;14,5;100
62;15;96
62;15,5;100
62;16;100
62;16,5;100
62;17;100
62;17,5;100
62;18;100
62;18,5;100
62;19;100
62;19,5;100
62;20;100
62;20,5;100
62;21;44
62,5;-74;72
62,5;-73,5;72
62,5;-73;96
62,5;-72,5;60
62,5;-72;4
62,5;-71,5;0
62,5;-71;0
62,5;-68,5;0
62,5;-68;0
62,5;-67;0
62,5;-66,5;0
62,5;-66;0
62,5;-65,5;0
62,5;-65;0
62,5;-64,5;0
62,5;-64;0
62,5;-63,5;0
62,5;-63;0
62,5;-62,5;0
62,5;-62;0
62,5;-61,5;12
62,5;-61;44
62,5;-60,5;68
62,5;-60;16
62,5;-59,5;4
62,5;-59;20
62,5;-58,5;0
62,5;-58;4
62,5;-57,5;8
62,5;-57;44
62,5;-56,5;48
62,5;-56;0
62,5;-55,5;0
62,5;-55;0
62,5;-54,5;0
62,5;-54;0
62,5;-53,5;0
62,5;-53;0
62,5;-52,5;0
62,5;-52;0
62,5;-51,5;8
62,5;-51;16
62,5;-50,5;20
62,5;-50;80
62,5;-49,5;100
62,5;-49;100
62,5;-48,5;100
62,5;-48;100
62,5;-47,5;100
62,5;-47;100
62,5;-46,5;100
62,5;-46;100
62,5;-45,5;100
62,5;-45;100
62,5;-44,5;100
62,5;-44;100
62,5;-43,5;92
62,5;-43;88
62,5;-42,5;96
62,5;-42;100
62,5;-41,5;100
62,5;-41;100
62,5;-40,5;100
62,5;-40;100
62,5;-39,5;100
62,5;-39;100
62,5;-38,5;100
62,5;-38;100
62,5;-37,5;100
62,5;-37;100
62,5;-36,5;96
62,5;-36;100
62,5;-35,5;100
62,5;-35;100
62,5;-34,5;100
62,5;-34;100
62,5;-33,5;100
62,5;-33;100
62,5;-32,5;100
62,5;-32;100
62,5;-31,5;100
62,5;-31;100
62,5;-30,5;100
62,5;-30;100
62,5;-29,5;100
62,5;-29;100
62,5;-28,5;100
62,5;-28;100
62,5;-27,5;100
62,5;-27;100
62,5;-26,5;100
62,5;-26;84
62,5;-25,5;100
62,5;-25;100
62,5;-24,5;100
62,5;-24;100
62,5;-23,5;100
62,5;-23;100
62,5;-22,5;100
62,5;-22;100
62,5;-21,5;100
62,5;-21;100
62,5;-20,5;100
62,5;-20;100
62,5;-19,5;100
62,5;-19;100
62,5;-18,5;100
62,5;-18;100
62,5;-17,5;100
62,5;-17;100
62,5;-16,5;100
62,5;-16;100
62,5;-15,5;100
62,5;-15;100
62,5;-14,5;100
62,5;-14;100
62,5;-13,5;100
62,5;-13;100
62,5;-12,5;100
62,5;-12;100
62,5;-11,5;100
62,5;-11;100
62,5;-10,5;100
62,5;-10;100
62,5;-9,5;100
62,5;-9;100
62,5;-8,5;100
62,5;-8;100
62,5;-7,5;100
62,5;-7;100
62,5;-6,5;100
62,5;-6;100
62,5;-5,5;100
62,5;-5;100
62,5;-4,5;100
62,5;-4;96
62,5;-3,5;100
62,5;-3;100
62,5;-2,5;100
62,5;-2;100
62,5;-1,5;100
62,5;-1;100
62,5;-0,5;100
62,5;0;100
62,5;0,5;100
62,5;1;100
62,5;1,5;100
62,5;2;100
62,5;2,5;100
62,5;3;100
62,5;3,5;100
62,5;4;100
62,5;4,5;100
62,5;5;100
62,5;5,5;100
62,5;6;100
62,5;6,5;100
62,5;7;96
62,5;7,5;96
62,5;8;100
62,5;8,5;100
62,5;9;84
62,5;9,5;100
62,5;10;96
62,5;10,5;100
62,5;11;100
62,5;11,5;100
62,5;12;100
62,5;12,5;100
62,5;13;100
62,5;13,5;100
62,5;14;100
62,5;14,5;100
62,5;15;100
62,5;15,5;100
62,5;16;100
62,5;16,5;92
62,5;17;100
62,5;17,5;100
62,5;18;100
62,5;18,5;100
62,5;19;100
62,5;19,5;100
62,5;20;100
62,5;20,5;96
62,5;21;8
63;-74;16
63;-73,5;60
63;-73;68
63;-72,5;100
63;-72;36
63;-71,5;0
63;-71;0
63;-68;0
63;-66,5;0
63;-66;0
63;-65,5;0
63;-65;0
63;-64,5;0
63;-64;0
63;-63,5;0
63;-63;0
63;-62,5;0
63;-62;0
63;-61,5;0
63;-61;56
63;-60,5;40
63;-60;20
63;-59,5;0
63;-59;0
63;-58,5;0
63;-58;0
63;-57,5;0
63;-57;4
63;-56,5;0
63;-56;0
63;-55,5;0
63;-55;0
63;-54,5;0
63;-54;0
63;-53,5;0
63;-53;0
63;-52,5;0
63;-52;0
63;-51,5;0
63;-51;0
63;-50,5;12
63;-50;64
63;-49,5;100
63;-49;100
63;-48,5;100
63;-48;100
63;-47,5;100
63;-47;100
63;-46,5;96
63;-46;96
63;-45,5;100
63;-45;100
63;-44,5;100
63;-44;80
63;-43,5;96
63;-43;96
63;-42,5;84
63;-42;100
63;-41,5;100
63;-41;100
63;-40,5;100
63;-40;100
63;-39,5;100
63;-39;100
63;-38,5;100
63;-38;100
63;-37,5;100
63;-37;100
63;-36,5;100
63;-36;100
63;-35,5;100
63;-35;100
63;-34,5;100
63;-34;100
63;-33,5;100
63;-33;100
63;-32,5;100
63;-32;100
63;-31,5;100
63;-31;100
63;-30,5;100
63;-30;100
63;-29,5;100
63;-29;100
63;-28,5;100
63;-28;100
63;-27,5;100
63;-27;96
63;-26,5;44
63;-26;88
63;-25,5;64
63;-25;100
63;-24,5;100
63;-24;100
63;-23,5;100
63;-23;100
63;-22,5;100
63;-22;100
63;-21,5;100
63;-21;100
63;-20,5;100
63;-20;100
63;-19,5;96
63;-19;100
63;-18,5;100
63;-18;100
63;-17,5;100
63;-17;100
63;-16,5;100
63;-16;100
63;-15,5;96
63;-15;100
63;-14,5;100
63;-14;100
63;-13,5;100
63;-13;100
63;-12,5;100
63;-12;100
63;-11,5;100
63;-11;100
63;-10,5;100
63;-10;100
63;-9,5;100
63;-9;100
63;-8,5;100
63;-8;100
63;-7,5;100
63;-7;100
63;-6,5;100
63;-6;100
63;-5,5;100
63;-5;100
63;-4,5;100
63;-4;100
63;-3,5;100
63;-3;100
63;-2,5;100
63;-2;100
63;-1,5;100
63;-1;100
63;-0,5;100
63;0;100
63;0,5;100
63;1;100
63;1,5;100
63;2;100
63;2,5;100
63;3;100
63;3,5;100
63;4;100
63;4,5;100
63;5;100
63;5,5;100
63;6;100
63;6,5;100
63;7;100
63;7,5;100
63;8;100
63;8,5;100
63;9;100
63;9,5;100
63;10;100
63;10,5;100
63;11;100
63;11,5;100
63;12;100
63;12,5;100
63;13;100
63;13,5;100
63;14;100
63;14,5;100
63;15;96
63;15,5;100
63;16;100
63;16,5;100
63;17;100
63;17,5;100
63;18;100
63;18,5;100
63;19;100
63;19,5;100
63;20;100
63;20,5;40
63,5;-73,5;68
63,5;-73;80
63,5;-72,5;52
63,5;-72;24
63,5;-71,5;0
63,5;-71;0
63,5;-68;0
63,5;-67,5;0
63,5;-66,5;0
63,5;-66;0
63,5;-65;0
63,5;-64,5;0
63,5;-64;0
63,5;-63,5;0
63,5;-63;0
63,5;-62,5;0
63,5;-62;0
63,5;-61,5;0
63,5;-61;0
63,5;-60,5;0
63,5;-60;0
63,5;-59,5;0
63,5;-59;0
63,5;-58,5;0
63,5;-58;0
63,5;-57,5;0
63,5;-57;0
63,5;-56,5;0
63,5;-56;0
63,5;-55,5;0
63,5;-55;0
63,5;-54,5;0
63,5;-54;0
63,5;-53,5;0
63,5;-53;0
63,5;-52,5;0
63,5;-52;0
63,5;-51,5;0
63,5;-51;0
63,5;-50,5;28
63,5;-50;100
63,5;-49,5;100
63,5;-49;100
63,5;-48,5;100
63,5;-48;100
63,5;-47,5;100
63,5;-47;100
63,5;-46,5;92
63,5;-46;100
63,5;-45,5;100
63,5;-45;100
63,5;-44,5;96
63,5;-44;80
63,5;-43,5;88
63,5;-43;92
63,5;-42,5;100
63,5;-42;100
63,5;-41,5;100
63,5;-41;100
63,5;-40,5;100
63,5;-40;100
63,5;-39,5;100
63,5;-39;100
63,5;-38,5;100
63,5;-38;100
63,5;-37,5;100
63,5;-37;100
63,5;-36,5;100
63,5;-36;100
63,5;-35,5;100
63,5;-35;100
63,5;-34,5;100
63,5;-34;100
63,5;-33,5;100
63,5;-33;100
63,5;-32,5;100
63,5;-32;100
63,5;-31,5;100
63,5;-31;100
63,5;-30,5;100
63,5;-30;92
63,5;-29,5;96
63,5;-29;92
63,5;-28,5;100
63,5;-28;92
63,5;-27,5;100
63,5;-27;76
63,5;-26,5;72
63,5;-26;68
63,5;-25,5;76
63,5;-25;84
63,5;-24,5;100
63,5;-24;100
63,5;-23,5;100
63,5;-23;100
63,5;-22,5;100
63,5;-22;100
63,5;-21,5;100
63,5;-21;100
63,5;-20,5;100
63,5;-20;100
63,5;-19,5;96
63,5;-19;100
63,5;-18,5;100
63,5;-18;100
63,5;-17,5;100
63,5;-17;100
63,5;-16,5;100
63,5;-16;100
63,5;-15,5;96
63,5;-15;100
63,5;-14,5;100
63,5;-14;100
63,5;-13,5;100
63,5;-13;100
63,5;-12,5;100
63,5;-12;100
63,5;-11,5;100
63,5;-11;100
63,5;-10,5;100
63,5;-10;100
63,5;-9,5;100
63,5;-9;100
63,5;-8,5;100
63,5;-8;100
63,5;-7,5;100
63,5;-7;100
63,5;-6,5;100
63,5;-6;100
63,5;-5,5;100
63,5;-5;100
63,5;-4,5;100
63,5;-4;100
63,5;-3,5;100
63,5;-3;100
63,5;-2,5;100
63,5;-2;100
63,5;-1,5;100
63,5;-1;100
63,5;-0,5;100
63,5;0;100
63,5;0,5;100
63,5;1;96
63,5;1,5;100
63,5;2;100
63,5;2,5;100
63,5;3;100
63,5;3,5;100
63,5;4;100
63,5;4,5;100
63,5;5;100
63,5;5,5;100
63,5;6;100
63,5;6,5;100
63,5;7;100
63,5;7,5;100
63,5;8;100
63,5;8,5;100
63,5;9;100
63,5;9,5;100
63,5;10;100
63,5;10,5;100
63,5;11;100
63,5;11,5;100
63,5;12;100
63,5;12,5;100
63,5;13;100
63,5;13,5;100
63,5;14;100
63,5;14,5;100
63,5;15;100
63,5;15,5;100
63,5;16;96
63,5;16,5;100
63,5;17;100
63,5;17,5;100
63,5;18;100
63,5;18,5;100
63,5;19;100
63,5;19,5;100
63,5;20;84
63,5;20,5;0
64;-73,5;20
64;-73;84
64;-72,5;12
64;-71,5;0
64;-68;0
64;-67,5;0
64;-66,5;0
64;-66;0
64;-64,5;0
64;-63,5;0
64;-63;0
64;-62,5;0
64;-62;0
64;-61,5;0
64;-61;0
64;-60,5;0
64;-60;0
64;-59,5;0
64;-59;4
64;-58,5;0
64;-58;12
64;-57,5;0
64;-57;0
64;-56,5;0
64;-56;0
64;-55,5;0
64;-55;0
64;-54,5;0
64;-54;8
64;-53,5;60
64;-53;32
64;-52,5;0
64;-52;0
64;-51,5;0
64;-51;0
64;-50,5;76
64;-50;100
64;-49,5;100
64;-49;100
64;-48,5;100
64;-48;100
64;-47,5;100
64;-47;100
64;-46,5;92
64;-46;100
64;-45,5;92
64;-45;100
64;-44,5;100
64;-44;100
64;-43,5;96
64;-43;80
64;-42,5;100
64;-42;96
64;-41,5;96
64;-41;100
64;-40,5;100
64;-40;100
64;-39,5;100
64;-39;100
64;-38,5;100
64;-38;100
64;-37,5;100
64;-37;100
64;-36,5;100
64;-36;100
64;-35,5;100
64;-35;100
64;-34,5;100
64;-34;100
64;-33,5;100
64;-33;100
64;-32,5;96
64;-32;100
64;-31,5;96
64;-31;100
64;-30,5;56
64;-30;44
64;-29,5;80
64;-29;92
64;-28,5;100
64;-28;100
64;-27,5;100
64;-27;100
64;-26,5;100
64;-26;84
64;-25,5;32
64;-25;24
64;-24,5;52
64;-24;96
64;-23,5;92
64;-23;100
64;-22,5;100
64;-22;100
64;-21,5;100
64;-21;100
64;-20,5;100
64;-20;100
64;-19,5;100
64;-19;100
64;-18,5;100
64;-18;100
64;-17,5;100
64;-17;100
64;-16,5;100
64;-16;100
64;-15,5;100
64;-15;100
64;-14,5;100
64;-14;100
64;-13,5;100
64;-13;100
64;-12,5;100
64;-12;100
64;-11,5;100
64;-11;100
64;-10,5;100
64;-10;100
64;-9,5;100
64;-9;100
64;-8,5;100
64;-8;100
64;-7,5;100
64;-7;100
64;-6,5;100
64;-6;100
64;-5,5;100
64;-5;100
64;-4,5;100
64;-4;100
64;-3,5;100
64;-3;100
64;-2,5;100
64;-2;100
64;-1,5;100
64;-1;100
64;-0,5;100
64;0;100
64;0,5;100
64;1;100
64;1,5;100
64;2;100
64;2,5;100
64;3;100
64;3,5;100
64;4;100
64;4,5;100
64;5;100
64;5,5;100
64;6;96
64;6,5;100
64;7;100
64;7,5;100
64;8;100
64;8,5;100
64;9;100
64;9,5;100
64;10;100
64;10,5;100
64;11;100
64;11,5;100
64;12;100
64;12,5;100
64;13;100
64;13,5;100
64;14;100
64;14,5;100
64;15;100
64;15,5;96
64;16;100
64;16,5;100
64;17;100
64;17,5;100
64;18;100
64;18,5;100
64;19;100
64;19,5;100
64;20;24
64,5;-73;4
64,5;-72,5;0
64,5;-72;0
64,5;-71,5;0
64,5;-71;0
64,5;-64,5;0
64,5;-63;0
64,5;-62,5;0
64,5;-62;0
64,5;-61,5;0
64,5;-61;0
64,5;-60,5;0
64,5;-60;0
64,5;-59,5;4
64,5;-59;84
64,5;-58,5;84
64,5;-58;96
64,5;-57,5;40
64,5;-57;12
64,5;-56,5;0
64,5;-55,5;0
64,5;-55;0
64,5;-54,5;0
64,5;-54;16
64,5;-53,5;100
64,5;-53;88
64,5;-52,5;16
64,5;-52;0
64,5;-51,5;0
64,5;-51;0
64,5;-50,5;52
64,5;-50;100
64,5;-49,5;100
64,5;-49;100
64,5;-48,5;100
64,5;-48;100
64,5;-47,5;100
64,5;-47;100
64,5;-46,5;100
64,5;-46;100
64,5;-45,5;100
64,5;-45;100
64,5;-44,5;96
64,5;-44;88
64,5;-43,5;92
64,5;-43;100
64,5;-42,5;100
64,5;-42;100
64,5;-41,5;100
64,5;-41;100
64,5;-40,5;100
64,5;-40;100
64,5;-39,5;100
64,5;-39;100
64,5;-38,5;100
64,5;-38;100
64,5;-37,5;100
64,5;-37;100
64,5;-36,5;100
64,5;-36;100
64,5;-35,5;100
64,5;-35;100
64,5;-34,5;100
64,5;-34;100
64,5;-33,5;100
64,5;-33;100
64,5;-32,5;100
64,5;-32;100
64,5;-31,5;100
64,5;-31;100
64,5;-30,5;48
64,5;-30;8
64,5;-29,5;76
64,5;-29;100
64,5;-28,5;92
64,5;-28;100
64,5;-27,5;100
64,5;-27;100
64,5;-26,5;100
64,5;-26;64
64,5;-25,5;4
64,5;-25;0
64,5;-24,5;0
64,5;-24;24
64,5;-23,5;72
64,5;-23;100
64,5;-22,5;100
64,5;-22;100
64,5;-21,5;100
64,5;-21;100
64,5;-20,5;100
64,5;-20;100
64,5;-19,5;100
64,5;-19;100
64,5;-18,5;100
64,5;-18;100
64,5;-17,5;100
64,5;-17;100
64,5;-16,5;100
64,5;-16;100
64,5;-15,5;100
64,5;-15;100
64,5;-14,5;100
64,5;-14;100
64,5;-13,5;100
64,5;-13;100
64,5;-12,5;100
64,5;-12;100
64,5;-11,5;100
64,5;-11;100
64,5;-10,5;100
64,5;-10;100
64,5;-9,5;100
64,5;-9;100
64,5;-8,5;100
64,5;-8;100
64,5;-7,5;100
64,5;-7;100
64,5;-6,5;100
64,5;-6;100
64,5;-5,5;100
64,5;-5;100
64,5;-4,5;100
64,5;-4;100
64,5;-3,5;100
64,5;-3;100
64,5;-2,5;100
64,5;-2;100
64,5;-1,5;100
64,5;-1;100
64,5;-0,5;100
64,5;0;100
64,5;0,5;100
64,5;1;100
64,5;1,5;100
64,5;2;100
64,5;2,5;100
64,5;3;100
64,5;3,5;100
64,5;4;100
64,5;4,5;100
64,5;5;100
64,5;5,5;100
64,5;6;100
64,5;6,5;100
64,5;7;100
64,5;7,5;100
64,5;8;100
64,5;8,5;100
64,5;9;100
64,5;9,5;100
64,5;10;100
64,5;10,5;100
64,5;11;100
64,5;11,5;100
64,5;12;100
64,5;12,5;100
64,5;13;100
64,5;13,5;100
64,5;14;100
64,5;14,5;100
64,5;15;100
64,5;15,5;92
64,5;16;64
64,5;16,5;100
64,5;17;100
64,5;17,5;100
64,5;18;100
64,5;18,5;100
64,5;19;100
64,5;19,5;56
65;-73;0
65;-72,5;0
65;-72;0
65;-71,5;0
65;-71;0
65;-70,5;0
65;-70;0
65;-65;0
65;-64,5;0
65;-64;0
65;-63,5;0
65;-62,5;0
65;-62;0
65;-61,5;0
65;-61;0
65;-60,5;0
65;-60;32
65;-59,5;32
65;-59;100
65;-58,5;100
65;-58;100
65;-57,5;100
65;-57;12
65;-56,5;0
65;-56;0
65;-55,5;0
65;-55;0
65;-54,5;0
65;-54;20
65;-53,5;100
65;-53;100
65;-52,5;72
65;-52;0
65;-51,5;0
65;-51;0
65;-50,5;40
65;-50;96
65;-49,5;100
65;-49;100
65;-48,5;100
65;-48;100
65;-47,5;100
65;-47;96
65;-46,5;100
65;-46;92
65;-45,5;96
65;-45;96
65;-44,5;100
65;-44;100
65;-43,5;100
65;-43;100
65;-42,5;100
65;-42;100
65;-41,5;100
65;-41;100
65;-40,5;100
65;-40;100
65;-39,5;100
65;-39;100
65;-38,5;100
65;-38;100
65;-37,5;100
65;-37;100
65;-36,5;100
65;-36;100
65;-35,5;100
65;-35;100
65;-34,5;100
65;-34;100
65;-33,5;100
65;-33;56
65;-32,5;84
65;-32;100
65;-31,5;100
65;-31;100
65;-30,5;72
65;-30;0
65;-29,5;24
65;-29;60
65;-28,5;84
65;-28;100
65;-27,5;100
65;-27;80
65;-26,5;56
65;-26;84
65;-25,5;20
65;-24;4
65;-23,5;64
65;-23;100
65;-22,5;100
65;-22;100
65;-21,5;100
65;-21;100
65;-20,5;100
65;-20;100
65;-19,5;100
65;-19;100
65;-18,5;100
65;-18;100
65;-17,5;100
65;-17;100
65;-16,5;100
65;-16;100
65;-15,5;100
65;-15;100
65;-14,5;100
65;-14;100
65;-13,5;100
65;-13;100
65;-12,5;100
65;-12;100
65;-11,5;100
65;-11;100
65;-10,5;100
65;-10;100
65;-9,5;100
65;-9;100
65;-8,5;100
65;-8;100
65;-7,5;100
65;-7;100
65;-6,5;100
65;-6;100
65;-5,5;100
65;-5;100
65;-4,5;100
65;-4;100
65;-3,5;100
65;-3;100
65;-2,5;100
65;-2;100
65;-1,5;100
65;-1;100
65;-0,5;100
65;0;100
65;0,5;100
65;1;100
65;1,5;100
65;2;100
65;2,5;100
65;3;100
65;3,5;100
65;4;100
65;4,5;100
65;5;100
65;5,5;100
65;6;100
65;6,5;100
65;7;100
65;7,5;100
65;8;100
65;8,5;100
65;9;100
65;9,5;100
65;10;100
65;10,5;100
65;11;100
65;11,5;100
65;12;100
65;12,5;100
65;13;100
65;13,5;100
65;14;100
65;14,5;100
65;15;100
65;15,5;100
65;16;88
65;16,5;100
65;17;100
65;17,5;100
65;18;100
65;18,5;100
65;19;84
65;19,5;8
65,5;-72,5;0
65,5;-72;0
65,5;-71,5;0
65,5;-71;0
65,5;-70,5;0
65,5;-65;0
65,5;-64,5;0
65,5;-64;0
65,5;-63,5;0
65,5;-63;0
65,5;-62,5;0
65,5;-62;0
65,5;-61,5;0
65,5;-61;0
65,5;-60,5;8
65,5;-60;92
65,5;-59,5;100
65,5;-59;96
65,5;-58,5;100
65,5;-58;100
65,5;-57,5;100
65,5;-57;48
65,5;-56,5;8
65,5;-56;4
65,5;-55,5;0
65,5;-55;40
65,5;-54,5;28
65,5;-54;60
65,5;-53,5;68
65,5;-53;80
65,5;-52,5;92
65,5;-52;36
65,5;-51,5;44
65,5;-51;84
65,5;-50,5;52
65,5;-50;56
65,5;-49,5;100
65,5;-49;100
65,5;-48,5;100
65,5;-48;100
65,5;-47,5;100
65,5;-47;100
65,5;-46,5;100
65,5;-46;100
65,5;-45,5;92
65,5;-45;96
65,5;-44,5;88
65,5;-44;100
65,5;-43,5;100
65,5;-43;100
65,5;-42,5;100
65,5;-42;100
65,5;-41,5;96
65,5;-41;100
65,5;-40,5;100
65,5;-40;100
65,5;-39,5;100
65,5;-39;100
65,5;-38,5;100
65,5;-38;100
65,5;-37,5;100
65,5;-37;100
65,5;-36,5;100
65,5;-36;100
65,5;-35,5;100
65,5;-35;100
65,5;-34,5;96
65,5;-34;96
65,5;-33,5;56
65,5;-33;60
65,5;-32,5;100
65,5;-32;100
65,5;-31,5;100
65,5;-31;100
65,5;-30,5;92
65,5;-30;52
65,5;-29,5;4
65,5;-29;40
65,5;-28,5;72
65,5;-28;80
65,5;-27,5;20
65,5;-27;24
65,5;-26,5;32
65,5;-26;24
65,5;-25,5;0
65,5;-25;0
65,5;-24,5;0
65,5;-24;0
65,5;-23,5;28
65,5;-23;60
65,5;-22,5;84
65,5;-22;100
65,5;-21,5;100
65,5;-21;100
65,5;-20,5;100
65,5;-20;100
65,5;-19,5;100
65,5;-19;100
65,5;-18,5;100
65,5;-18;100
65,5;-17,5;100
65,5;-17;100
65,5;-16,5;100
65,5;-16;100
65,5;-15,5;100
65,5;-15;100
65,5;-14,5;100
65,5;-14;100
65,5;-13,5;100
65,5;-13;100
65,5;-12,5;100
65,5;-12;100
65,5;-11,5;100
65,5;-11;100
65,5;-10,5;100
65,5;-10;100
65,5;-9,5;100
65,5;-9;100
65,5;-8,5;100
65,5;-8;100
65,5;-7,5;100
65,5;-7;100
65,5;-6,5;100
65,5;-6;100
65,5;-5,5;100
65,5;-5;100
65,5;-4,5;100
65,5;-4;100
65,5;-3,5;100
65,5;-3;100
65,5;-2,5;100
65,5;-2;100
65,5;-1,5;100
65,5;-1;100
65,5;-0,5;100
65,5;0;100
65,5;0,5;100
65,5;1;100
65,5;1,5;100
65,5;2;100
65,5;2,5;100
65,5;3;100
65,5;3,5;100
65,5;4;100
65,5;4,5;100
65,5;5;100
65,5;5,5;100
65,5;6;100
65,5;6,5;100
65,5;7;84
65,5;7,5;76
65,5;8;84
65,5;8,5;76
65,5;9;84
65,5;9,5;100
65,5;10;100
65,5;10,5;100
65,5;11;100
65,5;11,5;100
65,5;12;100
65,5;12,5;100
65,5;13;100
65,5;13,5;100
65,5;14;100
65,5;14,5;100
65,5;15;100
65,5;15,5;100
65,5;16;100
65,5;16,5;100
65,5;17;100
65,5;17,5;100
65,5;18;100
65,5;18,5;100
65,5;19;20
66;-72;0
66;-71,5;0
66;-71;0
66;-70,5;0
66;-65,5;0
66;-65;0
66;-64,5;0
66;-64;0
66;-63,5;0
66;-63;0
66;-62,5;0
66;-62;0
66;-61,5;0
66;-61;0
66;-60,5;0
66;-60;64
66;-59,5;64
66;-59;100
66;-58,5;96
66;-58;100
66;-57,5;100
66;-57;100
66;-56,5;60
66;-56;64
66;-55,5;88
66;-55;100
66;-54,5;100
66;-54;96
66;-53,5;88
66;-53;96
66;-52,5;96
66;-52;76
66;-51,5;52
66;-51;88
66;-50,5;100
66;-50;64
66;-49,5;56
66;-49;100
66;-48,5;100
66;-48;100
66;-47,5;100
66;-47;100
66;-46,5;100
66;-46;88
66;-45,5;96
66;-45;100
66;-44,5;100
66;-44;100
66;-43,5;100
66;-43;100
66;-42,5;100
66;-42;100
66;-41,5;100
66;-41;96
66;-40,5;100
66;-40;100
66;-39,5;100
66;-39;100
66;-38,5;100
66;-38;100
66;-37,5;100
66;-37;100
66;-36,5;100
66;-36;100
66;-35,5;100
66;-35;92
66;-34,5;96
66;-34;100
66;-33,5;96
66;-33;76
66;-32,5;100
66;-32;100
66;-31,5;100
66;-31;100
66;-30,5;80
66;-30;88
66;-29,5;76
66;-29;20
66;-28,5;0
66;-28;24
66;-27,5;0
66;-27;0
66;-26,5;0
66;-26;0
66;-25,5;0
66;-25;0
66;-24,5;0
66;-24;0
66;-23,5;0
66;-23;0
66;-22,5;20
66;-22;80
66;-21,5;96
66;-21;100
66;-20,5;100
66;-20;100
66;-19,5;100
66;-19;100
66;-18,5;100
66;-18;100
66;-17,5;100
66;-17;100
66;-16,5;100
66;-16;100
66;-15,5;100
66;-15;100
66;-14,5;100
66;-14;100
66;-13,5;100
66;-13;100
66;-12,5;100
66;-12;100
66;-11,5;100
66;-11;100
66;-10,5;100
66;-10;100
66;-9,5;100
66;-9;100
66;-8,5;100
66;-8;100
66;-7,5;100
66;-7;100
66;-6,5;100
66;-6;100
66;-5,5;100
66;-5;100
66;-4,5;100
66;-4;100
66;-3,5;100
66;-3;100
66;-2,5;100
66;-2;100
66;-1,5;100
66;-1;100
66;-0,5;100
66;0;100
66;0,5;100
66;1;96
66;1,5;100
66;2;100
66;2,5;100
66;3;100
66;3,5;100
66;4;100
66;4,5;100
66;5;100
66;5,5;100
66;6;100
66;6,5;100
66;7;92
66;7,5;68
66;8;72
66;8,5;80
66;9;100
66;9,5;100
66;10;100
66;10,5;100
66;11;100
66;11,5;100
66;12;100
66;12,5;100
66;13;100
66;13,5;100
66;14;100
66;14,5;100
66;15;100
66;15,5;100
66;16;100
66;16,5;100
66;17;100
66;17,5;100
66;18;96
66;18,5;48
66,5;-71,5;0
66,5;-71;0
66,5;-70,5;0
66,5;-68;0
66,5;-67,5;0
66,5;-67;0
66,5;-66;0
66,5;-65,5;0
66,5;-65;0
66,5;-64,5;0
66,5;-64;0
66,5;-63,5;0
66,5;-63;0
66,5;-62,5;0
66,5;-62;0
66,5;-61,5;0
66,5;-61;36
66,5;-60,5;76
66,5;-60;76
66,5;-59,5;80
66,5;-59;100
66,5;-58,5;100
66,5;-58;100
66,5;-57,5;100
66,5;-57;100
66,5;-56,5;100
66,5;-56;92
66,5;-55,5;88
66,5;-55;88
66,5;-54,5;100
66,5;-54;100
66,5;-53,5;100
66,5;-53;96
66,5;-52,5;80
66,5;-52;96
66,5;-51,5;92
66,5;-51;68
66,5;-50,5;72
66,5;-50;84
66,5;-49,5;68
66,5;-49;100
66,5;-48,5;100
66,5;-48;100
66,5;-47,5;100
66,5;-47;92
66,5;-46,5;100
66,5;-46;92
66,5;-45,5;100
66,5;-45;100
66,5;-44,5;96
66,5;-44;100
66,5;-43,5;100
66,5;-43;100
66,5;-42,5;100
66,5;-42;100
66,5;-41,5;100
66,5;-41;100
66,5;-40,5;100
66,5;-40;100
66,5;-39,5;100
66,5;-39;100
66,5;-38,5;100
66,5;-38;100
66,5;-37,5;100
66,5;-37;100
66,5;-36,5;100
66,5;-36;100
66,5;-35,5;100
66,5;-35;100
66,5;-34,5;100
66,5;-34;100
66,5;-33,5;96
66,5;-33;84
66,5;-32,5;96
66,5;-32;100
66,5;-31,5;100
66,5;-31;100
66,5;-30,5;100
66,5;-30;100
66,5;-29,5;88
66,5;-29;68
66,5;-28,5;8
66,5;-28;0
66,5;-27,5;0
66,5;-27;0
66,5;-26,5;0
66,5;-26;0
66,5;-25,5;0
66,5;-24;0
66,5;-23,5;0
66,5;-23;0
66,5;-22,5;0
66,5;-22;16
66,5;-21,5;92
66,5;-21;100
66,5;-20,5;100
66,5;-20;100
66,5;-19,5;100
66,5;-19;100
66,5;-18,5;100
66,5;-18;100
66,5;-17,5;100
66,5;-17;100
66,5;-16,5;100
66,5;-16;100
66,5;-15,5;100
66,5;-15;100
66,5;-14,5;100
66,5;-14;100
66,5;-13,5;100
66,5;-13;100
66,5;-12,5;100
66,5;-12;100
66,5;-11,5;100
66,5;-11;100
66,5;-10,5;100
66,5;-10;100
66,5;-9,5;100
66,5;-9;100
66,5;-8,5;100
66,5;-8;100
66,5;-7,5;100
66,5;-7;100
66,5;-6,5;100
66,5;-6;100
66,5;-5,5;100
66,5;-5;100
66,5;-4,5;100
66,5;-4;100
66,5;-3,5;100
66,5;-3;100
66,5;-2,5;100
66,5;-2;100
66,5;-1,5;100
66,5;-1;100
66,5;-0,5;100
66,5;0;100
66,5;0,5;96
66,5;1;96
66,5;1,5;100
66,5;2;100
66,5;2,5;100
66,5;3;100
66,5;3,5;100
66,5;4;100
66,5;4,5;100
66,5;5;100
66,5;5,5;100
66,5;6;96
66,5;6,5;72
66,5;7;80
66,5;7,5;92
66,5;8;60
66,5;8,5;96
66,5;9;100
66,5;9,5;100
66,5;10;100
66,5;10,5;100
66,5;11;100
66,5;11,5;100
66,5;12;100
66,5;12,5;100
66,5;13;100
66,5;13,5;100
66,5;14;100
66,5;14,5;100
66,5;15;100
66,5;15,5;92
66,5;16;84
66,5;16,5;92
66,5;17;92
66,5;17,5;100
66,5;18;68
67;-71,5;0
67;-71;0
67;-70,5;0
67;-68,5;0
67;-68;0
67;-67,5;0
67;-67;0
67;-66,5;0
67;-66;0
67;-65,5;0
67;-65;0
67;-64,5;0
67;-64;0
67;-63,5;0
67;-63;0
67;-62,5;0
67;-62;0
67;-61,5;0
67;-61;44
67;-60,5;100
67;-60;92
67;-59,5;100
67;-59;96
67;-58,5;100
67;-58;100
67;-57,5;96
67;-57;100
67;-56,5;100
67;-56;92
67;-55,5;60
67;-55;88
67;-54,5;80
67;-54;88
67;-53,5;96
67;-53;72
67;-52,5;92
67;-52;88
67;-51,5;88
67;-51;68
67;-50,5;24
67;-50;60
67;-49,5;84
67;-49;84
67;-48,5;60
67;-48;88
67;-47,5;88
67;-47;84
67;-46,5;88
67;-46;100
67;-45,5;92
67;-45;72
67;-44,5;92
67;-44;96
67;-43,5;100
67;-43;100
67;-42,5;100
67;-42;100
67;-41,5;100
67;-41;100
67;-40,5;100
67;-40;100
67;-39,5;100
67;-39;100
67;-38,5;100
67;-38;100
67;-37,5;100
67;-37;100
67;-36,5;100
67;-36;96
67;-35,5;100
67;-35;100
67;-34,5;92
67;-34;100
67;-33,5;100
67;-33;100
67;-32,5;100
67;-32;100
67;-31,5;100
67;-31;100
67;-30,5;100
67;-30;92
67;-29,5;76
67;-29;64
67;-28,5;0
67;-28;0
67;-27,5;0
67;-27;0
67;-26,5;0
67;-26;0
67;-25,5;0
67;-25;0
67;-24,5;0
67;-24;0
67;-23,5;0
67;-23;0
67;-22,5;0
67;-22;8
67;-21,5;80
67;-21;100
67;-20,5;100
67;-20;100
67;-19,5;100
67;-19;100
67;-18,5;100
67;-18;100
67;-17,5;100
67;-17;100
67;-16,5;100
67;-16;100
67;-15,5;100
67;-15;100
67;-14,5;100
67;-14;100
67;-13,5;100
67;-13;100
67;-12,5;100
67;-12;100
67;-11,5;100
67;-11;100
67;-10,5;100
67;-10;100
67;-9,5;100
67;-9;100
67;-8,5;100
67;-8;100
67;-7,5;100
67;-7;100
67;-6,5;100
67;-6;100
67;-5,5;88
67;-5;92
67;-4,5;100
67;-4;100
67;-3,5;100
67;-3;100
67;-2,5;100
67;-2;100
67;-1,5;100
67;-1;100
67;-0,5;100
67;0;100
67;0,5;96
67;1;100
67;1,5;100
67;2;100
67;2,5;100
67;3;100
67;3,5;100
67;4;100
67;4,5;96
67;5;100
67;5,5;100
67;6;88
67;6,5;68
67;7;96
67;7,5;100
67;8;80
67;8,5;88
67;9;100
67;9,5;100
67;10;100
67;10,5;100
67;11;100
67;11,5;100
67;12;100
67;12,5;100
67;13;100
67;13,5;100
67;14;100
67;14,5;100
67;15;100
67;15,5;92
67;16;100
67;16,5;92
67;17;88
67;17,5;76
67;18;4
67,5;-71;0
67,5;-70,5;0
67,5;-70;40
67,5;-69,5;12
67,5;-69;4
67,5;-68;0
67,5;-67,5;0
67,5;-67;0
67,5;-66,5;0
67,5;-66;0
67,5;-65,5;0
67,5;-64;0
67,5;-63,5;0
67,5;-63;0
67,5;-62,5;0
67,5;-62;0
67,5;-61,5;4
67,5;-61;8
67,5;-60,5;44
67,5;-60;88
67,5;-59,5;96
67,5;-59;100
67,5;-58,5;100
67,5;-58;100
67,5;-57,5;100
67,5;-57;100
67,5;-56,5;100
67,5;-56;100
67,5;-55,5;76
67,5;-55;76
67,5;-54,5;76
67,5;-54;100
67,5;-53,5;84
67,5;-53;64
67,5;-52,5;76
67,5;-52;84
67,5;-51,5;88
67,5;-51;72
67,5;-50,5;84
67,5;-50;88
67,5;-49,5;80
67,5;-49;52
67,5;-48,5;0
67,5;-48;84
67,5;-47,5;76
67,5;-47;84
67,5;-46,5;88
67,5;-46;76
67,5;-45,5;100
67,5;-45;88
67,5;-44,5;56
67,5;-44;24
67,5;-43,5;80
67,5;-43;84
67,5;-42,5;100
67,5;-42;100
67,5;-41,5;100
67,5;-41;100
67,5;-40,5;100
67,5;-40;100
67,5;-39,5;100
67,5;-39;100
67,5;-38,5;100
67,5;-38;100
67,5;-37,5;100
67,5;-37;100
67,5;-36,5;100
67,5;-36;96
67,5;-35,5;92
67,5;-35;96
67,5;-34,5;88
67,5;-34;100
67,5;-33,5;96
67,5;-33;96
67,5;-32,5;84
67,5;-32;64
67,5;-31,5;100
67,5;-31;100
67,5;-30,5;100
67,5;-30;68
67,5;-29,5;88
67,5;-29;40
67,5;-28,5;0
67,5;-28;0
67,5;-27,5;0
67,5;-27;0
67,5;-26,5;0
67,5;-26;0
67,5;-25,5;0
67,5;-25;0
67,5;-24,5;0
67,5;-24;0
67,5;-23,5;0
67,5;-23;0
67,5;-22,5;0
67,5;-22;12
67,5;-21,5;80
67,5;-21;100
67,5;-20,5;100
67,5;-20;100
67,5;-19,5;100
67,5;-19;100
67,5;-18,5;100
67,5;-18;100
67,5;-17,5;100
67,5;-17;100
67,5;-16,5;100
67,5;-16;100
67,5;-15,5;100
67,5;-15;100
67,5;-14,5;100
67,5;-14;100
67,5;-13,5;100
67,5;-13;100
67,5;-12,5;88
67,5;-12;84
67,5;-11,5;100
67,5;-11;100
67,5;-10,5;100
67,5;-10;100
67,5;-9,5;100
67,5;-9;100
67,5;-8,5;100
67,5;-8;100
67,5;-7,5;100
67,5;-7;100
67,5;-6,5;88
67,5;-6;100
67,5;-5,5;92
67,5;-5;96
67,5;-4,5;100
67,5;-4;100
67,5;-3,5;100
67,5;-3;100
67,5;-2,5;100
67,5;-2;100
67,5;-1,5;100
67,5;-1;100
67,5;-0,5;100
67,5;0;100
67,5;0,5;100
67,5;1;100
67,5;1,5;100
67,5;2;100
67,5;2,5;100
67,5;3;100
67,5;3,5;100
67,5;4;100
67,5;4,5;100
67,5;5;88
67,5;5,5;84
67,5;6;80
67,5;6,5;96
67,5;7;100
67,5;7,5;100
67,5;8;76
67,5;8,5;100
67,5;9;100
67,5;9,5;100
67,5;10;100
67,5;10,5;100
67,5;11;100
67,5;11,5;100
67,5;12;100
67,5;12,5;100
67,5;13;100
67,5;13,5;100
67,5;14;100
67,5;14,5;100
67,5;15;96
67,5;15,5;100
67,5;16;100
67,5;16,5;76
67,5;17;88
67,5;17,5;12
68;-71;0
68;-70,5;52
68;-70;96
68;-69,5;96
68;-69;52
68;-68,5;48
68;-68;40
68;-67,5;0
68;-67;0
68;-66,5;0
68;-66;0
68;-65,5;0
68;-65;0
68;-64;0
68;-63,5;0
68;-63;0
68;-62,5;8
68;-62;36
68;-61,5;36
68;-61;28
68;-60,5;32
68;-60;80
68;-59,5;80
68;-59;96
68;-58,5;100
68;-58;100
68;-57,5;100
68;-57;100
68;-56,5;88
68;-56;72
68;-55,5;64
68;-55;88
68;-54,5;32
68;-54;48
68;-53,5;84
68;-53;76
68;-52,5;56
68;-52;88
68;-51,5;64
68;-51;44
68;-50,5;48
68;-50;20
68;-49,5;72
68;-49;84
68;-48,5;44
68;-48;76
68;-47,5;100
68;-47;88
68;-46,5;84
68;-46;72
68;-45,5;96
68;-45;96
68;-44,5;100
68;-44;92
68;-43,5;16
68;-43;72
68;-42,5;100
68;-42;100
68;-41,5;100
68;-41;100
68;-40,5;100
68;-40;100
68;-39,5;100
68;-39;100
68;-38,5;100
68;-38;100
68;-37,5;100
68;-37;100
68;-36,5;100
68;-36;100
68;-35,5;96
68;-35;100
68;-34,5;100
68;-34;96
68;-33,5;84
68;-33;88
68;-32,5;68
68;-32;64
68;-31,5;80
68;-31;100
68;-30,5;72
68;-30;52
68;-29,5;16
68;-29;32
68;-28,5;0
68;-28;0
68;-27,5;0
68;-27;0
68;-26,5;0
68;-26;0
68;-25,5;0
68;-25;0
68;-24,5;0
68;-24;0
68;-23,5;0
68;-23;0
68;-22,5;0
68;-22;0
68;-21,5;72
68;-21;96
68;-20,5;100
68;-20;100
68;-19,5;100
68;-19;100
68;-18,5;100
68;-18;100
68;-17,5;100
68;-17;100
68;-16,5;100
68;-16;100
68;-15,5;100
68;-15;100
68;-14,5;100
68;-14;100
68;-13,5;100
68;-13;100
68;-12,5;72
68;-12;80
68;-11,5;100
68;-11;100
68;-10,5;100
68;-10;100
68;-9,5;100
68;-9;100
68;-8,5;100
68;-8;100
68;-7,5;100
68;-7;100
68;-6,5;96
68;-6;92
68;-5,5;96
68;-5;100
68;-4,5;100
68;-4;100
68;-3,5;100
68;-3;100
68;-2,5;100
68;-2;96
68;-1,5;100
68;-1;96
68;-0,5;100
68;0;100
68;0,5;100
68;1;100
68;1,5;100
68;2;100
68;2,5;100
68;3;100
68;3,5;96
68;4;100
68;4,5;100
68;5;100
68;5,5;100
68;6;96
68;6,5;100
68;7;88
68;7,5;64
68;8;100
68;8,5;96
68;9;100
68;9,5;100
68;10;96
68;10,5;100
68;11;100
68;11,5;100
68;12;100
68;12,5;100
68;13;96
68;13,5;92
68;14;100
68;14,5;100
68;15;100
68;15,5;96
68;16;96
68;16,5;32
68;17;12
68,5;-70,5;4
68,5;-70;64
68,5;-69,5;72
68,5;-69;48
68,5;-68,5;4
68,5;-68;56
68,5;-67,5;12
68,5;-67;0
68,5;-66,5;0
68,5;-66;0
68,5;-65,5;0
68,5;-64,5;0
68,5;-64;0
68,5;-63,5;0
68,5;-63;0
68,5;-62,5;12
68,5;-62;24
68,5;-61,5;64
68,5;-61;16
68,5;-60,5;16
68,5;-60;28
68,5;-59,5;68
68,5;-59;100
68,5;-58,5;100
68,5;-58;100
68,5;-57,5;76
68,5;-57;100
68,5;-56,5;92
68,5;-56;64
68,5;-55,5;56
68,5;-55;48
68,5;-54,5;64
68,5;-54;52
68,5;-53,5;52
68,5;-53;28
68,5;-52,5;68
68,5;-52;100
68,5;-51,5;84
68,5;-51;16
68,5;-50,5;56
68,5;-50;68
68,5;-49,5;92
68,5;-49;72
68,5;-48,5;64
68,5;-48;88
68,5;-47,5;100
68,5;-47;92
68,5;-46,5;56
68,5;-46;84
68,5;-45,5;84
68,5;-45;96
68,5;-44,5;100
68,5;-44;80
68,5;-43,5;20
68,5;-43;28
68,5;-42,5;88
68,5;-42;96
68,5;-41,5;100
68,5;-41;100
68,5;-40,5;100
68,5;-40;100
68,5;-39,5;100
68,5;-39;100
68,5;-38,5;100
68,5;-38;100
68,5;-37,5;100
68,5;-37;100
68,5;-36,5;100
68,5;-36;96
68,5;-35,5;84
68,5;-35;100
68,5;-34,5;100
68,5;-34;96
68,5;-33,5;92
68,5;-33;52
68,5;-32,5;64
68,5;-32;48
68,5;-31,5;76
68,5;-31;56
68,5;-30,5;36
68,5;-30;0
68,5;-29,5;0
68,5;-29;0
68,5;-28,5;0
68,5;-28;0
68,5;-27,5;0
68,5;-27;0
68,5;-26,5;0
68,5;-26;0
68,5;-25,5;0
68,5;-25;0
68,5;-24,5;0
68,5;-24;0
68,5;-23,5;0
68,5;-23;0
68,5;-22,5;0
68,5;-22;0
68,5;-21,5;4
68,5;-21;92
68,5;-20,5;100
68,5;-20;100
68,5;-19,5;100
68,5;-19;100
68,5;-18,5;100
68,5;-18;100
68,5;-17,5;100
68,5;-17;100
68,5;-16,5;100
68,5;-16;100
68,5;-15,5;100
68,5;-15;100
68,5;-14,5;100
68,5;-14;100
68,5;-13,5;100
68,5;-13;96
68,5;-12,5;48
68,5;-12;44
68,5;-11,5;96
68,5;-11;100
68,5;-10,5;100
68,5;-10;100
68,5;-9,5;100
68,5;-9;100
68,5;-8,5;100
68,5;-8;100
68,5;-7,5;100
68,5;-7;100
68,5;-6,5;100
68,5;-6;100
68,5;-5,5;100
68,5;-5;100
68,5;-4,5;100
68,5;-4;100
68,5;-3,5;96
68,5;-3;100
68,5;-2,5;100
68,5;-2;100
68,5;-1,5;100
68,5;-1;100
68,5;-0,5;100
68,5;0;100
68,5;0,5;92
68,5;1;92
68,5;1,5;92
68,5;2;100
68,5;2,5;100
68,5;3;92
68,5;3,5;100
68,5;4;100
68,5;4,5;96
68,5;5;96
68,5;5,5;100
68,5;6;100
68,5;6,5;100
68,5;7;96
68,5;7,5;96
68,5;8;96
68,5;8,5;96
68,5;9;100
68,5;9,5;96
68,5;10;100
68,5;10,5;100
68,5;11;100
68,5;11,5;100
68,5;12;100
68,5;12,5;100
68,5;13;100
68,5;13,5;88
68,5;14;80
68,5;14,5;100
68,5;15;96
68,5;15,5;100
68,5;16;84
68,5;16,5;12
69;-70;8
69;-69,5;84
69;-69;68
69;-68,5;60
69;-68;12
69;-67,5;12
69;-66;0
69;-65,5;0
69;-65;0
69;-64;0
69;-63,5;0
69;-63;0
69;-62,5;48
69;-62;36
69;-61,5;40
69;-61;28
69;-60,5;16
69;-60;0
69;-59,5;0
69;-59;68
69;-58,5;100
69;-58;92
69;-57,5;72
69;-57;96
69;-56,5;80
69;-56;28
69;-55,5;24
69;-55;36
69;-54,5;40
69;-54;96
69;-53,5;60
69;-53;60
69;-52,5;64
69;-52;88
69;-51,5;88
69;-51;16
69;-50,5;24
69;-50;80
69;-49,5;52
69;-49;36
69;-48,5;20
69;-48;92
69;-47,5;100
69;-47;100
69;-46,5;100
69;-46;100
69;-45,5;100
69;-45;100
69;-44,5;100
69;-44;76
69;-43,5;60
69;-43;72
69;-42,5;84
69;-42;84
69;-41,5;84
69;-41;84
69;-40,5;96
69;-40;100
69;-39,5;100
69;-39;100
69;-38,5;68
69;-38;76
69;-37,5;100
69;-37;100
69;-36,5;60
69;-36;64
69;-35,5;84
69;-35;100
69;-34,5;84
69;-34;40
69;-33,5;28
69;-33;56
69;-32,5;24
69;-32;52
69;-31,5;36
69;-31;4
69;-30,5;0
69;-30;0
69;-29,5;0
69;-29;0
69;-28,5;0
69;-28;0
69;-27,5;0
69;-27;0
69;-26,5;0
69;-26;0
69;-25,5;0
69;-25;0
69;-24,5;0
69;-24;0
69;-23,5;0
69;-23;0
69;-22,5;0
69;-22;0
69;-21,5;0
69;-21;88
69;-20,5;100
69;-20;100
69;-19,5;100
69;-19;100
69;-18,5;100
69;-18;100
69;-17,5;100
69;-17;100
69;-16,5;100
69;-16;100
69;-15,5;100
69;-15;100
69;-14,5;100
69;-14;96
69;-13,5;100
69;-13;100
69;-12,5;84
69;-12;56
69;-11,5;72
69;-11;84
69;-10,5;96
69;-10;100
69;-9,5;100
69;-9;100
69;-8,5;100
69;-8;100
69;-7,5;100
69;-7;100
69;-6,5;96
69;-6;100
69;-5,5;100
69;-5;92
69;-4,5;100
69;-4;100
69;-3,5;100
69;-3;96
69;-2,5;100
69;-2;100
69;-1,5;100
69;-1;100
69;-0,5;100
69;0;92
69;0,5;84
69;1;96
69;1,5;100
69;2;96
69;2,5;92
69;3;84
69;3,5;100
69;4;100
69;4,5;100
69;5;100
69;5,5;100
69;6;96
69;6,5;100
69;7;72
69;7,5;52
69;8;96
69;8,5;56
69;9;88
69;9,5;88
69;10;92
69;10,5;100
69;11;88
69;11,5;92
69;12;100
69;12,5;96
69;13;92
69;13,5;76
69;14;100
69;14,5;100
69;15;64
69;15,5;88
69;16;8
69,5;-69,5;8
69,5;-69;24
69,5;-68,5;24
69,5;-68;12
69,5;-67;0
69,5;-66;0
69,5;-65,5;0
69,5;-65;0
69,5;-64,5;16
69,5;-64;8
69,5;-63,5;12
69,5;-63;0
69,5;-62,5;12
69,5;-62;40
69,5;-61,5;36
69,5;-61;28
69,5;-60,5;4
69,5;-60;0
69,5;-59,5;0
69,5;-59;16
69,5;-58,5;40
69,5;-58;80
69,5;-57,5;56
69,5;-57;64
69,5;-56,5;20
69,5;-56;0
69,5;-55;28
69,5;-54,5;60
69,5;-54;76
69,5;-53,5;76
69,5;-53;92
69,5;-52,5;64
69,5;-52;40
69,5;-51,5;0
69,5;-51;4
69,5;-50,5;0
69,5;-50;48
69,5;-49,5;68
69,5;-49;48
69,5;-48,5;4
69,5;-48;36
69,5;-47,5;96
69,5;-47;100
69,5;-46,5;100
69,5;-46;92
69,5;-45,5;100
69,5;-45;100
69,5;-44,5;64
69,5;-44;96
69,5;-43,5;56
69,5;-43;56
69,5;-42,5;36
69,5;-42;24
69,5;-41,5;12
69,5;-41;24
69,5;-40,5;92
69,5;-40;96
69,5;-39,5;84
69,5;-39;100
69,5;-38,5;48
69,5;-38;72
69,5;-37,5;96
69,5;-37;76
69,5;-36,5;8
69,5;-36;40
69,5;-35,5;68
69,5;-35;56
69,5;-34,5;24
69,5;-34;8
69,5;-32,5;0
69,5;-32;12
69,5;-31,5;0
69,5;-31;0
69,5;-30,5;0
69,5;-30;0
69,5;-29,5;0
69,5;-29;0
69,5;-28,5;0
69,5;-28;0
69,5;-27,5;0
69,5;-27;0
69,5;-26,5;0
69,5;-25,5;0
69,5;-25;0
69,5;-24,5;0
69,5;-24;0
69,5;-23,5;0
69,5;-23;0
69,5;-22,5;0
69,5;-22;0
69,5;-21,5;0
69,5;-21;24
69,5;-20,5;52
69,5;-20;88
69,5;-19,5;100
69,5;-19;100
69,5;-18,5;100
69,5;-18;100
69,5;-17,5;100
69,5;-17;100
69,5;-16,5;100
69,5;-16;100
69,5;-15,5;100
69,5;-15;100
69,5;-14,5;96
69,5;-14;100
69,5;-13,5;100
69,5;-13;96
69,5;-12,5;60
69,5;-12;52
69,5;-11,5;68
69,5;-11;80
69,5;-10,5;92
69,5;-10;100
69,5;-9,5;100
69,5;-9;100
69,5;-8,5;100
69,5;-8;100
69,5;-7,5;88
69,5;-7;80
69,5;-6,5;44
69,5;-6;32
69,5;-5,5;64
69,5;-5;96
69,5;-4,5;100
69,5;-4;88
69,5;-3,5;92
69,5;-3;88
69,5;-2,5;96
69,5;-2;84
69,5;-1,5;96
69,5;-1;100
69,5;-0,5;100
69,5;0;96
69,5;0,5;72
69,5;1;96
69,5;1,5;92
69,5;2;88
69,5;2,5;92
69,5;3;88
69,5;3,5;80
69,5;4;76
69,5;4,5;92
69,5;5;92
69,5;5,5;84
69,5;6;92
69,5;6,5;96
69,5;7;48
69,5;7,5;68
69,5;8;80
69,5;8,5;84
69,5;9;92
69,5;9,5;92
69,5;10;80
69,5;10,5;76
69,5;11;68
69,5;11,5;52
69,5;12;68
69,5;12,5;92
69,5;13;76
69,5;13,5;80
69,5;14;88
69,5;14,5;96
69,5;15;56
69,5;15,5;8
70;-68;0
70;-67,5;0
70;-67;0
70;-66;0
70;-65,5;16
70;-65;52
70;-64,5;80
70;-64;52
70;-63,5;28
70;-63;4
70;-62,5;0
70;-62;4
70;-61,5;32
70;-61;48
70;-60,5;32
70;-60;4
70;-59,5;0
70;-59;0
70;-58,5;16
70;-58;60
70;-57,5;40
70;-57;24
70;-56,5;0
70;-55;56
70;-54,5;100
70;-54;60
70;-53,5;36
70;-53;64
70;-52,5;40
70;-52;0
70;-51,5;4
70;-51;8
70;-50,5;8
70;-50;28
70;-49,5;52
70;-49;16
70;-48,5;12
70;-48;0
70;-47,5;28
70;-47;32
70;-46,5;28
70;-46;0
70;-45,5;8
70;-45;0
70;-44,5;8
70;-44;80
70;-43,5;96
70;-43;68
70;-42,5;40
70;-42;0
70;-41,5;0
70;-41;24
70;-40,5;76
70;-40;72
70;-39,5;68
70;-39;64
70;-38,5;56
70;-38;64
70;-37,5;68
70;-37;48
70;-36,5;36
70;-36;56
70;-35,5;84
70;-35;92
70;-34,5;68
70;-34;0
70;-33,5;0
70;-33;0
70;-32,5;0
70;-32;0
70;-31;0
70;-29;0
70;-28,5;0
70;-28;0
70;-27,5;0
70;-27;0
70;-26,5;0
70;-26;0
70;-25,5;0
70;-25;0
70;-24,5;0
70;-24;0
70;-23,5;0
70;-23;0
70;-22,5;0
70;-22;0
70;-21,5;0
70;-21;0
70;-20,5;0
70;-20;24
70;-19,5;100
70;-19;92
70;-18,5;100
70;-18;100
70;-17,5;100
70;-17;100
70;-16,5;100
70;-16;100
70;-15,5;100
70;-15;100
70;-14,5;100
70;-14;100
70;-13,5;100
70;-13;92
70;-12,5;100
70;-12;76
70;-11,5;52
70;-11;52
70;-10,5;36
70;-10;84
70;-9,5;92
70;-9;100
70;-8,5;100
70;-8;68
70;-7,5;44
70;-6;8
70;-5,5;76
70;-5;100
70;-4,5;96
70;-4;92
70;-3,5;100
70;-3;100
70;-2,5;96
70;-2;100
70;-1,5;68
70;-1;68
70;-0,5;88
70;0;88
70;0,5;84
70;1;88
70;1,5;96
70;2;100
70;2,5;100
70;3;96
70;3,5;92
70;4;76
70;4,5;88
70;5;16
70;5,5;32
70;6;96
70;6,5;84
70;7;36
70;7,5;64
70;8;88
70;8,5;100
70;9;96
70;9,5;88
70;10;72
70;10,5;76
70;11;28
70;11,5;76
70;12;80
70;12,5;100
70;13;100
70;13,5;96
70;14;96
70;14,5;56
70,5;-68;0
70,5;-67,5;0
70,5;-67;0
70,5;-66;4
70,5;-65,5;36
70,5;-65;88
70,5;-64,5;92
70,5;-64;20
70,5;-63,5;12
70,5;-63;0
70,5;-62,5;0
70,5;-62;44
70,5;-61,5;100
70,5;-61;36
70,5;-60,5;0
70,5;-60;0
70,5;-59,5;0
70,5;-59;4
70,5;-58,5;16
70,5;-58;56
70,5;-57,5;20
70,5;-57;0
70,5;-56,5;8
70,5;-56;64
70,5;-55,5;72
70,5;-55;68
70,5;-54,5;52
70,5;-54;76
70,5;-53,5;76
70,5;-53;16
70,5;-52,5;16
70,5;-52;8
70,5;-51,5;8
70,5;-51;0
70,5;-50,5;0
70,5;-50;0
70,5;-49,5;32
70,5;-49;36
70,5;-48,5;12
70,5;-48;4
70,5;-47,5;0
70,5;-47;0
70,5;-46,5;8
70,5;-46;0
70,5;-45,5;0
70,5;-45;4
70,5;-44,5;36
70,5;-44;84
70,5;-43,5;100
70,5;-43;92
70,5;-42,5;32
70,5;-42;0
70,5;-41,5;0
70,5;-41;24
70,5;-40,5;80
70,5;-40;100
70,5;-39,5;72
70,5;-39;24
70,5;-38,5;16
70,5;-38;48
70,5;-37,5;20
70,5;-37;20
70,5;-36,5;68
70,5;-36;92
70,5;-35,5;100
70,5;-35;60
70,5;-34,5;72
70,5;-34;40
70,5;-33;0
70,5;-32,5;0
70,5;-32;0
70,5;-31,5;0
70,5;-31;0
70,5;-30,5;0
70,5;-30;0
70,5;-29,5;0
70,5;-29;0
70,5;-27;0
70,5;-26,5;0
70,5;-26;0
70,5;-25,5;0
70,5;-25;0
70,5;-24;0
70,5;-23,5;0
70,5;-23;0
70,5;-22,5;0
70,5;-22;0
70,5;-21,5;0
70,5;-21;0
70,5;-20,5;0
70,5;-20;4
70,5;-19,5;44
70,5;-19;56
70,5;-18,5;84
70,5;-18;100
70,5;-17,5;100
70,5;-17;100
70,5;-16,5;100
70,5;-16;100
70,5;-15,5;96
70,5;-15;100
70,5;-14,5;96
70,5;-14;92
70,5;-13,5;96
70,5;-13;84
70,5;-12,5;92
70,5;-12;68
70,5;-11,5;12
70,5;-11;0
70,5;-10,5;8
70,5;-10;40
70,5;-9,5;16
70,5;-9;48
70,5;-8,5;48
70,5;-8;12
70,5;-7,5;0
70,5;-7;0
70,5;-6,5;0
70,5;-6;0
70,5;-5,5;52
70,5;-5;92
70,5;-4,5;92
70,5;-4;100
70,5;-3,5;100
70,5;-3;100
70,5;-2,5;92
70,5;-2;88
70,5;-1,5;44
70,5;-1;68
70,5;-0,5;72
70,5;0;64
70,5;0,5;92
70,5;1;76
70,5;1,5;100
70,5;2;84
70,5;2,5;92
70,5;3;92
70,5;3,5;92
70,5;4;56
70,5;4,5;12
70,5;5;52
70,5;5,5;76
70,5;6;84
70,5;6,5;80
70,5;7;28
70,5;7,5;32
70,5;8;44
70,5;8,5;72
70,5;9;100
70,5;9,5;76
70,5;10;76
70,5;10,5;60
70,5;11;24
70,5;11,5;80
70,5;12;76
70,5;12,5;80
70,5;13;96
70,5;13,5;96
70,5;14;44
71;-66,5;4
71;-66;24
71;-65,5;60
71;-65;84
71;-64,5;72
71;-64;48
71;-63,5;12
71;-63;0
71;-62,5;4
71;-62;76
71;-61,5;96
71;-61;16
71;-60,5;0
71;-60;0
71;-59,5;8
71;-59;20
71;-58,5;40
71;-58;36
71;-57,5;44
71;-57;24
71;-56,5;44
71;-56;92
71;-55,5;60
71;-55;88
71;-54,5;44
71;-54;64
71;-53,5;64
71;-53;68
71;-52,5;16
71;-52;0
71;-51;20
71;-50,5;20
71;-50;56
71;-49,5;84
71;-49;36
71;-48,5;36
71;-48;24
71;-47,5;0
71;-47;0
71;-46,5;0
71;-46;52
71;-45,5;60
71;-45;4
71;-44,5;0
71;-44;8
71;-43,5;64
71;-43;92
71;-42,5;8
71;-41;40
71;-40,5;76
71;-40;100
71;-39,5;16
71;-39;0
71;-38,5;4
71;-38;12
71;-37,5;12
71;-36,5;48
71;-36;96
71;-35,5;80
71;-35;92
71;-34,5;88
71;-34;28
71;-33,5;0
71;-32,5;0
71;-32;0
71;-31,5;0
71;-30,5;0
71;-30;0
71;-29,5;0
71;-29;0
71;-28,5;0
71;-28;0
71;-27,5;0
71;-27;0
71;-26,5;0
71;-26;0
71;-25,5;0
71;-25;0
71;-24,5;0
71;-24;0
71;-23,5;0
71;-23;0
71;-22,5;0
71;-22;0
71;-20,5;0
71;-20;0
71;-19,5;0
71;-19;0
71;-18,5;8
71;-18;56
71;-17,5;96
71;-17;96
71;-16,5;100
71;-16;96
71;-15,5;88
71;-15;96
71;-14,5;100
71;-14;92
71;-13,5;72
71;-13;72
71;-12,5;12
71;-12;8
71;-11,5;0
71;-11;0
71;-10,5;0
71;-10;0
71;-9,5;0
71;-9;0
71;-8,5;0
71;-8;0
71;-7,5;0
71;-7;0
71;-6,5;0
71;-6;0
71;-5,5;0
71;-5;76
71;-4,5;64
71;-4;68
71;-3,5;80
71;-3;84
71;-2,5;96
71;-2;80
71;-1,5;4
71;-1;24
71;-0,5;44
71;0;44
71;0,5;32
71;1;28
71;1,5;64
71;2;72
71;2,5;92
71;3;60
71;3,5;76
71;4;68
71;4,5;44
71;5;68
71;5,5;64
71;6;28
71;6,5;68
71;7;60
71;7,5;0
71;8;24
71;8,5;80
71;9;80
71;9,5;60
71;10;84
71;10,5;72
71;11;40
71;11,5;48
71;12;84
71;12,5;84
71;13;84
71;13,5;16
71,5;-66,5;12
71,5;-66;52
71,5;-65,5;68
71,5;-65;88
71,5;-64,5;92
71,5;-64;76
71,5;-63,5;44
71,5;-63;32
71,5;-62,5;72
71,5;-62;92
71,5;-61,5;44
71,5;-61;0
71,5;-60,5;0
71,5;-60;0
71,5;-59,5;0
71,5;-59;8
71,5;-58,5;4
71,5;-58;28
71,5;-57,5;28
71,5;-57;28
71,5;-56,5;72
71,5;-56;96
71,5;-55,5;84
71,5;-55;96
71,5;-54,5;88
71,5;-54;56
71,5;-53,5;72
71,5;-53;64
71,5;-52,5;20
71,5;-52;0
71,5;-51,5;0
71,5;-51;0
71,5;-50,5;0
71,5;-50;24
71,5;-49,5;56
71,5;-49;24
71,5;-48,5;32
71,5;-48;12
71,5;-47,5;40
71,5;-47;24
71,5;-46,5;24
71,5;-46;36
71,5;-45,5;88
71,5;-45;84
71,5;-44,5;28
71,5;-44;52
71,5;-43,5;32
71,5;-43;16
71,5;-41;0
71,5;-40,5;8
71,5;-40;60
71,5;-39,5;28
71,5;-39;0
71,5;-38,5;20
71,5;-38;12
71,5;-37,5;0
71,5;-36,5;8
71,5;-36;52
71,5;-35,5;88
71,5;-35;56
71,5;-34,5;80
71,5;-34;20
71,5;-31,5;0
71,5;-31;0
71,5;-30,5;0
71,5;-30;0
71,5;-29,5;0
71,5;-29;0
71,5;-28,5;0
71,5;-28;0
71,5;-27,5;0
71,5;-26,5;0
71,5;-26;0
71,5;-25,5;0
71,5;-25;0
71,5;-24,5;0
71,5;-24;0
71,5;-23,5;0
71,5;-23;0
71,5;-22,5;0
71,5;-21;0
71,5;-20,5;0
71,5;-20;0
71,5;-19,5;0
71,5;-19;0
71,5;-18;16
71,5;-17,5;100
71,5;-17;56
71,5;-16,5;68
71,5;-16;68
71,5;-15,5;64
71,5;-15;52
71,5;-14,5;16
71,5;-14;8
71,5;-13,5;0
71,5;-13;20
71,5;-12,5;0
71,5;-12;0
71,5;-11,5;0
71,5;-11;0
71,5;-10,5;0
71,5;-10;0
71,5;-9,5;0
71,5;-9;0
71,5;-8,5;0
71,5;-8;0
71,5;-7,5;0
71,5;-7;0
71,5;-6,5;0
71,5;-6;0
71,5;-5,5;0
71,5;-5;0
71,5;-4,5;0
71,5;-4;0
71,5;-3,5;8
71,5;-3;0
71,5;-2,5;32
71,5;-2;72
71,5;-1,5;0
71,5;-1;0
71,5;-0,5;4
71,5;0;8
71,5;0,5;20
71,5;1;24
71,5;1,5;80
71,5;2;56
71,5;2,5;88
71,5;3;72
71,5;3,5;72
71,5;4;28
71,5;4,5;72
71,5;5;40
71,5;5,5;36
71,5;6;24
71,5;6,5;36
71,5;7;44
71,5;7,5;8
71,5;8,5;68
71,5;9;84
71,5;9,5;60
71,5;10;28
71,5;10,5;68
71,5;11;64
71,5;11,5;72
71,5;12;72
71,5;12,5;56
71,5;13;4
72;-66;12
72;-65,5;44
72;-65;84
72;-64,5;100
72;-64;84
72;-63,5;60
72;-63;68
72;-62,5;32
72;-62;44
72;-61,5;16
72;-61;4
72;-60,5;0
72;-60;32
72;-59,5;4
72;-59;40
72;-58,5;32
72;-58;64
72;-57,5;76
72;-57;72
72;-56,5;44
72;-56;48
72;-55,5;76
72;-55;96
72;-54,5;80
72;-54;80
72;-53,5;24
72;-53;52
72;-52,5;16
72;-52;0
72;-51,5;0
72;-51;0
72;-50,5;0
72;-50;12
72;-49,5;80
72;-49;56
72;-48,5;36
72;-48;8
72;-47,5;32
72;-47;48
72;-46,5;60
72;-46;76
72;-45,5;72
72;-45;100
72;-44,5;64
72;-44;76
72;-43,5;76
72;-43;80
72;-42,5;68
72;-42;52
72;-41;0
72;-39,5;0
72;-39;12
72;-38,5;40
72;-38;52
72;-37,5;12
72;-37;0
72;-36,5;0
72;-36;24
72;-35,5;44
72;-35;4
72;-34,5;12
72;-34;4
72;-33,5;0
72;-33;0
72;-32,5;0
72;-31,5;0
72;-31;0
72;-29;0
72;-28,5;0
72;-28;44
72;-27,5;56
72;-27;4
72;-26;0
72;-25,5;0
72;-25;0
72;-24,5;0
72;-24;0
72;-23,5;0
72;-23;0
72;-22,5;0
72;-21;0
72;-20,5;0
72;-20;0
72;-19,5;0
72;-19;0
72;-18;4
72;-17,5;44
72;-17;40
72;-16,5;36
72;-16;36
72;-15;0
72;-14,5;0
72;-14;0
72;-13,5;0
72;-13;0
72;-12,5;0
72;-12;0
72;-10,5;0
72;-10;0
72;-9;0
72;-8,5;0
72;-8;0
72;-7,5;0
72;-7;0
72;-6,5;0
72;-6;0
72;-5,5;0
72;-5;0
72;-4,5;0
72;-4;0
72;-3,5;0
72;-3;0
72;-2,5;0
72;-2;4
72;-1,5;0
72;-1;16
72;-0,5;60
72;0;36
72;0,5;8
72;1;20
72;1,5;44
72;2;72
72;2,5;96
72;3;100
72;3,5;36
72;4;44
72;4,5;52
72;5;44
72;5,5;64
72;6;48
72;6,5;84
72;7;64
72;7,5;44
72;8;24
72;8,5;72
72;9;80
72;9,5;56
72;10;76
72;10,5;40
72;11;92
72;11,5;52
72;12;12
72,5;-65,5;32
72,5;-65;36
72,5;-64,5;100
72,5;-64;80
72,5;-63,5;68
72,5;-63;40
72,5;-62,5;16
72,5;-62;20
72,5;-61,5;0
72,5;-61;32
72,5;-60,5;48
72,5;-60;24
72,5;-59,5;32
72,5;-59;52
72,5;-58,5;44
72,5;-58;92
72,5;-57,5;52
72,5;-57;60
72,5;-56,5;0
72,5;-56;0
72,5;-55,5;20
72,5;-55;92
72,5;-54,5;100
72,5;-54;40
72,5;-52;16
72,5;-50;52
72,5;-49,5;48
72,5;-49;32
72,5;-47;12
72,5;-46,5;72
72,5;-46;84
72,5;-45,5;96
72,5;-45;96
72,5;-44,5;92
72,5;-44;100
72,5;-43,5;100
72,5;-43;88
72,5;-42,5;36
72,5;-42;12
72,5;-40;4
72,5;-39,5;20
72,5;-38,5;0
72,5;-38;0
72,5;-37,5;0
72,5;-37;0
72,5;-36,5;0
72,5;-35,5;0
72,5;-34,5;0
72,5;-34;0
72,5;-33,5;0
72,5;-33;0
72,5;-32,5;0
72,5;-32;0
72,5;-31,5;0
72,5;-29;0
72,5;-28,5;0
72,5;-28;64
72,5;-27,5;92
72,5;-27;60
72,5;-26,5;24
72,5;-26;20
72,5;-25,5;16
72,5;-25;0
72,5;-24,5;0
72,5;-24;0
72,5;-23,5;0
72,5;-23;0
72,5;-22,5;0
72,5;-20;0
72,5;-17,5;0
72,5;-14;0
72,5;-13,5;0
72,5;-13;0
72,5;-12,5;0
72,5;-12;0
72,5;-11,5;0
72,5;-11;0
72,5;-10,5;0
72,5;-8,5;0
72,5;-7,5;0
72,5;-7;0
72,5;-6,5;0
72,5;-6;0
72,5;-5,5;0
72,5;-5;0
72,5;-4,5;0
72,5;-4;0
72,5;-3,5;0
72,5;-3;0
72,5;-2,5;0
72,5;-2;0
72,5;-1,5;0
72,5;-1;28
72,5;-0,5;36
72,5;0;36
72,5;0,5;28
72,5;1;4
72,5;1,5;0
72,5;2;40
72,5;2,5;100
72,5;3;88
72,5;3,5;36
72,5;4;20
72,5;4,5;36
72,5;5;52
72,5;5,5;36
72,5;6;80
72,5;6,5;72
72,5;7;28
72,5;7,5;8
72,5;8;76
72,5;8,5;44
72,5;9;64
72,5;9,5;32
72,5;10;28
72,5;10,5;68
72,5;11;24
73;-65;12
73;-64,5;76
73;-64;88
73;-63,5;76
73;-63;16
73;-62,5;16
73;-62;28
73;-61,5;0
73;-61;4
73;-60,5;12
73;-60;28
73;-59,5;0
73;-59;48
73;-58,5;68
73;-58;68
73;-57,5;76
73;-57;68
73;-56,5;4
73;-56;0
73;-55;12
73;-54,5;20
73;-54;4
73;-53,5;0
73;-53;0
73;-52,5;8
73;-52;20
73;-50,5;12
73;-50;44
73;-49,5;56
73;-49;40
73;-47,5;4
73;-47;12
73;-46,5;24
73;-46;64
73;-45,5;72
73;-45;84
73;-44,5;96
73;-44;100
73;-43,5;96
73;-43;84
73;-42,5;52
73;-42;24
73;-39,5;20
73;-39;0
73;-36;0
73;-35,5;0
73;-34,5;0
73;-34;0
73;-33,5;0
73;-33;0
73;-32,5;0
73;-32;0
73;-31,5;0
73;-31;0
73;-30,5;0
73;-30;4
73;-29,5;28
73;-29;12
73;-28,5;12
73;-28;64
73;-27,5;88
73;-27;96
73;-26,5;96
73;-26;96
73;-25,5;64
73;-25;0
73;-24,5;0
73;-24;0
73;-23,5;4
73;-23;0
73;-22,5;0
73;-22;0
73;-21,5;0
73;-21;0
73;-18,5;0
73;-18;0
73;-17,5;0
73;-17;0
73;-16,5;0
73;-16;0
73;-15,5;0
73;-15;0
73;-14,5;0
73;-14;0
73;-13,5;0
73;-13;0
73;-12,5;0
73;-12;0
73;-11,5;0
73;-11;0
73;-10,5;0
73;-10;0
73;-9,5;0
73;-9;0
73;-8,5;0
73;-8;0
73;-6,5;0
73;-6;0
73;-5;0
73;-4,5;0
73;-4;0
73;-3,5;0
73;-3;0
73;-2,5;0
73;-2;0
73;-1,5;0
73;-1;0
73;-0,5;0
73;0;24
73;0,5;4
73;1;0
73;1,5;40
73;2;88
73;2,5;92
73;3;80
73;3,5;24
73;4;0
73;4,5;8
73;5;44
73;5,5;76
73;6;88
73;6,5;84
73;7;32
73;7,5;0
73;8;60
73;8,5;36
73;9;64
73;9,5;48
73;10;8
73,5;-64,5;4
73,5;-64;32
73,5;-63,5;52
73,5;-61,5;0
73,5;-61;0
73,5;-60,5;0
73,5;-60;20
73,5;-59,5;4
73,5;-59;12
73,5;-58,5;16
73,5;-58;36
73,5;-57,5;76
73,5;-57;28
73,5;-56,5;0
73,5;-56;0
73,5;-55,5;0
73,5;-55;0
73,5;-54,5;0
73,5;-54;0
73,5;-53,5;0
73,5;-53;0
73,5;-52,5;0
73,5;-52;0
73,5;-51,5;4
73,5;-50,5;0
73,5;-50;4
73,5;-49,5;56
73,5;-49;72
73,5;-48,5;16
73,5;-47,5;16
73,5;-47;20
73,5;-46,5;12
73,5;-46;0
73,5;-45,5;44
73,5;-45;88
73,5;-44,5;100
73,5;-44;100
73,5;-43,5;100
73,5;-43;100
73,5;-42,5;76
73,5;-42;12
73,5;-41;0
73,5;-40,5;0
73,5;-40;0
73,5;-39,5;0
73,5;-39;0
73,5;-37;0
73,5;-36;0
73,5;-35,5;0
73,5;-34,5;0
73,5;-34;0
73,5;-33,5;0
73,5;-33;0
73,5;-32,5;0
73,5;-32;0
73,5;-31,5;0
73,5;-31;24
73,5;-30,5;40
73,5;-30;36
73,5;-29,5;88
73,5;-29;76
73,5;-28,5;88
73,5;-28;96
73,5;-27,5;100
73,5;-27;100
73,5;-26,5;92
73,5;-26;92
73,5;-25,5;88
73,5;-25;20
73,5;-24,5;8
73,5;-24;36
73,5;-23,5;92
73,5;-23;12
73,5;-22,5;0
73,5;-22;0
73,5;-21,5;0
73,5;-21;0
73,5;-18,5;0
73,5;-18;0
73,5;-17,5;0
73,5;-17;0
73,5;-16,5;0
73,5;-16;0
73,5;-15,5;0
73,5;-15;0
73,5;-14,5;0
73,5;-14;0
73,5;-13,5;0
73,5;-13;0
73,5;-12;0
73,5;-11,5;0
73,5;-11;0
73,5;-10,5;0
73,5;-10;0
73,5;-9,5;0
73,5;-9;0
73,5;-8,5;0
73,5;-8;0
73,5;-6;0
73,5;-5,5;0
73,5;-5;0
73,5;-4,5;0
73,5;-4;0
73,5;-3,5;0
73,5;-3;0
73,5;-2,5;0
73,5;-2;0
73,5;-1,5;0
73,5;-1;0
73,5;-0,5;0
73,5;0;4
73,5;0,5;48
73,5;1;64
73,5;1,5;84
73,5;2;92
73,5;2,5;80
73,5;3;100
73,5;3,5;24
73,5;4;0
73,5;4,5;16
73,5;5;56
73,5;5,5;20
73,5;6;60
73,5;6,5;20
73,5;7;0
73,5;7,5;4
73,5;8;32
73,5;8,5;8
73,5;9;8
74;-63,5;8
74;-61;0
74;-60,5;0
74;-60;4
74;-59,5;4
74;-59;0
74;-58,5;0
74;-57,5;20
74;-56;0
74;-55,5;0
74;-55;0
74;-54,5;0
74;-54;0
74;-53,5;0
74;-53;0
74;-52,5;0
74;-52;0
74;-51,5;24
74;-51;32
74;-50,5;12
74;-50;0
74;-49,5;28
74;-49;64
74;-48,5;44
74;-47,5;12
74;-47;0
74;-46,5;0
74;-46;28
74;-45,5;68
74;-45;100
74;-44,5;100
74;-44;100
74;-43,5;100
74;-43;88
74;-42,5;64
74;-42;60
74;-41,5;40
74;-41;80
74;-40,5;32
74;-40;0
74;-39,5;16
74;-39;4
74;-37;0
74;-36,5;0
74;-36;0
74;-35,5;0
74;-35;0
74;-34,5;0
74;-34;0
74;-33,5;0
74;-33;0
74;-32,5;0
74;-32;0
74;-31;44
74;-30,5;88
74;-30;92
74;-29,5;96
74;-29;84
74;-28,5;92
74;-28;100
74;-27,5;96
74;-27;88
74;-26,5;84
74;-26;92
74;-25,5;88
74;-25;92
74;-24,5;88
74;-24;100
74;-23,5;92
74;-23;52
74;-22;0
74;-21,5;0
74;-18,5;0
74;-17,5;0
74;-16,5;0
74;-16;0
74;-15,5;0
74;-15;0
74;-14,5;0
74;-14;0
74;-13,5;0
74;-13;0
74;-11,5;12
74;-11;24
74;-10,5;0
74;-10;0
74;-9;0
74;-8,5;0
74;-7;0
74;-6,5;0
74;-6;0
74;-5,5;0
74;-5;0
74;-4,5;0
74;-3,5;0
74;-3;0
74;-2;0
74;-1,5;32
74;-1;80
74;-0,5;40
74;0;44
74;0,5;60
74;1;84
74;1,5;92
74;2;80
74;2,5;96
74;3;100
74;3,5;40
74;4;0
74;4,5;20
74;5;8
74;5,5;0
74;6;36
74;6,5;40
74;7;4
74;7,5;12
74;8;16
74,5;-61;0
74,5;-60,5;0
74,5;-60;0
74,5;-59,5;0
74,5;-59;0
74,5;-58,5;0
74,5;-50,5;0
74,5;-50;0
74,5;-49;0
74,5;-48,5;0
74,5;-48;0
74,5;-47,5;0
74,5;-47;0
74,5;-46,5;4
74,5;-46;72
74,5;-45,5;72
74,5;-45;92
74,5;-44,5;88
74,5;-44;100
74,5;-43,5;92
74,5;-43;96
74,5;-42,5;96
74,5;-42;100
74,5;-41,5;100
74,5;-41;100
74,5;-40,5;100
74,5;-40;88
74,5;-39,5;16
74,5;-39;4
74,5;-38,5;0
74,5;-36,5;0
74,5;-36;0
74,5;-35,5;0
74,5;-35;0
74,5;-34,5;0
74,5;-34;0
74,5;-33,5;0
74,5;-33;0
74,5;-32,5;0
74,5;-32;0
74,5;-31,5;8
74,5;-31;12
74,5;-30,5;88
74,5;-30;100
74,5;-29,5;100
74,5;-29;100
74,5;-28,5;100
74,5;-28;100
74,5;-27,5;100
74,5;-27;80
74,5;-26,5;92
74,5;-26;96
74,5;-25,5;92
74,5;-25;100
74,5;-24,5;100
74,5;-24;100
74,5;-23,5;92
74,5;-23;16
74,5;-22;0
74,5;-21,5;0
74,5;-18,5;0
74,5;-17,5;0
74,5;-16,5;0
74,5;-16;0
74,5;-15,5;0
74,5;-15;0
74,5;-14,5;0
74,5;-14;0
74,5;-13,5;0
74,5;-13;20
74,5;-12,5;12
74,5;-12;4
74,5;-11,5;32
74,5;-11;80
74,5;-10,5;16
74,5;-9,5;0
74,5;-9;0
74,5;-8,5;0
74,5;-8;0
74,5;-7,5;0
74,5;-6;0
74,5;-5,5;0
74,5;-5;0
74,5;-4,5;0
74,5;-4;0
74,5;-2,5;0
74,5;-2;0
74,5;-1,5;40
74,5;-1;76
74,5;-0,5;72
74,5;0;80
74,5;0,5;92
74,5;1;88
74,5;1,5;72
74,5;2;76
74,5;2,5;68
74,5;3;56
74,5;3,5;36
74,5;4,5;20
74,5;5;8
74,5;5,5;52
74,5;6;72
74,5;6,5;40
74,5;7;0
75;-60;4
75;-59,5;16
75;-57;0
75;-56,5;0
75;-56;0
75;-55,5;0
75;-51,5;16
75;-49,5;0
75;-48,5;0
75;-48;0
75;-47;0
75;-46,5;24
75;-46;80
75;-45,5;92
75;-45;96
75;-44,5;88
75;-44;96
75;-43,5;84
75;-43;100
75;-42,5;100
75;-42;100
75;-41,5;100
75;-41;100
75;-40,5;100
75;-40;100
75;-39,5;92
75;-39;52
75;-38,5;28
75;-38;12
75;-37,5;0
75;-37;0
75;-36;4
75;-35,5;4
75;-35;0
75;-34,5;0
75;-34;0
75;-33;0
75;-32,5;0
75;-32;16
75;-31,5;96
75;-31;72
75;-30,5;76
75;-30;100
75;-29,5;96
75;-29;92
75;-28,5;100
75;-28;100
75;-27,5;100
75;-27;100
75;-26,5;100
75;-26;100
75;-25,5;100
75;-25;100
75;-24,5;100
75;-24;100
75;-23,5;92
75;-23;52
75;-22;0
75;-21,5;0
75;-19,5;0
75;-19;0
75;-15,5;0
75;-15;0
75;-14,5;0
75;-14;0
75;-13,5;0
75;-13;96
75;-12,5;80
75;-12;64
75;-11,5;68
75;-11;92
75;-10,5;40
75;-9;0
75;-6;0
75;-5,5;0
75;-3,5;0
75;-3;0
75;-2,5;0
75;-2;16
75;-1,5;12
75;-1;44
75;-0,5;80
75;0;88
75;0,5;96
75;1;72
75;1,5;76
75;2;64
75;2,5;64
75;3;84
75;3,5;20
75;4,5;20
75;5;8
75,5;-60;8
75,5;-59,5;8
75,5;-58,5;8
75,5;-58;4
75,5;-57,5;44
75,5;-57;12
75,5;-56,5;0
75,5;-56;0
75,5;-55,5;0
75,5;-47,5;4
75,5;-47;44
75,5;-46,5;84
75,5;-46;96
75,5;-45,5;80
75,5;-45;88
75,5;-44,5;80
75,5;-44;92
75,5;-43,5;100
75,5;-43;92
75,5;-42,5;84
75,5;-42;100
75,5;-41,5;100
75,5;-41;100
75,5;-40,5;100
75,5;-40;100
75,5;-39,5;100
75,5;-39;100
75,5;-38,5;96
75,5;-38;88
75,5;-37,5;20
75,5;-37;0
75,5;-36,5;12
75,5;-36;56
75,5;-35,5;64
75,5;-35;24
75,5;-34,5;8
75,5;-34;24
75,5;-33,5;0
75,5;-32,5;0
75,5;-32;24
75,5;-31,5;76
75,5;-31;76
75,5;-30,5;92
75,5;-30;76
75,5;-29,5;100
75,5;-29;100
75,5;-28,5;88
75,5;-28;100
75,5;-27,5;100
75,5;-27;96
75,5;-26,5;100
75,5;-26;100
75,5;-25,5;100
75,5;-25;100
75,5;-24,5;100
75,5;-24;100
75,5;-23,5;44
75,5;-23;12
75,5;-22,5;4
75,5;-21,5;8
75,5;-21;8
75,5;-20,5;12
75,5;-19;0
75,5;-18,5;0
75,5;-18;0
75,5;-17;0
75,5;-16,5;0
75,5;-16;0
75,5;-15,5;0
75,5;-15;0
75,5;-14,5;60
75,5;-14;40
75,5;-13,5;28
75,5;-13;76
75,5;-12,5;88
75,5;-12;40
75,5;-11,5;96
75,5;-11;92
75,5;-10,5;72
75,5;-10;24
75,5;-8,5;20
75,5;-7;0
75,5;-6;0
75,5;-3,5;0
75,5;-3;0
75,5;-2,5;0
75,5;-2;0
75,5;-1,5;8
75,5;-1;60
75,5;-0,5;72
75,5;0;52
75,5;0,5;60
75,5;1;56
75,5;1,5;52
75,5;2;48
75,5;2,5;28
75,5;3;16
76;-57,5;8
76;-56,5;20
76;-48;24
76;-47,5;12
76;-47;68
76;-46,5;100
76;-46;96
76;-45,5;100
76;-45;88
76;-44,5;88
76;-44;100
76;-43,5;100
76;-43;92
76;-42,5;92
76;-42;100
76;-41,5;100
76;-41;100
76;-40,5;88
76;-40;84
76;-39,5;100
76;-39;100
76;-38,5;100
76;-38;96
76;-37,5;36
76;-36;28
76;-35,5;84
76;-35;88
76;-34,5;84
76;-34;72
76;-33,5;36
76;-33;8
76;-32;0
76;-31,5;40
76;-31;64
76;-30,5;100
76;-30;100
76;-29,5;100
76;-29;92
76;-28,5;80
76;-28;100
76;-27,5;92
76;-27;96
76;-26,5;100
76;-26;100
76;-25,5;88
76;-25;92
76;-24,5;96
76;-24;88
76;-23,5;60
76;-23;72
76;-22,5;56
76;-22;48
76;-21,5;48
76;-21;76
76;-20,5;68
76;-20;40
76;-19,5;8
76;-17;0
76;-16,5;0
76;-16;0
76;-15,5;0
76;-15;0
76;-14,5;32
76;-14;56
76;-13,5;32
76;-13;20
76;-12,5;36
76;-12;36
76;-11,5;40
76;-11;32
76;-10,5;24
76;-10;20
76;-8,5;12
76,5;-54;24
76,5;-53,5;4
76,5;-51,5;8
76,5;-51;36
76,5;-50,5;40
76,5;-48,5;16
76,5;-48;60
76,5;-47,5;92
76,5;-47;80
76,5;-46,5;96
76,5;-46;96
76,5;-45,5;80
76,5;-45;84
76,5;-44,5;60
76,5;-44;80
76,5;-43,5;64
76,5;-43;52
76,5;-42,5;68
76,5;-42;80
76,5;-41,5;64
76,5;-41;56
76,5;-40,5;68
76,5;-40;60
76,5;-39,5;56
76,5;-39;60
76,5;-38,5;44
76,5;-38;44
76,5;-37,5;8
76,5;-36,5;4
76,5;-36;16
76,5;-35,5;28
76,5;-35;32
76,5;-34,5;36
76,5;-34;32
76,5;-33,5;40
76,5;-33;8
76,5;-31;12
76,5;-30,5;20
76,5;-30;16
76,5;-29,5;16
76,5;-29;12
76,5;-28,5;4
76,5;-28;4
76,5;-27,5;4
77;-51;8
77;-50,5;8
