"x";"y";"roughness"
-93;-25,5;0,00989949493661167
-93;-25;0
-93;-24,5;0
-92,5;-28;0
-92,5;-27,5;0
-92,5;-27;0
-92,5;-26,5;0,0612454079911302
-92,5;-26;0,23634529700251
-92,5;-25,5;0,170513395901372
-92,5;-25;0
-92,5;-24,5;0
-92,5;-24;0
-92,5;-23,5;0
-92,5;-23;0
-92,5;-22,5;0
-92,5;-22;0
-92,5;-21,5;0,114856164229607
-92,5;-21;0,0586898628384835
-92;-31,5;0
-92;-31;0
-92;-30,5;0
-92;-29;0
-92;-28;0
-92;-27,5;0
-92;-27;0
-92;-26,5;0
-92;-26;0
-92;-25,5;0
-92;-25;0
-92;-24,5;0
-92;-24;0
-92;-23,5;0
-92;-23;0
-92;-22,5;0
-92;-22;0
-92;-21,5;0
-92;-21;0
-92;-20,5;0
-92;-20;0,06557438524302
-92;-19,5;0,00636396103067892
-92;-19;0,0996928616635447
-92;-18,5;0,154493880054709
-92;-18;0,49356053326821
-91,5;-33,5;0
-91,5;-32;0
-91,5;-31,5;0
-91,5;-31;0
-91,5;-30,5;0
-91,5;-30;0
-91,5;-29,5;0
-91,5;-29;0
-91,5;-28;0
-91,5;-27,5;0
-91,5;-27;0
-91,5;-26,5;0
-91,5;-26;0
-91,5;-25,5;0
-91,5;-25;0
-91,5;-24,5;0
-91,5;-24;0
-91,5;-23,5;0
-91,5;-23;0
-91,5;-22,5;0
-91,5;-22;0
-91,5;-21,5;0
-91,5;-21;0
-91,5;-20,5;0
-91,5;-20;0
-91,5;-19,5;0
-91,5;-19;0,188767859063413
-91,5;-18,5;0,247353345844257
-91,5;-18;0
-91,5;-17,5;0,102803210066612
-91,5;-17;0,12127680116164
-91,5;-16,5;0,101253806512809
-91,5;-16;0
-91;-35;0
-91;-34,5;0
-91;-34;0,23501781691822
-91;-33,5;0,201048912499897
-91;-33;0,263336079770872
-91;-32;0
-91;-31,5;0
-91;-31;0
-91;-30,5;0
-91;-30;0
-91;-29,5;0
-91;-29;0
-91;-28,5;0
-91;-28;0
-91;-27,5;0
-91;-27;0
-91;-26,5;0
-91;-26;0
-91;-25,5;0
-91;-25;0
-91;-24,5;0,189447354164686
-91;-24;0,231538393507393
-91;-23,5;0,307064054121177
-91;-23;0,206693412247867
-91;-22,5;0
-91;-22;0
-91;-21,5;0,0446131520219468
-91;-21;0
-91;-20,5;0
-91;-20;0,070792733462631
-91;-19,5;0,0848528137423857
-91;-19;0
-91;-18,5;0
-91;-18;0,0339411254969543
-91;-17,5;0
-91;-17;0
-91;-16,5;0,0834645633387807
-91;-16;0,00767571929311297
-91;-15,5;0,103418705133204
-91;-15;0,0320468407179241
-91;-14,5;0
-90,5;-35,5;0
-90,5;-35;0
-90,5;-34,5;0
-90,5;-34;0,260640827626143
-90,5;-33,5;0,2733589215665
-90,5;-33;0
-90,5;-32,5;0
-90,5;-32;0
-90,5;-31,5;0
-90,5;-31;0
-90,5;-30,5;0
-90,5;-30;0
-90,5;-29,5;0
-90,5;-29;0
-90,5;-28,5;0
-90,5;-28;0
-90,5;-27,5;0
-90,5;-27;0
-90,5;-26,5;0
-90,5;-26;0
-90,5;-25,5;0
-90,5;-25;0,249820813254576
-90,5;-24,5;0,257755605083482
-90,5;-24;0,281962436950059
-90,5;-23,5;0,251750884944175
-90,5;-23;0,239875499920656
-90,5;-22,5;0
-90,5;-22;0,16058175487894
-90,5;-21,5;0,159562526929101
-90,5;-21;0
-90,5;-20,5;0
-90,5;-20;0
-90,5;-19,5;0,101310773006984
-90,5;-19;0,178174137830979
-90,5;-18,5;0,143519806238054
-90,5;-18;0,334957086803668
-90,5;-17,5;0,312751543206069
-90,5;-17;0,217723285770417
-90,5;-16,5;0,1773734173056
-90,5;-16;0
-90,5;-15,5;0,0964101481518759
-90,5;-15;0,078292005308576
-90,5;-14,5;0,103490479812226
-90,5;-14;0,0812116576196628
-90,5;-13,5;0
-90;-37;0
-90;-36,5;0
-90;-36;0
-90;-35,5;0
-90;-35;0
-90;-34,5;0
-90;-34;0
-90;-32;0
-90;-31,5;0
-90;-31;0
-90;-30,5;0
-90;-30;0
-90;-29,5;0
-90;-29;0
-90;-28,5;0
-90;-27,5;0
-90;-27;0
-90;-26,5;0
-90;-26;0
-90;-25;0,382495424809239
-90;-24,5;0,240399392295596
-90;-24;0,435577777210913
-90;-23,5;0,0488629034476394
-90;-23;0,199041704172769
-90;-22,5;0,314377372817578
-90;-22;0,260721653544121
-90;-21,5;0,199719744353394
-90;-21;0,0781536947303197
-90;-20,5;0
-90;-20;0
-90;-19,5;0
-90;-19;0,132149806767061
-90;-18,5;0,246557784154991
-90;-18;0,273235093318984
-90;-17,5;0,292070795652702
-90;-17;0
-90;-16,5;0,15715049924122
-90;-16;0,250460930641443
-90;-15,5;0,092218765192312
-90;-15;0,0706353816642704
-90;-14,5;0,0548902946288726
-90;-14;0,0811584869252748
-90;-13,5;0
-90;-13;0
-90;-12,5;0
-89,5;-37;0
-89,5;-36,5;0
-89,5;-36;0
-89,5;-35,5;0
-89,5;-35;0
-89,5;-34,5;0
-89,5;-34;0
-89,5;-33,5;0
-89,5;-33;0
-89,5;-32,5;0,121420756051015
-89,5;-32;0,276667809697979
-89,5;-31,5;0,174960529300716
-89,5;-31;0
-89,5;-30,5;0
-89,5;-30;0
-89,5;-29,5;0,213805791939009
-89,5;-29;0,0751525116014096
-89,5;-28,5;0
-89,5;-28;0
-89,5;-27,5;0
-89,5;-27;0
-89,5;-26,5;0
-89,5;-26;0
-89,5;-25,5;0
-89,5;-25;0
-89,5;-24,5;0,101776671733217
-89,5;-24;0
-89,5;-23,5;0
-89,5;-23;0,237089643068977
-89,5;-22,5;0,289104546375836
-89,5;-22;0,245873951446671
-89,5;-21,5;0
-89,5;-21;0
-89,5;-20,5;0
-89,5;-20;0
-89,5;-19,5;0
-89,5;-19;0
-89,5;-18,5;0,0248797106092494
-89,5;-18;0
-89,5;-17,5;0
-89,5;-17;0
-89,5;-16,5;0,0744373338229323
-89,5;-16;0,152622849568884
-89,5;-15,5;0,122388463089606
-89,5;-15;0,0856543441202293
-89,5;-14,5;0,100957086592935
-89,5;-14;0
-89,5;-13,5;0
-89,5;-13;0
-89,5;-12,5;0
-89,5;-12;0
-89,5;-11,5;0
-89;-38;0
-89;-37,5;0
-89;-37;0
-89;-36,5;0
-89;-36;0
-89;-35,5;0,0854673426910341
-89;-35;0,102455186386006
-89;-34,5;0
-89;-34;0
-89;-33,5;0
-89;-33;0,546593541857201
-89;-32,5;0,298956134057901
-89;-32;0,328500583689227
-89;-31,5;0,198180881784197
-89;-31;0
-89;-30,5;0
-89;-30;0
-89;-29,5;0,029698484809835
-89;-29;0
-89;-28,5;0
-89;-28;0
-89;-27,5;0
-89;-27;0
-89;-26,5;0
-89;-26;0
-89;-25,5;0
-89;-25;0
-89;-24,5;0,0778492132265959
-89;-24;0
-89;-23,5;0,0774402995861973
-89;-23;0,161390163498119
-89;-22,5;0,152573830057904
-89;-22;0,328902207205671
-89;-21,5;0
-89;-21;0
-89;-20,5;0,011060440015358
-89;-20;0
-89;-19,5;0,0628633438499735
-89;-19;0,00777817459305203
-89;-18,5;0
-89;-18;0
-89;-17,5;0
-89;-17;0
-89;-16,5;0,0453352590627396
-89;-16;0,0865283978608389
-89;-15,5;0,0718089523738207
-89;-15;0
-89;-14,5;0
-89;-14;0
-89;-13,5;0
-89;-13;0
-89;-12;0
-89;-11,5;0
-89;-11;0
-89;-10,5;0
-88,5;-39;0,0643467170879758
-88,5;-37,5;0
-88,5;-37;0
-88,5;-36,5;0
-88,5;-36;0
-88,5;-35,5;0
-88,5;-35;0
-88,5;-34,5;0
-88,5;-34;0
-88,5;-33,5;0
-88,5;-33;0
-88,5;-32,5;0
-88,5;-32;0,0474271370982198
-88,5;-31,5;0,0120208152801713
-88,5;-31;0
-88,5;-30,5;0
-88,5;-30;0
-88,5;-29,5;0
-88,5;-29;0
-88,5;-27;0
-88,5;-26,5;0
-88,5;-26;0
-88,5;-25,5;0
-88,5;-25;0
-88,5;-24,5;0,102089013447416
-88,5;-24;0,162174215553756
-88,5;-23,5;0,0833864497385516
-88,5;-23;0,115217214581623
-88,5;-22,5;0,15342997772442
-88,5;-22;0,115670738651656
-88,5;-21,5;0,0845724348238014
-88,5;-21;0,301052544551786
-88,5;-20,5;0,205915086206117
-88,5;-20;0,107476995749717
-88,5;-19,5;0,154028807428307
-88,5;-19;0,077784083438475
-88,5;-18,5;0,330580297860192
-88,5;-18;0,284892084143879
-88,5;-17,5;0,313289961537232
-88,5;-17;0
-88,5;-16,5;0,0736649698145447
-88,5;-16;0,103081873902606
-88,5;-15,5;0,0134350288425444
-88,5;-15;0
-88,5;-12,5;0,0294957624075053
-88,5;-12;0
-88,5;-11,5;0
-88,5;-11;0
-88,5;-10,5;0
-88,5;-10;0
-88,5;-9,5;0
-88;-39,5;0,144160789860951
-88;-39;0,102138444793143
-88;-38,5;0,0573585215987999
-88;-36,5;0
-88;-36;0
-88;-35,5;0
-88;-35;0
-88;-34,5;0
-88;-34;0
-88;-33,5;0
-88;-33;0
-88;-32,5;0
-88;-32;0
-88;-31,5;0
-88;-31;0
-88;-30,5;0
-88;-30;0
-88;-29,5;0
-88;-29;0
-88;-26,5;0
-88;-26;0
-88;-25,5;0
-88;-25;0
-88;-24,5;0
-88;-24;0,101356257375117
-88;-23,5;0,142904058533532
-88;-23;0,152936707326049
-88;-22,5;0,125032970010888
-88;-22;0,0781984654580894
-88;-21,5;0,0891228977821688
-88;-21;0,146494897319707
-88;-20,5;0,204811651279902
-88;-20;0,0862140504790258
-88;-19,5;0,275818169382614
-88;-19;0,290635367198603
-88;-18,5;0,241150417394463
-88;-18;0,214968630687101
-88;-17,5;0,341689214512281
-88;-17;0,293083351979824
-88;-16,5;0,124420966573472
-88;-16;0,0680681847692281
-88;-15,5;0
-88;-13;0,0808144921586292
-88;-12,5;0
-88;-12;0
-88;-11,5;0
-88;-11;0
-88;-10,5;0
-88;-10;0
-88;-9,5;0
-88;-8,5;0
-87,5;-38,5;0
-87,5;-36,5;0
-87,5;-36;0
-87,5;-35,5;0
-87,5;-35;0
-87,5;-34,5;0
-87,5;-34;0
-87,5;-33,5;0
-87,5;-33;0
-87,5;-32,5;0
-87,5;-32;0
-87,5;-31,5;0
-87,5;-31;0
-87,5;-30,5;0
-87,5;-30;0
-87,5;-29,5;0,0855599205235723
-87,5;-29;0
-87,5;-27,5;0
-87,5;-27;0
-87,5;-26,5;0
-87,5;-26;0
-87,5;-25,5;0
-87,5;-25;0
-87,5;-24,5;0
-87,5;-24;0,12362982380208
-87,5;-23,5;0,11563209241859
-87,5;-23;0,0820107363066886
-87,5;-21;0,166149942667086
-87,5;-20,5;0,214124906560998
-87,5;-20;0,114345339505669
-87,5;-19,5;0,15125871875697
-87,5;-19;0,0909967116903767
-87,5;-18,5;0,2888404192714
-87,5;-18;0,254245130805806
-87,5;-17,5;0,279972641278132
-87,5;-17;0,334461962533629
-87,5;-16,5;0,377642712337757
-87,5;-16;0
-87,5;-15,5;0
-87,5;-13,5;0,0723650468112887
-87,5;-13;0,0561092683965849
-87,5;-12;0
-87,5;-11,5;0
-87,5;-11;0
-87,5;-10,5;0
-87,5;-10;0
-87,5;-9,5;0
-87,5;-9;0
-87,5;-8,5;0
-87;-37,5;0,0912167747730646
-87;-35;0
-87;-34,5;0
-87;-34;0
-87;-33,5;0
-87;-33;0
-87;-32,5;0
-87;-32;0
-87;-31,5;0
-87;-31;0
-87;-30,5;0
-87;-30;0
-87;-29,5;0
-87;-29;0
-87;-27,5;0,0693469537903432
-87;-27;0,0713357253715536
-87;-26,5;0
-87;-26;0,0713179500546672
-87;-25,5;0,0883753044942106
-87;-25;0
-87;-24,5;0
-87;-24;0,0311126983722081
-87;-23,5;0
-87;-22,5;0,000707106781186548
-87;-22;0,0538191415762087
-87;-21;0,473873381973346
-87;-20,5;0,307834585237156
-87;-20;0
-87;-19,5;0,102102889283311
-87;-19;0,060390396587537
-87;-18,5;0,278703745539556
-87;-18;0,140899934942024
-87;-17,5;0,0709188065620327
-87;-17;0,34915009734524
-87;-16,5;0,0612098203335311
-87;-16;0
-87;-15,5;0
-87;-15;0
-87;-13,5;0,090634272924603
-87;-11;0
-87;-10,5;0,123036579926459
-87;-9,5;0
-87;-9;0
-87;-7,5;0
-87;-6,5;0,0629090897361309
-86,5;-41,5;0
-86,5;-41;0
-86,5;-40;0
-86,5;-39,5;0
-86,5;-37,5;0,112431354718377
-86,5;-35,5;0,0488057373676497
-86,5;-35;0,0332340187157677
-86,5;-34;0
-86,5;-33,5;0
-86,5;-33;0
-86,5;-32,5;0
-86,5;-32;0
-86,5;-31,5;0
-86,5;-31;0
-86,5;-30,5;0
-86,5;-30;0
-86,5;-29,5;0
-86,5;-28;0,065189978779973
-86,5;-27,5;0,243778588067123
-86,5;-27;0,197578654250363
-86,5;-26,5;0,141939057015441
-86,5;-26;0,242672861373205
-86,5;-25,5;0,280761950283995
-86,5;-25;0
-86,5;-24,5;0,0254034118443435
-86,5;-24;0
-86,5;-23,5;0,0987333108260159
-86,5;-23;0
-86,5;-22,5;0,116049362537907
-86,5;-22;0,098571333014765
-86,5;-21,5;0
-86,5;-21;0
-86,5;-20,5;0,291059606342832
-86,5;-20;0,0893123300988856
-86,5;-19,5;0,0809724918996843
-86,5;-19;0,11522577081916
-86,5;-18,5;0,0836334595455405
-86,5;-18;0,0572063251429738
-86,5;-17,5;0,0739145259259446
-86,5;-17;0
-86,5;-16,5;0
-86,5;-16;0
-86,5;-15,5;0
-86,5;-10,5;0,112873178188418
-86,5;-10;0,118587883156132
-86,5;-9,5;0,149191740517351
-86,5;-9;0,0240416305603426
-86,5;-8;0
-86,5;-7,5;0
-86,5;-7;0
-86,5;-6,5;0,0918796011697434
-86,5;-6;0,0434664621672081
-86,5;-5,5;0
-86;-42;0
-86;-41,5;0
-86;-41;0
-86;-40,5;0
-86;-40;0
-86;-39,5;0
-86;-37,5;0
-86;-37;0
-86;-36,5;0
-86;-35,5;0,0926660671443436
-86;-35;0,145804663848589
-86;-34,5;0,148048848487455
-86;-34;0
-86;-33,5;0
-86;-33;0
-86;-32,5;0
-86;-31,5;0
-86;-31;0
-86;-30,5;0
-86;-30;0
-86;-29,5;0
-86;-28;0,0148492424049175
-86;-27,5;0,118356847429007
-86;-27;0,139505069858156
-86;-26,5;0,117809167724757
-86;-26;0,327157863816756
-86;-25,5;0,305139122463789
-86;-25;0,239231947960395
-86;-24,5;0,00777817459305203
-86;-24;0
-86;-23,5;0,0542432791535812
-86;-23;0,0666176559773165
-86;-22,5;0,0964914503984679
-86;-22;0,0959342989023339
-86;-21,5;0,0940673517574863
-86;-21;0
-86;-20,5;0,106959074368394
-86;-20;0,093003584160325
-86;-19,5;0,0930898973014357
-86;-19;0,101186181533514
-86;-18,5;0,0787775999660453
-86;-18;0,0649707626552128
-86;-17,5;0,120208152801713
-86;-17;0
-86;-16,5;0
-86;-16;0
-86;-13,5;0
-86;-10,5;0
-86;-10;0
-86;-9,5;0
-86;-8,5;0
-86;-8;0
-86;-7,5;0
-86;-7;0,0449849181075486
-86;-6,5;0
-86;-6;0,133691601996701
-86;-5,5;0,244138989417598
-86;-5;0,203167671060389
-86;-4,5;0,292216814483128
-86;-4;0,134251199679499
-86;-3,5;0,0843502618055609
-86;-3;0
-85,5;-42,5;0
-85,5;-42;0
-85,5;-41,5;0,185412538744847
-85,5;-41;0,129807465201267
-85,5;-40,5;0
-85,5;-40;0
-85,5;-39,5;0
-85,5;-37,5;0
-85,5;-37;0
-85,5;-36,5;0
-85,5;-36;0
-85,5;-35,5;0
-85,5;-35;0
-85,5;-34,5;0
-85,5;-34;0
-85,5;-33,5;0
-85,5;-33;0
-85,5;-32,5;0
-85,5;-31,5;0
-85,5;-31;0
-85,5;-30,5;0
-85,5;-28,5;0,090352125243116
-85,5;-28;0,118723896652543
-85,5;-27,5;0,0601995584876273
-85,5;-27;0,124221247295179
-85,5;-26,5;0,142586299977159
-85,5;-26;0,188955790885304
-85,5;-25,5;0,264984394705102
-85,5;-25;0,201112430057939
-85,5;-24,5;0,229719266010647
-85,5;-24;0,0439237976500211
-85,5;-22;0
-85,5;-21,5;0,0833364272929918
-85,5;-21;0,0900118995660688
-85,5;-20,5;0,100370087901997
-85,5;-20;0,124785080939673
-85,5;-19,5;0,137745706175882
-85,5;-19;0
-85,5;-18,5;0,0228837642591132
-85,5;-18;0
-85,5;-17,5;0
-85,5;-17;0
-85,5;-15,5;0,0916478768621147
-85,5;-15;0
-85,5;-13,5;0,0707707566725127
-85,5;-13;0,080875933791621
-85,5;-11,5;0
-85,5;-10,5;0,113735668098456
-85,5;-10;0,107965066873617
-85,5;-8,5;0
-85,5;-8;0,0947462777256032
-85,5;-7,5;0,08791093978188
-85,5;-7;0
-85,5;-6,5;0,0721124122464365
-85,5;-6;0,0481802172404124
-85,5;-5,5;0,311870246482452
-85,5;-5;0,272628119140623
-85,5;-4,5;0,0892094912738176
-85,5;-4;0,110977943611575
-85,5;-3,5;0,146151263830293
-85,5;-3;0,154604460845733
-85,5;-2,5;0,0599520010028224
-85,5;-2;0
-85;-43;0
-85;-42,5;0
-85;-42;0,211137012613227
-85;-41,5;0,134380022608238
-85;-41;0,0975843225113543
-85;-40,5;0
-85;-40;0
-85;-39,5;0
-85;-38;0
-85;-37,5;0
-85;-37;0
-85;-36,5;0
-85;-36;0
-85;-35,5;0
-85;-35;0
-85;-34,5;0
-85;-34;0
-85;-33,5;0
-85;-33;0,12896255526059
-85;-32,5;0,00565685424949237
-85;-31;0
-85;-30,5;0
-85;-29;0,151126878262384
-85;-28,5;0,158225300170469
-85;-28;0,14453108684617
-85;-27,5;0,137823279638298
-85;-27;0,213053383347564
-85;-26,5;0,179358827306621
-85;-26;0,283041101523286
-85;-25,5;0,281370306267824
-85;-25;0,190685547044357
-85;-24,5;0,193444891185903
-85;-24;0,210926948913072
-85;-23,5;0
-85;-23;0,119501046020527
-85;-22,5;0,0873106609478563
-85;-22;0,0919959108822105
-85;-21,5;0,075309615724364
-85;-21;0,103676269072381
-85;-20,5;0,0909858008809343
-85;-20;0,0703596344569778
-85;-19,5;0,0717530487157166
-85;-18,5;0
-85;-18;0
-85;-17,5;0
-85;-15,5;0,177483802077823
-85;-14;0,104468894892212
-85;-13,5;0,0988915460430662
-85;-13;0,0786659604488074
-85;-12,5;0
-85;-12;0
-85;-11,5;0,0773137162105516
-85;-11;0
-85;-10,5;0
-85;-10;0,0744983221287567
-85;-9,5;0,160513239329346
-85;-9;0,0957862203033401
-85;-8,5;0,0612968188407849
-85;-8;0,0960591621729163
-85;-7,5;0,108623256095119
-85;-7;0,0415
-85;-6,5;0,0904945670560762
-85;-6;0,10056710408599
-85;-5,5;0,175595894395783
-85;-5;0,121796055850669
-85;-4,5;0,147015548254501
-85;-4;0,104203400702418
-85;-3,5;0,123499099181646
-85;-3;0,115370385272271
-85;-2,5;0,161212282410491
-85;-2;0,112461700089089
-85;-1,5;0,067175144212722
-84,5;-43,5;0
-84,5;-43;0
-84,5;-42,5;0
-84,5;-42;0,0816795713808072
-84,5;-41,5;0,0366606055596467
-84,5;-41;0
-84,5;-40,5;0,0540126528386328
-84,5;-38,5;0
-84,5;-38;0
-84,5;-37,5;0,0431624837098145
-84,5;-37;0
-84,5;-36,5;0
-84,5;-36;0
-84,5;-35,5;0
-84,5;-35;0
-84,5;-34,5;0
-84,5;-34;0
-84,5;-33,5;0
-84,5;-33;0,0106066017177982
-84,5;-31,5;0,138684769776516
-84,5;-31;0,0713897751782424
-84,5;-29,5;0
-84,5;-29;0,183996025906559
-84,5;-28,5;0,177048772537803
-84,5;-28;0,198862699703422
-84,5;-27,5;0,175083675559126
-84,5;-27;0,176420179605622
-84,5;-26,5;0,296978270933402
-84,5;-26;0,173471299259176
-84,5;-25,5;0,185893297424116
-84,5;-25;0,183270887436653
-84,5;-24,5;0,311516959316871
-84,5;-24;0,346677405282394
-84,5;-23,5;0,248671017255118
-84,5;-23;0,169214917082583
-84,5;-22,5;0,119517410494921
-84,5;-22;0,0535461185632237
-84,5;-21,5;0,0696650116353528
-84,5;-21;0,0533072685863333
-84,5;-20,5;0,0661041411052618
-84,5;-20;0,06997936203704
-84,5;-19,5;0,0506469259788895
-84,5;-17,5;0,0765519431497333
-84,5;-17;0
-84,5;-14;0,0962453971397502
-84,5;-13,5;0,154501947315035
-84,5;-13;0,0811849739791792
-84,5;-12,5;0
-84,5;-12;0,0360624458405139
-84,5;-11,5;0,102946502884461
-84,5;-11;0,257386868351903
-84,5;-10,5;0,0830682450358338
-84,5;-10;0
-84,5;-9,5;0
-84,5;-9;0,062358729229444
-84,5;-8,5;0,124887616146144
-84,5;-8;0,0925436833788959
-84,5;-7,5;0,116283725266715
-84,5;-7;0
-84,5;-6,5;0,114160368532997
-84,5;-6;0,0906846183208597
-84,5;-5,5;0,0638513899613783
-84,5;-5;0,0945760876947041
-84,5;-4,5;0,118876681974395
-84,5;-4;0,0691320735241146
-84,5;-3,5;0,106855342999241
-84,5;-3;0,112422224732286
-84,5;-2,5;0,0708610533995148
-84,5;-2;0,219792316744694
-84,5;-1,5;0,174723591232934
-84,5;-1;0,157728405812016
-84;-44;0
-84;-43,5;0
-84;-43;0
-84;-42,5;0
-84;-42;0
-84;-41,5;0
-84;-41;0
-84;-40,5;0
-84;-40;0
-84;-39,5;0
-84;-39;0
-84;-38,5;0
-84;-38;0
-84;-37,5;0
-84;-37;0,0359212100761282
-84;-36,5;0,0605715829962093
-84;-36;0
-84;-35,5;0
-84;-35;0
-84;-34,5;0
-84;-34;0
-84;-33,5;0
-84;-32;0,0570116947067295
-84;-31,5;0,116340496436585
-84;-31;0,140680770012761
-84;-29,5;0
-84;-29;0,130969490160652
-84;-28,5;0,115494728269582
-84;-28;0,138572741526492
-84;-27,5;0,163064343332456
-84;-27;0,158999563241888
-84;-26,5;0,323816769176644
-84;-26;0,291578233113587
-84;-25,5;0,236001203771968
-84;-25;0,232929978748979
-84;-24,5;0,326071178520179
-84;-24;0,232461860671093
-84;-23,5;0,333964862888701
-84;-23;0,156883758987322
-84;-22,5;0,113780448567364
-84;-22;0,0570033577581086
-84;-21,5;0,0542106211350716
-84;-21;0,0510278998279036
-84;-20,5;0,0652316134914108
-84;-20;0,0315647482697603
-84;-18;0,0715733889095661
-84;-17,5;0,0703704483430367
-84;-15;0
-84;-14,5;0,0849467153246342
-84;-14;0,0643743375575111
-84;-13,5;0,109259100931518
-84;-13;0,186186361238172
-84;-12,5;0
-84;-12;0
-84;-11,5;0
-84;-11;0
-84;-10,5;0
-84;-10;0
-84;-9,5;0,0014142135623731
-84;-9;0,165334302487256
-84;-8,5;0,0908735385026906
-84;-8;0,0974286063398904
-84;-7,5;0,0670050201647065
-84;-7;0,0863790741119888
-84;-6,5;0,0954773471014136
-84;-6;0
-84;-5,5;0
-84;-5;0
-84;-4,5;0,1221076028209
-84;-4;0
-84;-3,5;0
-84;-3;0
-84;-2,5;0,0892393784529379
-84;-2;0,341250339366347
-84;-1,5;0,134908452204413
-84;-1;0,0417193000900063
-84;-0,5;0,106066017177982
-84;0;0,00707106781186548
-84;0,5;0,0978795177756817
-84;1;0,154023131379673
-83,5;-44,5;0
-83,5;-44;0
-83,5;-43,5;0
-83,5;-43;0
-83,5;-42,5;0
-83,5;-42;0
-83,5;-41,5;0
-83,5;-41;0
-83,5;-40,5;0
-83,5;-40;0
-83,5;-39,5;0
-83,5;-39;0
-83,5;-38,5;0
-83,5;-38;0
-83,5;-37,5;0
-83,5;-37;0,302641702347842
-83,5;-36,5;0
-83,5;-36;0
-83,5;-35,5;0
-83,5;-35;0
-83,5;-34,5;0
-83,5;-34;0
-83,5;-33,5;0
-83,5;-33;0
-83,5;-32,5;0
-83,5;-32;0,105628121255658
-83,5;-31,5;0,102998857789212
-83,5;-31;0,150932864006582
-83,5;-30;0
-83,5;-29,5;0
-83,5;-29;0,152423751430018
-83,5;-28,5;0,0652532960627954
-83,5;-28;0,0981800973809821
-83,5;-27,5;0,142242080706834
-83,5;-27;0,144317061725193
-83,5;-26,5;0,134094565068657
-83,5;-26;0,204950569481365
-83,5;-25,5;0,173602446767923
-83,5;-25;0,264666703542331
-83,5;-24,5;0,326126065389315
-83,5;-24;0,21234362422802
-83,5;-23,5;0,11198724417157
-83,5;-22,5;0,0460045452299898
-83,5;-22;0,0643153364291908
-83,5;-21,5;0,0469458420726702
-83,5;-21;0,0166222742126341
-83,5;-20,5;0,0707884171316184
-83,5;-18,5;0,0403839214429593
-83,5;-18;0,0292631736715848
-83,5;-17,5;0
-83,5;-15,5;0
-83,5;-15;0,037476659402887
-83,5;-14,5;0,0353553390593273
-83,5;-14;0,0650782163432914
-83,5;-13,5;0,128989462189484
-83,5;-13;0,103613406001472
-83,5;-12,5;0
-83,5;-12;0
-83,5;-11,5;0
-83,5;-11;0
-83,5;-10,5;0
-83,5;-10;0
-83,5;-9,5;0
-83,5;-9;0,233607041845917
-83,5;-8,5;0,0917155930035891
-83,5;-8;0,0700035713374682
-83,5;-7,5;0,031
-83,5;-7;0,0620136633690064
-83,5;-6,5;0
-83,5;-6;0
-83,5;-5,5;0,0599833310178753
-83,5;-5;0,0732620866023712
-83,5;-4,5;0,0802522538152309
-83,5;-4;0,115635244979301
-83,5;-3,5;0,142502409951921
-83,5;-3;0,0945621488757526
-83,5;-2,5;0,0976665244595097
-83,5;-2;0,154802098355198
-83,5;-1,5;0,126270622554334
-83,5;-1;0,173905953839369
-83,5;-0,5;0,129911903088603
-83,5;0;0,0822208480687402
-83,5;0,5;0,0838940374747188
-83,5;1;0,0805519648898712
-83;-44,5;0
-83;-44;0
-83;-43,5;0
-83;-43;0
-83;-42,5;0
-83;-42;0
-83;-41,5;0
-83;-41;0
-83;-40,5;0
-83;-39,5;0
-83;-39;0
-83;-38,5;0,0378065250100209
-83;-38;0
-83;-37,5;0
-83;-37;0
-83;-36,5;0
-83;-36;0,0657609306503489
-83;-35,5;0,289008465850628
-83;-35;0
-83;-34,5;0
-83;-34;0,068645223188993
-83;-33,5;0
-83;-33;0
-83;-32,5;0
-83;-32;0,0952751654045121
-83;-31,5;0,139249261129624
-83;-31;0,156264784921415
-83;-30,5;0
-83;-30;0
-83;-29,5;0
-83;-29;0,0570672118354022
-83;-28,5;0,0832644782205073
-83;-28;0,113978387105945
-83;-27,5;0,0823946526655631
-83;-27;0,112231083448187
-83;-26,5;0,138069925573334
-83;-26;0,133487645918651
-83;-25,5;0,161655505439884
-83;-25;0,126281381999143
-83;-24,5;0,149927254416376
-83;-24;0,102299885956274
-83;-23,5;0,0851158034679812
-83;-23;0
-83;-22,5;0,0798184967550907
-83;-22;0,0413218716423082
-83;-21,5;0
-83;-19;0,059011298353225
-83;-16;0,139110355146879
-83;-15,5;0,140234331733032
-83;-15;0,101600103745425
-83;-14,5;0,0682519840981442
-83;-14;0,11991887589757
-83;-13,5;0,144010229629808
-83;-13;0,117436650781512
-83;-12,5;0,144430614133052
-83;-12;0,129363055004124
-83;-11,5;0,0748105756041365
-83;-11;0,175581878244146
-83;-10,5;0,310531491184942
-83;-10;0,00869592132088646
-83;-9,5;0
-83;-9;0,07754160173739
-83;-8,5;0,131742034432309
-83;-8;0,0947405228329814
-83;-7,5;0
-83;-7;0,0455439348322035
-83;-6,5;0,0643980676038584
-83;-6;0
-83;-5,5;0,0761599194677445
-83;-5;0,0882758088099601
-83;-4,5;0,0830731175359566
-83;-4;0,0940838057265968
-83;-3,5;0,103086177540929
-83;-3;0,084808068582724
-83;-2,5;0,132932088742302
-83;-2;0,108137803821719
-83;-1,5;0,172903126892485
-83;-1;0,126243418876853
-83;-0,5;0,145384346561479
-83;0;0,142200328175899
-83;0,5;0,0678822509939086
-83;1;0
-83;2;0,102089149494177
-83;2,5;0,0836878398900016
-83;3;0,140091041826378
-82,5;-45;0
-82,5;-44;0
-82,5;-43,5;0
-82,5;-43;0
-82,5;-42,5;0
-82,5;-39,5;0
-82,5;-39;0
-82,5;-38,5;0,0345123166420338
-82,5;-38;0
-82,5;-37,5;0
-82,5;-37;0
-82,5;-36,5;0,256134763228357
-82,5;-36;0,240778626599262
-82,5;-35,5;0,311806497851162
-82,5;-35;0,0565685424949238
-82,5;-34,5;0,182127604682718
-82,5;-34;0,135708370798422
-82,5;-33,5;0
-82,5;-33;0
-82,5;-32,5;0
-82,5;-32;0
-82,5;-31,5;0,122914718966152
-82,5;-31;0,0586898628384834
-82,5;-30,5;0
-82,5;-30;0,0694543015226559
-82,5;-29,5;0
-82,5;-29;0
-82,5;-28,5;0,045463355206877
-82,5;-28;0,0724285855170457
-82,5;-27,5;0
-82,5;-27;0,114614181994576
-82,5;-26,5;0,15341769167927
-82,5;-26;0,139220813130769
-82,5;-25,5;0,107149893177003
-82,5;-25;0,0957356450100494
-82,5;-24,5;0,0807751294549352
-82,5;-24;0,0866447151687087
-82,5;-23,5;0,0642002076839839
-82,5;-20;0,0488705773787596
-82,5;-19,5;0
-82,5;-19;0,0533740172207949
-82,5;-16,5;0
-82,5;-16;0,147146897643702
-82,5;-15,5;0,103060487591337
-82,5;-15;0,105977279751508
-82,5;-14,5;0
-82,5;-14;0,0813571704122579
-82,5;-13,5;0,126459579740031
-82,5;-13;0,111094219534749
-82,5;-12,5;0,150133266663667
-82,5;-12;0,0900406860327204
-82,5;-11,5;0,104860302594019
-82,5;-11;0,262604250452026
-82,5;-10,5;0,319292471326876
-82,5;-10;0,14415989421061
-82,5;-9,5;0,195386198762007
-82,5;-9;0,29660945141156
-82,5;-8,5;0
-82,5;-8;0
-82,5;-7,5;0
-82,5;-7;0
-82,5;-6,5;0
-82,5;-6;0
-82,5;-5,5;0
-82,5;-5;0,0531460252511888
-82,5;-4,5;0
-82,5;-4;0,0637024332345319
-82,5;-3,5;0,0733339807133959
-82,5;-3;0
-82,5;-2,5;0,198240448407018
-82,5;-2;0,139694044741942
-82,5;-1,5;0,11753467573444
-82,5;-1;0,114610887596055
-82,5;-0,5;0,051618795026618
-82,5;0;0
-82,5;0,5;0
-82,5;1;0
-82,5;1,5;0
-82,5;2;0
-82,5;2,5;0,0831002741003636
-82,5;3;0,0961665222413705
-82;-45,5;0
-82;-45;0,0716053088914356
-82;-44,5;0
-82;-44;0
-82;-43,5;0
-82;-43;0
-82;-42,5;0
-82;-42;0
-82;-41,5;0
-82;-41;0
-82;-40,5;0
-82;-40;0
-82;-39,5;0
-82;-39;0
-82;-38,5;0
-82;-38;0
-82;-37,5;0
-82;-37;0
-82;-36,5;0,057159426169268
-82;-36;0,0723184096959576
-82;-35,5;0,179920802683001
-82;-35;0,0814464236632661
-82;-34,5;0,229809703885628
-82;-34;0,115840407457847
-82;-33,5;0
-82;-33;0
-82;-32,5;0
-82;-32;0
-82;-31,5;0
-82;-31;0
-82;-30,5;0
-82;-30;0
-82;-29,5;0
-82;-29;0
-82;-28,5;0
-82;-28;0,0660403916806475
-82;-27,5;0,0861323732070916
-82;-27;0,0773464631994129
-82;-26,5;0,180536251268728
-82;-26;0,0884063468020377
-82;-25,5;0,100762223283459
-82;-25;0,0609185940318244
-82;-24,5;0,0618925183162667
-82;-24;0,0593400241113741
-82;-23,5;0
-82;-19;0
-82;-18,5;0
-82;-18;0
-82;-17,5;0
-82;-16;0,0766583328803856
-82;-15,5;0,0687729724465246
-82;-15;0,112862227308082
-82;-14,5;0,0448455373724323
-82;-14;0,095799392921931
-82;-13,5;0,121651778913615
-82;-13;0,123516355598158
-82;-12,5;0,148963076464811
-82;-12;0,117112350058531
-82;-11,5;0,117040153092421
-82;-11;0,116068452709105
-82;-10,5;0,106631767528039
-82;-10;0,0813058599188451
-82;-9,5;0,15839985843275
-82;-9;0,259045252200744
-82;-8,5;0
-82;-8;0
-82;-7,5;0
-82;-7;0,0853846816451822
-82;-6,5;0,135510147221527
-82;-6;0
-82;-5,5;0,067175144212722
-82;-5;0,0864530701209236
-82;-4,5;0,0541694871060575
-82;-4;0
-82;-3,5;0
-82;-3;0
-82;-2,5;0
-82;-2;0,225640042039148
-82;-1,5;0
-82;-1;0
-82;-0,5;0
-82;0;0
-82;0,5;0
-82;1;0
-82;1,5;0
-82;2;0
-82;2,5;0
-82;3;0
-81,5;-45;0
-81,5;-44,5;0
-81,5;-44;0
-81,5;-43,5;0
-81,5;-43;0
-81,5;-42,5;0,031548375552475
-81,5;-42;0
-81,5;-41,5;0
-81,5;-41;0
-81,5;-40,5;0
-81,5;-40;0
-81,5;-39,5;0
-81,5;-39;0
-81,5;-38,5;0
-81,5;-38;0
-81,5;-37,5;0
-81,5;-37;0
-81,5;-36,5;0
-81,5;-36;0,0841457069611992
-81,5;-35,5;0,117251756315095
-81,5;-35;0,0574775318421613
-81,5;-34,5;0,145099382106991
-81,5;-34;0,133485463498904
-81,5;-33,5;0
-81,5;-33;0
-81,5;-32,5;0,15876117633449
-81,5;-32;0,103799807321594
-81,5;-31,5;0,102832423822268
-81,5;-31;0
-81,5;-30,5;0,0885452456449006
-81,5;-30;0,147952906358746
-81,5;-29,5;0,0956226960506762
-81,5;-29;0,169733860302926
-81,5;-28,5;0,109967598533717
-81,5;-28;0,115572488075666
-81,5;-27,5;0,0784302627972709
-81,5;-27;0,0644105708032903
-81,5;-26,5;0,0750986099705727
-81,5;-26;0,0525041751272897
-81,5;-25,5;0,0676227517862131
-81,5;-25;0,0563286775401297
-81,5;-24,5;0,0626577421158696
-81,5;-24;0,0521045019252571
-81,5;-23,5;0,0238187601132665
-81,5;-22;0,0657317782101372
-81,5;-21,5;0,0528278425868495
-81,5;-21;0,0536599522566921
-81,5;-20,5;0,0415298780305309
-81,5;-20;0,0444473130387388
-81,5;-19,5;0
-81,5;-19;0
-81,5;-18,5;0
-81,5;-18;0
-81,5;-17,5;0
-81,5;-17;0
-81,5;-16,5;0
-81,5;-16;0
-81,5;-15,5;0,0586685605754905
-81,5;-15;0,0707563039273148
-81,5;-14;0,0780044565271449
-81,5;-13,5;0,0737098766838334
-81,5;-13;0,112361480618632
-81,5;-12,5;0,111079601935286
-81,5;-12;0,0768312365805115
-81,5;-11,5;0,0954872671188059
-81,5;-11;0,0714259523329348
-81,5;-10,5;0
-81,5;-10;0,0574342792117341
-81,5;-9,5;0,0869342516075459
-81,5;-9;0,0586099371368269
-81,5;-8,5;0,0984699615788152
-81,5;-8;0
-81,5;-7,5;0,437157103720543
-81,5;-7;0,217354854042318
-81,5;-6,5;0,169743503978377
-81,5;-6;0
-81,5;-5,5;0,0772199240265533
-81,5;-5;0,114938226162288
-81,5;-4,5;0,0777418806049867
-81,5;-4;0
-81,5;-3,5;0,0510032678691604
-81,5;-3;0,0994193619161254
-81,5;-2,5;0,114397333885017
-81,5;-2;0,0931944204338436
-81,5;-1,5;0
-81,5;-1;0
-81,5;-0,5;0
-81,5;0;0
-81,5;0,5;0,0883817477386215
-81,5;1;0
-81,5;1,5;0
-81,5;2;0
-81,5;2,5;0
-81,5;3;0
-81;-45,5;0
-81;-45;0
-81;-44,5;0
-81;-44;0
-81;-43,5;0,103606311859572
-81;-43;0,0859428104419833
-81;-42,5;0
-81;-41,5;0
-81;-41;0
-81;-40,5;0
-81;-40;0
-81;-39,5;0
-81;-39;0
-81;-38,5;0
-81;-38;0
-81;-37,5;0,0883883476483184
-81;-37;0,111503396149809
-81;-36,5;0,0134350288425444
-81;-36;0
-81;-35,5;0
-81;-35;0
-81;-34,5;0,162998901976224
-81;-34;0,158171584047199
-81;-33,5;0
-81;-33;0,0169705627484772
-81;-32,5;0,161051544543975
-81;-32;0,130826575237837
-81;-31,5;0,112083668607308
-81;-31;0
-81;-30,5;0,0481797230615299
-81;-30;0,282376980055472
-81;-29,5;0,224135784700592
-81;-29;0,295587411652071
-81;-28,5;0,132061086738792
-81;-28;0,0649702415740077
-81;-27,5;0,0846442911437154
-81;-27;0,095356615790852
-81;-26,5;0,0596426070834445
-81;-26;0,0677203452537738
-81;-25,5;0,0665493111219854
-81;-25;0,0658072220671142
-81;-24,5;0,0600716743615996
-81;-24;0,0495567015313435
-81;-23,5;0
-81;-23;0
-81;-22,5;0
-81;-22;0,0148492424049175
-81;-21,5;0,0616447193891855
-81;-21;0,0528318086005013
-81;-20,5;0,034598058341844
-81;-20;0
-81;-19,5;0
-81;-19;0
-81;-18,5;0
-81;-18;0
-81;-17,5;0
-81;-17;0
-81;-16,5;0
-81;-16;0
-81;-15,5;0,0770284218829503
-81;-15;0,0514082453727774
-81;-14,5;0
-81;-14;0,0688817827876137
-81;-13,5;0,0927011945499364
-81;-13;0,10853293689172
-81;-12,5;0,112091202130807
-81;-12;0,104473006938366
-81;-11,5;0,090950864515394
-81;-11;0,0881738049708695
-81;-10,5;0,0512802756102838
-81;-10;0,0236713610367747
-81;-9,5;0
-81;-9;0,0834382868497328
-81;-8,5;0,0645672974301689
-81;-8;0
-81;-7,5;0,257774904011194
-81;-7;0,172758722218064
-81;-6,5;0,119879864106454
-81;-6;0,120189730961391
-81;-5,5;0,0439700655749644
-81;-5;0,335738424654953
-81;-4,5;0,261882592151295
-81;-4;0,261475392045143
-81;-3,5;0,141939160469284
-81;-3;0,0840384265848495
-81;-2,5;0,371814469863667
-81;-2;0,220588984312454
-81;-1,5;0
-81;-1;0,0346482322781408
-81;-0,5;0,412243253431757
-81;0;0
-81;0,5;0
-81;1;0
-81;1,5;0
-81;2;0
-81;2,5;0
-81;3;0
-81;3,5;0
-80,5;-45,5;0
-80,5;-45;0
-80,5;-44,5;0
-80,5;-44;0
-80,5;-43,5;0
-80,5;-43;0,0762056428356851
-80,5;-42,5;0
-80,5;-42;0,0433220498129994
-80,5;-41,5;0,0397156560229506
-80,5;-41;0
-80,5;-40,5;0
-80,5;-40;0
-80,5;-39,5;0
-80,5;-39;0,0254558441227157
-80,5;-38,5;0
-80,5;-38;0,120955914834014
-80,5;-37,5;0,100321433402838
-80,5;-37;0,104613478089488
-80,5;-36,5;0,0598201006723028
-80,5;-36;0
-80,5;-35,5;0
-80,5;-35;0,315092884148509
-80,5;-34,5;0,106793294229121
-80,5;-34;0,0870856910314064
-80,5;-33,5;0
-80,5;-33;0,173170081691332
-80,5;-32,5;0,136674645607673
-80,5;-32;0,136659573096505
-80,5;-31,5;0,220438653597775
-80,5;-31;0
-80,5;-30,5;0,312018375527254
-80,5;-30;0,243037162519627
-80,5;-29,5;0,289193949325259
-80,5;-29;0,128488127998017
-80,5;-28,5;0,232801872632731
-80,5;-28;0,12028949431344
-80,5;-27,5;0,0950560432908935
-80,5;-27;0,0974268797324944
-80,5;-26,5;0,0650153729607669
-80,5;-26;0,0678495224176832
-80,5;-25,5;0,0749490493602154
-80,5;-25;0,064330642612579
-80,5;-24,5;0,0411038397357916
-80,5;-24;0,0472757866142913
-80,5;-23,5;0
-80,5;-23;0
-80,5;-22,5;0
-80,5;-22;0
-80,5;-21,5;0,0286391340651215
-80,5;-21;0,0292723884791236
-80,5;-20,5;0,0185
-80,5;-20;0
-80,5;-19,5;0
-80,5;-19;0
-80,5;-18,5;0
-80,5;-18;0
-80,5;-17,5;0
-80,5;-17;0
-80,5;-16,5;0
-80,5;-16;0
-80,5;-15,5;0
-80,5;-15;0,0581101268464049
-80,5;-14,5;0,0535487316998887
-80,5;-14;0,0396936182948007
-80,5;-13,5;0,0961686978164741
-80,5;-13;0,0870666536771667
-80,5;-12,5;0,121340097284614
-80,5;-12;0,067110179201685
-80,5;-11,5;0,0880458890092466
-80,5;-11;0,0778348582032187
-80,5;-10,5;0,0823510777100094
-80,5;-10;0,0692857975282845
-80,5;-9,5;0,0886553250891714
-80,5;-9;0,00777817459305202
-80,5;-8,5;0
-80,5;-8;0,0789240140895026
-80,5;-7,5;0,296366800894211
-80,5;-7;0,167810505599243
-80,5;-6,5;0,0779312050931636
-80,5;-6;0,103787121872931
-80,5;-5,5;0,0766093989011792
-80,5;-5;0,267631877515269
-80,5;-4,5;0,336809186352161
-80,5;-4;0,275854617862523
-80,5;-3,5;0,113080502298142
-80,5;-3;0,111141926282469
-80,5;-2,5;0,358528872450954
-80,5;-2;0,295002024707087
-80,5;-1,5;0,114684972237616
-80,5;-1;0,237772132422035
-80,5;-0,5;0,329068165746111
-80,5;0;0,320555763169132
-80,5;0,5;0,230602208492757
-80,5;1;0,280855914027895
-80,5;1,5;0
-80,5;2;0
-80,5;2,5;0
-80,5;3;0
-80,5;3,5;0,139867607468805
-80,5;4;0,134002280245939
-80;-46,5;0
-80;-46;0
-80;-45,5;0
-80;-45;0,0553684627442976
-80;-44,5;0,0576830419909815
-80;-44;0
-80;-43,5;0
-80;-43;0
-80;-42,5;0
-80;-42;0,0591805148113239
-80;-41,5;0
-80;-41;0
-80;-40,5;0
-80;-40;0
-80;-39,5;0
-80;-39;0,0780032050623563
-80;-38,5;0,00212132034355964
-80;-38;0,0648964987927358
-80;-37,5;0,0970644116038417
-80;-37;0,171794791974176
-80;-36,5;0,101626299558258
-80;-36;0,189994061985483
-80;-35,5;0,260378399987642
-80;-35;0,325401519769535
-80;-34,5;0,0943841810176558
-80;-34;0
-80;-33,5;0,00565685424949239
-80;-33;0,124973623883869
-80;-32,5;0,154946148844801
-80;-32;0,120641731247093
-80;-31,5;0,25991372194854
-80;-31;0,306202408373313
-80;-30,5;0,216066044913068
-80;-30;0,338870870973842
-80;-29,5;0,119726838356255
-80;-29;0,155936751964083
-80;-28,5;0,138468294824769
-80;-28;0,0998274282327453
-80;-27,5;0,0918604746092387
-80;-27;0,0757999728591449
-80;-26,5;0,0803083126995735
-80;-26;0,0732061323601107
-80;-25,5;0,0515454926751705
-80;-25;0,0687903576127687
-80;-24,5;0
-80;-24;0
-80;-23,5;0
-80;-23;0
-80;-22,5;0
-80;-22;0
-80;-21,5;0,036440362237497
-80;-21;0,0447995535692042
-80;-20,5;0
-80;-20;0
-80;-19,5;0
-80;-19;0
-80;-18,5;0
-80;-18;0
-80;-17,5;0
-80;-17;0
-80;-16,5;0
-80;-16;0
-80;-15,5;0,0224988888614527
-80;-15;0,0494931452685261
-80;-14,5;0,0389763461031887
-80;-14;0,0705726575948504
-80;-13,5;0,0634127144071664
-80;-13;0,0695251705425746
-80;-12,5;0,272003882841223
-80;-12;0,160364208276243
-80;-11,5;0,118440463669911
-80;-11;0,0836516323106447
-80;-10,5;0,0743400594864199
-80;-10;0,0214639232201385
-80;-9,5;0
-80;-9;0
-80;-8,5;0
-80;-8;0
-80;-7,5;0
-80;-7;0,0491722508780131
-80;-6,5;0,0241315837303177
-80;-6;0,0352349258548957
-80;-5,5;0,103853337883159
-80;-5;0,101686242697933
-80;-4,5;0,0648040168975705
-80;-4;0,096987382586357
-80;-3,5;0,0828062360409693
-80;-3;0,2799966896212
-80;-2,5;0,21325514221659
-80;-2;0,217302755416408
-80;-1,5;0,148729932891308
-80;-1;0,192661829430431
-80;-0,5;0,212861911925048
-80;0;0,270490254496863
-80;0,5;0,158565295577792
-80;1;0,251599880763088
-80;1,5;0
-80;2;0
-80;2,5;0
-80;3;0
-80;3,5;0,00919238815542513
-80;4;0,119267930667528
-80;4,5;0
-79,5;-47;0
-79,5;-46,5;0
-79,5;-46;0
-79,5;-45,5;0
-79,5;-45;0
-79,5;-44,5;0
-79,5;-44;0
-79,5;-43,5;0
-79,5;-43;0
-79,5;-42,5;0
-79,5;-42;0
-79,5;-41,5;0
-79,5;-41;0
-79,5;-40,5;0
-79,5;-40;0
-79,5;-39,5;0,0665529864093265
-79,5;-39;0
-79,5;-38,5;0,0141421356237309
-79,5;-38;0,0829545330012444
-79,5;-37,5;0,167187787862201
-79,5;-37;0,125521357191161
-79,5;-36,5;0,148799753584025
-79,5;-36;0,0253837218179946
-79,5;-35,5;0,279693096382433
-79,5;-35;0,0987091193553181
-79,5;-34,5;0
-79,5;-34;0
-79,5;-33,5;0,100966578628772
-79,5;-33;0,110283618227166
-79,5;-32,5;0,187471493257812
-79,5;-32;0,15429909113086
-79,5;-31,5;0,0963966919672155
-79,5;-31;0,390419697031936
-79,5;-30,5;0,247745240755055
-79,5;-30;0,110595597757715
-79,5;-29,5;0,0950678204030705
-79,5;-29;0,116893757798459
-79,5;-28,5;0,0918901333668065
-79,5;-28;0,0596914665639533
-79,5;-27,5;0,064481180050036
-79,5;-27;0,0618869098468296
-79,5;-26,5;0,0670847367495909
-79,5;-26;0,0699948191843059
-79,5;-25,5;0,0528906103828143
-79,5;-25;0,0212132034355964
-79,5;-24,5;0
-79,5;-24;0
-79,5;-23,5;0
-79,5;-23;0
-79,5;-22,5;0
-79,5;-22;0
-79,5;-21,5;0
-79,5;-21;0
-79,5;-20,5;0
-79,5;-20;0
-79,5;-19,5;0,142091519803259
-79,5;-19;0,0917341630291936
-79,5;-18,5;0,130003553064998
-79,5;-18;0
-79,5;-17,5;0
-79,5;-17;0
-79,5;-16,5;0
-79,5;-16;0,0339576942680153
-79,5;-15,5;0,064696139577184
-79,5;-15;0,0545019037863804
-79,5;-14,5;0,0306634962129239
-79,5;-14;0,0113137084989848
-79,5;-13,5;0,0231422579400564
-79,5;-13;0,113765162052248
-79,5;-12,5;0,203973061946915
-79,5;-12;0,125635550966542
-79,5;-11,5;0,141542627544448
-79,5;-11;0,101356688028653
-79,5;-10,5;0,0939872392381069
-79,5;-10;0,0618217483692314
-79,5;-9,5;0
-79,5;-9;0
-79,5;-8,5;0
-79,5;-8;0
-79,5;-7,5;0,0605061980296234
-79,5;-7;0,0173781471969828
-79,5;-6,5;0,0240416305603426
-79,5;-6;0,0360555127546399
-79,5;-5,5;0,0820993300825287
-79,5;-5;0,052781309823333
-79,5;-4,5;0,118527298915631
-79,5;-4;0,109066646291767
-79,5;-3,5;0,0881968328154777
-79,5;-3;0,244251525465672
-79,5;-2,5;0,170838257263786
-79,5;-2;0,267083608561986
-79,5;-1,5;0,121512175485458
-79,5;-1;0,52769909354985
-79,5;-0,5;0,172060196184682
-79,5;0;0,289195929629526
-79,5;0,5;0,250992222166814
-79,5;1;0,236531592909794
-79,5;1,5;0
-79,5;2;0,0677222267796918
-79,5;2,5;0
-79,5;3;0
-79,5;4;0,00212132034355964
-79,5;4,5;0,301535356846542
-79;-47;0
-79;-46,5;0
-79;-46;0
-79;-45,5;0
-79;-45;0
-79;-44,5;0,258910439868723
-79;-44;0,307409291868793
-79;-43,5;0,0852719180035256
-79;-43;0,0568013178181841
-79;-42,5;0,102792208339145
-79;-42;0,106479961226783
-79;-41,5;0,124339325465208
-79;-41;0,00707106781186548
-79;-40,5;0
-79;-40;0,175546480074841
-79;-39,5;0,175479689989011
-79;-39;0,281390347033878
-79;-38,5;0,0910445695050706
-79;-38;0,121808944549783
-79;-37,5;0,158867270146527
-79;-37;0
-79;-36,5;0,0653614947809488
-79;-36;0,0711263128592533
-79;-35,5;0,105574618161753
-79;-35;0,0915499047376417
-79;-34,5;0,133998575297718
-79;-34;0,152027957955108
-79;-33,5;0,148693468649593
-79;-33;0,141377081475983
-79;-32,5;0,275687808083721
-79;-32;0,0986026922000151
-79;-31,5;0,0683995614021026
-79;-31;0,142203013222987
-79;-30,5;0,276104373075308
-79;-30;0,0701203802390412
-79;-29,5;0,106629661048812
-79;-29;0,0731585739379826
-79;-28,5;0,0680602724984442
-79;-28;0,0668287744624563
-79;-27,5;0,0760653644451597
-79;-27;0,0560049017462565
-79;-26,5;0,0906054968564604
-79;-26;0,0378901922226144
-79;-25,5;0,0344903368109581
-79;-25;0
-79;-24,5;0
-79;-24;0,0298719489376461
-79;-23,5;0
-79;-23;0
-79;-22,5;0
-79;-22;0
-79;-21,5;0
-79;-21;0
-79;-20,5;0
-79;-20;0,0737997289967924
-79;-19,5;0,0861855531967622
-79;-19;0,0850438455446638
-79;-18,5;0,19274012728715
-79;-18;0
-79;-17,5;0
-79;-17;0
-79;-16,5;0
-79;-16;0,0810668815590823
-79;-15,5;0,0576080967439258
-79;-15;0,0531802050628457
-79;-14,5;0,0191650723974631
-79;-14;0
-79;-13,5;0,0389289951921016
-79;-13;0,196356202452987
-79;-12,5;0,0712558489627063
-79;-12;0,072516114984515
-79;-11,5;0,0536698740879405
-79;-11;0,0517293782238736
-79;-10,5;0,0838911186015527
-79;-10;0,0990016834873697
-79;-9,5;0
-79;-9;0
-79;-8,5;0,00494974746830584
-79;-8;0,032654759734736
-79;-7,5;0,0682798861828493
-79;-7;0,0843741666625514
-79;-6,5;0,0610137093387439
-79;-6;0
-79;-5,5;0,0729891208654131
-79;-5;0,115323974296844
-79;-4,5;0
-79;-4;0,039467708319587
-79;-3,5;0,0707106781186547
-79;-3;0
-79;-2,5;0
-79;-2;0
-79;-1,5;0,0581578312296232
-79;-1;0,239279878581793
-79;-0,5;0,285366308730954
-79;0;0,28567976243806
-79;0,5;0,26944443410294
-79;1;0,245396869037348
-79;1,5;0,146417212102949
-79;2;0,105199108546719
-79;2,5;0
-79;3;0
-79;4;0,225940913285523
-79;4,5;0,157137379508471
-79;5;0,164398744297019
-78,5;-46,5;0
-78,5;-46;0
-78,5;-45,5;0
-78,5;-45;0,273838023579441
-78,5;-44,5;0,329131107400358
-78,5;-44;0,0706950414731393
-78,5;-43,5;0,0753558226018401
-78,5;-43;0,0327210431781547
-78,5;-42,5;0,00636396103067891
-78,5;-42;0,114735565540943
-78,5;-41,5;0,0869741340859453
-78,5;-41;0
-78,5;-40,5;0
-78,5;-40;0,230968862370267
-78,5;-39,5;0,361096773878955
-78,5;-39;0,266018483067123
-78,5;-38,5;0,147417177343158
-78,5;-38;0
-78,5;-37,5;0
-78,5;-37;0
-78,5;-36,5;0
-78,5;-36;0,0494287365810618
-78,5;-35,5;0,191671045778411
-78,5;-35;0,157507385899529
-78,5;-34,5;0,0104043260233424
-78,5;-34;0,134001968166619
-78,5;-33,5;0,178216933848061
-78,5;-33;0,22532970424255
-78,5;-32,5;0,169734627190071
-78,5;-32;0,121625816690842
-78,5;-31,5;0,11872614522916
-78,5;-31;0,119440190822325
-78,5;-30,5;0,112414651385635
-78,5;-30;0,101715344151977
-78,5;-29,5;0,103715449256195
-78,5;-29;0,0623808131852939
-78,5;-28,5;0,0993889884189653
-78,5;-28;0,0538777465373284
-78,5;-27,5;0,0841296201490613
-78,5;-27;0,0494850180034596
-78,5;-26,5;0,0520929239654747
-78,5;-26;0
-78,5;-25,5;0
-78,5;-25;0
-78,5;-24,5;0
-78,5;-24;0,0493604655119414
-78,5;-23,5;0,0898025612106915
-78,5;-23;0
-78,5;-22,5;0
-78,5;-22;0
-78,5;-21,5;0
-78,5;-21;0
-78,5;-20,5;0,0640405687392331
-78,5;-20;0,0624593200944956
-78,5;-19,5;0,0535384078126265
-78,5;-19;0,0504704788046362
-78,5;-18,5;0,0790522266951067
-78,5;-18;0
-78,5;-17,5;0,0401034376866337
-78,5;-17;0
-78,5;-16,5;0
-78,5;-16;0
-78,5;-15,5;0,0380001461985492
-78,5;-15;0,0490104864062557
-78,5;-14,5;0,0403050865276332
-78,5;-14;0
-78,5;-13,5;0,0504283470066012
-78,5;-13;0,0363017941903414
-78,5;-12,5;0,0545648482092503
-78,5;-12;0,0448959344210167
-78,5;-11,5;0,0850418449036437
-78,5;-11;0,0577262722754771
-78,5;-10,5;0,100047546628854
-78,5;-10;0,0788644406561031
-78,5;-9,5;0
-78,5;-9;0
-78,5;-8,5;0,105161780129475
-78,5;-8;0,0886580262245618
-78,5;-7,5;0,0846095795544509
-78,5;-7;0,0230072452356499
-78,5;-6,5;0,0788854174794625
-78,5;-6;0,0640132798722265
-78,5;-5,5;0,0634938626028949
-78,5;-5;0,0839541999682428
-78,5;-4,5;0,113836334757893
-78,5;-4;0,103003097503124
-78,5;-3,5;0,0984536485376955
-78,5;-3;0,0800957941276182
-78,5;-2,5;0,0862944422847194
-78,5;-2;0,249056801706339
-78,5;-1,5;0,117173379188764
-78,5;-1;0,153934187919794
-78,5;-0,5;0,0684641025160874
-78,5;0;0,156867110881123
-78,5;0,5;0,287089808828759
-78,5;1;0,341121860644439
-78,5;1,5;0,0750446533738413
-78,5;2;0,0747440075635945
-78,5;2,5;0,217387480473616
-78,5;3,5;0
-78,5;4;0,242869306418082
-78,5;4,5;0,349903612458768
-78,5;5;0,25016783908492
-78,5;6;0
-78,5;6,5;0
-78,5;7;0
-78;-46;0
-78;-45,5;0
-78;-45;0,109137527917761
-78;-44,5;0
-78;-44;0,100258237994263
-78;-43,5;0,101243590937315
-78;-43;0,0908744555233574
-78;-42,5;0
-78;-42;0,0700035713374682
-78;-41,5;0
-78;-41;0
-78;-40,5;0
-78;-40;0,0920515365440304
-78;-39,5;0,0818733315814278
-78;-39;0,101027224053717
-78;-38,5;0
-78;-38;0
-78;-37,5;0
-78;-37;0
-78;-36,5;0
-78;-36;0,171428599439774
-78;-35,5;0,195921165844343
-78;-35;0,113843853926872
-78;-34,5;0,14574829901809
-78;-34;0,161595604692028
-78;-33,5;0,147800756070468
-78;-33;0,22364727562862
-78;-32,5;0,120729244584178
-78;-32;0,164142620912425
-78;-31,5;0,105754155376091
-78;-31;0,114926252629865
-78;-30,5;0,0940502515922281
-78;-30;0,0801501609797806
-78;-29,5;0,0576701263936613
-78;-29;0,0692920653547119
-78;-28,5;0,067856821949221
-78;-28;0,0642712056739865
-78;-27,5;0,0523341812480549
-78;-27;0,0429150074095597
-78;-26,5;0,0514328040586291
-78;-26;0
-78;-25,5;0,00919238815542513
-78;-25;0,0775048385586345
-78;-24,5;0,0406687157953684
-78;-24;0
-78;-23,5;0
-78;-23;0
-78;-22,5;0
-78;-22;0
-78;-21,5;0,0572756492761104
-78;-21;0,0338768076305619
-78;-20,5;0,0686944963117819
-78;-20;0,0495297113629012
-78;-19,5;0,3667961250728
-78;-19;0,343330594920957
-78;-18,5;0,33882482205748
-78;-18;0,278403065117227
-78;-17,5;0,0829251769985277
-78;-17;0,0640051123877203
-78;-16,5;0,0622414652783817
-78;-16;0,0367695526217005
-78;-15,5;0,0461932698757966
-78;-15;0,0397395879254535
-78;-14,5;0,0207846096908265
-78;-14;0
-78;-13,5;0
-78;-13;0,0293147868002856
-78;-12,5;0,066934750836656
-78;-12;0,0694684771999068
-78;-11,5;0,0729825920903191
-78;-11;0,098808912559552
-78;-10,5;0,236463445612871
-78;-10;0,12409179842395
-78;-9,5;0,174539193003119
-78;-9;0,145147849685754
-78;-8,5;0,0620036097259476
-78;-8;0,0728758302846432
-78;-7,5;0,0782393323974443
-78;-7;0,0722354870641698
-78;-6,5;0,0859779595234123
-78;-6;0,0617965231763069
-78;-5,5;0,037476659402887
-78;-5;0,0014142135623731
-78;-4,5;0,045632590692764
-78;-4;0,102457796189455
-78;-3,5;0,115753079277913
-78;-3;0,0976142123554839
-78;-2,5;0,111938962444411
-78;-2;0,19698468637604
-78;-1,5;0,0954321748678086
-78;-1;0,161667353950429
-78;-0,5;0,160329383180723
-78;0;0,122796240441907
-78;0,5;0
-78;1;0
-78;1,5;0
-78;2,5;0,135241450746434
-78;3;0,264457936163769
-78;3,5;0
-78;4;0,0544472221513641
-78;4,5;0,0866223329830626
-78;5;0,155577204842698
-78;5,5;0,156280594390367
-78;6;0
-78;6,5;0
-78;7;0
-78;7,5;0
-77,5;-46;0
-77,5;-45,5;0,103696673042099
-77,5;-45;0,0445477272147525
-77,5;-44,5;0
-77,5;-44;0
-77,5;-43,5;0
-77,5;-43;0,0376430604494374
-77,5;-42,5;0
-77,5;-42;0
-77,5;-41,5;0
-77,5;-41;0
-77,5;-40,5;0
-77,5;-40;0
-77,5;-39,5;0
-77,5;-39;0
-77,5;-38,5;0
-77,5;-38;0
-77,5;-37,5;0
-77,5;-37;0
-77,5;-36,5;0,0907983112911982
-77,5;-36;0,134010385169707
-77,5;-35,5;0,155758438121661
-77,5;-35;0,115297875088832
-77,5;-34,5;0,105419584939844
-77,5;-34;0,123429569237863
-77,5;-33,5;0,116245260434465
-77,5;-33;0,109720590264216
-77,5;-32,5;0,126121625886004
-77,5;-32;0,117543673856336
-77,5;-31,5;0,109293713680018
-77,5;-31;0,0932426639119751
-77,5;-30,5;0,0682480434976888
-77,5;-30;0,0893880560793223
-77,5;-29,5;0,0710820882614245
-77,5;-29;0,0738653749925844
-77,5;-28,5;0,0688631810543053
-77,5;-28;0,0568017978200424
-77,5;-27,5;0,0416331114185158
-77,5;-27;0,0495376055030354
-77,5;-26,5;0
-77,5;-26;0
-77,5;-25,5;0,0438340534564651
-77,5;-25;0,0447427384463464
-77,5;-24,5;0,0625069900853001
-77,5;-24;0,0309413423539876
-77,5;-23,5;0
-77,5;-23;0
-77,5;-22,5;0
-77,5;-22;0
-77,5;-21,5;0,055107524764902
-77,5;-21;0,0394749709731791
-77,5;-20,5;0,0746174645096724
-77,5;-20;0,114188211383871
-77,5;-19,5;0,0473693885791127
-77,5;-19;0,316423678703798
-77,5;-18,5;0,236689007892019
-77,5;-18;0,290930373392264
-77,5;-17,5;0,206203809642575
-77,5;-17;0,0296214208205577
-77,5;-16,5;0,0853659442895376
-77,5;-16;0,0742125045617875
-77,5;-15,5;0,0676115720518661
-77,5;-15;0,0492924841323247
-77,5;-14,5;0,08476185125734
-77,5;-14;0,0256016492524299
-77,5;-13,5;0
-77,5;-13;0,042688405920109
-77,5;-12,5;0,0624464843349656
-77,5;-12;0,0716471123781078
-77,5;-11,5;0,0957205091556448
-77,5;-11;0,079941645383784
-77,5;-10,5;0,112514056841859
-77,5;-10;0,295623298143562
-77,5;-9,5;0,206885856252142
-77,5;-9;0,107910252672526
-77,5;-8,5;0,0766135259137783
-77,5;-8;0,160015298747755
-77,5;-7,5;0,121675437928622
-77,5;-7;0,0547681694139249
-77,5;-6,5;0,0441637161426596
-77,5;-6;0,0886283951352072
-77,5;-5,5;0
-77,5;-5;0,0658869555305973
-77,5;-4,5;0,10387693768021
-77,5;-4;0,0722881439627257
-77,5;-3,5;0,072486307023343
-77,5;-3;0,1032372463419
-77,5;-2,5;0,102409866509809
-77,5;-2;0,139483761409598
-77,5;-1,5;0
-77,5;-1;0,0991362698511498
-77,5;-0,5;0,0719943179576126
-77,5;0;0,120063673583169
-77,5;0,5;0,187468595660645
-77,5;1;0
-77,5;1,5;0,0954581932924915
-77,5;2;0,0565685424949238
-77,5;2,5;0
-77,5;3;0
-77,5;3,5;0
-77,5;4;0
-77,5;4,5;0,162123409784028
-77,5;5;0,161660520256257
-77,5;5,5;0,203424552888654
-77,5;6;0,216768903747337
-77,5;6,5;0,177346177479715
-77,5;7;0
-77,5;7,5;0
-77;-48;0,130107647738325
-77;-47,5;0,100269399025587
-77;-47;0,120320088969065
-77;-46,5;0,112028450075745
-77;-45,5;0
-77;-45;0
-77;-44,5;0
-77;-44;0
-77;-43,5;0
-77;-43;0
-77;-42;0
-77;-41,5;0
-77;-41;0
-77;-40,5;0
-77;-40;0
-77;-39,5;0
-77;-39;0
-77;-38,5;0,0579827560572969
-77;-38;0
-77;-37,5;0
-77;-37;0
-77;-36,5;0,104627229452266
-77;-36;0,15728357606349
-77;-35,5;0,195912835498997
-77;-35;0,114167396591341
-77;-34,5;0,229507208652646
-77;-34;0,158916321416472
-77;-33,5;0,0949729623701778
-77;-33;0,116939544820634
-77;-32,5;0,164058119782797
-77;-32;0,135371882348633
-77;-31,5;0,0727814431125027
-77;-31;0,0686878101247977
-77;-30,5;0,0608446969164704
-77;-30;0,0696468961321685
-77;-29,5;0,0593014367532736
-77;-29;0,0686204194688805
-77;-28,5;0,0858512038237961
-77;-28;0,0381613778092789
-77;-27,5;0,0444487351730005
-77;-27;0
-77;-26,5;0,0328274710744349
-77;-26;0,0517270810029999
-77;-25,5;0,054071865759068
-77;-25;0,0301823517800446
-77;-24,5;0,0520102553989756
-77;-24;0,0480041664858375
-77;-23,5;0,0619505178886074
-77;-23;0
-77;-22,5;0,0794260662503186
-77;-22;0
-77;-21,5;0,0339231624761158
-77;-21;0,0338985250416593
-77;-20,5;0,0646771865617117
-77;-20;0,106585118400213
-77;-19,5;0,052068047581481
-77;-19;0,028626116492716
-77;-18,5;0,0511268264314575
-77;-18;0,0816765747148034
-77;-17,5;0,121810369976313
-77;-17;0
-77;-16,5;0
-77;-16;0
-77;-15,5;0,046328863965822
-77;-15;0,0631542458888106
-77;-14,5;0,0968229355631393
-77;-14;0,0376106211531984
-77;-13,5;0
-77;-13;0,0493840633634548
-77;-12,5;0,0304402876318722
-77;-12;0,0550511440253336
-77;-11,5;0,0615617217777029
-77;-11;0,0564899715269612
-77;-10,5;0,0758039162938842
-77;-10;0,0963605735086554
-77;-9,5;0,0818693145392128
-77;-9;0,0796882977996239
-77;-8,5;0,0696936892226285
-77;-8;0,111971991519217
-77;-7,5;0,0811807024582376
-77;-7;0,0715670847460452
-77;-6,5;0,123317282028042
-77;-6;0,151084510826771
-77;-5,5;0
-77;-5;0,0601040764008565
-77;-4,5;0
-77;-4;0,0814419783240396
-77;-3,5;0,104236941249005
-77;-3;0,126291407880479
-77;-2,5;0,150734130462944
-77;-2;0,168135230600938
-77;-1,5;0
-77;-1;0
-77;-0,5;0
-77;0;0,124646945855529
-77;0,5;0,267844948928791
-77;1;0,115283274300019
-77;1,5;0,197290832312654
-77;2;0,196720049252174
-77;2,5;0
-77;3;0
-77;3,5;0
-77;4;0
-77;4,5;0,20809845426304
-77;5;0,253418558103778
-77;5,5;0,261212010224864
-77;6;0,154051164697116
-77;6,5;0,193828435908782
-77;7;0
-77;7,5;0
-77;8;0
-76,5;-48;0
-76,5;-47,5;0,117567002173229
-76,5;-47;0,0843257300747684
-76,5;-46,5;0,121974262849672
-76,5;-45;0
-76,5;-44,5;0
-76,5;-44;0
-76,5;-43,5;0
-76,5;-43;0,00989949493661167
-76,5;-42,5;0,0230506688261606
-76,5;-42;0,00494974746830584
-76,5;-41,5;0
-76,5;-41;0
-76,5;-40,5;0
-76,5;-40;0
-76,5;-39,5;0
-76,5;-39;0,0709246078593319
-76,5;-38,5;0,0801204774641971
-76,5;-38;0
-76,5;-37,5;0
-76,5;-37;0
-76,5;-36,5;0,0996120716319805
-76,5;-36;0,107706428277065
-76,5;-35,5;0,138520116158792
-76,5;-35;0,177324561186543
-76,5;-34,5;0,10300125543259
-76,5;-34;0,1118281375325
-76,5;-33,5;0,116861817482795
-76,5;-33;0,0420762346676782
-76,5;-32,5;0
-76,5;-32;0,0749799540310176
-76,5;-31,5;0,0883308741796057
-76,5;-31;0,102293794799809
-76,5;-30,5;0,0811907257908891
-76,5;-30;0,0632033061829673
-76,5;-29,5;0,0671421732487967
-76,5;-29;0,053010035471292
-76,5;-28,5;0,0644584206229394
-76,5;-28;0,0480696832155616
-76,5;-27,5;0
-76,5;-27;0,0410754894472766
-76,5;-26,5;0,0578403201199557
-76,5;-26;0,0319358331016655
-76,5;-25,5;0
-76,5;-25;0,0143061758225833
-76,5;-24,5;0,0659747426419131
-76,5;-24;0
-76,5;-23,5;0,0367241972909779
-76,5;-23;0,077762244480639
-76,5;-22,5;0,0352467492590924
-76,5;-22;0,076507702693445
-76,5;-21,5;0,0618448280668698
-76,5;-21;0,0242241516633612
-76,5;-20,5;0,0536694407181133
-76,5;-20;0,0802656007681165
-76,5;-19,5;0,0779507941960149
-76,5;-19;0,0465570893550459
-76,5;-18,5;0,0701413538777911
-76,5;-18;0,0339745894349399
-76,5;-17,5;0,0475029322403215
-76,5;-17;0,0409718916628553
-76,5;-16,5;0
-76,5;-16;0
-76,5;-15,5;0,10987850433222
-76,5;-15;0,0429697269702454
-76,5;-14,5;0,058232670910346
-76,5;-14;0,0435970039363735
-76,5;-13,5;0,0450261828590559
-76,5;-13;0,0632652265378769
-76,5;-12,5;0,095
-76,5;-12;0,0751585988834542
-76,5;-11,5;0,0961322006405762
-76,5;-11;0,0603473280270138
-76,5;-10,5;0,0617326866673937
-76,5;-10;0,0876632830696677
-76,5;-9,5;0,0775241268503067
-76,5;-9;0,0585484447092128
-76,5;-8,5;0,0817924819345281
-76,5;-8;0,0770094859062196
-76,5;-7,5;0,0897496382219762
-76,5;-7;0,091946135518219
-76,5;-6,5;0,281303797931774
-76,5;-6;0,259201904130838
-76,5;-5,5;0,236670079623936
-76,5;-5;0,117493201532757
-76,5;-4,5;0,0830169995978066
-76,5;-4;0,0753246818267936
-76,5;-3,5;0,068139942208208
-76,5;-3;0,121617529696223
-76,5;-2,5;0,116683320866442
-76,5;-2;0,0692775645673327
-76,5;-1,5;0,0663630510559494
-76,5;-1;0,134937197658125
-76,5;-0,5;0,0884543378951712
-76,5;0;0,0910652465042462
-76,5;0,5;0
-76,5;1;0
-76,5;1,5;0
-76,5;2;0,11245861984068
-76,5;2,5;0,174656806337457
-76,5;3;0
-76,5;3,5;0
-76,5;4;0
-76,5;4,5;0,157186460400803
-76,5;5;0,21363050800481
-76,5;5,5;0,259604967256773
-76,5;6;0,218098466699036
-76,5;6,5;0,167313608316055
-76,5;7;0,248058373214329
-76,5;7,5;0,243344564194635
-76,5;8;0
-76,5;8,5;0
-76;-47;0,0853031059401763
-76;-46,5;0,066297310151569
-76;-45;0
-76;-44,5;0
-76;-44;0
-76;-43,5;0
-76;-43;0,0627814967953877
-76;-42,5;0,0885103776769806
-76;-42;0,0720919866937688
-76;-41,5;0,0746088088564236
-76;-41;0
-76;-40,5;0
-76;-40;0
-76;-39,5;0,0161062321567061
-76;-39;0,0738394239300104
-76;-38,5;0,0840306066688969
-76;-38;0,0333816316757185
-76;-37,5;0,0841161328730928
-76;-37;0,0813040057475724
-76;-36,5;0,0910130928112162
-76;-36;0,0845173332024295
-76;-35,5;0,0878193524680073
-76;-35;0,0717183010526766
-76;-34,5;0,0887924444372088
-76;-34;0,0860993362131084
-76;-33,5;0,0640100525050982
-76;-33;0,0303792692473009
-76;-32,5;0,0464994623624833
-76;-32;0,0578577556511802
-76;-31,5;0,0763304356317105
-76;-31;0,0841499418670181
-76;-30,5;0,0535702068208023
-76;-30;0,0659904237517538
-76;-29,5;0,0507243627859069
-76;-29;0,0662387871498031
-76;-28,5;0,0380465089345299
-76;-28;0,0270061721340388
-76;-27,5;0,0359593787915882
-76;-27;0,0405776171765443
-76;-26,5;0,0477970979162306
-76;-26;0,0331240094191509
-76;-25,5;0
-76;-25;0
-76;-24,5;0,0383536178215302
-76;-24;0
-76;-23,5;0,0311126983722081
-76;-23;0,17202538881711
-76;-22,5;0,193897257178804
-76;-22;0,336595234292246
-76;-21,5;0,072651666917438
-76;-21;0,138831726608475
-76;-20,5;0,0428541498681229
-76;-20;0,103579920834108
-76;-19,5;0,1143951316877
-76;-19;0,0590244852210422
-76;-18,5;0,0519244570993658
-76;-18;0,0465707986372822
-76;-17,5;0,0986540371582382
-76;-17;0,0376870515272003
-76;-16,5;0,0433684561462101
-76;-16;0,0698419644626352
-76;-15,5;0,0383997767850655
-76;-15;0,124792069483844
-76;-14,5;0,049492347621812
-76;-14;0,119224163234225
-76;-13,5;0,0537844280984966
-76;-13;0,0826968748456899
-76;-12,5;0,0627454426484692
-76;-12;0,0793294660583989
-76;-11,5;0,0620505258245411
-76;-11;0,0948742024246543
-76;-10,5;0,102175094812777
-76;-10;0,0849539536597576
-76;-9,5;0,0546212087862889
-76;-9;0,0981505363091704
-76;-8,5;0,0700251412577173
-76;-8;0,0752481668935233
-76;-7,5;0,123805068351401
-76;-7;0,153943490983833
-76;-6,5;0,114374233176713
-76;-6;0,106804719714134
-76;-5,5;0,0946695013091042
-76;-5;0,0739635710906717
-76;-4,5;0,0703754692109876
-76;-4;0,121880679354851
-76;-3,5;0,0889447599899529
-76;-3;0,0135277492584687
-76;-2,5;0
-76;-2;0,142075488541988
-76;-1,5;0,141302705372029
-76;-1;0,135363543426171
-76;-0,5;0
-76;0;0
-76;0,5;0
-76;1;0
-76;1,5;0
-76;2;0,14251770224974
-76;2,5;0,197177505463906
-76;3;0,213163048815026
-76;3,5;0
-76;4;0
-76;4,5;0
-76;5;0
-76;5,5;0
-76;6;0,139317160615016
-76;6,5;0,113763352359783
-76;7;0,191963910298636
-76;7,5;0,279099721507304
-76;8;0
-76;8,5;0
-76;9;0,0431335136523794
-76;9,5;0,0161658075373095
-76;11,5;0
-76;12;0,102166530723129
-75,5;-49;0
-75,5;-48,5;0
-75,5;-48;0,0926309883354377
-75,5;-47,5;0,0675314068348269
-75,5;-45,5;0
-75,5;-45;0
-75,5;-44,5;0
-75,5;-44;0
-75,5;-43,5;0,113933230237631
-75,5;-43;0,128724858230878
-75,5;-42,5;0,105053501108902
-75,5;-42;0,0649326574229024
-75,5;-41,5;0,0532439354919099
-75,5;-41;0
-75,5;-40,5;0
-75,5;-40;0,241629396226882
-75,5;-39,5;0,245271728250551
-75,5;-39;0,172595643333083
-75,5;-38,5;0,0212401237553564
-75,5;-38;0,0867993855585011
-75,5;-37,5;0,0860437696932805
-75,5;-37;0,0922746296165167
-75,5;-36,5;0,0722152536320607
-75,5;-36;0,0937782489519362
-75,5;-35,5;0,0702218435249895
-75,5;-35;0,0854488564622551
-75,5;-34,5;0,0710205910328079
-75,5;-34;0,0573555783301973
-75,5;-33,5;0,0668815130032896
-75,5;-33;0,0488713568852914
-75,5;-32,5;0,0964860102209132
-75,5;-32;0,0708193944429491
-75,5;-31,5;0,0734752181790131
-75,5;-31;0,084500425585581
-75,5;-30,5;0,0395347517842146
-75,5;-30;0,0622167764572167
-75,5;-29,5;0,0550528302419327
-75,5;-29;0,069869257602287
-75,5;-28,5;0,038310137909784
-75,5;-28;0,0322288690462449
-75,5;-27,5;0,0396934971745841
-75,5;-27;0,0392610146675716
-75,5;-26,5;0,0433464892310204
-75,5;-26;0,00777817459305202
-75,5;-25,5;0
-75,5;-25;0
-75,5;-24,5;0,0411126501213434
-75,5;-24;0,0742462120245875
-75,5;-23,5;0,124693881576299
-75,5;-23;0,30970206255865
-75,5;-22,5;0,304505108932433
-75,5;-22;0,143610214491497
-75,5;-21,5;0,063458635270088
-75,5;-21;0,0432866519175858
-75,5;-20,5;0,369137048688269
-75,5;-20;0,333019560653391
-75,5;-19,5;0,135485993908797
-75,5;-19;0,0431643273914833
-75,5;-18,5;0,0407876877008282
-75,5;-18;0,047349879737029
-75,5;-17,5;0,0751869099549345
-75,5;-17;0,109545489572662
-75,5;-16,5;0,0469941874510981
-75,5;-16;0,0694909656142027
-75,5;-15,5;0,0787207239610535
-75,5;-15;0,0562219790150591
-75,5;-14,5;0,0749888940083725
-75,5;-14;0,0433679014851659
-75,5;-13,5;0,0887347426065718
-75,5;-13;0,0597116175691739
-75,5;-12,5;0,0567087378838654
-75,5;-12;0,0703725285455395
-75,5;-11,5;0,0650662105563891
-75,5;-11;0,0340950542934415
-75,5;-10,5;0,0450037035513005
-75,5;-10;0,0399749921826134
-75,5;-9,5;0
-75,5;-9;0,107444171549694
-75,5;-8,5;0,0803793387335209
-75,5;-8;0,0715698927927603
-75,5;-7,5;0,0802984699012168
-75,5;-7;0,0792169264831794
-75,5;-6,5;0,0809275464767918
-75,5;-6;0,09327520917406
-75,5;-5,5;0,0668256940637116
-75,5;-5;0,062556996233657
-75,5;-4,5;0
-75,5;-4;0,057086855675445
-75,5;-3,5;0,116634705578805
-75,5;-3;0,0791932558031672
-75,5;-2,5;0,0851116913238129
-75,5;-2;0,0681363792439148
-75,5;-1,5;0,0493997300937296
-75,5;-1;0,0367695526217005
-75,5;-0,5;0
-75,5;0;0,266738073772756
-75,5;0,5;0,301980756497307
-75,5;1;0,269439447304115
-75,5;1,5;0,229104777013869
-75,5;2;0,180566866102277
-75,5;2,5;0,221365045438857
-75,5;3;0,251295657250461
-75,5;3,5;0,188483168378253
-75,5;4;0
-75,5;4,5;0
-75,5;5;0
-75,5;5,5;0
-75,5;6;0,0233345237791561
-75,5;6,5;0,138163791687017
-75,5;7;0,0910318111453029
-75,5;7,5;0,0776320296407597
-75,5;8;0
-75,5;8,5;0
-75,5;9;0,154280948633041
-75,5;9,5;0,150772570011484
-75,5;10;0
-75,5;11;0,095683506067312
-75,5;11,5;0,0915040982688754
-75,5;12;0,0445598847993723
-75,5;12,5;0,0874848904703324
-75,5;13;0
-75;-49;0,24766527124344
-75;-48,5;0,294584026668917
-75;-48;0
-75;-47,5;0,172678024079499
-75;-47;0
-75;-46,5;0
-75;-46;0
-75;-45,5;0
-75;-45;0
-75;-44,5;0
-75;-44;0,35850313806158
-75;-43,5;0,21465588684789
-75;-43;0,235077375937362
-75;-42,5;0
-75;-42;0
-75;-41,5;0
-75;-41;0
-75;-40,5;0,101219892643031
-75;-40;0,21092374069849
-75;-39,5;0,160595969354244
-75;-39;0,0837241224628275
-75;-38,5;0,0775235545827945
-75;-38;0,0417108393304074
-75;-37,5;0,0628454655673174
-75;-37;0,0965037841272413
-75;-36,5;0,0925178267377575
-75;-36;0,107601135439298
-75;-35,5;0,0605490301943084
-75;-35;0,0593187938030235
-75;-34,5;0,0690651564345823
-75;-34;0,0722687576573261
-75;-33,5;0,0590506416573253
-75;-33;0,0809418404242717
-75;-32,5;0,0852505365593484
-75;-32;0,0792096658948336
-75;-31,5;0,0736019710749202
-75;-31;0,0635303991320401
-75;-30,5;0,0442053745301019
-75;-30;0,0385696536388153
-75;-29,5;0,0475703878367814
-75;-29;0,0228546129552293
-75;-28,5;0,0589276649543294
-75;-28;0,0696669255779277
-75;-27,5;0,0859795369996225
-75;-27;0,0176681531678791
-75;-26,5;0,0377001326257614
-75;-26;0,0244438131231606
-75;-25,5;0
-75;-25;0
-75;-24,5;0,0157162336455017
-75;-24;0,0719930151526468
-75;-23,5;0,0823975416990627
-75;-23;0,0751455605019877
-75;-22,5;0,0690877462486827
-75;-22;0,0746657769964349
-75;-21,5;0,0727248857930038
-75;-21;0,0453642765005415
-75;-20,5;0,023443760152968
-75;-20;0,0745592723487006
-75;-19,5;0,0775347247859497
-75;-19;0,0855110139303784
-75;-18,5;0,0656857319713755
-75;-18;0,0621023348997443
-75;-17,5;0,0535702701706259
-75;-17;0,0365320214139402
-75;-16,5;0,0779990842437085
-75;-16;0,0321229256597399
-75;-15,5;0,0655885805972496
-75;-15;0,0719123743711811
-75;-14,5;0,0680104014874573
-75;-14;0,0670184098729951
-75;-13,5;0,0544939766940802
-75;-13;0,0769515331981011
-75;-12,5;0,0476482915097117
-75;-12;0,0569160365446053
-75;-11,5;0,0655860957811153
-75;-11;0,0522563791959093
-75;-10,5;0,113144345228309
-75;-10;0
-75;-9,5;0
-75;-9;0,0308204477579415
-75;-8,5;0,0500773643899359
-75;-8;0,0756150538162631
-75;-7,5;0,0555577777333351
-75;-7;0,072396185619877
-75;-6,5;0,0923366403568744
-75;-6;0,121101423170323
-75;-5,5;0,0707546621942485
-75;-5;0,08339482579691
-75;-4,5;0,0605626888910514
-75;-4;0,044996296143868
-75;-3,5;0,112285350780946
-75;-3;0,116009078943445
-75;-2,5;0,296365390940322
-75;-2;0,381015372191404
-75;-1,5;0,181756640017569
-75;-1;0,0801307265244321
-75;-0,5;0,0686731388535576
-75;0;0,179281281925304
-75;0,5;0,22391746761035
-75;1;0,320988914352591
-75;1,5;0,20897107175853
-75;2;0,316985367195196
-75;2,5;0,251203097998039
-75;3;0,287879403807156
-75;3,5;0,158970752026906
-75;4;0,0810524521529115
-75;4,5;0
-75;5;0
-75;5,5;0
-75;6;0
-75;6,5;0,196635100217033
-75;7;0,0967137713638992
-75;7,5;0,039765982112018
-75;8;0
-75;8,5;0,133650664046237
-75;9;0
-75;9,5;0
-75;10;0
-75;12;0,0840416563377948
-75;12,5;0,118591059046263
-75;13;0,214264351027445
-75;13,5;0,134036668756832
-74,5;-49,5;0
-74,5;-49;0,28613260516328
-74,5;-48,5;0,203516114555319
-74,5;-48;0
-74,5;-47,5;0
-74,5;-47;0
-74,5;-46,5;0,0633616603317811
-74,5;-46;0,0242005509579155
-74,5;-45,5;0
-74,5;-45;0
-74,5;-44,5;0,0285014619508076
-74,5;-44;0,133262756584911
-74,5;-43,5;0,268965767839818
-74,5;-43;0,144309116871115
-74,5;-42,5;0
-74,5;-42;0
-74,5;-41,5;0
-74,5;-41;0,0755291663581708
-74,5;-40,5;0,0851125449397587
-74,5;-40;0,0837701245446953
-74,5;-39,5;0,0761667031363881
-74,5;-39;0,0510852229123061
-74,5;-38,5;0
-74,5;-38;0,0500489503975601
-74,5;-37,5;0,0667070193966243
-74,5;-37;0,0906358236822627
-74,5;-36,5;0,0768804264419013
-74,5;-36;0,0632532884095654
-74,5;-35,5;0,0635914587533076
-74,5;-35;0,122319935687796
-74,5;-34,5;0,0485626742811116
-74,5;-34;0,056667574764568
-74,5;-33,5;0,0800681954180558
-74,5;-33;0,0648408609265516
-74,5;-32,5;0,0841995450580236
-74,5;-32;0,0607354689997783
-74,5;-31,5;0,0458890794306626
-74,5;-31;0,0509064825927894
-74,5;-30,5;0,0431151727175817
-74,5;-30;0,0431001093918567
-74,5;-29,5;0,0220808537553262
-74,5;-29;0,0411700900629264
-74,5;-28,5;0,0522118788060872
-74,5;-28;0,0577911234835279
-74,5;-27,5;0,0611652421077957
-74,5;-27;0,0356220974049734
-74,5;-26,5;0,0391303184012323
-74,5;-26;0,0533398805505117
-74,5;-25,5;0,0466113617867902
-74,5;-25;0
-74,5;-24,5;0
-74,5;-24;0,0691115946696424
-74,5;-23,5;0,0924334879009474
-74,5;-23;0,0687702539335646
-74,5;-22,5;0,043992965859501
-74,5;-22;0,0404460793741914
-74,5;-21,5;0,0538641267992358
-74,5;-21;0,0298176274893042
-74,5;-20,5;0,0756352147764896
-74,5;-20;0,045359701840074
-74,5;-19,5;0,0574187237411767
-74,5;-19;0,0886269762962686
-74,5;-18,5;0,0641591276838952
-74,5;-18;0,0671540997875749
-74,5;-17,5;0,0740272041590288
-74,5;-17;0,083873297625912
-74,5;-16,5;0,0681701819419909
-74,5;-16;0,0482138861505064
-74,5;-15,5;0,0602482742114207
-74,5;-15;0,0516997353703347
-74,5;-14,5;0,0892567672045279
-74,5;-14;0,0635017124644611
-74,5;-13,5;0,067701151068644
-74,5;-13;0,0689048149100378
-74,5;-12,5;0,0355473527244194
-74,5;-12;0,0507171612196194
-74,5;-11,5;0,0885550432161396
-74,5;-11;0,0860075238859365
-74,5;-10,5;0,0972926345346547
-74,5;-10;0,142713436648411
-74,5;-9,5;0
-74,5;-9;0,0317127734517182
-74,5;-8,5;0,0466039544612748
-74,5;-8;0,0656828386575797
-74,5;-7,5;0,101950968607463
-74,5;-7;0,0777415361228889
-74,5;-6,5;0,0665146725551956
-74,5;-6;0,0675659667580179
-74,5;-5,5;0,108502642056926
-74,5;-5;0,0926180089844048
-74,5;-4,5;0,0825102433130113
-74,5;-4;0,0997380755384884
-74,5;-3,5;0,0487127480048274
-74,5;-3;0,0843919427433686
-74,5;-2,5;0,304921808828902
-74,5;-2;0,290799706770468
-74,5;-1,5;0,293069091422038
-74,5;-1;0,263222590886385
-74,5;-0,5;0,0689029107593512
-74,5;0;0,293014740406073
-74,5;0,5;0,293133993512541
-74,5;1;0,287495431533632
-74,5;1,5;0,0826786835035631
-74,5;2;0,268330641808448
-74,5;2,5;0
-74,5;3;0,317000788642552
-74,5;3,5;0
-74,5;4;0
-74,5;4,5;0
-74,5;5;0
-74,5;5,5;0
-74,5;6;0,172534054609518
-74,5;6,5;0,150375694138897
-74,5;7;0,18293957142306
-74,5;7,5;0,298453005745721
-74,5;8;0,208351058895054
-74,5;8,5;0,215597520870002
-74,5;9;0,224282401423374
-74,5;9,5;0
-74,5;10;0
-74,5;10,5;0
-74,5;12,5;0,117082112436664
-74,5;13;0,148313422225101
-74,5;13,5;0,129228827061108
-74,5;14;0
-74,5;15,5;0,0877572409168231
-74;-49,5;0,0615182899632297
-74;-49;0,114031494852001
-74;-48,5;0,0748009581043808
-74;-48;0
-74;-47,5;0
-74;-47;0,0813460477661914
-74;-46,5;0,112635693414699
-74;-46;0,0304055915910216
-74;-45,5;0
-74;-45;0
-74;-44,5;0,0980352827642511
-74;-44;0,0581315933564612
-74;-43,5;0,085179801139516
-74;-43;0,0874150106727048
-74;-42,5;0,0853779273359952
-74;-42;0,107218800646721
-74;-41,5;0,0643638678374226
-74;-41;0,0840205001439794
-74;-40,5;0,107822603036145
-74;-40;0,0986644451019349
-74;-39,5;0
-74;-39;0
-74;-38,5;0
-74;-38;0,097879570168704
-74;-37,5;0,192699146721219
-74;-37;0,137775281127957
-74;-36,5;0,0440943625408257
-74;-36;0,110215157543692
-74;-35,5;0,0391269301973291
-74;-35;0,160593969615684
-74;-34,5;0,118505387819946
-74;-34;0,0936854098694613
-74;-33,5;0,0655249729333945
-74;-33;0,0747342999192177
-74;-32,5;0,0809433313845118
-74;-32;0,0522518532528746
-74;-31,5;0,0357028696600257
-74;-31;0,0645933168838677
-74;-30,5;0,0327860883585097
-74;-30;0,0376523097375371
-74;-29,5;0,0344048297146245
-74;-29;0,0441029197453497
-74;-28,5;0,0490668073885146
-74;-28;0,024687994572735
-74;-27,5;0,0324186424676704
-74;-27;0,0219595031869981
-74;-26,5;0,0401289587870572
-74;-26;0,0541285946788272
-74;-25,5;0,0462024530373298
-74;-25;0,021221058723196
-74;-24,5;0,185913337958225
-74;-24;0,0411997656504885
-74;-23,5;0,0559131980330737
-74;-23;0,0560979369591561
-74;-22,5;0,0478257831213216
-74;-22;0,0634805461384664
-74;-21,5;0,0703624185581706
-74;-21;0,0426943357637322
-74;-20,5;0,0419369479378171
-74;-20;0,0306082288522121
-74;-19,5;0,113067411593387
-74;-19;0,317695124217716
-74;-18,5;0,280843531217856
-74;-18;0,0615718389050859
-74;-17,5;0,0720913007908549
-74;-17;0,0443907201567629
-74;-16,5;0,0457582544680122
-74;-16;0,0840208557542749
-74;-15,5;0,0703097420930201
-74;-15;0,0852960111834635
-74;-14,5;0,0740833537315283
-74;-14;0,0549633020206311
-74;-13,5;0,0600086728425694
-74;-13;0,0787450849627905
-74;-12,5;0,0305933388330267
-74;-12;0,0355554853759948
-74;-11,5;0,196066381928287
-74;-11;0,0896279346334984
-74;-10,5;0,120550001024188
-74;-10;0,134910837506415
-74;-9,5;0,0367243485684604
-74;-9;0,0784888527117068
-74;-8,5;0,109183986266956
-74;-8;0,0014142135623731
-74;-7,5;0
-74;-7;0,155104762093747
-74;-6,5;0,0700633024211238
-74;-6;0,16951327515484
-74;-5,5;0,0987409041707771
-74;-5;0,0820373574915328
-74;-4,5;0,0963134012708918
-74;-4;0,0602054814780183
-74;-3,5;0,102998590657442
-74;-3;0,0640076725311673
-74;-2,5;0,06447546980749
-74;-2;0,0790371419346297
-74;-1,5;0,0986374057083724
-74;-1;0,305375782108484
-74;-0,5;0,103637876878145
-74;0;0,0828779222712539
-74;0,5;0,112965726936026
-74;1;0,0982272505801686
-74;1,5;0,110347569626381
-74;2;0,180165474959402
-74;2,5;0,172434722663443
-74;3;0,215593753774702
-74;3,5;0
-74;4;0
-74;4,5;0,10391486900343
-74;5;0
-74;5,5;0
-74;6;0,0445477272147525
-74;6,5;0,184211446829064
-74;7;0,0542685123121265
-74;7,5;0,284240338169547
-74;8;0,237061116380838
-74;8,5;0,256636294198619
-74;9;0,223944841256649
-74;9,5;0,217440109500322
-74;10;0,242687415233269
-74;10,5;0,126610075077425
-74;11;0
-74;12;0,130024143057271
-74;12,5;0,132455629964119
-74;13;0,104167009122244
-74;13,5;0,102564569462807
-74;14;0,133643181644257
-74;15,5;0,0549848463972878
-74;16;0,170986354231364
-73,5;-49,5;0,0536395376564713
-73,5;-49;0
-73,5;-48,5;0
-73,5;-48;0
-73,5;-47,5;0,0870188067447074
-73,5;-47;0,148736475392053
-73,5;-46,5;0,154943358826522
-73,5;-46;0
-73,5;-45,5;0
-73,5;-45;0,0754797986218829
-73,5;-44,5;0,0780580454632222
-73,5;-44;0,0962537211390146
-73,5;-43,5;0,0802122185206219
-73,5;-43;0,0595658203714323
-73,5;-42,5;0,0619625901096736
-73,5;-42;0,0856298014010847
-73,5;-41,5;0,0772453047380383
-73,5;-41;0,0892787844757424
-73,5;-40,5;0,0810609376318588
-73,5;-40;0,0861621078659803
-73,5;-39,5;0,102580882421744
-73,5;-39;0,0865060969691398
-73,5;-38,5;0,0810075803253957
-73,5;-38;0,101752861154301
-73,5;-37,5;0,119025491335899
-73,5;-37;0,0800321401682825
-73,5;-36,5;0,0805241980068505
-73,5;-36;0,0676926571596457
-73,5;-35,5;0,0536954374225595
-73,5;-35;0,0621460126954207
-73,5;-34,5;0,0725171345879932
-73,5;-34;0,0750795413878775
-73,5;-33,5;0,0493138685069286
-73,5;-33;0,0743865823678144
-73,5;-32,5;0,0506959557753159
-73,5;-32;0,0567572990849243
-73,5;-31,5;0,0544642625005086
-73,5;-31;0,0429464941589441
-73,5;-30,5;0,0357631094844953
-73,5;-30;0,0339241151429966
-73,5;-29,5;0,0317742646823478
-73,5;-29;0,0377490288284239
-73,5;-28,5;0,025888902914524
-73,5;-28;0,0193846237096219
-73,5;-27,5;0,0218681111601868
-73,5;-26,5;0,0232432785983389
-73,5;-26;0,0610006769026589
-73,5;-25,5;0,117753637006846
-73,5;-25;0,178242097730791
-73,5;-24,5;0,12335715183876
-73,5;-24;0,154682245516162
-73,5;-23,5;0,037265265328453
-73,5;-23;0,0540363389389578
-73,5;-22,5;0,0630223126510912
-73,5;-22;0,0383688146159186
-73,5;-21,5;0,0707001501833982
-73,5;-21;0,124036902448481
-73,5;-20,5;0,0837786701599547
-73,5;-20;0,04932543960205
-73,5;-19,5;0,0364866585988326
-73,5;-19;0,0634435715147076
-73,5;-18,5;0,0599141904783302
-73,5;-18;0,080357551184619
-73,5;-17,5;0,0820593541047372
-73,5;-17;0,0698289777124396
-73,5;-16,5;0,0717333496395421
-73,5;-16;0,0842450920845532
-73,5;-15,5;0,034333916376743
-73,5;-15;0,0535615844923704
-73,5;-14,5;0,0743098724454372
-73,5;-14;0,0701595732740536
-73,5;-13,5;0,0701307560111056
-73,5;-13;0,05106997403084
-73,5;-12,5;0,0159661099415815
-73,5;-12;0,0362878851141894
-73,5;-11,5;0,0463672446151423
-73,5;-11;0,0587141280886407
-73,5;-10,5;0,0606676739843112
-73,5;-10;0,0595631532977329
-73,5;-9,5;0,034335355927479
-73,5;-9;0,0518960499460219
-73,5;-8,5;0,0504138114106877
-73,5;-8;0,0429756298604775
-73,5;-7,5;0,0456581500574286
-73,5;-7;0,192137757218402
-73,5;-6,5;0,0838950591654893
-73,5;-6;0,0922729672719395
-73,5;-5,5;0,161121948575994
-73,5;-5;0,0967486232423531
-73,5;-4,5;0,0790339632495978
-73,5;-4;0,0693727329311176
-73,5;-3,5;0,10162838694114
-73,5;-3;0,0663527782121486
-73,5;-2,5;0,0931445389614438
-73,5;-2;0,134397374745748
-73,5;-1,5;0,119474572356497
-73,5;-1;0,25167744575217
-73,5;-0,5;0,0913873884182318
-73,5;0;0
-73,5;0,5;0,0491208826377449
-73,5;1;0,116602870926048
-73,5;1,5;0,129971090515125
-73,5;2;0,148169706213504
-73,5;2,5;0,251887976968287
-73,5;3;0,238329865942143
-73,5;3,5;0
-73,5;4;0,210454228142029
-73,5;4,5;0,0936595585256828
-73,5;5;0
-73,5;5,5;0
-73,5;6;0
-73,5;6,5;0,125933061936529
-73,5;7;0,126158614322376
-73,5;7,5;0,213789574448468
-73,5;8;0,308837922926189
-73,5;8,5;0,17541947655156
-73,5;9;0,206663760924217
-73,5;9,5;0,184417655203268
-73,5;10;0,275874552739477
-73,5;10,5;0,215163989532883
-73,5;11;0,190330889818357
-73,5;11,5;0,232085712136223
-73,5;12;0,171436831530996
-73,5;12,5;0,140470970549973
-73,5;13;0,0716144480301752
-73,5;13,5;0,0476266731989544
-73,5;14;0,114722273338703
-73,5;16;0
-73,5;16,5;0,063118935352238
-73;-50;0
-73;-49,5;0,0902970296932771
-73;-49;0,0169705627484771
-73;-48,5;0
-73;-48;0,0639468094938633
-73;-47,5;0,0779718610212114
-73;-47;0
-73;-46,5;0
-73;-46;0
-73;-45,5;0
-73;-45;0,119404075865664
-73;-44,5;0,0976314436054687
-73;-44;0,087412975810694
-73;-43,5;0,0806610256456057
-73;-43;0,0816080061431883
-73;-42,5;0,0684555469247153
-73;-42;0,0905360845668491
-73;-41,5;0,0866723863990289
-73;-41;0,043661031988327
-73;-40,5;0
-73;-40;0,0617848417224376
-73;-39,5;0,0839115921850509
-73;-39;0,130583607054533
-73;-38,5;0,109672173849856
-73;-38;0,127952713679755
-73;-37,5;0,121876382863669
-73;-37;0,11693852678916
-73;-36,5;0,0841457069611991
-73;-36;0,0662769127725988
-73;-35,5;0,0602028142710442
-73;-35;0,0734673708714511
-73;-34,5;0,0540421375556051
-73;-34;0,0571625574219217
-73;-33,5;0,0533655208309572
-73;-33;0,0594939531881167
-73;-32,5;0,0480504716531165
-73;-32;0,0473667666560259
-73;-31,5;0,0406201473600598
-73;-31;0,032138034489831
-73;-30,5;0,0508655606786939
-73;-30;0,0353132876241831
-73;-29,5;0,0315049387625113
-73;-29;0,0455488040280653
-73;-28,5;0,0372214017540717
-73;-28;0
-73;-26,5;0,0561478311902465
-73;-26;0,172652380624651
-73;-25,5;0,128422020591903
-73;-25;0,246488357275423
-73;-24,5;0,210262557678116
-73;-24;0,0737532813986202
-73;-23,5;0,0469598018363126
-73;-23;0,0288628942877645
-73;-22,5;0,0495913437854442
-73;-22;0,0383717740672721
-73;-21,5;0,0512398385304987
-73;-21;0,0664044895101696
-73;-20,5;0,0681386414264736
-73;-20;0,0696113095295184
-73;-19,5;0,0511024470662007
-73;-19;0,0493523970757979
-73;-18,5;0,0678961271738899
-73;-18;0,0652976016842448
-73;-17,5;0,053184924587236
-73;-17;0,0722619507199228
-73;-16,5;0,0939907647238144
-73;-16;0,0398733914652212
-73;-15,5;0,0448516824021685
-73;-15;0,0412622276249287
-73;-14,5;0
-73;-14;0,053124062419069
-73;-13,5;0,0369834575615908
-73;-13;0,0458055994522119
-73;-12,5;0,0341721133869905
-73;-12;0
-73;-11,5;0,0464456141713895
-73;-11;0,0608088108369983
-73;-10,5;0,0556797565917601
-73;-10;0,0162880324164707
-73;-9,5;0,0433578135980125
-73;-9;0
-73;-8,5;0
-73;-8;0
-73;-7,5;0,128454122310113
-73;-7;0,142192147996546
-73;-6,5;0,0598360856244553
-73;-6;0,0765121505081217
-73;-5,5;0,160506814203421
-73;-5;0,116189262048541
-73;-4,5;0,0862183597944094
-73;-4;0,114213798900962
-73;-3,5;0,173410903747318
-73;-3;0,0700967630334434
-73;-2,5;0,0966316255303179
-73;-2;0,101259970418697
-73;-1,5;0,128591905067078
-73;-1;0,113384689464134
-73;-0,5;0,0996018465099476
-73;0;0,108110853802737
-73;0,5;0,0878455812994948
-73;1;0,0979076040189483
-73;1,5;0,0859951051093421
-73;2;0,0988516952695181
-73;2,5;0,119697440543761
-73;3;0,0907022891836689
-73;3,5;0
-73;4;0
-73;4,5;0,133080606071727
-73;5;0,127850800781453
-73;5,5;0,0826438140455776
-73;6;0,183528072979118
-73;6,5;0,221826615578547
-73;7;0,251346521301751
-73;7,5;0,0509116882454314
-73;8;0
-73;8,5;0,0816875908568737
-73;9;0,133747803720285
-73;9,5;0,188202534082038
-73;10;0,272961080691602
-73;10,5;0,25520219924601
-73;11;0,136545172924876
-73;11,5;0,166439495685086
-73;12;0,188167453286137
-73;12,5;0,102934005672613
-73;13;0,0908106349970719
-73;13,5;0,104412765699533
-73;14;0,0911249704192991
-73;14,5;0,0702329457353646
-73;16,5;0,0584943017167769
-72,5;-49,5;0
-72,5;-49;0
-72,5;-48,5;0
-72,5;-48;0,0548565228139562
-72,5;-47,5;0,021920310216783
-72,5;-47;0
-72,5;-46,5;0
-72,5;-46;0
-72,5;-45,5;0
-72,5;-45;0,0469880599490741
-72,5;-44,5;0,0847665015696636
-72,5;-44;0,0735846032847885
-72,5;-43,5;0,0465644714347753
-72,5;-43;0,0565238765178114
-72,5;-42,5;0,0879584594249785
-72,5;-42;0,0594284267268267
-72,5;-41,5;0,0779693081441519
-72,5;-41;0,0703757883600716
-72,5;-40,5;0,0750557091574264
-72,5;-40;0
-72,5;-39,5;0,0908808603019952
-72,5;-39;0,085314445707662
-72,5;-38,5;0,0919301757379471
-72,5;-38;0,0845604323953555
-72,5;-37,5;0,0550512158234163
-72,5;-36,5;0,0653907667866984
-72,5;-36;0,0615519300803668
-72,5;-35,5;0,0722186075241504
-72,5;-35;0,0744137006068379
-72,5;-34,5;0,0576042754404533
-72,5;-34;0,0647827700215626
-72,5;-33,5;0,0516847749959943
-72,5;-33;0,0810677946909069
-72,5;-32,5;0,0858355703066633
-72,5;-32;0,046514707703982
-72,5;-31,5;0,0471882961561195
-72,5;-31;0,0346480736981006
-72,5;-30,5;0,0378306753838733
-72,5;-30;0,0416537912743382
-72,5;-29,5;0,0269350872419449
-72,5;-29;0,0324198007128494
-72,5;-28,5;0,0393815831437627
-72,5;-28;0,00923760430703401
-72,5;-27,5;0,0315230074707348
-72,5;-27;0,00953939201416946
-72,5;-26,5;0,0768217348630478
-72,5;-26;0,0585562104924323
-72,5;-25,5;0,118740436172779
-72,5;-25;0,0959803276316206
-72,5;-24,5;0,0719150273022672
-72,5;-24;0,0508916751343903
-72,5;-23,5;0,321475688402122
-72,5;-23;0,290082016903172
-72,5;-22,5;0,0792089784750584
-72,5;-22;0,0438828958533918
-72,5;-21,5;0,0599129475648604
-72,5;-21;0,0587923934930876
-72,5;-20,5;0,0484155805209521
-72,5;-20;0,0532155118878614
-72,5;-19,5;0,0379188897193113
-72,5;-19;0,0363209107285285
-72,5;-18,5;0,0378691328798433
-72,5;-18;0,0545489102566519
-72,5;-17,5;0,0511852833984022
-72,5;-17;0,0435088643450475
-72,5;-16,5;0,0347519562260668
-72,5;-16;0,027162425867957
-72,5;-15,5;0,0269875538580492
-72,5;-15;0,057504403398839
-72,5;-14,5;0,102381150608889
-72,5;-14;0,0475034803478786
-72,5;-13,5;0,0567571581388639
-72,5;-13;0,0956072193122224
-72,5;-12,5;0,0675689418650456
-72,5;-12;0
-72,5;-11,5;0,0827168866274193
-72,5;-11;0,0733184539783805
-72,5;-10,5;0,0780159527845997
-72,5;-10;0
-72,5;-9,5;0
-72,5;-9;0
-72,5;-8,5;0,0422812014966462
-72,5;-8;0,0808965388629205
-72,5;-7,5;0,273829342423214
-72,5;-7;0,314430912445483
-72,5;-6,5;0,0447683987183987
-72,5;-6;0,0636488528615264
-72,5;-5,5;0,0706305410805647
-72,5;-5;0,0634050142601777
-72,5;-4,5;0,2154932326857
-72,5;-4;0,194486129442319
-72,5;-3,5;0,0587500575665187
-72,5;-3;0,0971289565743985
-72,5;-2,5;0,110569284463031
-72,5;-2;0,107321945565667
-72,5;-1,5;0,0789764415830642
-72,5;-1;0,0780265199475541
-72,5;-0,5;0,0843766067385142
-72,5;0;0,108240323043067
-72,5;0,5;0,109265381471168
-72,5;1;0,0983668263202855
-72,5;1,5;0,0997418604958714
-72,5;2;0,100862922655784
-72,5;2,5;0,135538389287907
-72,5;3;0,13327496738404
-72,5;3,5;0,0619137649130974
-72,5;4;0,0919025752268854
-72,5;4,5;0,118731121656661
-72,5;5;0,0970701570237495
-72,5;5,5;0,0944280266538592
-72,5;6;0,14142043274511
-72,5;6,5;0,169076893256688
-72,5;7;0,088436417837902
-72,5;7,5;0,112288941804672
-72,5;8;0,0943747847679665
-72,5;8,5;0,105669295445744
-72,5;9;0,183639595559025
-72,5;9,5;0,136159046418611
-72,5;10;0,223261695077045
-72,5;10,5;0,212848992359342
-72,5;11;0,22205629180914
-72,5;11,5;0,214485160524483
-72,5;12;0
-72,5;12,5;0,0809040584066502
-72,5;13;0,160513239329346
-72,5;13,5;0
-72,5;14;0
-72,5;14,5;0
-72,5;15;0
-72;-49,5;0
-72;-49;0
-72;-48,5;0,0447515362864785
-72;-48;0,029698484809835
-72;-47,5;0
-72;-47;0,0456106712659804
-72;-46,5;0,026
-72;-46;0,061985482171231
-72;-45,5;0
-72;-45;0,0459619407771256
-72;-44,5;0
-72;-44;0,0470313978205239
-72;-43,5;0,0416497298910809
-72;-43;0,0693786024375706
-72;-42,5;0,0466039544612748
-72;-42;0
-72;-41,5;0,0441689646233352
-72;-41;0,0412793567551342
-72;-40,5;0,0269242765300512
-72;-40;0,168291413922398
-72;-39,5;0,0729187669765538
-72;-39;0,064977993832833
-72;-38,5;0,0812085929826991
-72;-38;0,0604986967437507
-72;-37,5;0,0494394290304524
-72;-37;0,0273379061215579
-72;-36,5;0,0290516780926679
-72;-36;0,0609177793867326
-72;-35,5;0,0771772838192378
-72;-35;0,0642170376086237
-72;-34,5;0,0571326178897486
-72;-34;0,0388622086913214
-72;-33,5;0,0476393662700588
-72;-33;0,0564178561570828
-72;-32,5;0,0467513494911675
-72;-32;0,0635327212282511
-72;-31,5;0,043844421918111
-72;-31;0,0529532026101035
-72;-30,5;0,0625765694491569
-72;-30;0,0411056586137241
-72;-29,5;0,0505355865981638
-72;-29;0,0385117438162011
-72;-28,5;0,0395904028774651
-72;-28;0,0315408413858076
-72;-27,5;0,0393283687461773
-72;-27;0,0706513848542134
-72;-26,5;0,076949906424204
-72;-26;0,0599695736057387
-72;-25,5;0,123831914857418
-72;-25;0,0710047149811162
-72;-24,5;0,0746825415875894
-72;-24;0,095318372306244
-72;-23,5;0,364092490472413
-72;-23;0,333305008952204
-72;-22,5;0,0433861435960878
-72;-22;0,0393366709853608
-72;-21,5;0,0549133989672704
-72;-21;0,0368095940971686
-72;-20,5;0,0477088212381277
-72;-20;0,0374463797313332
-72;-19,5;0,0335932860144438
-72;-19;0,0463851786168991
-72;-18,5;0,0601516720957446
-72;-18;0,0326253230842118
-72;-17,5;0,0568438100301056
-72;-17;0,0373181509585658
-72;-16,5;0,0378348791856456
-72;-16;0,106956449320656
-72;-15,5;0
-72;-15;0,0634012167526325
-72;-14,5;0,0541756402823262
-72;-14;0,0376868729832672
-72;-13,5;0,0603825595574102
-72;-13;0,0629706376402469
-72;-12,5;0,0649218070115198
-72;-12;0,0339411254969543
-72;-11,5;0,0297438469027029
-72;-11;0,081879161678153
-72;-10,5;0,297254926023397
-72;-10;0,197393559270254
-72;-9,5;0,189891339448962
-72;-9;0,0647021058389911
-72;-8,5;0,0799564052341519
-72;-8;0,0778796694585933
-72;-7,5;0,0691700802370505
-72;-7;0,126155233173828
-72;-6,5;0,12088333612364
-72;-6;0,0787038753810764
-72;-5,5;0,071236453820647
-72;-5;0,0915710079389186
-72;-4,5;0,116333929101141
-72;-4;0,086480324147441
-72;-3,5;0,07186581525523
-72;-3;0,0920202480458522
-72;-2,5;0,0957455328400418
-72;-2;0,065602534557154
-72;-1,5;0,105808223492932
-72;-1;0,0820293451638709
-72;-0,5;0,0900184798223487
-72;0;0,0988416600369766
-72;0,5;0,111270965565047
-72;1;0,124365171303437
-72;1,5;0,0805088817190416
-72;2;0,212008027787048
-72;2,5;0,23052834421463
-72;3;0,265789971864415
-72;3,5;0,201558666655384
-72;4;0,102035142620914
-72;4,5;0,305857631765321
-72;5;0
-72;5,5;0
-72;6;0,0937875850585306
-72;6,5;0,218239340000398
-72;7;0,076605576074554
-72;7,5;0,145104075788578
-72;8;0,078636072308654
-72;8,5;0,0378734735666007
-72;9;0,115030470966148
-72;9,5;0,296434687257621
-72;10;0,16836389161575
-72;10,5;0,195548179283168
-72;11;0,132659261925829
-72;11,5;0,166652047279892
-72;12;0,0981897922093618
-72;12,5;0
-72;13;0
-72;13,5;0
-72;14;0
-72;14,5;0
-72;15;0
-72;17;0,0385875627631495
-72;17,5;0,116040079282979
-71,5;-49,5;0
-71,5;-49;0
-71,5;-48,5;0,0273191019862171
-71,5;-48;0
-71,5;-47,5;0
-71,5;-46,5;0,0221938429900427
-71,5;-46;0,0454565726820666
-71,5;-45,5;0
-71,5;-45;0
-71,5;-44,5;0
-71,5;-44;0
-71,5;-43,5;0
-71,5;-43;0,0247487373415292
-71,5;-42,5;0
-71,5;-42;0,0366011319106781
-71,5;-41,5;0,099923484240206
-71,5;-41;0,0921326972220437
-71,5;-40,5;0,0595127400962704
-71,5;-40;0,0921294420985088
-71,5;-39,5;0,0991325263729706
-71,5;-39;0,0695120095686263
-71,5;-38,5;0,0650660393268578
-71,5;-38;0,0308935383905068
-71,5;-37,5;0,0335521981396152
-71,5;-37;0,0533895537014915
-71,5;-36,5;0,151777740593549
-71,5;-36;0,0756844676328837
-71,5;-35,5;0,0552270158397161
-71,5;-35;0,050211645086828
-71,5;-34,5;0,047960127076289
-71,5;-34;0,0718093817101032
-71,5;-33,5;0,0479648080056362
-71,5;-33;0,0420385142683155
-71,5;-32,5;0,0546099326564751
-71,5;-32;0,0448956365565539
-71,5;-31,5;0,0458444776285242
-71,5;-31;0,0533127711934677
-71,5;-30,5;0,0499720180720597
-71,5;-30;0,0445190351399929
-71,5;-29,5;0,035730566565572
-71,5;-29;0,0438920894873797
-71,5;-28,5;0,0492405867614855
-71,5;-28;0,0616902842955889
-71,5;-27,5;0,062247925530127
-71,5;-27;0,0762927475801818
-71,5;-26,5;0,0441100065741981
-71,5;-26;0,0957094215790454
-71,5;-25,5;0,0580245896696316
-71,5;-25;0,0333860112315106
-71,5;-24,5;0,0347616169033763
-71,5;-24;0,0443117506199103
-71,5;-23,5;0,0808023572860499
-71,5;-23;0,0458465043014072
-71,5;-22,5;0,0490315839747013
-71,5;-22;0,0410769923222917
-71,5;-21,5;0,0316855422201949
-71,5;-21;0,038279974708975
-71,5;-20,5;0,0489130062275651
-71,5;-20;0,0608730956018045
-71,5;-19,5;0,111180220153512
-71,5;-19;0,0753602258247919
-71,5;-18,5;0,0863046528493584
-71,5;-18;0,0382642145685772
-71,5;-17,5;0,0534067305831755
-71,5;-17;0,0734866830179607
-71,5;-16,5;0,137411608155902
-71,5;-16;0,228755616470805
-71,5;-15,5;0,198550789152337
-71,5;-15;0,107130709364257
-71,5;-14,5;0,0445459304645061
-71,5;-14;0,0408325293674719
-71,5;-13,5;0,0410897215540736
-71,5;-13;0,0658938514116413
-71,5;-12,5;0,070084671291732
-71,5;-12;0,054197965941492
-71,5;-11,5;0,0476223782385016
-71,5;-11;0,114361234968376
-71,5;-10,5;0,327207297462828
-71,5;-10;0,293770496858622
-71,5;-9,5;0,183238958990587
-71,5;-9;0,15218492905534
-71,5;-8,5;0,0565462467541217
-71,5;-8;0,119909605570465
-71,5;-7,5;0,043639213471154
-71,5;-7;0,221365066696675
-71,5;-6,5;0,142712869266185
-71,5;-6;0,054816944788062
-71,5;-5,5;0,0747341956536631
-71,5;-5;0,0782554865952925
-71,5;-4,5;0,0794368572245547
-71,5;-4;0,0821386927687276
-71,5;-3,5;0,0751367940526665
-71,5;-3;0,0649174827753855
-71,5;-2,5;0,0831103425107734
-71,5;-2;0,0996431131589133
-71,5;-1,5;0,0516717285608633
-71,5;-1;0,0549473340919241
-71,5;-0,5;0,140837988569811
-71,5;0;0,113383400842131
-71,5;0,5;0,0961869211978625
-71,5;1;0,106066017177982
-71,5;1,5;0,0867718621478533
-71,5;2;0,263403238844488
-71,5;2,5;0,154731827959223
-71,5;3;0,200386906113598
-71,5;3,5;0,124356553429855
-71,5;4;0,0714363130725321
-71,5;4,5;0,0994146259719507
-71,5;5;0,121717386688272
-71,5;6;0
-71,5;6,5;0
-71,5;7;0
-71,5;7,5;0,10809563666803
-71,5;8;0,122377489760168
-71,5;8,5;0
-71,5;9;0,0247487373415292
-71,5;9,5;0
-71,5;10;0,117354874916497
-71,5;10,5;0,120117977719526
-71,5;11;0,121967165350292
-71,5;11,5;0,134036064798496
-71,5;12;0,151015073356776
-71,5;12,5;0
-71,5;13;0
-71,5;13,5;0
-71,5;14;0
-71,5;14,5;0
-71,5;15;0
-71,5;15,5;0
-71,5;16,5;0,172447884090448
-71,5;17;0,160352476334688
-71,5;17,5;0,101454775287176
-71,5;18;0,0794896918544229
-71,5;29;0
-71,5;29,5;0
-71;-50,5;0
-71;-50;0,0848109662720571
-71;-49;0
-71;-47;0
-71;-46,5;0
-71;-46;0
-71;-45,5;0
-71;-45;0
-71;-44,5;0
-71;-44;0
-71;-43,5;0
-71;-43;0,0558549709316707
-71;-42,5;0,0431126431571993
-71;-42;0,0470246340287045
-71;-41,5;0,100878488847698
-71;-41;0,0689971306679056
-71;-40,5;0,0843501443976439
-71;-40;0,0874715091719018
-71;-39,5;0,0628177074383974
-71;-39;0,0334497965448056
-71;-38,5;0
-71;-38;0,0197989898732233
-71;-37,5;0,0274823472753822
-71;-37;0,0498089372759361
-71;-36,5;0,0675886893405939
-71;-36;0,0620309572740874
-71;-35,5;0,0553655393608511
-71;-35;0,0454405673522055
-71;-34,5;0,0411208144818144
-71;-34;0,0515666466586596
-71;-33,5;0,077641257553906
-71;-33;0,0317842970421172
-71;-32,5;0,0162985538359346
-71;-32;0,0706695043576354
-71;-31,5;0,0294920293974456
-71;-31;0,0673832798052039
-71;-30,5;0,0260151878717029
-71;-30;0,0299439733245529
-71;-29,5;0,0358501510921967
-71;-29;0,0530047881045521
-71;-28,5;0,041723702377274
-71;-28;0,120483361322953
-71;-27,5;0,117930895360915
-71;-27;0,0692317650449395
-71;-26,5;0,07744528530871
-71;-26;0,0618475714973684
-71;-25,5;0,0782156431587307
-71;-25;0,0374267613588334
-71;-24,5;0,0251876470376083
-71;-24;0,0507211757813419
-71;-23,5;0,038857589699153
-71;-23;0,0427331589022677
-71;-22,5;0,0413662092687752
-71;-22;0,0409383308138542
-71;-21,5;0,0671385448943177
-71;-21;0,0365843859767702
-71;-20,5;0,0407466065595822
-71;-20;0,0727244086908649
-71;-19,5;0,296979230179309
-71;-19;0,278872279225277
-71;-18,5;0,0627035664448041
-71;-18;0,0322974830423492
-71;-17,5;0,0464560659183067
-71;-17;0,0338831996449272
-71;-16,5;0,176514329233942
-71;-16;0,287780598440248
-71;-15,5;0,238801604685445
-71;-15;0,0709284247508158
-71;-14,5;0,0901165867437799
-71;-14;0,0499665290268246
-71;-13,5;0,0588535574801573
-71;-13;0,0982117075856635
-71;-12,5;0,0822897780420361
-71;-12;0,055971549593388
-71;-11,5;0,0428463037560305
-71;-11;0,0560010901690503
-71;-10,5;0,0771479788841409
-71;-10;0,106289469937067
-71;-9,5;0,166406577496926
-71;-9;0,352915587307653
-71;-8,5;0,15701924050728
-71;-8;0,0771794445864096
-71;-7,5;0,0921829068303246
-71;-7;0,206124209437688
-71;-6,5;0,242762078647527
-71;-6;0,219270706792182
-71;-5,5;0,097923439482077
-71;-5;0,0751746684012026
-71;-4,5;0,0553687637571944
-71;-4;0,0513669950631549
-71;-3,5;0
-71;-3;0,0381837661840736
-71;-2,5;0,0295364181985562
-71;-2;0,12066667713042
-71;-1,5;0,0855619112651223
-71;-1;0,0780038193509352
-71;-0,5;0,129747689127452
-71;0;0,142931230550453
-71;0,5;0,0950613432798796
-71;1;0,0818694358696622
-71;1,5;0,0942663982877984
-71;2;0,0851604028741473
-71;2,5;0,101101448573205
-71;3;0,0897436826268488
-71;3,5;0,0827697433205922
-71;4;0,169983680431103
-71;4,5;0,188903805200021
-71;5;0,260769781201501
-71;5,5;0,0626535447254716
-71;6;0,129681447315249
-71;6,5;0
-71;7;0,0472157195838862
-71;7,5;0,0664346568920442
-71;8;0,0873098973875138
-71;8,5;0,0857729318219526
-71;9;0,067604240498162
-71;9,5;0
-71;10;0
-71;10,5;0
-71;11;0,250041509922837
-71;11,5;0,116411985801893
-71;12;0,0885602431493199
-71;12,5;0
-71;13;0
-71;13,5;0
-71;14;0
-71;14,5;0
-71;15;0
-71;15,5;0,0235478236786332
-71;16;0,0622221825396699
-71;16,5;0,233774107491256
-71;17;0,0564446631666803
-71;17,5;0
-71;18;0,0170880074906351
-71;18,5;0,0659783514278953
-71;29;0
-71;29,5;0
-71;30;0,0705031269454831
-71;30,5;0,0460217339960154
-71;31;0
-70,5;-50,5;0
-70,5;-50;0,0748651168053969
-70,5;-49,5;0
-70,5;-47;0
-70,5;-46,5;0
-70,5;-46;0
-70,5;-45,5;0
-70,5;-45;0
-70,5;-44,5;0
-70,5;-44;0
-70,5;-43,5;0
-70,5;-43;0,0457456737480898
-70,5;-42,5;0,0541579639339522
-70,5;-42;0,0456030302023491
-70,5;-41,5;0
-70,5;-41;0,103532661053225
-70,5;-40,5;0,084491178706888
-70,5;-40;0,0911796025409033
-70,5;-39,5;0,0498012717374433
-70,5;-38;0,0473217960452938
-70,5;-37,5;0,0591936749700725
-70,5;-37;0,0583659297964685
-70,5;-36,5;0,0437442361013471
-70,5;-36;0,051508174724912
-70,5;-35,5;0,0620744072029553
-70,5;-35;0,0420719041074008
-70,5;-34,5;0,048696499924115
-70,5;-34;0,0576546056435439
-70,5;-33,5;0,077336437824512
-70,5;-33;0,0274230859136174
-70,5;-32,5;0,0472573617731485
-70,5;-32;0,0476068045288231
-70,5;-31,5;0,0313053612185779
-70,5;-31;0,0488743314790168
-70,5;-30,5;0,0225535444130495
-70,5;-30;0,0532151816266332
-70,5;-29,5;0,0447191959508049
-70,5;-29;0,0380913098415883
-70,5;-28,5;0,039539775845013
-70,5;-28;0,0736607262217732
-70,5;-27,5;0,10951955392672
-70,5;-27;0,0451084743474965
-70,5;-26,5;0,0414223047882464
-70,5;-26;0,0460409581740141
-70,5;-25,5;0,0697580916177747
-70,5;-25;0,0352047320383885
-70,5;-24,5;0,0488843578024351
-70,5;-24;0,04332357266891
-70,5;-23,5;0,0464588090999162
-70,5;-23;0,0357994394026469
-70,5;-22,5;0,0509516448045573
-70,5;-22;0,0362098058777097
-70,5;-21,5;0,0424300127805305
-70,5;-21;0,088214732134823
-70,5;-20,5;0,0556646815903655
-70,5;-20;0,0747747216344016
-70,5;-19,5;0,309232443727279
-70,5;-19;0,256177961591445
-70,5;-18,5;0,069896400398811
-70,5;-18;0,0465890674814511
-70,5;-17,5;0,0294304479378548
-70,5;-17;0,0603937697606916
-70,5;-16,5;0,0514382771011721
-70,5;-16;0,0621869530157433
-70,5;-15,5;0,0701117637796244
-70,5;-15;0,059137260542027
-70,5;-14,5;0,0741518151790781
-70,5;-14;0,0548434628622155
-70,5;-13,5;0,0572463348795611
-70,5;-13;0,0621120890819895
-70,5;-12,5;0,124231205567801
-70,5;-12;0,128120175161246
-70,5;-11,5;0,111065702618186
-70,5;-11;0,0476183762438154
-70,5;-10,5;0,0698907048943608
-70,5;-10;0,0899039891925118
-70,5;-9,5;0,105132981600565
-70,5;-9;0,293481438341785
-70,5;-8,5;0,29796834018799
-70,5;-8;0,0971686242490936
-70,5;-7,5;0,0713608035669042
-70,5;-7;0,130454687140115
-70,5;-6,5;0,294637774490905
-70,5;-6;0,208756664390712
-70,5;-5,5;0,204022904240052
-70,5;-5;0,0847945156841519
-70,5;-4,5;0,0690778624615085
-70,5;-4;0,0978072083233133
-70,5;-3,5;0,0655787422002849
-70,5;-3;0
-70,5;-2,5;0
-70,5;-2;0,167426830555152
-70,5;-1,5;0,0866917974316803
-70,5;-1;0,0307354301526214
-70,5;-0,5;0,0692954057702931
-70,5;0;0,0500679538227797
-70,5;0,5;0,120783344982331
-70,5;1;0,0873369337680228
-70,5;1,5;0,122193328321009
-70,5;2;0,141990499411323
-70,5;2,5;0,15847339972706
-70,5;3;0,045
-70,5;3,5;0,126163584286433
-70,5;4;0,236211821497961
-70,5;4,5;0,185617483416434
-70,5;5;0,176928826152805
-70,5;6;0,0946319185053331
-70,5;6,5;0,0728153330506201
-70,5;7;0
-70,5;7,5;0,0381837661840736
-70,5;8;0,0796466153287968
-70,5;8,5;0
-70,5;9;0,0502095608425328
-70,5;9,5;0,248213158771411
-70,5;10;0,0537401153701776
-70,5;10,5;0
-70,5;11;0,159459852139792
-70,5;11,5;0,165597849404129
-70,5;12;0,215564527136255
-70,5;12,5;0,0721379080496363
-70,5;13;0
-70,5;13,5;0
-70,5;14;0
-70,5;14,5;0
-70,5;15;0,0558614357137373
-70,5;15,5;0,0799175711706642
-70,5;16;0
-70,5;18;0,074953318805774
-70,5;18,5;0,0823994931452144
-70,5;19;0,107475578621378
-70,5;19,5;0
-70,5;29;0
-70,5;29,5;0
-70,5;30;0
-70,5;30,5;0
-70,5;31;0,0882451131791444
-70,5;31,5;0
-70,5;32;0
-70;-50,5;0,0480832611206852
-70;-50;0
-70;-49,5;0,0698832359487357
-70;-47;0,0185202591774521
-70;-46,5;0
-70;-46;0
-70;-45,5;0
-70;-45;0
-70;-44,5;0
-70;-44;0
-70;-43,5;0,0649899625949672
-70;-43;0,0681532428878409
-70;-42,5;0,0903568575268511
-70;-42;0,0552661813992211
-70;-41,5;0,0643580505403546
-70;-41;0,088085800375816
-70;-40,5;0,0776343958529238
-70;-40;0,126432741389397
-70;-38,5;0,0815318989687506
-70;-38;0,0731516678722258
-70;-37,5;0,055565453238626
-70;-37;0,0743171332670757
-70;-36,5;0,0450680650550351
-70;-36;0,0591648222381864
-70;-35,5;0,0424664289805659
-70;-35;0,0471176655552341
-70;-34,5;0,0333391267126043
-70;-34;0,056665876314247
-70;-33,5;0,040106109260311
-70;-33;0,0811612152271198
-70;-32,5;0,0622581590994765
-70;-32;0,0373812063659265
-70;-31,5;0,0350455780423519
-70;-31;0,028875853268099
-70;-30,5;0,0503786420594837
-70;-30;0,048401953985969
-70;-29,5;0,0365612132982865
-70;-29;0,0241675632824902
-70;-28,5;0,0591489001698624
-70;-28;0,10756867686699
-70;-27,5;0,0626373951031341
-70;-27;0,041897093642593
-70;-26,5;0,0393437826387249
-70;-26;0,0350333117088997
-70;-25,5;0,0618390080883282
-70;-25;0,043791958322072
-70;-24,5;0,0408110263749987
-70;-24;0,0224317015619394
-70;-23,5;0,0500435643160232
-70;-23;0,0277780427337791
-70;-22,5;0,0340448410337217
-70;-22;0,0427488358805354
-70;-21,5;0,0255757919700713
-70;-21;0,0572015878554921
-70;-20,5;0,0417751491284341
-70;-20;0,0594484733035339
-70;-19,5;0,0481207723606531
-70;-19;0,0627433669463094
-70;-18,5;0,111247599400657
-70;-18;0,0693768076153158
-70;-17,5;0,0617084020882172
-70;-17;0,0685906355999388
-70;-16,5;0,056747869710548
-70;-16;0,0544534719003912
-70;-15,5;0,0505285323838953
-70;-15;0,127899989118431
-70;-14,5;0,0817928060585012
-70;-14;0,0312175595594006
-70;-13,5;0,0507364807233462
-70;-13;0,0431221470726023
-70;-12,5;0,0608414347231501
-70;-12;0,0873419573556202
-70;-11,5;0,0853098375693464
-70;-11;0,0878762387300079
-70;-10,5;0,0632805412475652
-70;-10;0,0748799255204128
-70;-9,5;0,15978852237
-70;-9;0,156601679484858
-70;-8,5;0,168727709245132
-70;-8;0,0724411013023321
-70;-7,5;0,0916522743522461
-70;-7;0,0817899058598613
-70;-6,5;0,103749044958318
-70;-6;0,312368793690415
-70;-5,5;0,132998547603334
-70;-5;0,074248252418476
-70;-4,5;0,111306281203237
-70;-4;0,125301740386121
-70;-3,5;0,0693078879589714
-70;-3;0,0434622441512937
-70;-2,5;0
-70;-2;0
-70;-1,5;0
-70;-1;0,0501747599490791
-70;-0,5;0,0651875210698014
-70;0;0,0764833042783413
-70;0,5;0,14233401065183
-70;1;0,126360595123638
-70;1,5;0,0917349580924954
-70;2;0,129303649841889
-70;2,5;0,258418173472673
-70;3;0,0590223928449437
-70;3,5;0,110568756889096
-70;4;0,143249250699915
-70;4,5;0,211657694383731
-70;5;0,242971937962726
-70;5,5;0,258801081914276
-70;6;0,188376489388634
-70;6,5;0,0835334620718804
-70;7;0,0742621211477469
-70;7,5;0,053352600686377
-70;8;0,0424264068711928
-70;8,5;0,0864669493698797
-70;9;0,106475206959037
-70;9,5;0,251953037952181
-70;10;0,225859546694603
-70;10,5;0,063541137780781
-70;11;0
-70;11,5;0,109947714846649
-70;12;0,269080395842669
-70;12,5;0,234186463652398
-70;13;0,198546816800317
-70;13,5;0,0571343446040412
-70;14;0
-70;14,5;0
-70;15;0
-70;15,5;0
-70;16;0
-70;16,5;0
-70;19;0,10603930089044
-70;19,5;0,0381837661840736
-70;29;0
-70;29,5;0
-70;30;0
-70;30,5;0
-70;31;0
-70;31,5;0
-70;32;0
-70;32,5;0
-69,5;-51;0,0304055915910215
-69,5;-50,5;0,0459593355730453
-69,5;-50;0,0703580586020991
-69,5;-49,5;0,110762630404472
-69,5;-49;0,0290057465570761
-69,5;-48,5;0,0715232614124728
-69,5;-48;0,00838649708360609
-69,5;-47,5;0,0998014695950582
-69,5;-47;0,0762031305938245
-69,5;-46,5;0,0417193000900063
-69,5;-46;0
-69,5;-45,5;0
-69,5;-45;0
-69,5;-44,5;0
-69,5;-44;0
-69,5;-43,5;0,093933360370404
-69,5;-43;0,157966597378832
-69,5;-42,5;0,0845659413202061
-69,5;-42;0,103859464237441
-69,5;-41,5;0,0746431903404291
-69,5;-41;0,0756767325870741
-69,5;-40,5;0,0806707626790494
-69,5;-40;0,0342334422959271
-69,5;-39;0,0584133974358623
-69,5;-38,5;0,0561527671215426
-69,5;-38;0,0642336238380846
-69,5;-37,5;0,04982057368487
-69,5;-37;0,0458517958152915
-69,5;-36,5;0,0527310336022527
-69,5;-36;0,0541740473790972
-69,5;-35,5;0,0432166661434931
-69,5;-35;0,0376355068060604
-69,5;-34,5;0,0346607058788436
-69,5;-34;0,0384158532090305
-69,5;-33,5;0,0363490027373517
-69,5;-33;0,0540891188159293
-69,5;-32,5;0,0540504903333821
-69,5;-32;0,0480281897803224
-69,5;-31,5;0,0292831752424245
-69,5;-31;0,0364495288192742
-69,5;-30,5;0,0547181930859194
-69,5;-30;0,0385795653968309
-69,5;-29,5;0,03127072554394
-69,5;-29;0,0420266562719231
-69,5;-28,5;0,0278033803158761
-69,5;-28;0,0852809020711233
-69,5;-27,5;0,21884794949919
-69,5;-27;0,175605778476436
-69,5;-26,5;0,0593991973553906
-69,5;-26;0,0331520565313655
-69,5;-25,5;0,0661510270877527
-69,5;-25;0,0351382219251714
-69,5;-24,5;0,025572554732673
-69,5;-24;0,0225306281343686
-69,5;-23,5;0,0148436999220152
-69,5;-23;0,0318414297293009
-69,5;-22,5;0,0250236257548571
-69,5;-22;0,0527410925725707
-69,5;-21,5;0,0231499447855187
-69,5;-21;0,0300511620343616
-69,5;-20,5;0,0274643994689911
-69,5;-20;0,0550999221619261
-69,5;-19,5;0,0655894772427676
-69,5;-19;0,0602054762548157
-69,5;-18,5;0,0593432023509801
-69,5;-18;0,0517675446685338
-69,5;-17,5;0,0477369253338399
-69,5;-17;0,0445452050394158
-69,5;-16,5;0,048207282373094
-69,5;-16;0,0340951841624605
-69,5;-15,5;0,0623348284194809
-69,5;-15;0,0620073884390713
-69,5;-14,5;0,0796870197468745
-69,5;-14;0,0538400721153363
-69,5;-13,5;0,0236434873221702
-69,5;-13;0,0455558265574595
-69,5;-12,5;0,0432733337241341
-69,5;-12;0,0775985371449293
-69,5;-11,5;0,0742867855245318
-69,5;-11;0,0601445466063756
-69,5;-10,5;0,0645030939010449
-69,5;-10;0,0965416379243036
-69,5;-9,5;0,163339068737846
-69,5;-9;0,159566585716939
-69,5;-8,5;0,148398011753774
-69,5;-8;0,0573672095541185
-69,5;-7,5;0,0792167374863148
-69,5;-7;0,0693400950423909
-69,5;-6,5;0,0948301945029835
-69,5;-6;0,0505554643768107
-69,5;-5,5;0,0697513440730715
-69,5;-5;0,0621836807400136
-69,5;-4,5;0,0838794317711981
-69,5;-4;0,0883733194450881
-69,5;-3,5;0,102311150069635
-69,5;-3;0,063778024143402
-69,5;-2,5;0,0183847763108502
-69,5;-2;0,0572443592563203
-69,5;-1,5;0,115558094127065
-69,5;-1;0,108529691055396
-69,5;-0,5;0,071082678992475
-69,5;0;0,080006373263921
-69,5;0,5;0,0535540389487039
-69,5;1;0
-69,5;1,5;0,0867584529983486
-69,5;2;0,0866391818179682
-69,5;2,5;0,109529568226071
-69,5;3;0,0538423625038872
-69,5;3,5;0,197391422509291
-69,5;4;0,14200786363203
-69,5;4,5;0,157065304889399
-69,5;5;0,183739904160616
-69,5;5,5;0
-69,5;6;0,0291170053405222
-69,5;6,5;0,0762312271972582
-69,5;7;0,0836556433641309
-69,5;7,5;0,00636396103067893
-69,5;8;0
-69,5;8,5;0,101531111816362
-69,5;9;0,103237590053236
-69,5;9,5;0,0255799400572662
-69,5;10;0,355984677913377
-69,5;10,5;0,0762580845192525
-69,5;11;0
-69,5;11,5;0,0712103690951442
-69,5;12;0,278164601902604
-69,5;12,5;0,215604776403129
-69,5;13;0,19836844978958
-69,5;13,5;0,031224989991992
-69,5;14;0
-69,5;14,5;0
-69,5;15;0
-69,5;15,5;0
-69,5;16;0
-69,5;16,5;0
-69,5;17;0
-69,5;17,5;0
-69,5;18;0
-69,5;18,5;0
-69,5;19;0
-69,5;19,5;0,0813804995947169
-69,5;20;0
-69,5;29;0
-69,5;29,5;0
-69,5;30;0
-69,5;30,5;0
-69,5;31;0
-69,5;31,5;0
-69,5;32;0
-69,5;32,5;0
-69,5;33;0
-69,5;33,5;0
-69,5;34;0
-69;-50,5;0,0620919491398969
-69;-50;0,0753688743904986
-69;-49,5;0,120157924710559
-69;-49;0,0372731232161421
-69;-48,5;0
-69;-48;0
-69;-47,5;0,0906936234436211
-69;-47;0,0744881553947851
-69;-46,5;0
-69;-46;0
-69;-45,5;0,100480512206762
-69;-45;0
-69;-44,5;0
-69;-44;0
-69;-43,5;0,118726763808521
-69;-43;0,108087464583087
-69;-42,5;0,0938129405348743
-69;-42;0,0633997098697441
-69;-41,5;0,11400857274076
-69;-41;0,0788551812365119
-69;-40,5;0,0944483986100347
-69;-40;0,0622220486108689
-69;-39,5;0,0710224774820782
-69;-39;0,0563789487183457
-69;-38,5;0,066410883629725
-69;-38;0,0594376004726354
-69;-37,5;0,035544324917157
-69;-37;0,0732419051272335
-69;-36,5;0,0691080182665997
-69;-36;0,0530840916312385
-69;-35,5;0,0490244812947428
-69;-35;0,0462644772833791
-69;-34,5;0,0313509545778303
-69;-34;0,0429468178875533
-69;-33,5;0,0501782665613036
-69;-33;0,031627202367226
-69;-32,5;0,0546729044863682
-69;-32;0,0390076556947121
-69;-31,5;0,0324483745350484
-69;-31;0,0418181004007447
-69;-30,5;0,0271755980856564
-69;-30;0,044284983415347
-69;-29,5;0,0298785665903938
-69;-29;0,0665454736289108
-69;-28,5;0,062294788293782
-69;-28;0,0534928463944911
-69;-27,5;0,0963737108076236
-69;-27;0,0571583945157608
-69;-26,5;0,0850757484105024
-69;-26;0,0856427765552074
-69;-25,5;0,0398975384882553
-69;-25;0,0391603614709301
-69;-24,5;0,0590748711724402
-69;-24;0,290500946642175
-69;-23,5;0,162163005210677
-69;-23;0,104734492163667
-69;-22,5;0,0715088516385797
-69;-22;0,0550554755583977
-69;-21,5;0,0752747467789159
-69;-21;0,0998173848048442
-69;-20,5;0,040790702537755
-69;-20;0,0727281504635664
-69;-19,5;0,0587596020713169
-69;-19;0,0844331715230696
-69;-18,5;0,0447547562431995
-69;-18;0,0581255280945352
-69;-17,5;0,0491474639130608
-69;-17;0,0419026888420198
-69;-16,5;0,057155889546993
-69;-16;0,087911306919075
-69;-15,5;0,0503346397992359
-69;-15;0,0525402021029814
-69;-14,5;0,0329562990497844
-69;-14;0,0481335985550546
-69;-13,5;0,0922744679473511
-69;-13;0,131341920193059
-69;-12,5;0,0439535010711349
-69;-12;0,0868598662423352
-69;-11,5;0,104376983317514
-69;-11;0,0767075190973719
-69;-10,5;0,153220007722518
-69;-10;0,0524750186870562
-69;-9,5;0,139694556475587
-69;-9;0,154528971095105
-69;-8,5;0,122216539698019
-69;-8;0,0563193276475018
-69;-7,5;0,0230669315977079
-69;-7;0,0876771997350706
-69;-6,5;0,0770650017371934
-69;-6;0,0693075600406469
-69;-5,5;0,0307028771724519
-69;-5;0,0423214196843934
-69;-4,5;0,0715412673998474
-69;-4;0,0984878330163046
-69;-3,5;0,0921144366776698
-69;-3;0,100925738170929
-69;-2,5;0,0682489839449923
-69;-2;0,0773431662654521
-69;-1,5;0,0822738485416001
-69;-1;0,0565230673518091
-69;-0,5;0,0480891204750567
-69;0;0,34826541034478
-69;0,5;0,336817479186746
-69;1;0,121786633871387
-69;1,5;0,103613742777238
-69;2;0,110495421150553
-69;2,5;0,0828006038625323
-69;3;0,164444519519502
-69;3,5;0,107288880788676
-69;4;0
-69;4,5;0,193183603760528
-69;5;0,120854733737105
-69;5,5;0,25597265478953
-69;6;0,136123245181666
-69;6,5;0,0871129041216979
-69;7;0,131276235473143
-69;7,5;0
-69;8;0
-69;8,5;0
-69;9;0
-69;9,5;0
-69;10;0
-69;10,5;0
-69;11;0
-69;11,5;0
-69;12;0
-69;12,5;0
-69;13;0
-69;13,5;0
-69;14;0
-69;14,5;0
-69;15;0
-69;15,5;0
-69;16;0
-69;16,5;0
-69;17;0
-69;17,5;0,173241161390704
-69;18;0,0735112560218145
-69;18,5;0
-69;19;0
-69;19,5;0,0972095674303718
-69;20;0,0624664273466519
-69;20,5;0,0770778826901725
-69;29;0
-69;29,5;0
-69;30;0
-69;30,5;0
-69;31;0
-69;31,5;0
-69;32;0
-69;32,5;0
-69;33;0
-69;33,5;0
-69;34;0
-69;34,5;0
-68,5;-51;0,0395979797464467
-68,5;-50,5;0,0589202981871404
-68,5;-50;0,0736512529184101
-68,5;-49,5;0,0608666575392472
-68,5;-49;0
-68,5;-48,5;0
-68,5;-48;0
-68,5;-47,5;0
-68,5;-47;0,0689306069277543
-68,5;-46,5;0
-68,5;-46;0
-68,5;-45,5;0,0217772817403826
-68,5;-45;0,089058161111748
-68,5;-44,5;0,0817239255053255
-68,5;-44;0,0712361004728783
-68,5;-43,5;0,100056480825375
-68,5;-43;0,099552560392497
-68,5;-42,5;0,0830110969404453
-68,5;-42;0,0725555385124469
-68,5;-41,5;0,06974569782855
-68,5;-41;0,0557195599921787
-68,5;-40,5;0,064318996675425
-68,5;-40;0,0661933675284911
-68,5;-39,5;0,0369927920907123
-68,5;-39;0,0539478760780564
-68,5;-38,5;0,0465482320096672
-68,5;-38;0,0414185948578655
-68,5;-37,5;0,0530096562516112
-68,5;-37;0,0459742420951988
-68,5;-36,5;0,07173910417338
-68,5;-36;0,0559600488602108
-68,5;-35,5;0,0591317871400575
-68,5;-35;0,0223401973040619
-68,5;-34,5;0,0515455569806404
-68,5;-34;0,0469809665358648
-68,5;-33,5;0,0787461551315148
-68,5;-33;0,0343784943579113
-68,5;-32,5;0,0435465893446133
-68,5;-32;0,0561315541039104
-68,5;-31,5;0,0698057122849168
-68,5;-31;0,063656724998555
-68,5;-30,5;0,0690783519322353
-68,5;-30;0,0567511523439896
-68,5;-29,5;0,0681510318135749
-68,5;-29;0,0550576093569387
-68,5;-28,5;0,0597716785100817
-68,5;-28;0,0581661165575339
-68,5;-27,5;0,0717929150751113
-68,5;-27;0,0732295189376898
-68,5;-26,5;0,0577420100233766
-68,5;-26;0,0741635807433634
-68,5;-25,5;0,0450732383679732
-68,5;-25;0,0735863611596989
-68,5;-24,5;0,151060982155123
-68,5;-24;0,211781711340774
-68,5;-23,5;0,278443297186158
-68,5;-23;0,0658854701665197
-68,5;-22,5;0,0416835153704565
-68,5;-22;0,0602607755046827
-68,5;-21,5;0,101456613294266
-68,5;-21;0,0702222756481081
-68,5;-20,5;0,0571520894819641
-68,5;-20;0,045310724735561
-68,5;-19,5;0,0670417247107948
-68,5;-19;0,119661023806487
-68,5;-18,5;0,0919896085076706
-68,5;-18;0,0463333360771336
-68,5;-17,5;0,0713575428031667
-68,5;-17;0,0629596361923549
-68,5;-16,5;0,0404507942836591
-68,5;-16;0,121593100225596
-68,5;-15,5;0,0322403231477838
-68,5;-15;0,0379561141973349
-68,5;-14,5;0,107231053090358
-68,5;-14;0,0636268343596702
-68,5;-13,5;0,0829604892533527
-68,5;-13;0,0719659933696511
-68,5;-12,5;0,0860697391654001
-68,5;-12;0,0275771644662753
-68,5;-11,5;0,0741760104502513
-68,5;-11;0,0799415076508259
-68,5;-10,5;0,0594860821674382
-68,5;-10;0,140596915496247
-68,5;-9,5;0,0688771022826543
-68,5;-9;0,104438915410362
-68,5;-8,5;0,0944506480042615
-68,5;-8;0,0996513456055842
-68,5;-7,5;0,0682993974520105
-68,5;-7;0,0530281600188594
-68,5;-6,5;0,0946363449567587
-68,5;-6;0,0697684816062456
-68,5;-5,5;0,0709230447217587
-68,5;-5;0,081488035931663
-68,5;-4,5;0,0222160656154183
-68,5;-4;0,0572756492761104
-68,5;-3,5;0,0821756807825606
-68,5;-3;0,274439510277698
-68,5;-2,5;0,0921158906030187
-68,5;-2;0,0865756664109076
-68,5;-1,5;0,059480845778223
-68,5;-1;0,0473979261761219
-68,5;-0,5;0,0533108066461497
-68,5;0;0,355292962822083
-68,5;0,5;0,334069501478632
-68,5;1;0,126551889141021
-68,5;1,5;0,0844629712151633
-68,5;2;0,0883468589576603
-68,5;2,5;0,118358213346885
-68,5;3;0,261477376042017
-68,5;3,5;0,254683440346761
-68,5;4;0,179159016564543
-68,5;4,5;0,0677716754994297
-68,5;5;0,113132297186377
-68,5;5,5;0,184039521447284
-68,5;6;0,0883883476483184
-68,5;6,5;0,047
-68,5;7;0
-68,5;7,5;0
-68,5;8;0
-68,5;8,5;0,0745475239919699
-68,5;9;0
-68,5;9,5;0
-68,5;10;0
-68,5;10,5;0
-68,5;11;0,087303594327024
-68,5;11,5;0
-68,5;12;0
-68,5;12,5;0
-68,5;13;0
-68,5;13,5;0,0435545634807651
-68,5;14;0,127225521548679
-68,5;14,5;0,0884548849225788
-68,5;15;0,0800057289615354
-68,5;15,5;0,0542429718949838
-68,5;16;0
-68,5;16,5;0
-68,5;17;0
-68,5;17,5;0
-68,5;18;0,0410731055558257
-68,5;18,5;0
-68,5;19;0
-68,5;19,5;0
-68,5;20;0,0946225584701057
-68,5;20,5;0,0586513609633838
-68,5;29;0
-68,5;29,5;0
-68,5;30,5;0
-68,5;31;0
-68,5;31,5;0
-68,5;32;0
-68,5;32,5;0
-68,5;33;0
-68,5;33,5;0
-68,5;34;0
-68,5;34,5;0
-68,5;35;0
-68,5;35,5;0
-68;-51,5;0
-68;-51;0,0282842712474619
-68;-50,5;0,0623233503592353
-68;-50;0,0674638174628939
-68;-49,5;0,0455389942796281
-68;-49;0
-68;-48,5;0
-68;-48;0
-68;-47,5;0
-68;-47;0
-68;-46,5;0
-68;-46;0
-68;-45,5;0
-68;-45;0,117578153677553
-68;-44,5;0,315469394750727
-68;-44;0,0811383053999441
-68;-43,5;0,0944100654543213
-68;-43;0,132362928609339
-68;-42,5;0,0914379555102095
-68;-42;0,0741386517448199
-68;-41,5;0,114220129991338
-68;-41;0,0683042777501846
-68;-40,5;0,043844421918111
-68;-40;0,0444600543023896
-68;-39,5;0,0466114969705077
-68;-39;0,0569378664415926
-68;-38,5;0,0616692207544537
-68;-38;0,0482177153847326
-68;-37,5;0,0527030761625842
-68;-37;0,0495191160779638
-68;-36,5;0,0501563063162664
-68;-36;0,0504458701393484
-68;-35,5;0,0429785608781482
-68;-35;0,0435536068158157
-68;-34,5;0,0498139335817185
-68;-34;0,0560167691058011
-68;-33,5;0,0570816802824408
-68;-33;0,0477628721291234
-68;-32,5;0,0512430483090146
-68;-32;0,0376086791124015
-68;-31,5;0,0402589019183766
-68;-31;0,0484776555262057
-68;-30,5;0,0513808123601396
-68;-30;0,0475110360663117
-68;-29,5;0,0577082175027694
-68;-29;0,0868682622115075
-68;-28,5;0,0597842969529806
-68;-28;0,0231890925942623
-68;-27,5;0,0615217160018949
-68;-27;0,0677838905302987
-68;-26,5;0,0623029436180033
-68;-26;0,0534504164258294
-68;-25,5;0,0559930661723731
-68;-25;0,0588322212924588
-68;-24,5;0,0701575192871426
-68;-24;0,152552018044581
-68;-23,5;0,0812798426125817
-68;-23;0,0459619452724005
-68;-22,5;0,0874096828793265
-68;-22;0,0300222326581737
-68;-21,5;0,0669906531860972
-68;-21;0,0242368194278449
-68;-20,5;0,0398659513511842
-68;-20;0,0419473800115417
-68;-19,5;0,0682129968569989
-68;-19;0,0313838419852866
-68;-18,5;0,0283501879975402
-68;-18;0,130876807444216
-68;-17,5;0,105189918074257
-68;-17;0,102706278687924
-68;-16,5;0,0851637082550488
-68;-16;0,0547224028049173
-68;-15,5;0,0367707845754017
-68;-15;0,049984354454526
-68;-14,5;0,0727758279015812
-68;-14;0,254663524726221
-68;-13,5;0,0771262468390786
-68;-13;0,116746720876618
-68;-12,5;0,216374675043084
-68;-12;0
-68;-11,5;0,0564841306348488
-68;-11;0,0719307809490918
-68;-10,5;0,0761813942771646
-68;-10;0,112969992528205
-68;-9,5;0,0493419576818633
-68;-9;0,0787676051665826
-68;-8,5;0,0769663886734964
-68;-8;0,0859688598261782
-68;-7,5;0,0943121051057755
-68;-7;0,0692898855194185
-68;-6,5;0,0381968157314997
-68;-6;0,0569981276413695
-68;-5,5;0,0669158028818655
-68;-5;0,067098908277732
-68;-4,5;0,0914892655686213
-68;-4;0,0544669624634971
-68;-3,5;0,158371967328977
-68;-3;0,307974394904689
-68;-2,5;0,293002207816444
-68;-2;0,189224540339425
-68;-1,5;0,0647713561030535
-68;-1;0,0772634612800876
-68;-0,5;0,0619331863924308
-68;0;0,0544059342518643
-68;0,5;0,0938957925766518
-68;1;0,0977525612260233
-68;1,5;0,0840714635034371
-68;2;0,0870031753745375
-68;2,5;0,215640132319257
-68;3;0,16616564007947
-68;3,5;0,241437830483751
-68;4;0,38293515552027
-68;4,5;0,0805123300750739
-68;5;0,0700035713374682
-68;5,5;0
-68;6;0
-68;6,5;0
-68;7;0
-68;7,5;0,207353306654543
-68;8;0,233266795166549
-68;8,5;0
-68;9;0
-68;9,5;0
-68;10;0
-68;10,5;0
-68;11;0,0647269907637713
-68;11,5;0,168506181884622
-68;12;0,0502831979889903
-68;12,5;0,107111100632884
-68;13;0,0464940856453807
-68;13,5;0,0761872086134052
-68;14;0,0968630394562261
-68;14,5;0,114118359609661
-68;15;0,419589254935279
-68;15,5;0
-68;16;0
-68;16,5;0
-68;17;0
-68;17,5;0
-68;18;0,0569151415120206
-68;18,5;0,0864576003984998
-68;19;0
-68;19,5;0
-68;20,5;0,0683977671086896
-68;21;0,13165498939229
-68;31;0
-68;31,5;0
-68;32;0
-68;32,5;0
-68;33;0
-68;33,5;0
-68;34;0
-68;34,5;0
-68;35;0
-68;35,5;0
-68;36;0
-68;36,5;0
-67,5;-52;0,00353553390593274
-67,5;-51,5;0
-67,5;-51;0
-67,5;-50,5;0,224748963405227
-67,5;-50;0,0591629106789042
-67,5;-49,5;0
-67,5;-49;0
-67,5;-48,5;0
-67,5;-48;0
-67,5;-47,5;0
-67,5;-47;0
-67,5;-46,5;0
-67,5;-46;0
-67,5;-45,5;0,120736006780634
-67,5;-45;0,187438987805792
-67,5;-44,5;0,250355084599614
-67,5;-44;0,125235300147085
-67,5;-43,5;0,136705497768505
-67,5;-43;0,104414347022799
-67,5;-42,5;0,0949823871022892
-67,5;-42;0,0769239696157789
-67,5;-41,5;0,0780798809107077
-67,5;-41;0,0728130317227108
-67,5;-40,5;0,0533745805585615
-67,5;-40;0,0591958010093863
-67,5;-39,5;0,0903759099106954
-67,5;-39;0,0562252953268052
-67,5;-38,5;0,0621777272617925
-67,5;-38;0,0823849653375008
-67,5;-37,5;0,101006459461966
-67,5;-37;0,111520934211954
-67,5;-36,5;0,0327595417800639
-67,5;-36;0,0505400951672253
-67,5;-35,5;0,0324113043097439
-67,5;-35;0,0528375175244387
-67,5;-34,5;0,0425449029211346
-67,5;-34;0,035412771621823
-67,5;-33,5;0,0417027829905654
-67,5;-33;0,0374159166621925
-67,5;-32,5;0,0571570714576076
-67,5;-32;0,0354013982938731
-67,5;-31,5;0,0393798475183994
-67,5;-31;0,0676716499585053
-67,5;-30,5;0,0723819581577108
-67,5;-30;0,0717669550502722
-67,5;-29,5;0,0936851389664225
-67,5;-29;0,081364033145637
-67,5;-28,5;0,0664003354206831
-67,5;-28;0,100759111627432
-67,5;-27,5;0,0771675908568596
-67,5;-27;0,0468099796166435
-67,5;-26,5;0,0601533978577833
-67,5;-26;0,0344056434010689
-67,5;-25,5;0,0554198022692058
-67,5;-25;0,0778606503465282
-67,5;-24,5;0,0591020058228842
-67,5;-24;0,0609687361594026
-67,5;-23,5;0,0496623985694146
-67,5;-23;0,0504785058398199
-67,5;-22,5;0,0428718336165723
-67,5;-22;0,0753632129932616
-67,5;-21,5;0,0466407080493391
-67,5;-21;0,0552210220342743
-67,5;-20,5;0,0587975089508351
-67,5;-20;0,10206077719132
-67,5;-19,5;0,0811737731202451
-67,5;-19;0,0537068302285045
-67,5;-18,5;0,0892754597495786
-67,5;-18;0,0910019310722907
-67,5;-17,5;0,0924001863260838
-67,5;-17;0,141697567449544
-67,5;-16,5;0,0285228697427285
-67,5;-16;0,0565077392570677
-67,5;-15,5;0,065993476768288
-67,5;-15;0,0541839547264361
-67,5;-14,5;0,0475702521013588
-67,5;-14;0,0872970185312445
-67,5;-13,5;0,100132632763471
-67,5;-13;0,128529872025024
-67,5;-12,5;0,153092106856683
-67,5;-12;0
-67,5;-11,5;0,027033649065899
-67,5;-11;0,0520155873372817
-67,5;-10,5;0,0909129237521251
-67,5;-10;0,0628851155743495
-67,5;-9,5;0,0742181469273744
-67,5;-9;0,0623453249635285
-67,5;-8,5;0,0511935714341238
-67,5;-8;0,0461743206519369
-67,5;-7,5;0,0619445010644303
-67,5;-7;0,0726761722905711
-67,5;-6,5;0,0785838108173728
-67,5;-6;0,0795773358498032
-67,5;-5,5;0,0638688388138423
-67,5;-5;0,0724131873570212
-67,5;-4,5;0,0856643006963409
-67,5;-4;0,087567085499641
-67,5;-3,5;0,0596850226026339
-67,5;-3;0,076015592058042
-67,5;-2,5;0,114972780900965
-67,5;-2;0,0589259805725851
-67,5;-1,5;0,070885435019891
-67,5;-1;0,0869562874649943
-67,5;-0,5;0,125243980076707
-67,5;0;0,0605819544304604
-67,5;0,5;0,0687459019757654
-67,5;1;0,0746694645116063
-67,5;1,5;0,109761075551826
-67,5;2;0,124844385420917
-67,5;2,5;0,152771144943254
-67,5;3;0,296044478640176
-67,5;3,5;0
-67,5;4;0,10232751918358
-67,5;4,5;0,10957049013166
-67,5;5;0,0727332960406799
-67,5;5,5;0,123804184866571
-67,5;6;0,0433474336033865
-67,5;6,5;0
-67,5;7;0
-67,5;7,5;0,275478155732382
-67,5;8;0,259098086486667
-67,5;8,5;0
-67,5;9;0
-67,5;9,5;0,0366424162230968
-67,5;10;0,146568791747376
-67,5;10,5;0,190819286237005
-67,5;11;0
-67,5;11,5;0,179233925360128
-67,5;12;0,0629020402424808
-67,5;12,5;0,120062299099362
-67,5;13;0,0808679479151042
-67,5;13,5;0,0847039151796022
-67,5;14;0,116024480175522
-67,5;14,5;0,0911177191683305
-67,5;15;0,0958952079568677
-67,5;15,5;0,0834567467100687
-67,5;16;0
-67,5;16,5;0,0814804680071652
-67,5;17;0,0740956588921825
-67,5;17,5;0
-67,5;18;0
-67,5;18,5;0
-67,5;19;0
-67,5;19,5;0
-67,5;20;0
-67,5;21;0,100541355526584
-67,5;21,5;0,0664428667763105
-67,5;22;0,0269118932815958
-67,5;32;0
-67,5;32,5;0
-67,5;33;0
-67,5;33,5;0
-67,5;34;0,0813650211495497
-67,5;34,5;0
-67,5;35;0
-67,5;35,5;0
-67,5;36;0
-67,5;36,5;0
-67;-52,5;0
-67;-52;0
-67;-51,5;0
-67;-51;0,148900116068515
-67;-50,5;0,215899126706376
-67;-50;0,12702974256775
-67;-49,5;0
-67;-49;0
-67;-48,5;0
-67;-48;0
-67;-47,5;0
-67;-47;0
-67;-46,5;0
-67;-46;0,0344915448576411
-67;-45,5;0,0988297086950818
-67;-45;0,300456175134929
-67;-44,5;0,214708559553088
-67;-44;0,138572718826579
-67;-43,5;0,105613580065149
-67;-43;0,100834021430765
-67;-42,5;0,0481898033079317
-67;-42;0,0604930595722373
-67;-41,5;0,0719927191659214
-67;-41;0,0634867025723401
-67;-40,5;0,0591666690553434
-67;-40;0,0445100352131101
-67;-39,5;0,0854832534214496
-67;-39;0,056448746448524
-67;-38,5;0,0524232645751368
-67;-38;0,0568006867249187
-67;-37,5;0,0539357463982495
-67;-37;0,0810520038148618
-67;-36,5;0,0370855381902049
-67;-36;0,0461970417523316
-67;-35,5;0,0472668945162674
-67;-35;0,0451712410698102
-67;-34,5;0,041332381034696
-67;-34;0,0479226882132466
-67;-33,5;0,0545435570849802
-67;-33;0,0335625545872559
-67;-32,5;0,0310974797492216
-67;-32;0,0643768464075129
-67;-31,5;0,0696665738817554
-67;-31;0,0745530191005356
-67;-30,5;0,0723307727837147
-67;-30;0,0664889524440072
-67;-29,5;0,0686540185932757
-67;-29;0,0302584185350586
-67;-28,5;0,067401319175082
-67;-28;0,0877397528900075
-67;-27,5;0,0884515030416401
-67;-27;0,0810520240391218
-67;-26,5;0,149929989456099
-67;-26;0,0716350700401153
-67;-25,5;0,0229891832983609
-67;-25;0,177216256858436
-67;-24,5;0,143060989878538
-67;-24;0,071533462779673
-67;-23,5;0,045505489088773
-67;-23;0,0642039398214328
-67;-22,5;0,0483795755803349
-67;-22;0,0452362287462668
-67;-21,5;0,0295757723236426
-67;-21;0,0316175056996384
-67;-20,5;0,0344775979717956
-67;-20;0,0319851528056378
-67;-19,5;0,0440028142100276
-67;-19;0,0568070435765943
-67;-18,5;0,0616618441491388
-67;-18;0,140727531625204
-67;-17,5;0,165840260788302
-67;-17;0,0351626323571731
-67;-16,5;0,20902241675732
-67;-16;0,0510025006157219
-67;-15,5;0,0529514423014577
-67;-15;0,0631312089980031
-67;-14,5;0,0621676592541722
-67;-14;0,0615936566316063
-67;-13,5;0,0685045100717618
-67;-13;0,0856397312253865
-67;-12,5;0,0566797385009779
-67;-12;0,0874277095411083
-67;-11,5;0,0122474487139159
-67;-11;0,0346328751183184
-67;-10,5;0,0585334530041898
-67;-10;0,0635292769920988
-67;-9,5;0,0681475078655326
-67;-9;0,0619723056426551
-67;-8,5;0,0465110992446016
-67;-8;0,0497177092754189
-67;-7,5;0,0731569790911543
-67;-7;0,12515653673248
-67;-6,5;0,1310655076322
-67;-6;0,0865073686034608
-67;-5,5;0,0765832318321019
-67;-5;0,0861568418844886
-67;-4,5;0,0611313834508754
-67;-4;0,0689580974870939
-67;-3,5;0,0598636076022112
-67;-3;0,061403594991112
-67;-2,5;0,0700886739938931
-67;-2;0,0868008119338809
-67;-1,5;0,0879166887220177
-67;-1;0,0788838809052056
-67;-0,5;0,11096622293103
-67;0;0,0527879856460864
-67;0,5;0,0755740379756623
-67;1;0,119887957843553
-67;1,5;0,0843961549811942
-67;2;0,0596330006895664
-67;2,5;0,10719631523518
-67;3;0,0664079677585317
-67;3,5;0,11879393923934
-67;4;0,0716913025208976
-67;4,5;0,17541379649275
-67;5;0
-67;5,5;0,0986193016942762
-67;6;0,0907284016013886
-67;6,5;0
-67;7;0
-67;7,5;0
-67;8;0
-67;8,5;0
-67;9;0,309923482842768
-67;9,5;0,0625879951976187
-67;10;0,135245471045886
-67;10,5;0,126988497791842
-67;11;0,0989949493661167
-67;11,5;0,262144662688036
-67;12;0,104650848061542
-67;12,5;0,0636396103067893
-67;13;0,0977775801112596
-67;13,5;0,0936612597552871
-67;14;0,0937639201786739
-67;14,5;0,0986559678884151
-67;15;0,286344579452481
-67;15,5;0,221499310312317
-67;16;0,272446644637393
-67;16,5;0,0675746500792519
-67;17;0
-67;17,5;0
-67;18;0
-67;18,5;0,0302709982216202
-67;19;0,0714681358679828
-67;19,5;0,082174813659661
-67;20;0
-67;20,5;0
-67;21;0
-67;21,5;0,046125411341565
-67;22;0,0883491035753284
-67;22,5;0,0388908729652601
-67;31;0
-67;31,5;0
-67;32;0
-67;32,5;0
-67;33;0
-67;33,5;0
-67;34;0
-67;34,5;0,0865382060774957
-67;35;0,0325269119345812
-67;35,5;0
-67;36;0
-67;36,5;0
-67;37;0
-66,5;-52,5;0,156270598642227
-66,5;-52;0
-66,5;-51,5;0
-66,5;-51;0,286326574126961
-66,5;-50,5;0,2211805148924
-66,5;-50;0,0912793723111844
-66,5;-49,5;0
-66,5;-49;0
-66,5;-48,5;0
-66,5;-48;0
-66,5;-47,5;0
-66,5;-47;0
-66,5;-46,5;0
-66,5;-46;0,0674455145721154
-66,5;-45,5;0,0929403835456742
-66,5;-45;0,0853183868137662
-66,5;-44,5;0,0739937166304266
-66,5;-44;0,0730426462600528
-66,5;-43,5;0,0853060284411782
-66,5;-43;0,0774392790548316
-66,5;-42,5;0,0760736169456612
-66,5;-42;0,0909279149342253
-66,5;-41,5;0,0430637784105042
-66,5;-41;0,0502233680621619
-66,5;-40,5;0,0483431860386098
-66,5;-40;0,0521524442483518
-66,5;-39,5;0,0587718546940926
-66,5;-39;0,0484347964607752
-66,5;-38,5;0,0578848214044028
-66,5;-38;0,0460482328819771
-66,5;-37,5;0,067468293667837
-66,5;-37;0,076797687417179
-66,5;-36,5;0,0368659020890864
-66,5;-36;0,0460579844438994
-66,5;-35,5;0,0619573788340013
-66,5;-35;0,0288712759453517
-66,5;-34,5;0,0231864735160946
-66,5;-34;0,0424300731923846
-66,5;-33,5;0,053111414515757
-66,5;-33;0,0515985855919299
-66,5;-32,5;0,0468710697034028
-66,5;-32;0,0385566704057757
-66,5;-31,5;0,0688532264317234
-66,5;-31;0,0488508740427113
-66,5;-30,5;0,07228173055087
-66,5;-30;0,0851531264549631
-66,5;-29,5;0,0883685060252965
-66,5;-29;0,100847075519178
-66,5;-28,5;0,042552274682173
-66,5;-28;0,0518135174839482
-66,5;-27,5;0,100385891557129
-66,5;-27;0,0458988402325708
-66,5;-26,5;0,0815470335942664
-66,5;-26;0,0654376255492863
-66,5;-25,5;0,032835739863097
-66,5;-25;0,0411079784476684
-66,5;-24,5;0,0503939803210714
-66,5;-24;0,0786519199691075
-66,5;-23,5;0,368346875888763
-66,5;-23;0,335024230746971
-66,5;-22,5;0,0445531023119584
-66,5;-22;0,0361190448302421
-66,5;-21,5;0,029210945531478
-66,5;-21;0,034627353079137
-66,5;-20,5;0,0363762497063637
-66,5;-20;0,0497809941937695
-66,5;-19,5;0,0462237517310055
-66,5;-19;0,0494372769539047
-66,5;-18,5;0,0944396710635326
-66,5;-18;0,0999919940772851
-66,5;-17,5;0,146837614069626
-66,5;-17;0,0925417077688092
-66,5;-16,5;0,205483322020098
-66,5;-16;0,11333207504465
-66,5;-15,5;0,122860083021297
-66,5;-15;0,0487494840498025
-66,5;-14,5;0,0368864485147813
-66,5;-14;0,0876022118265107
-66,5;-13,5;0,0901689839437357
-66,5;-13;0,114265490423795
-66,5;-12,5;0,0840752603249309
-66,5;-12;0,0682658085187644
-66,5;-11,5;0,0749858916104942
-66,5;-11;0,0525497787997197
-66,5;-10,5;0,0705328943856097
-66,5;-10;0,0917163190839766
-66,5;-9,5;0,120394286314655
-66,5;-9;0,0695103481918133
-66,5;-8,5;0,065298554239514
-66,5;-8;0,0524709230317281
-66,5;-7,5;0,0731041795130146
-66,5;-7;0,0697486264099584
-66,5;-6,5;0,0529819743472699
-66,5;-6;0,0663932008012779
-66,5;-5,5;0,0584410106358363
-66,5;-5;0,0699527516570111
-66,5;-4,5;0,0577749028033747
-66,5;-4;0,0723664825828811
-66,5;-3,5;0,0828141088424951
-66,5;-3;0,0623545647859432
-66,5;-2,5;0,0627711262103388
-66,5;-2;0,0489087504748984
-66,5;-1,5;0,0590651660505556
-66,5;-1;0,0773807069593178
-66,5;-0,5;0,0755133103592199
-66,5;0;0,0501416957747982
-66,5;0,5;0,0827117603132568
-66,5;1;0,116949724647979
-66,5;1,5;0,163954712645725
-66,5;2;0,152033310201649
-66,5;2,5;0,0857290860238005
-66,5;3;0,064830314645
-66,5;3,5;0,0733539364996862
-66,5;4;0,117858781207394
-66,5;4,5;0,147026563781911
-66,5;5;0,237188818797352
-66,5;5,5;0,198576759559696
-66,5;6;0,27160563147258
-66,5;6,5;0
-66,5;7;0
-66,5;7,5;0
-66,5;8;0
-66,5;8,5;0,213705918917141
-66,5;9;0,203543832126249
-66,5;9,5;0,159443113688915
-66,5;10;0,106492338606203
-66,5;10,5;0,0985958763103043
-66,5;11;0
-66,5;11,5;0,0992408023048245
-66,5;12;0,110467979990469
-66,5;12,5;0,0725626166378621
-66,5;13;0,127476795274016
-66,5;13,5;0,104330384676118
-66,5;14;0,164386637737581
-66,5;14,5;0,176658735486048
-66,5;15;0,307298511849009
-66,5;15,5;0,194717865482464
-66,5;16;0,230959378124021
-66,5;16,5;0,0787189092065348
-66,5;17;0
-66,5;17,5;0,0106066017177982
-66,5;18;0,0708071966039406
-66,5;18,5;0,0584322970054518
-66,5;19;0,0376257415683921
-66,5;19,5;0,056346159637391
-66,5;20;0
-66,5;20,5;0
-66,5;21;0
-66,5;22;0,0856309204986992
-66,5;22,5;0,0960347159451553
-66,5;31;0
-66,5;31,5;0
-66,5;32;0
-66,5;32,5;0
-66,5;33;0
-66,5;33,5;0
-66,5;34;0
-66,5;34,5;0
-66,5;35;0,111598984463719
-66,5;35,5;0
-66,5;36;0
-66,5;36,5;0
-66,5;37;0
-66,5;37,5;0,037476659402887
-66;-52,5;0,088467359428269
-66;-52;0,0756358758413341
-66;-51,5;0,059391731560696
-66;-51;0,0848778534130076
-66;-50,5;0,106523706281747
-66;-50;0,0729977168592735
-66;-49,5;0,0369368831025756
-66;-49;0
-66;-48,5;0
-66;-48;0
-66;-47,5;0
-66;-47;0
-66;-46,5;0
-66;-46;0,0940711626791056
-66;-45,5;0,101851940839064
-66;-45;0,101511796030029
-66;-44,5;0,0785146932817429
-66;-44;0,0563496361525316
-66;-43,5;0,103820323710652
-66;-43;0,0812501937533838
-66;-42,5;0,147063725704163
-66;-42;0,0573423948427812
-66;-41,5;0,0420963236467993
-66;-41;0,0944991405125131
-66;-40,5;0,083930258075091
-66;-40;0,0511839559675183
-66;-39,5;0,0540006651508543
-66;-39;0,0493764876144256
-66;-38,5;0,0553042372142149
-66;-38;0,0680105737043382
-66;-37,5;0,0385897222932048
-66;-37;0,0401085432058463
-66;-36,5;0,0427425054939286
-66;-36;0,0465989280579913
-66;-35,5;0,0287299897540178
-66;-35;0,0432322831114701
-66;-34,5;0,0900844350782719
-66;-34;0,0529426816116438
-66;-33,5;0,0377575075268671
-66;-33;0,0364487926620005
-66;-32,5;0,0406804234762186
-66;-32;0,0606443204207185
-66;-31,5;0,0476768988165243
-66;-31;0,0528934238418566
-66;-30,5;0,0734887507801573
-66;-30;0,0687959598029785
-66;-29,5;0,316358109807361
-66;-29;0,298343384834867
-66;-28,5;0,129787739361163
-66;-28;0,0526330490276215
-66;-27,5;0,0471243661214975
-66;-27;0,0487818140259808
-66;-26,5;0,168448393860858
-66;-26;0,129915980352979
-66;-25,5;0,0433795594424852
-66;-25;0,0842520781475229
-66;-24,5;0,0636684647871015
-66;-24;0,0921708323023276
-66;-23,5;0,0709893465593956
-66;-23;0,0443872841220944
-66;-22,5;0,0340233046852887
-66;-22;0,0582621533450034
-66;-21,5;0,056669803834729
-66;-21;0,103949695601701
-66;-20,5;0,0590865955213881
-66;-20;0,0696003684959055
-66;-19,5;0,0392690972907209
-66;-19;0,0390399457856537
-66;-18,5;0,0744389655613076
-66;-18;0,0726845572690911
-66;-17,5;0,155308312059824
-66;-17;0,169665197131609
-66;-16,5;0,210099929596392
-66;-16;0,156600705099422
-66;-15,5;0,161017317073399
-66;-15;0,219955439461808
-66;-14,5;0,0340079522512975
-66;-14;0,0940146151997594
-66;-13,5;0,101416456645453
-66;-13;0,144461003489556
-66;-12,5;0,103608517497159
-66;-12;0,0636335088324358
-66;-11,5;0,078989245900547
-66;-11;0,0584184627663203
-66;-10,5;0,0479493449646571
-66;-10;0,0768202957182591
-66;-9,5;0,10229071716177
-66;-9;0,058831131061556
-66;-8,5;0,0544376129500891
-66;-8;0,0501752841525083
-66;-7,5;0,0582957793002187
-66;-7;0,061419301910154
-66;-6,5;0,0593558186494565
-66;-6;0,0504421476189333
-66;-5,5;0,0448218231817196
-66;-5;0,0527246937718308
-66;-4,5;0,0776372175532271
-66;-4;0,057342330412557
-66;-3,5;0,0616510386366017
-66;-3;0,0727237466149739
-66;-2,5;0,0643139271424922
-66;-2;0,0579981089791839
-66;-1,5;0,0762062300127334
-66;-1;0,0718589888998884
-66;-0,5;0,0731844747468804
-66;0;0,0727251209716353
-66;0,5;0,0778095379816205
-66;1;0,107859394900597
-66;1,5;0,0982254148226886
-66;2;0,0975631928663813
-66;2,5;0,00282842712474619
-66;3;0,134287589399269
-66;3,5;0,198877923980854
-66;4;0,164737256370147
-66;4,5;0,262784088697789
-66;5;0,240797318966696
-66;5,5;0,149598117548964
-66;6;0,161929923114908
-66;6,5;0
-66;7;0
-66;7,5;0
-66;8;0
-66;8,5;0,195235042128397
-66;9;0,161105100580982
-66;9,5;0,1211238034417
-66;10;0,101365668482318
-66;10,5;0,101433760121114
-66;11;0,251817283847723
-66;11,5;0,298273033262381
-66;12;0,0964211016642822
-66;12,5;0,0833212227097404
-66;13;0,167189168853183
-66;13,5;0,188970708236564
-66;14;0,125640665881222
-66;14,5;0,0951299733415131
-66;15;0,242612557261937
-66;15,5;0,305973462901605
-66;16;0,207922571233657
-66;16,5;0,200039677882346
-66;17;0,0544472221513642
-66;17,5;0
-66;18;0,106287477050581
-66;18,5;0,049
-66;19;0,124545650456445
-66;19,5;0,100742690770049
-66;20;0
-66;20,5;0
-66;21;0,0841457069611991
-66;22,5;0
-66;31;0
-66;31,5;0
-66;32,5;0
-66;33;0
-66;33,5;0
-66;34;0
-66;34,5;0
-66;35;0
-66;35,5;0
-66;36;0
-66;36,5;0
-66;37;0,0341516227042484
-66;37,5;0,0585477521832759
-65,5;-52,5;0,0418553063143333
-65,5;-52;0,0756793045875631
-65,5;-51,5;0,0815000278862194
-65,5;-51;0,028
-65,5;-50,5;0
-65,5;-50;0
-65,5;-49,5;0
-65,5;-49;0
-65,5;-48,5;0
-65,5;-48;0
-65,5;-47,5;0
-65,5;-47;0,0490645832891031
-65,5;-46,5;0,107043536822688
-65,5;-46;0,0784992097152954
-65,5;-45,5;0,144962113667881
-65,5;-45;0,0992661131107752
-65,5;-44,5;0,0782068195027076
-65,5;-44;0,0622423416245653
-65,5;-43,5;0,068807554324825
-65,5;-43;0,0439588711518071
-65,5;-42,5;0,0796561086933947
-65,5;-42;0,0794683641424114
-65,5;-41,5;0,051994202646483
-65,5;-41;0,0609970567382106
-65,5;-40,5;0,0866077589570624
-65,5;-40;0,0470942746740058
-65,5;-39,5;0,0567081305883903
-65,5;-39;0,0468569207925248
-65,5;-38,5;0,0432037342904708
-65,5;-38;0,0438450004935432
-65,5;-37,5;0,0309961595163321
-65,5;-37;0,0709751406355443
-65,5;-36,5;0,0629559198180842
-65,5;-36;0,0334288833780376
-65,5;-35,5;0,0549079588094548
-65,5;-35;0,0438802791320306
-65,5;-34,5;0,0404173713862547
-65,5;-34;0,0591986391164479
-65,5;-33,5;0,0390503513234205
-65,5;-33;0,0358825395657384
-65,5;-32,5;0,0499976001930358
-65,5;-32;0,0347278725561347
-65,5;-31,5;0,0451725056108015
-65,5;-31;0,033166247903554
-65,5;-30,5;0,0386683446483349
-65,5;-30;0,064122595696333
-65,5;-29,5;0,275999220087557
-65,5;-29;0,28253880549704
-65,5;-28,5;0,131882581389788
-65,5;-28;0,203117251296674
-65,5;-27,5;0,193871716625802
-65,5;-27;0,230610001818071
-65,5;-26,5;0,232948726490766
-65,5;-26;0,197830866703678
-65,5;-25,5;0,28865376590065
-65,5;-25;0,304598590608296
-65,5;-24,5;0,317037999260667
-65,5;-24;0,258382278050652
-65,5;-23,5;0,316950761573005
-65,5;-23;0,312239700295736
-65,5;-22,5;0,0441583951876222
-65,5;-22;0,060808597559803
-65,5;-21,5;0,0588209310396789
-65,5;-21;0,0799519809492115
-65,5;-20,5;0,0367809538687228
-65,5;-20;0,026117434515567
-65,5;-19,5;0,0566349858774976
-65,5;-19;0,0374040995970584
-65,5;-18,5;0,208976587324003
-65,5;-18;0,17202257923182
-65,5;-17,5;0,166555686547507
-65,5;-17;0,144391698227772
-65,5;-16,5;0,178668805742899
-65,5;-16;0,170648613782091
-65,5;-15,5;0,156782983537974
-65,5;-15;0,227775565175365
-65,5;-14,5;0,0785883079377724
-65,5;-14;0,152590724120519
-65,5;-13,5;0,17306383925055
-65,5;-13;0,13115021303215
-65,5;-12,5;0,0787998186001174
-65,5;-12;0,0702585509419599
-65,5;-11,5;0,0678740440294457
-65,5;-11;0
-65,5;-10,5;0,0555569206181501
-65,5;-10;0,0856010329499899
-65,5;-9,5;0,084895961113626
-65,5;-9;0,0951241131527485
-65,5;-8,5;0,0812163727726695
-65,5;-8;0,0480495837651066
-65,5;-7,5;0,0662103198271456
-65,5;-7;0,0704152725341641
-65,5;-6,5;0,116836995897044
-65,5;-6;0,146145812537231
-65,5;-5,5;0,0466082968293557
-65,5;-5;0,0853028249896773
-65,5;-4,5;0,0625490613965156
-65,5;-4;0,0536889525735698
-65,5;-3,5;0,0802567037616364
-65,5;-3;0,14843609307052
-65,5;-2,5;0,0686679317329774
-65,5;-2;0,0663069982999797
-65,5;-1,5;0,0511043516924416
-65,5;-1;0,206258506318095
-65,5;-0,5;0,131690351888389
-65,5;0;0,16654344899062
-65,5;0,5;0,0667006424894245
-65,5;1;0,123550333506052
-65,5;1,5;0,102622172021301
-65,5;2;0,0809544455443272
-65,5;2,5;0,0919679827357589
-65,5;3;0,110159883805313
-65,5;3,5;0,0773643205569473
-65,5;4;0,161252756915667
-65,5;4,5;0,08896474957345
-65,5;5;0,172867419464833
-65,5;5,5;0,238595507682387
-65,5;6;0,233483903799241
-65,5;6,5;0,119273395428917
-65,5;7;0
-65,5;7,5;0
-65,5;8;0
-65,5;8,5;0,145817903945678
-65,5;9;0,187155974458499
-65,5;9,5;0,209474023847031
-65,5;10;0,127510665032262
-65,5;10,5;0,136125520230648
-65,5;11;0,228055277342599
-65,5;11,5;0,271119832613484
-65,5;12;0,103304693058172
-65,5;12,5;0,130834626426251
-65,5;13;0,21236807669704
-65,5;13,5;0,110308657865101
-65,5;14;0,0986439879751238
-65,5;14,5;0,0986391934080489
-65,5;15;0
-65,5;15,5;0,132290505244246
-65,5;16;0,309814827673517
-65,5;16,5;0,209596778189956
-65,5;17;0,198890418805961
-65,5;17,5;0
-65,5;18;0,0615182899632296
-65,5;18,5;0,0512438149577934
-65,5;19;0,0515549246572067
-65,5;19,5;0,0742462120245875
-65,5;20;0
-65,5;20,5;0,058148946680056
-65,5;21;0,0745537917019843
-65,5;32,5;0
-65,5;33,5;0
-65,5;34;0
-65,5;34,5;0
-65,5;35;0
-65,5;35,5;0
-65,5;36;0
-65,5;36,5;0
-65,5;37;0
-65,5;37,5;0
-65;-53,5;0
-65;-53;0,0754800024458848
-65;-52,5;0,0737919824009808
-65;-52;0,0335099487714718
-65;-51,5;0,0646039214496045
-65;-51;0,0268700576850888
-65;-50,5;0,0519438799731659
-65;-50;0,0511445914126727
-65;-49,5;0,0921674524206582
-65;-49;0
-65;-48,5;0
-65;-48;0,0866780010271866
-65;-47,5;0,0953565791803715
-65;-47;0,0902076385129826
-65;-46,5;0,0925494538527954
-65;-46;0,167085218297061
-65;-45,5;0,0879309779939843
-65;-45;0,0859675543206226
-65;-44,5;0,0729471780135588
-65;-44;0,0791538586130413
-65;-43,5;0,0775168016977903
-65;-43;0,0660449688356103
-65;-42,5;0,0689206111480857
-65;-42;0,0836736811705743
-65;-41,5;0,0613181199706473
-65;-41;0,0596972750338292
-65;-40,5;0,0522424936433599
-65;-40;0,0557079135726279
-65;-39,5;0,101187962950906
-65;-39;0,0384657966044837
-65;-38,5;0,0324170755931076
-65;-38;0,0360573738717383
-65;-37,5;0,0371045819273038
-65;-37;0,0433078679753625
-65;-36,5;0,054667758098446
-65;-36;0,0447992491820201
-65;-35,5;0,0368447843530728
-65;-35;0,0496447355206301
-65;-34,5;0,0356517862097256
-65;-34;0,0349197741258445
-65;-33,5;0,0399042041631387
-65;-33;0,0268291071291146
-65;-32,5;0,0477442767919523
-65;-32;0,0363250208927282
-65;-31,5;0,0557613964435373
-65;-31;0,0376851223853374
-65;-30,5;0,0505118020051272
-65;-30;0,0541792091515275
-65;-29,5;0,0460252806670541
-65;-29;0,0610570257713197
-65;-28,5;0,291916072859096
-65;-28;0,272133658822412
-65;-27,5;0,304948503081554
-65;-27;0,115577179671867
-65;-26,5;0,104227754881107
-65;-26;0,133451611206958
-65;-25,5;0,20619413400986
-65;-25;0,190412193126692
-65;-24,5;0,212944455955806
-65;-24;0,344746473546009
-65;-23,5;0,211234553742227
-65;-23;0,196882719490969
-65;-22,5;0,0781743609903749
-65;-22;0,039364595241707
-65;-21,5;0,0422139645228997
-65;-21;0,0657194481699945
-65;-20,5;0,0389271941742658
-65;-20;0,0338967115269549
-65;-19,5;0,0469184862566673
-65;-19;0,0570655669000128
-65;-18,5;0,163976078565554
-65;-18;0,100384067781824
-65;-17,5;0,0949263313073569
-65;-17;0,0726012613390501
-65;-16,5;0,163055444245964
-65;-16;0,143748422584397
-65;-15,5;0,0877982729468874
-65;-15;0,158944746892246
-65;-14,5;0,172968425674524
-65;-14;0,125371865249824
-65;-13,5;0,0926282731613775
-65;-13;0,130139693805718
-65;-12,5;0,0941753343443071
-65;-12;0,0528573931663838
-65;-11,5;0,32685628556636
-65;-11;0,237606614826042
-65;-10,5;0,0778421479662528
-65;-10;0,0749147759518373
-65;-9,5;0,0974143452392156
-65;-9;0,080363240749872
-65;-8,5;0,0580593482655642
-65;-8;0,0676229039812484
-65;-7,5;0,0489832519781912
-65;-7;0,0598397030955557
-65;-6,5;0,189116206823421
-65;-6;0,23084758787565
-65;-5,5;0,265468856413498
-65;-5;0,0872225270831408
-65;-4,5;0,062871783107457
-65;-4;0,057685738142341
-65;-3,5;0,0851947052631679
-65;-3;0,0855515123181387
-65;-2,5;0,0780681821552684
-65;-2;0,0740464352705192
-65;-1,5;0,176787222165823
-65;-1;0,0845444173402441
-65;-0,5;0,247998859784391
-65;0;0,266057412542307
-65;0,5;0,0507376358565089
-65;1;0,121982589825272
-65;1,5;0,0939782866660235
-65;2;0,147911566381058
-65;2,5;0,155179013150777
-65;3;0,108396340651641
-65;3,5;0
-65;4;0,21708178182427
-65;4,5;0,0512087232152231
-65;5;0,18761426837119
-65;5,5;0,167055540298712
-65;6;0,0821141760186742
-65;6,5;0,0726182254442138
-65;7;0,0801853210649288
-65;7,5;0
-65;8,5;0,077565525294977
-65;9;0,147998657305067
-65;9,5;0,0670790578347669
-65;10;0,137699040688204
-65;10,5;0,130541717433334
-65;11;0,156168473651228
-65;11,5;0,164627897439604
-65;12;0,330347117713804
-65;12,5;0,176291318312511
-65;13;0,136253890025954
-65;13,5;0,269785717437624
-65;14;0
-65;14,5;0,0942498157970496
-65;15;0,014142135623731
-65;15,5;0,0917180159207799
-65;16;0,18491755304047
-65;16,5;0,33674760933813
-65;17;0,265226594064077
-65;17,5;0,0566524491968353
-65;18;0,0933380951166243
-65;18,5;0,050952183466462
-65;19;0,0789822764928943
-65;19,5;0,052906521337166
-65;20;0,0410162569395762
-65;20,5;0,0897138042146618
-65;21;0
-65;21,5;0
-65;33;0
-65;33,5;0
-65;34;0
-65;34,5;0
-65;35;0
-65;35,5;0
-65;36;0
-65;36,5;0
-65;37;0
-65;37,5;0
-64,5;-53,5;0,302701361295972
-64,5;-53;0,15543566014414
-64,5;-52,5;0
-64,5;-52;0
-64,5;-51,5;0,0601878013269419
-64,5;-51;0,0612209114600559
-64,5;-50,5;0
-64,5;-50;0,0753260320945628
-64,5;-49,5;0,0773579343054092
-64,5;-49;0,117305867997584
-64,5;-48,5;0,135317648874292
-64,5;-48;0,123738681961304
-64,5;-47,5;0,104249924690762
-64,5;-47;0,0669618297216863
-64,5;-46,5;0,0647423777111878
-64,5;-46;0,104657822359926
-64,5;-45,5;0,137922212171728
-64,5;-45;0,0658128424226098
-64,5;-44,5;0,0784978010004405
-64,5;-44;0
-64,5;-43,5;0,0477729726623333
-64,5;-43;0,063534534309633
-64,5;-42,5;0,068375315078771
-64,5;-42;0,0842775159796473
-64,5;-41,5;0,0971986563069613
-64,5;-41;0,0817336716522695
-64,5;-40,5;0,0572403102604473
-64,5;-40;0,0417614353960541
-64,5;-39,5;0,0855769757324375
-64,5;-39;0,0349316695630418
-64,5;-38,5;0,0455840046269798
-64,5;-38;0,02850532531701
-64,5;-37,5;0,0442434571624269
-64,5;-37;0,0338274911819346
-64,5;-36,5;0,0372821488207112
-64,5;-36;0,0395488482077269
-64,5;-35,5;0,036334680720277
-64,5;-35;0,0429863685906984
-64,5;-34,5;0,0333180335760522
-64,5;-34;0,0412722475890595
-64,5;-33,5;0,0310375632150839
-64,5;-33;0,0320891833220247
-64,5;-32,5;0,0293950025764685
-64,5;-32;0,0375802252964685
-64,5;-31,5;0,0463067267740171
-64,5;-31;0,0348392326429206
-64,5;-30,5;0,0354501748037583
-64,5;-30;0,0352353071320071
-64,5;-29,5;0,0443879317702696
-64,5;-29;0,034130159178764
-64,5;-28,5;0,111068323178992
-64,5;-28;0,0693538993837171
-64,5;-27,5;0,144562206725795
-64,5;-27;0,0408761509545568
-64,5;-26,5;0,0501484930260636
-64,5;-26;0,0795899156779504
-64,5;-25,5;0,200365007536523
-64,5;-25;0,323991725782234
-64,5;-24,5;0,0227587600063095
-64,5;-24;0,297410286493922
-64,5;-23,5;0,323352742594292
-64,5;-23;0,0647984531580843
-64,5;-22,5;0,111856360159462
-64,5;-22;0,0809973420643394
-64,5;-21,5;0,0688894071191148
-64,5;-21;0,0970306794515061
-64,5;-20,5;0,0550461884468265
-64,5;-20;0,0365665187585262
-64,5;-19,5;0,0245983912887508
-64,5;-19;0,0536661025471193
-64,5;-18,5;0,182130564601287
-64,5;-18;0,102027875438392
-64,5;-17,5;0,115281253235424
-64,5;-17;0,144487307238974
-64,5;-16,5;0,195618934980161
-64,5;-16;0,156918963187875
-64,5;-15,5;0,0984788145901286
-64,5;-15;0,133190202547503
-64,5;-14,5;0,161366846023284
-64,5;-14;0,136084894403635
-64,5;-13,5;0,160762202068879
-64,5;-13;0,110769246461003
-64,5;-12,5;0,117808455667503
-64,5;-12;0,1395754095241
-64,5;-11,5;0,334808430375594
-64,5;-11;0,303829854421155
-64,5;-10,5;0,0738963275602432
-64,5;-10;0,0568366981483817
-64,5;-9,5;0,062459820972209
-64,5;-9;0,0643097328302231
-64,5;-8,5;0,0733660369779563
-64,5;-8;0,0519055839773827
-64,5;-7,5;0,0463814737445822
-64,5;-7;0,0514398843893443
-64,5;-6,5;0,0752297452016607
-64,5;-6;0,30738263690081
-64,5;-5,5;0,227638868888548
-64,5;-5;0,141790172464522
-64,5;-4,5;0,061201448807624
-64,5;-4;0,0696519824068106
-64,5;-3,5;0,0564134325268205
-64,5;-3;0,0602435145534491
-64,5;-2,5;0,104170494475124
-64,5;-2;0,0549911445055108
-64,5;-1,5;0,0895259040237229
-64,5;-1;0,0499992037723377
-64,5;-0,5;0,224080619919712
-64,5;0;0,160145730416893
-64,5;0,5;0,0371945336485529
-64,5;1;0,0755792771914613
-64,5;1,5;0,0839910408882694
-64,5;2;0,185896821395978
-64,5;2,5;0,186396731514665
-64,5;3;0,122333846062621
-64,5;3,5;0,0578218048067605
-64,5;4;0,141456707158056
-64,5;4,5;0
-64,5;5;0,12383596372601
-64,5;5,5;0,151937387423141
-64,5;6;0,103910057261076
-64,5;6,5;0,0707106781186548
-64,5;7;0,024214320831552
-64,5;8,5;0
-64,5;9;0,072263352363848
-64,5;9,5;0,068694383326831
-64,5;10;0,132221203646228
-64,5;10,5;0,100982870312833
-64,5;11;0,122373355332107
-64,5;11,5;0,0872381524225223
-64,5;12;0,0696075044687178
-64,5;12,5;0,12739068604956
-64,5;13;0,144150755796007
-64,5;13,5;0,0891732220499975
-64,5;14;0,131521969919206
-64,5;14,5;0
-64,5;15;0,0457033915590517
-64,5;15,5;0,0477243241032402
-64,5;16;0,0842153901182742
-64,5;16,5;0,109937609801107
-64,5;17;0,0762215146677473
-64,5;17,5;0
-64,5;18;0
-64,5;18,5;0,12067784741676
-64,5;19;0
-64,5;19,5;0,0401176840237391
-64,5;20;0,0555313569231979
-64,5;20,5;0,0903968194535641
-64,5;21;0,0714177848998413
-64,5;21,5;0
-64,5;22;0
-64,5;34;0
-64,5;34,5;0
-64,5;35;0
-64,5;35,5;0
-64,5;36;0
-64,5;36,5;0
-64,5;37;0
-64,5;37,5;0
-64,5;39,5;0
-64;-54;0,215078357814077
-64;-53,5;0,211686324469823
-64;-53;0,214402569052149
-64;-52,5;0,0288409431191145
-64;-52;0
-64;-51,5;0
-64;-51;0
-64;-50,5;0,0325269119345812
-64;-50;0,0604281882408031
-64;-49,5;0,346777065754547
-64;-49;0,244049381116758
-64;-48,5;0,204303636576463
-64;-48;0,0932512244712348
-64;-47,5;0,0857390365915333
-64;-47;0,139372795745806
-64;-46,5;0,116090688900274
-64;-46;0,0892824609754785
-64;-45,5;0,0690100783153512
-64;-45;0,0667550323453921
-64;-44,5;0,0329465656856096
-64;-44;0,0247487373415292
-64;-43,5;0,0467993361663672
-64;-43;0,0457992763911038
-64;-42,5;0,100120965797418
-64;-42;0,0422803227534668
-64;-41,5;0,0583696636882323
-64;-41;0,0573190194445035
-64;-40,5;0,0616865976248538
-64;-40;0,0413221591078362
-64;-39,5;0,0331015245022
-64;-39;0,030376933099247
-64;-38,5;0
-64;-38;0,0435355916964603
-64;-37,5;0,0476385163003018
-64;-37;0,041304994420803
-64;-36,5;0,0410470454715665
-64;-36;0,0367684393187764
-64;-35,5;0,0349825712099831
-64;-35;0,0571900094093495
-64;-34,5;0,0356710122231417
-64;-34;0,0477584957158774
-64;-33,5;0,0288675134594813
-64;-33;0,0439161975934529
-64;-32,5;0,0558908568442807
-64;-32;0,0253052535228528
-64;-31,5;0,0349803141441351
-64;-31;0,0287957892580078
-64;-30,5;0,0322112289436971
-64;-30;0,0259832791063777
-64;-29,5;0,026848408998919
-64;-29;0,0325243374215063
-64;-28,5;0,0870546540374223
-64;-28;0,0565167984035316
-64;-27,5;0,0381271873970922
-64;-27;0,0479847594062794
-64;-26,5;0,025220003342188
-64;-26;0,0370225720960744
-64;-25,5;0,0425390923758992
-64;-25;0,0831929197994752
-64;-24,5;0,201589313879948
-64;-24;0,314999974419519
-64;-23,5;0,106535968266287
-64;-23;0,0269701775335365
-64;-22,5;0,089697871361152
-64;-22;0,0715893525564314
-64;-21,5;0,073900181169328
-64;-21;0,0787452784014598
-64;-20,5;0,0497551443365133
-64;-20;0,0499137379134542
-64;-19,5;0,0617169960651504
-64;-19;0,0891809588273581
-64;-18,5;0,0898083797818921
-64;-18;0,0878204011213358
-64;-17,5;0,174160882647031
-64;-17;0,299919161591138
-64;-16,5;0,309144245138187
-64;-16;0,116616447069598
-64;-15,5;0,128107673409233
-64;-15;0,102183955797313
-64;-14,5;0,15073771615115
-64;-14;0,168639956957
-64;-13,5;0,152452158845808
-64;-13;0,0835094275336869
-64;-12,5;0,103804101120851
-64;-12;0,109797008851003
-64;-11,5;0,0968141836652757
-64;-11;0,0925409409806047
-64;-10,5;0,0693575512299075
-64;-10;0,0656110447668859
-64;-9,5;0,0373822547609757
-64;-9;0,0449248976467552
-64;-8,5;0,0622613761545344
-64;-8;0,073517534784513
-64;-7,5;0,053541402840996
-64;-7;0,0464702758595378
-64;-6,5;0,0634690940376799
-64;-6;0,0780389375006402
-64;-5,5;0,088377957489203
-64;-5;0,0885232987331847
-64;-4,5;0,0701517885014466
-64;-4;0,0575839531033747
-64;-3,5;0,0857949288271876
-64;-3;0,0667072110678947
-64;-2,5;0,0344069656568882
-64;-2;0,0562877764306799
-64;-1,5;0,0606185399075255
-64;-1;0,0363154059886601
-64;-0,5;0,0662773852753848
-64;0;0,0463105459551782
-64;0,5;0,108294505862486
-64;1;0,0699938453445993
-64;1,5;0,0664537321914088
-64;2;0,0853033196845606
-64;2,5;0,0891240093223953
-64;3;0,118201818022195
-64;4;0,109294298066018
-64;4,5;0,087006246652305
-64;5;0,0877695847090551
-64;5,5;0,0205060966544099
-64;9;0,0663000395029689
-64;9,5;0,0441402722733292
-64;10;0,0846875914304598
-64;10,5;0,0651609907087433
-64;11;0,0327765159832463
-64;11,5;0
-64;12;0,0644683061666739
-64;12,5;0,266480808205111
-64;13;0,0912835192451567
-64;13,5;0,101204678178659
-64;14;0,11720884146591
-64;14,5;0,116122146643853
-64;15;0,0730688031926074
-64;15,5;0,0793012755741817
-64;16;0,0740702211473593
-64;16,5;0,0879587971723124
-64;17;0,0718454359487551
-64;17,5;0
-64;18;0
-64;18,5;0
-64;19;0
-64;19,5;0,0744286171282192
-64;20;0,0635605573012418
-64;20,5;0,135712483975787
-64;21;0,142952556232246
-64;21,5;0
-64;22;0
-64;34,5;0
-64;35,5;0
-64;36;0
-64;36,5;0
-64;37;0
-64;37,5;0
-64;38;0
-64;39,5;0
-64;40;0
-64;40,5;0
-63,5;-54;0,0579511288357124
-63,5;-53,5;0,260381994011548
-63,5;-53;0,153170920116159
-63,5;-52,5;0,0369278575964903
-63,5;-52;0,0282842712474619
-63,5;-51,5;0
-63,5;-51;0
-63,5;-50,5;0,05096879615822
-63,5;-50;0,0281424945589406
-63,5;-49,5;0
-63,5;-49;0,215242124991907
-63,5;-48,5;0,145536441676495
-63,5;-48;0,0818632554482937
-63,5;-47,5;0,0784492491962387
-63,5;-47;0,0931552016456324
-63,5;-46,5;0,0821451581429302
-63,5;-46;0,0615592947385485
-63,5;-45,5;0,0933432895122606
-63,5;-45;0,06304145696637
-63,5;-44,5;0,0273365271072555
-63,5;-44;0,0502117105167298
-63,5;-43,5;0,0432122152470653
-63,5;-43;0,0599786175744748
-63,5;-42,5;0,0442042411538601
-63,5;-42;0,0641599406156051
-63,5;-41,5;0,0792004313961315
-63,5;-41;0,0461339802049927
-63,5;-40,5;0,0455645641887775
-63,5;-40;0,0397683770038936
-63,5;-39,5;0,0288858179075905
-63,5;-39;0,0321179979057488
-63,5;-38,5;0,0300169542735376
-63,5;-38;0,045068770005967
-63,5;-37,5;0,0462372988492845
-63,5;-37;0,030558570045219
-63,5;-36,5;0,0515853069987596
-63,5;-36;0,0510274687212933
-63,5;-35,5;0,0366956900666521
-63,5;-35;0,03684431733983
-63,5;-34,5;0,0338304514644742
-63,5;-34;0,0394082084920353
-63,5;-33,5;0,0283252929768118
-63,5;-33;0,0178624373103635
-63,5;-32,5;0,0276491285269608
-63,5;-32;0,0425255141631316
-63,5;-31,5;0,046492771889839
-63,5;-31;0,0651147186301107
-63,5;-30,5;0,0514957026035112
-63,5;-30;0,0197355115485331
-63,5;-29,5;0,0225973127328972
-63,5;-29;0,0357582998300058
-63,5;-28,5;0,0865711240761579
-63,5;-28;0,0247536452406403
-63,5;-27,5;0,0259511829452339
-63,5;-27;0,0518103638884612
-63,5;-26,5;0,133487761737671
-63,5;-26;0,119312243629253
-63,5;-25,5;0,0402781770031828
-63,5;-25;0,0637194805196389
-63,5;-24,5;0,195483402732308
-63,5;-24;0,320456382543627
-63,5;-23,5;0,0679319441486306
-63,5;-23;0,0559708257338887
-63,5;-22,5;0,0261747991433141
-63,5;-22;0,0598853070460526
-63,5;-21,5;0,0587833170325096
-63,5;-21;0,104463892144151
-63,5;-20,5;0,103925263210087
-63,5;-20;0,0419487109768236
-63,5;-19,5;0,0907766307714429
-63,5;-19;0,070192711421448
-63,5;-18,5;0,0520610986148075
-63,5;-18;0,0788510761615719
-63,5;-17,5;0,0615890424729947
-63,5;-17;0,120456542045578
-63,5;-16,5;0,137915951955971
-63,5;-16;0,139693300509663
-63,5;-15,5;0,165344579516324
-63,5;-15;0,0627720100261131
-63,5;-14,5;0,1026079812772
-63,5;-14;0,167010940945809
-63,5;-13,5;0,205678879299754
-63,5;-13;0,109211911365741
-63,5;-12,5;0,0459004836097006
-63,5;-12;0,100581751963806
-63,5;-11,5;0,0507535304219715
-63,5;-11;0,0739823959545197
-63,5;-10,5;0,0951049032539901
-63,5;-10;0,0514833993054111
-63,5;-9,5;0,0539007927079505
-63,5;-9;0,0298665046024136
-63,5;-8,5;0,0444380346482092
-63,5;-8;0,0624738491133848
-63,5;-7,5;0,068292168315002
-63,5;-7;0,0462299530191166
-63,5;-6,5;0,0555423800886809
-63,5;-6;0,052412787375839
-63,5;-5,5;0,0666630779214033
-63,5;-5;0,0763097774245489
-63,5;-4,5;0,0695704436856298
-63,5;-4;0,0916741089267339
-63,5;-3,5;0,0608001968682408
-63,5;-3;0,052386384999667
-63,5;-2,5;0,0452098282614364
-63,5;-2;0,0391113406788488
-63,5;-1,5;0,0504417908980822
-63,5;-1;0,0791619597598232
-63,5;-0,5;0,0557324850523453
-63,5;0;0,0700054589708137
-63,5;0,5;0,0604016648041353
-63,5;1;0,0127279220613579
-63,5;1,5;0,0595758708835581
-63,5;2;0,0887440116731441
-63,5;2,5;0,0721027705695802
-63,5;3;0,07306067276423
-63,5;3,5;0,222984016904512
-63,5;4;0,0583257756390441
-63,5;4,5;0,109546032942016
-63,5;7,5;0
-63,5;8;0
-63,5;8,5;0,173250677772079
-63,5;9;0,126519800821848
-63,5;9,5;0,143452489719498
-63,5;10;0,0550660209808796
-63,5;10,5;0,0657504615071696
-63,5;11;0,049974098554309
-63,5;12;0,0794056493132393
-63,5;12,5;0,26171522145809
-63,5;13;0,186746808901573
-63,5;13,5;0,0659485489689585
-63,5;14;0
-63,5;14,5;0,0583383148056145
-63,5;15;0,0632961294235279
-63,5;15,5;0
-63,5;16;0,0571614620923749
-63,5;16,5;0,297862875899087
-63,5;17;0,169161288426094
-63,5;17,5;0
-63,5;18;0
-63,5;18,5;0
-63,5;19;0,0247487373415292
-63,5;19,5;0
-63,5;20;0,0696919629295208
-63,5;20,5;0,0836897280927313
-63,5;21;0,0609125055578354
-63,5;21,5;0
-63,5;22;0
-63,5;23,5;0,331633080376491
-63,5;24;0,0715252869037704
-63,5;36;0
-63,5;36,5;0
-63,5;37;0
-63,5;37,5;0
-63,5;38;0
-63,5;40;0
-63,5;40,5;0
-63;-54,5;0
-63;-54;0
-63;-53,5;0
-63;-53;0
-63;-52,5;0,0564588345611207
-63;-52;0
-63;-51,5;0
-63;-51;0,0515098811602479
-63;-50,5;0,0913221914271598
-63;-50;0
-63;-49,5;0,0714177848998413
-63;-49;0,0858156530930661
-63;-48,5;0,0561055503459638
-63;-48;0,0822878539584726
-63;-47,5;0,0758025420642014
-63;-47;0,0620741700725371
-63;-46,5;0,0521252854011492
-63;-46;0,0227449628123093
-63;-45,5;0,21496046148071
-63;-45;0,091972928188242
-63;-44,5;0,0434957739664577
-63;-44;0,0555243753627796
-63;-43,5;0,0693492369580709
-63;-43;0,0726225679368154
-63;-42,5;0,0523582637202029
-63;-42;0,0532844472921726
-63;-41,5;0,0535546449899539
-63;-41;0,0543849329339713
-63;-40,5;0,0432943414316467
-63;-40;0,0413594623780959
-63;-39,5;0,0387422496089464
-63;-39;0,0524327594598057
-63;-38,5;0,0480834231769701
-63;-38;0,0430885863306096
-63;-37,5;0,0452794075829936
-63;-37;0,0449010764533175
-63;-36,5;0,0536641680998887
-63;-36;0,0389902977784081
-63;-35,5;0,0375254775505958
-63;-35;0,0290305174728514
-63;-34,5;0,0378029561286349
-63;-34;0
-63;-33,5;0,0391593481234627
-63;-33;0,0518654758602184
-63;-32,5;0,0428464770781291
-63;-32;0,0603143386305814
-63;-31,5;0,039328764151516
-63;-31;0,0304199480511821
-63;-30,5;0,0450540726668463
-63;-30;0,0226478936367891
-63;-29,5;0,0259321741409712
-63;-29;0,138199022055041
-63;-28,5;0,118063839044625
-63;-28;0,0419067786772103
-63;-27,5;0,0420214373982064
-63;-27;0,0353862354567659
-63;-26,5;0,0773251066541047
-63;-26;0,0945272158200676
-63;-25,5;0,033359749174923
-63;-25;0,0416743706498879
-63;-24,5;0,293426027021008
-63;-24;0,129956620225735
-63;-23,5;0,0355612032073399
-63;-23;0,0360861820429269
-63;-22,5;0,0446905398559592
-63;-22;0,035859052209231
-63;-21,5;0,0367720055498318
-63;-21;0,0773200443661866
-63;-20,5;0,0791591546385217
-63;-20;0,0383353389102847
-63;-19,5;0,048964226923411
-63;-19;0,0204536163102779
-63;-18,5;0,0344924194171006
-63;-18;0,0582506320519682
-63;-17,5;0,0509515333773322
-63;-17;0,0814638624861722
-63;-16,5;0,192843093190338
-63;-16;0,11403854083387
-63;-15,5;0,14236264802301
-63;-15;0,129979002101971
-63;-14,5;0,116635294648621
-63;-14;0,129048878895314
-63;-13,5;0,0907886764430848
-63;-13;0,0792669052508122
-63;-12,5;0,097060418855602
-63;-12;0,116601908880769
-63;-11,5;0,0861414813605882
-63;-11;0,0936403163210195
-63;-10,5;0,12594082558605
-63;-10;0,0833255183410384
-63;-9,5;0,0630882318661729
-63;-9;0,041258345607296
-63;-8,5;0,0570947003918422
-63;-8;0,0554902610876868
-63;-7,5;0,048448649811249
-63;-7;0,0491029878981222
-63;-6,5;0,0399432646069946
-63;-6;0,0411648295651188
-63;-5,5;0,0619952640607123
-63;-5;0,067427510030483
-63;-4,5;0,098173593123116
-63;-4;0,0810359294532257
-63;-3,5;0,0575292684182467
-63;-3;0,140437366904213
-63;-2,5;0,095297272131775
-63;-2;0,0713318166751376
-63;-1,5;0,0499563465351479
-63;-1;0,0647632871509683
-63;-0,5;0,00264575131106459
-63;0;0,0565691616369659
-63;0,5;0,064036773752299
-63;1;0,0678407097896381
-63;1,5;0,0784307674410067
-63;2;0,0884075710418034
-63;2,5;0,113056865412168
-63;3;0,165985997990511
-63;3,5;0,107736005114491
-63;4;0,0883161100486069
-63;4,5;0,162933356227105
-63;5;0,124211358643892
-63;6;0,00707106781186547
-63;6,5;0,0778028644349661
-63;7;0,0935855223846082
-63;7,5;0
-63;8;0,0940452018978108
-63;8,5;0,205920952637603
-63;9,5;0,0659060717545633
-63;10;0,0632576411721672
-63;10,5;0,0557294287676559
-63;11;0,0575392631028498
-63;11,5;0,0570658785330921
-63;12;0,0615710971154486
-63;12,5;0,0497327224085
-63;13;0,0280475786239502
-63;13,5;0,0438549576438231
-63;14;0,0655020355917789
-63;14,5;0,0763005147379766
-63;15;0,0839387854151446
-63;15,5;0
-63;16;0,0371526918381766
-63;16,5;0,360354162401725
-63;17;0,154334401274893
-63;17,5;0,258746207701678
-63;18;0,0576451790409802
-63;18,5;0,068820371909367
-63;19;0,204315442392395
-63;19,5;0,188328401884904
-63;20;0,0890392168814233
-63;20,5;0,0542448154204621
-63;21;0,0664279057826353
-63;21,5;0,0355063374624869
-63;22;0,0919965061448376
-63;22,5;0,0434664621672081
-63;23,5;0,153263389844629
-63;24;0,129046503245923
-63;37,5;0
-63;39;0
-63;39,5;0
-63;40;0
-63;40,5;0
-63;41;0
-62,5;-54,5;0
-62,5;-54;0
-62,5;-53,5;0
-62,5;-53;0
-62,5;-52,5;0
-62,5;-52;0
-62,5;-51,5;0
-62,5;-51;0,061515871359754
-62,5;-50,5;0,0688402510071699
-62,5;-50;0,0524455272957889
-62,5;-49,5;0,0127279220613579
-62,5;-49;0,107546114140245
-62,5;-48,5;0,120168404100785
-62,5;-48;0,0687414419746114
-62,5;-47,5;0,0819152704839674
-62,5;-47;0,076329972526409
-62,5;-46,5;0,0533626407571011
-62,5;-46;0,0344644744628436
-62,5;-45,5;0,0444165884927392
-62,5;-45;0,0804796434475619
-62,5;-44,5;0,0591210237948012
-62,5;-44;0,0430719958371658
-62,5;-43,5;0,0531631365545628
-62,5;-43;0,0568931448592253
-62,5;-42,5;0,0530754144866161
-62,5;-42;0,0520071128303258
-62,5;-41,5;0,0529986309073053
-62,5;-41;0,0612655444485087
-62,5;-40,5;0,0443539080827196
-62,5;-40;0,0305997155639165
-62,5;-39,5;0,0334103277445762
-62,5;-39;0,0410743515700778
-62,5;-38,5;0,0487348471857279
-62,5;-38;0,0496227603703602
-62,5;-37,5;0,0518574941517588
-62,5;-37;0,047037022735539
-62,5;-36,5;0,035925069011018
-62,5;-36;0,0301285619932206
-62,5;-35,5;0,0283085128038037
-62,5;-35;0,0264063837253282
-62,5;-34,5;0,055281099844341
-62,5;-34;0
-62,5;-33,5;0,0313212971620586
-62,5;-33;0,0727359291177021
-62,5;-32,5;0,0553053200519766
-62,5;-32;0,0663044240152264
-62,5;-31,5;0,0487583370261257
-62,5;-31;0,0238955282146413
-62,5;-30,5;0,0789281211298277
-62,5;-30;0,357973893981013
-62,5;-29,5;0,198200134109358
-62,5;-29;0,226850152939238
-62,5;-28,5;0,17498999158666
-62,5;-28;0,332882367801013
-62,5;-27,5;0,283914887611084
-62,5;-27;0,0785595766870025
-62,5;-26,5;0,0281924740348182
-62,5;-26;0,04483637000207
-62,5;-25,5;0,0272367199169783
-62,5;-25;0,304676790540755
-62,5;-24,5;0,249773857242716
-62,5;-24;0,0413639127529893
-62,5;-23,5;0,0314935756643041
-62,5;-23;0,0505037065982814
-62,5;-22,5;0,0559328466407113
-62,5;-22;0,0373006787285274
-62,5;-21,5;0,0471390966289421
-62,5;-21;0,0965916985692507
-62,5;-20,5;0,0742524062553581
-62,5;-20;0,0705642127903498
-62,5;-19,5;0,301996789978014
-62,5;-19;0,335747792370311
-62,5;-18,5;0,117560448004199
-62,5;-18;0,0556840571051201
-62,5;-17,5;0,0473615826462487
-62,5;-17;0,0514120233335617
-62,5;-16,5;0,0759360559539244
-62,5;-16;0,128600214686412
-62,5;-15,5;0,191367010758317
-62,5;-15;0,1502830349168
-62,5;-14,5;0,123782620367299
-62,5;-14;0,0614604275405014
-62,5;-13,5;0,0852745362859413
-62,5;-13;0,107272328213797
-62,5;-12,5;0,128708035492466
-62,5;-12;0,169972316622289
-62,5;-11,5;0,150034932452203
-62,5;-11;0,0821381629029881
-62,5;-10,5;0,101330893422792
-62,5;-10;0,0808172048146891
-62,5;-9,5;0,0712818798665299
-62,5;-9;0,0396425838434065
-62,5;-8,5;0,0402762893918927
-62,5;-8;0,0771699907193867
-62,5;-7,5;0,0612604701114836
-62,5;-7;0,0667817340295982
-62,5;-6,5;0,0470478643347553
-62,5;-6;0,0489460553450977
-62,5;-5,5;0,064070411598035
-62,5;-5;0,0574983056577215
-62,5;-4,5;0,0817539348757319
-62,5;-4;0,064449474093597
-62,5;-3,5;0,0743394222800427
-62,5;-3;0,0483302045668067
-62,5;-2,5;0,0770656543433265
-62,5;-2;0,0928285400327482
-62,5;-1,5;0,0853198791687876
-62,5;-1;0,0601311667235757
-62,5;-0,5;0,0618978805699163
-62,5;0;0,0821024621172489
-62,5;0,5;0,0712906202595958
-62,5;1;0,0814743283278272
-62,5;1,5;0,0619903034417297
-62,5;2;0,101548496371855
-62,5;2,5;0,151696302703686
-62,5;3;0,158096576171846
-62,5;3,5;0,111374286934299
-62,5;4;0,0792996846074887
-62,5;4,5;0,133300872267231
-62,5;5;0,16889465705104
-62,5;5,5;0,0312143129562919
-62,5;6;0
-62,5;6,5;0,0604432700049302
-62,5;7;0,100847031733828
-62,5;7,5;0
-62,5;8;0,05939696961967
-62,5;8,5;0,089019420032132
-62,5;9;0,0548628159268969
-62,5;9,5;0,029698484809835
-62,5;10;0,0463564782627313
-62,5;10,5;0,060404427033081
-62,5;11;0,014532721699668
-62,5;11,5;0,158391918985787
-62,5;12,5;0,0466354210874095
-62,5;13;0,019157244060668
-62,5;13,5;0,113844191771034
-62,5;14;0,0891268524819167
-62,5;14,5;0,0594739610820031
-62,5;15;0,0713916291023139
-62,5;15,5;0
-62,5;16;0,0770658345646296
-62,5;16,5;0,0987271762787146
-62,5;17;0,281641873878781
-62,5;17,5;0,137112282232636
-62,5;18;0,118711789173986
-62,5;18,5;0,0836358100214777
-62,5;19;0,245742141278211
-62,5;19,5;0,144071029680405
-62,5;20;0,146098413539458
-62,5;20,5;0
-62,5;21;0
-62,5;21,5;0,129962815194706
-62,5;22;0,0994811539941109
-62,5;22,5;0
-62,5;39;0
-62,5;39,5;0
-62,5;40;0
-62,5;40,5;0
-62,5;41;0
-62,5;41,5;0
-62;-54,5;0
-62;-54;0
-62;-53,5;0
-62;-53;0
-62;-52,5;0
-62;-52;0
-62;-51,5;0,00801560977094071
-62;-51;0,103659521852014
-62;-50,5;0,0768550058173957
-62;-50;0,0727602492577772
-62;-49,5;0,0724692245421953
-62;-49;0,0994846708297035
-62;-48,5;0,0901776902521297
-62;-48;0,0869801587642148
-62;-47,5;0,0610391028748955
-62;-47;0,0545714722547008
-62;-46,5;0,0896786772399948
-62;-46;0,131984847615171
-62;-45,5;0,271904081685246
-62;-45;0,054790280067873
-62;-44,5;0,045372731117534
-62;-44;0,0347444576861041
-62;-43,5;0,0569890739129401
-62;-43;0,0590343352581811
-62;-42,5;0,062011633348405
-62;-42;0,0497436566061344
-62;-41,5;0,0335583985457711
-62;-41;0,069717637029976
-62;-40,5;0,045380647439799
-62;-40;0,0447697667023407
-62;-39,5;0,0604426528679399
-62;-39;0,0532040878545824
-62;-38,5;0,0560373848939003
-62;-38;0,0568566059073858
-62;-37,5;0,047337181265457
-62;-37;0,0514802899548356
-62;-36,5;0,0373203556131159
-62;-36;0,0230276776408739
-62;-35,5;0,0331770124267017
-62;-35;0,032272193998774
-62;-34,5;0
-62;-34;0,0635188161098741
-62;-33,5;0,0451779494375809
-62;-33;0,0557432916665883
-62;-32,5;0,0383232363135808
-62;-32;0,0432308296049358
-62;-31,5;0,04927717399018
-62;-31;0,0480449736404035
-62;-30,5;0,119859166009738
-62;-30;0,265832663819886
-62;-29,5;0,321743619961895
-62;-29;0,285026325489224
-62;-28,5;0,101063466415351
-62;-28;0,118846202665273
-62;-27,5;0,243567600497262
-62;-27;0,312422644938655
-62;-26,5;0,297278391321634
-62;-26;0,0291594416618146
-62;-25,5;0,0648497401345465
-62;-25;0,317998018469979
-62;-24,5;0,0353109738754549
-62;-24;0,0257787310627698
-62;-23,5;0,0323552359714133
-62;-23;0,0969641317058301
-62;-22,5;0,229438474052087
-62;-22;0,126015381880897
-62;-21,5;0,0610575835781002
-62;-21;0,0460842578710932
-62;-20,5;0,0741170896298999
-62;-20;0,129380705980026
-62;-19,5;0,285805216500174
-62;-19;0,341736940218716
-62;-18,5;0,14331046682968
-62;-18;0,0986009467206825
-62;-17,5;0,0575967755055767
-62;-17;0,0879743262141242
-62;-16,5;0,0635404936062909
-62;-16;0,145595355910947
-62;-15,5;0,0680012123511752
-62;-15;0,0694991287817935
-62;-14,5;0,0404823078123919
-62;-14;0,118184238555226
-62;-13,5;0,102545022557783
-62;-13;0,0906176177045805
-62;-12,5;0,125302760945795
-62;-12;0,179969051180527
-62;-11,5;0,0845287058146157
-62;-11;0,0407031635717972
-62;-10,5;0,099106343230348
-62;-10;0,0769302346941761
-62;-9,5;0,075959367083601
-62;-9;0,0912478919086779
-62;-8,5;0,0408349073119116
-62;-8;0,0472204874613787
-62;-7,5;0,0859915540528316
-62;-7;0,0715309280951389
-62;-6,5;0,0625188623044217
-62;-6;0,0478869354402491
-62;-5,5;0,0454628517151746
-62;-5;0,0639191468862314
-62;-4,5;0,0819458733971225
-62;-4;0,0640976930741329
-62;-3,5;0,102927849554637
-62;-3;0,068888666030892
-62;-2,5;0,0951971079482046
-62;-2;0,100350021893069
-62;-1,5;0,071721996071616
-62;-1;0,307935165294786
-62;-0,5;0,164290273959377
-62;0;0,112219884763048
-62;0,5;0,0681745450277711
-62;1;0,0878020129005466
-62;1,5;0,0849019041796669
-62;2;0,0889751460403591
-62;2,5;0,133271872062776
-62;3;0,106350329320524
-62;3,5;0,0990241817844943
-62;4;0,161676542502629
-62;4,5;0,0925546091796594
-62;5;0,15066626312424
-62;5,5;0,117346963380241
-62;6;0,110853465172455
-62;6,5;0,106342454865503
-62;7;0,0916146806877267
-62;7,5;0,307855545378953
-62;8;0,322955695030109
-62;8,5;0,057114754994618
-62;9;0
-62;9,5;0,0430761369139408
-62;10;0,0714706233357454
-62;12;0,0138924439894498
-62;12,5;0,0708537225556992
-62;13;0,021920310216783
-62;14;0,0339411254969543
-62;14,5;0
-62;15;0
-62;15,5;0,0509803883861235
-62;16;0,0131984847615171
-62;16,5;0,0444544710912187
-62;17;0
-62;17,5;0,1377836468284
-62;18;0,0612409548052163
-62;18,5;0
-62;19;0
-62;19,5;0,109500380516843
-62;20;0,118226285340674
-62;20,5;0,0506280554633496
-62;21;0
-62;21,5;0,0345880518869354
-62;22;0,224225147266462
-62;22,5;0
-62;39;0,0548718203330878
-62;39,5;0,088740414192808
-62;40;0,100304120885768
-62;40,5;0
-62;41;0
-62;41,5;0,117484002779489
-62;42;0
-61,5;-55;0
-61,5;-54,5;0
-61,5;-54;0
-61,5;-53,5;0
-61,5;-53;0
-61,5;-52,5;0
-61,5;-52;0
-61,5;-51,5;0
-61,5;-51;0,160413750746535
-61,5;-50,5;0,128018533306866
-61,5;-50;0,0919275407859186
-61,5;-49,5;0,0736669139278297
-61,5;-49;0,0617908629327282
-61,5;-48,5;0,0590639422605901
-61,5;-48;0,0753823085144969
-61,5;-47,5;0,0552127722221065
-61,5;-47;0,0539253870493393
-61,5;-46,5;0,0629651490905882
-61,5;-46;0,0721563410200872
-61,5;-45,5;0,156489978274945
-61,5;-45;0,0490113689434838
-61,5;-44,5;0,0407547610648198
-61,5;-44;0,0478522542341959
-61,5;-43,5;0,063437462016911
-61,5;-43;0,0523451768920466
-61,5;-42,5;0,0514506424124244
-61,5;-42;0,0556339153725723
-61,5;-41,5;0,0510197977538705
-61,5;-41;0,0331688608989415
-61,5;-40,5;0,0382680875412421
-61,5;-40;0,0410640654497867
-61,5;-39,5;0,0470330078843057
-61,5;-39;0,0620155229652422
-61,5;-38,5;0,0432956821398396
-61,5;-38;0,0696143213616588
-61,5;-37,5;0,0394631027415157
-61,5;-37;0,0425061196121107
-61,5;-36,5;0,039490545339959
-61,5;-36;0,0338808457147871
-61,5;-35,5;0,0205060966544099
-61,5;-35;0
-61,5;-34,5;0,025527773637565
-61,5;-34;0,0556566510013609
-61,5;-33,5;0,0687011988859745
-61,5;-33;0,056083242485023
-61,5;-32,5;0,0312945321799336
-61,5;-32;0,0473847073835764
-61,5;-31,5;0,0791039581735447
-61,5;-31;0,0419683618894008
-61,5;-30,5;0,035336224645607
-61,5;-30;0,0714838348620897
-61,5;-29,5;0,0365230755902197
-61,5;-29;0,300060739012894
-61,5;-28,5;0,0221248800077004
-61,5;-28;0,0371324685160586
-61,5;-27,5;0,0355947725355621
-61,5;-27;0,0342171421168588
-61,5;-26,5;0,077666566619309
-61,5;-26;0,0843003656747262
-61,5;-25,5;0,238238599812817
-61,5;-25;0,237880342399862
-61,5;-24,5;0,0694853305167702
-61,5;-24;0,059048029896947
-61,5;-23,5;0,0396000354787386
-61,5;-23;0,326575859715259
-61,5;-22,5;0,224176170091412
-61,5;-22;0,236016714517596
-61,5;-21,5;0,0402076229237252
-61,5;-21;0,03130466348522
-61,5;-20,5;0,0677654803759149
-61,5;-20;0,0632179082346816
-61,5;-19,5;0,0459792907629441
-61,5;-19;0,0926338670969389
-61,5;-18,5;0,109477382133843
-61,5;-18;0,067380144585015
-61,5;-17,5;0,0952303704675339
-61,5;-17;0,126153154607275
-61,5;-16,5;0,0716893762468796
-61,5;-16;0,146290933767688
-61,5;-15,5;0,147617703241515
-61,5;-15;0,128902879727352
-61,5;-14,5;0,062926007181949
-61,5;-14;0,0826919316704641
-61,5;-13,5;0,126677153026507
-61,5;-13;0,085907327113484
-61,5;-12,5;0,129568042167119
-61,5;-12;0,147174599851775
-61,5;-11,5;0,0899217581485292
-61,5;-11;0,0509282649620327
-61,5;-10,5;0,0354939558361829
-61,5;-10;0,0473699103161632
-61,5;-9,5;0,0623921090741872
-61,5;-9;0,0445855277085037
-61,5;-8,5;0,0341249834103055
-61,5;-8;0,0455646525953789
-61,5;-7,5;0,0895020467883855
-61,5;-7;0,0645112832020675
-61,5;-6,5;0,0536649450972271
-61,5;-6;0,0414349412254242
-61,5;-5,5;0,0376317450471556
-61,5;-5;0,0569775219507178
-61,5;-4,5;0,0561702065076472
-61,5;-4;0,0545132992085037
-61,5;-3,5;0,0861962089793148
-61,5;-3;0,0884014799264672
-61,5;-2,5;0,102784640967476
-61,5;-2;0,0645087685860597
-61,5;-1,5;0,0973368685490184
-61,5;-1;0,342026466366872
-61,5;-0,5;0,334739483198086
-61,5;0;0,0805797850232052
-61,5;0,5;0,0713123141809755
-61,5;1;0,0967167255442408
-61,5;1,5;0,171438868543568
-61,5;2;0,0849727089062438
-61,5;2,5;0,0732381501573995
-61,5;3;0,11249330571923
-61,5;3,5;0,0828656510807238
-61,5;4;0,173322783688928
-61,5;4,5;0,155451871140692
-61,5;5;0,0997960018247125
-61,5;5,5;0,0973568452378376
-61,5;6;0,118650740524239
-61,5;6,5;0,0951404470166372
-61,5;7;0,0899023980573966
-61,5;7,5;0,380743319533591
-61,5;8;0,327523086022788
-61,5;8,5;0,0628189881701805
-61,5;9;0,0794547351959274
-61,5;9,5;0,0683158753404318
-61,5;10;0,0638042646672095
-61,5;10,5;0,0599406138855989
-61,5;11;0
-61,5;12;0,0519056095975407
-61,5;12,5;0,0585551971315195
-61,5;14;0
-61,5;14,5;0
-61,5;15;0
-61,5;15,5;0,0247487373415292
-61,5;16;0,0637771561064433
-61,5;16,5;0,0748661673918401
-61,5;17;0,0758976133512662
-61,5;17,5;0
-61,5;18;0,0829904254374305
-61,5;18,5;0,18500370366663
-61,5;19;0,0865360921124547
-61,5;19,5;0,129804390156947
-61,5;20;0,137064761220647
-61,5;20,5;0,124391176157645
-61,5;21;0,140007142674936
-61,5;21,5;0
-61,5;22;0
-61,5;22,5;0,0843357287957788
-61,5;27;0,00424264068711928
-61,5;39;0,0417193000900063
-61,5;39,5;0,0973364595803462
-61,5;40;0,0551935986626469
-61,5;40,5;0
-61,5;41;0
-61,5;41,5;0,221367028057728
-61,5;42;0,121556571192182
-61,5;42,5;0
-61;-55;0,0127410099024109
-61;-54,5;0
-61;-54;0,1209152595829
-61;-53,5;0
-61;-53;0
-61;-52,5;0
-61;-51,5;0,081489876671891
-61;-51;0,162845923885138
-61;-50,5;0,208161341605962
-61;-50;0,110761866763245
-61;-49,5;0,105618467728091
-61;-49;0,0541736632723847
-61;-48,5;0,0645750148975562
-61;-48;0,0952321689761665
-61;-47,5;0,0325115364140177
-61;-47;0,0520576603392815
-61;-46,5;0,0841220214495207
-61;-46;0,0601480945443073
-61;-45,5;0,0806706582472265
-61;-45;0,0618304007874643
-61;-44,5;0,0634616220093719
-61;-44;0,0593569395914749
-61;-43,5;0,0527024236116846
-61;-43;0,0428980214450788
-61;-42,5;0,0463189718632824
-61;-42;0,0408531303680583
-61;-41,5;0,0666014565208238
-61;-41;0,0531739085929631
-61;-40,5;0,0382293265734097
-61;-40;0,054650892032976
-61;-39,5;0,0401592550449553
-61;-39;0,0385183596693908
-61;-38,5;0,030533588062984
-61;-38;0,0511616686000202
-61;-37,5;0,0437530922943449
-61;-37;0,0296033687090609
-61;-36,5;0,0163691056276028
-61;-36;0,0332515172389593
-61;-35,5;0,0474350433048536
-61;-35;0,0552618120212129
-61;-34,5;0,043200842913951
-61;-34;0,0340712793890679
-61;-33,5;0,0602154278637044
-61;-33;0,0548464402759551
-61;-32,5;0,056515681571143
-61;-32;0,0394104377130298
-61;-31,5;0,06781879029319
-61;-31;0,0601763557635542
-61;-30,5;0,0342917977472642
-61;-30;0,0398188222942452
-61;-29,5;0,178462647199977
-61;-29;0,340806122597804
-61;-28,5;0,0359480860047677
-61;-28;0,032471366399558
-61;-27,5;0,203716407279222
-61;-27;0,223333259106818
-61;-26,5;0,0355787064494633
-61;-26;0,0682078765870141
-61;-25,5;0,263069898220724
-61;-25;0,113648106665973
-61;-24,5;0,0383681977038448
-61;-24;0,0555536508856237
-61;-23,5;0,0504287471926219
-61;-23;0,0964920428070049
-61;-22,5;0,2099728553885
-61;-22;0,0691274345239048
-61;-21,5;0,061217488138558
-61;-21;0,0491887282996373
-61;-20,5;0,0686425524000965
-61;-20;0,0700837741524316
-61;-19,5;0,0523801123595482
-61;-19;0,107714052378925
-61;-18,5;0,089283947483503
-61;-18;0,061764070568763
-61;-17,5;0,119793403424948
-61;-17;0,103606681578878
-61;-16,5;0,118922571286667
-61;-16;0,127687573892727
-61;-15,5;0,103014215730857
-61;-15;0,094319888567101
-61;-14,5;0,0737471394940467
-61;-14;0,0748277804507514
-61;-13,5;0,0545139437840415
-61;-13;0,0700385302845599
-61;-12,5;0,0894300206444565
-61;-12;0,102751378894211
-61;-11,5;0,0736027715677619
-61;-11;0,11657797680233
-61;-10,5;0,0351479853521783
-61;-10;0,110429390838065
-61;-9,5;0,0597387120047865
-61;-9;0,0494857305608145
-61;-8,5;0,0758642847846228
-61;-8;0,0437402560577782
-61;-7,5;0,0306929180570245
-61;-7;0,0655466361281026
-61;-6,5;0,0397191860109663
-61;-6;0,0517056599064576
-61;-5,5;0,0339160760026347
-61;-5;0,0280233568964539
-61;-4,5;0,0481342326169083
-61;-4;0,0455978379087045
-61;-3,5;0,0803865043092592
-61;-3;0,0609112214982287
-61;-2,5;0,0844867317319459
-61;-2;0,10155432798334
-61;-1,5;0,085904548179066
-61;-1;0,0618292864881542
-61;-0,5;0,106620184872875
-61;0;0,087403441015311
-61;0,5;0,109806052190711
-61;1;0,0976510635964555
-61;1,5;0,147469319347482
-61;2;0,130453755294609
-61;2,5;0,0877499152082076
-61;3;0,219662257180956
-61;3,5;0,309089870503787
-61;4;0,169121038996341
-61;4,5;0,164505344783752
-61;5;0,115109868152265
-61;5,5;0,0880974068494713
-61;6;0,0992109050128532
-61;6,5;0,0942553814011536
-61;7;0,0623613127935368
-61;7,5;0,0416329196670135
-61;8;0,102742136069211
-61;8,5;0,0678699737242717
-61;9;0
-61;9,5;0
-61;10;0
-61;10,5;0,0782728439194469
-61;11;0
-61;11,5;0
-61;12;0
-61;12,5;0,0528148608235364
-61;13;0,0280475786239502
-61;13,5;0
-61;14;0
-61;14,5;0,121394767824534
-61;15;0,0976146754070308
-61;15,5;0
-61;16;0,0536572945940987
-61;16,5;0,0698406215486421
-61;17;0,0850216146896666
-61;17,5;0,0718730679165561
-61;18;0,228238569143001
-61;18,5;0,104196517627579
-61;19;0,109173322720981
-61;19,5;0,127085945328349
-61;20;0,109292251910571
-61;20,5;0,200150961604663
-61;21;0,239155441379123
-61;21,5;0,0488721895262624
-61;22;0,170022558296452
-61;22,5;0,0957121631863902
-61;27,5;0
-61;40,5;0
-61;41;0
-61;41,5;0
-61;42;0,206811508383842
-61;42,5;0,155718610686988
-60,5;-55;0,118065142094429
-60,5;-54,5;0,0128582010146573
-60,5;-54;0,122284920786873
-60,5;-53,5;0,122013465299063
-60,5;-53;0,0915272532923287
-60,5;-52,5;0
-60,5;-52;0
-60,5;-51,5;0,0745649836156972
-60,5;-51;0,270812368349421
-60,5;-50,5;0,133855792073144
-60,5;-50;0,0990222208595837
-60,5;-49,5;0,0833028994766958
-60,5;-49;0,0686445443369715
-60,5;-48,5;0,166396852865907
-60,5;-48;0,0600988292818234
-60,5;-47,5;0,0500932463844512
-60,5;-47;0,07207385812929
-60,5;-46,5;0,0369223145257921
-60,5;-46;0,0485305254587898
-60,5;-45,5;0,0626440576526112
-60,5;-45;0,0565783593078768
-60,5;-44,5;0,0615856484125602
-60,5;-44;0,0576605290647065
-60,5;-43,5;0,0604212718706495
-60,5;-43;0,0487735458574646
-60,5;-42,5;0,0477638562609038
-60,5;-42;0,0451679318044568
-60,5;-41,5;0,0413269388555408
-60,5;-41;0,0317332207779902
-60,5;-40,5;0,043192683347262
-60,5;-40;0,046623179048604
-60,5;-39,5;0,03671402122948
-60,5;-39;0,0504236438553296
-60,5;-38,5;0,0412585237342649
-60,5;-38;0,0349968521586864
-60,5;-37,5;0,0320321336445924
-60,5;-37;0,0362819393208125
-60,5;-36,5;0,027352200224897
-60,5;-36;0,042498351616385
-60,5;-35,5;0,0231239428703447
-60,5;-35;0,0283499697409667
-60,5;-34,5;0,0420901056595744
-60,5;-34;0,0569929595292036
-60,5;-33,5;0,0413129885095366
-60,5;-33;0,0300751315101619
-60,5;-32,5;0,0579567933981004
-60,5;-32;0,0357740205582493
-60,5;-31,5;0,0323350322769951
-60,5;-31;0,0706390309769919
-60,5;-30,5;0,048668886416791
-60,5;-30;0,0611194160739733
-60,5;-29,5;0,0429261620944252
-60,5;-29;0,309169999843272
-60,5;-28,5;0,304481691425029
-60,5;-28;0,0748107151646626
-60,5;-27,5;0,104777835862148
-60,5;-27;0,234966410821844
-60,5;-26,5;0,0391639975234094
-60,5;-26;0,104422671640871
-60,5;-25,5;0,281514881616281
-60,5;-25;0,0529818100755302
-60,5;-24,5;0,0454746397142721
-60,5;-24;0,0408325507270799
-60,5;-23,5;0,0468129314502327
-60,5;-23;0,0302909991267897
-60,5;-22,5;0,0358049910336549
-60,5;-22;0,0494176123770319
-60,5;-21,5;0,0363196097113774
-60,5;-21;0,0186982343268595
-60,5;-20,5;0,100393515671983
-60,5;-20;0,0962160326095889
-60,5;-19,5;0,115987560485286
-60,5;-19;0,176030310985566
-60,5;-18,5;0,083122062720582
-60,5;-18;0,125530462530878
-60,5;-17,5;0,155713136420774
-60,5;-17;0,120355577004003
-60,5;-16,5;0,108181529927095
-60,5;-16;0,0878336566452144
-60,5;-15,5;0,105863805425392
-60,5;-15;0,25926211289759
-60,5;-14,5;0,0965590089778108
-60,5;-14;0,112141281455386
-60,5;-13,5;0,061927843671342
-60,5;-13;0,0312290030411707
-60,5;-12,5;0,142009371212
-60,5;-12;0,138778941466617
-60,5;-11,5;0,092783016765728
-60,5;-11;0,0673679430166916
-60,5;-10,5;0,12729929696713
-60,5;-10;0,236648668716017
-60,5;-9,5;0,128613036397222
-60,5;-9;0,0811758727716261
-60,5;-8,5;0,059748976705809
-60,5;-8;0,040359692291998
-60,5;-7,5;0,0306662433020556
-60,5;-7;0,0691440930629633
-60,5;-6,5;0,0539318401607663
-60,5;-6;0,120705929245882
-60,5;-5,5;0,0280543543506094
-60,5;-5;0,0236856539720066
-60,5;-4,5;0,0470327839207706
-60,5;-4;0,0512033952790095
-60,5;-3,5;0,0611494403993711
-60,5;-3;0,048823060613127
-60,5;-2,5;0,0421412621048164
-60,5;-2;0,123228983123101
-60,5;-1,5;0,100092460840736
-60,5;-1;0,0870209857843136
-60,5;-0,5;0,0631027267615948
-60,5;0;0,0718737718535751
-60,5;0,5;0,0763801080383813
-60,5;1;0,0955889587685813
-60,5;1,5;0,120084806633952
-60,5;2;0,114943570031116
-60,5;2,5;0,118204185165674
-60,5;3;0,0775259516520549
-60,5;3,5;0,195195067694382
-60,5;4;0,166352116507926
-60,5;4,5;0,102114171241087
-60,5;5;0
-60,5;5,5;0
-60,5;6;0,002
-60,5;6,5;0,0452645422806725
-60,5;7;0,0408469850842898
-60,5;7,5;0,0443441213567379
-60,5;8;0,132248503457191
-60,5;8,5;0,0621576337111656
-60,5;9;0
-60,5;9,5;0,104597474056248
-60,5;10;0,0514490038776262
-60,5;10,5;0,040440325337711
-60,5;11;0,00565685424949238
-60,5;11,5;0
-60,5;12;0
-60,5;12,5;0,0346596146673458
-60,5;13;0,115965512114594
-60,5;13,5;0
-60,5;14;0
-60,5;14,5;0,0634636263392809
-60,5;15;0,116339724306072
-60,5;15,5;0
-60,5;16;0,0738421740380568
-60,5;16,5;0,0558614357137373
-60,5;17;0,0725166647513981
-60,5;17,5;0,0957063746305727
-60,5;18;0,0700771003966346
-60,5;18,5;0,165243187367433
-60,5;19;0,105538172631295
-60,5;19,5;0,189035041880662
-60,5;20;0,132820550749117
-60,5;20,5;0,11098239784569
-60,5;21;0,237353616694016
-60,5;21,5;0,355612961605083
-60,5;22;0,0619790080260844
-60,5;22,5;0,114551298552221
-60,5;23;0,135037560912299
-60,5;39;0,188090403795622
-60,5;39,5;0,119358004898429
-60,5;40,5;0
-60,5;41;0
-60,5;41,5;0
-60,5;42;0
-60,5;42,5;0,0756181195217125
-60;-54,5;0,096568349648558
-60;-54;0,0971556025719109
-60;-53,5;0,0692577466279426
-60;-53;0,112485815104375
-60;-52,5;0,0863315721557137
-60;-52;0,0860973126917865
-60;-51,5;0,0687497346765756
-60;-51;0,082972654179108
-60;-50,5;0,0948512794176765
-60;-50;0,0769277085348675
-60;-49,5;0,118803559350239
-60;-49;0,0810132258396292
-60;-48,5;0,122942101144881
-60;-48;0,0520805371798446
-60;-47,5;0,0514584998613175
-60;-47;0,0389733636849974
-60;-46,5;0,0656652135135547
-60;-46;0,0513332013513244
-60;-45,5;0,0412154232188766
-60;-45;0,0462944976047324
-60;-44,5;0,0589760341059829
-60;-44;0,0529831659399084
-60;-43,5;0,0458274733421467
-60;-43;0,0385830981413478
-60;-42,5;0,0570503536986657
-60;-42;0,0508761165476757
-60;-41,5;0,0420368878671417
-60;-41;0,0533646158982256
-60;-40,5;0,0419638167323342
-60;-40;0,0365089676361006
-60;-39,5;0,0438169486029776
-60;-39;0,0328680876373891
-60;-38,5;0,0404319908284633
-60;-38;0,0563057104117946
-60;-37,5;0,0342342946196438
-60;-37;0
-60;-36,5;0
-60;-36;0,00868907359849138
-60;-35,5;0,0519026448368751
-60;-35;0,062665265369828
-60;-34,5;0,0503263551313585
-60;-34;0,0646272515956875
-60;-33,5;0,051954709903801
-60;-33;0,0402161174594661
-60;-32,5;0,0639950402629952
-60;-32;0,049094627244154
-60;-31,5;0,0570733517748684
-60;-31;0,216593093117557
-60;-30,5;0,0715372192454651
-60;-30;0,0521928277624548
-60;-29,5;0,0578178296001554
-60;-29;0,134955988001567
-60;-28,5;0,275267820750076
-60;-28;0,0430046704518506
-60;-27,5;0,0440604721954274
-60;-27;0,124330867590693
-60;-26,5;0,29984542082014
-60;-26;0,0840489199016806
-60;-25,5;0,289579463775007
-60;-25;0,0481552177093188
-60;-24,5;0,0895764039401959
-60;-24;0,162374895262692
-60;-23,5;0,038786631135237
-60;-23;0,0531538141757721
-60;-22,5;0,103864320666136
-60;-22;0,0446542965272896
-60;-21,5;0,0438452921289536
-60;-21;0,028963118943808
-60;-20,5;0,0580516287264719
-60;-20;0,056978215836316
-60;-19,5;0,0459824586269309
-60;-19;0,188499370847537
-60;-18,5;0,0288548208919278
-60;-18;0,0795322525841053
-60;-17,5;0,0989622120886937
-60;-17;0,179335348104856
-60;-16,5;0,171903892362466
-60;-16;0,180466808132507
-60;-15,5;0,166736759149188
-60;-15;0,120769704560877
-60;-14,5;0,0993282308102658
-60;-14;0,106118058897826
-60;-13,5;0,121241330561364
-60;-13;0,0331594962374528
-60;-12,5;0,103295133982183
-60;-12;0,189700363580299
-60;-11,5;0,144588604430971
-60;-11;0,120762168158299
-60;-10,5;0,0696376666423037
-60;-10;0,129158340215762
-60;-9,5;0,10431039352441
-60;-9;0,058700455285865
-60;-8,5;0,0518568289628852
-60;-8;0,0169705627484771
-60;-7,5;0,0236570189469118
-60;-7;0,0379082653964258
-60;-6,5;0,0679272217016672
-60;-6;0,0647069295551577
-60;-5,5;0,0466753660654581
-60;-5;0,0333545784483792
-60;-4,5;0,0339101474674738
-60;-4;0,0482560013538903
-60;-3,5;0,0593694605410294
-60;-3;0,0770082148118943
-60;-2,5;0,0542133811680697
-60;-2;0,0699694474364447
-60;-1,5;0,0787681313163287
-60;-1;0,0466317432712898
-60;-0,5;0,100886161309962
-60;0;0,0786783883296882
-60;0,5;0,108104951890162
-60;1;0,109122884333633
-60;1,5;0,114271635850314
-60;2;0,136416025215916
-60;2,5;0,12769954063189
-60;3;0,0820829371515699
-60;3,5;0,28482759640284
-60;4;0,179087178514872
-60;4,5;0,0945525849257784
-60;5;0,0732211262774162
-60;5,5;0,337548061526918
-60;6;0,210409582262055
-60;6,5;0,0656168951039054
-60;7;0,0732379849465043
-60;7,5;0,066361997042687
-60;8;0,0571831488970391
-60;8,5;0
-60;9;0
-60;9,5;0,0677181659527191
-60;10;0,014047538337137
-60;10,5;0,139581266022921
-60;11;0,215484338177975
-60;11,5;0,0294094655964141
-60;12;0,0534642224008082
-60;12,5;0
-60;13;0,0416291021144721
-60;13,5;0,0223979165697765
-60;14;0,0688158342797575
-60;14,5;0
-60;15;0
-60;15,5;0
-60;16;0,0300499584026334
-60;16,5;0
-60;17;0
-60;17,5;0,104938666894162
-60;18;0,0850882514000364
-60;18,5;0,150177926220232
-60;19;0,176636733898935
-60;19,5;0,263682755128234
-60;20;0,179839681692087
-60;20,5;0,220139020634228
-60;21;0,27703105287191
-60;21,5;0,314151571598628
-60;22;0,105963380916419
-60;22,5;0
-60;23;0,118568545575966
-60;26,5;0,129556894408939
-60;27;0
-60;39;0,147651334794734
-60;39,5;0,0881809377233979
-60;41,5;0
-60;42;0
-60;43;0
-59,5;-54,5;0,0880849968307127
-59,5;-54;0,0827467696325082
-59,5;-53,5;0,0766157687684201
-59,5;-53;0,076040652682653
-59,5;-52,5;0,0745419933455621
-59,5;-52;0,0794589341875552
-59,5;-51,5;0,0879804717153949
-59,5;-51;0,0887052621292095
-59,5;-50,5;0,0846020048079677
-59,5;-50;0,100203659824511
-59,5;-49,5;0,0947559065081529
-59,5;-49;0,0812965471064336
-59,5;-48,5;0,060665064081397
-59,5;-48;0,0245017006212494
-59,5;-47,5;0,0594934060881151
-59,5;-47;0,0672869836168275
-59,5;-46,5;0,0453458872991752
-59,5;-46;0,0531736659112266
-59,5;-45,5;0,0589756621008878
-59,5;-45;0,0483265273607906
-59,5;-44,5;0,0359231064458459
-59,5;-44;0,0319865255244462
-59,5;-43,5;0,0631214382471324
-59,5;-43;0,0698886986531456
-59,5;-42,5;0,0503725648165277
-59,5;-42;0,0364136231643042
-59,5;-41,5;0,055331351009698
-59,5;-41;0,0401221285070488
-59,5;-40,5;0,0482417911921072
-59,5;-40;0,0373448330982987
-59,5;-39,5;0,0380285444906643
-59,5;-39;0,0419726747581875
-59,5;-38,5;0,0440926681884658
-59,5;-38;0,0303181694343419
-59,5;-37,5;0
-59,5;-37;0,0343394816501356
-59,5;-36,5;0,037425138952862
-59,5;-36;0,0818535628248791
-59,5;-35,5;0,358407510318047
-59,5;-35;0,330477184751637
-59,5;-34,5;0,0523432553838677
-59,5;-34;0,0429495213726371
-59,5;-33,5;0,032905382282922
-59,5;-33;0,0321935430390365
-59,5;-32,5;0,0500856759905006
-59,5;-32;0,029481989935175
-59,5;-31,5;0,0475466693860413
-59,5;-31;0,0942894683734819
-59,5;-30,5;0,323460617760231
-59,5;-30;0,163291074184797
-59,5;-29,5;0,0608997195423438
-59,5;-29;0,0573240035810011
-59,5;-28,5;0,27622968248821
-59,5;-28;0,10580784469972
-59,5;-27,5;0,0783756019831803
-59,5;-27;0,13677370571335
-59,5;-26,5;0,317836825275308
-59,5;-26;0,241350612842726
-59,5;-25,5;0,238286212458084
-59,5;-25;0,275642484966645
-59,5;-24,5;0,310232907158626
-59,5;-24;0,202955947601115
-59,5;-23,5;0,0252149191702121
-59,5;-23;0,0356604201424814
-59,5;-22,5;0,0516245638459687
-59,5;-22;0,0426171970229585
-59,5;-21,5;0,0400981818456626
-59,5;-21;0,0314424766652211
-59,5;-20,5;0,0352880004421703
-59,5;-20;0,117576145539816
-59,5;-19,5;0,118035153165996
-59,5;-19;0,145443574396854
-59,5;-18,5;0,0569938593183511
-59,5;-18;0,0378119604439796
-59,5;-17,5;0,120118939363606
-59,5;-17;0,220790389302622
-59,5;-16,5;0,147615360407036
-59,5;-16;0,132997337713089
-59,5;-15,5;0,185676024950116
-59,5;-15;0,180680155605372
-59,5;-14,5;0,132286305221325
-59,5;-14;0,148552552624201
-59,5;-13,5;0,181391518305202
-59,5;-13;0,0821445760822428
-59,5;-12,5;0,0912259484103418
-59,5;-12;0,141175051299424
-59,5;-11,5;0,110496634928969
-59,5;-11;0,198391279651531
-59,5;-10,5;0,0810113044805112
-59,5;-10;0,112802156586708
-59,5;-9,5;0,178540478270202
-59,5;-9;0,0545243176895612
-59,5;-8,5;0,0597790521934613
-59,5;-8;0,0383419427672021
-59,5;-7,5;0,0320638567407433
-59,5;-7;0,0326344149942481
-59,5;-6,5;0,0523470284795223
-59,5;-6;0,0709963492395994
-59,5;-5,5;0,0359145090368975
-59,5;-5;0,0369046775338926
-59,5;-4,5;0,0300435385341054
-59,5;-4;0,0440596631682007
-59,5;-3,5;0,0527668242171341
-59,5;-3;0,0728704374905627
-59,5;-2,5;0,0721660382370401
-59,5;-2;0,100415256576971
-59,5;-1,5;0,0573376209637074
-59,5;-1;0,0676920048139728
-59,5;-0,5;0,0870712615930457
-59,5;0;0,0882207196911081
-59,5;0,5;0,0756073797453273
-59,5;1;0,0947886090132728
-59,5;1,5;0,125414464302765
-59,5;2;0,143195718719692
-59,5;2,5;0,12454461099107
-59,5;3;0,133804215577508
-59,5;3,5;0,159924386895212
-59,5;4;0,148889286734921
-59,5;4,5;0,0948517296656596
-59,5;5;0,0779541990072193
-59,5;5,5;0,313669684601894
-59,5;6;0,357820774791473
-59,5;6,5;0,0927115539989378
-59,5;7;0,0625150451308308
-59,5;7,5;0,0800594422021181
-59,5;8;0,058351407005379
-59,5;8,5;0,0369848317256923
-59,5;9;0,00424264068711927
-59,5;9,5;0
-59,5;10;0,210542768362966
-59,5;10,5;0,345112059095786
-59,5;11;0,068946839424782
-59,5;11,5;0,0180069431053691
-59,5;12;0
-59,5;12,5;0,197287438356661
-59,5;13;0
-59,5;13,5;0,0340631765987848
-59,5;14;0
-59,5;14,5;0
-59,5;15;0
-59,5;15,5;0
-59,5;16;0,245229865847523
-59,5;16,5;0,127279220613579
-59,5;17;0
-59,5;17,5;0,0726036876098277
-59,5;18;0,112794995948894
-59,5;18,5;0,151251054668923
-59,5;19;0,127472460575327
-59,5;19,5;0,346876425467996
-59,5;20;0,109928084780594
-59,5;20,5;0,102570030277421
-59,5;21;0,28424725152585
-59,5;21,5;0,206452487528306
-59,5;22;0,120286094430976
-59,5;22,5;0,0912122132834337
-59,5;23;0,124949946022353
-59,5;24,5;0
-59,5;25,5;0
-59,5;26;0
-59,5;26,5;0,057835974963685
-59,5;27;0,00848528137423858
-59,5;27,5;0
-59,5;28,5;0,0659787844689488
-59,5;29;0
-59,5;37,5;0
-59,5;39;0
-59,5;39,5;0,0740164569365212
-59,5;40;0,137885822331377
-59,5;43;0
-59,5;43,5;0
-59;-55;0,0285365263010993
-59;-54,5;0,0867721090391597
-59;-54;0,0854071364370622
-59;-53,5;0,063999289164845
-59;-53;0,0762318110075968
-59;-52,5;0,0667864678783559
-59;-52;0,097207463237608
-59;-51,5;0,0875469556549195
-59;-51;0,0913415299177723
-59;-50,5;0,0831109731475893
-59;-50;0,0644941488671278
-59;-49,5;0,0603377008690881
-59;-49;0,0985442217299606
-59;-48,5;0,0453132941161412
-59;-48;0,0694371259182169
-59;-47,5;0,061364606264204
-59;-47;0,0654865506168122
-59;-46,5;0,0372655105904896
-59;-46;0,0640115993276597
-59;-45,5;0,0435788337854326
-59;-45;0,0651109775225299
-59;-44,5;0,0448917997435002
-59;-44;0,0468015409623786
-59;-43,5;0,0421039165036489
-59;-43;0,0498334594448482
-59;-42,5;0,054185637703485
-59;-42;0,0408334228427232
-59;-41,5;0,0412750341856269
-59;-41;0,0440473631001724
-59;-40,5;0,0400459253403344
-59;-40;0,054833325162597
-59;-39,5;0,0576588211946336
-59;-39;0,0343828036546459
-59;-38,5;0,0711983027840393
-59;-38;0,0421349306508553
-59;-37,5;0
-59;-37;0,0391120186132089
-59;-36,5;0,0514442162675979
-59;-36;0,0504826702938741
-59;-35,5;0,29476396939832
-59;-35;0,271352106302253
-59;-34,5;0,0598745421528443
-59;-34;0,055399752747453
-59;-33,5;0,0268129051775068
-59;-33;0,34010392937294
-59;-32,5;0,106747135106054
-59;-32;0,0621438216466816
-59;-31,5;0,0343590408672941
-59;-31;0,190790505660786
-59;-30,5;0,202073410145287
-59;-30;0,318685287424735
-59;-29,5;0,0538464542343209
-59;-29;0,0207553239212107
-59;-28,5;0,250354383535363
-59;-28;0,20312889792827
-59;-27,5;0,15770614500591
-59;-27;0,0415531787793265
-59;-26,5;0,174346913299065
-59;-26;0,316353917393827
-59;-25,5;0,0878041067207269
-59;-25;0,292475867950389
-59;-24,5;0,292865908426198
-59;-24;0,14962791960416
-59;-23,5;0,0566760172969054
-59;-23;0,0472989745892961
-59;-22,5;0,0392529762343021
-59;-22;0,0787127908508279
-59;-21,5;0,0343833136703426
-59;-21;0,0280390715195857
-59;-20,5;0,0725561205799264
-59;-20;0,232323479303777
-59;-19,5;0,0527746508667247
-59;-19;0,0840415226004884
-59;-18,5;0,0482174696574311
-59;-18;0,0397638310396919
-59;-17,5;0,0327931554875702
-59;-17;0,129307259484423
-59;-16,5;0,18009154515372
-59;-16;0,16572845999342
-59;-15,5;0,220463709294286
-59;-15;0,212652839210327
-59;-14,5;0,1731749341984
-59;-14;0,113020444146654
-59;-13,5;0,285386256840849
-59;-13;0,170088815611926
-59;-12,5;0,222666660811363
-59;-12;0,156407792921883
-59;-11,5;0,113921235859685
-59;-11;0,0708647889392434
-59;-10,5;0,0782870502841938
-59;-10;0,0766633472867204
-59;-9,5;0,0703220006642976
-59;-9;0,0676530934206464
-59;-8,5;0,0745135920965601
-59;-8;0,180779920619653
-59;-7;0,0278470311318306
-59;-6,5;0,0481364537727716
-59;-6;0,054494941408879
-59;-5,5;0,0720663489272317
-59;-5;0,0530795309281938
-59;-4,5;0,0256264950669663
-59;-4;0,0356339859176735
-59;-3,5;0,0473179837361308
-59;-3;0,0720602928396282
-59;-2,5;0,0702156699250979
-59;-2;0,0752847578458506
-59;-1,5;0,0538223417788176
-59;-1;0,0544756925029542
-59;-0,5;0,100216077955095
-59;0;0,0634386864521603
-59;0,5;0,115350956517052
-59;1;0,114371934467943
-59;1,5;0,101746265283737
-59;2;0,145541333822204
-59;2,5;0,137799567431519
-59;3;0,139885134439434
-59;3,5;0,149409367221756
-59;4;0,146112833501921
-59;4,5;0,0590400776526485
-59;5;0,0992448762130593
-59;5,5;0,170306201586585
-59;6;0,0638509362773332
-59;6,5;0,0552109488125162
-59;7;0,0642224620404876
-59;7,5;0,0538029337659033
-59;8;0,0294572740448271
-59;8,5;0,0870962670856779
-59;9;0,0463571817962823
-59;9,5;0,159184484168527
-59;10;0,358066932421988
-59;10,5;0,255970393106336
-59;11;0,0928200605276878
-59;11,5;0,0555171866061133
-59;12;0,0616483183186302
-59;12,5;0,0888986253628134
-59;13;0,096645006647739
-59;13,5;0,0954075468713037
-59;14;0
-59;14,5;0
-59;15;0
-59;15,5;0
-59;16;0,228061360758508
-59;16,5;0,281209768611021
-59;17;0,0883883476483184
-59;17,5;0,0837801355400617
-59;18;0
-59;18,5;0,0898166929051648
-59;19;0,130739664551373
-59;19,5;0
-59;20,5;0,029698484809835
-59;21;0,137506940356547
-59;21,5;0,130160405773919
-59;22;0,137366464425107
-59;22,5;0,098468607518674
-59;23;0
-59;24,5;0
-59;25;0
-59;25,5;0
-59;26;0
-59;26,5;0
-59;27;0
-59;36,5;0
-59;37;0
-59;37,5;0
-59;38;0
-59;38,5;0
-59;39;0
-59;39,5;0
-59;40;0
-59;40,5;0
-59;42;0
-59;42,5;0
-59;43;0
-59;43,5;0
-59;44;0
-58,5;-56;0,0306431068920891
-58,5;-55,5;0,0953745353556283
-58,5;-55;0,075510703131013
-58,5;-54,5;0,0968314088529111
-58,5;-54;0,0974458546049134
-58,5;-53,5;0,0753522847529936
-58,5;-53;0,0741950304425632
-58,5;-52,5;0,0601078509558526
-58,5;-52;0,0921943895499117
-58,5;-51,5;0,105427448692555
-58,5;-51;0,108051147377297
-58,5;-50,5;0,117103772130933
-58,5;-50;0,189566830783588
-58,5;-49,5;0,042779473270873
-58,5;-49;0,0772887168455654
-58,5;-48,5;0,126184886737777
-58,5;-48;0,0607745079480413
-58,5;-47,5;0,0564191629787213
-58,5;-47;0,0483810885546174
-58,5;-46,5;0,0570958632402899
-58,5;-46;0,0497080786367871
-58,5;-45,5;0,0433141106279141
-58,5;-45;0,0445450036810098
-58,5;-44,5;0,0468509055722638
-58,5;-44;0,0488921959559685
-58,5;-43,5;0,0441648933529568
-58,5;-43;0,0537638514630224
-58,5;-42,5;0,0477188615076863
-58,5;-42;0,0525097733030254
-58,5;-41,5;0,0638836708392496
-58,5;-41;0,0709107357321001
-58,5;-40,5;0,0456481647025536
-58,5;-40;0,037183419243887
-58,5;-39,5;0,0508646763535014
-58,5;-39;0,0443874231436488
-58,5;-38,5;0,0400537139351646
-58,5;-38;0,0251784740513709
-58,5;-37,5;0,04135956117384
-58,5;-37;0,0429368829605428
-58,5;-36,5;0,0424174252125742
-58,5;-36;0,0397739272080884
-58,5;-35,5;0,0400207922354809
-58,5;-35;0,0355176504637778
-58,5;-34,5;0,0436802023033327
-58,5;-34;0,0331419874447874
-58,5;-33,5;0,0378480355037986
-58,5;-33;0,0931430531868273
-58,5;-32,5;0,0510364822702596
-58,5;-32;0,0716154444168427
-58,5;-31,5;0,0907355582081332
-58,5;-31;0,0984965692786498
-58,5;-30,5;0,136419600838726
-58,5;-30;0,135491919492743
-58,5;-29,5;0,0703024611397101
-58,5;-29;0,0267079681881324
-58,5;-28,5;0,101226414795455
-58,5;-28;0,298758210041543
-58,5;-27,5;0,15327774446011
-58,5;-27;0,111651091873419
-58,5;-26,5;0,216836547726051
-58,5;-26;0,332097310160709
-58,5;-25,5;0,025638523442225
-58,5;-25;0,0417824715775584
-58,5;-24,5;0,0570781157254323
-58,5;-24;0,0467854430987932
-58,5;-23,5;0,0427075744406136
-58,5;-23;0,044643403444119
-58,5;-22,5;0,0491055491637929
-58,5;-22;0,0279042316369881
-58,5;-21,5;0,0348751097236541
-58,5;-21;0,0544394626756982
-58,5;-20,5;0,201695967636643
-58,5;-20;0,133869172082895
-58,5;-19,5;0,0445613654330318
-58,5;-19;0,070694974903341
-58,5;-18,5;0,0612860013946264
-58,5;-18;0,0456130207112202
-58,5;-17,5;0,0711619026669789
-58,5;-17;0,0878999203953544
-58,5;-16,5;0,192705200637183
-58,5;-16;0,176955890737695
-58,5;-15,5;0,189548255759373
-58,5;-15;0,118534534437613
-58,5;-14,5;0,169359233583528
-58,5;-14;0,237544115053818
-58,5;-13,5;0,134632597141252
-58,5;-13;0,158698801533019
-58,5;-12,5;0,177224067949466
-58,5;-12;0,157835705338692
-58,5;-11,5;0,145601282841558
-58,5;-11;0,12261383402112
-58,5;-10,5;0,0816043506702258
-58,5;-10;0,072035697778157
-58,5;-9,5;0,0586456759703609
-58,5;-9;0,073347522099555
-58,5;-8,5;0,0852917242146265
-58,5;-8;0,119459122930323
-58,5;-7,5;0,168558249865984
-58,5;-6,5;0,0177814365893054
-58,5;-6;0,0396766044562343
-58,5;-5,5;0,0680763494595759
-58,5;-5;0,0402283509303978
-58,5;-4,5;0,0421431728437435
-58,5;-4;0,0592266068974997
-58,5;-3,5;0,0483494551112975
-58,5;-3;0,092195596399832
-58,5;-2,5;0,0889402872271575
-58,5;-2;0,0890912327432912
-58,5;-1,5;0,0569184810333697
-58,5;-1;0,0535223710546571
-58,5;-0,5;0,0866840261872948
-58,5;0;0,0813296184379958
-58,5;0,5;0,0790122773852494
-58,5;1;0,109310668308705
-58,5;1,5;0,131008167684309
-58,5;2;0,0948970272757635
-58,5;2,5;0,0733505692611105
-58,5;3;0,109528284963504
-58,5;3,5;0,0976485682421757
-58,5;4;0,15952681231114
-58,5;4,5;0,120699322437127
-58,5;5;0,0647482303490476
-58,5;5,5;0,185191021072066
-58,5;6;0,0289179874818425
-58,5;6,5;0,0897758319371088
-58,5;7;0,033098567212421
-58,5;7,5;0,0384977667187077
-58,5;8;0,0470252994448604
-58,5;8,5;0,0882406288023185
-58,5;9;0,103131926364191
-58,5;9,5;0,0515778807026595
-58,5;10;0,21617049282271
-58,5;10,5;0,370605040120493
-58,5;11;0,141136216397307
-58,5;11,5;0,156788921666828
-58,5;12;0,227713426068303
-58,5;12,5;0,0981107974253016
-58,5;13;0,0740754075783936
-58,5;13,5;0
-58,5;14;0
-58,5;14,5;0
-58,5;15;0,0494266010250441
-58,5;15,5;0
-58,5;16;0
-58,5;16,5;0
-58,5;17;0
-58,5;17,5;0,0657489453111136
-58,5;18;0,119325909706454
-58,5;18,5;0,0924124697460498
-58,5;19;0,157369277847964
-58,5;19,5;0,26155369111013
-58,5;20,5;0,0820020324951359
-58,5;21;0,0950674309378389
-58,5;21,5;0,116307637000682
-58,5;22;0,162528586466045
-58,5;22,5;0,108344458883148
-58,5;23;0,187950835282838
-58,5;23,5;0,115965512114594
-58,5;24;0
-58,5;24,5;0
-58,5;25;0
-58,5;25,5;0
-58,5;26;0
-58,5;26,5;0
-58,5;27;0
-58,5;28;0
-58,5;28,5;0
-58,5;36,5;0
-58,5;37;0,0720106491905048
-58,5;37,5;0,152218045360376
-58,5;38;0,0282842712474619
-58,5;38,5;0
-58,5;39;0
-58,5;39,5;0
-58,5;40;0
-58,5;40,5;0
-58,5;42;0
-58,5;42,5;0
-58,5;43;0
-58,5;43,5;0
-58,5;44;0
-58;-56;0,0903448095652684
-58;-55,5;0,0978255540960808
-58;-55;0,0942453669375274
-58;-54,5;0,0868905357221072
-58;-54;0,107397746075367
-58;-53,5;0,1238808404325
-58;-53;0,112909885540533
-58;-52,5;0,108176451934265
-58;-52;0,127952350348688
-58;-51,5;0,0885217661977371
-58;-51;0,122842494587947
-58;-50,5;0,123077802548737
-58;-50;0,0695843593485896
-58;-49,5;0,0982843946016977
-58;-49;0,0666299609096483
-58;-48,5;0,0589303052284386
-58;-48;0,0787025470305181
-58;-47,5;0,0368328205092505
-58;-47;0,0585960541416878
-58;-46,5;0,0410906856166266
-58;-46;0,048244779304695
-58;-45,5;0,0473928426923469
-58;-45;0,0443745711427453
-58;-44,5;0,0475343803579821
-58;-44;0,0517261057670623
-58;-43,5;0,038808314909597
-58;-43;0,0577315323247305
-58;-42,5;0,0443337689121245
-58;-42;0,0537397197889345
-58;-41,5;0,0388517978364187
-58;-41;0,0674650873540968
-58;-40,5;0,0317775743134842
-58;-40;0,0365700241545814
-58;-39,5;0,0353873800480718
-58;-39;0
-58;-38,5;0
-58;-38;0,0308922859842604
-58;-37,5;0,0358444844804493
-58;-37;0,039443634215321
-58;-36,5;0,0532970677895766
-58;-36;0,0490587244183789
-58;-35,5;0,040056731698754
-58;-35;0,0450109374777143
-58;-34,5;0,0559030230273404
-58;-34;0,098964251807675
-58;-33,5;0,0472101102308515
-58;-33;0,0653831423937839
-58;-32,5;0,0463035174129971
-58;-32;0,0458170565280087
-58;-31,5;0,0519674808838437
-58;-31;0,0522302165246065
-58;-30,5;0,0315289451165955
-58;-30;0,0396712239606974
-58;-29,5;0,109999851986149
-58;-29;0,0484848787878693
-58;-28,5;0,0632478508220542
-58;-28;0,192059876094695
-58;-27,5;0,319353524044009
-58;-27;0,313897489232642
-58;-26,5;0,289546139811757
-58;-26;0,21314470827742
-58;-25,5;0,125547203924353
-58;-25;0,296969537956049
-58;-24,5;0,0242921242437849
-58;-24;0,0520058682321381
-58;-23,5;0,0428542005745884
-58;-23;0,0327419916396197
-58;-22,5;0,0309811548513425
-58;-22;0,0337458639440944
-58;-21,5;0,0513603337634942
-58;-21;0,049304178992411
-58;-20,5;0,0752184834195285
-58;-20;0,0823216479366653
-58;-19,5;0,0510206110784743
-58;-19;0,0697412379163608
-58;-18,5;0,0345387210142431
-58;-18;0,0435772057963079
-58;-17,5;0,0486037933509455
-58;-17;0,0621797065722782
-58;-16,5;0,0944957015070304
-58;-16;0,1088314756063
-58;-15,5;0,0764049166923559
-58;-15;0,137261866875106
-58;-14,5;0,191687797641649
-58;-14;0,206224210848426
-58;-13,5;0,114824977605457
-58;-13;0,172428247902316
-58;-12,5;0,194365365761994
-58;-12;0,174016831495573
-58;-11,5;0,172033225119984
-58;-11;0,118728218394645
-58;-10,5;0,0968249803496435
-58;-10;0,196329473831827
-58;-9,5;0,21711313695168
-58;-9;0,0334387996184001
-58;-8,5;0,0455042067720947
-58;-8;0,104451217008005
-58;-7,5;0,105376656848097
-58;-7;0,0577263660153082
-58;-6,5;0,0658074285096966
-58;-6;0,0251426354307204
-58;-5,5;0,0378170710684676
-58;-5;0,055537174465995
-58;-4,5;0,0429609707390318
-58;-4;0,0479122174469715
-58;-3,5;0,0471859310961559
-58;-3;0,0505036687688601
-58;-2,5;0,0705700971648855
-58;-2;0,10494630423369
-58;-1,5;0,0815872742201237
-58;-1;0,0889276791008843
-58;-0,5;0,0785810848654142
-58;0;0,11174034064873
-58;0,5;0,132441735236002
-58;1;0,272277510135841
-58;1,5;0,310318202100073
-58;2;0,0834535149642698
-58;2,5;0,0838640293329
-58;3;0,0972067641633972
-58;3,5;0,0693775286236305
-58;4;0,0948368780673343
-58;4,5;0,116200828636278
-58;5;0,0563689377481707
-58;5,5;0,0695310824636826
-58;6;0,0470938592488168
-58;6,5;0,0523415676674128
-58;7;0,0598713013661197
-58;7,5;0,0567096766115241
-58;8;0,0452781166032473
-58;8,5;0,0657456608392669
-58;9;0,0431350943390224
-58;9,5;0
-58;10;0,0981997293382485
-58;10,5;0,087973825207747
-58;11;0,191700289446077
-58;11,5;0,152163419531335
-58;12;0,215351017916264
-58;12,5;0,22436158284178
-58;13;0,0822126013939286
-58;13,5;0,123233245921841
-58;14;0,0980371649645465
-58;14,5;0,126974227878946
-58;15;0
-58;15,5;0
-58;16;0
-58;16,5;0
-58;17;0
-58;17,5;0
-58;18;0,0707106781186548
-58;18,5;0,18135102023513
-58;19;0,127595105609932
-58;19,5;0,185335494749481
-58;20,5;0,0735327591394928
-58;21;0,167230420601817
-58;21,5;0,157976982686794
-58;22;0,221736194317685
-58;22,5;0,150247533921342
-58;23;0,154532388378524
-58;23,5;0,161455876325391
-58;24;0
-58;24,5;0
-58;25;0
-58;25,5;0
-58;26;0
-58;26,5;0
-58;27;0
-58;27,5;0
-58;28;0
-58;28,5;0
-58;35;0
-58;35,5;0
-58;36;0
-58;36,5;0
-58;37;0,0973887643856899
-58;37,5;0,113101956798187
-58;38;0,0911209593878712
-58;38,5;0,086231140105008
-58;39;0
-58;39,5;0
-58;40;0
-58;41;0
-58;42;0
-58;43;0
-58;43,5;0
-58;44;0
-57,5;-56,5;0,0731733549133907
-57,5;-56;0,095337066395795
-57,5;-55,5;0,122983062590791
-57,5;-55;0,102088549249095
-57,5;-54,5;0,0818685942647698
-57,5;-54;0,114624072892302
-57,5;-53,5;0,104498610065117
-57,5;-53;0,109408764876827
-57,5;-52,5;0,114124736334291
-57,5;-52;0,133371350160897
-57,5;-51,5;0,12562846403427
-57,5;-51;0,10517468027651
-57,5;-50,5;0,063434050697388
-57,5;-50;0,0554616984954482
-57,5;-49,5;0,0726890920277709
-57,5;-49;0,0724238398942918
-57,5;-48,5;0,0574597269274684
-57,5;-48;0,0526795947771274
-57,5;-47,5;0,0455606706781592
-57,5;-47;0,0511064281531935
-57,5;-46,5;0,040348482003664
-57,5;-46;0,05038367082413
-57,5;-45,5;0,0416369992420486
-57,5;-45;0,0387624492586249
-57,5;-44,5;0,0376165634787817
-57,5;-44;0,0359083752265598
-57,5;-43,5;0,0436877349128812
-57,5;-43;0,0377741074134544
-57,5;-42,5;0,0362893584642496
-57,5;-42;0,0411502943251248
-57,5;-41,5;0,0511635549938226
-57,5;-41;0,0536894334404629
-57,5;-40,5;0,0448110195434948
-57,5;-40;0
-57,5;-39,5;0
-57,5;-39;0
-57,5;-38,5;0
-57,5;-38;0,0306341763872207
-57,5;-37,5;0,0465353081214768
-57,5;-37;0,0820164953761404
-57,5;-36,5;0,0888510131758377
-57,5;-36;0,0477174221951729
-57,5;-35,5;0,0461582802402114
-57,5;-35;0,0376670834171402
-57,5;-34,5;0,0438954452347798
-57,5;-34;0,11717166253301
-57,5;-33,5;0,0464325076136463
-57,5;-33;0,0405069598395982
-57,5;-32,5;0,0236014575794758
-57,5;-32;0,0294564101638777
-57,5;-31,5;0,0268372157403999
-57,5;-31;0,0353313874102597
-57,5;-30,5;0,0337674166875713
-57,5;-30;0,0283617833766236
-57,5;-29,5;0,117583286340389
-57,5;-29;0,0271787886893778
-57,5;-28,5;0,053574860732244
-57,5;-28;0,0362573769448385
-57,5;-27,5;0,329937297657714
-57,5;-27;0,247158712016429
-57,5;-26,5;0,334555132847488
-57,5;-26;0,0548172558844359
-57,5;-25,5;0,268855443918322
-57,5;-25;0,215010762431634
-57,5;-24,5;0,142678274256817
-57,5;-24;0,0309256640060464
-57,5;-23,5;0,040411153098691
-57,5;-23;0,0343174874503304
-57,5;-22,5;0,0296465566222998
-57,5;-22;0,0293716543138957
-57,5;-21,5;0,0755657933092567
-57,5;-21;0,0787627658112443
-57,5;-20,5;0,077168464419259
-57,5;-20;0,0717224073704185
-57,5;-19,5;0,0257708833715895
-57,5;-19;0,0620112259898184
-57,5;-18,5;0,371773189502491
-57,5;-18;0,366260366389534
-57,5;-17,5;0,0417379442210032
-57,5;-17;0,107552128915116
-57,5;-16,5;0,0860468784399306
-57,5;-16;0,10577330937059
-57,5;-15,5;0,0976994949951843
-57,5;-15;0,154545469842618
-57,5;-14,5;0,182633313550253
-57,5;-14;0,177110558691457
-57,5;-13,5;0,110872321337002
-57,5;-13;0,126486008774731
-57,5;-12,5;0,138570322229414
-57,5;-12;0,178431738606633
-57,5;-11,5;0,121374879660192
-57,5;-11;0,141927020210699
-57,5;-10,5;0,131458460702362
-57,5;-10;0,297699807011722
-57,5;-9,5;0,244463570529896
-57,5;-9;0,0694989692452314
-57,5;-8,5;0,0471599541142829
-57,5;-8;0,0489799521670419
-57,5;-7,5;0,131043006262276
-57,5;-7;0,0748222059475645
-57,5;-6,5;0,0731015610299634
-57,5;-6;0,0323653538375878
-57,5;-5,5;0,0392775298440387
-57,5;-5;0,0673067831485932
-57,5;-4,5;0,0768544268509453
-57,5;-4;0,0373540512025528
-57,5;-3,5;0,0380191507304887
-57,5;-3;0,0314473191608883
-57,5;-2,5;0,110291967253635
-57,5;-2;0,121988567085159
-57,5;-1,5;0,108566447462089
-57,5;-1;0,100662127532722
-57,5;-0,5;0,0917847277694388
-57,5;0;0,0616676625096217
-57,5;0,5;0,072895241029596
-57,5;1;0,322122012075224
-57,5;1,5;0,304669230816283
-57,5;2;0,128110585346887
-57,5;2,5;0,115177831395338
-57,5;3;0,0923741680920216
-57,5;3,5;0,219544384868354
-57,5;4;0,19084055593207
-57,5;4,5;0,0817783110692525
-57,5;5;0,0449258997749431
-57,5;5,5;0,048133293607319
-57,5;6;0,0503402289660166
-57,5;6,5;0,0834376669644869
-57,5;7;0,0437140231084549
-57,5;7,5;0,0277643141974936
-57,5;8;0,0348702820780063
-57,5;8,5;0,0516133610811192
-57,5;9;0,00919238815542513
-57,5;9,5;0
-57,5;10;0,0331828268837964
-57,5;10,5;0,0458472619528302
-57,5;11;0,0756108583071201
-57,5;11,5;0,177357557629957
-57,5;12;0,267318392237202
-57,5;12,5;0,181937373642492
-57,5;13;0,156794694456987
-57,5;13,5;0,190526103978916
-57,5;14;0,246603017113214
-57,5;14,5;0,257750685339829
-57,5;15;0,111881271767584
-57,5;15,5;0,0473346243955381
-57,5;16;0
-57,5;16,5;0
-57,5;17;0
-57,5;17,5;0,0681273317643758
-57,5;18;0
-57,5;18,5;0,140865721576086
-57,5;19;0,0849005094789377
-57,5;19,5;0,0806162164764283
-57,5;20,5;0,112316644231514
-57,5;21;0,243066550199913
-57,5;21,5;0,0469361268108053
-57,5;22;0,369853349315644
-57,5;22,5;0,226518496301443
-57,5;23;0,0425130698857552
-57,5;23,5;0
-57,5;24;0
-57,5;24,5;0
-57,5;25;0
-57,5;25,5;0
-57,5;26;0
-57,5;26,5;0
-57,5;27;0
-57,5;27,5;0
-57,5;28;0
-57,5;30;0
-57,5;30,5;0,0647500689464608
-57,5;35;0
-57,5;35,5;0
-57,5;36;0
-57,5;36,5;0
-57,5;37;0
-57,5;37,5;0,100216432451636
-57,5;38;0
-57,5;38,5;0
-57,5;39;0
-57,5;39,5;0
-57,5;40;0
-57,5;40,5;0
-57,5;41;0
-57,5;41,5;0
-57,5;42;0
-57,5;42,5;0
-57,5;43;0
-57,5;43,5;0,161153101807636
-57,5;44;0
-57,5;44,5;0
-57;-57;0,147306046816047
-57;-56,5;0,0836059208429642
-57;-56;0,101999249615008
-57;-55,5;0,0899809144860809
-57;-55;0,104857790733147
-57;-54,5;0,0829405277002759
-57;-54;0,0805754050479524
-57;-53,5;0,0585127826030881
-57;-53;0,101929021846934
-57;-52,5;0,0960188042750522
-57;-52;0,0711271759835767
-57;-51,5;0,118833736849325
-57;-51;0,0944498543428663
-57;-50,5;0,0948621403947439
-57;-50;0,0878680071155559
-57;-49,5;0,047063018720567
-57;-49;0,05455762855084
-57;-48,5;0,0524119879752379
-57;-48;0,0482108873732798
-57;-47,5;0,045051043175803
-57;-47;0,0430751130928912
-57;-46,5;0,0323989790052049
-57;-46;0,0320624390837628
-57;-45,5;0,0372979852791321
-57;-45;0,039219661117631
-57;-44,5;0,0368572923585008
-57;-44;0,0212132034355964
-57;-43,5;0,0321229038597221
-57;-43;0,0341161432738822
-57;-42,5;0,0463960973516347
-57;-42;0,0553141533023471
-57;-41,5;0,0411124162416997
-57;-41;0,0709011324890886
-57;-40,5;0,0324853813276064
-57;-40;0
-57;-39,5;0
-57;-39;0
-57;-38,5;0
-57;-38;0,0347193370782012
-57;-37,5;0,0818358654806574
-57;-37;0,0747984806983179
-57;-36,5;0,0392423727274135
-57;-36;0,0591226437640412
-57;-35,5;0,23395820612302
-57;-35;0,378588987278441
-57;-34,5;0,180060800150805
-57;-34;0,0398611726458581
-57;-33,5;0,0494436533508079
-57;-33;0,0388688273428726
-57;-32,5;0,0450571764145406
-57;-32;0,0432482365730807
-57;-31,5;0,0432657574798838
-57;-31;0,0487861125998854
-57;-30,5;0,0289145411290796
-57;-30;0,0515711612681718
-57;-29,5;0,107958706378472
-57;-29;0,0454259379674255
-57;-28,5;0,0449512699116128
-57;-28;0,0305110082649583
-57;-27,5;0,0320080095003783
-57;-27;0,34608249466413
-57;-26,5;0,280586707968687
-57;-26;0,0429215858797792
-57;-25,5;0,211671856078335
-57;-25;0,149252146276173
-57;-24,5;0,064263664656175
-57;-24;0,0398032679279107
-57;-23,5;0,0335070117245741
-57;-23;0,0429525155845536
-57;-22,5;0,0487008776316574
-57;-22;0,0436097267185064
-57;-21,5;0,0598093067009147
-57;-21;0,0740482113444058
-57;-20,5;0,0755773717355751
-57;-20;0,0601685614347224
-57;-19,5;0,0320538609218921
-57;-19;0,0575562044150469
-57;-18,5;0,266094326571629
-57;-18;0,306781625207147
-57;-17,5;0,061590790562337
-57;-17;0,0421485190534876
-57;-16,5;0,0397308645488132
-57;-16;0,0845738881805931
-57;-15,5;0,0945805762889008
-57;-15;0,0944803120596852
-57;-14,5;0,0527237332935955
-57;-14;0,192794702206465
-57;-13,5;0,110717688792578
-57;-13;0,103994886830482
-57;-12,5;0,139568223477913
-57;-12;0,201783102241719
-57;-11,5;0,149769663241302
-57;-11;0,165117558366178
-57;-10,5;0,123648058215876
-57;-10;0,137667078990153
-57;-9,5;0,0745440259422148
-57;-9;0,0739640495588753
-57;-8,5;0,135244146562987
-57;-8;0,150358508885379
-57;-7,5;0,130412039394516
-57;-7;0,11058103212116
-57;-6,5;0,0834297939966041
-57;-6;0,0319295816621196
-57;-5,5;0,0332918055521124
-57;-5;0,0497578992201091
-57;-4,5;0,0447293772925854
-57;-4;0,100901699991747
-57;-3,5;0,0271313959686821
-57;-3;0,0365954218393284
-57;-2,5;0,0692355761907865
-57;-2;0,142863069667625
-57;-1,5;0,0969655085039645
-57;-1;0,135849565823528
-57;-0,5;0,0796029797750182
-57;0;0,0515044374648816
-57;0,5;0,0661616592031582
-57;1;0,0942966719756271
-57;1,5;0,0784747958885118
-57;2;0,0874064113616755
-57;2,5;0,0738512109525451
-57;3;0,0734393492845329
-57;3,5;0,261097572412783
-57;4;0,213785412528004
-57;4,5;0,0781618730655939
-57;5;0,0587340798627172
-57;5,5;0,0373483119554239
-57;6;0,0694615611297088
-57;6,5;0,0813257119107966
-57;7;0,0341644256092207
-57;7,5;0,0318193429887434
-57;8;0,0359184423788668
-57;8,5;0,05105238717787
-57;9;0,0417961321974494
-57;9,5;0,0401907217855945
-57;10;0,0120208152801713
-57;10,5;0,0416166386843606
-57;11;0,0506779044554922
-57;11,5;0,237784371047856
-57;12;0,174791817563579
-57;12,5;0,23158750776448
-57;13;0,276882617875577
-57;13,5;0,123514142240204
-57;14;0,330207121851905
-57;14,5;0,136534719943593
-57;15;0,254290282602554
-57;15,5;0,094894584370538
-57;16;0,00212132034355964
-57;16,5;0
-57;17;0
-57;17,5;0,111015764646288
-57;18;0,0689734934814114
-57;18,5;0,100522142374678
-57;19;0,108816424940896
-57;19,5;0,121850318013537
-57;20,5;0,176880455066735
-57;21;0,14915641276184
-57;22;0
-57;22,5;0,111513302005709
-57;23;0
-57;23,5;0
-57;24;0
-57;24,5;0
-57;25;0
-57;25,5;0
-57;26;0
-57;26,5;0
-57;27;0
-57;27,5;0
-57;28;0
-57;28,5;0
-57;29;0
-57;29,5;0
-57;30;0
-57;31;0,0784888527117068
-57;35;0
-57;35,5;0
-57;36;0
-57;36,5;0
-57;37;0
-57;37,5;0
-57;38;0
-57;38,5;0
-57;39;0
-57;39,5;0
-57;40;0
-57;40,5;0
-57;41;0
-57;41,5;0
-57;42;0
-57;42,5;0
-57;43;0
-57;43,5;0,173296582900995
-57;44;0,0669006726423584
-57;44,5;0
-56,5;-57;0,106522432245178
-56,5;-56,5;0,120453261322661
-56,5;-56;0,135023403824743
-56,5;-55,5;0,108080160064997
-56,5;-55;0,108576970187269
-56,5;-54,5;0,104587142144004
-56,5;-54;0,0953276378030597
-56,5;-53,5;0,0927786327055793
-56,5;-53;0,0712530701092942
-56,5;-52,5;0,0728319984622144
-56,5;-52;0,140726293583972
-56,5;-51,5;0,0889272140386831
-56,5;-51;0,0731551740287691
-56,5;-50,5;0,0915028950251291
-56,5;-50;0,0585692196043623
-56,5;-49,5;0,0576233047564844
-56,5;-49;0,0339247001664758
-56,5;-48,5;0,0451405275433369
-56,5;-48;0,0636941530273394
-56,5;-47,5;0,0510212173059857
-56,5;-47;0,051544846610706
-56,5;-46,5;0,0563502948636943
-56,5;-46;0,0162975799157762
-56,5;-45,5;0,0337204897439439
-56,5;-45;0,026242587279016
-56,5;-44,5;0,024977211836214
-56,5;-44;0,0309515750810843
-56,5;-43,5;0,0395454845127145
-56,5;-43;0,0253956051098075
-56,5;-42,5;0,0709781992016194
-56,5;-42;0,0471020323263802
-56,5;-41,5;0,0521698557229541
-56,5;-41;0,0433389739918548
-56,5;-40,5;0,0308334234232918
-56,5;-40;0
-56,5;-39,5;0
-56,5;-39;0
-56,5;-38,5;0,280768034850728
-56,5;-38;0,337552925548144
-56,5;-37,5;0,0664966553721202
-56,5;-37;0,0361261269452854
-56,5;-36,5;0,0284486853997309
-56,5;-36;0,0612586121429763
-56,5;-35,5;0,210849837229364
-56,5;-35;0,298194883204177
-56,5;-34,5;0,103537622079422
-56,5;-34;0,0397012925355413
-56,5;-33,5;0,0604957566101514
-56,5;-33;0,0639843039486445
-56,5;-32,5;0,0423280512120972
-56,5;-32;0,0503861613142874
-56,5;-31,5;0,0405270047527416
-56,5;-31;0,0242929510787301
-56,5;-30,5;0,0322810760205177
-56,5;-30;0,0413429997800858
-56,5;-29,5;0,0738601099391301
-56,5;-29;0,0347601799505244
-56,5;-28,5;0,0418322907120622
-56,5;-28;0,0619277727341511
-56,5;-27,5;0,0989846810364604
-56,5;-27;0,209809556836804
-56,5;-26,5;0,0276899500420881
-56,5;-26;0,0509692717886637
-56,5;-25,5;0,103198442793684
-56,5;-25;0,0826794933619548
-56,5;-24,5;0,0510935753644836
-56,5;-24;0,0534465465052077
-56,5;-23,5;0,0302908149622023
-56,5;-23;0,0326941604376342
-56,5;-22,5;0,0703455628264242
-56,5;-22;0,0335253635327046
-56,5;-21,5;0,0582205552863526
-56,5;-21;0,0874359316800612
-56,5;-20,5;0,0385367360780361
-56,5;-20;0,0666806624427326
-56,5;-19,5;0,137776388881888
-56,5;-19;0,101090134480355
-56,5;-18,5;0,0685880022276985
-56,5;-18;0,0516920234587136
-56,5;-17,5;0,0316885041421308
-56,5;-17;0,0418743945146242
-56,5;-16,5;0,0907201741620903
-56,5;-16;0,0609922532677527
-56,5;-15,5;0,0883553096525707
-56,5;-15;0,0862590293220441
-56,5;-14,5;0,15826613411171
-56,5;-14;0,191338991071167
-56,5;-13,5;0,095894886342317
-56,5;-13;0,137536995532315
-56,5;-12,5;0,142812058186924
-56,5;-12;0,163485404814621
-56,5;-11,5;0,195898872276499
-56,5;-11;0,0683721085051882
-56,5;-10,5;0,0962709328565453
-56,5;-10;0,134128958611424
-56,5;-9,5;0,241589683013524
-56,5;-9;0,111256863804395
-56,5;-8,5;0,104574396804785
-56,5;-8;0,112934876102422
-56,5;-7,5;0,047360532688064
-56,5;-7;0,0642611620459586
-56,5;-6,5;0,0492265428935704
-56,5;-6;0,0333094703359428
-56,5;-5,5;0,022393156126271
-56,5;-5;0,112739434990502
-56,5;-4,5;0,0841996626986263
-56,5;-4;0,043557736930682
-56,5;-3,5;0,0285270643911668
-56,5;-3;0,0344582663922918
-56,5;-2,5;0,0356387195484539
-56,5;-2;0,0693267388818825
-56,5;-1,5;0,101911347310409
-56,5;-1;0,0958104312990212
-56,5;-0,5;0,0685826595212673
-56,5;0;0,0607648565592121
-56,5;0,5;0,0446928703651596
-56,5;1;0,0481984074294852
-56,5;1,5;0,0505224546222037
-56,5;2;0,0756973767462977
-56,5;2,5;0,0643106472633644
-56,5;3;0,111370682898118
-56,5;3,5;0,162509782408725
-56,5;4;0,185921197464589
-56,5;4,5;0,0655335335426302
-56,5;5;0,0431973611695438
-56,5;5,5;0,0420201432288705
-56,5;6;0,0341459818561874
-56,5;6,5;0,0660846242705478
-56,5;7;0,0644606255694422
-56,5;7,5;0
-56,5;8;0
-56,5;8,5;0
-56,5;9;0
-56,5;9,5;0,0492104324982688
-56,5;10;0,0290904545419034
-56,5;10,5;0,0489482233735666
-56,5;11;0,0143643076176102
-56,5;11,5;0
-56,5;12;0,0833576403943946
-56,5;12,5;0,207800890063477
-56,5;13;0,275667146409862
-56,5;13,5;0,344198904499398
-56,5;14;0,238139473866903
-56,5;14,5;0,121344678551052
-56,5;15;0,283545460150622
-56,5;15,5;0,226214711255116
-56,5;16;0,0859845777976936
-56,5;16,5;0
-56,5;17;0,290620887067671
-56,5;18;0,0811566477735035
-56,5;18,5;0,0913639511212274
-56,5;19;0,127952534836834
-56,5;19,5;0,122552644095151
-56,5;20;0,0884225335785197
-56,5;20,5;0,146475229775731
-56,5;21;0,176951108295779
-56,5;21,5;0,167827788720065
-56,5;22;0
-56,5;22,5;0,125133262297973
-56,5;23;0,2678339037538
-56,5;23,5;0
-56,5;24;0
-56,5;24,5;0
-56,5;25;0
-56,5;25,5;0
-56,5;26;0
-56,5;26,5;0
-56,5;27;0
-56,5;27,5;0
-56,5;28;0
-56,5;28,5;0
-56,5;29;0
-56,5;29,5;0,0561686448711972
-56,5;30;0
-56,5;30,5;0
-56,5;31;0,0764220736000623
-56,5;31,5;0,0134350288425444
-56,5;35;0
-56,5;35,5;0
-56,5;36;0
-56,5;36,5;0
-56,5;37;0
-56,5;37,5;0
-56,5;38;0
-56,5;38,5;0
-56,5;39;0,0827571317600052
-56,5;39,5;0,0509116882454314
-56,5;40;0
-56,5;40,5;0
-56,5;41;0
-56,5;41,5;0
-56,5;42;0
-56,5;42,5;0
-56,5;43;0,0976541516441228
-56,5;43,5;0,163619818713252
-56,5;44;0,105486018030827
-56,5;44,5;0,366760753829319
-56,5;45;0,163885630852738
-56;-57,5;0
-56;-57;0,10154673514195
-56;-56,5;0,137505839221852
-56;-56;0,08768752701278
-56;-55,5;0,0864716243743933
-56;-55;0,0933020895108185
-56;-54,5;0,0979955837077851
-56;-54;0,0722572438556681
-56;-53,5;0,0695581534758927
-56;-53;0,086207695702988
-56;-52,5;0,0424567006321903
-56;-52;0,0911854097285767
-56;-51,5;0,0891927298716435
-56;-51;0,0736987553215637
-56;-50,5;0,0856656692266976
-56;-50;0,0679682548949831
-56;-49,5;0,0506891667480909
-56;-49;0,0430002750678874
-56;-48,5;0,0604772072479358
-56;-48;0,0464611788608634
-56;-47,5;0,0572324919913058
-56;-47;0,0418771445790569
-56;-46,5;0,0387266058414625
-56;-46;0,0348448944131944
-56;-45,5;0,0346569105558381
-56;-45;0,0387017082597425
-56;-44,5;0,0230849879070072
-56;-44;0,0308390985601071
-56;-43,5;0,0441908738693108
-56;-43;0,0433899264148456
-56;-42,5;0,0315410541237622
-56;-42;0,079171423415992
-56;-41,5;0,0192561678430575
-56;-41;0,0316523321395143
-56;-40,5;0,0189631221058137
-56;-40;0
-56;-39,5;0,0248648729086216
-56;-39;0,0308398376817274
-56;-38,5;0,316403321734558
-56;-38;0,310025961543049
-56;-37,5;0,074312678201059
-56;-37;0,0733656791787272
-56;-36,5;0,0675475790095779
-56;-36;0,0580405984324627
-56;-35,5;0,028715134935413
-56;-35;0,0463202648794038
-56;-34,5;0,0405247097330817
-56;-34;0,0347054842942545
-56;-33,5;0,0512126602280716
-56;-33;0,0876563686366826
-56;-32,5;0,0589423090526676
-56;-32;0,0410621127980285
-56;-31,5;0,0433665481246995
-56;-31;0,0231696830287072
-56;-30,5;0,0212787061010141
-56;-30;0,0327865246457612
-56;-29,5;0,0755722477888169
-56;-29;0,0712635612923409
-56;-28,5;0,0381399310662289
-56;-28;0,293043777262301
-56;-27,5;0,26842560912178
-56;-27;0,202937078891416
-56;-26,5;0,0427785073220798
-56;-26;0,0316822138143203
-56;-25,5;0,0378458359700969
-56;-25;0,0392434286755742
-56;-24,5;0,0509377070547939
-56;-24;0,0450353197784607
-56;-23,5;0,0279642382801594
-56;-23;0,030346343288182
-56;-22,5;0,0614394095871711
-56;-22;0,0670135034293334
-56;-21,5;0,0658727433735626
-56;-21;0,0449177500546549
-56;-20,5;0,0383385312082585
-56;-20;0,0475311294254913
-56;-19,5;0,072818610258642
-56;-19;0,098404439668932
-56;-18,5;0,14187934675566
-56;-18;0,0748329250174458
-56;-17,5;0,0492815057035366
-56;-17;0,0434390377425651
-56;-16,5;0,0814683041004461
-56;-16;0,0728856410184247
-56;-15,5;0,0795447826811453
-56;-15;0,125170205882915
-56;-14,5;0,103699771345123
-56;-14;0,137910628025233
-56;-13,5;0,245241181237552
-56;-13;0,178794371977924
-56;-12,5;0,194223353009729
-56;-12;0,194505961110612
-56;-11,5;0,0935703902503868
-56;-11;0,129216281376654
-56;-10,5;0,0908237873292431
-56;-10;0,160000169240948
-56;-9,5;0,334313058695578
-56;-9;0,0570863290705972
-56;-8,5;0,0848495626991788
-56;-8;0,116482852598548
-56;-7,5;0,15754380197376
-56;-7;0,029061885818963
-56;-6,5;0,0463456640369136
-56;-6;0,0575267118880017
-56;-5,5;0,0581104498581456
-56;-5;0,0725376286131704
-56;-4,5;0,0331583488827313
-56;-4;0,0442955589807031
-56;-3,5;0,0537868051492489
-56;-3;0,036274343745744
-56;-2,5;0,0479655925656656
-56;-2;0,0391231003212969
-56;-1,5;0,0623943907735303
-56;-1;0,0447727129018472
-56;-0,5;0,0633221721380176
-56;0;0,064797371832338
-56;0,5;0,0263127574036966
-56;1;0,0347035682995454
-56;1,5;0,0764750217763696
-56;2;0,0455897221336964
-56;2,5;0,0585543324484606
-56;3;0,0690746995361022
-56;3,5;0,0734671767977217
-56;4;0,0795243272126122
-56;4,5;0,0594232425184997
-56;5;0,0607252622165139
-56;5,5;0,0385596122578922
-56;6;0,0310362887522364
-56;6,5;0,0468203706611079
-56;7;0,364480206681064
-56;7,5;0,129915110593769
-56;8;0,0210879112289482
-56;8,5;0
-56;9;0,00723417813807023
-56;9,5;0,0440866914571321
-56;10;0
-56;10,5;0,0386212376808408
-56;11;0,0530744863272467
-56;11,5;0
-56;12;0,12780399547301
-56;12,5;0,29777374644831
-56;13;0,133358344052149
-56;13,5;0,259686957295652
-56;14;0,329633043402648
-56;14,5;0,252491875485425
-56;15;0,21544408304932
-56;15,5;0,15303946629918
-56;16;0,0636097040116085
-56;16,5;0,152600428928266
-56;17;0,295516199766315
-56;18;0,0626965525966929
-56;18,5;0,108859746667188
-56;19;0,0900484169283633
-56;19,5;0,111744339223447
-56;20;0,264152867190379
-56;20,5;0,180445451927773
-56;21;0,185877775612125
-56;21,5;0,168650216805124
-56;22;0,0624141632786804
-56;22,5;0,228154333730482
-56;23;0,0640936814358483
-56;23,5;0,193706823146045
-56;24;0,0931920060949436
-56;24,5;0
-56;25;0
-56;25,5;0
-56;26;0
-56;26,5;0
-56;27;0
-56;27,5;0
-56;28;0
-56;28,5;0
-56;29;0,0644696310935105
-56;29,5;0,069105716116686
-56;30;0,0431335136523794
-56;30,5;0
-56;31;0,0724586088743084
-56;31,5;0,0619336562603709
-56;32;0,0014142135623731
-56;34,5;0
-56;35;0
-56;35,5;0
-56;36;0
-56;36,5;0
-56;37;0
-56;37,5;0
-56;38;0
-56;38,5;0
-56;39;0,14916545623345
-56;39,5;0,190884043200887
-56;40;0,246895522468064
-56;40,5;0,0289913780286485
-56;41;0
-56;41,5;0
-56;42;0
-56;42,5;0,368071660983357
-56;43;0,156498136304132
-56;43,5;0,236651262961848
-56;44;0
-56;44,5;0,308942753596844
-56;45;0,301214090924426
-55,5;-57,5;0,059429553211107
-55,5;-57;0,098412166876723
-55,5;-56,5;0,130477044951437
-55,5;-56;0,120189363434152
-55,5;-55,5;0,0932476315212013
-55,5;-55;0,100279030998365
-55,5;-54,5;0,0936844531900036
-55,5;-54;0,0856366915396263
-55,5;-53,5;0,0919111230779743
-55,5;-53;0,0881383260995422
-55,5;-52,5;0,0653391153904
-55,5;-52;0,060528355488827
-55,5;-51,5;0,0505944661005529
-55,5;-51;0,0523810753638855
-55,5;-50,5;0,0969013119281347
-55,5;-50;0,0325140262773146
-55,5;-49,5;0,0393379634635314
-55,5;-49;0,0431615933122829
-55,5;-48,5;0,0429508346082866
-55,5;-48;0,0418930611370018
-55,5;-47,5;0,0649248085806248
-55,5;-47;0,049982997109017
-55,5;-46,5;0,0427086424336824
-55,5;-46;0,0626615246117318
-55,5;-45,5;0,0551543289325507
-55,5;-45;0,0416410137481549
-55,5;-44,5;0,0340188153523869
-55,5;-44;0,0425674814405372
-55,5;-43,5;0,0388688882808664
-55,5;-43;0,0431480153834112
-55,5;-42,5;0,050953498976724
-55,5;-42;0,05585919798923
-55,5;-41,5;0
-55,5;-41;0,0405515278001508
-55,5;-40,5;0,000707106781186548
-55,5;-40;0,0287263134940166
-55,5;-39,5;0,0406823207242679
-55,5;-39;0,0409952120058844
-55,5;-38,5;0,0701345362471527
-55,5;-38;0,0665227981494844
-55,5;-37,5;0,0672871700475808
-55,5;-37;0,0693074956073903
-55,5;-36,5;0,0641200956539108
-55,5;-36;0,0441285826918797
-55,5;-35,5;0,0562709992228266
-55,5;-35;0,0481276265108844
-55,5;-34,5;0,0561222037556079
-55,5;-34;0,0397338072502056
-55,5;-33,5;0,0435062022142439
-55,5;-33;0,041681020776814
-55,5;-32,5;0,0526305416373751
-55,5;-32;0,0520735070066064
-55,5;-31,5;0,0717041797242003
-55,5;-31;0,140178055586117
-55,5;-30,5;0,0608587693530072
-55,5;-30;0,0210454872700839
-55,5;-29,5;0,0740872801626377
-55,5;-29;0,0616049575790725
-55,5;-28,5;0,0703611810469333
-55,5;-28;0,158683253467811
-55,5;-27,5;0,306237369222863
-55,5;-27;0,134610992944438
-55,5;-26,5;0,0306642081898725
-55,5;-26;0,0276010290461735
-55,5;-25,5;0,0260791706251535
-55,5;-25;0,0599730414643058
-55,5;-24,5;0,0314417757403743
-55,5;-24;0,034275540435948
-55,5;-23,5;0,055119888117772
-55,5;-23;0,0293572556514357
-55,5;-22,5;0,0472588018533805
-55,5;-22;0,0484222787556493
-55,5;-21,5;0,0564989321920598
-55,5;-21;0,0784018327778127
-55,5;-20,5;0,0588405957012617
-55,5;-20;0,0759390088021383
-55,5;-19,5;0,0532473851192579
-55,5;-19;0,165724822119882
-55,5;-18,5;0,132625418577634
-55,5;-18;0,0857371021711443
-55,5;-17,5;0,088348544352786
-55,5;-17;0,0256700214257799
-55,5;-16,5;0,14061630628162
-55,5;-16;0,0730837014009849
-55,5;-15,5;0,101045459998091
-55,5;-15;0,111230458400714
-55,5;-14,5;0,0510788412417399
-55,5;-14;0,127244827028487
-55,5;-13,5;0,263843675281834
-55,5;-13;0,255705837794317
-55,5;-12,5;0,249524374451431
-55,5;-12;0,142596639494815
-55,5;-11,5;0,130573730266898
-55,5;-11;0,216237341670635
-55,5;-10,5;0,213811480106863
-55,5;-10;0,330910456999977
-55,5;-9,5;0,26889499996348
-55,5;-9;0,219891541279536
-55,5;-8,5;0,109975243729712
-55,5;-8;0,124215534027775
-55,5;-7,5;0,128164239279192
-55,5;-7;0,141998746259937
-55,5;-6,5;0,0616532011830466
-55,5;-6;0,0535928922262995
-55,5;-5,5;0,0577986813862462
-55,5;-5;0,0453458865419625
-55,5;-4,5;0,0469989029542326
-55,5;-4;0,0476947713956151
-55,5;-3,5;0,072860026313085
-55,5;-3;0,091752729677451
-55,5;-2,5;0,036998061794864
-55,5;-2;0,0484374304204058
-55,5;-1,5;0,0663699849964192
-55,5;-1;0,0574723758647486
-55,5;-0,5;0,0581630624115121
-55,5;0;0,0630100889260705
-55,5;0,5;0,0540725990010922
-55,5;1;0,05352626153728
-55,5;1,5;0,110494196739329
-55,5;2;0,260686411887204
-55,5;2,5;0,0775061871049533
-55,5;3;0,0776737914253974
-55,5;3,5;0,0827344288327762
-55,5;4;0,0643186741465621
-55,5;4,5;0,1039830644077
-55,5;5;0,0622889579758265
-55,5;5,5;0,0417828555455926
-55,5;6;0,0449299729834469
-55,5;6,5;0,0570067055150902
-55,5;7;0,336567354804751
-55,5;7,5;0,33568072381312
-55,5;8;0,0817434529174151
-55,5;8,5;0,0756599850207052
-55,5;9;0
-55,5;9,5;0,0586401455205107
-55,5;10;0,0456535579609887
-55,5;10,5;0,0692822327713085
-55,5;11;0,0458069621103362
-55,5;11,5;0,071942309063119
-55,5;12;0,101667550163769
-55,5;12,5;0,277200328790642
-55,5;13;0,131255509692008
-55,5;13,5;0,314020965329811
-55,5;14;0,170131181879216
-55,5;14,5;0,241028172827071
-55,5;15;0,155888957005795
-55,5;15,5;0,206456442668419
-55,5;16;0,207839344253119
-55,5;16,5;0,216890835003489
-55,5;17;0,0823602949352306
-55,5;17,5;0
-55,5;18;0,0714177741289832
-55,5;18,5;0,0906999740579767
-55,5;19;0,113985278833934
-55,5;19,5;0,0615935602694524
-55,5;20;0,356304400310005
-55,5;20,5;0,312776026336531
-55,5;21;0,236848269001591
-55,5;21,5;0,181986035429654
-55,5;22;0,182482334912639
-55,5;22,5;0,263401934213415
-55,5;23;0,111792619360983
-55,5;23,5;0,142857071428554
-55,5;24;0,1219541715742
-55,5;24,5;0
-55,5;25;0
-55,5;25,5;0
-55,5;26;0
-55,5;26,5;0
-55,5;27;0
-55,5;27,5;0
-55,5;28;0
-55,5;28,5;0
-55,5;29;0
-55,5;29,5;0,0713932769944061
-55,5;30;0
-55,5;30,5;0
-55,5;31,5;0,0761199710982604
-55,5;32;0,057974132162543
-55,5;34,5;0
-55,5;35;0
-55,5;35,5;0
-55,5;36;0
-55,5;36,5;0
-55,5;37;0
-55,5;37,5;0
-55,5;38;0
-55,5;38,5;0
-55,5;39;0
-55,5;39,5;0,306090206125113
-55,5;40;0,272456522732823
-55,5;40,5;0,0976114747352994
-55,5;41;0
-55,5;41,5;0,149807244572203
-55,5;42;0,0931851204145097
-55,5;42,5;0,332260707952025
-55,5;43;0,167540133784629
-55,5;43,5;0,223284351254519
-55,5;44;0
-55,5;44,5;0,226309943387803
-55,5;45;0,203228624033067
-55;-58;0
-55;-57,5;0,0879270071828474
-55;-57;0,115775045841463
-55;-56,5;0,0971938032212722
-55;-56;0,129815694323736
-55;-55,5;0,115466800811109
-55;-55;0,110496907405687
-55;-54,5;0,100966703960474
-55;-54;0,0961864176418662
-55;-53,5;0,0722384938934914
-55;-53;0,0876911506551591
-55;-52,5;0,0581271425917562
-55;-52;0,00519615242270664
-55;-51,5;0,0574159363207615
-55;-51;0,0636401791527758
-55;-50,5;0,0587480426253954
-55;-50;0,045510554010205
-55;-49,5;0,0748497682352995
-55;-49;0,0471856431622471
-55;-48,5;0,0611436597402934
-55;-48;0,0461343944681317
-55;-47,5;0,0291532517553718
-55;-47;0,0483059692653679
-55;-46,5;0,0480480528701776
-55;-46;0,0540832691319598
-55;-45,5;0,0502792203599061
-55;-45;0,0307384228631496
-55;-44,5;0,0379301473557825
-55;-44;0,0409627589286613
-55;-43,5;0,0493171554145393
-55;-43;0,0302807377209188
-55;-42,5;0,0360624458405139
-55;-42;0
-55;-41,5;0
-55;-41;0,0457839127496402
-55;-40,5;0,034917272360408
-55;-40;0,0254704447340935
-55;-39,5;0,0310738965135435
-55;-39;0,0505950773675902
-55;-38,5;0,0669214426561434
-55;-38;0,0449312746808328
-55;-37,5;0,0627048884915233
-55;-37;0,119943410096363
-55;-36,5;0,0410151256606551
-55;-36;0,041419588443524
-55;-35,5;0,0368290025598476
-55;-35;0,0535530570475437
-55;-34,5;0,0900154516780788
-55;-34;0,0247082589291022
-55;-33,5;0,0308768312921627
-55;-33;0,0362050248320376
-55;-32,5;0,0444023880065327
-55;-32;0,0614917754170094
-55;-31,5;0,35949218700528
-55;-31;0,287808648762311
-55;-30,5;0,070212796389686
-55;-30;0,0435199615388341
-55;-29,5;0,0651980792023848
-55;-29;0,0371967499839219
-55;-28,5;0,0344825923264728
-55;-28;0,0383756515724335
-55;-27,5;0,0562005926265039
-55;-27;0,0660457058536586
-55;-26,5;0,0614886658044307
-55;-26;0,105756198002661
-55;-25,5;0,0590578870434641
-55;-25;0,0346633613861889
-55;-24,5;0,0299458303411499
-55;-24;0,0421955421117526
-55;-23,5;0,0350961744361846
-55;-23;0,0360366453372471
-55;-22,5;0,0379741702122085
-55;-22;0,028344493831757
-55;-21,5;0,0469883946166512
-55;-21;0,0758934306110704
-55;-20,5;0,0699113104033535
-55;-20;0,0804827112143205
-55;-19,5;0,0773635882918342
-55;-19;0,200648407253418
-55;-18,5;0,134730849950465
-55;-18;0,0867465577948555
-55;-17,5;0,0489793780746961
-55;-17;0,0346580998367989
-55;-16,5;0,044261569124664
-55;-16;0,0694246336821791
-55;-15,5;0,327214131117997
-55;-15;0,27493669875056
-55;-14,5;0,193808472698269
-55;-14;0,121644569297891
-55;-13,5;0,156801415440989
-55;-13;0,197432467445658
-55;-12,5;0,120497613226937
-55;-12;0,0988498532492333
-55;-11,5;0,210487645099411
-55;-11;0,347311532165018
-55;-10,5;0,353723636890109
-55;-10;0,260232901090384
-55;-9,5;0,17397023706208
-55;-9;0,0940834034399232
-55;-8,5;0,138442125109828
-55;-8;0,1162962041027
-55;-7,5;0,178684214151941
-55;-7;0,196941800936152
-55;-6,5;0,0451963089047713
-55;-6;0,0486446898137552
-55;-5,5;0,0737730130096362
-55;-5;0,0792920952153262
-55;-4,5;0,0594147972399202
-55;-4;0,0493042817928849
-55;-3,5;0,101995802187697
-55;-3;0,0970845432759349
-55;-2,5;0,0692555421185569
-55;-2;0,0349483203387762
-55;-1,5;0,0546744636512054
-55;-1;0,0590323825447148
-55;-0,5;0,0916921235471243
-55;0;0,0981153960520572
-55;0,5;0,115247097701823
-55;1;0,0967868018487796
-55;1,5;0,117911660187155
-55;2;0,0821307283569768
-55;2,5;0,0758084308376598
-55;3;0,0894369352804205
-55;3,5;0,0965365689450713
-55;4;0,0502040538669283
-55;4,5;0,0643971575649036
-55;5;0,0696851877863969
-55;5,5;0,0713397228800761
-55;6;0,0436606750457954
-55;6,5;0,0739684253322183
-55;7;0,0886125791814525
-55;7,5;0,118763761017985
-55;8;0,0718851304109991
-55;8,5;0,0454559229080145
-55;9;0,0612670755418809
-55;9,5;0,138180172239001
-55;10;0,054267473401245
-55;10,5;0,0632600829531395
-55;11;0,0705192645074143
-55;11,5;0,0836419010504665
-55;12;0,0589454078882411
-55;12,5;0,0280237994093116
-55;13;0,0719352815318328
-55;13,5;0,0694832970679182
-55;14;0,492246889274071
-55;14,5;0,337248822962725
-55;15;0,208115240308017
-55;15,5;0,0777949144735613
-55;16;0,13233561844451
-55;16,5;0,0551905789061865
-55;17,5;0,0765499669229023
-55;18;0,0783652992090257
-55;18,5;0,124218479982774
-55;19;0,0800901790584164
-55;19,5;0,00424264068711929
-55;20;0,0788135579902146
-55;20,5;0,144143313760857
-55;21;0,207535018764558
-55;21,5;0,219431468771104
-55;22;0,178088091115826
-55;22,5;0,275462646316464
-55;23;0,115584629140325
-55;23,5;0,122625117786672
-55;24;0,111165503780486
-55;24,5;0
-55;25;0,0192180470738661
-55;25,5;0
-55;26;0
-55;26,5;0,0339411254969542
-55;27;0,073720393573091
-55;27,5;0
-55;28;0
-55;28,5;0
-55;29;0
-55;29,5;0
-55;30,5;0,0767683383809874
-55;32;0,098264947972306
-55;32,5;0,0723299318928136
-55;33;0,0941222609163209
-55;33,5;0
-55;34;0
-55;34,5;0
-55;35;0
-55;35,5;0
-55;36;0
-55;36,5;0
-55;37;0
-55;37,5;0
-55;38;0
-55;38,5;0
-55;39;0
-55;39,5;0
-55;40;0,375060696612949
-55;40,5;0,142475461546391
-55;41;0,0977368917042076
-55;41,5;0
-55;42;0
-55;42,5;0,336507143269299
-55;43;0,0375277674973257
-55;43,5;0,159577543608875
-55;44;0,276362684408249
-55;44,5;0,221971457767077
-55;45;0,162272363635956
-55;45,5;0
-54,5;-58;0,0321869538788622
-54,5;-57,5;0,0736188209957913
-54,5;-57;0,0994822554822927
-54,5;-56,5;0,080557820490522
-54,5;-56;0,117466790308567
-54,5;-55,5;0,0933113058153226
-54,5;-55;0,0903548163162386
-54,5;-54,5;0,0787287176042501
-54,5;-54;0,0992011434988517
-54,5;-53,5;0,08903243448454
-54,5;-53;0,112196272792134
-54,5;-52,5;0,0612074016316062
-54,5;-52;0,0647684520499941
-54,5;-51,5;0,0702252040309171
-54,5;-51;0,0668925834817861
-54,5;-50,5;0,0562706592886043
-54,5;-50;0,045282899925259
-54,5;-49,5;0,063002740465177
-54,5;-49;0,0553488790706399
-54,5;-48,5;0,0368112301705154
-54,5;-48;0,0259706127627503
-54,5;-47,5;0,0139821314541096
-54,5;-47;0,04764521661895
-54,5;-46,5;0,0553455056892608
-54,5;-46;0,0391058545123727
-54,5;-45,5;0,0419419945184243
-54,5;-45;0,0336974765752012
-54,5;-44,5;0,0424025238160894
-54,5;-44;0,0297178024633591
-54,5;-43,5;0,0686418019117867
-54,5;-43;0,000707106781186546
-54,5;-42,5;0
-54,5;-42;0
-54,5;-41,5;0
-54,5;-41;0,0158204207998939
-54,5;-40,5;0,0294658080858789
-54,5;-40;0,0506637311330956
-54,5;-39,5;0,0486734914119972
-54,5;-39;0,0496694322803523
-54,5;-38,5;0,0449048995099644
-54,5;-38;0,0364429678243438
-54,5;-37,5;0,0499134256040896
-54,5;-37;0,105840919657122
-54,5;-36,5;0,0509463990310374
-54,5;-36;0,0281757098326029
-54,5;-35,5;0,0221105861478609
-54,5;-35;0,0376170646771991
-54,5;-34,5;0,0545251158021861
-54,5;-34;0,032538218723369
-54,5;-33,5;0,0477792935283454
-54,5;-33;0,0217393055644607
-54,5;-32,5;0,0350149548167964
-54,5;-32;0,0366745389587678
-54,5;-31,5;0,12612601997222
-54,5;-31;0,106656410707016
-54,5;-30,5;0,0513749290348253
-54,5;-30;0,0392349232330322
-54,5;-29,5;0,0606776857065241
-54,5;-29;0,0316633048817248
-54,5;-28,5;0,029838283135862
-54,5;-28;0,0381732890906718
-54,5;-27,5;0,0601217108056053
-54,5;-27;0,0694329412694964
-54,5;-26,5;0,107847774951473
-54,5;-26;0,152625958007972
-54,5;-25,5;0,0595644984582597
-54,5;-25;0,0532801603046919
-54,5;-24,5;0,0663700152600543
-54,5;-24;0,0607991760401614
-54,5;-23,5;0,0435282641465787
-54,5;-23;0,0362207971095431
-54,5;-22,5;0,0475039435799533
-54,5;-22;0,0313539532702805
-54,5;-21,5;0,115887289096366
-54,5;-21;0,210119653043311
-54,5;-20,5;0,03974155918696
-54,5;-20;0,066770960432098
-54,5;-19,5;0,0789242163899846
-54,5;-19;0,0842388510251568
-54,5;-18,5;0,0874937085498876
-54,5;-18;0,0721466768133267
-54,5;-17,5;0,0751625016407288
-54,5;-17;0,0901772061687248
-54,5;-16,5;0,0587744579282694
-54,5;-16;0,0572017971071408
-54,5;-15,5;0,232687485057704
-54,5;-15;0,303225916560292
-54,5;-14,5;0,0823331102706071
-54,5;-14;0,0715800896105205
-54,5;-13,5;0,0503964598761071
-54,5;-13;0,0635522673574634
-54,5;-12,5;0,101999995948793
-54,5;-12;0,107930367946509
-54,5;-11,5;0,0407990223423262
-54,5;-11;0,24185709277307
-54,5;-10,5;0,4052743703829
-54,5;-10;0,326723733771158
-54,5;-9,5;0,1150061230254
-54,5;-9;0,0797237808467022
-54,5;-8,5;0,178891525683674
-54,5;-8;0,264479460276734
-54,5;-7,5;0,187654549013536
-54,5;-7;0,188987260857934
-54,5;-6,5;0,026306906509809
-54,5;-6;0,0476681947678275
-54,5;-5,5;0,0888343427061316
-54,5;-5;0,049272718252921
-54,5;-4,5;0,0339838955022636
-54,5;-4;0,0328684178922084
-54,5;-3,5;0,0569139152161635
-54,5;-3;0,134323706950977
-54,5;-2,5;0,0504706233441276
-54,5;-2;0,0777602315133878
-54,5;-1,5;0,027851756312131
-54,5;-1;0,0549656053841463
-54,5;-0,5;0,0863850196813334
-54,5;0;0,09704749753722
-54,5;0,5;0,119937827465839
-54,5;1;0,0817347260016539
-54,5;1,5;0,0605547081868655
-54,5;2;0,105158546709679
-54,5;2,5;0,161900254192797
-54,5;3;0,0704568078373108
-54,5;3,5;0,0705871778928387
-54,5;4;0,0643816901005404
-54,5;4,5;0,0867125519556809
-54,5;5;0,0681250034271854
-54,5;5,5;0,0410350921514597
-54,5;6;0,0686555092280905
-54,5;6,5;0,0676268097342229
-54,5;7;0,0875380733493392
-54,5;7,5;0,104593427560814
-54,5;8;0,0621085782720001
-54,5;8,5;0,0814735635555581
-54,5;9;0,0962023413238497
-54,5;9,5;0,124263251732865
-54,5;10;0,0244404037064311
-54,5;10,5;0
-54,5;11;0,0470953146392363
-54,5;11,5;0,0541600193159834
-54,5;12;0,0980801677111414
-54,5;12,5;0,0485937957896614
-54,5;13;0,0506898008871459
-54,5;13,5;0
-54,5;14;0
-54,5;14,5;0,139518218643062
-54,5;15;0,0452240015639961
-54,5;15,5;0,0667723790746402
-54,5;16;0,0527274294668517
-54,5;16,5;0,172181106203129
-54,5;17,5;0,0673672607880635
-54,5;18;0,0767568827377653
-54,5;19;0,0300887575903914
-54,5;20;0,0189987468258404
-54,5;20,5;0,0957721655404517
-54,5;21;0,206420175727491
-54,5;21,5;0,215510171915699
-54,5;22;0,191970744642039
-54,5;22,5;0,186124137189255
-54,5;23;0,151329484199398
-54,5;23,5;0,234281167598077
-54,5;24;0,0983710922724344
-54,5;24,5;0,148737384419014
-54,5;25;0,172306470166451
-54,5;25,5;0,0330953168892519
-54,5;26;0
-54,5;26,5;0,0316670175419157
-54,5;27;0,0791734414025904
-54,5;27,5;0
-54,5;28;0
-54,5;28,5;0
-54,5;29;0
-54,5;29,5;0
-54,5;30;0
-54,5;30,5;0,022781571499789
-54,5;32,5;0,0358457342882897
-54,5;33;0,105280102583537
-54,5;33,5;0,0792249960555379
-54,5;34;0,0755485495117764
-54,5;35;0
-54,5;35,5;0
-54,5;36;0
-54,5;36,5;0
-54,5;37;0
-54,5;37,5;0
-54,5;38;0
-54,5;38,5;0
-54,5;39;0
-54,5;39,5;0
-54,5;40;0
-54,5;40,5;0
-54,5;41;0,117271337788339
-54,5;41,5;0
-54,5;42;0,218463574385602
-54,5;42,5;0,151335763213833
-54,5;43;0,343944737047766
-54,5;43,5;0,180036157984495
-54,5;44;0,256018909102788
-54,5;44,5;0,314516206966262
-54,5;45;0,492770737767575
-54,5;45,5;0
-54;-58;0,0141421356237309
-54;-57,5;0,0657663489942117
-54;-57;0,0741651760149825
-54;-56,5;0,0875938947386188
-54;-56;0,071271778661448
-54;-55,5;0,0853055599819249
-54;-55;0,0934151595116022
-54;-54,5;0,0640030152798466
-54;-54;0,0756248912925271
-54;-53,5;0,0982888991306124
-54;-53;0,0952120814994511
-54;-52,5;0,0701651505496023
-54;-52;0,0743326068470491
-54;-51,5;0,0553810480568124
-54;-51;0,0504155459429656
-54;-50,5;0,0767257508326953
-54;-50;0,0742491378598733
-54;-49,5;0,0550467802064829
-54;-49;0,0405440342522829
-54;-48,5;0,0383780240146979
-54;-48;0,0377438736750747
-54;-47,5;0,0613813767710125
-54;-47;0,0373048998866845
-54;-46,5;0
-54;-46;0,0516539882576745
-54;-45,5;0,043636627541068
-54;-45;0,0338941908956474
-54;-44,5;0,0287337512082572
-54;-44;0,0491269492524942
-54;-43,5;0,0708079562384529
-54;-43;0
-54;-42,5;0
-54;-42;0
-54;-41,5;0,0321455025366432
-54;-41;0
-54;-40,5;0,0684582192127269
-54;-40;0,0518983699944498
-54;-39,5;0,0356240447220452
-54;-39;0,0476414264457359
-54;-38,5;0,0293968526927657
-54;-38;0,0375770074293014
-54;-37,5;0,0590493957661793
-54;-37;0,0385041540341209
-54;-36,5;0,0268099453465099
-54;-36;0,0248055664928713
-54;-35,5;0,0751331448235923
-54;-35;0,0363246487402259
-54;-34,5;0,0344423466483938
-54;-34;0,0340860214457105
-54;-33,5;0,0471027618663555
-54;-33;0,042733471953346
-54;-32,5;0,0248385959092997
-54;-32;0,0265998197900657
-54;-31,5;0,0373667347384512
-54;-31;0,0384962583215811
-54;-30,5;0,03173392740838
-54;-30;0,0496644401113135
-54;-29,5;0,0447408590416759
-54;-29;0,047236816196773
-54;-28,5;0,0313553875845685
-54;-28;0,04289692463628
-54;-27,5;0,0485642186525567
-54;-27;0,0636103052707588
-54;-26,5;0,0546490014628039
-54;-26;0,0415236963115268
-54;-25,5;0,0442307389093016
-54;-25;0,047187510604235
-54;-24,5;0,0796978790707422
-54;-24;0,0418503285530711
-54;-23,5;0,0637268004564699
-54;-23;0,0552996993600444
-54;-22,5;0,0263890551442252
-54;-22;0,0386879406186385
-54;-21,5;0,0403614608340823
-54;-21;0,0858090904275299
-54;-20,5;0,0644631838037473
-54;-20;0,0701729386752048
-54;-19,5;0,060294059984942
-54;-19;0,0464976701925304
-54;-18,5;0,05834324787842
-54;-18;0,0610053276361991
-54;-17,5;0,0506561940931215
-54;-17;0,0633253634248755
-54;-16,5;0,0575233297982165
-54;-16;0,106137432997014
-54;-15,5;0,0355509300504358
-54;-15;0,0547641977515594
-54;-14,5;0,0487084102455637
-54;-14;0,0946459700244721
-54;-13,5;0,0596025194985792
-54;-13;0,0453913602739899
-54;-12,5;0,0481311468830266
-54;-12;0,081000290053774
-54;-11,5;0,0346342439500921
-54;-11;0,0566071584313763
-54;-10,5;0,114286430918159
-54;-10;0,132649502952739
-54;-9,5;0,119768867167974
-54;-9;0,197342773836984
-54;-8,5;0,168922911412277
-54;-8;0,259679832597438
-54;-7,5;0,272781179294447
-54;-7;0,0689562790545765
-54;-6,5;0,0396197134273666
-54;-6;0,0470810004114106
-54;-5,5;0,0642322265348153
-54;-5;0,0557850408302545
-54;-4,5;0,0557318301016571
-54;-4;0,0443324814054326
-54;-3,5;0,0412630396836676
-54;-3;0,054911234073284
-54;-2,5;0,0539961035786905
-54;-2;0,0631878738282284
-54;-1,5;0,027065372733817
-54;-1;0,0484352517071283
-54;-0,5;0,0600288486660898
-54;0;0,08458724301378
-54;0,5;0,075403435098444
-54;1;0,0808732286698084
-54;1,5;0,087328761832931
-54;2;0,120547560736568
-54;2,5;0,148788256668249
-54;3;0,155825542792089
-54;3,5;0,16297265133017
-54;4;0,189849107669706
-54;4,5;0,0676190308517753
-54;5;0,0892449971269826
-54;5,5;0,0915340179893539
-54;6;0
-54;6,5;0,0882076397009517
-54;7;0,100447106539319
-54;7,5;0,0865039570160767
-54;8;0,0647075019946213
-54;8,5;0,0813004275077173
-54;9;0,0850779402311698
-54;9,5;0,0777386355330826
-54;10;0,0936902260842981
-54;10,5;0,104742200527908
-54;11;0,0419614335403583
-54;11,5;0,0593259167138561
-54;12;0,0656348497182476
-54;12,5;0,0600993250897601
-54;13;0,0789853745180404
-54;13,5;0,135670285459231
-54;14;0,0569297813099611
-54;14,5;0,241668039211789
-54;15;0,0350123787633269
-54;16;0,0747960189077229
-54;16,5;0,0505431608737632
-54;17;0,064843401103479
-54;17,5;0,0482498128954346
-54;18;0,039604853799054
-54;18,5;0,0226126808081955
-54;19;0
-54;19,5;0
-54;20;0,167397549810443
-54;20,5;0,0281726818034776
-54;21;0,259076752404309
-54;21,5;0,199954652001755
-54;22;0,182032831069842
-54;22,5;0,226191681816721
-54;23;0,244213584182602
-54;23,5;0,239414180866548
-54;24;0,147141854548294
-54;24,5;0,130739435519663
-54;25;0,186547864807393
-54;25,5;0,14453029108812
-54;26;0,101823376490863
-54;26,5;0
-54;27;0
-54;27,5;0
-54;28;0
-54;28,5;0
-54;29;0
-54;29,5;0
-54;30;0
-54;30,5;0
-54;32,5;0,0463239113407402
-54;33;0,0854762178826919
-54;33,5;0,0265392790658174
-54;34;0
-54;34,5;0,00493288286231625
-54;35;0,0300843259300697
-54;35,5;0
-54;36;0
-54;36,5;0
-54;37;0
-54;37,5;0
-54;38;0
-54;38,5;0
-54;39;0
-54;39,5;0
-54;40;0
-54;40,5;0
-54;41;0
-54;41,5;0,0481424597270583
-54;42;0,0758592263486929
-54;42,5;0,085323366805799
-54;43;0,218011164042255
-54;43,5;0,208295266825289
-54;44;0,22589264573013
-54;44,5;0,267951219105467
-54;45;0
-54;45,5;0
-53,5;-58,5;0
-53,5;-58;0,0848684945999478
-53,5;-57,5;0,0896239977909728
-53,5;-57;0,109334858867775
-53,5;-56,5;0,0905949099587704
-53,5;-56;0,0732244450120269
-53,5;-55,5;0,0804368969301719
-53,5;-55;0,0874036389625518
-53,5;-54;0,096969005848457
-53,5;-53,5;0,0933258781915814
-53,5;-53;0,0944213144125023
-53,5;-52,5;0,0614813048468066
-53,5;-52;0,0649584482573283
-53,5;-51,5;0,0540376852628925
-53,5;-51;0,0573484379328098
-53,5;-50,5;0,0570639171490539
-53,5;-50;0,0681584642455586
-53,5;-49,5;0,0494933302939875
-53,5;-49;0,0364877670302958
-53,5;-48,5;0,0555067563455117
-53,5;-48;0,0435037540093177
-53,5;-47,5;0,0347236710808827
-53,5;-47;0
-53,5;-46,5;0
-53,5;-46;0,0309181041894012
-53,5;-45,5;0
-53,5;-45;0,0419005436188548
-53,5;-44,5;0,0272718102440401
-53,5;-44;0
-53,5;-43,5;0
-53,5;-43;0
-53,5;-42,5;0
-53,5;-42;0,0376598813947504
-53,5;-41,5;0,0740596606347432
-53,5;-41;0,0270233585026344
-53,5;-40,5;0,0337085450568875
-53,5;-40;0,0802679268389104
-53,5;-39,5;0,194195640964716
-53,5;-39;0,0650119171480403
-53,5;-38,5;0,0576839228464479
-53,5;-38;0,0716201347405349
-53,5;-37,5;0,0417060619622089
-53,5;-37;0,047621672429513
-53,5;-36,5;0,0451056705782168
-53,5;-36;0,101937501991928
-53,5;-35,5;0,243718038774815
-53,5;-35;0,236379426815767
-53,5;-34,5;0,0617750453864099
-53,5;-34;0,0419665054420058
-53,5;-33,5;0,0308060626054901
-53,5;-33;0,0608476655188056
-53,5;-32,5;0,0710076001627458
-53,5;-32;0,0449054655810866
-53,5;-31,5;0,0643756237766992
-53,5;-31;0,0585891505954226
-53,5;-30,5;0,0350686561512942
-53,5;-30;0,0525757357435986
-53,5;-29,5;0,0521379765146416
-53,5;-29;0,0279591964596028
-53,5;-28,5;0,0301634436583977
-53,5;-28;0,0358890200909052
-53,5;-27,5;0,0523278128723148
-53,5;-27;0,0914997275282339
-53,5;-26,5;0,119643334166465
-53,5;-26;0,0416889273868574
-53,5;-25,5;0,0860408185211568
-53,5;-25;0,0551225056905872
-53,5;-24,5;0,0771875332502354
-53,5;-24;0,091259587216649
-53,5;-23,5;0,0496959820670526
-53,5;-23;0,0355644373089457
-53,5;-22,5;0,062765622883693
-53,5;-22;0,0630595208358268
-53,5;-21,5;0,0602086649356497
-53,5;-21;0,0695743968296878
-53,5;-20,5;0,12123577307122
-53,5;-20;0,105063589854741
-53,5;-19,5;0,0699024132839497
-53,5;-19;0,0343482930312378
-53,5;-18,5;0,0928893607111887
-53,5;-18;0,0661602445690197
-53,5;-17,5;0,165812444660851
-53,5;-17;0,0519726445846656
-53,5;-16,5;0,0681176020827115
-53,5;-16;0,12296141805696
-53,5;-15,5;0,0328551982125626
-53,5;-15;0,0424556647701385
-53,5;-14,5;0,0385135034098896
-53,5;-14;0,0993261317115056
-53,5;-13,5;0,0736013150783817
-53,5;-13;0,0644640000331618
-53,5;-12,5;0,0405956042107085
-53,5;-12;0,0526682278692834
-53,5;-11,5;0,0698439415468435
-53,5;-11;0,0812199577856313
-53,5;-10,5;0,0709131787865967
-53,5;-10;0,108957159170177
-53,5;-9,5;0,128375973739671
-53,5;-9;0,149337369737116
-53,5;-8,5;0,0987633598034687
-53,5;-8;0,0974554471916672
-53,5;-7,5;0,114281005461828
-53,5;-7;0,0461524323145271
-53,5;-6,5;0,0761871233430645
-53,5;-6;0,0756573248905564
-53,5;-5,5;0,0559062366849664
-53,5;-5;0,0595803355494142
-53,5;-4,5;0,0536010415112462
-53,5;-4;0,0395080557089963
-53,5;-3,5;0,0271279191118801
-53,5;-3;0,0320402391232794
-53,5;-2,5;0,0518055882280711
-53,5;-2;0,0374576602792361
-53,5;-1,5;0,016729105987096
-53,5;-1;0,0222723145856352
-53,5;-0,5;0,0354821886907462
-53,5;0;0,0865756059013743
-53,5;0,5;0,0995596171494586
-53,5;1;0,105807325568007
-53,5;1,5;0,129885012382285
-53,5;2;0,170297928618156
-53,5;2,5;0,158555477736577
-53,5;3;0,230808253970715
-53,5;3,5;0,261381981913546
-53,5;4;0,216907129814369
-53,5;4,5;0,142048651843609
-53,5;5;0,110174053391969
-53,5;5,5;0,106271773874725
-53,5;6;0,0703610170994758
-53,5;6,5;0,0838672713984583
-53,5;7;0,0688750144038241
-53,5;7,5;0,0856145595619622
-53,5;8;0,0705863999615075
-53,5;8,5;0,160464686074134
-53,5;9;0,109221779320436
-53,5;9,5;0,101936939158856
-53,5;10;0,0707521812275733
-53,5;10,5;0,135190086971585
-53,5;11;0,0522418436435079
-53,5;11,5;0,0422660226028741
-53,5;12;0,0331996127344023
-53,5;12,5;0,0512481431072942
-53,5;13;0,124505957019467
-53,5;13,5;0,246493342277464
-53,5;14;0,262448780136471
-53,5;14,5;0,116211836944862
-53,5;15;0,0588495219501929
-53,5;15,5;0,130008618665915
-53,5;16;0,0748289159794973
-53,5;16,5;0,0590173377393979
-53,5;17;0,0669847175178964
-53,5;17,5;0
-53,5;18;0
-53,5;18,5;0,0637359134763649
-53,5;19;0
-53,5;19,5;0,0512620717490037
-53,5;20;0,147787004426129
-53,5;20,5;0,0658809532414339
-53,5;21;0,0343467611282345
-53,5;21,5;0,165206842672454
-53,5;22;0,134855951048493
-53,5;22,5;0,240346060914861
-53,5;23;0,128177261627131
-53,5;23,5;0,276084843082177
-53,5;24;0,0919864061953242
-53,5;24,5;0,0854768974635837
-53,5;25;0,313019661861873
-53,5;25,5;0,222543557254101
-53,5;26;0,120104826191697
-53,5;26,5;0
-53,5;27;0
-53,5;27,5;0
-53,5;28;0
-53,5;28,5;0
-53,5;29;0
-53,5;29,5;0
-53,5;30;0
-53,5;30,5;0
-53,5;33;0
-53,5;33,5;0,0618492791658345
-53,5;34;0,0735863060932158
-53,5;34,5;0,0668040845628897
-53,5;35;0,0403050865276332
-53,5;35,5;0
-53,5;36;0
-53,5;36,5;0
-53,5;37;0
-53,5;37,5;0
-53,5;38;0
-53,5;38,5;0
-53,5;39;0
-53,5;39,5;0
-53,5;40;0
-53,5;40,5;0
-53,5;41;0
-53,5;41,5;0,0684105255059483
-53,5;42;0,11772366419336
-53,5;42,5;0,13930003589375
-53,5;43;0,0836918952667063
-53,5;43,5;0,179478711187214
-53,5;44;0,145778988244212
-53,5;44,5;0,289181614818796
-53,5;45;0,175683915300286
-53,5;45,5;0
-53,5;46;0
-53;-58,5;0
-53;-58;0,067425129945356
-53;-57,5;0,104073151799844
-53;-57;0,108971338345239
-53;-56,5;0,0956936049359675
-53;-56;0,0741894430982633
-53;-55,5;0,077297200097139
-53;-54,5;0,0614678777899481
-53;-54;0,0832248000714858
-53;-53,5;0,114132379279502
-53;-53;0,0901360171479836
-53;-52,5;0,0843625095450254
-53;-52;0,0433520472411627
-53;-51,5;0,0708979263898921
-53;-51;0,0681939767247699
-53;-50,5;0,0526816616220898
-53;-50;0,0327683064066775
-53;-49,5;0,0714562803397994
-53;-49;0,0613258426306478
-53;-48,5;0,0419443212718542
-53;-48;0,0351216932014009
-53;-47;0
-53;-46,5;0,0609080363243545
-53;-46;0
-53;-45,5;0,0236321008477069
-53;-45;0,0464229279052293
-53;-44,5;0
-53;-44;0
-53;-43,5;0
-53;-43;0
-53;-42,5;0
-53;-42;0,222243252221287
-53;-41,5;0,294582966837272
-53;-41;0,267344493645985
-53;-40,5;0,155549806430936
-53;-40;0,187054659027281
-53;-39,5;0,191261439122574
-53;-39;0,0880219190092015
-53;-38,5;0,0397313303105675
-53;-38;0,0431981272533683
-53;-37,5;0,026286952013382
-53;-37;0,0753429249149239
-53;-36,5;0,0360056813698768
-53;-36;0,0687816566932518
-53;-35,5;0,169214785112423
-53;-35;0,0625852851654884
-53;-34,5;0,0333562281782677
-53;-34;0,0410601211723844
-53;-33,5;0,0382106945309809
-53;-33;0,0468724416729901
-53;-32,5;0,0456959337272814
-53;-32;0,0323443655555844
-53;-31,5;0,042406000018099
-53;-31;0,0495815402307417
-53;-30,5;0,0506855182777625
-53;-30;0,0300033675795852
-53;-29,5;0,0421417390576006
-53;-29;0,0585459333219648
-53;-28,5;0,04048909318158
-53;-28;0,0523486142172677
-53;-27,5;0,0728361410532311
-53;-27;0,0305700748540795
-53;-26,5;0,0501697847341952
-53;-26;0,0770843229033347
-53;-25,5;0,0584337632126803
-53;-25;0,0534339129940082
-53;-24,5;0,0779367008465394
-53;-24;0,0426388963517311
-53;-23,5;0,0464338624418346
-53;-23;0,0577903580374241
-53;-22,5;0,144120377925307
-53;-22;0,0800390555492951
-53;-21,5;0,0634754947184507
-53;-21;0,0524950266567364
-53;-20,5;0,0677660444238817
-53;-20;0,109766798258854
-53;-19,5;0,0523881434776115
-53;-19;0,0797957085087834
-53;-18,5;0,0538811964727337
-53;-18;0,0729894375165388
-53;-17,5;0,120569030214363
-53;-17;0,0736485025535119
-53;-16,5;0,0592314680250938
-53;-16;0,0449605397848051
-53;-15,5;0,0464155025778222
-53;-15;0,0723192741284668
-53;-14,5;0,0487616822196749
-53;-14;0,043210100785781
-53;-13,5;0,0860338018224373
-53;-13;0,04983265482989
-53;-12,5;0,113615265265723
-53;-12;0,104737685509981
-53;-11,5;0,0619996256542507
-53;-11;0,0704747839944427
-53;-10,5;0,0341678445002921
-53;-10;0,0472923589772265
-53;-9,5;0,0697986419153205
-53;-9;0,0491227176218358
-53;-8,5;0,0389890639466763
-53;-8;0,0729851517032472
-53;-7,5;0,0483212234283117
-53;-7;0,0431569273483558
-53;-6,5;0,0706829250619752
-53;-6;0,0561912475615287
-53;-5,5;0,0605952420920416
-53;-5;0,0603959216783046
-53;-4,5;0,0810001344363791
-53;-4;0,0771730621092916
-53;-3,5;0,0320536706017121
-53;-3;0,0215294324569056
-53;-2,5;0,0405003383994297
-53;-2;0,0432884582521597
-53;-1,5;0,045725452713125
-53;-1;0,0203315846242572
-53;-0,5;0,0276235776012644
-53;0;0,0445301293585215
-53;0,5;0,058354378956659
-53;1;0,0825861566985467
-53;1,5;0,147407759831029
-53;2;0,14355134484113
-53;2,5;0,171462659303283
-53;3;0,199328459137157
-53;3,5;0,14068703602416
-53;4;0,148444833816703
-53;4,5;0,156376742307132
-53;5;0,144999159090048
-53;5,5;0,12409330777379
-53;6;0,103070357274151
-53;6,5;0,0803921780949526
-53;7;0,0910822180051086
-53;7,5;0,0903206000567019
-53;8;0,0777838991375141
-53;8,5;0,146177288919004
-53;9;0,0961072968093474
-53;9,5;0,105918639708456
-53;10;0,0917893991091557
-53;10,5;0,0938635491972976
-53;11;0,0472154203451303
-53;11,5;0,0470038334645203
-53;12;0,0404473341779809
-53;12,5;0,0543550766623906
-53;13;0,0505426222773084
-53;13,5;0,291677455253617
-53;14;0,376795199308885
-53;14,5;0,0591669356244384
-53;15;0,0642414800542674
-53;15,5;0,169687553948168
-53;16;0,0752030414005806
-53;16,5;0,0554993134117332
-53;17;0,0721348153040359
-53;17,5;0,0760202402198054
-53;18;0,100584955800226
-53;18,5;0,044226688774992
-53;19;0,0444559707276012
-53;19,5;0
-53;20;0,066825020264369
-53;20,5;0,0827455890807194
-53;21;0,0554228693270607
-53;21,5;0
-53;22;0,131228050239233
-53;22,5;0,147313199836789
-53;23;0,211135314161502
-53;23,5;0,299377658578826
-53;24;0,0712093938871676
-53;24,5;0
-53;25;0,129866245922739
-53;25,5;0,125293541512384
-53;26;0,121096406254864
-53;26,5;0
-53;27;0
-53;27,5;0
-53;28;0
-53;28,5;0
-53;29;0
-53;29,5;0
-53;30;0
-53;33,5;0
-53;34;0,0797027812145432
-53;34,5;0,0668767523134908
-53;35;0,0571939057692588
-53;35,5;0,0562938717801503
-53;36;0
-53;36,5;0
-53;37;0
-53;37,5;0
-53;38;0
-53;38,5;0
-53;39;0
-53;39,5;0
-53;40;0
-53;40,5;0
-53;41;0
-53;41,5;0
-53;42;0,127279220613579
-53;42,5;0,0793691795766258
-53;43;0
-53;43,5;0,113593940566094
-53;44;0,13660681703302
-53;44,5;0,313233124188453
-53;45;0,20489687758035
-53;45,5;0
-53;46;0
-52,5;-59;0,0879520071149917
-52,5;-58,5;0,20757565040492
-52,5;-58;0,104488226483581
-52,5;-57,5;0,124033495534343
-52,5;-57;0,102587543501307
-52,5;-56,5;0,156912746104674
-52,5;-56;0,0645611559464579
-52,5;-55,5;0,0418062993658452
-52,5;-55;0,0369797241742012
-52,5;-54,5;0,10037218667664
-52,5;-54;0,0704754666380398
-52,5;-53,5;0,116176758925855
-52,5;-53;0,0764238993547342
-52,5;-52,5;0,0532590256156063
-52,5;-52;0,0542947652952063
-52,5;-51,5;0,0535686874776195
-52,5;-51;0,062167566698451
-52,5;-50,5;0,0786294143137391
-52,5;-50;0,0595057635648506
-52,5;-49,5;0,0549301398272197
-52,5;-49;0,0578851864054596
-52,5;-48,5;0,0591093076969292
-52,5;-48;0,0469991894560301
-52,5;-47,5;0
-52,5;-47;0
-52,5;-46,5;0
-52,5;-46;0,0421019171602841
-52,5;-45,5;0,0451515965018588
-52,5;-45;0,0279444253669835
-52,5;-44,5;0,0403050865276332
-52,5;-44;0
-52,5;-43,5;0
-52,5;-43;0
-52,5;-42,5;0
-52,5;-42;0,245863446045528
-52,5;-41,5;0,234124304296976
-52,5;-41;0,24910644661774
-52,5;-40,5;0,102344206290986
-52,5;-40;0,208932297181388
-52,5;-39,5;0,0623421186168662
-52,5;-39;0,0360288380567174
-52,5;-38,5;0,0507238331299898
-52,5;-38;0,0737232575311742
-52,5;-37,5;0,0295784624477718
-52,5;-37;0,0357546352155065
-52,5;-36,5;0,0533898526279701
-52,5;-36;0,0657420058722158
-52,5;-35,5;0,0367138349625271
-52,5;-35;0,0630984283455632
-52,5;-34,5;0,0305816712077902
-52,5;-34;0,0381147073528446
-52,5;-33,5;0,0335526635677854
-52,5;-33;0,0427657207010391
-52,5;-32,5;0,0334692791535585
-52,5;-32;0,0346944196495767
-52,5;-31,5;0,0451633417424584
-52,5;-31;0,0369904741665116
-52,5;-30,5;0,0373167293852371
-52,5;-30;0,0268088915598289
-52,5;-29,5;0,0308903753498755
-52,5;-29;0,0511826093915915
-52,5;-28,5;0,0942392969946148
-52,5;-28;0,0825276562710149
-52,5;-27,5;0,0338075068684628
-52,5;-27;0,0282671776683371
-52,5;-26,5;0,0397907803183992
-52,5;-26;0,0372386743926716
-52,5;-25,5;0,0304176076310168
-52,5;-25;0,0550730018901284
-52,5;-24,5;0,0434149369377786
-52,5;-24;0,0438137650232166
-52,5;-23,5;0,0837104521978142
-52,5;-23;0,0612727890926763
-52,5;-22,5;0,096603017422887
-52,5;-22;0,0787191428022827
-52,5;-21,5;0,0718892168835649
-52,5;-21;0,0722673706800917
-52,5;-20,5;0,0447529659512362
-52,5;-20;0,139317773987242
-52,5;-19,5;0,0486851709226598
-52,5;-19;0,0900348376396355
-52,5;-18,5;0,0598950137505311
-52,5;-18;0,0447039115277663
-52,5;-17,5;0,235112007771503
-52,5;-17;0,146329349456617
-52,5;-16,5;0,0599431652305018
-52,5;-16;0,0406666858600867
-52,5;-15,5;0,0363780104166415
-52,5;-15;0,0572391881113576
-52,5;-14,5;0,0473092447187053
-52,5;-14;0,0341205830449572
-52,5;-13,5;0,0416310973849751
-52,5;-13;0,0428052720646255
-52,5;-12,5;0,0708712029703766
-52,5;-12;0,0524403602252995
-52,5;-11,5;0,027907931866486
-52,5;-11;0,0868185522759033
-52,5;-10,5;0,0698037518626663
-52,5;-10;0,0728494168474532
-52,5;-9,5;0,0958855995932986
-52,5;-9;0,0544411186461946
-52,5;-8,5;0,0454886780936833
-52,5;-8;0,0466520810539751
-52,5;-7,5;0,0292405337746594
-52,5;-7;0,0339895949076106
-52,5;-6,5;0,0655547822556373
-52,5;-6;0,080463101753547
-52,5;-5,5;0,0522091418274437
-52,5;-5;0,0695547429750974
-52,5;-4,5;0,087894238928731
-52,5;-4;0,0541376124434859
-52,5;-3,5;0,0424210630806747
-52,5;-3;0,0208077242859807
-52,5;-2,5;0,036627343789317
-52,5;-2;0,0684516981982616
-52,5;-1,5;0,0544613361503233
-52,5;-1;0,0486025770869232
-52,5;-0,5;0,0200685666312442
-52,5;0;0,024338863730838
-52,5;0,5;0,0679261802198906
-52,5;1;0,0488483405656202
-52,5;1,5;0,0974029911564682
-52,5;2;0,188153173939997
-52,5;2,5;0,185446118346859
-52,5;3;0,209104974383833
-52,5;3,5;0,173264102113875
-52,5;4;0,122001129033452
-52,5;4,5;0,203096660039886
-52,5;5;0,0815647320552178
-52,5;5,5;0,139569749273547
-52,5;6;0,107787992443595
-52,5;6,5;0,0521102426826964
-52,5;7;0,106401948409673
-52,5;7,5;0,179151439249271
-52,5;8;0,119089756889828
-52,5;8,5;0,167441926125392
-52,5;9;0,192217376945998
-52,5;9,5;0,0566657604145691
-52,5;10;0,0644782681679705
-52,5;10,5;0,0563431961209951
-52,5;11;0,0565707872338186
-52,5;11,5;0,0640931592389117
-52,5;12;0,0356968719451252
-52,5;12,5;0,0368539588879443
-52,5;13;0,116888836079414
-52,5;13,5;0,0458632077326631
-52,5;14;0,0723641584527273
-52,5;14,5;0,0654356725534698
-52,5;15;0,0657593057317562
-52,5;15,5;0,0489686002406012
-52,5;16;0,0532372477261414
-52,5;16,5;0,0504089161114322
-52,5;17;0,0514645509064249
-52,5;17,5;0,053100533581751
-52,5;18;0,044882392612991
-52,5;18,5;0,0515710328437528
-52,5;19;0
-52,5;19,5;0,115838968687859
-52,5;20;0,0889125065642028
-52,5;20,5;0,10022546774661
-52,5;21;0,0840608906289562
-52,5;21,5;0
-52,5;22;0
-52,5;22,5;0
-52,5;23;0
-52,5;23,5;0,0582117781132917
-52,5;24;0,0835702228240247
-52,5;24,5;0,123380306370182
-52,5;25;0,159824146137222
-52,5;25,5;0,153290573748029
-52,5;26;0,0861834284148254
-52,5;26,5;0
-52,5;27;0
-52,5;27,5;0
-52,5;28;0
-52,5;28,5;0
-52,5;29;0
-52,5;29,5;0
-52,5;30;0
-52,5;32;0
-52,5;32,5;0,155050830375074
-52,5;33;0
-52,5;34;0,0587934236685249
-52,5;34,5;0,0859895606771807
-52,5;35;0,0785217591923835
-52,5;36;0,0757443800628873
-52,5;36,5;0
-52,5;37;0
-52,5;37,5;0
-52,5;38;0
-52,5;38,5;0
-52,5;39;0
-52,5;39,5;0
-52,5;40;0
-52,5;40,5;0
-52,5;41;0
-52,5;41,5;0
-52,5;42;0
-52,5;42,5;0,0577233240801077
-52,5;43;0,0641664502160851
-52,5;43,5;0
-52,5;44;0,269750810934833
-52,5;44,5;0,0925745558298649
-52,5;45;0,285773299867883
-52,5;45,5;0,165462986797652
-52,5;46;0
-52;-59;0,182184333336133
-52;-58,5;0,199537819908264
-52;-58;0,103062614569638
-52;-57,5;0,0904533275622552
-52;-57;0,0835615684048936
-52;-56,5;0
-52;-56;0,0448438029906772
-52;-55,5;0,0694527730741378
-52;-55;0,0706907943497391
-52;-54,5;0,0546480605906174
-52;-54;0,0934432301180881
-52;-53,5;0,0914446802468823
-52;-53;0,0522542703702752
-52;-52,5;0,0570444156730273
-52;-52;0,0564640060807235
-52;-51,5;0,0583416601254881
-52;-51;0,056098374913933
-52;-50,5;0,063221831672295
-52;-50;0,0530932748409187
-52;-49,5;0,0538949067042607
-52;-49;0,0669548048122455
-52;-48,5;0,0408759010385617
-52;-48;0,0637712056234369
-52;-47,5;0
-52;-47;0
-52;-46,5;0,0684385803893848
-52;-46;0,0432341402503957
-52;-45,5;0,046150950763882
-52;-45;0,0465431536481484
-52;-44,5;0,0680238457435596
-52;-44;0
-52;-43,5;0
-52;-43;0
-52;-42,5;0,0521386219364867
-52;-42;0,0471276426938835
-52;-41,5;0,139897042126145
-52;-41;0,10069843726578
-52;-40,5;0,0587452911101349
-52;-40;0,0604731865602405
-52;-39,5;0,0445822214350643
-52;-39;0,08748624445583
-52;-38,5;0,150763183893001
-52;-38;0,0643615827441598
-52;-37,5;0,047673467599259
-52;-37;0,0368686370315557
-52;-36,5;0,0980119583397405
-52;-36;0,107247773745206
-52;-35,5;0,0521735439362584
-52;-35;0,0486779001184738
-52;-34,5;0,0515267186527016
-52;-34;0,0312779476650965
-52;-33,5;0,0429115786387219
-52;-33;0,0219115087496565
-52;-32,5;0,0321278913182958
-52;-32;0,0790961585444573
-52;-31,5;0,085541022405109
-52;-31;0,0524193871459819
-52;-30,5;0,0534178070950684
-52;-30;0,0378008428346282
-52;-29,5;0,0396666069368474
-52;-29;0,0367647798281544
-52;-28,5;0,04387164944864
-52;-28;0,0518827203090457
-52;-27,5;0,0593996537912757
-52;-27;0,0442603056434022
-52;-26,5;0,0631667106420252
-52;-26;0,0490187039132343
-52;-25,5;0,0421794833470847
-52;-25;0,0395549065680709
-52;-24,5;0,0507434331269539
-52;-24;0,0638721670135613
-52;-23,5;0,0717143149950316
-52;-23;0,100211596382788
-52;-22,5;0,13496428310297
-52;-22;0,114939116713868
-52;-21,5;0,113230338875556
-52;-21;0,143602251894987
-52;-20,5;0,118375390423226
-52;-20;0,0995941039278435
-52;-19,5;0,0426348710729253
-52;-19;0,107248214328184
-52;-18,5;0,0980416360275469
-52;-18;0,0641633579340842
-52;-17,5;0,100014130304194
-52;-17;0,077447419290903
-52;-16,5;0,0777218330543827
-52;-16;0,0380231950377864
-52;-15,5;0,0304853010689942
-52;-15;0,0313240219738315
-52;-14,5;0,0391398865130374
-52;-14;0,0546864701183538
-52;-13,5;0,0495601729597633
-52;-13;0,0399655173497205
-52;-12,5;0,0755006149454616
-52;-12;0,0908484744402637
-52;-11,5;0,0835039938722209
-52;-11;0,0594154618549584
-52;-10,5;0,0534851270488067
-52;-10;0,0584146760683074
-52;-9,5;0,066507476950777
-52;-9;0,0422665489131156
-52;-8,5;0,0344760407082964
-52;-8;0,0585930789263683
-52;-7,5;0,0355621482925958
-52;-7;0,042913140217255
-52;-6,5;0,0571695944924858
-52;-6;0,084939616053701
-52;-5,5;0,0425509498523045
-52;-5;0,0457836325072046
-52;-4,5;0,0506336678461992
-52;-4;0,0752791973899941
-52;-3,5;0,0665440076389084
-52;-3;0,0266557992598779
-52;-2,5;0,0304604732677673
-52;-2;0,0434675665162311
-52;-1,5;0,0858879143042222
-52;-1;0,0546331052611527
-52;-0,5;0,0389559245955751
-52;0;0,0313185138411006
-52;0,5;0,0527045036584385
-52;1;0,0679223897973381
-52;1,5;0,0720903009051414
-52;2;0,109577743889546
-52;2,5;0,295144950978365
-52;3;0,256467484850885
-52;3,5;0,230140944419624
-52;4;0,178355395810876
-52;4,5;0,17937227965162
-52;5;0,136077074079692
-52;5,5;0,133129139210467
-52;6;0,0966392755245267
-52;6,5;0,0821778124681188
-52;7;0,0944544237861441
-52;7,5;0,145580845610594
-52;8;0,134672467376921
-52;8,5;0,0925656739564199
-52;9;0,115677140348475
-52;9,5;0,0966410850789465
-52;10;0,0453493152637354
-52;10,5;0,0459361948553117
-52;11;0,079013248096387
-52;11,5;0,0622355209130587
-52;12;0
-52;12,5;0,0205020324195757
-52;13;0,0301971301064632
-52;13,5;0
-52;14;0,0169025728721094
-52;14,5;0,064354045107461
-52;15;0,0834452498564761
-52;15,5;0,0783164296804619
-52;16;0
-52;16,5;0,0682530306321719
-52;17;0,0779771743288512
-52;17,5;0,118579226540878
-52;18;0,00565685424949238
-52;18,5;0,0573377556815837
-52;19;0,0561092199662176
-52;19,5;0,326619336358384
-52;20;0,323671435236302
-52;20,5;0,121646004273132
-52;21;0,0794183179799801
-52;21,5;0
-52;22;0
-52;22,5;0
-52;23;0
-52;23,5;0
-52;24;0,119729956568939
-52;24,5;0,086456829304187
-52;25;0,170195120221963
-52;25,5;0,0890057820580556
-52;26;0
-52;26,5;0
-52;27;0
-52;27,5;0
-52;28;0
-52;28,5;0
-52;29;0
-52;29,5;0
-52;32,5;0
-52;33;0,0616866470497662
-52;34,5;0,10298664962023
-52;35;0,0523903617090014
-52;35,5;0,0691426062569238
-52;36;0,00212132034355964
-52;36,5;0,0842179711621378
-52;37;0
-52;37,5;0
-52;38;0
-52;38,5;0
-52;39;0
-52;39,5;0
-52;40;0
-52;40,5;0
-52;41;0
-52;41,5;0
-52;42;0
-52;42,5;0
-52;43;0,124687275480165
-52;44;0,0872849738882167
-52;44,5;0,120601271413973
-52;45;0,0487903679018717
-52;45,5;0
-52;46;0
-51,5;-59;0,133057951084384
-51,5;-58,5;0,108359871498411
-51,5;-58;0,0724049748273338
-51,5;-57,5;0,0919397482468399
-51,5;-57;0,072572732747648
-51,5;-56,5;0
-51,5;-56;0,0539711932968167
-51,5;-55,5;0,0756325627032616
-51,5;-55;0,065671384706208
-51,5;-54,5;0,0506688466003547
-51,5;-54;0,0657878427959168
-51,5;-53,5;0,0656134371699494
-51,5;-53;0,0624769048238118
-51,5;-52,5;0,0541537469329529
-51,5;-52;0,0774166674821411
-51,5;-51,5;0,0535985300111378
-51,5;-51;0,0117189305541646
-51,5;-50;0,0370514588924729
-51,5;-49,5;0,0499990919457774
-51,5;-49;0,0475006766869093
-51,5;-48,5;0,111068672450876
-51,5;-48;0,0366837838833455
-51,5;-47,5;0,0308431515899397
-51,5;-47;0,0722789734293453
-51,5;-46,5;0,0554313435355291
-51,5;-46;0,0376091782999531
-51,5;-45,5;0
-51,5;-45;0,0352615229393173
-51,5;-44,5;0,0516120141052449
-51,5;-44;0
-51,5;-43,5;0,0519441473550625
-51,5;-43;0,0314515500412937
-51,5;-42,5;0,0533562752191638
-51,5;-42;0
-51,5;-41,5;0,11667261889578
-51,5;-41;0,114970790241242
-51,5;-40,5;0,0857281507413298
-51,5;-40;0,129428205645704
-51,5;-39,5;0,0799254520086554
-51,5;-39;0,1137052268868
-51,5;-38,5;0,153563201673919
-51,5;-38;0,0603931563451798
-51,5;-37,5;0,0944983536940681
-51,5;-37;0,0843818902997166
-51,5;-36,5;0,0555546159277264
-51,5;-36;0,0702763695597433
-51,5;-35,5;0,0469403714578036
-51,5;-35;0,0349633513683094
-51,5;-34,5;0,0436850095214596
-51,5;-34;0,0543584758513407
-51,5;-33,5;0,0651097296385454
-51,5;-33;0,0433649134416737
-51,5;-32,5;0,0428453855276781
-51,5;-32;0,107080608304476
-51,5;-31,5;0,0873786489442159
-51,5;-31;0,0822836130417631
-51,5;-30,5;0,017787492458331
-51,5;-30;0,0247610802527994
-51,5;-29,5;0,0490606717218988
-51,5;-29;0,0380707330669301
-51,5;-28,5;0,040356536025779
-51,5;-28;0,0160998819358127
-51,5;-27,5;0,0284743758956123
-51,5;-27;0,0359042708694476
-51,5;-26,5;0,0658340136659759
-51,5;-26;0,0333856957872019
-51,5;-25,5;0,032493218194727
-51,5;-25;0,0288905005024791
-51,5;-24,5;0,0635680867487182
-51,5;-24;0,0952302559740998
-51,5;-23,5;0,076893354826857
-51,5;-23;0,0864332590179429
-51,5;-22,5;0,0989188010496586
-51,5;-22;0,122473058261807
-51,5;-21,5;0,134788829330908
-51,5;-21;0,0897759454735785
-51,5;-20,5;0,0957731249362528
-51,5;-20;0,103066155972206
-51,5;-19,5;0,121767040938643
-51,5;-19;0,0701200151640788
-51,5;-18,5;0,0959706416024545
-51,5;-18;0,0957839652405291
-51,5;-17,5;0,055112147578467
-51,5;-17;0,103361082428937
-51,5;-16,5;0,0465902719838184
-51,5;-16;0,367746150955655
-51,5;-15,5;0,318242589218173
-51,5;-15;0,0371910801978242
-51,5;-14,5;0,0330213221040379
-51,5;-14;0,184618670727712
-51,5;-13,5;0,323683364681853
-51,5;-13;0,138867462959858
-51,5;-12,5;0,057939336091007
-51,5;-12;0,0507447365873203
-51,5;-11,5;0,0419419746242628
-51,5;-11;0,0667475255021553
-51,5;-10,5;0,0689311250452218
-51,5;-10;0,0345413195292383
-51,5;-9,5;0,0532253983363082
-51,5;-9;0,0534797122120902
-51,5;-8,5;0,0351368263880996
-51,5;-8;0,0747776750688682
-51,5;-7,5;0,0761222827322897
-51,5;-7;0,0579639837828454
-51,5;-6,5;0,034748141437109
-51,5;-6;0,0570644819166768
-51,5;-5,5;0,0560777389872074
-51,5;-5;0,0841974133317925
-51,5;-4,5;0,0399263578302201
-51,5;-4;0,0823414713636822
-51,5;-3,5;0,0601528375519079
-51,5;-3;0,0480066299485226
-51,5;-2,5;0,0312981831930616
-51,5;-2;0,0289724006599384
-51,5;-1,5;0,0538109344526432
-51,5;-1;0,0627411809350443
-51,5;-0,5;0,0796304331418142
-51,5;0;0,0477814780872072
-51,5;0,5;0,0377021528094663
-51,5;1;0,0554037542620239
-51,5;1,5;0,0441821871364736
-51,5;2;0,0889163267643581
-51,5;2,5;0,216244725328719
-51,5;3;0,143592812244525
-51,5;3,5;0,0758234087084991
-51,5;4;0,0567983957201832
-51,5;4,5;0,122299677530456
-51,5;5;0,129569105381287
-51,5;5,5;0,12262750266798
-51,5;6;0,108221538749342
-51,5;6,5;0,101198216345925
-51,5;7;0,12405512149951
-51,5;7,5;0,135689264029315
-51,5;8;0,100921139859735
-51,5;8,5;0,0697537630383245
-51,5;9;0,121473048194059
-51,5;9,5;0,19845585426584
-51,5;10;0,0778752797786519
-51,5;10,5;0,0467716259817338
-51,5;11;0,0574326142820041
-51,5;11,5;0,3341037938995
-51,5;12;0,167858149821623
-51,5;12,5;0
-51,5;13;0
-51,5;13,5;0,048449744868036
-51,5;14;0,0792136999288018
-51,5;14,5;0
-51,5;15;0,0763252854979869
-51,5;15,5;0,092392593341392
-51,5;16;0
-51,5;16,5;0
-51,5;17;0,0766403145903827
-51,5;17,5;0,0747491644816929
-51,5;18;0,0547821890334269
-51,5;18,5;0,10309429476671
-51,5;19;0,153951382522453
-51,5;19,5;0,327030590879519
-51,5;20;0,163503366833101
-51,5;20,5;0,155519631075043
-51,5;21;0,141201755999831
-51,5;21,5;0,0863048537324395
-51,5;22;0
-51,5;22,5;0
-51,5;23;0
-51,5;23,5;0
-51,5;24;0,171823197243885
-51,5;24,5;0,142173095744023
-51,5;25;0
-51,5;25,5;0
-51,5;26;0
-51,5;26,5;0
-51,5;27;0,135882302011704
-51,5;27,5;0,102706702150671
-51,5;28;0
-51,5;28,5;0,037476659402887
-51,5;29;0,0761772688180994
-51,5;29,5;0,0949894731009705
-51,5;30;0,112827465387701
-51,5;33;0,0989368026019181
-51,5;33,5;0,10178858809644
-51,5;34,5;0
-51,5;35;0,0569333883963155
-51,5;35,5;0,0703250954327049
-51,5;36;0,0793769487949745
-51,5;36,5;0,0760195150383549
-51,5;38;0
-51,5;38,5;0
-51,5;39;0
-51,5;39,5;0
-51,5;40;0
-51,5;40,5;0
-51,5;41;0
-51,5;41,5;0
-51,5;42;0
-51,5;42,5;0,0500935790961942
-51,5;43;0
-51,5;43,5;0,104068559860868
-51,5;44;0,0641194198351794
-51,5;44,5;0,0424782297182922
-51,5;45;0
-51,5;45,5;0
-51,5;46;0
-51;-59,5;0,0813006019583366
-51;-59;0,0762964482207451
-51;-58,5;0,0961986654605087
-51;-58;0,088660388653158
-51;-57,5;0,0667490516594498
-51;-57;0,04915587452177
-51;-56,5;0,0961665222413705
-51;-56;0,0650964712923262
-51;-55,5;0,0784883401546363
-51;-55;0,0924939982154645
-51;-54,5;0,0756675107295839
-51;-54;0,069396754658338
-51;-53,5;0,0603372600159848
-51;-53;0,0521911322516985
-51;-52,5;0,0593133010105463
-51;-52;0,0595260633399251
-51;-51,5;0,0397194708378191
-51;-51;0,0226274169979695
-51;-50,5;0,041545156155682
-51;-50;0,038588740703616
-51;-49,5;0,0298680431230437
-51;-49;0,056514062725257
-51;-48,5;0,0328075194632775
-51;-48;0,0487647413609464
-51;-47,5;0
-51;-47;0,0427516458841815
-51;-46,5;0,038420263750613
-51;-46;0,0723067958581538
-51;-45,5;0
-51;-45;0,0354764277101983
-51;-44,5;0,0427009953045594
-51;-44;0,0655631119229529
-51;-43,5;0,155696951093174
-51;-43;0,149913654802036
-51;-42,5;0,0583518646565208
-51;-42;0,0680746979586726
-51;-41,5;0,0377061003022057
-51;-41;0,168804147820643
-51;-40,5;0,216754192486137
-51;-40;0,12914143881927
-51;-39,5;0,0943747008125653
-51;-39;0,053076351965174
-51;-38,5;0,122036905680564
-51;-38;0,145547591349733
-51;-37,5;0,0631931277097309
-51;-37;0,0456737343297848
-51;-36,5;0,0382886575113478
-51;-36;0,0453476570508334
-51;-35,5;0,0499675425469762
-51;-35;0,0419106052492719
-51;-34,5;0,0351690656036093
-51;-34;0,0341794173821307
-51;-33,5;0,0377848004993528
-51;-33;0,0335794584165411
-51;-32,5;0,0395237580574063
-51;-32;0,0640470161759096
-51;-31,5;0,0489232518645557
-51;-31;0,0500173826533647
-51;-30,5;0,0428793099768366
-51;-30;0,119303960656168
-51;-29,5;0,0788378376365893
-51;-29;0,0675748569718489
-51;-28,5;0,0458578246610612
-51;-28;0,0394459982363168
-51;-27,5;0,034587424664227
-51;-27;0,0256276473469561
-51;-26,5;0,0513375396294623
-51;-26;0,0409710238264609
-51;-25,5;0,0181508562130611
-51;-25;0,0516725318807216
-51;-24,5;0,0580126660436116
-51;-24;0,0830036732898871
-51;-23,5;0,106762743189435
-51;-23;0,0901254945168389
-51;-22,5;0,1011125794301
-51;-22;0,143282335568452
-51;-21,5;0,0902670571016699
-51;-21;0,0861539745753929
-51;-20,5;0,110914982456534
-51;-20;0,13423083813467
-51;-19,5;0,0793171407416266
-51;-19;0,11528189668148
-51;-18,5;0,0807759416832818
-51;-18;0,0605444203356871
-51;-17,5;0,0734913431705286
-51;-17;0,0442072080196924
-51;-16,5;0,0365814045611136
-51;-16;0,0974732399527535
-51;-15,5;0,0527907820236324
-51;-15;0,0601941303893771
-51;-14,5;0,0346070165181355
-51;-14;0,293192578848802
-51;-13,5;0,229408599600211
-51;-13;0,258614846712871
-51;-12,5;0,0508953421674492
-51;-12;0,032611402475646
-51;-11,5;0,0634492324336452
-51;-11;0,0605054194690357
-51;-10,5;0,107637338388834
-51;-10;0,0471553395246874
-51;-9,5;0,0478610551726651
-51;-9;0,0429716736277321
-51;-8,5;0,0684399397465682
-51;-8;0,0687479706687723
-51;-7,5;0,0592455122034863
-51;-7;0,0591981695514052
-51;-6,5;0,0439692373999711
-51;-6;0,0788607841594091
-51;-5,5;0,0633932325124272
-51;-5;0,0772921741705291
-51;-4,5;0,0618620087997846
-51;-4;0,0550220216369207
-51;-3,5;0,0489010827728645
-51;-3;0,0309139902534181
-51;-2,5;0,0215828788668873
-51;-2;0,0244694635755703
-51;-1,5;0,02937483134
-51;-1;0,0472554761646543
-51;-0,5;0,0399250106302954
-51;0;0,050362300131247
-51;0,5;0,0265883792156421
-51;1;0,0303925276988125
-51;1,5;0,0618262927579398
-51;2;0,0614766587112967
-51;2,5;0,0541110950737423
-51;3;0,0749289387871508
-51;3,5;0,0735157034756068
-51;4;0,0701650055422599
-51;4,5;0,158262635507415
-51;5;0,107907924562964
-51;5,5;0,0924818165001181
-51;6;0,129230290132259
-51;6,5;0,0710077347613001
-51;7;0,0906468174283767
-51;7,5;0,108405273951608
-51;8;0,0475816847002423
-51;8,5;0,0813714370002993
-51;9;0,0604098710636749
-51;9,5;0,0476104939316963
-51;10;0,0627226079198486
-51;10,5;0,039179732369829
-51;11;0,0441493010625732
-51;11,5;0,35460957448172
-51;12;0,228839497088164
-51;12,5;0,0685713392856561
-51;13;0,042193996413392
-51;13,5;0,108146285408326
-51;14;0,109156988066814
-51;14,5;0,059482529068356
-51;15;0,144682041670064
-51;15,5;0,0678723976708603
-51;16;0,0390798937465047
-51;16,5;0,0562298852924315
-51;17;0,0704880018482465
-51;17,5;0,0514496069638786
-51;18;0,0526765429941846
-51;18,5;0,0792937229892411
-51;19;0,113598876110736
-51;19,5;0,182339230573791
-51;20;0,253105485195813
-51;20,5;0,130137783508976
-51;21;0,182298749332235
-51;21,5;0,20791623771308
-51;22;0
-51;22,5;0
-51;23;0
-51;23,5;0,114272773076821
-51;24;0,229891040109398
-51;24,5;0,216789969111093
-51;25;0
-51;25,5;0
-51;26;0
-51;26,5;0
-51;27;0,0544472221513642
-51;27,5;0,05939696961967
-51;28;0
-51;28,5;0
-51;29;0
-51;29,5;0,0358757113750608
-51;30;0,141077653693222
-51;30,5;0,112959030834453
-51;33;0,0451072795307661
-51;35,5;0,0858729681952747
-51;36;0,0683538587060014
-51;36,5;0
-51;37;0
-51;37,5;0,0190918830920368
-51;38,5;0
-51;39;0
-51;39,5;0
-51;40;0
-51;40,5;0
-51;42,5;0
-51;43;0
-51;43,5;0,0972892594277498
-51;44;0,114985506333045
-51;45;0
-51;45,5;0
-50,5;-59,5;0,10126925448902
-50,5;-59;0,0973643898320885
-50,5;-58,5;0,0981048260370859
-50,5;-58;0,0986806296426339
-50,5;-57,5;0,0791027295993341
-50,5;-57;0,0816074809829402
-50,5;-56,5;0,0520301835476294
-50,5;-56;0,0490303456890434
-50,5;-55,5;0,0878758965963613
-50,5;-55;0,0933928364767876
-50,5;-54,5;0,0661546397740655
-50,5;-54;0,0623122994287526
-50,5;-53,5;0,0436054186963334
-50,5;-53;0,0554133658514133
-50,5;-52,5;0,054095318173349
-50,5;-52;0,0358061017576184
-50,5;-51,5;0,0643467170879758
-50,5;-51;0,0310966236109324
-50,5;-50,5;0,0484431996233072
-50,5;-50;0,0494220188550854
-50,5;-49,5;0,0375039179239866
-50,5;-49;0,0233345237791561
-50,5;-48,5;0
-50,5;-48;0,043559537799813
-50,5;-47,5;0,0546266885214016
-50,5;-47;0,0415261165241375
-50,5;-46,5;0,0336042024788928
-50,5;-46;0
-50,5;-45,5;0
-50,5;-45;0,0604854527965196
-50,5;-44,5;0,049577784003187
-50,5;-44;0,0884490139581863
-50,5;-43,5;0,13310984038239
-50,5;-43;0,148136503028159
-50,5;-42,5;0,0327721597668251
-50,5;-42;0,0521575047623092
-50,5;-41,5;0,0779646355649941
-50,5;-41;0,171298186397396
-50,5;-40,5;0,0976567935601478
-50,5;-40;0,155226446829301
-50,5;-39,5;0,0748339653394169
-50,5;-39;0,0419016086892235
-50,5;-38,5;0,0369669163218824
-50,5;-38;0,0510097846609715
-50,5;-37,5;0,0423564776322466
-50,5;-37;0,0713107329949927
-50,5;-36,5;0,0666822675425869
-50,5;-36;0,0584490346583642
-50,5;-35,5;0,0558997090558392
-50,5;-35;0,0431884879973297
-50,5;-34,5;0,0366475443071992
-50,5;-34;0,0299515846328647
-50,5;-33,5;0,0483342756628953
-50,5;-33;0,0462588447353957
-50,5;-32,5;0,035679389996515
-50,5;-32;0,0472810270426445
-50,5;-31,5;0,0440021318041045
-50,5;-31;0,0775256289267999
-50,5;-30,5;0,312758080318331
-50,5;-30;0,241533143365486
-50,5;-29,5;0,147268843476661
-50,5;-29;0,0625761728653033
-50,5;-28,5;0,0319860722100573
-50,5;-28;0,0389108821451184
-50,5;-27,5;0,0829951017506488
-50,5;-27;0,0672702968438936
-50,5;-26,5;0,0268635440699845
-50,5;-26;0,0362353513672109
-50,5;-25,5;0,054463043804913
-50,5;-25;0,0647968833213008
-50,5;-24,5;0,0747599722012132
-50,5;-24;0,0843290387521375
-50,5;-23,5;0,064027134614491
-50,5;-23;0,081167081868596
-50,5;-22,5;0,0435919154938015
-50,5;-22;0,0598049204697799
-50,5;-21,5;0,111651426532902
-50,5;-21;0,164673920218109
-50,5;-20,5;0,105395390932204
-50,5;-20;0,0963707758933225
-50,5;-19,5;0,079073470735163
-50,5;-19;0,0871658412699466
-50,5;-18,5;0,0800673206766414
-50,5;-18;0,0629501037706714
-50,5;-17,5;0,0966589279672982
-50,5;-17;0,0459995973371732
-50,5;-16,5;0,0299615364077319
-50,5;-16;0,025217761681039
-50,5;-15,5;0,0538683491097757
-50,5;-15;0,0727401749918932
-50,5;-14,5;0,0257482302021599
-50,5;-14;0,0759327059990366
-50,5;-13,5;0,135014086092993
-50,5;-13;0,0749730787746414
-50,5;-12,5;0,107767020986594
-50,5;-12;0,134621939767137
-50,5;-11,5;0,0717517775182665
-50,5;-11;0,0854616994104125
-50,5;-10,5;0,12727510299643
-50,5;-10;0,0650094235075781
-50,5;-9,5;0,0597399031000969
-50,5;-9;0,092635250503544
-50,5;-8,5;0,0804429996952595
-50,5;-8;0,0454870737633431
-50,5;-7,5;0,03878591455539
-50,5;-7;0,0591612110936856
-50,5;-6,5;0,0313249168111128
-50,5;-6;0,0335960651310016
-50,5;-5,5;0,0643221012023179
-50,5;-5;0,0359994358810454
-50,5;-4,5;0,0341303388138502
-50,5;-4;0,0389167597228729
-50,5;-3,5;0,0522979991610907
-50,5;-3;0,0436794468501489
-50,5;-2,5;0,0285836696524239
-50,5;-2;0,0399584904559749
-50,5;-1,5;0,0329342628149837
-50,5;-1;0,0347158120320124
-50,5;-0,5;0,100777111343791
-50,5;0;0,0968473360232552
-50,5;0,5;0,116004164781095
-50,5;1;0,0275725881818813
-50,5;1,5;0,0514935190765503
-50,5;2;0,0814641708633543
-50,5;2,5;0,078034611296681
-50,5;3;0,0893204502757659
-50,5;3,5;0,125417415151775
-50,5;4;0,078371280081805
-50,5;4,5;0,0698515113999677
-50,5;5;0,102576017236191
-50,5;5,5;0,0530431223466608
-50,5;6;0,059898281552762
-50,5;6,5;0,0489819583156611
-50,5;7;0,0580015051802503
-50,5;7,5;0,0538374262801303
-50,5;8;0,0459890096761064
-50,5;8,5;0,0601643697579778
-50,5;9;0,047462635161417
-50,5;9,5;0,0430150501595649
-50,5;10;0,0653129485630529
-50,5;10,5;0,0395677718784944
-50,5;11;0,0833979737198013
-50,5;11,5;0,131997434485003
-50,5;12;0,201033187621843
-50,5;12,5;0,0516697555283905
-50,5;13;0,0402527727527647
-50,5;13,5;0
-50,5;14;0,160400850684879
-50,5;14,5;0,0481474111725062
-50,5;15;0,0730562405665271
-50,5;15,5;0
-50,5;16;0,048135226186235
-50,5;16,5;0,0662823963100766
-50,5;17;0,0857030612398551
-50,5;17,5;0,0442734799359732
-50,5;18;0,0288704000665041
-50,5;18,5;0,0878045026283856
-50,5;19;0,104354652219695
-50,5;19,5;0,0779469504633346
-50,5;20;0,0935927193503032
-50,5;20,5;0,094451846252491
-50,5;21;0,236947084039708
-50,5;21,5;0,0922522322709557
-50,5;22;0,132580164428922
-50,5;22,5;0
-50,5;23;0,0505
-50,5;23,5;0,119735769140908
-50,5;24;0,261172064570137
-50,5;24,5;0,153050487587818
-50,5;25;0,237186331943066
-50,5;25,5;0
-50,5;26;0
-50,5;26,5;0,10736971831134
-50,5;27;0,0122202018532156
-50,5;27,5;0
-50,5;28;0
-50,5;28,5;0
-50,5;29;0
-50,5;29,5;0
-50,5;30;0,0919072222406923
-50,5;30,5;0,126794222578267
-50,5;31;0
-50,5;35,5;0,0882472851329339
-50,5;36;0,0419878809045794
-50,5;36,5;0,109003210961879
-50,5;37;0,0294618397253125
-50,5;37,5;0,0441172679722275
-50,5;40;0
-50,5;40,5;0
-50;-60;0,0959468296383318
-50;-59,5;0,0825062215577994
-50;-59;0,0807418170816153
-50;-58,5;0,0588585875920696
-50;-58;0,23546655813512
-50;-57,5;0,0634649509572016
-50;-57;0,0570040349449054
-50;-56,5;0,0845689654064061
-50;-56;0,0840818054040231
-50;-55,5;0,0747030878832041
-50;-55;0,0807082035337614
-50;-54,5;0,0761019645542019
-50;-54;0,0687632340203773
-50;-53,5;0,0504513910327838
-50;-53;0,0496928772691022
-50;-52,5;0,0670114107198667
-50;-52;0,0109696551146029
-50;-50,5;0,0721026054611462
-50;-50;0,0722917482573002
-50;-49,5;0,0360914925340215
-50;-49;0
-50;-48,5;0
-50;-48;0,0398384236635939
-50;-47,5;0,272396097598567
-50;-47;0,400790919446924
-50;-46,5;0,0416301744960483
-50;-46;0
-50;-45,5;0,0353553390593274
-50;-45;0,0552999004664261
-50;-44,5;0,0469129298648651
-50;-44;0,055666154746971
-50;-43,5;0,073629564614957
-50;-43;0,0532674988785996
-50;-42,5;0,0548377772906763
-50;-42;0,070059642341822
-50;-41,5;0,10145340754474
-50;-41;0,119069837296631
-50;-40,5;0,0892054122938977
-50;-40;0,182646431844048
-50;-39,5;0,0502100319776437
-50;-39;0,0448987706286085
-50;-38,5;0,0476181011586086
-50;-38;0,0461508671555407
-50;-37,5;0,0660007628197241
-50;-37;0,0365947136929165
-50;-36,5;0,0299702779982292
-50;-36;0,0552679778105157
-50;-35,5;0,0536103609058937
-50;-35;0,033739767220337
-50;-34,5;0,0330276791325657
-50;-34;0,0373723026531981
-50;-33,5;0,0817675184649449
-50;-33;0,0216383552371003
-50;-32,5;0,0606247830929635
-50;-32;0,0391858835688872
-50;-31,5;0,0503663315655598
-50;-31;0,050803236811481
-50;-30,5;0,211942206460987
-50;-30;0,327722258188846
-50;-29,5;0,0873141607769113
-50;-29;0,0302505264849569
-50;-28,5;0,0342465678640695
-50;-28;0,0394672860311761
-50;-27,5;0,0943457966145974
-50;-27;0,0370632621263838
-50;-26,5;0,0573424911803267
-50;-26;0,0574038830143394
-50;-25,5;0,370140017968053
-50;-25;0,282793171702275
-50;-24,5;0,0546825600090742
-50;-24;0,0608286375032013
-50;-23,5;0,0415445958402073
-50;-23;0,0768988342971039
-50;-22,5;0,0894357311145831
-50;-22;0,127256776056686
-50;-21,5;0,101658574848462
-50;-21;0,122502545563216
-50;-20,5;0,107134883830307
-50;-20;0,0844973951054962
-50;-19,5;0,0678593001392191
-50;-19;0,09006488635146
-50;-18,5;0,063302219049881
-50;-18;0,0498646114652869
-50;-17,5;0,0505796973609369
-50;-17;0,0686311213104152
-50;-16,5;0,0463285963592789
-50;-16;0,0704780009832113
-50;-15,5;0,0484337581199295
-50;-15;0,0496226865383541
-50;-14,5;0,0391627896048769
-50;-14;0,0395317740181843
-50;-13,5;0,0711470249530075
-50;-13;0,0386268364352713
-50;-12,5;0,133639738707859
-50;-12;0,0999134053442936
-50;-11,5;0,0581098255093602
-50;-11;0,085453897672669
-50;-10,5;0,0988597446376098
-50;-10;0,0675563442015129
-50;-9,5;0,0736992407100134
-50;-9;0,0687181370013854
-50;-8,5;0,053208354001343
-50;-8;0,0817196233590976
-50;-7,5;0,0532117760739825
-50;-7;0,0400753083276817
-50;-6,5;0,0259543865670686
-50;-6;0,0325367105745803
-50;-5,5;0,0808328880167223
-50;-5;0,0320417126549481
-50;-4,5;0,045719441765751
-50;-4;0,0551218672391809
-50;-3,5;0,0465001792111242
-50;-3;0,0527607874155156
-50;-2,5;0,0994934399585574
-50;-2;0,0311225630093918
-50;-1,5;0,0428263394691145
-50;-1;0,0240988437476252
-50;-0,5;0,0853705986769292
-50;0;0,108951815998479
-50;0,5;0,207977325485357
-50;1;0,0475579669886091
-50;1,5;0,0375825133289839
-50;2;0,0659908886356299
-50;2,5;0,0627096220225802
-50;3;0,0645216393683446
-50;3,5;0,102573406899045
-50;4;0,0649183610735808
-50;4,5;0,0525494938833628
-50;5;0,0447206452592637
-50;5,5;0,0726668346756036
-50;6;0,0359319318935641
-50;6,5;0,0467112718984875
-50;7;0,0430184638881274
-50;7,5;0,0341254345259215
-50;8;0,0571761368984529
-50;8,5;0,0337308407878186
-50;9;0,0505396584501427
-50;9,5;0,0550458827603006
-50;10;0,0542051120513017
-50;10,5;0,0602178158686061
-50;11;0,0840836003739841
-50;11,5;0,0996969920139606
-50;12;0,213935671997584
-50;12,5;0,179226111858297
-50;13;0,120085270794279
-50;13,5;0,0483508014411344
-50;14;0,0264518430359777
-50;14,5;0,0807279381626956
-50;15;0,152126445944009
-50;15,5;0,0647951972172134
-50;16;0
-50;16,5;0
-50;17;0
-50;17,5;0
-50;18;0,0727942305406136
-50;18,5;0,0946453027536672
-50;19;0,112044935483794
-50;19,5;0,111268239848944
-50;20;0,112052168763439
-50;20,5;0,119373882443036
-50;21;0,102607465978807
-50;21,5;0,121869909226087
-50;22;0
-50;22,5;0
-50;23;0
-50;23,5;0
-50;24;0,0261629509039023
-50;24,5;0,282036236318121
-50;25;0,161504696162422
-50;25,5;0,0642428428476111
-50;26;0
-50;26,5;0,153428193388033
-50;27;0,136105188079743
-50;27,5;0
-50;28;0
-50;28,5;0
-50;29;0
-50;29,5;0
-50;30;0,0733256435362145
-50;30,5;0,103365048896294
-50;36;0,0397110396069741
-50;36,5;0,0534088007729063
-50;37;0
-50;40;0
-50;40,5;0
-49,5;-60;0,0796034343914714
-49,5;-59,5;0,0793472956901074
-49,5;-59;0,0658074720424921
-49,5;-58,5;0
-49,5;-58;0,0601230220279867
-49,5;-57,5;0,0658335691234298
-49,5;-57;0,0669267869032632
-49,5;-56,5;0,0660731116616743
-49,5;-56;0,0737766471012697
-49,5;-55,5;0,0736798399568542
-49,5;-55;0,0659699757131252
-49,5;-54,5;0,0647264703686718
-49,5;-54;0,0659613873063978
-49,5;-53,5;0,0491007941809883
-49,5;-53;0,054677670205008
-49,5;-52,5;0,0538915577804168
-49,5;-52;0,071183364830355
-49,5;-51,5;0,0316735080329147
-49,5;-51;0,0452916475007626
-49,5;-50,5;0,0315668030403332
-49,5;-50;0,0587592105766084
-49,5;-49,5;0,0290654433993359
-49,5;-49;0
-49,5;-48,5;0,0334489398777804
-49,5;-48;0,067509999259369
-49,5;-47,5;0,237092998090601
-49,5;-47;0,352287124632477
-49,5;-46,5;0
-49,5;-46;0
-49,5;-45,5;0,0290521698230712
-49,5;-45;0,0634321765797219
-49,5;-44,5;0,0460520775443828
-49,5;-44;0,0646504151541524
-49,5;-43,5;0,0453857672389469
-49,5;-43;0,0444734854614624
-49,5;-42,5;0,0604716312151258
-49,5;-42;0,0782240295098414
-49,5;-41,5;0,0894022052331584
-49,5;-41;0,105426435383124
-49,5;-40,5;0,138498267999237
-49,5;-40;0,105738150861546
-49,5;-39,5;0,0480523076423958
-49,5;-39;0,0531123337841598
-49,5;-38,5;0,0449269095153697
-49,5;-38;0,042021705689637
-49,5;-37,5;0,0522031453155884
-49,5;-37;0,0355074495698624
-49,5;-36,5;0,0503120043462978
-49,5;-36;0,0630311498774936
-49,5;-35,5;0,0597513905168304
-49,5;-35;0,0343376236753856
-49,5;-34,5;0,0412810681427362
-49,5;-34;0,113717905867628
-49,5;-33,5;0,0791364219448726
-49,5;-33;0,0696728067469655
-49,5;-32,5;0,0393986966824473
-49,5;-32;0,0415476592479133
-49,5;-31,5;0,0287474325120185
-49,5;-31;0,0328719110249961
-49,5;-30,5;0,0330252428706689
-49,5;-30;0,058969989332484
-49,5;-29,5;0,0322602878288291
-49,5;-29;0,0368423302774876
-49,5;-28,5;0,0511874519209521
-49,5;-28;0,0508788790224246
-49,5;-27,5;0,027694366962119
-49,5;-27;0,0388417730456957
-49,5;-26,5;0,0541376383332107
-49,5;-26;0,0557999995063045
-49,5;-25,5;0,347262457248836
-49,5;-25;0,271630464470851
-49,5;-24,5;0,0533645849381388
-49,5;-24;0,0521183002181657
-49,5;-23,5;0,0584203432151627
-49,5;-23;0,0564055977723408
-49,5;-22,5;0,0805398273869407
-49,5;-22;0,0674358451217371
-49,5;-21,5;0,104076254096055
-49,5;-21;0,109620697904016
-49,5;-20,5;0,0702447532971893
-49,5;-20;0,0781601335325702
-49,5;-19,5;0,052558068371699
-49,5;-19;0,0750991044027401
-49,5;-18,5;0,104728406454301
-49,5;-18;0,0663449330398036
-49,5;-17,5;0,0506208264178578
-49,5;-17;0,0770470483432182
-49,5;-16,5;0,0531844993055924
-49,5;-16;0,0539176614448946
-49,5;-15,5;0,0418703848997434
-49,5;-15;0,045369699600871
-49,5;-14,5;0,0281907561584
-49,5;-14;0,0241427030423861
-49,5;-13,5;0,0622326280981287
-49,5;-13;0,0773850502714164
-49,5;-12,5;0,0506762331102154
-49,5;-12;0,0559493470940518
-49,5;-11,5;0,0576545103351288
-49,5;-11;0,075412686454183
-49,5;-10,5;0,0914537797881258
-49,5;-10;0,10967855299112
-49,5;-9,5;0,107916194144705
-49,5;-9;0,083182153063234
-49,5;-8,5;0,0601431696429516
-49,5;-8;0,0593632691242855
-49,5;-7,5;0,0347100989106421
-49,5;-7;0,0742512758032512
-49,5;-6,5;0,113599775869112
-49,5;-6;0,0329234890557666
-49,5;-5,5;0,0558666623630357
-49,5;-5;0,0443394909443019
-49,5;-4,5;0,0604971129713327
-49,5;-4;0,11714664528435
-49,5;-3,5;0,059347734424047
-49,5;-3;0,066243198101887
-49,5;-2,5;0,0912339763046865
-49,5;-2;0,0369043935112045
-49,5;-1,5;0,0356708777388715
-49,5;-1;0,0284773797429608
-49,5;-0,5;0,0643633399667889
-49,5;0;0,0502980483111606
-49,5;0,5;0,230204383378601
-49,5;1;0,0424672033560198
-49,5;1,5;0,0372996872194214
-49,5;2;0,0308010500339776
-49,5;2,5;0,0355182430341831
-49,5;3;0,0391457347439002
-49,5;3,5;0,0433042102092711
-49,5;4;0,075431358998923
-49,5;4,5;0,0735772461908217
-49,5;5;0,0594136229603293
-49,5;5,5;0,0964981818754798
-49,5;6;0,0963329492217039
-49,5;6,5;0,0896160275587415
-49,5;7;0,0524768724727584
-49,5;7,5;0,0836419804936546
-49,5;8;0,058608199534123
-49,5;8,5;0,0641453784950069
-49,5;9;0,0377637485353767
-49,5;9,5;0,0579541112635306
-49,5;10;0,0750261695365262
-49,5;10,5;0,0728127637478025
-49,5;11;0,0474547749444103
-49,5;11,5;0,025895426672091
-49,5;12;0,119812693009153
-49,5;12,5;0,198452850054479
-49,5;13;0,195331070679907
-49,5;13,5;0,0581113514441599
-49,5;14;0
-49,5;14,5;0,0166373074744683
-49,5;15;0,364626712414135
-49,5;15,5;0,228133323887619
-49,5;16;0
-49,5;16,5;0
-49,5;17;0
-49,5;17,5;0,117030079576542
-49,5;18;0,0924026461301716
-49,5;18,5;0,133354455172243
-49,5;19;0,0344441577048997
-49,5;19,5;0,150379461741493
-49,5;20;0,11195812316448
-49,5;20,5;0,0962099466305078
-49,5;21;0,0843098923962382
-49,5;21,5;0,0966249771378837
-49,5;22;0,070873322045589
-49,5;22,5;0
-49,5;23;0,0190918830920368
-49,5;23,5;0,071968511632982
-49,5;24;0
-49,5;24,5;0,103580318366672
-49,5;25;0,133301070658103
-49,5;25,5;0,0554459195973879
-49,5;26;0,0283548937575157
-49,5;26,5;0
-49,5;27;0,0547768199149969
-49,5;27,5;0
-49,5;28;0
-49,5;28,5;0
-49,5;29;0
-49,5;30;0,106239901480878
-49,5;36,5;0,0456187096120294
-49,5;37;0,0447109233484019
-49,5;37,5;0
-49,5;38;0
-49,5;38,5;0,0427901857906693
-49;-60,5;0,087573714980898
-49;-60;0,0679739372138386
-49;-59,5;0,0787523707416856
-49;-59;0,0162634559672906
-49;-58,5;0
-49;-58;0,0683074283069181
-49;-57,5;0,0458707246141085
-49;-57;0,0597240624569665
-49;-56,5;0,0607886850297181
-49;-56;0,0713113172522705
-49;-55,5;0,0574756303111032
-49;-55;0,0615444784370374
-49;-54,5;0,0489364618120884
-49;-54;0,0590015915452969
-49;-53,5;0,0388597082217163
-49;-53;0,051573464322481
-49;-52,5;0,0312162706862232
-49;-52;0,0459221563566482
-49;-51,5;0,0393319208785943
-49;-51;0,0525580281246007
-49;-50,5;0,0482379518636519
-49;-50;0,0582385972575432
-49;-49,5;0,0510197822596116
-49;-49;0,0605690257809878
-49;-48,5;0,0425211711974165
-49;-48;0,260326834202816
-49;-47,5;0,438942215909524
-49;-47;0,41847085268326
-49;-46,5;0,0638519120047839
-49;-46;0
-49;-45,5;0,33557390199102
-49;-45;0,21532575851649
-49;-44,5;0,0497479054670712
-49;-44;0,0454838985153492
-49;-43,5;0,0262612746349934
-49;-43;0
-49;-42,5;0,0509349122258983
-49;-42;0,0693947257399748
-49;-41,5;0,0660638219559584
-49;-41;0,0751881132526358
-49;-40,5;0,0485780071467043
-49;-40;0,0806284568371989
-49;-39,5;0,0410976498873767
-49;-39;0,0532163152251295
-49;-38,5;0,040306781041633
-49;-38;0,0279691853465089
-49;-37,5;0,0503819111863565
-49;-37;0,0709187085284938
-49;-36,5;0,05600921897785
-49;-36;0,0323717502188978
-49;-35,5;0,0592288771640143
-49;-35;0,0393908098093438
-49;-34,5;0,0312314280645398
-49;-34;0,0635294906804507
-49;-33,5;0,0384918992586745
-49;-33;0,0621378034015546
-49;-32,5;0,0304341134536229
-49;-32;0,0287640371768419
-49;-31,5;0,0313477517965758
-49;-31;0,0324055036477859
-49;-30,5;0,0281069934577232
-49;-30;0,0325038649958651
-49;-29,5;0,0511011299492845
-49;-29;0,0443691144779702
-49;-28,5;0,0404653732044007
-49;-28;0,0418094127828313
-49;-27,5;0,0302100292579897
-49;-27;0,0449822187091744
-49;-26,5;0,0516829255498219
-49;-26;0,0344494799186674
-49;-25,5;0,041661575997561
-49;-25;0,0394041956345871
-49;-24,5;0,0296020669742166
-49;-24;0,0454328751374012
-49;-23,5;0,0616930551833125
-49;-23;0,033394144254995
-49;-22,5;0,0491602414735393
-49;-22;0,0354154178392447
-49;-21,5;0,0668064636189285
-49;-21;0,0924195145338184
-49;-20,5;0,0689107026895279
-49;-20;0,0426199904438536
-49;-19,5;0,0438192474408335
-49;-19;0,065907514087721
-49;-18,5;0,0664859106017203
-49;-18;0,0598045224615337
-49;-17,5;0,0528699470973989
-49;-17;0,0630021183258554
-49;-16,5;0,049943487346947
-49;-16;0,0716476571623909
-49;-15,5;0,183817268408782
-49;-15;0,0469407765314701
-49;-14,5;0,0857250473698118
-49;-14;0,0285660054376993
-49;-13,5;0,118008877543443
-49;-13;0,107335729444705
-49;-12,5;0,0758500096700201
-49;-12;0,0589649543391699
-49;-11,5;0,0346464055275286
-49;-11;0,0710105334986901
-49;-10,5;0,121506346125461
-49;-10;0,168221512924086
-49;-9,5;0,188169151235222
-49;-9;0,08908353324446
-49;-8,5;0,045342091197471
-49;-8;0,0503122750919219
-49;-7,5;0,0643573871302814
-49;-7;0,0465524653748221
-49;-6,5;0,1061733951889
-49;-6;0,12708112828137
-49;-5,5;0,0805298277116033
-49;-5;0,0906886050004248
-49;-4,5;0,0869223410217435
-49;-4;0,0976212709147653
-49;-3,5;0,0658344827960098
-49;-3;0,0722177797602406
-49;-2,5;0,0874495709022085
-49;-2;0,132046948825843
-49;-1,5;0,098832069122213
-49;-1;0,042990467736398
-49;-0,5;0,0275377700896896
-49;0;0,0551644348836554
-49;0,5;0,0540852501678072
-49;1;0,0443991071560391
-49;1,5;0,0754824589599746
-49;2;0,0250639603407328
-49;2,5;0,0552196994876677
-49;3;0,0627043834662486
-49;3,5;0,0400255905535404
-49;4;0,0565008618200837
-49;4,5;0,0824758613117501
-49;5;0,0439226960615149
-49;5,5;0,0576312907634144
-49;6;0,0931467138776171
-49;6,5;0,0537468683368068
-49;7;0,0489494259036436
-49;7,5;0,0471223443368554
-49;8;0,0302689624878371
-49;8,5;0,0394321357947212
-49;9;0,0552061124915481
-49;9,5;0,0800004714304086
-49;10;0,0817278595535873
-49;10,5;0,0957123367250791
-49;11;0,0420484654455746
-49;11,5;0,0380897831307474
-49;12;0,0516316624894896
-49;12,5;0,0670344431866803
-49;13;0,132017275499213
-49;13,5;0,054664810855739
-49;14;0,0369485565798359
-49;14,5;0
-49;15;0,426038384277812
-49;15,5;0,360198622513535
-49;16;0,106949676639686
-49;16,5;0,10490460365146
-49;17;0,0648257738278607
-49;17,5;0,0989911199556069
-49;18;0,0858261175224628
-49;18,5;0,0598551359666595
-49;19;0,0920055894499269
-49;19,5;0,083292474831982
-49;20;0,186084225508373
-49;20,5;0,139562994712379
-49;21;0,117074553005931
-49;21,5;0
-49;22;0
-49;22,5;0
-49;23;0,127225194045834
-49;23,5;0,169985056814503
-49;24;0,166370784981132
-49;24,5;0,0551543289325507
-49;25;0,0596517672272443
-49;25,5;0
-49;26;0,28593093000238
-49;26,5;0
-49;27;0
-49;27,5;0
-49;28;0
-49;28,5;0
-49;36,5;0,0384447655734822
-49;37;0,0014142135623731
-49;37,5;0,0391188664749596
-49;38,5;0,0468690848119644
-49;39;0,119501046020527
-48,5;-60,5;0,0680027572970391
-48,5;-60;0,0872136760860514
-48,5;-59,5;0
-48,5;-59;0
-48,5;-58,5;0,0600880306597864
-48,5;-58;0,0782283952167103
-48,5;-57,5;0,0707148374479792
-48,5;-57;0,0698208168431626
-48,5;-56,5;0,0599674622684674
-48,5;-56;0,0555453950304695
-48,5;-55,5;0,0651354233625865
-48,5;-55;0,0837729008971946
-48,5;-54,5;0,05151696494476
-48,5;-54;0,0426740287209062
-48,5;-53,5;0,00919238815542512
-48,5;-53;0
-48,5;-52,5;0,052151769073962
-48,5;-52;0,0664429579915484
-48,5;-51,5;0,0425662977704469
-48,5;-51;0,05375242812573
-48,5;-50,5;0,0604533796500337
-48,5;-50;0,0530791861278976
-48,5;-49,5;0,0676436390561737
-48,5;-49;0,0509871493019505
-48,5;-48,5;0,0557321330308998
-48,5;-48;0,449523043532439
-48,5;-47,5;0,406298034381088
-48,5;-47;0,261636250886183
-48,5;-46,5;0,0358843116630292
-48,5;-46;0,0489264754504144
-48,5;-45,5;0,203179914968953
-48,5;-45;0,342213173865059
-48,5;-44,5;0,0322537797212405
-48,5;-44;0,0397784814467181
-48,5;-43,5;0,0602634923129014
-48,5;-43;0,0503574986187839
-48,5;-42,5;0,0596927743140105
-48,5;-42;0,0369998089602533
-48,5;-41,5;0,0258574338258453
-48,5;-41;0,0497383719367976
-48,5;-40,5;0,0468877262666774
-48,5;-40;0,0674690451966806
-48,5;-39,5;0,0318052425991396
-48,5;-39;0,0280475092772952
-48,5;-38,5;0,0355174029947709
-48,5;-38;0,027060859370872
-48,5;-37,5;0,0415036375619823
-48,5;-37;0,0777898381504289
-48,5;-36,5;0,0476332101649963
-48,5;-36;0,0411221542743683
-48,5;-35,5;0,0529279299104434
-48,5;-35;0,363993516084428
-48,5;-34,5;0,339331985658924
-48,5;-34;0,0466831587944378
-48,5;-33,5;0,0748974574445132
-48,5;-33;0,0462607970590414
-48,5;-32,5;0,0511483204876293
-48,5;-32;0,0468478091017163
-48,5;-31,5;0,0329690939673021
-48,5;-31;0,0354487485548458
-48,5;-30,5;0,0207527786980794
-48,5;-30;0,0187532041605389
-48,5;-29,5;0,0430002690746915
-48,5;-29;0,0289741596664106
-48,5;-28,5;0,0364886652136747
-48,5;-28;0,0322687769669405
-48,5;-27,5;0,0352059916169113
-48,5;-27;0,0583391527990533
-48,5;-26,5;0,0534808776103427
-48,5;-26;0,044668873552652
-48,5;-25,5;0,0459439876371218
-48,5;-25;0,041867051484431
-48,5;-24,5;0,0483848580690088
-48,5;-24;0,0468061826341603
-48,5;-23,5;0,035575427183433
-48,5;-23;0,0565749228972205
-48,5;-22,5;0,0707709318391981
-48,5;-22;0,0428071159219319
-48,5;-21,5;0,0705328528654083
-48,5;-21;0,0579772136298001
-48,5;-20,5;0,0602379418794606
-48,5;-20;0,0733308711707877
-48,5;-19,5;0,0815925515460027
-48,5;-19;0,176079156692346
-48,5;-18,5;0,361633539383065
-48,5;-18;0,051949979915522
-48,5;-17,5;0,041704831820772
-48,5;-17;0,0392499304860053
-48,5;-16,5;0,0850973672022931
-48,5;-16;0,044842543543878
-48,5;-15,5;0,128655324654611
-48,5;-15;0,0890011258288545
-48,5;-14,5;0,0822523589385994
-48,5;-14;0,0507943159658171
-48,5;-13,5;0,0493800366193559
-48,5;-13;0,0705263309756118
-48,5;-12,5;0,0793829454657128
-48,5;-12;0,034269300929927
-48,5;-11,5;0,0423017267750889
-48,5;-11;0,0590548852897372
-48,5;-10,5;0,199594346533273
-48,5;-10;0,153033608275137
-48,5;-9,5;0,135776087245761
-48,5;-9;0,128309526431215
-48,5;-8,5;0,0599360619537724
-48,5;-8;0,323276072764391
-48,5;-7,5;0,242666262528143
-48,5;-7;0,0574541388048119
-48,5;-6,5;0,0666595546460437
-48,5;-6;0,162970536808862
-48,5;-5,5;0,142546089718591
-48,5;-5;0,0499526467121121
-48,5;-4,5;0,109144941795574
-48,5;-4;0,0757903289803003
-48,5;-3,5;0,0664378704776787
-48,5;-3;0,0619372950038722
-48,5;-2,5;0,275988584056319
-48,5;-2;0,312500001011378
-48,5;-1,5;0,0566217619667152
-48,5;-1;0,08368250867985
-48,5;-0,5;0,0371698654567329
-48,5;0;0,0431538793189614
-48,5;0,5;0,0573601785443929
-48,5;1;0,139049382788974
-48,5;1,5;0,0770203286308814
-48,5;2;0,0320403621065925
-48,5;2,5;0,0404831733554816
-48,5;3;0,0333205824731643
-48,5;3,5;0,036780565501032
-48,5;4;0,0721659541575341
-48,5;4,5;0,0503911519239209
-48,5;5;0,0476165617881188
-48,5;5,5;0,136884891192682
-48,5;6;0,300582074204922
-48,5;6,5;0,178023172648956
-48,5;7;0,0870014888261748
-48,5;7,5;0,0396490557144507
-48,5;8;0,0324275176730971
-48,5;8,5;0,0971839147886665
-48,5;9;0,0938817597873078
-48,5;9,5;0,0721181697437751
-48,5;10;0,0474653191471324
-48,5;10,5;0,0325352103561245
-48,5;11;0,0828103768294668
-48,5;11,5;0,0566557358314002
-48,5;12;0,0597380521168859
-48,5;12,5;0,0306261167220177
-48,5;13;0,057849203132198
-48,5;13,5;0,0821906314025563
-48,5;14;0,0689251038835285
-48,5;14,5;0,0595463404976886
-48,5;15;0,0688639498558106
-48,5;15,5;0,05102877351995
-48,5;16;0,0577780162316418
-48,5;16,5;0,105608306392466
-48,5;17;0,0998174804919695
-48,5;17,5;0,091867791834084
-48,5;18;0,112130328307358
-48,5;18,5;0,0911086597354383
-48,5;19;0,114776547752485
-48,5;19,5;0,113219845139151
-48,5;20;0,101328032300396
-48,5;20,5;0,109437358543357
-48,5;21;0,122923407988241
-48,5;21,5;0
-48,5;22;0
-48,5;22,5;0,175656735962185
-48,5;23;0,0449610942927327
-48,5;23,5;0,155063427882485
-48,5;24;0,237349952601638
-48,5;24,5;0,114588671500998
-48,5;25;0,146363391680578
-48,5;25,5;0,0723417813807024
-48,5;26;0,252419358931784
-48,5;26,5;0
-48,5;27;0
-48,5;27,5;0,0183847763108502
-48,5;28;0
-48,5;28,5;0
-48,5;34,5;0
-48,5;35;0,0530330085889911
-48,5;37;0,0359212100761282
-48,5;37,5;0,0622320589942729
-48,5;38;0,0773700998638439
-48,5;38,5;0,104244903952184
-48,5;39;0,0692274833028361
-48;-60,5;0,0481445739414111
-48;-60;0
-48;-59,5;0
-48;-59;0
-48;-58,5;0,0743995629929704
-48;-58;0,0823412209447168
-48;-57,5;0,0583458880928438
-48;-57;0,0543626942029955
-48;-56,5;0,065973876503904
-48;-56;0,0301822243492203
-48;-55,5;0,0563585555775411
-48;-55;0,0668032167601497
-48;-54,5;0,0674922997557187
-48;-54;0,0556087523087269
-48;-53,5;0,0305008196611173
-48;-53;0,0606247238579867
-48;-52,5;0,0875736424795889
-48;-52;0,0201777812740365
-48;-51,5;0,0566793123144983
-48;-51;0,0520651606391544
-48;-50,5;0,0872142954642949
-48;-50;0,0448759955695133
-48;-49,5;0,0608409612982313
-48;-49;0,0239699566860145
-48;-48,5;0,0493788692384984
-48;-48;0,029698484809835
-48;-47,5;0,0427083130081252
-48;-47;0,044522219960099
-48;-46,5;0,0326595060179013
-48;-46;0,054164574551672
-48;-45,5;0,229216367099553
-48;-45;0,0972485982676329
-48;-44,5;0,0497132945586409
-48;-44;0,0703292257884302
-48;-43,5;0,0444464042066645
-48;-43;0,0689292479611507
-48;-42,5;0,0871721538037368
-48;-42;0,0400958032687684
-48;-41,5;0,0423408726285783
-48;-41;0,0459525130830362
-48;-40,5;0,0778443360142283
-48;-40;0,0613302360134246
-48;-39,5;0,0538020076133044
-48;-39;0,0652004837897676
-48;-38,5;0,212315650609716
-48;-38;0,213527962671147
-48;-37,5;0,0515064925393311
-48;-37;0,036302243421004
-48;-36,5;0,044591400683741
-48;-36;0,0372099543806396
-48;-35,5;0,0464029910570693
-48;-35;0,359701141043085
-48;-34,5;0,280963510295638
-48;-34;0,0682362273953378
-48;-33,5;0,0481803396359582
-48;-33;0,0297944055457949
-48;-32,5;0,0476439662566117
-48;-32;0,0643842074642447
-48;-31,5;0,0493901179038527
-48;-31;0,0258719404041421
-48;-30,5;0,0336617369491721
-48;-30;0,0456375105493935
-48;-29,5;0,0627086259065322
-48;-29;0,0502193590365167
-48;-28,5;0,0311677855163707
-48;-28;0,0217728569617191
-48;-27,5;0,0342945312846386
-48;-27;0,0439607325406395
-48;-26,5;0,0254555302839789
-48;-26;0,0531410903359506
-48;-25,5;0,0418108343347582
-48;-25;0,0395827914998438
-48;-24,5;0,03759888523346
-48;-24;0,0455538778275128
-48;-23,5;0,0341244663123385
-48;-23;0,0568995974267641
-48;-22,5;0,0591081185445041
-48;-22;0,0300197868920154
-48;-21,5;0,0689116264425182
-48;-21;0,0488252985614458
-48;-20,5;0,0587215394854752
-48;-20;0,0479921940392939
-48;-19,5;0,068066865723099
-48;-19;0,0470377991813045
-48;-18,5;0,110069663451493
-48;-18;0,0567578644953528
-48;-17,5;0,0558747059588482
-48;-17;0,0502076061322172
-48;-16,5;0,0883241985504923
-48;-16;0,113844923763278
-48;-15,5;0,103133319265404
-48;-15;0,0522498877991652
-48;-14,5;0,0735384300125127
-48;-14;0,077149135565198
-48;-13,5;0,0538307315425139
-48;-13;0,0315254987720913
-48;-12,5;0,048553816950842
-48;-12;0,0374693207838093
-48;-11,5;0,0651645987567596
-48;-11;0,0596391975490744
-48;-10,5;0,200373797726716
-48;-10;0,177468936604082
-48;-9,5;0,173834660659335
-48;-9;0,0809825873976323
-48;-8,5;0,121309832908236
-48;-8;0,275851348418615
-48;-7,5;0,308860982499807
-48;-7;0,0807697360000202
-48;-6,5;0,0333019259640464
-48;-6;0,068285531981702
-48;-5,5;0,0458348378426571
-48;-5;0,0537589051967689
-48;-4,5;0,0422475290577401
-48;-4;0,0789448625454123
-48;-3,5;0,0688660255611141
-48;-3;0,0761647382675993
-48;-2,5;0,271474683131351
-48;-2;0,30286282911892
-48;-1,5;0,117981026818195
-48;-1;0,139531344662232
-48;-0,5;0,0274177558041013
-48;0;0,027435416273782
-48;0,5;0,0491942357307404
-48;1;0,152047038538653
-48;1,5;0,0720194236502911
-48;2;0,0478130729498072
-48;2,5;0,0211474913685896
-48;3;0,0265306595341466
-48;3,5;0,0397393811900355
-48;4;0,0739228904153843
-48;4,5;0,0779364957918422
-48;5;0,0633578669010062
-48;5,5;0,109650049312997
-48;6;0,342715099413694
-48;6,5;0,288449544694119
-48;7;0,106585677436687
-48;7,5;0,0684611714181967
-48;8;0,0791636324101198
-48;8,5;0,0867385053620057
-48;9;0,0898199808603221
-48;9,5;0,0564710285581186
-48;10;0,0573948929555038
-48;10,5;0,0761204293525221
-48;11;0,0619700978688269
-48;11,5;0,0554584357446015
-48;12;0,0590958560056823
-48;12,5;0,0355034786605059
-48;13;0,043533693890718
-48;13,5;0,0564114904075402
-48;14;0,0797876810811468
-48;14,5;0,0588154879934442
-48;15;0,0649706611724616
-48;15,5;0
-48;16;0,0612129706661732
-48;16,5;0,0237633421170388
-48;17;0,0226053091109146
-48;17,5;0,083031576204832
-48;18;0,0750087478429311
-48;18,5;0,0811126097606585
-48;19;0,198761545694291
-48;19,5;0,125527864415614
-48;20;0,149763360347463
-48;20,5;0,105976433908578
-48;21;0,109046306586952
-48;21,5;0,228695708907551
-48;22;0
-48;22,5;0,120267756831718
-48;23;0,0871550342780037
-48;23,5;0,109457067716994
-48;24;0,00212132034355962
-48;24,5;0,0886694149722166
-48;25;0,00565685424949239
-48;25,5;0,16076759058286
-48;26;0,0961221940577523
-48;26,5;0,0627043801158602
-48;27;0
-48;27,5;0,0859503732782276
-48;28;0,0429301758673314
-48;28,5;0
-48;32,5;0
-48;33;0
-48;34,5;0
-48;35;0,0454004405264971
-48;37,5;0,0701517487817863
-48;38;0,053604419813383
-48;38,5;0,067654787928648
-48;39;0,0657013444814234
-48;39,5;0,0337194306001747
-47,5;-61;0,0752243311701739
-47,5;-60,5;0
-47,5;-60;0
-47,5;-59,5;0
-47,5;-59;0,0717933542487445
-47,5;-58,5;0,0595648274712451
-47,5;-58;0,0833951029574214
-47,5;-57,5;0,0757077625466145
-47,5;-57;0,0577741291583006
-47,5;-56,5;0,0580737815417948
-47,5;-56;0,0621219046269732
-47,5;-55,5;0,0583712536445168
-47,5;-55;0,0521967118890275
-47,5;-54,5;0,101823376490863
-47,5;-54;0,0303699412797149
-47,5;-53,5;0,0463372388677007
-47,5;-53;0,0145028732785381
-47,5;-52,5;0,0532541078227774
-47,5;-52;0,0365456561062618
-47,5;-51,5;0,0539842524900384
-47,5;-51;0,063922747493039
-47,5;-50,5;0,05584743628254
-47,5;-50;0,0529093665575266
-47,5;-49,5;0,0349712807342036
-47,5;-49;0
-47,5;-48,5;0
-47,5;-48;0,0173262806164508
-47,5;-47,5;0,0249042611258038
-47,5;-47;0,0333819169753982
-47,5;-46,5;0,0475304413733226
-47,5;-46;0,0760267796573762
-47,5;-45,5;0,055730525289582
-47,5;-45;0,0752577423488939
-47,5;-44,5;0,0537208313514268
-47,5;-44;0,073976830349586
-47,5;-43,5;0,11778089094418
-47,5;-43;0,0910596224388707
-47,5;-42,5;0,0509420003038552
-47,5;-42;0,0551006766437237
-47,5;-41,5;0,28862328187103
-47,5;-41;0,175752314028933
-47,5;-40,5;0,0414453610035906
-47,5;-40;0,0380132733037847
-47,5;-39,5;0,0671529732143098
-47,5;-39;0,0551203549284256
-47,5;-38,5;0,333972242095905
-47,5;-38;0,317724445800734
-47,5;-37,5;0,0523228203703512
-47,5;-37;0,0487116048022478
-47,5;-36,5;0,0306521375218803
-47,5;-36;0,062449811948041
-47,5;-35,5;0,0584428493390399
-47,5;-35;0,0591651839609665
-47,5;-34,5;0,0686045780003446
-47,5;-34;0,0651630931635744
-47,5;-33,5;0,232544576662051
-47,5;-33;0,263502634873798
-47,5;-32,5;0,0390314629039027
-47,5;-32;0,0382288516442649
-47,5;-31,5;0,025108305343953
-47,5;-31;0,0296214012239178
-47,5;-30,5;0,0665959559572671
-47,5;-30;0,0330665265648414
-47,5;-29,5;0,0394745567879972
-47,5;-29;0,028079334675392
-47,5;-28,5;0,0522181440976482
-47,5;-28;0,0244044011069403
-47,5;-27,5;0,0501916216071151
-47,5;-27;0,0421293838813944
-47,5;-26,5;0,0425369050591486
-47,5;-26;0,0327509215902969
-47,5;-25,5;0,0538085141808163
-47,5;-25;0,0491949178767846
-47,5;-24,5;0,0381673439375953
-47,5;-24;0,0437234122279987
-47,5;-23,5;0,043821079999717
-47,5;-23;0,0578541578563479
-47,5;-22,5;0,0431924420742981
-47,5;-22;0,08943819679998
-47,5;-21,5;0,0697329419519735
-47,5;-21;0,0381069684812628
-47,5;-20,5;0,0547348202789064
-47,5;-20;0,10213260704343
-47,5;-19,5;0,125843727008743
-47,5;-19;0,0582465955404603
-47,5;-18,5;0,0653876837142537
-47,5;-18;0,183596262803702
-47,5;-17,5;0,155778924213229
-47,5;-17;0,0559930115992713
-47,5;-16,5;0,0796715061867894
-47,5;-16;0,232214645231637
-47,5;-15,5;0,0463216709422226
-47,5;-15;0,0365378968515716
-47,5;-14,5;0,0743783372517939
-47,5;-14;0,0509703608575652
-47,5;-13,5;0,0609761435533982
-47,5;-13;0,028538205989549
-47,5;-12,5;0,0393021021595509
-47,5;-12;0,042643985556374
-47,5;-11,5;0,0458272658142619
-47,5;-11;0,0519426734228616
-47,5;-10,5;0,0348499745809278
-47,5;-10;0,0432923615829464
-47,5;-9,5;0,0663969395474461
-47,5;-9;0,11772679185581
-47,5;-8,5;0,0608703540321559
-47,5;-8;0,0883336076223482
-47,5;-7,5;0,115393989070676
-47,5;-7;0,0781229799738848
-47,5;-6,5;0,0406447713274739
-47,5;-6;0,041471663573479
-47,5;-5,5;0,0501610601554918
-47,5;-5;0,0481463377081865
-47,5;-4,5;0,0478371045057402
-47,5;-4;0,0497374941021281
-47,5;-3,5;0,0514663588002325
-47,5;-3;0,065015036404494
-47,5;-2,5;0,0595196716769054
-47,5;-2;0,0894672748959692
-47,5;-1,5;0,0453934877794422
-47,5;-1;0,0450023966303945
-47,5;-0,5;0,0578749744896385
-47,5;0;0,0217989814506665
-47,5;0,5;0,0266735416413243
-47,5;1;0,0751629148856315
-47,5;1,5;0,0912703700045713
-47,5;2;0,109962911385348
-47,5;2,5;0,0875343194000452
-47,5;3;0,0335442595380511
-47,5;3,5;0,0360166742786331
-47,5;4;0,0392135228564407
-47,5;4,5;0,0590300130892213
-47,5;5;0,0351588210711771
-47,5;5,5;0,0663965505918939
-47,5;6;0,0695178041608555
-47,5;6,5;0,0597493888381358
-47,5;7;0,0732739510895373
-47,5;7,5;0,108747406179897
-47,5;8;0,117769581361063
-47,5;8,5;0,057265103725748
-47,5;9;0,0456963540658991
-47,5;9,5;0,043192451881589
-47,5;10;0,153037221734801
-47,5;10,5;0,129428399619324
-47,5;11;0,0770694939424914
-47,5;11,5;0,0370798687520151
-47,5;12;0,0518998109224294
-47,5;12,5;0,0504792818365797
-47,5;13;0,0430629594693731
-47,5;13,5;0,0573197312214702
-47,5;14;0,0538924210638967
-47,5;14,5;0,107952556180782
-47,5;15;0,0819735148865604
-47,5;15,5;0
-47,5;16;0,0360779579191928
-47,5;16,5;0
-47,5;17;0,0685601123904345
-47,5;17,5;0,0542417428431892
-47,5;18;0,0693417566894524
-47,5;18,5;0,242065005043411
-47,5;19;0,183041661924273
-47,5;19,5;0
-47,5;20;0,139736196260863
-47,5;20,5;0,162038463853852
-47,5;21;0,250481725684651
-47,5;21,5;0,221369932702821
-47,5;22;0,127737475461834
-47,5;22,5;0,111001251244199
-47,5;23;0,136846107518106
-47,5;23,5;0,0520032050294338
-47,5;24;0,141877881762216
-47,5;24,5;0,135071249436149
-47,5;25;0
-47,5;25,5;0,00636396103067893
-47,5;26;0
-47,5;26,5;0
-47,5;27;0
-47,5;27,5;0
-47,5;28;0
-47,5;28,5;0
-47,5;32,5;0,117871398849198
-47,5;33;0,14369554869336
-47,5;35,5;0
-47,5;36,5;0,0276224546338663
-47,5;37;0,0969686375415612
-47,5;38;0,0804277861679581
-47,5;38,5;0,0934660366122368
-47,5;39;0,0714177848998413
-47,5;39,5;0,0716256804172784
-47,5;40;0,0207444771766688
-47;-61,5;0
-47;-61;0
-47;-60,5;0
-47;-60;0
-47;-59,5;0,0657609306503489
-47;-59;0,0624450073854461
-47;-58,5;0,0712943466288653
-47;-58;0,0645938153046385
-47;-57,5;0,0832389379901065
-47;-57;0,0454888788083208
-47;-56,5;0,0648221573839693
-47;-56;0,0542599097389412
-47;-55,5;0,0571735846617018
-47;-55;0,0309232921921325
-47;-54,5;0,0325617362354446
-47;-54;0,0518233216483338
-47;-53,5;0
-47;-53;0
-47;-52,5;0,0347229581621355
-47;-52;0,0390883650834911
-47;-51,5;0,0534437159002887
-47;-51;0,0485925724286963
-47;-50,5;0,0530771861319691
-47;-50;0,0573145456481786
-47;-49,5;0
-47;-49;0
-47;-48,5;0
-47;-48;0,0371958032280226
-47;-47,5;0,0458896662862291
-47;-47;0,0595427217574551
-47;-46,5;0,0426978956638105
-47;-46;0,0590569358744326
-47;-45,5;0,108714359853258
-47;-45;0,0804518669674652
-47;-44,5;0,0367550729099452
-47;-44;0,120019843226571
-47;-43,5;0,0641063153366986
-47;-43;0,112071336205037
-47;-42,5;0,0357374553415001
-47;-42;0,0833202656420793
-47;-41,5;0,254657315273206
-47;-41;0,318060024179052
-47;-40,5;0,0550888427366142
-47;-40;0,0776922821487896
-47;-39,5;0,0361128421315586
-47;-39;0,0444337210337642
-47;-38,5;0,10879752641667
-47;-38;0,085661678600136
-47;-37,5;0,0713797668286735
-47;-37;0,0303673157694724
-47;-36,5;0,0387733788626283
-47;-36;0,0594188522272183
-47;-35,5;0,0544024664191838
-47;-35;0,0425372611497494
-47;-34,5;0,0519442565171932
-47;-34;0,0377840126698001
-47;-33,5;0,40536955384473
-47;-33;0,286964531787028
-47;-32,5;0,0822820353013544
-47;-32;0,0399052821403348
-47;-31,5;0,0387747628155861
-47;-31;0,0534846673531142
-47;-30,5;0,0423222372173943
-47;-30;0,0567495961806484
-47;-29,5;0,0418610797758491
-47;-29;0,0268309343074868
-47;-28,5;0,0649420996622372
-47;-28;0,0498928673195517
-47;-27,5;0,0269270440724439
-47;-27;0,0447524750381313
-47;-26,5;0,0428722877608746
-47;-26;0,0814033549575637
-47;-25,5;0,298375639843119
-47;-25;0,072208151062673
-47;-24,5;0,0564406267914973
-47;-24;0,0495120446152598
-47;-23,5;0,0389339236813237
-47;-23;0,0475508499748778
-47;-22,5;0,0537719408738828
-47;-22;0,0421709086597631
-47;-21,5;0,0627238288968761
-47;-21;0,0640904997395304
-47;-20,5;0,0773114448457163
-47;-20;0,123722843552865
-47;-19,5;0,145149491666797
-47;-19;0,0908864956332654
-47;-18,5;0,079951641748716
-47;-18;0,244652544481695
-47;-17,5;0,159741376293919
-47;-17;0,065360936851576
-47;-16,5;0,0997296655882647
-47;-16;0,04341316987523
-47;-15,5;0,0538223946308071
-47;-15;0,0660925242602021
-47;-14,5;0,0989960701281947
-47;-14;0,0573362766718378
-47;-13,5;0,0398215994105501
-47;-13;0,0683968397365727
-47;-12,5;0,0592851620624533
-47;-12;0,0793302170256286
-47;-11,5;0,0399918638419581
-47;-11;0,0453931115148847
-47;-10,5;0,0422721212077766
-47;-10;0,0384325533503148
-47;-9,5;0,0814181356327775
-47;-9;0,121535231659117
-47;-8,5;0,123013921696406
-47;-8;0,0605880551707887
-47;-7,5;0,0354729715748336
-47;-7;0,0845591733799147
-47;-6,5;0,038828981286914
-47;-6;0,0314579674964589
-47;-5,5;0,0295301102346117
-47;-5;0,03253916902229
-47;-4,5;0,048563539362076
-47;-4;0,0469478169956938
-47;-3,5;0,0390509112501589
-47;-3;0,0533322384779078
-47;-2,5;0,0549378035504985
-47;-2;0,0553643672885919
-47;-1,5;0,0647869585642049
-47;-1;0,0529166778377898
-47;-0,5;0,100627059464235
-47;0;0,0605747904177949
-47;0,5;0,0222622053068416
-47;1;0,0347339135125767
-47;1,5;0,0942635358308175
-47;2;0,148441296797897
-47;2,5;0,0466945789789862
-47;3;0,0265100741910211
-47;3,5;0,0271987896727752
-47;4;0,0326752718168625
-47;4,5;0,0593779220854385
-47;5;0,03703562061345
-47;5,5;0,0464800128326182
-47;6;0,0467029337193179
-47;6,5;0,0281522437047445
-47;7;0,115414055622118
-47;7,5;0,118330726647024
-47;8;0,057137067166984
-47;8,5;0,0654225346289359
-47;9;0,0770094275542235
-47;9,5;0,0847349587379568
-47;10;0,299263164225104
-47;10,5;0,288875668043021
-47;11;0,0383143638364318
-47;11,5;0,0430313276194816
-47;12;0,0601361023315764
-47;12,5;0,0828898959372302
-47;13;0,0739993325612616
-47;13,5;0,0716508788382952
-47;14;0,0673773383557537
-47;14,5;0,064756173983378
-47;15;0,078906923246518
-47;15,5;0
-47;16;0
-47;16,5;0,0540461736748208
-47;17;0,053828743221795
-47;17,5;0,0362070789925114
-47;18;0,288151065466849
-47;18,5;0,232412687740943
-47;19;0,181018593317363
-47;19,5;0
-47;20;0,0450037035513005
-47;20,5;0,190263725118988
-47;21;0,13438671371971
-47;21,5;0,267728725830682
-47;22;0,132611130105874
-47;22,5;0,182794446096728
-47;23;0,214392402614576
-47;23,5;0,105066126363785
-47;24;0,14352986913299
-47;24,5;0,166670907472928
-47;25;0
-47;25,5;0
-47;26;0
-47;26,5;0
-47;27;0
-47;27,5;0
-47;28;0
-47;28,5;0
-47;29,5;0,0612184612678235
-47;30;0,0761387622115773
-47;35;0,0630211604674705
-47;35,5;0,0808215553520458
-47;36;0,0665146600382201
-47;36,5;0
-47;37;0,0640780773744032
-47;37,5;0
-47;38,5;0,0588343205342534
-47;39;0,130451012516832
-47;39,5;0,0421548072914321
-47;40;0,0631842543676825
-46,5;-61,5;0,0857763564936943
-46,5;-61;0,128949345960068
-46,5;-60,5;0,0741226461121476
-46,5;-60;0,104153034259471
-46,5;-59,5;0,0666310425652588
-46,5;-59;0,0990265319143739
-46,5;-58,5;0,0899205624268988
-46,5;-58;0,0560700084697904
-46,5;-57,5;0,0378304488096937
-46,5;-57;0,0622378640711419
-46,5;-56,5;0,0650371810631036
-46,5;-56;0,0597163585482309
-46,5;-55,5;0,0607734865436126
-46,5;-55;0,0505066636883003
-46,5;-54,5;0,0518390365871677
-46,5;-54;0
-46,5;-53,5;0,0169705627484771
-46,5;-53;0,049602651914218
-46,5;-52,5;0,0493076244617945
-46,5;-52;0,0572947976746555
-46,5;-51,5;0,0522593334041355
-46,5;-51;0,049931837596839
-46,5;-50,5;0,0525235441404674
-46,5;-50;0,0508366367530705
-46,5;-49,5;0
-46,5;-49;0
-46,5;-48,5;0,0351222355292403
-46,5;-48;0,0572133587639516
-46,5;-47,5;0,0745946861473793
-46,5;-47;0,0563916398972257
-46,5;-46,5;0,0772559514186338
-46,5;-46;0,0707452877455732
-46,5;-45,5;0,0712325966695222
-46,5;-45;0,0737752548981982
-46,5;-44,5;0,218316358326455
-46,5;-44;0,0675487923227521
-46,5;-43,5;0,0569966690230252
-46,5;-43;0,0692434456241511
-46,5;-42,5;0,0451206608823667
-46,5;-42;0,0588745234124426
-46,5;-41,5;0,140890578917246
-46,5;-41;0,0857372031992085
-46,5;-40,5;0,0523272643083443
-46,5;-40;0,0939243139485207
-46,5;-39,5;0,0336446777617618
-46,5;-39;0,0366595433465839
-46,5;-38,5;0,0414814340890198
-46,5;-38;0,0505136553284498
-46,5;-37,5;0,0930381931834211
-46,5;-37;0,0727446632821682
-46,5;-36,5;0,050749218222384
-46,5;-36;0,0563094703116324
-46,5;-35,5;0,0420297255704373
-46,5;-35;0,0542572234560416
-46,5;-34,5;0,062320885105288
-46,5;-34;0,0469564650297595
-46,5;-33,5;0,0755098074584286
-46,5;-33;0,0780775846747973
-46,5;-32,5;0,037792641433968
-46,5;-32;0,0453131938533368
-46,5;-31,5;0,046974371712628
-46,5;-31;0,0322932371874372
-46,5;-30,5;0,0454010457883702
-46,5;-30;0,0543544813412223
-46,5;-29,5;0,0374340419003505
-46,5;-29;0,0634800298308675
-46,5;-28,5;0,0561446245915263
-46,5;-28;0,0530298411235295
-46,5;-27,5;0,0492142264253399
-46,5;-27;0,0447878224053444
-46,5;-26,5;0,0471815554380493
-46,5;-26;0,227149326802143
-46,5;-25,5;0,309800676057916
-46,5;-25;0,0914239857972915
-46,5;-24,5;0,0446110694857359
-46,5;-24;0,0399986449494998
-46,5;-23,5;0,0469078532253915
-46,5;-23;0,0436164458962108
-46,5;-22,5;0,0501463404665273
-46,5;-22;0,0385213510972568
-46,5;-21,5;0,0538119189311032
-46,5;-21;0,0588128630124275
-46,5;-20,5;0,0596811409528519
-46,5;-20;0,0537528209479583
-46,5;-19,5;0,0522900657344466
-46,5;-19;0,057041935163388
-46,5;-18,5;0,0949784639953112
-46,5;-18;0,28891826867008
-46,5;-17,5;0,0952476513270614
-46,5;-17;0,0659041384298807
-46,5;-16,5;0,0563569083206047
-46,5;-16;0,0340648640758801
-46,5;-15,5;0,0315271780402571
-46,5;-15;0,0375224862554431
-46,5;-14,5;0,0331457403741043
-46,5;-14;0,0322119034316365
-46,5;-13,5;0,0372647663338623
-46,5;-13;0,0747484670968799
-46,5;-12,5;0,0787861055019733
-46,5;-12;0,0566079222613328
-46,5;-11,5;0,0596491047919358
-46,5;-11;0,0660856746291098
-46,5;-10,5;0,0572541167454142
-46,5;-10;0,176546358406699
-46,5;-9,5;0,261193506617526
-46,5;-9;0,131485473496856
-46,5;-8,5;0,0500452309303205
-46,5;-8;0,047165573425186
-46,5;-7,5;0,0580761288108143
-46,5;-7;0,0832590842627399
-46,5;-6,5;0,0440587583995576
-46,5;-6;0,0355914760587992
-46,5;-5,5;0,0245794422562138
-46,5;-5;0,0267690536142942
-46,5;-4,5;0,0767844412184079
-46,5;-4;0,0417584702151641
-46,5;-3,5;0,0373098456152251
-46,5;-3;0,07217414164844
-46,5;-2,5;0,0275200427837774
-46,5;-2;0,0340298301324437
-46,5;-1,5;0,05139527585455
-46,5;-1;0,0919897923729935
-46,5;-0,5;0,0769759434353915
-46,5;0;0,114371300388765
-46,5;0,5;0,0263183430723294
-46,5;1;0,0399538456173411
-46,5;1,5;0,138560222508872
-46,5;2;0,199539590581334
-46,5;2,5;0,243833634649846
-46,5;3;0,0331560194435996
-46,5;3,5;0,0223565313901401
-46,5;4;0,0362901055810726
-46,5;4,5;0,0396021903207119
-46,5;5;0,0360687651065537
-46,5;5,5;0,0504227726032742
-46,5;6;0,04819592500518
-46,5;6,5;0,0548231569884346
-46,5;7;0,0637941026511303
-46,5;7,5;0,0549352647966461
-46,5;8;0,0332744337035046
-46,5;8,5;0,0399885743175393
-46,5;9;0,0472633605584541
-46,5;9,5;0,0914675545950544
-46,5;10;0,329770091299784
-46,5;10,5;0,30248185321623
-46,5;11;0,0738958692336447
-46,5;11,5;0,0691762224589821
-46,5;12;0,0569873828784199
-46,5;12,5;0,072237728284845
-46,5;13;0,0755173715095772
-46,5;13,5;0,080259692459031
-46,5;14;0,0839987839133682
-46,5;14,5;0,149261317377895
-46,5;15;0
-46,5;15,5;0
-46,5;16;0
-46,5;16,5;0
-46,5;17;0,079376073920994
-46,5;17,5;0,0724505136149974
-46,5;18;0,116924596054604
-46,5;18,5;0,254232984202307
-46,5;19;0,142728893170979
-46,5;19,5;0,0431126431571993
-46,5;20;0
-46,5;20,5;0,161314826762246
-46,5;21;0,0866858953027795
-46,5;21,5;0,114295349426758
-46,5;22;0,0865485412933112
-46,5;22,5;0,0300222139978605
-46,5;23;0,194271133556515
-46,5;23,5;0,101624362783297
-46,5;24;0,131842149485483
-46,5;24,5;0,192354536876942
-46,5;25;0
-46,5;25,5;0,254584673656145
-46,5;26;0,137206760905195
-46,5;26,5;0
-46,5;27;0
-46,5;27,5;0
-46,5;28;0
-46,5;28,5;0
-46,5;29;0
-46,5;29,5;0,0377049952481984
-46,5;30;0,114777149806253
-46,5;30,5;0,029698484809835
-46,5;31;0
-46,5;34,5;0
-46,5;35;0,055413897173904
-46,5;35,5;0,000707106781186548
-46,5;36;0,0728319984622144
-46,5;36,5;0
-46,5;37;0
-46,5;37,5;0,0974002053385926
-46,5;38,5;0,0942586866023498
-46,5;39;0,0943854979444524
-46,5;39,5;0
-46;-61,5;0
-46;-61;0,0813391719741226
-46;-60,5;0,0892546917534311
-46;-60;0,0527014231306897
-46;-59,5;0,0538608291659135
-46;-59;0,0765572718493539
-46;-58,5;0,0929704395578452
-46;-58;0,0333995176279206
-46;-57,5;0,0654332569196361
-46;-57;0,0468698487947837
-46;-56,5;0,0583443799064371
-46;-56;0,0524096047177105
-46;-55,5;0,0446178215514832
-46;-55;0,0649363593777074
-46;-54,5;0,045766436027581
-46;-54;0
-46;-53,5;0,0682959247198054
-46;-53;0,0431286091020441
-46;-52,5;0,048608641207094
-46;-52;0,0690618157271758
-46;-51,5;0,0539490916494052
-46;-51;0,0395456735195855
-46;-50,5;0,052528178378938
-46;-50;0,031384972256105
-46;-49,5;0,0225011110836776
-46;-49;0,0623461799458969
-46;-48,5;0,0531285086499946
-46;-48;0,0385709994335245
-46;-47,5;0,0627650173071248
-46;-47;0,0493045778838478
-46;-46,5;0,0342709967685825
-46;-46;0,046504609219718
-46;-45,5;0,0482396908669206
-46;-45;0,0752910382697146
-46;-44,5;0,0616815221074474
-46;-44;0,0361158670926763
-46;-43,5;0,0536927539613772
-46;-43;0,0858990334373392
-46;-42,5;0,0427699979807426
-46;-42;0,0578331795268276
-46;-41,5;0,0413337749592383
-46;-41;0,0488103005378628
-46;-40,5;0,0431019418272238
-46;-40;0,0589944617752084
-46;-39,5;0,0891592282274756
-46;-39;0,0667778263339534
-46;-38,5;0,0629684600555756
-46;-38;0,0607769286123147
-46;-37,5;0,0439326990558518
-46;-37;0,0588642974269338
-46;-36,5;0,0427675607198531
-46;-36;0,0438624114770672
-46;-35,5;0,0445639730364555
-46;-35;0,0506278990458849
-46;-34,5;0,0532063294954558
-46;-34;0,0373267566147928
-46;-33,5;0,0378271166797381
-46;-33;0,0339359711818599
-46;-32,5;0,0305800602132276
-46;-32;0,0842313233911256
-46;-31,5;0,075803544841045
-46;-31;0,0659806789901407
-46;-30,5;0,0431003777475728
-46;-30;0,030903069823529
-46;-29,5;0,0393592778747392
-46;-29;0,0528094748469327
-46;-28,5;0,0538333209664887
-46;-28;0,0405263288904057
-46;-27,5;0,0422409231940603
-46;-27;0,0434951281271696
-46;-26,5;0,0378526139873448
-46;-26;0,082093182625653
-46;-25,5;0,0663243792148627
-46;-25;0,0459640115470673
-46;-24,5;0,0474883137719543
-46;-24;0,0469162374166272
-46;-23,5;0,0396815213984528
-46;-23;0,0384984848186696
-46;-22,5;0,0456140519653174
-46;-22;0,037102112182277
-46;-21,5;0,0641648868391524
-46;-21;0,0261864623866022
-46;-20,5;0,0580400108299685
-46;-20;0,0723545871006794
-46;-19,5;0,0801875347686001
-46;-19;0,0623623543402177
-46;-18,5;0,369771381515263
-46;-18;0,248116783743765
-46;-17,5;0,0656624488241651
-46;-17;0,0754916281740548
-46;-16,5;0,117932255158301
-46;-16;0,0515986965154515
-46;-15,5;0,0309436994303406
-46;-15;0,0285687974148113
-46;-14,5;0,0265580015481724
-46;-14;0,0393972283009369
-46;-13,5;0,0567066250301854
-46;-13;0,0673841281630275
-46;-12,5;0,0531214135071984
-46;-12;0,0383127049538602
-46;-11,5;0,034331173539278
-46;-11;0,0440300220016475
-46;-10,5;0,0798996245297811
-46;-10;0,199906977678414
-46;-9,5;0,127713246291201
-46;-9;0,104096315196387
-46;-8,5;0,0493798951018767
-46;-8;0,037979862532442
-46;-7,5;0,0801474252837502
-46;-7;0,0805568472584559
-46;-6,5;0,0610346828195826
-46;-6;0,0979626290185855
-46;-5,5;0,0528502168479962
-46;-5;0,0687292642526157
-46;-4,5;0,0568979901641286
-46;-4;0,0244976189319153
-46;-3,5;0,0416848041756185
-46;-3;0,0525024742647579
-46;-2,5;0,0444195608141291
-46;-2;0,0337991046713374
-46;-1,5;0,0491539998624663
-46;-1;0,068104698809994
-46;-0,5;0,0994047234079582
-46;0;0,0923493483680062
-46;0,5;0,0801579474472405
-46;1;0,0405582024640497
-46;1,5;0,0501523354322737
-46;2;0,157034904701999
-46;2,5;0,152067245347044
-46;3;0,0586685899227702
-46;3,5;0,0297429374713055
-46;4;0,0335440925090692
-46;4,5;0,0253550892169419
-46;5;0,0428137836395271
-46;5,5;0,0577715274659532
-46;6;0,0783762636192602
-46;6,5;0,0483858586993492
-46;7;0,0521167959171193
-46;7,5;0,0400222950476006
-46;8;0,0435616901745661
-46;8,5;0,0311907252967579
-46;9;0,0438651150326963
-46;9,5;0,0871639330603618
-46;10;0,0985742394797001
-46;10,5;0,140185683500798
-46;11;0,134888170301902
-46;11,5;0,198575299435182
-46;12;0,0753666683445487
-46;12,5;0,0700378879402173
-46;13;0,0838467069733229
-46;13,5;0,0907079098448691
-46;14;0,079885220741435
-46;14,5;0,137225824270969
-46;15;0,152227347140359
-46;15,5;0,0014142135623731
-46;16;0,0427315262228408
-46;16,5;0
-46;17;0,0658757849867388
-46;17,5;0,0706835376873569
-46;18;0,137910688109141
-46;18,5;0,19263979363073
-46;19;0
-46;19,5;0,200431201829123
-46;20;0,0848875816309518
-46;20,5;0,156602806566135
-46;21;0,0176776695296637
-46;21,5;0,101614350317641
-46;22;0,0933380951166243
-46;22,5;0
-46;23;0,0518898214626777
-46;23,5;0,156954970094491
-46;24;0,186462138694875
-46;24,5;0,106079687028196
-46;25;0,0487308936917845
-46;25,5;0,233358463203041
-46;26;0,193270315219212
-46;26,5;0
-46;27;0
-46;27,5;0
-46;28;0,121727496209087
-46;28,5;0,0403608721412211
-46;29;0
-46;29,5;0,137420106659418
-46;30;0,151606144588282
-46;30,5;0,161041020324862
-46;31;0,128608499861242
-46;31,5;0,196023565152861
-46;34;0
-46;34,5;0
-46;35;0,0530125771240498
-46;35,5;0,0510215640685387
-46;36;0,0508502704024276
-46;36,5;0,0528646069375974
-46;37;0
-46;37,5;0
-46;38;0,085011870828833
-46;38,5;0
-46;39,5;0,059696454389408
-46;40;0,00626099033699941
-46;40,5;0,0162634559672906
-46;41;0,0754603648723399
-45,5;-62;0,0517300686255103
-45,5;-61,5;0,0281306475811229
-45,5;-61;0,0577247620016588
-45,5;-60,5;0,0816295592676854
-45,5;-60;0,0740154730033014
-45,5;-59,5;0,0677173423986682
-45,5;-59;0,0633110641963409
-45,5;-58,5;0,0482593686932047
-45,5;-58;0,0482520853048211
-45,5;-57,5;0,0514581981208646
-45,5;-57;0,0620253404435869
-45,5;-56,5;0,0296202460212432
-45,5;-56;0,0556699457260635
-45,5;-55,5;0,0338371449881987
-45,5;-55;0,0307272951407485
-45,5;-54,5;0,037416351149375
-45,5;-54;0,0453935174729986
-45,5;-53,5;0,0616186576806001
-45,5;-53;0
-45,5;-52,5;0,06565045424715
-45,5;-52;0,0502082018141634
-45,5;-51,5;0,0665596110128494
-45,5;-51;0,0591444896180017
-45,5;-50,5;0,0625742635716831
-45,5;-50;0,0254360457666365
-45,5;-49,5;0,0435661693417164
-45,5;-49;0,0501437242510068
-45,5;-48,5;0,0470235103572223
-45,5;-48;0,0341359737796119
-45,5;-47,5;0,0689879966237672
-45,5;-47;0,0644298939278714
-45,5;-46,5;0,0382759346040214
-45,5;-46;0,0574199897148651
-45,5;-45,5;0,0461436064553989
-45,5;-45;0,0536178313318871
-45,5;-44,5;0,057329516305022
-45,5;-44;0,040409222994637
-45,5;-43,5;0,0695197813575388
-45,5;-43;0,0664272276749269
-45,5;-42,5;0,0340908241910389
-45,5;-42;0,052556487479254
-45,5;-41,5;0,0408442374896522
-45,5;-41;0,0664887437401251
-45,5;-40,5;0,0419756098435799
-45,5;-40;0,0441146230845123
-45,5;-39,5;0,057939141847939
-45,5;-39;0,069878401321669
-45,5;-38,5;0,0591095091899968
-45,5;-38;0,0887375988852672
-45,5;-37,5;0,090079746260602
-45,5;-37;0,0295539013486325
-45,5;-36,5;0,0468624455517294
-45,5;-36;0,0392062413117882
-45,5;-35,5;0,0385297254776251
-45,5;-35;0,0421135329407374
-45,5;-34,5;0,0470892560911264
-45,5;-34;0,0495970252733608
-45,5;-33,5;0,0296684562595944
-45,5;-33;0,0353084304622563
-45,5;-32,5;0,0396116114380348
-45,5;-32;0,0327285689978975
-45,5;-31,5;0,0609468505752457
-45,5;-31;0,0414766322075907
-45,5;-30,5;0,0506623620760963
-45,5;-30;0,0344163556639875
-45,5;-29,5;0,0484472903773119
-45,5;-29;0,0728613612378503
-45,5;-28,5;0,0322587037393344
-45,5;-28;0,0446009935157226
-45,5;-27,5;0,0311924467264492
-45,5;-27;0,0479629606288697
-45,5;-26,5;0,0368382586487945
-45,5;-26;0,0390684587331919
-45,5;-25,5;0,0441081721905872
-45,5;-25;0,0483734656326607
-45,5;-24,5;0,0415023066835459
-45,5;-24;0,077272658783804
-45,5;-23,5;0,0313488727186209
-45,5;-23;0,0310257002682451
-45,5;-22,5;0,0577209361828895
-45,5;-22;0,0478346936142092
-45,5;-21,5;0,0438480744030684
-45,5;-21;0,0344119770109233
-45,5;-20,5;0,0968528454381583
-45,5;-20;0,0771028447559997
-45,5;-19,5;0,0520622128472443
-45,5;-19;0,0717152269651572
-45,5;-18,5;0,295994781250139
-45,5;-18;0,282585444920662
-45,5;-17,5;0,074319923058015
-45,5;-17;0,0557761576473744
-45,5;-16,5;0,104170738631896
-45,5;-16;0,0862610054684373
-45,5;-15,5;0,0591741459745785
-45,5;-15;0,0315772318075453
-45,5;-14,5;0,0550160732837162
-45,5;-14;0,0441840721460229
-45,5;-13,5;0,0435630555306045
-45,5;-13;0,0442069799107464
-45,5;-12,5;0,0468754645168394
-45,5;-12;0,0453520303036266
-45,5;-11,5;0,0317096199914159
-45,5;-11;0,0712165643359231
-45,5;-10,5;0,0597766676889905
-45,5;-10;0,20335961578773
-45,5;-9,5;0,140845304233112
-45,5;-9;0,106140839565605
-45,5;-8,5;0,0320100190926849
-45,5;-8;0,0392428548004928
-45,5;-7,5;0,404173259936275
-45,5;-7;0,138220723182609
-45,5;-6,5;0,0586838822779789
-45,5;-6;0,0420301978940619
-45,5;-5,5;0,0792374295893922
-45,5;-5;0,139650282493664
-45,5;-4,5;0,0297074802659785
-45,5;-4;0,0257622778104575
-45,5;-3,5;0,0382227520980876
-45,5;-3;0,0523622040523806
-45,5;-2,5;0,0579524990726054
-45,5;-2;0,0391629920320649
-45,5;-1,5;0,0530540500942667
-45,5;-1;0,0546705749291646
-45,5;-0,5;0,0664374345010494
-45,5;0;0,0519761983886759
-45,5;0,5;0,0600528573612776
-45,5;1;0,0436339454288047
-45,5;1,5;0,0581379536046609
-45,5;2;0,141480397069067
-45,5;2,5;0,0608208134039123
-45,5;3;0,0806907152441385
-45,5;3,5;0,0552797595936188
-45,5;4;0,0266069415537182
-45,5;4,5;0,052610103209292
-45,5;5;0,0593524161316911
-45,5;5,5;0,0710818930671195
-45,5;6;0,122341163759693
-45,5;6,5;0,0881891355914301
-45,5;7;0,0450101667296875
-45,5;7,5;0,0500480741176502
-45,5;8;0,0300326013335033
-45,5;8,5;0,0490033188549426
-45,5;9;0,0356363213499024
-45,5;9,5;0,032953472074012
-45,5;10;0,0510550760953995
-45,5;10,5;0,082823519876945
-45,5;11;0,15446912921742
-45,5;11,5;0,174549071921829
-45,5;12;0,134404361745221
-45,5;12,5;0,174239068064504
-45,5;13;0,223894586418708
-45,5;13,5;0,327613858687389
-45,5;14;0,126086343263047
-45,5;14,5;0,150774107205146
-45,5;15;0,20046871595461
-45,5;15,5;0,261718846065706
-45,5;16;0,0723319069422669
-45,5;16,5;0,047590556953151
-45,5;17;0,0487061157790858
-45,5;17,5;0,0679807637236682
-45,5;18;0,101644279346206
-45,5;18,5;0,128735995870048
-45,5;19;0,0916007381962353
-45,5;19,5;0,171137930268163
-45,5;20;0,169392752979296
-45,5;20,5;0,127874708900824
-45,5;21;0,127522372764765
-45,5;21,5;0,182413532857891
-45,5;22;0,146418025171896
-45,5;22,5;0,164580159156196
-45,5;23;0,135135857565637
-45,5;23,5;0
-45,5;24;0,0404248273548158
-45,5;24,5;0,0943472853685269
-45,5;25;0,176598061667209
-45,5;25,5;0,137424160903387
-45,5;26;0,23043217708318
-45,5;26,5;0
-45,5;27;0
-45,5;27,5;0,296554549237405
-45,5;28;0,234231021140172
-45,5;28,5;0,103668913323829
-45,5;29;0,139193989333831
-45,5;29,5;0,125091585496007
-45,5;30;0,224933298755184
-45,5;30,5;0,250073981940969
-45,5;31;0,160408660934109
-45,5;31,5;0
-45,5;34;0
-45,5;34,5;0
-45,5;35;0
-45,5;35,5;0
-45,5;36;0,0633192966901349
-45,5;36,5;0
-45,5;37;0
-45,5;37,5;0
-45,5;38;0,0514846255368209
-45,5;38,5;0,0724005910765602
-45,5;39;0
-45,5;39,5;0,0660425548235306
-45,5;40;0,0585353714080841
-45,5;40,5;0,0614325942506389
-45,5;41;0,0675573830162182
-45,5;41,5;0,0926984358012583
-45;-62;0,0511621604964711
-45;-61,5;0,088155846102062
-45;-61;0,0786322870018403
-45;-60,5;0,0858178500175955
-45;-60;0,0843974496545762
-45;-59,5;0,101602071594928
-45;-59;0,0455499725576207
-45;-58,5;0,0402961260889651
-45;-58;0,058402119918661
-45;-57,5;0,0487641717292978
-45;-57;0,0374477413649119
-45;-56,5;0,0498698305591667
-45;-56;0
-45;-55,5;0,0375442821549387
-45;-55;0,0490976085303418
-45;-54,5;0,0706266592725438
-45;-54;0
-45;-53,5;0,0115036226178249
-45;-53;0,0426204176422522
-45;-52,5;0,0373143891329288
-45;-52;0,0520473477415171
-45;-51,5;0,0514707498997061
-45;-51;0,0545997485313123
-45;-50,5;0,0454289321774998
-45;-50;0,0231142091940578
-45;-49,5;0,0369516350562913
-45;-49;0,0411707406425664
-45;-48,5;0,00636396103067893
-45;-48;0,050530422649002
-45;-47,5;0,0682084742506088
-45;-47;0,045176731564268
-45;-46,5;0,0483643889045868
-45;-46;0,0544703511061453
-45;-45,5;0,0484548452046802
-45;-45;0,0381718083999401
-45;-44,5;0,0388450487852191
-45;-44;0,159019675993071
-45;-43,5;0,270091007404359
-45;-43;0,265269925076672
-45;-42,5;0,0331042596577031
-45;-42;0,0329664955751817
-45;-41,5;0,0347640002629978
-45;-41;0,043983936372748
-45;-40,5;0,0858533979411291
-45;-40;0,066141882091839
-45;-39,5;0,0319152926418702
-45;-39;0,0652137904245602
-45;-38,5;0,0687669799457865
-45;-38;0,084995086380841
-45;-37,5;0,0888853053118913
-45;-37;0,0325121099998514
-45;-36,5;0,0480425478647603
-45;-36;0,041112126221291
-45;-35,5;0,0510796434352747
-45;-35;0,0506127817173036
-45;-34,5;0,0367485200826383
-45;-34;0,039653603880843
-45;-33,5;0,0335262930388967
-45;-33;0,0515328531355096
-45;-32,5;0,0651218946056147
-45;-32;0,0314334196986198
-45;-31,5;0,111924389078178
-45;-31;0,0715148350018676
-45;-30,5;0,0268984366704982
-45;-30;0,0368525167251942
-45;-29,5;0,0495211533397514
-45;-29;0,119747052621642
-45;-28,5;0,0306804017630408
-45;-28;0,0591402835679359
-45;-27,5;0,0999051099380584
-45;-27;0,0628263534570106
-45;-26,5;0,0499175421999496
-45;-26;0,0423845903766989
-45;-25,5;0,0354592265751989
-45;-25;0,0511936996900515
-45;-24,5;0,0596102137350731
-45;-24;0,0541147922827174
-45;-23,5;0,0515344144021119
-45;-23;0,0381716869675734
-45;-22,5;0,0391353024879896
-45;-22;0,043481860572882
-45;-21,5;0,0576202494712064
-45;-21;0,0460647309546636
-45;-20,5;0,101091549365333
-45;-20;0,0428652970012183
-45;-19,5;0,0501290478593037
-45;-19;0,0826580003119863
-45;-18,5;0,331131148869601
-45;-18;0,16179693448305
-45;-17,5;0,0931902270485857
-45;-17;0,0470148402358107
-45;-16,5;0,0501581621319143
-45;-16;0,0536286647326619
-45;-15,5;0,0578604705965661
-45;-15;0,0371794901137183
-45;-14,5;0,0514088645066418
-45;-14;0,0421157859450623
-45;-13,5;0,0484812408695718
-45;-13;0,0544420071530904
-45;-12,5;0,0292370429967805
-45;-12;0,023037964952045
-45;-11,5;0,0445044987975726
-45;-11;0,0693116290991249
-45;-10,5;0,0428906547450935
-45;-10;0,108512193523358
-45;-9,5;0,0612444937649821
-45;-9;0,0528205288165767
-45;-8,5;0,0554337442357992
-45;-8;0,0593516496784987
-45;-7,5;0,0492336267199564
-45;-7;0,0444507810925336
-45;-6,5;0,04380458179865
-45;-6;0,0431793189069399
-45;-5,5;0,109843106242407
-45;-5;0,164242402158111
-45;-4,5;0,055509028129276
-45;-4;0,0427014380310237
-45;-3,5;0,0355773862618256
-45;-3;0,0766299585734208
-45;-2,5;0,0483747286418456
-45;-2;0,0385721891277211
-45;-1,5;0,0367529800519594
-45;-1;0,0495101514481498
-45;-0,5;0,0543792239738671
-45;0;0,0649563956307101
-45;0,5;0,0704293550135102
-45;1;0,077951399844946
-45;1,5;0,0406355021112111
-45;2;0,038591871342721
-45;2,5;0,0796284770205803
-45;3;0,0880772826187242
-45;3,5;0,0930404034098448
-45;4;0,03492964396538
-45;4,5;0,0331789551858839
-45;5;0,108927080946776
-45;5,5;0,109447618727628
-45;6;0,098749490675044
-45;6,5;0,0538204136475069
-45;7;0,0288047225175324
-45;7,5;0,0451220049193572
-45;8;0,360707328963103
-45;8,5;0,0478059174411813
-45;9;0,0621206017827841
-45;9,5;0,048384095931048
-45;10;0,0616002951307343
-45;10,5;0,0836779662661512
-45;11;0,0477222012040543
-45;11,5;0,0518414862370732
-45;12;0,201432758359585
-45;12,5;0,215733563289698
-45;13;0,214899009068316
-45;13,5;0,202001169948885
-45;14;0,0703488326069328
-45;14,5;0,218235841896999
-45;15;0,266635062538861
-45;15,5;0,124270736787972
-45;16;0,117969957719623
-45;16,5;0,0429305086323068
-45;17;0,0334805084257161
-45;17,5;0,0714027938834257
-45;18;0,208915616573977
-45;18,5;0,164057686059382
-45;19;0,145355937219119
-45;19,5;0,160692820964247
-45;20;0,172675318419854
-45;20,5;0,124625857652433
-45;21;0,137090929958634
-45;21,5;0,175613378073991
-45;22;0,0923256499626493
-45;22,5;0,120773203429679
-45;23;0,153346104540604
-45;23,5;0
-45;24;0,00919238815542512
-45;24,5;0,162366140670904
-45;25;0,143394783864019
-45;25,5;0,139846085165913
-45;26;0,155913437522235
-45;26,5;0
-45;27;0
-45;27,5;0,327724566220398
-45;28;0,354912749841422
-45;28,5;0,119429039410628
-45;29;0,147653122027421
-45;29,5;0,137640162123012
-45;30;0,102349298568085
-45;30,5;0,0996764028312884
-45;31,5;0,0268700576850888
-45;32;0,114225507951012
-45;34;0
-45;34,5;0
-45;35;0
-45;35,5;0
-45;36;0
-45;36,5;0
-45;37;0
-45;37,5;0
-45;38;0
-45;38,5;0,0740214444767477
-45;39;0,0919331084461492
-45;39,5;0,0753267880637426
-45;40;0,0682232330207937
-45;40,5;0,0712705002825595
-45;41;0,0410755401668682
-45;41,5;0,0731037867443516
-44,5;-62,5;0
-44,5;-62;0,0666116878562939
-44,5;-61,5;0,0726956595315613
-44,5;-61;0,0754841762859291
-44,5;-60,5;0,0712982921579926
-44,5;-60;0,0645617705939221
-44,5;-59,5;0
-44,5;-59;0,0665388471632789
-44,5;-58,5;0,066109794479399
-44,5;-58;0,0530067891592171
-44,5;-57,5;0,0355846408815189
-44,5;-57;0,0470141822574139
-44,5;-56,5;0
-44,5;-56;0,0953860576814033
-44,5;-55,5;0,0710227437389258
-44,5;-55;0,0602025549212624
-44,5;-54,5;0,0649519052838329
-44,5;-54;0
-44,5;-53,5;0,0289913780286484
-44,5;-53;0,0423778100882855
-44,5;-52,5;0,0537447228860215
-44,5;-52;0,0444559707276012
-44,5;-51,5;0,0819242911088293
-44,5;-51;0,0745862093927487
-44,5;-50,5;0,0629038321985486
-44,5;-50;0,0625797824114679
-44,5;-49,5;0,0451268235025489
-44,5;-49;0,0471158177781123
-44,5;-48,5;0,0496889567634744
-44,5;-48;0,0630508160566174
-44,5;-47,5;0,0428331539582854
-44,5;-47;0,0352540396526122
-44,5;-46,5;0,0542754718065798
-44,5;-46;0,0534458637822801
-44,5;-45,5;0,0326539132230807
-44,5;-45;0,0442712046418387
-44,5;-44,5;0,032021024569691
-44,5;-44;0,0472397620860988
-44,5;-43,5;0,383580298169287
-44,5;-43;0,211503257132787
-44,5;-42,5;0,0450145941480503
-44,5;-42;0,050844047517087
-44,5;-41,5;0,0400235028990932
-44,5;-41;0,0596250132766944
-44,5;-40,5;0,0805531772426457
-44,5;-40;0,0582672162048124
-44,5;-39,5;0,053184950199647
-44,5;-39;0,284445514555513
-44,5;-38,5;0,208721263441135
-44,5;-38;0,0541638676739716
-44,5;-37,5;0,0867560309770513
-44,5;-37;0,0751206189016696
-44,5;-36,5;0,0397334836119394
-44,5;-36;0,0539175421486491
-44,5;-35,5;0,0745664668815231
-44,5;-35;0,0438785419798903
-44,5;-34,5;0,0498311371221925
-44,5;-34;0,0511876969221538
-44,5;-33,5;0,0535752269460047
-44,5;-33;0,0377845530844369
-44,5;-32,5;0,0515018601391847
-44,5;-32;0,0498722210228506
-44,5;-31,5;0,0418070752708166
-44,5;-31;0,0486408423313138
-44,5;-30,5;0,0414388028321921
-44,5;-30;0,0381336528815909
-44,5;-29,5;0,0362744402300794
-44,5;-29;0,0748928509168752
-44,5;-28,5;0,0508125762615525
-44,5;-28;0,375002542140144
-44,5;-27,5;0,310079299928183
-44,5;-27;0,0484825236185033
-44,5;-26,5;0,0324859431351071
-44,5;-26;0,0431680695816359
-44,5;-25,5;0,03997749279247
-44,5;-25;0,0521052455283559
-44,5;-24,5;0,0896498414785826
-44,5;-24;0,0274016649068888
-44,5;-23,5;0,0462303074001682
-44,5;-23;0,0477370394047377
-44,5;-22,5;0,0371709827139782
-44,5;-22;0,0559877347843346
-44,5;-21,5;0,0266515237652233
-44,5;-21;0,0291327526461405
-44,5;-20,5;0,0303853282555658
-44,5;-20;0,0535340802771883
-44,5;-19,5;0,0580803345380585
-44,5;-19;0,0869665143646292
-44,5;-18,5;0,275482927706862
-44,5;-18;0,160823018928781
-44,5;-17,5;0,0682351361696887
-44,5;-17;0,0722558731040588
-44,5;-16,5;0,0823109521157196
-44,5;-16;0,0520700017493226
-44,5;-15,5;0,036506980869762
-44,5;-15;0,0569694241611779
-44,5;-14,5;0,0464139848427251
-44,5;-14;0,0367337913721335
-44,5;-13,5;0,039528416718752
-44,5;-13;0,0310591499047982
-44,5;-12,5;0,0319362576164653
-44,5;-12;0,0422011979266297
-44,5;-11,5;0,0349287389798528
-44,5;-11;0,0664144139488205
-44,5;-10,5;0,0247933375229945
-44,5;-10;0,045885913741472
-44,5;-9,5;0,0493032025848622
-44,5;-9;0,0397737246628188
-44,5;-8,5;0,0781767748549514
-44,5;-8;0,0571683500543254
-44,5;-7,5;0,0308638909067661
-44,5;-7;0,0781117421243636
-44,5;-6,5;0,0811532902142916
-44,5;-6;0,0417069749932239
-44,5;-5,5;0,0536813165501413
-44,5;-5;0,0685903990181247
-44,5;-4,5;0,0416223887985747
-44,5;-4;0,0246492055314838
-44,5;-3,5;0,0270102750574237
-44,5;-3;0,0524715502480551
-44,5;-2,5;0,0442275701506708
-44,5;-2;0,0494848127632598
-44,5;-1,5;0,0592120483235183
-44,5;-1;0,0563720643747706
-44,5;-0,5;0,101563087506247
-44,5;0;0,045435485397796
-44,5;0,5;0,0747845640651128
-44,5;1;0,106359601905711
-44,5;1,5;0,028695675491693
-44,5;2;0,0421452511034297
-44,5;2,5;0,0613790120745626
-44,5;3;0,070616157759359
-44,5;3,5;0,0836147210043031
-44,5;4;0,0720196578808971
-44,5;4,5;0,036517697496577
-44,5;5;0,104495528922238
-44,5;5,5;0,126403311910962
-44,5;6;0,135608149551268
-44,5;6,5;0,0266082188887195
-44,5;7;0,022560884753477
-44,5;7,5;0,0383398766741769
-44,5;8;0,378958825590473
-44,5;8,5;0,130457314330251
-44,5;9;0,0351330285041975
-44,5;9,5;0,060075274968051
-44,5;10;0,0424012668939329
-44,5;10,5;0,05801129560498
-44,5;11;0,110334693715916
-44,5;11,5;0,0378705785919831
-44,5;12;0,0465360345938851
-44,5;12,5;0,074603796431771
-44,5;13;0,059044570498576
-44,5;13,5;0,0725754965722089
-44,5;14;0,0649709144721361
-44,5;14,5;0,0701011351850229
-44,5;15;0,103082450157874
-44,5;15,5;0,0959373768751791
-44,5;16;0,0622408523970973
-44,5;16,5;0,0697997134664606
-44,5;17;0,112970002825801
-44,5;17,5;0,142695865899919
-44,5;18;0,177613498367269
-44,5;18,5;0,182511101376697
-44,5;19;0,1080869105285
-44,5;19,5;0,160329996170267
-44,5;20;0,248722600135536
-44,5;20,5;0,19363119842962
-44,5;21;0,138639520580052
-44,5;21,5;0,166098747274487
-44,5;22;0,178069527669649
-44,5;22,5;0,0999085570920719
-44,5;23;0,167260902555886
-44,5;23,5;0,14101166936165
-44,5;24;0,215436031859876
-44,5;24,5;0,0798616164235221
-44,5;25;0,181383571472171
-44,5;25,5;0,124795617857997
-44,5;26;0,181394112847755
-44,5;26,5;0,116925755729613
-44,5;27;0
-44,5;27,5;0
-44,5;28;0
-44,5;28,5;0
-44,5;29;0
-44,5;29,5;0,0729997509335726
-44,5;30;0,0950875536394898
-44,5;30,5;0,102190997646564
-44,5;31,5;0,0657137732899276
-44,5;32;0,0937878812356195
-44,5;34;0
-44,5;34,5;0
-44,5;35;0
-44,5;35,5;0,02328626204439
-44,5;36;0,0843411440011847
-44,5;36,5;0,0643666580355596
-44,5;37;0,0804898199222182
-44,5;37,5;0
-44,5;38;0
-44,5;38,5;0,0806101730552664
-44,5;39;0,0833374094241224
-44,5;39,5;0,0352082241474779
-44,5;40;0
-44,5;40,5;0,0526278555184475
-44,5;41;0,0695936256224141
-44,5;41,5;0,0641376867149327
-44;-62,5;0,0710210315899775
-44;-62;0,0615821508935592
-44;-61,5;0,0818986332147795
-44;-61;0,0750253550215119
-44;-60,5;0,0515942796923234
-44;-59,5;0,0869741340859453
-44;-59;0,0529436218405585
-44;-58,5;0,0376512821510642
-44;-58;0,0444559707276012
-44;-57,5;0,0344193905298226
-44;-57;0,0296577702016408
-44;-56,5;0,0727556248848222
-44;-56;0,0476851852669086
-44;-55,5;0,0550512748003428
-44;-55;0,0473892538378728
-44;-54,5;0
-44;-54;0
-44;-53,5;0,0380613539783685
-44;-53;0,0183847763108502
-44;-52,5;0
-44;-52;0,0352501266461757
-44;-51,5;0,0853474690672809
-44;-51;0,0723335826995123
-44;-50,5;0,0556667480827223
-44;-50;0,059898976576883
-44;-49,5;0,0484999922603009
-44;-49;0,0493394518879673
-44;-48,5;0,0540185422202457
-44;-48;0,0659212285563932
-44;-47,5;0,0526607118705458
-44;-47;0,100675947616953
-44;-46,5;0,0641207128998486
-44;-46;0,0754376876073124
-44;-45,5;0,0584636639289739
-44;-45;0,0351299784317523
-44;-44,5;0,0772112818234248
-44;-44;0,0557253365293843
-44;-43,5;0,0494124205194129
-44;-43;0,0453910942022865
-44;-42,5;0,0520876434114066
-44;-42;0,0915695466257988
-44;-41,5;0,0859993697455897
-44;-41;0,0835907684696598
-44;-40,5;0,077006478079242
-44;-40;0,0489888374623806
-44;-39,5;0,0596632905709888
-44;-39;0,361813993328332
-44;-38,5;0,318301902993487
-44;-38;0,134662287597645
-44;-37,5;0,101278282084348
-44;-37;0,0750744221720611
-44;-36,5;0,0770587619082629
-44;-36;0,0588365235323894
-44;-35,5;0,0501585406596118
-44;-35;0,0314021195613872
-44;-34,5;0,038034362517275
-44;-34;0,0957538460401304
-44;-33,5;0,0662008149433197
-44;-33;0,0389228505124049
-44;-32,5;0,0535386449340793
-44;-32;0,0373954520591842
-44;-31,5;0,044015696549069
-44;-31;0,103574845510817
-44;-30,5;0,038679968263994
-44;-30;0,055590064167617
-44;-29,5;0,0374161284296848
-44;-29;0,05660148373879
-44;-28,5;0,122853092070997
-44;-28;0,106755197526301
-44;-27,5;0,0944609937426183
-44;-27;0,0395043429631181
-44;-26,5;0,024106341540751
-44;-26;0,0342349582904084
-44;-25,5;0,0413779479071009
-44;-25;0,0511173137195683
-44;-24,5;0,0384743608950297
-44;-24;0,0318744891386708
-44;-23,5;0,0569392661310998
-44;-23;0,0278359338928349
-44;-22,5;0,034370748476351
-44;-22;0,0473225632508626
-44;-21,5;0,043700399667846
-44;-21;0,0726245939930893
-44;-20,5;0,0437483440660056
-44;-20;0,0405641947787821
-44;-19,5;0,0560977040773149
-44;-19;0,0613467602456062
-44;-18,5;0,044567287546653
-44;-18;0,0963023807655556
-44;-17,5;0,0616460214119522
-44;-17;0,079670794840339
-44;-16,5;0,0383413251155082
-44;-16;0,0404222615500948
-44;-15,5;0,0434365107045314
-44;-15;0,0654963944500032
-44;-14,5;0,0550191476812414
-44;-14;0,0728369532798112
-44;-13,5;0,0418717608014886
-44;-13;0,0334898914469971
-44;-12,5;0,0421345508834645
-44;-12;0,0392180736430983
-44;-11,5;0,0320115951944097
-44;-11;0,21864104969892
-44;-10,5;0,24568786273505
-44;-10;0,039974515691399
-44;-9,5;0,0400253191217621
-44;-9;0,0475249825559373
-44;-8,5;0,0570675630223623
-44;-8;0,0689682663482663
-44;-7,5;0,0650707116962859
-44;-7;0,0553574124480874
-44;-6,5;0,0588920745625504
-44;-6;0,057417553780126
-44;-5,5;0,0515098396952871
-44;-5;0,0413332014658599
-44;-4,5;0,0468549941435326
-44;-4;0,0498995851189298
-44;-3,5;0,0667697917955323
-44;-3;0,0506457066621228
-44;-2,5;0,102548527113865
-44;-2;0,108394300125606
-44;-1,5;0,0563186562946237
-44;-1;0,0562215082417816
-44;-0,5;0,0804385036605509
-44;0;0,0761740467577313
-44;0,5;0,171291919975052
-44;1;0,107788258747617
-44;1,5;0,0483784454897633
-44;2;0,0334749415747232
-44;2,5;0,0365009133298044
-44;3;0,0613799755666311
-44;3,5;0,09343939344802
-44;4;0,0947025683193491
-44;4,5;0,0526280020695
-44;5;0,0383434765060648
-44;5,5;0,05958425407214
-44;6;0,0994953338324974
-44;6,5;0,10397333078602
-44;7;0,100259383276611
-44;7,5;0,0391912238570436
-44;8;0,0509687231209423
-44;8,5;0,0375983015285867
-44;9;0,0435793994260645
-44;9,5;0,0419799124373267
-44;10;0,370187209529192
-44;10,5;0,367982991755827
-44;11;0,0454873092347573
-44;11,5;0,0405128622783865
-44;12;0,0309224967169996
-44;12,5;0,133544275958943
-44;13;0,147346173644655
-44;13,5;0,0605921919266686
-44;14;0,0598007682344274
-44;14,5;0,0465918551673689
-44;15;0,0758507165085979
-44;15,5;0,129448317902059
-44;16;0,0449123916484976
-44;16,5;0,0260672207954741
-44;17;0,0298607881119482
-44;17,5;0,0582815176030759
-44;18;0,170200304317424
-44;18,5;0,148753320328126
-44;19;0,141598603627664
-44;19,5;0,141083588280096
-44;20;0,188289961563723
-44;20,5;0,14558377425948
-44;21;0,189502557620231
-44;21,5;0,194488352482448
-44;22;0,250357455220761
-44;22,5;0,179775256520865
-44;23;0,156453233541894
-44;23,5;0,266007311736269
-44;24;0,165782132375657
-44;24,5;0,068794379615392
-44;25;0,119976062038162
-44;25,5;0,151313683741727
-44;26;0,23902867331487
-44;26,5;0,104002976147892
-44;27;0,252249876114935
-44;27,5;0,0834042365031098
-44;28;0
-44;28,5;0
-44;29;0
-44;29,5;0,0804860236314355
-44;30;0,33271471031732
-44;30,5;0,0505404128726046
-44;31;0
-44;31,5;0,119501046020527
-44;32;0
-44;33;0
-44;33,5;0
-44;34;0
-44;34,5;0
-44;35;0
-44;35,5;0
-44;36;0
-44;36,5;0
-44;37;0,0748905590400642
-44;37,5;0,0903623866414573
-44;38;0
-44;38,5;0
-44;39;0
-44;39,5;0,0825870513617697
-44;40;0,029698484809835
-44;40,5;0,0738621087643124
-44;41;0,055317759765328
-44;41,5;0,0954594154601839
-43,5;-63;0,0615182899632296
-43,5;-62,5;0,0716189659381597
-43,5;-62;0,0663242873712627
-43,5;-61,5;0,0648958649443532
-43,5;-61;0,0669533898339465
-43,5;-60;0,0276706824394822
-43,5;-59,5;0,0535920683344074
-43,5;-59;0,00636396103067893
-43,5;-58;0,0459990245158553
-43,5;-57,5;0,0728419685411671
-43,5;-57;0,0677399439031359
-43,5;-56,5;0,0523103015385959
-43,5;-56;0,0544212634274828
-43,5;-55,5;0,065826306018966
-43,5;-55;0,0589126214804346
-43,5;-54,5;0,0201825006709608
-43,5;-54;0,0658709506752191
-43,5;-53,5;0
-43,5;-53;0
-43,5;-52,5;0
-43,5;-52;0,0446396684575502
-43,5;-51,5;0,0600770872317925
-43,5;-51;0,0398640188641336
-43,5;-50,5;0,106398264286946
-43,5;-50;0,0910250883652143
-43,5;-49,5;0,0343414229951721
-43,5;-49;0,0433544679371099
-43,5;-48,5;0,0446938645480473
-43,5;-48;0,101451244341087
-43,5;-47,5;0,0229934773359751
-43,5;-47;0,11356576744672
-43,5;-46,5;0,0588381628857046
-43,5;-46;0,05853679850881
-43,5;-45,5;0,0480963456722356
-43,5;-45;0,0382871955515253
-43,5;-44,5;0,035070808604331
-43,5;-44;0,0353371408941081
-43,5;-43,5;0,102741108713261
-43,5;-43;0,107277383103029
-43,5;-42,5;0,0657896151135582
-43,5;-42;0,270646347373347
-43,5;-41,5;0,0784361113541233
-43,5;-41;0,0510693198118666
-43,5;-40,5;0,0616755022875175
-43,5;-40;0,0987233243155252
-43,5;-39,5;0,0780380101904371
-43,5;-39;0,179201191657462
-43,5;-38,5;0,128935273113825
-43,5;-38;0,0715372051902973
-43,5;-37,5;0,0557156292119306
-43,5;-37;0,0486371036442625
-43,5;-36,5;0,100997750034395
-43,5;-36;0,0961373028108004
-43,5;-35,5;0,0585430217826944
-43,5;-35;0,0588840758079254
-43,5;-34,5;0,0672491080205098
-43,5;-34;0,0852922938378453
-43,5;-33,5;0,0663321941233005
-43,5;-33;0,0368225474403931
-43,5;-32,5;0,0534240108109591
-43,5;-32;0,0359265550167547
-43,5;-31,5;0,0649393511496003
-43,5;-31;0,0944270411822936
-43,5;-30,5;0,0520331227947026
-43,5;-30;0,0594656810070385
-43,5;-29,5;0,0420161290032617
-43,5;-29;0,0382221197838549
-43,5;-28,5;0,0747796404651639
-43,5;-28;0,0445336286095686
-43,5;-27,5;0,034717869185354
-43,5;-27;0,0309730532487227
-43,5;-26,5;0,0360715675980504
-43,5;-26;0,0420689156493467
-43,5;-25,5;0,0241092668762718
-43,5;-25;0,0768712036846235
-43,5;-24,5;0,0327927711579913
-43,5;-24;0,0550332443980974
-43,5;-23,5;0,0503884620467624
-43,5;-23;0,0529739423442612
-43,5;-22,5;0,0468270118679354
-43,5;-22;0,0366206255806434
-43,5;-21,5;0,0400803903042271
-43,5;-21;0,062024870704518
-43,5;-20,5;0,0530004878906311
-43,5;-20;0,044238986570477
-43,5;-19,5;0,0526848576395467
-43,5;-19;0,037681054705137
-43,5;-18,5;0,0680629240544882
-43,5;-18;0,0598284091508232
-43,5;-17,5;0,0680311265059566
-43,5;-17;0,0435209301867256
-43,5;-16,5;0,0408115709115306
-43,5;-16;0,0300221373006888
-43,5;-15,5;0,0446808668270742
-43,5;-15;0,0395156348922808
-43,5;-14,5;0,0529496970465315
-43,5;-14;0,0462684658989156
-43,5;-13,5;0,0267581097847675
-43,5;-13;0,0438191358502957
-43,5;-12,5;0,0468166259756044
-43,5;-12;0,0517694015480102
-43,5;-11,5;0,121466247054701
-43,5;-11;0,338597860328862
-43,5;-10,5;0,312756438474354
-43,5;-10;0,218408635043485
-43,5;-9,5;0,102451787357676
-43,5;-9;0,0645555686981062
-43,5;-8,5;0,0680918476756796
-43,5;-8;0,071506192299619
-43,5;-7,5;0,0541043375233721
-43,5;-7;0,0505021980960614
-43,5;-6,5;0,0563042331149858
-43,5;-6;0,0728549854030019
-43,5;-5,5;0,0182689126404457
-43,5;-5;0,0281318986029785
-43,5;-4,5;0,0890269197320383
-43,5;-4;0,0640410035660049
-43,5;-3,5;0,0562560312040581
-43,5;-3;0,0751081424204542
-43,5;-2,5;0,0638783853055452
-43,5;-2;0,0611376754149431
-43,5;-1,5;0,101569786107562
-43,5;-1;0,0932310697629605
-43,5;-0,5;0,065742200408874
-43,5;0;0,0602627054148073
-43,5;0,5;0,15098484954918
-43,5;1;0,1079963733959
-43,5;1,5;0,130117874616695
-43,5;2;0,101833164385186
-43,5;2,5;0,0300847494939726
-43,5;3;0,0443903607966038
-43,5;3,5;0,0659717612182433
-43,5;4;0,0840913602146207
-43,5;4,5;0,110822855328483
-43,5;5;0,022043211722067
-43,5;5,5;0,0424542064096513
-43,5;6;0,090932532243241
-43,5;6,5;0,0675634147151219
-43,5;7;0,111543110790126
-43,5;7,5;0,122067303778431
-43,5;8;0,0387851763415632
-43,5;8,5;0,084027293846173
-43,5;9;0,0607856999594804
-43,5;9,5;0,0306422118601012
-43,5;10;0,0648448698268193
-43,5;10,5;0,092196958028817
-43,5;11;0,0399390397222992
-43,5;11,5;0,0259280634163881
-43,5;12;0,0412653305962949
-43,5;12,5;0,0860795144425192
-43,5;13;0,101433765580655
-43,5;13,5;0,08453904239151
-43,5;14;0,0437754590458006
-43,5;14,5;0,0644806237698647
-43,5;15;0,117208017419114
-43,5;15,5;0,0755053131500247
-43,5;16;0,127256348607327
-43,5;16,5;0,0518060924228146
-43,5;17;0,038581940773452
-43,5;17,5;0,057367502150872
-43,5;18;0,13839922112328
-43,5;18,5;0,10464451473316
-43,5;19;0,233957390577987
-43,5;19,5;0,147820893981832
-43,5;20;0,172412217973101
-43,5;20,5;0,170795164756188
-43,5;21;0,204514186871178
-43,5;21,5;0,152203285916903
-43,5;22;0,172450210679485
-43,5;22,5;0,153847910246384
-43,5;23;0,10019679981322
-43,5;23,5;0,299198009849561
-43,5;24;0,161505681343979
-43,5;24,5;0,146507337700198
-43,5;25;0
-43,5;25,5;0,321728595074931
-43,5;26;0,165500116681671
-43,5;26,5;0,24813406689029
-43,5;27;0,213433629697183
-43,5;27,5;0,392698677912196
-43,5;28;0,0838438777331615
-43,5;28,5;0,362153984890309
-43,5;29;0,0674213594188248
-43,5;29,5;0,0525144237889206
-43,5;30;0,322014283503834
-43,5;30,5;0,313562115058564
-43,5;31;0
-43,5;31,5;0,118842650166409
-43,5;32;0
-43,5;32,5;0
-43,5;33;0
-43,5;33,5;0
-43,5;34;0
-43,5;34,5;0
-43,5;35;0
-43,5;35,5;0
-43,5;36;0
-43,5;36,5;0,00494974746830583
-43,5;37;0,0213853532431273
-43,5;37,5;0,0580367699537687
-43,5;38;0,0466360018297738
-43,5;38,5;0,0608495412198536
-43,5;39;0
-43,5;39,5;0,0718843979363162
-43,5;40;0,0756214990006884
-43,5;40,5;0,0566125617054832
-43,5;41;0,0613799253672993
-43,5;41,5;0,0858287053768532
-43,5;42,5;0
-43;-63;0,0743192064304002
-43;-62,5;0,066181695405321
-43;-62;0,0653840812283699
-43;-61,5;0,0537382749797777
-43;-60,5;0,0115325625946708
-43;-60;0,0767030628364008
-43;-59,5;0,0802802383321491
-43;-58;0,0253567873885212
-43;-57,5;0,047480139388629
-43;-57;0,0309735774491743
-43;-56,5;0,0695010172432711
-43;-56;0,0437416658728647
-43;-55,5;0,0856069715118376
-43;-55;0,000707106781186548
-43;-54,5;0,0655221760593736
-43;-54;0,0389743505398102
-43;-53,5;0
-43;-53;0
-43;-52,5;0
-43;-52;0
-43;-51,5;0,0578419673059119
-43;-51;0,0575064592645283
-43;-50,5;0,087537762917355
-43;-50;0,0860407071024438
-43;-49,5;0,0298525416409431
-43;-49;0,0663741639816938
-43;-48,5;0,278319699227983
-43;-48;0,27528683024065
-43;-47,5;0,140112429704671
-43;-47;0,0747025538031696
-43;-46,5;0,0605631800724484
-43;-46;0,0516687511610965
-43;-45,5;0,389057112781846
-43;-45;0,159183826786463
-43;-44,5;0,0414181707002957
-43;-44;0,0283832619180664
-43;-43,5;0,113042144776745
-43;-43;0,112761953866946
-43;-42,5;0,10859378473943
-43;-42;0,343462873547422
-43;-41,5;0,0450159913291672
-43;-41;0,0450413630646807
-43;-40,5;0,0481516913491414
-43;-40;0,0791575280240519
-43;-39,5;0,065902934107646
-43;-39;0,029513919036133
-43;-38,5;0,0426853933283764
-43;-38;0,0313923076695127
-43;-37,5;0,174326229070552
-43;-37;0,116117091538535
-43;-36,5;0,191299624015468
-43;-36;0,0572958671387786
-43;-35,5;0,0632182661384644
-43;-35;0,0916549689505884
-43;-34,5;0,0851780734795092
-43;-34;0,0991069503279451
-43;-33,5;0,0876724298663935
-43;-33;0,0310472114503537
-43;-32,5;0,034133296880361
-43;-32;0,0351744843973168
-43;-31,5;0,0439040244269423
-43;-31;0,0493468831440554
-43;-30,5;0,0528165062583027
-43;-30;0,0381598926946646
-43;-29,5;0,0409761100861971
-43;-29;0,0494077667018893
-43;-28,5;0,0947369106072441
-43;-28;0,104385351716094
-43;-27,5;0,0412161239143544
-43;-27;0,0339951706179621
-43;-26,5;0,0367668347528183
-43;-26;0,0380518947519683
-43;-25,5;0,0385548819946299
-43;-25;0,0433463198383227
-43;-24,5;0,0276966547293277
-43;-24;0,0438581280887481
-43;-23,5;0,0307022738872667
-43;-23;0,0332995472795706
-43;-22,5;0,0387289791180895
-43;-22;0,0349978780869389
-43;-21,5;0,0539353612058527
-43;-21;0,0354942685999906
-43;-20,5;0,0525533051190372
-43;-20;0,0329532826662434
-43;-19,5;0,0398019071150091
-43;-19;0,0506146590474839
-43;-18,5;0,0669211207696831
-43;-18;0,0514623726200406
-43;-17,5;0,063977041007394
-43;-17;0,035672877978109
-43;-16,5;0,0357534478877772
-43;-16;0,0466261612564863
-43;-15,5;0,0330887648976372
-43;-15;0,0396450630269264
-43;-14,5;0,0685206901111104
-43;-14;0,0447686138450499
-43;-13,5;0,0378087382585724
-43;-13;0,10025090561753
-43;-12,5;0,0715444110662806
-43;-12;0,0649024018283253
-43;-11,5;0,264448632443244
-43;-11;0,184489370489715
-43;-10,5;0,287998387406005
-43;-10;0,177583621322417
-43;-9,5;0,245961003120459
-43;-9;0,0836506287241788
-43;-8,5;0,0439133592799424
-43;-8;0,0502311185034381
-43;-7,5;0,0457574976104531
-43;-7;0,0521614230019348
-43;-6,5;0,0298048773903441
-43;-6;0,0520110948894237
-43;-5,5;0,0856029312916913
-43;-5;0,0859315739379248
-43;-4,5;0,086420223885493
-43;-4;0,0522230181763845
-43;-3,5;0,0733758593591562
-43;-3;0,0746947441249119
-43;-2,5;0,0797216547147104
-43;-2;0,0670212177658402
-43;-1,5;0,0656952366760327
-43;-1;0,0503928259255413
-43;-0,5;0,05173978120052
-43;0;0,0720438112803706
-43;0,5;0,15732696997684
-43;1;0,101250842257491
-43;1,5;0,131781731637539
-43;2;0,144460223703596
-43;2,5;0,10673855008547
-43;3;0,0306114771684619
-43;3,5;0,107447403853174
-43;4;0,126502104208373
-43;4,5;0,139395102597255
-43;5;0,0430401729513233
-43;5,5;0,0322013985246298
-43;6;0,0505105585656172
-43;6,5;0,0783214529998008
-43;7;0,153101997906903
-43;7,5;0,110108422441944
-43;8;0,232998693782493
-43;8,5;0,14942994300062
-43;9;0,0784997921117361
-43;9,5;0,120547916946383
-43;10;0,0727758451435889
-43;10,5;0,0459426201979094
-43;11;0,0650656677944761
-43;11,5;0,0278329864749752
-43;12;0,0387817654181365
-43;12,5;0,0470200201231519
-43;13;0,0327794202226329
-43;13,5;0,0678987532292786
-43;14;0,0406840739586619
-43;14,5;0,0645425049076888
-43;15;0,170452968238108
-43;15,5;0,0559955173627483
-43;16;0,111853905923737
-43;16,5;0,0438883865753855
-43;17;0,163454312553566
-43;17,5;0,0829334931479091
-43;18;0,0894497882076286
-43;18,5;0,15197634307062
-43;19;0,15732973855764
-43;19,5;0,226119033008298
-43;20;0,151082750683716
-43;20,5;0,196457583235115
-43;21;0,113189302417756
-43;21,5;0,11559342232893
-43;22;0,114139685770848
-43;22,5;0,135793687780492
-43;23;0,151478004426477
-43;23,5;0,159461995788035
-43;24;0,171516463885022
-43;24,5;0,214959809335083
-43;25;0,133285574369379
-43;25,5;0,337132186406328
-43;26;0,239045863237963
-43;26,5;0,179547541092033
-43;27;0,330190216746306
-43;27,5;0,291435163590838
-43;28;0,289869570088591
-43;28,5;0,322371338455201
-43;29;0,299397723480652
-43;29,5;0,199026648678156
-43;30;0,307921246266702
-43;30,5;0,346534630304101
-43;31;0,213296936999417
-43;31,5;0,149860817780641
-43;32;0,0805221058083401
-43;32,5;0,206961459580362
-43;33;0,0929010360305184
-43;33,5;0,0381575680566778
-43;34;0,0618441589804567
-43;34,5;0
-43;35;0
-43;35,5;0
-43;36;0
-43;36,5;0
-43;37;0
-43;37,5;0
-43;38;0
-43;38,5;0
-43;39;0
-43;39,5;0
-43;40;0
-43;40,5;0,0686779925934551
-43;41;0,0630864486240904
-43;41,5;0,0433250369131916
-43;42;0,0455683683104431
-43;42,5;0,0591861470278308
-43;43;0
-42,5;-63;0,0773795500842557
-42,5;-62,5;0,0859946623288835
-42,5;-62;0,0875992519795028
-42,5;-61,5;0,0388908729652601
-42,5;-61;0
-42,5;-60,5;0,0507049564720988
-42,5;-60;0,0847923794868833
-42,5;-58;0,0675974130896313
-42,5;-57,5;0,0562978734007826
-42,5;-57;0,0673908582656266
-42,5;-56,5;0,0619494700712223
-42,5;-56;0,069884631072068
-42,5;-55,5;0,0363639015141848
-42,5;-55;0,0511151289762279
-42,5;-54,5;0,0662713038523139
-42,5;-54;0,0763675323681471
-42,5;-53,5;0
-42,5;-53;0,0306900273342625
-42,5;-52,5;0,0383449257833854
-42,5;-52;0,0903329219971146
-42,5;-51,5;0,262793037739025
-42,5;-51;0,214577766139735
-42,5;-50,5;0,0680233220923886
-42,5;-50;0,0508574051041099
-42,5;-49,5;0,0584889071524422
-42,5;-49;0,056309757934237
-42,5;-48,5;0,192048437650105
-42,5;-48;0,30724743775851
-42,5;-47,5;0,098957291762631
-42,5;-47;0,0557163493702435
-42,5;-46,5;0,0327628357913491
-42,5;-46;0,0226340660215827
-42,5;-45,5;0,292915326909214
-42,5;-45;0,120699628452792
-42,5;-44,5;0,0584325149301131
-42,5;-44;0,0310410932036147
-42,5;-43,5;0,0429887253774151
-42,5;-43;0,0542092602511461
-42,5;-42,5;0,0328413251628722
-42,5;-42;0,0747476367013691
-42,5;-41,5;0,0602748521812291
-42,5;-41;0,0445846175133519
-42,5;-40,5;0,044342417615642
-42,5;-40;0,0493890863982089
-42,5;-39,5;0,0642698662537499
-42,5;-39;0,0355724094764301
-42,5;-38,5;0,0377407118660265
-42,5;-38;0,0378678191402502
-42,5;-37,5;0,123118605414605
-42,5;-37;0,147886553269672
-42,5;-36,5;0,0554540809717259
-42,5;-36;0,0364594019858166
-42,5;-35,5;0,0457235901282355
-42,5;-35;0,108761945292467
-42,5;-34,5;0,102993271865626
-42,5;-34;0,0362399487347529
-42,5;-33,5;0,0496679055360314
-42,5;-33;0,0301311200934812
-42,5;-32,5;0,0411978980581257
-42,5;-32;0,0507409262607231
-42,5;-31,5;0,0341014367583056
-42,5;-31;0,0471360714172293
-42,5;-30,5;0,0501726015361331
-42,5;-30;0,0614927485702319
-42,5;-29,5;0,0766403940490914
-42,5;-29;0,039826355187151
-42,5;-28,5;0,0452254179610544
-42,5;-28;0,0904989520965769
-42,5;-27,5;0,0674345341140915
-42,5;-27;0,0595875100156254
-42,5;-26,5;0,0453631156222009
-42,5;-26;0,0378518261620447
-42,5;-25,5;0,0486958217699552
-42,5;-25;0,047087684164758
-42,5;-24,5;0,0563724384848508
-42,5;-24;0,0603724550878406
-42,5;-23,5;0,0371367781775089
-42,5;-23;0,0264230148193564
-42,5;-22,5;0,0506532132308512
-42,5;-22;0,0366110300506216
-42,5;-21,5;0,0279993710720491
-42,5;-21;0,0356274415496972
-42,5;-20,5;0,053950074094042
-42,5;-20;0,0339950150886234
-42,5;-19,5;0,0397216493112067
-42,5;-19;0,033872093813731
-42,5;-18,5;0,0438644588109605
-42,5;-18;0,0426516281575167
-42,5;-17,5;0,030829777971363
-42,5;-17;0,024240726363814
-42,5;-16,5;0,0474938950917234
-42,5;-16;0,0441332842502287
-42,5;-15,5;0,0423969985205244
-42,5;-15;0,0434445403616891
-42,5;-14,5;0,0331793613995703
-42,5;-14;0,0296557209471802
-42,5;-13,5;0,032451203402045
-42,5;-13;0,10299448449825
-42,5;-12,5;0,0862986653539513
-42,5;-12;0,228080724315773
-42,5;-11,5;0,0706392115568003
-42,5;-11;0,0599905548121258
-42,5;-10,5;0,0356089740909882
-42,5;-10;0,0545251320943862
-42,5;-9,5;0,13795354972933
-42,5;-9;0,233598765693086
-42,5;-8,5;0,176402202125145
-42,5;-8;0,0316876434799323
-42,5;-7,5;0,0406850684328837
-42,5;-7;0,0507828711279699
-42,5;-6,5;0,0637820086552562
-42,5;-6;0,0426095783926443
-42,5;-5,5;0,0506655307433924
-42,5;-5;0,0637679894134134
-42,5;-4,5;0,0519347346837034
-42,5;-4;0,039595269912567
-42,5;-3,5;0,042863530919806
-42,5;-3;0,0849733258525437
-42,5;-2,5;0,294488655063595
-42,5;-2;0,360751481765331
-42,5;-1,5;0,0323250493491812
-42,5;-1;0,0386442367088849
-42,5;-0,5;0,0561451986667901
-42,5;0;0,0645837541086444
-42,5;0,5;0,168351210188667
-42,5;1;0,0963016417219723
-42,5;1,5;0,117364034809079
-42,5;2;0,114914706661778
-42,5;2,5;0,133577887761974
-42,5;3;0,079361661897291
-42,5;3,5;0,0620735545204147
-42,5;4;0,130058345348161
-42,5;4,5;0,140348257322039
-42,5;5;0,149957442140383
-42,5;5,5;0,0279491134238006
-42,5;6;0,0214104483903416
-42,5;6,5;0,0547545989524403
-42,5;7;0,20083478915376
-42,5;7,5;0,122255156285454
-42,5;8;0,162542589384581
-42,5;8,5;0,264637154476486
-42,5;9;0,0478367967808207
-42,5;9,5;0,0726227527720031
-42,5;10;0,0874102474486784
-42,5;10,5;0,05930035746576
-42,5;11;0,0302700309675226
-42,5;11,5;0,0239433856061693
-42,5;12;0,0321494745349172
-42,5;12,5;0,0467491856588037
-42,5;13;0,0171991140414128
-42,5;13,5;0,0261379672762312
-42,5;14;0,0474514491922154
-42,5;14,5;0,048600821655827
-42,5;15;0,0529219614448758
-42,5;15,5;0,0478881345424072
-42,5;16;0,0461625039147225
-42,5;16,5;0,0505031379101884
-42,5;17;0,099421287415243
-42,5;17,5;0,0271185947611262
-42,5;18;0,0399865003815782
-42,5;18,5;0,143461419538857
-42,5;19;0,141984144502028
-42,5;19,5;0,178351421050355
-42,5;20;0,117258566546634
-42,5;20,5;0,201569555524354
-42,5;21;0,0432284628456761
-42,5;21,5;0,104298849466329
-42,5;22;0,162911441989304
-42,5;22,5;0,164515689068507
-42,5;23;0,171531125303987
-42,5;23,5;0,131074396263711
-42,5;24;0,265962287483064
-42,5;24,5;0,155750114665017
-42,5;25;0,257071656335793
-42,5;25,5;0,250478863937581
-42,5;26;0,267974313065409
-42,5;26,5;0,100714044232539
-42,5;27;0,266801143726905
-42,5;27,5;0,264919714614177
-42,5;28;0,23193870578936
-42,5;28,5;0,267616308505458
-42,5;29;0,0988554881588173
-42,5;29,5;0,163851041400767
-42,5;30;0,173639078992218
-42,5;30,5;0,0127279220613579
-42,5;31;0,167177210708337
-42,5;31,5;0,21496575954737
-42,5;32;0,154321597825954
-42,5;32,5;0,112806719926634
-42,5;33;0,11959101811759
-42,5;33,5;0,244738146258237
-42,5;34;0,0809279514959654
-42,5;34,5;0
-42,5;35;0,0301053705064949
-42,5;35,5;0
-42,5;36;0
-42,5;36,5;0
-42,5;37;0
-42,5;37,5;0
-42,5;38;0
-42,5;38,5;0
-42,5;39;0
-42,5;39,5;0
-42,5;40;0
-42,5;40,5;0
-42,5;41;0,0403170766135972
-42,5;41,5;0,0634990698209971
-42,5;42;0,073645066591954
-42,5;42,5;0,0403654142387597
-42,5;43;0,0911564589044572
-42;-63,5;0,0769610290991486
-42;-63;0,0736567430007171
-42;-62,5;0,0624076460517002
-42;-62;0,0798769887598007
-42;-61;0,0588254480079271
-42;-60,5;0,0562706258480687
-42;-60;0,0372155881318568
-42;-59;0,0288444102037119
-42;-58,5;0
-42;-58;0,0445975833924266
-42;-57,5;0,0384563244329056
-42;-57;0,0535489495695294
-42;-56,5;0,065822150098188
-42;-56;0,00750333259292163
-42;-55,5;0,0286286569716429
-42;-55;0,017925772879665
-42;-54,5;0
-42;-54;0
-42;-53,5;0,0383739968776206
-42;-53;0,0502975077485385
-42;-52,5;0,0588533127215508
-42;-52;0,050063580265154
-42;-51,5;0,152759811210224
-42;-51;0,28899637792803
-42;-50,5;0,0609106174460525
-42;-50;0,0463493435281779
-42;-49,5;0,0556332160527344
-42;-49;0,0637195723330366
-42;-48,5;0,0590677444242841
-42;-48;0,0595459196695775
-42;-47,5;0,0690755004678959
-42;-47;0,038267158042052
-42;-46,5;0,0512077363106837
-42;-46;0,0551217991776356
-42;-45,5;0,0601125260613267
-42;-45;0,0530811151118223
-42;-44,5;0,0482292438232091
-42;-44;0,0485690302666242
-42;-43,5;0,0380804033213557
-42;-43;0,0428534340131884
-42;-42,5;0,0644795729008608
-42;-42;0,0847422740552093
-42;-41,5;0,0463251960943754
-42;-41;0,0412804720491908
-42;-40,5;0,0404255221444499
-42;-40;0,0533258343522058
-42;-39,5;0,03476257875301
-42;-39;0,0602121800909063
-42;-38,5;0,0654804607464713
-42;-38;0,0999163207212818
-42;-37,5;0,0498843280281399
-42;-37;0,0434565295206968
-42;-36,5;0,032623312679804
-42;-36;0,0396333699869424
-42;-35,5;0,0323215462647005
-42;-35;0,0547067500533578
-42;-34,5;0,0515916408826429
-42;-34;0,0332852706718374
-42;-33,5;0,0427859332976887
-42;-33;0,040840378320694
-42;-32,5;0,0483826674221983
-42;-32;0,0424896065722744
-42;-31,5;0,0319788540669927
-42;-31;0,0459355624251712
-42;-30,5;0,0341883677638773
-42;-30;0,0608362585152971
-42;-29,5;0,0552080512753333
-42;-29;0,0496338771715992
-42;-28,5;0,0213217513326135
-42;-28;0,0753414778990366
-42;-27,5;0,0507170985924457
-42;-27;0,0360137695582696
-42;-26,5;0,0215632594860764
-42;-26;0,0407868442842379
-42;-25,5;0,0530372840688563
-42;-25;0,0499893239290856
-42;-24,5;0,100526005708431
-42;-24;0,132509600982786
-42;-23,5;0,115385137569744
-42;-23;0,0556332045052788
-42;-22,5;0,0495650214819675
-42;-22;0,0407471116050894
-42;-21,5;0,0413602487352119
-42;-21;0,0313484629575283
-42;-20,5;0,0522718762484127
-42;-20;0,0635791027555915
-42;-19,5;0,0374876003964809
-42;-19;0,0393779983808559
-42;-18,5;0,0323030800397033
-42;-18;0,0416643628313132
-42;-17,5;0,0376114829017908
-42;-17;0,0265969664170471
-42;-16,5;0,038646417534298
-42;-16;0,0461320598015007
-42;-15,5;0,0377803317962284
-42;-15;0,0434191411026629
-42;-14,5;0,0317070349358903
-42;-14;0,0411123636669189
-42;-13,5;0,0555135974706399
-42;-13;0,041427141169723
-42;-12,5;0,155695184499041
-42;-12;0,0885229859845399
-42;-11,5;0,0492237044599218
-42;-11;0,0495929304790653
-42;-10,5;0,054169330724909
-42;-10;0,0590841499630781
-42;-9,5;0,0527695454781637
-42;-9;0,05103710889729
-42;-8,5;0,263351076490446
-42;-8;0,237931456145865
-42;-7,5;0,0304917631344535
-42;-7;0,118847900525772
-42;-6,5;0,0563085213784906
-42;-6;0,287410751462123
-42;-5,5;0,304660959778609
-42;-5;0,041258798210225
-42;-4,5;0,0431082994572236
-42;-4;0,058087111603481
-42;-3,5;0,0621254407282148
-42;-3;0,0853054502051935
-42;-2,5;0,342103320773064
-42;-2;0,34186755343208
-42;-1,5;0,0283778470616914
-42;-1;0,0530831550481154
-42;-0,5;0,0494756362812463
-42;0;0,0584842140352123
-42;0,5;0,0490547987279218
-42;1;0,126327876943283
-42;1,5;0,11283960922685
-42;2;0,104913936262246
-42;2,5;0,123414230131211
-42;3;0,113948321857425
-42;3,5;0,0216118813613707
-42;4;0,0863389641859032
-42;4,5;0,168577281163619
-42;5;0,140518693304642
-42;5,5;0,0853367062811016
-42;6;0,0370493492621328
-42;6,5;0,0380957085262697
-42;7;0,143763205406147
-42;7,5;0,106106405518817
-42;8;0,229519183912408
-42;8,5;0,250952159573409
-42;9;0,0707271512452867
-42;9,5;0,0397089652243913
-42;10;0,0647232639852233
-42;10,5;0,0451101267813657
-42;11;0,0769323409658709
-42;11,5;0,0492398130776224
-42;12;0,0354497971617876
-42;12,5;0,0354850499778403
-42;13;0,0427978441301063
-42;13,5;0,049789774684895
-42;14;0,0374899801599831
-42;14,5;0,0493450926744267
-42;15;0,0666447048973609
-42;15,5;0,0404227518862397
-42;16;0,0384902624371456
-42;16,5;0,0518997834275903
-42;17;0,046595458808871
-42;17,5;0,0580074360523083
-42;18;0,0750380644147429
-42;18,5;0,112602613062346
-42;19;0,145238747634483
-42;19,5;0,14206421220748
-42;20;0,0990228504787835
-42;20,5;0,124821308174362
-42;21;0,0929323030784538
-42;21,5;0,135591268505246
-42;22;0,0773096433336809
-42;22,5;0,183580077697816
-42;23;0,125762753906991
-42;23,5;0,129014758718968
-42;24;0,323021808008944
-42;24,5;0,248565584073119
-42;25;0,251859479641038
-42;25,5;0,169333944761483
-42;26;0,0667550928711992
-42;26,5;0,16298197753126
-42;27;0,431614200625765
-42;27,5;0,108500384023898
-42;28;0,378193953767993
-42;28,5;0,0585361101413153
-42;29;0,0861061309125599
-42;29,5;0,29496329506766
-42;30;0,221743541113494
-42;30,5;0,128740855178952
-42;31;0,0683916528665464
-42;31,5;0,160072639760829
-42;32;0,0969019357659881
-42;32,5;0,127101126779315
-42;33;0,144653152841868
-42;33,5;0,165337445804498
-42;34;0,0688419797929881
-42;34,5;0,0524576927038306
-42;35;0,265443450197072
-42;35,5;0,29353179839102
-42;36;0
-42;36,5;0
-42;37;0
-42;37,5;0
-42;38;0,0604153218241127
-42;38,5;0
-42;39;0
-42;39,5;0
-42;40;0
-42;41;0,0476934656600531
-42;41,5;0,0741696896120164
-42;42;0,0802774036604419
-42;42,5;0,103262610206534
-42;43;0,0478156180900481
-41,5;-63,5;0,0895448810054808
-41,5;-63;0,0680280109710687
-41,5;-62,5;0,055334868866008
-41,5;-62;0,0161658075373095
-41,5;-61,5;0,0594146831613482
-41,5;-61;0,0706239590347609
-41,5;-60,5;0,0212132034355964
-41,5;-59;0,0551543289325507
-41,5;-58,5;0,0370286675728715
-41,5;-58;0,0518356376765381
-41,5;-57,5;0,0543668097279949
-41,5;-57;0,0547174560812178
-41,5;-56,5;0,0648845127900333
-41,5;-56;0,0252619608634537
-41,5;-55,5;0,029365512652316
-41,5;-55;0
-41,5;-54,5;0
-41,5;-54;0
-41,5;-53,5;0
-41,5;-53;0,132829643851492
-41,5;-52,5;0,0246333107803235
-41,5;-52;0,074902707457178
-41,5;-51,5;0,225760370040561
-41,5;-51;0,134239105317408
-41,5;-50,5;0,03976858177781
-41,5;-50;0,0637154242586639
-41,5;-49,5;0,0652531760307281
-41,5;-49;0,0406695657053359
-41,5;-48,5;0,0402043119516724
-41,5;-48;0,0382242364984869
-41,5;-47,5;0,0442029584363632
-41,5;-47;0,049536099846172
-41,5;-46,5;0,0402760919560499
-41,5;-46;0,0477554381202964
-41,5;-45,5;0,0421682218880292
-41,5;-45;0,0515810272867928
-41,5;-44,5;0,0340891523108583
-41,5;-44;0,0572754111925242
-41,5;-43,5;0,0452484392952622
-41,5;-43;0,0312356390137396
-41,5;-42,5;0,0358140433130271
-41,5;-42;0,0753973635439498
-41,5;-41,5;0,0372672664794341
-41,5;-41;0,0587282694318428
-41,5;-40,5;0,0633849748899318
-41,5;-40;0,0504001782348207
-41,5;-39,5;0,0398545457054125
-41,5;-39;0,0556462251227987
-41,5;-38,5;0,072282434013886
-41,5;-38;0,0629763811268314
-41,5;-37,5;0,0566467993266132
-41,5;-37;0,0255841747961508
-41,5;-36,5;0,0222162022378551
-41,5;-36;0,0469840284753883
-41,5;-35,5;0,0507843769399258
-41,5;-35;0,0608230894427962
-41,5;-34,5;0,0431268821204653
-41,5;-34;0,0477397707816629
-41,5;-33,5;0,165767995377022
-41,5;-33;0,136084182340181
-41,5;-32,5;0,0442055803415512
-41,5;-32;0,0322441978038068
-41,5;-31,5;0,0326816917433387
-41,5;-31;0,0333595262103753
-41,5;-30,5;0,0383344586012825
-41,5;-30;0,0274925910380137
-41,5;-29,5;0,0306456388752597
-41,5;-29;0,0648121687465468
-41,5;-28,5;0,0628832294889837
-41,5;-28;0,0599539686871898
-41,5;-27,5;0,0610733784549677
-41,5;-27;0,14639323529058
-41,5;-26,5;0,0683619418713273
-41,5;-26;0,0596141391977314
-41,5;-25,5;0,0877513124543762
-41,5;-25;0,0917582875457761
-41,5;-24,5;0,118483959347202
-41,5;-24;0,112473966378659
-41,5;-23,5;0,0542803811668113
-41,5;-23;0,125702615408993
-41,5;-22,5;0,311952803614855
-41,5;-22;0,294330210882316
-41,5;-21,5;0,0491886205653339
-41,5;-21;0,0463208871644979
-41,5;-20,5;0,105128342121064
-41,5;-20;0,142168256137217
-41,5;-19,5;0,0383797480045142
-41,5;-19;0,0397702492734547
-41,5;-18,5;0,0291278080799058
-41,5;-18;0,0331783171201907
-41,5;-17,5;0,0358743077540231
-41,5;-17;0,0310218208438194
-41,5;-16,5;0,0427291451159784
-41,5;-16;0,0383416353412775
-41,5;-15,5;0,0323593957758942
-41,5;-15;0,026676348817012
-41,5;-14,5;0,053824358495336
-41,5;-14;0,0537359581430368
-41,5;-13,5;0,0518386205162793
-41,5;-13;0,101592464905719
-41,5;-12,5;0,0636991061849112
-41,5;-12;0,0386751195994668
-41,5;-11,5;0,04293095802405
-41,5;-11;0,0299942487600154
-41,5;-10,5;0,232303835953864
-41,5;-10;0,0377268293852291
-41,5;-9,5;0,0530748444977213
-41,5;-9;0,0742723204265296
-41,5;-8,5;0,0567773257570779
-41,5;-8;0,16393596310755
-41,5;-7,5;0,364958983506192
-41,5;-7;0,12759277368393
-41,5;-6,5;0,0448205260100852
-41,5;-6;0,337582171066871
-41,5;-5,5;0,338376090965879
-41,5;-5;0,0674187062759503
-41,5;-4,5;0,0280373288086203
-41,5;-4;0,0496403867551299
-41,5;-3,5;0,0608404780890542
-41,5;-3;0,0636956790660123
-41,5;-2,5;0,0730545816552696
-41,5;-2;0,0538007982776911
-41,5;-1,5;0,0710108758596747
-41,5;-1;0,055785727412306
-41,5;-0,5;0,109772093607683
-41,5;0;0,0470645240227457
-41,5;0,5;0,0696940934847901
-41,5;1;0,123304493873364
-41,5;1,5;0,124249439750193
-41,5;2;0,0780446779933481
-41,5;2,5;0,153856188296446
-41,5;3;0,151709926803609
-41,5;3,5;0,0485609688762712
-41,5;4;0,0277716970468631
-41,5;4,5;0,204033266771818
-41,5;5;0,182866816659246
-41,5;5,5;0,179622124788397
-41,5;6;0,261022604985365
-41,5;6,5;0,0364823554468892
-41,5;7;0,0725061068958338
-41,5;7,5;0,144219617976773
-41,5;8;0,259322550424774
-41,5;8,5;0,321669583050967
-41,5;9;0,0585398889405216
-41,5;9,5;0,0377589282590062
-41,5;10;0,0469848605053245
-41,5;10,5;0,0638468862792558
-41,5;11;0,0462381980837647
-41,5;11,5;0,04101405033458
-41,5;12;0,0302720020711699
-41,5;12,5;0,0874831682732147
-41,5;13;0,368021648145644
-41,5;13,5;0,0356387143312392
-41,5;14;0,0411454144452347
-41,5;14,5;0,0493993532274541
-41,5;15;0,0841755594446909
-41,5;15,5;0,0276038910008552
-41,5;16;0,0372090463639305
-41,5;16,5;0,0486310233387745
-41,5;17;0,0310422806572874
-41,5;17,5;0,0373345846651762
-41,5;18;0,0738331452217318
-41,5;18,5;0,0888744114472833
-41,5;19;0,156731114557228
-41,5;19,5;0,171154929912769
-41,5;20;0,189101966069707
-41,5;20,5;0,107958839893318
-41,5;21;0,123616158108293
-41,5;21,5;0,0929328042058399
-41,5;22;0,0713567718502518
-41,5;22,5;0,0376438654505698
-41,5;23;0,116761892309941
-41,5;23,5;0,170358147366023
-41,5;24;0,104983365617852
-41,5;24,5;0,260019821462025
-41,5;25;0,223185958679973
-41,5;25,5;0,0801748090113098
-41,5;26;0
-41,5;26,5;0
-41,5;27;0
-41,5;27,5;0
-41,5;28;0
-41,5;28,5;0,203688180100475
-41,5;29;0,129565140011011
-41,5;29,5;0,291062389116788
-41,5;30;0,355966308278466
-41,5;30,5;0,180017310958969
-41,5;31;0,0966367633544323
-41,5;31,5;0,266863876482803
-41,5;32;0,0434425530011234
-41,5;32,5;0,142608817720977
-41,5;33;0,183586822000168
-41,5;33,5;0,227629566427991
-41,5;34;0,113455672031543
-41,5;34,5;0,133666070567862
-41,5;35;0,253957732940901
-41,5;35,5;0,327775117691654
-41,5;36;0,171488233665503
-41,5;36,5;0
-41,5;37;0
-41,5;37,5;0
-41,5;38;0,059360480680893
-41,5;38,5;0
-41,5;39;0,0514081705568288
-41,5;39,5;0,0975807358037435
-41,5;40;0
-41,5;40,5;0
-41,5;41;0
-41,5;41,5;0,0661123232515262
-41,5;42;0,0752907110902174
-41,5;42,5;0,0664452204470829
-41,5;43;0,0591110066832829
-41;-64;0,0407598658813626
-41;-63,5;0,0474407109203854
-41;-63;0,0612771646626287
-41;-62,5;0,0285043856274785
-41;-62;0,0908197406759273
-41;-61,5;0,0747479932841009
-41;-61;0,0282842712474619
-41;-60,5;0,0640991419599358
-41;-59;0,02277120501374
-41;-58,5;0,0283196045170126
-41;-57;0
-41;-56,5;0
-41;-56;0,0960898946671441
-41;-55,5;0
-41;-55;0
-41;-54,5;0
-41;-54;0
-41;-53,5;0,0171833598909776
-41;-53;0,0730659399374795
-41;-52,5;0,0643976295672252
-41;-52;0,0769452475307064
-41;-51,5;0,0469371266070698
-41;-51;0,0630395276062276
-41;-50,5;0,0526051634899698
-41;-50;0,0465968980078589
-41;-49,5;0,0594311856081032
-41;-49;0,0290469450626103
-41;-48,5;0,046935263393015
-41;-48;0,0489797602415451
-41;-47,5;0,0520596694067871
-41;-47;0,0508011122562832
-41;-46,5;0,0493233239079639
-41;-46;0,0420719235683211
-41;-45,5;0,0426036720775795
-41;-45;0,0278396507493566
-41;-44,5;0,0708498269629843
-41;-44;0,0615698834356467
-41;-43,5;0,0386039082145065
-41;-43;0,101666612021843
-41;-42,5;0,0850079411727044
-41;-42;0,150653551178915
-41;-41,5;0,0866589641906083
-41;-41;0,0730859258536075
-41;-40,5;0,0409346207801024
-41;-40;0,0403835981467189
-41;-39,5;0,0330639938564816
-41;-39;0,043221544687423
-41;-38,5;0,0459825350941492
-41;-38;0,0455449142680747
-41;-37,5;0,0378883130372995
-41;-37;0,0356919692181122
-41;-36,5;0,0505084151404496
-41;-36;0,0494770948335214
-41;-35,5;0,041016110857348
-41;-35;0,0413793443367708
-41;-34,5;0,0558135093783902
-41;-34;0,059115942670917
-41;-33,5;0,362464817709436
-41;-33;0,334223619488048
-41;-32,5;0,0435208730517274
-41;-32;0,0412518018639767
-41;-31,5;0,0522135985539168
-41;-31;0,0721493114346621
-41;-30,5;0,0635233943153572
-41;-30;0,0443841132591823
-41;-29,5;0,039585467392089
-41;-29;0,0599505397609634
-41;-28,5;0,173533858367755
-41;-28;0,121249396617185
-41;-27,5;0,0730464056757025
-41;-27;0,0643980144878121
-41;-26,5;0,0340373316360666
-41;-26;0,0667893825794516
-41;-25,5;0,0668002944517685
-41;-25;0,0584226797068761
-41;-24,5;0,0864571913629824
-41;-24;0,0599677668239467
-41;-23,5;0,052173981060677
-41;-23;0,071382975082667
-41;-22,5;0,30756880017913
-41;-22;0,262005460990533
-41;-21,5;0,056242261953307
-41;-21;0,0415858022330749
-41;-20,5;0,159062688194027
-41;-20;0,126343866941151
-41;-19,5;0,0969478213992637
-41;-19;0,0379287044554437
-41;-18,5;0,0339221290499232
-41;-18;0,0475450460698341
-41;-17,5;0,0464827453366847
-41;-17;0,0393359249740615
-41;-16,5;0,0486620918272035
-41;-16;0,0359959097580373
-41;-15,5;0,0372063288662566
-41;-15;0,0493480123311658
-41;-14,5;0,0649048200494587
-41;-14;0,0349198749160189
-41;-13,5;0,248934098457688
-41;-13;0,0701978410187345
-41;-12,5;0,0704697826522316
-41;-12;0,0275510984392652
-41;-11,5;0,0343989837443583
-41;-11;0,0551274459241279
-41;-10,5;0,0346120354385419
-41;-10;0,0314981380891194
-41;-9,5;0,0429043301159653
-41;-9;0,0500620413984559
-41;-8,5;0,0472310466016306
-41;-8;0,0449188636947169
-41;-7,5;0,0445792929607631
-41;-7;0,267172099434528
-41;-6,5;0,208934047221017
-41;-6;0,055789096409934
-41;-5,5;0,0524845308562937
-41;-5;0,0440438902045426
-41;-4,5;0,0459262494187685
-41;-4;0,0291366756471735
-41;-3,5;0,0520680551696144
-41;-3;0,0655176600170113
-41;-2,5;0,030660118027587
-41;-2;0,059289304476814
-41;-1,5;0,0659265097149515
-41;-1;0,340487821531946
-41;-0,5;0,266534941295001
-41;0;0,0668680873544517
-41;0,5;0,0310584759062616
-41;1;0,0625476919966251
-41;1,5;0,076907252064861
-41;2;0,0798210791908728
-41;2,5;0,0987713620232245
-41;3;0,113566357149215
-41;3,5;0,0558511190860179
-41;4;0,0231142359707018
-41;4,5;0,105452999075444
-41;5;0,182617754757354
-41;5,5;0,178819937675285
-41;6;0,228850776426798
-41;6,5;0,0988734147461758
-41;7;0,068845548505852
-41;7,5;0,065230655598055
-41;8;0,0722391913735759
-41;8,5;0,0459336612917958
-41;9;0,0418171788417271
-41;9,5;0,0401090731019559
-41;10;0,0301424508713685
-41;10,5;0,0334059282186905
-41;11;0,0436407322751751
-41;11,5;0,0375575735971315
-41;12;0,0394021699456988
-41;12,5;0,04554453180245
-41;13;0,406820967773073
-41;13,5;0,0310917102206431
-41;14;0,0479798849547324
-41;14,5;0,0548574318807476
-41;15;0,0905180060918692
-41;15,5;0,0719029560429841
-41;16;0,0263915734944916
-41;16,5;0,0662599049199439
-41;17;0,0337517900759846
-41;17,5;0,0385512715063895
-41;18;0,0820289075936633
-41;18,5;0,119575353874606
-41;19;0,222249332430416
-41;19,5;0,221658025544895
-41;20;0,0706907943497391
-41;20,5;0,108112026139919
-41;21;0,113781583957714
-41;21,5;0,0923906245171984
-41;22;0,0742226203284487
-41;22,5;0,0565685424949238
-41;23;0,136666371027027
-41;23,5;0,0674913444742907
-41;24;0,0737244929843595
-41;24,5;0,0515260547691554
-41;25;0,100006551119652
-41;25,5;0,0861735277035638
-41;26;0,0957434070837256
-41;26,5;0
-41;27;0,0103923048454133
-41;27,5;0,0371418701537566
-41;28;0,0568770604022395
-41;28,5;0,0820850314061728
-41;29;0,0545601229612238
-41;29,5;0,068716433812168
-41;30;0,0789734132477507
-41;30,5;0,134908263177925
-41;31;0,114290136469066
-41;31,5;0,215217816986921
-41;32;0,227958211561872
-41;32,5;0,110267855696935
-41;33;0,108741283175557
-41;33,5;0,0725168036608538
-41;34;0,279945312119667
-41;34,5;0,276278299195344
-41;35;0,221488566606624
-41;35,5;0,269035274057375
-41;36;0,172446489284841
-41;36,5;0,088613428919923
-41;37;0
-41;37,5;0
-41;38;0
-41;38,5;0
-41;39;0,00282842712474619
-41;39,5;0,0647018804466557
-41;40;0
-41;40,5;0
-41;41;0
-41;41,5;0,0690096611593865
-41;42;0,0669639206339255
-41;42,5;0,0578642088571741
-41;43;0,0784700807405509
-41;43,5;0,065056385799807
-40,5;-64;0,0558614357137373
-40,5;-63,5;0
-40,5;-63;0,0431335136523794
-40,5;-62,5;0,0846773718884893
-40,5;-62;0,0809794212542092
-40,5;-61,5;0,0455228880161764
-40,5;-61;0,0461161576890356
-40,5;-60,5;0,0277632851082144
-40,5;-60;0,0190918830920368
-40,5;-59,5;0,0268314847041414
-40,5;-59;0,0162634559672906
-40,5;-57,5;0
-40,5;-57;0,064558500602167
-40,5;-56,5;0,0334373377462315
-40,5;-56;0
-40,5;-55,5;0
-40,5;-55;0
-40,5;-54,5;0,019
-40,5;-54;0,044775602122747
-40,5;-53,5;0,0464607202071544
-40,5;-53;0,0773178500252278
-40,5;-52,5;0,0745369303854923
-40,5;-52;0,0717505656992397
-40,5;-51,5;0,0391284625990577
-40,5;-51;0,0371940530433606
-40,5;-50,5;0,0565888731271241
-40,5;-50;0,0612222523688133
-40,5;-49,5;0,0403123877684631
-40,5;-49;0,0266808024128081
-40,5;-48,5;0,0387247321236543
-40,5;-48;0,0636545556027186
-40,5;-47,5;0,0572423217661193
-40,5;-47;0,0444077305907904
-40,5;-46,5;0,0380703580294936
-40,5;-46;0,0597808599763519
-40,5;-45,5;0,067965529188661
-40,5;-45;0,360316765400351
-40,5;-44,5;0,242572244682664
-40,5;-44;0,0351381234458849
-40,5;-43,5;0,0635648729828431
-40,5;-43;0,171146783779312
-40,5;-42,5;0,0552957288021632
-40,5;-42;0,0429394942541906
-40,5;-41,5;0,0642647617591507
-40,5;-41;0,0620618109832541
-40,5;-40,5;0,0481008334449529
-40,5;-40;0,037641240115476
-40,5;-39,5;0,0431100735644054
-40,5;-39;0,0560327250678403
-40,5;-38,5;0,0422139409049035
-40,5;-38;0,0569449071628942
-40,5;-37,5;0,036166002846662
-40,5;-37;0,0404073285909468
-40,5;-36,5;0,0406835059748076
-40,5;-36;0,0494012092623655
-40,5;-35,5;0,0306744727458666
-40,5;-35;0,056897888167059
-40,5;-34,5;0,0543649627384561
-40,5;-34;0,0804790135708953
-40,5;-33,5;0,128913325891028
-40,5;-33;0,0424170459264193
-40,5;-32,5;0,0432937512589476
-40,5;-32;0,0714824141813221
-40,5;-31,5;0,0365768597157638
-40,5;-31;0,0440550181942894
-40,5;-30,5;0,0372262996135811
-40,5;-30;0,0450516248105618
-40,5;-29,5;0,064200012443894
-40,5;-29;0,0391837041660983
-40,5;-28,5;0,135958299594582
-40,5;-28;0,139848093009727
-40,5;-27,5;0,096744136573916
-40,5;-27;0,0415256493244925
-40,5;-26,5;0,0337020427563436
-40,5;-26;0,0406815328477915
-40,5;-25,5;0,0625494471065359
-40,5;-25;0,12463315315362
-40,5;-24,5;0,114660324196749
-40,5;-24;0,0683386489231322
-40,5;-23,5;0,0809637991750604
-40,5;-23;0,0867417520153918
-40,5;-22,5;0,0779352848388239
-40,5;-22;0,181540384043492
-40,5;-21,5;0,0663735952123594
-40,5;-21;0,0390484444282378
-40,5;-20,5;0,0646347833036997
-40,5;-20;0,0757320280299886
-40,5;-19,5;0,041827664049687
-40,5;-19;0,0402846999186989
-40,5;-18,5;0,0420372994395704
-40,5;-18;0,04452129702282
-40,5;-17,5;0,0526093456472129
-40,5;-17;0,0440448106652152
-40,5;-16,5;0,042193347405629
-40,5;-16;0,0404427361316579
-40,5;-15,5;0,0401774362896215
-40,5;-15;0,0508810022189677
-40,5;-14,5;0,173455656354832
-40,5;-14;0,311519551770296
-40,5;-13,5;0,0612980886699144
-40,5;-13;0,170082405345115
-40,5;-12,5;0,340973104898998
-40,5;-12;0,0270142922023827
-40,5;-11,5;0,0330465320152798
-40,5;-11;0,0480573187178908
-40,5;-10,5;0,0526140673455743
-40,5;-10;0,0484017137642543
-40,5;-9,5;0,0602677127397378
-40,5;-9;0,0422945186583314
-40,5;-8,5;0,0381888927125499
-40,5;-8;0,0301431022220714
-40,5;-7,5;0,0482679918353009
-40,5;-7;0,0460951997172676
-40,5;-6,5;0,231866691300056
-40,5;-6;0,286090516942274
-40,5;-5,5;0,0462733013450191
-40,5;-5;0,0472304195877536
-40,5;-4,5;0,278784286702814
-40,5;-4;0,15608182630075
-40,5;-3,5;0,0612872554937029
-40,5;-3;0,028774000642032
-40,5;-2,5;0,0289027651741273
-40,5;-2;0,0399815160460975
-40,5;-1,5;0,0597276059674298
-40,5;-1;0,0591706617981484
-40,5;-0,5;0,0510308853588119
-40,5;0;0,085506400156872
-40,5;0,5;0,0519527386413998
-40,5;1;0,183263926631532
-40,5;1,5;0,072775207401456
-40,5;2;0,0770641989272744
-40,5;2,5;0,175867707919064
-40,5;3;0,163140426927453
-40,5;3,5;0,0877935408348754
-40,5;4;0,0267291514839321
-40,5;4,5;0,0566405103693298
-40,5;5;0,141724646699484
-40,5;5,5;0,225312647860066
-40,5;6;0,140178694938787
-40,5;6,5;0,221182294867888
-40,5;7;0,0792463458673858
-40,5;7,5;0,0502845098690751
-40,5;8;0,0553357497260145
-40,5;8,5;0,0485857638231714
-40,5;9;0,047111233449396
-40,5;9,5;0,0424742510472887
-40,5;10;0,0366166027985351
-40,5;10,5;0,0321748710871128
-40,5;11;0,0386696771131591
-40,5;11,5;0,132604403279341
-40,5;12;0,235323947020714
-40,5;12,5;0,0753427681793512
-40,5;13;0,0519079876673472
-40,5;13,5;0,0430102731668098
-40,5;14;0,0417802641948382
-40,5;14,5;0,0579832867166181
-40,5;15;0,0795966611014433
-40,5;15,5;0,0690616889680297
-40,5;16;0,12552688954961
-40,5;16,5;0,0448871601112962
-40,5;17;0,0342003898613257
-40,5;17,5;0,0313438689751737
-40,5;18;0,0582567854124735
-40,5;18,5;0,0799230030163396
-40,5;19;0,29030791570218
-40,5;19,5;0,268041302654458
-40,5;20;0,117458724481475
-40,5;20,5;0,1098728380042
-40,5;21;0,0879621710135201
-40,5;21,5;0,0961366222940737
-40,5;22;0,0763376537926722
-40,5;22,5;0,157347598223381
-40,5;23;0,159022011055074
-40,5;23,5;0,0744492505609755
-40,5;24;0,0721545059388028
-40,5;24,5;0,0689832998063583
-40,5;25;0,0423587849998872
-40,5;25,5;0,135740051945355
-40,5;26;0,101626826009208
-40,5;26,5;0,0518589062152891
-40,5;27;0,0245112219197656
-40,5;27,5;0,0509442255412995
-40,5;28;0,0664177256891132
-40,5;28,5;0,0697939427489552
-40,5;29;0,0753519519764861
-40,5;29,5;0,0855105952777894
-40,5;30;0,0952398081299599
-40,5;30,5;0,119544298424117
-40,5;31;0,181615895045927
-40,5;31,5;0,162166581020875
-40,5;32;0,0597522663447449
-40,5;32,5;0
-40,5;33;0
-40,5;33,5;0
-40,5;34;0,267318332534622
-40,5;34,5;0,361795282013125
-40,5;35;0,237043621368246
-40,5;35,5;0,314604187625967
-40,5;36;0,429908517400311
-40,5;36,5;0,109984172582347
-40,5;37;0
-40,5;37,5;0,0807995462033461
-40,5;38;0
-40,5;38,5;0
-40,5;39;0
-40,5;39,5;0
-40,5;40;0
-40,5;40,5;0
-40,5;41;0
-40,5;42;0
-40,5;42,5;0,105382899730248
-40,5;43;0,0824226550843046
-40,5;43,5;0,0595986577030054
-40,5;44;0,0879304649519532
-40;-63;0,0948951574585917
-40;-62,5;0,0561975257886137
-40;-62;0,0333116596204192
-40;-61,5;0,0229595918331066
-40;-60,5;0,0509116882454314
-40;-60;0,0331921631860549
-40;-59,5;0,0488681900626573
-40;-57,5;0,0364752925923421
-40;-57;0,0543622529468246
-40;-56,5;0,0153079500042734
-40;-56;0
-40;-55,5;0
-40;-55;0
-40;-54,5;0,0405450366876144
-40;-54;0,0259819284515335
-40;-53,5;0,0456593403622834
-40;-53;0,0544198170110529
-40;-52,5;0,0514009970720413
-40;-52;0,0504684720064583
-40;-51,5;0,0524454364985535
-40;-51;0,0356864635991089
-40;-50,5;0,0611456300169966
-40;-50;0,0275737212035318
-40;-49,5;0,0355094235149068
-40;-49;0,0270224703486435
-40;-48,5;0,0479676761911985
-40;-48;0,0457164231557309
-40;-47,5;0,0573528084122161
-40;-47;0,0337434859465178
-40;-46,5;0,0352382125335666
-40;-46;0,0374728463845967
-40;-45,5;0,0609435837264958
-40;-45;0,322260334373039
-40;-44,5;0,285664940066493
-40;-44;0,0645998306213605
-40;-43,5;0,0520911942641854
-40;-43;0,0963039438234987
-40;-42,5;0,0797888081443678
-40;-42;0,0406572293409285
-40;-41,5;0,0629468799092512
-40;-41;0,0706073723679209
-40;-40,5;0,178948659206624
-40;-40;0,146787240662443
-40;-39,5;0,0630016356612884
-40;-39;0,0528925192729683
-40;-38,5;0,0473232407856573
-40;-38;0,0428521653568718
-40;-37,5;0,0272235017515941
-40;-37;0,0329437343944845
-40;-36,5;0,0406489100013459
-40;-36;0,045736561500087
-40;-35,5;0,0273313082969539
-40;-35;0,0478397808115712
-40;-34,5;0,0582293449350948
-40;-34;0,0542171762807392
-40;-33,5;0,0617013981562433
-40;-33;0,0397395272688064
-40;-32,5;0,0258144390159459
-40;-32;0,0680885452921415
-40;-31,5;0,0365161460948419
-40;-31;0,0644008998020742
-40;-30,5;0,0554193020148456
-40;-30;0,081966080971046
-40;-29,5;0,26124775537424
-40;-29;0,302007422479013
-40;-28,5;0,0705970808825099
-40;-28;0,0873500311458243
-40;-27,5;0,0940351489800355
-40;-27;0,0895729776191415
-40;-26,5;0,0403401122413831
-40;-26;0,024174001926574
-40;-25,5;0,0388871982447672
-40;-25;0,025986996112328
-40;-24,5;0,0393738242899478
-40;-24;0,0897938655589068
-40;-23,5;0,102487231063087
-40;-23;0,0579126164877687
-40;-22,5;0,0587485779214588
-40;-22;0,185410912844491
-40;-21,5;0,0546428413609256
-40;-21;0,081166323305793
-40;-20,5;0,0540616242302033
-40;-20;0,0473623384676189
-40;-19,5;0,0368781306927035
-40;-19;0,0357559040062218
-40;-18,5;0,0482049330682673
-40;-18;0,0560418715933133
-40;-17,5;0,0539164425288649
-40;-17;0,048732635233918
-40;-16,5;0,0388952705785908
-40;-16;0,0465556434744202
-40;-15,5;0,0321930997646727
-40;-15;0,0452821032034005
-40;-14,5;0,167353975475173
-40;-14;0,126466858089808
-40;-13,5;0,0406507088168143
-40;-13;0,299968875730982
-40;-12,5;0,271487160721566
-40;-12;0,155849040029886
-40;-11,5;0,0530178565480316
-40;-11;0,0261536706115062
-40;-10,5;0,12598320145184
-40;-10;0,0895409612778223
-40;-9,5;0,0500294714453745
-40;-9;0,0470473078247174
-40;-8,5;0,181595464728383
-40;-8;0,0346757590322521
-40;-7,5;0,0594811843759507
-40;-7;0,0362544539908363
-40;-6,5;0,0847102905988011
-40;-6;0,177279591553194
-40;-5,5;0,324211074666858
-40;-5;0,172957270350069
-40;-4,5;0,345924989281443
-40;-4;0,263862597393749
-40;-3,5;0,0827336717907596
-40;-3;0,0310988923668123
-40;-2,5;0,0303661122027191
-40;-2;0,0525655186082709
-40;-1,5;0,0313703396437844
-40;-1;0,0555706670448778
-40;-0,5;0,0468965605877231
-40;0;0,0739053635050998
-40;0,5;0,0846314559329646
-40;1;0,0805283859060836
-40;1,5;0,12027328096816
-40;2;0,0921737394776827
-40;2,5;0,085559316817135
-40;3;0,177179493353531
-40;3,5;0,141244567900619
-40;4;0,059146550795204
-40;4,5;0,0336505665983286
-40;5;0,0597963476345229
-40;5,5;0,134708772704402
-40;6;0,134929389247282
-40;6,5;0,148902751286032
-40;7;0,0259468137871635
-40;7,5;0,0408763151531039
-40;8;0,0423804290953752
-40;8,5;0,0735038425936567
-40;9;0,0986729711428605
-40;9,5;0,0298074913466206
-40;10;0,0349882251133218
-40;10,5;0,0681758787972338
-40;11;0,0450917148357846
-40;11,5;0,310049788945815
-40;12;0,210205058613409
-40;12,5;0,0792836979580592
-40;13;0,171163102939295
-40;13,5;0,146951498626989
-40;14;0,330741448059479
-40;14,5;0,295334093302258
-40;15;0,0464826346890463
-40;15,5;0,0597033242634326
-40;16;0,0500095990785769
-40;16,5;0,0298921039538517
-40;17;0,0789722380275814
-40;17,5;0,0248981441560929
-40;18;0,0951105406145324
-40;18,5;0,131089304141785
-40;19;0,133322945991783
-40;19,5;0,106438751846951
-40;20;0,125459110088082
-40;20,5;0,0997440344210991
-40;21;0,0401357586309157
-40;21,5;0,149782817683198
-40;22;0,311433156730479
-40;22,5;0,245528478979828
-40;23;0,461033621333629
-40;23,5;0,0447589842005677
-40;24;0,0683800990395892
-40;24,5;0,0383889865158522
-40;25;0,0674826735679912
-40;25,5;0,0715402675910962
-40;26;0,0775358711871784
-40;26,5;0,0285476210334008
-40;27;0,0696022830176461
-40;27,5;0,0499773478099593
-40;28;0,0632971074340985
-40;28,5;0,0653382364693717
-40;29;0,0968235025207934
-40;29,5;0,104695797833693
-40;30;0,0346482322781408
-40;30,5;0,312605715452122
-40;31;0,188308418840106
-40;31,5;0,104323380155451
-40;32;0
-40;32,5;0
-40;33;0
-40;33,5;0
-40;34;0,0829397371589758
-40;34,5;0,313235648400005
-40;35;0,296762752350755
-40;35,5;0,197533906338192
-40;36;0,359656317429107
-40;36,5;0,0173205080756888
-40;37;0,0254252717673665
-40;37,5;0,101913341455703
-40;38;0,0169705627484772
-40;38,5;0
-40;39;0
-40;39,5;0
-40;40;0
-40;40,5;0
-40;41;0
-40;42,5;0,0721248916810278
-40;43;0,0451937244235605
-40;43,5;0,0689075467565056
-40;44;0,0770072146692186
-40;44,5;0,0601744685615641
-39,5;-64;0,020653605703882
-39,5;-63,5;0,118294189001468
-39,5;-63;0,0299081928574764
-39,5;-62,5;0
-39,5;-62;0,057653150081203
-39,5;-61,5;0
-39,5;-60,5;0,0361001133214036
-39,5;-60;0,0875665733137066
-39,5;-58;0,0432758593213353
-39,5;-57,5;0,030115887280083
-39,5;-57;0,021920310216783
-39,5;-56,5;0
-39,5;-56;0
-39,5;-55,5;0,0433310896855056
-39,5;-55;0,0371791672336872
-39,5;-54,5;0,0475199424193278
-39,5;-54;0,0682603627604117
-39,5;-53,5;0,0640253217880657
-39,5;-53;0
-39,5;-52,5;0
-39,5;-52;0,0900095374765069
-39,5;-51,5;0,133760906416443
-39,5;-51;0,054561891462815
-39,5;-50,5;0,0543681844618105
-39,5;-50;0,0577593909516692
-39,5;-49,5;0,0391011649302307
-39,5;-49;0,0357636000385769
-39,5;-48,5;0,0332610883766602
-39,5;-48;0,0676150232957985
-39,5;-47,5;0,0589399282710511
-39,5;-47;0,0548111997720379
-39,5;-46,5;0,0389121533158431
-39,5;-46;0,0400010464094483
-39,5;-45,5;0,0560884992942976
-39,5;-45;0,092992230656484
-39,5;-44,5;0,056348277457444
-39,5;-44;0,0659633684073444
-39,5;-43,5;0,0326297580069932
-39,5;-43;0,0591349149601667
-39,5;-42,5;0,0593573476773914
-39,5;-42;0,0383054386987884
-39,5;-41,5;0,0557529759216715
-39,5;-41;0,0659645536764911
-39,5;-40,5;0,301731066730021
-39,5;-40;0,320790774905977
-39,5;-39,5;0,0455049702956348
-39,5;-39;0,0482496542127782
-39,5;-38,5;0,0400753457044769
-39,5;-38;0,0369787347096719
-39,5;-37,5;0,0475970271891552
-39,5;-37;0,0363609004745683
-39,5;-36,5;0,0569312595992679
-39,5;-36;0,0303833450824988
-39,5;-35,5;0,0334302550980824
-39,5;-35;0,0445598693436467
-39,5;-34,5;0,0355333448332875
-39,5;-34;0,0462934718636449
-39,5;-33,5;0,0612588802805205
-39,5;-33;0,0430396639412567
-39,5;-32,5;0,0373444616432878
-39,5;-32;0,0543710089254397
-39,5;-31,5;0,039681238497623
-39,5;-31;0,0498385464901761
-39,5;-30,5;0,0482300044923628
-39,5;-30;0,0495513549447389
-39,5;-29,5;0,299411979292527
-39,5;-29;0,328932936411775
-39,5;-28,5;0,0588047325359741
-39,5;-28;0,0609327768226307
-39,5;-27,5;0,103222807068785
-39,5;-27;0,155964793477271
-39,5;-26,5;0,0504261877720609
-39,5;-26;0,0412002651172299
-39,5;-25,5;0,0454541893925448
-39,5;-25;0,0291906895866373
-39,5;-24,5;0,0384678135842699
-39,5;-24;0,0899734257875965
-39,5;-23,5;0,0869026467105005
-39,5;-23;0,104435584114732
-39,5;-22,5;0,0429137350635622
-39,5;-22;0,0358494064246948
-39,5;-21,5;0,044718874495362
-39,5;-21;0,0522834700873786
-39,5;-20,5;0,0394354632689902
-39,5;-20;0,0347622092783814
-39,5;-19,5;0,0333684425410488
-39,5;-19;0,0484201254336309
-39,5;-18,5;0,0435988841626576
-39,5;-18;0,0592324116786762
-39,5;-17,5;0,049713864432688
-39,5;-17;0,0881896126554617
-39,5;-16,5;0,125732547622544
-39,5;-16;0,33665104628435
-39,5;-15,5;0,334215961204493
-39,5;-15;0,199801085255981
-39,5;-14,5;0,0759702097237088
-39,5;-14;0,0585363322886069
-39,5;-13,5;0,0499889384097877
-39,5;-13;0,0619518893908741
-39,5;-12,5;0,183630208575279
-39,5;-12;0,212905938198571
-39,5;-11,5;0,050082438919312
-39,5;-11;0,0312828047442634
-39,5;-10,5;0,0896998876845487
-39,5;-10;0,0750708556257647
-39,5;-9,5;0,0528092492535416
-39,5;-9;0,0454692807362382
-39,5;-8,5;0,234071280142028
-39,5;-8;0,0669286588701078
-39,5;-7,5;0,104754468270282
-39,5;-7;0,0520962462229614
-39,5;-6,5;0,0865711255535835
-39,5;-6;0,0783815779573581
-39,5;-5,5;0,0907066655409277
-39,5;-5;0,33992519526412
-39,5;-4,5;0,20740176777769
-39,5;-4;0,0482565244165007
-39,5;-3,5;0,0428312580560817
-39,5;-3;0,0562473139854563
-39,5;-2,5;0,0499880344605817
-39,5;-2;0,0567313093455025
-39,5;-1,5;0,0417936357473326
-39,5;-1;0,0369235156168754
-39,5;-0,5;0,0337267397654533
-39,5;0;0,0420331468507138
-39,5;0,5;0,0654955250037604
-39,5;1;0,0968456626243323
-39,5;1,5;0,121194584905714
-39,5;2;0,0760679901039675
-39,5;2,5;0,35680044155861
-39,5;3;0,129674770797914
-39,5;3,5;0,19481473638461
-39,5;4;0,147478138415003
-39,5;4,5;0,176276058500863
-39,5;5;0,0242653869032976
-39,5;5,5;0,0605491761388414
-39,5;6;0,110094245876915
-39,5;6,5;0,154084520558005
-39,5;7;0,0646214959986075
-39,5;7,5;0,0549931903092752
-39,5;8;0,0274131937810484
-39,5;8,5;0,0359744533629886
-39,5;9;0,0656894186647888
-39,5;9,5;0,073222071556911
-39,5;10;0,0546384483423651
-39,5;10,5;0,0412224121856777
-39,5;11;0,0310859572419814
-39,5;11,5;0,152419482424622
-39,5;12;0,30783290189763
-39,5;12,5;0,136882314313962
-39,5;13;0,322851687499403
-39,5;13,5;0,31730722217689
-39,5;14;0,375993997016375
-39,5;14,5;0,334976342911793
-39,5;15;0,0213853532431273
-39,5;15,5;0,0370169867755537
-39,5;16;0,0530492323472412
-39,5;16,5;0,0884349248359263
-39,5;17;0,0790278168326402
-39,5;17,5;0,0955255193904748
-39,5;18;0,0703654790898816
-39,5;18,5;0,0686363646628717
-39,5;19;0,0942455012225199
-39,5;19,5;0,0978938084050254
-39,5;20;0,048904669170404
-39,5;20,5;0,0647617867603284
-39,5;21;0,0637555752744982
-39,5;21,5;0,0798197296870381
-39,5;22;0,25165963408654
-39,5;22,5;0,270132501982733
-39,5;23;0,0713192903531056
-39,5;23,5;0,0376493849946608
-39,5;24;0,0610944198640771
-39,5;24,5;0,0381394071674556
-39,5;25;0,0421131750429141
-39,5;25,5;0,0592531321827748
-39,5;26;0,0479749730507031
-39,5;26,5;0,111314383902046
-39,5;27;0,0672088636928569
-39,5;27,5;0,0629111627133007
-39,5;28;0,114512299193871
-39,5;28,5;0,0971583636083257
-39,5;29;0,157154787622672
-39,5;29,5;0,0913872786407233
-39,5;30;0,0966717568446367
-39,5;30,5;0,199084588387282
-39,5;31;0,211438345259685
-39,5;31,5;0,143426051532016
-39,5;32;0,143672196335965
-39,5;32,5;0,139543302717591
-39,5;33;0,0197989898732233
-39,5;33,5;0
-39,5;34;0
-39,5;34,5;0
-39,5;35;0
-39,5;35,5;0
-39,5;36;0,00636396103067893
-39,5;36,5;0,0972390155049075
-39,5;37;0,067918294566649
-39,5;37,5;0
-39,5;38;0
-39,5;38,5;0
-39,5;39;0
-39,5;39,5;0
-39,5;40;0
-39,5;40,5;0,00636396103067893
-39,5;43;0,0120208152801713
-39,5;43,5;0,051455233219188
-39,5;44;0,0673920948216068
-39,5;44,5;0,0472289257613534
-39,5;45;0,00353553390593274
-39;-64,5;0
-39;-64;0,0561742419134024
-39;-63,5;0,0531021029087675
-39;-63;0,0436268266093238
-39;-62,5;0,0515855738416413
-39;-61;0,0232808934536456
-39;-60,5;0,0291704759417234
-39;-58;0,00282842712474619
-39;-57,5;0
-39;-57;0
-39;-56,5;0
-39;-56;0,00906917857360853
-39;-55,5;0,0523029635871621
-39;-55;0,0689341539617161
-39;-54,5;0,0360092580688171
-39;-54;0,0643194613118633
-39;-53,5;0,0880211118370602
-39;-53;0,0517848111579705
-39;-52,5;0
-39;-52;0,240184824666339
-39;-51,5;0,29641748692811
-39;-51;0,0442402816731824
-39;-50,5;0,0542420085240379
-39;-50;0,0285114454387778
-39;-49,5;0,110011259854099
-39;-49;0,0845406231291462
-39;-48,5;0,252925598913709
-39;-48;0,111384547555801
-39;-47,5;0,0531135802361155
-39;-47;0,0557716869560053
-39;-46,5;0,0612495027163006
-39;-46;0,0610520109028743
-39;-45,5;0,0451638944898649
-39;-45;0,0493826176283087
-39;-44,5;0,0758819444800243
-39;-44;0,065256897721458
-39;-43,5;0,0408135296457691
-39;-43;0,054347550332156
-39;-42,5;0,0440542774787291
-39;-42;0,0286150294850624
-39;-41,5;0,0397901938146765
-39;-41;0,055446443601985
-39;-40,5;0,166405901393378
-39;-40;0,162824698700434
-39;-39,5;0,0359372632480282
-39;-39;0,0416852904302784
-39;-38,5;0,0410277638979791
-39;-38;0,0385334951970469
-39;-37,5;0,0409306407886793
-39;-37;0,0578170097079592
-39;-36,5;0,0188356053140909
-39;-36;0,0340102662348649
-39;-35,5;0,0430617501394088
-39;-35;0,0559742684881399
-39;-34,5;0,0447329110760001
-39;-34;0,0445878169007854
-39;-33,5;0,0645490214550066
-39;-33;0,0654950505984426
-39;-32,5;0,0460903397849007
-39;-32;0,0299307136408008
-39;-31,5;0,057833164630076
-39;-31;0,0394132796347912
-39;-30,5;0,0551325712553218
-39;-30;0,0667763577617323
-39;-29,5;0,0610894378881293
-39;-29;0,0809926713346174
-39;-28,5;0,0409890296416515
-39;-28;0,0437474753305393
-39;-27,5;0,0380751436581917
-39;-27;0,107142623342415
-39;-26,5;0,0341880152345077
-39;-26;0,0533471336312146
-39;-25,5;0,049435333556645
-39;-25;0,0292870353701318
-39;-24,5;0,0390231418806956
-39;-24;0,121956322254384
-39;-23,5;0,0455836438413888
-39;-23;0,0318312808894
-39;-22,5;0,0467479692562448
-39;-22;0,036182910713058
-39;-21,5;0,0455590885575321
-39;-21;0,0387782487850958
-39;-20,5;0,0401427751936561
-39;-20;0,0408207463593371
-39;-19,5;0,0413828998687187
-39;-19;0,0430250632082421
-39;-18,5;0,0631060162657396
-39;-18;0,0244811563767699
-39;-17,5;0,041465543055938
-39;-17;0,0784967988264326
-39;-16,5;0,0812237404352694
-39;-16;0,334047194033033
-39;-15,5;0,228836420818447
-39;-15;0,114978153718854
-39;-14,5;0,0280783256665161
-39;-14;0,0382209582244775
-39;-13,5;0,0365300039684004
-39;-13;0,0371923491236213
-39;-12,5;0,0928894907611054
-39;-12;0,139908583348835
-39;-11,5;0,0377934032469449
-39;-11;0,0385373322947004
-39;-10,5;0,0487134888657678
-39;-10;0,059781847486773
-39;-9,5;0,0603559425831247
-39;-9;0,0633434731624854
-39;-8,5;0,0387229475462118
-39;-8;0,0632758663449817
-39;-7,5;0,0920724048295277
-39;-7;0,104189210563264
-39;-6,5;0,111374104022578
-39;-6;0,0836460625140519
-39;-5,5;0,0667790371835544
-39;-5;0,111039246157959
-39;-4,5;0,22816288826465
-39;-4;0,282025151516942
-39;-3,5;0,126858595930053
-39;-3;0,203745812281894
-39;-2,5;0,0494498716597175
-39;-2;0,030989792152108
-39;-1,5;0,0526725212075341
-39;-1;0,060713825402797
-39;-0,5;0,0523995194813204
-39;0;0,0441138209759926
-39;0,5;0,0589411540595642
-39;1;0,0876003360183248
-39;1,5;0,104681226724997
-39;2;0,256420281996732
-39;2,5;0,338849771071742
-39;3;0,264745577187388
-39;3,5;0,18582985124421
-39;4;0,244313463503939
-39;4,5;0,265006174711244
-39;5;0,0639649567050155
-39;5,5;0,0357804812358018
-39;6;0,0972631789547934
-39;6,5;0,0603399643251953
-39;7;0,16423311390362
-39;7,5;0,051749734165751
-39;8;0,0191478479899081
-39;8,5;0,0347328192461017
-39;9;0,0375375367687688
-39;9,5;0,0675456226150428
-39;10;0,0628654137648671
-39;10,5;0,0488829762177823
-39;11;0,0545038064355728
-39;11,5;0,382937395289373
-39;12;0,372549317115111
-39;12,5;0,21238829186642
-39;13;0,240522266974708
-39;13,5;0,265436504195746
-39;14;0,21744483001065
-39;14,5;0,0962059329691342
-39;15;0,111276963024698
-39;15,5;0,0270240633510211
-39;16;0,0934977718094572
-39;16,5;0,0624832777629343
-39;17;0,0792451456144051
-39;17,5;0,106990195629246
-39;18;0,0542578751798067
-39;18,5;0,0830947327776232
-39;19;0,101834675912293
-39;19,5;0,134869653227935
-39;20;0,0873594510296999
-39;20,5;0,0986743940389858
-39;21;0,0788222789812503
-39;21,5;0,327479634650937
-39;22;0,202085523537757
-39;22,5;0,0727960380645453
-39;23;0,042530725803384
-39;23,5;0,035716117169158
-39;24;0,0507298313566454
-39;24,5;0,0390970160839247
-39;25;0,0664728794131787
-39;25,5;0,042359408780047
-39;26;0,0509294161547553
-39;26,5;0,127172491176659
-39;27;0,0676227821029323
-39;27,5;0,0613998335538425
-39;28;0,162847986375843
-39;28,5;0,110540430802966
-39;29;0,087391107521068
-39;29,5;0,103178317854369
-39;30;0,10819586268646
-39;30,5;0,207570465085254
-39;31;0,125439669450843
-39;31,5;0,165940406817383
-39;32;0,0893700173436259
-39;32,5;0,083223903908782
-39;33;0
-39;33,5;0
-39;34;0
-39;34,5;0
-39;35;0
-39;35,5;0
-39;36;0,112315181520576
-39;36,5;0,0988026598396918
-39;37;0,0896684476241517
-39;37,5;0,0216494803632789
-39;38;0
-39;38,5;0
-39;39;0
-39;39,5;0
-39;40;0,0395979797464467
-39;40,5;0,0444559707276012
-39;44;0,0720281510623072
-39;44,5;0,0275499546279118
-38,5;-65;0
-38,5;-64,5;0,084582898192641
-38,5;-64;0,0946110458667486
-38,5;-63,5;0
-38,5;-63;0,0336243959053542
-38,5;-62,5;0
-38,5;-58,5;0,119943042038016
-38,5;-57,5;0,0148492424049175
-38,5;-57;0
-38,5;-56,5;0,0554099870661117
-38,5;-56;0
-38,5;-55,5;0,0732281442555464
-38,5;-55;0,0820341982749249
-38,5;-54,5;0,0553863125421911
-38,5;-54;0,0444332772708953
-38,5;-53,5;0,0607103468291955
-38,5;-53;0,0649569087934455
-38,5;-52,5;0,212102587385816
-38,5;-52;0,336111979734951
-38,5;-51,5;0,262112637428226
-38,5;-51;0,0733229662791014
-38,5;-50,5;0,0237176838778269
-38,5;-50;0,032747387649238
-38,5;-49,5;0,116110101257535
-38,5;-49;0,0521651611749071
-38,5;-48,5;0,110274374882374
-38,5;-48;0,0746380647567267
-38,5;-47,5;0,0518929177096924
-38,5;-47;0,0513287178677973
-38,5;-46,5;0,055466912626563
-38,5;-46;0,0425929795243524
-38,5;-45,5;0,0521510533620478
-38,5;-45;0,0708033151339841
-38,5;-44,5;0,0753384200669558
-38,5;-44;0,0389106555576996
-38,5;-43,5;0,0469459844701915
-38,5;-43;0,0342339431480507
-38,5;-42,5;0,0463876324984629
-38,5;-42;0,0630688332811292
-38,5;-41,5;0,0700950558695889
-38,5;-41;0,0773673364082939
-38,5;-40,5;0,0575374639398327
-38,5;-40;0,0683052953682959
-38,5;-39,5;0,0268312289308257
-38,5;-39;0,0440508706054935
-38,5;-38,5;0,0360943170026523
-38,5;-38;0,0376472663903592
-38,5;-37,5;0,0414923687762782
-38,5;-37;0,0372044054799273
-38,5;-36,5;0,042581142763062
-38,5;-36;0,0429445207534686
-38,5;-35,5;0,0466450668233327
-38,5;-35;0,0393434075673201
-38,5;-34,5;0,0319839986680668
-38,5;-34;0,038710401432475
-38,5;-33,5;0,0688213221332262
-38,5;-33;0,0553580917261355
-38,5;-32,5;0,0327855856757078
-38,5;-32;0,0299688497597566
-38,5;-31,5;0,0496459045664432
-38,5;-31;0,0469876529705458
-38,5;-30,5;0,0472334029328512
-38,5;-30;0,0560669820289018
-38,5;-29,5;0,0418380321793356
-38,5;-29;0,0477827527467296
-38,5;-28,5;0,030467272329429
-38,5;-28;0,0332576344308173
-38,5;-27,5;0,0381597410921561
-38,5;-27;0,0758218370945479
-38,5;-26,5;0,0272351196943524
-38,5;-26;0,0624983162307629
-38,5;-25,5;0,0543643863331263
-38,5;-25;0,0540241579469155
-38,5;-24,5;0,0501459158422572
-38,5;-24;0,122701714960883
-38,5;-23,5;0,0596661640912632
-38,5;-23;0,0422816149837697
-38,5;-22,5;0,0498064592039639
-38,5;-22;0,0441669277472556
-38,5;-21,5;0,0248011824776785
-38,5;-21;0,0331077846161277
-38,5;-20,5;0,037518381221089
-38,5;-20;0,0340421379940529
-38,5;-19,5;0,0469590950249531
-38,5;-19;0,0507038130501537
-38,5;-18,5;0,0498851706066299
-38,5;-18;0,0388684262197995
-38,5;-17,5;0,0501744887806844
-38,5;-17;0,0603557028914287
-38,5;-16,5;0,0777509484946003
-38,5;-16;0,194548605415099
-38,5;-15,5;0,143579588646374
-38,5;-15;0,0327985537400094
-38,5;-14,5;0,0293411165423684
-38,5;-14;0,054430001951532
-38,5;-13,5;0,0585561803298871
-38,5;-13;0,0439825609437015
-38,5;-12,5;0,0414337030281291
-38,5;-12;0,0470571637248244
-38,5;-11,5;0,041364328567272
-38,5;-11;0,0322507947751835
-38,5;-10,5;0,045285638577669
-38,5;-10;0,0525329011921418
-38,5;-9,5;0,0468938573425423
-38,5;-9;0,0605585888724881
-38,5;-8,5;0,05674372211972
-38,5;-8;0,0494943188993018
-38,5;-7,5;0,0772542076850317
-38,5;-7;0,0671382942214366
-38,5;-6,5;0,0971930295146
-38,5;-6;0,0794166116714028
-38,5;-5,5;0,0402992969334867
-38,5;-5;0,0569447946863739
-38,5;-4,5;0,0493215960276099
-38,5;-4;0,247792442359242
-38,5;-3,5;0,303018189454851
-38,5;-3;0,337504243213812
-38,5;-2,5;0,0585755555915726
-38,5;-2;0,0488140382531349
-38,5;-1,5;0,0583226314712968
-38,5;-1;0,343143686422584
-38,5;-0,5;0,318851057337903
-38,5;0;0,0773204059680455
-38,5;0,5;0,046554482434141
-38,5;1;0,0530834300979523
-38,5;1,5;0,0535998193430614
-38,5;2;0,183257173192786
-38,5;2,5;0,311182292911225
-38,5;3;0,176464033826046
-38,5;3,5;0,125183361382183
-38,5;4;0,113192423137096
-38,5;4,5;0,17912102936658
-38,5;5;0,199714944986145
-38,5;5,5;0,0266603711174723
-38,5;6;0,0470203676014723
-38,5;6,5;0,0717570587614463
-38,5;7;0,0986363482753793
-38,5;7,5;0,0765887267021148
-38,5;8;0,0329197914965497
-38,5;8,5;0,0229498295826167
-38,5;9;0,047270447206086
-38,5;9,5;0,0407358097789538
-38,5;10;0,040520310861178
-38,5;10,5;0,0404707453908746
-38,5;11;0,21241279100213
-38,5;11,5;0,295471280644922
-38,5;12;0,196113696502623
-38,5;12,5;0,29883059004106
-38,5;13;0,22152318173228
-38,5;13,5;0,195447012889945
-38,5;14;0,228033695877816
-38,5;14,5;0,159481380142777
-38,5;15;0,0338575447032612
-38,5;15,5;0,0733091760567369
-38,5;16;0,139600824510751
-38,5;16,5;0,083031722529353
-38,5;17;0,0689992605698327
-38,5;17,5;0,0457169707947803
-38,5;18;0,0590054801898931
-38,5;18,5;0,0956891380137266
-38,5;19;0,077778378682486
-38,5;19,5;0,0141527382509534
-38,5;20;0,0209880918618154
-38,5;20,5;0,0581983257658777
-38,5;21;0,0553139693046964
-38,5;21,5;0,339054825673288
-38,5;22;0,29210770161569
-38,5;22,5;0,0392234138044637
-38,5;23;0,0542639560212571
-38,5;23,5;0,0249660208644108
-38,5;24;0,0580561302555514
-38,5;24,5;0,0329755585909847
-38,5;25;0,048030317627634
-38,5;25,5;0,0531685595246395
-38,5;26;0,0860094383296472
-38,5;26,5;0,104109022077588
-38,5;27;0,116355776249685
-38,5;27,5;0,0622916336199944
-38,5;28;0
-38,5;28,5;0,16505494389119
-38,5;29;0,0403411765608762
-38,5;29,5;0,0721390256684289
-38,5;30;0,159970919976398
-38,5;30,5;0,142078230314893
-38,5;31;0,112780612991182
-38,5;31,5;0,108902402789531
-38,5;32;0,0885402993861248
-38,5;32,5;0,0684572531047332
-38,5;33;0
-38,5;33,5;0,0302407010500749
-38,5;34;0,0128322510366134
-38,5;34,5;0
-38,5;35;0
-38,5;35,5;0
-38,5;36;0
-38,5;36,5;0,242556522622391
-38,5;37;0,175864139839569
-38,5;37,5;0,144589835701668
-38,5;38;0
-38,5;38,5;0
-38,5;39;0
-38,5;39,5;0
-38,5;40;0
-38,5;40,5;0
-38,5;43,5;0,138077273051481
-38,5;44;0,0543080240099147
-38,5;44,5;0,0929494624196534
-38;-65;0,0602683812440468
-38;-64,5;0,0459452572815374
-38;-63,5;0,0615424465492941
-38;-63;0
-38;-59;0
-38;-58,5;0
-38;-57,5;0,0985342580019761
-38;-57;0,0672211393755519
-38;-56,5;0,0643962014911471
-38;-56;0,0475709995690652
-38;-55,5;0,100047809999591
-38;-55;0,0923714361236116
-38;-54,5;0,0569979396203735
-38;-54;0,0288790581563873
-38;-53,5;0,0634377835438186
-38;-53;0,0648551640788327
-38;-52,5;0,0741474349203205
-38;-52;0,0809336091779392
-38;-51,5;0,0420628009145756
-38;-51;0,0506855302958
-38;-50,5;0,0628645142021902
-38;-50;0,0508880492981231
-38;-49,5;0,377411218404776
-38;-49;0,172545694836825
-38;-48,5;0,14736044245319
-38;-48;0,0345189924412756
-38;-47,5;0,0367481882452144
-38;-47;0,0477705673634625
-38;-46,5;0,053444596896673
-38;-46;0,0321392245461219
-38;-45,5;0,0553935489837643
-38;-45;0,0650599075556634
-38;-44,5;0,0589750242039245
-38;-44;0,039552921245258
-38;-43,5;0,042692795850997
-38;-43;0,0523282709979838
-38;-42,5;0,0498900181043015
-38;-42;0,049883338413486
-38;-41,5;0,0468544127273401
-38;-41;0,0418562319698673
-38;-40,5;0,0685918203222954
-38;-40;0,0434718172851288
-38;-39,5;0,0551051786700075
-38;-39;0,0349896324668507
-38;-38,5;0,0439282096528619
-38;-38;0,030921334473464
-38;-37,5;0,0470974197465075
-38;-37;0,0259279543239916
-38;-36,5;0,0699706786287556
-38;-36;0,0446687517501901
-38;-35,5;0,0718072997125711
-38;-35;0,0323794096734159
-38;-34,5;0,0416820957659043
-38;-34;0,393136594675221
-38;-33,5;0,314641797023494
-38;-33;0,0978776447067119
-38;-32,5;0,0294603707610436
-38;-32;0,0509224468411181
-38;-31,5;0,0468584160746476
-38;-31;0,220699601692726
-38;-30,5;0,0461066466468098
-38;-30;0,0474410072991048
-38;-29,5;0,0267581505823839
-38;-29;0,0212129924063522
-38;-28,5;0,0374637694584857
-38;-28;0,0300183805033529
-38;-27,5;0,173498338344626
-38;-27;0,260258815374988
-38;-26,5;0,197100381355741
-38;-26;0,0611661085689254
-38;-25,5;0,0877342178127019
-38;-25;0,077430536383764
-38;-24,5;0,043749680833153
-38;-24;0,100741661108566
-38;-23,5;0,0763444102437695
-38;-23;0,0686220703994962
-38;-22,5;0,0543315889317189
-38;-22;0,0535689396920897
-38;-21,5;0,0420974635083204
-38;-21;0,0337512369465675
-38;-20,5;0,0359664407697976
-38;-20;0,0337124580023677
-38;-19,5;0,0462373372025927
-38;-19;0,0542039206913579
-38;-18,5;0,0304338440632935
-38;-18;0,0390106858609636
-38;-17,5;0,0379353020401736
-38;-17;0,0578485243733513
-38;-16,5;0,229082065737862
-38;-16;0,167049155223509
-38;-15,5;0,0327617817356352
-38;-15;0,0278899572028628
-38;-14,5;0,0336046539014355
-38;-14;0,035578410722629
-38;-13,5;0,0379116219056225
-38;-13;0,242731723765339
-38;-12,5;0,169101584437053
-38;-12;0,0447109740547791
-38;-11,5;0,0254661839543921
-38;-11;0,0383174725961896
-38;-10,5;0,0466430842775686
-38;-10;0,0545678643346991
-38;-9,5;0,0269874368741939
-38;-9;0,0290818798017184
-38;-8,5;0,0583218390036006
-38;-8;0,0495403541995299
-38;-7,5;0,101999406476551
-38;-7;0,054439611955471
-38;-6,5;0,116301126676037
-38;-6;0,149427198338541
-38;-5,5;0,0639514030801738
-38;-5;0,0618506298530835
-38;-4,5;0,0629055339246644
-38;-4;0,10284769825238
-38;-3,5;0,10583879316083
-38;-3;0,232222168191258
-38;-2,5;0,252211455007768
-38;-2;0,0736323801765794
-38;-1,5;0,0342962705504471
-38;-1;0,315168245986547
-38;-0,5;0,370633027103104
-38;0;0,0526664369524578
-38;0,5;0,0539240551053819
-38;1;0,0563711192121683
-38;1,5;0,0424692645303879
-38;2;0,0815967677477917
-38;2,5;0,0955227267016945
-38;3;0,373445998031011
-38;3,5;0,123564284358976
-38;4;0,138578524333146
-38;4,5;0,186784702519631
-38;5;0,213158407613215
-38;5,5;0,0258007664967677
-38;6;0,022057769131609
-38;6,5;0,0311582427000348
-38;7;0,0567207042622975
-38;7,5;0,0980449291229371
-38;8;0,0620973239954805
-38;8,5;0,0298530953215154
-38;9;0,034523098826975
-38;9,5;0,0494054415869568
-38;10;0,0373823073761092
-38;10,5;0,0375102217628032
-38;11;0,20669930716204
-38;11,5;0,126081475363164
-38;12;0,106075661701965
-38;12,5;0,182666495790034
-38;13;0,114796564781563
-38;13,5;0,282545421999645
-38;14;0,165091861328464
-38;14,5;0,137820871310294
-38;15;0,203199409447961
-38;15,5;0,0250264304730463
-38;16;0,198115302500554
-38;16,5;0,157660135794335
-38;17;0,0792074199354418
-38;17,5;0,0526428911799581
-38;18;0,0569912240548067
-38;18,5;0,099791276491863
-38;19;0,0686079131852441
-38;19,5;0,0478881799380367
-38;20;0,0223787981370896
-38;20,5;0,0382998023698888
-38;21;0,0477294723315678
-38;21,5;0,0682376637538153
-38;22;0,066658018412272
-38;22,5;0,0421081466829128
-38;23;0,0238378359806931
-38;23,5;0,08161751295557
-38;24;0,0300448150117605
-38;24,5;0,0615112068767031
-38;25;0,0674837017360488
-38;25,5;0,0654708504455572
-38;26;0,09367950336466
-38;26,5;0,0866483246683522
-38;27;0,0840702087543501
-38;27,5;0,0448550371638945
-38;28;0,032087120988542
-38;28,5;0,154090166499244
-38;29;0,033528368811374
-38;29,5;0,0582334382750438
-38;30;0,115945492119604
-38;30,5;0,0906944211182696
-38;31;0,0294872853955735
-38;31,5;0,168141421278063
-38;32;0,0410824374479736
-38;32,5;0,128316904849577
-38;33;0,106683047984545
-38;33,5;0
-38;34;0
-38;34,5;0,218685175268816
-38;35;0,110084950963206
-38;35,5;0,0814923147813403
-38;36;0
-38;36,5;0,0862612311528186
-38;37;0,26163936891042
-38;37,5;0,141487337478188
-38;38;0
-38;38,5;0
-38;39;0
-38;39,5;0
-38;40;0
-38;40,5;0
-38;44;0,07908263083636
-38;44,5;0,0939527067790551
-37,5;-65,5;0,00923760430703401
-37,5;-65;0,015556349186104
-37,5;-64;0,0458101318685963
-37,5;-63,5;0,058792461858886
-37,5;-59;0,0295550334122633
-37,5;-58,5;0
-37,5;-57,5;0
-37,5;-57;0,116707213650008
-37,5;-56,5;0,110211798787454
-37,5;-56;0,0716049662822586
-37,5;-55,5;0,0635493745170501
-37,5;-55;0,0581635624768635
-37,5;-54,5;0,0291356175586912
-37,5;-54;0,0209284495364563
-37,5;-53,5;0,048570224074701
-37,5;-53;0,0573729136397324
-37,5;-52,5;0,0782703810131316
-37,5;-52;0,0618981081521224
-37,5;-51,5;0,0586358347012398
-37,5;-51;0,0493302310770303
-37,5;-50,5;0,116143433687639
-37,5;-50;0,0588745408519491
-37,5;-49,5;0,0325720241755602
-37,5;-49;0,0943877013400115
-37,5;-48,5;0,104431443208127
-37,5;-48;0,0932508526802883
-37,5;-47,5;0,0612300411421094
-37,5;-47;0,0408975648418948
-37,5;-46,5;0,036085612043647
-37,5;-46;0,0406526100836924
-37,5;-45,5;0,0458886287071747
-37,5;-45;0,0544314222954988
-37,5;-44,5;0,0466527018264339
-37,5;-44;0,0435332507737713
-37,5;-43,5;0,032272521859415
-37,5;-43;0,0677757596776614
-37,5;-42,5;0,112365340030545
-37,5;-42;0,124048990212148
-37,5;-41,5;0,0512585960002012
-37,5;-41;0,043174448267387
-37,5;-40,5;0,0496434689214178
-37,5;-40;0,0479592935470803
-37,5;-39,5;0,0402013829423341
-37,5;-39;0,0473320937719887
-37,5;-38,5;0,0408085296004925
-37,5;-38;0,0299264633273448
-37,5;-37,5;0,0428298124845949
-37,5;-37;0,0548291460968342
-37,5;-36,5;0,043303531816338
-37,5;-36;0,0440605643782888
-37,5;-35,5;0,0433816889555849
-37,5;-35;0,0464698560430432
-37,5;-34,5;0,0388222616188042
-37,5;-34;0,16213345649032
-37,5;-33,5;0,15071855669868
-37,5;-33;0,0636262260287019
-37,5;-32,5;0,0441149856162604
-37,5;-32;0,0342560726353255
-37,5;-31,5;0,0424613452474175
-37,5;-31;0,388045764426383
-37,5;-30,5;0,0415412785514777
-37,5;-30;0,0517362164074091
-37,5;-29,5;0,0568838105820636
-37,5;-29;0,0569913103357127
-37,5;-28,5;0,0446330909742688
-37,5;-28;0,0578274768591005
-37,5;-27,5;0,15371844806174
-37,5;-27;0,295913988462007
-37,5;-26,5;0,228166473285802
-37,5;-26;0,130080743096424
-37,5;-25,5;0,0432151593772371
-37,5;-25;0,0731571198676371
-37,5;-24,5;0,103350805877991
-37,5;-24;0,114041806428368
-37,5;-23,5;0,0478126677880599
-37,5;-23;0,0526973967136417
-37,5;-22,5;0,04241531424382
-37,5;-22;0,0614090647138585
-37,5;-21,5;0,0509638574872015
-37,5;-21;0,0627477812991903
-37,5;-20,5;0,0991098104478928
-37,5;-20;0,0731265247081291
-37,5;-19,5;0,0450496039289947
-37,5;-19;0,043433125963538
-37,5;-18,5;0,0592033621953863
-37,5;-18;0,0334592666166269
-37,5;-17,5;0,0498569255180564
-37,5;-17;0,178877075454764
-37,5;-16,5;0,148483414689254
-37,5;-16;0,0513198885376833
-37,5;-15,5;0,0423580939930229
-37,5;-15;0,0429969363675444
-37,5;-14,5;0,0371886906599132
-37,5;-14;0,047380380345942
-37,5;-13,5;0,0418031117891407
-37,5;-13;0,211196341534746
-37,5;-12,5;0,141580856492342
-37,5;-12;0,0420668581642879
-37,5;-11,5;0,032914731892559
-37,5;-11;0,0455481522530768
-37,5;-10,5;0,0647705899354426
-37,5;-10;0,0609956405799732
-37,5;-9,5;0,0361397691354727
-37,5;-9;0,0341044256032854
-37,5;-8,5;0,0443535792727352
-37,5;-8;0,0599638749957446
-37,5;-7,5;0,0945717969921519
-37,5;-7;0,178321645471596
-37,5;-6,5;0,173388714999287
-37,5;-6;0,0567912845426127
-37,5;-5,5;0,239339917283995
-37,5;-5;0,057761960468244
-37,5;-4,5;0,0830776744980262
-37,5;-4;0,101000849626844
-37,5;-3,5;0,089646784691419
-37,5;-3;0,0724105489780721
-37,5;-2,5;0,186162739463992
-37,5;-2;0,235741747136805
-37,5;-1,5;0,0567408965538675
-37,5;-1;0,0673851824210438
-37,5;-0,5;0,0658901069838797
-37,5;0;0,044756622238053
-37,5;0,5;0,0961118392512478
-37,5;1;0,096881228583202
-37,5;1,5;0,0434806787146613
-37,5;2;0,0821979268202898
-37,5;2,5;0,0454674390803894
-37,5;3;0,271654742086479
-37,5;3,5;0,237517908270748
-37,5;4;0,23267114472967
-37,5;4,5;0,133009544547788
-37,5;5;0,209461367994249
-37,5;5,5;0,093822368211741
-37,5;6;0,0175996219906814
-37,5;6,5;0,0280623175078582
-37,5;7;0,0554567448644814
-37,5;7,5;0,102393417003878
-37,5;8;0,0634646971718517
-37,5;8,5;0,0253410076095381
-37,5;9;0,0291947082831039
-37,5;9,5;0,0397319704593671
-37,5;10;0,0518361252824468
-37,5;10,5;0,0530386521566068
-37,5;11;0,118986205153399
-37,5;11,5;0,182720437154986
-37,5;12;0,110955076104071
-37,5;12,5;0,109335906695104
-37,5;13;0,120710593356527
-37,5;13,5;0,178920212374995
-37,5;14;0,234567435545051
-37,5;14,5;0,222821101183597
-37,5;15;0,204705496813183
-37,5;15,5;0,0503942975670137
-37,5;16;0,0620818276493827
-37,5;16,5;0,0620524178747498
-37,5;17;0,0438560000398554
-37,5;17,5;0,0557690948589982
-37,5;18;0,0947477372136221
-37,5;18,5;0,121105724578159
-37,5;19;0,07139698461255
-37,5;19,5;0,058485488635664
-37,5;20;0,0435507366948788
-37,5;20,5;0,038068624122793
-37,5;21;0,0365815888621334
-37,5;21,5;0,0430556653947032
-37,5;22;0,0467518034582301
-37,5;22,5;0,0269812645434501
-37,5;23;0,0444027948122019
-37,5;23,5;0,0392924399004864
-37,5;24;0,0267861904719577
-37,5;24,5;0,0269158231986603
-37,5;25;0,0344025192875948
-37,5;25,5;0,0678730097648944
-37,5;26;0,0397551371552477
-37,5;26,5;0,0702280301278971
-37,5;27;0,0675909264127467
-37,5;27,5;0,0936491171493738
-37,5;28;0,0525980377146198
-37,5;28,5;0
-37,5;29;0,0100166528008778
-37,5;29,5;0,0394115367724887
-37,5;30;0,0464258940286952
-37,5;30,5;0,0577688707198126
-37,5;31;0,0696651330956223
-37,5;31,5;0,0770137072936442
-37,5;32;0,075062230592612
-37,5;32,5;0,108952380479369
-37,5;33;0,123984059969162
-37,5;33,5;0,101487901336302
-37,5;34;0,0940554877857145
-37,5;34,5;0,160513239329346
-37,5;35;0
-37,5;35,5;0,07142228543769
-37,5;36;0
-37,5;36,5;0,0289913780286485
-37,5;37;0,348252351797837
-37,5;37,5;0,308086844825939
-37,5;38;0
-37,5;38,5;0
-37,5;39;0
-37,5;39,5;0
-37,5;40;0
-37,5;40,5;0
-37,5;41;0
-37;-65,5;0,035741798926134
-37;-64,5;0,0612014557164957
-37;-64;0,0120208152801713
-37;-63;0,0212132034355964
-37;-62;0,0130511813003013
-37;-59;0,0423717673299883
-37;-58;0
-37;-57,5;0
-37;-57;0,0915836514744379
-37;-56,5;0,0878129798468883
-37;-56;0,110547592404066
-37;-55,5;0,0745720197020905
-37;-55;0,0652928932178833
-37;-54,5;0,0626177184419346
-37;-54;0,128511387303486
-37;-53,5;0,0729511298066544
-37;-53;0,0503583088792997
-37;-52,5;0,0463199905898004
-37;-52;0,0494656218434672
-37;-51,5;0,0527509152985117
-37;-51;0,0420144968875976
-37;-50,5;0,0347226968221533
-37;-50;0,0662436816014379
-37;-49,5;0,0273781361246952
-37;-49;0,0808224906817403
-37;-48,5;0,224596961079183
-37;-48;0,336579397722547
-37;-47,5;0,120483943970084
-37;-47;0,0474231427401638
-37;-46,5;0,0379626863585226
-37;-46;0,0563327013326773
-37;-45,5;0,0707473219589013
-37;-45;0,0703123893157541
-37;-44,5;0,059095645409696
-37;-44;0,0371491090916903
-37;-43,5;0,0382841952241443
-37;-43;0,119066845471257
-37;-42,5;0,0997394917780887
-37;-42;0,0859909903026075
-37;-41,5;0,0491906814396372
-37;-41;0,0478332003531272
-37;-40,5;0,0523254675260597
-37;-40;0,0293582324455157
-37;-39,5;0,0428587151905784
-37;-39;0,0375229993749655
-37;-38,5;0,0391137582974875
-37;-38;0,0450128784755001
-37;-37,5;0,0566203525692738
-37;-37;0,0719086024578285
-37;-36,5;0,0366285840300178
-37;-36;0,0497171805235945
-37;-35,5;0,0584811723605226
-37;-35;0,0212161965782083
-37;-34,5;0,0328936825639374
-37;-34;0,0420582110050779
-37;-33,5;0,0489714061732919
-37;-33;0,0432701711748246
-37;-32,5;0,0384582865864112
-37;-32;0,0397620645680212
-37;-31,5;0,0360989381191931
-37;-31;0,0391578215204306
-37;-30,5;0,0367794296622581
-37;-30;0,0418080933153698
-37;-29,5;0,0506399514533297
-37;-29;0,0623812210260001
-37;-28,5;0,0427176665539291
-37;-28;0,0602789109675848
-37;-27,5;0,126698241316196
-37;-27;0,215392241982705
-37;-26,5;0,257700989520801
-37;-26;0,200418894651511
-37;-25,5;0,0330610588675768
-37;-25;0,0372106097314196
-37;-24,5;0,118781512109619
-37;-24;0,102262389036077
-37;-23,5;0,0732652428741928
-37;-23;0,0409998895847967
-37;-22,5;0,0475192435448893
-37;-22;0,0455052650607201
-37;-21,5;0,0326100979359915
-37;-21;0,0376934957942004
-37;-20,5;0,0435673875351411
-37;-20;0,0638483685712884
-37;-19,5;0,0575823287278709
-37;-19;0,0569145008930001
-37;-18,5;0,0508738182683602
-37;-18;0,0657237234893688
-37;-17,5;0,205493418970536
-37;-17;0,109344209480551
-37;-16,5;0,0477155010502851
-37;-16;0,0442708933136082
-37;-15,5;0,0396919576568724
-37;-15;0,075269153845258
-37;-14,5;0,0421925875449954
-37;-14;0,0349367032263096
-37;-13,5;0,0393224952980813
-37;-13;0,053924867057126
-37;-12,5;0,0285612633248578
-37;-12;0,0385533737357251
-37;-11,5;0,051479685206698
-37;-11;0,0316685289884345
-37;-10,5;0,244957555000845
-37;-10;0,0484534073615012
-37;-9,5;0,0618103610108477
-37;-9;0,0552799724144292
-37;-8,5;0,0463991738432198
-37;-8;0,136556690024081
-37;-7,5;0,283478770060582
-37;-7;0,209496879599634
-37;-6,5;0,102645586980691
-37;-6;0,0964343179887244
-37;-5,5;0,0767391010883913
-37;-5;0,12107392930992
-37;-4,5;0,240778631754988
-37;-4;0,0868465121157244
-37;-3,5;0,0369581146826561
-37;-3;0,114606646113274
-37;-2,5;0,063320245131602
-37;-2;0,119696561372529
-37;-1,5;0,284067112942782
-37;-1;0,19695612878676
-37;-0,5;0,119690467410654
-37;0;0,0450870752280194
-37;0,5;0,0539818495667259
-37;1;0,105326256867293
-37;1,5;0,11467919200923
-37;2;0,0954506067008441
-37;2,5;0,310942521904571
-37;3;0,0851129641515713
-37;3,5;0,284863298615444
-37;4;0,210649763596083
-37;4,5;0,125016376044006
-37;5;0,14765208436229
-37;5,5;0,0445364926049832
-37;6;0,0390626800822295
-37;6,5;0,0171150055792559
-37;7;0,0285571702868109
-37;7,5;0,0399062054592989
-37;8;0,0802640434233578
-37;8,5;0,156629602027857
-37;9;0,0284454313024688
-37;9,5;0,0291055763214329
-37;10;0,0732720007107372
-37;10,5;0,082446836531152
-37;11;0,169863439960735
-37;11,5;0,106819645640106
-37;12;0,139060259140665
-37;12,5;0,0934782001052247
-37;13;0,131266482728344
-37;13,5;0,178681643569464
-37;14;0,129964332360138
-37;14,5;0,181092952745949
-37;15;0,11833004690272
-37;15,5;0,0864387591934839
-37;16;0,0639383631766898
-37;16,5;0,0296358855829502
-37;17;0,0527649960745266
-37;17,5;0,0482637345959455
-37;18;0,0768462163065084
-37;18,5;0,069901503945437
-37;19;0,0517552769836292
-37;19,5;0,0497115416552069
-37;20;0,0552769516101453
-37;20,5;0,0368549925544759
-37;21;0,0256135617487015
-37;21,5;0,0167403134749053
-37;22;0,0290060748973794
-37;22,5;0,0172117008764045
-37;23;0,0421601473192163
-37;23,5;0,0549205486741226
-37;24;0,0308506683276673
-37;24,5;0,0487564027917033
-37;25;0,0869509843774671
-37;25,5;0,0476065368719588
-37;26;0,0545716445962497
-37;26,5;0,0746243971740796
-37;27;0,0996126784816356
-37;27,5;0,362741928782091
-37;28;0,357415850687376
-37;28,5;0,0395979797464467
-37;29;0,0453994615729208
-37;29,5;0,0435693207921091
-37;30;0,0522341866636234
-37;30,5;0,060351904534591
-37;31;0,0883345911860128
-37;31,5;0,0840971660243871
-37;32;0,137078959091616
-37;32,5;0,146360525446894
-37;33;0,0590777780763111
-37;33,5;0,0975543970637584
-37;34;0,154882593356606
-37;34,5;0
-37;35;0,142128463018496
-37;35,5;0
-37;36;0
-37;36,5;0
-37;37;0,114505068509153
-37;37,5;0,0842311295833268
-37;38;0,104280818039508
-37;38,5;0,0867853674302299
-37;39;0
-37;39,5;0
-37;40;0
-37;40,5;0
-37;41;0
-36,5;-65,5;0
-36,5;-65;0,0453052609159981
-36,5;-64,5;0,062632260058216
-36,5;-63,5;0
-36,5;-63;0,026072335274514
-36,5;-62;0,0353553390593274
-36,5;-59;0
-36,5;-58,5;0
-36,5;-58;0
-36,5;-57,5;0,0245424801789333
-36,5;-57;0,0699126587779174
-36,5;-56,5;0,0802460383238118
-36,5;-56;0,079652460814391
-36,5;-55,5;0,0636573858767383
-36,5;-55;0,0421428551822842
-36,5;-54,5;0,0485881708322878
-36,5;-54;0,0470545277804788
-36,5;-53,5;0,0651733074195257
-36,5;-53;0,0128322510366134
-36,5;-52,5;0,0639505814731055
-36,5;-52;0,0832436855322511
-36,5;-51,5;0,055457606925328
-36,5;-51;0,0337965384459557
-36,5;-50,5;0,0543242579332659
-36,5;-50;0,0544552108753134
-36,5;-49,5;0,0684696417161262
-36,5;-49;0,0628751837563467
-36,5;-48,5;0,186400282352372
-36,5;-48;0,303408946764704
-36,5;-47,5;0,121518192427034
-36,5;-47;0,0491237806101624
-36,5;-46,5;0,0495978140782753
-36,5;-46;0,0658471592117671
-36,5;-45,5;0,0784135141251199
-36,5;-45;0,0395902662735845
-36,5;-44,5;0,0355565421709483
-36,5;-44;0,0485144186577188
-36,5;-43,5;0,267670898100076
-36,5;-43;0,325641171028645
-36,5;-42,5;0,0585701037851158
-36,5;-42;0,0531857376471891
-36,5;-41,5;0,0568168195202104
-36,5;-41;0,0790976622343554
-36,5;-40,5;0,0390019894630111
-36,5;-40;0,0368650265437695
-36,5;-39,5;0,0939362797626529
-36,5;-39;0,0667065724228709
-36,5;-38,5;0,0346448311450477
-36,5;-38;0,0580866005894998
-36,5;-37,5;0,0523203748585993
-36,5;-37;0,0424045322178783
-36,5;-36,5;0,0648270553660894
-36,5;-36;0,0439147213906787
-36,5;-35,5;0,0456847681313552
-36,5;-35;0,043454791111262
-36,5;-34,5;0,0300419518427717
-36,5;-34;0,0445523494973052
-36,5;-33,5;0,0333030651161876
-36,5;-33;0,0300833896125173
-36,5;-32,5;0,0545910617412646
-36,5;-32;0,0888171886359779
-36,5;-31,5;0,032613391932354
-36,5;-31;0,0302404741118555
-36,5;-30,5;0,0378591688586354
-36,5;-30;0,0461629557913589
-36,5;-29,5;0,038976269444778
-36,5;-29;0,0352847370994359
-36,5;-28,5;0,0794763050087964
-36,5;-28;0,0598858648130568
-36,5;-27,5;0,0577822906516145
-36,5;-27;0,195050249935754
-36,5;-26,5;0,248838669565392
-36,5;-26;0,0894154709559872
-36,5;-25,5;0,0498404700197604
-36,5;-25;0,0405400679259176
-36,5;-24,5;0,113985703644085
-36,5;-24;0,183407801805391
-36,5;-23,5;0,0904325452489335
-36,5;-23;0,0283756795945939
-36,5;-22,5;0,0410119851007792
-36,5;-22;0,0383173408752063
-36,5;-21,5;0,0459276551742403
-36,5;-21;0,0428859436277738
-36,5;-20,5;0,0453217234211298
-36,5;-20;0,0494878169366687
-36,5;-19,5;0,0726052593505057
-36,5;-19;0,307451824811355
-36,5;-18,5;0,190771643420289
-36,5;-18;0,277762272426115
-36,5;-17,5;0,280689298796575
-36,5;-17;0,050626796232779
-36,5;-16,5;0,0498636453064685
-36,5;-16;0,0381484431337355
-36,5;-15,5;0,0350682368033096
-36,5;-15;0,0810026915357511
-36,5;-14,5;0,0610481677497957
-36,5;-14;0,0668427444993983
-36,5;-13,5;0,349450559734619
-36,5;-13;0,320113614927215
-36,5;-12,5;0,0567663030790812
-36,5;-12;0,0393689833212309
-36,5;-11,5;0,0568168921763236
-36,5;-11;0,0386837516017189
-36,5;-10,5;0,17304675060482
-36,5;-10;0,0388734209601221
-36,5;-9,5;0,0470949871339266
-36,5;-9;0,0869083792921291
-36,5;-8,5;0,216126069282934
-36,5;-8;0,058886225008508
-36,5;-7,5;0,120854763637208
-36,5;-7;0,0818035681054884
-36,5;-6,5;0,118049643723781
-36,5;-6;0,0846795126032357
-36,5;-5,5;0,0973699447402877
-36,5;-5;0,122138012416835
-36,5;-4,5;0,127720701869158
-36,5;-4;0,0944142430977439
-36,5;-3,5;0,0652532067544235
-36,5;-3;0,0447022318422743
-36,5;-2,5;0,0888822037488421
-36,5;-2;0,153084579333622
-36,5;-1,5;0,131091935649324
-36,5;-1;0,302293674826683
-36,5;-0,5;0,209557302486003
-36,5;0;0,0611645797200057
-36,5;0,5;0,0946098208817822
-36,5;1;0,0648881003323282
-36,5;1,5;0,0859779257659096
-36,5;2;0,109958196414263
-36,5;2,5;0,16491891947257
-36,5;3;0,15693757247037
-36,5;3,5;0,244599592689362
-36,5;4;0,0561196834499573
-36,5;4,5;0,0449065589397882
-36,5;5;0,181964536550349
-36,5;5,5;0,0364394569394025
-36,5;6;0,0293544431616976
-36,5;6,5;0,0756978288642801
-36,5;7;0,0214085729847923
-36,5;7,5;0,0206041832923803
-36,5;8;0,0936432367292159
-36,5;8,5;0,15487754827178
-36,5;9;0,0550749001642234
-36,5;9,5;0,0321016721585013
-36,5;10;0,0314159665645046
-36,5;10,5;0,0652578483928141
-36,5;11;0,119819051475209
-36,5;11,5;0,10668200410566
-36,5;12;0,195671581754572
-36,5;12,5;0,162624993330583
-36,5;13;0,221473329342207
-36,5;13,5;0,144898484459986
-36,5;14;0,150185814539486
-36,5;14,5;0,147979728341418
-36,5;15;0,0772393340771538
-36,5;15,5;0,0560045564648769
-36,5;16;0,0307665688858262
-36,5;16,5;0,0701047555930178
-36,5;17;0,0740061422512287
-36,5;17,5;0,0900641305906387
-36,5;18;0,0351173566985985
-36,5;18,5;0,0618572185115559
-36,5;19;0,0770746391493337
-36,5;19,5;0,0800949970731614
-36,5;20;0,0632481137002494
-36,5;20,5;0,0346482322781408
-36,5;21;0,036861622601009
-36,5;21,5;0,0200736738279863
-36,5;22;0,0367246098644624
-36,5;22,5;0,0352609321109544
-36,5;23;0,0241329650063974
-36,5;23,5;0,0273007936392577
-36,5;24;0,0376268225841324
-36,5;24,5;0,11049154878515
-36,5;25;0,0623804831283365
-36,5;25,5;0,060510559225459
-36,5;26;0,0593701035488595
-36,5;26,5;0,061463872404801
-36,5;27;0,0751415817636382
-36,5;27,5;0,41856695653318
-36,5;28;0,294844656665984
-36,5;28,5;0,0562459278135262
-36,5;29;0,0688150552419817
-36,5;29,5;0,0441542749912169
-36,5;30;0,0621734367063946
-36,5;30,5;0,0828812067062679
-36,5;31;0,0835031602861699
-36,5;31,5;0,0898247616466531
-36,5;32;0,0780084365724028
-36,5;32,5;0,0955600323368498
-36,5;33;0,0768636960975582
-36,5;33,5;0,0900374102390124
-36,5;34;0,193777910990595
-36,5;34,5;0,179704656690815
-36,5;35;0,0975256790005388
-36,5;35,5;0,0711137373252428
-36,5;36;0,0638528997811181
-36,5;36,5;0,0782460394380894
-36,5;37;0,0790719503574645
-36,5;37,5;0,0636304434475616
-36,5;38;0
-36,5;38,5;0
-36,5;39;0
-36,5;39,5;0
-36,5;40;0
-36,5;40,5;0
-36,5;41;0
-36;-65,5;0,0429059047995339
-36;-65;0,0312981058304081
-36;-63,5;0,000707106781186548
-36;-62;0
-36;-59;0
-36;-58,5;0
-36;-58;0
-36;-57,5;0,0827583976461143
-36;-57;0,102265336914319
-36;-56,5;0,0571604581187925
-36;-56;0,0686708959596159
-36;-55,5;0,0471756443374205
-36;-55;0,0372851980058865
-36;-54,5;0,0402866535689217
-36;-54;0,0365224588438402
-36;-53,5;0,0387763380891543
-36;-53;0
-36;-52,5;0,0487452410207139
-36;-52;0,1204519613788
-36;-51,5;0,0849843679921802
-36;-51;0,0379734557572393
-36;-50,5;0,0525542528721463
-36;-50;0,0530140936191222
-36;-49,5;0,0537265171249205
-36;-49;0,0878001234842457
-36;-48,5;0,184422958236637
-36;-48;0,154226086209453
-36;-47,5;0,0347951559024042
-36;-47;0,0454428641048402
-36;-46,5;0,0734311754725203
-36;-46;0,0574024852155766
-36;-45,5;0,0349956607387775
-36;-45;0,0365387540728893
-36;-44,5;0,0368440237210599
-36;-44;0,0314526454779725
-36;-43,5;0,0671672508013384
-36;-43;0,19263244634213
-36;-42,5;0,0602496505025127
-36;-42;0,0509369539740994
-36;-41,5;0,0326789584452882
-36;-41;0,0399358818063078
-36;-40,5;0,0310109573632292
-36;-40;0,0458950953764596
-36;-39,5;0,0658368750598558
-36;-39;0,0585829178554876
-36;-38,5;0,362826675477449
-36;-38;0,311430090765422
-36;-37,5;0,0645141761601265
-36;-37;0,0298975892041547
-36;-36,5;0,0438188498000135
-36;-36;0,0494594109683216
-36;-35,5;0,0772993242996993
-36;-35;0,0261400223853792
-36;-34,5;0,0392420632954033
-36;-34;0,0432155593855125
-36;-33,5;0,0341754245309883
-36;-33;0,0347341596375964
-36;-32,5;0,0393985166338488
-36;-32;0,052768018478096
-36;-31,5;0,0341574200099582
-36;-31;0,0327098225766695
-36;-30,5;0,0454121605417411
-36;-30;0,0451399583542163
-36;-29,5;0,041634491158107
-36;-29;0,0251793552334445
-36;-28,5;0,0388114286936874
-36;-28;0,0328078847272341
-36;-27,5;0,0287484746271594
-36;-27;0,067469542153903
-36;-26,5;0,117902003828973
-36;-26;0,161372186286507
-36;-25,5;0,147698510486734
-36;-25;0,05459480721833
-36;-24,5;0,0529977331669713
-36;-24;0,0819186584157642
-36;-23,5;0,0315771419916139
-36;-23;0,0418837828707583
-36;-22,5;0,0449941225547045
-36;-22;0,053084704127997
-36;-21,5;0,0448418595358979
-36;-21;0,0576397124264004
-36;-20,5;0,0306600290798553
-36;-20;0,0650424437139488
-36;-19,5;0,097642508094442
-36;-19;0,285993340708373
-36;-18,5;0,296602168032221
-36;-18;0,190304653368099
-36;-17,5;0,0407492286270505
-36;-17;0,0465460992698923
-36;-16,5;0,0683327219571106
-36;-16;0,052523082511914
-36;-15,5;0,0319490848748011
-36;-15;0,032155395953708
-36;-14,5;0,0669002990071287
-36;-14;0,0574271127450868
-36;-13,5;0,391646889468487
-36;-13;0,32870522548004
-36;-12,5;0,0721507555035048
-36;-12;0,0307698376424987
-36;-11,5;0,0486954135418777
-36;-11;0,045107767684628
-36;-10,5;0,0395957747872151
-36;-10;0,049802297512615
-36;-9,5;0,03772861592192
-36;-9;0,176592770669303
-36;-8,5;0,155613185773793
-36;-8;0,28995320250322
-36;-7,5;0,118063863074865
-36;-7;0,0969179696351316
-36;-6,5;0,109851127031965
-36;-6;0,0696890861068232
-36;-5,5;0,106030369259931
-36;-5;0,0552612207701604
-36;-4,5;0,0488360937175239
-36;-4;0,0524847576913142
-36;-3,5;0,0538186463432041
-36;-3;0,0479218989957759
-36;-2,5;0,0757973501648377
-36;-2;0,0682241932617637
-36;-1,5;0,0854764486758599
-36;-1;0,0542625605928587
-36;-0,5;0,195496289913
-36;0;0,245134101996096
-36;0,5;0,181982524211687
-36;1;0,0835998322720977
-36;1,5;0,100442304204101
-36;2;0,0652233036486421
-36;2,5;0,0525439695187028
-36;3;0,272754955413241
-36;3,5;0,340662514867446
-36;4;0,10496147463248
-36;4,5;0,0855535789785153
-36;5;0,186329792196672
-36;5,5;0,0994631778071453
-36;6;0,0542778815886551
-36;6,5;0,139759276021879
-36;7;0,0266431473417741
-36;7,5;0,0188666372202361
-36;8;0,0603699305316537
-36;8,5;0,140439102318603
-36;9;0,0361958020791675
-36;9,5;0,037290553756267
-36;10;0,0333312716449251
-36;10,5;0,117587990476076
-36;11;0,225471321162286
-36;11,5;0,107228376168099
-36;12;0,10419290360583
-36;12,5;0,228932922218125
-36;13;0,213642306171381
-36;13,5;0,173659697807504
-36;14;0,0429742329710904
-36;14,5;0,114390029450644
-36;15;0,0803539126965669
-36;15,5;0,064744189624167
-36;16;0,0452963097357354
-36;16,5;0,0740600953453835
-36;17;0,0492337633656975
-36;17,5;0,172724463362612
-36;18;0,0697349141331532
-36;18,5;0,259967068810016
-36;19;0,191536767575662
-36;19,5;0,153549717256385
-36;20;0,0289026142608435
-36;20,5;0,050136812822516
-36;21;0,0515141426848174
-36;21,5;0,0572336542295754
-36;22;0,021007935008785
-36;22,5;0,0354281746009522
-36;23;0
-36;23,5;0
-36;24;0
-36;24,5;0,0507104877853543
-36;25;0,0402667388350516
-36;25,5;0,0839002923592702
-36;26;0,0536609727828335
-36;26,5;0,0852568727049869
-36;27;0,053689970229325
-36;27,5;0,0560097355482998
-36;28;0,234714253832998
-36;28,5;0,0261267023400084
-36;29;0,0427713286515845
-36;29,5;0,0660295178931482
-36;30;0,0530538017709659
-36;30,5;0,13025759043952
-36;31;0,0817335378661735
-36;31,5;0,0871917269189444
-36;32;0,0865115228726416
-36;32,5;0,0630769371482161
-36;33;0,112529996001066
-36;33,5;0,0684010233841571
-36;34;0,0707106781186548
-36;34,5;0,0843124370691206
-36;35;0,118212747936424
-36;35,5;0,111502936113381
-36;36;0,116027283148329
-36;36,5;0,113404625526956
-36;37;0,108169501365408
-36;37,5;0,0392581201791425
-36;38;0
-36;38,5;0
-36;39;0
-36;39,5;0
-36;40;0
-36;40,5;0
-35,5;-66;0,0174298594371842
-35,5;-65,5;0,0386092311147571
-35,5;-61;0,0451235179050999
-35,5;-60,5;0
-35,5;-59,5;0
-35,5;-59;0
-35,5;-58,5;0
-35,5;-58;0,118217161947969
-35,5;-57,5;0,088379390508572
-35,5;-57;0,0857412243017152
-35,5;-56,5;0,0934758428643207
-35,5;-56;0,0400827251421354
-35,5;-55,5;0,059096280512147
-35,5;-55;0,0382531501357884
-35,5;-54,5;0,0553075121466773
-35,5;-54;0,0249657765751438
-35,5;-53,5;0,0301188913980515
-35,5;-53;0
-35,5;-52,5;0,223011312391424
-35,5;-52;0,280048920008589
-35,5;-51,5;0,0919501176682646
-35,5;-51;0,0578154401670845
-35,5;-50,5;0,0707386426656107
-35,5;-50;0,0617788516081684
-35,5;-49,5;0,0733409724888758
-35,5;-49;0,0663266277168365
-35,5;-48,5;0,0285346740949279
-35,5;-48;0,065198955999557
-35,5;-47,5;0,0391187274279628
-35,5;-47;0,039576555300536
-35,5;-46,5;0,0360247764423562
-35,5;-46;0,0681402184187273
-35,5;-45,5;0,0520235379482393
-35,5;-45;0,0519416010969259
-35,5;-44,5;0,0521070745182851
-35,5;-44;0,0463875370032976
-35,5;-43,5;0,166145465903287
-35,5;-43;0,0431315193499198
-35,5;-42,5;0,0542943432248212
-35,5;-42;0,0862152105746733
-35,5;-41,5;0,0970675916842068
-35,5;-41;0,0480587409014303
-35,5;-40,5;0,0734859631280662
-35,5;-40;0,0301615713396191
-35,5;-39,5;0,0367298697701657
-35,5;-39;0,043375057637893
-35,5;-38,5;0,348316334900241
-35,5;-38;0,301600794919043
-35,5;-37,5;0,0426609647472401
-35,5;-37;0,0247828086242416
-35,5;-36,5;0,0236460022044333
-35,5;-36;0,0808647375876776
-35,5;-35,5;0,0877553142496986
-35,5;-35;0,0541942671787461
-35,5;-34,5;0,0445160594821771
-35,5;-34;0,0494748889423144
-35,5;-33,5;0,0298146045463914
-35,5;-33;0,0358225654908621
-35,5;-32,5;0,0485962154582303
-35,5;-32;0,0431672136387483
-35,5;-31,5;0,0733703963191041
-35,5;-31;0,0711360649787152
-35,5;-30,5;0,0406815473158411
-35,5;-30;0,0320938341013944
-35,5;-29,5;0,0365791838984671
-35,5;-29;0,0344943802717466
-35,5;-28,5;0,0325956371348082
-35,5;-28;0,0572831015135202
-35,5;-27,5;0,061867151767211
-35,5;-27;0,042966861538588
-35,5;-26,5;0,0883873810656966
-35,5;-26;0,0936952918427528
-35,5;-25,5;0,0847643443738875
-35,5;-25;0,0837790786654912
-35,5;-24,5;0,0471833697999086
-35,5;-24;0,0529179316772415
-35,5;-23,5;0,0426978956638105
-35,5;-23;0,052110434491761
-35,5;-22,5;0,0413033907260661
-35,5;-22;0,0483084187010736
-35,5;-21,5;0,0800771053667179
-35,5;-21;0,0296172348274298
-35,5;-20,5;0,04947373233034
-35,5;-20;0,0512179754978714
-35,5;-19,5;0,040891747135457
-35,5;-19;0,202385345886497
-35,5;-18,5;0,157240371669488
-35,5;-18;0,0419272204117362
-35,5;-17,5;0,315669185991901
-35,5;-17;0,322450847456612
-35,5;-16,5;0,277609001010039
-35,5;-16;0,05166097967622
-35,5;-15,5;0,0431219348385773
-35,5;-15;0,0454367190361124
-35,5;-14,5;0,0320945579872276
-35,5;-14;0,0471871630053177
-35,5;-13,5;0,0771842082561332
-35,5;-13;0,0853013425897802
-35,5;-12,5;0,0506386097996468
-35,5;-12;0,0673640786306752
-35,5;-11,5;0,0387620220398405
-35,5;-11;0,0453260410801561
-35,5;-10,5;0,0321952675309383
-35,5;-10;0,0289382371375219
-35,5;-9,5;0,0492261520899895
-35,5;-9;0,167137610118888
-35,5;-8,5;0,269734083052595
-35,5;-8;0,120815410186597
-35,5;-7,5;0,110604582497597
-35,5;-7;0,100257289111771
-35,5;-6,5;0,0878140864218531
-35,5;-6;0,0902438726944647
-35,5;-5,5;0,0721433416281219
-35,5;-5;0,064548713085564
-35,5;-4,5;0,128439704080902
-35,5;-4;0,129548933499272
-35,5;-3,5;0,0636543859761014
-35,5;-3;0,0379878634131995
-35,5;-2,5;0,0963628973670921
-35,5;-2;0,0471851677545223
-35,5;-1,5;0,0452484821851079
-35,5;-1;0,0436404006970921
-35,5;-0,5;0,0578248638220018
-35,5;0;0,184054065149541
-35,5;0,5;0,342311714383136
-35,5;1;0,239279535283546
-35,5;1,5;0,0802465149900236
-35,5;2;0,101520123125659
-35,5;2,5;0,0636769816258647
-35,5;3;0,0321364772189498
-35,5;3,5;0,232157591697795
-35,5;4;0,206102071919684
-35,5;4,5;0,14616335440458
-35,5;5;0,122134402438269
-35,5;5,5;0,0890643961786452
-35,5;6;0,0441021447727173
-35,5;6,5;0,125426527393948
-35,5;7;0,0974916108561543
-35,5;7,5;0,0153892828795954
-35,5;8;0,0305742468918329
-35,5;8,5;0,0357978830345045
-35,5;9;0,0974545334407501
-35,5;9,5;0,0361266768034302
-35,5;10;0,0450203718809332
-35,5;10,5;0,0411212629239766
-35,5;11;0,315631819337264
-35,5;11,5;0,104982609080582
-35,5;12;0,123055564499224
-35,5;12,5;0,144541547139767
-35,5;13;0,135603920077909
-35,5;13,5;0,138886279186045
-35,5;14;0,107524316618116
-35,5;14,5;0,0983221768667776
-35,5;15;0,153811617658862
-35,5;15,5;0,185104994912603
-35,5;16;0,194123502909033
-35,5;16,5;0,113203097026851
-35,5;17;0,0380232790261329
-35,5;17,5;0,0943271934788161
-35,5;18;0,237270697550464
-35,5;18,5;0,235045537457539
-35,5;19;0,191009728066966
-35,5;19,5;0,223251547285533
-35,5;20;0,085802869141662
-35,5;20,5;0,0399723389206571
-35,5;21;0,312201346462764
-35,5;21,5;0,206127316453291
-35,5;22;0,0462246927758554
-35,5;22,5;0,0831234447716592
-35,5;23;0,0763590778925187
-35,5;23,5;0,103239579204323
-35,5;24;0,042977513500279
-35,5;24,5;0,0241350367722943
-35,5;25;0,026898928992664
-35,5;25,5;0,199298997679844
-35,5;26;0,151739909054935
-35,5;26,5;0,0969350571415229
-35,5;27;0,0389489402040664
-35,5;27,5;0,037857863159855
-35,5;28;0,069007729035715
-35,5;28,5;0,0607548476679147
-35,5;29;0,0501125911809776
-35,5;29,5;0,0562783006711893
-35,5;30;0,0366341961490269
-35,5;30,5;0,0368843567007854
-35,5;31;0,0390649534523631
-35,5;31,5;0,09665508413147
-35,5;32;0,0325269119345812
-35,5;32,5;0
-35,5;33;0,0586898628384835
-35,5;33,5;0
-35,5;34;0,0709415252161948
-35,5;34,5;0,159949591907011
-35,5;35;0,163629533070556
-35,5;35,5;0,138358728137483
-35,5;36;0,179856751943073
-35,5;36,5;0,183080403855229
-35,5;37;0,100372075655675
-35,5;37,5;0
-35,5;38;0
-35,5;38,5;0
-35,5;39;0
-35,5;39,5;0
-35,5;40;0
-35,5;40,5;0
-35,5;42;0
-35;-66,5;0,0628649345820068
-35;-66;0,0729846313291806
-35;-65,5;0,0198557296516648
-35;-61,5;0,0336096877568226
-35;-61;0
-35;-60,5;0,0359072880253206
-35;-60;0,0509116882454314
-35;-59,5;0,0378359029964339
-35;-59;0,0395235513474069
-35;-58,5;0,032311216409822
-35;-58;0,0810198878191165
-35;-57,5;0,0787919690720057
-35;-57;0,0791275135379143
-35;-56,5;0,0919439785695355
-35;-56;0,173673625809697
-35;-55,5;0,0847005027032022
-35;-55;0,0485388040179761
-35;-54,5;0,0421513766195454
-35;-54;0,0352858961475626
-35;-53,5;0,0534426143813614
-35;-53;0,0549273900874435
-35;-52,5;0,338428977209343
-35;-52;0,333427318961274
-35;-51,5;0,093283468266514
-35;-51;0,0678344458187195
-35;-50,5;0,0544463585522114
-35;-50;0,0681190418563867
-35;-49,5;0,0634259829506582
-35;-49;0,0405304683475144
-35;-48,5;0,0334108819345485
-35;-48;0,0375663117404115
-35;-47,5;0,0570247819450374
-35;-47;0,0642231854696971
-35;-46,5;0,0572268025013242
-35;-46;0,0552343223552595
-35;-45,5;0,0375153754408229
-35;-45;0,0581568573267447
-35;-44,5;0,0372426842293993
-35;-44;0,0383127106260861
-35;-43,5;0,0268565230275934
-35;-43;0,0324332605697388
-35;-42,5;0,0856049824678634
-35;-42;0,121138754824887
-35;-41,5;0,0890346188899663
-35;-41;0,0692213551471174
-35;-40,5;0,0563309448717138
-35;-40;0,0331847293269691
-35;-39,5;0,0349660539662683
-35;-39;0,0346183600708423
-35;-38,5;0,0342947814174986
-35;-38;0,0650833841153616
-35;-37,5;0,0357267299214299
-35;-37;0,0309515617304478
-35;-36,5;0,0350318932319874
-35;-36;0,0463647147824669
-35;-35,5;0,0476095199638116
-35;-35;0,0352525910971571
-35;-34,5;0,0652762787081454
-35;-34;0,0300266548253381
-35;-33,5;0,0409516916235698
-35;-33;0,0380187472183924
-35;-32,5;0,0520927414471977
-35;-32;0,0346485224821036
-35;-31,5;0,0597161006451103
-35;-31;0,0994791942044948
-35;-30,5;0,0630677944296047
-35;-30;0,035969504224548
-35;-29,5;0,0333585909817321
-35;-29;0,038854565251671
-35;-28,5;0,0332026278447703
-35;-28;0,0432990504873865
-35;-27,5;0,0475950781074587
-35;-27;0,0657373383884851
-35;-26,5;0,0984147594420322
-35;-26;0,325034844285963
-35;-25,5;0,0612682711557962
-35;-25;0,0455286401381497
-35;-24,5;0,050179583832559
-35;-24;0,0365713348735763
-35;-23,5;0,0438720055519287
-35;-23;0,0291287898469712
-35;-22,5;0,0396917958205746
-35;-22;0,0506053802404825
-35;-21,5;0,0522619010973224
-35;-21;0,0555538610852701
-35;-20,5;0,064574855598686
-35;-20;0,0423955757770031
-35;-19,5;0,114181039867729
-35;-19;0,128714548724047
-35;-18,5;0,0401819045966795
-35;-18;0,0678844189753631
-35;-17,5;0,325670096937887
-35;-17;0,217170506079082
-35;-16,5;0,0590745145018524
-35;-16;0,057763791683817
-35;-15,5;0,0286396023144228
-35;-15;0,0481024506004106
-35;-14,5;0,0278394255229051
-35;-14;0,0545476223063261
-35;-13,5;0,0575972415486297
-35;-13;0,0588407488683587
-35;-12,5;0,0546053088840816
-35;-12;0,121070204231335
-35;-11,5;0,0613953913346514
-35;-11;0,071786514882729
-35;-10,5;0,0339176161189962
-35;-10;0,0435941509838189
-35;-9,5;0,0628019145637067
-35;-9;0,043723188557456
-35;-8,5;0,0420836714112378
-35;-8;0,045024206738765
-35;-7,5;0,109919493342443
-35;-7;0,072489153579301
-35;-6,5;0,0631789309099511
-35;-6;0,0799223521247092
-35;-5,5;0,0687262255411643
-35;-5;0,0497177854824339
-35;-4,5;0,0651091197835725
-35;-4;0,102763986419182
-35;-3,5;0,101305137352429
-35;-3;0,083863110780976
-35;-2,5;0,235955409419152
-35;-2;0,0691803143701916
-35;-1,5;0,0730347656752945
-35;-1;0,0740465892727012
-35;-0,5;0,0298809345224323
-35;0;0,0471349127505292
-35;0,5;0,230825069120395
-35;1;0,282651114901075
-35;1,5;0,216116256911361
-35;2;0,0554436651025164
-35;2,5;0,0297672143866637
-35;3;0,024989664530228
-35;3,5;0,0650129972171914
-35;4;0,0933890858176814
-35;4,5;0,152989912611523
-35;5;0,172545292093675
-35;5,5;0,11349538831179
-35;6;0,0579451210400116
-35;6,5;0,147771278294211
-35;7;0,0904261970196581
-35;7,5;0,0198857134092831
-35;8;0,0225082231682742
-35;8,5;0,0363523391542205
-35;9;0,0541233643401176
-35;9,5;0,0343436570105675
-35;10;0,0453168368543011
-35;10,5;0,0488155499115319
-35;11;0,0509871857719923
-35;11,5;0,169261297745824
-35;12;0,196210080251465
-35;12,5;0,143709015835796
-35;13;0,250547035750754
-35;13,5;0,21070394636306
-35;14;0,163967245414139
-35;14,5;0,244135498912152
-35;15;0,281099835222647
-35;15,5;0,241403459016272
-35;16;0,22106197839203
-35;16,5;0,169781367894469
-35;17;0,0359240105574884
-35;17,5;0,0755426738885465
-35;18;0,178848280368162
-35;18,5;0,196734871143398
-35;19;0,238340000301837
-35;19,5;0,126658075032001
-35;20;0,122111601157527
-35;20,5;0,102491463059125
-35;21;0,346731160587807
-35;21,5;0,312678162628183
-35;22;0,0775383941289898
-35;22,5;0,0458926774617861
-35;23;0,066873537480985
-35;23,5;0,0908888209725364
-35;24;0,0866806274942429
-35;24,5;0,0508704992339145
-35;25;0,0200878989496295
-35;25,5;0,0218109994491242
-35;26;0,0169705627484771
-35;26,5;0,0351120654883352
-35;27;0,0595966755470784
-35;27,5;0,0497252701907559
-35;28;0,0408460663709504
-35;28,5;0,0688479139583056
-35;29;0,0514346538506302
-35;29,5;0,0580679564487813
-35;30;0,071063912854169
-35;30,5;0,0654215138503725
-35;31;0,0549609336288251
-35;31,5;0,318232304396338
-35;32;0,232512902867776
-35;32,5;0,145894939368483
-35;33;0
-35;33,5;0,0791353271301762
-35;34;0,0567561295523069
-35;34,5;0,0621901775348662
-35;35;0,0673615864817133
-35;35,5;0,155672633451433
-35;36;0,223825738658247
-35;36,5;0,199879046759117
-35;37;0,165897687003742
-35;37,5;0,160844922283516
-35;38;0,0765621479583743
-35;38,5;0
-35;39;0
-35;39,5;0
-35;40;0
-35;41,5;0,0358310852007955
-35;42;0,0419044406102401
-34,5;-66,5;0,0226770809408971
-34,5;-66;0,0650198687581983
-34,5;-64,5;0
-34,5;-64;0
-34,5;-61,5;0,0375792495933594
-34,5;-61;0,0441246071073834
-34,5;-60,5;0
-34,5;-60;0,0410607128878341
-34,5;-59,5;0,0474206940293183
-34,5;-59;0,0311207326391909
-34,5;-58,5;0,00989949493661164
-34,5;-58;0,0889181621517199
-34,5;-57,5;0,0351300983420743
-34,5;-57;0
-34,5;-56,5;0,098126681326922
-34,5;-56;0,221557965807788
-34,5;-55,5;0,142538595515362
-34,5;-55;0,0536683666124301
-34,5;-54,5;0,0547121761788198
-34,5;-54;0,0571361037801818
-34,5;-53,5;0,0426374434892805
-34,5;-53;0,0318572980588989
-34,5;-52,5;0,0454162725953561
-34,5;-52;0,0523650340864187
-34,5;-51,5;0,0833860635216408
-34,5;-51;0,0565004692327085
-34,5;-50,5;0,0459497962477025
-34,5;-50;0,0516812194081268
-34,5;-49,5;0,0524504795855326
-34,5;-49;0,0322328453469645
-34,5;-48,5;0,0286695336878055
-34,5;-48;0,102535721130165
-34,5;-47,5;0,109056277908734
-34,5;-47;0,0830495327353274
-34,5;-46,5;0,0712320074092526
-34,5;-46;0,0319183788520928
-34,5;-45,5;0,0437929599474744
-34,5;-45;0,0808583492239681
-34,5;-44,5;0,0473992843496898
-34,5;-44;0,0299225032099106
-34,5;-43,5;0,0414695048766047
-34,5;-43;0,103606608919338
-34,5;-42,5;0,0552852420541026
-34,5;-42;0,102685494858533
-34,5;-41,5;0,0979589335439317
-34,5;-41;0,0910375486363071
-34,5;-40,5;0,0469982053117032
-34,5;-40;0,0438892859532666
-34,5;-39,5;0,0336425567599187
-34,5;-39;0,0349110775160741
-34,5;-38,5;0,0307595289721662
-34,5;-38;0,0390520867072488
-34,5;-37,5;0,0437654781750389
-34,5;-37;0,0379305387558379
-34,5;-36,5;0,0431060707248217
-34,5;-36;0,0397670697274861
-34,5;-35,5;0,0466192486183196
-34,5;-35;0,0542769449584595
-34,5;-34,5;0,0737830095143672
-34,5;-34;0,0431112277885066
-34,5;-33,5;0,0558184724688227
-34,5;-33;0,0376223129240092
-34,5;-32,5;0,0659538344235912
-34,5;-32;0,130251129986442
-34,5;-31,5;0,107900911078499
-34,5;-31;0,0789070012479145
-34,5;-30,5;0,0515101690995201
-34,5;-30;0,0329041390883579
-34,5;-29,5;0,0386648932100187
-34,5;-29;0,0481275848736492
-34,5;-28,5;0,0386805558316971
-34,5;-28;0,037022022933287
-34,5;-27,5;0,0387708763635089
-34,5;-27;0,035110441651276
-34,5;-26,5;0,250614229741171
-34,5;-26;0,220859815943467
-34,5;-25,5;0,217388203432789
-34,5;-25;0,0357817192749122
-34,5;-24,5;0,0369652827958194
-34,5;-24;0,0434712105704383
-34,5;-23,5;0,0496137394765922
-34,5;-23;0,0382955182602078
-34,5;-22,5;0,0563252927768956
-34,5;-22;0,0474712536054806
-34,5;-21,5;0,0506954028752021
-34,5;-21;0,0524236075642777
-34,5;-20,5;0,0498314222373979
-34,5;-20;0,147442906388397
-34,5;-19,5;0,0792651111423902
-34,5;-19;0,0321766389780947
-34,5;-18,5;0,0591131987000962
-34,5;-18;0,300208606632541
-34,5;-17,5;0,0410347158192256
-34,5;-17;0,0529042873687707
-34,5;-16,5;0,0383287499875665
-34,5;-16;0,0511461773228758
-34,5;-15,5;0,0634046494560894
-34,5;-15;0,0449058648138288
-34,5;-14,5;0,0280088935297492
-34,5;-14;0,0526015394113175
-34,5;-13,5;0,0848538267424218
-34,5;-13;0,0437651636081572
-34,5;-12,5;0,0796941593444177
-34,5;-12;0,0398932684172878
-34,5;-11,5;0,0246121155631327
-34,5;-11;0,218787204943141
-34,5;-10,5;0,0303511475378238
-34,5;-10;0,0494210322610937
-34,5;-9,5;0,0366746426262712
-34,5;-9;0,0539267575426463
-34,5;-8,5;0,0455120772274099
-34,5;-8;0,0426676615452112
-34,5;-7,5;0,0511828045009652
-34,5;-7;0,112053352109646
-34,5;-6,5;0,0781284759450829
-34,5;-6;0,0925333624110469
-34,5;-5,5;0,0950072030293019
-34,5;-5;0,0873887912740309
-34,5;-4,5;0,0630829114062168
-34,5;-4;0,166860904182309
-34,5;-3,5;0,0954332725213394
-34,5;-3;0,0866378509522879
-34,5;-2,5;0,0335325999843136
-34,5;-2;0,0741995563306403
-34,5;-1,5;0,0860912866779982
-34,5;-1;0,127597620490434
-34,5;-0,5;0,103102657526277
-34,5;0;0,385554339747423
-34,5;0,5;0,169317844620368
-34,5;1;0,237820238210459
-34,5;1,5;0,224773705914467
-34,5;2;0,256714965313629
-34,5;2,5;0,10771058558904
-34,5;3;0,0380622297472617
-34,5;3,5;0,0602111607951343
-34,5;4;0,120222510646366
-34,5;4,5;0,1061548858019
-34,5;5;0,123866214596464
-34,5;5,5;0,094649937896449
-34,5;6;0,0675149366189932
-34,5;6,5;0,11699054257649
-34,5;7;0,0572482667823819
-34,5;7,5;0,0347946969614497
-34,5;8;0,0291411616150675
-34,5;8,5;0,0319525280625301
-34,5;9;0,0675276068430565
-34,5;9,5;0,065771574407186
-34,5;10;0,0238042146186094
-34,5;10,5;0,037622391638718
-34,5;11;0,0412114780658222
-34,5;11,5;0,108894058131555
-34,5;12;0,0681129460233366
-34,5;12,5;0,126041249750451
-34,5;13;0,180239764588523
-34,5;13,5;0,133624809296749
-34,5;14;0,286403105152893
-34,5;14,5;0,224841484155391
-34,5;15;0,170709570185567
-34,5;15,5;0,199590445074043
-34,5;16;0,221553877836326
-34,5;16,5;0,119236721072721
-34,5;17;0,0886500169690181
-34,5;17,5;0,0233194645967272
-34,5;18;0,0980115492367292
-34,5;18,5;0,104617227933696
-34,5;19;0,174350893813796
-34,5;19,5;0,107201984120405
-34,5;20;0,138573285777482
-34,5;20,5;0,0987622445693745
-34,5;21;0,0626825450127495
-34,5;21,5;0,0619949806849056
-34,5;22;0,0488689445084886
-34,5;22,5;0,0290457869250471
-34,5;23;0,100827595601251
-34,5;23,5;0,074564523717911
-34,5;24;0,0274166505480288
-34,5;24,5;0,0316750083480045
-34,5;25;0,0350517984050544
-34,5;25,5;0,0595127182740264
-34,5;26;0,0720078120761907
-34,5;26,5;0,0286214675688914
-34,5;27;0,0479779538743683
-34,5;27,5;0,02729824984215
-34,5;28;0,0511927057469433
-34,5;28,5;0,0636573725796458
-34,5;29;0,0562466338862106
-34,5;29,5;0,0535284096568737
-34,5;30;0,0389275272904969
-34,5;30,5;0,0624540290704005
-34,5;31;0,0851136673952742
-34,5;31,5;0,321611494021
-34,5;32;0,27471606405672
-34,5;32,5;0,104065480266064
-34,5;33;0
-34,5;33,5;0
-34,5;34;0,0689616666159584
-34,5;34,5;0,0751620471603411
-34,5;35;0
-34,5;35,5;0
-34,5;36;0,123300741581281
-34,5;36,5;0,127652132204402
-34,5;37;0,117025823980269
-34,5;37,5;0,0998994364787831
-34,5;38;0,124685620165154
-34,5;38,5;0,0392072839037737
-34,5;39;0
-34,5;39,5;0
-34,5;41,5;0,0212132034355964
-34,5;42;0,0506140077229395
-34,5;42,5;0
-34,5;43;0
-34;-65,5;0
-34;-65;0
-34;-64,5;0
-34;-64;0
-34;-63,5;0
-34;-63;0
-34;-62;0
-34;-61,5;0,0502045814642449
-34;-61;0,060570619940694
-34;-60,5;0,0453828161312187
-34;-60;0,0621620003355288
-34;-59,5;0,0527216409889851
-34;-59;0,0899435272559293
-34;-58,5;0,0127279220613579
-34;-58;0,0558050176955442
-34;-57,5;0,0403635749385282
-34;-57;0,0484310193611867
-34;-56,5;0,331143895157147
-34;-56;0,32379099545921
-34;-55,5;0,125074671513765
-34;-55;0,061590269578313
-34;-54,5;0,0453420125409738
-34;-54;0,0669947778814807
-34;-53,5;0,0304850526549348
-34;-53;0,0343783444536802
-34;-52,5;0,0393191976100645
-34;-52;0,0405145354084812
-34;-51,5;0,0469575988733881
-34;-51;0,144082996506293
-34;-50,5;0,0882221230618658
-34;-50;0,0570983824177645
-34;-49,5;0,0452578687801401
-34;-49;0,0571083179694488
-34;-48,5;0,0701122750255454
-34;-48;0,076844840988111
-34;-47,5;0,0978538091409155
-34;-47;0,0829142635694344
-34;-46,5;0,0260214343234148
-34;-46;0,032283506522502
-34;-45,5;0,0358872495166619
-34;-45;0,0445449938133254
-34;-44,5;0,0407644395482195
-34;-44;0,0235396828072654
-34;-43,5;0,0400545378239436
-34;-43;0,0806198643910746
-34;-42,5;0,0554907416508699
-34;-42;0,0452750927336275
-34;-41,5;0,0464249549949269
-34;-41;0,0373105297503547
-34;-40,5;0,0453816539633655
-34;-40;0,0433524178353976
-34;-39,5;0,0380913122123436
-34;-39;0,0589948695065865
-34;-38,5;0,0576325122984345
-34;-38;0,0863916997511346
-34;-37,5;0,0772051720122051
-34;-37;0,0360005356556415
-34;-36,5;0,0238778403651629
-34;-36;0,0449724402067673
-34;-35,5;0,0578276602674794
-34;-35;0,0477330921302871
-34;-34,5;0,0634182042275795
-34;-34;0,0451713206683487
-34;-33,5;0,0653088445699613
-34;-33;0,0642525021583864
-34;-32,5;0,0909328464473933
-34;-32;0,285381219833417
-34;-31,5;0,163657216951483
-34;-31;0,0658134190554672
-34;-30,5;0,0335643988553857
-34;-30;0,0324853898077919
-34;-29,5;0,0462315908055394
-34;-29;0,0493225641682836
-34;-28,5;0,114777312436274
-34;-28;0,0442228080215548
-34;-27,5;0,0630768083098414
-34;-27;0,0629478909479096
-34;-26,5;0,0689901048919536
-34;-26;0,16713686923552
-34;-25,5;0,0378348448139234
-34;-25;0,0389572549232137
-34;-24,5;0,0383287864113723
-34;-24;0,0515049651004224
-34;-23,5;0,0400441318172488
-34;-23;0,0375216604110213
-34;-22,5;0,0348220061734391
-34;-22;0,042254112391643
-34;-21,5;0,0486473507435741
-34;-21;0,0924331215683249
-34;-20,5;0,0791213109466669
-34;-20;0,0483528985675328
-34;-19,5;0,0360039417234925
-34;-19;0,0352427861130969
-34;-18,5;0,0627614531380528
-34;-18;0,0684430358220789
-34;-17,5;0,0394684344738909
-34;-17;0,0514238784095032
-34;-16,5;0,0485286677590979
-34;-16;0,0507502973128783
-34;-15,5;0,0348602593386713
-34;-15;0,0292998979868287
-34;-14,5;0,0348563454743356
-34;-14;0,0422057087221562
-34;-13,5;0,0702786764740684
-34;-13;0,0663918588500776
-34;-12,5;0,0434898170532807
-34;-12;0,0338289918369619
-34;-11,5;0,0592418166286751
-34;-11;0,0454088306914184
-34;-10,5;0,0606432405195278
-34;-10;0,040751404849958
-34;-9,5;0,0429525300152476
-34;-9;0,0464370882812874
-34;-8,5;0,0769461596481191
-34;-8;0,046562681766983
-34;-7,5;0,0475284487809793
-34;-7;0,0926646126672493
-34;-6,5;0,0992631953743323
-34;-6;0,102020565905942
-34;-5,5;0,0952819966231887
-34;-5;0,0796241688462919
-34;-4,5;0,0663712926359389
-34;-4;0,0938366836200785
-34;-3,5;0,0814188487121983
-34;-3;0,0291948804901126
-34;-2,5;0,0580949517254121
-34;-2;0,200891584477445
-34;-1,5;0,0735133034567483
-34;-1;0,101238611575965
-34;-0,5;0,0687901548148355
-34;0;0,331081700546821
-34;0,5;0,157559820726726
-34;1;0,309152987749934
-34;1,5;0,069456409621183
-34;2;0,143269820478896
-34;2,5;0,245963999639088
-34;3;0,207688956747394
-34;3,5;0,100881841120038
-34;4;0,111210878533227
-34;4,5;0,102208722059391
-34;5;0,084932166256453
-34;5,5;0,244988847500144
-34;6;0,269609996105486
-34;6,5;0,0680674363797903
-34;7;0,0620016017743859
-34;7,5;0,0305324963495181
-34;8;0,0242796154112438
-34;8,5;0,0310798846305796
-34;9;0,0348103104481793
-34;9,5;0,053823272179413
-34;10;0,0328688876310818
-34;10,5;0,0527307522362896
-34;11;0,0623109139717915
-34;11,5;0,0380368979050723
-34;12;0,0418001245598998
-34;12,5;0,12140720532214
-34;13;0,149519626580534
-34;13,5;0,237643590678302
-34;14;0,180906529599654
-34;14,5;0,180902842895
-34;15;0,211066362677196
-34;15,5;0,202168004031959
-34;16;0,232819724063584
-34;16,5;0,113648118556733
-34;17;0,118487093584719
-34;17,5;0,136887189654516
-34;18;0,146903733506807
-34;18,5;0,128754600228357
-34;19;0,165896346653408
-34;19,5;0,180170193305803
-34;20;0,143856413521095
-34;20,5;0,121411685350271
-34;21;0,179340657488957
-34;21,5;0,0540778068656847
-34;22;0,0224544523235326
-34;22,5;0,0388350635658314
-34;23;0,0502118410275504
-34;23,5;0,054674228218298
-34;24;0,0593406505515551
-34;24,5;0,197394731038843
-34;25;0,0716860849470543
-34;25,5;0,0624058411608161
-34;26;0,0633732159682977
-34;26,5;0,0244083319107772
-34;27;0,0449632219922448
-34;27,5;0,0365086125164842
-34;28;0,336097890426798
-34;28,5;0,277649597149734
-34;29;0,0528021069655369
-34;29,5;0,0473335971249303
-34;30;0,0566295073164256
-34;30,5;0,0630548818780511
-34;31;0,0656124500294115
-34;31,5;0,0692872718894599
-34;32;0,0486300460762827
-34;32,5;0,0783029470400158
-34;33;0,0830373409978908
-34;33,5;0,0134350288425444
-34;34;0,0615582809313216
-34;34,5;0,100328617945965
-34;35;0,295570634535977
-34;35,5;0,0710192742770621
-34;36;0,0760799021762746
-34;36,5;0,0981259394859484
-34;37;0,103584232606801
-34;37,5;0,103475923125463
-34;38;0,126410284986531
-34;38,5;0,0893434639212883
-34;39;0,0950052951027519
-34;40;0
-34;40,5;0
-33,5;-66;0
-33,5;-65,5;0
-33,5;-65;0
-33,5;-64,5;0
-33,5;-64;0
-33,5;-63,5;0
-33,5;-63;0
-33,5;-62;0
-33,5;-61,5;0
-33,5;-61;0,00848528137423858
-33,5;-60,5;0,100756999803719
-33,5;-60;0,0719779575723398
-33,5;-59,5;0,0452994971765079
-33,5;-59;0,0487001807218329
-33,5;-58,5;0,0399972221257649
-33,5;-58;0,0458193248129628
-33,5;-57,5;0,00919238815542512
-33,5;-57;0,0824446134426882
-33,5;-56,5;0,0707560951438108
-33,5;-56;0,0434583468044603
-33,5;-55,5;0,0545812317843344
-33,5;-55;0,0855058049952948
-33,5;-54,5;0,038933015682643
-33,5;-54;0,0353498240857445
-33,5;-53,5;0,0593793302638155
-33,5;-53;0,0570126262158006
-33,5;-52,5;0,0481467706998305
-33,5;-52;0,0661150215793005
-33,5;-51,5;0,0509495965962799
-33,5;-51;0,119524247943231
-33,5;-50,5;0,10291125569625
-33,5;-50;0,0430796382105838
-33,5;-49,5;0,0558837975835599
-33,5;-49;0,0510852125276194
-33,5;-48,5;0,0423922117476576
-33,5;-48;0,0616838751196381
-33,5;-47,5;0,0512486872141762
-33,5;-47;0,0347839568996777
-33,5;-46,5;0,0615179605919321
-33,5;-46;0,069971478715559
-33,5;-45,5;0,0534727443072964
-33,5;-45;0,0313560560401285
-33,5;-44,5;0,0269275079848565
-33,5;-44;0,0400006302471357
-33,5;-43,5;0,0510985975019537
-33,5;-43;0,0591663319120999
-33,5;-42,5;0,0467645338407682
-33,5;-42;0,0364527974588649
-33,5;-41,5;0,0279605051087847
-33,5;-41;0,0413848881064747
-33,5;-40,5;0,0498408784560034
-33,5;-40;0,0443658019218101
-33,5;-39,5;0,0316277831449924
-33,5;-39;0,0381155906329644
-33,5;-38,5;0,0547424060706959
-33,5;-38;0,0965667444540499
-33,5;-37,5;0,0793847172529659
-33,5;-37;0,0408745302119701
-33,5;-36,5;0,0384423722034624
-33,5;-36;0,0585436742886687
-33,5;-35,5;0,0730992169466081
-33,5;-35;0,074827408117312
-33,5;-34,5;0,0517310870172344
-33,5;-34;0,055303778307798
-33,5;-33,5;0,032222496365593
-33,5;-33;0,047859245033091
-33,5;-32,5;0,0632264149847256
-33,5;-32;0,0736137427607733
-33,5;-31,5;0,0732291142104292
-33,5;-31;0,0669465436440325
-33,5;-30,5;0,0405605537983238
-33,5;-30;0,0714419707320062
-33,5;-29,5;0,0546879036388095
-33,5;-29;0,25177583360139
-33,5;-28,5;0,189505909288266
-33,5;-28;0,070051637116809
-33,5;-27,5;0,0961029048445427
-33,5;-27;0,0688519048677781
-33,5;-26,5;0,0399240722209011
-33,5;-26;0,061119086929656
-33,5;-25,5;0,0317593366143702
-33,5;-25;0,0479004387329837
-33,5;-24,5;0,0287431382628773
-33,5;-24;0,06307796784574
-33,5;-23,5;0,034616510596363
-33,5;-23;0,0349720321080598
-33,5;-22,5;0,0358314996093404
-33,5;-22;0,0448183105117609
-33,5;-21,5;0,0373837871089867
-33,5;-21;0,190891686174374
-33,5;-20,5;0,119737907908853
-33,5;-20;0,062237823119761
-33,5;-19,5;0,0377846539831762
-33,5;-19;0,0434532255035213
-33,5;-18,5;0,0357206721212186
-33,5;-18;0,0318946870884128
-33,5;-17,5;0,0419008715692627
-33,5;-17;0,0563753710066759
-33,5;-16,5;0,231782022906234
-33,5;-16;0,348019877663679
-33,5;-15,5;0,0318576515406554
-33,5;-15;0,0356096548798378
-33,5;-14,5;0,0431320367201322
-33,5;-14;0,0483848545118514
-33,5;-13,5;0,0653722998857402
-33,5;-13;0,0409755590474818
-33,5;-12,5;0,0381085872969638
-33,5;-12;0,0371423922260735
-33,5;-11,5;0,0329910436874227
-33,5;-11;0,0388586457897992
-33,5;-10,5;0,095788359311632
-33,5;-10;0,0699490339845512
-33,5;-9,5;0,046870830944079
-33,5;-9;0,0393073448018548
-33,5;-8,5;0,266523273246583
-33,5;-8;0,0593538295566226
-33,5;-7,5;0,0417987153175001
-33,5;-7;0,0948482077157342
-33,5;-6,5;0,0790391471162202
-33,5;-6;0,15039921500353
-33,5;-5,5;0,157667273451554
-33,5;-5;0,0626272016873225
-33,5;-4,5;0,080559398375774
-33,5;-4;0,0819939300694186
-33,5;-3,5;0,0543196969485657
-33,5;-3;0,0962767303254786
-33,5;-2,5;0,0563586630259415
-33,5;-2;0,366064784117236
-33,5;-1,5;0,391637664596472
-33,5;-1;0,212506810132327
-33,5;-0,5;0,0976692336465375
-33,5;0;0,366118377941707
-33,5;0,5;0,322915746289463
-33,5;1;0,0927908390260727
-33,5;1,5;0,0603285506376423
-33,5;2;0,0346167108008064
-33,5;2,5;0,0574296179621957
-33,5;3;0,247803894739235
-33,5;3,5;0,201332686587909
-33,5;4;0,0709283928663307
-33,5;4,5;0,0876314691202041
-33,5;5;0,115557415993888
-33,5;5,5;0,242257257535928
-33,5;6;0,334291151884886
-33,5;6,5;0,0417057761357513
-33,5;7;0,0266948520514803
-33,5;7,5;0,0216589199967819
-33,5;8;0,0367324760040544
-33,5;8,5;0,0328051724403786
-33,5;9;0,0298130123013314
-33,5;9,5;0,036226356400715
-33,5;10;0,0270098976858994
-33,5;10,5;0,0495955682059892
-33,5;11;0,0450157379886931
-33,5;11,5;0,0331209986408047
-33,5;12;0,0526722910830152
-33,5;12,5;0,0301242742788344
-33,5;13;0,0313089444089065
-33,5;13,5;0,215199887541319
-33,5;14;0,217184260866307
-33,5;14,5;0,174218400978971
-33,5;15;0,195351060630169
-33,5;15,5;0,269176679788731
-33,5;16;0,161348910655273
-33,5;16,5;0,123317879416849
-33,5;17;0,138738099218569
-33,5;17,5;0,177197540364994
-33,5;18;0,109146541461786
-33,5;18,5;0,128601166302098
-33,5;19;0,0958085764529524
-33,5;19,5;0,174176120472878
-33,5;20;0,121640224054135
-33,5;20,5;0,136627711205664
-33,5;21;0,179994822081441
-33,5;21,5;0,0366287844742709
-33,5;22;0,030917297914676
-33,5;22,5;0,04327955175776
-33,5;23;0,0337484874807719
-33,5;23,5;0,0380122196951697
-33,5;24;0,0498270620357162
-33,5;24,5;0,367760838182748
-33,5;25;0,264194348703435
-33,5;25,5;0
-33,5;26;0,0472322529029234
-33,5;26,5;0,0134350288425444
-33,5;27;0,041008786719864
-33,5;27,5;0,0364447607789555
-33,5;28;0,361594436899321
-33,5;28,5;0,131377148592949
-33,5;29;0,0302629501841138
-33,5;29,5;0,0573583025245514
-33,5;30;0,0461933823337128
-33,5;30,5;0,0462503071242874
-33,5;31;0,0962514081476864
-33,5;31,5;0,054681669874309
-33,5;32;0,0500805601007017
-33,5;32,5;0,0642127774526016
-33,5;33;0,0759616433759027
-33,5;33,5;0,067546456676304
-33,5;34;0,0954676449121441
-33,5;34,5;0,0594537034770994
-33,5;35;0
-33,5;35,5;0,11767158775211
-33,5;36;0,189659024184312
-33,5;36,5;0,0368178431121185
-33,5;37;0,073785667518718
-33,5;37,5;0,0898663183423789
-33,5;38;0,126901522990024
-33,5;38,5;0,105421256037337
-33,5;39;0,125695915438389
-33,5;40;0
-33,5;40,5;0
-33,5;41;0
-33;-66,5;0
-33;-66;0
-33;-65,5;0
-33;-65;0
-33;-64,5;0
-33;-64;0,0385707142791004
-33;-63,5;0,203251767632539
-33;-63;0,134795777067205
-33;-62,5;0
-33;-62;0
-33;-61,5;0
-33;-61;0,0366105631387081
-33;-60,5;0,0555310348664
-33;-60;0,140232699467706
-33;-59,5;0,0988017495507327
-33;-59;0,0558235314779231
-33;-58,5;0,0784293394739659
-33;-58;0,0461667526215463
-33;-57,5;0,06611879040367
-33;-57;0,0972330786172121
-33;-56,5;0,0690790990236694
-33;-56;0,0479893219698584
-33;-55,5;0,0636779195724659
-33;-55;0,0382953012699613
-33;-54,5;0,0396915078215938
-33;-54;0,036724977457478
-33;-53,5;0,0484573044037336
-33;-53;0,0496847967665559
-33;-52,5;0,043796771502708
-33;-52;0,0515932483648409
-33;-51,5;0,05299401632039
-33;-51;0,0442830522081675
-33;-50,5;0,0375247212124888
-33;-50;0,0492968244198122
-33;-49,5;0,0624570927306427
-33;-49;0,0595601638550531
-33;-48,5;0,042950748589608
-33;-48;0,0267427343044977
-33;-47,5;0,0350700660778723
-33;-47;0,0365747564573895
-33;-46,5;0,0437106345168066
-33;-46;0,0578308142881673
-33;-45,5;0,0493749248862243
-33;-45;0,0350924968238701
-33;-44,5;0,0314860982048473
-33;-44;0,0274734198002034
-33;-43,5;0,0439749092899442
-33;-43;0,0478335195473478
-33;-42,5;0,043152096684586
-33;-42;0,0704173955764633
-33;-41,5;0,0955888643709901
-33;-41;0,0719696169943131
-33;-40,5;0,0756760561617113
-33;-40;0,0435480733892128
-33;-39,5;0,0458129730687778
-33;-39;0,0454298402558817
-33;-38,5;0,0410414345705197
-33;-38;0,046178880039325
-33;-37,5;0,0605748368082138
-33;-37;0,0232397020957972
-33;-36,5;0,0406609253994758
-33;-36;0,0345138413019849
-33;-35,5;0,108893655598464
-33;-35;0,0974696323753317
-33;-34,5;0,0581497587378628
-33;-34;0,0885220933964157
-33;-33,5;0,0489841542967642
-33;-33;0,0462883572951084
-33;-32,5;0,039975067004995
-33;-32;0,052805572635855
-33;-31,5;0,0583338779982443
-33;-31;0,0700002194014665
-33;-30,5;0,0654504490015905
-33;-30;0,0341243062151187
-33;-29,5;0,0761616370489973
-33;-29;0,2763155089653
-33;-28,5;0,191320444085126
-33;-28;0,17478428161033
-33;-27,5;0,21064085967135
-33;-27;0,193194063070038
-33;-26,5;0,0635042726677412
-33;-26;0,0352285010568332
-33;-25,5;0,0395161159019704
-33;-25;0,0353023540057474
-33;-24,5;0,0584267144132597
-33;-24;0,030508947635845
-33;-23,5;0,0452130155844168
-33;-23;0,0431194338072274
-33;-22,5;0,0358530007918792
-33;-22;0,0583613902684212
-33;-21,5;0,270762620618129
-33;-21;0,0590782642293071
-33;-20,5;0,0380734410750735
-33;-20;0,038338430638659
-33;-19,5;0,0694145619398074
-33;-19;0,0589346130545422
-33;-18,5;0,0370794051046287
-33;-18;0,0362605288256979
-33;-17,5;0,05475900250128
-33;-17;0,0784539024695696
-33;-16,5;0,328362189755557
-33;-16;0,328084999729371
-33;-15,5;0,0330493127436734
-33;-15;0,0430235905120642
-33;-14,5;0,039351772872402
-33;-14;0,0617982552788096
-33;-13,5;0,0349029225939926
-33;-13;0,0608007208926377
-33;-12,5;0,0610462004176687
-33;-12;0,0435570522924556
-33;-11,5;0,0475110252537362
-33;-11;0,0714748207412932
-33;-10,5;0,0428573407118613
-33;-10;0,0478295599436971
-33;-9,5;0,0371724445471214
-33;-9;0,0530382561135851
-33;-8,5;0,0903128591864706
-33;-8;0,0616230470682194
-33;-7,5;0,0545736694702586
-33;-7;0,0752458639197648
-33;-6,5;0,0902658226173249
-33;-6;0,115365055391612
-33;-5,5;0,0814471198590431
-33;-5;0,0969155549609475
-33;-4,5;0,239472866352345
-33;-4;0,107523770195361
-33;-3,5;0,0408902986857597
-33;-3;0,064698427348564
-33;-2,5;0,0992829630365215
-33;-2;0,280736280570663
-33;-1,5;0,307234865651957
-33;-1;0,374707243484242
-33;-0,5;0,246484970401055
-33;0;0,180873482486147
-33;0,5;0,224051558103721
-33;1;0,0692999668069837
-33;1,5;0,0489622528470326
-33;2;0,0867954039610412
-33;2,5;0,0793437980689796
-33;3;0,0679141554234981
-33;3,5;0,254224445313666
-33;4;0,308732914116641
-33;4,5;0,150577858008122
-33;5;0,0950477732569361
-33;5,5;0,148682101201291
-33;6;0,155664519277784
-33;6,5;0,0475741381696982
-33;7;0,0350512061467448
-33;7,5;0,0212153752915269
-33;8;0,0340570599631462
-33;8,5;0,0341524454714511
-33;9;0,0315474826874007
-33;9,5;0,0319934889209247
-33;10;0,0279174180648025
-33;10,5;0,0322836942526804
-33;11;0,0655052024094249
-33;11,5;0,119326972259167
-33;12;0,0276915766249949
-33;12,5;0,0389023331769528
-33;13;0,0385517772830312
-33;13,5;0,0385520129575776
-33;14;0,162586498417879
-33;14,5;0,188004824904383
-33;15;0,231920353462433
-33;15,5;0,209170170394983
-33;16;0,201217586210713
-33;16,5;0,100474883077325
-33;17;0,150953131473417
-33;17,5;0,156576624577346
-33;18;0,120727869270886
-33;18,5;0,0986684950137171
-33;19;0,0536256230556573
-33;19,5;0,058919796152685
-33;20;0,104218609861535
-33;20,5;0,0854975459844143
-33;21;0,114634068657488
-33;21,5;0,0236131660138026
-33;22;0,0408228105941012
-33;22,5;0,0452895298330193
-33;23;0,0361714913263189
-33;23,5;0,0512182884775144
-33;24;0,0677820679100212
-33;24,5;0,144567258541186
-33;25;0,300948391447937
-33;25,5;0,0616227726625746
-33;26;0,235054798371975
-33;26,5;0,160857688138719
-33;27;0,0628219133983541
-33;27,5;0,0745134031751822
-33;28;0,0349424015856299
-33;28,5;0,0568471770491863
-33;29;0,0428454341935198
-33;29,5;0,0403379199172594
-33;30;0,0580031177904628
-33;30,5;0,0455136278776
-33;31;0,105886454970189
-33;31,5;0,0572801726762253
-33;32;0,0856209809623341
-33;32,5;0,0655978133650777
-33;33;0,0693007635840568
-33;33,5;0,062240126392331
-33;34;0,0613916429453506
-33;34,5;0,0769191223197854
-33;35;0
-33;35,5;0,0735452565561149
-33;36;0,277236233502525
-33;36,5;0
-33;37;0,13990085775291
-33;37,5;0,0756627744810939
-33;38;0,0968662651976081
-33;38,5;0,125322441269368
-33;39;0,107611957204269
-33;39,5;0,083899992796238
-33;40;0,0332340187157677
-33;40,5;0
-33;41;0
-33;41,5;0
-32,5;-66,5;0
-32,5;-66;0
-32,5;-65,5;0
-32,5;-65;0
-32,5;-64,5;0
-32,5;-64;0,147812157356673
-32,5;-63,5;0,148349335170205
-32,5;-63;0,177898353773615
-32,5;-62,5;0
-32,5;-62;0
-32,5;-61,5;0
-32,5;-61;0,113173465676957
-32,5;-60,5;0,120866297638183
-32,5;-60;0,109917599991443
-32,5;-59,5;0,0582363174632394
-32,5;-59;0,140151804872755
-32,5;-58,5;0,0873108591663396
-32,5;-58;0,0557489013344658
-32,5;-57,5;0,0798581720009144
-32,5;-57;0,0582494580144258
-32,5;-56,5;0,0493716933329626
-32,5;-56;0,0797433382797585
-32,5;-55,5;0,0591228149395545
-32,5;-55;0,0910838967968969
-32,5;-54,5;0,0424232246114257
-32,5;-54;0,0346987837597457
-32,5;-53,5;0,0492555800538429
-32,5;-53;0,0397912156772123
-32,5;-52,5;0,0330331894977099
-32,5;-52;0,0687473045516468
-32,5;-51,5;0,0583573682658719
-32,5;-51;0,0447994904372175
-32,5;-50,5;0,0544037476098157
-32,5;-50;0,0566548635273362
-32,5;-49,5;0,0479978420732761
-32,5;-49;0,0529798039186596
-32,5;-48,5;0,0458094677456249
-32,5;-48;0,0334056162107025
-32,5;-47,5;0,0411266243555047
-32,5;-47;0,0244796358499425
-32,5;-46,5;0,0582549958185144
-32,5;-46;0,058504174464324
-32,5;-45,5;0,0218482864098679
-32,5;-45;0,0324202135701461
-32,5;-44,5;0,0533091184962379
-32,5;-44;0,0596376951532803
-32,5;-43,5;0,0381544700583585
-32,5;-43;0,0503731079049129
-32,5;-42,5;0,0449610814047392
-32,5;-42;0,0671625896268016
-32,5;-41,5;0,0494732918729408
-32,5;-41;0,0892511298938441
-32,5;-40,5;0,16433448345308
-32,5;-40;0,0853883757890262
-32,5;-39,5;0,0536969163316611
-32,5;-39;0,0542774343568202
-32,5;-38,5;0,0342994932055822
-32,5;-38;0,0377988875925004
-32,5;-37,5;0,0433445350551023
-32,5;-37;0,0294302460154681
-32,5;-36,5;0,135022748748898
-32,5;-36;0,160035355913713
-32,5;-35,5;0,0492249342602257
-32,5;-35;0,0712710279166076
-32,5;-34,5;0,0431950104074929
-32,5;-34;0,0854253122712554
-32,5;-33,5;0,0479279702578631
-32,5;-33;0,0344853922532508
-32,5;-32,5;0,038259323335709
-32,5;-32;0,0270730162591166
-32,5;-31,5;0,0277167958750052
-32,5;-31;0,0454808575486583
-32,5;-30,5;0,0466260237743156
-32,5;-30;0,0510222118928862
-32,5;-29,5;0,0402933782525985
-32,5;-29;0,121985512346823
-32,5;-28,5;0,200192699709072
-32,5;-28;0,136689014836085
-32,5;-27,5;0,250621586364425
-32,5;-27;0,17990082157189
-32,5;-26,5;0,0653819694439886
-32,5;-26;0,039661261544281
-32,5;-25,5;0,0437263749671591
-32,5;-25;0,0268765410606304
-32,5;-24,5;0,0446166797200744
-32,5;-24;0,0305603033829369
-32,5;-23,5;0,0487289967683557
-32,5;-23;0,0787096457451902
-32,5;-22,5;0,0477424195123107
-32,5;-22;0,245321175805018
-32,5;-21,5;0,367736408339279
-32,5;-21;0,0495782918819392
-32,5;-20,5;0,0378121730794033
-32,5;-20;0,197192689963974
-32,5;-19,5;0,346321363930737
-32,5;-19;0,046190764848282
-32,5;-18,5;0,050263600514483
-32,5;-18;0,042411196034439
-32,5;-17,5;0,0342930760637387
-32,5;-17;0,0373767854374323
-32,5;-16,5;0,0911785347488047
-32,5;-16;0,0708070597178159
-32,5;-15,5;0,0443498719342407
-32,5;-15;0,296557626823448
-32,5;-14,5;0,114860083517884
-32,5;-14;0,0476450192195439
-32,5;-13,5;0,0384472107769722
-32,5;-13;0,0441674733540344
-32,5;-12,5;0,210631574866112
-32,5;-12;0,0459420493755606
-32,5;-11,5;0,112298411980461
-32,5;-11;0,0459120746105131
-32,5;-10,5;0,056174191646721
-32,5;-10;0,0457999648128632
-32,5;-9,5;0,190205974333553
-32,5;-9;0,13369080163112
-32,5;-8,5;0,0569429262396963
-32,5;-8;0,0599875090303758
-32,5;-7,5;0,0695404357110275
-32,5;-7;0,127524003034183
-32,5;-6,5;0,0769079076591231
-32,5;-6;0,0411421978116307
-32,5;-5,5;0,0549188983816048
-32,5;-5;0,126600052985684
-32,5;-4,5;0,0550083640021482
-32,5;-4;0,101554302943209
-32,5;-3,5;0,0576243905449327
-32,5;-3;0,195254790807635
-32,5;-2,5;0,337951617643367
-32,5;-2;0,334811717986957
-32,5;-1,5;0,138764618766772
-32,5;-1;0,125108524790306
-32,5;-0,5;0,141065579282836
-32,5;0;0,0801618163741798
-32,5;0,5;0,114332862482867
-32,5;1;0,196339948767676
-32,5;1,5;0,138312251538393
-32,5;2;0,0746029600813035
-32,5;2,5;0,171922833689425
-32,5;3;0,104082924134647
-32,5;3,5;0,146058574894716
-32,5;4;0,161947486217017
-32,5;4,5;0,335113436449893
-32,5;5;0,343872681889478
-32,5;5,5;0,333238276046719
-32,5;6;0,0542678313613245
-32,5;6,5;0,0210586253701266
-32,5;7;0,0308320787474638
-32,5;7,5;0,0191357626048276
-32,5;8;0,0238044460740544
-32,5;8,5;0,0435301026269264
-32,5;9;0,0289551591200847
-32,5;9,5;0,0304304993264356
-32,5;10;0,0294301526380262
-32,5;10,5;0,0395813960668462
-32,5;11;0,042609898421918
-32,5;11,5;0,0789681474998574
-32,5;12;0,0557083733833054
-32,5;12,5;0,031490789680647
-32,5;13;0,0419888168897583
-32,5;13,5;0,0368506325270959
-32,5;14;0,0380259531010558
-32,5;14,5;0,0585277328982362
-32,5;15;0,144514187584552
-32,5;15,5;0,155798637966459
-32,5;16;0,234335771207831
-32,5;16,5;0,0894722470015605
-32,5;17;0,11238058184692
-32,5;17,5;0,114727517244845
-32,5;18;0,0930500697426685
-32,5;18,5;0,0890793646303971
-32,5;19;0,0969227518810169
-32,5;19,5;0,0757008426797059
-32,5;20;0,0589904301051431
-32,5;20,5;0,0784724379697963
-32,5;21;0,1338539374822
-32,5;21,5;0,0220682366922931
-32,5;22;0,0255543711007127
-32,5;22,5;0,0351493194013466
-32,5;23;0,0243711719658392
-32,5;23,5;0,0339971772756205
-32,5;24;0,052916308360325
-32,5;24,5;0,0347477591117042
-32,5;25;0,0356949358736596
-32,5;25,5;0,0792183309679815
-32,5;26;0,0451866335585886
-32,5;26,5;0,0441493676813912
-32,5;27;0,0421672453045794
-32,5;27,5;0,0475482981750205
-32,5;28;0,0419142269325684
-32,5;28,5;0,0361757701264116
-32,5;29;0,0341666748954929
-32,5;29,5;0,0440586138107477
-32,5;30;0,0385361782879029
-32,5;30,5;0,076985010222392
-32,5;31;0,0701564053534758
-32,5;31,5;0,0574315598628385
-32,5;32;0,0896554398912743
-32,5;32,5;0,0700205045156887
-32,5;33;0,11828639114315
-32,5;33,5;0,0973345715875665
-32,5;34;0,0499284249606136
-32,5;34,5;0,0808460523160171
-32,5;35;0
-32,5;35,5;0
-32,5;36;0,0211896201004171
-32,5;36,5;0,109809575434672
-32,5;37;0,181625985011431
-32,5;37,5;0,126148287427534
-32,5;38;0,175744985703718
-32,5;38,5;0,0692964645562816
-32,5;39;0
-32,5;39,5;0,0983498674557898
-32,5;40;0,067175144212722
-32,5;40,5;0
-32,5;41;0
-32,5;41,5;0
-32,5;42;0
-32;-67,5;0
-32;-66,5;0
-32;-66;0,0205060966544099
-32;-65,5;0,0155563491861041
-32;-65;0
-32;-64,5;0
-32;-64;0,278480340419212
-32;-63,5;0,156674992686559
-32;-63;0,195281679625005
-32;-62,5;0,113844191771034
-32;-62;0
-32;-61,5;0
-32;-61;0,155388040471888
-32;-60,5;0,146425117898246
-32;-60;0,0588686151200608
-32;-59,5;0,0800425432514405
-32;-59;0,0513921151701419
-32;-58,5;0,0531453569161844
-32;-58;0,0536235767921908
-32;-57,5;0,0509621433816824
-32;-57;0,0741015631863908
-32;-56,5;0,0562570133579522
-32;-56;0,0418683678601486
-32;-55,5;0,110931348819634
-32;-55;0,121490110423413
-32;-54,5;0,0524532848701491
-32;-54;0,0495292567914592
-32;-53,5;0,0563682401235275
-32;-53;0,0743636953336335
-32;-52,5;0,0636414677686891
-32;-52;0,0418345312892654
-32;-51,5;0,107597767653239
-32;-51;0,053080980236174
-32;-50,5;0,0597954755905403
-32;-50;0,0567687205517936
-32;-49,5;0,0420444733092122
-32;-49;0,0492099458481441
-32;-48,5;0,0499281390017192
-32;-48;0,0554031881312482
-32;-47,5;0,0616832493412897
-32;-47;0,0650933592686705
-32;-46,5;0,0284312786083529
-32;-46;0,0526274329054237
-32;-45,5;0,0318900638255695
-32;-45;0,0408418552817712
-32;-44,5;0,0368689903820356
-32;-44;0,0292784979254632
-32;-43,5;0,0317665283739028
-32;-43;0,0306682643838595
-32;-42,5;0,0452331715127013
-32;-42;0,0636803804876101
-32;-41,5;0,0379453351465467
-32;-41;0,131445357300754
-32;-40,5;0,0835223912848427
-32;-40;0,14764141700935
-32;-39,5;0,0801309637939256
-32;-39;0,0567808085896074
-32;-38,5;0,0393015596484291
-32;-38;0,0460239017081441
-32;-37,5;0,0469502341328119
-32;-37;0,0631305841627521
-32;-36,5;0,174301073969695
-32;-36;0,293010787491859
-32;-35,5;0,0606944944050969
-32;-35;0,0627728064150809
-32;-34,5;0,0582762215152998
-32;-34;0,0970769335861138
-32;-33,5;0,102815471004087
-32;-33;0,0734183243484898
-32;-32,5;0,0415722258772914
-32;-32;0,0493831945129019
-32;-31,5;0,0506744117431041
-32;-31;0,0291831067401719
-32;-30,5;0,0646749056231777
-32;-30;0,073766039017943
-32;-29,5;0,0641748687112384
-32;-29;0,18693897812575
-32;-28,5;0,356265771580712
-32;-28;0,155699710982391
-32;-27,5;0,0566034318805131
-32;-27;0,0238274374779103
-32;-26,5;0,0431640014642869
-32;-26;0,0541589914838101
-32;-25,5;0,0505491550858153
-32;-25;0,065943758907443
-32;-24,5;0,0442801243422453
-32;-24;0,0410500450468341
-32;-23,5;0,0681223316256549
-32;-23;0,279426150344652
-32;-22,5;0,310677259473263
-32;-22;0,172909252261413
-32;-21,5;0,0510251571939437
-32;-21;0,0529111865668485
-32;-20,5;0,0669701629913832
-32;-20;0,0544557212825397
-32;-19,5;0,0862367477934438
-32;-19;0,108527499752529
-32;-18,5;0,0721744343016037
-32;-18;0,0711879507541168
-32;-17,5;0,0402136248867921
-32;-17;0,0380183143370614
-32;-16,5;0,0480061982657143
-32;-16;0,0468695639238191
-32;-15,5;0,0518101034594644
-32;-15;0,159955244708432
-32;-14,5;0,0901157764658557
-32;-14;0,0333391909453808
-32;-13,5;0,0460199620247769
-32;-13;0,0384272303297066
-32;-12,5;0,173958979459761
-32;-12;0,0990387921621683
-32;-11,5;0,0634957146988989
-32;-11;0,0415340910127264
-32;-10,5;0,0386823718936262
-32;-10;0,068998358067261
-32;-9,5;0,162877083571069
-32;-9;0,282575057924229
-32;-8,5;0,108444624123916
-32;-8;0,0599734204212566
-32;-7,5;0,0966699776197489
-32;-7;0,211424153929994
-32;-6,5;0,198923480865557
-32;-6;0,127744817623855
-32;-5,5;0,214022803046988
-32;-5;0,216139556105537
-32;-4,5;0,199851016824083
-32;-4;0,11671387570256
-32;-3,5;0,148720091328436
-32;-3;0,281898453377327
-32;-2,5;0,176663836585264
-32;-2;0,286633635581786
-32;-1,5;0,420842253185342
-32;-1;0,115669227748498
-32;-0,5;0,117808643342842
-32;0;0,119992898091039
-32;0,5;0,124470344526986
-32;1;0,0866376554007167
-32;1,5;0,110564284555564
-32;2;0,0678870364982734
-32;2,5;0,169127741182414
-32;3;0,124454642295821
-32;3,5;0,111722919509838
-32;4;0,0555035811516803
-32;4,5;0,0617775679865765
-32;5;0,278456417251497
-32;5,5;0,306384679387017
-32;6;0,213938503625068
-32;6,5;0,0280551503302887
-32;7;0,0272377983398476
-32;7,5;0,0248741460254592
-32;8;0,0199784491328047
-32;8,5;0,0469884459158502
-32;9;0,0322875360816817
-32;9,5;0,0291179490808966
-32;10;0,0409000158284302
-32;10,5;0,0450300817727751
-32;11;0,0508311066234075
-32;11,5;0,0597837021840564
-32;12;0,0449469093002776
-32;12,5;0,0515601203015435
-32;13;0,0673083525654051
-32;13,5;0,0319318591292612
-32;14;0,0247284184264006
-32;14,5;0,0452104843312087
-32;15;0,0640961517305576
-32;15,5;0,157107819495971
-32;16;0,126531339635859
-32;16,5;0,0832746837446368
-32;17;0,0995626011507913
-32;17,5;0,0890202541465701
-32;18;0,0519485319415231
-32;18,5;0,101707662646237
-32;19;0,136590301449401
-32;19,5;0,0954176036741077
-32;20;0,0713791964841413
-32;20,5;0,161690739879693
-32;21;0,120525455616252
-32;21,5;0,064809752919114
-32;22;0,0676726407754553
-32;22,5;0,0280760206771354
-32;23;0,0382177045621346
-32;23,5;0,041907153411348
-32;24;0,0362029244184666
-32;24,5;0,0525559010618076
-32;25;0,0423602162532496
-32;25,5;0,0564977362634871
-32;26;0,0308463775496655
-32;26,5;0,0337651151923486
-32;27;0,0239115795455599
-32;27,5;0,0504497735741168
-32;28;0,0545184983896903
-32;28,5;0,0709326620135081
-32;29;0,0458753791949584
-32;29,5;0,0619693560314816
-32;30;0,0523650505792507
-32;30,5;0,0963845534453376
-32;31;0,0706606808499736
-32;31,5;0,0359220825036079
-32;32;0,0823572424539298
-32;32,5;0,0565269004650925
-32;33;0,0734513144078123
-32;33,5;0,0713258000158369
-32;34;0,081159907196414
-32;34,5;0,108979218461582
-32;35;0
-32;35,5;0
-32;36;0,103870313878717
-32;36,5;0,225900907794994
-32;37;0,292167622698146
-32;37,5;0,0815597684727791
-32;38;0,0477214137817954
-32;38,5;0
-32;39;0
-32;39,5;0
-32;40;0
-32;40,5;0
-32;41;0
-32;41,5;0
-32;42;0
-31,5;-67,5;0
-31,5;-67;0
-31,5;-66,5;0,188319467326651
-31,5;-66;0,162380653920585
-31,5;-65,5;0
-31,5;-65;0
-31,5;-64,5;0,157073079746188
-31,5;-64;0,0760964026745023
-31,5;-63,5;0,0936633953722214
-31,5;-63;0,353706123411979
-31,5;-62,5;0
-31,5;-62;0
-31,5;-61,5;0
-31,5;-61;0,152410356166065
-31,5;-60,5;0,068903313901921
-31,5;-60;0,0506321296620294
-31,5;-59,5;0,0307874433278677
-31,5;-59;0,294660538332233
-31,5;-58,5;0,0560191176822138
-31,5;-58;0,0609353700544396
-31,5;-57,5;0,0427942610695383
-31,5;-57;0,0461109052146035
-31,5;-56,5;0,0494578297449142
-31,5;-56;0,0385352806536494
-31,5;-55,5;0,060934442903636
-31,5;-55;0,0464691335283208
-31,5;-54,5;0,0395003660657758
-31,5;-54;0,030172980133867
-31,5;-53,5;0,0232802019542422
-31,5;-53;0,0904712861246794
-31,5;-52,5;0,0674815052363739
-31,5;-52;0,063163551478643
-31,5;-51,5;0,0608343686193173
-31,5;-51;0,232324793246673
-31,5;-50,5;0,255509036564496
-31,5;-50;0,0592451990611359
-31,5;-49,5;0,0352764529758389
-31,5;-49;0,0354851396016849
-31,5;-48,5;0,0391353885336809
-31,5;-48;0,0649127167402713
-31,5;-47,5;0,0399675395280177
-31,5;-47;0,0433266184668109
-31,5;-46,5;0,0488957470250224
-31,5;-46;0,0278221971750504
-31,5;-45,5;0,0385349437344841
-31,5;-45;0,027460394721069
-31,5;-44,5;0,0227995003811674
-31,5;-44;0,0393502170287521
-31,5;-43,5;0,0221447656287773
-31,5;-43;0,035412255097557
-31,5;-42,5;0,0276074105167848
-31,5;-42;0,0479904504389502
-31,5;-41,5;0,0418417378034059
-31,5;-41;0,0419159147289311
-31,5;-40,5;0,0922333081009746
-31,5;-40;0,327576981202681
-31,5;-39,5;0,297804020348465
-31,5;-39;0,0785498620903934
-31,5;-38,5;0,0473446216238823
-31,5;-38;0,030426461285073
-31,5;-37,5;0,0263821099386635
-31,5;-37;0,0556506925651948
-31,5;-36,5;0,0630115868175058
-31,5;-36;0,0760455902004303
-31,5;-35,5;0,0651653015944511
-31,5;-35;0,0673084734548565
-31,5;-34,5;0,0747342088923438
-31,5;-34;0,0585720130888458
-31,5;-33,5;0,0818893340464216
-31,5;-33;0,0503413833000616
-31,5;-32,5;0,0552823044090786
-31,5;-32;0,0631591094715853
-31,5;-31,5;0,0852962607670485
-31,5;-31;0,0424949988818918
-31,5;-30,5;0,0559634928771785
-31,5;-30;0,0625917226116665
-31,5;-29,5;0,0351260555685645
-31,5;-29;0,0598582239885449
-31,5;-28,5;0,0861759659501303
-31,5;-28;0,0386030462407225
-31,5;-27,5;0,0336754893867064
-31,5;-27;0,0384522837133834
-31,5;-26,5;0,0393676913985367
-31,5;-26;0,0333646344513948
-31,5;-25,5;0,0327865330480564
-31,5;-25;0,048813139819598
-31,5;-24,5;0,0311944318653929
-31,5;-24;0,0494393072164165
-31,5;-23,5;0,0577657793309152
-31,5;-23;0,354530556990819
-31,5;-22,5;0,244742242551743
-31,5;-22;0,0432255857161497
-31,5;-21,5;0,0411637106653929
-31,5;-21;0,0624894022595504
-31,5;-20,5;0,057597867678622
-31,5;-20;0,0293437479932025
-31,5;-19,5;0,167650420334268
-31,5;-19;0,0809403304898842
-31,5;-18,5;0,1216882524143
-31,5;-18;0,2149535963146
-31,5;-17,5;0,088537738077901
-31,5;-17;0,0723244857071057
-31,5;-16,5;0,0305053132214479
-31,5;-16;0,0693084463257505
-31,5;-15,5;0,230768573215144
-31,5;-15;0,0782948715727956
-31,5;-14,5;0,0765021732167594
-31,5;-14;0,139181933970619
-31,5;-13,5;0,111684700245412
-31,5;-13;0,207893005963103
-31,5;-12,5;0,314380550393541
-31,5;-12;0,246216295255994
-31,5;-11,5;0,0313915598138769
-31,5;-11;0,0408813323331485
-31,5;-10,5;0,0407620285953314
-31,5;-10;0,0402873015560321
-31,5;-9,5;0,0662382616036644
-31,5;-9;0,162259508841135
-31,5;-8,5;0,251663023526438
-31,5;-8;0,138014143184705
-31,5;-7,5;0,101927419755783
-31,5;-7;0,20975852713509
-31,5;-6,5;0,187286198765242
-31,5;-6;0,148593268703977
-31,5;-5,5;0,118050968197796
-31,5;-5;0,229891820588628
-31,5;-4,5;0,198820314242212
-31,5;-4;0,0711436369599545
-31,5;-3,5;0,164129837991172
-31,5;-3;0,185631175542615
-31,5;-2,5;0,249781193227909
-31,5;-2;0,333137202767521
-31,5;-1,5;0,312499411128922
-31,5;-1;0,0704200257565148
-31,5;-0,5;0,10392753223243
-31,5;0;0,114070074760749
-31,5;0,5;0,224464376234509
-31,5;1;0,126608128963188
-31,5;1,5;0,0558604839212108
-31,5;2;0,0657834832360424
-31,5;2,5;0,074529102049747
-31,5;3;0,103212331624903
-31,5;3,5;0,0923525300528499
-31,5;4;0,0614994143178007
-31,5;4,5;0,0428293123923324
-31,5;5;0,0388872301233537
-31,5;5,5;0,341575816719353
-31,5;6;0,29722089808584
-31,5;6,5;0,0507473702992234
-31,5;7;0,0285875172627965
-31,5;7,5;0,0321573096197967
-31,5;8;0,0320813854011356
-31,5;8,5;0,0237914637329542
-31,5;9;0,0377371181020044
-31,5;9,5;0,0384090317374477
-31,5;10;0,0241167300160421
-31,5;10,5;0,0171884426863946
-31,5;11;0,0401834687032465
-31,5;11,5;0,0371740637983493
-31,5;12;0,0544868321343153
-31,5;12,5;0,0661655345435409
-31,5;13;0,0552261586942184
-31,5;13,5;0,0368393662601236
-31,5;14;0,0301223229804193
-31,5;14,5;0,0241714517541489
-31,5;15;0,0754311969690955
-31,5;15,5;0,247309722054329
-31,5;16;0,140187862936135
-31,5;16,5;0,198527163840641
-31,5;17;0,0968005910249963
-31,5;17,5;0,0839560827695029
-31,5;18;0,0494467081509586
-31,5;18,5;0,0895432013368987
-31,5;19;0,121657337400433
-31,5;19,5;0,102702729748656
-31,5;20;0,0803911517390337
-31,5;20,5;0,0746140309176107
-31,5;21;0,0505776999477158
-31,5;21,5;0,0544703548798909
-31,5;22;0,0339356381438729
-31,5;22,5;0,0243631614607718
-31,5;23;0,0468892817610796
-31,5;23,5;0,0409574598029897
-31,5;24;0,0394973084366185
-31,5;24,5;0,039833724527793
-31,5;25;0,0337330598029811
-31,5;25,5;0,0440700649391677
-31,5;26;0,0667677779566198
-31,5;26,5;0,0432767734573538
-31,5;27;0,0296644929647743
-31,5;27,5;0,026044340888333
-31,5;28;0,067663255999389
-31,5;28,5;0,345496667228741
-31,5;29;0,194458505327275
-31,5;29,5;0
-31,5;30;0,0292403830344269
-31,5;30,5;0,0286790670854003
-31,5;31;0,0509692974352772
-31,5;31,5;0,0753982409399722
-31,5;32;0,0623073072340585
-31,5;32,5;0,0700163246270876
-31,5;33;0,0849850722185961
-31,5;33,5;0,109361180252815
-31,5;34;0,110667520077031
-31,5;34,5;0,371212378729234
-31,5;35;0,211655102355084
-31,5;35,5;0
-31,5;36;0,0578135065400944
-31,5;36,5;0,158226040681914
-31,5;37;0,320247812833515
-31,5;37,5;0,173519478580054
-31,5;38;0,227916699123014
-31,5;38,5;0,182298823669027
-31,5;39;0
-31,5;39,5;0
-31,5;40;0
-31,5;40,5;0
-31,5;41;0
-31,5;41,5;0
-31;-67;0
-31;-66,5;0,203040976394515
-31;-66;0,172516300872878
-31;-65,5;0,138705851202805
-31;-65;0,0946614729782035
-31;-64,5;0,176945013715527
-31;-64;0,136629600787852
-31;-63,5;0,278048776696144
-31;-63;0,0537401153701776
-31;-62,5;0
-31;-62;0,0542709253038248
-31;-61,5;0
-31;-61;0
-31;-60,5;0
-31;-60;0,0537401153701776
-31;-59,5;0
-31;-59;0,183643321591659
-31;-58,5;0,187664883731237
-31;-58;0,0658473822079114
-31;-57,5;0,0608039536898196
-31;-57;0,0676336882734757
-31;-56,5;0,0476725853801259
-31;-56;0,0346644488913195
-31;-55,5;0,0418193547905422
-31;-55;0,0386498308872035
-31;-54,5;0,0342636202943541
-31;-54;0,0648658756592225
-31;-53,5;0,0582594820910822
-31;-53;0,0444725602190856
-31;-52,5;0,0461392061526761
-31;-52;0,0265116141897213
-31;-51,5;0,0525464066784778
-31;-51;0,35270456415522
-31;-50,5;0,313593129322907
-31;-50;0,0501196758908977
-31;-49,5;0,0431852936641041
-31;-49;0,0421974484530367
-31;-48,5;0,0386378929066613
-31;-48;0,0669522211322529
-31;-47,5;0,0426405131404577
-31;-47;0,0473963215320117
-31;-46,5;0,0624830313053226
-31;-46;0,0440354165000865
-31;-45,5;0,0653027849253634
-31;-45;0,0700377069310301
-31;-44,5;0,0234846618399477
-31;-44;0,033557899251792
-31;-43,5;0,204944754727759
-31;-43;0,327821769782954
-31;-42,5;0,031997071819809
-31;-42;0,0262891364916954
-31;-41,5;0,118906766197803
-31;-41;0,0825798616883889
-31;-40,5;0,0351217205072401
-31;-40;0,328648892914382
-31;-39,5;0,289686570742841
-31;-39;0,0770201733784707
-31;-38,5;0,0345472917937733
-31;-38;0,0253380680233206
-31;-37,5;0,0258177047436805
-31;-37;0,13698653346555
-31;-36,5;0,108897350491736
-31;-36;0,0769415027926726
-31;-35,5;0,104968483435975
-31;-35;0,117800313268916
-31;-34,5;0,0576137519525875
-31;-34;0,0854303134476991
-31;-33,5;0,0821452791577684
-31;-33;0,0504886759095583
-31;-32,5;0,0628539584914046
-31;-32;0,0321180298443018
-31;-31,5;0,0366906864725805
-31;-31;0,0373497325426622
-31;-30,5;0,0614153422013024
-31;-30;0,0430445093380308
-31;-29,5;0,132741866807957
-31;-29;0,0901127263128032
-31;-28,5;0,0643172074024058
-31;-28;0,0506905061176974
-31;-27,5;0,0496079602938672
-31;-27;0,0281579982423072
-31;-26,5;0,0344840183369218
-31;-26;0,0285305625110841
-31;-25,5;0,0384509400845861
-31;-25;0,0435990828750813
-31;-24,5;0,048246588825878
-31;-24;0,0736463001417529
-31;-23,5;0,236340614949081
-31;-23;0,24586930334035
-31;-22,5;0,0556347048673302
-31;-22;0,0492024266901018
-31;-21,5;0,0540738824811458
-31;-21;0,0740436551280492
-31;-20,5;0,115332397999006
-31;-20;0,0891067670555984
-31;-19,5;0,0577682801519189
-31;-19;0,0541365073679096
-31;-18,5;0,236901397186246
-31;-18;0,282993372047102
-31;-17,5;0,0848328911536534
-31;-17;0,0529483628349829
-31;-16,5;0,0423317669497997
-31;-16;0,0441389850359067
-31;-15,5;0,0418985130935339
-31;-15;0,0515253982679093
-31;-14,5;0,0322362069607404
-31;-14;0,269569572033034
-31;-13,5;0,201381022917217
-31;-13;0,0790007793663826
-31;-12,5;0,0869285083544995
-31;-12;0,058428330754102
-31;-11,5;0,0378683488645865
-31;-11;0,0443535942434663
-31;-10,5;0,0362533403039719
-31;-10;0,0520851548992757
-31;-9,5;0,033769087042285
-31;-9;0,107850165806376
-31;-8,5;0,159537427062144
-31;-8;0,230516477108443
-31;-7,5;0,32800481587406
-31;-7;0,196782051761122
-31;-6,5;0,165731985587671
-31;-6;0,0762197517115097
-31;-5,5;0,0755895196577784
-31;-5;0,150817556668476
-31;-4,5;0,0950035522026912
-31;-4;0,182311866877633
-31;-3,5;0,128887815058381
-31;-3;0,144039684518724
-31;-2,5;0,0971444552152276
-31;-2;0,176475812107363
-31;-1,5;0,161547203738761
-31;-1;0,0604386923848463
-31;-0,5;0,0643466239714946
-31;0;0,159695484151563
-31;0,5;0,12797697526644
-31;1;0,110490548440877
-31;1,5;0,0988954786756166
-31;2;0,11936006941519
-31;2,5;0,177200263355711
-31;3;0,0582499459085338
-31;3,5;0,0397700986144321
-31;4;0,0336125038225828
-31;4,5;0,0398092196223708
-31;5;0,15775402445391
-31;5,5;0,320874485214559
-31;6;0,273506472745361
-31;6,5;0,0325063820815707
-31;7;0,0210128846737912
-31;7,5;0,0306841996831079
-31;8;0,0343335747136397
-31;8,5;0,0208945766488181
-31;9;0,0426321668800984
-31;9,5;0,0371268097202008
-31;10;0,0267714899132698
-31;10,5;0,0296354712637541
-31;11;0,0419975697840791
-31;11,5;0,0484646245699969
-31;12;0,0424353226872407
-31;12,5;0,0594772463843575
-31;13;0,0696223193202443
-31;13,5;0,0930756107031077
-31;14;0,059091362893181
-31;14,5;0,0351341467017887
-31;15;0,0320470405797065
-31;15,5;0,0319815813298221
-31;16;0,108810493133603
-31;16,5;0,104329243488257
-31;17;0,107214200378247
-31;17,5;0,0481751853639245
-31;18;0,093702433290075
-31;18,5;0,0653908144978303
-31;19;0,0732612864802911
-31;19,5;0,0951918127368169
-31;20;0,065458638340049
-31;20,5;0,0432004496059225
-31;21;0,0478130307620519
-31;21,5;0,0622718766339249
-31;22;0,0871983172464483
-31;22,5;0,0203907390992774
-31;23;0,0320425048238214
-31;23,5;0,0434804967231904
-31;24;0,0323745612337666
-31;24,5;0,0426006286259022
-31;25;0,0296112024704905
-31;25,5;0,0431215585997034
-31;26;0,0528490721142562
-31;26,5;0,0433477591786064
-31;27;0,138259521328895
-31;27,5;0,0442915640620065
-31;28;0,0452136237986238
-31;28,5;0,384248958100982
-31;29;0,292665799625221
-31;29,5;0,0531339231856961
-31;30;0,0557009559274172
-31;30,5;0,0476089308230887
-31;31;0,0543857409945788
-31;31,5;0,0587372113740515
-31;32;0,0734227201439264
-31;32,5;0,0625777465156293
-31;33;0,0519422756528822
-31;33,5;0,17677118749659
-31;34;0,207543808908698
-31;34,5;0,175006545630682
-31;35;0,144730682953668
-31;35,5;0
-31;36;0,0261985426381628
-31;36,5;0,0891287161849675
-31;37;0,119086757928741
-31;37,5;0,126067253404492
-31;38;0,235660692320043
-31;38,5;0,131515898578641
-31;39;0
-31;39,5;0
-31;40;0
-31;40,5;0
-31;41;0
-31;41,5;0
-30,5;-68;0
-30,5;-67,5;0
-30,5;-67;0
-30,5;-66,5;0,0781430312525265
-30,5;-66;0,237393478582436
-30,5;-65,5;0,162816532725002
-30,5;-65;0,172039367179867
-30,5;-64,5;0,119866360770837
-30,5;-64;0,0600436349269271
-30,5;-63,5;0
-30,5;-63;0,065077343262157
-30,5;-62,5;0,0785302489490515
-30,5;-62;0,0793459579673195
-30,5;-61,5;0
-30,5;-61;0,0471551276173235
-30,5;-60,5;0,0652725056972689
-30,5;-60;0,0162762608318578
-30,5;-59,5;0,0542684448143127
-30,5;-59;0,302982509686514
-30,5;-58,5;0,156666797823709
-30,5;-58;0,0697564454052765
-30,5;-57,5;0,052077069679857
-30,5;-57;0,0596827080570716
-30,5;-56,5;0,0656509187845448
-30,5;-56;0,0678452385765982
-30,5;-55,5;0,0436152533247331
-30,5;-55;0,0398451782969385
-30,5;-54,5;0,0331066205723717
-30,5;-54;0,0538181729363229
-30,5;-53,5;0,0880447090205701
-30,5;-53;0,035416522527213
-30,5;-52,5;0,048908721596926
-30,5;-52;0,0311920139890754
-30,5;-51,5;0,0371308752775769
-30,5;-51;0,0632546254497762
-30,5;-50,5;0,0853334068805124
-30,5;-50;0,0568861839700563
-30,5;-49,5;0,0755860492162436
-30,5;-49;0,120110883636283
-30,5;-48,5;0,0494993488562232
-30,5;-48;0,0320463326603028
-30,5;-47,5;0,0342977924580156
-30,5;-47;0,0439820405160468
-30,5;-46,5;0,033264833887361
-30,5;-46;0,0396481373255848
-30,5;-45,5;0,0344500450252376
-30,5;-45;0,054536698383641
-30,5;-44,5;0,0319069251740585
-30,5;-44;0,178672028122439
-30,5;-43,5;0,203787758251626
-30,5;-43;0,271746157225713
-30,5;-42,5;0,0588293599913072
-30,5;-42;0,0546261688164128
-30,5;-41,5;0,159189435724488
-30,5;-41;0,113338926494621
-30,5;-40,5;0,0556321281904859
-30,5;-40;0,0531423620500416
-30,5;-39,5;0,0354969084243282
-30,5;-39;0,0431984110596487
-30,5;-38,5;0,0422462230599596
-30,5;-38;0,0360719323606342
-30,5;-37,5;0,032944303348493
-30,5;-37;0,0508145934850532
-30,5;-36,5;0,290289821571099
-30,5;-36;0,146250099138782
-30,5;-35,5;0,129102725789407
-30,5;-35;0,126109539258749
-30,5;-34,5;0,0777910097121102
-30,5;-34;0,0690432704907433
-30,5;-33,5;0,0608254652010214
-30,5;-33;0,0433247804896031
-30,5;-32,5;0,0544827414659639
-30,5;-32;0,0427493060533628
-30,5;-31,5;0,0575547768909852
-30,5;-31;0,0400774844757597
-30,5;-30,5;0,085809205620747
-30,5;-30;0,0644613728577405
-30,5;-29,5;0,0623165303121856
-30,5;-29;0,0756794020908361
-30,5;-28,5;0,0578970195781532
-30,5;-28;0,0397846302535001
-30,5;-27,5;0,0296183669097775
-30,5;-27;0,0464969903347823
-30,5;-26,5;0,0561238275782984
-30,5;-26;0,03989618794227
-30,5;-25,5;0,0412073370663426
-30,5;-25;0,0649274229269412
-30,5;-24,5;0,0518327276212729
-30,5;-24;0,126688096834516
-30,5;-23,5;0,18126912172336
-30,5;-23;0,0583753433930238
-30,5;-22,5;0,0500776078143486
-30,5;-22;0,0642740623923736
-30,5;-21,5;0,0825205449335767
-30,5;-21;0,105022278215475
-30,5;-20,5;0,0517729574049745
-30,5;-20;0,0723241251696745
-30,5;-19,5;0,0286673657168366
-30,5;-19;0,0496806432781079
-30,5;-18,5;0,0811356020768303
-30,5;-18;0,068837965877984
-30,5;-17,5;0,0600434564850048
-30,5;-17;0,0365321738268873
-30,5;-16,5;0,0501217502282031
-30,5;-16;0,040985566565154
-30,5;-15,5;0,0406350433654413
-30,5;-15;0,0369892043665368
-30,5;-14,5;0,155630646754958
-30,5;-14;0,0372767969900518
-30,5;-13,5;0,0577505786883818
-30,5;-13;0,066641354354431
-30,5;-12,5;0,105253423022015
-30,5;-12;0,0572663873354807
-30,5;-11,5;0,0536316626085727
-30,5;-11;0,243345241257307
-30,5;-10,5;0,165437823414049
-30,5;-10;0,0524803688864446
-30,5;-9,5;0,0737300647754404
-30,5;-9;0,0842389458623504
-30,5;-8,5;0,0708416190260069
-30,5;-8;0,267464452466741
-30,5;-7,5;0,313931833821408
-30,5;-7;0,272186390166253
-30,5;-6,5;0,223551331148804
-30,5;-6;0,0714881648491456
-30,5;-5,5;0,0637970741230871
-30,5;-5;0,11859271692177
-30,5;-4,5;0,071951488286669
-30,5;-4;0,0952441953575718
-30,5;-3,5;0,189255773568818
-30,5;-3;0,0992428325228706
-30,5;-2,5;0,180749541338878
-30,5;-2;0,183721270125206
-30,5;-1,5;0,111777788343401
-30,5;-1;0,275949441909851
-30,5;-0,5;0,290621510317033
-30,5;0;0,139360381171337
-30,5;0,5;0,164476383460524
-30,5;1;0,203940262954608
-30,5;1,5;0,109780623970941
-30,5;2;0,0522225978338679
-30,5;2,5;0,0538031664147515
-30,5;3;0,10169578276116
-30,5;3,5;0,0481168930776815
-30,5;4;0,0696334934925569
-30,5;4,5;0,134955303283337
-30,5;5;0,306114353666503
-30,5;5,5;0,266787680875011
-30,5;6;0,0511758716067518
-30,5;6,5;0,0386029570371367
-30,5;7;0,0315125603538509
-30,5;7,5;0,0239363135724367
-30,5;8;0,0317087186348734
-30,5;8,5;0,0282266603163938
-30,5;9;0,0280416700948426
-30,5;9,5;0,0437043866903308
-30,5;10;0,0321693307393919
-30,5;10,5;0,0405584212857217
-30,5;11;0,0432086965789885
-30,5;11,5;0,0335876961599532
-30,5;12;0,0454853456254503
-30,5;12,5;0,033783195082355
-30,5;13;0,0493302121900032
-30,5;13,5;0,043237144779752
-30,5;14;0,0876788891640514
-30,5;14,5;0,0862349909808529
-30,5;15;0,0320105632865003
-30,5;15,5;0,0417801730791477
-30,5;16;0,0511109930782545
-30,5;16,5;0,104538211211527
-30,5;17;0,133733654375921
-30,5;17,5;0,138533059386909
-30,5;18;0,0427236307602353
-30,5;18,5;0,0328767945275912
-30,5;19;0,0883750047255143
-30,5;19,5;0,111370851541887
-30,5;20;0,0147947444478381
-30,5;20,5;0,0441845598816567
-30,5;21;0,048120234817384
-30,5;21,5;0,0657675736608898
-30,5;22;0,0960131354462389
-30,5;22,5;0,0292613902907677
-30,5;23;0,0502321724441556
-30,5;23,5;0,051725558969471
-30,5;24;0,0605893780069801
-30,5;24,5;0,0293733400117909
-30,5;25;0,039733119488831
-30,5;25,5;0,0390819651501815
-30,5;26;0,0784555731328408
-30,5;26,5;0,070937190509914
-30,5;27;0,0420670333410575
-30,5;27,5;0,0409434199397612
-30,5;28;0,0311346819648544
-30,5;28,5;0,139290145884528
-30,5;29;0,142596608855691
-30,5;29,5;0,103644455056569
-30,5;30;0,101019034731833
-30,5;30,5;0,0379455090897335
-30,5;31;0,141000709218075
-30,5;31,5;0,0333904638620531
-30,5;32;0,0866431357179146
-30,5;32,5;0,0874434882444864
-30,5;33;0,0748758514742756
-30,5;33,5;0,317078814112476
-30,5;34;0,174907252364859
-30,5;34,5;0,308176657870353
-30,5;35;0,340785707537066
-30,5;35,5;0,029698484809835
-30,5;36;0,0737027814943235
-30,5;36,5;0,0808450736033181
-30,5;37;0,113237841835357
-30,5;37,5;0,108689958397506
-30,5;38;0,221358945439406
-30,5;38,5;0,244482423480954
-30,5;39;0
-30,5;39,5;0
-30,5;40;0
-30,5;40,5;0
-30,5;41;0
-30,5;41,5;0
-30;-68;0
-30;-67,5;0,0791959594928933
-30;-67;0,295460349593339
-30;-66,5;0,216737620489074
-30;-66;0,273554164445201
-30;-65,5;0,232158416911786
-30;-65;0,101672064950058
-30;-64,5;0,0911335477714533
-30;-64;0,0444259683818672
-30;-63,5;0,148009853275607
-30;-63;0,275285173861674
-30;-62,5;0,090603807494628
-30;-62;0,0701120156381351
-30;-61,5;0
-30;-61;0,0626730746470467
-30;-60,5;0,0455850852801659
-30;-60;0,0375059995200768
-30;-59,5;0,0513111793530443
-30;-59;0,0646195494429725
-30;-58,5;0,0436471961564575
-30;-58;0,0502370117835563
-30;-57,5;0,0483047863151508
-30;-57;0,0567009540343529
-30;-56,5;0,063290929379665
-30;-56;0,0598655094422425
-30;-55,5;0,0435298467832774
-30;-55;0,0526847739428139
-30;-54,5;0,0401089754383515
-30;-54;0,0534696033081412
-30;-53,5;0,0493658455701992
-30;-53;0,0539063456922662
-30;-52,5;0,0385205073179142
-30;-52;0,064970450251946
-30;-51,5;0,0553080505471533
-30;-51;0,0445958407928173
-30;-50,5;0,0400336676832173
-30;-50;0,0389654034868207
-30;-49,5;0,126430331294862
-30;-49;0,286287665684248
-30;-48,5;0,0640193324795681
-30;-48;0,0540081681915334
-30;-47,5;0,0239862047128954
-30;-47;0,0521305959664061
-30;-46,5;0,0370723456963138
-30;-46;0,0566860099055161
-30;-45,5;0,0422790942829079
-30;-45;0,0298515728005619
-30;-44,5;0,0382435687277829
-30;-44;0,238536897019454
-30;-43,5;0,0935425552455848
-30;-43;0,0636803994751205
-30;-42,5;0,0469284902087987
-30;-42;0,0427480549797151
-30;-41,5;0,0551931649355155
-30;-41;0,0338171267696414
-30;-40,5;0,0373570008433508
-30;-40;0,0421441515386082
-30;-39,5;0,0393126809663593
-30;-39;0,0539782974601983
-30;-38,5;0,0563995651618845
-30;-38;0,0385227864750861
-30;-37,5;0,0783039273970364
-30;-37;0,125849417847442
-30;-36,5;0,136166881207638
-30;-36;0,0852300110745824
-30;-35,5;0,130243823510574
-30;-35;0,0653366732543322
-30;-34,5;0,0464688619606466
-30;-34;0,0820455016338108
-30;-33,5;0,0621213754866537
-30;-33;0,0792099202422299
-30;-32,5;0,0516958072543588
-30;-32;0,0504011702387207
-30;-31,5;0,0273376431556263
-30;-31;0,0494100721934281
-30;-30,5;0,0387144255970729
-30;-30;0,0300426323185495
-30;-29,5;0,0675943570680128
-30;-29;0,0423345458710104
-30;-28,5;0,081327622415649
-30;-28;0,0591391178637963
-30;-27,5;0,0309739648959801
-30;-27;0,0399367199178418
-30;-26,5;0,0531440788136144
-30;-26;0,0293492248150642
-30;-25,5;0,0329105725432416
-30;-25;0,0438955980641768
-30;-24,5;0,0657641132764772
-30;-24;0,121929146091764
-30;-23,5;0,0497123447207115
-30;-23;0,0294378695775714
-30;-22,5;0,0317745219937906
-30;-22;0,0372259851037169
-30;-21,5;0,0797059886589406
-30;-21;0,050404159935892
-30;-20,5;0,046113254400497
-30;-20;0,0568626508740647
-30;-19,5;0,0748069821139896
-30;-19;0,0244398542104735
-30;-18,5;0,0480841004517444
-30;-18;0,0408949150523019
-30;-17,5;0,0421988415349374
-30;-17;0,0605666426944974
-30;-16,5;0,0738738984428767
-30;-16;0,0585641897841067
-30;-15,5;0,0538335320553437
-30;-15;0,0292705720230169
-30;-14,5;0,178995509822665
-30;-14;0,0351892463382102
-30;-13,5;0,0584130572878016
-30;-13;0,0546878532652895
-30;-12,5;0,0728424977371316
-30;-12;0,0810173790151184
-30;-11,5;0,0733785207010572
-30;-11;0,294576657026636
-30;-10,5;0,337612144004943
-30;-10;0,0390612043586781
-30;-9,5;0,0778237262609932
-30;-9;0,0507497180711137
-30;-8,5;0,115186010782082
-30;-8;0,127409851455584
-30;-7,5;0,120798570472085
-30;-7;0,0919387484745925
-30;-6,5;0,141641294114206
-30;-6;0,0901994782011991
-30;-5,5;0,064540184377247
-30;-5;0,0479431222930527
-30;-4,5;0,0920474335739363
-30;-4;0,115907531183802
-30;-3,5;0,0483450479771387
-30;-3;0,0814213719312229
-30;-2,5;0,151381267059465
-30;-2;0,205256504176815
-30;-1,5;0,0463093332033262
-30;-1;0,299527497277536
-30;-0,5;0,250057185746082
-30;0;0,146479600211896
-30;0,5;0,0409728862843261
-30;1;0,0917177248236782
-30;1,5;0,0644125948021503
-30;2;0,0481360889338887
-30;2,5;0,0758441129988612
-30;3;0,107921453301207
-30;3,5;0,0759594035767497
-30;4;0,171010917441833
-30;4,5;0,229087701095865
-30;5;0,237008079366151
-30;5,5;0,254585909707873
-30;6;0,0659444534183059
-30;6,5;0,023779099904885
-30;7;0,0231068037635085
-30;7,5;0,0286610643830659
-30;8;0,0480169076053213
-30;8,5;0,0356879998505567
-30;9;0,0330253888476721
-30;9,5;0,0308524123831875
-30;10;0,0406479239200265
-30;10,5;0,0673074613443196
-30;11;0,0474560576793766
-30;11,5;0,0511102842588925
-30;12;0,0309057663096156
-30;12,5;0,0587511678566299
-30;13;0,0430120218315597
-30;13,5;0,043243292764844
-30;14;0,061113964579846
-30;14,5;0,0603585122414395
-30;15;0,110823705065657
-30;15,5;0,115327942770837
-30;16;0,0485990115194871
-30;16,5;0,0631138624660191
-30;17;0,138791374803995
-30;17,5;0,0757041561961252
-30;18;0,104740344706059
-30;18,5;0,085899916580576
-30;19;0,0523286559163236
-30;19,5;0,101311657982261
-30;20;0,0646241486911774
-30;20,5;0,0488318428095894
-30;21;0,0483689636614925
-30;21,5;0,0606498789289477
-30;22;0,0621719712485482
-30;22,5;0,0560036585352702
-30;23;0,0416827565425135
-30;23,5;0,0356019859351209
-30;24;0,322516225206224
-30;24,5;0,0483494226094445
-30;25;0,0292985700645486
-30;25,5;0,0320471921160423
-30;26;0,0826747556421163
-30;26,5;0,048784865862836
-30;27;0,0463000414749243
-30;27,5;0,118089419979569
-30;28;0,0504555109230178
-30;28,5;0,0423489534098251
-30;29;0,03565951192198
-30;29,5;0,0641324827223776
-30;30;0,0754675037983545
-30;30,5;0,0774990952483302
-30;31;0,0653815850534881
-30;31,5;0,0934958520950227
-30;32;0,0356791255498225
-30;32,5;0,0568919397670489
-30;33;0,0737780630688707
-30;33,5;0,264493329856277
-30;34;0,376033331174041
-30;34,5;0,240881462162532
-30;35;0,192770919008003
-30;35,5;0,145496102317119
-30;36;0,1357119412364
-30;36,5;0,105001158668459
-30;37;0,130236305376401
-30;37,5;0,130291035171856
-30;38;0,183400882369323
-30;38,5;0,118301629209535
-30;39;0
-30;39,5;0
-30;40;0
-30;40,5;0
-30;41;0
-29,5;-67,5;0,106469244385409
-29,5;-67;0,195563856001546
-29,5;-66,5;0,210879517480004
-29,5;-66;0,285237296228201
-29,5;-65,5;0,313927490954073
-29,5;-65;0,263622775577207
-29,5;-64,5;0,108327365803006
-29,5;-64;0,328097546470558
-29,5;-63,5;0,0840654506917081
-29,5;-63;0,227303137291446
-29,5;-62,5;0,119970359429051
-29,5;-62;0
-29,5;-61,5;0,0162880324164707
-29,5;-61;0,27471020575486
-29,5;-60,5;0,0944242437347425
-29,5;-60;0,0464670946282515
-29,5;-59,5;0,0670052367683748
-29,5;-59;0,0400800089149754
-29,5;-58,5;0,0601547211463113
-29,5;-58;0,0414906889883414
-29,5;-57,5;0,0574070262830837
-29,5;-57;0,0014142135623731
-29,5;-56,5;0,0566050446358282
-29,5;-56;0,0572093044345838
-29,5;-55,5;0,0895653702920697
-29,5;-55;0,0960085978346484
-29,5;-54,5;0,0467004587229381
-29,5;-54;0,0415849923307319
-29,5;-53,5;0,0326545410663779
-29,5;-53;0,059194219964069
-29,5;-52,5;0,032029867142998
-29,5;-52;0,0335214450907624
-29,5;-51,5;0,042315594333644
-29,5;-51;0,0363727987536156
-29,5;-50,5;0,0592033386904642
-29,5;-50;0,049426981752874
-29,5;-49,5;0,0661029892431518
-29,5;-49;0,217779956673146
-29,5;-48,5;0,0576056772339912
-29,5;-48;0,0394962954331311
-29,5;-47,5;0,0290148817140712
-29,5;-47;0,0356677080767609
-29,5;-46,5;0,0562037995147108
-29,5;-46;0,0345136906754307
-29,5;-45,5;0,0409189529959616
-29,5;-45;0,0444422570948672
-29,5;-44,5;0,0301271244470988
-29,5;-44;0,0637300187451424
-29,5;-43,5;0,0693096726024113
-29,5;-43;0,048272377730858
-29,5;-42,5;0,0347623196942237
-29,5;-42;0,032412645303906
-29,5;-41,5;0,0424326573381126
-29,5;-41;0,0707540399812581
-29,5;-40,5;0,034211449096753
-29,5;-40;0,0504024007774049
-29,5;-39,5;0,193976131619919
-29,5;-39;0,325032379770323
-29,5;-38,5;0,195283541340947
-29,5;-38;0,0556125671038447
-29,5;-37,5;0,111591548357105
-29,5;-37;0,121619848510146
-29,5;-36,5;0,0851069812018951
-29,5;-36;0,0768729962970203
-29,5;-35,5;0,0811873027723369
-29,5;-35;0,130828256185109
-29,5;-34,5;0,172731788089863
-29,5;-34;0,0758625429323857
-29,5;-33,5;0,0471538129193084
-29,5;-33;0,0461350014645418
-29,5;-32,5;0,0371214072948726
-29,5;-32;0,0448952908001253
-29,5;-31,5;0,1118764712868
-29,5;-31;0,364994246166632
-29,5;-30,5;0,118662438792422
-29,5;-30;0,0305724447855465
-29,5;-29,5;0,0514054542659757
-29,5;-29;0,0454451341657385
-29,5;-28,5;0,0605157675876442
-29,5;-28;0,0353655818581469
-29,5;-27,5;0,0397501529009309
-29,5;-27;0,0480146356245654
-29,5;-26,5;0,0304608843632367
-29,5;-26;0,0443373229837616
-29,5;-25,5;0,050170921357518
-29,5;-25;0,109016344466697
-29,5;-24,5;0,140552107625546
-29,5;-24;0,0411076025356125
-29,5;-23,5;0,0492452861639202
-29,5;-23;0,0410207516522516
-29,5;-22,5;0,124209723420338
-29,5;-22;0,190759403437943
-29,5;-21,5;0,0347810744586171
-29,5;-21;0,0375320359027893
-29,5;-20,5;0,0565570873688936
-29,5;-20;0,0553571387910001
-29,5;-19,5;0,0716860829614656
-29,5;-19;0,162567389713765
-29,5;-18,5;0,168707355799403
-29,5;-18;0,0363050854378576
-29,5;-17,5;0,0563326330488686
-29,5;-17;0,0441223677212968
-29,5;-16,5;0,0691387035644906
-29,5;-16;0,044033915500279
-29,5;-15,5;0,0973575375923735
-29,5;-15;0,0662532679813402
-29,5;-14,5;0,107155755899573
-29,5;-14;0,0919333159034458
-29,5;-13,5;0,146152501111911
-29,5;-13;0,0621602013639661
-29,5;-12,5;0,0931280628390512
-29,5;-12;0,0463551641100473
-29,5;-11,5;0,0321579435495078
-29,5;-11;0,0573253113581954
-29,5;-10,5;0,070713918463502
-29,5;-10;0,0457426641366028
-29,5;-9,5;0,0807821075367041
-29,5;-9;0,0340294840560942
-29,5;-8,5;0,0303500377823229
-29,5;-8;0,0736643315761195
-29,5;-7,5;0,146127488773354
-29,5;-7;0,0457051530933192
-29,5;-6,5;0,0318817525122238
-29,5;-6;0,0728293024837907
-29,5;-5,5;0,0992986271575388
-29,5;-5;0,0655819918758359
-29,5;-4,5;0,0476091105826219
-29,5;-4;0,0451521013791514
-29,5;-3,5;0,0364211552667428
-29,5;-3;0,0571572440812552
-29,5;-2,5;0,110397523365636
-29,5;-2;0,103691116394065
-29,5;-1,5;0,0571037930853242
-29,5;-1;0,149520653741605
-29,5;-0,5;0,241901812549225
-29,5;0;0,0348579427218374
-29,5;0,5;0,119957330568102
-29,5;1;0,118096237661757
-29,5;1,5;0,0575006898988436
-29,5;2;0,0455929091074648
-29,5;2,5;0,131760009107468
-29,5;3;0,173740529995408
-29,5;3,5;0,118258828056188
-29,5;4;0,243446352296109
-29,5;4,5;0,248915414013141
-29,5;5;0,175551379700077
-29,5;5,5;0,264644850899159
-29,5;6;0,0650514407596295
-29,5;6,5;0,0180215817970654
-29,5;7;0,0397712207506886
-29,5;7,5;0,0444778336472272
-29,5;8;0,056363297897322
-29,5;8,5;0,0434789759523181
-29,5;9;0,0391805139345607
-29,5;9,5;0,03489350188544
-29,5;10;0,0317550867923563
-29,5;10,5;0,0256748931398175
-29,5;11;0,0379340390983355
-29,5;11,5;0,0419506268894606
-29,5;12;0,0357618885432007
-29,5;12,5;0,0448039684881429
-29,5;13;0,0267432543437137
-29,5;13,5;0,0312395150454594
-29,5;14;0,0417652942903858
-29,5;14,5;0,0459327211912495
-29,5;15;0,103906968614823
-29,5;15,5;0,0613271698603922
-29,5;16;0,083260540132149
-29,5;16,5;0,0928323491845147
-29,5;17;0,0267427455168894
-29,5;17,5;0,0377676664183354
-29,5;18;0,0418053303330772
-29,5;18,5;0,052720030843943
-29,5;19;0,0391349038686519
-29,5;19,5;0,058189786040166
-29,5;20;0,0773312409301611
-29,5;20,5;0,130912862646027
-29,5;21;0,0837342043331675
-29,5;21,5;0,0422023893478399
-29,5;22;0,0549297016325094
-29,5;22,5;0,0462387140625788
-29,5;23;0,0292331256700364
-29,5;23,5;0,0499266812226093
-29,5;24;0,294945860979434
-29,5;24,5;0,247148575715623
-29,5;25;0,0220478050663834
-29,5;25,5;0,0367908124293311
-29,5;26;0,050767239726024
-29,5;26,5;0,0962248829250917
-29,5;27;0,102878863747908
-29,5;27,5;0,0575762434474828
-29,5;28;0,0228474472962127
-29,5;28,5;0,0512519773490373
-29,5;29;0,043233618409096
-29,5;29,5;0,0410832430459788
-29,5;30;0,0860294374186191
-29,5;30,5;0,0552536849175663
-29,5;31;0,0734221756216463
-29,5;31,5;0,0480622673046283
-29,5;32;0,0449151316108397
-29,5;32,5;0,0373898381916798
-29,5;33;0,0570531788543926
-29,5;33,5;0,0826446908611572
-29,5;34;0,0415173992976974
-29,5;34,5;0,0682953223660483
-29,5;35;0,0633397533556828
-29,5;35,5;0,164697608354834
-29,5;36;0,187262268577267
-29,5;36,5;0,0951198605906668
-29,5;37;0,110470508885102
-29,5;37,5;0,116874696912895
-29,5;38;0,113869168764549
-29,5;38,5;0,159211490296819
-29,5;39;0,0899476037956066
-29,5;39,5;0
-29,5;40;0
-29,5;40,5;0
-29,5;41;0
-29;-67,5;0,0258134331953991
-29;-67;0,273773251676151
-29;-66,5;0,251871519589454
-29;-66;0,217909466784455
-29;-65,5;0,1881046576906
-29;-65;0,274438690804072
-29;-64,5;0,144853028963843
-29;-64;0,0588237885148355
-29;-63,5;0,136706013995308
-29;-63;0,271302055700924
-29;-62,5;0,128861434225952
-29;-62;0
-29;-61,5;0
-29;-61;0,201613830627164
-29;-60,5;0,249476192087268
-29;-60;0,0923075085589663
-29;-59,5;0,0930351534902063
-29;-59;0,108911278877197
-29;-58,5;0,0329974530658339
-29;-58;0,0307394968512282
-29;-57,5;0
-29;-57;0
-29;-56,5;0,0731078474101185
-29;-56;0,0753468934041367
-29;-55,5;0,0598777206521702
-29;-55;0,0656850600093639
-29;-54,5;0,0468267792267123
-29;-54;0,0371811758694397
-29;-53,5;0,0355726054699107
-29;-53;0,0454039255538131
-29;-52,5;0,034551097674538
-29;-52;0,0403139855907417
-29;-51,5;0,0357040296247198
-29;-51;0,0480974491960293
-29;-50,5;0,0417131323582944
-29;-50;0,0353322843532452
-29;-49,5;0,0583786679406392
-29;-49;0,057220417429436
-29;-48,5;0,0401085527725651
-29;-48;0,0440655832850548
-29;-47,5;0,0282951703770567
-29;-47;0,0379354170633274
-29;-46,5;0,0427337841589058
-29;-46;0,0357789813186692
-29;-45,5;0,0518315280526774
-29;-45;0,0770625519600834
-29;-44,5;0,0482753278902709
-29;-44;0,0421052306567015
-29;-43,5;0,0406520989360538
-29;-43;0,0670418469591753
-29;-42,5;0,0501705424859382
-29;-42;0,0512178273672399
-29;-41,5;0,0428310249026903
-29;-41;0,0524911917380815
-29;-40,5;0,0370657768451173
-29;-40;0,0401669355193524
-29;-39,5;0,388077780827743
-29;-39;0,22059878876356
-29;-38,5;0,167762033716037
-29;-38;0,0641732380554379
-29;-37,5;0,0764768927034904
-29;-37;0,105818456103715
-29;-36,5;0,0642504023778657
-29;-36;0,145899188369495
-29;-35,5;0,127538766485025
-29;-35;0,169067857815194
-29;-34,5;0,0956695522896084
-29;-34;0,0939434899838452
-29;-33,5;0,0543380698661205
-29;-33;0,0395131506869904
-29;-32,5;0,0421429371881414
-29;-32;0,049213179596576
-29;-31,5;0,0657125109824366
-29;-31;0,359857702301778
-29;-30,5;0,135711234311892
-29;-30;0,040295960415038
-29;-29,5;0,0406419018665198
-29;-29;0,0526399930710806
-29;-28,5;0,0563357665701047
-29;-28;0,060847413367362
-29;-27,5;0,0355505634552178
-29;-27;0,030392734650887
-29;-26,5;0,0684436628638904
-29;-26;0,0752165304057625
-29;-25,5;0,213713247609634
-29;-25;0,249891909966423
-29;-24,5;0,0972805207866298
-29;-24;0,0678894762959292
-29;-23,5;0,0302003753648247
-29;-23;0,0599888293090745
-29;-22,5;0,0875493980986621
-29;-22;0,0708602901225605
-29;-21,5;0,0508057392476073
-29;-21;0,0424027017825197
-29;-20,5;0,0784165161174609
-29;-20;0,0779136759263644
-29;-19,5;0,079588211019807
-29;-19;0,100364109879083
-29;-18,5;0,0426913178830255
-29;-18;0,0484313179872639
-29;-17,5;0,0693984108302943
-29;-17;0,0523601640262853
-29;-16,5;0,0884542495868483
-29;-16;0,0264382590708943
-29;-15,5;0,161534318534563
-29;-15;0,112719831132674
-29;-14,5;0,159839850980388
-29;-14;0,0752887353055678
-29;-13,5;0,0364130126877357
-29;-13;0,0435176620994344
-29;-12,5;0,0441838586010948
-29;-12;0,0526874470807782
-29;-11,5;0,023024244617802
-29;-11;0,068390426327251
-29;-10,5;0,0689722755416148
-29;-10;0,0551135941892997
-29;-9,5;0,0546446106315562
-29;-9;0,0527977743090445
-29;-8,5;0,0249809045530081
-29;-8;0,0483950185834396
-29;-7,5;0,0703648823396065
-29;-7;0,0620228863384482
-29;-6,5;0,0828824593392094
-29;-6;0,123811677731544
-29;-5,5;0,0704374544274983
-29;-5;0,0689549899108746
-29;-4,5;0,0446505192637601
-29;-4;0,165813622179468
-29;-3,5;0,0769545758828628
-29;-3;0,0833631646330131
-29;-2,5;0,0332959692549631
-29;-2;0,0389914873806357
-29;-1,5;0,0618816374406948
-29;-1;0,0939688924848055
-29;-0,5;0,0726013796740703
-29;0;0,061852432579309
-29;0,5;0,109934958857787
-29;1;0,0712786658781321
-29;1,5;0,0437032772945118
-29;2;0,10544505312555
-29;2,5;0,0983539316335071
-29;3;0,131529442911529
-29;3,5;0,247590556102357
-29;4;0,260246703522283
-29;4,5;0,0785277433384482
-29;5;0,0751788299578359
-29;5,5;0,0453692259870792
-29;6;0,031640101224706
-29;6,5;0,0370812264545268
-29;7;0,0439851449378834
-29;7,5;0,0450269860926092
-29;8;0,0364399048663229
-29;8,5;0,055460060580198
-29;9;0,0426423301375432
-29;9,5;0,0294638196211331
-29;10;0,0336479157066966
-29;10,5;0,0435472923000577
-29;11;0,0581649999366531
-29;11,5;0,0477841652253232
-29;12;0,0506870496009107
-29;12,5;0,0639522958403425
-29;13;0,0459895125187035
-29;13,5;0,0282751363097215
-29;14;0,025577160531676
-29;14,5;0,0406644875900851
-29;15;0,0757097273137168
-29;15,5;0,109449962780337
-29;16;0,162109141227347
-29;16,5;0,103786832506958
-29;17;0,0592806440450402
-29;17,5;0,0370935772107621
-29;18;0,0540974681886849
-29;18,5;0,0657452700620832
-29;19;0,0339686007986844
-29;19,5;0,0318332161951276
-29;20;0,0359407386495864
-29;20,5;0,361007529813035
-29;21;0,33881732802741
-29;21,5;0,0411954268587814
-29;22;0,0331182610434294
-29;22,5;0,0439123937598827
-29;23;0,0248897569293073
-29;23,5;0,0484711170258629
-29;24;0,187662588327577
-29;24,5;0,0819654979680039
-29;25;0,0274102986845389
-29;25,5;0,0270164745508492
-29;26;0,0367423461417477
-29;26,5;0,0922329996418584
-29;27;0,0841691779014575
-29;27,5;0,0417145542994773
-29;28;0,0241927807495147
-29;28,5;0,0296065287824585
-29;29;0,0316763168146437
-29;29,5;0,075587697411682
-29;30;0,0598694711539054
-29;30,5;0,056953276250587
-29;31;0,100558541000092
-29;31,5;0,0906559024391618
-29;32;0,0401667358229004
-29;32,5;0,0595593958786261
-29;33;0,037645716887848
-29;33,5;0,0601525491285836
-29;34;0,0827141399481879
-29;34,5;0,0549806122634854
-29;35;0,0814623392778081
-29;35,5;0,14908495088588
-29;36;0,0746169630611605
-29;36,5;0,120519676502397
-29;37;0,0603935809120855
-29;37,5;0,104939118471724
-29;38;0,109015877786773
-29;38,5;0,12615814990669
-29;39;0,392900326630898
-29;39,5;0,0611345121140962
-29;40;0,0482299181006976
-29;40,5;0
-28,5;-68;0
-28,5;-67,5;0,047120059422713
-28,5;-67;0,158229790705375
-28,5;-66,5;0,161512981465324
-28,5;-66;0,223275818012365
-28,5;-65,5;0,257877940658911
-28,5;-65;0,28277254857409
-28,5;-64,5;0,264365741832306
-28,5;-64;0,10422864236912
-28,5;-63,5;0,0961997997806259
-28,5;-63;0,0761571459118597
-28,5;-62,5;0,0578204624882311
-28,5;-62;0
-28,5;-61,5;0,101363537165327
-28,5;-61;0,210810660582867
-28,5;-60,5;0,164118284434875
-28,5;-60;0,0840742153350867
-28,5;-59,5;0,0670827349869796
-28,5;-59;0,0818438162380656
-28,5;-58,5;0,0709619616414315
-28,5;-58;0
-28,5;-57,5;0
-28,5;-57;0
-28,5;-56,5;0,187901481278532
-28,5;-56;0,28689368621196
-28,5;-55,5;0,0803144228275395
-28,5;-55;0,047794508769242
-28,5;-54,5;0,0452714465857785
-28,5;-54;0,0615580320051561
-28,5;-53,5;0,0510956572018021
-28,5;-53;0,0456153816811024
-28,5;-52,5;0,0409740878675516
-28,5;-52;0,0356951362505614
-28,5;-51,5;0,0372257656303003
-28,5;-51;0,0504737012131765
-28,5;-50,5;0,0249939279392889
-28,5;-50;0,0494444327338747
-28,5;-49,5;0,0296099203463993
-28,5;-49;0,019842794696751
-28,5;-48,5;0,0299818723927694
-28,5;-48;0,0343073773881171
-28,5;-47,5;0,0430244484920385
-28,5;-47;0,0362136433051482
-28,5;-46,5;0,0478848538543258
-28,5;-46;0,0480771017585152
-28,5;-45,5;0,302424177995885
-28,5;-45;0,273820768175301
-28,5;-44,5;0,105295676795492
-28,5;-44;0,0445228761579641
-28,5;-43,5;0,0510094295671095
-28,5;-43;0,0445946417502051
-28,5;-42,5;0,0837441581367833
-28,5;-42;0,0382543881060251
-28,5;-41,5;0,0347898314043918
-28,5;-41;0,0404005496468143
-28,5;-40,5;0,0457211162304809
-28,5;-40;0,0674822601701053
-28,5;-39,5;0,138806738468483
-28,5;-39;0,297833768235572
-28,5;-38,5;0,0650961379099813
-28,5;-38;0,0365400949941094
-28,5;-37,5;0,0966421133964628
-28,5;-37;0,0517224958069959
-28,5;-36,5;0,099401772840654
-28,5;-36;0,10609799418045
-28,5;-35,5;0,104235153382197
-28,5;-35;0,117983156759193
-28,5;-34,5;0,0491118296756795
-28,5;-34;0,0673438428531848
-28,5;-33,5;0,0360384403634388
-28,5;-33;0,037223317290914
-28,5;-32,5;0,0539138594800245
-28,5;-32;0,059792891265922
-28,5;-31,5;0,0481512839751899
-28,5;-31;0,0499906657953929
-28,5;-30,5;0,0473409661909198
-28,5;-30;0,038748928715308
-28,5;-29,5;0,0493696335239154
-28,5;-29;0,0428367986935771
-28,5;-28,5;0,0400028701701358
-28,5;-28;0,0541253493617009
-28,5;-27,5;0,0409283927528719
-28,5;-27;0,0416947205832814
-28,5;-26,5;0,0725679457426714
-28,5;-26;0,125598997864087
-28,5;-25,5;0,150464892988493
-28,5;-25;0,0843034390443874
-28,5;-24,5;0,0543685578495938
-28,5;-24;0,0594794244119314
-28,5;-23,5;0,0454002569743094
-28,5;-23;0,0490781436825785
-28,5;-22,5;0,0641359974647537
-28,5;-22;0,0360885981246231
-28,5;-21,5;0,0331118502669237
-28,5;-21;0,0797655414185608
-28,5;-20,5;0,0801293092341816
-28,5;-20;0,0629881695569274
-28,5;-19,5;0,0911252082646027
-28,5;-19;0,0462144063021723
-28,5;-18,5;0,076038780521854
-28,5;-18;0,0499524809207717
-28,5;-17,5;0,0740856430550957
-28,5;-17;0,0685492222258473
-28,5;-16,5;0,0977818267586452
-28,5;-16;0,129567394833429
-28,5;-15,5;0,11449442636857
-28,5;-15;0,0636380681589901
-28,5;-14,5;0,0535942155918303
-28,5;-14;0,0587832339620858
-28,5;-13,5;0,0291433239925259
-28,5;-13;0,0367060394667326
-28,5;-12,5;0,0446469483839601
-28,5;-12;0,0436272102142044
-28,5;-11,5;0,0295633209383449
-28,5;-11;0,023961231888382
-28,5;-10,5;0,0519883913721666
-28,5;-10;0,132032750132071
-28,5;-9,5;0,110713832716698
-28,5;-9;0,0400387742510453
-28,5;-8,5;0,0374157897459622
-28,5;-8;0,0594249602045875
-28,5;-7,5;0,0410866835451377
-28,5;-7;0,05709879071247
-28,5;-6,5;0,0703639818721452
-28,5;-6;0,0608783855213939
-28,5;-5,5;0,0815046590924808
-28,5;-5;0,0637729087018737
-28,5;-4,5;0,0798142290385918
-28,5;-4;0,0490528387734649
-28,5;-3,5;0,0390736360710476
-28,5;-3;0,230026896858252
-28,5;-2,5;0,190360492434459
-28,5;-2;0,152101975724458
-28,5;-1,5;0,124514470819765
-28,5;-1;0,129645219957587
-28,5;-0,5;0,081367993788855
-28,5;0;0,0654930768321939
-28,5;0,5;0,0779572664954912
-28,5;1;0,0505238658386682
-28,5;1,5;0,040753175948167
-28,5;2;0,114302156838142
-28,5;2,5;0,133113548020728
-28,5;3;0,243902980248509
-28,5;3,5;0,236012670668872
-28,5;4;0,118503649209774
-28,5;4,5;0,118123447706506
-28,5;5;0,0618460487546009
-28,5;5,5;0,0342611587259564
-28,5;6;0,0335124416680801
-28,5;6,5;0,0400142605433607
-28,5;7;0,0640097648800556
-28,5;7,5;0,0570175459921259
-28,5;8;0,0358822204797372
-28,5;8,5;0,0370688567093867
-28,5;9;0,0270103541007914
-28,5;9,5;0,0492635013167301
-28,5;10;0,0444238529563183
-28,5;10,5;0,0526358559665684
-28,5;11;0,0585269921952854
-28,5;11,5;0,0480743913891587
-28,5;12;0,0511075258753731
-28,5;12,5;0,0469105737374278
-28,5;13;0,0576289104228651
-28,5;13,5;0,0387291246743225
-28,5;14;0,0430009177299722
-28,5;14,5;0,0623255482682836
-28,5;15;0,0520046472282366
-28,5;15,5;0,0581669666177431
-28,5;16;0,0857035837638803
-28,5;16,5;0,0670573831608167
-28,5;17;0,0679809060050483
-28,5;17,5;0,0355821283842124
-28,5;18;0,0257501747525401
-28,5;18,5;0,0276804371682835
-28,5;19;0,034593469423025
-28,5;19,5;0,0325138978196926
-28,5;20;0,0405260748264289
-28,5;20,5;0,349781020271462
-28,5;21;0,335686253890259
-28,5;21,5;0,0962083210521402
-28,5;22;0,0278256972759242
-28,5;22,5;0,0803983331981132
-28,5;23;0,0988291369957652
-28,5;23,5;0,0330635507824258
-28,5;24;0,0481488834157392
-28,5;24,5;0,041212045236685
-28,5;25;0,0608448813938916
-28,5;25,5;0,0349792455471472
-28,5;26;0,0383325520654312
-28,5;26,5;0,0287962145811971
-28,5;27;0,0331001876429567
-28,5;27,5;0,0739727445788791
-28,5;28;0,0208692237734766
-28,5;28,5;0,0400625594876295
-28,5;29;0,0274511209135231
-28,5;29,5;0,0919170755653584
-28,5;30;0,0341937944620094
-28,5;30,5;0,0509090862708718
-28,5;31;0,0963175698358003
-28,5;31,5;0,132270770265644
-28,5;32;0,0704511342622713
-28,5;32,5;0,0513491317680575
-28,5;33;0,0357855077385045
-28,5;33,5;0,112799688598414
-28,5;34;0,119943104464859
-28,5;34,5;0,0633456917766841
-28,5;35;0,12211918456203
-28,5;35,5;0,132498796910748
-28,5;36;0,102447547554834
-28,5;36,5;0
-28,5;37;0
-28,5;37,5;0,0901123942071433
-28,5;38;0,0865022782598478
-28,5;38,5;0,0538250966152503
-28,5;39;0,054866200889072
-28,5;39,5;0,0628834901491109
-28,5;40;0
-28,5;40,5;0
-28;-67,5;0
-28;-67;0
-28;-66,5;0
-28;-66;0
-28;-65,5;0,365117898144496
-28;-65;0,213288062373449
-28;-64,5;0,342751701048191
-28;-64;0,0854712427272082
-28;-63,5;0
-28;-63;0,0714027504640155
-28;-62,5;0,059158910289716
-28;-62;0,0618088451059663
-28;-61,5;0,0782860603580025
-28;-61;0,0705226572296043
-28;-60,5;0,0269711174494233
-28;-60;0,0848682501471601
-28;-59,5;0,033863106768281
-28;-59;0,0381138644939957
-28;-58,5;0,0523002465527046
-28;-58;0,0485423420773965
-28;-57,5;0,0285428875303714
-28;-57;0,0263989538032241
-28;-56,5;0,125054987905321
-28;-56;0,249894434049688
-28;-55,5;0,102327665662572
-28;-55;0,0437870142358915
-28;-54,5;0,0526124193196499
-28;-54;0,120297448811171
-28;-53,5;0,0549459031887521
-28;-53;0,048663134843385
-28;-52,5;0,0433383313172725
-28;-52;0,0374467500598354
-28;-51,5;0,0518290601433927
-28;-51;0,0623421131045385
-28;-50,5;0,0746924949902072
-28;-50;0,0683862803004618
-28;-49,5;0,0490060979747195
-28;-49;0,0444062931409887
-28;-48,5;0,0346472732464961
-28;-48;0,0337661031882257
-28;-47,5;0,0341583517927736
-28;-47;0,0550376642887226
-28;-46,5;0,0236466760720444
-28;-46;0,0194489473911019
-28;-45,5;0,215536088008852
-28;-45;0,275897532831647
-28;-44,5;0,0981039435831021
-28;-44;0,0302498890101099
-28;-43,5;0,0656701593930664
-28;-43;0,060421303232366
-28;-42,5;0,0517231581018949
-28;-42;0,0543734495184353
-28;-41,5;0,0533704386248442
-28;-41;0,0342500628380112
-28;-40,5;0,0347051768432303
-28;-40;0,0414475838120481
-28;-39,5;0,0620140486252168
-28;-39;0,197628915627916
-28;-38,5;0,0331409758350423
-28;-38;0,0493559862159611
-28;-37,5;0,158403525297459
-28;-37;0,138384414379838
-28;-36,5;0,106529633090286
-28;-36;0,0977764037999763
-28;-35,5;0,108999647191536
-28;-35;0,061708558424412
-28;-34,5;0,0594641025333867
-28;-34;0,0480774205907277
-28;-33,5;0,0415328283722229
-28;-33;0,0490890824575987
-28;-32,5;0,0564682984760686
-28;-32;0,0448472721990029
-28;-31,5;0,049212945955173
-28;-31;0,0342440177961193
-28;-30,5;0,0397988174167097
-28;-30;0,0336506869585506
-28;-29,5;0,0303842925565131
-28;-29;0,0344532201712015
-28;-28,5;0,0292227020743567
-28;-28;0,0438663494215127
-28;-27,5;0,0465792387453215
-28;-27;0,0906946341668936
-28;-26,5;0,108299884007477
-28;-26;0,190858381432636
-28;-25,5;0,0736425988755558
-28;-25;0,0484059082749499
-28;-24,5;0,0312655294747
-28;-24;0,0354866404847312
-28;-23,5;0,0345516521553842
-28;-23;0,0438220481130954
-28;-22,5;0,039415710184727
-28;-22;0,0318525204316902
-28;-21,5;0,0405713703016582
-28;-21;0,129195652661638
-28;-20,5;0,12102993050124
-28;-20;0,033807543536909
-28;-19,5;0,0653826899358744
-28;-19;0,0941992936957232
-28;-18,5;0,0922048317157812
-28;-18;0,0776342746616525
-28;-17,5;0,204634823574297
-28;-17;0,129567418127477
-28;-16,5;0,0583643151018747
-28;-16;0,138016579696739
-28;-15,5;0,124153758642757
-28;-15;0,0765486683266896
-28;-14,5;0,0331602171283603
-28;-14;0,0371006634529645
-28;-13,5;0,040746775633391
-28;-13;0,0208605893331858
-28;-12,5;0,0535080823430728
-28;-12;0,0316899037549817
-28;-11,5;0,0316040609204999
-28;-11;0,0580427267340341
-28;-10,5;0,220202101948368
-28;-10;0,103807704587282
-28;-9,5;0,179211455738099
-28;-9;0,204538457119368
-28;-8,5;0,0457135529752374
-28;-8;0,0468704503760877
-28;-7,5;0,0520526447329188
-28;-7;0,0404604643269664
-28;-6,5;0,0546831141688786
-28;-6;0,0641620473454458
-28;-5,5;0,0889936760683886
-28;-5;0,114237835491799
-28;-4,5;0,0667092525828711
-28;-4;0,0456802758672251
-28;-3,5;0,107076670479062
-28;-3;0,0515292396066084
-28;-2,5;0,266166681242895
-28;-2;0,200345091742034
-28;-1,5;0,214558695983264
-28;-1;0,101945331187672
-28;-0,5;0,0898549619516242
-28;0;0,117933628086347
-28;0,5;0,0683595753548815
-28;1;0,110931360158734
-28;1,5;0,156761362126155
-28;2;0,091176020239242
-28;2,5;0,292113550132134
-28;3;0,212355269137779
-28;3,5;0,195911590365832
-28;4;0,106283481841708
-28;4,5;0,0699215036070211
-28;5;0,0423144971217509
-28;5,5;0,04185602701219
-28;6;0,0384946545607577
-28;6,5;0,054284090988385
-28;7;0,0637403511846774
-28;7,5;0,0491678476333504
-28;8;0,0360303495424936
-28;8,5;0,0465288811047451
-28;9;0,0211762608134337
-28;9,5;0,0336972994315675
-28;10;0,0595814527332451
-28;10,5;0,0354462694303494
-28;11;0,0728948515586218
-28;11,5;0,0742677838568532
-28;12;0,0715562696380821
-28;12,5;0,058355759168219
-28;13;0,0879001194068332
-28;13,5;0,0622127503695179
-28;14;0,0482424190079181
-28;14,5;0,0296955796538878
-28;15;0,0432552581239773
-28;15,5;0,0378382176675044
-28;16;0,0365153520678511
-28;16,5;0,0548546062212779
-28;17;0,0780339484291165
-28;17,5;0,0776243467971633
-28;18;0,0551754202271734
-28;18,5;0,035034192981588
-28;19;0,0286627436081834
-28;19,5;0,0211068891670024
-28;20;0,047318743894091
-28;20,5;0,0464716526045537
-28;21;0,133060013076393
-28;21,5;0,0757462247991402
-28;22;0,0312836825848364
-28;22,5;0,0701767518946524
-28;23;0,0745481653815078
-28;23,5;0,0306908819123553
-28;24;0,136508700960979
-28;24,5;0,0675226985154978
-28;25;0,0525321852195767
-28;25,5;0,0314956686364513
-28;26;0,0453279297136017
-28;26,5;0,0325706484130595
-28;27;0,0564859222031343
-28;27,5;0,0287231975574113
-28;28;0,0263488227220763
-28;28,5;0,0451180673344947
-28;29;0,0243974261521999
-28;29,5;0,0443328709681187
-28;30;0,375903275599433
-28;30,5;0,050970143412399
-28;31;0,116848458248802
-28;31,5;0,0477252926372616
-28;32;0,0497578157668226
-28;32,5;0,0812158212135087
-28;33;0,0597525053463141
-28;33,5;0,0391563436921388
-28;34;0,11313091898733
-28;34,5;0,0763332134916456
-28;35;0,0205507501890645
-28;35,5;0,178589250817062
-28;36;0,146607022504446
-28;36,5;0
-28;37;0
-28;37,5;0,0728319984622144
-28;38;0,0175698605572156
-28;38,5;0,0752017873692468
-28;39;0,0394879728525028
-28;39,5;0,0484721937963259
-28;40;0
-27,5;-68;0
-27,5;-67,5;0
-27,5;-67;0
-27,5;-66,5;0
-27,5;-66;0
-27,5;-65,5;0,0323197565997435
-27,5;-65;0,0581090928054007
-27,5;-64,5;0,064609596810381
-27,5;-64;0,0393550019244135
-27,5;-63,5;0,0444240925624824
-27,5;-63;0,0430116263352131
-27,5;-62,5;0,0529385013070348
-27,5;-62;0,0457815961435875
-27,5;-61,5;0,0720916083882167
-27,5;-61;0,0451805992623781
-27,5;-60,5;0,0778733656890714
-27,5;-60;0,0522747749955974
-27,5;-59,5;0,071071392677665
-27,5;-59;0,0535522108387159
-27,5;-58,5;0,0337948926798389
-27,5;-58;0,0379638948204939
-27,5;-57,5;0,0340915434284418
-27,5;-57;0,0572973135745223
-27,5;-56,5;0,0285970860986453
-27,5;-56;0,0533233424135607
-27,5;-55,5;0,0607513814729936
-27,5;-55;0,0449774551466784
-27,5;-54,5;0,0489172410361443
-27,5;-54;0,0756594150382227
-27,5;-53,5;0,0672667848122909
-27,5;-53;0,0376351466418469
-27,5;-52,5;0,0587302959978854
-27,5;-52;0,0479147490924558
-27,5;-51,5;0,0351389088101941
-27,5;-51;0,0776485524440323
-27,5;-50,5;0,0697815185653469
-27,5;-50;0,0724008789166576
-27,5;-49,5;0,0521605247192074
-27,5;-49;0,0514914138714343
-27,5;-48,5;0,0696900507105862
-27,5;-48;0,0734022963362729
-27,5;-47,5;0,0639363481250708
-27,5;-47;0,0316791029661241
-27,5;-46,5;0,0390213177032006
-27,5;-46;0,0598064175257823
-27,5;-45,5;0,0257663559010337
-27,5;-45;0,117577421301881
-27,5;-44,5;0,102634791436545
-27,5;-44;0,0923139249723554
-27,5;-43,5;0,0581221523503521
-27,5;-43;0,0799194092495053
-27,5;-42,5;0,0339592244555119
-27,5;-42;0,0352523000050689
-27,5;-41,5;0,032885779750584
-27,5;-41;0,0390107639746052
-27,5;-40,5;0,049597844191652
-27,5;-40;0,0569721683055201
-27,5;-39,5;0,0331669066612941
-27,5;-39;0,0537143334860328
-27,5;-38,5;0,0431790732779897
-27,5;-38;0,04335712390951
-27,5;-37,5;0,225211913744449
-27,5;-37;0,358094157606828
-27,5;-36,5;0,200143964991925
-27,5;-36;0,128836989388571
-27,5;-35,5;0,0681135774858841
-27,5;-35;0,0596273575054723
-27,5;-34,5;0,0407829925216829
-27,5;-34;0,0398149703346003
-27,5;-33,5;0,0375136732038037
-27,5;-33;0,0566687948603495
-27,5;-32,5;0,0501829084422165
-27,5;-32;0,0452373107701407
-27,5;-31,5;0,030814144229458
-27,5;-31;0,0466955985679575
-27,5;-30,5;0,0558682001242564
-27,5;-30;0,0488084974311605
-27,5;-29,5;0,0390577096511763
-27,5;-29;0,058467374528856
-27,5;-28,5;0,0278398781503619
-27,5;-28;0,0343961922197165
-27,5;-27,5;0,0315180585780426
-27,5;-27;0,112112226093631
-27,5;-26,5;0,206346902271721
-27,5;-26;0,0867542426777476
-27,5;-25,5;0,0520181693728603
-27,5;-25;0,0800751171099068
-27,5;-24,5;0,0637773038812251
-27,5;-24;0,0481454393824933
-27,5;-23,5;0,0449692717246904
-27,5;-23;0,0374065060412607
-27,5;-22,5;0,0358892788466758
-27,5;-22;0,0553054852091081
-27,5;-21,5;0,0420315062858941
-27,5;-21;0,0882121136649904
-27,5;-20,5;0,0340409917372761
-27,5;-20;0,0336439426350875
-27,5;-19,5;0,050127675831795
-27,5;-19;0,0871577904766484
-27,5;-18,5;0,0912755190928813
-27,5;-18;0,0711478962478573
-27,5;-17,5;0,0491217467676959
-27,5;-17;0,244708336259129
-27,5;-16,5;0,0448987625614762
-27,5;-16;0,133690080422243
-27,5;-15,5;0,0305903160652974
-27,5;-15;0,043943359800127
-27,5;-14,5;0,0391724976610218
-27,5;-14;0,0435296390587381
-27,5;-13,5;0,0366758791331965
-27,5;-13;0,0265147030265101
-27,5;-12,5;0,0440601861094571
-27,5;-12;0,0453667424697217
-27,5;-11,5;0,0311657194063558
-27,5;-11;0,28496250369548
-27,5;-10,5;0,224865323877499
-27,5;-10;0,106448657420686
-27,5;-9,5;0,0474257212471531
-27,5;-9;0,085529234768002
-27,5;-8,5;0,0371014598036146
-27,5;-8;0,0693072360955666
-27,5;-7,5;0,0480691951322378
-27,5;-7;0,0480146298871041
-27,5;-6,5;0,0535337590766942
-27,5;-6;0,0456899269148858
-27,5;-5,5;0,0671787119468882
-27,5;-5;0,0817557455373912
-27,5;-4,5;0,0787483551798142
-27,5;-4;0,0798658327426029
-27,5;-3,5;0,127411449291138
-27,5;-3;0,0861540474264279
-27,5;-2,5;0,203818577500765
-27,5;-2;0,185087813022392
-27,5;-1,5;0,0795233467113672
-27,5;-1;0,129605662419095
-27,5;-0,5;0,228951325922942
-27,5;0;0,12791502295606
-27,5;0,5;0,111634481016736
-27,5;1;0,0771222795663461
-27,5;1,5;0,148978074449453
-27,5;2;0,330768554281355
-27,5;2,5;0,205769505835244
-27,5;3;0,144274596615794
-27,5;3,5;0,181164912392256
-27,5;4;0,0891804211733784
-27,5;4,5;0,0245317470142313
-27,5;5;0,0575511474516604
-27,5;5,5;0,0828162392081651
-27,5;6;0,0377135608525144
-27,5;6,5;0,0386476204635306
-27,5;7;0,0751948387464504
-27,5;7,5;0,0423872804352877
-27,5;8;0,019295198449241
-27,5;8,5;0,0466990363926281
-27,5;9;0,0289899692921401
-27,5;9,5;0,0683304833780479
-27,5;10;0,0606218293879945
-27,5;10,5;0,1220838712744
-27,5;11;0,0459815225196289
-27,5;11,5;0,102997025523901
-27,5;12;0,0517729146940006
-27,5;12,5;0,0586752161626656
-27,5;13;0,0908183532015248
-27,5;13,5;0,0751113801063967
-27,5;14;0,0482391044644119
-27,5;14,5;0,0570669565949859
-27,5;15;0,0620746343049207
-27,5;15,5;0,0595972382944456
-27,5;16;0,0493313636744591
-27,5;16,5;0,0621586831771479
-27,5;17;0,0548660298590393
-27,5;17,5;0,0632381893719398
-27,5;18;0,0697792741968417
-27,5;18,5;0,0675254976839532
-27,5;19;0,0435974583588326
-27,5;19,5;0,0378109865274523
-27,5;20;0,060242182029338
-27,5;20,5;0,0592315866239838
-27,5;21;0,0565253704510547
-27,5;21,5;0,0591914625318865
-27,5;22;0,0661832451225065
-27,5;22,5;0,0887654064166432
-27,5;23;0,0682765418959139
-27,5;23,5;0,0246339059524298
-27,5;24;0,0917868834538792
-27,5;24,5;0,0878900234788126
-27,5;25;0,113502354429998
-27,5;25,5;0,035692135988598
-27,5;26;0,0411290275595469
-27,5;26,5;0,028670911071137
-27,5;27;0,0423190430946956
-27,5;27,5;0,0434195482391019
-27,5;28;0,0181320446660338
-27,5;28,5;0,0315634383587346
-27,5;29;0,0269948315466602
-27,5;29,5;0,0413188434663511
-27,5;30;0,362029109256931
-27,5;30,5;0,198379804410705
-27,5;31;0,0266391226796765
-27,5;31,5;0,0241388277788286
-27,5;32;0,0398332155050438
-27,5;32,5;0,0482452059202959
-27,5;33;0,0565750298871685
-27,5;33,5;0,146279063046337
-27,5;34;0,107078632863047
-27,5;34,5;0,091006302302772
-27,5;35;0,0870052834880659
-27,5;35,5;0,0881255307806851
-27,5;36;0,108140503147769
-27,5;36,5;0,115079229953396
-27,5;37;0,0670621602197046
-27,5;37,5;0
-27,5;38;0
-27,5;38,5;0,0552302755138279
-27,5;39;0,0574809059206146
-27,5;39,5;0
-27,5;40;0
-27;-68;0
-27;-67,5;0
-27;-67;0
-27;-66,5;0
-27;-66;0
-27;-65,5;0
-27;-65;0,06051571296078
-27;-64,5;0,0626931720646628
-27;-64;0,0070237691685685
-27;-63,5;0,0247487373415292
-27;-63;0,058863441641691
-27;-62,5;0,0583648943923991
-27;-62;0,0638028694797197
-27;-61,5;0,049221777023319
-27;-61;0,0534721677816855
-27;-60,5;0,0558785886245051
-27;-60;0,0398914784040537
-27;-59,5;0,0403144689938539
-27;-59;0,0537308725656551
-27;-58,5;0,0263126802674517
-27;-58;0,0435255714432117
-27;-57,5;0,0394745420959409
-27;-57;0,0933380951166243
-27;-56,5;0,107517806110882
-27;-56;0,089682901209454
-27;-55,5;0,0768518509406702
-27;-55;0,031006152818514
-27;-54,5;0,037525899592057
-27;-54;0,0403103465435555
-27;-53,5;0,0202710317616586
-27;-53;0,0354586544650328
-27;-52,5;0,161348310752378
-27;-52;0,327607674254192
-27;-51,5;0,118435171401295
-27;-51;0,0904159075856556
-27;-50,5;0,0498672965871177
-27;-50;0,0420803586888315
-27;-49,5;0,0647718247829586
-27;-49;0,0466424341846206
-27;-48,5;0,0536857630757428
-27;-48;0,0799231552417799
-27;-47,5;0,0383102421768302
-27;-47;0,0358618196720807
-27;-46,5;0,0372863168131099
-27;-46;0,0582580442901914
-27;-45,5;0,0454552969634845
-27;-45;0,0512553215674306
-27;-44,5;0,0655562498990481
-27;-44;0,0865335569234803
-27;-43,5;0,0441386480075442
-27;-43;0,0368770348927261
-27;-42,5;0,0399130304537253
-27;-42;0,0389917011019132
-27;-41,5;0,0382035868680779
-27;-41;0,0580108769605324
-27;-40,5;0,0414407536662374
-27;-40;0,0342270574261811
-27;-39,5;0,0485787579945321
-27;-39;0,0473160628531323
-27;-38,5;0,0619759361711692
-27;-38;0,059108198173329
-27;-37,5;0,0455126749517892
-27;-37;0,274681618100509
-27;-36,5;0,0533935048713896
-27;-36;0,0419068646075931
-27;-35,5;0,0611866896929771
-27;-35;0,0595058623868456
-27;-34,5;0,0535091892419735
-27;-34;0,0552401834822121
-27;-33,5;0,0832792541613424
-27;-33;0,108899418425138
-27;-32,5;0,0758720296027005
-27;-32;0,0337284218809157
-27;-31,5;0,0420507629736568
-27;-31;0,0336190347243689
-27;-30,5;0,0349661741306271
-27;-30;0,0429593199206421
-27;-29,5;0,033409301737346
-27;-29;0,0759891466804513
-27;-28,5;0,0564607489896352
-27;-28;0,0395078975262181
-27;-27,5;0,0580189291804898
-27;-27;0,206707288618578
-27;-26,5;0,156131118521578
-27;-26;0,0419382482546263
-27;-25,5;0,0613181402610098
-27;-25;0,0411882478758857
-27;-24,5;0,0608999405157422
-27;-24;0,0351385157520377
-27;-23,5;0,275154359132946
-27;-23;0,107905290198825
-27;-22,5;0,306841134909955
-27;-22;0,329798459804827
-27;-21,5;0,0454789464807921
-27;-21;0,0732644893481763
-27;-20,5;0,043223224167547
-27;-20;0,0428100455500809
-27;-19,5;0,0719321570932614
-27;-19;0,0561889444552182
-27;-18,5;0,0557041204563242
-27;-18;0,103874292272156
-27;-17,5;0,0561971674138862
-27;-17;0,0220799604992261
-27;-16,5;0,0756568236094913
-27;-16;0,0460085316677885
-27;-15,5;0,0519664730866823
-27;-15;0,043070094704461
-27;-14,5;0,0456274786111145
-27;-14;0,0368428854647188
-27;-13,5;0,0388105999976335
-27;-13;0,0262406798356467
-27;-12,5;0,0395398306694198
-27;-12;0,0307556619795714
-27;-11,5;0,0465044548948686
-27;-11;0,0695229345594104
-27;-10,5;0,182280402619325
-27;-10;0,13192001395787
-27;-9,5;0,0968126922615011
-27;-9;0,0614887624394579
-27;-8,5;0,0371306957582687
-27;-8;0,282874020183484
-27;-7,5;0,0506206683689153
-27;-7;0,065732538872819
-27;-6,5;0,0487133870423212
-27;-6;0,0552200805891795
-27;-5,5;0,0655943383046956
-27;-5;0,135420208917256
-27;-4,5;0,0900251633019802
-27;-4;0,102982927387666
-27;-3,5;0,0919314243164953
-27;-3;0,0916762697198793
-27;-2,5;0,0878616375636825
-27;-2;0,211056721776783
-27;-1,5;0,188233338723943
-27;-1;0,172058925602689
-27;-0,5;0,150100377342087
-27;0;0,129012161950083
-27;0,5;0,12080250827491
-27;1;0,0290619689493965
-27;1,5;0,242218713348946
-27;2;0,197389920503184
-27;2,5;0,113919498182338
-27;3;0,159427080752095
-27;3,5;0,157799260927646
-27;4;0,0276811613595759
-27;4,5;0,0383447138454547
-27;5;0,0506589512213091
-27;5,5;0,0630986775847771
-27;6;0,105624788131236
-27;6,5;0,0473231039852512
-27;7;0,0392692198209278
-27;7,5;0,0301066241120953
-27;8;0,0343550374041613
-27;8,5;0,121138484261386
-27;9;0,112591083421893
-27;9,5;0,0595587597903834
-27;10;0,312440647366379
-27;10,5;0,277142712334621
-27;11;0,0619802327677749
-27;11,5;0,0978477856001104
-27;12;0,082511589458439
-27;12,5;0,0501844517864042
-27;13;0,077946612371323
-27;13,5;0,0646427106642103
-27;14;0,0561641533849337
-27;14,5;0,0702124251543971
-27;15;0,0755764240158666
-27;15,5;0,0504069575021552
-27;16;0,0527213926238715
-27;16,5;0,0202289400119137
-27;17;0,030680902219503
-27;17,5;0,0743869517794709
-27;18;0,0540109199753533
-27;18,5;0,0633559068804095
-27;19;0,0475324204279094
-27;19,5;0,0329785805767851
-27;20;0,0333283144852705
-27;20,5;0,0326091191284694
-27;21;0,0360507695229003
-27;21,5;0,0557694734928479
-27;22;0,0566949982860335
-27;22,5;0,0597736907344088
-27;23;0,0927411220091429
-27;23,5;0,0227483453719458
-27;24;0,0481170672434725
-27;24,5;0,14491597365144
-27;25;0,0948872518694024
-27;25,5;0,0386016121849442
-27;26;0,0273299486555377
-27;26,5;0,032918401942389
-27;27;0,05173497788255
-27;27,5;0,0384813667170955
-27;28;0,0353548496299182
-27;28,5;0,043731106341319
-27;29;0,0356439721919876
-27;29,5;0,0369853574630105
-27;30;0,0658230716973674
-27;30,5;0,0313672044522861
-27;31;0
-27;31,5;0,0133952727980185
-27;32;0,0354446426004782
-27;32,5;0,0345891677598029
-27;33;0,0534408670146837
-27;33,5;0,0660148067492811
-27;34;0,0708042874862588
-27;34,5;0,0760986857099215
-27;35;0,335026000696021
-27;35,5;0,310452897268612
-27;36;0,0936607352807639
-27;36,5;0
-27;37;0
-27;37,5;0
-27;38;0
-27;38,5;0,0378851648311805
-27;39;0,0489888670098533
-27;39,5;0,0698569967862919
-27;40;0
-26,5;-68;0
-26,5;-67,5;0
-26,5;-67;0
-26,5;-66,5;0,0358557958388612
-26,5;-66;0
-26,5;-65,5;0
-26,5;-65;0
-26,5;-64,5;0,0200187412191676
-26,5;-64;0,154292239720912
-26,5;-63,5;0,0516014642341776
-26,5;-63;0,0632899095292555
-26,5;-62,5;0,0964756362357708
-26,5;-62;0,081261204761002
-26,5;-61,5;0,0300526827869004
-26,5;-61;0,0340954542424646
-26,5;-60,5;0
-26,5;-60;0,0115021737076085
-26,5;-59,5;0,0148492424049175
-26,5;-59;0,00919238815542512
-26,5;-58,5;0,0390775201960185
-26,5;-58;0,119345863890855
-26,5;-57,5;0,0836748391787418
-26,5;-57;0,029827710399766
-26,5;-56,5;0,0739353885397286
-26,5;-56;0,0697738192919512
-26,5;-55,5;0,0391170484349327
-26,5;-55;0,0305337140274106
-26,5;-54,5;0,0777715344999138
-26,5;-54;0,0964757202911779
-26,5;-53,5;0,0389483516731755
-26,5;-53;0,0340075749137622
-26,5;-52,5;0,0854887906882144
-26,5;-52;0,291187072576986
-26,5;-51,5;0,164244269717188
-26,5;-51;0,0635635417364464
-26,5;-50,5;0,0298713423248478
-26,5;-50;0,0560666732876752
-26,5;-49,5;0,040218518136574
-26,5;-49;0,0492116990390908
-26,5;-48,5;0,0496289579890046
-26,5;-48;0,0596762454413182
-26,5;-47,5;0,0507347250404491
-26,5;-47;0,0377981900101589
-26,5;-46,5;0,0376766344239053
-26,5;-46;0,0626476066505945
-26,5;-45,5;0,0854792412735702
-26,5;-45;0,094596449679737
-26,5;-44,5;0,0594429884050543
-26,5;-44;0,0476208987735427
-26,5;-43,5;0,0455265732350175
-26,5;-43;0,0219255784812063
-26,5;-42,5;0,0325519017653338
-26,5;-42;0,0687510560900603
-26,5;-41,5;0,0536615887431837
-26,5;-41;0,0350864045625078
-26,5;-40,5;0,0544486903195139
-26,5;-40;0,0412909935513713
-26,5;-39,5;0,049791221138664
-26,5;-39;0,102215735635812
-26,5;-38,5;0,087534978602794
-26,5;-38;0,0744839834831503
-26,5;-37,5;0,035900010359353
-26,5;-37;0,0309992024246461
-26,5;-36,5;0,209000115333381
-26,5;-36;0,124500196377643
-26,5;-35,5;0,0863724501084752
-26,5;-35;0,0635115502629775
-26,5;-34,5;0,0919281136607974
-26,5;-34;0,0561377956535553
-26,5;-33,5;0,0809184399752985
-26,5;-33;0,116221878022726
-26,5;-32,5;0,0459010505607119
-26,5;-32;0,0302647272542765
-26,5;-31,5;0,0441273131888135
-26,5;-31;0,0361805656856458
-26,5;-30,5;0,0326856419621244
-26,5;-30;0,0477437994474144
-26,5;-29,5;0,0292158467698497
-26,5;-29;0,0483798432061343
-26,5;-28,5;0,0667129453696193
-26,5;-28;0,157392488995779
-26,5;-27,5;0,26884127189958
-26,5;-27;0,191859106290701
-26,5;-26,5;0,042715361008842
-26,5;-26;0,0519469200904833
-26,5;-25,5;0,0894259932260347
-26,5;-25;0,0538621876803012
-26,5;-24,5;0,054818259711488
-26,5;-24;0,0394733773657785
-26,5;-23,5;0,0260648772046112
-26,5;-23;0,043927286210614
-26,5;-22,5;0,218974048741029
-26,5;-22;0,290142106817953
-26,5;-21,5;0,052051545230488
-26,5;-21;0,040382823722353
-26,5;-20,5;0,0312265868214556
-26,5;-20;0,0552787078104227
-26,5;-19,5;0,050964772038936
-26,5;-19;0,0400068985098152
-26,5;-18,5;0,0316154079846926
-26,5;-18;0,0908489740621999
-26,5;-17,5;0,0915155543840219
-26,5;-17;0,0813032330382952
-26,5;-16,5;0,036320673483762
-26,5;-16;0,0457789168575463
-26,5;-15,5;0,182492683350824
-26,5;-15;0,0789737716686385
-26,5;-14,5;0,0359482448603537
-26,5;-14;0,0629878634074781
-26,5;-13,5;0,0425666646172697
-26,5;-13;0,0320775768511139
-26,5;-12,5;0,0396850097643934
-26,5;-12;0,0413540781497342
-26,5;-11,5;0,0561188614517816
-26,5;-11;0,0547558832392584
-26,5;-10,5;0,0626994250877637
-26,5;-10;0,216240120078769
-26,5;-9,5;0,183834684014829
-26,5;-9;0,0492629257590507
-26,5;-8,5;0,0373836450149066
-26,5;-8;0,113754046623623
-26,5;-7,5;0,121025626227906
-26,5;-7;0,0514832691002153
-26,5;-6,5;0,0514244638483831
-26,5;-6;0,0778716734163403
-26,5;-5,5;0,064980767444999
-26,5;-5;0,0880585494243561
-26,5;-4,5;0,07780765292691
-26,5;-4;0,0491260914892868
-26,5;-3,5;0,0583809211637061
-26,5;-3;0,0997307804613429
-26,5;-2,5;0,103062803474654
-26,5;-2;0,110370007554105
-26,5;-1,5;0,123603202437852
-26,5;-1;0,170599974180761
-26,5;-0,5;0,216559083801302
-26,5;0;0,143828502100693
-26,5;0,5;0,110735872884162
-26,5;1;0,213650293901784
-26,5;1,5;0,23266505205183
-26,5;2;0,145184186119424
-26,5;2,5;0,169765088465526
-26,5;3;0,0975135701251032
-26,5;3,5;0,0403885297248282
-26,5;4;0,0450189583572327
-26,5;4,5;0,0575099476363436
-26,5;5;0,0989423796477431
-26,5;5,5;0,111761231493814
-26,5;6;0,0528901272898666
-26,5;6,5;0,0416631844274909
-26,5;7;0,0923310697776268
-26,5;7,5;0,0494985210008059
-26,5;8;0,0793352825188239
-26,5;8,5;0,10705032286427
-26,5;9;0,115688363213074
-26,5;9,5;0,060417387760492
-26,5;10;0,222056648737524
-26,5;10,5;0,32518842207371
-26,5;11;0,0627356403921775
-26,5;11,5;0,0894329710035455
-26,5;12;0,176200302764254
-26,5;12,5;0,285458317867372
-26,5;13;0,357306097339888
-26,5;13,5;0,140991590599195
-26,5;14;0,166231770130021
-26,5;14,5;0,0868972687048369
-26,5;15;0,135645536103406
-26,5;15,5;0,0580061167940858
-26,5;16;0,0450403198759945
-26,5;16,5;0,0765999611486586
-26,5;17;0,0254535217532171
-26,5;17,5;0,035299721077131
-26,5;18;0,0700119480161335
-26,5;18,5;0,0643943472357851
-26,5;19;0,0369251216136312
-26,5;19,5;0,0200490603227741
-26,5;20;0,0302005874461684
-26,5;20,5;0,0305815848728174
-26,5;21;0,0418860499029282
-26,5;21,5;0,0758362897132076
-26,5;22;0,0678848880163288
-26,5;22,5;0,0527820104740731
-26,5;23;0,0554150791471485
-26,5;23,5;0,0319878582734618
-26,5;24;0,0432609177646314
-26,5;24,5;0,0953089999454838
-26,5;25;0,0420643330960076
-26,5;25,5;0,0542519583445657
-26,5;26;0,0571374360954102
-26,5;26,5;0,0374741492819621
-26,5;27;0,0405297857405821
-26,5;27,5;0,0542691375356451
-26,5;28;0,0550005432345678
-26,5;28,5;0,0658664448121238
-26,5;29;0,0590065314265136
-26,5;29,5;0,0236317777481981
-26,5;30;0,0287085876792285
-26,5;30,5;0,0382817307483728
-26,5;31;0,015945218719102
-26,5;31,5;0,0687764436878587
-26,5;32;0,0291438256428255
-26,5;32,5;0
-26,5;33;0,0504347715725459
-26,5;33,5;0,0523491387057354
-26,5;34;0,0698497025933608
-26,5;34,5;0,06079918840364
-26,5;35;0,312188802136258
-26,5;35,5;0,329526717918912
-26,5;36;0,0864495401289431
-26,5;36,5;0,0898387444257766
-26,5;37;0,0788741010061212
-26,5;37,5;0
-26,5;38;0
-26,5;38,5;0
-26,5;39;0,0734876406842221
-26,5;39,5;0
-26;-67,5;0,0339411254969543
-26;-67;0
-26;-66,5;0,0760898591578843
-26;-66;0,0264776635424402
-26;-65,5;0
-26;-65;0
-26;-64,5;0
-26;-64;0,270023573906651
-26;-63,5;0,0760531342543806
-26;-63;0,052773074274871
-26;-62,5;0,0650859571503855
-26;-62;0,018853823661705
-26;-61,5;0,0474993620371831
-26;-61;0,0377756535350482
-26;-60,5;0
-26;-60;0,0240416305603426
-26;-59,5;0
-26;-59;0,00700000000000001
-26;-58,5;0,0214431696306662
-26;-58;0,129533538919146
-26;-57,5;0,121427577353977
-26;-57;0,0498102706584
-26;-56,5;0,0231282655351988
-26;-56;0,0270087851351088
-26;-55,5;0,0654488435281881
-26;-55;0,0831111536416691
-26;-54,5;0,055089205263284
-26;-54;0,0769212875863185
-26;-53,5;0,0299999592359378
-26;-53;0,0540757277509719
-26;-52,5;0,0615292877153088
-26;-52;0,101395457902955
-26;-51,5;0,0568524492242945
-26;-51;0,0451638760618991
-26;-50,5;0,0307687584751752
-26;-50;0,0643336528718534
-26;-49,5;0,059414897353679
-26;-49;0,053043339523154
-26;-48,5;0,0406371839114553
-26;-48;0,0434817969576542
-26;-47,5;0,064214213894639
-26;-47;0,0856590567689825
-26;-46,5;0,0293907915779984
-26;-46;0,0398129203582327
-26;-45,5;0,0669254478112645
-26;-45;0,0286440754406778
-26;-44,5;0,0557429267221575
-26;-44;0,0726448529191668
-26;-43,5;0,0571350774908883
-26;-43;0,0547206882176044
-26;-42,5;0,0696764719528885
-26;-42;0,0946112001884657
-26;-41,5;0,0384974943707916
-26;-41;0,0409230952460576
-26;-40,5;0,0726262761425005
-26;-40;0,0436139304710029
-26;-39,5;0,0347347167969481
-26;-39;0,091937341670229
-26;-38,5;0,0855749433925557
-26;-38;0,070467842342502
-26;-37,5;0,0449229704965835
-26;-37;0,0342007966333845
-26;-36,5;0,0344825703566629
-26;-36;0,144793892653876
-26;-35,5;0,113609484093684
-26;-35;0,0466553464231299
-26;-34,5;0,0490709056520522
-26;-34;0,0537954996735226
-26;-33,5;0,0428529920264599
-26;-33;0,038703092146968
-26;-32,5;0,0414712988396913
-26;-32;0,0528300880870259
-26;-31,5;0,0494830897458808
-26;-31;0,0455544810507337
-26;-30,5;0,0306111801898764
-26;-30;0,0375576489845302
-26;-29,5;0,0265192559593801
-26;-29;0,0423284139839249
-26;-28,5;0,17877361293881
-26;-28;0,311010866072919
-26;-27,5;0,10842449734882
-26;-27;0,0462390080750939
-26;-26,5;0,0377313542881611
-26;-26;0,0498552919732805
-26;-25,5;0,106521909566205
-26;-25;0,0454420255484988
-26;-24,5;0,0399046677330742
-26;-24;0,0485193707589348
-26;-23,5;0,043962333614806
-26;-23;0,0554484509815508
-26;-22,5;0,260287335664719
-26;-22;0,106590728177142
-26;-21,5;0,0333089490700963
-26;-21;0,056137211378705
-26;-20,5;0,0440493493602727
-26;-20;0,0486157234595261
-26;-19,5;0,054034310852562
-26;-19;0,0591955332523054
-26;-18,5;0,0367575389092723
-26;-18;0,0396291295177687
-26;-17,5;0,089306345117449
-26;-17;0,0530604325663882
-26;-16,5;0,069513229808845
-26;-16;0,0369716181815753
-26;-15,5;0,22357248625797
-26;-15;0,0944924275829731
-26;-14,5;0,0481158839886686
-26;-14;0,0298393973775333
-26;-13,5;0,0463317552300765
-26;-13;0,0316698990665751
-26;-12,5;0,172199900653641
-26;-12;0,153699058423349
-26;-11,5;0,0534144149506283
-26;-11;0,0359656688919166
-26;-10,5;0,0605718752071925
-26;-10;0,0282912635328736
-26;-9,5;0,0449501254069962
-26;-9;0,27233751998832
-26;-8,5;0,194475706485985
-26;-8;0,0336759819914045
-26;-7,5;0,294056692309512
-26;-7;0,107735157619636
-26;-6,5;0,0952971458413611
-26;-6;0,110177758079161
-26;-5,5;0,100470638365414
-26;-5;0,0962429726245731
-26;-4,5;0,0838662543731955
-26;-4;0,0911901866433885
-26;-3,5;0,0927347664826981
-26;-3;0,109116470873666
-26;-2,5;0,0760133778584098
-26;-2;0,0677785799981529
-26;-1,5;0,0749423307695756
-26;-1;0,116340262212057
-26;-0,5;0,136935481781746
-26;0;0,120333462874728
-26;0,5;0,2343730288806
-26;1;0,214035840070393
-26;1,5;0,11351959151795
-26;2;0,0860813923110683
-26;2,5;0,037079456428146
-26;3;0,02670971387767
-26;3,5;0,0620425695854979
-26;4;0,0795803274207683
-26;4,5;0,0740953549512002
-26;5;0,116120250913337
-26;5,5;0,0947653611266679
-26;6;0,0564158043034628
-26;6,5;0,0343490389069214
-26;7;0,0390941436293942
-26;7,5;0,0420523008349084
-26;8;0,142204298579316
-26;8,5;0,0454293005654089
-26;9;0,076232539887774
-26;9,5;0,0580011149793086
-26;10;0,122848430655831
-26;10,5;0,0712255042227897
-26;11;0,0468869444260647
-26;11,5;0,0418274068086419
-26;12;0,0751676714770985
-26;12,5;0,285078130599698
-26;13;0,273788055262175
-26;13,5;0,136361654895334
-26;14;0,116313253747144
-26;14,5;0,0509151828738389
-26;15;0,0696497248813181
-26;15,5;0,0598800645757768
-26;16;0,0695594386155253
-26;16,5;0,0937692933286414
-26;17;0,0289033749526778
-26;17,5;0,0435529717073108
-26;18;0,0615406425763108
-26;18,5;0,0696226022877003
-26;19;0,0428365896865981
-26;19,5;0,0398141187217145
-26;20;0,0400447872540971
-26;20,5;0,0236233516906056
-26;21;0,0279592427955959
-26;21,5;0,0747686909264643
-26;22;0,0640210290206487
-26;22,5;0,0389872816021041
-26;23;0,0486021552148197
-26;23,5;0,0292916569694235
-26;24;0,0280068725185937
-26;24,5;0,0321029140013588
-26;25;0,0505266209577359
-26;25,5;0,0380254129062251
-26;26;0,0829311357926503
-26;26,5;0,0240759380637763
-26;27;0,0209553227920717
-26;27,5;0,0642575794130738
-26;28;0,096556522285648
-26;28,5;0,0625117564700409
-26;29;0,045589680546501
-26;29,5;0,048113693853537
-26;30;0,0322984085075136
-26;30,5;0,041160660830458
-26;31;0,0413759764666821
-26;31,5;0,0589866020184845
-26;32;0
-26;33;0,0390169982680133
-26;33,5;0,0497116849782486
-26;34;0,0980602407238062
-26;34,5;0,0898705241506419
-26;35;0,0657104843508491
-26;35,5;0,0662287701833576
-26;36;0,054343611125646
-26;36,5;0,0864605290113534
-26;37;0,0397233488573716
-26;37,5;0,0437126983838793
-26;38;0
-26;38,5;0
-26;39;0,108126126626543
-26;39,5;0
-25,5;-69;0
-25,5;-68;0,0643467170879758
-25,5;-67,5;0,105667147940342
-25,5;-67;0,0566965607422531
-25,5;-66,5;0,0758723808893472
-25,5;-66;0
-25,5;-65,5;0
-25,5;-65;0
-25,5;-64,5;0
-25,5;-64;0,30324335180998
-25,5;-63,5;0,190284857631986
-25,5;-63;0,0663999706141575
-25,5;-62,5;0,0790315301548736
-25,5;-62;0,0446341739720364
-25,5;-61,5;0,0362931122942081
-25,5;-61;0,034136978971979
-25,5;-60,5;0,0582641045786592
-25,5;-59,5;0
-25,5;-59;0,0384601977788312
-25,5;-58,5;0,0663280176346689
-25,5;-58;0,0874618437244665
-25,5;-57,5;0,0926008579726857
-25,5;-57;0,065808061667186
-25,5;-56,5;0,0146742404687034
-25,5;-56;0,0426130544996848
-25,5;-55,5;0,0593832211079236
-25,5;-55;0,0658676641481074
-25,5;-54,5;0,0780779873040365
-25,5;-54;0,072096974168203
-25,5;-53,5;0,0456457725384609
-25,5;-53;0,0628447775498656
-25,5;-52,5;0,0682497060211079
-25,5;-52;0,0652960917901763
-25,5;-51,5;0,0422557176017391
-25,5;-51;0,036462959609038
-25,5;-50,5;0,0620854987361628
-25,5;-50;0,0714351854080726
-25,5;-49,5;0,0585538519763407
-25,5;-49;0,0442541635525465
-25,5;-48,5;0,0487221233950579
-25,5;-48;0,0425691429649824
-25,5;-47,5;0,0534436003406109
-25,5;-47;0,100668550273444
-25,5;-46,5;0,0391240084115628
-25,5;-46;0,145087434899943
-25,5;-45,5;0,20921416191601
-25,5;-45;0,0380761054621207
-25,5;-44,5;0,0233320975666463
-25,5;-44;0,0465412788136383
-25,5;-43,5;0,0656303940456671
-25,5;-43;0,0500885881879961
-25,5;-42,5;0,0604437228126377
-25,5;-42;0,0336045057978444
-25,5;-41,5;0,0562588928544642
-25,5;-41;0,0360075424452664
-25,5;-40,5;0,0472254002603691
-25,5;-40;0,0541750249961487
-25,5;-39,5;0,0328775107977086
-25,5;-39;0,0656693665454399
-25,5;-38,5;0,0497937025126406
-25,5;-38;0,054104016746441
-25,5;-37,5;0,0744603949306149
-25,5;-37;0,0772210406460396
-25,5;-36,5;0,0599386210386177
-25,5;-36;0,0586190296201568
-25,5;-35,5;0,0388775055034871
-25,5;-35;0,043410179652692
-25,5;-34,5;0,0502609855321866
-25,5;-34;0,0421030481873542
-25,5;-33,5;0,0407219896465208
-25,5;-33;0,0408169616153005
-25,5;-32,5;0,0819402319416064
-25,5;-32;0,0374752939735261
-25,5;-31,5;0,0342469499556854
-25,5;-31;0,0441989148863972
-25,5;-30,5;0,0425790550547425
-25,5;-30;0,0454121986597747
-25,5;-29,5;0,0496596418387025
-25,5;-29;0,122559294231962
-25,5;-28,5;0,312091144109225
-25,5;-28;0,346529716605024
-25,5;-27,5;0,224179568483883
-25,5;-27;0,0745017111124146
-25,5;-26,5;0,047518979824131
-25,5;-26;0,176465715928255
-25,5;-25,5;0,202302261378062
-25,5;-25;0,0363307483853129
-25,5;-24,5;0,0546847413511221
-25,5;-24;0,0561735283675166
-25,5;-23,5;0,0444399198224884
-25,5;-23;0,0406784559301297
-25,5;-22,5;0,0908094249122445
-25,5;-22;0,0739474349825325
-25,5;-21,5;0,0470723243425292
-25,5;-21;0,0912781697339098
-25,5;-20,5;0,0619710020607924
-25,5;-20;0,0473760816546457
-25,5;-19,5;0,0256403688038354
-25,5;-19;0,0536842236394324
-25,5;-18,5;0,056827880384374
-25,5;-18;0,0403567425180312
-25,5;-17,5;0,031120816733495
-25,5;-17;0,0368113704885485
-25,5;-16,5;0,202956131521849
-25,5;-16;0,0366052729194804
-25,5;-15,5;0,0468719740988457
-25,5;-15;0,262984253055904
-25,5;-14,5;0,0635073486561463
-25,5;-14;0,0320223041243522
-25,5;-13,5;0,0516401353722782
-25,5;-13;0,0886770554769791
-25,5;-12,5;0,150463815515938
-25,5;-12;0,145538504177922
-25,5;-11,5;0,0591436792344578
-25,5;-11;0,0399120486237471
-25,5;-10,5;0,0782388093900069
-25,5;-10;0,123086572256979
-25,5;-9,5;0,0450243949792853
-25,5;-9;0,106277665333598
-25,5;-8,5;0,112040139403098
-25,5;-8;0,0409607737503321
-25,5;-7,5;0,0767316986731508
-25,5;-7;0,0887697659671482
-25,5;-6,5;0,131107831043312
-25,5;-6;0,0864138296232122
-25,5;-5,5;0,0904069503227858
-25,5;-5;0,106405854092357
-25,5;-4,5;0,0933978441950106
-25,5;-4;0,0891755322957149
-25,5;-3,5;0,0667916279830598
-25,5;-3;0,0660108491339858
-25,5;-2,5;0,0636515315311962
-25,5;-2;0,169795572678964
-25,5;-1,5;0,133526073667107
-25,5;-1;0,123025572473628
-25,5;-0,5;0,0673908490578033
-25,5;0;0,18748923493761
-25,5;0,5;0,216827641666085
-25,5;1;0,226795959134298
-25,5;1,5;0,107551158499876
-25,5;2;0,0891772015716995
-25,5;2,5;0,0355832514972261
-25,5;3;0,0540717740536714
-25,5;3,5;0,051728596137941
-25,5;4;0,0697372479135539
-25,5;4,5;0,0722698760634463
-25,5;5;0,118585994183668
-25,5;5,5;0,043012865651689
-25,5;6;0,132209636625054
-25,5;6,5;0,125816373257277
-25,5;7;0,138842517364456
-25,5;7,5;0,0875565531528052
-25,5;8;0,178952128200052
-25,5;8,5;0,109759508583621
-25,5;9;0,154929511653743
-25,5;9,5;0,0917600168303452
-25,5;10;0,0727600380737659
-25,5;10,5;0,062125840921414
-25,5;11;0,0609457667487565
-25,5;11,5;0,0810480504675704
-25,5;12;0,0921996382149989
-25,5;12,5;0,113882525394957
-25,5;13;0,116820250541758
-25,5;13,5;0,0488947575718263
-25,5;14;0,0361116027950949
-25,5;14,5;0,0317979263985767
-25,5;15;0,0249066459234191
-25,5;15,5;0,0457952421292941
-25,5;16;0,0856528195554142
-25,5;16,5;0,0580606656554895
-25,5;17;0,122504617188468
-25,5;17,5;0,0586602987662098
-25,5;18;0,0248621282308669
-25,5;18,5;0,0566049826110937
-25,5;19;0,0630163174090017
-25,5;19,5;0,0661138225714866
-25,5;20;0,0326486216094524
-25,5;20,5;0,0549128623087968
-25,5;21;0,0307990018084466
-25,5;21,5;0,0562856939092251
-25,5;22;0,0427688097219866
-25,5;22,5;0,0450221892652599
-25,5;23;0,0570374748008292
-25,5;23,5;0,048271594017505
-25,5;24;0,0336040708699642
-25,5;24,5;0,0639623821994902
-25,5;25;0,0667300364627731
-25,5;25,5;0,0504178598718689
-25,5;26;0,0621245646943424
-25,5;26,5;0,064099957322954
-25,5;27;0,0639917142099777
-25,5;27,5;0,0603287312170805
-25,5;28;0,325858973493229
-25,5;28,5;0,275529619875199
-25,5;29;0,00707106781186548
-25,5;29,5;0,0374321203829497
-25,5;30;0,0297340059714649
-25,5;30,5;0,103502997166919
-25,5;31;0,0929644332989012
-25,5;31,5;0,0587962583843564
-25,5;33;0,0298161030317511
-25,5;33,5;0,0723985101162565
-25,5;34;0,110753858188419
-25,5;34,5;0,10655774758988
-25,5;35;0,049714183086922
-25,5;35,5;0,0423571127439064
-25,5;36;0,039677869566464
-25,5;36,5;0,0255597339579269
-25,5;37;0,0529855326166178
-25,5;37,5;0,0706556595201136
-25,5;38;0,0530917970712629
-25,5;38,5;0,0530787996695383
-25,5;39;0,0349789313877031
-25;-69,5;0,0321817753808995
-25;-69;0
-25;-68,5;0
-25;-68;0,0433333333333333
-25;-67,5;0,0538044298052369
-25;-67;0
-25;-66,5;0
-25;-66;0
-25;-65,5;0
-25;-65;0,102436565737045
-25;-64,5;0,0823464339554858
-25;-64;0,0671935308510819
-25;-63,5;0,0517283112214016
-25;-63;0,0731275315429505
-25;-62,5;0,0916796792350261
-25;-62;0,0773555754776038
-25;-61,5;0,034305878990828
-25;-60,5;0,0262277989144617
-25;-60;0,0218921599360745
-25;-59,5;0,0148492424049175
-25;-59;0,0885928456913554
-25;-58,5;0,109986138356752
-25;-58;0,118394489183647
-25;-57,5;0,0730450762320629
-25;-57;0,077591244874479
-25;-56,5;0,0861273311540371
-25;-56;0,0611083841294919
-25;-55,5;0,0602539835402402
-25;-55;0,0242526385407954
-25;-54,5;0,0430251156402659
-25;-54;0,0426856077748825
-25;-53,5;0,0847780390631535
-25;-53;0,0514001064217861
-25;-52,5;0,048025882935171
-25;-52;0,0456877989646264
-25;-51,5;0,039409631852113
-25;-51;0,056843352721024
-25;-50,5;0,0505358101741314
-25;-50;0,0587351992199599
-25;-49,5;0,0812438724114484
-25;-49;0,0523995284572113
-25;-48,5;0,071831295312182
-25;-48;0,0387841798294358
-25;-47,5;0,0333787401410763
-25;-47;0,0560218819793141
-25;-46,5;0,0276002737671911
-25;-46;0,255541585618071
-25;-45,5;0,22935812214935
-25;-45;0,122461973633557
-25;-44,5;0,0642034821084179
-25;-44;0,0486141283072563
-25;-43,5;0,0286851052239309
-25;-43;0,0614120011422647
-25;-42,5;0,059653533651704
-25;-42;0,0244888066857608
-25;-41,5;0,0331467484494801
-25;-41;0,109101904117635
-25;-40,5;0,120119593183904
-25;-40;0,0706913059986987
-25;-39,5;0,0393937476685311
-25;-39;0,0430886235169333
-25;-38,5;0,0376745396340701
-25;-38;0,0323164599123607
-25;-37,5;0,0436592222325411
-25;-37;0,0458576159066203
-25;-36,5;0,0444822959799445
-25;-36;0,0477550208544266
-25;-35,5;0,0425447066756336
-25;-35;0,0608221609424393
-25;-34,5;0,0572938381005979
-25;-34;0,0604655138185771
-25;-33,5;0,0409239030423588
-25;-33;0,0509442695014986
-25;-32,5;0,0757437393425145
-25;-32;0,0453543626047474
-25;-31,5;0,0384415140180508
-25;-31;0,0306613669213818
-25;-30,5;0,0457410541180485
-25;-30;0,118882088560019
-25;-29,5;0,0652331461826083
-25;-29;0,0933130709016798
-25;-28,5;0,16811822753572
-25;-28;0,258283800014368
-25;-27,5;0,169556852732468
-25;-27;0,0520440095075296
-25;-26,5;0,0548852007530991
-25;-26;0,0432769287494327
-25;-25,5;0,026098853188235
-25;-25;0,0364160819200661
-25;-24,5;0,228803209801408
-25;-24;0,299622747879449
-25;-23,5;0,047818613893658
-25;-23;0,0325224503937561
-25;-22,5;0,0303348348249459
-25;-22;0,044272864165055
-25;-21,5;0,242509831387429
-25;-21;0,0379718051846461
-25;-20,5;0,0441304165390703
-25;-20;0,0346479539980854
-25;-19,5;0,0295200590158204
-25;-19;0,0439577119601481
-25;-18,5;0,0731551598348901
-25;-18;0,030928688083339
-25;-17,5;0,0341251726804176
-25;-17;0,0318355255760798
-25;-16,5;0,0522569449165469
-25;-16;0,0506637472879395
-25;-15,5;0,0523041868441954
-25;-15;0,0790201398814698
-25;-14,5;0,0410102621034802
-25;-14;0,0528786216025865
-25;-13,5;0,0339479994501394
-25;-13;0,0334691276684507
-25;-12,5;0,0308526088212064
-25;-12;0,062753538637835
-25;-11,5;0,0820590452942304
-25;-11;0,0712241669373736
-25;-10,5;0,108204956145434
-25;-10;0,136482091480039
-25;-9,5;0,0709625536606355
-25;-9;0,0362514025566987
-25;-8,5;0,0422404699343589
-25;-8;0,250764685882902
-25;-7,5;0,226919787772342
-25;-7;0,0399432224449123
-25;-6,5;0,107861916241121
-25;-6;0,121402773169864
-25;-5,5;0,234187688438094
-25;-5;0,156867168022379
-25;-4,5;0,123189898835279
-25;-4;0,110379175178386
-25;-3,5;0,122479992744079
-25;-3;0,06457238734384
-25;-2,5;0,125964349078942
-25;-2;0,107078873191837
-25;-1,5;0,126767738963323
-25;-1;0,158554197495422
-25;-0,5;0,225763954387101
-25;0;0,20809184968743
-25;0,5;0,128481071212073
-25;1;0,0864151751740524
-25;1,5;0,0480936989779834
-25;2;0,0428364114875483
-25;2,5;0,105961187302448
-25;3;0,147505197648535
-25;3,5;0,0950941863100603
-25;4;0,1234072062258
-25;4,5;0,151372765072196
-25;5;0,0351634349411821
-25;5,5;0,0881087607392606
-25;6;0,13858378933579
-25;6,5;0,114230649662488
-25;7;0,178243141149798
-25;7,5;0,101068603109152
-25;8;0,115399650514388
-25;8,5;0,0850484515935317
-25;9;0,105329244393558
-25;9,5;0,0719374077487423
-25;10;0,0826269296545154
-25;10,5;0,0779184948440959
-25;11;0,0614384960002322
-25;11,5;0,129404552083711
-25;12;0,09753398902752
-25;12,5;0,0807988131563528
-25;13;0,0672832762155166
-25;13,5;0,0456916815199434
-25;14;0,0351307289412279
-25;14,5;0,0465931655602308
-25;15;0,092685894153721
-25;15,5;0,036578518511948
-25;16;0,0767740309006131
-25;16,5;0,325566754698182
-25;17;0,235734420517681
-25;17,5;0,078029590776061
-25;18;0,0269301912263021
-25;18,5;0,0290580924860198
-25;19;0,0396881659222136
-25;19,5;0,0479534585617574
-25;20;0,0447959253853459
-25;20,5;0,0814613271996697
-25;21;0,0459336820612038
-25;21,5;0,0316790628840262
-25;22;0,0430367408666801
-25;22,5;0,0345097989176407
-25;23;0,0388825430985716
-25;23,5;0,0369218493447079
-25;24;0,0558836346838387
-25;24,5;0,0720964262474997
-25;25;0,0599918279224406
-25;25,5;0,0545405742766268
-25;26;0,0529654163097894
-25;26,5;0,0453451206073404
-25;27;0,0617317233794167
-25;27,5;0,0844834157633969
-25;28;0,311126867441217
-25;28,5;0,232354823888804
-25;29;0,0504992707128073
-25;29,5;0,0339638430637482
-25;30;0,0369500875519892
-25;30,5;0,117157701290877
-25;31;0,0857684101175435
-25;31,5;0,0471941615974782
-25;32;0
-25;32,5;0,0588060698070688
-25;33;0,0570181997156542
-25;33,5;0,0407217089002608
-25;34;0,0983525743631616
-25;34,5;0,0571093817291124
-25;35;0,047143020559404
-25;35,5;0,07601921227506
-25;36;0,0377835943234627
-25;36,5;0,031005913414487
-25;37;0
-25;37,5;0,0372752524397145
-25;38;0,049588935257777
-25;38,5;0,0374205825716276
-25;39;0,0597073418154473
-24,5;-70;0
-24,5;-69,5;0,0424499705535822
-24,5;-69;0,0402367990774614
-24,5;-68,5;0
-24,5;-68;0,128722684138285
-24,5;-67,5;0,0014142135623731
-24,5;-67;0,0324756318901829
-24,5;-66,5;0
-24,5;-66;0
-24,5;-65,5;0
-24,5;-65;0,104417070517155
-24,5;-64,5;0,114539689468141
-24,5;-64;0,0479923872168205
-24,5;-63,5;0
-24,5;-63;0
-24,5;-62,5;0,13036949366339
-24,5;-62;0,0874592658807847
-24,5;-61,5;0
-24,5;-60;0
-24,5;-59,5;0
-24,5;-59;0,0895533892368654
-24,5;-58,5;0,13118918355138
-24,5;-58;0,122044518693445
-24,5;-57,5;0,0914934073567248
-24,5;-57;0,0957866999739102
-24,5;-56,5;0,0658556719414848
-24,5;-56;0,0402326231758673
-24,5;-55,5;0,108731719775077
-24,5;-55;0,0546615996490267
-24,5;-54,5;0,0381094367141088
-24,5;-54;0,0778689455198398
-24,5;-53,5;0,0706304632411705
-24,5;-53;0,0423399558223652
-24,5;-52,5;0,0936833083908882
-24,5;-52;0,0558164758110239
-24,5;-51,5;0,0586638577616168
-24,5;-51;0,0571101317168827
-24,5;-50,5;0,0603818257096708
-24,5;-50;0,0476114293786189
-24,5;-49,5;0,0551687788695614
-24,5;-49;0,0327770559911813
-24,5;-48,5;0,0499863314650449
-24,5;-48;0,0431057959197284
-24,5;-47,5;0,0407800524307773
-24,5;-47;0,0372718798625151
-24,5;-46,5;0,0388408517505201
-24,5;-46;0,100180412730664
-24,5;-45,5;0,294054746343313
-24,5;-45;0,0934906453625609
-24,5;-44,5;0,0357480341898739
-24,5;-44;0,0560249280408594
-24,5;-43,5;0,0332001692716983
-24,5;-43;0,0552156651492233
-24,5;-42,5;0,0489210648722541
-24,5;-42;0,0658917067376974
-24,5;-41,5;0,035484265998232
-24,5;-41;0,351946475732456
-24,5;-40,5;0,288365578601946
-24,5;-40;0,0485294093455563
-24,5;-39,5;0,0510736163367573
-24,5;-39;0,0460389327996787
-24,5;-38,5;0,0383900293385806
-24,5;-38;0,0571963271085718
-24,5;-37,5;0,0313173521618461
-24,5;-37;0,0302002248545804
-24,5;-36,5;0,0345204755948425
-24,5;-36;0,0294785185830503
-24,5;-35,5;0,0316736392207716
-24,5;-35;0,0521490301910041
-24,5;-34,5;0,0528963082028189
-24,5;-34;0,0547962680456939
-24,5;-33,5;0,0477701625468458
-24,5;-33;0,0553560660417542
-24,5;-32,5;0,0602679759542316
-24,5;-32;0,0454409888875053
-24,5;-31,5;0,0443131652172382
-24,5;-31;0,0240937991405422
-24,5;-30,5;0,095565876634181
-24,5;-30;0,0681689533317559
-24,5;-29,5;0,0362765946901587
-24,5;-29;0,0561462376299606
-24,5;-28,5;0,0540946038972364
-24,5;-28;0,086637815180692
-24,5;-27,5;0,264929644748689
-24,5;-27;0,098754969885748
-24,5;-26,5;0,0551187748307505
-24,5;-26;0,0314254792135562
-24,5;-25,5;0,0376147354046154
-24,5;-25;0,0642436070502891
-24,5;-24,5;0,325221499420555
-24,5;-24;0,293180539100191
-24,5;-23,5;0,0848020893175226
-24,5;-23;0,0736859410358319
-24,5;-22,5;0,206557417360565
-24,5;-22;0,0431050881287758
-24,5;-21,5;0,0337244587570698
-24,5;-21;0,0444832125452637
-24,5;-20,5;0,0521630456677266
-24,5;-20;0,0321571682689005
-24,5;-19,5;0,0445278103584356
-24,5;-19;0,031548384284527
-24,5;-18,5;0,0392811123203502
-24,5;-18;0,0250328709519938
-24,5;-17,5;0,0343952375939752
-24,5;-17;0,0408877267446737
-24,5;-16,5;0,080749470569442
-24,5;-16;0,252341951190401
-24,5;-15,5;0,0475846657361712
-24,5;-15;0,07078580872077
-24,5;-14,5;0,0714567940505167
-24,5;-14;0,321102676041044
-24,5;-13,5;0,337752450910545
-24,5;-13;0,0461420866114954
-24,5;-12,5;0,0371554437094375
-24,5;-12;0,0308151714807565
-24,5;-11,5;0,0335569455558953
-24,5;-11;0,0809498663000408
-24,5;-10,5;0,068639852409828
-24,5;-10;0,0315974224809242
-24,5;-9,5;0,0352148169572601
-24,5;-9;0,156043949096358
-24,5;-8,5;0,0396552203546697
-24,5;-8;0,0524579196435899
-24,5;-7,5;0,0382689805982999
-24,5;-7;0,0375833179099979
-24,5;-6,5;0,0575998223233409
-24,5;-6;0,185922333750757
-24,5;-5,5;0,275470105882917
-24,5;-5;0,346874533266836
-24,5;-4,5;0,0790343835528182
-24,5;-4;0,0932175751037228
-24,5;-3,5;0,0920822427277394
-24,5;-3;0,0817746208544474
-24,5;-2,5;0,141482274757067
-24,5;-2;0,239711176785443
-24,5;-1,5;0,127931559685581
-24,5;-1;0,184952609057586
-24,5;-0,5;0,260912524200466
-24,5;0;0,0811072177050634
-24,5;0,5;0,0959834474735386
-24,5;1;0,0867000734563273
-24,5;1,5;0,0542392332756586
-24,5;2;0,0680111484112583
-24,5;2,5;0,0573140907568798
-24,5;3;0,167264295256899
-24,5;3,5;0,147228841812867
-24,5;4;0,0735252993423586
-24,5;4,5;0,0358531382261185
-24,5;5;0,0425912535156346
-24,5;5,5;0,0979767119684789
-24,5;6;0,170252353211651
-24,5;6,5;0,1543333553481
-24,5;7;0,223341635366436
-24,5;7,5;0,1940919381138
-24,5;8;0,14249904885865
-24,5;8,5;0,115216636469425
-24,5;9;0,105204500448415
-24,5;9,5;0,129130834967967
-24,5;10;0,0802268856417654
-24,5;10,5;0,0500318912680118
-24,5;11;0,0741510590067379
-24,5;11,5;0,0925075377351226
-24,5;12;0,118553385970068
-24,5;12,5;0,0250702330860956
-24,5;13;0,0320506534488554
-24,5;13,5;0,0248079943104868
-24,5;14;0,047657780738805
-24,5;14,5;0,0440256299089091
-24,5;15;0,118347812496213
-24,5;15,5;0,0297989010712855
-24,5;16;0,0560335581760901
-24,5;16,5;0,350506567763056
-24,5;17;0,290002562184672
-24,5;17,5;0,054322500321543
-24,5;18;0,0467737462803238
-24,5;18,5;0,0369805603537583
-24,5;19;0,0335288962557946
-24,5;19,5;0,0305358584268132
-24,5;20;0,0450221576323386
-24,5;20,5;0,0524334906013239
-24,5;21;0,0562447521866806
-24,5;21,5;0,0283974591517359
-24,5;22;0,0232471726126589
-24,5;22,5;0,0248086883072212
-24,5;23;0,051976205906089
-24,5;23,5;0,0665870337066552
-24,5;24;0,0506176203346068
-24,5;24,5;0,0620807893703697
-24,5;25;0,0572734672298986
-24,5;25,5;0,0378004646490133
-24,5;26;0,0317249735946278
-24,5;26,5;0,0351830542918021
-24,5;27;0,0488102150062681
-24,5;27,5;0,066804051850755
-24,5;28;0,134373181219547
-24,5;28,5;0,0477109453589338
-24,5;29;0,0288122222889142
-24,5;29,5;0,0242399199245525
-24,5;30;0,0441347816849586
-24,5;30,5;0,0636072571646177
-24,5;31;0,0363389361370128
-24,5;31,5;0,0346918539600119
-24,5;32;0,0301939964124466
-24,5;32,5;0,0502381104968011
-24,5;33;0,0813555570730523
-24,5;33,5;0,0519649679566614
-24,5;34;0,0378552467226605
-24,5;34,5;0,0317310123200812
-24,5;35;0,0484879710168752
-24,5;35,5;0,107792635854292
-24,5;36;0,073095827514298
-24,5;36,5;0,0242332416321053
-24,5;37;0,0486772656429692
-24,5;37,5;0,0363354739430583
-24,5;38;0,365352837786203
-24,5;38,5;0,0815022835399243
-24,5;39;0
-24;-70;0
-24;-69,5;0,0409511904588865
-24;-69;0,0768044052556015
-24;-68,5;0
-24;-68;0,111492295316285
-24;-67,5;0,0388908729652601
-24;-67;0
-24;-66,5;0
-24;-66;0
-24;-65,5;0
-24;-65;0
-24;-64,5;0,0417285600910543
-24;-64;0,0565685424949238
-24;-63,5;0,0347383073853635
-24;-63;0,029283359635041
-24;-62,5;0
-24;-62;0,0424365071943621
-24;-61,5;0,0301460729496516
-24;-60,5;0
-24;-60;0
-24;-59,5;0
-24;-59;0,117420688900288
-24;-58,5;0,110477161789257
-24;-58;0,113903746154278
-24;-57,5;0,265488544415983
-24;-57;0,150844747407766
-24;-56,5;0,126387763120749
-24;-56;0,0468227043885603
-24;-55,5;0,117940312232151
-24;-55;0,0311914687671981
-24;-54,5;0,0353392280627096
-24;-54;0,0476164673607516
-24;-53,5;0,0450814242105672
-24;-53;0,03533995863122
-24;-52,5;0,0970809743689029
-24;-52;0,084736883138543
-24;-51,5;0,0532454708406798
-24;-51;0,0497017196029598
-24;-50,5;0,0797726625226362
-24;-50;0,0319347773038837
-24;-49,5;0,0397565066419065
-24;-49;0,0743940304264085
-24;-48,5;0,0488269035956765
-24;-48;0,033907831644503
-24;-47,5;0,0473546303890522
-24;-47;0,0298766609526012
-24;-46,5;0,0310408197861654
-24;-46;0,0383701757316139
-24;-45,5;0,10539341030937
-24;-45;0,0576110892231806
-24;-44,5;0,0444803673684525
-24;-44;0,050594832269132
-24;-43,5;0,0662849616674151
-24;-43;0,0511750829843714
-24;-42,5;0,0582385648927869
-24;-42;0,043605832121877
-24;-41,5;0,0442976183512911
-24;-41;0,281300957183577
-24;-40,5;0,334077544906179
-24;-40;0,0682127667134219
-24;-39,5;0,0741686526296743
-24;-39;0,0445006608425875
-24;-38,5;0,0455655029163775
-24;-38;0,0610185714267874
-24;-37,5;0,0396121815856182
-24;-37;0,0308701807148316
-24;-36,5;0,0776341454045039
-24;-36;0,342155265561291
-24;-35,5;0,0750151848723477
-24;-35;0,07112122987437
-24;-34,5;0,0831942001051124
-24;-34;0,0561101877384498
-24;-33,5;0,0466319582655548
-24;-33;0,0309983204023798
-24;-32,5;0,025385672517111
-24;-32;0,0376612657333648
-24;-31,5;0,048209546523638
-24;-31;0,0935687340353642
-24;-30,5;0,0740670810346756
-24;-30;0,0628274364975964
-24;-29,5;0,0471161597213424
-24;-29;0,0429546512745209
-24;-28,5;0,0371270712753861
-24;-28;0,0720849924967097
-24;-27,5;0,138961514279963
-24;-27;0,314801018091962
-24;-26,5;0,149621383045549
-24;-26;0,0272635287517959
-24;-25,5;0,0329618758827223
-24;-25;0,039382338618235
-24;-24,5;0,0805615937384243
-24;-24;0,0802121549839084
-24;-23,5;0,058304156418281
-24;-23;0,0461081448258737
-24;-22,5;0,186898154378776
-24;-22;0,0427035475716785
-24;-21,5;0,0393901495846045
-24;-21;0,0449303133513582
-24;-20,5;0,0727412117323978
-24;-20;0,0376919549914087
-24;-19,5;0,070708548974446
-24;-19;0,0541992650372541
-24;-18,5;0,0294911762495839
-24;-18;0,0416053808238625
-24;-17,5;0,0499132194572142
-24;-17;0,0438001676160673
-24;-16,5;0,0310025503260903
-24;-16;0,0646458981588185
-24;-15,5;0,061858480625896
-24;-15;0,0368130673589509
-24;-14,5;0,0712120867182379
-24;-14;0,300894823779857
-24;-13,5;0,328050793727507
-24;-13;0,0458567613551532
-24;-12,5;0,0266668018247264
-24;-12;0,0420775225784039
-24;-11,5;0,0528878354680532
-24;-11;0,102649195322104
-24;-10,5;0,0450732915443754
-24;-10;0,0622043442274842
-24;-9,5;0,0484870619759886
-24;-9;0,323559462495394
-24;-8,5;0,0313141770760532
-24;-8;0,065798611689575
-24;-7,5;0,0380552483683218
-24;-7;0,0443068579161534
-24;-6,5;0,041036293819841
-24;-6;0,0323119674246998
-24;-5,5;0,160862265057904
-24;-5;0,144002201975072
-24;-4,5;0,0501669721564603
-24;-4;0,109135626857505
-24;-3,5;0,0674370465793098
-24;-3;0,046360881679649
-24;-2,5;0,122547403687073
-24;-2;0,149587426723872
-24;-1,5;0,193928591555215
-24;-1;0,302788258227735
-24;-0,5;0,220598277504774
-24;0;0,118536494168569
-24;0,5;0,147680714067861
-24;1;0,209050661983896
-24;1,5;0,219539100193477
-24;2;0,145922434016539
-24;2,5;0,0727003577488221
-24;3;0,105851740379936
-24;3,5;0,0648641162837144
-24;4;0,0272125732311396
-24;4,5;0,0709157028774343
-24;5;0,0501982502191946
-24;5,5;0,105661574470378
-24;6;0,136750723327442
-24;6,5;0,155653010384873
-24;7;0,195358684385257
-24;7,5;0,197775235213896
-24;8;0,139218484708726
-24;8,5;0,101061375669374
-24;9;0,0980485100885195
-24;9,5;0,0870498297816473
-24;10;0,117291933606176
-24;10,5;0,0626383130716562
-24;11;0,0646543522255694
-24;11,5;0,0591778404834782
-24;12;0,0369060662835235
-24;12,5;0,0711743446674305
-24;13;0,037810632438069
-24;13,5;0,0420981038685193
-24;14;0,0660371171413178
-24;14,5;0,0327560533888539
-24;15;0,0378029565472672
-24;15,5;0,039914283157787
-24;16;0,0649999253389959
-24;16,5;0,114341756953344
-24;17;0,0659151347193001
-24;17,5;0,0556912372501055
-24;18;0,0499394535962024
-24;18,5;0,0603933597621287
-24;19;0,0220564777564935
-24;19,5;0,025552574331717
-24;20;0,0282400235795953
-24;20,5;0,0522572203613033
-24;21;0,0323332381924703
-24;21,5;0,0349864790884745
-24;22;0,0605452239068536
-24;22,5;0,0298845621072419
-24;23;0,0374816397630591
-24;23,5;0,0456308135853327
-24;24;0,0464824284170412
-24;24,5;0,0735774544283271
-24;25;0,0680537233399454
-24;25,5;0,0453622459343824
-24;26;0,0303503174500187
-24;26,5;0,0255949095317681
-24;27;0,0380524253177175
-24;27,5;0,0577837001003024
-24;28;0,0613767961945808
-24;28,5;0,0690311421451115
-24;29;0,0936805246732357
-24;29,5;0,030553406824171
-24;30;0,0491672468068711
-24;30,5;0,0378340189117279
-24;31;0,0335403863475046
-24;31,5;0,0240463752776353
-24;32;0,0370716346761372
-24;32,5;0,0575959344630041
-24;33;0,0239815405200393
-24;34;0,0444217509112708
-24;34,5;0,0769960853753005
-24;35;0,0466845798952931
-24;35,5;0,0410070542056322
-24;36;0,0441998151117624
-24;36,5;0,0625496628085261
-24;37;0,0377163599718187
-24;37,5;0,0703486259046093
-24;38;0,379388735542638
-24;38,5;0,0831241183268674
-23,5;-70;0
-23,5;-69,5;0,0360624458405139
-23,5;-69;0,0332340187157677
-23,5;-68,5;0,115173313338044
-23,5;-68;0,0954137385946334
-23,5;-67,5;0,0503660956372795
-23,5;-67;0,0601040764008565
-23,5;-66,5;0
-23,5;-66;0,0680923170142097
-23,5;-65,5;0
-23,5;-65;0
-23,5;-64,5;0,042527899339401
-23,5;-64;0
-23,5;-63,5;0,0755164354703252
-23,5;-63;0,065361574892063
-23,5;-62,5;0,0712026840942265
-23,5;-61,5;0
-23,5;-61;0,0014142135623731
-23,5;-60,5;0
-23,5;-60;0
-23,5;-59,5;0,0900235724115833
-23,5;-59;0,153508345113765
-23,5;-58,5;0,137623595663987
-23,5;-58;0,123566482632841
-23,5;-57,5;0,343272018960074
-23,5;-57;0
-23,5;-56,5;0,0552509426767242
-23,5;-56;0,0363919999128608
-23,5;-55,5;0,0494296754108451
-23,5;-55;0,0407516048377684
-23,5;-54,5;0,0582431977171694
-23,5;-54;0,0445755007415761
-23,5;-53,5;0,0466586782717269
-23,5;-53;0,0438243970612007
-23,5;-52,5;0,086256380203224
-23,5;-52;0,0645432944933351
-23,5;-51,5;0,0702450443044827
-23,5;-51;0,0520907746053811
-23,5;-50,5;0,0574325173366016
-23,5;-50;0,0486470959554995
-23,5;-49,5;0,0452569866875747
-23,5;-49;0,050775299333524
-23,5;-48,5;0,0809951066440157
-23,5;-48;0,0679614337240556
-23,5;-47,5;0,0474453317422508
-23,5;-47;0,0577199064885072
-23,5;-46,5;0,0485002266880838
-23,5;-46;0,0492987617119952
-23,5;-45,5;0,0706264703870138
-23,5;-45;0,0413279566395437
-23,5;-44,5;0,0397941154612633
-23,5;-44;0,0399591854443682
-23,5;-43,5;0,0754642509274695
-23,5;-43;0,0473083810034255
-23,5;-42,5;0,0645252411797995
-23,5;-42;0,0861022279845989
-23,5;-41,5;0,0599513197836516
-23,5;-41;0,0325013160313022
-23,5;-40,5;0,0367876020020934
-23,5;-40;0,0391365483799114
-23,5;-39,5;0,0349357112646734
-23,5;-39;0,0444030992622096
-23,5;-38,5;0,0514615157501777
-23,5;-38;0,0647433004872565
-23,5;-37,5;0,0589517297674719
-23,5;-37;0,0518333525235862
-23,5;-36,5;0,0776475663645308
-23,5;-36;0,343262335387708
-23,5;-35,5;0,0878265730446834
-23,5;-35;0,0307171872456855
-23,5;-34,5;0,0428674104190241
-23,5;-34;0,0316146128642511
-23,5;-33,5;0,0469728864997213
-23,5;-33;0,0609225143507795
-23,5;-32,5;0,0398273356712028
-23,5;-32;0,0350749198145912
-23,5;-31,5;0,0954935209029139
-23,5;-31;0,170023208997466
-23,5;-30,5;0,22138855091488
-23,5;-30;0,115494877231272
-23,5;-29,5;0,0248364068946781
-23,5;-29;0,0449480906601659
-23,5;-28,5;0,0724067216032692
-23,5;-28;0,0823406918338706
-23,5;-27,5;0,0761623989858759
-23,5;-27;0,0409735653543994
-23,5;-26,5;0,271303423602435
-23,5;-26;0,168282401535831
-23,5;-25,5;0,0372361683233514
-23,5;-25;0,0394064170215885
-23,5;-24,5;0,061077680521212
-23,5;-24;0,0309336310781719
-23,5;-23,5;0,0264512233673767
-23,5;-23;0,070984776042135
-23,5;-22,5;0,0684530926643698
-23,5;-22;0,0381943485932515
-23,5;-21,5;0,043695439808464
-23,5;-21;0,0404449648171853
-23,5;-20,5;0,119331848567952
-23,5;-20;0,0571186142002261
-23,5;-19,5;0,0549690446321254
-23,5;-19;0,0881174757450555
-23,5;-18,5;0,0411283300375841
-23,5;-18;0,0666686091314808
-23,5;-17,5;0,153915941604143
-23,5;-17;0,0527602835536463
-23,5;-16,5;0,0692519783210372
-23,5;-16;0,0609922284260434
-23,5;-15,5;0,0342721304505546
-23,5;-15;0,0399000162251325
-23,5;-14,5;0,0388652578077492
-23,5;-14;0,0792318354798209
-23,5;-13,5;0,063738969228778
-23,5;-13;0,0393572095670359
-23,5;-12,5;0,0434155968470638
-23,5;-12;0,0470370113928526
-23,5;-11,5;0,0330485138844767
-23,5;-11;0,0429844933280208
-23,5;-10,5;0,045079817489688
-23,5;-10;0,0435482222186188
-23,5;-9,5;0,0388454201504716
-23,5;-9;0,0364980948046572
-23,5;-8,5;0,0548365314280851
-23,5;-8;0,0556842213457911
-23,5;-7,5;0,0478039686792593
-23,5;-7;0,0947615757176557
-23,5;-6,5;0,0645539046965422
-23,5;-6;0,047519831478589
-23,5;-5,5;0,179016218365346
-23,5;-5;0,0947844521371875
-23,5;-4,5;0,0295432639329412
-23,5;-4;0,170756641184097
-23,5;-3,5;0,100162238739184
-23,5;-3;0,0850622260676562
-23,5;-2,5;0,141486273929879
-23,5;-2;0,197528565994272
-23,5;-1,5;0,223669585787438
-23,5;-1;0,142337393846461
-23,5;-0,5;0,114021396038545
-23,5;0;0,106673807922658
-23,5;0,5;0,0867908721483902
-23,5;1;0,236936538102251
-23,5;1,5;0,233497022269991
-23,5;2;0,139992107478257
-23,5;2,5;0,084780898593277
-23,5;3;0,0800855312006626
-23,5;3,5;0,0266761350530848
-23,5;4;0,1104387998504
-23,5;4,5;0,152542971410425
-23,5;5;0,135164187984461
-23,5;5,5;0,171878382911862
-23,5;6;0,184366266193664
-23,5;6,5;0,181291686191324
-23,5;7;0,146642365411
-23,5;7,5;0,10124387590844
-23,5;8;0,0774420880222452
-23,5;8,5;0,0883132580233553
-23,5;9;0,092422033257254
-23,5;9,5;0,0529246644787932
-23,5;10;0,0834859756289747
-23,5;10,5;0,0504501158306681
-23,5;11;0,0430300372394491
-23,5;11,5;0,0489755870128098
-23,5;12;0,0754611216611106
-23,5;12,5;0,0450467892028986
-23,5;13;0,0287501398210537
-23,5;13,5;0,0312274278299632
-23,5;14;0,0364140729340481
-23,5;14,5;0,0382962823795831
-23,5;15;0,0373261678129191
-23,5;15,5;0,0420416326936981
-23,5;16;0,0506682656315778
-23,5;16,5;0,0282581908709057
-23,5;17;0,0389992423997089
-23,5;17,5;0,0456041233270169
-23,5;18;0,0577388566508251
-23,5;18,5;0,0688599039315554
-23,5;19;0,0517999394535289
-23,5;19,5;0,0272747582199577
-23,5;20;0,0248147195858275
-23,5;20,5;0,0457280323344059
-23,5;21;0,0476460426284415
-23,5;21,5;0,0326463920610004
-23,5;22;0,0453888781916366
-23,5;22,5;0,0231410498836281
-23,5;23;0,0336114215864849
-23,5;23,5;0,0389954524031104
-23,5;24;0,0358979170319078
-23,5;24,5;0,0481133855646336
-23,5;25;0,0759985269635467
-23,5;25,5;0,0495658418305569
-23,5;26;0,0218978632717595
-23,5;26,5;0,0418681025775335
-23,5;27;0,0464507805592143
-23,5;27,5;0,0633874859392588
-23,5;28;0,0857384230923182
-23,5;28,5;0,0490490235892981
-23,5;29;0,0637304230889853
-23,5;29,5;0,0314024129401156
-23,5;30;0,0403848629868908
-23,5;30,5;0,0451560013722463
-23,5;31;0,0631190161127014
-23,5;31,5;0,0690283227610286
-23,5;32;0,0505553839550927
-23,5;32,5;0,0420579357515014
-23,5;33;0,0347279316943305
-23,5;33,5;0,0361085400794143
-23,5;34;0,060907695477838
-23,5;34,5;0,106276528946135
-23,5;35;0,0532226242050571
-23,5;35,5;0,0460260607525592
-23,5;36;0,0420568537502322
-23,5;36,5;0,0552558607292252
-23,5;37;0,0611797896912589
-23,5;37,5;0,0706273691618573
-23,5;38;0,066511380501864
-23,5;38,5;0,0365912102377971
-23;-70;0
-23;-69,5;0
-23;-69;0
-23;-68,5;0,175146510099402
-23;-68;0,118783686180233
-23;-67,5;0,0581769279444605
-23;-67;0,035793854221081
-23;-66,5;0,0485964921328592
-23;-66;0,0615182899632296
-23;-65,5;0
-23;-65;0
-23;-64,5;0,048304031009479
-23;-64;0,0756714188869459
-23;-63,5;0,0890922993579021
-23;-63;0,0653214107280866
-23;-62,5;0,0414185948578655
-23;-62;0
-23;-61,5;0,0736150408708998
-23;-61;0,0573015055185298
-23;-60,5;0,0253642355383411
-23;-60;0,053424401416082
-23;-59,5;0,0739502744933587
-23;-59;0,052183879292982
-23;-58,5;0,144907441722869
-23;-58;0,0570157583769321
-23;-57,5;0
-23;-57;0
-23;-56,5;0,0641282804047746
-23;-56;0,061441338323382
-23;-55,5;0,0453462998512323
-23;-55;0,0370037638254843
-23;-54,5;0,0500863776035483
-23;-54;0,0244528421530443
-23;-53,5;0,040667056984856
-23;-53;0,0494877353261636
-23;-52,5;0,0793640792889148
-23;-52;0,0798796909002221
-23;-51,5;0,0506623642511396
-23;-51;0,0616656029431756
-23;-50,5;0,27575608300703
-23;-50;0,314463937179797
-23;-49,5;0,0608462704481629
-23;-49;0,0517225581248381
-23;-48,5;0,0456020742242468
-23;-48;0,0700275608550301
-23;-47,5;0,107204900231327
-23;-47;0,0339480745121929
-23;-46,5;0,0516668417307973
-23;-46;0,0370654825949967
-23;-45,5;0,0612736343337231
-23;-45;0,038849114777666
-23;-44,5;0,0319012875721393
-23;-44;0,0577904629095994
-23;-43,5;0,086017167868072
-23;-43;0,0339955879490266
-23;-42,5;0,0518968211166812
-23;-42;0,053926536601772
-23;-41,5;0,0413678280657754
-23;-41;0,0416193759178418
-23;-40,5;0,0421529419875681
-23;-40;0,0384108557251074
-23;-39,5;0,0723976288746162
-23;-39;0,0572434858011518
-23;-38,5;0,0455366712634122
-23;-38;0,0450791895815944
-23;-37,5;0,0485356356514184
-23;-37;0,051044672037514
-23;-36,5;0,0457427941747625
-23;-36;0,0509047113325902
-23;-35,5;0,0586631078625198
-23;-35;0,0278455675153533
-23;-34,5;0,0423114295767601
-23;-34;0,0256516717674075
-23;-33,5;0,0342799287717037
-23;-33;0,0584120775343599
-23;-32,5;0,0476519124684914
-23;-32;0,130197945293609
-23;-31,5;0,113143632355956
-23;-31;0,102406618754543
-23;-30,5;0,0816484915402538
-23;-30;0,0749424453176759
-23;-29,5;0,0309086697832274
-23;-29;0,0522512920477681
-23;-28,5;0,0698683285425759
-23;-28;0,0459839308979392
-23;-27,5;0,054943848120431
-23;-27;0,0457507455267501
-23;-26,5;0,0961689485575602
-23;-26;0,276738032134638
-23;-25,5;0,159059529372803
-23;-25;0,039152905383892
-23;-24,5;0,0638963390873087
-23;-24;0,214326525432883
-23;-23,5;0,0386653919472603
-23;-23;0,0603265288463096
-23;-22,5;0,0486051400766758
-23;-22;0,038704065460822
-23;-21,5;0,0579214260683915
-23;-21;0,112996556421359
-23;-20,5;0,278909487994878
-23;-20;0,290858456294116
-23;-19,5;0,0724064010609597
-23;-19;0,0658756498235078
-23;-18,5;0,049412019371831
-23;-18;0,0611433543372812
-23;-17,5;0,195685699113312
-23;-17;0,0379328626143045
-23;-16,5;0,0875591905269231
-23;-16;0,0433610808598371
-23;-15,5;0,0569737059356689
-23;-15;0,072178916627431
-23;-14,5;0,047657458318015
-23;-14;0,0403479767603053
-23;-13,5;0,0494333092774063
-23;-13;0,0455058604284474
-23;-12,5;0,0511760048369779
-23;-12;0,086654831253741
-23;-11,5;0,0240334764231211
-23;-11;0,230355806054287
-23;-10,5;0,0383612181486881
-23;-10;0,0420663486168031
-23;-9,5;0,0274986175460176
-23;-9;0,0349392349335392
-23;-8,5;0,0317600201440714
-23;-8;0,0294941792828729
-23;-7,5;0,043841561410231
-23;-7;0,0641945841025485
-23;-6,5;0,0445974124933491
-23;-6;0,0441056285957836
-23;-5,5;0,0290447431980043
-23;-5;0,0538672240204732
-23;-4,5;0,0626443665996127
-23;-4;0,234093998214393
-23;-3,5;0,129141509077815
-23;-3;0,116757859804327
-23;-2,5;0,185656125715771
-23;-2;0,237810349196316
-23;-1,5;0,226316400601421
-23;-1;0,136556137329151
-23;-0,5;0,137190885046556
-23;0;0,0499371963673435
-23;0,5;0,098488050169587
-23;1;0,245205990875901
-23;1,5;0,141910430370477
-23;2;0,215223198915211
-23;2,5;0,102785619315562
-23;3;0,0411876946612813
-23;3,5;0,10922531394629
-23;4;0,127355729968945
-23;4,5;0,145692954710726
-23;5;0,198572765683116
-23;5,5;0,21012272322485
-23;6;0,147948428863931
-23;6,5;0,151493399196137
-23;7;0,151593432808032
-23;7,5;0,153190737084116
-23;8;0,0879785693717213
-23;8,5;0,0533905912512662
-23;9;0,0752383009402436
-23;9,5;0,0360143872383561
-23;10;0,0598842167978141
-23;10,5;0,0725083181321089
-23;11;0,0662455239906552
-23;11,5;0,097003928488206
-23;12;0,163916144697594
-23;12,5;0,0778167608928955
-23;13;0,0288077003647481
-23;13,5;0,0361383092720163
-23;14;0,0420667068460548
-23;14,5;0,103091803093493
-23;15;0,0699943290274128
-23;15,5;0,0550137065180747
-23;16;0,0398890610847561
-23;16,5;0,0425261813163253
-23;17;0,0298276387632014
-23;17,5;0,030683566782144
-23;18;0,0351982142404169
-23;18,5;0,0446332668801724
-23;19;0,0533212727410155
-23;19,5;0,0386750687721139
-23;20;0,0308617024426905
-23;20,5;0,0243634846804455
-23;21;0,0347609083890169
-23;21,5;0,0539219178908805
-23;22;0,0350395251046476
-23;22,5;0,0387958224583574
-23;23;0,042907009737266
-23;23,5;0,0465260570253543
-23;24;0,05876489165393
-23;24,5;0,0526515188046122
-23;25;0,0524565319076962
-23;25,5;0,0375869508990526
-23;26;0,0516822656491862
-23;26,5;0,0275433269379731
-23;27;0,041527037595826
-23;27,5;0,0472267926405127
-23;28;0,0554270056755095
-23;28,5;0,0863788069376505
-23;29;0,0244259286149077
-23;29,5;0,0433690447700384
-23;30;0,0662975713383829
-23;30,5;0,0484631405366593
-23;31;0,0645111487394878
-23;31,5;0,0698838434284137
-23;32;0,0598206964458827
-23;32,5;0,0391440995083012
-23;33;0,0538056898925045
-23;33,5;0,0561920310616969
-23;34;0,0467621086478658
-23;34,5;0,0512216308036446
-23;35;0,040395671509208
-23;35,5;0,0474655016422859
-23;36;0,067672701099877
-23;36,5;0,0536858082541852
-23;37;0,053968354925209
-23;37,5;0,0426282379024358
-23;38;0,0695762970494342
-22,5;-70;0
-22,5;-69,5;0
-22,5;-69;0
-22,5;-68,5;0,0127279220613579
-22,5;-68;0,0550817574156817
-22,5;-67,5;0,107696332342378
-22,5;-67;0,0792228998279087
-22,5;-66,5;0
-22,5;-66;0
-22,5;-65,5;0
-22,5;-65;0
-22,5;-64,5;0
-22,5;-64;0,0561082881578114
-22,5;-63,5;0,0893225728728399
-22,5;-63;0,0575527808246062
-22,5;-62,5;0,0258816751990885
-22,5;-62;0,0623746743478473
-22,5;-61,5;0,0557997921745475
-22,5;-61;0,0903923412813212
-22,5;-60,5;0,0494405313357694
-22,5;-60;0,0437629453375271
-22,5;-59,5;0,0383887440191194
-22,5;-59;0,0315184683603142
-22,5;-58,5;0,0404096887975885
-22,5;-58;0,036138723731493
-22,5;-57,5;0
-22,5;-57;0
-22,5;-56,5;0,0465457958478648
-22,5;-56;0,111075220073443
-22,5;-55,5;0,0771736290068344
-22,5;-55;0,0209063432472043
-22,5;-54,5;0,0569063266625491
-22,5;-54;0,0858702937262519
-22,5;-53,5;0,0371988046265421
-22,5;-53;0,0370141746200968
-22,5;-52,5;0,0478199781330144
-22,5;-52;0,0516928663592225
-22,5;-51,5;0,0207424685126915
-22,5;-51;0,074601991547526
-22,5;-50,5;0,212383674521494
-22,5;-50;0,292765081810567
-22,5;-49,5;0,0683223308681937
-22,5;-49;0,0456637294849664
-22,5;-48,5;0,0445594788278719
-22,5;-48;0,105418618893161
-22,5;-47,5;0,10525667702035
-22,5;-47;0,0431566557758841
-22,5;-46,5;0,0351428764201993
-22,5;-46;0,0389203591018516
-22,5;-45,5;0,0531330626563535
-22,5;-45;0,0531644569116128
-22,5;-44,5;0,0249762256101683
-22,5;-44;0,0671050110415538
-22,5;-43,5;0,0359130265760512
-22,5;-43;0,0690025840934254
-22,5;-42,5;0,0953686980486423
-22,5;-42;0,0564955457909283
-22,5;-41,5;0,0470532975456275
-22,5;-41;0,0308735557764406
-22,5;-40,5;0,047721812922095
-22,5;-40;0,0618187032063574
-22,5;-39,5;0,0517154727915198
-22,5;-39;0,0404782950103729
-22,5;-38,5;0,0489340197818554
-22,5;-38;0,0614193237778904
-22,5;-37,5;0,0214039014491559
-22,5;-37;0,054197661246532
-22,5;-36,5;0,0429146503845814
-22,5;-36;0,0446442472825671
-22,5;-35,5;0,0489997694940325
-22,5;-35;0,0502040601647806
-22,5;-34,5;0,0476282636953622
-22,5;-34;0,0364511730473647
-22,5;-33,5;0,0335899126436042
-22,5;-33;0,043730328123582
-22,5;-32,5;0,0837544123925084
-22,5;-32;0,275069133929832
-22,5;-31,5;0,328797583155207
-22,5;-31;0,133722774577749
-22,5;-30,5;0,0886180299609497
-22,5;-30;0,0676018097627245
-22,5;-29,5;0,0643766861021801
-22,5;-29;0,116310396201126
-22,5;-28,5;0,0613489252848721
-22,5;-28;0,0531370052064853
-22,5;-27,5;0,043410923331148
-22,5;-27;0,0511083856122438
-22,5;-26,5;0,11736824392993
-22,5;-26;0,124695629434235
-22,5;-25,5;0,242753096458563
-22,5;-25;0,143473237346589
-22,5;-24,5;0,0566274275083946
-22,5;-24;0,0922152567705974
-22,5;-23,5;0,0406323654056382
-22,5;-23;0,0276792729088091
-22,5;-22,5;0,0520222324797419
-22,5;-22;0,0447843224487106
-22,5;-21,5;0,0434946230171611
-22,5;-21;0,0553381665053723
-22,5;-20,5;0,297891762564621
-22,5;-20;0,149081855785732
-22,5;-19,5;0,0803340288940316
-22,5;-19;0,0674731463776047
-22,5;-18,5;0,0379618229277784
-22,5;-18;0,0540836104064859
-22,5;-17,5;0,0258707877422046
-22,5;-17;0,0304231113214829
-22,5;-16,5;0,087168611348396
-22,5;-16;0,0727505209054273
-22,5;-15,5;0,0511129468269374
-22,5;-15;0,0625532511437266
-22,5;-14,5;0,0366707391928177
-22,5;-14;0,0395836718848796
-22,5;-13,5;0,0637749097879197
-22,5;-13;0,0546772271933546
-22,5;-12,5;0,030533599340812
-22,5;-12;0,0426210106750671
-22,5;-11,5;0,0697976561921484
-22,5;-11;0,257460865195932
-22,5;-10,5;0,0340130727582396
-22,5;-10;0,0428696274613821
-22,5;-9,5;0,0298319859030556
-22,5;-9;0,0260885227501242
-22,5;-8,5;0,0483600192313351
-22,5;-8;0,166219171005986
-22,5;-7,5;0,354537116961276
-22,5;-7;0,290957846765158
-22,5;-6,5;0,0563467997825079
-22,5;-6;0,0502838061111606
-22,5;-5,5;0,0298893090973901
-22,5;-5;0,0611284741957374
-22,5;-4,5;0,0573878190406386
-22,5;-4;0,0817922656483359
-22,5;-3,5;0,0703453907951062
-22,5;-3;0,195729030484992
-22,5;-2,5;0,282319562741057
-22,5;-2;0,31651213936109
-22,5;-1,5;0,35989067647434
-22,5;-1;0,113800280532624
-22,5;-0,5;0,0469030308002118
-22,5;0;0,0612326046165919
-22,5;0,5;0,182689832307042
-22,5;1;0,162934779058649
-22,5;1,5;0,110966146388246
-22,5;2;0,111769972587946
-22,5;2,5;0,0333936625312005
-22,5;3;0,081615138377172
-22,5;3,5;0,0682621102990476
-22,5;4;0,077013476722045
-22,5;4,5;0,13872085809491
-22,5;5;0,171583373947431
-22,5;5,5;0,134453750996485
-22,5;6;0,0786964859253658
-22,5;6,5;0,0904264932898829
-22,5;7;0,103931921720986
-22,5;7,5;0,0741989357931037
-22,5;8;0,0819749676063237
-22,5;8,5;0,0312961421202044
-22,5;9;0,0491504380930454
-22,5;9,5;0,0323085570266278
-22,5;10;0,0196005654964944
-22,5;10,5;0,0733289946750608
-22,5;11;0,0660539901229782
-22,5;11,5;0,0948338346706865
-22,5;12;0,144930010446723
-22,5;12,5;0,0673462828195292
-22,5;13;0,0299416046578872
-22,5;13,5;0,0434859098502597
-22,5;14;0,0752859423082669
-22,5;14,5;0,0934204646687055
-22,5;15;0,0918449321087128
-22,5;15,5;0,0393368467556266
-22,5;16;0,030607331210728
-22,5;16,5;0,0548913767258106
-22,5;17;0,0368707404676791
-22,5;17,5;0,0431126469564171
-22,5;18;0,0380959814531281
-22,5;18,5;0,0555015022296762
-22,5;19;0,0540908645276109
-22,5;19,5;0,11037482074269
-22,5;20;0,0430141307428184
-22,5;20,5;0,0169804981407644
-22,5;21;0,036949175961013
-22,5;21,5;0,0378922495793611
-22,5;22;0,038818533892121
-22,5;22,5;0,0383224186750947
-22,5;23;0,03558220219362
-22,5;23,5;0,0279004633356103
-22,5;24;0,0495541437749267
-22,5;24,5;0,0739043969940387
-22,5;25;0,0805304806942041
-22,5;25,5;0,0570069346508879
-22,5;26;0,0409690132271887
-22,5;26,5;0,0380579975927958
-22,5;27;0,0635059633019345
-22,5;27,5;0,0470483507663449
-22,5;28;0,0600835649296137
-22,5;28,5;0,0815109211208491
-22,5;29;0,0627291022958358
-22,5;29,5;0,0485690593794105
-22,5;30;0,0825627866101548
-22,5;30,5;0,0865588896607988
-22,5;31;0,0350523344992335
-22,5;31,5;0,0889703091435053
-22,5;32;0,0560614645266965
-22,5;32,5;0,048881618668761
-22,5;33;0,051299401374788
-22,5;33,5;0,048385381283516
-22,5;34;0,0411458444983272
-22,5;34,5;0,0514719526029653
-22,5;35;0,0373147641774106
-22,5;35,5;0,0583503611511072
-22,5;36;0,0670081935559359
-22,5;36,5;0,0648644070684981
-22,5;37;0,0731165450952564
-22,5;37,5;0,053950855463049
-22,5;38;0
-22;-70;0
-22;-69,5;0
-22;-69;0
-22;-68,5;0
-22;-68;0,279131402708208
-22;-67,5;0,0942158095836904
-22;-67;0,0408306607483011
-22;-66,5;0
-22;-66;0
-22;-65,5;0
-22;-65;0
-22;-64,5;0
-22;-64;0,190701861553578
-22;-63,5;0,0828607536177806
-22;-63;0,0697425906270223
-22;-62,5;0,0427805771089846
-22;-62;0,11460081932131
-22;-61,5;0,0414494731393466
-22;-61;0,0674169554633003
-22;-60,5;0,0365532155375908
-22;-60;0,0419298264345035
-22;-59,5;0,0444055149018068
-22;-59;0,0756485782460488
-22;-58,5;0,0505250462941926
-22;-58;0,0526604518439198
-22;-57,5;0,0333054049667618
-22;-57;0,0439625509081643
-22;-56,5;0,0331209505965794
-22;-56;0,0673846417607671
-22;-55,5;0,0482985905193293
-22;-55;0,0388279267375538
-22;-54,5;0,0258173539016517
-22;-54;0,0327916286434649
-22;-53,5;0,0685196256311349
-22;-53;0,0441496239875904
-22;-52,5;0,0449986633051263
-22;-52;0,0335872876208293
-22;-51,5;0,0612545361363459
-22;-51;0,0320558722758939
-22;-50,5;0,0936897158513316
-22;-50;0,0433668563917045
-22;-49,5;0,0445298683392611
-22;-49;0,037724773351562
-22;-48,5;0,0382881517316416
-22;-48;0,0429234560225884
-22;-47,5;0,0358485200696566
-22;-47;0,0331930268401712
-22;-46,5;0,0303651129200046
-22;-46;0,0544903117731491
-22;-45,5;0,0283229870712581
-22;-45;0,108326249822286
-22;-44,5;0,184067921497794
-22;-44;0,0663261987140401
-22;-43,5;0,0414217739948634
-22;-43;0,0572391654273849
-22;-42,5;0,0828309523467325
-22;-42;0,0594676428906022
-22;-41,5;0,0498286526819577
-22;-41;0,0506381317356291
-22;-40,5;0,0573001413466591
-22;-40;0,0523695651933775
-22;-39,5;0,0660295774363181
-22;-39;0,0816566546198011
-22;-38,5;0,0597725417671969
-22;-38;0,0759122182262714
-22;-37,5;0,0451968467780407
-22;-37;0,0285555569847752
-22;-36,5;0,0477839014697358
-22;-36;0,0361178302006392
-22;-35,5;0,0704784651477796
-22;-35;0,0290961169580851
-22;-34,5;0,0442638159160395
-22;-34;0,0414203286738647
-22;-33,5;0,0306064078888188
-22;-33;0,0757019374476858
-22;-32,5;0,0685382062377308
-22;-32;0,321026498487185
-22;-31,5;0,360735833627663
-22;-31;0,0869785192442212
-22;-30,5;0,0486661237186212
-22;-30;0,0552945468794216
-22;-29,5;0,0669722785050223
-22;-29;0,0677842479487119
-22;-28,5;0,0586357399543998
-22;-28;0,0509749763056972
-22;-27,5;0,0502717888563848
-22;-27;0,0645777010784994
-22;-26,5;0,0686546012294329
-22;-26;0,0653513580578093
-22;-25,5;0,0737603763069825
-22;-25;0,28012231463599
-22;-24,5;0,296359665338705
-22;-24;0,0677405569644304
-22;-23,5;0,0502897376558938
-22;-23;0,0419700371936763
-22;-22,5;0,0254764597226538
-22;-22;0,0309554509723826
-22;-21,5;0,0296344394244264
-22;-21;0,0343479321178343
-22;-20,5;0,0367298753953301
-22;-20;0,0340194706038364
-22;-19,5;0,043533583186016
-22;-19;0,0410524055324411
-22;-18,5;0,0486776870612281
-22;-18;0,0426273557713248
-22;-17,5;0,0274537376963251
-22;-17;0,0513775242688863
-22;-16,5;0,0710272073738495
-22;-16;0,0950954406765412
-22;-15,5;0,0403305659744657
-22;-15;0,0659233077665787
-22;-14,5;0,0348331481403331
-22;-14;0,0756462770309956
-22;-13,5;0,0800036870706818
-22;-13;0,101957916154984
-22;-12,5;0,0409997967474637
-22;-12;0,0535595289420647
-22;-11,5;0,0387026792731474
-22;-11;0,028526182936868
-22;-10,5;0,0367706708043919
-22;-10;0,053483436327825
-22;-9,5;0,0343457906202978
-22;-9;0,0863057541145277
-22;-8,5;0,03817517855496
-22;-8;0,0406703505083042
-22;-7,5;0,322655822074524
-22;-7;0,215507370453635
-22;-6,5;0,0431081588667568
-22;-6;0,0607792165568635
-22;-5,5;0,150739502190571
-22;-5;0,0461786103037627
-22;-4,5;0,0574038621508214
-22;-4;0,0366334089686049
-22;-3,5;0,176081995645224
-22;-3;0,275669733804374
-22;-2,5;0,110860689983669
-22;-2;0,2619762954654
-22;-1,5;0,284515337718443
-22;-1;0,0885037874672017
-22;-0,5;0,0574473465336945
-22;0;0,187800306534884
-22;0,5;0,144150985649663
-22;1;0,147366795001138
-22;1,5;0,132189579232144
-22;2;0,121734707730947
-22;2,5;0,112612138872816
-22;3;0,170183636839544
-22;3,5;0,11322112862422
-22;4;0,116409767134453
-22;4,5;0,150980711848037
-22;5;0,15390468147653
-22;5,5;0,162792444113413
-22;6;0,0846258665104277
-22;6,5;0,10489351743554
-22;7;0,0820992940111849
-22;7,5;0,0799161501001641
-22;8;0,138471971043623
-22;8,5;0,0819487783275512
-22;9;0,0439795594731904
-22;9,5;0,0775020376520539
-22;10;0,0631992707958854
-22;10,5;0,0613270429610552
-22;11;0,0490753173892895
-22;11,5;0,111174913052324
-22;12;0,0674823809929062
-22;12,5;0,0399889225695512
-22;13;0,0395788198362777
-22;13,5;0,0454205326124042
-22;14;0,0954658987903974
-22;14,5;0,0872513906588723
-22;15;0,0978086786607366
-22;15,5;0,0456718823396311
-22;16;0,0491921545164167
-22;16,5;0,054290565683521
-22;17;0,0428654478270404
-22;17,5;0,0672628438010463
-22;18;0,0752921242429345
-22;18,5;0,0514327060273881
-22;19;0,10870496393371
-22;19,5;0,317203473319687
-22;20;0,288880544676726
-22;20,5;0,0406186058109094
-22;21;0,0199183475277129
-22;21,5;0,0259498131059124
-22;22;0,0488310979532608
-22;22,5;0,0694979953562937
-22;23;0,0473533854433625
-22;23,5;0,0262112499780054
-22;24;0,0514463627853312
-22;24,5;0,0600024999479188
-22;25;0,0742322039764398
-22;25,5;0,0430121151365231
-22;26;0,0478895192467372
-22;26,5;0,0536492481624517
-22;27;0,0523289181984929
-22;27,5;0,0516014358503538
-22;28;0,055517651030311
-22;28,5;0,0762394309716396
-22;29;0,0745331197451537
-22;29,5;0,0692005484739168
-22;30;0,0729955940039278
-22;30,5;0,0638512044975619
-22;31;0,085044721030546
-22;31,5;0,0705358211860709
-22;32;0,0437529722492674
-22;32,5;0,0576817023663379
-22;33;0,0657675289779681
-22;33,5;0,0513262345486319
-22;34;0,0541505836929364
-22;34,5;0,0338424756466594
-22;35;0,0512098295282869
-22;35,5;0,086187880484715
-22;36;0,0729143864755237
-22;36,5;0
-22;37;0,0474886336892348
-22;37,5;0,0486062900103621
-21,5;-70;0
-21,5;-69,5;0
-21,5;-69;0
-21,5;-68,5;0
-21,5;-68;0,20224211927722
-21,5;-67,5;0,190088744249527
-21,5;-67;0,0623906710441019
-21,5;-66,5;0,0639296488336984
-21,5;-66;0,0285055550141839
-21,5;-65,5;0
-21,5;-65;0
-21,5;-64,5;0
-21,5;-64;0
-21,5;-63,5;0,0498441527206508
-21,5;-63;0,0977244297559366
-21,5;-62,5;0,0449869822440734
-21,5;-62;0,0935477783921417
-21,5;-61,5;0,0477178488979572
-21,5;-61;0,0542170326651694
-21,5;-60,5;0,049657353673212
-21,5;-60;0,0395919981282768
-21,5;-59,5;0,106409866817404
-21,5;-59;0,05366827903971
-21,5;-58,5;0,0540584392737333
-21,5;-58;0,065637269003601
-21,5;-57,5;0,0270391250915093
-21,5;-57;0,0723921742589584
-21,5;-56,5;0,0689080059696498
-21,5;-56;0,0454724456732648
-21,5;-55,5;0,0366788857428993
-21,5;-55;0,0437964515305369
-21,5;-54,5;0,0461858685506889
-21,5;-54;0,0390356699623788
-21,5;-53,5;0,0615099360297583
-21,5;-53;0,0366614173731666
-21,5;-52,5;0,0575596454293708
-21,5;-52;0,0713420715368651
-21,5;-51,5;0,09073727462476
-21,5;-51;0,0644369947014759
-21,5;-50,5;0,0629077051018344
-21,5;-50;0,0399001431732334
-21,5;-49,5;0,0586820246349385
-21,5;-49;0,0378348918396982
-21,5;-48,5;0,0392742182411788
-21,5;-48;0,0367596223417862
-21,5;-47,5;0,077043333349974
-21,5;-47;0,0364035268871056
-21,5;-46,5;0,0820814876569258
-21,5;-46;0,121998152853721
-21,5;-45,5;0,0474272544829143
-21,5;-45;0,0494943225204241
-21,5;-44,5;0,0924231535419535
-21,5;-44;0,0281776874996713
-21,5;-43,5;0,0691280850939785
-21,5;-43;0,0329722395717288
-21,5;-42,5;0,0597186800928288
-21,5;-42;0,143500375307867
-21,5;-41,5;0,215712919812664
-21,5;-41;0,0620443451920328
-21,5;-40,5;0,0375440641022159
-21,5;-40;0,023462443915965
-21,5;-39,5;0,0424561035457956
-21,5;-39;0,0969539750512423
-21,5;-38,5;0,0397425459423927
-21,5;-38;0,0641505232703081
-21,5;-37,5;0,043805580987128
-21,5;-37;0,0348261127133328
-21,5;-36,5;0,025938893014138
-21,5;-36;0,0347825951536086
-21,5;-35,5;0,0676345440045227
-21,5;-35;0,0304797814934721
-21,5;-34,5;0,0344537338994531
-21,5;-34;0,0610568402809877
-21,5;-33,5;0,0960234432463894
-21,5;-33;0,072018240725841
-21,5;-32,5;0,0560015052926377
-21,5;-32;0,0424040872035969
-21,5;-31,5;0,0567043696481152
-21,5;-31;0,124407434583365
-21,5;-30,5;0,055596684402279
-21,5;-30;0,0979041922186915
-21,5;-29,5;0,0594118116276683
-21,5;-29;0,0337075679594516
-21,5;-28,5;0,0529979962197231
-21,5;-28;0,0831620476587662
-21,5;-27,5;0,0561268511140431
-21,5;-27;0,0561992911928479
-21,5;-26,5;0,0199181036746597
-21,5;-26;0,0453420211233666
-21,5;-25,5;0,0707272425410857
-21,5;-25;0,11869628812826
-21,5;-24,5;0,241769958167214
-21,5;-24;0,203036626654122
-21,5;-23,5;0,0396610640301039
-21,5;-23;0,0389985060107997
-21,5;-22,5;0,0501270561980793
-21,5;-22;0,0311291608567816
-21,5;-21,5;0,0328425830547475
-21,5;-21;0,0328541456737986
-21,5;-20,5;0,0730091243024114
-21,5;-20;0,0408611857558908
-21,5;-19,5;0,0305917465777567
-21,5;-19;0,0266657325938336
-21,5;-18,5;0,036639204447163
-21,5;-18;0,0748272261553553
-21,5;-17,5;0,053462955429959
-21,5;-17;0,178779165683937
-21,5;-16,5;0,197856358072598
-21,5;-16;0,081709448792894
-21,5;-15,5;0,0669097589311185
-21,5;-15;0,0501220331519274
-21,5;-14,5;0,0590557937619968
-21,5;-14;0,0305016912325215
-21,5;-13,5;0,0318889991135315
-21,5;-13;0,0426225554302526
-21,5;-12,5;0,0460019657622855
-21,5;-12;0,0455958243823042
-21,5;-11,5;0,0704607838362839
-21,5;-11;0,314204421666916
-21,5;-10,5;0,327344009507161
-21,5;-10;0,0528431328955322
-21,5;-9,5;0,0376414760105584
-21,5;-9;0,237483146976873
-21,5;-8,5;0,0387126308472422
-21,5;-8;0,0533508747840219
-21,5;-7,5;0,0263902321440544
-21,5;-7;0,0487349524703421
-21,5;-6,5;0,0300862648617826
-21,5;-6;0,0563037878531333
-21,5;-5,5;0,125252159436579
-21,5;-5;0,0430633686444554
-21,5;-4,5;0,0610367880652317
-21,5;-4;0,0933762612403933
-21,5;-3,5;0,291400961110585
-21,5;-3;0,0577271909192589
-21,5;-2,5;0,197080930888911
-21,5;-2;0,159208127133433
-21,5;-1,5;0,116025165733809
-21,5;-1;0,0589976903999425
-21,5;-0,5;0,148155190028046
-21,5;0;0,207977098906269
-21,5;0,5;0,0986608128756381
-21,5;1;0,115394084135476
-21,5;1,5;0,145613697237321
-21,5;2;0,139868609098305
-21,5;2,5;0,154035049478161
-21,5;3;0,0876191647822283
-21,5;3,5;0,0908761904055378
-21,5;4;0,128378056614704
-21,5;4,5;0,157307506096019
-21,5;5;0,0573754582822286
-21,5;5,5;0,136169486043867
-21,5;6;0,0577599688850526
-21,5;6,5;0,0661062443131516
-21,5;7;0,086361522302674
-21,5;7,5;0,126742878696499
-21,5;8;0,116268328876439
-21,5;8,5;0,0696470265241844
-21,5;9;0,0721426207489292
-21,5;9,5;0,0723806522174745
-21,5;10;0,0529506462343862
-21,5;10,5;0,0668505837742962
-21,5;11;0,0603745957064947
-21,5;11,5;0,0903513213766672
-21,5;12;0,108395711900909
-21,5;12,5;0,0412652583216927
-21,5;13;0,0394662417609884
-21,5;13,5;0,0481450710942843
-21,5;14;0,0512559083205432
-21,5;14,5;0,0316999761017021
-21,5;15;0,0665828378388219
-21,5;15,5;0,0475895684583891
-21,5;16;0,0643798672492158
-21,5;16,5;0,0316504112895636
-21,5;17;0,0527603418598043
-21,5;17,5;0,0540107070295252
-21,5;18;0,0669618000035331
-21,5;18,5;0,0637701260013822
-21,5;19;0,104244949296268
-21,5;19,5;0,371822005025138
-21,5;20;0,245317312225491
-21,5;20,5;0,0468184786874333
-21,5;21;0,0218391034006993
-21,5;21,5;0,02702740037172
-21,5;22;0,0635225957283487
-21,5;22,5;0,0731982966578377
-21,5;23;0,0384975152587743
-21,5;23,5;0,0166709154364001
-21,5;24;0,0381279435931789
-21,5;24,5;0,0580819901262931
-21,5;25;0,0440823168983888
-21,5;25,5;0,0439702514782412
-21,5;26;0,0411652828211483
-21,5;26,5;0,0459924878672831
-21,5;27;0,07101699352946
-21,5;27,5;0,0736768399885628
-21,5;28;0,0547116773789126
-21,5;28,5;0,0855316496260027
-21,5;29;0,0366102370484055
-21,5;29,5;0,0533410266441957
-21,5;30;0,110633910208001
-21,5;30,5;0,0982063588493114
-21,5;31;0,0666752405440948
-21,5;31,5;0,106443399834941
-21,5;32;0,0325060433941576
-21,5;32,5;0,0362609317642803
-21,5;33;0,0844589889610723
-21,5;33,5;0,034303848515706
-21,5;34;0,0518100319606609
-21,5;34,5;0,0541823695187527
-21,5;35;0,0610884525406924
-21,5;35,5;0,0788438085955147
-21,5;36;0,0930820017939613
-21,5;36,5;0,0472058309554072
-21,5;37;0,0400263801899586
-21,5;37,5;0,0396983067089209
-21;-70;0
-21;-69,5;0
-21;-69;0
-21;-68,5;0
-21;-68;0,274612993318399
-21;-67,5;0,198747680324055
-21;-67;0,0868190510144382
-21;-66,5;0
-21;-66;0,0472087562499444
-21;-65,5;0
-21;-65;0
-21;-64,5;0
-21;-64;0
-21;-63,5;0
-21;-63;0,295967223638623
-21;-62,5;0,138390291512122
-21;-62;0,0452952687999682
-21;-61,5;0,0449499721913151
-21;-61;0,0807405286521767
-21;-60,5;0,0483064291721687
-21;-60;0,0541504502692989
-21;-59,5;0,0537103221112916
-21;-59;0,0477862837178685
-21;-58,5;0,0727565771564298
-21;-58;0,0801268587432672
-21;-57,5;0,0760582910428813
-21;-57;0,0901523028264838
-21;-56,5;0,0642893906173527
-21;-56;0,0359174317673453
-21;-55,5;0,0584535557671061
-21;-55;0,0355809729925665
-21;-54,5;0,0454168216378875
-21;-54;0,057451552505671
-21;-53,5;0,0546036884349187
-21;-53;0,0506745004760227
-21;-52,5;0,0855795623477277
-21;-52;0,0819063480524715
-21;-51,5;0,0742313112478372
-21;-51;0,0401415288417195
-21;-50,5;0,0464871088877761
-21;-50;0,0529049430224373
-21;-49,5;0,0453942794291374
-21;-49;0,0347000102012175
-21;-48,5;0,0447756317253235
-21;-48;0,0578675632160515
-21;-47,5;0,0343553877508242
-21;-47;0,0750546172856558
-21;-46,5;0,123267261051176
-21;-46;0,104608296158051
-21;-45,5;0,0480780944718494
-21;-45;0,134078058447
-21;-44,5;0,0913751193125269
-21;-44;0,0254845710358551
-21;-43,5;0,0323336845543892
-21;-43;0,0308288044371228
-21;-42,5;0,041621780313872
-21;-42;0,0573686076426572
-21;-41,5;0,0716041796504741
-21;-41;0,0548153700469898
-21;-40,5;0,0456504315944757
-21;-40;0,0315335222455419
-21;-39,5;0,029902069268806
-21;-39;0,0700249768505503
-21;-38,5;0,0345971901277877
-21;-38;0,0440779971721804
-21;-37,5;0,0307622559508332
-21;-37;0,025519113230205
-21;-36,5;0,0227365344764764
-21;-36;0,0340423755536145
-21;-35,5;0,0573705897913099
-21;-35;0,0276970451228997
-21;-34,5;0,0232283934972441
-21;-34;0,0527185507415227
-21;-33,5;0,0569352817551643
-21;-33;0,062181029589187
-21;-32,5;0,0536236643928789
-21;-32;0,035148731603478
-21;-31,5;0,0773284914652193
-21;-31;0,0469997142597257
-21;-30,5;0,0626621346025465
-21;-30;0,0429067924397241
-21;-29,5;0,070649297790119
-21;-29;0,0442316061908891
-21;-28,5;0,0648285787912952
-21;-28;0,065000254290666
-21;-27,5;0,0695867613513655
-21;-27;0,0930347605288833
-21;-26,5;0,0403888383648603
-21;-26;0,0457564173042198
-21;-25,5;0,0510866532790189
-21;-25;0,153761499155639
-21;-24,5;0,142768515562125
-21;-24;0,237235250726632
-21;-23,5;0,194717834278799
-21;-23;0,0635559806169042
-21;-22,5;0,0511344403678728
-21;-22;0,0568239148622786
-21;-21,5;0,0364422200126314
-21;-21;0,0383675030365047
-21;-20,5;0,0666782899647035
-21;-20;0,0502780971432054
-21;-19,5;0,0397531744145428
-21;-19;0,0377995601735165
-21;-18,5;0,0251534519152082
-21;-18;0,0547257383922504
-21;-17,5;0,0720854902621609
-21;-17;0,354231838077232
-21;-16,5;0,338414160574002
-21;-16;0,0449746913831965
-21;-15,5;0,0658019348355288
-21;-15;0,0653456343482459
-21;-14,5;0,0733421460394699
-21;-14;0,0826892361774755
-21;-13,5;0,0507444578254611
-21;-13;0,0502043715787762
-21;-12,5;0,0592034673897077
-21;-12;0,0794852421460001
-21;-11,5;0,0345455143540152
-21;-11;0,0908162586625631
-21;-10,5;0,0772239899778506
-21;-10;0,0349752312988451
-21;-9,5;0,0451690000718758
-21;-9;0,0391595449154251
-21;-8,5;0,0549558011737126
-21;-8;0,0341216709695183
-21;-7,5;0,0430243956679177
-21;-7;0,0386703789659009
-21;-6,5;0,0377345867317064
-21;-6;0,0286891921792713
-21;-5,5;0,0380648045014905
-21;-5;0,0508018036028222
-21;-4,5;0,139859807508457
-21;-4;0,277574528816351
-21;-3,5;0,0643504538787386
-21;-3;0,0418541856017176
-21;-2,5;0,178194844916515
-21;-2;0,165861561315827
-21;-1,5;0,0417166471432456
-21;-1;0,0629063194161664
-21;-0,5;0,139123795315599
-21;0;0,129207292102925
-21;0,5;0,103743017683799
-21;1;0,105188226591396
-21;1,5;0,0491717330101058
-21;2;0,215568029517691
-21;2,5;0,143305420916
-21;3;0,0860762566165192
-21;3,5;0,0731144080648039
-21;4;0,171245457441075
-21;4,5;0,0668284893499436
-21;5;0,0702963002917703
-21;5,5;0,0822958087495411
-21;6;0,115170009214244
-21;6,5;0,13202124436463
-21;7;0,0824563011406414
-21;7,5;0,0904955404286066
-21;8;0,0921422353028764
-21;8,5;0,100034598706524
-21;9;0,13930896800814
-21;9,5;0,115135143373643
-21;10;0,260664492568417
-21;10,5;0,151418809218419
-21;11;0,0744298882470128
-21;11,5;0,0478724596933814
-21;12;0,195493505582584
-21;12,5;0,19171665013469
-21;13;0,0588447502043366
-21;13,5;0,0357370623960634
-21;14;0,070064401169355
-21;14,5;0,0408321714453265
-21;15;0,0547012283646282
-21;15,5;0,106776904204782
-21;16;0,0530670834969965
-21;16,5;0,0358140380165353
-21;17;0,037232874674429
-21;17,5;0,0412546892697205
-21;18;0,0665795927823707
-21;18,5;0,379602641502029
-21;19;0,101822748926159
-21;19,5;0,0437233088424462
-21;20;0,0605835617635772
-21;20,5;0,0516034507985283
-21;21;0,0349922851857738
-21;21,5;0,0282106411589588
-21;22;0,040630192399683
-21;22,5;0,0375744128547262
-21;23;0,0496965849024275
-21;23,5;0,0238414384492174
-21;24;0,0385398813152121
-21;24,5;0,057421991292828
-21;25;0,0559046710646722
-21;25,5;0,047832587054472
-21;26;0,0839099242605313
-21;26,5;0,0537735258208714
-21;27;0,0864944565988871
-21;27,5;0,0361762255942437
-21;28;0,0451607145351836
-21;28,5;0,0337668094529957
-21;29;0,0327206253889301
-21;29,5;0,0700521746761994
-21;30;0,0960300230082122
-21;30,5;0,0555873556330951
-21;31;0,0935547269148095
-21;31,5;0,0797256842495819
-21;32;0,1995748397636
-21;32,5;0,0683855285822996
-21;33;0,0762974270800284
-21;33,5;0,0369546053576933
-21;34;0,031220751017835
-21;34,5;0,0396873813106146
-21;35;0,076192183119221
-21;35,5;0,0353566788152126
-21;36;0,0386075389463258
-21;36,5;0,0581874837512856
-21;37;0,0586480560134204
-20,5;-70;0
-20,5;-69,5;0
-20,5;-69;0
-20,5;-68,5;0
-20,5;-68;0
-20,5;-67,5;0,0586568410332503
-20,5;-67;0,0489380406042357
-20,5;-66,5;0
-20,5;-66;0,106773123959169
-20,5;-65,5;0
-20,5;-65;0
-20,5;-64,5;0
-20,5;-64;0
-20,5;-63,5;0
-20,5;-63;0,241756224596488
-20,5;-62,5;0,194994753452173
-20,5;-62;0,0840626317124331
-20,5;-61,5;0,0449713317276891
-20,5;-61;0,0658069326207534
-20,5;-60,5;0,0716512028635589
-20,5;-60;0,055052885456117
-20,5;-59,5;0,0594887487839849
-20,5;-59;0,0588086890243432
-20,5;-58,5;0,174353381207425
-20,5;-58;0,311596181907707
-20,5;-57,5;0,0864284340430291
-20,5;-57;0,0697930542571051
-20,5;-56,5;0,0793695503674144
-20,5;-56;0,0306680479761374
-20,5;-55,5;0,0607030444693109
-20,5;-55;0,0388552957360256
-20,5;-54,5;0,0356800207288368
-20,5;-54;0,0463672803495197
-20,5;-53,5;0,0908722998876876
-20,5;-53;0,0583211494655953
-20,5;-52,5;0,0672198454199642
-20,5;-52;0,0696012444739549
-20,5;-51,5;0,0627353968189032
-20,5;-51;0,0515184127726984
-20,5;-50,5;0,0461378095953847
-20,5;-50;0,040450998692177
-20,5;-49,5;0,0324193025214915
-20,5;-49;0,0545581526501037
-20,5;-48,5;0,0557866115073147
-20,5;-48;0,050239790993784
-20,5;-47,5;0,0866123276156245
-20,5;-47;0,0855554852397784
-20,5;-46,5;0,0564545458057094
-20,5;-46;0,0508698960765263
-20,5;-45,5;0,0492733508146242
-20,5;-45;0,100812590486979
-20,5;-44,5;0,0719527523563231
-20,5;-44;0,0235834141741279
-20,5;-43,5;0,0417057847185687
-20,5;-43;0,0366645603707628
-20,5;-42,5;0,0917806876766269
-20,5;-42;0,0418154017521231
-20,5;-41,5;0,0290946441691204
-20,5;-41;0,0419133777553996
-20,5;-40,5;0,035847508538179
-20,5;-40;0,0523546538486726
-20,5;-39,5;0,0513000722120699
-20,5;-39;0,0846435179967675
-20,5;-38,5;0,0655938606259818
-20,5;-38;0,0276069032389107
-20,5;-37,5;0,0326371272147095
-20,5;-37;0,0627616473665669
-20,5;-36,5;0,0491006447954376
-20,5;-36;0,0630595710747562
-20,5;-35,5;0,0437969308109528
-20,5;-35;0,0315855979838913
-20,5;-34,5;0,0530187826767704
-20,5;-34;0,117990589459931
-20,5;-33,5;0,124353237537068
-20,5;-33;0,107709804235152
-20,5;-32,5;0,0718727862891344
-20,5;-32;0,0549542760100671
-20,5;-31,5;0,0736377581237208
-20,5;-31;0,0604167950031885
-20,5;-30,5;0,112294143461034
-20,5;-30;0,0429116396264114
-20,5;-29,5;0,0627499860063861
-20,5;-29;0,0629793409216079
-20,5;-28,5;0,289213261892227
-20,5;-28;0,314016039127194
-20,5;-27,5;0,051072823823765
-20,5;-27;0,0319024403843866
-20,5;-26,5;0,0469272853486416
-20,5;-26;0,0372148812025527
-20,5;-25,5;0,0259429178433324
-20,5;-25;0,0502318001524579
-20,5;-24,5;0,0741805564732274
-20,5;-24;0,028331542643138
-20,5;-23,5;0,243011138347364
-20,5;-23;0,158444102039408
-20,5;-22,5;0,0374751396015314
-20,5;-22;0,0444332802208499
-20,5;-21,5;0,0464989917363054
-20,5;-21;0,0419289080865855
-20,5;-20,5;0,0489792796467113
-20,5;-20;0,0505819085897717
-20,5;-19,5;0,048415097080811
-20,5;-19;0,0630269335492143
-20,5;-18,5;0,0410213963521195
-20,5;-18;0,0512479133486382
-20,5;-17,5;0,0871704079808521
-20,5;-17;0,21849017037803
-20,5;-16,5;0,246114294480307
-20,5;-16;0,0570261191939032
-20,5;-15,5;0,0899447963541225
-20,5;-15;0,0770636520924696
-20,5;-14,5;0,0545299801282044
-20,5;-14;0,0602601694034204
-20,5;-13,5;0,0485364493406816
-20,5;-13;0,0270048205063191
-20,5;-12,5;0,0467802096674323
-20,5;-12;0,10107827954136
-20,5;-11,5;0,040829586042706
-20,5;-11;0,0388175874626275
-20,5;-10,5;0,0429908696822134
-20,5;-10;0,0466054434092403
-20,5;-9,5;0,0537228642502491
-20,5;-9;0,0313954691331992
-20,5;-8,5;0,0468060972929986
-20,5;-8;0,0656002964785345
-20,5;-7,5;0,268393546877546
-20,5;-7;0,200087459871418
-20,5;-6,5;0,0870220144086284
-20,5;-6;0,0373540078281628
-20,5;-5,5;0,0430723924542802
-20,5;-5;0,191432233440453
-20,5;-4,5;0,207524903738218
-20,5;-4;0,0584640821194657
-20,5;-3,5;0,074425596531658
-20,5;-3;0,0490706348345437
-20,5;-2,5;0,0336787651545154
-20,5;-2;0,055122114933097
-20,5;-1,5;0,0978504871785494
-20,5;-1;0,147412155701925
-20,5;-0,5;0,185336445462788
-20,5;0;0,118963517148261
-20,5;0,5;0,0767052842308196
-20,5;1;0,0479011967760669
-20,5;1,5;0,11105582113421
-20,5;2;0,123721748809556
-20,5;2,5;0,152765058594605
-20,5;3;0,200629175181642
-20,5;3,5;0,096485098254274
-20,5;4;0,0676738704506745
-20,5;4,5;0,0823115175681371
-20,5;5;0,0551542013301775
-20,5;5,5;0,037300580871259
-20,5;6;0,0451693469575552
-20,5;6,5;0,0699669107152897
-20,5;7;0,0539471263087738
-20,5;7,5;0,0748363697102215
-20,5;8;0,0564836259459323
-20,5;8,5;0,109127448426141
-20,5;9;0,0871820749198356
-20,5;9,5;0,121172909377229
-20,5;10;0,276500372748589
-20,5;10,5;0,285190279862921
-20,5;11;0,116963216769782
-20,5;11,5;0,227845207049326
-20,5;12;0,100028679771651
-20,5;12,5;0,261804003465616
-20,5;13;0,150627713790353
-20,5;13,5;0,0629522590389795
-20,5;14;0,0382482846329782
-20,5;14,5;0,0690641362065423
-20,5;15;0,0369865260899576
-20,5;15,5;0,102759492845982
-20,5;16;0,04234885672836
-20,5;16,5;0,0704447029986485
-20,5;17;0,0680593364686029
-20,5;17,5;0,0599802497369339
-20,5;18;0,0587357694922691
-20,5;18,5;0,376798747894616
-20,5;19;0,11047810920814
-20,5;19,5;0,0383396349249391
-20,5;20;0,0684294976106846
-20,5;20,5;0,0457138314096805
-20,5;21;0,0411446115068206
-20,5;21,5;0,0213549480939653
-20,5;22;0,0435448157694134
-20,5;22,5;0,0541877061056952
-20,5;23;0,0305003748339881
-20,5;23,5;0,0221701670769122
-20,5;24;0,0159358983342188
-20,5;24,5;0,0528077768398353
-20,5;25;0,0848563970673355
-20,5;25,5;0,0934849855835374
-20,5;26;0,0463933123443978
-20,5;26,5;0,104947011046915
-20,5;27;0,0384248907660771
-20,5;27,5;0,0560018380739902
-20,5;28;0,0309777882157077
-20,5;28,5;0,0409870834682825
-20,5;29;0,0584778260763145
-20,5;29,5;0,0655918390940694
-20,5;30;0,0969418111419152
-20,5;30,5;0,095293744169247
-20,5;31;0,0864314699356699
-20,5;31,5;0,326631904619076
-20,5;32;0,343671856500083
-20,5;32,5;0,0671003477387909
-20,5;33;0,0593010211641512
-20,5;33,5;0,0219400698874609
-20,5;34;0,037019514373428
-20,5;34,5;0,058290469247733
-20,5;35;0,0430616731248066
-20,5;35,5;0,0697008915704404
-20,5;36;0,0619485105485489
-20,5;36,5;0,050445928147539
-20,5;37;0,0540656908282062
-20;-70;0
-20;-69,5;0
-20;-69;0
-20;-68,5;0
-20;-68;0
-20;-67,5;0
-20;-67;0
-20;-66,5;0
-20;-66;0
-20;-65,5;0
-20;-65;0
-20;-64,5;0
-20;-64;0
-20;-63,5;0
-20;-63;0,110472419723117
-20;-62,5;0,0722940536934415
-20;-62;0,0562203296175361
-20;-61,5;0,0916500099799487
-20;-61;0,0991466184398235
-20;-60,5;0,0424370682529409
-20;-60;0,0367695526217005
-20;-59,5;0,0756604255869606
-20;-59;0,0226274169979695
-20;-58,5;0
-20;-58;0,275500062889101
-20;-57,5;0,0815675005308925
-20;-57;0,0653992056340211
-20;-56,5;0,0403422855078886
-20;-56;0,0328734324580862
-20;-55,5;0,0291965128677444
-20;-55;0,0390416657385653
-20;-54,5;0,0171733690106107
-20;-54;0,0377259857392753
-20;-53,5;0,332808443533338
-20;-53;0,204472331735546
-20;-52,5;0,0529807299541906
-20;-52;0,0568314478066613
-20;-51,5;0,0523477062342825
-20;-51;0,0776787519768587
-20;-50,5;0,206657419428339
-20;-50;0,0451735711369562
-20;-49,5;0,0386872594466581
-20;-49;0,0932665583202302
-20;-48,5;0,0811356112092394
-20;-48;0,070262516991788
-20;-47,5;0,181429522500103
-20;-47;0,0718723158610744
-20;-46,5;0,0493798395413814
-20;-46;0,0362141931361933
-20;-45,5;0,121109509088937
-20;-45;0,133202518858846
-20;-44,5;0,0352794327526697
-20;-44;0,0272684069625073
-20;-43,5;0,0574342639708314
-20;-43;0,0714792451498435
-20;-42,5;0,301274951184737
-20;-42;0,343586535363237
-20;-41,5;0,0233440668799656
-20;-41;0,0410181420379107
-20;-40,5;0,0425725318645855
-20;-40;0,0570580630663955
-20;-39,5;0,0657814825275789
-20;-39;0,0490174225505444
-20;-38,5;0,0374043736355819
-20;-38;0,0333556675877442
-20;-37,5;0,0580773885247197
-20;-37;0,0404843274857049
-20;-36,5;0,0498798212569717
-20;-36;0,067726889362348
-20;-35,5;0,0238005013717404
-20;-35;0,0426277952235374
-20;-34,5;0,0499950204131942
-20;-34;0,122796199499701
-20;-33,5;0,156482732569081
-20;-33;0,0953086301770511
-20;-32,5;0,0568380353192575
-20;-32;0,032389842400918
-20;-31,5;0,0435466739248517
-20;-31;0,0490857067950564
-20;-30,5;0,0564205589885816
-20;-30;0,0487297446794966
-20;-29,5;0,0554695558423209
-20;-29;0,0497834463111047
-20;-28,5;0,283725085919742
-20;-28;0,323230465852119
-20;-27,5;0,0517873725528035
-20;-27;0,0287088531519411
-20;-26,5;0,0649309699141672
-20;-26;0,0515709199027352
-20;-25,5;0,0336045918743454
-20;-25;0,0434803128243782
-20;-24,5;0,0420650191990968
-20;-24;0,0409470547752319
-20;-23,5;0,0921304448622898
-20;-23;0,265393474191154
-20;-22,5;0,126768489775654
-20;-22;0,0529950008037818
-20;-21,5;0,033783871891777
-20;-21;0,0564567388438399
-20;-20,5;0,0726470438160192
-20;-20;0,0576768211890993
-20;-19,5;0,0343441463087224
-20;-19;0,0504454141341166
-20;-18,5;0,091552595941849
-20;-18;0,0913616282004542
-20;-17,5;0,168129161289864
-20;-17;0,15131379377746
-20;-16,5;0,0523955545345575
-20;-16;0,044138900113839
-20;-15,5;0,0785371663696712
-20;-15;0,0817895867539225
-20;-14,5;0,0395887154525702
-20;-14;0,038177741485106
-20;-13,5;0,0420068618951832
-20;-13;0,0429013106069108
-20;-12,5;0,0784226163125874
-20;-12;0,0710081010394106
-20;-11,5;0,0656971912385843
-20;-11;0,0443757931679395
-20;-10,5;0,0419197432725089
-20;-10;0,0521874653791476
-20;-9,5;0,057317042992176
-20;-9;0,041111073668189
-20;-8,5;0,0342697209516606
-20;-8;0,0819378401098862
-20;-7,5;0,0725575165457233
-20;-7;0,0811426066813707
-20;-6,5;0,0599409994576163
-20;-6;0,033406627053512
-20;-5,5;0,0346241905754164
-20;-5;0,300814952843674
-20;-4,5;0,194653919595094
-20;-4;0,0511550370454958
-20;-3,5;0,068225298257421
-20;-3;0,0375568886884308
-20;-2,5;0,0335147662840527
-20;-2;0,0644301050136194
-20;-1,5;0,138957235726973
-20;-1;0,147167312461507
-20;-0,5;0,130144376568158
-20;0;0,116027428745811
-20;0,5;0,0298438716465655
-20;1;0,0817032226597309
-20;1,5;0,0977740016319521
-20;2;0,0783037924527536
-20;2,5;0,101796598433088
-20;3;0,0657301639786062
-20;3,5;0,050227105340692
-20;4;0,0677282207700334
-20;4,5;0,161638433311046
-20;5;0,134198393478687
-20;5,5;0,106625666510772
-20;6;0,0801178995212147
-20;6,5;0,0516028406974275
-20;7;0,0718097664804967
-20;7,5;0,181875912804313
-20;8;0,136325918380948
-20;8,5;0,116319336119074
-20;9;0,0912734356536578
-20;9,5;0,0797514890143124
-20;10;0,211820697660922
-20;10,5;0,156636114175078
-20;11;0,225591717266303
-20;11,5;0,0887807262606693
-20;12;0,098468108134356
-20;12,5;0,239220491741391
-20;13;0,164405770707089
-20;13,5;0,132957808899547
-20;14;0,0253917127371585
-20;14,5;0,0632445303559612
-20;15;0,363748243103939
-20;15,5;0,0354151191388023
-20;16;0,0349566767451596
-20;16,5;0,0441647100264636
-20;17;0,0408934493786078
-20;17,5;0,0404587198410724
-20;18;0,0377033654542701
-20;18,5;0,0560623944112659
-20;19;0,0544561189450251
-20;19,5;0,0452723161401717
-20;20;0,0330505077786374
-20;20,5;0,0329698342441956
-20;21;0,0460652887179582
-20;21,5;0,0382681970722662
-20;22;0,04618649964625
-20;22,5;0,0558445509666584
-20;23;0,035190228812225
-20;23,5;0,0233678218158803
-20;24;0,014354797946667
-20;24,5;0,0514176536148981
-20;25;0,0424369854651026
-20;25,5;0,306560952163357
-20;26;0,335463346594445
-20;26,5;0,304195444326477
-20;27;0,0713519545102261
-20;27,5;0,0515592014059916
-20;28;0,043573613813428
-20;28,5;0,0680850767552455
-20;29;0,0715143498199517
-20;29,5;0,0760086229285446
-20;30;0,0845936075089161
-20;30,5;0,0314466140448176
-20;31;0,100773668146897
-20;31,5;0,328620453449073
-20;32;0,308961162607859
-20;32,5;0,0148492424049175
-20;33;0,0302605353554758
-20;33,5;0,0178978583448784
-20;34;0,0602937926365503
-20;34,5;0
-20;35;0,0275740469144648
-20;35,5;0,0566560214090679
-20;36;0,0810125985606012
-20;36,5;0,0607767981751965
-20;37;0,0473399056469979
-19,5;-70;0
-19,5;-69,5;0
-19,5;-69;0
-19,5;-68,5;0
-19,5;-68;0
-19,5;-67;0
-19,5;-66,5;0
-19,5;-66;0
-19,5;-65,5;0
-19,5;-65;0
-19,5;-64,5;0
-19,5;-64;0
-19,5;-63,5;0
-19,5;-63;0,0987076491463554
-19,5;-62,5;0,0653515795323144
-19,5;-62;0,0593186311372742
-19,5;-61,5;0,0796946593054046
-19,5;-61;0,0605473408813705
-19,5;-60,5;0,0570263609916784
-19,5;-60;0,0467739243596258
-19,5;-59,5;0
-19,5;-59;0,0370720020140986
-19,5;-58,5;0,0990042469245179
-19,5;-58;0,0824545844898958
-19,5;-57,5;0,0546948430627138
-19,5;-57;0,0731446132929932
-19,5;-56,5;0,0472229178286769
-19,5;-56;0,0300530233175685
-19,5;-55,5;0,0246376822086694
-19,5;-55;0,0309294723211457
-19,5;-54,5;0,0513948094342377
-19,5;-54;0,0230249347240686
-19,5;-53,5;0,244791518225117
-19,5;-53;0,301173992283819
-19,5;-52,5;0,051075386197653
-19,5;-52;0,0317674488918408
-19,5;-51,5;0,0331129624592588
-19,5;-51;0,114682530457816
-19,5;-50,5;0,305551390780037
-19,5;-50;0,0550344916968043
-19,5;-49,5;0,0313350273558831
-19,5;-49;0,164592221904923
-19,5;-48,5;0,164447765195749
-19,5;-48;0,124461625059758
-19,5;-47,5;0,0514476065041475
-19,5;-47;0,0308455590255017
-19,5;-46,5;0,0690035867253454
-19,5;-46;0,129899979975369
-19,5;-45,5;0,069938761000804
-19,5;-45;0,0941882747981153
-19,5;-44,5;0,0243696025500008
-19,5;-44;0,0492453934082146
-19,5;-43,5;0,0673883462135502
-19,5;-43;0,0537078948250438
-19,5;-42,5;0,126381666143846
-19,5;-42;0,230376945522793
-19,5;-41,5;0,0349946991733342
-19,5;-41;0,0429658645640061
-19,5;-40,5;0,08778689313561
-19,5;-40;0,0483811015969618
-19,5;-39,5;0,0938621370431556
-19,5;-39;0,0194083425537515
-19,5;-38,5;0,0359116319334453
-19,5;-38;0,0299597745796637
-19,5;-37,5;0,0367881198196275
-19,5;-37;0,0234991730589351
-19,5;-36,5;0,0287821732740774
-19,5;-36;0,0565622874974729
-19,5;-35,5;0,0396514143993067
-19,5;-35;0,0427535368825362
-19,5;-34,5;0,0516809865400023
-19,5;-34;0,057348620951762
-19,5;-33,5;0,105316018601658
-19,5;-33;0,0371049383004607
-19,5;-32,5;0,0466149365646288
-19,5;-32;0,043512204894603
-19,5;-31,5;0,073127618740046
-19,5;-31;0,0347956660426286
-19,5;-30,5;0,0390533522897698
-19,5;-30;0,0329465674773556
-19,5;-29,5;0,04763030119878
-19,5;-29;0,074848471353207
-19,5;-28,5;0,0476565970214977
-19,5;-28;0,0465425084886787
-19,5;-27,5;0,0659750276238855
-19,5;-27;0,0346651395616179
-19,5;-26,5;0,0569402543196241
-19,5;-26;0,0375885291101043
-19,5;-25,5;0,0478061440660959
-19,5;-25;0,0458586146153071
-19,5;-24,5;0,0424986274288163
-19,5;-24;0,0756335645606782
-19,5;-23,5;0,141246153559369
-19,5;-23;0,0551342301418396
-19,5;-22,5;0,122724083011299
-19,5;-22;0,1624239330334
-19,5;-21,5;0,0492187211017013
-19,5;-21;0,0488366803730788
-19,5;-20,5;0,0632926442442327
-19,5;-20;0,0439519208893338
-19,5;-19,5;0,0269942499744009
-19,5;-19;0,0416247668880847
-19,5;-18,5;0,0677479935762589
-19,5;-18;0,0757041017335504
-19,5;-17,5;0,0412368453020878
-19,5;-17;0,0625112243364668
-19,5;-16,5;0,0261861922903401
-19,5;-16;0,0323964575561106
-19,5;-15,5;0,0518144602597674
-19,5;-15;0,0969780753956172
-19,5;-14,5;0,0745454490022171
-19,5;-14;0,0426119349155278
-19,5;-13,5;0,0337794785046199
-19,5;-13;0,0353632897077346
-19,5;-12,5;0,0572504730693701
-19,5;-12;0,0380546511458087
-19,5;-11,5;0,0314157801060139
-19,5;-11;0,0544376270070599
-19,5;-10,5;0,0890665829497635
-19,5;-10;0,0927353747203186
-19,5;-9,5;0,0321703422661487
-19,5;-9;0,039970307505618
-19,5;-8,5;0,239657746378975
-19,5;-8;0,22531834320606
-19,5;-7,5;0,0303144629948588
-19,5;-7;0,085897889280937
-19,5;-6,5;0,25525315824371
-19,5;-6;0,0539721219233002
-19,5;-5,5;0,256489746007833
-19,5;-5;0,117106332505752
-19,5;-4,5;0,0887602428807709
-19,5;-4;0,0418799576646693
-19,5;-3,5;0,0557274630477743
-19,5;-3;0,0350486065912694
-19,5;-2,5;0,0336937490306926
-19,5;-2;0,0758815303790129
-19,5;-1,5;0,106142006873483
-19,5;-1;0,12394651709081
-19,5;-0,5;0,120172737680221
-19,5;0;0,0647579820480692
-19,5;0,5;0,0637897055701908
-19,5;1;0,0967566785587396
-19,5;1,5;0,12052384448094
-19,5;2;0,0661240187292873
-19,5;2,5;0,0819860541147513
-19,5;3;0,15890189836618
-19,5;3,5;0,196536894396718
-19,5;4;0,116360544006003
-19,5;4,5;0,105979074854797
-19,5;5;0,231988933887425
-19,5;5,5;0,0749872117157583
-19,5;6;0,0716607666452884
-19,5;6,5;0,0619804725486476
-19,5;7;0,0947616474119044
-19,5;7,5;0,217200362422033
-19,5;8;0,0708483257509166
-19,5;8,5;0,1052599399519
-19,5;9;0,0990713707454248
-19,5;9,5;0,0523393988518812
-19,5;10;0,0686343368794334
-19,5;10,5;0,0457273240553841
-19,5;11;0,192544691602918
-19,5;11,5;0,141750190502941
-19,5;12;0,251637316346124
-19,5;12,5;0,116599192715546
-19,5;13;0,119881049505249
-19,5;13,5;0,13122706956451
-19,5;14;0,146910132158041
-19,5;14,5;0,105495185397053
-19,5;15;0,388987705051255
-19,5;15,5;0,0561366774647071
-19,5;16;0,0314556613695134
-19,5;16,5;0,0412355342990944
-19,5;17;0,0385970477561525
-19,5;17,5;0,0512604824951645
-19,5;18;0,039583855242783
-19,5;18,5;0,0481786519395984
-19,5;19;0,0786727970489308
-19,5;19,5;0,0814739204601098
-19,5;20;0,0305669495303774
-19,5;20,5;0,0231477735751757
-19,5;21;0,0268259595110582
-19,5;21,5;0,0279703659846622
-19,5;22;0,0238661951468109
-19,5;22,5;0,0294012661935079
-19,5;23;0,0475902219642428
-19,5;23,5;0,0272404738829365
-19,5;24;0,0386930223507485
-19,5;24,5;0,0337340167234428
-19,5;25;0,108468350489215
-19,5;25,5;0,25067349180747
-19,5;26;0,228926345435853
-19,5;26,5;0,3163908916461
-19,5;27;0,061509959916818
-19,5;27,5;0,0444073421021854
-19,5;28;0,0448046071171281
-19,5;28,5;0,0664466579257185
-19,5;29;0,053453380701022
-19,5;29,5;0,101318722895711
-19,5;30;0,0403780483982675
-19,5;30,5;0,105985236225644
-19,5;31;0,0545205100305015
-19,5;31,5;0,103031414987319
-19,5;32;0,0439694102966523
-19,5;32,5;0,0229709962053601
-19,5;33;0,0271936140860097
-19,5;33,5;0,0273221521846285
-19,5;34;0,0564633482347403
-19,5;34,5;0,0514473841252724
-19,5;35;0,0260176536346688
-19,5;35,5;0,0668858162714686
-19,5;36;0,0714397993245798
-19,5;36,5;0,0014142135623731
-19;-70;0
-19;-69,5;0
-19;-69;0,0807721663516762
-19;-68,5;0
-19;-68;0
-19;-67,5;0
-19;-67;0,0268700576850888
-19;-66,5;0
-19;-66;0
-19;-65,5;0
-19;-65;0,300278323274544
-19;-64,5;0
-19;-64;0
-19;-63,5;0
-19;-63;0,0724149834258174
-19;-62,5;0,093286835152974
-19;-62;0,114870291300795
-19;-61,5;0,0727543813113685
-19;-61;0,0511264323800526
-19;-60,5;0,088825968227647
-19;-60;0,0710245653903555
-19;-59,5;0,0555699395520472
-19;-59;0,0424166607507439
-19;-58,5;0,066970352013264
-19;-58;0,0272569931973598
-19;-57,5;0,0231077619203734
-19;-57;0,0520376237516115
-19;-56,5;0,0428198504523332
-19;-56;0,0498876889884172
-19;-55,5;0,0461399955954526
-19;-55;0,0555903383177843
-19;-54,5;0,056750498214721
-19;-54;0,0599396919133446
-19;-53,5;0,0961665222413705
-19;-53;0,170151989327473
-19;-52,5;0,044878929810588
-19;-52;0,0281879696440354
-19;-51,5;0,083869235720915
-19;-51;0,0493803860947259
-19;-50,5;0,0579898713123695
-19;-50;0,0523867090155083
-19;-49,5;0,0249974647837343
-19;-49;0,133685647625137
-19;-48,5;0,219139596511195
-19;-48;0,199915416017127
-19;-47,5;0,0838267704228962
-19;-47;0,0301329767766953
-19;-46,5;0,104231889948806
-19;-46;0,0976686475825303
-19;-45,5;0,137462147366722
-19;-45;0,0653943979590552
-19;-44,5;0,0237889762801319
-19;-44;0,0909047570398011
-19;-43,5;0,357491886849827
-19;-43;0,30249764929414
-19;-42,5;0,132978971079307
-19;-42;0,0933302755264072
-19;-41,5;0,0628925358406526
-19;-41;0,0414598381618497
-19;-40,5;0,0723798583646085
-19;-40;0,062356542107855
-19;-39,5;0,0445085925716006
-19;-39;0,0347463759873991
-19;-38,5;0,0401386954949094
-19;-38;0,0370245111852857
-19;-37,5;0,0414870982256569
-19;-37;0,0325894749812239
-19;-36,5;0,0391962119150022
-19;-36;0,0241224782961494
-19;-35,5;0,0398299607118576
-19;-35;0,0275563059933657
-19;-34,5;0,0430463473076279
-19;-34;0,0641545579072561
-19;-33,5;0,0617467122511733
-19;-33;0,0350685043878407
-19;-32,5;0,0408207429850467
-19;-32;0,165966311842695
-19;-31,5;0,309838430747453
-19;-31;0,0676416949674653
-19;-30,5;0,0704997586264418
-19;-30;0,0553422422215136
-19;-29,5;0,0591997041545715
-19;-29;0,0660791744824002
-19;-28,5;0,0573301748608866
-19;-28;0,0480682036678795
-19;-27,5;0,220980280959643
-19;-27;0,231485140149844
-19;-26,5;0,0456585150875497
-19;-26;0,0414086401864836
-19;-25,5;0,0433599325017518
-19;-25;0,0352781450853238
-19;-24,5;0,0300271708913034
-19;-24;0,0546309027674821
-19;-23,5;0,0594959671758754
-19;-23;0,0631749647471124
-19;-22,5;0,0447792457952843
-19;-22;0,177642308994517
-19;-21,5;0,221748227295146
-19;-21;0,0518216492726093
-19;-20,5;0,0288883549608073
-19;-20;0,0467878807505102
-19;-19,5;0,0415609678615258
-19;-19;0,0749882966075319
-19;-18,5;0,0710131278361182
-19;-18;0,0276866244521379
-19;-17,5;0,0336438443769854
-19;-17;0,0497080941909783
-19;-16,5;0,173324744966294
-19;-16;0,11609967434818
-19;-15,5;0,0339322814517077
-19;-15;0,0457905354903813
-19;-14,5;0,0627199534596724
-19;-14;0,041495706572028
-19;-13,5;0,0340046079360069
-19;-13;0,0243807662530405
-19;-12,5;0,0514797373816295
-19;-12;0,048222628514282
-19;-11,5;0,233555639574084
-19;-11;0,0688821987183589
-19;-10,5;0,102970495118814
-19;-10;0,117896027580779
-19;-9,5;0,0609408717195478
-19;-9;0,041485949694307
-19;-8,5;0,0326369903712929
-19;-8;0,0304979202650913
-19;-7,5;0,230307136227354
-19;-7;0,0844546261864767
-19;-6,5;0,222800920414932
-19;-6;0,233198708408314
-19;-5,5;0,146318842665626
-19;-5;0,0735421863153665
-19;-4,5;0,0907582540329942
-19;-4;0,0578339613020741
-19;-3,5;0,0426360937531619
-19;-3;0,0599169902446953
-19;-2,5;0,0390448378030395
-19;-2;0,0439382748670318
-19;-1,5;0,058355131430902
-19;-1;0,0928410920111191
-19;-0,5;0,0383907827217991
-19;0;0,0464634490034131
-19;0,5;0,0786855991367972
-19;1;0,0536644506850367
-19;1,5;0,144826187709491
-19;2;0,117584040413136
-19;2,5;0,190709025351535
-19;3;0,11302772116315
-19;3,5;0,141765466666078
-19;4;0,103762470575108
-19;4,5;0,0916759579741291
-19;5;0,157299674523001
-19;5,5;0,0671933914809305
-19;6;0,087987020907529
-19;6,5;0,0620102403202245
-19;7;0,0805715960020928
-19;7,5;0,0931190705853439
-19;8;0,0357284235299276
-19;8,5;0,0715656097673835
-19;9;0,0922292217187317
-19;9,5;0,0712033627753873
-19;10;0,0933089333512941
-19;10,5;0,0572097717456841
-19;11;0,118633767578177
-19;11,5;0,169107323330382
-19;12;0,0699889357394316
-19;12,5;0,172843970866375
-19;13;0,130567960915238
-19;13,5;0,0636136214051898
-19;14;0,0668701803311057
-19;14,5;0,0835543764934987
-19;15;0,0374220006778248
-19;15,5;0,0356391415125778
-19;16;0,0493333991116847
-19;16,5;0,0965762132321209
-19;17;0,0838886702486615
-19;17,5;0,0324778894692344
-19;18;0,0545065309416871
-19;18,5;0,0858020285347992
-19;19;0,0977789946806894
-19;19,5;0,0865988526165896
-19;20;0,0397535029421129
-19;20,5;0,0374912152005227
-19;21;0,0351717255439396
-19;21,5;0,0277671671752684
-19;22;0,0331077234227153
-19;22,5;0,0220000615037143
-19;23;0,0498176835592981
-19;23,5;0,0579549224761425
-19;24;0,0418512583286508
-19;24,5;0,0311602429997209
-19;25;0,0600448856440831
-19;25,5;0,211691071563291
-19;26;0,127088869829029
-19;26,5;0,130589527770443
-19;27;0,0333641445896733
-19;27,5;0,0362072022945886
-19;28;0,0401920686324103
-19;28,5;0,0652365856847309
-19;29;0,0591464315601573
-19;29,5;0,0607007123762732
-19;30;0,100084115566254
-19;30,5;0,066710393293109
-19;31;0,110198885617074
-19;31,5;0,105375819720935
-19;32;0,0680871572002368
-19;32,5;0
-19;33;0,0143028468694672
-19;33,5;0,0377833955625636
-19;34;0,0593416259587532
-19;34,5;0,0608764858058033
-19;35;0,0609316557026532
-19;35,5;0,0567880188505227
-19;36;0,0463851628576782
-19;36,5;0
-18,5;-70;0
-18,5;-69,5;0
-18,5;-69;0
-18,5;-68,5;0,362689950232978
-18,5;-68;0,266398982259538
-18,5;-67,5;0,0544022058376313
-18,5;-67;0
-18,5;-66,5;0
-18,5;-66;0
-18,5;-65,5;0
-18,5;-65;0,292961546413122
-18,5;-64,5;0
-18,5;-64;0
-18,5;-63,5;0
-18,5;-63;0,118862315306408
-18,5;-62,5;0,112397552639537
-18,5;-62;0,107457318954203
-18,5;-61,5;0,0415239981726522
-18,5;-61;0,0348012041389922
-18,5;-60,5;0,0466877928371004
-18,5;-60;0,0536903619913317
-18,5;-59,5;0,0423865954907668
-18,5;-59;0,0630611752820782
-18,5;-58,5;0,043379706319636
-18,5;-58;0,0335403220314064
-18,5;-57,5;0,0358068517274366
-18,5;-57;0,0464266446486641
-18,5;-56,5;0,0384769710072909
-18,5;-56;0,0323551272307985
-18,5;-55,5;0,055410588639116
-18,5;-55;0
-18,5;-54,5;0,135685203168858
-18,5;-54;0,0632787081558191
-18,5;-53,5;0,0400441874160634
-18,5;-53;0,0377502531010774
-18,5;-52,5;0,0301391908863845
-18,5;-52;0,099160475997244
-18,5;-51,5;0,126988989714746
-18,5;-51;0,0990252280358182
-18,5;-50,5;0,0771857361313466
-18,5;-50;0,0324192387673357
-18,5;-49,5;0,0789097697285192
-18,5;-49;0,0541133117176403
-18,5;-48,5;0,220679215517946
-18,5;-48;0,161334873372062
-18,5;-47,5;0,103702347519162
-18,5;-47;0,0221120129888948
-18,5;-46,5;0,0780566492545029
-18,5;-46;0,122534542906385
-18,5;-45,5;0,0787602287772361
-18,5;-45;0,0767041527169498
-18,5;-44,5;0,0819315376685205
-18,5;-44;0,0841457792824609
-18,5;-43,5;0,150385036444906
-18,5;-43;0,118301450892871
-18,5;-42,5;0,0694757527234745
-18,5;-42;0,0410859167349501
-18,5;-41,5;0,0555943506734409
-18,5;-41;0,0401211418569977
-18,5;-40,5;0,0593899752503035
-18,5;-40;0,0689676787121258
-18,5;-39,5;0,0415904590444119
-18,5;-39;0,062046411717451
-18,5;-38,5;0,0542542250739548
-18,5;-38;0,0477387380128016
-18,5;-37,5;0,0458209247272154
-18,5;-37;0,0358174816374167
-18,5;-36,5;0,0355367003649626
-18,5;-36;0,0391099671654227
-18,5;-35,5;0,07009255692503
-18,5;-35;0,0413684662514819
-18,5;-34,5;0,0515831540205859
-18,5;-34;0,0604137045915853
-18,5;-33,5;0,0726783680269677
-18,5;-33;0,0569488787720042
-18,5;-32,5;0,053374858145888
-18,5;-32;0,142757185632061
-18,5;-31,5;0,186291353313994
-18,5;-31;0,074461879029282
-18,5;-30,5;0,0547970410011283
-18,5;-30;0,0888101381240273
-18,5;-29,5;0,0643844919985967
-18,5;-29;0,029917876576438
-18,5;-28,5;0,0522698747574789
-18,5;-28;0,0407282957798996
-18,5;-27,5;0,231791026632931
-18,5;-27;0,207638498308981
-18,5;-26,5;0,0514756911436018
-18,5;-26;0,0258735559279845
-18,5;-25,5;0,039700171048337
-18,5;-25;0,0438851886131793
-18,5;-24,5;0,0383062276906746
-18,5;-24;0,0374770655304194
-18,5;-23,5;0,0547558228660756
-18,5;-23;0,0362848586380952
-18,5;-22,5;0,0447328156210676
-18,5;-22;0,0739607814918119
-18,5;-21,5;0,168318823393404
-18,5;-21;0,306294085262296
-18,5;-20,5;0,0332465599206365
-18,5;-20;0,0483881146757474
-18,5;-19,5;0,246359173894506
-18,5;-19;0,0435536042782149
-18,5;-18,5;0,0593174545013357
-18,5;-18;0,047601758480841
-18,5;-17,5;0,0316205594449928
-18,5;-17;0,0424254491170379
-18,5;-16,5;0,22418780712834
-18,5;-16;0,170562256473504
-18,5;-15,5;0,03313071822883
-18,5;-15;0,0443709739957704
-18,5;-14,5;0,0750306383700344
-18,5;-14;0,033290657943875
-18,5;-13,5;0,0405341861634582
-18,5;-13;0,038057713169349
-18,5;-12,5;0,0511082993696993
-18,5;-12;0,0320152490354034
-18,5;-11,5;0,0728592590227512
-18,5;-11;0,0836896992245911
-18,5;-10,5;0,0515484072693912
-18,5;-10;0,0703665980897312
-18,5;-9,5;0,0942139526318868
-18,5;-9;0,0967690378903029
-18,5;-8,5;0,028852507995508
-18,5;-8;0,0359852529482852
-18,5;-7,5;0,190672756313009
-18,5;-7;0,0813625579749087
-18,5;-6,5;0,25853097629197
-18,5;-6;0,236286690124459
-18,5;-5,5;0,0621107170822442
-18,5;-5;0,0409114898286533
-18,5;-4,5;0,0700205847084496
-18,5;-4;0,0337469652843614
-18,5;-3,5;0,0242929368070533
-18,5;-3;0,0650400388427088
-18,5;-2,5;0,0499216121071015
-18,5;-2;0,0796465575824759
-18,5;-1,5;0,0840274302240209
-18,5;-1;0,0389018256847728
-18,5;-0,5;0,0455600876488965
-18,5;0;0,0989353481065832
-18,5;0,5;0,0956782276089017
-18,5;1;0,0776400657505239
-18,5;1,5;0,118786243999491
-18,5;2;0,235040146705883
-18,5;2,5;0,196493156165272
-18,5;3;0,0846135234805131
-18,5;3,5;0,131270258252791
-18,5;4;0,0674741556669551
-18,5;4,5;0,125178995332221
-18,5;5;0,142495108766613
-18,5;5,5;0,0929056912479901
-18,5;6;0,102563282029819
-18,5;6,5;0,0719747543664196
-18,5;7;0,0882001105675737
-18,5;7,5;0,0615731647866888
-18,5;8;0,141634128818873
-18,5;8,5;0,0486165266824633
-18,5;9;0,0870071092057517
-18,5;9,5;0,0711322421112156
-18,5;10;0,078290882348797
-18,5;10,5;0,0866402979764182
-18,5;11;0,075572788850236
-18,5;11,5;0,0508364541186934
-18,5;12;0,0404100785346236
-18,5;12,5;0,0420609126193235
-18,5;13;0,0490452646011618
-18,5;13,5;0,0263963142977299
-18,5;14;0,037834119707416
-18,5;14,5;0,0250490433335842
-18,5;15;0,0383825184779953
-18,5;15,5;0,0405013215530014
-18,5;16;0,0409367465257953
-18,5;16,5;0,109544263162413
-18,5;17;0,100604734511772
-18,5;17,5;0,0284840979914028
-18,5;18;0,0558096108987123
-18,5;18,5;0,301862965914493
-18,5;19;0,299771012776121
-18,5;19,5;0,0824131319207981
-18,5;20;0,0402760106412487
-18,5;20,5;0,044005064033719
-18,5;21;0,0253611571555018
-18,5;21,5;0,0406965453345236
-18,5;22;0,047466026230049
-18,5;22,5;0,016593122441209
-18,5;23;0,0360028619671369
-18,5;23,5;0,0509724894219534
-18,5;24;0,0668772779658626
-18,5;24,5;0,0182737584453331
-18,5;25;0,0239775674224013
-18,5;25,5;0,0706717091642085
-18,5;26;0,0414678813101944
-18,5;26,5;0,0271704546366968
-18,5;27;0,0425453367112956
-18,5;27,5;0,0499211220187113
-18,5;28;0,0572117570829183
-18,5;28,5;0,0548285673246328
-18,5;29;0,0456227289838453
-18,5;29,5;0,295441337450567
-18,5;30;0,137366478007472
-18,5;30,5;0,0460253212490519
-18,5;31;0,0640979285503396
-18,5;31,5;0,110331280258632
-18,5;32;0,0581532325974959
-18,5;32,5;0
-18,5;33;0,0226068889626907
-18,5;33,5;0,0394621030326258
-18,5;34;0,0482331621504799
-18,5;34,5;0,032318136649902
-18,5;35;0,0430827553613254
-18,5;35,5;0,0472429750630764
-18,5;36;0,0654021746155619
-18;-70;0
-18;-69,5;0
-18;-69;0
-18;-68,5;0,260545547156072
-18;-68;0,328869497926863
-18;-67,5;0,0417193000900063
-18;-67;0
-18;-66,5;0
-18;-66;0
-18;-65,5;0
-18;-65;0
-18;-64,5;0
-18;-64;0
-18;-63,5;0
-18;-63;0
-18;-62,5;0,0540450835195171
-18;-62;0,10270986406607
-18;-61,5;0,0307291031072789
-18;-61;0,074850712532792
-18;-60,5;0
-18;-60;0,0538982683704526
-18;-59,5;0,0524574104115404
-18;-59;0,0541596828076944
-18;-58,5;0,00989949493661166
-18;-58;0,0360029300975595
-18;-57,5;0,0506036459704955
-18;-57;0,047777427093582
-18;-56,5;0,0531276150251531
-18;-56;0,0468300398417399
-18;-55,5;0,0301114596125794
-18;-55;0,0291336003038874
-18;-54,5;0,0488754601621366
-18;-54;0,0395914004753133
-18;-53,5;0,0397910714241193
-18;-53;0,0332475664282466
-18;-52,5;0,0366688348366274
-18;-52;0,0909976190164702
-18;-51,5;0,191749337472265
-18;-51;0,0965868532388297
-18;-50,5;0,0349262292817517
-18;-50;0,0370313057338749
-18;-49,5;0,075731358342259
-18;-49;0,0883638644979927
-18;-48,5;0,0742992299971431
-18;-48;0,191887905289006
-18;-47,5;0,158778701102674
-18;-47;0,0467043552964064
-18;-46,5;0,0865942215197026
-18;-46;0,148380661186137
-18;-45,5;0,149565466135857
-18;-45;0,0645088189265487
-18;-44,5;0,131338172008124
-18;-44;0,0981977213128822
-18;-43,5;0,135436098248808
-18;-43;0,0933534388392551
-18;-42,5;0,0951949686237779
-18;-42;0,159186920639011
-18;-41,5;0,0542506967667141
-18;-41;0,0591575990333289
-18;-40,5;0,0583254466733774
-18;-40;0,0853806611644871
-18;-39,5;0,0700640490525875
-18;-39;0,0506327157900098
-18;-38,5;0,0456421973286908
-18;-38;0,0623735479086025
-18;-37,5;0,0371839849867628
-18;-37;0,0465330558804737
-18;-36,5;0,0557312782288924
-18;-36;0,0758708037614587
-18;-35,5;0,0637310537717219
-18;-35;0,0434698840787533
-18;-34,5;0,0371133135035891
-18;-34;0,0540487893050747
-18;-33,5;0,0589518164831811
-18;-33;0,0431822743197599
-18;-32,5;0,0494819136616029
-18;-32;0,0464335109230297
-18;-31,5;0,0479379074971636
-18;-31;0,0859535623231118
-18;-30,5;0,102010999784999
-18;-30;0,0888847233646989
-18;-29,5;0,0682532302790584
-18;-29;0,0289147483505617
-18;-28,5;0,0526242881422575
-18;-28;0,081648566611742
-18;-27,5;0,0754782190034954
-18;-27;0,081147054577478
-18;-26,5;0,0594206406430902
-18;-26;0,0286278053589412
-18;-25,5;0,0534314820890916
-18;-25;0,0575489993390847
-18;-24,5;0,0483517392269866
-18;-24;0,04987243601379
-18;-23,5;0,0508259629755964
-18;-23;0,0661854717190009
-18;-22,5;0,0485799426169777
-18;-22;0,0688171851501411
-18;-21,5;0,0362304369602992
-18;-21;0,159979413276135
-18;-20,5;0,222036679520168
-18;-20;0,0527420695016493
-18;-19,5;0,339347115614724
-18;-19;0,287289612804474
-18;-18,5;0,0665210493002027
-18;-18;0,0492831351525886
-18;-17,5;0,0421415380432435
-18;-17;0,227626031750717
-18;-16,5;0,0415461275722954
-18;-16;0,046993720640255
-18;-15,5;0,272968405774302
-18;-15;0,0986713958177195
-18;-14,5;0,0501699274998913
-18;-14;0,0728371956683474
-18;-13,5;0,0394561338878686
-18;-13;0,05326770971303
-18;-12,5;0,0321986088709301
-18;-12;0,0347626767881731
-18;-11,5;0,0267657576975502
-18;-11;0,0569170497387574
-18;-10,5;0,0335442493829668
-18;-10;0,0340355388724211
-18;-9,5;0,256949615603288
-18;-9;0,124510928636254
-18;-8,5;0,177095083486361
-18;-8;0,212482152872321
-18;-7,5;0,0406651768909253
-18;-7;0,162925202970828
-18;-6,5;0,299249014810431
-18;-6;0,0760002759651484
-18;-5,5;0,0644069427156145
-18;-5;0,0330410984582508
-18;-4,5;0,0421242862333695
-18;-4;0,0215226384753856
-18;-3,5;0,0508650688995875
-18;-3;0,0580089394174863
-18;-2,5;0,0700259277905239
-18;-2;0,076964309350698
-18;-1,5;0,0582889787354077
-18;-1;0,0379800690396648
-18;-0,5;0,0972883434883722
-18;0;0,133376247733184
-18;0,5;0,132398085703115
-18;1;0,101317141557686
-18;1,5;0,213437994683165
-18;2;0,278490661920456
-18;2,5;0,265500868859915
-18;3;0,15250867427229
-18;3,5;0,112430126448979
-18;4;0,0923417994370339
-18;4,5;0,0427898582304291
-18;5;0,0346478247958714
-18;5,5;0,0888544650897554
-18;6;0,0741134927251548
-18;6,5;0,0689173608077769
-18;7;0,0876660645035821
-18;7,5;0,0733434196571952
-18;8;0,118516635858459
-18;8,5;0,141531666189709
-18;9;0,0785850708524306
-18;9,5;0,0831972555637104
-18;10;0,125682520684102
-18;10,5;0,0903099617405197
-18;11;0,0548262297767603
-18;11,5;0,0396067437808707
-18;12;0,0366463887248656
-18;12,5;0,0499626482979089
-18;13;0,0467325977922657
-18;13,5;0,0258444371256792
-18;14;0,0335721863241954
-18;14,5;0,0561440927182371
-18;15;0,0315011393523487
-18;15,5;0,0349289540387159
-18;16;0,039775283643828
-18;16,5;0,0683095139332827
-18;17;0,0507175067386879
-18;17,5;0,0442591496421251
-18;18;0,0402481573331521
-18;18,5;0,283555659044326
-18;19;0,340500642394239
-18;19,5;0,0762874547332263
-18;20;0,0338887523973809
-18;20,5;0,0525507249473682
-18;21;0,097853521502706
-18;21,5;0,0452386939498131
-18;22;0,0670468878926172
-18;22,5;0,0274184083316716
-18;23;0,042647508703038
-18;23,5;0,0402162902316959
-18;24;0,0286904553273516
-18;24,5;0,0710992904413794
-18;25;0,0183832035695512
-18;25,5;0,0380904317609493
-18;26;0,0624897327384087
-18;26,5;0,035927945094996
-18;27;0,0398287491124359
-18;27,5;0,0467244956250092
-18;28;0,0415980789017323
-18;28,5;0,0548600383660439
-18;29;0,12813077158588
-18;29,5;0,345774943006777
-18;30;0,081369319487422
-18;30,5;0,0513867408469414
-18;31;0,0514920936580967
-18;31,5;0,0449091675867337
-18;32;0,0275677136516403
-18;32,5;0,0373938353840734
-18;33;0,0413617782898258
-18;33,5;0,0594536398727416
-18;34;0,0130511813003013
-18;34,5;0,0177361616076148
-18;35;0,069108127838434
-18;35,5;0,0242301994234997
-18;36;0,0392428337406972
-17,5;-70;0
-17,5;-69,5;0
-17,5;-69;0
-17,5;-68,5;0
-17,5;-68;0,123278358082141
-17,5;-67,5;0,0774687725105136
-17,5;-67;0,0706690251178769
-17,5;-66,5;0
-17,5;-66;0
-17,5;-65,5;0
-17,5;-65;0,0344134525191198
-17,5;-64,5;0
-17,5;-64;0
-17,5;-63,5;0
-17,5;-63;0,0474447046571058
-17,5;-62,5;0,0260537905111713
-17,5;-62;0,0185831464863551
-17,5;-61,5;0,0607474546524646
-17,5;-61;0,0637701208002487
-17,5;-60,5;0,0531591093707458
-17,5;-60;0,0572625052324338
-17,5;-59,5;0,0430253521416876
-17,5;-59;0,051018041707911
-17,5;-58,5;0,0307879846693479
-17,5;-58;0,081264870434073
-17,5;-57,5;0,0722413981581416
-17,5;-57;0,0473267229551525
-17,5;-56,5;0,0576633910437694
-17,5;-56;0,0685930025585701
-17,5;-55,5;0,0447912832811365
-17,5;-55;0,0354782099554432
-17,5;-54,5;0,0231089127554607
-17,5;-54;0,0445968387242139
-17,5;-53,5;0,0553207999679226
-17,5;-53;0,0545752333715668
-17,5;-52,5;0,0613366399781199
-17,5;-52;0,0597819118473722
-17,5;-51,5;0,0487310031087387
-17,5;-51;0,0314022232343532
-17,5;-50,5;0,0507062741144318
-17,5;-50;0,0325935151245255
-17,5;-49,5;0,039518829729963
-17,5;-49;0,0311178762485845
-17,5;-48,5;0
-17,5;-48;0,38493311107256
-17,5;-47,5;0,0927546468183019
-17,5;-47;0,0687127390493779
-17,5;-46,5;0,0581093049597209
-17,5;-46;0,150709965662527
-17,5;-45,5;0,086517216129905
-17,5;-45;0,13052355520354
-17,5;-44,5;0,130722292283719
-17,5;-44;0,0704153004873844
-17,5;-43,5;0,0988290497768231
-17,5;-43;0,0723575257478972
-17,5;-42,5;0,222778676818272
-17,5;-42;0,277089995165527
-17,5;-41,5;0,185830270983564
-17,5;-41;0,0477702049693935
-17,5;-40,5;0,0484864601016285
-17,5;-40;0,0555716970341862
-17,5;-39,5;0,0705949214982908
-17,5;-39;0,0495677752006649
-17,5;-38,5;0,0425566346985138
-17,5;-38;0,0396261627351078
-17,5;-37,5;0,0413154521307293
-17,5;-37;0,0555085363951536
-17,5;-36,5;0,0380954117188879
-17,5;-36;0,0657012548774029
-17,5;-35,5;0,0497864907602305
-17,5;-35;0,0517950231361436
-17,5;-34,5;0,0394648648828815
-17,5;-34;0,035191835548266
-17,5;-33,5;0,0297759123903481
-17,5;-33;0,0398648526126612
-17,5;-32,5;0,0423428971419688
-17,5;-32;0,0529936297434742
-17,5;-31,5;0,0500011757564841
-17,5;-31;0,0501397111440504
-17,5;-30,5;0,074999022950477
-17,5;-30;0,0552079514774465
-17,5;-29,5;0,0740983897162645
-17,5;-29;0,0453570029157419
-17,5;-28,5;0,0465696359416255
-17,5;-28;0,0505069070365846
-17,5;-27,5;0,0823515177698116
-17,5;-27;0,0434170673433234
-17,5;-26,5;0,0452409283480804
-17,5;-26;0,0403841829359585
-17,5;-25,5;0,0503773651709637
-17,5;-25;0,0444947639845248
-17,5;-24,5;0,0604113219826504
-17,5;-24;0,0480385305064918
-17,5;-23,5;0,0481812907346773
-17,5;-23;0,0345844994658848
-17,5;-22,5;0,0380865114304418
-17,5;-22;0,073239354729766
-17,5;-21,5;0,036832357525534
-17,5;-21;0,056942361147016
-17,5;-20,5;0,216415013635195
-17,5;-20;0,22324492411531
-17,5;-19,5;0,280900412217851
-17,5;-19;0,265111510183655
-17,5;-18,5;0,0634550827015548
-17,5;-18;0,052013859670247
-17,5;-17,5;0,0373943378250961
-17,5;-17;0,0375364029003809
-17,5;-16,5;0,0330085117163744
-17,5;-16;0,0476252488189707
-17,5;-15,5;0,280170822547892
-17,5;-15;0,0838713242760162
-17,5;-14,5;0,0515918982684505
-17,5;-14;0,0637814147736111
-17,5;-13,5;0,0442707080617252
-17,5;-13;0,0684448160014005
-17,5;-12,5;0,106004455699273
-17,5;-12;0,071893925344061
-17,5;-11,5;0,0483185025218126
-17,5;-11;0,0477504633413258
-17,5;-10,5;0,0411218323572617
-17,5;-10;0,038468551786934
-17,5;-9,5;0,0476695105010001
-17,5;-9;0,0395265977333574
-17,5;-8,5;0,222664700548882
-17,5;-8;0,178581198977102
-17,5;-7,5;0,204182049232175
-17,5;-7;0,321938379291786
-17,5;-6,5;0,32470483101789
-17,5;-6;0,0516000218890764
-17,5;-5,5;0,0637168714382804
-17,5;-5;0,047686821902841
-17,5;-4,5;0,0370249394766648
-17,5;-4;0,0432924966490319
-17,5;-3,5;0,0498158744765387
-17,5;-3;0,0421820565562753
-17,5;-2,5;0,0420581573438469
-17,5;-2;0,046094768261316
-17,5;-1,5;0,0410896986914696
-17,5;-1;0,108419467266506
-17,5;-0,5;0,0699570039306786
-17,5;0;0,171313347591666
-17,5;0,5;0,144905920188129
-17,5;1;0,108271475060391
-17,5;1,5;0,173461419112929
-17,5;2;0,158499526676078
-17,5;2,5;0,111603766312689
-17,5;3;0,190177736232566
-17,5;3,5;0,183536006140312
-17,5;4;0,228801530292143
-17,5;4,5;0,378639898380206
-17,5;5;0,0610512830551733
-17,5;5,5;0,0436753677156591
-17,5;6;0,122820261629206
-17,5;6,5;0,118011398288684
-17,5;7;0,0860611576728518
-17,5;7,5;0,0636320063443308
-17,5;8;0,0926164794135102
-17,5;8,5;0,0737192238628578
-17,5;9;0,168440937749123
-17,5;9,5;0,192850218074988
-17,5;10;0,0463032553305791
-17,5;10,5;0,0888475699514315
-17,5;11;0,0808204420901613
-17,5;11,5;0,0415862580391294
-17,5;12;0,0389138911310546
-17,5;12,5;0,0764168831696317
-17,5;13;0,0956029976004055
-17,5;13,5;0,0351873566800098
-17,5;14;0,0340190336938801
-17,5;14,5;0,0400905528420907
-17,5;15;0,0346265914295409
-17,5;15,5;0,0348303080201539
-17,5;16;0,0530050621530139
-17,5;16,5;0,0358087666021572
-17,5;17;0,0377875420203972
-17,5;17,5;0,02887097836192
-17,5;18;0,0506847505173542
-17,5;18,5;0,0467210584307008
-17,5;19;0,0638217244854545
-17,5;19,5;0,088013291306424
-17,5;20;0,0691250149450575
-17,5;20,5;0,049185568986779
-17,5;21;0,0760990638033771
-17,5;21,5;0,047536263615722
-17,5;22;0,0393494702581268
-17,5;22,5;0,0668444235830447
-17,5;23;0,0251446490690334
-17,5;23,5;0,0295530389338717
-17,5;24;0,0412279041747774
-17,5;24,5;0,0385998365659767
-17,5;25;0,0557635422975679
-17,5;25,5;0,0418464818645261
-17,5;26;0,0518381504977785
-17,5;26,5;0,0700582479062135
-17,5;27;0,0423763598324123
-17,5;27,5;0,0256336503347461
-17,5;28;0,0496426579057089
-17,5;28,5;0,0508434128632112
-17,5;29;0,0613727139061816
-17,5;29,5;0,158060476239346
-17,5;30;0,0477029458605131
-17,5;30,5;0,0204061215305204
-17,5;31;0,0348231151772691
-17,5;31,5;0,0525639221243136
-17,5;32;0,0231683946315648
-17,5;32,5;0,049024244035352
-17,5;33;0,0501626687222015
-17,5;33,5;0,0350487353003478
-17,5;34;0,0592226562716754
-17,5;34,5;0,0537453635448129
-17,5;35;0,0462013361445149
-17,5;35,5;0,0469851203942433
-17,5;36;0
-17;-69,5;0,139821155607996
-17;-69;0,0985489264735589
-17;-68,5;0,0628084768315931
-17;-68;0
-17;-67,5;0,0316844561560517
-17;-67;0,0138172597379751
-17;-66,5;0
-17;-66;0,015556349186104
-17;-65,5;0,03731398308052
-17;-65;0,0574934778909747
-17;-64,5;0,0707644677088006
-17;-64;0
-17;-63,5;0
-17;-63;0,0572756492761104
-17;-62,5;0,0730494228712191
-17;-62;0,0355293306063221
-17;-61,5;0,0657435592260576
-17;-61;0,0742203925256844
-17;-60,5;0,0545374368283868
-17;-60;0,0636547607915431
-17;-59,5;0,0443814633119987
-17;-59;0,0643037300393196
-17;-58,5;0,035587096558183
-17;-58;0,0597445001906477
-17;-57,5;0,0706724228654828
-17;-57;0,0660371779151341
-17;-56,5;0,0301327222862614
-17;-56;0,0359324763569512
-17;-55,5;0,0466811635939247
-17;-55;0,0397794714545876
-17;-54,5;0,0325405163462664
-17;-54;0,048980413170133
-17;-53,5;0,0693854319309984
-17;-53;0,0615396508211446
-17;-52,5;0,0501098478878744
-17;-52;0,0336125995441052
-17;-51,5;0,032816427042016
-17;-51;0,0433249654538691
-17;-50,5;0,0771910716240003
-17;-50;0,0491133367361741
-17;-49,5;0,0378314951412682
-17;-49;0,05661668435513
-17;-48,5;0,0262384746321201
-17;-48;0,36680703177762
-17;-47,5;0,344508817308428
-17;-47;0,0666453324707444
-17;-46,5;0,122684300590614
-17;-46;0,205815038819037
-17;-45,5;0,285559610599243
-17;-45;0,124878448245317
-17;-44,5;0,101448724701487
-17;-44;0,123559627635048
-17;-43,5;0,0503801557773877
-17;-43;0,11012155817894
-17;-42,5;0,140825376892304
-17;-42;0,246637041571677
-17;-41,5;0,0417485086336982
-17;-41;0,0894994972052916
-17;-40,5;0,102308703045403
-17;-40;0,0817671796270846
-17;-39,5;0,0535916146619927
-17;-39;0,0515674216095946
-17;-38,5;0,0305874652183825
-17;-38;0,0442446362606569
-17;-37,5;0,0553794788731191
-17;-37;0,0885440085010919
-17;-36,5;0,0576958687815889
-17;-36;0,0303008155957939
-17;-35,5;0,046151945293363
-17;-35;0,0743889516952359
-17;-34,5;0,204715201619481
-17;-34;0,0442773860407381
-17;-33,5;0,0298267241089996
-17;-33;0,0285826383952016
-17;-32,5;0,0629866593629403
-17;-32;0,0626206846022624
-17;-31,5;0,0290703731890529
-17;-31;0,0584221115070969
-17;-30,5;0,04133194090341
-17;-30;0,0491725289496664
-17;-29,5;0,0456802170682776
-17;-29;0,0457523516985784
-17;-28,5;0,0414404089385855
-17;-28;0,0867530446514848
-17;-27,5;0,0988609404333678
-17;-27;0,0678298120545925
-17;-26,5;0,0923582459355227
-17;-26;0,110071712787268
-17;-25,5;0,0382936025988676
-17;-25;0,047841195925146
-17;-24,5;0,0476560088453005
-17;-24;0,0330087831024526
-17;-23,5;0,0460809310220263
-17;-23;0,0318496013701587
-17;-22,5;0,0340462758326315
-17;-22;0,0306857505897477
-17;-21,5;0,0384767200912541
-17;-21;0,0598857046733305
-17;-20,5;0,146379247238256
-17;-20;0,0759369523867441
-17;-19,5;0,198600267135879
-17;-19;0,117175951965445
-17;-18,5;0,0467129900940431
-17;-18;0,191027488178192
-17;-17,5;0,158039663571231
-17;-17;0,119526434712332
-17;-16,5;0,245874433226801
-17;-16;0,0385454295311525
-17;-15,5;0,039734925758945
-17;-15;0,0541842866023034
-17;-14,5;0,0814819674485327
-17;-14;0,0960379035882179
-17;-13,5;0,0676661721567116
-17;-13;0,128885963006276
-17;-12,5;0,305227758037714
-17;-12;0,29317096385827
-17;-11,5;0,0417482864497168
-17;-11;0,0478973376992676
-17;-10,5;0,0262238561925743
-17;-10;0,0813215728411987
-17;-9,5;0,0517604822297973
-17;-9;0,040227063858386
-17;-8,5;0,0894973359407746
-17;-8;0,286036991915035
-17;-7,5;0,350352841234207
-17;-7;0,38280705410068
-17;-6,5;0,356578397781986
-17;-6;0,0611272179708802
-17;-5,5;0,0582970638917794
-17;-5;0,0251296774492876
-17;-4,5;0,0646645074937695
-17;-4;0,0958267383046333
-17;-3,5;0,0579383613116957
-17;-3;0,0547718307483525
-17;-2,5;0,0497835307101856
-17;-2;0,0419847111028116
-17;-1,5;0,0546053673960663
-17;-1;0,143216436411475
-17;-0,5;0,104021324036669
-17;0;0,152723571698855
-17;0,5;0,0626268370310277
-17;1;0,101177351794049
-17;1,5;0,168729654112463
-17;2;0,212157185206854
-17;2,5;0,175979851088074
-17;3;0,250854145279397
-17;3,5;0,25805168361565
-17;4;0,0545491855886642
-17;4,5;0,207793242855682
-17;5;0,043323785840195
-17;5,5;0,0492920272387675
-17;6;0,0806973388916988
-17;6,5;0,11735768576156
-17;7;0,0463142082125231
-17;7,5;0,0711521717356521
-17;8;0,126034452961614
-17;8,5;0,0990150532594403
-17;9;0,0559180916266994
-17;9,5;0,151185755853881
-17;10;0,0525499255743636
-17;10,5;0,0656664485630604
-17;11;0,081185653253008
-17;11,5;0,0483946668897666
-17;12;0,0461996575074789
-17;12,5;0,0354109686008122
-17;13;0,0825034986310085
-17;13,5;0,0293578925148099
-17;14;0,03581344261582
-17;14,5;0,031187087960333
-17;15;0,0362905274273106
-17;15,5;0,0428557117689142
-17;16;0,0510206126883954
-17;16,5;0,0411816411777561
-17;17;0,0539786207886966
-17;17,5;0,0801354737109078
-17;18;0,0656739628020134
-17;18,5;0,055564111976438
-17;19;0,0512524366302364
-17;19,5;0,0836529340140139
-17;20;0,0771866150089072
-17;20,5;0,056180670938632
-17;21;0,0281932601161795
-17;21,5;0,0394488916957423
-17;22;0,0469100178984588
-17;22,5;0,0498693095282196
-17;23;0,0253522798824503
-17;23,5;0,0287088491023427
-17;24;0,0385031328668723
-17;24,5;0,0358406271005989
-17;25;0,0574022681230884
-17;25,5;0,0371678680209552
-17;26;0,0370175234823069
-17;26,5;0,0570848717292477
-17;27;0,0290205172376738
-17;27,5;0,0403888774363904
-17;28;0,0613908267858104
-17;28,5;0,0940557527734382
-17;29;0,0422432412176366
-17;29,5;0,0609096939774331
-17;30;0,0373812224181297
-17;30,5;0,0244232306316089
-17;31;0,0282805892290239
-17;31,5;0,0382801299771021
-17;32;0,0775816830040881
-17;32,5;0,0473641786468934
-17;33;0,0528077767977651
-17;33,5;0,0510187873892223
-17;34;0,0421973082140653
-17;34,5;0,0250428862922418
-17;35;0,0428274875949278
-17;35,5;0,0798263740877663
-16,5;-69,5;0
-16,5;-69;0
-16,5;-68,5;0
-16,5;-68;0
-16,5;-67,5;0,0577237193688849
-16,5;-67;0,0859684327446501
-16,5;-66,5;0,0810084872096745
-16,5;-66;0,0560832714214616
-16,5;-65,5;0
-16,5;-65;0,0247082982012117
-16,5;-64,5;0,0750368552397339
-16,5;-64;0,00353553390593274
-16,5;-63,5;0,0445477272147525
-16,5;-63;0,045214089096363
-16,5;-62,5;0,176553674558192
-16,5;-62;0,24986398705276
-16,5;-61,5;0,0736283665691177
-16,5;-61;0,0412042338709129
-16,5;-60,5;0,0315636682202046
-16,5;-60;0,0482595290368352
-16,5;-59,5;0,0270246800782791
-16,5;-59;0,0276134025429682
-16,5;-58,5;0,0572424228047124
-16,5;-58;0,0600263793960976
-16,5;-57,5;0,0657908154757652
-16,5;-57;0,057432479866272
-16,5;-56,5;0,0539344502607093
-16,5;-56;0,0565400813326392
-16,5;-55,5;0,0874599908529609
-16,5;-55;0,0607125207495388
-16,5;-54,5;0,0476703071959192
-16,5;-54;0,0800556624537521
-16,5;-53,5;0,195065015970282
-16,5;-53;0,078761880159337
-16,5;-52,5;0,0565214955073771
-16,5;-52;0,0452027689702815
-16,5;-51,5;0,0517362802645575
-16,5;-51;0,0544748250694527
-16,5;-50,5;0,037352376095772
-16,5;-50;0,0483151242838917
-16,5;-49,5;0,033978123973786
-16,5;-49;0,0473462596027215
-16,5;-48,5;0,0501507978904613
-16,5;-48;0,246761293740955
-16,5;-47,5;0,304807421638178
-16,5;-47;0,0642806347199528
-16,5;-46,5;0,064824530668414
-16,5;-46;0,172617258548263
-16,5;-45,5;0,148774579850713
-16,5;-45;0,106034313933992
-16,5;-44,5;0,10060706197907
-16,5;-44;0,0865301003658798
-16,5;-43,5;0,0729026663890575
-16,5;-43;0,0933963396639625
-16,5;-42,5;0,114667993410852
-16,5;-42;0,028625803107635
-16,5;-41,5;0,0992238498057119
-16,5;-41;0,102217589534788
-16,5;-40,5;0,136819692869719
-16,5;-40;0,109707955528766
-16,5;-39,5;0,0888212169789592
-16,5;-39;0,0648100251977921
-16,5;-38,5;0,0330373521769787
-16,5;-38;0,0319110277729479
-16,5;-37,5;0,0527413417592208
-16,5;-37;0,0648192213089138
-16,5;-36,5;0,0719020256788365
-16,5;-36;0,0263380886788362
-16,5;-35,5;0,0408815031193485
-16,5;-35;0,346348627814224
-16,5;-34,5;0,204097588434235
-16,5;-34;0,215088473588401
-16,5;-33,5;0,0428226305351553
-16,5;-33;0,0313842093263686
-16,5;-32,5;0,0357697076979323
-16,5;-32;0,0439669439108831
-16,5;-31,5;0,0418886757611743
-16,5;-31;0,0324839973530601
-16,5;-30,5;0,0381796193450555
-16,5;-30;0,0433911052697316
-16,5;-29,5;0,0353635738146073
-16,5;-29;0,0586574505818682
-16,5;-28,5;0,0397956591898931
-16,5;-28;0,128323368544473
-16,5;-27,5;0,115410240141037
-16,5;-27;0,0870859974066436
-16,5;-26,5;0,127762953596246
-16,5;-26;0,127346805863302
-16,5;-25,5;0,041271424281031
-16,5;-25;0,0632772123456849
-16,5;-24,5;0,0253034258724297
-16,5;-24;0,0349215647741408
-16,5;-23,5;0,049608498949717
-16,5;-23;0,0329831244938591
-16,5;-22,5;0,0594233028838
-16,5;-22;0,0594441307716379
-16,5;-21,5;0,0407975246372733
-16,5;-21;0,039243453842237
-16,5;-20,5;0,119277446207024
-16,5;-20;0,0821251111676418
-16,5;-19,5;0,172802766689587
-16,5;-19;0,257348530967605
-16,5;-18,5;0,069122528649798
-16,5;-18;0,168511446177989
-16,5;-17,5;0,199255013313539
-16,5;-17;0,0393915920046545
-16,5;-16,5;0,043759324862213
-16,5;-16;0,0313635397451301
-16,5;-15,5;0,0499101810335216
-16,5;-15;0,0630079819159761
-16,5;-14,5;0,0828587799238458
-16,5;-14;0,0411071531392735
-16,5;-13,5;0,0548060215669775
-16,5;-13;0,0592070769539631
-16,5;-12,5;0,315474655065951
-16,5;-12;0,185087435595793
-16,5;-11,5;0,031475588511993
-16,5;-11;0,238098060683781
-16,5;-10,5;0,0764480620967406
-16,5;-10;0,0912837506925294
-16,5;-9,5;0,0395550684935088
-16,5;-9;0,0679635019941276
-16,5;-8,5;0,217012292246835
-16,5;-8;0,310543045418588
-16,5;-7,5;0,0499490470407142
-16,5;-7;0,0619702196762426
-16,5;-6,5;0,0675782497162419
-16,5;-6;0,0708945954492431
-16,5;-5,5;0,0306825948274319
-16,5;-5;0,0405254757816342
-16,5;-4,5;0,0604484788480349
-16,5;-4;0,055269701870949
-16,5;-3,5;0,0409863815318501
-16,5;-3;0,0567111057007701
-16,5;-2,5;0,0434049359310883
-16,5;-2;0,0764261985370021
-16,5;-1,5;0,101998100641312
-16,5;-1;0,168823106168766
-16,5;-0,5;0,101011496631773
-16,5;0;0,0944277006847123
-16,5;0,5;0,0483291062996542
-16,5;1;0,0695541352252043
-16,5;1,5;0,0873378871753384
-16,5;2;0,44041364901602
-16,5;2,5;0,28123442179079
-16,5;3;0,28139442818381
-16,5;3,5;0,0705064981298049
-16,5;4;0,0408912714422656
-16,5;4,5;0,0478475280620072
-16,5;5;0,0505431388778224
-16,5;5,5;0,0981332883756753
-16,5;6;0,0712859271059958
-16,5;6,5;0,0531502589055753
-16,5;7;0,0617575460583323
-16,5;7,5;0,0719760721259342
-16,5;8;0,064593414863262
-16,5;8,5;0,0915139333653625
-16,5;9;0,157846617169392
-16,5;9,5;0,0757636385705634
-16,5;10;0,0514470268200938
-16,5;10,5;0,0739260356944791
-16,5;11;0,0803014314782153
-16,5;11,5;0,0482876151628028
-16,5;12;0,0559763993529026
-16,5;12,5;0,0413658984690837
-16,5;13;0,0961905883641446
-16,5;13,5;0,0480763550988519
-16,5;14;0,0865858774207097
-16,5;14,5;0,0461310426458554
-16,5;15;0,0293550760980306
-16,5;15,5;0,0365660547999967
-16,5;16;0,066908776731231
-16,5;16,5;0,0433421159034606
-16,5;17;0,0355166926183373
-16,5;17,5;0,0672834966292372
-16,5;18;0,0871560754656925
-16,5;18,5;0,0750469194707167
-16,5;19;0,0387707376659375
-16,5;19,5;0,0364354529332559
-16,5;20;0,0267261411264469
-16,5;20,5;0,0369916572893918
-16,5;21;0,0539052070755902
-16,5;21,5;0,0476503977792215
-16,5;22;0,0413066341549403
-16,5;22,5;0,0416631762294372
-16,5;23;0,034721330568689
-16,5;23,5;0,0477907684398124
-16,5;24;0,0379975067230266
-16,5;24,5;0,0383266355389504
-16,5;25;0,0385480565147509
-16,5;25,5;0,0172814284991952
-16,5;26;0,0404202750890344
-16,5;26,5;0,0373088628854583
-16,5;27;0,0475905639201836
-16,5;27,5;0,0737394137769264
-16,5;28;0,0783952821700911
-16,5;28,5;0,119805945480915
-16,5;29;0,0522347282632416
-16,5;29,5;0,033529504280919
-16,5;30;0,0504954869844247
-16,5;30,5;0,035489356822735
-16,5;31;0,0923822099240611
-16,5;31,5;0,106688442403358
-16,5;32;0,0434069452498975
-16,5;32,5;0,0731536038651146
-16,5;33;0,0917021479285404
-16,5;33,5;0,102967381951916
-16,5;34;0,0469114784800779
-16,5;34,5;0,0491804698505272
-16,5;35;0,0558668707408676
-16,5;35,5;0,030934069675144
-16;-69,5;0
-16;-69;0
-16;-68,5;0
-16;-68;0,214044889552612
-16;-67,5;0,0740096518802012
-16;-67;0,0597831704790527
-16;-66,5;0,075015271172548
-16;-66;0,051361464153585
-16;-65,5;0
-16;-65;0,0240416305603426
-16;-64,5;0,0612808911411022
-16;-64;0
-16;-63,5;0
-16;-63;0
-16;-62,5;0,269581598213302
-16;-62;0,250152076371955
-16;-61,5;0,12789244192879
-16;-61;0,0460864799736716
-16;-60,5;0
-16;-60;0
-16;-59,5;0
-16;-59;0,0247487373415292
-16;-58,5;0,077530569479262
-16;-58;0,0578462190421402
-16;-57,5;0,0710047136866419
-16;-57;0,0347820997986488
-16;-56,5;0,0842193954382991
-16;-56;0,0697520779687056
-16;-55,5;0,0558090149872416
-16;-55;0,0438587476290619
-16;-54,5;0,0623157400821679
-16;-54;0,0443999141998313
-16;-53,5;0,323738511824685
-16;-53;0,284143186105269
-16;-52,5;0,0525466999503839
-16;-52;0,0766136072789683
-16;-51,5;0,0351449435740553
-16;-51;0,0575863337123465
-16;-50,5;0,0468064704823206
-16;-50;0,0432606410043736
-16;-49,5;0,028481886777321
-16;-49;0,0729701366661076
-16;-48,5;0,0410829060791364
-16;-48;0,0414108420964517
-16;-47,5;0,0350917382552737
-16;-47;0,0382252351811099
-16;-46,5;0,0432600662659378
-16;-46;0,0445737547383083
-16;-45,5;0,0555400756211225
-16;-45;0,0475709768188318
-16;-44,5;0,0628527761635989
-16;-44;0,0710136541960663
-16;-43,5;0,0871788362192114
-16;-43;0,0727209956433109
-16;-42,5;0,0489688487525299
-16;-42;0,114470519495195
-16;-41,5;0,127956561911774
-16;-41;0,0643861561921054
-16;-40,5;0,0818408667477143
-16;-40;0,110020904037993
-16;-39,5;0,059918006523255
-16;-39;0,0363758079297108
-16;-38,5;0,051494921546954
-16;-38;0,0416119489479409
-16;-37,5;0,107345636462251
-16;-37;0,0563965433263506
-16;-36,5;0,0798415808869913
-16;-36;0,0524511587708243
-16;-35,5;0,0393340173074303
-16;-35;0,0681811488810022
-16;-34,5;0,38058401478214
-16;-34;0,124683817193622
-16;-33,5;0,0656268932561744
-16;-33;0,0246623032400043
-16;-32,5;0,0392259454110214
-16;-32;0,0445359204391959
-16;-31,5;0,0407259570945511
-16;-31;0,0317176659068493
-16;-30,5;0,0376974800218794
-16;-30;0,0388274898357098
-16;-29,5;0,0277241081154813
-16;-29;0,058488759486126
-16;-28,5;0,042774876769485
-16;-28;0,044205489910993
-16;-27,5;0,0270278272069023
-16;-27;0,0665900310212044
-16;-26,5;0,139226640919261
-16;-26;0,0411295603054129
-16;-25,5;0,0633938621757103
-16;-25;0,0443209431929155
-16;-24,5;0,0568765457816761
-16;-24;0,0451493601890622
-16;-23,5;0,0759730124622522
-16;-23;0,0848158261750005
-16;-22,5;0,0729930928088141
-16;-22;0,215404843907261
-16;-21,5;0,271608449794921
-16;-21;0,0476866089397884
-16;-20,5;0,100379732654638
-16;-20;0,0775211071826476
-16;-19,5;0,048588461557156
-16;-19;0,154747425685543
-16;-18,5;0,214272268485721
-16;-18;0,0699891047943604
-16;-17,5;0,0778801429548423
-16;-17;0,240600512778571
-16;-16,5;0,0412539120776199
-16;-16;0,0574476944994817
-16;-15,5;0,0468141407494005
-16;-15;0,0544776159927883
-16;-14,5;0,105903904105382
-16;-14;0,0354351520386184
-16;-13,5;0,0783640327276765
-16;-13;0,0890764761036342
-16;-12,5;0,0509080018822914
-16;-12;0,0336694370570038
-16;-11,5;0,0437300320429718
-16;-11;0,109762352229451
-16;-10,5;0,0928968754941953
-16;-10;0,0409641027425064
-16;-9,5;0,134406924486286
-16;-9;0,302817449941348
-16;-8,5;0,303761971388303
-16;-8;0,0370430841405603
-16;-7,5;0,0479409401926628
-16;-7;0,0512672735117963
-16;-6,5;0,0411749425660414
-16;-6;0,0263783065419751
-16;-5,5;0,0309344556476833
-16;-5;0,0296457481888201
-16;-4,5;0,0477622936496759
-16;-4;0,0564519823260437
-16;-3,5;0,0401481244994887
-16;-3;0,0374022335685332
-16;-2,5;0,049954976781854
-16;-2;0,0526333267036182
-16;-1,5;0,0467670544827007
-16;-1;0,0489977419018937
-16;-0,5;0,0380642770793579
-16;0;0,0912164433185182
-16;0,5;0,0615339060385879
-16;1;0,0400638385208506
-16;1,5;0,0390358203549722
-16;2;0,0542259137913989
-16;2,5;0,11971052666705
-16;3;0,0295309712144651
-16;3,5;0,0263040690383829
-16;4;0,0239737787731888
-16;4,5;0,0390440783733258
-16;5;0,0611101317368859
-16;5,5;0,0346890377330213
-16;6;0,0696893984688716
-16;6,5;0,0634582833699752
-16;7;0,0523159547617369
-16;7,5;0,0396095005577609
-16;8;0,0519334430486469
-16;8,5;0,0643845691056955
-16;9;0,185195975387479
-16;9,5;0,137747643047952
-16;10;0,085606322291877
-16;10,5;0,0832490630265669
-16;11;0,0763177872007124
-16;11,5;0,0821958688241742
-16;12;0,0422253585035181
-16;12,5;0,0521230963019692
-16;13;0,0427030306155086
-16;13,5;0,049556492607891
-16;14;0,0983338538369278
-16;14,5;0,104476606786775
-16;15;0,0625866322664955
-16;15,5;0,0494225953265338
-16;16;0,0550669257111529
-16;16,5;0,0673247974559926
-16;17;0,040331644093598
-16;17,5;0,0426095178861807
-16;18;0,0518017286367916
-16;18,5;0,062947197370102
-16;19;0,0469762899140934
-16;19,5;0,0370011696385648
-16;20;0,0507657808615268
-16;20,5;0,0430166650389634
-16;21;0,0641948356673943
-16;21,5;0,0392747664908802
-16;22;0,0361726836086717
-16;22,5;0,0495365182183228
-16;23;0,0545143001798924
-16;23,5;0,0269103709369682
-16;24;0,0419137642189891
-16;24,5;0,0531137355828323
-16;25;0,0388396423559725
-16;25,5;0,0333175205641106
-16;26;0,0300012465305765
-16;26,5;0,0432722079011634
-16;27;0,0358898975446115
-16;27,5;0,0369886143242247
-16;28;0,0685495245198277
-16;28,5;0,11447644325627
-16;29;0,0729218749194791
-16;29,5;0,0188980071070747
-16;30;0,0267853433166054
-16;30,5;0,0413415398218012
-16;31;0,148085190833831
-16;31,5;0,148807844428423
-16;32;0,124221634001759
-16;32,5;0,0976242263082764
-16;33;0,0880724923442845
-16;33,5;0,13187421857137
-16;34;0
-16;34,5;0,0525264184058067
-16;35;0,0736101302950299
-15,5;-69,5;0
-15,5;-69;0
-15,5;-68,5;0
-15,5;-68;0,249284421513011
-15,5;-67,5;0,10475619485434
-15,5;-67;0,0405146064195783
-15,5;-66,5;0,0553439296531295
-15,5;-66;0,0346482322781408
-15,5;-65,5;0,0455936503515671
-15,5;-65;0
-15,5;-64,5;0,0274353786195853
-15,5;-64;0
-15,5;-63,5;0
-15,5;-63;0
-15,5;-62,5;0,240067004535539
-15,5;-62;0,278465124952006
-15,5;-61,5;0,11911714750891
-15,5;-61;0,0440719109335338
-15,5;-60,5;0,0952045246569275
-15,5;-60;0,0427258703831765
-15,5;-59,5;0,107222783375201
-15,5;-59;0,0613736976988577
-15,5;-58,5;0,0872343067569309
-15,5;-58;0,0514320675819821
-15,5;-57,5;0,0365995821255476
-15,5;-57;0,0532740555993253
-15,5;-56,5;0,0644230004618362
-15,5;-56;0,0566487672265057
-15,5;-55,5;0,0378921651066627
-15,5;-55;0,0311593446963309
-15,5;-54,5;0,0266540034035395
-15,5;-54;0
-15,5;-53,5;0,25129274496494
-15,5;-53;0,243099797909111
-15,5;-52,5;0,0686405054420622
-15,5;-52;0,0418276062252424
-15,5;-51,5;0,0504824655034624
-15,5;-51;0,0397242332321513
-15,5;-50,5;0,0373692491804923
-15,5;-50;0,0307638857536994
-15,5;-49,5;0,047755712546334
-15,5;-49;0,0899509716306461
-15,5;-48,5;0,0665086480945931
-15,5;-48;0,0457884130750327
-15,5;-47,5;0,0276536087685148
-15,5;-47;0,0352038753042747
-15,5;-46,5;0,0633155363465962
-15,5;-46;0,0376697079435416
-15,5;-45,5;0,0572049703948333
-15,5;-45;0,0394296842493064
-15,5;-44,5;0,0713412150549543
-15,5;-44;0,0790636641818115
-15,5;-43,5;0,0515957756037292
-15,5;-43;0,029782918295933
-15,5;-42,5;0,0839869406607384
-15,5;-42;0,0726509502749844
-15,5;-41,5;0,0779195963941843
-15,5;-41;0,0700162617712946
-15,5;-40,5;0,075953632757377
-15,5;-40;0,127578037652029
-15,5;-39,5;0,0294459031713965
-15,5;-39;0,0495083016253291
-15,5;-38,5;0,0668081169104912
-15,5;-38;0,0542811922693969
-15,5;-37,5;0,109227181322415
-15,5;-37;0,0418826374806892
-15,5;-36,5;0,0405515525399553
-15,5;-36;0,0804397888673729
-15,5;-35,5;0,095995402470384
-15,5;-35;0,0475313018509632
-15,5;-34,5;0,066800539397587
-15,5;-34;0,0422554241012146
-15,5;-33,5;0,0431568364739037
-15,5;-33;0,0435582760905199
-15,5;-32,5;0,0669700191957146
-15,5;-32;0,0787084379674944
-15,5;-31,5;0,0553690834261236
-15,5;-31;0,0406933181646654
-15,5;-30,5;0,0421851328571295
-15,5;-30;0,0509857445611946
-15,5;-29,5;0,0239092032489583
-15,5;-29;0,0474773325644777
-15,5;-28,5;0,0377137160747292
-15,5;-28;0,0559446717337721
-15,5;-27,5;0,0337117622376118
-15,5;-27;0,0813102764995039
-15,5;-26,5;0,0262296672156681
-15,5;-26;0,0490328814101696
-15,5;-25,5;0,0992236160417073
-15,5;-25;0,168419416932847
-15,5;-24,5;0,0578152931906582
-15,5;-24;0,0396123137351132
-15,5;-23,5;0,0647161865681343
-15,5;-23;0,0635458609689175
-15,5;-22,5;0,0323702834254219
-15,5;-22;0,308455733630844
-15,5;-21,5;0,363866599031508
-15,5;-21;0,210734547969759
-15,5;-20,5;0,0404769907090375
-15,5;-20;0,0394454430220604
-15,5;-19,5;0,126009072390786
-15,5;-19;0,129562702760985
-15,5;-18,5;0,122588411340719
-15,5;-18;0,241251512672868
-15,5;-17,5;0,203257186211353
-15,5;-17;0,0484654487704169
-15,5;-16,5;0,0317608921469856
-15,5;-16;0,0575326578795824
-15,5;-15,5;0,058993919236537
-15,5;-15;0,04626142476716
-15,5;-14,5;0,0754375765877491
-15,5;-14;0,0779777975746978
-15,5;-13,5;0,0537885066117862
-15,5;-13;0,0836603168927152
-15,5;-12,5;0,0309117022069852
-15,5;-12;0,0347480938692788
-15,5;-11,5;0,0402988833592198
-15,5;-11;0,0767494573342504
-15,5;-10,5;0,0386610064015147
-15,5;-10;0,0666423288908784
-15,5;-9,5;0,237638885880751
-15,5;-9;0,36547362267409
-15,5;-8,5;0,0262690413687912
-15,5;-8;0,0329866698178966
-15,5;-7,5;0,042598073521799
-15,5;-7;0,0340744808901601
-15,5;-6,5;0,027432265693922
-15,5;-6;0,0299913072805554
-15,5;-5,5;0,0383636579060689
-15,5;-5;0,0379814022200412
-15,5;-4,5;0,0376271364916362
-15,5;-4;0,0473218907540455
-15,5;-3,5;0,023301250521422
-15,5;-3;0,0449408166063455
-15,5;-2,5;0,0619950522330404
-15,5;-2;0,0669848837846822
-15,5;-1,5;0,122555938203666
-15,5;-1;0,0933006788113927
-15,5;-0,5;0,0766108279733995
-15,5;0;0,0642973892935977
-15,5;0,5;0,0654126478274524
-15,5;1;0,0426119560078286
-15,5;1,5;0,0331746843496304
-15,5;2;0,0514017587518296
-15,5;2,5;0,0572046329113753
-15,5;3;0,0340553635586943
-15,5;3,5;0,0274611847280241
-15,5;4;0,0368091038570972
-15,5;4,5;0,0613771738333367
-15,5;5;0,050313592196162
-15,5;5,5;0,0722388750146435
-15,5;6;0,0679593509997399
-15,5;6,5;0,0580596420845023
-15,5;7;0,062553631890923
-15,5;7,5;0,0539555436327467
-15,5;8;0,0621803229485299
-15,5;8,5;0,0747941221907558
-15,5;9;0,0523887434547857
-15,5;9,5;0,0446974287166953
-15,5;10;0,0713211580914891
-15,5;10,5;0,0610784653181449
-15,5;11;0,0739458786898
-15,5;11,5;0,0806474327140136
-15,5;12;0,0363939087337477
-15,5;12,5;0,055686321996779
-15,5;13;0,297249575357313
-15,5;13,5;0,365040145436783
-15,5;14;0,123904155656113
-15,5;14,5;0,0417183204872321
-15,5;15;0,0618121082997186
-15,5;15,5;0,0782749346207129
-15,5;16;0,0605990426388023
-15,5;16,5;0,0454712565020823
-15,5;17;0,0344720990966817
-15,5;17,5;0,0443481313784105
-15,5;18;0,0429376075116596
-15,5;18,5;0,0530022174369625
-15,5;19;0,0432352056560218
-15,5;19,5;0,0291854938183879
-15,5;20;0,0391313659146795
-15,5;20,5;0,048698431030927
-15,5;21;0,0619497712640157
-15,5;21,5;0,318320477690435
-15,5;22;0,227250229035393
-15,5;22,5;0,0429303078680301
-15,5;23;0,0194705428001193
-15,5;23,5;0,0270747918925911
-15,5;24;0,0512707332882142
-15,5;24,5;0,0408303788215434
-15,5;25;0,0502509885050038
-15,5;25,5;0,0231299448828242
-15,5;26;0,0267053739394373
-15,5;26,5;0,0295856087629959
-15,5;27;0,0746366811539036
-15,5;27,5;0,0639086053629119
-15,5;28;0,0584689474059579
-15,5;28,5;0,0431089433995018
-15,5;29;0,0587948190878902
-15,5;29,5;0,0777754382629406
-15,5;30;0,0376345110925048
-15,5;30,5;0,0469022616141497
-15,5;31;0,0794690707301704
-15,5;31,5;0,0988505581149256
-15,5;32;0,106214788967209
-15,5;32,5;0,0697045670431046
-15,5;33;0,0363972033301518
-15,5;33,5;0,0423790154720583
-15,5;34;0,0363831732277113
-15,5;34,5;0,117513808712403
-15,5;35;0,0746354101244473
-15;-69,5;0
-15;-69;0
-15;-68,5;0
-15;-68;0,308705360289482
-15;-67,5;0,105193899111386
-15;-67;0,0506392469664916
-15;-66,5;0
-15;-66;0
-15;-65,5;0,0177904468746572
-15;-65;0,0719445493544729
-15;-64,5;0
-15;-64;0,0508071517275537
-15;-63,5;0
-15;-63;0,0837038600205282
-15;-62,5;0,117312261365412
-15;-62;0,0620593418009078
-15;-61,5;0,0380525951808809
-15;-61;0
-15;-60,5;0,0890134133437317
-15;-60;0,0823783408797439
-15;-59,5;0,0699173754794857
-15;-59;0,0292243751441173
-15;-58,5;0,032167961977374
-15;-58;0,0480870044814605
-15;-57,5;0,0473001224871732
-15;-57;0,0569609754225508
-15;-56,5;0,0698063880900725
-15;-56;0,0440097820892155
-15;-55,5;0,0716655592383983
-15;-55;0,0232696016075557
-15;-54,5;0,0593092179457235
-15;-54;0
-15;-53,5;0,0416162478836342
-15;-53;0,0791236951853549
-15;-52,5;0,0916063917674866
-15;-52;0,0520892814981501
-15;-51,5;0,0464527089271085
-15;-51;0,0460531423378679
-15;-50,5;0,0370202289903419
-15;-50;0,098942439503186
-15;-49,5;0,0626815852709189
-15;-49;0,100713501052242
-15;-48,5;0,0835902289911442
-15;-48;0,0425400330941702
-15;-47,5;0,268853535299842
-15;-47;0,0439731311066543
-15;-46,5;0,0463555729177654
-15;-46;0,00353553390593274
-15;-45,5;0,0568486383017894
-15;-45;0,0798500330480694
-15;-44,5;0,131569434630663
-15;-44;0,152310796542942
-15;-43,5;0,0346697998456456
-15;-43;0,0520575882316161
-15;-42,5;0,143263723189168
-15;-42;0,0972634777218265
-15;-41,5;0,077865316522712
-15;-41;0,0863127101845026
-15;-40,5;0,0401641605640456
-15;-40;0,0533919148989487
-15;-39,5;0,0856194612292798
-15;-39;0,295521749001616
-15;-38,5;0,0649472617424182
-15;-38;0,0548575373079608
-15;-37,5;0,046261720558047
-15;-37;0,0440378140217015
-15;-36,5;0,038469344513765
-15;-36;0,0303362403942771
-15;-35,5;0,0619547480245162
-15;-35;0,0780696718929175
-15;-34,5;0,0364883543065455
-15;-34;0,0220212511951905
-15;-33,5;0,0620697019677444
-15;-33;0,0459268877683064
-15;-32,5;0,0413540474749213
-15;-32;0,065639931647522
-15;-31,5;0,053187317626503
-15;-31;0,0592836296079769
-15;-30,5;0,0453630351572476
-15;-30;0,0483212109302976
-15;-29,5;0,0721028076848125
-15;-29;0,0442544558518699
-15;-28,5;0,0399959941971784
-15;-28;0,0305421557562153
-15;-27,5;0,0367550005705622
-15;-27;0,0555167890240204
-15;-26,5;0,0606364262161591
-15;-26;0,069724821808612
-15;-25,5;0,316160230456511
-15;-25;0,292404583643171
-15;-24,5;0,0960394406463504
-15;-24;0,0281314429283763
-15;-23,5;0,0510866633551988
-15;-23;0,0457541188976186
-15;-22,5;0,060696489153148
-15;-22;0,122622054917077
-15;-21,5;0,0968492482862127
-15;-21;0,0936393926418884
-15;-20,5;0,0526483757640085
-15;-20;0,0881318383822732
-15;-19,5;0,049909158374349
-15;-19;0,0610105377314912
-15;-18,5;0,0289357143914667
-15;-18;0,0768152335809575
-15;-17,5;0,213426145769558
-15;-17;0,0679547422097643
-15;-16,5;0,0682491344459187
-15;-16;0,0378427932008881
-15;-15,5;0,053384858461437
-15;-15;0,0647886636429485
-15;-14,5;0,0397458454609404
-15;-14;0,0393024070649868
-15;-13,5;0,0752195858015336
-15;-13;0,0316913445961835
-15;-12,5;0,0439553508120886
-15;-12;0,0348015606343959
-15;-11,5;0,0273813443155906
-15;-11;0,0449277105309598
-15;-10,5;0,079214499396263
-15;-10;0,236610438747993
-15;-9,5;0,333066810114728
-15;-9;0,027028290963298
-15;-8,5;0,0411641292533935
-15;-8;0,0345981058097092
-15;-7,5;0,0851520965791256
-15;-7;0,0424298042890964
-15;-6,5;0,047854148595656
-15;-6;0,0773792974397474
-15;-5,5;0,12778305748265
-15;-5;0,0401739041795892
-15;-4,5;0,029636675030898
-15;-4;0,0312207791757605
-15;-3,5;0,0371369089618836
-15;-3;0,0809962809063549
-15;-2,5;0,116021095616699
-15;-2;0,0660853307220227
-15;-1,5;0,0815893761989877
-15;-1;0,0776285975634229
-15;-0,5;0,0586026917649152
-15;0;0,0800805686730033
-15;0,5;0,0549842548127273
-15;1;0,0748219618854796
-15;1,5;0,0729849683307522
-15;2;0,0509460156486118
-15;2,5;0,056970870552706
-15;3;0,0416378715708876
-15;3,5;0,0348622248269951
-15;4;0,0341019685312018
-15;4,5;0,0504664495921326
-15;5;0,0730591076830504
-15;5,5;0,0783512338142826
-15;6;0,0416469141805317
-15;6,5;0,0346499568651599
-15;7;0,0538641589468138
-15;7,5;0,054942542270508
-15;8;0,0433822144041846
-15;8,5;0,0576885216657136
-15;9;0,065815478733322
-15;9,5;0,0585938052288766
-15;10;0,0633915616044015
-15;10,5;0,0947660985212747
-15;11;0,0973468198267724
-15;11,5;0,0590923482419222
-15;12;0,0725789419798898
-15;12,5;0,05256482809992
-15;13;0,364272309344456
-15;13,5;0,264458862398276
-15;14;0,139756096748047
-15;14,5;0,173616508183256
-15;15;0,047488832797894
-15;15,5;0,123165278781952
-15;16;0,0934874009914927
-15;16,5;0,0423683701347926
-15;17;0,0420659452419008
-15;17,5;0,0263865945210289
-15;18;0,0282387815885742
-15;18,5;0,05495727053497
-15;19;0,0373008635662582
-15;19,5;0,0303046189950052
-15;20;0,0289788377823488
-15;20,5;0,0525246934057396
-15;21;0,114148455244522
-15;21,5;0,320277548554544
-15;22;0,202370512018017
-15;22,5;0,0577128520086876
-15;23;0,04162971227525
-15;23,5;0,0391828156019069
-15;24;0,0253616255762284
-15;24,5;0,0553093553875692
-15;25;0,0320092379872844
-15;25,5;0,0297041245285163
-15;26;0,0181244726949115
-15;26,5;0,033151104463297
-15;27;0,0509375812807244
-15;27,5;0,0961998406339253
-15;28;0,0660612415345612
-15;28,5;0,0598574557275178
-15;29;0,0686530853933064
-15;29,5;0,0610301219983971
-15;30;0,049497725964148
-15;30,5;0,349992165325845
-15;31;0,148729189905091
-15;31,5;0,230747522021189
-15;32;0,043754459920371
-15;32,5;0,0345354411684098
-15;33;0,102219072873804
-15;33,5;0,0376672530352229
-15;34;0,0540244298682016
-15;34,5;0,193097012140429
-14,5;-69;0,0958086055053975
-14,5;-68,5;0
-14,5;-68;0,0977360390712317
-14,5;-67,5;0,0455879578919906
-14,5;-67;0,0694777842191301
-14,5;-66,5;0,0645755371638518
-14,5;-66;0
-14,5;-65,5;0
-14,5;-65;0
-14,5;-64,5;0
-14,5;-64;0,0653587311402519
-14,5;-63,5;0,0520384473250307
-14,5;-63;0,0620401185990926
-14,5;-62,5;0,0578526561582215
-14,5;-62;0,0544472221513642
-14,5;-61,5;0,0522043188739295
-14,5;-61;0
-14,5;-60,5;0,0790234698757831
-14,5;-60;0,0685853847191786
-14,5;-59,5;0,105280184781811
-14,5;-59;0,0379340536226017
-14,5;-58,5;0,068927139425995
-14,5;-58;0
-14,5;-57,5;0,0333005466460598
-14,5;-57;0,0398757945575588
-14,5;-56,5;0,06809486709268
-14,5;-56;0,0550860276599226
-14,5;-55,5;0,056834132148517
-14,5;-55;0,0176554321871283
-14,5;-54,5;0,0683089729792044
-14,5;-54;0,0497990734092342
-14,5;-53,5;0,0630700983159794
-14,5;-53;0,0450813616327931
-14,5;-52,5;0,035240484359494
-14,5;-52;0,0434543841222757
-14,5;-51,5;0,0333197955243479
-14,5;-51;0,0593722479765356
-14,5;-50,5;0,0680795509130697
-14,5;-50;0,0625253423798408
-14,5;-49,5;0,0752507277964692
-14,5;-49;0,0543446881476942
-14,5;-48,5;0,0539661058416312
-14,5;-48;0,0407951301880362
-14,5;-47,5;0,309473450050592
-14,5;-47;0,235664763482211
-14,5;-46,5;0,0261426647249074
-14,5;-46;0,06421258195882
-14,5;-45,5;0,0781066970655027
-14,5;-45;0,05212052292452
-14,5;-44,5;0,0610167854250596
-14,5;-44;0,0445923785639284
-14,5;-43,5;0,0273715323705803
-14,5;-43;0,129608706273711
-14,5;-42,5;0,12093151869089
-14,5;-42;0,068548343736108
-14,5;-41,5;0,0601351751625722
-14,5;-41;0,040720824234239
-14,5;-40,5;0,0415755047612635
-14,5;-40;0,0474821085318526
-14,5;-39,5;0,0694453098880624
-14,5;-39;0,341740718743541
-14,5;-38,5;0,0367653706342817
-14,5;-38;0,0488673014738921
-14,5;-37,5;0,0555081277731069
-14,5;-37;0,0658985022113792
-14,5;-36,5;0,0498797497015057
-14,5;-36;0,0393704436124198
-14,5;-35,5;0,037958565055392
-14,5;-35;0,0580884051245802
-14,5;-34,5;0,0452032571147424
-14,5;-34;0,0322465022097266
-14,5;-33,5;0,0401172991248866
-14,5;-33;0,0292028247261938
-14,5;-32,5;0,0543432427647452
-14,5;-32;0,0291427472947894
-14,5;-31,5;0,0337254425601808
-14,5;-31;0,0353969526612543
-14,5;-30,5;0,0377299996176578
-14,5;-30;0,090997952781743
-14,5;-29,5;0,0934131676368764
-14,5;-29;0,0882649274002057
-14,5;-28,5;0,0482879137988754
-14,5;-28;0,0271162196285159
-14,5;-27,5;0,0371706033449369
-14,5;-27;0,0378828001588813
-14,5;-26,5;0,0737873504854274
-14,5;-26;0,0609860171400089
-14,5;-25,5;0,153548793858795
-14,5;-25;0,15731992779587
-14,5;-24,5;0,045579084650915
-14,5;-24;0,0407260603948431
-14,5;-23,5;0,0293543548942998
-14,5;-23;0,0292193978300216
-14,5;-22,5;0,108794852180285
-14,5;-22;0,0874288726514831
-14,5;-21,5;0,0495527892410571
-14,5;-21;0,0847994565379499
-14,5;-20,5;0,0977350166065079
-14,5;-20;0,338219848383001
-14,5;-19,5;0,103630808825441
-14,5;-19;0,103288114384002
-14,5;-18,5;0,0669522806976273
-14,5;-18;0,119648691818095
-14,5;-17,5;0,145716098776275
-14,5;-17;0,341488831118547
-14,5;-16,5;0,0853688450541669
-14,5;-16;0,0284090012119796
-14,5;-15,5;0,0419740245006643
-14,5;-15;0,0809688211597526
-14,5;-14,5;0,0282558607002485
-14,5;-14;0,0456698672743802
-14,5;-13,5;0,0591112214505623
-14,5;-13;0,0536659420240932
-14,5;-12,5;0,0355769119889103
-14,5;-12;0,0371685109920534
-14,5;-11,5;0,0344490061110414
-14,5;-11;0,0353184177676296
-14,5;-10,5;0,206030594293964
-14,5;-10;0,273368316564626
-14,5;-9,5;0,0576331982210781
-14,5;-9;0,047659045028229
-14,5;-8,5;0,0437834091249248
-14,5;-8;0,0367804108540067
-14,5;-7,5;0,034344375586896
-14,5;-7;0,036685146858095
-14,5;-6,5;0,0832761238886474
-14,5;-6;0,120799265454866
-14,5;-5,5;0,061291446875197
-14,5;-5;0,0629490545685508
-14,5;-4,5;0,038890472747492
-14,5;-4;0,0906999099749707
-14,5;-3,5;0,0697244626275831
-14,5;-3;0,0595189277022103
-14,5;-2,5;0,0467311212049918
-14,5;-2;0,0858434666722408
-14,5;-1,5;0,074227872331169
-14,5;-1;0,0548369107158628
-14,5;-0,5;0,040241569108293
-14,5;0;0,0310389540201771
-14,5;0,5;0,0290458745393567
-14,5;1;0,0472152413960006
-14,5;1,5;0,0539363166100241
-14,5;2;0,0468793108018295
-14,5;2,5;0,0534904471955177
-14,5;3;0,0631124640879224
-14,5;3,5;0,11155840133576
-14,5;4;0,350264809700604
-14,5;4,5;0,0486765578375584
-14,5;5;0,054574991320414
-14,5;5,5;0,0847906726645953
-14,5;6;0,0477736354057346
-14,5;6,5;0,0363207170958687
-14,5;7;0,069002141575067
-14,5;7,5;0,0603351007305473
-14,5;8;0,0370659601177284
-14,5;8,5;0,0533168505692323
-14,5;9;0,0990176790795872
-14,5;9,5;0,0452783223817947
-14,5;10;0,0744266042913176
-14,5;10,5;0,0489948586783506
-14,5;11;0,0382247665894073
-14,5;11,5;0,0564711062667081
-14,5;12;0,0578013523803409
-14,5;12,5;0,0327753099601279
-14,5;13;0,0686644481706292
-14,5;13,5;0,0961189090536361
-14,5;14;0,114065879594015
-14,5;14,5;0,198183888443095
-14,5;15;0,071630618136
-14,5;15,5;0,0354433503939997
-14,5;16;0,0448495788828151
-14,5;16,5;0,0288257437948009
-14,5;17;0,0321443802370442
-14,5;17,5;0,0359805439416096
-14,5;18;0,0364756577265281
-14,5;18,5;0,0496432991400747
-14,5;19;0,043350668164374
-14,5;19,5;0,0390202287196894
-14,5;20;0,0593884309511681
-14,5;20,5;0,0422722858201373
-14,5;21;0,0377482458790078
-14,5;21,5;0,062578714358128
-14,5;22;0,0625610895079714
-14,5;22,5;0,0392833026385907
-14,5;23;0,0645951299061571
-14,5;23,5;0,043704960471256
-14,5;24;0,0200016735994444
-14,5;24,5;0,0507717188696108
-14,5;25;0,041217148429282
-14,5;25,5;0,021169895045404
-14,5;26;0,019949909261744
-14,5;26,5;0,028935647452003
-14,5;27;0,0356757544056463
-14,5;27,5;0,0443263945732265
-14,5;28;0,0465303888759678
-14,5;28,5;0,0776967010785565
-14,5;29;0,0703732261599781
-14,5;29,5;0,0605567019172021
-14,5;30;0,0434440719475901
-14,5;30,5;0,240493320870201
-14,5;31;0,161637719548849
-14,5;31,5;0,0982034499517078
-14,5;32;0,0354977341045836
-14,5;32,5;0,0626026173703057
-14,5;33;0,0237830527452553
-14,5;33,5;0,027569522509985
-14,5;34;0,0760904784628038
-14,5;34,5;0,0879015734198576
-14;-69;0
-14;-68,5;0
-14;-68;0
-14;-67,5;0
-14;-67;0,0531444572211753
-14;-66,5;0,0836466526526914
-14;-66;0
-14;-64;0,120853808645744
-14;-63,5;0,0945671295884695
-14;-63;0,0571378245486477
-14;-62,5;0,0663039178616884
-14;-62;0
-14;-61,5;0,0411400048614484
-14;-61;0,0742980110396264
-14;-60,5;0,0612267857905804
-14;-60;0,070909552994518
-14;-59,5;0,0586059258561329
-14;-59;0,0592727445100886
-14;-58,5;0,0669243353845719
-14;-58;0,0249699819783675
-14;-57,5;0,0362604216993981
-14;-57;0,0300786660915366
-14;-56,5;0,0557590052517678
-14;-56;0,0611173377986299
-14;-55,5;0,0809179222726803
-14;-55;0,0434031987569771
-14;-54,5;0,0749440060338653
-14;-54;0,0347422745516991
-14;-53,5;0,0513969878720421
-14;-53;0,037932264191143
-14;-52,5;0,0375522858714909
-14;-52;0,0500345284986473
-14;-51,5;0,0520812551966362
-14;-51;0,170843715368201
-14;-50,5;0,173667072852002
-14;-50;0,0619645720322065
-14;-49,5;0,0426506140545134
-14;-49;0,0500606741421956
-14;-48,5;0,0619502630838146
-14;-48;0,0448194961377586
-14;-47,5;0,0861438855843467
-14;-47;0,0316224193231029
-14;-46,5;0,056673754049508
-14;-46;0,0512023014685441
-14;-45,5;0,040704076674499
-14;-45;0,0666067549009277
-14;-44,5;0,0885167992104026
-14;-44;0,0199822616373083
-14;-43,5;0,13708661657409
-14;-43;0,105647314629836
-14;-42,5;0,119262065241993
-14;-42;0,0625241949564723
-14;-41,5;0,0657347650974871
-14;-41;0,0575468044061284
-14;-40,5;0,0456486789161795
-14;-40;0,0718239062985419
-14;-39,5;0,0431647634442354
-14;-39;0,0278651447761008
-14;-38,5;0,0476068377781621
-14;-38;0,0497296600566209
-14;-37,5;0,0719696926329545
-14;-37;0,0554054430398384
-14;-36,5;0,0446708401934129
-14;-36;0,0507987783409074
-14;-35,5;0,0350474275627022
-14;-35;0,0426652980894828
-14;-34,5;0,0530964847676178
-14;-34;0,0413227703556073
-14;-33,5;0,0351653257875005
-14;-33;0,045343247391796
-14;-32,5;0,0266181218285016
-14;-32;0,0342117223591375
-14;-31,5;0,0317144118906315
-14;-31;0,0642363981395157
-14;-30,5;0,0656934738530933
-14;-30;0,0622859541361022
-14;-29,5;0,100933874337586
-14;-29;0,0615947517681349
-14;-28,5;0,0476629440183147
-14;-28;0,0347562250404638
-14;-27,5;0,0376109689615396
-14;-27;0,0487470203068405
-14;-26,5;0,0211947089216745
-14;-26;0,0508396142485126
-14;-25,5;0,0475868613202724
-14;-25;0,0460984635836703
-14;-24,5;0,028397530207239
-14;-24;0,0233379625235928
-14;-23,5;0,0269831287393403
-14;-23;0,0508455407432392
-14;-22,5;0,108034644826364
-14;-22;0,109010720114178
-14;-21,5;0,127684619342012
-14;-21;0,169342537355454
-14;-20,5;0,182489309849554
-14;-20;0,165113164656417
-14;-19,5;0,0579751105680546
-14;-19;0,080609142684298
-14;-18,5;0,0333097003056734
-14;-18;0,0320694279550851
-14;-17,5;0,037952110246682
-14;-17;0,117253007582385
-14;-16,5;0,295643067593302
-14;-16;0,128025366589431
-14;-15,5;0,0347096139459298
-14;-15;0,0500271964602748
-14;-14,5;0,0431548496328275
-14;-14;0,0370347316699103
-14;-13,5;0,0520390058198825
-14;-13;0,0469934040855545
-14;-12,5;0,0800640962237896
-14;-12;0,0704051420141922
-14;-11,5;0,048961563127269
-14;-11;0,239127632851974
-14;-10,5;0,316418396514635
-14;-10;0,354678079698746
-14;-9,5;0,339095090043388
-14;-9;0,0646240558541579
-14;-8,5;0,035668759919202
-14;-8;0,0302772746607343
-14;-7,5;0,0467104202601683
-14;-7;0,0489446938681941
-14;-6,5;0,0328438517083688
-14;-6;0,0702996194966759
-14;-5,5;0,0826566540079541
-14;-5;0,0555774965855945
-14;-4,5;0,0452754532463968
-14;-4;0,0490497400323914
-14;-3,5;0,0556156975351827
-14;-3;0,0837922597088469
-14;-2,5;0,0632852641271835
-14;-2;0,116144531513719
-14;-1,5;0,0882812341811098
-14;-1;0,0604957856601981
-14;-0,5;0,0373885561589728
-14;0;0,0325771916527186
-14;0,5;0,070780474922482
-14;1;0,0822754056121301
-14;1,5;0,104437429547322
-14;2;0,0781716421040051
-14;2,5;0,0442860023032109
-14;3;0,047818459218348
-14;3,5;0,145309330416107
-14;4;0,270152594117581
-14;4,5;0,156193059266683
-14;5;0,0331871746063506
-14;5,5;0,0588615038962363
-14;6;0,0458819658431168
-14;6,5;0,051334369010362
-14;7;0,0529596538048492
-14;7,5;0,0628124453537396
-14;8;0,0433900275450261
-14;8,5;0,0405567894198256
-14;9;0,0514083169927047
-14;9,5;0,0604261801647243
-14;10;0,0539792397683148
-14;10,5;0,0574533835309461
-14;11;0,0564560007720909
-14;11,5;0,0992739651890108
-14;12;0,0904286676228063
-14;12,5;0,262886064140119
-14;13;0,105567505118456
-14;13,5;0,0971900013737203
-14;14;0,126788253061341
-14;14,5;0,118233996895893
-14;15;0,0703619285039927
-14;15,5;0,0895163512795614
-14;16;0,0585646649556655
-14;16,5;0,0433973800651866
-14;17;0,04482315342902
-14;17,5;0,0352983729580542
-14;18;0,028163642992598
-14;18,5;0,0265367878793357
-14;19;0,0357094562561017
-14;19,5;0,0578265874463146
-14;20;0,0587771483577099
-14;20,5;0,0572416907247226
-14;21;0,0411791055364534
-14;21,5;0,0512911828112169
-14;22;0,0445198609069106
-14;22,5;0,0554338567596331
-14;23;0,0730478857448565
-14;23,5;0,0537183057314392
-14;24;0,0251568136601282
-14;24,5;0,0298392540647825
-14;25;0,0422136161673035
-14;25,5;0,047118882368221
-14;26;0,0417800488150935
-14;26,5;0,0340392486290891
-14;27;0,0348132037511215
-14;27,5;0,0376790266066366
-14;28;0,0725451919385818
-14;28,5;0,0677266231868414
-14;29;0,0682529078187725
-14;29,5;0,0744655108514561
-14;30;0,0789533242102329
-14;30,5;0,168566244077092
-14;31;0,125590036001496
-14;31,5;0,0466690475583121
-14;32;0,0706186944087754
-14;32,5;0,0707437955963957
-14;33;0,0402150344017692
-14;33,5;0,0357961215614287
-14;34;0,0601153652809092
-14;34,5;0,021920310216783
-13,5;-69;0
-13,5;-68,5;0
-13,5;-68;0,0897310797141474
-13,5;-67,5;0,0592415957471325
-13,5;-67;0
-13,5;-66,5;0
-13,5;-66;0
-13,5;-65,5;0
-13,5;-64;0,128789193685869
-13,5;-63,5;0,0997067960709011
-13,5;-63;0,038527046776691
-13,5;-62,5;0,0222710574513201
-13,5;-62;0
-13,5;-61,5;0,055537280206665
-13,5;-61;0,0580724569517276
-13,5;-60,5;0,0695488731154861
-13,5;-60;0,0415838692502054
-13,5;-59,5;0,0521533287237708
-13,5;-59;0,111808986646644
-13,5;-58,5;0,123399304437684
-13,5;-58;0,0235279975065169
-13,5;-57,5;0,048605555238059
-13,5;-57;0,0887573471137272
-13,5;-56,5;0,059619285333468
-13,5;-56;0,0673248549104243
-13,5;-55,5;0,0831334086656119
-13,5;-55;0,201133195917531
-13,5;-54,5;0,201424365808218
-13,5;-54;0,0871589160586445
-13,5;-53,5;0,073593743329437
-13,5;-53;0,0821557307956305
-13,5;-52,5;0,0547341837137233
-13,5;-52;0,0829072948553376
-13,5;-51,5;0,0441051773226984
-13,5;-51;0,189071192718288
-13,5;-50,5;0,216198067975225
-13,5;-50;0,0376171494470756
-13,5;-49,5;0,0696555513461299
-13,5;-49;0,0489766531176569
-13,5;-48,5;0,0563322578250246
-13,5;-48;0,0603851908190016
-13,5;-47,5;0,0756448039434062
-13,5;-47;0,0377652855408237
-13,5;-46,5;0,0260900410866376
-13,5;-46;0,129813385266876
-13,5;-45,5;0,0629763008060256
-13,5;-45;0,078798329042942
-13,5;-44,5;0,0508765117561734
-13,5;-44;0,110895987303419
-13,5;-43,5;0,0968858720320075
-13,5;-43;0,119872456145659
-13,5;-42,5;0,092983969611171
-13,5;-42;0,0480130766895769
-13,5;-41,5;0,0327834294538147
-13,5;-41;0,0603342382881451
-13,5;-40,5;0,160324225065513
-13,5;-40;0,118504668531327
-13,5;-39,5;0,031253961996427
-13,5;-39;0,0430962824648433
-13,5;-38,5;0,0513721897782595
-13,5;-38;0,301785761837947
-13,5;-37,5;0,306345332178693
-13,5;-37;0,0778125832610872
-13,5;-36,5;0,0339780024085608
-13,5;-36;0,0414184655362525
-13,5;-35,5;0,0540172701660356
-13,5;-35;0,0462391719139059
-13,5;-34,5;0,0487244582230696
-13,5;-34;0,0391528297462008
-13,5;-33,5;0,0245886266437166
-13,5;-33;0,0361034306275904
-13,5;-32,5;0,0541086541422834
-13,5;-32;0,0826774291686079
-13,5;-31,5;0,0684295375597721
-13,5;-31;0,0458150281755091
-13,5;-30,5;0,0651457528749731
-13,5;-30;0,105738132926683
-13,5;-29,5;0,272643114145864
-13,5;-29;0,3303337704958
-13,5;-28,5;0,0419684857453255
-13,5;-28;0,0629018168854693
-13,5;-27,5;0,150919160854239
-13,5;-27;0,0376538710573327
-13,5;-26,5;0,0466506118909712
-13,5;-26;0,0373575821948287
-13,5;-25,5;0,0362768093491107
-13,5;-25;0,0749602313354159
-13,5;-24,5;0,0908160108465845
-13,5;-24;0,0325621663539324
-13,5;-23,5;0,0437752848916433
-13,5;-23;0,0729013550931526
-13,5;-22,5;0,109798416636841
-13,5;-22;0,12746429491447
-13,5;-21,5;0,150596722302325
-13,5;-21;0,224220320041372
-13,5;-20,5;0,16609104498464
-13,5;-20;0,0746457016309031
-13,5;-19,5;0,0852527626732258
-13,5;-19;0,0538607694071301
-13,5;-18,5;0,0388033769937064
-13,5;-18;0,0536865875199088
-13,5;-17,5;0,0397377247046919
-13,5;-17;0,0367501147840264
-13,5;-16,5;0,0559291243162157
-13,5;-16;0,272351345203507
-13,5;-15,5;0,119610038436437
-13,5;-15;0,0837904879313195
-13,5;-14,5;0,047223675016814
-13,5;-14;0,0622056986905527
-13,5;-13,5;0,208588430487727
-13,5;-13;0,184598312701773
-13,5;-12,5;0,0685479844400906
-13,5;-12;0,0471849199073885
-13,5;-11,5;0,243427838737019
-13,5;-11;0,306842433492496
-13,5;-10,5;0,110915583515873
-13,5;-10;0,293075311168527
-13,5;-9,5;0,231770978557233
-13,5;-9;0,0497023113649723
-13,5;-8,5;0,0396898225129507
-13,5;-8;0,0357979234357812
-13,5;-7,5;0,0683224650364003
-13,5;-7;0,0668080109760687
-13,5;-6,5;0,0615612821508381
-13,5;-6;0,0508018635371083
-13,5;-5,5;0,0289182446914238
-13,5;-5;0,0311714798658131
-13,5;-4,5;0,0344679433453361
-13,5;-4;0,121599019837104
-13,5;-3,5;0,107669900319627
-13,5;-3;0,0711543298433917
-13,5;-2,5;0,074301465720397
-13,5;-2;0,114029942662844
-13,5;-1,5;0,10451689548861
-13,5;-1;0,0557502053758462
-13,5;-0,5;0,0422018075677271
-13,5;0;0,0301752572227543
-13,5;0,5;0,0983384566998878
-13,5;1;0,0500397513659872
-13,5;1,5;0,0860698018611005
-13,5;2;0,0418020243971208
-13,5;2,5;0,0364564885887833
-13,5;3;0,0340694945983188
-13,5;3,5;0,0556275126899201
-13,5;4;0,069383880970516
-13,5;4,5;0,0779640273487687
-13,5;5;0,0582631003244459
-13,5;5,5;0,0758755635508875
-13,5;6;0,0350018446892826
-13,5;6,5;0,0403789504800865
-13,5;7;0,0512335171370941
-13,5;7,5;0,0793826159803767
-13,5;8;0,0334721332756785
-13,5;8,5;0,0808187953755215
-13,5;9;0,0644391250742601
-13,5;9,5;0,0720259739922705
-13,5;10;0,0511196151787395
-13,5;10,5;0,0589780045651661
-13,5;11;0,0627639868301358
-13,5;11,5;0,112929430296563
-13,5;12;0,104580816988211
-13,5;12,5;0,104263044731978
-13,5;13;0,0609483483730758
-13,5;13,5;0,0674046965751877
-13,5;14;0,0599516273654217
-13,5;14,5;0,0882696681546629
-13,5;15;0,0659880911500566
-13,5;15,5;0,0460955163403845
-13,5;16;0,0404409711621904
-13,5;16,5;0,037063011366202
-13,5;17;0,0266878929632178
-13,5;17,5;0,040504745074429
-13,5;18;0,0353459483452597
-13,5;18,5;0,0363063528945583
-13,5;19;0,0416704125038008
-13,5;19,5;0,0576201702708224
-13,5;20;0,0620042199151075
-13,5;20,5;0,0485546704489791
-13,5;21;0,0321019501290194
-13,5;21,5;0,0605920764169533
-13,5;22;0,0397433484491121
-13,5;22,5;0,0525907344946909
-13,5;23;0,0278102484004474
-13,5;23,5;0,0546937310352785
-13,5;24;0,0257120613385352
-13,5;24,5;0,0382279760288261
-13,5;25;0,0397720174915749
-13,5;25,5;0,0553672681622771
-13,5;26;0,0467108754183963
-13,5;26,5;0,0416370771265971
-13,5;27;0,0159841257886605
-13,5;27,5;0,0418857123780767
-13,5;28;0,024402570445159
-13,5;28,5;0,0738778191700253
-13,5;29;0,111876770078369
-13,5;29,5;0,109032318510779
-13,5;30;0,123437259194007
-13,5;30,5;0,207689782758837
-13,5;31;0,190731786786504
-13,5;31,5;0,187923221702114
-13,5;32,5;0,00494974746830583
-13,5;33;0,023388031127053
-13,5;33,5;0,0601863390006308
-13,5;34;0,0653007196184237
-13;-68,5;0
-13;-68;0,0891913754197981
-13;-67,5;0,000707106781186548
-13;-67;0
-13;-66,5;0
-13;-65,5;0
-13;-65;0
-13;-64,5;0,0880130672116363
-13;-63,5;0,0544604066954691
-13;-62,5;0
-13;-62;0
-13;-61,5;0,0491505946289661
-13;-61;0,0710349819523357
-13;-60,5;0,0466300722320225
-13;-60;0,037392639968442
-13;-59,5;0,0425284218689886
-13;-59;0,0975996582594976
-13;-58,5;0,0944500651922211
-13;-58;0,0388640003900241
-13;-57,5;0,0264852160018881
-13;-57;0,0596379206457382
-13;-56,5;0,0783689135415734
-13;-56;0,0472716734536774
-13;-55,5;0,0458660575817809
-13;-55;0,26570334334868
-13;-54,5;0,152404903285474
-13;-54;0,257110935442134
-13;-53,5;0,0659531858335744
-13;-53;0,0554265748975403
-13;-52,5;0,0457951615937407
-13;-52;0,0720289110091498
-13;-51,5;0,0968256164452362
-13;-51;0,142903036279072
-13;-50,5;0,0810994494971983
-13;-50;0,0394087885840533
-13;-49,5;0,0593514912778796
-13;-49;0,0757036312073823
-13;-48,5;0,0574805344158759
-13;-48;0,0331297534349389
-13;-47,5;0,0684693450319473
-13;-47;0,07983412498151
-13;-46,5;0,0354883206119261
-13;-46;0,13737660281988
-13;-45,5;0,152361339009556
-13;-45;0,0475394990324253
-13;-44,5;0,111448797499315
-13;-44;0,0981324368191014
-13;-43,5;0,110802418341678
-13;-43;0,100466484598437
-13;-42,5;0,0763821332566084
-13;-42;0,0407920833961274
-13;-41,5;0,0904154618024279
-13;-41;0,151204602162799
-13;-40,5;0,145917785070909
-13;-40;0,121571811465376
-13;-39,5;0,026424572042709
-13;-39;0,0471302069829574
-13;-38,5;0,0272728379951132
-13;-38;0,197484620764748
-13;-37,5;0,280113465285665
-13;-37;0,0434424983527648
-13;-36,5;0,0512758944123828
-13;-36;0,0552093417591784
-13;-35,5;0,104305403256755
-13;-35;0,0643672933979964
-13;-34,5;0,0517746175194346
-13;-34;0,0376048927858132
-13;-33,5;0,0388333571225755
-13;-33;0,0355911999480838
-13;-32,5;0,0580847712313063
-13;-32;0,0454076291513429
-13;-31,5;0,0367000963722993
-13;-31;0,0459685558099153
-13;-30,5;0,052502325963627
-13;-30;0,0509725141510555
-13;-29,5;0,304845484922889
-13;-29;0,238934164601895
-13;-28,5;0,0726505348231108
-13;-28;0,0483464248181686
-13;-27,5;0,0448085194890817
-13;-27;0,0419396006520548
-13;-26,5;0,0666031184743618
-13;-26;0,0536036694135276
-13;-25,5;0,0294846739073598
-13;-25;0,0811421810997513
-13;-24,5;0,13061010221495
-13;-24;0,135612664597974
-13;-23,5;0,104638580397506
-13;-23;0,10613967591184
-13;-22,5;0,105290639128198
-13;-22;0,0488460973813191
-13;-21,5;0,0354118499703317
-13;-21;0,0575059223026079
-13;-20,5;0,0479913433910717
-13;-20;0,0396459314698271
-13;-19,5;0,0469675838030764
-13;-19;0,360323487803208
-13;-18,5;0,295371846425932
-13;-18;0,0538920957931747
-13;-17,5;0,0442098193473097
-13;-17;0,0409285698398033
-13;-16,5;0,038970051013991
-13;-16;0,0703951215674486
-13;-15,5;0,242138742017206
-13;-15;0,172809313451061
-13;-14,5;0,0501654154529096
-13;-14;0,0612310093120913
-13;-13,5;0,356447207743119
-13;-13;0,301343987462099
-13;-12,5;0,193584112033626
-13;-12;0,251933009045722
-13;-11,5;0,307835859942708
-13;-11;0,0326223338629637
-13;-10,5;0,0597148781014134
-13;-10;0,0465935213575128
-13;-9,5;0,0335986807756236
-13;-9;0,0556838453558015
-13;-8,5;0,065427450199969
-13;-8;0,125781456184479
-13;-7,5;0,0654622617505584
-13;-7;0,0442256999380904
-13;-6,5;0,0625007856699929
-13;-6;0,0501452426847081
-13;-5,5;0,0432259822004091
-13;-5;0,0491464122262322
-13;-4,5;0,0595163264402942
-13;-4;0,243526622446542
-13;-3,5;0,140382699970404
-13;-3;0,0511564078664891
-13;-2,5;0,0429273692836336
-13;-2;0,0535369070195799
-13;-1,5;0,0651009599485745
-13;-1;0,0371940503699195
-13;-0,5;0,0415372480456591
-13;0;0,0557385535802648
-13;0,5;0,110815317411461
-13;1;0,0697234990267027
-13;1,5;0,0542374796767021
-13;2;0,0554203436997491
-13;2,5;0,0340835254621362
-13;3;0,0583844048251796
-13;3,5;0,0394847208222471
-13;4;0,0463464493645443
-13;4,5;0,0588862777775353
-13;5;0,0786930937166421
-13;5,5;0,349867945567334
-13;6;0,291647586015227
-13;6,5;0,0479383140705101
-13;7;0,0434046041781923
-13;7,5;0,0344307005519183
-13;8;0,0371145441703913
-13;8,5;0,0574340201158396
-13;9;0,0737881852769951
-13;9,5;0,0672712105671938
-13;10;0,0669029791615415
-13;10,5;0,115431446964349
-13;11;0,152074767832937
-13;11,5;0,113243613391945
-13;12;0,0881544541150382
-13;12,5;0,0813513065793934
-13;13;0,0828355306905657
-13;13,5;0,0635497145693947
-13;14;0,046406026175135
-13;14,5;0,0655203081045405
-13;15;0,0460339308225886
-13;15,5;0,0436181461085025
-13;16;0,0608614595342337
-13;16,5;0,0502667035840584
-13;17;0,0456911085046345
-13;17,5;0,0417999420057946
-13;18;0,0326107582650549
-13;18,5;0,0340885853755261
-13;19;0,0328282554001439
-13;19,5;0,0474567561642727
-13;20;0,0319027231840242
-13;20,5;0,066458504144385
-13;21;0,0616248291669993
-13;21,5;0,0619754818039165
-13;22;0,0479967047528519
-13;22,5;0,0551483536389883
-13;23;0,0715490933823432
-13;23,5;0,0763048472304833
-13;24;0,0589158853171174
-13;24,5;0,0414081989504723
-13;25;0,0316062921438316
-13;25,5;0,0517648468533222
-13;26;0,0500026753392979
-13;26,5;0,0455786905695282
-13;27;0,0226748868806331
-13;27,5;0,0330822181703999
-13;28;0,102516202052009
-13;28,5;0,0791513256397665
-13;29;0,0517095678410483
-13;29,5;0,117938300522976
-13;30;0,115993903588861
-13;30,5;0,231949128090448
-13;31;0,203640809320674
-13;31,5;0,128603005842979
-13;32;0,0197053292284093
-13;33,5;0,0595873122673882
-13;34;0,0692623119534921
-12,5;-68,5;0
-12,5;-68;0,0507148893324239
-12,5;-67,5;0
-12,5;-67;0
-12,5;-66,5;0
-12,5;-65,5;0
-12,5;-65;0,0486650358500404
-12,5;-64,5;0,064526111362913
-12,5;-64;0
-12,5;-63,5;0
-12,5;-63;0
-12,5;-62,5;0,046630186242453
-12,5;-62;0,0608619996922213
-12,5;-61;0
-12,5;-60,5;0
-12,5;-60;0
-12,5;-59,5;0
-12,5;-59;0,0866020387783531
-12,5;-58,5;0,105364025571423
-12,5;-58;0,0985044838234957
-12,5;-57,5;0,0652219653330438
-12,5;-57;0,0721313327664661
-12,5;-56,5;0,00535412613473634
-12,5;-56;0,037677200381284
-12,5;-55,5;0,0298328677803526
-12,5;-55;0,0905276200946429
-12,5;-54,5;0,254908672611485
-12,5;-54;0,2981649074423
-12,5;-53,5;0,0800958982330114
-12,5;-53;0,0668333183148554
-12,5;-52,5;0,062531068301477
-12,5;-52;0,102146660665951
-12,5;-51,5;0,123257050894617
-12,5;-51;0,0595777358898155
-12,5;-50,5;0,0481409141899862
-12,5;-50;0,0551412766889711
-12,5;-49,5;0,08316355174766
-12,5;-49;0,0864725281807308
-12,5;-48,5;0,090264371320586
-12,5;-48;0,0521302388957851
-12,5;-47,5;0,0601871655916839
-12,5;-47;0,136185605538339
-12,5;-46,5;0,131025670824821
-12,5;-46;0,07315485915908
-12,5;-45,5;0,0593106888246782
-12,5;-45;0,0848362210212308
-12,5;-44,5;0,0871446939372746
-12,5;-44;0,0878873701937439
-12,5;-43,5;0,0943753170104848
-12,5;-43;0,0991809515485213
-12,5;-42,5;0,0513410920613984
-12,5;-42;0,0602222615343672
-12,5;-41,5;0,154041818918978
-12,5;-41;0,108316143695739
-12,5;-40,5;0,147116295074053
-12,5;-40;0,0521245378095621
-12,5;-39,5;0,0316974630951227
-12,5;-39;0,0433452431185949
-12,5;-38,5;0,0453940165015506
-12,5;-38;0,0916799791973277
-12,5;-37,5;0,0626239322494605
-12,5;-37;0,0521065691687299
-12,5;-36,5;0,0614521349199519
-12,5;-36;0,0377448646047559
-12,5;-35,5;0,0912156854092503
-12,5;-35;0,084890051799133
-12,5;-34,5;0,0360983772137414
-12,5;-34;0,0407315632873076
-12,5;-33,5;0,0290752183758029
-12,5;-33;0,0365672533558511
-12,5;-32,5;0,0508039230620062
-12,5;-32;0,0687568649214695
-12,5;-31,5;0,0396674801519104
-12,5;-31;0,0536978574530909
-12,5;-30,5;0,365120944822159
-12,5;-30;0,247837936113564
-12,5;-29,5;0,0477304339780301
-12,5;-29;0,0462093958461135
-12,5;-28,5;0,0787465369390287
-12,5;-28;0,0814014363941469
-12,5;-27,5;0,0550393483567914
-12,5;-27;0,0543985133004544
-12,5;-26,5;0,0819799352257266
-12,5;-26;0,0973902485006968
-12,5;-25,5;0,103798415499753
-12,5;-25;0,0965068760073851
-12,5;-24,5;0,0945950557377317
-12,5;-24;0,082844421162566
-12,5;-23,5;0,0579549500268695
-12,5;-23;0,0610911796733625
-12,5;-22,5;0,0529957997501197
-12,5;-22;0,0580839201915701
-12,5;-21,5;0,0276260036933814
-12,5;-21;0,035063458334665
-12,5;-20,5;0,0296081399737953
-12,5;-20;0,032279192532398
-12,5;-19,5;0,0829268731648457
-12,5;-19;0,340686469570942
-12,5;-18,5;0,293218744914349
-12,5;-18;0,078828331107058
-12,5;-17,5;0,0463549445297149
-12,5;-17;0,0434655849245024
-12,5;-16,5;0,0437161880362267
-12,5;-16;0,0322324375055348
-12,5;-15,5;0,0486889690020167
-12,5;-15;0,290536858920146
-12,5;-14,5;0,174277617481942
-12,5;-14;0,103818843202266
-12,5;-13,5;0,181185493688787
-12,5;-13;0,133370377946149
-12,5;-12,5;0,244870403121874
-12,5;-12;0,263953681553241
-12,5;-11,5;0,0306528954586675
-12,5;-11;0,0339446032257599
-12,5;-10,5;0,0537367576101992
-12,5;-10;0,0471216393822586
-12,5;-9,5;0,0317702170942359
-12,5;-9;0,038140620508496
-12,5;-8,5;0,0585913057239944
-12,5;-8;0,0840627053439994
-12,5;-7,5;0,104086773769914
-12,5;-7;0,0620995806198823
-12,5;-6,5;0,032486907725324
-12,5;-6;0,0423114072334262
-12,5;-5,5;0,0368845718242121
-12,5;-5;0,143030675589762
-12,5;-4,5;0,0713749180428239
-12,5;-4;0,0394367477466022
-12,5;-3,5;0,0411137308638637
-12,5;-3;0,053485834136584
-12,5;-2,5;0,0383900738353797
-12,5;-2;0,0524090015505559
-12,5;-1,5;0,0580977636208232
-12,5;-1;0,0466781990866448
-12,5;-0,5;0,0304053197824719
-12,5;0;0,0415907567475269
-12,5;0,5;0,0541920025510764
-12,5;1;0,0648804242340975
-12,5;1,5;0,0452715236582748
-12,5;2;0,189795041965556
-12,5;2,5;0,0907223674193227
-12,5;3;0,0430731987409237
-12,5;3,5;0,0465069707344859
-12,5;4;0,0412578625654849
-12,5;4,5;0,0578543788035771
-12,5;5;0,228673323314107
-12,5;5,5;0,371325914607217
-12,5;6;0,226730056018685
-12,5;6,5;0,042300006215819
-12,5;7;0,0360067531792274
-12,5;7,5;0,0308998827638704
-12,5;8;0,0328006206687228
-12,5;8,5;0,042134349924096
-12,5;9;0,0894717734780066
-12,5;9,5;0,0794471512258405
-12,5;10;0,0886510923591503
-12,5;10,5;0,1109637732785
-12,5;11;0,117531721450961
-12,5;11,5;0,0947605764808899
-12,5;12;0,0408757270446051
-12,5;12,5;0,0971427936048354
-12,5;13;0,0910143471893462
-12,5;13,5;0,0679058752021802
-12,5;14;0,0570044703483559
-12,5;14,5;0,0720346774713038
-12,5;15;0,0687792531929646
-12,5;15,5;0,126613875957202
-12,5;16;0,110593459565048
-12,5;16,5;0,0841443120596359
-12,5;17;0,0465727676767833
-12,5;17,5;0,0334092578845549
-12,5;18;0,0479603616174039
-12,5;18,5;0,0343747937634685
-12,5;19;0,0435572857936045
-12,5;19,5;0,039515522670751
-12,5;20;0,0453400712264938
-12,5;20,5;0,0728598066797703
-12,5;21;0,0526657818648812
-12,5;21,5;0,0814884117183407
-12,5;22;0,0832599551843488
-12,5;22,5;0,0538382638790791
-12,5;23;0,0852364484053162
-12,5;23,5;0,0909226712838571
-12,5;24;0,0496611191024183
-12,5;24,5;0,0402014343318597
-12,5;25;0,0220690683562072
-12,5;25,5;0,034269706281894
-12,5;26;0,0414918554128251
-12,5;26,5;0,0327788833006957
-12,5;27;0,0410457221515895
-12,5;27,5;0,0440320811331108
-12,5;28;0,0660865526435057
-12,5;28,5;0,0996261238364677
-12,5;29;0,0753922149407666
-12,5;29,5;0,107819845140022
-12,5;30;0,099420402810898
-12,5;30,5;0,0740393882366201
-12,5;31;0,0861006046204253
-12,5;31,5;0,108055911453284
-12,5;32;0,0886372097093255
-12,5;33,5;0,0471470634105168
-12;-68,5;0
-12;-65,5;0,0304055915910216
-12;-65;0,0554269332322855
-12;-64,5;0,0561732667506163
-12;-64;0
-12;-63,5;0
-12;-63;0
-12;-62,5;0,0763694965283915
-12;-62;0,080151107291166
-12;-61,5;0,0317883626505047
-12;-61;0
-12;-60,5;0,0113137084989848
-12;-60;0
-12;-59,5;0,088367307033659
-12;-59;0,0992722674401404
-12;-58,5;0,0899529079075582
-12;-58;0,0379134650228586
-12;-57,5;0,0303534731675526
-12;-57;0,0548275413322315
-12;-56,5;0,0768275518760863
-12;-56;0,0269907391525316
-12;-55,5;0,0548034504554064
-12;-55;0,0608908113683083
-12;-54,5;0,0514646097877567
-12;-54;0,0696573904678005
-12;-53,5;0,06689386446128
-12;-53;0,067110100559811
-12;-52,5;0,0406677595481564
-12;-52;0,118531415365596
-12;-51,5;0,0784170265608484
-12;-51;0,0587939372624723
-12;-50,5;0,0469214224319866
-12;-50;0,0424053256114328
-12;-49,5;0,0950207133239439
-12;-49;0,0637852912534049
-12;-48,5;0,0747196467453915
-12;-48;0,0700583879424044
-12;-47,5;0,045002444078177
-12;-47;0,0423178868150894
-12;-46,5;0,0299824022460583
-12;-46;0
-12;-45,5;0,0867768389619015
-12;-45;0,14010843134634
-12;-44,5;0,136820578888753
-12;-44;0,0567603644792554
-12;-43,5;0,0570717615367905
-12;-43;0,0486804895883788
-12;-42,5;0,0596214819769489
-12;-42;0,059133740616329
-12;-41,5;0,187700406049978
-12;-41;0,154993475680844
-12;-40,5;0,101150806437449
-12;-40;0,0562221829981969
-12;-39,5;0,0465050300243082
-12;-39;0,063348054125904
-12;-38,5;0,0328550624833481
-12;-38;0,0579601664842019
-12;-37,5;0,0352189231666672
-12;-37;0,0316929072029134
-12;-36,5;0,0365389428227514
-12;-36;0,0414880802562672
-12;-35,5;0,0699570235824456
-12;-35;0,0499153586561007
-12;-34,5;0,0416784186539099
-12;-34;0,0344820452453096
-12;-33,5;0,0485943359438961
-12;-33;0,0420438065507618
-12;-32,5;0,0519167998956584
-12;-32;0,0550325298241229
-12;-31,5;0,0332740666205919
-12;-31;0,0582907575854287
-12;-30,5;0,376049914944281
-12;-30;0,28745118426149
-12;-29,5;0,0803922657423248
-12;-29;0,0273722225530393
-12;-28,5;0,0375183092557722
-12;-28;0,104118268982777
-12;-27,5;0,0795995421773639
-12;-27;0,0629606927203137
-12;-26,5;0,0856330572754124
-12;-26;0,0494423108512857
-12;-25,5;0,043178890432742
-12;-25;0,0526092731990818
-12;-24,5;0,031445889255894
-12;-24;0,0530215798206268
-12;-23,5;0,0297379000982227
-12;-23;0,0616066147498025
-12;-22,5;0,0587363794481912
-12;-22;0,0651103728931334
-12;-21,5;0,0884394156541665
-12;-21;0,0378884731609421
-12;-20,5;0,0367281417413127
-12;-20;0,0288882092847957
-12;-19,5;0,0241196894733298
-12;-19;0,108499845613271
-12;-18,5;0,139671736858732
-12;-18;0,123756097882429
-12;-17,5;0,250283705688831
-12;-17;0,0662315736628857
-12;-16,5;0,0520449225856101
-12;-16;0,0310326762823508
-12;-15,5;0,0386221756480734
-12;-15;0,0594853747060701
-12;-14,5;0,282735735525686
-12;-14;0,247656318374501
-12;-13,5;0,340744958946467
-12;-13;0,27797791571516
-12;-12,5;0,329063476184373
-12;-12;0,0870472299842671
-12;-11,5;0,062904224500864
-12;-11;0,0397862522458273
-12;-10,5;0,0506448915688128
-12;-10;0,0359606859867706
-12;-9,5;0,0491139185694359
-12;-9;0,0475019801085043
-12;-8,5;0,0432186865138159
-12;-8;0,037429424638903
-12;-7,5;0,0547221229833205
-12;-7;0,0577128531263007
-12;-6,5;0,0444188460486933
-12;-6;0,0368689242727641
-12;-5,5;0,0430858640634787
-12;-5;0,118851010702888
-12;-4,5;0,0795184187821905
-12;-4;0,0363794624651904
-12;-3,5;0,0589060699919556
-12;-3;0,0565535807265747
-12;-2,5;0,029219600841753
-12;-2;0,0626660076309054
-12;-1,5;0,047942671228436
-12;-1;0,0524613176153476
-12;-0,5;0,0678795542435093
-12;0;0,047275120860148
-12;0,5;0,0734767199324165
-12;1;0,0765433215510244
-12;1,5;0,248216579861635
-12;2;0,242830211187989
-12;2,5;0,241826657254573
-12;3;0,0414842603845015
-12;3,5;0,052177426609622
-12;4;0,0409860377600598
-12;4,5;0,0481027429524744
-12;5;0,097804500242924
-12;5,5;0,0417786077570292
-12;6;0,0421053938032626
-12;6,5;0,0335461542920662
-12;7;0,0248284930346631
-12;7,5;0,0385117509168005
-12;8;0,0473106327291778
-12;8,5;0,0676912210707973
-12;9;0,0546064721842358
-12;9,5;0,130178234841341
-12;10;0,146443576193711
-12;10,5;0,136324002266987
-12;11;0,130650393890446
-12;11,5;0,143095368373904
-12;12;0,110969238664706
-12;12,5;0,0572542258949628
-12;13;0,123895875851851
-12;13,5;0,164916605845777
-12;14;0,0948048849807657
-12;14,5;0,056426912827374
-12;15;0,0574769054539687
-12;15,5;0,0720093171341247
-12;16;0,104257225998122
-12;16,5;0,0566943875640898
-12;17;0,0514960889074832
-12;17,5;0,0356479529065708
-12;18;0,0344171630739426
-12;18,5;0,0350152219542651
-12;19;0,0478792173695222
-12;19,5;0,0387410000266079
-12;20;0,0738311874551492
-12;20,5;0,0545409568170194
-12;21;0,0383215465441471
-12;21,5;0,07175809353659
-12;22;0,0838497933420385
-12;22,5;0,0443217691655913
-12;23;0,164409997819233
-12;23,5;0,284155517126037
-12;24;0,0437446641505737
-12;24,5;0,0349210463948602
-12;25;0,0574028612708004
-12;25,5;0,0272045666927245
-12;26;0,047673266406185
-12;26,5;0,154495063032082
-12;27;0,210324501721661
-12;27,5;0,117171135119462
-12;28;0,0464364737210332
-12;28,5;0,0793065350127371
-12;29;0,0704231383555262
-12;29,5;0,0838442650651416
-12;30;0,0951713173493868
-12;30,5;0,103211458074213
-12;31;0,155895577315987
-12;31,5;0,0631549008547736
-12;32;0,0614190524186103
-12;32,5;0,0600345138827896
-12;33;0,0615407723925096
-12;33,5;0,0842872074121176
-11,5;-65;0,0456106712659804
-11,5;-64,5;0,0451732116150606
-11,5;-64;0,0944894173968704
-11,5;-63,5;0,0977762869966464
-11,5;-63;0,0289913780286484
-11,5;-62,5;0,037053564830751
-11,5;-62;0,0389649415072917
-11,5;-61,5;0,0964642734933823
-11,5;-61;0,0422582111577905
-11,5;-60,5;0
-11,5;-60;0
-11,5;-59,5;0,0884847646288816
-11,5;-59;0,180385304973207
-11,5;-58,5;0,265363270096445
-11,5;-58;0,0562618111852921
-11,5;-57,5;0,0325099343790992
-11,5;-57;0,0299148363842665
-11,5;-56,5;0,0968742477805166
-11,5;-56;0,088849685799482
-11,5;-55,5;0,0717581062072545
-11,5;-55;0,0637456457567196
-11,5;-54,5;0,0858013481539145
-11,5;-54;0,0630383795920176
-11,5;-53,5;0,0663151936049931
-11,5;-53;0,0449966632062834
-11,5;-52,5;0,0669090034568573
-11,5;-52;0,0540197359132
-11,5;-51,5;0,0481090865692368
-11,5;-51;0,0603865392090577
-11,5;-50,5;0,0340043297896671
-11,5;-50;0,0658257036104739
-11,5;-49,5;0,0715708952586758
-11,5;-49;0,0550011099253757
-11,5;-48,5;0,0842959669014022
-11,5;-48;0,13134752421359
-11,5;-47,5;0,0811699108683738
-11,5;-47;0,0655872326111194
-11,5;-46,5;0,0387325756734645
-11,5;-46;0,0270037034497122
-11,5;-45,5;0,0515560757560971
-11,5;-45;0,0976497301849565
-11,5;-44,5;0,0706134014123126
-11,5;-44;0,0801609573081772
-11,5;-43,5;0,0287259067931447
-11,5;-43;0,0496568614120083
-11,5;-42,5;0,0667287943241275
-11,5;-42;0,0507800446801417
-11,5;-41,5;0,0505155811969136
-11,5;-41;0,0839170836187538
-11,5;-40,5;0,0988692269663353
-11,5;-40;0,0425208181955613
-11,5;-39,5;0,0402804000803198
-11,5;-39;0,0605711982422106
-11,5;-38,5;0,0581560067690443
-11,5;-38;0,0459456944777884
-11,5;-37,5;0,0425140257210936
-11,5;-37;0,0399249071168196
-11,5;-36,5;0,0534504766008845
-11,5;-36;0,0567821093648804
-11,5;-35,5;0,0597728885036454
-11,5;-35;0,0665053145451181
-11,5;-34,5;0,0402605759070658
-11,5;-34;0,0341166656293478
-11,5;-33,5;0,0384895119422706
-11,5;-33;0,0480741133891335
-11,5;-32,5;0,0800248902395451
-11,5;-32;0,0929980990589132
-11,5;-31,5;0,0504793744624958
-11,5;-31;0,0448816760223893
-11,5;-30,5;0,0489675487978929
-11,5;-30;0,0519055544767852
-11,5;-29,5;0,0319681603605237
-11,5;-29;0,034285564437312
-11,5;-28,5;0,0211702075084401
-11,5;-28;0,0982217812006897
-11,5;-27,5;0,0604735244004478
-11,5;-27;0,0561505726058643
-11,5;-26,5;0,0779951836299383
-11,5;-26;0,0977607382477403
-11,5;-25,5;0,103754707638944
-11,5;-25;0,030406109678915
-11,5;-24,5;0,0393123560907587
-11,5;-24;0,0379220395163694
-11,5;-23,5;0,264289517967319
-11,5;-23;0,349929885192084
-11,5;-22,5;0,0615017010238276
-11,5;-22;0,0625053208860212
-11,5;-21,5;0,044618766707445
-11,5;-21;0,0634440281641735
-11,5;-20,5;0,064725099833505
-11,5;-20;0,0568525877733951
-11,5;-19,5;0,035326981955206
-11,5;-19;0,131183468751833
-11,5;-18,5;0,22969966457652
-11,5;-18;0,246242273123095
-11,5;-17,5;0,330567113710161
-11,5;-17;0,0924540539989477
-11,5;-16,5;0,0575250861554338
-11,5;-16;0,052140671071937
-11,5;-15,5;0,0419822538922493
-11,5;-15;0,0422586143370296
-11,5;-14,5;0,059659729578111
-11,5;-14;0,262753839106553
-11,5;-13,5;0,35446808266097
-11,5;-13;0,285034173438113
-11,5;-12,5;0,076461364990003
-11,5;-12;0,0733187548118661
-11,5;-11,5;0,0613696012813551
-11,5;-11;0,0401114700247723
-11,5;-10,5;0,0517345621027799
-11,5;-10;0,0378655789090264
-11,5;-9,5;0,0297423601783839
-11,5;-9;0,0773004504635858
-11,5;-8,5;0,0805502257324349
-11,5;-8;0,0590262344940232
-11,5;-7,5;0,046416851354178
-11,5;-7;0,0375686204121128
-11,5;-6,5;0,0518171146953412
-11,5;-6;0,0343895324903317
-11,5;-5,5;0,0449088864862064
-11,5;-5;0,167247412857234
-11,5;-4,5;0,135907509872227
-11,5;-4;0,0530054651790075
-11,5;-3,5;0,0665059505612475
-11,5;-3;0,0828064967038127
-11,5;-2,5;0,0346612649987926
-11,5;-2;0,0516773522879781
-11,5;-1,5;0,368248796605465
-11,5;-1;0,305663563766602
-11,5;-0,5;0,0614415476213342
-11,5;0;0,0377110279009251
-11,5;0,5;0,0708355489849553
-11,5;1;0,0477033013394009
-11,5;1,5;0,0816606423205309
-11,5;2;0,1460918361163
-11,5;2,5;0,0746770000852786
-11,5;3;0,0493389848122609
-11,5;3,5;0,0463310403950498
-11,5;4;0,0430381548815096
-11,5;4,5;0,0475534033566358
-11,5;5;0,0546698206116893
-11,5;5,5;0,065171974573141
-11,5;6;0,0403511156529192
-11,5;6,5;0,0390918296893275
-11,5;7;0,0486439798624609
-11,5;7,5;0,0435430821141545
-11,5;8;0,055211250244306
-11,5;8,5;0,112691912561917
-11,5;9;0,122805116210362
-11,5;9,5;0,0818591414594592
-11,5;10;0,0992356955849906
-11,5;10,5;0,174192176443079
-11,5;11;0,156298818486202
-11,5;11,5;0,134255443167274
-11,5;12;0,117701818575926
-11,5;12,5;0,0523251362556265
-11,5;13;0,0691693995752664
-11,5;13,5;0,099880340742736
-11,5;14;0,107153213470361
-11,5;14,5;0,0538905974287544
-11,5;15;0,0409781249273147
-11,5;15,5;0,10621324284391
-11,5;16;0,0469414397803403
-11,5;16,5;0,0608917342861295
-11,5;17;0,0651929518917032
-11,5;17,5;0,0340366584383229
-11,5;18;0,0310596795714058
-11,5;18,5;0,0327823346412499
-11,5;19;0,0445223527646229
-11,5;19,5;0,0342395881373435
-11,5;20;0,037176400387379
-11,5;20,5;0,086193741926704
-11,5;21;0,0790237168774771
-11,5;21,5;0,0571725888071224
-11,5;22;0,181061281352591
-11,5;22,5;0,0735436302219199
-11,5;23;0,306475299565393
-11,5;23,5;0,287138375845568
-11,5;24;0,092437063839792
-11,5;24,5;0,0725186943470492
-11,5;25;0,062360445633244
-11,5;25,5;0,0257835919473444
-11,5;26;0,0313706817992511
-11,5;26,5;0,254089364835167
-11,5;27;0,2199629073862
-11,5;27,5;0,0946537258017175
-11,5;28;0,0595755856374103
-11,5;28,5;0,0774450319067206
-11,5;29;0,0577076729406427
-11,5;29,5;0,101475735915168
-11,5;30;0,11523188120412
-11,5;30,5;0,109261499698914
-11,5;31;0,128837735560843
-11,5;31,5;0,121359569714507
-11,5;32;0,0383313249991502
-11,5;32,5;0,0386282242134214
-11,5;33;0,004
-11;-65;0
-11;-64,5;0
-11;-64;0,0436682569684968
-11;-63,5;0,094930512469923
-11;-63;0,0604126833346468
-11;-62,5;0,0598936557575174
-11;-62;0,0830013901644471
-11;-61,5;0,129738492185935
-11;-61;0,0126622799421484
-11;-60,5;0
-11;-60;0
-11;-59,5;0
-11;-59;0,192220359657001
-11;-58,5;0,232530759987569
-11;-58;0,10290462669444
-11;-57,5;0,0528310116264461
-11;-57;0,030982536733095
-11;-56,5;0,105529431798005
-11;-56;0,0749914582873787
-11;-55,5;0,0674506580386083
-11;-55;0,0590016141829228
-11;-54,5;0,0844257314163035
-11;-54;0,0410891893248591
-11;-53,5;0,0624860169371792
-11;-53;0,0530072778763736
-11;-52,5;0,0616896832645184
-11;-52;0,0741276192851672
-11;-51,5;0,0513305577005175
-11;-51;0,0542212822372124
-11;-50,5;0,047486400766043
-11;-50;0,0512363803041029
-11;-49,5;0,0404771801933153
-11;-49;0,0434357895760162
-11;-48,5;0,290904715845268
-11;-48;0,227258455141187
-11;-47,5;0,175051881870481
-11;-47;0,0627791110419444
-11;-46,5;0,0594095551077033
-11;-46;0,0553148352085771
-11;-45,5;0,057762841709467
-11;-45;0,0645117172050631
-11;-44,5;0,0701754793506813
-11;-44;0,0865115882524462
-11;-43,5;0,0504651282240189
-11;-43;0,0971868124835721
-11;-42,5;0,0592109568253145
-11;-42;0,0505681778448244
-11;-41,5;0,0700458944007739
-11;-41;0,0951651861160244
-11;-40,5;0,0581776526632554
-11;-40;0,0400541230475621
-11;-39,5;0,0360620241481217
-11;-39;0,0337602671656749
-11;-38,5;0,0514789481755713
-11;-38;0,0474017168911385
-11;-37,5;0,0567196638557489
-11;-37;0,0399926390224499
-11;-36,5;0,0572980072489051
-11;-36;0,0421178862826275
-11;-35,5;0,0521109444584392
-11;-35;0,0707149391621693
-11;-34,5;0,0460819978379587
-11;-34;0,0548983246595028
-11;-33,5;0,0371056072596279
-11;-33;0,0315765210349758
-11;-32,5;0,0298859818783477
-11;-32;0,0390642641898536
-11;-31,5;0,0456564597125849
-11;-31;0,0702869972864231
-11;-30,5;0,0339742538743516
-11;-30;0,0374934015939096
-11;-29,5;0,0438052404357727
-11;-29;0,0684622002641879
-11;-28,5;0,0434894243184272
-11;-28;0,0591263576655868
-11;-27,5;0,0676222779784266
-11;-27;0,0550002848589689
-11;-26,5;0,0681779463547121
-11;-26;0,0737452005443233
-11;-25,5;0,104343565568287
-11;-25;0,0529620994834359
-11;-24,5;0,0518455211345425
-11;-24;0,0407948793986978
-11;-23,5;0,252315805276253
-11;-23;0,348750874534737
-11;-22,5;0,0648841725467503
-11;-22;0,0493295570502793
-11;-21,5;0,0629200274810428
-11;-21;0,0775612250178146
-11;-20,5;0,0729573328582492
-11;-20;0,0438059510016772
-11;-19,5;0,0495071322834047
-11;-19;0,0392618983495323
-11;-18,5;0,0540930549859327
-11;-18;0,0488565637639126
-11;-17,5;0,0476688268038289
-11;-17;0,0503638469528471
-11;-16,5;0,0737555582254382
-11;-16;0,045095698144827
-11;-15,5;0,048128209701047
-11;-15;0,0602442578382229
-11;-14,5;0,0406079038068711
-11;-14;0,0416839213572798
-11;-13,5;0,248595376379016
-11;-13;0,0482927514844451
-11;-12,5;0,0375084094100776
-11;-12;0,0414241781383199
-11;-11,5;0,0353789072738236
-11;-11;0,043642905128372
-11;-10,5;0,0737874824206889
-11;-10;0,0621886170423162
-11;-9,5;0,0410961246354823
-11;-9;0,0483049341855122
-11;-8,5;0,0345577652593984
-11;-8;0,0259818604574255
-11;-7,5;0,0512221940692324
-11;-7;0,050010733007805
-11;-6,5;0,0504454103538697
-11;-6;0,0743360899561744
-11;-5,5;0,0562689864141447
-11;-5;0,088185473994711
-11;-4,5;0,0546495181562541
-11;-4;0,0440299046885983
-11;-3,5;0,0259824771424378
-11;-3;0,0574225601416651
-11;-2,5;0,0373968386429875
-11;-2;0,0925372875106675
-11;-1,5;0,338004491954928
-11;-1;0,281387792080041
-11;-0,5;0,0374526661782142
-11;0;0,0672613818427406
-11;0,5;0,105229069856467
-11;1;0,0433673049715551
-11;1,5;0,033164331216139
-11;2;0,044408424051319
-11;2,5;0,066735574580583
-11;3;0,0303153967191082
-11;3,5;0,194480946587151
-11;4;0,352082013837383
-11;4,5;0,0374170266629715
-11;5;0,0352909206642083
-11;5,5;0,0557404449110298
-11;6;0,0390977090632493
-11;6,5;0,0393838673266382
-11;7;0,0259965456488921
-11;7,5;0,0386471240767252
-11;8;0,0362509200035244
-11;8,5;0,102286394239276
-11;9;0,161221197910347
-11;9,5;0,100353710010875
-11;10;0,1293042869849
-11;10,5;0,15938189386773
-11;11;0,138004996016883
-11;11,5;0,167542549553356
-11;12;0,0926849490624188
-11;12,5;0,0430590578959301
-11;13;0,0702747051792762
-11;13,5;0,0355222727699833
-11;14;0,0352438474277796
-11;14,5;0,0436924499435867
-11;15;0,0622185397949428
-11;15,5;0,0698111235778841
-11;16;0,0407075762625898
-11;16,5;0,0323439108864184
-11;17;0,0668551236856623
-11;17,5;0,0396363229800278
-11;18;0,0874173178071236
-11;18,5;0,0702395879820487
-11;19;0,0380783787609423
-11;19,5;0,0369417088813236
-11;20;0,0621094582484952
-11;20,5;0,0830114901263506
-11;21;0,108911969405983
-11;21,5;0,0988052831413458
-11;22;0,126790145700807
-11;22,5;0,0701212743248984
-11;23;0,202549071359362
-11;23,5;0,176331487753932
-11;24;0,0783751462803327
-11;24,5;0,0673107490167423
-11;25;0,0359399049480764
-11;25,5;0,0221461471028672
-11;26;0,0334711346888747
-11;26,5;0,0792499217338206
-11;27;0,16953862909382
-11;27,5;0,261005515659905
-11;28;0,101183880169608
-11;28,5;0,0671374410636781
-11;29;0,0748597508400272
-11;29,5;0,079137116135118
-11;30;0,120751753499132
-11;30,5;0,0637156225391823
-11;31;0,038937449839454
-11;31,5;0,136650165960905
-11;32;0,0903065150842765
-11;32,5;0,0967501356308545
-11;33;0,039940431835899
-10,5;-65,5;0
-10,5;-65;0
-10,5;-64,5;0,0402280996319737
-10,5;-64;0,0556444067270018
-10,5;-63,5;0,0692964645562817
-10,5;-63;0
-10,5;-62,5;0,221387787334696
-10,5;-62;0,11404494727957
-10,5;-61;0
-10,5;-60,5;0
-10,5;-60;0
-10,5;-59,5;0
-10,5;-59;0
-10,5;-58,5;0,258205338129667
-10,5;-58;0,0931157750382587
-10,5;-57,5;0,0542694595737256
-10,5;-57;0,0611360269653128
-10,5;-56,5;0,154199595172994
-10,5;-56;0,114439423008252
-10,5;-55,5;0,0599460405512973
-10,5;-55;0,0685080128604454
-10,5;-54,5;0,216798944254729
-10,5;-54;0,0558261949214602
-10,5;-53,5;0,0670178536371546
-10,5;-53;0,032766774917003
-10,5;-52,5;0,0813727751844941
-10,5;-52;0,0497240283122419
-10,5;-51,5;0,360700476076146
-10,5;-51;0,0605128539801979
-10,5;-50,5;0,0546966731202197
-10,5;-50;0,069126453488046
-10,5;-49,5;0,0384014728660187
-10,5;-49;0,0493224438081028
-10,5;-48,5;0,142077507656273
-10,5;-48;0,245324353653373
-10,5;-47,5;0,154220502859485
-10,5;-47;0,0536820781470352
-10,5;-46,5;0,0307801627847
-10,5;-46;0,0451405213380026
-10,5;-45,5;0,0648056308966927
-10,5;-45;0,0579504963314608
-10,5;-44,5;0,0792354826141756
-10,5;-44;0,0313573203329229
-10,5;-43,5;0,251463862206425
-10,5;-43;0,254888743679066
-10,5;-42,5;0,195376332173182
-10,5;-42;0,0497975949841
-10,5;-41,5;0,0362101948094417
-10,5;-41;0,0378077731055273
-10,5;-40,5;0,0865227070451472
-10,5;-40;0,0488474550646465
-10,5;-39,5;0,0367056622693724
-10,5;-39;0,0351125132267559
-10,5;-38,5;0,0302131318027995
-10,5;-38;0,0562707373064285
-10,5;-37,5;0,110392054180246
-10,5;-37;0,0739737217878857
-10,5;-36,5;0,0672559913693405
-10,5;-36;0,1053751300125
-10,5;-35,5;0,0390895438498182
-10,5;-35;0,120020534968543
-10,5;-34,5;0,10631879337048
-10,5;-34;0,0642057639514048
-10,5;-33,5;0,0321822990914663
-10,5;-33;0,0342870697720209
-10,5;-32,5;0,0309239135581521
-10,5;-32;0,0456646151065476
-10,5;-31,5;0,0264008540850241
-10,5;-31;0,0498623805058946
-10,5;-30,5;0,0323956471730225
-10,5;-30;0,0416972030723111
-10,5;-29,5;0,0417643088803331
-10,5;-29;0,0504637906271044
-10,5;-28,5;0,0526376170887548
-10,5;-28;0,0434839582127563
-10,5;-27,5;0,0414989871054595
-10,5;-27;0,0697712644205548
-10,5;-26,5;0,0884796729192299
-10,5;-26;0,0360923935520149
-10,5;-25,5;0,0334412725370284
-10,5;-25;0,0845493523479402
-10,5;-24,5;0,0372837040502435
-10,5;-24;0,0370644109463377
-10,5;-23,5;0,0478437226664512
-10,5;-23;0,0569807782581906
-10,5;-22,5;0,0372026773955491
-10,5;-22;0,0403381448489588
-10,5;-21,5;0,0271606356460987
-10,5;-21;0,0509061112767314
-10,5;-20,5;0,0633416902353501
-10,5;-20;0,0467299665371446
-10,5;-19,5;0,0436830640412691
-10,5;-19;0,0427711681674386
-10,5;-18,5;0,0600192941241932
-10,5;-18;0,0603359936702372
-10,5;-17,5;0,0559639740060927
-10,5;-17;0,114404462289438
-10,5;-16,5;0,0535591727552423
-10,5;-16;0,0704931726833031
-10,5;-15,5;0,0459721941355593
-10,5;-15;0,0531969362171225
-10,5;-14,5;0,0507033114017857
-10,5;-14;0,044082332411209
-10,5;-13,5;0,0356658176825401
-10,5;-13;0,0511505668272102
-10,5;-12,5;0,0478003543873037
-10,5;-12;0,0361086189165782
-10,5;-11,5;0,0240775823534838
-10,5;-11;0,0977128354381674
-10,5;-10,5;0,0661667710999724
-10,5;-10;0,0733776684789382
-10,5;-9,5;0,0526632363693216
-10,5;-9;0,0648789966824882
-10,5;-8,5;0,0328392560313823
-10,5;-8;0,0862565452394116
-10,5;-7,5;0,0959796704368167
-10,5;-7;0,0427392294817616
-10,5;-6,5;0,0303108775808271
-10,5;-6;0,0715442080636097
-10,5;-5,5;0,0531814568752296
-10,5;-5;0,0323127917026678
-10,5;-4,5;0,0486470789668919
-10,5;-4;0,0422807211829872
-10,5;-3,5;0,0590511813328635
-10,5;-3;0,104441565641314
-10,5;-2,5;0,0411307164961915
-10,5;-2;0,0963466894760933
-10,5;-1,5;0,0503837559637407
-10,5;-1;0,0455831785947283
-10,5;-0,5;0,0420624535660962
-10,5;0;0,112672003586325
-10,5;0,5;0,120248520778059
-10,5;1;0,0829436716155273
-10,5;1,5;0,0774752130119634
-10,5;2;0,0599426907723075
-10,5;2,5;0,0433022339365307
-10,5;3;0,258019993566177
-10,5;3,5;0,286251394868961
-10,5;4;0,305595543981547
-10,5;4,5;0,123046972140485
-10,5;5;0,0488962177677914
-10,5;5,5;0,0443148363709535
-10,5;6;0,0431518039704836
-10,5;6,5;0,0268497810754884
-10,5;7;0,0338660096788838
-10,5;7,5;0,0496903746547894
-10,5;8;0,0438872388150312
-10,5;8,5;0,075911075496227
-10,5;9;0,065111312224778
-10,5;9,5;0,103666378667179
-10,5;10;0,0798047037658505
-10,5;10,5;0,094747382511757
-10,5;11;0,114741656295394
-10,5;11,5;0,0892234879927657
-10,5;12;0,0604083424791598
-10,5;12,5;0,0383210115835304
-10,5;13;0,038303992494886
-10,5;13,5;0,0496372548881295
-10,5;14;0,0472692033097776
-10,5;14,5;0,0607561226756368
-10,5;15;0,0680179778303005
-10,5;15,5;0,0371435995670252
-10,5;16;0,0721828810600031
-10,5;16,5;0,050614813430576
-10,5;17;0,071056761133282
-10,5;17,5;0,0413349618379111
-10,5;18;0,0492433992410718
-10,5;18,5;0,0721735768750517
-10,5;19;0,0588514152389749
-10,5;19,5;0,0443246817300285
-10,5;20;0,0940021137151719
-10,5;20,5;0,121206200802383
-10,5;21;0,144988502441471
-10,5;21,5;0,222117441883749
-10,5;22;0,143970873182495
-10,5;22,5;0,0716562007861923
-10,5;23;0,0874304272683292
-10,5;23,5;0,0581230355747214
-10,5;24;0,0553475721373268
-10,5;24,5;0,0785359506883816
-10,5;25;0,061291763420201
-10,5;25,5;0,039441991282005
-10,5;26;0,118810488085892
-10,5;26,5;0,0828919201977517
-10,5;27;0,111639409700003
-10,5;27,5;0,161063371191198
-10,5;28;0,111680827234209
-10,5;28,5;0,0796366001191749
-10,5;29;0,0754076065448979
-10,5;29,5;0,0872073743139583
-10,5;30;0,10441730154655
-10,5;30,5;0,0976079011833454
-10,5;31;0,11429365456439
-10,5;31,5;0,10036454387216
-10,5;32;0,0596408665851945
-10;-65;0,0898025612106915
-10;-64,5;0,0603780681300016
-10;-64;0,0747796763833597
-10;-63,5;0
-10;-63;0,0177082843136576
-10;-62,5;0,301784763495874
-10;-62;0,28424253017685
-10;-61,5;0,0550812234474743
-10;-61;0
-10;-60,5;0,0967466007770028
-10;-60;0
-10;-59,5;0,0771472119242964
-10;-59;0,0377491721763538
-10;-58,5;0
-10;-58;0,0382847188440727
-10;-57,5;0,128198079623088
-10;-57;0,110780432150563
-10;-56,5;0,0624277296445372
-10;-56;0,0626253066440242
-10;-55,5;0,0700542952150321
-10;-55;0,0468100361800703
-10;-54,5;0,366443071472967
-10;-54;0,335510524103957
-10;-53,5;0,067127707890756
-10;-53;0,0696350558647798
-10;-52,5;0,0889660491127758
-10;-52;0,0880406471781958
-10;-51,5;0,30180699124595
-10;-51;0,138211784601015
-10;-50,5;0,0448305451425451
-10;-50;0,0500084487883135
-10;-49,5;0,0426432484728381
-10;-49;0,0621280829642317
-10;-48,5;0,0868567994091631
-10;-48;0,0918509127006064
-10;-47,5;0,0861689955320442
-10;-47;0,0611609897456432
-10;-46,5;0,040318418892124
-10;-46;0,0494520160755797
-10;-45,5;0,047712995650211
-10;-45;0,0522402845460791
-10;-44,5;0,0430787392779522
-10;-44;0,0826237524916803
-10;-43,5;0,0979313410952304
-10;-43;0,318626807267515
-10;-42,5;0,211561323696489
-10;-42;0,0708205769290165
-10;-41,5;0,046173833034987
-10;-41;0,0774116773152856
-10;-40,5;0,0788082156344448
-10;-40;0,0868730642995637
-10;-39,5;0,073087489189784
-10;-39;0,0559338814218099
-10;-38,5;0,0429921107865451
-10;-38;0,0368853940565844
-10;-37,5;0,0885383037754352
-10;-37;0,0350559520861671
-10;-36,5;0,0443463380804935
-10;-36;0,0602990476745381
-10;-35,5;0,0420820293200933
-10;-35;0,13190251751151
-10;-34,5;0,10998066659104
-10;-34;0,0534725976316748
-10;-33,5;0,0380569292973072
-10;-33;0,0326002818875584
-10;-32,5;0,0326510307212886
-10;-32;0,035908644032509
-10;-31,5;0,043738639611233
-10;-31;0,0346803643885196
-10;-30,5;0,0914735999181293
-10;-30;0,310913206232235
-10;-29,5;0,0762002184668949
-10;-29;0,0371983585160108
-10;-28,5;0,0470473203290055
-10;-28;0,0428679285545249
-10;-27,5;0,0493159979538113
-10;-27;0,0540420096974106
-10;-26,5;0,0742151236137403
-10;-26;0,0457872192734661
-10;-25,5;0,0352112394602014
-10;-25;0,0812886959450826
-10;-24,5;0,0315915213283824
-10;-24;0,0568723972170806
-10;-23,5;0,0347606470365399
-10;-23;0,0776435576610584
-10;-22,5;0,0517248057343431
-10;-22;0,0482973480654021
-10;-21,5;0,0484753901776973
-10;-21;0,0543286758764536
-10;-20,5;0,0374634538587114
-10;-20;0,0362497913968045
-10;-19,5;0,0369585627805294
-10;-19;0,0283360845390229
-10;-18,5;0,0411110683396818
-10;-18;0,0310626123923058
-10;-17,5;0,0899005638477606
-10;-17;0,12136742248095
-10;-16,5;0,0656578597870866
-10;-16;0,0803662306096843
-10;-15,5;0,0420894479097119
-10;-15;0,0584579117911373
-10;-14,5;0,0858093010616959
-10;-14;0,0658871889229455
-10;-13,5;0,0545909648690021
-10;-13;0,0592501105215592
-10;-12,5;0,0309761981852099
-10;-12;0,049325205476681
-10;-11,5;0,100843206037178
-10;-11;0,107545184302537
-10;-10,5;0,0571750953353875
-10;-10;0,0650035036799621
-10;-9,5;0,0608737837660047
-10;-9;0,0356310382880975
-10;-8,5;0,0415855897458459
-10;-8;0,124506969327587
-10;-7,5;0,112037911231973
-10;-7;0,0480280919122558
-10;-6,5;0,0558003299870428
-10;-6;0,0580397721785363
-10;-5,5;0,0466598146094426
-10;-5;0,0479330900751133
-10;-4,5;0,05261087465204
-10;-4;0,0439560809483921
-10;-3,5;0,0412299437843761
-10;-3;0,0529518402222256
-10;-2,5;0,0648958743206293
-10;-2;0,0649226732459513
-10;-1,5;0,0679956002465789
-10;-1;0,0547982777071453
-10;-0,5;0,062091914007574
-10;0;0,0707173953140244
-10;0,5;0,0702512115936821
-10;1;0,0569556658346972
-10;1,5;0,0497593696958199
-10;2;0,113544348352841
-10;2,5;0,334748417593321
-10;3;0,203890600561294
-10;3,5;0,259157579438442
-10;4;0,306672575550931
-10;4,5;0,26341639737265
-10;5;0,0277077115031394
-10;5,5;0,0327836394637898
-10;6;0,136782718823038
-10;6,5;0,0517520816562867
-10;7;0,0373850609993876
-10;7,5;0,0279523522803714
-10;8;0,0282789179227132
-10;8,5;0,06546895259206
-10;9;0,113254379265389
-10;9,5;0,172322591328281
-10;10;0,195990279176495
-10;10,5;0,0709786629081958
-10;11;0,10920556003124
-10;11,5;0,0452135778908764
-10;12;0,0481305526994398
-10;12,5;0,0374071249523253
-10;13;0,101218779775842
-10;13,5;0,0450204387900084
-10;14;0,0376481707755746
-10;14,5;0,047749855988491
-10;15;0,0707218850710218
-10;15,5;0,0764494334899131
-10;16;0,0440846334584037
-10;16,5;0,052788970046211
-10;17;0,095687405398102
-10;17,5;0,0491872852854621
-10;18;0,19358174161391
-10;18,5;0,169416146804854
-10;19;0,131414232680346
-10;19,5;0,224439467362146
-10;20;0,0487425207937929
-10;20,5;0,139547618199302
-10;21;0,124983617063439
-10;21,5;0,104131697389771
-10;22;0,189132661269243
-10;22,5;0,0508317910182297
-10;23;0,0640246756893561
-10;23,5;0,0701894088646506
-10;24;0,0601843638967602
-10;24,5;0,0589310521504837
-10;25;0,0744809734506905
-10;25,5;0,0502963651832749
-10;26;0,084518939806516
-10;26,5;0,0787655304762736
-10;27;0,0950836719879032
-10;27,5;0,0982070076388854
-10;28;0,11700049435718
-10;28,5;0,0692786260300172
-10;29;0,0994900369164397
-10;29,5;0,0713135452710804
-10;30;0,0798727057436207
-10;30,5;0,0801686991612266
-10;31;0,107203793818553
-9,5;-64,5;0
-9,5;-64;0
-9,5;-63,5;0
-9,5;-63;0
-9,5;-62,5;0
-9,5;-62;0,288849865405447
-9,5;-61,5;0
-9,5;-61;0
-9,5;-60,5;0,0462253795472326
-9,5;-60;0
-9,5;-59,5;0,0955866654197153
-9,5;-59;0,0389174339681674
-9,5;-58,5;0
-9,5;-58;0
-9,5;-57,5;0,136473106753657
-9,5;-57;0,0952463183620475
-9,5;-56,5;0,0937159742174695
-9,5;-56;0,0793895829586788
-9,5;-55,5;0,0819309934499008
-9,5;-55;0,0806625051101175
-9,5;-54,5;0,130211903088321
-9,5;-54;0,134339063407556
-9,5;-53,5;0,052429178073381
-9,5;-53;0,046178798276443
-9,5;-52,5;0,0746562830983475
-9,5;-52;0,0276357256704674
-9,5;-51,5;0,0619216440350222
-9,5;-51;0,0473792061329564
-9,5;-50,5;0,0790753582394778
-9,5;-50;0,06605257646105
-9,5;-49,5;0,0608247502773782
-9,5;-49;0,0774691512006883
-9,5;-48,5;0,0771571500669356
-9,5;-48;0,0463321771010238
-9,5;-47,5;0,043362517983399
-9,5;-47;0,040856803978928
-9,5;-46,5;0,0578838284323434
-9,5;-46;0,0649273306911403
-9,5;-45,5;0,0672343101326725
-9,5;-45;0,0591893149140958
-9,5;-44,5;0,0427476349534994
-9,5;-44;0,0401525141210847
-9,5;-43,5;0,0782608842452278
-9,5;-43;0,0682532565305644
-9,5;-42,5;0,0623728066361666
-9,5;-42;0,0661323107372195
-9,5;-41,5;0,0493500379791971
-9,5;-41;0,142722058065969
-9,5;-40,5;0,154860349243101
-9,5;-40;0,116969237064088
-9,5;-39,5;0,121765538995425
-9,5;-39;0,0995438842615791
-9,5;-38,5;0,0942835565466626
-9,5;-38;0,114181059747096
-9,5;-37,5;0,107459261249475
-9,5;-37;0,0531891684807928
-9,5;-36,5;0,107227674924711
-9,5;-36;0,075753965369927
-9,5;-35,5;0,0600437295467359
-9,5;-35;0,0454565184487781
-9,5;-34,5;0,0530341081618975
-9,5;-34;0,0516342322946874
-9,5;-33,5;0,0577291625086429
-9,5;-33;0,0519378827438301
-9,5;-32,5;0,0432507994453405
-9,5;-32;0,0407232065513109
-9,5;-31,5;0,0344202435939119
-9,5;-31;0,0384546283166124
-9,5;-30,5;0,0550044914269279
-9,5;-30;0,411097041801298
-9,5;-29,5;0,220750187560788
-9,5;-29;0,0351401665124258
-9,5;-28,5;0,0447089463189682
-9,5;-28;0,129051360245707
-9,5;-27,5;0,107755395859373
-9,5;-27;0,0427438334045702
-9,5;-26,5;0,0447006199160618
-9,5;-26;0,0407422218667993
-9,5;-25,5;0,035946158652755
-9,5;-25;0,0779067997596902
-9,5;-24,5;0,0472773516510761
-9,5;-24;0,0543984762966861
-9,5;-23,5;0,0331166525627618
-9,5;-23;0,0391049430139945
-9,5;-22,5;0,051506301607407
-9,5;-22;0,0529663822500445
-9,5;-21,5;0,0486177298284957
-9,5;-21;0,0453623990130233
-9,5;-20,5;0,0362030527765455
-9,5;-20;0,0429140259355548
-9,5;-19,5;0,0288088256669404
-9,5;-19;0,037691916935079
-9,5;-18,5;0,0373906093277963
-9,5;-18;0,0620944910517206
-9,5;-17,5;0,07792690337347
-9,5;-17;0,0637827172046284
-9,5;-16,5;0,0536118459628859
-9,5;-16;0,0487921842193641
-9,5;-15,5;0,0374614914085886
-9,5;-15;0,0537069830968109
-9,5;-14,5;0,0745591725941059
-9,5;-14;0,0498489033506867
-9,5;-13,5;0,0482992396456606
-9,5;-13;0,0363218748523951
-9,5;-12,5;0,0387267676734744
-9,5;-12;0,0521271067843592
-9,5;-11,5;0,0931607914191976
-9,5;-11;0,0900530931941681
-9,5;-10,5;0,0639509861978856
-9,5;-10;0,0460856274678819
-9,5;-9,5;0,0487187600112196
-9,5;-9;0,0545850119484439
-9,5;-8,5;0,0381721112800379
-9,5;-8;0,054151901000453
-9,5;-7,5;0,0400932953181991
-9,5;-7;0,0233271489878192
-9,5;-6,5;0,032677538676028
-9,5;-6;0,0800397212940508
-9,5;-5,5;0,0526374260239843
-9,5;-5;0,0507609493836209
-9,5;-4,5;0,0731923428209471
-9,5;-4;0,038839356229043
-9,5;-3,5;0,0791408601777492
-9,5;-3;0,110033905838944
-9,5;-2,5;0,0433320655673843
-9,5;-2;0,0316277613696607
-9,5;-1,5;0,0614319384184745
-9,5;-1;0,0650066663248214
-9,5;-0,5;0,064273613426663
-9,5;0;0,126371805927324
-9,5;0,5;0,0941717280083416
-9,5;1;0,0445403166486559
-9,5;1,5;0,171214586604317
-9,5;2;0,294670317716683
-9,5;2,5;0,173959751606696
-9,5;3;0,0571830987238451
-9,5;3,5;0,0508341351879248
-9,5;4;0,040876157159029
-9,5;4,5;0,248462551918558
-9,5;5;0,0405856271958568
-9,5;5,5;0,0381163485543231
-9,5;6;0,18732060717729
-9,5;6,5;0,0304694075709456
-9,5;7;0,0509562862947022
-9,5;7,5;0,0918087831368243
-9,5;8;0,0851180878215813
-9,5;8,5;0,0554747392048398
-9,5;9;0,0599862489674846
-9,5;9,5;0,132212568869384
-9,5;10;0,202421439374532
-9,5;10,5;0,13315148777794
-9,5;11;0,104696625224184
-9,5;11,5;0,0753040252512122
-9,5;12;0,0328315921846345
-9,5;12,5;0,0459828510357365
-9,5;13;0,0664720133644201
-9,5;13,5;0,0439369411498024
-9,5;14;0,0544666114670803
-9,5;14,5;0,0435433233504674
-9,5;15;0,0342662327466747
-9,5;15,5;0,0632794379054708
-9,5;16;0,0670599518083336
-9,5;16,5;0,110146807785643
-9,5;17;0,122860910347093
-9,5;17,5;0,123380634589613
-9,5;18;0,13989085781723
-9,5;18,5;0,178537608603763
-9,5;19;0,0566231075493031
-9,5;19,5;0,0419662644915163
-9,5;20;0,0871756854733076
-9,5;20,5;0,107128529198062
-9,5;21;0,109391489885217
-9,5;21,5;0,0800240047307271
-9,5;22;0,126325323088968
-9,5;22,5;0,127917813686064
-9,5;23;0,03913123260753
-9,5;23,5;0,0361537341738663
-9,5;24;0,0392818872594822
-9,5;24,5;0,0876979171663995
-9,5;25;0,0902114393177705
-9,5;25,5;0,106827477674614
-9,5;26;0,0617342984583407
-9,5;26,5;0,0796894701616079
-9,5;27;0,0760051965393821
-9,5;27,5;0,0907996556850712
-9,5;28;0,0830002733619068
-9,5;28,5;0,0995750279246066
-9,5;29;0,0616399284904981
-9,5;29,5;0,158711282790589
-9,5;30;0,0649209578582353
-9,5;31;0,060820802037414
-9,5;31,5;0,0948451955088454
-9,5;32;0,0476744234296614
-9;-67;0
-9;-66,5;0
-9;-66;0
-9;-65,5;0
-9;-65;0
-9;-64,5;0
-9;-64;0
-9;-63,5;0
-9;-63;0
-9;-62,5;0
-9;-62;0,0755828263322009
-9;-61,5;0,0592023366655968
-9;-61;0
-9;-60,5;0,0789066309650615
-9;-60;0
-9;-59,5;0,0814616474176652
-9;-59;0,0337809341959561
-9;-58,5;0
-9;-58;0,0683252027683294
-9;-57,5;0,0679037308744274
-9;-57;0,0637140044179799
-9;-56,5;0,065074096960604
-9;-56;0,0929142785469205
-9;-55,5;0,051618795026618
-9;-55;0,0659748551455097
-9;-54,5;0,0533419784659949
-9;-54;0,0601040764008565
-9;-53,5;0
-9;-53;0,0334713808100791
-9;-52,5;0,0656404877747552
-9;-52;0,0680248062768711
-9;-51,5;0,0655609894169798
-9;-51;0,0458041284363995
-9;-50,5;0,0697227176244671
-9;-50;0,11457705102296
-9;-49,5;0,0951777112632547
-9;-49;0,0648639695305081
-9;-48,5;0,0560126615504767
-9;-48;0,0412120843617002
-9;-47,5;0,0542585814181064
-9;-47;0,058076150529395
-9;-46,5;0,0776672110718267
-9;-46;0,064489839462813
-9;-45,5;0,0517374821461533
-9;-45;0,0425336732521879
-9;-44,5;0,0289086110390623
-9;-44;0,0609896813245501
-9;-43,5;0,0797902151355199
-9;-43;0,0796475973044238
-9;-42,5;0,0711492710820723
-9;-42;0,0597774498814462
-9;-41,5;0,0741983142026049
-9;-41;0,0474229199157257
-9;-40,5;0,0387023113981972
-9;-40;0,0312711406324298
-9;-39,5;0,0769045386656463
-9;-39;0,0441026313272291
-9;-38,5;0,0455150781920816
-9;-38;0,0724191093831328
-9;-37,5;0,124431147663609
-9;-37;0,164895742625269
-9;-36,5;0,108967644661127
-9;-36;0,113857793229264
-9;-35,5;0,0840424713840389
-9;-35;0,0774621400818969
-9;-34,5;0,0758152670814967
-9;-34;0,0668173042645261
-9;-33,5;0,0778373886410944
-9;-33;0,0495620438048863
-9;-32,5;0,120717113818329
-9;-32;0,0626109681552149
-9;-31,5;0,0352847253883324
-9;-31;0,0313622326350396
-9;-30,5;0,0344192215007357
-9;-30;0,0508975122996845
-9;-29,5;0,0472584903724262
-9;-29;0,0261967545417357
-9;-28,5;0,0406331926970192
-9;-28;0,130504734123467
-9;-27,5;0,133863472243558
-9;-27;0,0509676530055344
-9;-26,5;0,0371602081022577
-9;-26;0,0469485946512793
-9;-25,5;0,0346383509299005
-9;-25;0,0465316967302902
-9;-24,5;0,0518831464935174
-9;-24;0,0435534951670496
-9;-23,5;0,0501128088982883
-9;-23;0,0428412436090755
-9;-22,5;0,0472130600292232
-9;-22;0,0504005349998744
-9;-21,5;0,0351632136906113
-9;-21;0,0378850480365037
-9;-20,5;0,0370966137085518
-9;-20;0,039814325409085
-9;-19,5;0,0996043366158274
-9;-19;0,0678720658028163
-9;-18,5;0,0669320700720226
-9;-18;0,0791055526228855
-9;-17,5;0,299270668980879
-9;-17;0,276153501194334
-9;-16,5;0,0552622951578758
-9;-16;0,0516563131878653
-9;-15,5;0,0624124793373153
-9;-15;0,0491947700518832
-9;-14,5;0,0581511465947146
-9;-14;0,0414779315229051
-9;-13,5;0,0266892257282932
-9;-13;0,0469095104746178
-9;-12,5;0,0348323860029145
-9;-12;0,0429031661917612
-9;-11,5;0,0876552229717587
-9;-11;0,0487064008946166
-9;-10,5;0,0304099483272326
-9;-10;0,0357632964832682
-9;-9,5;0,0548422956884764
-9;-9;0,0655789169826483
-9;-8,5;0,0769799671092061
-9;-8;0,046909311072541
-9;-7,5;0,042637701703807
-9;-7;0,146405557720103
-9;-6,5;0,167957924569728
-9;-6;0,0480512680267062
-9;-5,5;0,0715508151294611
-9;-5;0,0475728685669832
-9;-4,5;0,0431894076265174
-9;-4;0,0536105131000062
-9;-3,5;0,0387315820847856
-9;-3;0,0631742212568145
-9;-2,5;0,0707339271168946
-9;-2;0,0474498223838373
-9;-1,5;0,0937254893578684
-9;-1;0,32549417166076
-9;-0,5;0,152841293567163
-9;0;0,0461249530597684
-9;0,5;0,044716726977237
-9;1;0,248096375271535
-9;1,5;0,243873158050719
-9;2;0,0971256059612157
-9;2,5;0,0355467274824384
-9;3;0,0482103119018065
-9;3,5;0,04292511257127
-9;4;0,0395428702225088
-9;4,5;0,210667717157474
-9;5;0,179727619518066
-9;5,5;0,0459377539818433
-9;6;0,246922434700678
-9;6,5;0,0400277001367393
-9;7;0,0319308169006287
-9;7,5;0,0571389558719788
-9;8;0,0904643525631405
-9;8,5;0,0331685760261533
-9;9;0,0855256342153978
-9;9,5;0,0955839217031519
-9;10;0,189254062407498
-9;10,5;0,16189676505241
-9;11;0,138933247900455
-9;11,5;0,075905786639611
-9;12;0,0392460421027177
-9;12,5;0,0341082054331674
-9;13;0,0370948573377463
-9;13,5;0,0346190428153741
-9;14;0,0454450070906341
-9;14,5;0,0349203601284315
-9;15;0,0326463401456306
-9;15,5;0,0519520619099442
-9;16;0,0675916314880389
-9;16,5;0,101496093755673
-9;17;0,0789612809185459
-9;17,5;0,116105104018141
-9;18;0,121231046628604
-9;18,5;0,153879014942485
-9;19;0,0888277516758536
-9;19,5;0,0536880803035567
-9;20;0,0993639213569939
-9;20,5;0,0837955715972786
-9;21;0,0990604543091383
-9;21,5;0,114309494333378
-9;22;0,0924298196311375
-9;22,5;0,0796792007084425
-9;23;0,0966719674360149
-9;23,5;0,132580423323538
-9;24;0,0842793244090171
-9;24,5;0,0560341136486812
-9;25;0,0391183062171535
-9;25,5;0,0666454014300505
-9;26;0,0852481012177911
-9;26,5;0,0630567893380038
-9;27;0,0870255339809178
-9;27,5;0,0760301803025067
-9;28;0,082092082955871
-9;28,5;0,0783543962481456
-9;29;0,0458981273609076
-9;29,5;0,0371037856436632
-9;30;0
-9;31;0,111501981143573
-9;31,5;0,0964196749916229
-9;32;0,100202761471895
-8,5;-66,5;0
-8,5;-66;0
-8,5;-65,5;0
-8,5;-65;0
-8,5;-64,5;0
-8,5;-64;0
-8,5;-63,5;0
-8,5;-63;0
-8,5;-62,5;0
-8,5;-62;0
-8,5;-61,5;0,0855967213233001
-8,5;-61;0,0988826464946089
-8,5;-60,5;0,0789778449946566
-8,5;-60;0,0681794963529632
-8,5;-59,5;0,0975403028083098
-8,5;-59;0,086841124776116
-8,5;-58,5;0
-8,5;-58;0,0832050216648737
-8,5;-57,5;0,0857856295799258
-8,5;-57;0,0793746391067911
-8,5;-56,5;0,0347663630539635
-8,5;-56;0,0644047939013664
-8,5;-55,5;0,0543712062600733
-8,5;-55;0,0801039271256774
-8,5;-54,5;0,0627405666645126
-8,5;-54;0,0685764098061458
-8,5;-53,5;0,168311207500881
-8,5;-53;0,102768542071184
-8,5;-52,5;0,0780878946972296
-8,5;-52;0,0780826106676125
-8,5;-51,5;0,084811545136295
-8,5;-51;0,0563714785130175
-8,5;-50,5;0,0963232982085735
-8,5;-50;0,130264329270242
-8,5;-49,5;0,0983986478911679
-8,5;-49;0,0631484341150499
-8,5;-48,5;0,0489941466598451
-8,5;-48;0,0569171206289431
-8,5;-47,5;0,0563615186339584
-8,5;-47;0,0637988081605394
-8,5;-46,5;0,0581008858897734
-8,5;-46;0,0503152273510397
-8,5;-45,5;0,0789485498143352
-8,5;-45;0,057090198951541
-8,5;-44,5;0,0358418594507719
-8,5;-44;0,0650383189381361
-8,5;-43,5;0,0939004850554202
-8,5;-43;0,0620996642371623
-8,5;-42,5;0,0833151368318894
-8,5;-42;0,0778283729696166
-8,5;-41,5;0,0494315733330113
-8,5;-41;0,0493653567157187
-8,5;-40,5;0,048704117263398
-8,5;-40;0,0321959385876303
-8,5;-39,5;0,299937973663369
-8,5;-39;0,351249496688755
-8,5;-38,5;0,0242744663692969
-8,5;-38;0,0267332558650645
-8,5;-37,5;0,0597198642828134
-8,5;-37;0,0492678240272797
-8,5;-36,5;0,0512622679887662
-8,5;-36;0,0423266509205638
-8,5;-35,5;0,0963916617712154
-8,5;-35;0,112809870092792
-8,5;-34,5;0,115163229760804
-8,5;-34;0,239661620406684
-8,5;-33,5;0,142694874311741
-8,5;-33;0,162297116768616
-8,5;-32,5;0,160556295066517
-8,5;-32;0,0627912510223881
-8,5;-31,5;0,155591185739713
-8,5;-31;0,050281089439093
-8,5;-30,5;0,0629391915191597
-8,5;-30;0,0692054537470531
-8,5;-29,5;0,0732176191123848
-8,5;-29;0,0788669475449501
-8,5;-28,5;0,0780665934646227
-8,5;-28;0,0644492677770314
-8,5;-27,5;0,0605409705239377
-8,5;-27;0,0767059454417694
-8,5;-26,5;0,0818817022326627
-8,5;-26;0,0695896556110693
-8,5;-25,5;0,0414357946936844
-8,5;-25;0,0435034980402346
-8,5;-24,5;0,0469114617950427
-8,5;-24;0,0371361549859668
-8,5;-23,5;0,0358238169256393
-8,5;-23;0,0553548275556833
-8,5;-22,5;0,0643138873077109
-8,5;-22;0,051282493544524
-8,5;-21,5;0,0362280229019393
-8,5;-21;0,0291223335081212
-8,5;-20,5;0,0308264328112897
-8,5;-20;0,0848579567654519
-8,5;-19,5;0,102071369848399
-8,5;-19;0,0523241843369604
-8,5;-18,5;0,104178356229557
-8,5;-18;0,0920825776550317
-8,5;-17,5;0,370577720157614
-8,5;-17;0,297379630977223
-8,5;-16,5;0,0724447942010952
-8,5;-16;0,0535297953670892
-8,5;-15,5;0,0511449572554427
-8,5;-15;0,0594035723140429
-8,5;-14,5;0,0485381085451178
-8,5;-14;0,0267478609622945
-8,5;-13,5;0,0318270809471602
-8,5;-13;0,0546643505514167
-8,5;-12,5;0,0514370127780075
-8,5;-12;0,0627685316659002
-8,5;-11,5;0,11328752717239
-8,5;-11;0,0281138217462528
-8,5;-10,5;0,0423751047221986
-8,5;-10;0,0585003923348415
-8,5;-9,5;0,0391116873790412
-8,5;-9;0,0593606484272969
-8,5;-8,5;0,0651029308418438
-8,5;-8;0,0400928013702278
-8,5;-7,5;0,0413935880025621
-8,5;-7;0,354313009697218
-8,5;-6,5;0,369052461290501
-8,5;-6;0,0435595451502116
-8,5;-5,5;0,0730734361802201
-8,5;-5;0,0534776946709696
-8,5;-4,5;0,0358335161178455
-8,5;-4;0,0414857853448013
-8,5;-3,5;0,0361181619873486
-8,5;-3;0,0497801544202575
-8,5;-2,5;0,0577863615867462
-8,5;-2;0,0343668389335998
-8,5;-1,5;0,129798922276303
-8,5;-1;0,378716089136439
-8,5;-0,5;0,12435926139744
-8,5;0;0,0641636380810084
-8,5;0,5;0,27638525334117
-8,5;1;0,269237771999303
-8,5;1,5;0,300246534438912
-8,5;2;0,15806106807076
-8,5;2,5;0,086407827609403
-8,5;3;0,0414967718362421
-8,5;3,5;0,0314095711053939
-8,5;4;0,0245474444863885
-8,5;4,5;0,0765571114693247
-8,5;5;0,193751958769124
-8,5;5,5;0,0525832500820661
-8,5;6;0,128036024669596
-8,5;6,5;0,0750198824220665
-8,5;7;0,0484126496492581
-8,5;7,5;0,0660927565907424
-8,5;8;0,0835660851152582
-8,5;8,5;0,0549419220437748
-8,5;9;0,101228987138923
-8,5;9,5;0,104235458517363
-8,5;10;0,160411867446367
-8,5;10,5;0,140209420306553
-8,5;11;0,219531464249474
-8,5;11,5;0,0262626120823583
-8,5;12;0,0939044393304436
-8,5;12,5;0,0611473629848418
-8,5;13;0,040378939479652
-8,5;13,5;0,0329690550549635
-8,5;14;0,0512999557238733
-8,5;14,5;0,0500797834225167
-8,5;15;0,039186995227571
-8,5;15,5;0,0510736955934582
-8,5;16;0,049710989799913
-8,5;16,5;0,125197583787491
-8,5;17;0,161980185333797
-8,5;17,5;0,165194260384288
-8,5;18;0,113641184746215
-8,5;18,5;0,105699726732877
-8,5;19;0,134129560986513
-8,5;19,5;0,115063596761681
-8,5;20;0,101695892365523
-8,5;20,5;0,1207857146498
-8,5;21;0,0982966031402182
-8,5;21,5;0,0825459555042822
-8,5;22;0,0996280291993477
-8,5;22,5;0,0756225176024928
-8,5;23;0,0961953092886422
-8,5;23,5;0,130989025296169
-8,5;24;0,134158442884452
-8,5;24,5;0,0741810799168163
-8,5;25;0,0712917229719535
-8,5;25,5;0,133080206612183
-8,5;26;0,138716841658032
-8,5;26,5;0,111485120439523
-8,5;27;0,0805152646842483
-8,5;27,5;0,0710961445440421
-8,5;28;0,110267121551431
-8,5;28,5;0,00282842712474619
-8,5;29;0,0761913709024848
-8,5;29,5;0,0369639463982586
-8,5;30;0,0926309883354377
-8,5;30,5;0,0550567888638631
-8,5;31;0,0463870284697825
-8,5;31,5;0,112993681211256
-8,5;32;0,118741081536444
-8;-66;0
-8;-65,5;0
-8;-65;0
-8;-64,5;0
-8;-64;0
-8;-63,5;0
-8;-63;0
-8;-62,5;0
-8;-62;0
-8;-61,5;0
-8;-61;0,034132096331752
-8;-60,5;0
-8;-60;0,0302843665468317
-8;-59,5;0,0821620647138859
-8;-59;0,0839135942009823
-8;-58,5;0
-8;-58;0,083769298997577
-8;-57,5;0,0402301073632862
-8;-57;0
-8;-56,5;0,0579954021166046
-8;-56;0
-8;-55,5;0
-8;-55;0,0411493360474122
-8;-54,5;0,0509414295025776
-8;-54;0,0952607906413664
-8;-53,5;0,228123522710667
-8;-53;0,262964353644736
-8;-52,5;0,0939798553585459
-8;-52;0,0674153465270959
-8;-51,5;0,0576598292919646
-8;-51;0,0368539588879443
-8;-50,5;0,0739881582483009
-8;-50;0,0873301996763445
-8;-49,5;0,0463483894284837
-8;-49;0,0696089074759833
-8;-48,5;0,078080560801294
-8;-48;0,0557340779899759
-8;-47,5;0,0503627864242067
-8;-47;0,0572901250772989
-8;-46,5;0,0725103571494403
-8;-46;0,049894520319317
-8;-45,5;0,0376993020324962
-8;-45;0,0709253036743495
-8;-44,5;0,0549897309267792
-8;-44;0,0437137893898146
-8;-43,5;0,0608713404059393
-8;-43;0,14739063331867
-8;-42,5;0,139681563526434
-8;-42;0,0716750795432607
-8;-41,5;0,0647652155949431
-8;-41;0,0351866502870469
-8;-40,5;0,0946530875344637
-8;-40;0,042844454855068
-8;-39,5;0,329048021519961
-8;-39;0,227307375281012
-8;-38,5;0,0588369143307789
-8;-38;0,0492103752709344
-8;-37,5;0,041301332594078
-8;-37;0,0607980392127254
-8;-36,5;0,0330663276230051
-8;-36;0,0215405270083503
-8;-35,5;0,0415404879474945
-8;-35;0,0294951589033553
-8;-34,5;0,0619755250552182
-8;-34;0,275209937867422
-8;-33,5;0,12975786264847
-8;-33;0,251473951888877
-8;-32,5;0,157378804541183
-8;-32;0,242142026829348
-8;-31,5;0,168332673947922
-8;-31;0,218359433386241
-8;-30,5;0,137412099126045
-8;-30;0,0812856963171892
-8;-29,5;0,0320245471168155
-8;-29;0,0758530090382284
-8;-28,5;0,106139398355408
-8;-28;0,0528606890351656
-8;-27,5;0,053971654891067
-8;-27;0,0305254222011789
-8;-26,5;0,0541774083071646
-8;-26;0,0809874297289689
-8;-25,5;0,0319314293662282
-8;-25;0,0384902903467926
-8;-24,5;0,0341484272452109
-8;-24;0,0297008540435556
-8;-23,5;0,0407475680508604
-8;-23;0,030376545446682
-8;-22,5;0,0309405505845357
-8;-22;0,0339818119886687
-8;-21,5;0,0507707478916173
-8;-21;0,0326166091439764
-8;-20,5;0,0311524611001526
-8;-20;0,0351559870445484
-8;-19,5;0,0443186442147276
-8;-19;0,108661818514054
-8;-18,5;0,106803778257313
-8;-18;0,0626274831422822
-8;-17,5;0,0534474590364481
-8;-17;0,0508971854878475
-8;-16,5;0,0688342499934006
-8;-16;0,0528526592178636
-8;-15,5;0,0437123973142987
-8;-15;0,0392323983863164
-8;-14,5;0,0382582129035416
-8;-14;0,0455968892362923
-8;-13,5;0,0516233056725127
-8;-13;0,0499596947500878
-8;-12,5;0,0862990277859278
-8;-12;0,0551457615715389
-8;-11,5;0,0518198905923966
-8;-11;0,0333467389384184
-8;-10,5;0,0337865565836865
-8;-10;0,0601748153579331
-8;-9,5;0,0351639201746802
-8;-9;0,0506322673169193
-8;-8,5;0,0605344035899504
-8;-8;0,0499791106806111
-8;-7,5;0,0479807515561595
-8;-7;0,099152775377262
-8;-6,5;0,0972393216116077
-8;-6;0,0387701650753582
-8;-5,5;0,0565209138918074
-8;-5;0,0580776509927492
-8;-4,5;0,0764129573830408
-8;-4;0,0625700191807185
-8;-3,5;0,0406892696747763
-8;-3;0,0385254700909675
-8;-2,5;0,104124977883713
-8;-2;0,368177065562547
-8;-1,5;0,248706922014349
-8;-1;0,347924537826866
-8;-0,5;0,0257277275791422
-8;0;0,238765102474511
-8;0,5;0,238282209017908
-8;1;0,0410238778385551
-8;1,5;0,0893693105571918
-8;2;0,0408381472397127
-8;2,5;0,0791866426877999
-8;3;0,0984725346614203
-8;3,5;0,0655036932052645
-8;4;0,0609244170578393
-8;4,5;0,170715419988496
-8;5;0,182742215994639
-8;5,5;0,16291335865117
-8;6;0,151265181877853
-8;6,5;0,246119650338841
-8;7;0,0676414289564184
-8;7,5;0,0387814700766681
-8;8;0,0689624177072006
-8;8,5;0,0994527318265747
-8;9;0,104084324920782
-8;9,5;0,109335107994735
-8;10;0,100213128623247
-8;10,5;0,144458152118524
-8;11;0,181782863615172
-8;11,5;0,0900332772062516
-8;12;0,136789357961662
-8;12,5;0,0805862891564068
-8;13;0,0495639699262069
-8;13,5;0,0294995608380168
-8;14;0,0494633054971526
-8;14,5;0,0499288446860173
-8;15;0,0356518020207513
-8;15,5;0,0409085190733313
-8;16;0,0639825294563309
-8;16,5;0,0610601180520389
-8;17;0,120706481275235
-8;17,5;0,135778149144566
-8;18;0,18283500314587
-8;18,5;0,115324189115039
-8;19;0,103407352747476
-8;19,5;0,183428719583568
-8;20;0,23041468985461
-8;20,5;0,0730570277524983
-8;21;0,0862251847187605
-8;21,5;0,0907796288810816
-8;22;0,0714495541583628
-8;22,5;0,0836549188903166
-8;23;0,0584015025625831
-8;23,5;0,0539052359074413
-8;24;0,0733394816581933
-8;24,5;0,0755566235812809
-8;25;0,0700985741621986
-8;25,5;0,0728433963134163
-8;26;0,155804138402865
-8;26,5;0,183268697513284
-8;27;0,0917957639583753
-8;27,5;0,0808974843452868
-8;28;0,163638792911261
-8;28,5;0,0589607804084514
-8;29;0,0465394865627438
-8;29,5;0,152420471066061
-8;30;0,0638918217312315
-8;30,5;0,0591303438259546
-8;31;0,0508320327207943
-8;31,5;0,0857481296690589
-7,5;-66;0
-7,5;-65,5;0,0332340187157677
-7,5;-65;0,2755672936568
-7,5;-64,5;0
-7,5;-64;0
-7,5;-63;0
-7,5;-62,5;0
-7,5;-62;0
-7,5;-60;0,0434089084559072
-7,5;-59,5;0,110662851339854
-7,5;-59;0,114388422384509
-7,5;-58,5;0
-7,5;-58;0,0600583050043872
-7,5;-57,5;0,0566843109785337
-7,5;-57;0,0169705627484771
-7,5;-56,5;0,0747422844908362
-7,5;-56;0,0247345911629847
-7,5;-55,5;0
-7,5;-55;0
-7,5;-54,5;0
-7,5;-54;0,0640852297075283
-7,5;-53,5;0,255160499846309
-7,5;-53;0,24003600585043
-7,5;-52,5;0,088971847696559
-7,5;-52;0,0864248752268177
-7,5;-51,5;0,0767325027881079
-7,5;-51;0,101940676450333
-7,5;-50,5;0,0957063234828814
-7,5;-50;0,079985745856558
-7,5;-49,5;0,0387094517194658
-7,5;-49;0,0537695700807312
-7,5;-48,5;0,0643606004108562
-7,5;-48;0,0617265887985549
-7,5;-47,5;0,0665483641137344
-7,5;-47;0,0810485728057327
-7,5;-46,5;0,0578054872739116
-7,5;-46;0,0517874842931356
-7,5;-45,5;0,0497898614481935
-7,5;-45;0,0367703080699028
-7,5;-44,5;0,0498493981909511
-7,5;-44;0,0646563044910371
-7,5;-43,5;0,0472011277899847
-7,5;-43;0,0802065348665189
-7,5;-42,5;0,116990699194599
-7,5;-42;0,0773888663504434
-7,5;-41,5;0,0589779931285339
-7,5;-41;0,050250190140888
-7,5;-40,5;0,0703189876566967
-7,5;-40;0,0352875346405795
-7,5;-39,5;0,0730780159790709
-7,5;-39;0,0627612730055517
-7,5;-38,5;0,0518902185241208
-7,5;-38;0,0334218626186648
-7,5;-37,5;0,0330675532199168
-7,5;-37;0,050572082953243
-7,5;-36,5;0,0349158212446811
-7,5;-36;0,0255206549240257
-7,5;-35,5;0,0599008213913745
-7,5;-35;0,0577684700902476
-7,5;-34,5;0,021584128555777
-7,5;-34;0,0940319838026848
-7,5;-33,5;0,0893515985550617
-7,5;-33;0,244601677107853
-7,5;-32,5;0,118379659822324
-7,5;-32;0,259643482140221
-7,5;-31,5;0,253852763960348
-7,5;-31;0,149062169788934
-7,5;-30,5;0,172672331812799
-7,5;-30;0,109335953321427
-7,5;-29,5;0,113347885348372
-7,5;-29;0,103419435157953
-7,5;-28,5;0,0661745522411587
-7,5;-28;0,0360322041982202
-7,5;-27,5;0,0701159047930463
-7,5;-27;0,105978924758639
-7,5;-26,5;0,0764508028264778
-7,5;-26;0,0743197648743616
-7,5;-25,5;0,0311786573472635
-7,5;-25;0,0453139682096654
-7,5;-24,5;0,0388973499936749
-7,5;-24;0,0448322368421415
-7,5;-23,5;0,0398398484918236
-7,5;-23;0,0542712158408822
-7,5;-22,5;0,0458227220935296
-7,5;-22;0,0439544194705264
-7,5;-21,5;0,0666336245843369
-7,5;-21;0,037583094338432
-7,5;-20,5;0,0337516294235402
-7,5;-20;0,0363750675286619
-7,5;-19,5;0,0599149263615818
-7,5;-19;0,0422533658993525
-7,5;-18,5;0,0585906694998975
-7,5;-18;0,040903414196486
-7,5;-17,5;0,0407716677609049
-7,5;-17;0,0472764358442831
-7,5;-16,5;0,0575627326841775
-7,5;-16;0,0444668609344557
-7,5;-15,5;0,0459183069216779
-7,5;-15;0,0321886673995404
-7,5;-14,5;0,0473404133245264
-7,5;-14;0,0609007199193459
-7,5;-13,5;0,0508667494637841
-7,5;-13;0,0547785609483324
-7,5;-12,5;0,0285889808241113
-7,5;-12;0,0313156280015417
-7,5;-11,5;0,0277011936585488
-7,5;-11;0,0390231636374536
-7,5;-10,5;0,0549481194224674
-7,5;-10;0,0490649431410161
-7,5;-9,5;0,0374022089407145
-7,5;-9;0,0417295634259426
-7,5;-8,5;0,0634607644352266
-7,5;-8;0,0498022051690142
-7,5;-7,5;0,0439306887847134
-7,5;-7;0,0466677786912267
-7,5;-6,5;0,0443503978007832
-7,5;-6;0,0534102819756713
-7,5;-5,5;0,0658513908083408
-7,5;-5;0,0603433395627168
-7,5;-4,5;0,0734564314079936
-7,5;-4;0,0536126873032873
-7,5;-3,5;0,0401711665134039
-7,5;-3;0,0422828335915289
-7,5;-2,5;0,0857228219545807
-7,5;-2;0,339691751815643
-7,5;-1,5;0,22558736617908
-7,5;-1;0,157330446728493
-7,5;-0,5;0,259806627518888
-7,5;0;0,282344088380999
-7,5;0,5;0,048286729693186
-7,5;1;0,0485020038879043
-7,5;1,5;0,0384415140180508
-7,5;2;0,0326003177324002
-7,5;2,5;0,10344162059115
-7,5;3;0,130305923936125
-7,5;3,5;0,137877069927182
-7,5;4;0,0730112127466077
-7,5;4,5;0,253574819623016
-7,5;5;0,121627929146335
-7,5;5,5;0,229470075954192
-7,5;6;0,175150608133709
-7,5;6,5;0,142144583884112
-7,5;7;0,062054154300635
-7,5;7,5;0,0669758465268712
-7,5;8;0,0999294285297105
-7,5;8,5;0,113809259812406
-7,5;9;0,082190280088938
-7,5;9,5;0,0587660247337776
-7,5;10;0,0344821729004117
-7,5;10,5;0,0910098600597714
-7,5;11;0,0566509281571311
-7,5;11,5;0,0293651650495565
-7,5;12;0,039061610617107
-7,5;12,5;0,0394067763372497
-7,5;13;0,0292555644302978
-7,5;13,5;0,0333912285140504
-7,5;14;0,050064073744015
-7,5;14,5;0,0575958530010032
-7,5;15;0,0342602600403386
-7,5;15,5;0,0334974547776995
-7,5;16;0,0544410996705002
-7,5;16,5;0,0427591382930366
-7,5;17;0,0368678766718559
-7,5;17,5;0,0547957951715045
-7,5;18;0,214456137199682
-7,5;18,5;0,119897415470312
-7,5;19;0,125443239078595
-7,5;19,5;0,165224486358556
-7,5;20;0,232509170326063
-7,5;20,5;0,121343720459624
-7,5;21;0,114856122799869
-7,5;21,5;0,0888616334373653
-7,5;22;0,0880032552732524
-7,5;22,5;0,0532850395787443
-7,5;23;0,072013881645554
-7,5;23,5;0,0605114340752734
-7,5;24;0,0589906661499127
-7,5;24,5;0,0644439150100161
-7,5;25;0,072472332074083
-7,5;25,5;0,0758542148121112
-7,5;26;0,087790630509154
-7,5;26,5;0,0517140236676904
-7,5;27;0,0543886477125512
-7,5;27,5;0,11367331783847
-7,5;28;0,0837949099435485
-7,5;28,5;0,0690571654881893
-7,5;29,5;0,116577217409954
-7,5;30;0,0824163473611535
-7,5;30,5;0,0911294990904284
-7,5;31;0,0753764728525952
-7,5;31,5;0,00707106781186546
-7;-66;0
-7;-65,5;0,275400591457696
-7;-65;0,367944855469766
-7;-64,5;0
-7;-64;0
-7;-63;0,0673458734197327
-7;-62,5;0,0954485983167638
-7;-62;0
-7;-61,5;0
-7;-61;0
-7;-60;0
-7;-59,5;0,0825616033854494
-7;-59;0,102811772313854
-7;-58;0,0799030662740799
-7;-57,5;0,116594087837597
-7;-57;0
-7;-56,5;0,0483983470792134
-7;-56;0,0698959544211569
-7;-55,5;0,00777817459305203
-7;-55;0,0366924152016917
-7;-54,5;0,1268465827508
-7;-54;0,103945397424059
-7;-53,5;0,092758519054278
-7;-53;0,0606366945847045
-7;-52,5;0,0638701127629177
-7;-52;0,0562499542604398
-7;-51,5;0,0665381295880462
-7;-51;0,0787919818972103
-7;-50,5;0,0414538113840075
-7;-50;0,052039400518734
-7;-49,5;0,0483515811202219
-7;-49;0,0474005377143525
-7;-48,5;0,109154674005023
-7;-48;0,106614281016164
-7;-47,5;0,0737675762312298
-7;-47;0,0683531382977513
-7;-46,5;0,0439351373765497
-7;-46;0,0597881360482263
-7;-45,5;0,0725678226825698
-7;-45;0,0684221432179648
-7;-44,5;0,0504768525532066
-7;-44;0,0446839390806664
-7;-43,5;0,0625702242846625
-7;-43;0,0774143920420363
-7;-42,5;0,0730572352021661
-7;-42;0,0867087484561018
-7;-41,5;0,0612130169290686
-7;-41;0,0647544344551722
-7;-40,5;0,0549525806714205
-7;-40;0,0489245836785958
-7;-39,5;0,0465745221243451
-7;-39;0,0376408856588093
-7;-38,5;0,0463296366039556
-7;-38;0,0428844345336944
-7;-37,5;0,046446677842949
-7;-37;0,0328190011590232
-7;-36,5;0,0403549090114038
-7;-36;0,345485193750461
-7;-35,5;0,304281206968076
-7;-35;0,24307679703308
-7;-34,5;0,143321565238003
-7;-34;0,029379294528462
-7;-33,5;0,0255978001556906
-7;-33;0,036768875483078
-7;-32,5;0,0587741206550292
-7;-32;0,141313466334808
-7;-31,5;0,0623316321713623
-7;-31;0,0408017317582351
-7;-30,5;0,0377536157765277
-7;-30;0,0422159899464946
-7;-29,5;0,0264875082418914
-7;-29;0,0455887914951951
-7;-28,5;0,0657429735784637
-7;-28;0,0706067714893559
-7;-27,5;0,053725381959244
-7;-27;0,0805457639981099
-7;-26,5;0,0411195020079056
-7;-26;0,0442088291155217
-7;-25,5;0,029695670160941
-7;-25;0,0429408210773672
-7;-24,5;0,039117597583159
-7;-24;0,0486446292746799
-7;-23,5;0,0404571922876032
-7;-23;0,0440793750448872
-7;-22,5;0,0470136244567223
-7;-22;0,0483866309536619
-7;-21,5;0,0573030306650267
-7;-21;0,0425833646429837
-7;-20,5;0,049381906756592
-7;-20;0,0308300394967647
-7;-19,5;0,0452666657634873
-7;-19;0,06101141141813
-7;-18,5;0,0337852285276667
-7;-18;0,0482290591266576
-7;-17,5;0,0427118296966965
-7;-17;0,0467715455434976
-7;-16,5;0,0560833121486422
-7;-16;0,0451456173024491
-7;-15,5;0,0317334195461911
-7;-15;0,068792505095379
-7;-14,5;0,0373885434728858
-7;-14;0,0590206620234689
-7;-13,5;0,0688674270113278
-7;-13;0,0442160590997459
-7;-12,5;0,0528601612704085
-7;-12;0,0340117307129019
-7;-11,5;0,0447435977239497
-7;-11;0,05758756824135
-7;-10,5;0,0500952735473528
-7;-10;0,0542656435809995
-7;-9,5;0,048699055887214
-7;-9;0,0457135294230303
-7;-8,5;0,0608370078345098
-7;-8;0,0686245544240629
-7;-7,5;0,0608706431663507
-7;-7;0,067567604918052
-7;-6,5;0,0442784269493825
-7;-6;0,0453882144356055
-7;-5,5;0,0652702483688307
-7;-5;0,0639744766803278
-7;-4,5;0,0691067346766363
-7;-4;0,0494351668713522
-7;-3,5;0,0415972073709814
-7;-3;0,0348310522932734
-7;-2,5;0,0365742213788317
-7;-2;0,0785620317804063
-7;-1,5;0,119050656249772
-7;-1;0,0798607291275687
-7;-0,5;0,31936097335542
-7;0;0,111814101424243
-7;0,5;0,347823478075915
-7;1;0,14265722541668
-7;1,5;0,0344869713149211
-7;2;0,048806173400334
-7;2,5;0,0522363408686551
-7;3;0,0794982674230369
-7;3,5;0,0689068747295064
-7;4;0,0577148005359072
-7;4,5;0,0333559381781829
-7;5;0,0251334440064979
-7;5,5;0,219498029326289
-7;6;0,0601766419310775
-7;6,5;0,0525947301974841
-7;7;0,0589707955062392
-7;7,5;0,0743243936023906
-7;8;0,0579713754481708
-7;8,5;0,0847537506503383
-7;9;0,0916666338592478
-7;9,5;0,0647615714204094
-7;10;0,0353045176087344
-7;10,5;0,0373245150201259
-7;11;0,0292490716043529
-7;11,5;0,0296949042570975
-7;12;0,0420732877753556
-7;12,5;0,0356073301844539
-7;13;0,173776387876801
-7;13,5;0,39280866605003
-7;14;0,119830671868368
-7;14,5;0,0471601712755138
-7;15;0,0416370088629128
-7;15,5;0,0551602649733735
-7;16;0,026856798083647
-7;16,5;0,0569447281678972
-7;17;0,0712568069291147
-7;17,5;0,096257207929258
-7;18;0,180162750391217
-7;18,5;0,16832416853246
-7;19;0,141363529948822
-7;19,5;0,213127135295079
-7;20;0,293414318679261
-7;20,5;0,140946617988796
-7;21;0,112602851394455
-7;21,5;0,0597125588342995
-7;22;0,0629861497531699
-7;22,5;0,0484092900319073
-7;23;0,0361099668238135
-7;23,5;0,0447818301464553
-7;24;0,0373246907513316
-7;24,5;0,0256720204031344
-7;25;0
-7;25,5;0,0567448811652781
-7;26;0,0755934777447831
-7;26,5;0,0477807492616012
-7;27;0,085523731865028
-7;27,5;0,0393260687399552
-7;28;0,0488087115439513
-7;28,5;0,0617981605201818
-7;29;0,0716977417808301
-7;29,5;0,0735203599918644
-7;30;0,107110145800168
-7;30,5;0,0927687803355109
-7;31;0,0563800595167397
-6,5;-65,5;0,268806013190317
-6,5;-65;0,319327578771553
-6,5;-64,5;0
-6,5;-64;0
-6,5;-63,5;0
-6,5;-63;0
-6,5;-62,5;0,0516936949273129
-6,5;-62;0,0615331888766813
-6,5;-61,5;0
-6,5;-61;0
-6,5;-60,5;0,0801795277278849
-6,5;-60;0,042935998882057
-6,5;-59,5;0,0671070218453507
-6,5;-59;0,108293984634484
-6,5;-58,5;0,0749007186017519
-6,5;-58;0
-6,5;-57,5;0,0544110895559597
-6,5;-57;0
-6,5;-56,5;0,0890748748712752
-6,5;-56;0,085157631614684
-6,5;-55,5;0,0900050924485202
-6,5;-55;0,0601532890357475
-6,5;-54,5;0,112513332543304
-6,5;-54;0,0755519087058091
-6,5;-53,5;0,0723597736460339
-6,5;-53;0,0648661625781813
-6,5;-52,5;0,0489041823121402
-6,5;-52;0,0814704193691945
-6,5;-51,5;0,06281514013409
-6,5;-51;0,0595683598293056
-6,5;-50,5;0,0406970514902493
-6,5;-50;0,0566074200083346
-6,5;-49,5;0,107225457707057
-6,5;-49;0,104163130313475
-6,5;-48,5;0,074153883022718
-6,5;-48;0,0918065429690275
-6,5;-47,5;0,0930031688794172
-6,5;-47;0,0721086742177104
-6,5;-46,5;0,0433934006982393
-6,5;-46;0,0495672500821031
-6,5;-45,5;0,0460438869524685
-6,5;-45;0,0761105463844267
-6,5;-44,5;0,0704803127816266
-6,5;-44;0,070845561380029
-6,5;-43,5;0,0941071620859182
-6,5;-43;0,0752911889749053
-6,5;-42,5;0,0961967789993775
-6,5;-42;0,0872636027427035
-6,5;-41,5;0,375561189210289
-6,5;-41;0,328444750450301
-6,5;-40,5;0,0605956071381589
-6,5;-40;0,049716832778632
-6,5;-39,5;0,0627423608835225
-6,5;-39;0,0380117620390729
-6,5;-38,5;0,035644036948122
-6,5;-38;0,049240427753456
-6,5;-37,5;0,0342890361188106
-6,5;-37;0,0360284125604766
-6,5;-36,5;0,031374111912189
-6,5;-36;0,305237690773311
-6,5;-35,5;0,294508159721272
-6,5;-35;0,204448217242768
-6,5;-34,5;0,130288873745284
-6,5;-34;0,0321581680036791
-6,5;-33,5;0,0317960015875102
-6,5;-33;0,0390840678081958
-6,5;-32,5;0,0473460400123308
-6,5;-32;0,0368382649453826
-6,5;-31,5;0,0462846387812938
-6,5;-31;0,022116496688452
-6,5;-30,5;0,0240421840042487
-6,5;-30;0,0634380175669853
-6,5;-29,5;0,0663743183598977
-6,5;-29;0,0560501878489068
-6,5;-28,5;0,0688470473528352
-6,5;-28;0,0354317710286981
-6,5;-27,5;0,0265601225194216
-6,5;-27;0,0431792441392696
-6,5;-26,5;0,0377780400462294
-6,5;-26;0,0665662251762672
-6,5;-25,5;0,0308550371713741
-6,5;-25;0,0342541940164952
-6,5;-24,5;0,0323554217918378
-6,5;-24;0,0590992174790098
-6,5;-23,5;0,0629072965642261
-6,5;-23;0,180511784707727
-6,5;-22,5;0,340371201536868
-6,5;-22;0,175675115844096
-6,5;-21,5;0,120462147204961
-6,5;-21;0,0618471796153521
-6,5;-20,5;0,052496645188098
-6,5;-20;0,0376238196067571
-6,5;-19,5;0,0545843513811552
-6,5;-19;0,0813258671472641
-6,5;-18,5;0,087439135999666
-6,5;-18;0,0501367772762028
-6,5;-17,5;0,065247422399659
-6,5;-17;0,0526916345902758
-6,5;-16,5;0,0472980167758975
-6,5;-16;0,0389484922632504
-6,5;-15,5;0,0381610756026926
-6,5;-15;0,0464238552270321
-6,5;-14,5;0,0797304581199932
-6,5;-14;0,0558594151299088
-6,5;-13,5;0,0759988874525293
-6,5;-13;0,0366467719920309
-6,5;-12,5;0,0356176934970266
-6,5;-12;0,035744606416519
-6,5;-11,5;0,0584405876275582
-6,5;-11;0,0870498254931052
-6,5;-10,5;0,0482977973724046
-6,5;-10;0,0527823228608104
-6,5;-9,5;0,0462536265053799
-6,5;-9;0,0592571124434863
-6,5;-8,5;0,0757153753163728
-6,5;-8;0,0430550636822468
-6,5;-7,5;0,0799181341230426
-6,5;-7;0,0677940387724287
-6,5;-6,5;0,0410479915241771
-6,5;-6;0,0288286764117794
-6,5;-5,5;0,0588418975621669
-6,5;-5;0,0836140466660435
-6,5;-4,5;0,0536179423939083
-6,5;-4;0,0611976095521562
-6,5;-3,5;0,050033878859763
-6,5;-3;0,0425068574442064
-6,5;-2,5;0,0409666769790194
-6,5;-2;0,0348725884043564
-6,5;-1,5;0,151287859812381
-6,5;-1;0,349991714987975
-6,5;-0,5;0,20152896175248
-6,5;0;0,0293830838652687
-6,5;0,5;0,298176150482633
-6,5;1;0,292388915454474
-6,5;1,5;0,0621424202309249
-6,5;2;0,0727935995314466
-6,5;2,5;0,0567542161150337
-6,5;3;0,0414697249193991
-6,5;3,5;0,0427788252066016
-6,5;4;0,0380353057403069
-6,5;4,5;0,0335095278357084
-6,5;5;0,044422783723097
-6,5;5,5;0,244539903826456
-6,5;6;0,213465302006262
-6,5;6,5;0,0371470062718723
-6,5;7;0,0392159862553736
-6,5;7,5;0,0939086748691849
-6,5;8;0,0533799376803657
-6,5;8,5;0,0513524417942995
-6,5;9;0,0371254184382463
-6,5;9,5;0,0709798941824462
-6,5;10;0,0642785518770061
-6,5;10,5;0,0364059280584377
-6,5;11;0,0225117608408859
-6,5;11,5;0,0272072216248872
-6,5;12;0,0297738641010576
-6,5;12,5;0,0313761946737315
-6,5;13;0,324945019480724
-6,5;13,5;0,312407259817847
-6,5;14;0,055903400938232
-6,5;14,5;0,0320599551064169
-6,5;15;0,040970342511593
-6,5;15,5;0,0428305988155962
-6,5;16;0,0695446475540398
-6,5;16,5;0,0493808298994262
-6,5;17;0,0548226825793753
-6,5;17,5;0,0991844306433791
-6,5;18;0,138163159828483
-6,5;18,5;0,283511590267673
-6,5;19;0,23071272586641
-6,5;19,5;0,282782669479399
-6,5;20;0,244374470271406
-6,5;20,5;0,303136327271069
-6,5;21;0,154520101632778
-6,5;21,5;0,0932800580551343
-6,5;22;0,071570803511666
-6,5;22,5;0,0415671692877236
-6,5;23;0,040308907626745
-6,5;23,5;0,0580010084155929
-6,5;24;0,054773393863487
-6,5;24,5;0,0353937479126519
-6,5;25;0,0284352877846849
-6,5;25,5;0,0595674018978904
-6,5;26;0,0838939118730739
-6,5;26,5;0,069674101212336
-6,5;27;0,0546283309781156
-6,5;27,5;0,0380862718386048
-6,5;28;0,0301942783395206
-6,5;28,5;0,0463320034690336
-6,5;29;0,0275009090758833
-6,5;29,5;0,0421184476965099
-6,5;30;0,111725494505278
-6,5;30,5;0,100506303511046
-6,5;31;0,0731729306354322
-6;-65;0
-6;-64,5;0,0466690475583121
-6;-64;0,05939696961967
-6;-63,5;0,11750319144602
-6;-63;0
-6;-62,5;0,158391918985787
-6;-62;0
-6;-61,5;0,0838020153563014
-6;-61;0,0304055915910216
-6;-60,5;0,148063893865678
-6;-60;0,065041012702243
-6;-59,5;0
-6;-59;0,0646944098563907
-6;-58,5;0,107340067076558
-6;-58;0,0906679645903428
-6;-56,5;0,086682306281168
-6;-56;0,177205285957462
-6;-55,5;0,0862604261009132
-6;-55;0,0647716577451807
-6;-54,5;0,0360624458405139
-6;-54;0,0584123274660409
-6;-53,5;0,0689944887196377
-6;-53;0,064022999339647
-6;-52,5;0,081100279806024
-6;-52;0,0693554879740689
-6;-51,5;0,0349766588836994
-6;-51;0,0963873923901083
-6;-50,5;0,0746225667779357
-6;-50;0,0867311390227897
-6;-49,5;0,0778824707189174
-6;-49;0,0970752649176067
-6;-48,5;0,0961412708703321
-6;-48;0,0773630538775659
-6;-47,5;0,067729477675241
-6;-47;0,0618153722297491
-6;-46,5;0,0447170634495021
-6;-46;0,0562029010093905
-6;-45,5;0,0638011099641147
-6;-45;0,0828462862345509
-6;-44,5;0,0563713965006575
-6;-44;0,0740145136800487
-6;-43,5;0,0422790489474966
-6;-43;0,0423917638679451
-6;-42,5;0,0730526420390935
-6;-42;0,0706379618468635
-6;-41,5;0,304021960813697
-6;-41;0,163499304387546
-6;-40,5;0,0523294298723885
-6;-40;0,0528796280313009
-6;-39,5;0,0660584825001537
-6;-39;0,0455728898122942
-6;-38,5;0,0485976635727899
-6;-38;0,0443848013926895
-6;-37,5;0,0397590528144441
-6;-37;0,0411792249979109
-6;-36,5;0,0422662703295802
-6;-36;0,0434341893504277
-6;-35,5;0,067922408092814
-6;-35;0,0579636681236786
-6;-34,5;0,0866320914329964
-6;-34;0,0272828525824836
-6;-33,5;0,0557095979959653
-6;-33;0,0381441575018423
-6;-32,5;0,0579431035819673
-6;-32;0,0374828194946602
-6;-31,5;0,049228870824843
-6;-31;0,0977408871153754
-6;-30,5;0,0474962175996627
-6;-30;0,0412185802587064
-6;-29,5;0,0352440461229247
-6;-29;0,0374784943002518
-6;-28,5;0,0677242648826077
-6;-28;0,0335160146553973
-6;-27,5;0,0250699456304365
-6;-27;0,0447875661194727
-6;-26,5;0,0455747416101192
-6;-26;0,201167275830374
-6;-25,5;0,148696416933456
-6;-25;0,0495038857833017
-6;-24,5;0,0371303423190538
-6;-24;0,123423739138291
-6;-23,5;0,0709940006334129
-6;-23;0,154538308477818
-6;-22,5;0,347455898728188
-6;-22;0,259992903908112
-6;-21,5;0,0846842297816079
-6;-21;0,0469408672154288
-6;-20,5;0,0423097607225752
-6;-20;0,0416735363068529
-6;-19,5;0,0802088084312606
-6;-19;0,0675009473103065
-6;-18,5;0,119558286312693
-6;-18;0,165700794738
-6;-17,5;0,0729931075156232
-6;-17;0,0599038702819185
-6;-16,5;0,0526036078534739
-6;-16;0,0461377905697101
-6;-15,5;0,0446438136566635
-6;-15;0,0535454878151961
-6;-14,5;0,0440715575791772
-6;-14;0,0681240687321095
-6;-13,5;0,0580586601552964
-6;-13;0,0606789952440572
-6;-12,5;0,0905744384980089
-6;-12;0,0987554821766308
-6;-11,5;0,0941361143931686
-6;-11;0,122570632996897
-6;-10,5;0,0610170190892467
-6;-10;0,0445239306478394
-6;-9,5;0,0445280169597101
-6;-9;0,0488305760434977
-6;-8,5;0,0630395473975065
-6;-8;0,0750413707631152
-6;-7,5;0,0487650013274075
-6;-7;0,0570039238162368
-6;-6,5;0,0526512609889269
-6;-6;0,0392114038008611
-6;-5,5;0,0362547040307383
-6;-5;0,0803526152210453
-6;-4,5;0,0423433469780538
-6;-4;0,037366189047828
-6;-3,5;0,0601987462948545
-6;-3;0,0481253260617215
-6;-2,5;0,0535713746379636
-6;-2;0,04288869441061
-6;-1,5;0,344124836367952
-6;-1;0,219404342427835
-6;-0,5;0,252640620216758
-6;0;0,0584913339623638
-6;0,5;0,0323931033510174
-6;1;0,0417356334623189
-6;1,5;0,370568153578767
-6;2;0,32260569724888
-6;2,5;0,0790804109116878
-6;3;0,0310785799457938
-6;3,5;0,037720660133401
-6;4;0,0421925008356891
-6;4,5;0,118982968439653
-6;5;0,0589540966112312
-6;5,5;0,068600382839955
-6;6;0,222083818674271
-6;6,5;0,0325534208660785
-6;7;0,0209188551491143
-6;7,5;0,0810235635919753
-6;8;0,0577596024655816
-6;8,5;0,0702727733348863
-6;9;0,0492943134827608
-6;9,5;0,0540192178332564
-6;10;0,0954292073395005
-6;10,5;0,0648824218963
-6;11;0,0310732880107533
-6;11,5;0,0350599657643914
-6;12;0,0395681710021289
-6;12,5;0,0466085042964369
-6;13;0,0307906304525642
-6;13,5;0,0644018672169646
-6;14;0,04119709730179
-6;14,5;0,0321905733909788
-6;15;0,0668142912093208
-6;15,5;0,0878410513527019
-6;16;0,0425589955624063
-6;16,5;0,0362312262335401
-6;17;0,0426064313948884
-6;17,5;0,0926185685992527
-6;18;0,0859027680360645
-6;18,5;0,166801677333903
-6;19;0,224080763669242
-6;19,5;0,286618497772398
-6;20;0,289190865652006
-6;20,5;0,281040356605268
-6;21;0,0522580314326673
-6;21,5;0,0263292696855965
-6;22;0,025746358965881
-6;22,5;0,0318805631713627
-6;23;0,0556838507350234
-6;23,5;0,0388786824371911
-6;24;0,0460027544408926
-6;24,5;0,0436197293012431
-6;25;0,0928733011602336
-6;25,5;0,0954380095270587
-6;26;0,0598113975650839
-6;26,5;0,103935766142889
-6;27;0,0638126946617991
-6;27,5;0,0487455553529413
-6;28;0,0223314675837582
-6;28,5;0,0290234579454467
-6;29;0,0122480490643348
-6;29,5;0,0211514683978351
-6;30;0,0335195227376287
-6;30,5;0,117309937253423
-6;31;0,18024797733493
-5,5;-64,5;0
-5,5;-64;0,0169705627484771
-5,5;-63,5;0,0982227909737178
-5,5;-63;0
-5,5;-62,5;0,05984039377605
-5,5;-62;0,0260288301696407
-5,5;-61,5;0,0668295305523401
-5,5;-61;0,0897908538543734
-5,5;-60,5;0,0740114614676094
-5,5;-60;0,0390538090331788
-5,5;-59,5;0,125717559481183
-5,5;-59;0,0727041952022027
-5,5;-58,5;0,11865496196957
-5,5;-58;0,0986670889630602
-5,5;-57,5;0,0676522700069759
-5,5;-57;0,014142135623731
-5,5;-56,5;0,0111504857891185
-5,5;-56;0,081823153752642
-5,5;-55,5;0,086126637695882
-5,5;-55;0,0271538824725551
-5,5;-54,5;0,186025983848135
-5,5;-54;0,0857409624606475
-5,5;-53,5;0,0459115090872285
-5,5;-53;0,0847641927906273
-5,5;-52,5;0,0786120961435265
-5,5;-52;0,0872943737723554
-5,5;-51,5;0,0663167004751048
-5,5;-51;0,0881406884042832
-5,5;-50,5;0,0793414268557345
-5,5;-50;0,0544058024662015
-5,5;-49,5;0,0995968580799744
-5,5;-49;0,0616319507601159
-5,5;-48,5;0,0747068551583472
-5,5;-48;0,0665533804658626
-5,5;-47,5;0,0784241553868969
-5,5;-47;0,0635112554583239
-5,5;-46,5;0,0704844911456662
-5,5;-46;0,111165145095605
-5,5;-45,5;0,0708886032956485
-5,5;-45;0,0642187443542521
-5,5;-44,5;0,0502653190465412
-5,5;-44;0,0628127274935412
-5,5;-43,5;0,0609709150397357
-5,5;-43;0,118547893890172
-5,5;-42,5;0,341049519084964
-5,5;-42;0,294906119077602
-5,5;-41,5;0,0508429615735849
-5,5;-41;0,0534388960779982
-5,5;-40,5;0,0607533417798146
-5,5;-40;0,0421645033807508
-5,5;-39,5;0,0533364097737229
-5,5;-39;0,0511606721765555
-5,5;-38,5;0,0499033783506597
-5,5;-38;0,0400072507695193
-5,5;-37,5;0,0500980630201143
-5,5;-37;0,045565877677303
-5,5;-36,5;0,0521251006656389
-5,5;-36;0,0637448053490354
-5,5;-35,5;0,0449599682248495
-5,5;-35;0,0834181790294693
-5,5;-34,5;0,0699696019343471
-5,5;-34;0,0981851133498174
-5,5;-33,5;0,0612504481491731
-5,5;-33;0,0396924077358536
-5,5;-32,5;0,0435013932204615
-5,5;-32;0,118772503552255
-5,5;-31,5;0,125170006240253
-5,5;-31;0,0501188391646862
-5,5;-30,5;0,0529624034242272
-5,5;-30;0,0338977152094169
-5,5;-29,5;0,0214934750049199
-5,5;-29;0,0505880538316725
-5,5;-28,5;0,0323809456474891
-5,5;-28;0,0673687283530088
-5,5;-27,5;0,0418023872549152
-5,5;-27;0,0506929404640681
-5,5;-26,5;0,0547929231358422
-5,5;-26;0,303226010406828
-5,5;-25,5;0,303599897033895
-5,5;-25;0,0727494540038016
-5,5;-24,5;0,0367903291779218
-5,5;-24;0,0289367652725622
-5,5;-23,5;0,0598936707766392
-5,5;-23;0,0304954298041207
-5,5;-22,5;0,117167624089429
-5,5;-22;0,0779687762011518
-5,5;-21,5;0,0333408181788249
-5,5;-21;0,0608837034561356
-5,5;-20,5;0,0828192677427498
-5,5;-20;0,0453461974564833
-5,5;-19,5;0,0880090494409817
-5,5;-19;0,0647655663292482
-5,5;-18,5;0,0988106944967239
-5,5;-18;0,211065837782404
-5,5;-17,5;0,0804590041014439
-5,5;-17;0,0522315759983945
-5,5;-16,5;0,0456707282683422
-5,5;-16;0,0351256445810965
-5,5;-15,5;0,0622048864724426
-5,5;-15;0,0324618167441695
-5,5;-14,5;0,0976359586950303
-5,5;-14;0,0427694033154501
-5,5;-13,5;0,0541493940938765
-5,5;-13;0,104727556902068
-5,5;-12,5;0,139798799354913
-5,5;-12;0,0849771700493139
-5,5;-11,5;0,079632625560456
-5,5;-11;0,0951541474877453
-5,5;-10,5;0,0745265685176937
-5,5;-10;0,0387616852266009
-5,5;-9,5;0,0758173015831443
-5,5;-9;0,085186733268623
-5,5;-8,5;0,0666822298441118
-5,5;-8;0,0514341895881121
-5,5;-7,5;0,0577169216675338
-5,5;-7;0,0641738684554344
-5,5;-6,5;0,0445467489726994
-5,5;-6;0,0553405743417745
-5,5;-5,5;0,0464634121125549
-5,5;-5;0,0893827508347611
-5,5;-4,5;0,0906079205742283
-5,5;-4;0,040507292918809
-5,5;-3,5;0,0353346720798047
-5,5;-3;0,048955017214715
-5,5;-2,5;0,0527098959725143
-5,5;-2;0,0579045231126196
-5,5;-1,5;0,229541744573424
-5,5;-1;0,154583760345549
-5,5;-0,5;0,229666056746474
-5,5;0;0,0584825702469871
-5,5;0,5;0,0282905580056122
-5,5;1;0,0322029555960873
-5,5;1,5;0,243160048457657
-5,5;2;0,278761899565801
-5,5;2,5;0,0590637157866191
-5,5;3;0,0374282162399591
-5,5;3,5;0,0462057702030596
-5,5;4;0,0315730563594156
-5,5;4,5;0,0846833696438682
-5,5;5;0,224269106826815
-5,5;5,5;0,258071256070003
-5,5;6;0,334852500760181
-5,5;6,5;0,120026197111978
-5,5;7;0,0271805033416374
-5,5;7,5;0,0358917353532351
-5,5;8;0,0449403687555715
-5,5;8,5;0,0376603404083051
-5,5;9;0,0499531706471479
-5,5;9,5;0,0373444101839726
-5,5;10;0,0564501707589223
-5,5;10,5;0,0477720523371091
-5,5;11;0,0361977789526088
-5,5;11,5;0,0326367557354233
-5,5;12;0,0627908058342468
-5,5;12,5;0,0486877127076254
-5,5;13;0,0332085942861675
-5,5;13,5;0,0270197756709956
-5,5;14;0,0418098930501233
-5,5;14,5;0,0492272228564739
-5,5;15;0,392131315745852
-5,5;15,5;0,340089496688116
-5,5;16;0,045821334042838
-5,5;16,5;0,0439674111528763
-5,5;17;0,0716916556830627
-5,5;17,5;0,0810446667300868
-5,5;18;0,0841314521125596
-5,5;18,5;0,132495326917638
-5,5;19;0,318473205240473
-5,5;19,5;0,250871166151141
-5,5;20;0,169108917217138
-5,5;20,5;0,178501736780542
-5,5;21;0,060501632790632
-5,5;21,5;0,0552748844150186
-5,5;22;0,0902044247372003
-5,5;22,5;0,132965687904138
-5,5;23;0,0538137061700029
-5,5;23,5;0,0892646513401798
-5,5;24;0,0704815931343797
-5,5;24,5;0,0742102547143042
-5,5;25;0,111604972038669
-5,5;25,5;0,100112308475534
-5,5;26;0,0820895383571641
-5,5;27;0,0332647628045721
-5,5;27,5;0,036893222256735
-5,5;28;0,0162216786166801
-5,5;28,5;0,0259839065325599
-5,5;29;0,0448358912352274
-5,5;29,5;0,0527344281605472
-5,5;30;0,0416799862768529
-5,5;30,5;0,114176533060671
-5;-64;0
-5;-63,5;0,111104680369461
-5;-63;0,0604553094810079
-5;-62,5;0
-5;-62;0,295519034919918
-5;-61,5;0,0932261602720198
-5;-61;0,0790493942898278
-5;-60,5;0,0707222196550785
-5;-60;0,0155214904782584
-5;-59,5;0
-5;-59;0,0726836753794596
-5;-58,5;0,0713689729716654
-5;-58;0,0566598035059541
-5;-57,5;0,0568893437815681
-5;-57;0,11382768442581
-5;-56,5;0,0929012595102082
-5;-56;0,0453052326179229
-5;-55,5;0,0789257489426223
-5;-55;0,0704382877485844
-5;-54,5;0,00707106781186546
-5;-54;0,298801920843129
-5;-53,5;0,212037590719746
-5;-53;0,0902463863897622
-5;-52,5;0,0704109022573575
-5;-52;0,0396226646700541
-5;-51,5;0,060342808564522
-5;-51;0,0552300346292323
-5;-50,5;0,108893700897885
-5;-50;0,102726100976638
-5;-49,5;0,0939893062137373
-5;-49;0,055613038039654
-5;-48,5;0,0735225276689392
-5;-48;0,0744908218202819
-5;-47,5;0,106348082863219
-5;-47;0,0510551009531206
-5;-46,5;0,102748331916087
-5;-46;0,0922603334202029
-5;-45,5;0,0715205279576697
-5;-45;0,0701368498034267
-5;-44,5;0,0651041290476082
-5;-44;0,0771704462717288
-5;-43,5;0,0414809923612337
-5;-43;0,0778254951305014
-5;-42,5;0,247055193263608
-5;-42;0,317999916407918
-5;-41,5;0,0707964806624914
-5;-41;0,0788768356309038
-5;-40,5;0,0519459232556463
-5;-40;0,0594762884050301
-5;-39,5;0,0456436965194918
-5;-39;0,0609346081757032
-5;-38,5;0,0782313336253355
-5;-38;0,0307307475690691
-5;-37,5;0,0332062842384566
-5;-37;0,060274111801495
-5;-36,5;0,0645107803728472
-5;-36;0,088795430078453
-5;-35,5;0,0415773455901231
-5;-35;0,0517129356938705
-5;-34,5;0,0994988493804696
-5;-34;0,0621900336075809
-5;-33,5;0,0850966607257104
-5;-33;0,0380205598367124
-5;-32,5;0,0806522327446155
-5;-32;0,34070107450003
-5;-31,5;0,316121430182596
-5;-31;0,219704243662237
-5;-30,5;0,0558389942362049
-5;-30;0,0356161609998853
-5;-29,5;0,0359123963289006
-5;-29;0,042220764739718
-5;-28,5;0,0305228293732357
-5;-28;0,0540280499562295
-5;-27,5;0,075289450476701
-5;-27;0,0412133931350498
-5;-26,5;0,0430530808302957
-5;-26;0,16957950446128
-5;-25,5;0,114257039820133
-5;-25;0,0339734662754288
-5;-24,5;0,0470441501795463
-5;-24;0,0535879972132624
-5;-23,5;0,0299868773740333
-5;-23;0,0540415134510977
-5;-22,5;0,0944802143489672
-5;-22;0,0597856710405521
-5;-21,5;0,0558256046197323
-5;-21;0,0627754042292584
-5;-20,5;0,0718001721488222
-5;-20;0,0734138277098388
-5;-19,5;0,0671117666686933
-5;-19;0,0845787829844168
-5;-18,5;0,0863866272359207
-5;-18;0,113352879452
-5;-17,5;0,115484234483498
-5;-17;0,0429060773040085
-5;-16,5;0,041034444125278
-5;-16;0,057444601376521
-5;-15,5;0,0497382193822692
-5;-15;0,083963801702078
-5;-14,5;0,0565635627417212
-5;-14;0,0548209322739464
-5;-13,5;0,0709527350977323
-5;-13;0,28791630637604
-5;-12,5;0,332830567740332
-5;-12;0,0782572250167787
-5;-11,5;0,0678486392484508
-5;-11;0,0495415344570961
-5;-10,5;0,0493070276808834
-5;-10;0,0470218244642317
-5;-9,5;0,0657322180374623
-5;-9;0,05748997628924
-5;-8,5;0,0681432188856549
-5;-8;0,247449652325795
-5;-7,5;0,294361404691636
-5;-7;0,157616528566074
-5;-6,5;0,0831548822117297
-5;-6;0,0427323497875639
-5;-5,5;0,0358392013254809
-5;-5;0,0670349245372382
-5;-4,5;0,0496346806920667
-5;-4;0,0387029494534056
-5;-3,5;0,0393097805839402
-5;-3;0,0538466305655203
-5;-2,5;0,0563440130298063
-5;-2;0,0914359108249481
-5;-1,5;0,119570374716331
-5;-1;0,118896866728377
-5;-0,5;0,0409385400127561
-5;0;0,0518668095206904
-5;0,5;0,0401371751609507
-5;1;0,0441739388104177
-5;1,5;0,0388496457836007
-5;2;0,0374964906782863
-5;2,5;0,0400631319975679
-5;3;0,0433050804795735
-5;3,5;0,0764571021964257
-5;4;0,0485577906015217
-5;4,5;0,0504737166136601
-5;5;0,174388538040053
-5;5,5;0,324373031011925
-5;6;0,289707065631718
-5;6,5;0,0277266074326702
-5;7;0,0345719630439487
-5;7,5;0,0281412205015441
-5;8;0,0416221423174305
-5;8,5;0,0420692316726267
-5;9;0,0363553800071212
-5;9,5;0,0424670476692346
-5;10;0,0735684679068482
-5;10,5;0,0346153275309692
-5;11;0,0587382346645032
-5;11,5;0,0496484161128726
-5;12;0,0360800171460486
-5;12,5;0,0352063902717445
-5;13;0,0539373973923989
-5;13,5;0,118415068086763
-5;14;0,0468294891112445
-5;14,5;0,0632852585613925
-5;15;0,298994721962729
-5;15,5;0,237318818585357
-5;16;0,0463754709842206
-5;16,5;0,0737873140722461
-5;17;0,0663243447084692
-5;17,5;0,0679631035734274
-5;18;0,0406415881552727
-5;18,5;0,0584469689398823
-5;19;0,0365201274852438
-5;19,5;0,035620588236388
-5;20;0,0415870879144886
-5;20,5;0,0967258577527017
-5;21;0,101508753151106
-5;21,5;0,0874224104454989
-5;22;0,129824907061421
-5;22,5;0,20726835008599
-5;23;0,0343507121988967
-5;23,5;0,0893641560187997
-5;24;0,0538993479170421
-5;24,5;0,0269865286258297
-5;25;0,0413548675638681
-5;25,5;0,057565089210374
-5;26;0,113311122694622
-5;26,5;0,0663942051401361
-5;27;0,0493993927088178
-5;27,5;0,0194807597387782
-5;28;0,0338971707052105
-5;28,5;0,0375207331847235
-5;29;0,0366999072326238
-5;29,5;0,0525875230510542
-5;30;0,0569400973660657
-5;30,5;0,0220839308095275
-4,5;-63,5;0,0202319878739914
-4,5;-63;0
-4,5;-62,5;0,222337475960249
-4,5;-62;0,258973956613559
-4,5;-61,5;0
-4,5;-61;0,0656103049925248
-4,5;-60,5;0,0801987412322544
-4,5;-60;0,078495082788529
-4,5;-59,5;0,105077748992512
-4,5;-59;0,0636396103067893
-4,5;-58,5;0,0595360228071703
-4,5;-58;0,0541393264334408
-4,5;-57;0,135589395641865
-4,5;-56,5;0,071204484208711
-4,5;-56;0,075218288000148
-4,5;-55,5;0,0813461397021668
-4,5;-55;0,0518183640917277
-4,5;-54,5;0,0470733976031555
-4,5;-54;0,207311981012349
-4,5;-53,5;0,247821475374497
-4,5;-53;0,101247301652706
-4,5;-52,5;0,0636109972753059
-4,5;-52;0,049706311383006
-4,5;-51,5;0,0915486499246728
-4,5;-51;0,0798721691567038
-4,5;-50,5;0,0639352350876595
-4,5;-50;0,0835796829725807
-4,5;-49,5;0,065676385437007
-4,5;-49;0,238768524778515
-4,5;-48,5;0,132008873443686
-4,5;-48;0,0703454985653929
-4,5;-47,5;0,0991973667074061
-4,5;-47;0,04069766578073
-4,5;-46,5;0
-4,5;-46;0,0636282558699745
-4,5;-45,5;0,0784974311829202
-4,5;-45;0,0714730985200498
-4,5;-44,5;0,0480255025651145
-4,5;-44;0,0671620428515989
-4,5;-43,5;0,0603070574350182
-4,5;-43;0,0677866184510309
-4,5;-42,5;0,117422751475609
-4,5;-42;0,0643149482492679
-4,5;-41,5;0,0704269442812663
-4,5;-41;0,0975752646313825
-4,5;-40,5;0,0826118437868988
-4,5;-40;0,0659724290391347
-4,5;-39,5;0,0505321046351923
-4,5;-39;0,0728961306563089
-4,5;-38,5;0,0588960508756162
-4,5;-38;0,0796824684271759
-4,5;-37,5;0,0478413946124226
-4,5;-37;0,0446832776485615
-4,5;-36,5;0,0681490788438923
-4,5;-36;0,0857817199142368
-4,5;-35,5;0,0554334230134596
-4,5;-35;0,0634245199969389
-4,5;-34,5;0,0753041231365566
-4,5;-34;0,0483306704847851
-4,5;-33,5;0,0389964084859668
-4,5;-33;0,0518404701313013
-4,5;-32,5;0,0408548193317051
-4,5;-32;0,188784174636314
-4,5;-31,5;0,214066637952297
-4,5;-31;0,0384728997866161
-4,5;-30,5;0,0450661640860112
-4,5;-30;0,0347771250712248
-4,5;-29,5;0,0418433912562608
-4,5;-29;0,0459374302838816
-4,5;-28,5;0,0460833581167519
-4,5;-28;0,0395609518030472
-4,5;-27,5;0,0488743773556734
-4,5;-27;0,0791630324980399
-4,5;-26,5;0,051854157723016
-4,5;-26;0,0560206503853082
-4,5;-25,5;0,0450136863178619
-4,5;-25;0,0337855806633625
-4,5;-24,5;0,0801125044880644
-4,5;-24;0,0707165023162249
-4,5;-23,5;0,0753651620369009
-4,5;-23;0,080682492314818
-4,5;-22,5;0,0666061371492621
-4,5;-22;0,0279910810290546
-4,5;-21,5;0,0398746687729195
-4,5;-21;0,0451161500381736
-4,5;-20,5;0,0995708978927332
-4,5;-20;0,102927021165346
-4,5;-19,5;0,0877500347048629
-4,5;-19;0,0720282449179974
-4,5;-18,5;0,114551752378624
-4,5;-18;0,104726477326582
-4,5;-17,5;0,052944720426617
-4,5;-17;0,0414715110190575
-4,5;-16,5;0,090363316959858
-4,5;-16;0,0727675687973069
-4,5;-15,5;0,0545488546335076
-4,5;-15;0,0635971120110242
-4,5;-14,5;0,0315904971078953
-4,5;-14;0,073224618050521
-4,5;-13,5;0,0531792814866873
-4,5;-13;0,355765719776964
-4,5;-12,5;0,268623931710741
-4,5;-12;0,0720959461958539
-4,5;-11,5;0,0633534977710352
-4,5;-11;0,0447374216199803
-4,5;-10,5;0,0747884223580888
-4,5;-10;0,0755693410100107
-4,5;-9,5;0,0620212027916942
-4,5;-9;0,0478411746647095
-4,5;-8,5;0,0640623915321287
-4,5;-8;0,329700843700215
-4,5;-7,5;0,285499610687124
-4,5;-7;0,270317956209122
-4,5;-6,5;0,0929698161171719
-4,5;-6;0,101597177200712
-4,5;-5,5;0,0513570154493349
-4,5;-5;0,0797998108012893
-4,5;-4,5;0,0559362015153222
-4,5;-4;0,0412444998991359
-4,5;-3,5;0,0345193403896356
-4,5;-3;0,0636990749852159
-4,5;-2,5;0,0565351513072472
-4,5;-2;0,0748396987419144
-4,5;-1,5;0,084768864433579
-4,5;-1;0,11102297636999
-4,5;-0,5;0,144870383237283
-4,5;0;0,0902036064789789
-4,5;0,5;0,0778459186441367
-4,5;1;0,0387896288632197
-4,5;1,5;0,0448242622396439
-4,5;2;0,0450751846687822
-4,5;2,5;0,0432934739584084
-4,5;3;0,0537657125197076
-4,5;3,5;0,063570770040941
-4,5;4;0,0607080461762711
-4,5;4,5;0,032173946251009
-4,5;5;0,117207789599192
-4,5;5,5;0,111992885678408
-4,5;6;0,182905242368693
-4,5;6,5;0,0364757703071336
-4,5;7;0,0444496053081416
-4,5;7,5;0,0789321829915179
-4,5;8;0,104469004326708
-4,5;8,5;0,0598390401407639
-4,5;9;0,0952415710850314
-4,5;9,5;0,0663018615052057
-4,5;10;0,043021888631145
-4,5;10,5;0,0412409637551582
-4,5;11;0,0534520256643193
-4,5;11,5;0,0382249089457627
-4,5;12;0,0541150010009547
-4,5;12,5;0,0548496718438443
-4,5;13;0,0628552131783153
-4,5;13,5;0,0603158074362489
-4,5;14;0,0475511451579827
-4,5;14,5;0,0481829023535104
-4,5;15;0,0751111045738447
-4,5;15,5;0,075870669901536
-4,5;16;0,0445765423947185
-4,5;16,5;0,052332133464846
-4,5;17;0,0310284848577755
-4,5;17,5;0,0545857354324107
-4,5;18;0,0202096919150211
-4,5;18,5;0,0298862462476744
-4,5;19;0,0439938909832429
-4,5;19,5;0,240171051187042
-4,5;20;0,209243827925651
-4,5;20,5;0,195051189906582
-4,5;21;0,158283420444059
-4,5;21,5;0,124285906512238
-4,5;22;0,15076846922726
-4,5;22,5;0,114988260270342
-4,5;23,5;0,0365513337649941
-4,5;24;0,0481781532832207
-4,5;24,5;0,0355845070621632
-4,5;25;0,0593342951913865
-4,5;25,5;0,0272514153694747
-4,5;26;0,0807527836795301
-4,5;26,5;0,0816115203861579
-4,5;27,5;0,0318956632370818
-4,5;28;0,0594484262585258
-4,5;28,5;0,0510683016025737
-4,5;29;0,0436671788740985
-4,5;29,5;0,051237176219522
-4,5;30;0,0195165247122049
-4;-63;0
-4;-62,5;0
-4;-62;0,273998835063512
-4;-61,5;0,00919238815542511
-4;-61;0
-4;-60,5;0
-4;-60;0,116242562486093
-4;-59,5;0,084649414252748
-4;-59;0,0445477272147525
-4;-58,5;0,0784888527117068
-4;-58;0
-4;-57,5;0,232781754751839
-4;-57;0,0786655144132086
-4;-56,5;0,0541771784671984
-4;-56;0,0737689442981065
-4;-55,5;0,107480230740355
-4;-55;0
-4;-54,5;0,0780990823676352
-4;-54;0,140808317023027
-4;-53,5;0,12910185956819
-4;-53;0,0709075620293152
-4;-52,5;0,0663720771980126
-4;-52;0,0540838854619994
-4;-51,5;0,0911250931889546
-4;-51;0,101056161589304
-4;-50,5;0,0609839323100766
-4;-50;0
-4;-49,5;0,225435874104663
-4;-49;0,160849413632931
-4;-48,5;0,288164208266348
-4;-48;0,0996866652839347
-4;-47,5;0,0781186815626769
-4;-47;0,0616321615176146
-4;-46,5;0
-4;-46;0,0488214542136384
-4;-45,5;0,0671643792955302
-4;-45;0,0749720389225814
-4;-44,5;0,0527325132031269
-4;-44;0,0565435605743416
-4;-43,5;0,060255202163424
-4;-43;0,0646017627863361
-4;-42,5;0,071467037931178
-4;-42;0,0774069075985576
-4;-41,5;0,0690403159623028
-4;-41;0,104161781010967
-4;-40,5;0,0663766494943534
-4;-40;0,0675114116841544
-4;-39,5;0,0758480345865953
-4;-39;0,0663916956962074
-4;-38,5;0,101935010095919
-4;-38;0,057574543217092
-4;-37,5;0,0704400871544903
-4;-37;0,0553066232981653
-4;-36,5;0,0506939619459535
-4;-36;0,0819857806672102
-4;-35,5;0,06658392668602
-4;-35;0,11265679135522
-4;-34,5;0,0809494905171892
-4;-34;0,0454910597787179
-4;-33,5;0,0454765301411472
-4;-33;0,0654915971302491
-4;-32,5;0,0676229223212042
-4;-32;0,0208898071921907
-4;-31,5;0,0791913023918919
-4;-31;0,0366431091027692
-4;-30,5;0,0556295980024397
-4;-30;0,0333758626993039
-4;-29,5;0,066268906102651
-4;-29;0,0499853780272684
-4;-28,5;0,0509040702670022
-4;-28;0,0550013744417009
-4;-27,5;0,0388967164657986
-4;-27;0,0637101448987931
-4;-26,5;0,0341737835205015
-4;-26;0,0371837634100645
-4;-25,5;0,0481402302616169
-4;-25;0,0578509255788794
-4;-24,5;0,356529037477842
-4;-24;0,0948058193542806
-4;-23,5;0,0414374136598675
-4;-23;0,0707324473111444
-4;-22,5;0,0720660078099847
-4;-22;0,0533110666649461
-4;-21,5;0,108441857349532
-4;-21;0,0700928976012191
-4;-20,5;0,0879794564813106
-4;-20;0,143721330871288
-4;-19,5;0,0938516938357287
-4;-19;0,10244394286631
-4;-18,5;0,210313620850962
-4;-18;0,0621756988287379
-4;-17,5;0,0339899045358813
-4;-17;0,0440883326684003
-4;-16,5;0,07759205622565
-4;-16;0,053605247743759
-4;-15,5;0,069285458412821
-4;-15;0,0646142577010952
-4;-14,5;0,0449316728862257
-4;-14;0,057193831269857
-4;-13,5;0,11258553360107
-4;-13;0,0455972857319892
-4;-12,5;0,0792363485680589
-4;-12;0,0588303905853893
-4;-11,5;0,0794410019624173
-4;-11;0,0701610178165385
-4;-10,5;0,0722125180721669
-4;-10;0,0860758129628259
-4;-9,5;0,0808845888968106
-4;-9;0,071619433868143
-4;-8,5;0,0868430687984391
-4;-8;0,0622989697814701
-4;-7,5;0,104193011664001
-4;-7;0,0537058676935687
-4;-6,5;0,0344249603745125
-4;-6;0,101295804454084
-4;-5,5;0,0890805399208637
-4;-5;0,0784963796312948
-4;-4,5;0,0973117688521941
-4;-4;0,046870880728549
-4;-3,5;0,0404983443656471
-4;-3;0,0633716247267878
-4;-2,5;0,0466704821892628
-4;-2;0,0505438407291242
-4;-1,5;0,0639714418538939
-4;-1;0,111187839696676
-4;-0,5;0,275027234508493
-4;0;0,238068328236306
-4;0,5;0,0750148406719423
-4;1;0,08973082552448
-4;1,5;0,234788775543818
-4;2;0,0382829543258428
-4;2,5;0,0390439676428428
-4;3;0,0244445637565432
-4;3,5;0,037870202344589
-4;4;0,0514955698373992
-4;4,5;0,0505493413465783
-4;5;0,163693562794516
-4;5,5;0,161533564211735
-4;6;0,22603725183183
-4;6,5;0,0380778641666756
-4;7;0,0447181586829654
-4;7,5;0,234891660417851
-4;8;0,261240058344556
-4;8,5;0,264225903708629
-4;9;0,0662761897919104
-4;9,5;0,0894255837456406
-4;10;0,032101111172066
-4;10,5;0,0481892278222874
-4;11;0,0546238074911259
-4;11,5;0,0632610207735482
-4;12;0,0459288749548892
-4;12,5;0,0365310348138159
-4;13;0,0335370345281091
-4;13,5;0,0428882867337176
-4;14;0,0589355285435838
-4;14,5;0,0357556978853927
-4;15;0,0495142406251677
-4;15,5;0,0500232380342811
-4;16;0,0378252312459803
-4;16,5;0,0560837597873762
-4;17;0,0295354839260306
-4;17,5;0,0511444861389878
-4;18;0,0517150436400427
-4;18,5;0,0936716488623824
-4;19;0,138494773178637
-4;19,5;0,205607130758698
-4;20;0,160493309524175
-4;20,5;0,193538289855167
-4;21;0,16426756816332
-4;21,5;0,0993270081370347
-4;22;0,0148323969741913
-4;22,5;0,00874056267624893
-4;23;0,12068968472906
-4;23,5;0,120567023147737
-4;24;0,0684349443919117
-4;24,5;0,0804467247971399
-4;25;0,0642965263752983
-4;25,5;0,0717069995559062
-4;26;0,0561838348577216
-4;26,5;0,0426947371430033
-4;27;0,0609517320210315
-4;27,5;0,0709256615222276
-4;28;0,0400944656588735
-4;28,5;0,0229867289078362
-4;29;0,0519767099233468
-4;29,5;0,0586159141942305
-4;30;0,0220385214697227
-3,5;-62,5;0
-3,5;-62;0
-3,5;-61,5;0,0643467170879758
-3,5;-61;0
-3,5;-60,5;0,0341316080293131
-3,5;-60;0,0756604255869606
-3,5;-59,5;0,0639296488336984
-3,5;-59;0,0572446712013649
-3,5;-58,5;0,0487285972553714
-3,5;-57,5;0,229581022692519
-3,5;-57;0,0967118931848654
-3,5;-56,5;0,101793909444524
-3,5;-56;0,0712956286645028
-3,5;-55,5;0
-3,5;-55;0,0917502043594454
-3,5;-54,5;0,0820836681163103
-3,5;-54;0,0522081912930839
-3,5;-53,5;0,0840490561658162
-3,5;-53;0,0686932311075844
-3,5;-52,5;0,067617790494794
-3,5;-52;0,0743461125039127
-3,5;-51,5;0,0545219047286326
-3,5;-51;0,0811621422421398
-3,5;-50,5;0,0610981353468102
-3,5;-50;0,0473474995568479
-3,5;-49,5;0,152883506849714
-3,5;-49;0,259303813463604
-3,5;-48,5;0,212040971701795
-3,5;-48;0,112097422816547
-3,5;-47,5;0,074713919516403
-3,5;-47;0,0479224875691446
-3,5;-46,5;0,0632684037185301
-3,5;-46;0,0441266771507173
-3,5;-45,5;0,0581659165332572
-3,5;-45;0,0602741378877642
-3,5;-44,5;0,0560915493168258
-3,5;-44;0,0504524528640581
-3,5;-43,5;0,0554768584022367
-3,5;-43;0,0637023648833161
-3,5;-42,5;0,073522688060979
-3,5;-42;0,0990208168616362
-3,5;-41,5;0,0805358742112429
-3,5;-41;0,0726818266688993
-3,5;-40,5;0,0669719720456441
-3,5;-40;0,0500025248531947
-3,5;-39,5;0,0591804984378202
-3,5;-39;0,0883125689585892
-3,5;-38,5;0,0885277147672994
-3,5;-38;0,0902700544528677
-3,5;-37,5;0,060060375846869
-3,5;-37;0,079007200968507
-3,5;-36,5;0,151110356984228
-3,5;-36;0,0701440154466038
-3,5;-35,5;0,0891723275181614
-3,5;-35;0,0944651421472228
-3,5;-34,5;0,0831312343791558
-3,5;-34;0,0635294944258886
-3,5;-33,5;0,0791601295465424
-3,5;-33;0,0658345812654374
-3,5;-32,5;0,0702340487086036
-3,5;-32;0,0727142821076431
-3,5;-31,5;0,0613049820877389
-3,5;-31;0,0409521647056635
-3,5;-30,5;0,0550790375666347
-3,5;-30;0,0423861888682937
-3,5;-29,5;0,0392473148653246
-3,5;-29;0,0417730401666284
-3,5;-28,5;0,0874688768808003
-3,5;-28;0,307091450860003
-3,5;-27,5;0,318617608854672
-3,5;-27;0,0531914882786291
-3,5;-26,5;0,0544747709922921
-3,5;-26;0,0291184064790915
-3,5;-25,5;0,032798367980725
-3,5;-25;0,0472935053497715
-3,5;-24,5;0,0367533368976103
-3,5;-24;0,0459085899660772
-3,5;-23,5;0,0321087544751121
-3,5;-23;0,042785367160441
-3,5;-22,5;0,0506591461806843
-3,5;-22;0,0432424840457291
-3,5;-21,5;0,0713353267774979
-3,5;-21;0,211295551507533
-3,5;-20,5;0,229428226084695
-3,5;-20;0,156727738429318
-3,5;-19,5;0,141666872970681
-3,5;-19;0,182176708664354
-3,5;-18,5;0,128126629813348
-3,5;-18;0,0274022101617922
-3,5;-17,5;0,0689036958242852
-3,5;-17;0,0681929805825541
-3,5;-16,5;0,0818896319630016
-3,5;-16;0,0487314750772564
-3,5;-15,5;0,0555680476604323
-3,5;-15;0,0508900545829302
-3,5;-14,5;0,0765155696492805
-3,5;-14;0,0507873464740869
-3,5;-13,5;0,0813378314363904
-3,5;-13;0,0543315561468269
-3,5;-12,5;0,0636799860261848
-3,5;-12;0,0506221707633001
-3,5;-11,5;0,059260197624171
-3,5;-11;0,0603749069727066
-3,5;-10,5;0,0594382425606879
-3,5;-10;0,128434698572798
-3,5;-9,5;0,0854064250615369
-3,5;-9;0,0729286532272361
-3,5;-8,5;0,0874643075433853
-3,5;-8;0,043635157813008
-3,5;-7,5;0,0468489485430766
-3,5;-7;0,052739927948377
-3,5;-6,5;0,032745380100415
-3,5;-6;0,0331884727770762
-3,5;-5,5;0,0324728797736215
-3,5;-5;0,0314140163137762
-3,5;-4,5;0,0584281414122928
-3,5;-4;0,0608005126234919
-3,5;-3,5;0,0882160170273084
-3,5;-3;0,0564299332311353
-3,5;-2,5;0,047164812497099
-3,5;-2;0,0352997445834242
-3,5;-1,5;0,0545559982833401
-3,5;-1;0,0784690168968512
-3,5;-0,5;0,189198841302973
-3,5;0;0,0471696037551588
-3,5;0,5;0,0322592860810889
-3,5;1;0,105186937838744
-3,5;1,5;0,229095245926865
-3,5;2;0,0374673709710756
-3,5;2,5;0,0309792735858828
-3,5;3;0,296598264757897
-3,5;3,5;0,295853050448959
-3,5;4;0,0361130521892807
-3,5;4,5;0,0499849281961696
-3,5;5;0,145400381856482
-3,5;5,5;0,194383596224394
-3,5;6;0,0334378636849986
-3,5;6,5;0,0329473930878446
-3,5;7;0,0683124591923037
-3,5;7,5;0,224821081602198
-3,5;8;0,381294213727221
-3,5;8,5;0,226287662931722
-3,5;9;0,0724274457327664
-3,5;9,5;0,0480962324254069
-3,5;10;0,0419362507928752
-3,5;10,5;0,0558540039860457
-3,5;11;0,09074183262425
-3,5;11,5;0,0283593339260338
-3,5;12;0,0588385984900126
-3,5;12,5;0,0374226372869765
-3,5;13;0,026750562794887
-3,5;13,5;0,0414287705403595
-3,5;14;0,060722207072735
-3,5;14,5;0,0252644651598583
-3,5;15;0,0443659294550861
-3,5;15,5;0,051212892300655
-3,5;16;0,0345240290259387
-3,5;16,5;0,0235404871503195
-3,5;17;0,0436555697698452
-3,5;17,5;0,0429524951514686
-3,5;18;0,0725353561167096
-3,5;18,5;0,0892504618291069
-3,5;19;0,10834237660937
-3,5;19,5;0,155075664973872
-3,5;20;0,173530636994933
-3,5;20,5;0,0661717286642763
-3,5;21;0,0693586392278334
-3,5;21,5;0,0202675383123777
-3,5;22;0,13810132106257
-3,5;22,5;0,091694710422778
-3,5;23;0,143717173151248
-3,5;23,5;0,121755355521667
-3,5;24;0,192494675402311
-3,5;24,5;0,189138384775058
-3,5;25;0,172384528519464
-3,5;25,5;0,126837151843398
-3,5;26;0,0780297668731134
-3,5;26,5;0,0528565426656351
-3,5;27;0,0847449002194678
-3,5;27,5;0,131051461197492
-3,5;28;0,031986304573072
-3,5;28,5;0,0531596780099374
-3,5;29;0,0401020107272418
-3,5;29,5;0,0516059332682285
-3;-62;0
-3;-61,5;0
-3;-61;0
-3;-60,5;0
-3;-60;0,117796434581018
-3;-59,5;0
-3;-59;0,0184905381208877
-3;-58;0
-3;-57,5;0,0563498686094981
-3;-57;0,0873006481193315
-3;-56,5;0,0651406761732459
-3;-56;0,0615293967682657
-3;-55,5;0
-3;-55;0,0876546252820314
-3;-54,5;0,095805484754741
-3;-54;0,0814922972157155
-3;-53,5;0,0492109713069118
-3;-53;0,0715374929895213
-3;-52,5;0,0952175787425164
-3;-52;0,0828334284988668
-3;-51,5;0,0907010061389612
-3;-51;0,0405976189778005
-3;-50,5;0,0688836964481701
-3;-50;0,0640139121783769
-3;-49,5;0,052963538058143
-3;-49;0,0857326016845205
-3;-48,5;0,0646964331203662
-3;-48;0,0747772953672371
-3;-47,5;0,0604745420133882
-3;-47;0,0350517967941449
-3;-46,5;0,0347064380498095
-3;-46;0,0771665321509949
-3;-45,5;0,0499629401118007
-3;-45;0,069256895280251
-3;-44,5;0,0464711892313015
-3;-44;0,0477360349448722
-3;-43,5;0,0358640595754408
-3;-43;0,0682426466626948
-3;-42,5;0,206632460775537
-3;-42;0,29130597333919
-3;-41,5;0,20476849476149
-3;-41;0,0667109356443978
-3;-40,5;0,0674212325321471
-3;-40;0,0520175226255396
-3;-39,5;0,0608545210093114
-3;-39;0,0728310174383858
-3;-38,5;0,0726451114473271
-3;-38;0,0661750345982655
-3;-37,5;0,0547547455010263
-3;-37;0,0665440363363226
-3;-36,5;0,0786457064762416
-3;-36;0,0797583442427462
-3;-35,5;0,0758744222128113
-3;-35;0,0483480458565436
-3;-34,5;0,090491020948593
-3;-34;0,0363067222173295
-3;-33,5;0,0826450614711309
-3;-33;0,07125636031849
-3;-32,5;0,0502335460012088
-3;-32;0,0440682002241598
-3;-31,5;0,0758186673481491
-3;-31;0,0616123354442988
-3;-30,5;0,0471803267519135
-3;-30;0,0385750457703802
-3;-29,5;0,0522175719233948
-3;-29;0,0535993215246659
-3;-28,5;0,106241769259334
-3;-28;0,268921109907789
-3;-27,5;0,326224802197239
-3;-27;0,0689832045275301
-3;-26,5;0,0632452176823015
-3;-26;0,0453983586388176
-3;-25,5;0,0245579056072897
-3;-25;0,0335079405861425
-3;-24,5;0,0348504784799289
-3;-24;0,0446362994756375
-3;-23,5;0,169313960475523
-3;-23;0,132043180107206
-3;-22,5;0,0402184930491739
-3;-22;0,0313428821939289
-3;-21,5;0,0749163358764359
-3;-21;0,088203378824374
-3;-20,5;0,214593582936683
-3;-20;0,146877301440763
-3;-19,5;0,182098865076115
-3;-19;0,310000739924119
-3;-18,5;0,119957402217664
-3;-18;0,0741357481752842
-3;-17,5;0,11370990720928
-3;-17;0,0546203264573299
-3;-16,5;0,0623682995682066
-3;-16;0,0533385467659387
-3;-15,5;0,0513037036215717
-3;-15;0,15433093859917
-3;-14,5;0,146848894790017
-3;-14;0,0444871091217093
-3;-13,5;0,0639446838175199
-3;-13;0,0604912674535821
-3;-12,5;0,054047558757033
-3;-12;0,0604199766183454
-3;-11,5;0,0665049459804799
-3;-11;0,0481007612447374
-3;-10,5;0,0609031126684538
-3;-10;0,189882653184007
-3;-9,5;0,169074840018861
-3;-9;0,084569111861496
-3;-8,5;0,0980577956468975
-3;-8;0,147680928261455
-3;-7,5;0,154360720034178
-3;-7;0,0776820579520109
-3;-6,5;0,0347170288152885
-3;-6;0,0327782301403541
-3;-5,5;0,0418552209862703
-3;-5;0,0473596737921015
-3;-4,5;0,0530312118073941
-3;-4;0,0805237831814024
-3;-3,5;0,0945855941218567
-3;-3;0,0417503150058632
-3;-2,5;0,0404378849064585
-3;-2;0,0490627982606139
-3;-1,5;0,0735505343808814
-3;-1;0,0598408216287982
-3;-0,5;0,327284882778617
-3;0;0,0897114640889938
-3;0,5;0,032202413351965
-3;1;0,0874373338207371
-3;1,5;0,0721246649600363
-3;2;0,0496636559118987
-3;2,5;0,0332074728273664
-3;3;0,112131510574489
-3;3,5;0,327670248088629
-3;4;0,0227738396185798
-3;4,5;0,373868866585772
-3;5;0,231385001244118
-3;5,5;0,256423558933508
-3;6;0,0574932047655838
-3;6,5;0,035309364758792
-3;7;0,0448725857242463
-3;7,5;0,057971295901156
-3;8;0,0858920874627298
-3;8,5;0,0628915525561272
-3;9;0,0601083579267781
-3;9,5;0,0405848774409559
-3;10;0,0411161042062174
-3;10,5;0,03873362941449
-3;11;0,0828066019912261
-3;11,5;0,0403345220557748
-3;12;0,0296470405958938
-3;12,5;0,0322735181590515
-3;13;0,0442204537837019
-3;13,5;0,0693554752696344
-3;14;0,0957082121308039
-3;14,5;0,0837961306134806
-3;15;0,0399277715894785
-3;15,5;0,0785390520868612
-3;16;0,0282430784124957
-3;16,5;0,0285195457946228
-3;17;0,0392589869547589
-3;17,5;0,0523329139372449
-3;18;0,0913650275688346
-3;18,5;0,0473247107413584
-3;19;0,0784885684964083
-3;19,5;0,0571001678339623
-3;20;0,0312920707798908
-3;20,5;0,0697305214530898
-3;21;0,0555210527780886
-3;21,5;0,0524230948563411
-3;22;0,130953337647771
-3;22,5;0,193249507755709
-3;23;0,144713059021187
-3;23,5;0,098094635282794
-3;24;0,197262231359736
-3;24,5;0,100485488172837
-3;25;0,110700397822583
-3;25,5;0,0953485370329761
-3;26;0,0507333531148846
-3;26,5;0,0805831813892143
-3;27;0,0753867067562681
-3;27,5;0,0509990223916134
-3;28;0,0496996181949768
-3;28,5;0,0510191630378011
-3;29;0,0637843761458573
-3;29,5;0,0703377383478985
-2,5;-61,5;0
-2,5;-61;0
-2,5;-60,5;0
-2,5;-60;0
-2,5;-59,5;0
-2,5;-59;0
-2,5;-58,5;0
-2,5;-58;0
-2,5;-57,5;0,0718313998192991
-2,5;-57;0,0621505885102781
-2,5;-56,5;0,0740187774268442
-2,5;-56;0,0880704125173467
-2,5;-55,5;0,0847110473224215
-2,5;-55;0,0675373970478579
-2,5;-54,5;0
-2,5;-54;0
-2,5;-53,5;0,0758882584974631
-2,5;-53;0,0581150450882426
-2,5;-52,5;0,102868214476336
-2,5;-52;0,0825656200194451
-2,5;-51,5;0,0835211174271337
-2,5;-51;0,0575255015913232
-2,5;-50,5;0,0566166157278108
-2,5;-50;0,0664234647294664
-2,5;-49,5;0,0408777742085161
-2,5;-49;0,0719656287691418
-2,5;-48,5;0,0791895256490141
-2,5;-48;0,0582324316163598
-2,5;-47,5;0,0580633304258036
-2,5;-47;0,0644266019361338
-2,5;-46,5;0,0383159380820973
-2,5;-46;0,0592689661191048
-2,5;-45,5;0,0934591448504017
-2,5;-45;0,0808231154355025
-2,5;-44,5;0,0576075721337895
-2,5;-44;0,0585832740635072
-2,5;-43,5;0,0585315429530765
-2,5;-43;0,0779693362245976
-2,5;-42,5;0,111518037676749
-2,5;-42;0,269640783997479
-2,5;-41,5;0,203340895611282
-2,5;-41;0,10613240863782
-2,5;-40,5;0,0549331629780685
-2,5;-40;0,095865508390269
-2,5;-39,5;0,0612440889831349
-2,5;-39;0,0662407789786912
-2,5;-38,5;0,0627520465588123
-2,5;-38;0,0635686442413539
-2,5;-37,5;0,0835886401342531
-2,5;-37;0,0937423851979919
-2,5;-36,5;0,0777672835877373
-2,5;-36;0,073869285927974
-2,5;-35,5;0,0688713197364914
-2,5;-35;0,0536769029291879
-2,5;-34,5;0,0717108668268111
-2,5;-34;0,0516513460279544
-2,5;-33,5;0,0565498964585585
-2,5;-33;0,0526119625346538
-2,5;-32,5;0,0534315251844698
-2,5;-32;0,0607160866272554
-2,5;-31,5;0,0733682808053385
-2,5;-31;0,0798734759101678
-2,5;-30,5;0,0621803636509339
-2,5;-30;0,0834881144354655
-2,5;-29,5;0,0372075261203967
-2,5;-29;0,0409060480410982
-2,5;-28,5;0,0399177882654704
-2,5;-28;0,0682362001374128
-2,5;-27,5;0,0550246596106337
-2,5;-27;0,0351862596053314
-2,5;-26,5;0,0506846235455192
-2,5;-26;0,0394811420227
-2,5;-25,5;0,0407092030834095
-2,5;-25;0,0319777064132042
-2,5;-24,5;0,048296591430469
-2,5;-24;0,0570332327319287
-2,5;-23,5;0,386415548506166
-2,5;-23;0,373473272007632
-2,5;-22,5;0,0391227654329964
-2,5;-22;0,0414570314575388
-2,5;-21,5;0,0716029577958024
-2,5;-21;0,08900790210555
-2,5;-20,5;0,216498716450004
-2,5;-20;0,219323683595518
-2,5;-19,5;0,343542667291745
-2,5;-19;0,265094601954374
-2,5;-18,5;0,0621440959576664
-2,5;-18;0,142218795030058
-2,5;-17,5;0,109106287325859
-2,5;-17;0,100588873185815
-2,5;-16,5;0,116963893051742
-2,5;-16;0,0381354057180332
-2,5;-15,5;0,079704767310695
-2,5;-15;0,109874878748745
-2,5;-14,5;0,143989637282526
-2,5;-14;0,109186013502437
-2,5;-13,5;0,0756617446285006
-2,5;-13;0,0694117981510873
-2,5;-12,5;0,0554026780330241
-2,5;-12;0,0914576309691906
-2,5;-11,5;0,0584694916818803
-2,5;-11;0,0548435172756413
-2,5;-10,5;0,0531504416204084
-2,5;-10;0,056515792500196
-2,5;-9,5;0,0875039410052176
-2,5;-9;0,0852676295351485
-2,5;-8,5;0,0630854530198211
-2,5;-8;0,0961340699153856
-2,5;-7,5;0,106766439689023
-2,5;-7;0,109636707919864
-2,5;-6,5;0,0575010945685197
-2,5;-6;0,0388114210988018
-2,5;-5,5;0,0257753367088801
-2,5;-5;0,0500252204876643
-2,5;-4,5;0,051147989735009
-2,5;-4;0,0556563692024791
-2,5;-3,5;0,062109965395165
-2,5;-3;0,0531614131589502
-2,5;-2,5;0,0345204163214798
-2,5;-2;0,0505080064920652
-2,5;-1,5;0,0474037730556351
-2,5;-1;0,0698902874312856
-2,5;-0,5;0,321133092845417
-2,5;0;0,150536063224216
-2,5;0,5;0,0274236275599776
-2,5;1;0,103854654053507
-2,5;1,5;0,119625981966085
-2,5;2;0,0486487910699096
-2,5;2,5;0,0692388243535679
-2,5;3;0,0443568433544198
-2,5;3,5;0,0614578692297861
-2,5;4;0,0711206694652645
-2,5;4,5;0,273437397433773
-2,5;5;0,254488077236701
-2,5;5,5;0,304035304773602
-2,5;6;0,030538234289189
-2,5;6,5;0,0414687886750224
-2,5;7;0,0543161455178094
-2,5;7,5;0,0715512215893228
-2,5;8;0,0880211172383639
-2,5;8,5;0,0453972244780975
-2,5;9;0,0639870364576993
-2,5;9,5;0,0639495611554657
-2,5;10;0,0451673983162233
-2,5;10,5;0,0558329652248077
-2,5;11;0,0837754435547301
-2,5;11,5;0,0573663434730257
-2,5;12;0,0461133544654376
-2,5;12,5;0,0258259779608887
-2,5;13;0,0595485385287309
-2,5;13,5;0,0880461601422201
-2,5;14;0,0755207237529194
-2,5;14,5;0,0605271614461415
-2,5;15;0,0604872850689437
-2,5;15,5;0,050367086142166
-2,5;16;0,0373112813659852
-2,5;16,5;0,0399549265370159
-2,5;17;0,0455580036456122
-2,5;17,5;0,0627810656114781
-2,5;18;0,0415187374031961
-2,5;18,5;0,0445243157597908
-2,5;19;0,0257445261517983
-2,5;19,5;0,0217923802611274
-2,5;20;0,0697878610408303
-2,5;20,5;0,113241527192454
-2,5;21;0,0926262205033687
-2,5;21,5;0,104471584004488
-2,5;22;0,23571591793262
-2,5;22,5;0,222102056781052
-2,5;23;0,0932033443295686
-2,5;23,5;0,0917684586336722
-2,5;24;0,0527288662246149
-2,5;24,5;0
-2,5;25;0,0984982475067692
-2,5;25,5;0
-2,5;26;0,11525244532697
-2,5;26,5;0,0986301768643446
-2,5;27;0,117044245990482
-2,5;27,5;0,213462944258315
-2,5;28;0,0850660000314324
-2,5;28,5;0,095740998521084
-2,5;29;0,052933899130138
-2,5;29,5;0,142835569799683
-2;-61,5;0
-2;-61;0
-2;-60,5;0
-2;-60;0
-2;-59,5;0
-2;-59;0
-2;-58,5;0
-2;-58;0
-2;-57,5;0,0585054673161607
-2;-57;0,0826932081048176
-2;-56,5;0
-2;-56;0,097979118654475
-2;-55,5;0,0641514655040381
-2;-55;0,0979076338285466
-2;-54,5;0,0350190424388408
-2;-54;0,00282842712474619
-2;-53,5;0,072790632573678
-2;-53;0,144694303417382
-2;-52,5;0,0588396627397715
-2;-52;0,0735053019296207
-2;-51,5;0,105945379008871
-2;-51;0,0673965388376395
-2;-50,5;0,0442127722583557
-2;-50;0,0753831615988052
-2;-49,5;0,0434739248614286
-2;-49;0,0737688245377694
-2;-48,5;0,200192316114544
-2;-48;0,0551067049744736
-2;-47,5;0,066434050989716
-2;-47;0,0660257870714508
-2;-46,5;0,0548539185560374
-2;-46;0,067519520986791
-2;-45,5;0,128491651001551
-2;-45;0,0806559102306259
-2;-44,5;0,0660082569493106
-2;-44;0,0932493531369795
-2;-43,5;0,0508670536089633
-2;-43;0,0534598499395159
-2;-42,5;0,17602902776167
-2;-42;0,127738297809516
-2;-41,5;0,115352746155084
-2;-41;0,0774243342640535
-2;-40,5;0,114808058062483
-2;-40;0,107004889123331
-2;-39,5;0,07527525679607
-2;-39;0,0949736694285162
-2;-38,5;0,117211134283395
-2;-38;0,0769727904052897
-2;-37,5;0,0913017491973454
-2;-37;0,105832296020711
-2;-36,5;0,116214898016599
-2;-36;0,0724639945736834
-2;-35,5;0,0563051301105652
-2;-35;0,0721260522677509
-2;-34,5;0,0879007651018722
-2;-34;0,0771388431120261
-2;-33,5;0,0574721932713342
-2;-33;0,0361216688010222
-2;-32,5;0,071228227995996
-2;-32;0,0654234769672274
-2;-31,5;0,0474837629124377
-2;-31;0,041154321086347
-2;-30,5;0,059668112484304
-2;-30;0,0766700219660939
-2;-29,5;0,041188669810114
-2;-29;0,0470451469008035
-2;-28,5;0,0472511741998902
-2;-28;0,0364156099287581
-2;-27,5;0,045973273501353
-2;-27;0,062985165097894
-2;-26,5;0,0576444203813511
-2;-26;0,0397771079838546
-2;-25,5;0,0513894863794612
-2;-25;0,0436859185023104
-2;-24,5;0,0335361202931681
-2;-24;0,0386134655854393
-2;-23,5;0,146035333729474
-2;-23;0,117123779660258
-2;-22,5;0,0416004557730338
-2;-22;0,0292656114414419
-2;-21,5;0,0590302356627874
-2;-21;0,0457823591446335
-2;-20,5;0,12136405288772
-2;-20;0,147196466447901
-2;-19,5;0,304364052508141
-2;-19;0,051632445554731
-2;-18,5;0,0798114896106687
-2;-18;0,0819894850050458
-2;-17,5;0,0721160349933394
-2;-17;0,0746623103726148
-2;-16,5;0,0483316712897055
-2;-16;0,0494567257587103
-2;-15,5;0,0987773988106601
-2;-15;0,0706226639339555
-2;-14,5;0,0976818397883692
-2;-14;0,117289891002029
-2;-13,5;0,120039170698923
-2;-13;0,0873461370011226
-2;-12,5;0,0825563745548287
-2;-12;0,0720743901988361
-2;-11,5;0,0793637203937964
-2;-11;0,0561036157291994
-2;-10,5;0,0566897628923155
-2;-10;0,0681292384632547
-2;-9,5;0,120361926116305
-2;-9;0,109039241684387
-2;-8,5;0,136926027230746
-2;-8;0,16097805847821
-2;-7,5;0,0890258848252382
-2;-7;0,0918048541018016
-2;-6,5;0,060991191330657
-2;-6;0,056344166943126
-2;-5,5;0,0577961022415448
-2;-5;0,0479911192279621
-2;-4,5;0,0835027245288088
-2;-4;0,0817873263321815
-2;-3,5;0,0461430045476762
-2;-3;0,0724301024512621
-2;-2,5;0,043427918094912
-2;-2;0,060225719849034
-2;-1,5;0,0491308487512134
-2;-1;0,0665552106810283
-2;-0,5;0,33714221398964
-2;0;0,154192679740007
-2;0,5;0,143246742546267
-2;1;0,148743845286943
-2;1,5;0,129908522387065
-2;2;0,12598448065596
-2;2,5;0,298765384814041
-2;3;0,157588092122032
-2;3,5;0,204115196751333
-2;4;0,219184262504257
-2;4,5;0,15721807707063
-2;5;0,291003303450403
-2;5,5;0,180424298394037
-2;6;0,243078467984715
-2;6,5;0,0302839225726549
-2;7;0,0462608598802783
-2;7,5;0,0541223921619632
-2;8;0,144057499024556
-2;8,5;0,0864604728821102
-2;9;0,0592497072810919
-2;9,5;0,0470520396128744
-2;10;0,0662419653384188
-2;10,5;0,0738219525091887
-2;11;0,0780141081336389
-2;11,5;0,322202675850262
-2;12;0,204168324533739
-2;12,5;0,0415233248517821
-2;13;0,051680241341665
-2;13,5;0,0722289165859808
-2;14;0,0600591562291662
-2;14,5;0,0802253359783551
-2;15;0,0482389282062191
-2;15,5;0,0317810289819787
-2;16;0,0347637315273112
-2;16,5;0,0334108544364666
-2;17;0,0439718951324602
-2;17,5;0,0503493638644863
-2;18;0,035259525336909
-2;18,5;0,0515470896266665
-2;19;0,0338686209875334
-2;19,5;0,0746393974787858
-2;20;0,102703757335172
-2;20,5;0,15472378078481
-2;21;0,155177951413654
-2;21,5;0,208362036000356
-2;22;0,261290765740331
-2;22,5;0,222373588131353
-2;23;0,225330128182333
-2;24;0,129475394487825
-2;24,5;0,0316906926399535
-2;25;0,062179938379208
-2;25,5;0,0609583310848892
-2;26;0,110145158609817
-2;26,5;0,0541435999150842
-2;27;0,167020294835305
-2;27,5;0,246917277774343
-2;28;0,138116301163945
-2;28,5;0,122178854613308
-2;29;0,043438973795941
-1,5;-60,5;0
-1,5;-60;0
-1,5;-59,5;0
-1,5;-59;0
-1,5;-58,5;0
-1,5;-58;0,0700035713374682
-1,5;-57,5;0,151037174464353
-1,5;-57;0,262882870570223
-1,5;-56,5;0,186644071555176
-1,5;-56;0,0761505234239525
-1,5;-55,5;0,0833678595143236
-1,5;-55;0,0726111122788628
-1,5;-54,5;0,109750366091156
-1,5;-54;0,102470690561948
-1,5;-53,5;0,0819212125000068
-1,5;-53;0,0873993252002242
-1,5;-52,5;0,0495962588194804
-1,5;-52;0,0850289261344038
-1,5;-51,5;0,0637653727316144
-1,5;-51;0,0530158842488172
-1,5;-50,5;0,0855337861399142
-1,5;-50;0,0816939253304518
-1,5;-49,5;0,00424264068711929
-1,5;-49;0,339388862516141
-1,5;-48,5;0,244073472474244
-1,5;-48;0,176315545717534
-1,5;-47,5;0,0613911142394649
-1,5;-47;0,0512574165494395
-1,5;-46,5;0,0461627555503352
-1,5;-46;0,057209410647783
-1,5;-45,5;0,085108729477847
-1,5;-45;0,0884177815816578
-1,5;-44,5;0,0666748528655726
-1,5;-44;0,0580965998340755
-1,5;-43,5;0,115327629799289
-1,5;-43;0,0637177182504805
-1,5;-42,5;0,0578345499233388
-1,5;-42;0,0639212734384648
-1,5;-41,5;0,0792326326965955
-1,5;-41;0,1253398932909
-1,5;-40,5;0,131629200590475
-1,5;-40;0,0435376780704335
-1,5;-39,5;0,0638405289084695
-1,5;-39;0,0836548302886966
-1,5;-38,5;0,0882772724780178
-1,5;-38;0,102665933959903
-1,5;-37,5;0,11422929565804
-1,5;-37;0,0836060872869379
-1,5;-36,5;0,0746900062388769
-1,5;-36;0,0890821890430258
-1,5;-35,5;0,0860938925979374
-1,5;-35;0,122134513709958
-1,5;-34,5;0,113414083024684
-1,5;-34;0,0583049830504503
-1,5;-33,5;0,0867639740491425
-1,5;-33;0,0718959107413692
-1,5;-32,5;0,0921104790352393
-1,5;-32;0,05006065302174
-1,5;-31,5;0,0679022181689251
-1,5;-31;0,051188765052159
-1,5;-30,5;0,0659494532572514
-1,5;-30;0,065116421951406
-1,5;-29,5;0,0770567974861001
-1,5;-29;0,0779840115341626
-1,5;-28,5;0,0663354148845434
-1,5;-28;0,099699399395784
-1,5;-27,5;0,0685855412648193
-1,5;-27;0,120559077481799
-1,5;-26,5;0,149158801984215
-1,5;-26;0,0734020917950559
-1,5;-25,5;0,0767361974754972
-1,5;-25;0,0739199881516936
-1,5;-24,5;0,0244267837857738
-1,5;-24;0,064862386745634
-1,5;-23,5;0,0768341748277154
-1,5;-23;0,040318581529227
-1,5;-22,5;0,0343756632427818
-1,5;-22;0,0373591284201686
-1,5;-21,5;0,0472663463047145
-1,5;-21;0,0522238978265859
-1,5;-20,5;0,0442317773631145
-1,5;-20;0,0341240967184246
-1,5;-19,5;0,0394799623959829
-1,5;-19;0,0753854172521355
-1,5;-18,5;0,0848636812399314
-1,5;-18;0,0637108806531087
-1,5;-17,5;0,0406564780529876
-1,5;-17;0,0323403100067059
-1,5;-16,5;0,0409681976128503
-1,5;-16;0,0926622250999144
-1,5;-15,5;0,122855508206106
-1,5;-15;0,13484534509751
-1,5;-14,5;0,204854033778394
-1,5;-14;0,151932879917416
-1,5;-13,5;0,100012690126846
-1,5;-13;0,107163536688118
-1,5;-12,5;0,0848054177904867
-1,5;-12;0,12123654095971
-1,5;-11,5;0,0656010811737599
-1,5;-11;0,0566899718976197
-1,5;-10,5;0,0710244790249727
-1,5;-10;0,0997859267072826
-1,5;-9,5;0,125565978081187
-1,5;-9;0,0781050724042901
-1,5;-8,5;0,105483266077327
-1,5;-8;0,118981493212753
-1,5;-7,5;0,131470637637153
-1,5;-7;0,106021741858976
-1,5;-6,5;0,131640998402411
-1,5;-6;0,0328804901128583
-1,5;-5,5;0,0422700553081916
-1,5;-5;0,0561064533827203
-1,5;-4,5;0,0927159416968282
-1,5;-4;0,0778585843399243
-1,5;-3,5;0,0481637794806374
-1,5;-3;0,0733955474674003
-1,5;-2,5;0,0675107638417856
-1,5;-2;0,0934641397125286
-1,5;-1,5;0,051188570783621
-1,5;-1;0,0464303271012091
-1,5;-0,5;0,0434936069993409
-1,5;0;0,102117707019677
-1,5;0,5;0,242436996416654
-1,5;1;0,0545685303200205
-1,5;1,5;0,0496060483554658
-1,5;2;0,0695159268651415
-1,5;2,5;0,0410742253834042
-1,5;3;0,0403423980749858
-1,5;3,5;0,0362814301684252
-1,5;4;0,0709233043144937
-1,5;4,5;0,0326947524032458
-1,5;5;0,0327520672062262
-1,5;5,5;0,120268241859603
-1,5;6;0,396611662390053
-1,5;6,5;0,064103968151608
-1,5;7;0,032451474687083
-1,5;7,5;0,0647148731954621
-1,5;8;0,11592421233069
-1,5;8,5;0,0659076095557067
-1,5;9;0,0421661922348236
-1,5;9,5;0,0494128732691548
-1,5;10;0,0675908098563023
-1,5;10,5;0,101599166469334
-1,5;11;0,118088055410294
-1,5;11,5;0,353963576187334
-1,5;12;0,29527714499115
-1,5;12,5;0,0411730779652655
-1,5;13;0,0881878368791444
-1,5;13,5;0,0849142508279905
-1,5;14;0,0832658079795123
-1,5;14,5;0,0749712220429638
-1,5;15;0,0330514918137005
-1,5;15,5;0,0532469405091924
-1,5;16;0,0566400375447745
-1,5;16,5;0,071901237134134
-1,5;17;0,0485871265476274
-1,5;17,5;0,0445905389249352
-1,5;18;0,0436495032364783
-1,5;18,5;0,079573271546132
-1,5;19;0,147303965052747
-1,5;19,5;0,0733598758978815
-1,5;20;0,114680173046545
-1,5;20,5;0,225180494611564
-1,5;21;0,222524521878293
-1,5;21,5;0,301928544986502
-1,5;22;0,290036610318809
-1,5;22,5;0,227992541392216
-1,5;23;0,119748189745684
-1,5;23,5;0,0437155911552493
-1,5;24;0,0706406436062167
-1,5;24,5;0,0965519870686075
-1,5;25;0,047013295991666
-1,5;25,5;0,0703347776877197
-1,5;26;0,0686220607688078
-1,5;26,5;0,123002301508836
-1,5;27;0,110589981547078
-1,5;27,5;0,0853011601486481
-1,5;28;0,240677252587188
-1,5;28,5;0,0487903679018718
-1;-59,5;0
-1;-59;0
-1;-58,5;0
-1;-58;0
-1;-57,5;0
-1;-57;0,245408826471008
-1;-56,5;0,293242618789207
-1;-56;0,0340070020801039
-1;-55,5;0,101599994210282
-1;-55;0,0580440663320863
-1;-54,5;0
-1;-54;0
-1;-53,5;0,0791416878976246
-1;-53;0,0695574445709307
-1;-52,5;0,021920310216783
-1;-52;0,0596154342431555
-1;-51,5;0,113342752505198
-1;-51;0,087274062038855
-1;-50,5;0,0649752989503258
-1;-50;0,0589637976832347
-1;-49,5;0,0854105770186964
-1;-49;0,113844191771034
-1;-48,5;0,280045829582707
-1;-48;0,0838809735203127
-1;-47,5;0,0669319782008746
-1;-47;0,0461607861915087
-1;-46,5;0,0822271244784834
-1;-46;0,061323718588638
-1;-45,5;0,0582846186758869
-1;-45;0,0594317535778083
-1;-44,5;0,0681527695695487
-1;-44;0,0739049805753723
-1;-43,5;0,0724562571169827
-1;-43;0,0642810021474203
-1;-42,5;0,0558514949912142
-1;-42;0,138323789180956
-1;-41,5;0,160499833765196
-1;-41;0,0658795196636338
-1;-40,5;0,0853878305685032
-1;-40;0,0771425130538372
-1;-39,5;0,0655613738459861
-1;-39;0,0452705431591237
-1;-38,5;0,07803870942765
-1;-38;0,122096582517744
-1;-37,5;0,122212335622698
-1;-37;0,0727461289642224
-1;-36,5;0,0594327584443868
-1;-36;0,0891818583739863
-1;-35,5;0,108452919344228
-1;-35;0,0844041920592695
-1;-34,5;0,0724767726637823
-1;-34;0,0685191801525711
-1;-33,5;0,0595866116451375
-1;-33;0,0675636949198299
-1;-32,5;0,0802248881982063
-1;-32;0,0454521430751794
-1;-31,5;0,0795588640734933
-1;-31;0,0696175635418877
-1;-30,5;0,0529083869959394
-1;-30;0,0614699236787146
-1;-29,5;0,076804873140815
-1;-29;0,0815230455345221
-1;-28,5;0,0718161167765104
-1;-28;0,0726748235187042
-1;-27,5;0,0718068546878729
-1;-27;0,14768633864325
-1;-26,5;0,0930098649941279
-1;-26;0,131102644685476
-1;-25,5;0,0502127080712091
-1;-25;0,0409552411881481
-1;-24,5;0,0374657079191447
-1;-24;0,0332631599993854
-1;-23,5;0,071906031808662
-1;-23;0,0317846693295186
-1;-22,5;0,0320217126750683
-1;-22;0,0404423321706966
-1;-21,5;0,0348780498500782
-1;-21;0,0436958516449833
-1;-20,5;0,0515404364842359
-1;-20;0,0322484301071821
-1;-19,5;0,0486243528465053
-1;-19;0,0680123103770089
-1;-18,5;0,0894906666919938
-1;-18;0,0452093167234236
-1;-17,5;0,0334469215889
-1;-17;0,0375368569997966
-1;-16,5;0,0415128753154234
-1;-16;0,0813028568826866
-1;-15,5;0,155296802909865
-1;-15;0,160144772579139
-1;-14,5;0,191277083907829
-1;-14;0,172190199372552
-1;-13,5;0,156168711080441
-1;-13;0,178144209827178
-1;-12,5;0,108531656217611
-1;-12;0,0766483857353417
-1;-11,5;0,120341302738371
-1;-11;0,0726472807739296
-1;-10,5;0,0908188458997513
-1;-10;0,161666242566696
-1;-9,5;0,0996356317852929
-1;-9;0,104373149554021
-1;-8,5;0,128025633150663
-1;-8;0,203136369860863
-1;-7,5;0,127453339873525
-1;-7;0,0824960101045397
-1;-6,5;0,0957802081950494
-1;-6;0,0623011859572269
-1;-5,5;0,0422586802045636
-1;-5;0,0547838428828765
-1;-4,5;0,0721009277473003
-1;-4;0,0368450545030095
-1;-3,5;0,0394195753287532
-1;-3;0,0542926745767282
-1;-2,5;0,0449565943335564
-1;-2;0,0365988457544399
-1;-1,5;0,0514509558059925
-1;-1;0,0367486940463381
-1;-0,5;0,0610481481030063
-1;0;0,0760378598469764
-1;0,5;0,0477634381822174
-1;1;0,0575097500671421
-1;1,5;0,0644397438929727
-1;2;0,0913663044848283
-1;2,5;0,0407594922141842
-1;3;0,0513857343860337
-1;3,5;0,0862839403702514
-1;4;0,052295007238968
-1;4,5;0,0342157356283909
-1;5;0,0640335103748684
-1;5,5;0,0512938658624743
-1;6;0,0377118734545108
-1;6,5;0,0526418691839924
-1;7;0,0429847140767239
-1;7,5;0,0623256284652264
-1;8;0,121347572902077
-1;8,5;0,029634360165951
-1;9;0,0434394201033676
-1;9,5;0,0341087493124714
-1;10;0,0391291853879436
-1;10,5;0,0648188922731499
-1;11;0,0478274670949743
-1;11,5;0,0582987153626923
-1;12;0,050703672256563
-1;12,5;0,0440119612352406
-1;13;0,130544158152415
-1;13,5;0,133171542034487
-1;14;0,136058630958132
-1;14,5;0,0621058801634531
-1;15;0,0619149592262086
-1;15,5;0,0835646703869187
-1;16;0,0645605751942763
-1;16,5;0,0588434281671415
-1;17;0,03325170505896
-1;17,5;0,0242726854443888
-1;18;0,102861705930351
-1;18,5;0,131485003810724
-1;19;0,134495505922618
-1;19,5;0,118552760432441
-1;20;0,209061228300906
-1;20,5;0,189506332046144
-1;21;0,252577934215688
-1;21,5;0,272531673691823
-1;22;0,288189355047322
-1;22,5;0,218009673424877
-1;23;0,0804534191508429
-1;23,5;0,0926171635446198
-1;24;0,142570404644645
-1;24,5;0
-1;25,5;0,0830267497645824
-1;26;0,0696887949280811
-1;26,5;0,15119167661258
-1;27;0,141393757740189
-1;27,5;0,113483839206322
-1;28;0,0558091987638836
-0,5;-59,5;0
-0,5;-59;0
-0,5;-58,5;0
-0,5;-58;0,102530483272049
-0,5;-57,5;0,0684127181158591
-0,5;-57;0,157177145192169
-0,5;-56,5;0,341571076058849
-0,5;-56;0
-0,5;-55,5;0,000707106781186548
-0,5;-55;0,0904654630231891
-0,5;-54,5;0,0776268240334732
-0,5;-54;0,0797315096832089
-0,5;-53,5;0,0775071844177276
-0,5;-53;0,0553269072573795
-0,5;-52,5;0,0506487907061955
-0,5;-52;0,0560367526455524
-0,5;-51,5;0,0751355889385729
-0,5;-51;0,0649387274622831
-0,5;-50,5;0,0256217913205964
-0,5;-50;0,0677964869028155
-0,5;-49,5;0,088863433714616
-0,5;-49;0
-0,5;-48,5;0,0799898628634875
-0,5;-48;0,0614074345325793
-0,5;-47,5;0,0885366069444203
-0,5;-47;0,0514683301748659
-0,5;-46,5;0,0675660170993279
-0,5;-46;0,0467096974228407
-0,5;-45,5;0,0889935717909211
-0,5;-45;0,0466307123399732
-0,5;-44,5;0,0845786976582223
-0,5;-44;0,0613617269840211
-0,5;-43,5;0,0843572533860036
-0,5;-43;0,0804761294261063
-0,5;-42,5;0,0834705936243417
-0,5;-42;0,100252475159021
-0,5;-41,5;0,104411564405113
-0,5;-41;0,177344751756599
-0,5;-40,5;0,0535498951431398
-0,5;-40;0,115048480573215
-0,5;-39,5;0,0981230880484469
-0,5;-39;0,101597918531542
-0,5;-38,5;0,0954040253279729
-0,5;-38;0,0953132826940899
-0,5;-37,5;0,0470290783508067
-0,5;-37;0,131601004081893
-0,5;-36,5;0,157432063270017
-0,5;-36;0,130562228904835
-0,5;-35,5;0,177067554675945
-0,5;-35;0,0864838359432205
-0,5;-34,5;0,037933875310913
-0,5;-34;0,0839790033438948
-0,5;-33,5;0,154301138221886
-0,5;-33;0,158298785565672
-0,5;-32,5;0,0961175524894483
-0,5;-32;0,0564365672454392
-0,5;-31,5;0,0659605578008623
-0,5;-31;0,0676507025231455
-0,5;-30,5;0,0502427136531195
-0,5;-30;0,0627631915333968
-0,5;-29,5;0,0775219612958321
-0,5;-29;0,048873183050542
-0,5;-28,5;0,0682206409401142
-0,5;-28;0,0644074248179619
-0,5;-27,5;0,0693159595538831
-0,5;-27;0,0697561974014862
-0,5;-26,5;0,126395701348296
-0,5;-26;0,194890732152639
-0,5;-25,5;0,113304994500293
-0,5;-25;0,0793109834480113
-0,5;-24,5;0,0723321476349991
-0,5;-24;0,0328391280842432
-0,5;-23,5;0,0251244384274923
-0,5;-23;0,0560354868536443
-0,5;-22,5;0,0447129586302202
-0,5;-22;0,0534939698424328
-0,5;-21,5;0,0461779242572166
-0,5;-21;0,0389582109697754
-0,5;-20,5;0,0293226950059229
-0,5;-20;0,0591110141622051
-0,5;-19,5;0,0596507842872787
-0,5;-19;0,0490433187681612
-0,5;-18,5;0,0701930532878253
-0,5;-18;0,0465041296062411
-0,5;-17,5;0,0294711197962044
-0,5;-17;0,0913731832970713
-0,5;-16,5;0,042801019876608
-0,5;-16;0,125022748191312
-0,5;-15,5;0,163764060438299
-0,5;-15;0,215918210501971
-0,5;-14,5;0,189435637683996
-0,5;-14;0,174820024146237
-0,5;-13,5;0,179929904209971
-0,5;-13;0,178119012228291
-0,5;-12,5;0,193507328735916
-0,5;-12;0,114646670244472
-0,5;-11,5;0,133639514609518
-0,5;-11;0,131663075106632
-0,5;-10,5;0,0888325055094571
-0,5;-10;0,0858767519918731
-0,5;-9,5;0,100697478962999
-0,5;-9;0,114326017210105
-0,5;-8,5;0,15893799192897
-0,5;-8;0,240022607894011
-0,5;-7,5;0,14909372327821
-0,5;-7;0,0888564062737713
-0,5;-6,5;0,0472730675159877
-0,5;-6;0,0635745609331568
-0,5;-5,5;0,046110041447933
-0,5;-5;0,0539153454588303
-0,5;-4,5;0,0463150616426674
-0,5;-4;0,0371810594548032
-0,5;-3,5;0,0320490966401363
-0,5;-3;0,0254410043811154
-0,5;-2,5;0,0524798730148148
-0,5;-2;0,0328775502777041
-0,5;-1,5;0,0203350840852325
-0,5;-1;0,043109218056782
-0,5;-0,5;0,0656978129184307
-0,5;0;0,0438776869392239
-0,5;0,5;0,053094779647251
-0,5;1;0,0428538637273658
-0,5;1,5;0,228449147602906
-0,5;2;0,170546091977916
-0,5;2,5;0,0479747031522522
-0,5;3;0,0633094551772951
-0,5;3,5;0,0842479267713224
-0,5;4;0,0442039822011583
-0,5;4,5;0,0331535505363342
-0,5;5;0,101094153015006
-0,5;5,5;0,0505574907798002
-0,5;6;0,0506807636797487
-0,5;6,5;0,0371426385279368
-0,5;7;0,0806647768353019
-0,5;7,5;0,0466562006705214
-0,5;8;0,0510759303696954
-0,5;8,5;0,0508456436807715
-0,5;9;0,0343522582576412
-0,5;9,5;0,0390475498250194
-0,5;10;0,0436676809832067
-0,5;10,5;0,0621769114472847
-0,5;11;0,0605516308616044
-0,5;11,5;0,044500767018345
-0,5;12;0,0388127662663036
-0,5;12,5;0,0512595127530606
-0,5;13;0,0407473693226025
-0,5;13,5;0,077211789108649
-0,5;14;0,0574207978227303
-0,5;14,5;0,0777073317489989
-0,5;15;0,0502463237872869
-0,5;15,5;0,0483419265282748
-0,5;16;0,0463042812941246
-0,5;16,5;0,0712617879669211
-0,5;17;0,0401918865859315
-0,5;17,5;0,050481937782355
-0,5;18;0,0764846660541454
-0,5;18,5;0,114050512116427
-0,5;19;0,136205211534371
-0,5;19,5;0,128823734472697
-0,5;20;0,193655825858374
-0,5;20,5;0,196168074056746
-0,5;21;0,277143463115198
-0,5;21,5;0,252548879157355
-0,5;22;0,290240750233969
-0,5;22,5;0,265553942528123
-0,5;23;0,0820099480486811
-0,5;23,5;0,105417088020193
-0,5;24;0,0984828637828656
-0,5;25;0,0504339502055246
-0,5;25,5;0,115592551034268
-0,5;26;0,150741614046127
-0,5;26,5;0,143522795404432
-0,5;27;0,0863141911920606
-0,5;27,5;0,082011796606395
0;-58,5;0
0;-58;0,0806687327559101
0;-57,5;0,0702118223663223
0;-57;0,05939696961967
0;-56,5;0
0;-56;0
0;-55,5;0,14176237663277
0;-55;0,100810497520131
0;-54,5;0,0755190373349661
0;-54;0,0527351874937408
0;-53,5;0,0898025612106916
0;-53;0,0949165679849876
0;-52,5;0,0534817725959041
0;-52;0,0923649874632748
0;-51,5;0,0478290516508344
0;-51;0,0650411634365228
0;-50,5;0,0527111737324954
0;-50;0,120953378195773
0;-49,5;0,0811278274714903
0;-49;0,0612595076108784
0;-48,5;0,0674594940192508
0;-48;0,0705910080559385
0;-47,5;0,0849614886019221
0;-47;0,0318198051533946
0;-46,5;0
0;-46;0,0664680374315355
0;-45,5;0,0391855982614928
0;-45;0,136346287629609
0;-44,5;0,0944007241891858
0;-44;0,101412229340155
0;-43,5;0,101275087925627
0;-43;0,0760908346301304
0;-42,5;0,0896310444987173
0;-42;0,0980203210223948
0;-41,5;0,0858692830778342
0;-41;0,147253474089238
0;-40,5;0,182731327624023
0;-40;0,114632759332553
0;-39,5;0,142089933500328
0;-39;0,135107663677209
0;-38,5;0,134825075598351
0;-38;0,0950302666906791
0;-37,5;0,0631012082541286
0;-37;0,0398406773272302
0;-36,5;0,0470877522319383
0;-36;0,170887767356994
0;-35,5;0,200017836149711
0;-35;0,0465435004688886
0;-34,5;0,0349174465013614
0;-34;0,0941365681836116
0;-33,5;0,129549064365193
0;-33;0,18260638020094
0;-32,5;0,0510585458277144
0;-32;0,0408036042237332
0;-31,5;0,0594153609483564
0;-31;0,0735621837073565
0;-30,5;0,0654522567230179
0;-30;0,0612579936401829
0;-29,5;0,0858491214345863
0;-29;0,0489410863229226
0;-28,5;0,070812015863219
0;-28;0,0709967876713385
0;-27,5;0,0781816431178675
0;-27;0,155699223224795
0;-26,5;0,208165479046519
0;-26;0,240706420753032
0;-25,5;0,168054782984697
0;-25;0,140427108725537
0;-24,5;0,0627708783691522
0;-24;0,0554569229526449
0;-23,5;0,0470053016054106
0;-23;0,0678240025424258
0;-22,5;0,0562459428975724
0;-22;0,0448136751024782
0;-21,5;0,0480158674753645
0;-21;0,0641935865203756
0;-20,5;0,0713669056642477
0;-20;0,0657257469120738
0;-19,5;0,079445471000703
0;-19;0,0796215392042089
0;-18,5;0,0462721432870557
0;-18;0,0339526237188778
0;-17,5;0,0984175300503177
0;-17;0,0957221391054339
0;-16,5;0,0993240208162714
0;-16;0,153750728102374
0;-15,5;0,228344752109943
0;-15;0,20931973998632
0;-14,5;0,194187988443131
0;-14;0,103849890201624
0;-13,5;0,129232234975748
0;-13;0,101067202048746
0;-12,5;0,137585935528209
0;-12;0,0792003893912855
0;-11,5;0,0701417226356434
0;-11;0,0683311589935941
0;-10,5;0,0635406754740863
0;-10;0,0781621159256796
0;-9,5;0,0984605850743678
0;-9;0,119795280272613
0;-8,5;0,220826565009948
0;-8;0,16735655183936
0;-7,5;0,16036332879685
0;-7;0,0582555948909281
0;-6,5;0,0421701409262408
0;-6;0,0493366872912165
0;-5,5;0,0390099395263676
0;-5;0,0374570767777279
0;-4,5;0,0432285200937408
0;-4;0,0369734769094309
0;-3,5;0,0499644773674528
0;-3;0,0323044784815058
0;-2,5;0,0495640066746183
0;-2;0,0513608511561506
0;-1,5;0,0542607785049019
0;-1;0,0475790678672359
0;-0,5;0,101451128058409
0;0;0,0819991886580687
0;0,5;0,0859076451003216
0;1;0,126987559493466
0;1,5;0,338544222118522
0;2;0,355315428652464
0;2,5;0,0327409695448956
0;3;0,050598261057457
0;3,5;0,0650567637289702
0;4;0,037521600688234
0;4,5;0,0432513005584803
0;5;0,0479882391944398
0;5,5;0,0571813228210017
0;6;0,0604900264396983
0;6,5;0,0387579621761005
0;7;0,0430969645198428
0;7,5;0,0463799237847824
0;8;0,0469664743490239
0;8,5;0,0382422841355394
0;9;0,0494700472190583
0;9,5;0,0801645200820676
0;10;0,0531289529753571
0;10,5;0,0597596767291274
0;11;0,0507876972570115
0;11,5;0,0645816156671112
0;12;0,100471790740649
0;12,5;0,0869397528093835
0;13;0,0526674600160081
0;13,5;0,0503370276690709
0;14;0,0484852898866735
0;14,5;0,0636381257650497
0;15;0,0855267989190133
0;15,5;0,0443842744367558
0;16;0,0264203905542109
0;16,5;0,0355748532862105
0;17;0,091525649440441
0;17,5;0,0869567562936369
0;18;0,138336539412572
0;18,5;0,161928002050607
0;19;0,140400110546372
0;19,5;0,0971617347160701
0;20;0,100013597895545
0;20,5;0,085403375451217
0;21;0,232680896892109
0;21,5;0,248699992267483
0;22;0,295274555393896
0;22,5;0,250410251622507
0;23;0,0170842830482501
0;24,5;0,121156608608544
0;25;0,136839688507674
0;25,5;0,104810587054704
0;26;0,17484758052699
0;26,5;0,113762337846034
0;27;0,108100262102673
0,5;-57,5;0
0,5;-57;0
0,5;-56,5;0
0,5;-56;0
0,5;-55,5;0,080037491215055
0,5;-55;0,0528318918003964
0,5;-54,5;0,0544472221513642
0,5;-54;0
0,5;-53,5;0,0959531135503169
0,5;-53;0,0890075506928388
0,5;-52,5;0,12650804604564
0,5;-52;0,066363581880426
0,5;-51,5;0,0661882098328632
0,5;-51;0,10728496240338
0,5;-50,5;0,110961204431499
0,5;-50;0,07190340742969
0,5;-49,5;0,0668374491986687
0,5;-49;0,0789285391079443
0,5;-48,5;0,0786441987688857
0,5;-48;0,101297796569045
0,5;-47,5;0,0552525987913927
0,5;-47;0,0141421356237309
0,5;-46,5;0
0,5;-45;0,106594647953507
0,5;-44,5;0,120343071583074
0,5;-44;0,0725394872326598
0,5;-43,5;0,0629485421906043
0,5;-43;0,0617957887901362
0,5;-42,5;0,0788535159908991
0,5;-42;0,071156947033379
0,5;-41,5;0,0861153296457721
0,5;-41;0,153847868580188
0,5;-40,5;0,0960765626068759
0,5;-40;0,169192946799662
0,5;-39,5;0,102453514318221
0,5;-39;0,152693912292088
0,5;-38,5;0,0874263499562155
0,5;-38;0,0932243612928592
0,5;-37,5;0,0616134386251006
0,5;-37;0,0637164488855575
0,5;-36,5;0,0652877954081843
0,5;-36;0,0424719065348198
0,5;-35,5;0,0657302293787812
0,5;-35;0,0689303159831613
0,5;-34,5;0,0415145247983253
0,5;-34;0,0499704079097486
0,5;-33,5;0,0456525292186116
0,5;-33;0,0288152207745263
0,5;-32,5;0,1045101623714
0,5;-32;0,093013704818426
0,5;-31,5;0,1061976857962
0,5;-31;0,0864056655670795
0,5;-30,5;0,0734252521615454
0,5;-30;0,110311820850327
0,5;-29,5;0,0683968452227595
0,5;-29;0,0415042790323302
0,5;-28,5;0,0602391148601356
0,5;-28;0,0633843876123444
0,5;-27,5;0,110308009438369
0,5;-27;0,109950367590715
0,5;-26,5;0,116555175619041
0,5;-26;0,172548900722363
0,5;-25,5;0,212363387297488
0,5;-25;0,177179909323174
0,5;-24,5;0,0889269520442599
0,5;-24;0,0655867516436768
0,5;-23,5;0,056798026728227
0,5;-23;0,0818446270393275
0,5;-22,5;0,0672082584211196
0,5;-22;0,0392049464186786
0,5;-21,5;0,0377757191682394
0,5;-21;0,0396898903369357
0,5;-20,5;0,0391367048852849
0,5;-20;0,0715456720792901
0,5;-19,5;0,0726849996468974
0,5;-19;0,034323246666188
0,5;-18,5;0,0376632217543166
0,5;-18;0,124295511043637
0,5;-17,5;0,113524360514815
0,5;-17;0,0762115549700494
0,5;-16,5;0,12039549145553
0,5;-16;0,135768272991823
0,5;-15,5;0,143698578783007
0,5;-15;0,184070144775976
0,5;-14,5;0,131318919055467
0,5;-14;0,0848016721556014
0,5;-13,5;0,0904658169051384
0,5;-13;0,114990245919705
0,5;-12,5;0,146230448895829
0,5;-12;0,0482774801111759
0,5;-11,5;0,0750995930516291
0,5;-11;0,081555693046335
0,5;-10,5;0,189812031731659
0,5;-10;0,146763076420828
0,5;-9,5;0,202220505669495
0,5;-9;0,230763792570448
0,5;-8,5;0,342534947948436
0,5;-8;0,225049424061004
0,5;-7,5;0,119641216272997
0,5;-7;0,0417988840232367
0,5;-6,5;0,0372240928839772
0,5;-6;0,0429051086893898
0,5;-5,5;0,0505150091328923
0,5;-5;0,0386003421636768
0,5;-4,5;0,0465858557034896
0,5;-4;0,036437088772622
0,5;-3,5;0,0352292698456252
0,5;-3;0,031106584902267
0,5;-2,5;0,0467120590112648
0,5;-2;0,0368227001233996
0,5;-1,5;0,0544094822803317
0,5;-1;0,0697932338462417
0,5;-0,5;0,0943575196695022
0,5;0;0,11741989462038
0,5;0,5;0,0427264079741715
0,5;1;0,0511635794721868
0,5;1,5;0,126924679374972
0,5;2;0,0826561866876286
0,5;2,5;0,0506592498349268
0,5;3;0,0342930853449983
0,5;3,5;0,0396703102300005
0,5;4;0,0594089916705925
0,5;4,5;0,067332660462815
0,5;5;0,0590307874526241
0,5;5,5;0,04449688475251
0,5;6;0,0446142211571197
0,5;6,5;0,0510955395907824
0,5;7;0,0586842280420342
0,5;7,5;0,0647355339859646
0,5;8;0,0538493377400901
0,5;8,5;0,0461818951210839
0,5;9;0,0435045024876125
0,5;9,5;0,0690868300231283
0,5;10;0,0521762946311304
0,5;10,5;0,0680219948439748
0,5;11;0,0710404793627554
0,5;11,5;0,0421042814072454
0,5;12;0,133490467593276
0,5;12,5;0,105855219928952
0,5;13;0,0871857690987086
0,5;13,5;0,0589548727301954
0,5;14;0,0464165879897582
0,5;14,5;0,0346321409269653
0,5;15;0,0612265763963654
0,5;15,5;0,0579667455507344
0,5;16;0,0592230430420499
0,5;16,5;0,0960546996429916
0,5;17;0,100718108679532
0,5;17,5;0,145350778947115
0,5;18;0,161070206108023
0,5;18,5;0,126795909185616
0,5;19;0,139336321633362
0,5;19,5;0,130456235491183
0,5;20;0,091233172042902
0,5;20,5;0,194542516936939
0,5;21;0,169690396809103
0,5;21,5;0,163422009676644
0,5;22;0,246678833355026
0,5;22,5;0,419206790657467
0,5;23;0,2402447226017
0,5;24;0
0,5;24,5;0,122343765832731
0,5;25;0,0802483593552327
0,5;25,5;0,124072511630467
0,5;26;0,0619606730111932
0,5;26,5;0,0680079918577349
1;-57;0
1;-56,5;0
1;-56;0
1;-55,5;0,00919238815542512
1;-55;0
1;-54,5;0
1;-54;0,112100063525514
1;-53,5;0,147951005403816
1;-53;0,101512594095052
1;-52,5;0,0672769181229433
1;-52;0,0486104346717282
1;-51,5;0,0309807928208676
1;-51;0,068629439747094
1;-50,5;0,0865662300177568
1;-50;0,0788326333702236
1;-49,5;0,0649196360108785
1;-49;0,0729138058046834
1;-48,5;0,0768540600524562
1;-48;0,0534683060896599
1;-47,5;0,0603045093351554
1;-47;0,0714614023522054
1;-46,5;0,0943694865939198
1;-46;0,088014151754652
1;-45,5;0,0964471907629279
1;-45;0,0656705582603211
1;-44,5;0,0780901493696319
1;-44;0,0782524445353471
1;-43,5;0,0945020785863616
1;-43;0,093158239122151
1;-42,5;0,130404717607652
1;-42;0,0478875170134586
1;-41,5;0,0996171749170872
1;-41;0,168684828685248
1;-40,5;0,165224638869754
1;-40;0,16518364586402
1;-39,5;0,11362767201935
1;-39;0,137081113494962
1;-38,5;0,0583812466437418
1;-38;0,0562097479311474
1;-37,5;0,0560247242323141
1;-37;0,0445405600731357
1;-36,5;0,0639861463987618
1;-36;0,0926134169914918
1;-35,5;0,0410496767531544
1;-35;0,0708183208492071
1;-34,5;0,0674547092861429
1;-34;0,0402790815655559
1;-33,5;0,0509179254794923
1;-33;0,0870894727109784
1;-32,5;0,102436195542901
1;-32;0,0953219465756171
1;-31,5;0,114679980657991
1;-31;0,075351646773541
1;-30,5;0,0691864403927431
1;-30;0,119192443773903
1;-29,5;0,375712950513821
1;-29;0,114496834886118
1;-28,5;0,0639844434922193
1;-28;0,0656970252840865
1;-27,5;0,223994158746667
1;-27;0,0985607281090306
1;-26,5;0,142175036122234
1;-26;0,156333692076394
1;-25,5;0,186266340825491
1;-25;0,155081800595792
1;-24,5;0,119150819410178
1;-24;0,10250496043385
1;-23,5;0,0762930325831153
1;-23;0,0593159795853838
1;-22,5;0,0422874510037753
1;-22;0,0303208371923349
1;-21,5;0,0391571206246144
1;-21;0,0384716818988103
1;-20,5;0,0574705325784087
1;-20;0,0412587564793935
1;-19,5;0,0437563722238583
1;-19;0,0468659156486543
1;-18,5;0,0530047947308808
1;-18;0,154519729301132
1;-17,5;0,0796251393086213
1;-17;0,09335678826934
1;-16,5;0,101131231478669
1;-16;0,12703068873704
1;-15,5;0,19397602944694
1;-15;0,153471552989571
1;-14,5;0,121999917664091
1;-14;0,145187805165073
1;-13,5;0,172904013791895
1;-13;0,194696798656381
1;-12,5;0,0924965199316218
1;-12;0,0572541309801671
1;-11,5;0,0628603144292113
1;-11;0,0557158145440598
1;-10,5;0,22825086818149
1;-10;0,0554991551927255
1;-9,5;0,18940813372105
1;-9;0,217980414862847
1;-8,5;0,0685433124494115
1;-8;0,214127845016008
1;-7,5;0,324688608120975
1;-7;0,0371313930640529
1;-6,5;0,0468902179635744
1;-6;0,0740273822994967
1;-5,5;0,0620054912903931
1;-5;0,0613506636237027
1;-4,5;0,0399344932962252
1;-4;0,0566872986874577
1;-3,5;0,0379155859680232
1;-3;0,0350636544150139
1;-2,5;0,0447731002918619
1;-2;0,0409846296748606
1;-1,5;0,0435385132471725
1;-1;0,0453776921111008
1;-0,5;0,0639351040881777
1;0;0,0826359419322452
1;0,5;0,0358188968102071
1;1;0,0393181343183334
1;1,5;0,0378588627324562
1;2;0,0344862291357
1;2,5;0,0404035932825294
1;3;0,0480547066574417
1;3,5;0,0812489877804988
1;4;0,0773773521248223
1;4,5;0,0446729585604605
1;5;0,0346082290712888
1;5,5;0,03863079986476
1;6;0,0546937845522678
1;6,5;0,0417110880114988
1;7;0,0623044739975076
1;7,5;0,0554826315973169
1;8;0,0532335796805197
1;8,5;0,296182384641607
1;9;0,316183529544954
1;9,5;0,0997151340104795
1;10;0,0555497009194217
1;10,5;0,0492328859032412
1;11;0,0540673143288279
1;11,5;0,0639151256545386
1;12;0,0297378605204025
1;12,5;0,0247148974071541
1;13;0,0256976851176942
1;13,5;0,0895277656718549
1;14;0,0968148190898599
1;14,5;0,0886800752012814
1;15;0,0576894871105379
1;15,5;0,0428252165416901
1;16;0,104098139750359
1;16,5;0,259752975720784
1;17;0,249270948098375
1;17,5;0,14347765929355
1;18;0,133984535672491
1;18,5;0,146822355288102
1;19;0,116674349090244
1;19,5;0,152281392307188
1;20;0,126290010161797
1;20,5;0,159431629372733
1;21;0,212626099881815
1;21,5;0,14987409769967
1;22;0,133827239972773
1;22,5;0,0548233146875792
1;23;0,174347320897379
1;23,5;0,125455171276436
1;24;0,0554156786108177
1;24,5;0,113160995449356
1;25;0,151916258623867
1;25,5;0,150872061420857
1;27,5;0,0769530881627097
1;28;0,0726194418412407
1,5;-56;0
1,5;-55,5;0
1,5;-55;0
1,5;-54;0,0696575757948312
1,5;-53,5;0,0774157606692591
1,5;-53;0,137430395605789
1,5;-52,5;0,10638205217818
1,5;-52;0,0758613308640696
1,5;-51,5;0,0569119202510921
1,5;-51;0,122185310082677
1,5;-50,5;0,0968203569121961
1,5;-50;0,0943316063255151
1,5;-49,5;0,059470496887112
1,5;-49;0,0532191621578095
1,5;-48,5;0,0906207771915424
1,5;-48;0,0795213035006199
1,5;-47,5;0,0764690177036642
1,5;-47;0,0937228344480132
1,5;-46,5;0,0502045814642449
1,5;-46;0,0515325388866351
1,5;-45,5;0,0430685202427183
1,5;-45;0,0952092432487519
1,5;-44,5;0,0838635949867555
1,5;-44;0,0901867319703778
1,5;-43,5;0,0793709747576967
1,5;-43;0,0974694247959506
1,5;-42,5;0,0923269614265942
1,5;-42;0,0563409490178492
1,5;-41,5;0,125230703233105
1,5;-41;0,0965561541751271
1,5;-40,5;0,122050522593553
1,5;-40;0,107943387486037
1,5;-39,5;0,0830019846468423
1,5;-39;0,0812613134863
1,5;-38,5;0,0663953173367762
1,5;-38;0,0583169728678879
1,5;-37,5;0,073331625324462
1,5;-37;0,0616770232035953
1,5;-36,5;0,0750381964734598
1,5;-36;0,10044073623516
1,5;-35,5;0,0713631360234301
1,5;-35;0,0658521627938883
1,5;-34,5;0,0478327399852105
1,5;-34;0,0353016867997705
1,5;-33,5;0,146426229180315
1,5;-33;0,15580018556517
1,5;-32,5;0,0884948860944228
1,5;-32;0,0446951826502825
1,5;-31,5;0,0535197265817642
1,5;-31;0,0638189813480359
1,5;-30,5;0,088485136173662
1,5;-30;0,0951051864688713
1,5;-29,5;0,326794487055029
1,5;-29;0,186971026626655
1,5;-28,5;0,0513479881652231
1,5;-28;0,0715304557315875
1,5;-27,5;0,120887479089989
1,5;-27;0,143514809800631
1,5;-26,5;0,119554975424531
1,5;-26;0,135875540090768
1,5;-25,5;0,179705607130551
1,5;-25;0,161438894528756
1,5;-24,5;0,0878897680014024
1,5;-24;0,104529828212936
1,5;-23,5;0,0622061039589195
1,5;-23;0,0322381069845236
1,5;-22,5;0,0504983560483451
1,5;-22;0,0511184459682342
1,5;-21,5;0,0481309930919384
1,5;-21;0,0414616986119796
1,5;-20,5;0,031022306024446
1,5;-20;0,0269063317586258
1,5;-19,5;0,0330581346434798
1,5;-19;0,0437816253267674
1,5;-18,5;0,0670442284721703
1,5;-18;0,0376002444027731
1,5;-17,5;0,0480162787522116
1,5;-17;0,116923910412255
1,5;-16,5;0,111537654894586
1,5;-16;0,163441301508834
1,5;-15,5;0,166326223351109
1,5;-15;0,171124482715576
1,5;-14,5;0,197381891075067
1,5;-14;0,213638649132836
1,5;-13,5;0,26834374381114
1,5;-13;0,214587746426867
1,5;-12,5;0,0587095058296896
1,5;-12;0,0412193769608062
1,5;-11,5;0,0222352606270591
1,5;-11;0,117013669423643
1,5;-10,5;0,0685503493080319
1,5;-10;0,0562935413989429
1,5;-9,5;0,0608899800190922
1,5;-9;0,0434458724486418
1,5;-8,5;0,0964455884336553
1,5;-8;0,126913238468408
1,5;-7,5;0,134450815488125
1,5;-7;0,033323615056943
1,5;-6,5;0,0381537990066622
1,5;-6;0,042174804904281
1,5;-5,5;0,26636016012163
1,5;-5;0,302401134704458
1,5;-4,5;0,121567262555909
1,5;-4;0,0464153099653659
1,5;-3,5;0,0400009595087317
1,5;-3;0,0256855287978601
1,5;-2,5;0,0294971482475136
1,5;-2;0,0262661755036997
1,5;-1,5;0,0376444093124783
1,5;-1;0,0480490545912191
1,5;-0,5;0,0595509954951869
1,5;0;0,0259257070766343
1,5;0,5;0,0301098083724239
1,5;1;0,0415392967533326
1,5;1,5;0,0445206857545467
1,5;2;0,0419982011289963
1,5;2,5;0,062733920634006
1,5;3;0,045992046766991
1,5;3,5;0,0776537331322721
1,5;4;0,0582582535246089
1,5;4,5;0,0320939758881518
1,5;5;0,0283628539235568
1,5;5,5;0,060814782850428
1,5;6;0,043326103362949
1,5;6,5;0,0295537095922514
1,5;7;0,0933817303187728
1,5;7,5;0,0490978925005836
1,5;8;0,0634567481704773
1,5;8,5;0,369436463557755
1,5;9;0,259151947680375
1,5;9,5;0,0837323373596957
1,5;10;0,0456928106510734
1,5;10,5;0,0425519615974508
1,5;11;0,0728694579598195
1,5;11,5;0,0719532703793203
1,5;12;0,0193830865720319
1,5;12,5;0,0222427728322541
1,5;13;0,0581774441790149
1,5;13,5;0,105270875993745
1,5;14;0,0751406394562202
1,5;14,5;0,0698151548315682
1,5;15;0,045642972502167
1,5;15,5;0,0842558691197686
1,5;16;0,127538527837268
1,5;16,5;0,294256336087965
1,5;17;0,26146223638813
1,5;17,5;0,104007337508984
1,5;18;0,129651733714354
1,5;18,5;0,195054578406183
1,5;19;0,183454164643462
1,5;19,5;0,184118237894907
1,5;20;0,17908429209026
1,5;20,5;0,217603849961278
1,5;21;0,276598964648999
1,5;21,5;0,302906776261223
1,5;22;0,0857085449158972
1,5;22,5;0,111906210730236
1,5;23;0,154020563062709
1,5;23,5;0,128160557783698
1,5;24;0,0264937375365382
1,5;24,5;0,113694820299241
1,5;25;0,19051939815431
1,5;25,5;0,0965329946060882
1,5;27,5;0,0348377190221557
2;-54;0
2;-53,5;0,230419827062032
2;-53;0,164072624783078
2;-52,5;0
2;-52;0,115240328589142
2;-51,5;0,0646113889260041
2;-51;0,0865832932306612
2;-50,5;0,0923999933739727
2;-50;0,0783714257229223
2;-49,5;0,0800600964752045
2;-49;0,0425480120961407
2;-48,5;0,0920546717386179
2;-48;0,0849591808156754
2;-47,5;0,0893093795132551
2;-47;0,0493007953389459
2;-46,5;0,089192862195731
2;-46;0,0501785901465048
2;-45,5;0,0446527341454772
2;-45;0,104125931082558
2;-44,5;0,0421967309464146
2;-44;0,0743468063809578
2;-43,5;0,0871658954714132
2;-43;0,102269472059135
2;-42,5;0,0485846258914883
2;-42;0,0747446627886207
2;-41,5;0,0905561888185083
2;-41;0,0948494083081716
2;-40,5;0,117623582037286
2;-40;0,0534821707917002
2;-39,5;0,0726157774616759
2;-39;0,075916163424743
2;-38,5;0,0616033632115517
2;-38;0,0930516515086371
2;-37,5;0,115517604495093
2;-37;0,0586516633108302
2;-36,5;0,0720586128329531
2;-36;0,0861899228286161
2;-35,5;0,0876978878892182
2;-35;0,101668464252081
2;-34,5;0,103142114285816
2;-34;0,0843530126659049
2;-33,5;0,107837997047282
2;-33;0,152604501444868
2;-32,5;0,0377299240631534
2;-32;0,0633478583167915
2;-31,5;0,0569777110148846
2;-31;0,069641080684937
2;-30,5;0,0537505594529902
2;-30;0,10738711871539
2;-29,5;0,134186392586712
2;-29;0,109897231608223
2;-28,5;0,0795533542016687
2;-28;0,0779588724700786
2;-27,5;0,112257177782404
2;-27;0,0676844998992431
2;-26,5;0,0833949661890628
2;-26;0,208092950133628
2;-25,5;0,186353097632546
2;-25;0,165818830574223
2;-24,5;0,0687708255460191
2;-24;0,0577878350892082
2;-23,5;0,0552300261191679
2;-23;0,0570927570989987
2;-22,5;0,0802535419264193
2;-22;0,051156567052697
2;-21,5;0,0461669073399262
2;-21;0,0486050692296692
2;-20,5;0,0361207437177277
2;-20;0,021411834733779
2;-19,5;0,045686851996807
2;-19;0,0616685615576838
2;-18,5;0,0617319950729464
2;-18;0,0569049160138979
2;-17,5;0,0431711336278246
2;-17;0,153646571187043
2;-16,5;0,132930563920037
2;-16;0,12956544370194
2;-15,5;0,12811140000923
2;-15;0,138541096865833
2;-14,5;0,165693142605937
2;-14;0,194603555582787
2;-13,5;0,145927348892492
2;-13;0,14155318498415
2;-12,5;0,120127022808158
2;-12;0,0519498894635401
2;-11,5;0,0838518010475892
2;-11;0,0852791017714129
2;-10,5;0,0756210788768997
2;-10;0,053018470760276
2;-9,5;0,0713551942075889
2;-9;0,059561803255775
2;-8,5;0,108414791647888
2;-8;0,0678164114367781
2;-7,5;0,0600706525284561
2;-7;0,0803069084346677
2;-6,5;0,105907309705477
2;-6;0,0896801601429139
2;-5,5;0,243886845921848
2;-5;0,356421932805175
2;-4,5;0,0862238782272053
2;-4;0,0479407417364234
2;-3,5;0,031480519466743
2;-3;0,0430722969005666
2;-2,5;0,0393174744295486
2;-2;0,0356278136635211
2;-1,5;0,0312145345616111
2;-1;0,028126311194829
2;-0,5;0,0647565502061583
2;0;0,0381467524160046
2;0,5;0,0478789900590607
2;1;0,0329924605172211
2;1,5;0,039343540965275
2;2;0,0398718526764727
2;2,5;0,0336568938962975
2;3;0,0484835796559193
2;3,5;0,0569382525352676
2;4;0,0255777951161257
2;4,5;0,0381625042052572
2;5;0,0446730318053271
2;5,5;0,0580731542157305
2;6;0,0515729591764597
2;6,5;0,0724862996548896
2;7;0,0647516214390929
2;7,5;0,0452562073059585
2;8;0,055702480048243
2;8,5;0,0744680210485424
2;9;0,0946790631554833
2;9,5;0,0827460572001753
2;10;0,0423867061612988
2;10,5;0,0541545586496086
2;11;0,0803863640953336
2;11,5;0,0344982359379184
2;12;0,0298460426437295
2;12,5;0,097243304507596
2;13;0,10107691219335
2;13,5;0,082137128589516
2;14;0,0557140516885602
2;14,5;0,0813860572984135
2;15;0,173248679381502
2;15,5;0,116835187801122
2;16;0,0908053020610034
2;16,5;0,189367869280843
2;17;0,111947674882848
2;17,5;0,085492969724653
2;18;0,087460930163092
2;18,5;0,121685742269975
2;19;0,158018708641419
2;19,5;0,143135131512204
2;20;0,19073898169956
2;20,5;0,283326875228244
2;21;0,256049702777405
2;21,5;0,321261846851481
2;22;0,0304055915910216
2;22,5;0,155885030895025
2;23;0,185415237932367
2;23,5;0,0833098412210033
2;24;0,0702930092033137
2;24,5;0,277546077710576
2;25;0,221146840659526
2;25,5;0
2;26,5;0
2,5;-53,5;0,067159015279658
2,5;-53;0,168025163459392
2,5;-52,5;0,0455911567239588
2,5;-52;0,0688787754993199
2,5;-51,5;0,0926385907531631
2,5;-51;0,0643467170879758
2,5;-50,5;0,0754990969241595
2,5;-50;0,0834333604802398
2,5;-49,5;0,0662829792128668
2,5;-49;0,0318198051533946
2,5;-48,5;0,0726470618004286
2,5;-48;0,08500494340943
2,5;-47,5;0,0676454350126361
2,5;-47;0,055184538897533
2,5;-46,5;0
2,5;-45,5;0,047236991154532
2,5;-45;0,0516812211214169
2,5;-44,5;0,125252048915679
2,5;-44;0,117199303183367
2,5;-43,5;0,0758164590836337
2,5;-43;0,0674544052950466
2,5;-42,5;0,0714781093770682
2,5;-42;0,064304409979854
2,5;-41,5;0,098201499391601
2,5;-41;0,0726807464813819
2,5;-40,5;0,114975842873381
2,5;-40;0,0543227907180573
2,5;-39,5;0,0460199749591207
2,5;-39;0,0593690137864846
2,5;-38,5;0,072787642740183
2,5;-38;0,074208115758618
2,5;-37,5;0,0753854559379126
2,5;-37;0,114465303539045
2,5;-36,5;0,0712326805510014
2,5;-36;0,130254325524419
2,5;-35,5;0,227366226129374
2,5;-35;0,084523287667909
2,5;-34,5;0,137229487546417
2,5;-34;0,153781860245416
2,5;-33,5;0,0761582936157674
2,5;-33;0,0664078279985311
2,5;-32,5;0,0289446864172834
2,5;-32;0,040856213879574
2,5;-31,5;0,0337635612780322
2,5;-31;0,0515351913682979
2,5;-30,5;0,0267292447564933
2,5;-30;0,0328490290894756
2,5;-29,5;0,092924344023088
2,5;-29;0,0946431355644237
2,5;-28,5;0,101777111787162
2,5;-28;0,0842827433963787
2,5;-27,5;0,081431286350144
2,5;-27;0,0638906930024141
2,5;-26,5;0,059675564842033
2,5;-26;0,192934670425877
2,5;-25,5;0,17584397040665
2,5;-25;0,103482437524602
2,5;-24,5;0,0508250815873554
2,5;-24;0,0418221096959066
2,5;-23,5;0,0474596622176678
2,5;-23;0,0834836657783463
2,5;-22,5;0,0700759878784094
2,5;-22;0,0687790091586113
2,5;-21,5;0,0332523182149255
2,5;-21;0,0209160100541194
2,5;-20,5;0,0322354607532138
2,5;-20;0,0405173787798924
2,5;-19,5;0,0677393786211385
2,5;-19;0,0812320460663355
2,5;-18,5;0,0461132299019359
2,5;-18;0,0625573216130211
2,5;-17,5;0,0454843144942713
2,5;-17;0,113720369366985
2,5;-16,5;0,107246870920853
2,5;-16;0,0697969329249504
2,5;-15,5;0,15145847151956
2,5;-15;0,122134994423159
2,5;-14,5;0,0903567072489912
2,5;-14;0,151913214434888
2,5;-13,5;0,175571754113499
2,5;-13;0,126516647308584
2,5;-12,5;0,114227890308671
2,5;-12;0,0888606777721358
2,5;-11,5;0,115091135487435
2,5;-11;0,1160083816904
2,5;-10,5;0,128962885191505
2,5;-10;0,0379865081451429
2,5;-9,5;0,0436336630564538
2,5;-9;0,0576404753899812
2,5;-8,5;0,0652816762344496
2,5;-8;0,0730419738832797
2,5;-7,5;0,076085912088066
2,5;-7;0,0902915209325576
2,5;-6,5;0,328496042036582
2,5;-6;0,314981963776224
2,5;-5,5;0,0756689277016052
2,5;-5;0,0499338210494034
2,5;-4,5;0,03985886867141
2,5;-4;0,0367719483537183
2,5;-3,5;0,0475016838299565
2,5;-3;0,0300619862779766
2,5;-2,5;0,0517546901272396
2,5;-2;0,0425868282842585
2,5;-1,5;0,0532925990683232
2,5;-1;0,0640188850813479
2,5;-0,5;0,0430040805872946
2,5;0;0,0354149954232165
2,5;0,5;0,0423756843318138
2,5;1;0,0553203405868459
2,5;1,5;0,0464029111871543
2,5;2;0,0401462125649681
2,5;2,5;0,0402430824987508
2,5;3;0,0436449571303852
2,5;3,5;0,0829299006453802
2,5;4;0,071397702772982
2,5;4,5;0,0410602804019487
2,5;5;0,050567027446869
2,5;5,5;0,0501790903309593
2,5;6;0,0496520288300705
2,5;6,5;0,0473342345466782
2,5;7;0,0475155517811214
2,5;7,5;0,0496886105761623
2,5;8;0,0557785908696186
2,5;8,5;0,0348520995274914
2,5;9;0,0444236194854961
2,5;9,5;0,0398585620152077
2,5;10;0,0527050637055072
2,5;10,5;0,0359545250121937
2,5;11;0,0228520029253108
2,5;11,5;0,0463346030402598
2,5;12;0,0512381345748253
2,5;12,5;0,0416968508851373
2,5;13;0,0970761590905855
2,5;13,5;0,0612075783466298
2,5;14;0
2,5;14,5;0,218830818500288
2,5;15;0,188802531944876
2,5;15,5;0,1387582607171
2,5;16;0,147233242774102
2,5;16,5;0,150213436453694
2,5;17;0,201694761811892
2,5;17,5;0,121831625925938
2,5;18;0,11573382370214
2,5;18,5;0,0768895879177326
2,5;19;0,102041047547619
2,5;19,5;0,17599543220454
2,5;20;0,222485620514352
2,5;20,5;0,156003192171641
2,5;21;0,1568604298236
2,5;21,5;0,0411242021199196
2,5;22;0,0317842428765905
2,5;22,5;0,122740347117228
2,5;23;0,0791872109565993
2,5;23,5;0,393901342732248
2,5;24;0,217152621143668
2,5;24,5;0,220671646592298
2,5;25;0,259620737933995
2,5;25,5;0,128523409022118
2,5;26;0,0868461652017889
2,5;26,5;0,0655546116960852
2,5;27;0,0179907383580182
3;-52,5;0
3;-52;0,0404516171905813
3;-51,5;0,0666565513159309
3;-51;0,116212828631187
3;-50,5;0,278345832594136
3;-50;0,115003818916524
3;-49,5;0,035973138126478
3;-49;0,0810778579367946
3;-48,5;0,156808481913448
3;-48;0,142491842182816
3;-47,5;0,0662655448622996
3;-47;0,0491666815343421
3;-46,5;0,0554735672790805
3;-46;0,0615946426241763
3;-45,5;0,0311126983722081
3;-45;0,05939696961967
3;-44,5;0,104861891742755
3;-44;0,0739930828915073
3;-43,5;0,0943182202263522
3;-43;0,0577164076508683
3;-42,5;0,0840804705358238
3;-42;0,0546644031312606
3;-41,5;0,0671931768550425
3;-41;0,0591984003570934
3;-40,5;0,0852336013460594
3;-40;0,15431785379534
3;-39,5;0,0671919655458756
3;-39;0,0323703457768725
3;-38,5;0,0499946150946433
3;-38;0,038527046776691
3;-37,5;0,0711295263853874
3;-37;0,109704530816337
3;-36,5;0,0894891035353911
3;-36;0,122342927393114
3;-35,5;0,202227229644374
3;-35;0,118528771836573
3;-34,5;0,0766468075776767
3;-34;0,0902080827039239
3;-33,5;0,0578080584983117
3;-33;0,0574155193346287
3;-32,5;0,0725043224291964
3;-32;0,0413836156160452
3;-31,5;0,0795957103911766
3;-31;0,175067134992225
3;-30,5;0,122752438402706
3;-30;0,160400708811986
3;-29,5;0,146814574451257
3;-29;0,193840999852158
3;-28,5;0,116231283632101
3;-28;0,068053105919019
3;-27,5;0,109079173574735
3;-27;0,122321468627309
3;-26,5;0,0719714652584919
3;-26;0,0981255565067858
3;-25,5;0,178616612756532
3;-25;0,0820566992436102
3;-24,5;0,020866843078339
3;-24;0,0547240434967951
3;-23,5;0,0579799433476283
3;-23;0,0539909835855946
3;-22,5;0,0636849944224608
3;-22;0,0394124686644599
3;-21,5;0,0276048489572106
3;-21;0,0328452146700515
3;-20,5;0,0759068420464703
3;-20;0,0579459886731237
3;-19,5;0,0596207830054974
3;-19;0,0685195274150472
3;-18,5;0,0380351293473253
3;-18;0,0490406786786858
3;-17,5;0,0552555956803878
3;-17;0,0696582132032301
3;-16,5;0,0678996164434326
3;-16;0,0665974986071421
3;-15,5;0,0502830089765473
3;-15;0,0531985314976025
3;-14,5;0,256789848610732
3;-14;0,192060441437757
3;-13,5;0,115256545338326
3;-13;0,0735129732942291
3;-12,5;0,132232271664174
3;-12;0,179932835274955
3;-11,5;0,177314756478455
3;-11;0,138190739929421
3;-10,5;0,0500903693142626
3;-10;0,032955876671127
3;-9,5;0,0497061949089339
3;-9;0,0490445881351282
3;-8,5;0,0983918465228947
3;-8;0,0701147898342525
3;-7,5;0,0937033488037157
3;-7;0,0676565390994334
3;-6,5;0,276696797492148
3;-6;0,27164759280137
3;-5,5;0,0535245838010208
3;-5;0,0365716825519061
3;-4,5;0,037184029243915
3;-4;0,022635692937348
3;-3,5;0,0583294339507403
3;-3;0,0322342301332993
3;-2,5;0,0486048031654928
3;-2;0,0794878726062564
3;-1,5;0,341478801978647
3;-1;0,248446971019901
3;-0,5;0,0630550596401152
3;0;0,0687567256705115
3;0,5;0,0288680923663522
3;1;0,0593778600338951
3;1,5;0,0738173492508378
3;2;0,0431639416425744
3;2,5;0,0617502291919159
3;3;0,0479804029648647
3;3,5;0,0568934290611127
3;4;0,0569509568365084
3;4,5;0,0390890350490317
3;5;0,0284389685313915
3;5,5;0,065651392704075
3;6;0,0369236186521658
3;6,5;0,0517403497815603
3;7;0,0675205559966272
3;7,5;0,0538925215811061
3;8;0,0485594922528652
3;8,5;0,0386605937542863
3;9;0,0435742381125153
3;9,5;0,0441447225704896
3;10;0,0408593053843923
3;10,5;0,0252395725963163
3;11;0,0300413293442792
3;11,5;0,0415542251676862
3;12;0,0433195045723152
3;12,5;0,0684354765162252
3;13;0,0661734301449068
3;13,5;0,0149721964543171
3;14;0,0468104751977086
3;14,5;0,229705494244991
3;15;0,189987152399294
3;15,5;0,163906361461818
3;16;0,216634367032546
3;16,5;0,195995130600473
3;17;0,218937282002642
3;17,5;0,0984154746455938
3;18;0,0928786379061964
3;18,5;0,111589674777019
3;19;0,167352775934262
3;19,5;0,0910740939396734
3;20;0,173881348638246
3;20,5;0,148373183052988
3;21;0,254171595580623
3;21,5;0,0937592662087327
3;22;0,131850596169092
3;22,5;0,302945908586684
3;23;0,191859285139181
3;23,5;0,300073446564892
3;24;0,20515910023749
3;24,5;0,121196770718961
3;25;0,234860951770759
3;25,5;0,152004844420409
3;26,5;0,127317083323026
3;27;0,0743090393783511
3,5;-51,5;0
3,5;-51;0,192255905847735
3,5;-50,5;0,187627684729421
3,5;-50;0,301071783514569
3,5;-49,5;0,108358149763639
3,5;-49;0,0777511292216267
3,5;-48,5;0,374850645638963
3,5;-48;0,267097698973112
3,5;-47,5;0,145993687175702
3,5;-47;0,0534007150105349
3,5;-46,5;0,0714049484746447
3,5;-46;0,087627670833203
3,5;-45,5;0,122388503528212
3,5;-45;0,0407336367964692
3,5;-44,5;0,0666709695581081
3,5;-44;0,122778979380747
3,5;-43,5;0,0538708093735754
3,5;-43;0,121062384683359
3,5;-42,5;0,108812370779393
3,5;-42;0,0942234679088066
3,5;-41,5;0,0521093471267009
3,5;-41;0,058205316414043
3,5;-40,5;0,0562134537362043
3,5;-40;0,0940219494805707
3,5;-39,5;0,0461112784468182
3,5;-39;0,0623909190557951
3,5;-38,5;0,0663311292942484
3,5;-38;0,0522890516985748
3,5;-37,5;0,326370400650936
3,5;-37;0,230168618587452
3,5;-36,5;0,061136958798197
3,5;-36;0,0913606358858873
3,5;-35,5;0,147529496694545
3,5;-35;0,100098131574473
3,5;-34,5;0,0892668284788177
3,5;-34;0,0490519205443672
3,5;-33,5;0,0736416010455222
3,5;-33;0,0926118103268059
3,5;-32,5;0,0544565930472683
3,5;-32;0,0669138536511771
3,5;-31,5;0,0849390974853043
3,5;-31;0,230909739275561
3,5;-30,5;0,149959134645049
3,5;-30;0,172995027348128
3,5;-29,5;0,167640839442396
3,5;-29;0,186366387599041
3,5;-28,5;0,176768690978331
3,5;-28;0,0901622970265146
3,5;-27,5;0,121907911723604
3,5;-27;0,0719647691158513
3,5;-26,5;0,0475589078173324
3,5;-26;0,103504174733814
3,5;-25,5;0,118212529403451
3,5;-25;0,0615333454341522
3,5;-24,5;0,0549106876056159
3,5;-24;0,0724463825373602
3,5;-23,5;0,0742494397174586
3,5;-23;0,0903458005800873
3,5;-22,5;0,0486735872924741
3,5;-22;0,0320013285349034
3,5;-21,5;0,0358405098400381
3,5;-21;0,0424525393360652
3,5;-20,5;0,05623524890062
3,5;-20;0,0502636342469642
3,5;-19,5;0,0474545728764338
3,5;-19;0,0495354517928241
3,5;-18,5;0,0924043335118048
3,5;-18;0,0644153712713232
3,5;-17,5;0,150096523332576
3,5;-17;0,0399445328233957
3,5;-16,5;0,044079460076091
3,5;-16;0,0485907673240035
3,5;-15,5;0,0497545067031485
3,5;-15;0,0471346611067763
3,5;-14,5;0,189368232779965
3,5;-14;0,145698992236298
3,5;-13,5;0,114365751577995
3,5;-13;0,174832879147811
3,5;-12,5;0,169977789830944
3,5;-12;0,204736673287815
3,5;-11,5;0,182552304580257
3,5;-11;0,0564722955799322
3,5;-10,5;0,039873289318815
3,5;-10;0,0365810370124681
3,5;-9,5;0,0956530763712477
3,5;-9;0,0593889882753921
3,5;-8,5;0,0542082036387178
3,5;-8;0,0261632667419542
3,5;-7,5;0,0500940946575465
3,5;-7;0,0380725637459948
3,5;-6,5;0,0279383023731901
3,5;-6;0,0363958588773141
3,5;-5,5;0,028982317365731
3,5;-5;0,0463998773984321
3,5;-4,5;0,0635082264733973
3,5;-4;0,0287803220331854
3,5;-3,5;0,036932020790418
3,5;-3;0,0359351072458829
3,5;-2,5;0,0451039305564849
3,5;-2;0,0852764165926943
3,5;-1,5;0,338550898491741
3,5;-1;0,155703778588275
3,5;-0,5;0,0706359555415563
3,5;0;0,0701175731486047
3,5;0,5;0,0499826947939962
3,5;1;0,0577188135811336
3,5;1,5;0,0443878045524044
3,5;2;0,0612026584336956
3,5;2,5;0,0613220549747912
3,5;3;0,0814895641884164
3,5;3,5;0,207757209872028
3,5;4;0,106294653393198
3,5;4,5;0,0411023514086059
3,5;5;0,0375754962608015
3,5;5,5;0,0465606290829608
3,5;6;0,0472091613027419
3,5;6,5;0,0544665816589266
3,5;7;0,097279198584224
3,5;7,5;0,0413883138655675
3,5;8;0,0442452089699309
3,5;8,5;0,0276229888443905
3,5;9;0,0420377872797841
3,5;9,5;0,0422040964549149
3,5;10;0,0277616664343141
3,5;10,5;0,025828143510498
3,5;11;0,0422178991673083
3,5;11,5;0,0475025822973676
3,5;12;0,0411425474407112
3,5;12,5;0,0636259449404503
3,5;13;0,0664542950706223
3,5;13,5;0,0414627888249555
3,5;14;0,195858800668999
3,5;14,5;0,252446090604065
3,5;15;0,186882821045145
3,5;15,5;0,212056884640024
3,5;16;0,240574040503134
3,5;16,5;0,250722113251085
3,5;17;0,18424643217131
3,5;17,5;0,11175485075229
3,5;18;0,144871576180097
3,5;18,5;0,102123024364064
3,5;19;0,188479697889961
3,5;19,5;0,102844099645574
3,5;20;0,172015503177281
3,5;21;0,121292627620773
3,5;21,5;0,0661160595720384
3,5;22;0,0677807352436918
3,5;22,5;0,0148492424049175
3,5;23;0,0446157670186972
3,5;23,5;0,031200873473262
3,5;24;0,0289913780286485
3,5;24,5;0,220525954092872
3,5;25;0,184871621628406
3,5;26;0,0611521326965244
3,5;26,5;0
4;-50;0,25992343958259
4;-49,5;0,101413729915552
4;-49;0
4;-48,5;0
4;-48;0,299044356697677
4;-47,5;0,130714311501194
4;-47;0,0426217211185929
4;-46,5;0,0467481431597971
4;-46;0,0559642743185329
4;-45,5;0,123336537005642
4;-45;0,0832535353429421
4;-44,5;0,0846510865353358
4;-44;0,0681461325726955
4;-43,5;0,0854179768504896
4;-43;0,083880186661009
4;-42,5;0,0641523979187852
4;-42;0,0756699705592942
4;-41,5;0,0444800650907369
4;-41;0,0734487924551668
4;-40,5;0,0738209057950672
4;-40;0,0774582976755098
4;-39,5;0,0547344289045741
4;-39;0,0381599660185376
4;-38,5;0,0611139645798459
4;-38;0,135243484131399
4;-37,5;0,291506541719987
4;-37;0,319273564494998
4;-36,5;0,364457822169846
4;-36;0,211914446696996
4;-35,5;0,0746985741773361
4;-35;0,0682364780736133
4;-34,5;0,0907478409380666
4;-34;0,082342736873324
4;-33,5;0,120844424778307
4;-33;0,0809743889288712
4;-32,5;0,0937342942170641
4;-32;0,0663785792610297
4;-31,5;0,0767320993358917
4;-31;0,137172603450014
4;-30,5;0,0950330484780442
4;-30;0,316783567394883
4;-29,5;0,256958966094609
4;-29;0,128085585813678
4;-28,5;0,153407947989496
4;-28;0,197273249137936
4;-27,5;0,18297852423122
4;-27;0,118520223920902
4;-26,5;0,0748381631464186
4;-26;0,0345146313845929
4;-25,5;0,0304764121030982
4;-25;0,0835702022941466
4;-24,5;0,0611659266931786
4;-24;0,0429153371409225
4;-23,5;0,0646003270145878
4;-23;0,0345760309420965
4;-22,5;0,0325856656318474
4;-22;0,0349494343725755
4;-21,5;0,0465472792725102
4;-21;0,0514141987410984
4;-20,5;0,0309449350747204
4;-20;0,0534446365123224
4;-19,5;0,0464386634465877
4;-19;0,0860019878549686
4;-18,5;0,0527114425614737
4;-18;0,0386990275554438
4;-17,5;0,0804623531971639
4;-17;0,068427418996193
4;-16,5;0,0601539278171206
4;-16;0,0397126782901396
4;-15,5;0,0704668852788596
4;-15;0,0409783846659188
4;-14,5;0,109472825282178
4;-14;0,175126818994386
4;-13,5;0,199594189490988
4;-13;0,20397651798174
4;-12,5;0,220922656398552
4;-12;0,209224688428335
4;-11,5;0,0696972901837164
4;-11;0,0309029337851054
4;-10,5;0,0443563285709888
4;-10;0,0556310467354475
4;-9,5;0,136806037172059
4;-9;0,065281489249457
4;-8,5;0,0628880775196511
4;-8;0,0592496285844473
4;-7,5;0,0454678480916354
4;-7;0,0308332451357661
4;-6,5;0,0328257587996279
4;-6;0,0607781191046972
4;-5,5;0,0802553617391338
4;-5;0,0356676378830567
4;-4,5;0,0463830688466196
4;-4;0,0656800248718468
4;-3,5;0,0349179518425915
4;-3;0,035010045967059
4;-2,5;0,0400934531591617
4;-2;0,033183451599481
4;-1,5;0,0572558091895522
4;-1;0,041282892835851
4;-0,5;0,0613673679794688
4;0;0,0382726831579893
4;0,5;0,0501488245362032
4;1;0,104084107443213
4;1,5;0,0379610312957893
4;2;0,0432206361395323
4;2,5;0,0603823900580109
4;3;0,243844755824955
4;3,5;0,242742817520674
4;4;0,265159203744441
4;4,5;0,0548767784140287
4;5;0,0365536840016564
4;5,5;0,0437987905958154
4;6;0,065639931508428
4;6,5;0,0677146213359415
4;7;0,0316748032506513
4;7,5;0,0402290697957094
4;8;0,0312781323699995
4;8,5;0,031905142144145
4;9;0,037710611983154
4;9,5;0,0255602092699629
4;10;0,0226993892076523
4;10,5;0,0280835729643992
4;11;0,038507204026062
4;11,5;0,0475520536065247
4;12;0,0498048465442007
4;12,5;0,0628817673627791
4;13;0,0440612503292068
4;13,5;0,0927039309550507
4;14;0,172743393567338
4;14,5;0,194446207426577
4;15;0,217181040324232
4;15,5;0,268302717945216
4;16;0,292924826881729
4;16,5;0,218404619650353
4;17;0,144281696011631
4;17,5;0,182171837489925
4;18;0,147413176145414
4;18,5;0,10373003111365
4;19;0,0999654882975855
4;19,5;0
4;20,5;0,0577436865235788
4;21;0,0500299152931766
4;21,5;0,0469517482812586
4;22;0,104064915009564
4;22,5;0,14008790377019
4;23;0,0502482724965634
4;24;0,029252350332922
4;24,5;0,304759749007943
4;25;0,271555474978274
4;25,5;0,0275771644662754
4,5;-49;0
4,5;-48,5;0
4,5;-48;0,123861673998515
4,5;-47,5;0,058422320115558
4,5;-47;0,0578241460648739
4,5;-46,5;0,0639497570642096
4,5;-45,5;0,059809220502719
4,5;-45;0,0405883019651014
4,5;-44,5;0,0409178037859642
4,5;-44;0,0901172846905631
4,5;-43,5;0,0480861495420228
4,5;-43;0,0876031346208701
4,5;-42,5;0,097314875131009
4,5;-42;0,0840541753609206
4,5;-41,5;0,0700446286306095
4,5;-41;0,100661951955188
4,5;-40,5;0,0600376212585622
4,5;-40;0,0680019607560449
4,5;-39,5;0,0476007359749771
4,5;-39;0,0420776144882958
4,5;-38,5;0
4,5;-38;0
4,5;-37,5;0,06652367999442
4,5;-37;0,259530734711492
4,5;-36,5;0,325189364274813
4,5;-36;0,30094923215741
4,5;-35,5;0,128883335950441
4,5;-35;0,0725050661359923
4,5;-34,5;0,0858374342781562
4,5;-34;0,0550925089378112
4,5;-33,5;0,0228929846151336
4,5;-33;0,0716445105882921
4,5;-32,5;0,0644442598395127
4,5;-32;0,028294223139416
4,5;-31,5;0,149508344208513
4,5;-31;0,199914962883993
4,5;-30,5;0,145974878982594
4,5;-30;0,140491575944583
4,5;-29,5;0,0677448575317514
4,5;-29;0,18553762478325
4,5;-28,5;0,0953497298937283
4,5;-28;0,108777649895118
4,5;-27,5;0,11962308081859
4,5;-27;0,132731545299093
4,5;-26,5;0,0362871724740146
4,5;-26;0,0400339762914338
4,5;-25,5;0,0959303157614613
4,5;-25;0,064088850171098
4,5;-24,5;0,0621954901226499
4,5;-24;0,0450855426909851
4,5;-23,5;0,0358852635040087
4,5;-23;0,0600134950297629
4,5;-22,5;0,0569079035079379
4,5;-22;0,0403143238058129
4,5;-21,5;0,0434694576137389
4,5;-21;0,0369898167820207
4,5;-20,5;0,0404719276334074
4,5;-20;0,0524625171191713
4,5;-19,5;0,0438456976498128
4,5;-19;0,0609357839144883
4,5;-18,5;0,0281333845267499
4,5;-18;0,0550376062313212
4,5;-17,5;0,0541872551499857
4,5;-17;0,0711823600477173
4,5;-16,5;0,0266798762596379
4,5;-16;0,0556506105734684
4,5;-15,5;0,0293876145541555
4,5;-15;0,0316527085594297
4,5;-14,5;0,0636611279800026
4,5;-14;0,155251471062227
4,5;-13,5;0,094365536524506
4,5;-13;0,208769594592374
4,5;-12,5;0,109555529525382
4,5;-12;0,0405734327303738
4,5;-11,5;0,0417000852209923
4,5;-11;0,052543365272504
4,5;-10,5;0,0853341600446352
4,5;-10;0,0736709626908842
4,5;-9,5;0,0579655117372752
4,5;-9;0,0549069456622214
4,5;-8,5;0,0815031333373242
4,5;-8;0,0396530189803655
4,5;-7,5;0,0431476148433105
4,5;-7;0,031429945522913
4,5;-6,5;0,0404072094684948
4,5;-6;0,0515764288030228
4,5;-5,5;0,0687101855527228
4,5;-5;0,0512752144508253
4,5;-4,5;0,030561189023168
4,5;-4;0,0380073187672889
4,5;-3,5;0,0679610574042615
4,5;-3;0,051723567655184
4,5;-2,5;0,0539895077471421
4,5;-2;0,058268187698029
4,5;-1,5;0,0322445804518487
4,5;-1;0,0358034752103352
4,5;-0,5;0,0362448733270078
4,5;0;0,0615353680865973
4,5;0,5;0,0435778488828926
4,5;1;0,0500076778213052
4,5;1,5;0,056420376535179
4,5;2;0,0380585972267846
4,5;2,5;0,0489496904880874
4,5;3;0,099413160835707
4,5;3,5;0,15015864338032
4,5;4;0,0748167980633396
4,5;4,5;0,0417806147210888
4,5;5;0,0404735545680698
4,5;5,5;0,0547355281606907
4,5;6;0,0665816230815608
4,5;6,5;0,0485982839184029
4,5;7;0,0351912290945561
4,5;7,5;0,0354492359141678
4,5;8;0,0415342503374498
4,5;8,5;0,0495596856713747
4,5;9;0,0347290324748175
4,5;9,5;0,0285154905129681
4,5;10;0,0338479705585565
4,5;10,5;0,0443841416207738
4,5;11;0,0594839887088434
4,5;11,5;0,0527076283914227
4,5;12;0,0523189210854553
4,5;12,5;0,0214231332627163
4,5;13;0,0498217833497944
4,5;13,5;0,0998141068279225
4,5;14;0,163195032859459
4,5;14,5;0,182643539949107
4,5;15;0,198237081627231
4,5;15,5;0,205170564056918
4,5;16;0,218737655642322
4,5;16,5;0,232022975965014
4,5;17;0,193128122744648
4,5;17,5;0,184675408905916
4,5;18;0,249332111638151
4,5;18,5;0,198073548044111
4,5;19;0,0969387693340492
4,5;19,5;0,108583301355841
4,5;20;0,109859650723743
4,5;20,5;0,0698583732110354
4,5;21;0,0721713996287293
4,5;21,5;0,105112651532511
4,5;22;0,112820282192382
4,5;22,5;0,131047391881406
4,5;23,5;0,103398593949672
4,5;24;0,174715769179545
4,5;24,5;0,176683313030541
4,5;25;0,149433762542991
4,5;25,5;0,102848469567163
5;-48;0
5;-47,5;0,072966724314189
5;-47;0,0535858299970299
5;-46,5;0,0613524053893474
5;-46;0,0249773230484507
5;-45;0,105031882914529
5;-44,5;0,0420558296845695
5;-44;0,0445811192151587
5;-43,5;0,077261101323873
5;-43;0,0669185682097415
5;-42,5;0,0706915162957372
5;-42;0,0623424798618216
5;-41,5;0,049641092808661
5;-41;0,0751256955366812
5;-40,5;0,085152364776992
5;-40;0,0630043460330128
5;-39,5;0,0707682333900095
5;-39;0,0643889854046594
5;-38,5;0,0674511816409609
5;-38;0,0453635817088394
5;-37,5;0,00707106781186547
5;-37;0,0719787183647771
5;-36,5;0,370497930239909
5;-36;0,351205940155947
5;-35,5;0,077932377827091
5;-35;0,0346478057508662
5;-34,5;0,0515426504973889
5;-34;0,091462360199884
5;-33,5;0,0336992697890285
5;-33;0,0397869325281555
5;-32,5;0,031137962281361
5;-32;0,0516809811199808
5;-31,5;0,141933752152192
5;-31;0,0697333923504964
5;-30,5;0,100407501293534
5;-30;0,114255054309124
5;-29,5;0,0527982009985773
5;-29;0,0520351033509867
5;-28,5;0,0473023175990715
5;-28;0,107127345992192
5;-27,5;0,0770611901670633
5;-27;0,0225440681612246
5;-26,5;0,0329876462319088
5;-26;0,0815571494563841
5;-25,5;0,0956650802396998
5;-25;0,0696315025578178
5;-24,5;0,0428989266338458
5;-24;0,0486621280480746
5;-23,5;0,0522936690593752
5;-23;0,0442569528000794
5;-22,5;0,0432502958702512
5;-22;0,0431869897113753
5;-21,5;0,0514769599963743
5;-21;0,0462348650381726
5;-20,5;0,0307011117789374
5;-20;0,0855546818196831
5;-19,5;0,0921778271642823
5;-19;0,0487572024225794
5;-18,5;0,0369986902637444
5;-18;0,0307570637824841
5;-17,5;0,0708086230169212
5;-17;0,0612361666824096
5;-16,5;0,0670793765923301
5;-16;0,139096695454186
5;-15,5;0,0893359996197823
5;-15;0,0450679083738101
5;-14,5;0,0809440166680952
5;-14;0,0336305921895041
5;-13,5;0,0344607274545196
5;-13;0,0428557902986642
5;-12,5;0,0858789997230995
5;-12;0,0582516106021202
5;-11,5;0,0396415203762551
5;-11;0,048757032322523
5;-10,5;0,0632639360510438
5;-10;0,0710896731886717
5;-9,5;0,0564854145516932
5;-9;0,0552193100073936
5;-8,5;0,049306845829786
5;-8;0,0548084138737176
5;-7,5;0,0805000352387831
5;-7;0,0245041290308901
5;-6,5;0,0459816910238696
5;-6;0,0360354872212097
5;-5,5;0,039200385523457
5;-5;0,0372774277587659
5;-4,5;0,0454182669380554
5;-4;0,0370698507882345
5;-3,5;0,0332804177692611
5;-3;0,069039250803643
5;-2,5;0,0482650621550391
5;-2;0,0392318092569182
5;-1,5;0,0311467383685473
5;-1;0,0416101050252748
5;-0,5;0,041422059296189
5;0;0,0887478327723116
5;0,5;0,0642269991285989
5;1;0,0307346774007918
5;1,5;0,0308620830431336
5;2;0,0609609874290169
5;2,5;0,0848507018538988
5;3;0,0520554886146737
5;3,5;0,0476338789324129
5;4;0,0493629854239193
5;4,5;0,0411154358591544
5;5;0,0440695955293039
5;5,5;0,062535748989837
5;6;0,0643987780145633
5;6,5;0,0476664445612101
5;7;0,0374090643459322
5;7,5;0,0402978706995023
5;8;0,0306446926417109
5;8,5;0,0546309069817547
5;9;0,0359067706298182
5;9,5;0,0224119628909897
5;10;0,0273944467398373
5;10,5;0,0434182135977533
5;11;0,0622937175514258
5;11,5;0,0227030520289359
5;12;0,024195993238446
5;12,5;0,0426292543391109
5;13;0,0523807647338847
5;13,5;0,0957894866149232
5;14;0,111778986559519
5;14,5;0,167368231578531
5;15;0,171058591326676
5;15,5;0,171328158448378
5;16;0,193688853261851
5;16,5;0,169388905921478
5;17;0,186397909022083
5;17,5;0,189151924689325
5;18;0,230307740420362
5;18,5;0,210015704315447
5;19;0,142455122423737
5;19,5;0,222759461702029
5;20;0,0757828777711684
5;20,5;0,123683851640767
5;21;0,0503188050618965
5;21,5;0,115360353289642
5;22;0,0633166644731069
5;22,5;0,0629552510626686
5;23;0,0475196553760528
5;23,5;0,0580708977601231
5;24;0,0319030984750336
5;24,5;0,0664508590363335
5;25;0,0282901631902917
5;26;0,0756224173112709
5,5;-46,5;0,0729720266038067
5,5;-46;0,0290215437218629
5,5;-45,5;0,0546137955709605
5,5;-45;0,107637568505825
5,5;-44,5;0,0427737750652585
5,5;-44;0,0329767594931137
5,5;-43,5;0,0453103011666538
5,5;-43;0,0522301080768872
5,5;-42,5;0,0485041006849032
5,5;-42;0,0753398284016479
5,5;-41,5;0,101935853852575
5,5;-41;0,0736240449853171
5,5;-40,5;0,0678490783717615
5,5;-40;0,0577736177601066
5,5;-39,5;0,0947066171570568
5,5;-39;0,0773602038492734
5,5;-38,5;0,0591549464737117
5,5;-38;0,0671800823275654
5,5;-37,5;0,051520222566807
5,5;-37;0,0418620770810162
5,5;-36,5;0,0518630372122564
5,5;-36;0,047497648318045
5,5;-35,5;0,0555238617605638
5,5;-35;0,0358797056335929
5,5;-34,5;0,0572126935888558
5,5;-34;0,0873532731311535
5,5;-33,5;0,0753780346073432
5,5;-33;0,0439486078810255
5,5;-32,5;0,0496392989475073
5,5;-32;0,111875784584827
5,5;-31,5;0,163408912631082
5,5;-31;0,160296731424141
5,5;-30,5;0,186103862294622
5,5;-30;0,138587714845737
5,5;-29,5;0,177178565373217
5,5;-29;0,126482791157914
5,5;-28,5;0,131552273931499
5,5;-28;0,136676032124876
5,5;-27,5;0,041487949169836
5,5;-27;0,0517237217767382
5,5;-26,5;0,0478797152269614
5,5;-26;0,081135651585164
5,5;-25,5;0,10799933051717
5,5;-25;0,159088992410076
5,5;-24,5;0,103538252743875
5,5;-24;0,0342050621181983
5,5;-23,5;0,0883186794899311
5,5;-23;0,0869997484622398
5,5;-22,5;0,0477497495850415
5,5;-22;0,0599778191145305
5,5;-21,5;0,0512188094144496
5,5;-21;0,074861223305667
5,5;-20,5;0,0452492150214244
5,5;-20;0,100592298438054
5,5;-19,5;0,131685391096401
5,5;-19;0,0276949564014745
5,5;-18,5;0,031949012907605
5,5;-18;0,0267894723660974
5,5;-17,5;0,0515259614285203
5,5;-17;0,0824217819367024
5,5;-16,5;0,0924007226877766
5,5;-16;0,256505594661624
5,5;-15,5;0,0501916055266896
5,5;-15;0,0239381899996777
5,5;-14,5;0,03855780527761
5,5;-14;0,044462529322582
5,5;-13,5;0,0427872676353251
5,5;-13;0,0548284951425685
5,5;-12,5;0,0824001164977435
5,5;-12;0,0688785412412761
5,5;-11,5;0,0324757170649018
5,5;-11;0,0231993172494274
5,5;-10,5;0,0700437976447514
5,5;-10;0,0411059397179809
5,5;-9,5;0,0482006299432688
5,5;-9;0,0630849122987473
5,5;-8,5;0,0559224962164586
5,5;-8;0,0469264620251334
5,5;-7,5;0,0463918595575197
5,5;-7;0,0384095129658593
5,5;-6,5;0,0408582296574357
5,5;-6;0,0472143761793764
5,5;-5,5;0,0624485361786693
5,5;-5;0,0479742493856756
5,5;-4,5;0,0518578971328568
5,5;-4;0,044879367081391
5,5;-3,5;0,0531569255487091
5,5;-3;0,0902989682840475
5,5;-2,5;0,0610351603041646
5,5;-2;0,0553128019084227
5,5;-1,5;0,0379283860900498
5,5;-1;0,0464388523091675
5,5;-0,5;0,0495814164517392
5,5;0;0,0555385937212619
5,5;0,5;0,0304895275314705
5,5;1;0,0456162780987906
5,5;1,5;0,0531830580709919
5,5;2;0,0568086775399323
5,5;2,5;0,068737243065788
5,5;3;0,0349509378517076
5,5;3,5;0,0469896842940814
5,5;4;0,0386043349594468
5,5;4,5;0,0256592656565395
5,5;5;0,0360159090075968
5,5;5,5;0,0518271174098068
5,5;6;0,0481691161931196
5,5;6,5;0,055254809627318
5,5;7;0,0567581869417454
5,5;7,5;0,0584327223132356
5,5;8;0,0608818633260455
5,5;8,5;0,0377966499386751
5,5;9;0,0662817588158623
5,5;9,5;0,028508153739258
5,5;10;0,0347100641729702
5,5;10,5;0,0472534282351652
5,5;11;0,0537032211306698
5,5;11,5;0,0381921415491899
5,5;12;0,0472745431864743
5,5;12,5;0,0477037432702417
5,5;13;0,0685946592143096
5,5;13,5;0,0799089008335895
5,5;14;0,100225520212972
5,5;14,5;0,127253243168201
5,5;15;0,119816324377363
5,5;15,5;0,232029397122503
5,5;16;0,168954013978379
5,5;16,5;0,173271230036498
5,5;17;0,227714966100364
5,5;17,5;0,22067970577215
5,5;18;0,263454300441372
5,5;18,5;0,182362586358128
5,5;19;0,159027989722412
5,5;19,5;0,0842647754459263
5,5;20;0,0558614357137373
5,5;20,5;0,0818910233534931
5,5;21;0,0772205813356658
5,5;21,5;0,0647403294431706
5,5;22;0,105194106298785
5,5;22,5;0
5,5;23;0,094456652960697
5,5;23,5;0,104070330130376
5,5;24;0,0371891797129124
5,5;24,5;0,0416561891588524
5,5;25;0,0502025895746425
6;-45,5;0
6;-45;0,0439767349444484
6;-44,5;0,0551003504634057
6;-44;0,0578987024056649
6;-43,5;0,113677134504222
6;-43;0,0949814475013838
6;-42,5;0,0981784090317215
6;-42;0,0855420906651358
6;-41,5;0,102901254006499
6;-41;0,0878645811199519
6;-40,5;0,110028264239126
6;-40;0,0732784948322361
6;-39,5;0,0463539891238317
6;-39;0,055417055136483
6;-38,5;0,0660114183527454
6;-38;0,0668920101779056
6;-37,5;0,0752802124705449
6;-37;0,112961574448462
6;-36,5;0,0604084918066404
6;-36;0,29773468959452
6;-35,5;0,275508435948085
6;-35;0,0851483835978494
6;-34,5;0,0767870007114542
6;-34;0,0812025820737434
6;-33,5;0,0612446419601843
6;-33;0,041230135140645
6;-32,5;0,0535549632173623
6;-32;0,0856291160467639
6;-31,5;0,0747998336961236
6;-31;0,15469830506957
6;-30,5;0,0532243981566705
6;-30;0,115648687469772
6;-29,5;0,10888892655235
6;-29;0,0935058056097411
6;-28,5;0,140152719819174
6;-28;0,0182308069652162
6;-27,5;0,0303472227444128
6;-27;0,0748261987710356
6;-26,5;0,062371544365792
6;-26;0,0545754183618732
6;-25,5;0,112773999570598
6;-25;0,108532888818008
6;-24,5;0,0668950224237025
6;-24;0,0488372640648976
6;-23,5;0,0709437964285438
6;-23;0,0932446520162859
6;-22,5;0,0598957053402603
6;-22;0,114930261298999
6;-21,5;0,0758643163177401
6;-21;0,305219458597148
6;-20,5;0,270130668608314
6;-20;0,066768382515463
6;-19,5;0,0410064487333309
6;-19;0,039686626101453
6;-18,5;0,0437338071586978
6;-18;0,0977254653519201
6;-17,5;0,398863166433421
6;-17;0,078368810876568
6;-16,5;0,0434562269866109
6;-16;0,0374402110847083
6;-15,5;0,0424733900632267
6;-15;0,0452600644810893
6;-14,5;0,0289300194778107
6;-14;0,0619629105863299
6;-13,5;0,0528633765313879
6;-13;0,0693184849159119
6;-12,5;0,140867798475029
6;-12;0,0796519894949394
6;-11,5;0,0310862976785256
6;-11;0,0724811533986479
6;-10,5;0,0690374055854025
6;-10;0,0635674887760294
6;-9,5;0,0566521080049685
6;-9;0,0664674067651705
6;-8,5;0,0445089548385748
6;-8;0,047671015916734
6;-7,5;0,0464576811121276
6;-7;0,0354996129126312
6;-6,5;0,0418705234134539
6;-6;0,059770569725911
6;-5,5;0,0473927262644531
6;-5;0,0434403953936833
6;-4,5;0,113461332903549
6;-4;0,0819324430511322
6;-3,5;0,0347255623921017
6;-3;0,0495194561433346
6;-2,5;0,0431229671177702
6;-2;0,0455670568974389
6;-1,5;0,0538805045626878
6;-1;0,0530337600981198
6;-0,5;0,0467042065896132
6;0;0,0392781496409351
6;0,5;0,0417734579819238
6;1;0,0305617785663883
6;1,5;0,0366974061132309
6;2;0,0405466509995359
6;2,5;0,0399568001467743
6;3;0,0555143394119202
6;3,5;0,0611564808627438
6;4;0,0410966549802888
6;4,5;0,0614791439600348
6;5;0,0574690998896014
6;5,5;0,0355960722151034
6;6;0,106651041583932
6;6,5;0,0589682235838297
6;7;0,0474145445499392
6;7,5;0,0442339951030691
6;8;0,0471872695839249
6;8,5;0,0429970960678773
6;9;0,0392746082282834
6;9,5;0,0538616080957667
6;10;0,0427684854249405
6;10,5;0,0420673507116723
6;11;0,0434404650706046
6;11,5;0,0488785114234083
6;12;0,0598964073684607
6;12,5;0,0445408396195255
6;13;0,0623686724860302
6;13,5;0,0882828984968767
6;14;0,0897920774228985
6;14,5;0,0871422503431705
6;15;0,138616849749526
6;15,5;0,137520657075397
6;16;0,195642982666557
6;16,5;0,222276550416064
6;17;0,13722303707746
6;17,5;0,237929251189148
6;18;0,172623394601185
6;18,5;0,175291495016467
6;19;0,290644685713215
6;19,5;0,0619156972942127
6;20;0,055424931907248
6;20,5;0,0292232783924049
6;21;0,0698489278892148
6;21,5;0,0672640804719661
6;23;0,192861339384701
6;23,5;0,174306509914278
6;24;0,207052098343802
6,5;-44,5;0
6,5;-44;0,0653222779762004
6,5;-43,5;0,102504503966086
6,5;-43;0,0796398414882811
6,5;-42,5;0,0715559854796998
6,5;-42;0,0910349749638383
6,5;-41,5;0,0482998391185153
6,5;-41;0,16593987808015
6,5;-40,5;0,227725243015144
6,5;-40;0,146736700767538
6,5;-39,5;0,0544775094311077
6,5;-39;0,0643753882447655
6,5;-38,5;0,0676021664597586
6,5;-38;0,0774694204903529
6,5;-37,5;0,0915461372101261
6,5;-37;0,106237929559643
6,5;-36,5;0,0962352838169567
6,5;-36;0,352742143205563
6,5;-35,5;0,284241331939267
6,5;-35;0,0728552506144035
6,5;-34,5;0,0612774078769046
6,5;-34;0,0457167876750398
6,5;-33,5;0,041596774714714
6,5;-33;0,0817820437369202
6,5;-32,5;0,0612088228934359
6,5;-32;0,0524627703773893
6,5;-31,5;0,0837953171269958
6,5;-31;0,0646058992834418
6,5;-30,5;0,134282527510555
6,5;-30;0,0418579143887413
6,5;-29,5;0,094378028813358
6,5;-29;0,0761454299070305
6,5;-28,5;0,105267753937456
6,5;-28;0,0637742864177328
6,5;-27,5;0,0331153479808569
6,5;-27;0,0738339870469655
6,5;-26,5;0,0735835627926169
6,5;-26;0,0551130772787068
6,5;-25,5;0,0497675977866636
6,5;-25;0,0376313191553315
6,5;-24,5;0,0410069338947815
6,5;-24;0,0431040963069727
6,5;-23,5;0,0314526273324971
6,5;-23;0,0898270402018473
6,5;-22,5;0,247556280722512
6,5;-22;0,13806728798667
6,5;-21,5;0,102106433292308
6,5;-21;0,266843194711839
6,5;-20,5;0,326117809010081
6,5;-20;0,0526424651594371
6,5;-19,5;0,0201134287804697
6,5;-19;0,193017304365092
6,5;-18,5;0,332422485807541
6,5;-18;0,208465343202022
6,5;-17,5;0,0425427698663887
6,5;-17;0,0305560237634954
6,5;-16,5;0,0347822722224843
6,5;-16;0,0400335071860152
6,5;-15,5;0,0333415382205822
6,5;-15;0,0520334917288972
6,5;-14,5;0,0249809662056209
6,5;-14;0,0240789039550466
6,5;-13,5;0,0377184358494676
6,5;-13;0,134604098849589
6,5;-12,5;0,0598863245068051
6,5;-12;0,119511229770194
6,5;-11,5;0,0754101156158117
6,5;-11;0,038190792206193
6,5;-10,5;0,0389459798470519
6,5;-10;0,059066402614562
6,5;-9,5;0,0836694463638087
6,5;-9;0,0290637048394048
6,5;-8,5;0,0322572303403376
6,5;-8;0,0489442382285404
6,5;-7,5;0,0377017031096335
6,5;-7;0,0482183455705142
6,5;-6,5;0,0431142723302192
6,5;-6;0,0588236941822356
6,5;-5,5;0,0359266124956298
6,5;-5;0,059793433969101
6,5;-4,5;0,116695157476521
6,5;-4;0,0726655764385408
6,5;-3,5;0,0741079660339235
6,5;-3;0,038652927605148
6,5;-2,5;0,045556982510502
6,5;-2;0,0690371104482772
6,5;-1,5;0,0708051743422977
6,5;-1;0,0681243365055911
6,5;-0,5;0,0425532669745139
6,5;0;0,0294862831899604
6,5;0,5;0,0470550544709121
6,5;1;0,0302319947745313
6,5;1,5;0,0546497095842385
6,5;2;0,0552269400249365
6,5;2,5;0,0389040653799677
6,5;3;0,0408972841953998
6,5;3,5;0,0430884343609242
6,5;4;0,0391789569697902
6,5;4,5;0,0488162979183392
6,5;5;0,0340590348397874
6,5;5,5;0,150703873472073
6,5;6;0,274588296496012
6,5;6,5;0,234017306959423
6,5;7;0,0585201717790584
6,5;7,5;0,0488883343224685
6,5;8;0,0512927662453682
6,5;8,5;0,0540896784007771
6,5;9;0,0828497795211348
6,5;9,5;0,0497064116566577
6,5;10;0,0668495272977406
6,5;10,5;0,0517606314003506
6,5;11;0,0441311538210861
6,5;11,5;0,0496460078192046
6,5;12;0,040612820885552
6,5;12,5;0,0544570604106706
6,5;13;0,0747890872401019
6,5;13,5;0,105363629624702
6,5;14;0,10089632793141
6,5;14,5;0,0850752540435508
6,5;15;0,0940049460669888
6,5;15,5;0,118494160602395
6,5;16;0,182804437488786
6,5;16,5;0,214977993768846
6,5;17;0,177008814386093
6,5;17,5;0,19644513686763
6,5;18;0,165250601482483
6,5;18,5;0,319307937301172
6,5;19;0,186547409248791
6,5;19,5;0
6,5;20;0,0518424812016444
6,5;20,5;0,0480589915277741
6,5;21;0,0717999775878043
6,5;21,5;0,0256043616076116
6,5;22,5;0,210857869489239
6,5;23;0,288412421715848
6,5;23,5;0,184776052160784
6,5;24;0,234759451353934
7;-43;0,0674714754544467
7;-42,5;0,0476892172079653
7;-42;0,0406423424521766
7;-41,5;0
7;-41;0,0644500544903534
7;-40,5;0,202355653807892
7;-40;0,274743867282206
7;-39,5;0,0815241427323976
7;-39;0,0793244079847285
7;-38,5;0,0731576756931254
7;-38;0,0503556336428427
7;-37,5;0,0631898123193318
7;-37;0,111522079618452
7;-36,5;0,074641834175554
7;-36;0,106661448125033
7;-35,5;0,0384913624107689
7;-35;0,0545381371460499
7;-34,5;0,087179976535143
7;-34;0,0432314155269237
7;-33,5;0,0525090920806218
7;-33;0,0633919160118185
7;-32,5;0,0582574838009248
7;-32;0,111566122435642
7;-31,5;0,0690274480443071
7;-31;0,108846870290302
7;-30,5;0,147628454030923
7;-30;0,154203682052081
7;-29,5;0,0481587291388332
7;-29;0,0748365602504514
7;-28,5;0,0729723829475961
7;-28;0,125767229533233
7;-27,5;0,0662694015291641
7;-27;0,0622404244367793
7;-26,5;0,0797037491783645
7;-26;0,034663201893669
7;-25,5;0,0312158714539676
7;-25;0,0505032583367035
7;-24,5;0,06543942287312
7;-24;0,0827133703229511
7;-23,5;0,0655806884641104
7;-23;0,0603668468942126
7;-22,5;0,0824256988205329
7;-22;0,103455889389172
7;-21,5;0,0910156363428622
7;-21;0,0772068672520599
7;-20,5;0,0782345926300171
7;-20;0,0407615791967818
7;-19,5;0,095366436871435
7;-19;0,286705983574662
7;-18,5;0,122189338728759
7;-18;0,299478051861073
7;-17,5;0,0728743076819625
7;-17;0,0218165497748375
7;-16,5;0,0393417895063829
7;-16;0,0326655565609125
7;-15,5;0,0258555560685576
7;-15;0,0393434146060503
7;-14,5;0,0340364267035999
7;-14;0,0329635123721169
7;-13,5;0,048369582138875
7;-13;0,107582179040397
7;-12,5;0,0949717529034687
7;-12;0,0935579955685164
7;-11,5;0,101662337024243
7;-11;0,0774924028327637
7;-10,5;0,0601755042897574
7;-10;0,0734301960939231
7;-9,5;0,0767369556365143
7;-9;0,0654266558930634
7;-8,5;0,0507695083214976
7;-8;0,0435378086193057
7;-7,5;0,0509327555531339
7;-7;0,0278258332713538
7;-6,5;0,0309453320196841
7;-6;0,0631899744026991
7;-5,5;0,0501423170426984
7;-5;0,0344119305009418
7;-4,5;0,0587123213619124
7;-4;0,0453546833452657
7;-3,5;0,0464783078919659
7;-3;0,061598586990008
7;-2,5;0,0421090571326534
7;-2;0,122575827505217
7;-1,5;0,0652685982380991
7;-1;0,0769447435061252
7;-0,5;0,0393728731552051
7;0;0,0383714333756519
7;0,5;0,0422278276766028
7;1;0,0244514351121789
7;1,5;0,0517986772041812
7;2;0,0522515759650098
7;2,5;0,0448172745789667
7;3;0,0444924515995339
7;3,5;0,0385075123460151
7;4;0,0589928409432474
7;4,5;0,0722857015683091
7;5;0,0714613123593336
7;5,5;0,164310418523366
7;6;0,304055178534294
7;6,5;0,2818145035915
7;7;0,06156396360069
7;7,5;0,0553740956892965
7;8;0,0501052017559167
7;8,5;0,0415088356177746
7;9;0,0457732367448736
7;9,5;0,0335705960185955
7;10;0,0413739414402717
7;10,5;0,0317261337224631
7;11;0,0653414781890479
7;11,5;0,0798297815931474
7;12;0,0659041589594135
7;12,5;0,0668954484646788
7;13;0,0571341855597371
7;13,5;0,0958028970112991
7;14;0,0560348393930638
7;14,5;0,0795006738515916
7;15;0,122567161422762
7;15,5;0,154728002882111
7;16;0,143039132926577
7;16,5;0,239958554980038
7;17;0,276195590059389
7;17,5;0,217532831461214
7;18;0,111429382807863
7;18,5;0,0401123422402632
7;20;0,0410121933088198
7;20,5;0,0945537451097825
7;21;0,351304058710779
7;21,5;0
7;22;0,243172152295804
7;22,5;0,167569759071132
7;23;0,206119384350038
7;23,5;0,29499129930672
7;24,5;0,0478844094321593
7,5;-42;0
7,5;-41,5;0
7,5;-41;0
7,5;-40,5;0,0594732432835697
7,5;-40;0,124026739192128
7,5;-39,5;0,0718563381570014
7,5;-39;0,0419230897542805
7,5;-38,5;0
7,5;-38;0,0658136573972302
7,5;-37,5;0,0723863981725441
7,5;-37;0,0542715304259823
7,5;-36,5;0,0540451428932863
7,5;-36;0,0565483682233002
7,5;-35,5;0,0503156228696605
7,5;-35;0,0609560417382087
7,5;-34,5;0,0642103805702238
7,5;-34;0,0799664388964664
7,5;-33,5;0,0788589790691468
7,5;-33;0,0919200052019246
7,5;-32,5;0,084994485215806
7,5;-32;0,103900316868673
7,5;-31,5;0,101611028486495
7,5;-31;0,0570894295321588
7,5;-30,5;0,13330766521223
7,5;-30;0,156702968233421
7,5;-29,5;0,053690562211512
7,5;-29;0,078752242379659
7,5;-28,5;0,0568859973771061
7,5;-28;0,0606394843729032
7,5;-27,5;0,0464037376971238
7,5;-27;0,0613611525432286
7,5;-26,5;0,0527200283207304
7,5;-26;0,0473430421114195
7,5;-25,5;0,0650746171024174
7,5;-25;0,0539306450801812
7,5;-24,5;0,0739875696793447
7,5;-24;0,0520947338833498
7,5;-23,5;0,0487057735610368
7,5;-23;0,0311180419328263
7,5;-22,5;0,0290641842156925
7,5;-22;0,0413354781153671
7,5;-21,5;0,0808828022893963
7,5;-21;0,16293379555458
7,5;-20,5;0,040184303771718
7,5;-20;0,0369957395854543
7,5;-19,5;0,037989320694665
7,5;-19;0,282663498256767
7,5;-18,5;0,257756817858617
7,5;-18;0,297224131604074
7,5;-17,5;0,0739982425008276
7,5;-17;0,0333783038726549
7,5;-16,5;0,023843341079428
7,5;-16;0,0257229356860856
7,5;-15,5;0,0384615805500865
7,5;-15;0,0538159631962194
7,5;-14,5;0,0298865367315298
7,5;-14;0,0499699112711806
7,5;-13,5;0,0708635446986715
7,5;-13;0,126565465635197
7,5;-12,5;0,0380427049386316
7,5;-12;0,0519408176177323
7,5;-11,5;0,0914416038471783
7,5;-11;0,0659386801104354
7,5;-10,5;0,0520493725694551
7,5;-10;0,0740877302356069
7,5;-9,5;0,0752441031996063
7,5;-9;0,0497123215416087
7,5;-8,5;0,0683107067820589
7,5;-8;0,045642103486192
7,5;-7,5;0,0615247254262009
7,5;-7;0,0451170333046719
7,5;-6,5;0,0488998799830408
7,5;-6;0,0584609753960512
7,5;-5,5;0,0282705900275216
7,5;-5;0,0417518476026717
7,5;-4,5;0,0453373718077967
7,5;-4;0,0323897595275373
7,5;-3,5;0,0627158479668967
7,5;-3;0,0995939568070924
7,5;-2,5;0,0442024364957053
7,5;-2;0,0447076036063005
7,5;-1,5;0,0321686010239198
7,5;-1;0,0498982950834811
7,5;-0,5;0,0388849359552209
7,5;0;0,0303785591823812
7,5;0,5;0,0379751191084656
7,5;1;0,0328615181449006
7,5;1,5;0,0562627047037515
7,5;2;0,0443129615963563
7,5;2,5;0,0720299021081301
7,5;3;0,0571809210517139
7,5;3,5;0,0505328748368857
7,5;4;0,0782633421509565
7,5;4,5;0,0852173625474986
7,5;5;0,0850272083995723
7,5;5,5;0,115591513618665
7,5;6;0,139117277646922
7,5;6,5;0
7,5;7;0,0366062770507944
7,5;7,5;0,0579167747291841
7,5;8;0,0575244261506397
7,5;8,5;0,0582588711070468
7,5;9;0,0560869847341532
7,5;9,5;0,045189933636163
7,5;10;0,0367389271546259
7,5;10,5;0,108086658042886
7,5;11;0,094613132981155
7,5;11,5;0,0830475324908297
7,5;12;0,0679793705182205
7,5;12,5;0,0720703277348761
7,5;13;0,0613670881841001
7,5;13,5;0,0509748105747467
7,5;14;0,0436697828311937
7,5;14,5;0,0402686629699982
7,5;15;0,101966603992872
7,5;15,5;0,0954669564183304
7,5;16;0,2012667561791
7,5;16,5;0,21335089640162
7,5;17;0,163015814705678
7,5;17,5;0,241068383380039
7,5;18;0,253918359583023
7,5;18,5;0,0336005952328229
7,5;19,5;0,0887487089107967
7,5;20;0,0971269419735989
7,5;20,5;0,192997608594192
7,5;21;0,294429674681975
7,5;21,5;0,091707609903899
7,5;22;0,243533579716375
7,5;22,5;0,198687668269571
7,5;23;0,227496721869873
7,5;24;0,0127279220613579
7,5;24,5;0,0605491666418925
7,5;25;0
8;-41;0
8;-40,5;0,0242590189414164
8;-40;0,0741005657613614
8;-39,5;0,0605508489042912
8;-39;0,0379601066511897
8;-38,5;0
8;-38;0,0592857487091122
8;-37,5;0,0439972151472279
8;-37;0,0223274381144282
8;-36,5;0,0581191911903064
8;-36;0,06714551578367
8;-35,5;0,0908546773180797
8;-35;0,0699294832959077
8;-34,5;0,0571690370516227
8;-34;0,0477165240421666
8;-33,5;0,0940406739217045
8;-33;0,130486420298639
8;-32,5;0,0855906863589599
8;-32;0,0719121711559341
8;-31,5;0,0739732436773043
8;-31;0,0764782269140648
8;-30,5;0,0821398668240509
8;-30;0,0303823793082615
8;-29,5;0,0705911044872468
8;-29;0,0979171756302016
8;-28,5;0,0706684344151324
8;-28;0,0537607072854829
8;-27,5;0,0708794698907018
8;-27;0,0538395322982587
8;-26,5;0,0430540298292283
8;-26;0,0693237214127709
8;-25,5;0,072653847314382
8;-25;0,0893297450257815
8;-24,5;0,0817348618584542
8;-24;0,0567086246017554
8;-23,5;0,0284792288971315
8;-23;0,097828721090795
8;-22,5;0,0613138540444873
8;-22;0,0220135699664421
8;-21,5;0,0702895161421256
8;-21;0,107558168264309
8;-20,5;0,130100722595234
8;-20;0,0365183627435459
8;-19,5;0,0357353080266851
8;-19;0,0464294998550504
8;-18,5;0,22447654141816
8;-18;0,0499230157622669
8;-17,5;0,0419161197647942
8;-17;0,040410760010223
8;-16,5;0,0595764386448909
8;-16;0,0723963821997095
8;-15,5;0,0517385811215769
8;-15;0,0700460070160868
8;-14,5;0,0362066640623314
8;-14;0,0651946710011265
8;-13,5;0,0826432222816915
8;-13;0,100280892976937
8;-12,5;0,0494930706548956
8;-12;0,0459454344547197
8;-11,5;0,044594120067959
8;-11;0,0731563071604993
8;-10,5;0,0586570147395114
8;-10;0,0601188592780698
8;-9,5;0,0914781543113455
8;-9;0,0709021255382061
8;-8,5;0,052277760959016
8;-8;0,0359499642555036
8;-7,5;0,0309499608232792
8;-7;0,0431189999648913
8;-6,5;0,0584718540935674
8;-6;0,0938868449527004
8;-5,5;0,0271868961257976
8;-5;0,031644071623411
8;-4,5;0,0403170071362666
8;-4;0,0524704093091855
8;-3,5;0,250016268378243
8;-3;0,23094838529145
8;-2,5;0,245629443728503
8;-2;0,0503611472900408
8;-1,5;0,0409320369962339
8;-1;0,035845667019571
8;-0,5;0,0737332466347343
8;0;0,0896919450642932
8;0,5;0,0754549132595515
8;1;0,0492711069391636
8;1,5;0,0685397803838986
8;2;0,0610450557538088
8;2,5;0,0396629741087518
8;3;0,0715096749639192
8;3,5;0,0629469497040458
8;4;0,0905481320634694
8;4,5;0,083598431858967
8;5;0,0607551381628485
8;5,5;0,0776956169362783
8;6;0,0503170084492879
8;6,5;0,0366859436506472
8;7;0,0287986391373206
8;7,5;0,0471629707696483
8;8;0,060881313488499
8;8,5;0,0710579149196433
8;9;0,0342299937645083
8;9,5;0,050071764666654
8;10;0,048954629496391
8;10,5;0,0558639593556277
8;11;0,0529810804430269
8;11,5;0,0790855083136722
8;12;0,0772501645356958
8;12,5;0,0580567330211083
8;13;0,0642464205587316
8;13,5;0,0675834581056919
8;14;0,0690686106199696
8;14,5;0,0288494798933807
8;15;0,214644520359265
8;15,5;0,102152296867565
8;16;0,112855888693959
8;16,5;0,335827046078854
8;17;0,146924369493315
8;17,5;0,337860348736319
8;18;0,296192567085227
8;20;0,0788847863900862
8;20,5;0,0563717817509592
8;21;0,10334952830081
8;21,5;0,192175760072913
8;22;0,155355748699062
8;22,5;0,211076517235461
8;23;0,230625292717485
8;23,5;0,0429839394148448
8;24;0,0922663141524182
8;24,5;0,0634025140501446
8,5;-39,5;0,0409933475756073
8,5;-39;0,0400901557521955
8,5;-38,5;0,0607856680139113
8,5;-38;0,0446129895947325
8,5;-37,5;0,0378731435188578
8,5;-37;0,0600460327617085
8,5;-36,5;0,051532502175693
8,5;-36;0,0578091333834634
8,5;-35,5;0,104103954745034
8,5;-35;0,0686643419609146
8,5;-34,5;0,0820639857617435
8,5;-34;0,0905050896076349
8,5;-33,5;0,0903053250043314
8,5;-33;0,0295645740610087
8,5;-32,5;0,0881645692149049
8,5;-32;0,0825672686126521
8,5;-31,5;0,0517015473656253
8,5;-31;0,0709475763212429
8,5;-30,5;0,0268504420179471
8,5;-30;0,0782360539309092
8,5;-29,5;0,0981993596062937
8,5;-29;0,0797186765464726
8,5;-28,5;0,105382113647815
8,5;-28;0,0766173319039165
8,5;-27,5;0,0693558209452523
8,5;-27;0,0434723492408088
8,5;-26,5;0,052089742044514
8,5;-26;0,110620872109554
8,5;-25,5;0,0981347557201121
8,5;-25;0,0971337721751281
8,5;-24,5;0,0715640065908657
8,5;-24;0,0603227177838522
8,5;-23,5;0,0296898498978016
8,5;-23;0,348000960069871
8,5;-22,5;0,298563489316034
8,5;-22;0,0825511297526785
8,5;-21,5;0,0599681453087568
8,5;-21;0,0443383803866204
8,5;-20,5;0,0787916713981477
8,5;-20;0,163490686805266
8,5;-19,5;0,0946535391585942
8,5;-19;0,0399262730907001
8,5;-18,5;0,0630109728753866
8,5;-18;0,0687942145535797
8,5;-17,5;0,030854349629981
8,5;-17;0,0273663729300567
8,5;-16,5;0,0269481728593043
8,5;-16;0,0500965581494733
8,5;-15,5;0,0607445809852397
8,5;-15;0,0572766449642037
8,5;-14,5;0,0572624196963429
8,5;-14;0,0559286480979565
8,5;-13,5;0,0618742628496132
8,5;-13;0,0361816769460832
8,5;-12,5;0,0625259525064761
8,5;-12;0,0397176389017737
8,5;-11,5;0,0482332937791351
8,5;-11;0,0681204655451426
8,5;-10,5;0,0758532856135801
8,5;-10;0,0707325176667158
8,5;-9,5;0,0612112853519684
8,5;-9;0,0478734762869876
8,5;-8,5;0,0729275065691458
8,5;-8;0,0551902237869213
8,5;-7,5;0,0516042404224964
8,5;-7;0,0379037973140125
8,5;-6,5;0,0315664219075023
8,5;-6;0,0712632842541303
8,5;-5,5;0,0328260012285463
8,5;-5;0,0527134026816053
8,5;-4,5;0,0375466058958724
8,5;-4;0,0507140413348325
8,5;-3,5;0,052483291847232
8,5;-3;0,281505561139351
8,5;-2,5;0,0397175251714599
8,5;-2;0,0840339464790545
8,5;-1,5;0,0366605769328508
8,5;-1;0,0271723518336782
8,5;-0,5;0,0323734053823322
8,5;0;0,0424723396306306
8,5;0,5;0,0316894193421971
8,5;1;0,0290739182493858
8,5;1,5;0,0590875266621484
8,5;2;0,0863258303748014
8,5;2,5;0,0317847054622584
8,5;3;0,058573018869774
8,5;3,5;0,0589125555168918
8,5;4;0,0478353973271794
8,5;4,5;0,0673969537598999
8,5;5;0
8,5;5,5;0,0530486748633922
8,5;6;0,0468946698772161
8,5;6,5;0,0513327519392599
8,5;7;0,0520632683960959
8,5;7,5;0,0582214683299794
8,5;8;0,0726144931152839
8,5;8,5;0,0342988414719184
8,5;9;0,0150653123553293
8,5;9,5;0,03137112623059
8,5;10;0,0357724993351523
8,5;10,5;0,0606666955784938
8,5;11;0,0786140960682557
8,5;11,5;0,206179099358594
8,5;12;0,255572061918955
8,5;12,5;0,297774247204595
8,5;13;0,0729843770833568
8,5;13,5;0,0720198715297472
8,5;14;0,025379472946829
8,5;14,5;0,0190717941823346
8,5;15;0,057065353284235
8,5;15,5;0,135482145556918
8,5;16;0,0531374005135115
8,5;16,5;0,2908646247152
8,5;17;0,227439006589048
8,5;17,5;0,241186135031445
8,5;18;0,291907287838872
8,5;18,5;0
8,5;19;0
8,5;19,5;0,00721110255092799
8,5;20;0,0443044660760709
8,5;20,5;0,0577934540699319
8,5;21;0,136583640708142
8,5;21,5;0,141067258527879
8,5;22;0,245056744913225
8,5;22,5;0,296365062643387
8,5;23;0,249021223415874
8,5;23,5;0,280575004826398
8,5;24;0,0669459755053553
8,5;24,5;0,0268700576850888
9;-38,5;0,0166373074744683
9;-38;0,051989059607196
9;-37,5;0,0689373611048288
9;-37;0,0568581546807015
9;-36,5;0,102883500649435
9;-36;0,0810311387958077
9;-35,5;0,0810219732564934
9;-35;0,0923117341236821
9;-34,5;0,286875958787656
9;-34;0,258455245710138
9;-33,5;0,0780886983419699
9;-33;0,0552939696252953
9;-32,5;0,0598830228944434
9;-32;0,0726354197963951
9;-31,5;0,0437029621036358
9;-31;0,0315721166652576
9;-30,5;0,0515703740952163
9;-30;0,101991487023447
9;-29,5;0,11820150085847
9;-29;0,107417981318877
9;-28,5;0,0725198786318667
9;-28;0,0427737124433977
9;-27,5;0,0963844330792667
9;-27;0,142718643420144
9;-26,5;0,0824905792706613
9;-26;0,0772042733261561
9;-25,5;0,0782935534516798
9;-25;0,0513288094713838
9;-24,5;0,0345552720587118
9;-24;0,0209989031281224
9;-23,5;0,0464574041896489
9;-23;0,162829066208278
9;-22,5;0,314517483040366
9;-22;0,0615084788705831
9;-21,5;0,0537068149542899
9;-21;0,0421731169688914
9;-20,5;0,044368664314084
9;-20;0,118424435814276
9;-19,5;0,11915431764792
9;-19;0,0769134735843662
9;-18,5;0,12380398501998
9;-18;0,207017635464074
9;-17,5;0,0562608948408065
9;-17;0,0322839303696569
9;-16,5;0,0278533180430506
9;-16;0,0376485712165164
9;-15,5;0,0821286759537703
9;-15;0,0528725968964453
9;-14,5;0,04427431482554
9;-14;0,0452491943080198
9;-13,5;0,0647106354401372
9;-13;0,04829783926438
9;-12,5;0,0690656098603916
9;-12;0,0243603431603875
9;-11,5;0,020597324953736
9;-11;0,0472228891981685
9;-10,5;0,0833698516186789
9;-10;0,321259460633974
9;-9,5;0,327226756339316
9;-9;0,0978732411046478
9;-8,5;0,0550027496152136
9;-8;0,0430526553037873
9;-7,5;0,0399581857141009
9;-7;0,0677791518950586
9;-6,5;0,0260714065403789
9;-6;0,0414175037398206
9;-5,5;0,0815231624263559
9;-5;0,0641206627137625
9;-4,5;0,0312895168910753
9;-4;0,0681728201666933
9;-3,5;0,0559875675732772
9;-3;0,0345666668432821
9;-2,5;0,0247795890897449
9;-2;0,0584223969945451
9;-1,5;0,0446326173341743
9;-1;0,0401949950702837
9;-0,5;0,0444057433285067
9;0;0,0395390127335009
9;0,5;0,0450587708252547
9;1;0,0480507487501032
9;1,5;0,0328924238679905
9;2;0,043493436759938
9;2,5;0,0464599614935056
9;3;0,061234048817651
9;3,5;0,0502468351684406
9;4;0,037901347771244
9;4,5;0,0387726703278144
9;5;0,0257409496955351
9;5,5;0,0394407428901903
9;6;0,0433715838506537
9;6,5;0,0238642447412068
9;7;0,0651849651228595
9;7,5;0,0795932262802022
9;8;0,0979190017523848
9;8,5;0,0356555542431624
9;9;0,0332056950208572
9;9,5;0,0405525220208746
9;10;0,0634465391502808
9;10,5;0,0523555698188541
9;11;0,0696342040310058
9;11,5;0,224439338500778
9;12;0,205243470914281
9;12,5;0,246663333310811
9;13;0,0318882597692491
9;13,5;0,0477420150391665
9;14;0,0328526018344582
9;14,5;0,095005416512253
9;15;0,033338283946097
9;15,5;0,0706068929590683
9;16;0,0962658660121246
9;16,5;0,161467153085151
9;17;0,309680628772183
9;17,5;0,207771394520402
9;19;0
9;19,5;0,068764948788014
9;20;0,0679789883503929
9;20,5;0,0821997366376359
9;21;0,0874368846151828
9;21,5;0,166837010987653
9;22;0,230484746093572
9;22,5;0,20384663753873
9;23;0,228580463351106
9;23,5;0,278194656071368
9,5;-37,5;0
9,5;-37;0,063029871536299
9,5;-36,5;0,0989221916457576
9,5;-36;0
9,5;-35,5;0
9,5;-35;0,20404732005966
9,5;-34,5;0,296473642627716
9,5;-34;0,302046464939113
9,5;-33,5;0,0803217031111517
9,5;-33;0,0586727192823717
9,5;-32,5;0,0716219705583885
9,5;-32;0,0756067185276866
9,5;-31,5;0,057278188772786
9,5;-31;0,0544625833758747
9,5;-30,5;0,123907106510365
9,5;-30;0,122057410098478
9,5;-29,5;0,126803185394086
9,5;-29;0,0854322409742855
9,5;-28,5;0,0425655604088999
9,5;-28;0,0702205563847773
9,5;-27,5;0,183177488670062
9,5;-27;0,113255511117315
9,5;-26,5;0,0904675412249557
9,5;-26;0,0397280123511343
9,5;-25,5;0,0565676267873347
9,5;-25;0,0433358145529366
9,5;-24,5;0,043804194509069
9,5;-24;0,0611300327485567
9,5;-23,5;0,059290524471747
9,5;-23;0,052644538155099
9,5;-22,5;0,0481144071444655
9,5;-22;0,0306625370194736
9,5;-21,5;0,0408752069696705
9,5;-21;0,0244132872304541
9,5;-20,5;0,0479843398423855
9,5;-20;0,0938402723851091
9,5;-19,5;0,14073732172203
9,5;-19;0,093794358862279
9,5;-18,5;0,277993957243726
9,5;-18;0,198899186650343
9,5;-17,5;0,263717614397969
9,5;-17;0,0551660051525224
9,5;-16,5;0,0301713540640888
9,5;-16;0,0371389859354801
9,5;-15,5;0,0513765217251249
9,5;-15;0,0732822487629533
9,5;-14,5;0,0381295583419144
9,5;-14;0,043958463650239
9,5;-13,5;0,041346246363249
9,5;-13;0,0379957916452956
9,5;-12,5;0,0874631816635511
9,5;-12;0,0408774481317727
9,5;-11,5;0,0342739609983399
9,5;-11;0,0484484939756277
9,5;-10,5;0,0788614745317316
9,5;-10;0,291570419666566
9,5;-9,5;0,333436532679087
9,5;-9;0,187021625652058
9,5;-8,5;0,0834766284846277
9,5;-8;0,0557761288533475
9,5;-7,5;0,0444213950456138
9,5;-7;0,0290380787220886
9,5;-6,5;0,044578092296773
9,5;-6;0,0511934936577814
9,5;-5,5;0,0725487762383833
9,5;-5;0,0737617631757654
9,5;-4,5;0,068339553061858
9,5;-4;0,0520720559578757
9,5;-3,5;0,0547826068990515
9,5;-3;0,044158070770937
9,5;-2,5;0,0353533303583891
9,5;-2;0,0321638195357565
9,5;-1,5;0,055782548546763
9,5;-1;0,048756973083267
9,5;-0,5;0,0621720588916943
9,5;0;0,0508281801177358
9,5;0,5;0,273549360392865
9,5;1;0,117087476793239
9,5;1,5;0,0592186416403694
9,5;2;0,0554875877441197
9,5;2,5;0,0469274781151426
9,5;3;0,0425751315056289
9,5;3,5;0,0536496700793023
9,5;4;0,0646165919466685
9,5;4,5;0,0410823966156834
9,5;5;0,0396870402830645
9,5;5,5;0,0241224554542621
9,5;6;0,0339350545537412
9,5;6,5;0,0393423995806294
9,5;7;0,049327728573304
9,5;7,5;0,0654032364132948
9,5;8;0,0665034275985301
9,5;8,5;0,0462074767130119
9,5;9;0,0596781243126702
9,5;9,5;0,0737667678087118
9,5;10;0,0619795739306444
9,5;10,5;0,0445405248167483
9,5;11;0,0367549698338419
9,5;11,5;0,0880261713668919
9,5;12;0,119722944055571
9,5;12,5;0
9,5;13;0,0162040559296563
9,5;13,5;0,0638689426095764
9,5;14;0,0537399743997413
9,5;14,5;0,0559534637019964
9,5;15;0,0721567536787048
9,5;15,5;0,0825680986161781
9,5;16;0,0361067860657799
9,5;16,5;0,129753836055103
9,5;17;0
9,5;19;0,160966423999455
9,5;19,5;0,205624765426081
9,5;20;0,162634559672906
9,5;22,5;0,122846652376042
9,5;23;0,0763675323681471
10;-36;0
10;-35,5;0,0609799342485082
10;-35;0,0722618593435671
10;-34,5;0,0895378508674846
10;-34;0,159407611924827
10;-33,5;0,125408231409773
10;-33;0,074487354021276
10;-32,5;0,0233903632060105
10;-32;0,0396599561069964
10;-31,5;0,0383776484745877
10;-31;0,119869648804034
10;-30,5;0,122914683905217
10;-30;0,140385481205619
10;-29,5;0,0718979975739091
10;-29;0,0374625352304635
10;-28,5;0,100458104652125
10;-28;0,155795603882149
10;-27,5;0,098584411081437
10;-27;0,101153904419355
10;-26,5;0,0716409013165668
10;-26;0,0476086703639911
10;-25,5;0,0635109936458651
10;-25;0,0610000441231215
10;-24,5;0,0511399549488976
10;-24;0,0592344642198478
10;-23,5;0,0691701639575974
10;-23;0,0418562357221993
10;-22,5;0,0322638741591517
10;-22;0,0303050032905527
10;-21,5;0,0313459515450928
10;-21;0,0292879958897718
10;-20,5;0,0476942749148063
10;-20;0,0468616314270001
10;-19,5;0,03627863845079
10;-19;0,0757527151074722
10;-18,5;0,0932869527616566
10;-18;0,278337479230549
10;-17,5;0,14525857962037
10;-17;0,0564759360912975
10;-16,5;0,0265130780842114
10;-16;0,152381566908823
10;-15,5;0,140466247321395
10;-15;0,0648261486558437
10;-14,5;0,0447878754648067
10;-14;0,0547180079684888
10;-13,5;0,0591259876772726
10;-13;0,0714478316364933
10;-12,5;0,037322336343314
10;-12;0,0586424837770443
10;-11,5;0,0558573073812083
10;-11;0,0538456849254211
10;-10,5;0,0820130574256122
10;-10;0,0626447752639266
10;-9,5;0,0532154669058119
10;-9;0,0269230291447259
10;-8,5;0,086564680970116
10;-8;0,0632310727184898
10;-7,5;0,0512901464306656
10;-7;0,0381327216742431
10;-6,5;0,0812930817327937
10;-6;0,0748660558316616
10;-5,5;0,19986191376439
10;-5;0,269499154061477
10;-4,5;0,259034835085063
10;-4;0,0577573849756006
10;-3,5;0,0541378317312524
10;-3;0,0461801308798334
10;-2,5;0,0317791653584104
10;-2;0,0311002167974515
10;-1,5;0,0458903193704447
10;-1;0,0491297353044886
10;-0,5;0,0479016800413967
10;0;0,235057025993737
10;0,5;0,202390215965834
10;1;0,263660555358758
10;1,5;0,0863594108989967
10;2;0,0530561398158024
10;2,5;0,0544279299753675
10;3;0,0404415464753597
10;3,5;0,0418898266379508
10;4;0,0338239701677673
10;4,5;0,0339829830540949
10;5;0,0615578751555874
10;5,5;0,0679544704386755
10;6;0,0603425061222417
10;6,5;0,0350863895684
10;7;0,0326620053788101
10;7,5;0,032948071030265
10;8;0,0475439919320114
10;8,5;0,0373893941108966
10;9;0,0486864785487017
10;9,5;0,0691230786351418
10;10;0,0726406681320228
10;10,5;0,0542911231272679
10;11;0,0475941958751827
10;11,5;0,0614254388756222
10;12;0,10842737310336
10;12,5;0
10;13;0,0318747549010185
10;13,5;0,0379811983561792
10;14;0,0442126159738983
10;14,5;0,0743350319142796
10;15;0
10;15,5;0,0488569340012244
10;16;0,0289295120364424
10;16,5;0,0478942738942921
10;17;0,0330807093837683
10;17,5;0
10;18;0
10;19;0,180193229617541
10;19,5;0,241648284249304
10,5;-35;0
10,5;-34,5;0,0631992169701574
10,5;-34;0,199565068922071
10,5;-33,5;0,0805657724935285
10,5;-33;0,0660129708670579
10,5;-32,5;0,0277480468912713
10,5;-32;0,0612761360543843
10,5;-31,5;0,0707544287602493
10,5;-31;0,0917902290761177
10,5;-30,5;0,0885702662494139
10,5;-30;0,0356282057872558
10,5;-29,5;0,0441359314388473
10,5;-29;0,0510787937347673
10,5;-28,5;0,094306976848762
10,5;-28;0,162751484508447
10,5;-27,5;0,118271688084944
10,5;-27;0,0569918020522733
10,5;-26,5;0,0635357301253204
10,5;-26;0,0470457779744923
10,5;-25,5;0,0480877288592728
10,5;-25;0,0735301755389047
10,5;-24,5;0,099549702242926
10,5;-24;0,0431265305907104
10,5;-23,5;0,042957539132848
10,5;-23;0,0419180188886968
10,5;-22,5;0,0484905953000256
10,5;-22;0,0508094767399478
10,5;-21,5;0,0242539869024769
10,5;-21;0,0247882465196893
10,5;-20,5;0,0297115644551788
10,5;-20;0,0503454509814324
10,5;-19,5;0,033213396680433
10,5;-19;0,0590485286988304
10,5;-18,5;0,0163588236469225
10,5;-18;0,0587757558325217
10,5;-17,5;0,0808220556274477
10,5;-17;0,0460107655861993
10,5;-16,5;0,0394778600836166
10,5;-16;0,0709825634154213
10,5;-15,5;0,0391076308426304
10,5;-15;0,055642776036265
10,5;-14,5;0,0750175544361837
10,5;-14;0,0486282751285876
10,5;-13,5;0,068272472454493
10,5;-13;0,047106500360753
10,5;-12,5;0,0356776974636059
10,5;-12;0,0446970317338481
10,5;-11,5;0,0530823078942168
10,5;-11;0,0449820006177766
10,5;-10,5;0,0765628639168334
10,5;-10;0,0259769895621291
10,5;-9,5;0,0425214604059575
10,5;-9;0,0297942649088253
10,5;-8,5;0,0867469184390329
10,5;-8;0,0707001968269889
10,5;-7,5;0,0527523054651592
10,5;-7;0,0554330247412025
10,5;-6,5;0,106701336719518
10,5;-6;0,0785607902143534
10,5;-5,5;0,123116000379924
10,5;-5;0,214752986385033
10,5;-4,5;0,157917161585667
10,5;-4;0,0340733745244751
10,5;-3,5;0,0461920204396125
10,5;-3;0,0448427358046137
10,5;-2,5;0,0282905662516868
10,5;-2;0,0291405951372059
10,5;-1,5;0,0363312367376421
10,5;-1;0,0371411109313133
10,5;-0,5;0,0560180284685124
10,5;0;0,0652099811082754
10,5;0,5;0,115420112715916
10,5;1;0,0900158393295505
10,5;1,5;0,0752521552151917
10,5;2;0,0507610667123435
10,5;2,5;0,0596568419266373
10,5;3;0,0445549996443838
10,5;3,5;0,0188711196234923
10,5;4;0,0349005306197424
10,5;4,5;0,0644346384040651
10,5;5;0,0425417658697658
10,5;5,5;0,0474367624166261
10,5;6;0,0520639583288414
10,5;6,5;0,0570395637845758
10,5;7;0,0259535274208649
10,5;7,5;0,0413471140272672
10,5;8;0,0658971727294683
10,5;8,5;0,0427597553986178
10,5;9;0,0486022709944125
10,5;9,5;0,0438445477455875
10,5;10;0,0578099174417491
10,5;10,5;0,0629383069982414
10,5;11;0,0713788688446908
10,5;11,5;0,0407444071243592
10,5;12;0,100180119057464
10,5;12,5;0,079479165918661
10,5;13;0,06537149174352
10,5;13,5;0,0277071078160354
10,5;14;0,0425547775333051
10,5;14,5;0,0574106692718049
10,5;15;0,0341380949059775
10,5;15,5;0,0337939388504848
10,5;16;0,0668096205581889
10,5;16,5;0,0694923284407798
10,5;17;0,0311929479209644
10,5;17,5;0
10,5;18;0
10,5;18,5;0
11;-34;0
11;-33,5;0,0714809706611953
11;-33;0,030302600862758
11;-32,5;0,057495779379574
11;-32;0,0747873462767637
11;-31,5;0,0843534649631066
11;-31;0,108020501049266
11;-30,5;0,0582521266256457
11;-30;0,0244859838641845
11;-29,5;0,222094343547731
11;-29;0,0970971858091855
11;-28,5;0,140380557350785
11;-28;0,2221268170721
11;-27,5;0,109116505246327
11;-27;0,0559495172887889
11;-26,5;0,0557367258013149
11;-26;0,0528907328453928
11;-25,5;0,0795399100650502
11;-25;0,06583446379653
11;-24,5;0,123425159874679
11;-24;0,0610804238837468
11;-23,5;0,0405250464579734
11;-23;0,0437616516471003
11;-22,5;0,0328756764342591
11;-22;0,0252592117410219
11;-21,5;0,0576780094676844
11;-21;0,0943675062432398
11;-20,5;0,0515214420254329
11;-20;0,0537141033165862
11;-19,5;0,0460322472671228
11;-19;0,0815484657114222
11;-18,5;0,019891411093588
11;-18;0,0177715831221269
11;-17,5;0,142766164681194
11;-17;0,075168810700616
11;-16,5;0,0490683597880251
11;-16;0,104479991095548
11;-15,5;0,0565087645104181
11;-15;0,0557027318642258
11;-14,5;0,0923655641751329
11;-14;0,0857080564648531
11;-13,5;0,0617995310410082
11;-13;0,0769681992475382
11;-12,5;0,0770281067359417
11;-12;0,0533005189602948
11;-11,5;0,0548907569232509
11;-11;0,0872148341882148
11;-10,5;0,0230260965091389
11;-10;0,0311660928465672
11;-9,5;0,0375485993097823
11;-9;0,0411098957980007
11;-8,5;0,0310513959297998
11;-8;0,0690482714576528
11;-7,5;0,0509370357904764
11;-7;0,0712078612676856
11;-6,5;0,126019212259411
11;-6;0,0600278809490063
11;-5,5;0,04973552695518
11;-5;0,037050590232264
11;-4,5;0,0431391253343804
11;-4;0,0275286169572837
11;-3,5;0,0443542080056907
11;-3;0,0835383611587378
11;-2,5;0,0250705916942787
11;-2;0,027078535375346
11;-1,5;0,0324429733080069
11;-1;0,0487756144708635
11;-0,5;0,0550329048300659
11;0;0,0588981340627904
11;0,5;0,0527459008326221
11;1;0,0791283326008652
11;1,5;0,0657632078036361
11;2;0,141587150504178
11;2,5;0,109544581779362
11;3;0,0779098757166074
11;3,5;0,0603132304371584
11;4;0,0529248867627593
11;4,5;0,0646981135864049
11;5;0,0483660016980835
11;5,5;0,0256899480332618
11;6;0,0541521267374485
11;6,5;0,0404720988263537
11;7;0,0542502389031849
11;7,5;0,0484356880101426
11;8;0,04549510313949
11;8,5;0,0758619405168846
11;9;0,106930433680308
11;9,5;0,0693840349851701
11;10;0,083441820292569
11;10,5;0,0680361858178805
11;11;0,0641493841257208
11;11,5;0,0818866008389204
11;12;0,0840957223160618
11;12,5;0,144743100796461
11;13;0,105559134597675
11;13,5;0,154945529680336
11;14;0,0878609317804753
11;14,5;0,0494802786956377
11;15;0,121011304633313
11;15,5;0,13198653552637
11;16;0,120262169395679
11;16,5;0,0776208734813001
11;17;0,0658806295730481
11;17,5;0,067703900787312
11;18;0,0771808209393961
11;18,5;0
11;19;0
11;23;0,103245076161694
11;23,5;0,0465650083217001
11,5;-32,5;0,0432192262211104
11,5;-32;0,0490444642862391
11,5;-31,5;0,0717820490204644
11,5;-31;0,077071353345413
11,5;-30,5;0,0236003645729723
11,5;-30;0,0375376592513301
11,5;-29,5;0,161552617784703
11,5;-29;0,0963118914982705
11,5;-28,5;0,270755407533217
11,5;-28;0,152788692998695
11,5;-27,5;0,327191486082338
11,5;-27;0,0440198108810113
11,5;-26,5;0,066280714191063
11,5;-26;0,079966958502962
11,5;-25,5;0,0900315513657701
11,5;-25;0,0802347728648334
11,5;-24,5;0,103737581306144
11,5;-24;0,0498767067927155
11,5;-23,5;0,03189354477317
11,5;-23;0,0357143140660764
11,5;-22,5;0,0730630539998976
11,5;-22;0,0875663702059753
11,5;-21,5;0,0736291982774979
11,5;-21;0,0542676026847458
11,5;-20,5;0,0656775814988529
11,5;-20;0,0647386140942913
11,5;-19,5;0,0415391269097134
11,5;-19;0,0760333741691038
11,5;-18,5;0,0473211112398168
11,5;-18;0,0386185962439746
11,5;-17,5;0,032450231799783
11,5;-17;0,0480270426467925
11,5;-16,5;0,0678622097627898
11,5;-16;0,0705725035751855
11,5;-15,5;0,112812482402075
11,5;-15;0,0803466087297047
11,5;-14,5;0,0766458929564586
11,5;-14;0,0752826119017515
11,5;-13,5;0,0653266612982156
11,5;-13;0,0619873810467534
11,5;-12,5;0,0654149353510354
11,5;-12;0,058838673302047
11,5;-11,5;0,0550703537397758
11,5;-11;0,0520197285842272
11,5;-10,5;0,0415106823136293
11,5;-10;0,0390901294785131
11,5;-9,5;0,102240755470643
11,5;-9;0,0688210535389543
11,5;-8,5;0,0332554828129123
11,5;-8;0,0727034959950457
11,5;-7,5;0,0648369014951947
11,5;-7;0,0522384681346867
11,5;-6,5;0,0819766319675106
11,5;-6;0,0641367651934511
11,5;-5,5;0,0560343820067082
11,5;-5;0,0251098002858122
11,5;-4,5;0,0526014489575376
11,5;-4;0,0341492076411908
11,5;-3,5;0,0340860186832931
11,5;-3;0,0533607542957359
11,5;-2,5;0,073965522802085
11,5;-2;0,0421855425471808
11,5;-1,5;0,057186969158898
11,5;-1;0,209424920466572
11,5;-0,5;0,172058736292588
11,5;0;0,141051125840988
11,5;0,5;0,151804653434529
11,5;1;0,131374962606445
11,5;1,5;0,243823365531348
11,5;2;0,148960691570252
11,5;2,5;0,107939609906892
11,5;3;0,105517116025037
11,5;3,5;0,069295512725336
11,5;4;0,0843200899982892
11,5;4,5;0,0971432774110172
11,5;5;0,0530149581943599
11,5;5,5;0,0486153161956145
11,5;6;0,0535778441327566
11,5;6,5;0,0521810859306344
11,5;7;0,0586775437793765
11,5;7,5;0,0689653519992478
11,5;8;0,0589710356745616
11,5;8,5;0,0639146883179383
11,5;9;0,0896167289224886
11,5;9,5;0,0252489555446866
11,5;10;0,065558683408019
11,5;10,5;0,0781242423522159
11,5;11;0,0738639555118044
11,5;11,5;0,0771677948835998
11,5;12;0,0909276788285924
11,5;12,5;0,0782580174202783
11,5;13;0,0931652553439995
11,5;13,5;0,114615798035961
11,5;14;0,068469246348929
11,5;14,5;0,0392127894588342
11,5;15;0,0509116882454314
11,5;15,5;0,0176776695296637
11,5;16;0,052232499367231
11,5;16,5;0
11,5;17;0,198702301269051
11,5;17,5;0,290504840226668
11,5;18;0,0997281255906097
11,5;18,5;0,102786793898827
11,5;19;0,0524118307255146
11,5;19,5;0
11,5;20;0,0186592247070093
11,5;20,5;0
11,5;23;0
12;-31,5;0
12;-31;0,0428186153854771
12;-30,5;0,0308048732734174
12;-30;0,0739953854856553
12;-29,5;0,127434471848808
12;-29;0,0593866081770059
12;-28,5;0,0943840432438006
12;-28;0,311715538469094
12;-27,5;0,192777683599834
12;-27;0,0441131840774013
12;-26,5;0,0636799288106805
12;-26;0,0488292525048075
12;-25,5;0,0558770907918649
12;-25;0,0509757334339504
12;-24,5;0,0702985248906262
12;-24;0,0405318852940521
12;-23,5;0,0451160310413203
12;-23;0,0770690388986184
12;-22,5;0,0947669006769638
12;-22;0,0882116454984511
12;-21,5;0,129849424609926
12;-21;0,115596094235303
12;-20,5;0,139490286088019
12;-20;0,0375248686013262
12;-19,5;0,0684573455756598
12;-19;0,05504159550533
12;-18,5;0,0640972934887383
12;-18;0,0622948406783519
12;-17,5;0,070418971845874
12;-17;0,0540241190450755
12;-16,5;0,0926047361385881
12;-16;0,0851217291682667
12;-15,5;0,129973292531758
12;-15;0,114410120313948
12;-14,5;0,0656689514213015
12;-14;0,0548711820829965
12;-13,5;0,0715126407200486
12;-13;0,0587842332537383
12;-12,5;0,0598142018147759
12;-12;0,0611568294125853
12;-11,5;0,0698866417181616
12;-11;0,0451477701979417
12;-10,5;0,0330233459006512
12;-10;0,0432202543330715
12;-9,5;0,0709678335854033
12;-9;0,0790951347941279
12;-8,5;0,0344941028373497
12;-8;0,0514516773491479
12;-7,5;0,0556040316885029
12;-7;0,0534640900289274
12;-6,5;0,0484303388063203
12;-6;0,0937346751091679
12;-5,5;0,0625308874726074
12;-5;0,0624035130823607
12;-4,5;0,0541025587870395
12;-4;0,0676193267531187
12;-3,5;0,0485794974112384
12;-3;0,0615516162679865
12;-2,5;0,0412753872952378
12;-2;0,0509697846550006
12;-1,5;0,252225330023103
12;-1;0,293609738529384
12;-0,5;0,226781260821392
12;0;0,201840782394332
12;0,5;0,161397373178641
12;1;0,109755263446533
12;1,5;0,147732875360836
12;2;0,106406467646026
12;2,5;0,101392924591574
12;3;0,128886900852
12;3,5;0,0855981797927876
12;4;0,112967810900691
12;4,5;0,189966901289158
12;5;0,070666773360207
12;5,5;0,0566437420507642
12;6;0,0594992137468021
12;6,5;0,0411536908669246
12;7;0,0627900815385889
12;7,5;0,04773266604127
12;8;0,0631468159357903
12;8,5;0,0487734963713686
12;9;0,138622546845119
12;9,5;0,109713564759034
12;10;0,0572795614917096
12;10,5;0,0645838928896302
12;11;0,0578613776572097
12;11,5;0,0574302520119305
12;12;0,116943861175637
12;12,5;0
12;13;0,111015764646288
12;13,5;0
12;14;0
12;14,5;0
12;15;0,0595805277394745
12;15,5;0,0467125911984187
12;16;0,0768789205247617
12;16,5;0,118472066276422
12;17;0,353872897901001
12;17,5;0,179072147493956
12;18;0,0925106765445226
12;18,5;0
12;19;0
12;19,5;0,0545498461435568
12;20;0,0848970384810751
12;20,5;0,0881725580892377
12;21;0
12;22;0,0586898628384834
12,5;-30,5;0
12,5;-30;0,0389259446470688
12,5;-29,5;0,126970872896513
12,5;-29;0
12,5;-28,5;0,0806807889517843
12,5;-28;0,0777291726146774
12,5;-27,5;0,0355560229670132
12,5;-27;0,0373135704031641
12,5;-26,5;0,0373632320752784
12,5;-26;0,042860281144535
12,5;-25,5;0,064167187541525
12,5;-25;0,0675894701161966
12,5;-24,5;0,0767008999541057
12,5;-24;0,0446324133963356
12,5;-23,5;0,0612371719470305
12,5;-23;0,0884610099375168
12,5;-22,5;0,0628111377415681
12,5;-22;0,111260999910167
12,5;-21,5;0,161511359216137
12,5;-21;0,161614510836964
12,5;-20,5;0,0869689142418332
12,5;-20;0,0533200910742512
12,5;-19,5;0,0504476122519283
12,5;-19;0,0609723158435017
12,5;-18,5;0,0888254087998674
12,5;-18;0,0633480117149331
12,5;-17,5;0,0575016124594383
12,5;-17;0,0731471876861878
12,5;-16,5;0,0876531863715238
12,5;-16;0,0677800832290702
12,5;-15,5;0,132776230074239
12,5;-15;0,0648465804155982
12,5;-14,5;0,0582094689519727
12,5;-14;0,0594562428071533
12,5;-13,5;0,0601392473476123
12,5;-13;0,0710816392592061
12,5;-12,5;0,0968245502159155
12,5;-12;0,0514613680599088
12,5;-11,5;0,0368913770588562
12,5;-11;0,0405860028666532
12,5;-10,5;0,044167482886922
12,5;-10;0,0554135431053968
12,5;-9,5;0,0636562195367765
12,5;-9;0,059614484753731
12,5;-8,5;0,0459656667799187
12,5;-8;0,0528059411380412
12,5;-7,5;0,050146196758904
12,5;-7;0,0700429346787576
12,5;-6,5;0,0419608741256726
12,5;-6;0,0830706604984293
12,5;-5,5;0,0397049036768954
12,5;-5;0,0458868038857755
12,5;-4,5;0,047443328044174
12,5;-4;0,0555832070074638
12,5;-3,5;0,0611057858778748
12,5;-3;0,0472915822319364
12,5;-2,5;0,0793269946437398
12,5;-2;0,0877395579301218
12,5;-1,5;0,0511005727886278
12,5;-1;0,0796085771386975
12,5;-0,5;0,289939298441388
12,5;0;0,17930678837951
12,5;0,5;0,17552210542741
12,5;1;0,1195343919561
12,5;1,5;0,332095038172938
12,5;2;0,117050598699603
12,5;2,5;0,103424708131858
12,5;3;0,122803187470339
12,5;3,5;0,0975108395444429
12,5;4;0,142526123336507
12,5;4,5;0,302014895038965
12,5;5;0,0700688859657966
12,5;5,5;0,0923013004780001
12,5;6;0,06351267735163
12,5;6,5;0,0496033603830004
12,5;7;0,0446786106892261
12,5;7,5;0,0544462069772456
12,5;8;0,0693854844657401
12,5;8,5;0,0888487405299539
12,5;9;0,0894589549200337
12,5;9,5;0,0642807761451134
12,5;10;0,0580597258407744
12,5;10,5;0,067933335241892
12,5;11;0,0605587422166713
12,5;11,5;0,0713973584644343
12,5;12;0,0446497087474047
12,5;12,5;0
12,5;13;0
12,5;13,5;0,30652455291116
12,5;14;0,253186379252218
12,5;14,5;0,143800157788915
12,5;15;0,06136870250428
12,5;15,5;0,125995210636946
12,5;16;0,135747348020927
12,5;16,5;0,120628605474984
12,5;17;0,0303699412797149
12,5;17,5;0
12,5;18;0
12,5;18,5;0
12,5;19;0
12,5;19,5;0
12,5;20;0
12,5;20,5;0
12,5;22;0,0495971549363245
13;-29,5;0
13;-29;0
13;-28,5;0,0225
13;-28;0,0372517728609094
13;-27,5;0,0638600797710102
13;-27;0,0614170624139217
13;-26,5;0,0641412096178567
13;-26;0,0808353129893548
13;-25,5;0,0559428613989006
13;-25;0,0601172803356737
13;-24,5;0,107098052417125
13;-24;0,0752899449763137
13;-23,5;0,0656132794411649
13;-23;0,0708654294484207
13;-22,5;0,0681734482597077
13;-22;0,0967665419262445
13;-21;0,0537138517108264
13;-20,5;0,100302402519678
13;-20;0,0615475468975046
13;-19,5;0,0250516133878306
13;-19;0,0621465503909123
13;-18,5;0,0391949064482792
13;-18;0,0642483783269824
13;-17,5;0,0505685542474637
13;-17;0,0933244602344358
13;-16,5;0,0699429529450013
13;-16;0,0822266523716517
13;-15,5;0,0680927620413818
13;-15;0,0667903546148922
13;-14,5;0,0574638523484626
13;-14;0,084397608107529
13;-13,5;0,0583909976032568
13;-13;0,049492230746876
13;-12,5;0,0550811526050146
13;-12;0,0749919854943588
13;-11,5;0,0543414723211939
13;-11;0,0807132228752975
13;-10,5;0,08544778079765
13;-10;0,0507117325692962
13;-9,5;0,0460891362636809
13;-9;0,0513003673463789
13;-8,5;0,0563215884545383
13;-8;0,0566147830234529
13;-7,5;0,073833231111358
13;-7;0,0507099474284591
13;-6,5;0,0481229763100624
13;-6;0,0524030267048245
13;-5,5;0,0514502714743334
13;-5;0,0463240331726709
13;-4,5;0,0784967958318043
13;-4;0,0660404128438141
13;-3,5;0,0533278329713815
13;-3;0,0840128067999449
13;-2,5;0,122145062854808
13;-2;0,128397171636335
13;-1,5;0,091972536339383
13;-1;0,073257524978574
13;-0,5;0,12361268134815
13;0;0,144299666408104
13;0,5;0,124902762179225
13;1;0,0650018314760292
13;1,5;0,112635967217897
13;2;0,158943129518242
13;2,5;0,153761433117331
13;3;0,17028710276595
13;3,5;0,107399872158595
13;4;0,0586827350989438
13;4,5;0,0523325074110145
13;5;0,0655357770242746
13;5,5;0,0854355077745814
13;6;0,0454759121498248
13;6,5;0,0482603718599794
13;7;0,051365353860039
13;7,5;0,059576766918511
13;8;0,0589390569094767
13;8,5;0,087461824955373
13;9;0,0173611841268306
13;9,5;0,022494443758404
13;10;0,102348331653784
13;10,5;0,221225599553879
13;11;0,0522456097820343
13;11,5;0,00777817459305203
13;12;0,0450296198814366
13;12,5;0,0371176587116603
13;13;0
13;13,5;0,348284819179556
13;14;0,284139085243206
13;14,5;0
13;15;0,0509809233483913
13;15,5;0,174893588206564
13;16;0,170704751530594
13;16,5;0,0183847763108502
13;17;0
13;17,5;0
13;18;0,00424264068711929
13;18,5;0,0667537572168346
13;19;0,0565685424949238
13;19,5;0
13;20;0,0442907063238629
13;20,5;0,0660095314462862
13;21;0,0993158845680601
13;21,5;0,185007342196645
13;22;0,092671800878491
13,5;-28;0,0410121933088198
13,5;-27,5;0,090479954808909
13,5;-27;0,0334515570140863
13,5;-26,5;0,0433030466151499
13,5;-26;0,0456241613902557
13,5;-25,5;0,086013617191363
13,5;-25;0,0702710815197773
13,5;-24,5;0,0753786185820115
13,5;-24;0,0805875205504454
13,5;-23,5;0,0809196120538857
13,5;-23;0,0717764386331416
13,5;-22,5;0,10542352854259
13,5;-22;0,165439760292725
13,5;-21,5;0,121640179765295
13,5;-21;0,0778288270230862
13,5;-20,5;0,0992715132015894
13,5;-20;0,0651697979443129
13,5;-19,5;0,155268323754955
13,5;-19;0,141874318026148
13,5;-18,5;0,0694626870914103
13,5;-18;0,0604417669179242
13,5;-17,5;0,0332022726494876
13,5;-17;0,0334604373974293
13,5;-16,5;0,0668844297878957
13,5;-16;0,0748636551093387
13,5;-15,5;0,068575731511818
13,5;-15;0,0756227976870912
13,5;-14,5;0,0743675564389756
13,5;-14;0,118225191377678
13,5;-13,5;0,137414653980981
13,5;-13;0,074223915839436
13,5;-12,5;0,0739030076888251
13,5;-12;0,102759490037625
13,5;-11,5;0,127621594492111
13,5;-11;0,152525532601064
13,5;-10,5;0,186671823848468
13,5;-10;0,0271656809193151
13,5;-9,5;0,0789292474530244
13,5;-9;0,0602593360205682
13,5;-8,5;0,0605474512118967
13,5;-8;0,0505381167262496
13,5;-7,5;0,0575113216043246
13,5;-7;0,0685958627412643
13,5;-6,5;0,0498148521178717
13,5;-6;0,136010833283459
13,5;-5,5;0,321081535985502
13,5;-5;0,121148328027344
13,5;-4,5;0,062065379459817
13,5;-4;0,0648056460070106
13,5;-3,5;0,0539821788209044
13,5;-3;0,0612954284972042
13,5;-2,5;0,0586094034205448
13,5;-2;0,0315931163388482
13,5;-1,5;0,0667121853894962
13,5;-1;0,108451914377367
13,5;-0,5;0,106138843641194
13,5;0;0,120858352542596
13,5;0,5;0
13,5;1;0
13,5;1,5;0
13,5;2;0,0897775027498538
13,5;2,5;0,0995125577485569
13,5;3;0,122873919120373
13,5;4;0,0212132034355964
13,5;4,5;0,0696042186418844
13,5;5;0,0661839015435734
13,5;5,5;0,081054488150016
13,5;6;0,0330431780085274
13,5;6,5;0,0693229199247316
13,5;7;0,06306064607508
13,5;7,5;0,0786952281128845
13,5;8;0,0757840579959115
13,5;8,5;0,0860904414122968
13,5;9;0,0574994823993267
13,5;9,5;0,20310003112139
13,5;10;0,261742586622203
13,5;10,5;0,244974113721109
13,5;11;0,181067370645709
13,5;11,5;0,040063732122444
13,5;12;0,0535048296737684
13,5;12,5;0,0325614803103299
13,5;13;0
13,5;13,5;0,0267637814966421
13,5;14;0,0480138868800822
13,5;14,5;0,0539104195247388
13,5;15;0,130479955809023
13,5;15,5;0,0642631309539148
13,5;16;0,0486569625028115
13,5;16,5;0
13,5;17;0
13,5;17,5;0,0222351073754997
13,5;18;0,0596681368043917
13,5;18,5;0,107703247016928
13,5;19;0
13,5;19,5;0,00636396103067893
13,5;20;0,0503965560876641
13,5;20,5;0,211153644676286
13,5;21;0,151024234142225
13,5;21,5;0,108800449541869
13,5;22;0,0721060946722875
14;-27;0
14;-26,5;0,0317056777249754
14;-26;0,0413405043702578
14;-25,5;0,0352375327189804
14;-25;0,0466050363347644
14;-24,5;0,064346118180518
14;-24;0,0533298057545514
14;-23,5;0,0947475791287366
14;-23;0,0961596807946362
14;-22,5;0,109821339759933
14;-22;0,151019932034798
14;-21,5;0,0687947814243167
14;-21;0,0642254203208092
14;-20,5;0,0619642111346418
14;-20;0,0473929731335672
14;-19,5;0,0302548149993544
14;-19;0,0344609753711269
14;-18,5;0,0613553647557712
14;-18;0,0470542192317683
14;-17,5;0,0566751597913384
14;-17;0,0372985398868942
14;-16,5;0,0561340242379859
14;-16;0,0612128718444292
14;-15,5;0,0498186721270945
14;-15;0,0665803382496773
14;-14,5;0,0846407216693353
14;-14;0,0803481746318276
14;-13,5;0,0972570509642574
14;-13;0,0646699658820034
14;-12,5;0,148262491326838
14;-12;0,232193646997247
14;-11,5;0,296150974270563
14;-11;0,279019796143598
14;-10,5;0,108709798032425
14;-10;0,0651449274265963
14;-9,5;0,0438389768325438
14;-9;0,0701845895090572
14;-8,5;0,0743501011096421
14;-8;0,0785784173725055
14;-7,5;0,0397271663694725
14;-7;0,0706327252005354
14;-6,5;0,0724969260336138
14;-6;0,0696859573591497
14;-5,5;0,0953465449629069
14;-5;0,0586967443067143
14;-4,5;0,0550414636797963
14;-4;0,0502805475173711
14;-3,5;0,0520727835814062
14;-3;0,0412806482002899
14;-2,5;0,0594308772160286
14;-2;0,0278263848228204
14;-1,5;0,0448272293121589
14;-1;0,158156046049339
14;-0,5;0,192847273978187
14;0;0,135288272465379
14;0,5;0
14;1;0,081872723523423
14;1,5;0,0301088765058486
14;3;0,071382070577982
14;3,5;0,0454781999057424
14;4;0,045570458267025
14;4,5;0,0691793390571271
14;5;0,0569169435365117
14;5,5;0,054534076186046
14;6;0,0458078169918735
14;6,5;0,0505721806386224
14;7;0,0601818984417943
14;7,5;0,0978494543841223
14;8;0,092327135772751
14;8,5;0,0570629786793722
14;9;0,0447091850952806
14;9,5;0,0838820600605398
14;10;0,24891325702704
14;10,5;0,061230711248523
14;11;0
14;11,5;0,0578968911082452
14;12;0,04430000537461
14;12,5;0,0248022481874429
14;13;0,0319924441629033
14;13,5;0,0247305479114394
14;14;0,0132251564037921
14;14,5;0
14;15;0,301364396402893
14;15,5;0,352273571975241
14;16;0
14;16,5;0
14;17;0
14;17,5;0,0701404280973509
14;18;0,091404912182084
14;18,5;0,0846620733662167
14;19;0
14;20;0,0510899336335576
14;20,5;0,116016328928684
14;21;0,135365816998845
14;21,5;0,0987188407742389
14,5;-26;0
14,5;-25,5;0,0300015789058194
14,5;-25;0,0822493254112898
14,5;-24,5;0,103453340274412
14,5;-24;0,0631756886329903
14,5;-23,5;0,0851453190722274
14,5;-23;0,0782350592113019
14,5;-22,5;0,090376783703457
14,5;-22;0,0615045730007127
14,5;-21,5;0,0978341695481839
14,5;-21;0,0689594102784924
14,5;-20,5;0,0749461514005629
14,5;-20;0,0590749945269145
14,5;-19,5;0,0358463296530272
14,5;-19;0,0478832521049682
14,5;-18,5;0,035604820579011
14,5;-18;0,0566282689048574
14,5;-17,5;0,0973265123180729
14,5;-17;0,0989352604982001
14,5;-16,5;0,100311095441497
14,5;-16;0,073822035447064
14,5;-15,5;0,0759386581260151
14,5;-15;0,0420709650673111
14,5;-14,5;0,120549179072955
14,5;-14;0
14,5;-13,5;0,0549651164027151
14,5;-13;0,0702567425393576
14,5;-12,5;0,0606715886281764
14,5;-12;0,0730861363962642
14,5;-11,5;0,21888392794594
14,5;-11;0,28172686443396
14,5;-10,5;0,0762974013141565
14,5;-10;0,0840132606020576
14,5;-9,5;0,0536014266710922
14,5;-9;0,121241506074645
14,5;-8,5;0,0662802219073832
14,5;-8;0,0448735300183721
14,5;-7,5;0,0475142725668927
14,5;-7;0,105960335989607
14,5;-6,5;0,0880967137926672
14,5;-6;0,101397565780219
14,5;-5,5;0,0437082864568408
14,5;-5;0,0459644131119638
14,5;-4,5;0,06311064685559
14,5;-4;0,0631829794239627
14,5;-3,5;0,0571395179047559
14,5;-3;0,0440980841493259
14,5;-2,5;0,0736090713473237
14,5;-2;0,127902782422481
14,5;-1,5;0,0689723829542637
14,5;-1;0,0250325545615862
14,5;-0,5;0,264351314819993
14,5;0;0
14,5;0,5;0,0670761417436095
14,5;1;0,108864184321655
14,5;1,5;0,100967811870004
14,5;2;0,0621620003355288
14,5;2,5;0
14,5;3;0,0738980153093888
14,5;3,5;0,0889507052079367
14,5;4;0,0761173754060771
14,5;4,5;0,0545579639335215
14,5;5;0,0466651559689796
14,5;5,5;0,0702733139060838
14,5;6;0,0477278319845554
14,5;6,5;0,062298722965488
14,5;7;0,0561099183628814
14,5;7,5;0,0501709232370856
14,5;8;0,0330952482170093
14,5;8,5;0,0440555367982351
14,5;9;0,0595251595158267
14,5;9,5;0,0612492529354865
14,5;10;0,096280640007281
14,5;10,5;0,0213697605664328
14,5;11;0
14,5;11,5;0,051485991874561
14,5;12;0,0657238541170556
14,5;12,5;0,0396000758573155
14,5;13;0,0761950129601669
14,5;13,5;0,0661942046350942
14,5;14;0,0493409506572857
14,5;14,5;0,061484206852717
14,5;15;0,217898356672508
14,5;15,5;0,410121933088198
14,5;16;0
14,5;16,5;0
14,5;17;0,0482441706323158
14,5;17,5;0,0598688136996314
14,5;18;0,0903596091976884
14,5;18,5;0
14,5;19;0
14,5;19,5;0,0531767493051866
14,5;20;0,0722157983993914
14,5;20,5;0,0904239565557265
14,5;21;0,120894845367218
15;-24,5;0,0200748598998847
15;-24;0,0791838998787001
15;-23,5;0,0493380801597119
15;-23;0,0866157068450573
15;-22,5;0,0657012844009143
15;-22;0,063152619259672
15;-21,5;0,114043466853519
15;-21;0,0544710577762696
15;-20,5;0,068908613960245
15;-20;0,0365577012029118
15;-19,5;0,254936739652193
15;-19;0,148206710325502
15;-18,5;0,0942419588275465
15;-18;0,0566907706620828
15;-17,5;0,0462935503394404
15;-17;0,108322616169428
15;-16,5;0,0761451464857303
15;-16;0,0725503407852227
15;-15,5;0,0850185700514841
15;-15;0,0803317728267601
15;-14,5;0,0519550412933093
15;-14;0,0489540600971973
15;-13,5;0,0814779057340517
15;-13;0,0621722923768614
15;-12,5;0,0663590591493188
15;-12;0,0695616580837628
15;-11,5;0,0776417880573809
15;-11;0
15;-10,5;0,0248491354409714
15;-10;0,044047289845007
15;-9,5;0,0427656404137714
15;-9;0,0689880740009051
15;-8,5;0,0926364789992545
15;-8;0,0819289150140817
15;-7,5;0,073109117509809
15;-7;0,0737203300238376
15;-6,5;0,0702222875565135
15;-6;0,0933018822130068
15;-5,5;0,0276273640043719
15;-5;0,0450212309014765
15;-4,5;0,0483657052373708
15;-4;0,0508536862242788
15;-3,5;0,0676225494594983
15;-3;0,0386881200747805
15;-2,5;0,334444259579915
15;-2;0,315789639765442
15;-1,5;0,339375993262092
15;-1;0,0718964954681802
15;-0,5;0,0713610538038782
15;0;0
15;0,5;0
15;1;0,149131371642271
15;1,5;0,1436880688882
15;2;0
15;3;0,0992922574068713
15;3,5;0,104512313417673
15;4;0,113953629511518
15;4,5;0,0469787185861854
15;5;0,0428218130391238
15;5,5;0,0599291467616464
15;6;0,066103655975546
15;6,5;0,0572321787252585
15;7;0,0579735504262039
15;7,5;0,0731936626557547
15;8;0,101964900248539
15;8,5;0,0819236608795121
15;9;0,0663408600598988
15;9,5;0,0744212330422994
15;10;0,074614450185407
15;10,5;0,068330081223426
15;11;0,118440062424404
15;11,5;0,0329764225537647
15;12;0,0476235235991626
15;12,5;0,0382230297072328
15;13;0,07382932500551
15;13,5;0,081903548902974
15;14;0,0879524293325043
15;14,5;0,0631085610372355
15;15;0,0846066928387954
15;15,5;0
15;16;0,0385486705347928
15;16,5;0,0405932201704857
15;17;0,0570443208869607
15;17,5;0,0596684357279644
15;18;0,0721716928355796
15;18,5;0,0741499446103251
15;19,5;0,0439108946238478
15;20;0,128195221072715
15;20,5;0,102995855346161
15,5;-23,5;0,0315330514434194
15,5;-23;0,0943784405639871
15,5;-22,5;0,0547405338887023
15,5;-22;0,0760828265197086
15,5;-21,5;0,0590568107549986
15,5;-21;0,0954079802804912
15,5;-20,5;0,118219533000318
15,5;-20;0,0857514776453872
15,5;-19,5;0,262797036423437
15,5;-19;0,0859570912633829
15,5;-18,5;0,0760504143134104
15,5;-18;0,0511875350323695
15,5;-17,5;0,0405709255502016
15,5;-17;0,105540919990067
15,5;-16,5;0,0998572521525273
15,5;-16;0,105679887658259
15,5;-15,5;0,0644072022104457
15,5;-15;0,0749550341395236
15,5;-14,5;0,0586630655792714
15,5;-14;0,029687369720954
15,5;-13,5;0,014424244296649
15,5;-13;0,0424133921460349
15,5;-12,5;0,0265922611232733
15,5;-12;0,0523560460267537
15,5;-11,5;0,0739716805528273
15,5;-11;0,0347758896363558
15,5;-10,5;0,0309279298063298
15,5;-10;0,0946150517697389
15,5;-9,5;0,104824008353395
15,5;-9;0,0724007853927718
15,5;-8,5;0,104240504739198
15,5;-8;0,236222126765803
15,5;-7,5;0,364258838584699
15,5;-7;0,22163057418196
15,5;-6,5;0,106778259623892
15,5;-6;0,0388408815810923
15,5;-5,5;0,0664493150527916
15,5;-5;0,055742352077018
15,5;-4,5;0,0541677680776633
15,5;-4;0,0474838434061038
15,5;-3,5;0,0559036684181145
15,5;-3;0,0831720655754384
15,5;-2,5;0,280137900733654
15,5;-2;0,268149207645623
15,5;-1,5;0,244529704679387
15,5;-1;0,0671875484495949
15,5;-0,5;0,00565685424949238
15,5;0;0,0219696760710454
15,5;0,5;0,0412464139855414
15,5;1;0
15,5;1,5;0
15,5;2;0
15,5;3;0,0554192576425114
15,5;3,5;0
15,5;4,5;0,0737964029672794
15,5;5;0,0603789660414112
15,5;5,5;0,0557993199113045
15,5;6;0,0584196204190927
15,5;6,5;0,0657703364631043
15,5;7;0,0770929128539166
15,5;7,5;0,0718998461666496
15,5;8;0,0814716735920135
15,5;8,5;0,0298556945991883
15,5;9;0
15,5;9,5;0,098226657229472
15,5;10;0,0441906044743622
15,5;10,5;0,014525839046334
15,5;11;0,148272673525116
15,5;11,5;0,064550546932181
15,5;12;0,0814158029318201
15,5;12,5;0,0547727362067931
15,5;13;0,0388388278074216
15,5;13,5;0,0675413323746827
15,5;14;0,0483905244561666
15,5;14,5;0
15,5;15;0
15,5;15,5;0,0547074470424709
15,5;16;0,0329089653438087
15,5;16,5;0,354088572593609
15,5;17;0,363518990009547
15,5;17,5;0,0704066758198397
15,5;18;0,0252388589282479
15,5;18,5;0,0500093324623848
15,5;19;0,0751301069281348
15,5;20;0,0873027967772119
15,5;20,5;0,159558766603405
16;-22,5;0
16;-22;0,0565296991329157
16;-21,5;0,131671451453971
16;-21;0,063939004735221
16;-20,5;0,0321685982512495
16;-20;0,0642801497949224
16;-19,5;0,0909870081875139
16;-19;0,0673921730699296
16;-18,5;0,0548804297772529
16;-18;0,0820821218904735
16;-17,5;0,0821960214301484
16;-17;0,152760765748136
16;-16,5;0,294211070230462
16;-16;0,226569368006424
16;-15,5;0,198634799030975
16;-15;0,0390766036443925
16;-14,5;0,0590689109717307
16;-14;0,0586350022773385
16;-13,5;0,0674586771162878
16;-13;0,0684518948222904
16;-12,5;0,0416027700542942
16;-12;0,0588896465959041
16;-11,5;0,0836283444772166
16;-11;0,0341946300941058
16;-10,5;0,0227498473743354
16;-10;0,0232573593063521
16;-9,5;0
16;-9;0
16;-8,5;0,0610784452207834
16;-8;0,200125819009801
16;-7,5;0,254887613767664
16;-7;0,172247699796408
16;-6,5;0,0690566752040952
16;-6;0,0733460010468548
16;-5,5;0,0756068676204255
16;-5;0,073006660990759
16;-4,5;0,038076277523583
16;-4;0,053646526061378
16;-3,5;0,0471971629710237
16;-3;0,0738661387349637
16;-2,5;0,0770678651608817
16;-2;0
16;-1,5;0
16;-1;0
16;-0,5;0,0106066017177982
16;0;0
16;0,5;0,0838093073590279
16;1;0
16;1,5;0
16;2;0
16;2,5;0,0895581747618087
16;3;0,0675780559856057
16;4;0,049419005405189
16;4,5;0,0685781908041343
16;5;0,0420471359335168
16;5,5;0,0547784059540367
16;6;0,0528844253694524
16;6,5;0,0952616516794757
16;7;0,0859978351280017
16;7,5;0,0649412716018019
16;8;0,0640428787811779
16;8,5;0,0425121090016092
16;9;0,0198578280114753
16;9,5;0,070379721959936
16;10;0,0284414603469419
16;10,5;0,014422205101856
16;11;0,0275771644662754
16;11,5;0,0746882409307739
16;12;0,088604093490336
16;12,5;0,0736609581725169
16;13;0,0535876065797622
16;13,5;0,056244631927764
16;14;0
16;14,5;0,0856988914747443
16;15;0,0537556762330521
16;15,5;0,0741444536024105
16;16;0,0700721977907487
16;16,5;0,0633358395494097
16;17;0,0881639886171723
16;17,5;0,0598776530379518
16;18;0,0671099843540438
16;18,5;0,0828705531019829
16;19;0,0762335265792725
16;19,5;0,08706636767979
16;20;0,096873629022557
16,5;-21;0,0680235253423402
16,5;-20,5;0,00353553390593274
16,5;-20;0,079712551766274
16,5;-19,5;0,0832454610153672
16,5;-19;0,0415553925423723
16,5;-18,5;0,0679926466612383
16,5;-18;0,0910625177298901
16,5;-17,5;0,0722122586138783
16,5;-17;0,0452867497827163
16,5;-16,5;0,639224530192639
16,5;-16;0,0907626942453047
16,5;-15,5;0,113316128479334
16,5;-15;0,0349348690531047
16,5;-14,5;0,0452567722953868
16,5;-14;0,0445381923152775
16,5;-13,5;0,101785032579171
16,5;-13;0,0617170964968379
16,5;-12,5;0,0445550673098864
16,5;-12;0
16,5;-11,5;0,00212132034355964
16,5;-11;0,0234090184086634
16,5;-10,5;0,0389120425938234
16,5;-10;0,0334861204297827
16,5;-9,5;0,0278343313194336
16,5;-9;0,0495614097189873
16,5;-8,5;0
16,5;-8;0,0364090517264464
16,5;-7,5;0
16,5;-7;0,0585359357081679
16,5;-6,5;0,0577134128445493
16,5;-6;0,0523402375443641
16,5;-5,5;0,0531229270480389
16,5;-5;0,0595583747259779
16,5;-4,5;0,0450543498948153
16,5;-4;0,0596752371471738
16,5;-3,5;0,0395025470003163
16,5;-3;0,0562067472397877
16,5;-2,5;0,0436916141022181
16,5;-2;0
16,5;-1,5;0
16,5;-1;0
16,5;-0,5;0,0289254441397417
16,5;0;0,0311636686290983
16,5;0,5;0
16,5;1;0,0675499814951862
16,5;1,5;0,0601455809606234
16,5;2;0,094345464473215
16,5;2,5;0,0831615516820178
16,5;3;0,0961237997269645
16,5;3,5;0,0148492424049175
16,5;4;0,0707407237735097
16,5;4,5;0,0808923241495279
16,5;5;0,0640432495671952
16,5;5,5;0,0709035177091335
16,5;6;0,0348460121852902
16,5;6,5;0,0709191558513401
16,5;7;0,0640482328902495
16,5;7,5;0,0723599468266934
16,5;8;0,0563930255734992
16,5;8,5;0,0221929668538881
16,5;9;0,056122744943561
16,5;9,5;0
16,5;10;0
16,5;10,5;0,0663179984851543
16,5;11;0,101049112202548
16,5;11,5;0,0624273203787439
16,5;12;0,0716145436147076
16,5;12,5;0,0638854864943156
16,5;13;0,0720133443794099
16,5;13,5;0,055099015555194
16,5;14;0
16,5;14,5;0,0352741365008749
16,5;15;0,00212132034355964
16,5;15,5;0,0631483514093146
16,5;16;0,074031749945547
16,5;16,5;0,0536730537914204
16,5;17;0,110390820874443
16,5;17,5;0,0900851747496635
16,5;18;0,0625613603554447
16,5;18,5;0,0894814607512742
16,5;19;0,0865577841675721
16,5;19,5;0,0364097056657516
17;-20;0,0548926224551169
17;-19,5;0,0106066017177982
17;-19;0,0399450833846881
17;-18,5;0,0370218326390526
17;-18;0,0629620472011124
17;-17,5;0,074676853031752
17;-17;0,111002532354243
17;-16,5;0,0476137394227568
17;-16;0
17;-15,5;0,0693137668028384
17;-15;0,0432682900925866
17;-14,5;0,0391627345855697
17;-14;0,0405019840783845
17;-13,5;0,0500415032426448
17;-13;0,076663659361308
17;-12,5;0,049773228436639
17;-12;0,0421939146889881
17;-11,5;0,0613088136805846
17;-11;0,0513401429359117
17;-10,5;0,0896527099610566
17;-10;0,0453557536044407
17;-9,5;0,0459294819916066
17;-9;0,0252094170079824
17;-8,5;0,0325665000126959
17;-8;0,0393470605823432
17;-7,5;0,0709911966373296
17;-7;0,0610120703408164
17;-6,5;0,0747035103447711
17;-6;0,0666736608352978
17;-5,5;0,0643925757526187
17;-5;0,0536834529493714
17;-4,5;0,0462705772412082
17;-4;0,0793426459237709
17;-3,5;0,0590829095769803
17;-3;0,0587761173936087
17;-2,5;0,0864388380722041
17;-2;0,0459569847188047
17;-1,5;0
17;-1;0,0410961548005886
17;-0,5;0,0325092699330352
17;0;0
17;0,5;0
17;1;0,0544472221513642
17;1,5;0,0803840306982945
17;2;0,124277842525758
17;2,5;0,101769780560312
17;3;0,0753809167408811
17;4;0,0413417810107748
17;4,5;0,0386995549787792
17;5;0,0508767822262471
17;5,5;0,0707539633754416
17;6;0,0526067542073762
17;6,5;0,061379671737181
17;7;0,0903538019333416
17;7,5;0,0696688922364533
17;8;0,0779643220836967
17;8,5;0,0618440434826646
17;9;0,0419040297873403
17;9,5;0,0474758418098674
17;10;0,0479146969292114
17;10,5;0,0442509079809992
17;11;0
17;11,5;0,0221810730128188
17;12;0,133421320814652
17;12,5;0,0974457940409549
17;13;0,0452594110181991
17;13,5;0,0557188783680487
17;14;0,0733357575356888
17;14,5;0,0781459960797526
17;15;0,0550850581951552
17;15,5;0,0699121602078461
17;16;0,0566596354181201
17;16,5;0,0830534353189534
17;17;0,0940972149353309
17;17,5;0,0776781554449727
17;18;0,0846485676193047
17;18,5;0,0488906517990232
17;19;0
17,5;-19;0
17,5;-18,5;0,042984881062997
17,5;-18;0,0589414156276423
17,5;-17,5;0
17,5;-17;0,114739269650804
17,5;-16,5;0,0379461448622902
17,5;-16;0,0465865918619354
17,5;-15,5;0,0326965849388995
17,5;-15;0,0619981959513191
17,5;-14,5;0,046194304769132
17,5;-14;0,0397218634605882
17,5;-13,5;0,0338230690505755
17,5;-13;0,0882865404663317
17,5;-12,5;0,0422015366659758
17,5;-12;0,0394863393551618
17,5;-11,5;0,0645628122462629
17,5;-11;0,059249410215102
17,5;-10,5;0,0565685424949238
17,5;-10;0,0331511689085016
17,5;-9,5;0,0716018364883593
17,5;-9;0,0716134828605575
17,5;-8,5;0,0612267189314527
17,5;-8;0,0906391747535248
17,5;-7,5;0,0959104244793522
17,5;-7;0,0782934989462114
17,5;-6,5;0,0971708760595435
17,5;-6;0,0801120695986614
17,5;-5,5;0,0744169997756496
17,5;-5;0,0797962218537494
17,5;-4,5;0,0648892573956577
17,5;-4;0,0672745122613312
17,5;-3,5;0,0438204510790693
17,5;-3;0,0645134973628879
17,5;-2,5;0
17,5;-2;0,0611770901860849
17,5;-1,5;0,0417505723807189
17,5;-1;0,0274021384746238
17,5;-0,5;0,0176776695296637
17,5;0;0,0179601410536406
17,5;0,5;0
17,5;1;0
17,5;1,5;0,081315823539424
17,5;2,5;0,0421611985914379
17,5;3;0,0598686061304253
17,5;4;0,00776745346515403
17,5;4,5;0,0578236944262192
17,5;5;0,0732489528314848
17,5;5,5;0,0624925787449201
17,5;6;0,0622762991709017
17,5;6,5;0,0727370954704081
17,5;7;0,0389743505398102
17,5;7,5;0,0961665222413705
17,5;8;0,0939143480087295
17,5;8,5;0,0735481000153846
17,5;9;0,0759633408283072
17,5;9,5;0,0699393761758659
17,5;10;0,0570496859471344
17,5;10,5;0,0441303055843458
17,5;11;0,0151547572288924
17,5;11,5;0,0647278551946165
17,5;12;0,121523114455394
17,5;12,5;0,0763420104798306
17,5;13;0,0879085022162519
17,5;13,5;0,045678222382225
17,5;14;0,0344868735092708
17,5;14,5;0,0271422180375886
17,5;15;0,0647680568318268
17,5;15,5;0,0502332337977337
17,5;16;0,0636094994560768
17,5;16,5;0,105092984469066
17,5;17;0,177613508748146
17,5;17,5;0,160788841935071
17,5;18;0
18;-17,5;0
18;-17;0,020758532382292
18;-16,5;0,0359513560244951
18;-16;0,0522177345251764
18;-15,5;0,040020351965326
18;-15;0,0656378596507276
18;-14,5;0,0500060684723162
18;-14;0,0254641829907149
18;-13,5;0,0254039264115645
18;-13;0,0438886035755243
18;-12,5;0,0413466440421103
18;-12;0,0460716353978811
18;-11,5;0,0585389503845193
18;-11;0,0562992618429227
18;-10,5;0,0554440405104292
18;-10;0,0304347289666382
18;-9,5;0,025525042169951
18;-9;0,0714813748924973
18;-8,5;0
18;-8;0,0870943410470752
18;-7,5;0,063085134623985
18;-7;0
18;-6,5;0,0908245061043049
18;-6;0,0901464629256894
18;-5,5;0,103599125701687
18;-5;0,0794244751493345
18;-4,5;0,0545974430199229
18;-4;0,0554663818859633
18;-3,5;0,0678317786706825
18;-3;0,0514509475131411
18;-2,5;0,0231170377837957
18;-2;0,0435469095727049
18;-1,5;0,0303362968915276
18;-1;0
18;-0,5;0
18;0;0
18;0,5;0,0387569348633248
18;1;0,0184623168334081
18;1,5;0
18;2;0
18;3;0,0768371080694126
18;3,5;0,0514179883290811
18;4;0
18;4,5;0,0233345237791561
18;5;0,0978707939463674
18;5,5;0,0570962815981954
18;6;0,071457907596987
18;6,5;0,0612941244897886
18;7,5;0,0572783607138037
18;8;0,0196299091524473
18;8,5;0,00424264068711927
18;9;0,0171010071178409
18;9,5;0,0550566256334675
18;10;0,0348715519051724
18;10,5;0,04796431135124
18;11;0,0265414824830427
18;11,5;0,0708356443165948
18;12;0,0911593537591057
18;13;0
18;13,5;0,0638265162438322
18;14;0,104635278477081
18;14,5;0,0675267336400744
18;15;0,0358737949855694
18;15,5;0,0522812904711937
18;16;0,0540334993094011
18;16,5;0,152188151093748
18;17;0,110743691658556
18;17,5;0,124962020373983
18;18;0
18,5;-16,5;0
18,5;-16;0,0680261241834971
18,5;-15,5;0,0564733469546135
18,5;-15;0,0662321047499228
18,5;-14,5;0,0754865116121692
18,5;-14;0,0831797497380728
18,5;-13,5;0,081747347846227
18,5;-13;0,117902277446312
18,5;-12,5;0,0627665597722308
18,5;-12;0,044302316396496
18,5;-11,5;0,05524398120307
18,5;-11;0,0769752869770214
18,5;-10,5;0,0664873291316845
18,5;-10;0,0660449281904564
18,5;-9,5;0,0641122770479945
18,5;-9;0,0775095385835096
18,5;-8,5;0
18,5;-8;0
18,5;-7,5;0
18,5;-7;0
18,5;-6,5;0
18,5;-6;0
18,5;-5,5;0
18,5;-5;0,0371991856330848
18,5;-4,5;0,0451231292672815
18,5;-4;0,0495799690735415
18,5;-3,5;0,0549068908850853
18,5;-3;0
18,5;-2,5;0,0180294372086487
18,5;-2;0,0395322653031672
18,5;-1,5;0,0361012465158753
18,5;-1;0
18,5;-0,5;0
18,5;0;0,0242950612265127
18,5;0,5;0,0586158073005659
18,5;1;0,0542139898472405
18,5;1,5;0,0498979177702056
18,5;2;0,0309060971671491
18,5;2,5;0,0550415903355514
18,5;3;0,0774275810227228
18,5;3,5;0,0588651494528454
18,5;4;0,0942309277357253
18,5;4,5;0,0885940871655764
18,5;5;0,14092673138076
18,5;5,5;0,120582557528662
18,5;6;0,07860806704867
18,5;6,5;0,0499404324974219
18,5;7;0,0636569539972483
18,5;7,5;0,0691533887562322
18,5;8;0,0679887533952145
18,5;8,5;0,0422981541695834
18,5;9;0,0179018488005063
18,5;9,5;0,0515791097093054
18,5;10;0,0443470619631324
18,5;10,5;0,0296162492936263
18,5;11,5;0,0730566862906107
18,5;12;0,0692992233213416
18,5;12,5;0
18,5;13;0,0417193000900063
18,5;13,5;0,141941385752173
18,5;14;0,0948153665050671
18,5;14,5;0,0738176646816168
18,5;15;0,0176894507169292
18,5;15,5;0,0595569288813466
18,5;16;0,0748057313038074
18,5;16,5;0,0492715381920075
18,5;17;0,0707059639163015
19;-15,5;0
19;-15;0,0488876262463213
19;-14,5;0,0411181225252321
19;-14;0,0442126961403622
19;-13,5;0,0737728669460249
19;-13;0,0935185237571375
19;-12,5;0,0887801230930114
19;-12;0,0768542758091242
19;-11,5;0,0700794447140427
19;-11;0,0979735414018235
19;-10,5;0,135764501987817
19;-10;0,06582033276681
19;-9,5;0,00565685424949237
19;-9;0,0487984191781426
19;-8,5;0,065653128892181
19;-8;0,016662618556003
19;-7,5;0,0119582607431014
19;-7;0
19;-6,5;0
19;-6;0
19;-5,5;0,0724384796453745
19;-5;0
19;-4,5;0,0407130492711168
19;-4;0
19;-3,5;0,00989949493661166
19;-3;0,0521006176448452
19;-2,5;0,0446339688630822
19;-2;0,0199474309122754
19;-1,5;0
19;-1;0
19;-0,5;0
19;0;0,0594255621420398
19;0,5;0,079996953964999
19;1;0,068164676166788
19;1,5;0,048950217665745
19;2;0,0822076880118518
19;2,5;0,101968418006149
19;3;0,117532600927154
19;3,5;0,118328777530391
19;4;0,0785558091519345
19;4,5;0,0821872186915712
19;5;0,138438941068041
19;5,5;0,0535676628713117
19;6;0,00919238815542511
19;6,5;0,0419690083373281
19;7;0,07772558153942
19;7,5;0,0878186687275268
19;8;0,083654638015704
19;8,5;0
19;9;0,0361069838911295
19;9,5;0,0982777497298042
19;10;0,145642211202209
19;10,5;0,145147712491649
19;11;0,0598359104746989
19;11,5;0,079904271101879
19;12;0,311302982052237
19;12,5;0,203406016567253
19;13;0,0160499221181911
19;13,5;0,0713639231251304
19;14;0,0813029314764644
19;16,5;0,0176729548557488
19,5;-14;0,0298950545360648
19,5;-13,5;0
19,5;-13;0
19,5;-12,5;0,0588622903969021
19,5;-12;0,056225671067196
19,5;-11,5;0,0393164208999364
19,5;-11;0,079580926166537
19,5;-10,5;0,0503611223768774
19,5;-10;0,0670967189732083
19,5;-9,5;0,0573183975073489
19,5;-9;0,0516028540436917
19,5;-8,5;0,037188952416251
19,5;-8;0,0384632691918287
19,5;-6,5;0
19,5;-6;0
19,5;-5,5;0,0723557896378558
19,5;-5;0,0014142135623731
19,5;-4;0
19,5;-3,5;0,0381483944616284
19,5;-3;0,0666217467712844
19,5;-2,5;0,0262424592343528
19,5;-2;0
19,5;-1,5;0
19,5;-1;0
19,5;-0,5;0,0282711556494998
19,5;0;0,0709428496821355
19,5;0,5;0,0528399650336931
19,5;1;0,0525579045751763
19,5;1,5;0,0425299506618184
19,5;2;0,096818049421983
19,5;2,5;0,0699406891587436
19,5;3;0,0862122058901432
19,5;3,5;0,0345012077083301
19,5;4;0
19,5;5,5;0,00636396103067892
19,5;6;0
19,5;6,5;0,0246448101365514
19,5;7;0,0197989898732233
19,5;7,5;0,0828211037554603
19,5;8;0,105603334371332
19,5;8,5;0,114095315528908
19,5;9;0,0641334196047901
19,5;9,5;0,0883888625440185
19,5;10;0,0956377228128247
19,5;10,5;0,101683800585041
19,5;11;0,0740950449103859
19,5;11,5;0,0632698405820082
19,5;12;0,22370655072111
19,5;12,5;0,160361525358582
19,5;13;0,0650538803834266
19,5;13,5;0,0188709064729575
19,5;14;0,0963279121888701
20;-13;0
20;-12,5;0,0735524961980876
20;-12;0,311095273363323
20;-11,5;0,281106983840026
20;-11;0,105425850001244
20;-10,5;0,0340657627314609
20;-10;0,0505541918715894
20;-9,5;0,0552195240230603
20;-9;0,0479960315819865
20;-8,5;0,0429600291266673
20;-8;0,0492645917470144
20;-7,5;0,00565685424949238
20;-6,5;0,0532744466575362
20;-6;0,0187936159373336
20;-5;0,041843956154583
20;-4,5;0,0222867673743861
20;-4;0,0421220590325646
20;-3,5;0,0521588386032937
20;-3;0,0600465219252676
20;-2,5;0
20;-2;0,0496602559965313
20;-1,5;0,0585609843572398
20;-1;0,0667258071014007
20;-0,5;0,0289913780286484
20;1;0
20;1,5;0,07360978195865
20;2;0,123569143937042
20;4;0,0346482322781408
20;4,5;0,0266895734947813
20;5;0,0321667059192726
20;5,5;0,02794538324025
20;6;0,0561323372550465
20;6,5;0,0896608424378595
20;7;0,0343179339155972
20;7,5;0,0725810657893029
20;8;0,236860013122364
20;8,5;0,147501425855382
20;9;0,0784633352350196
20;9,5;0,0864565820117378
20;10;0,0773203502264429
20;10,5;0,0306431068920891
20;11;0,0852685204998615
20;11,5;0,0916267130560436
20;12;0,095867086986864
20;12,5;0,0691288651722274
20;13,5;0,0459422947233205
20;14;0,0422490490171926
20;14,5;0
20,5;-12;0
20,5;-11,5;0,231146490347572
20,5;-11;0,0323728281124773
20,5;-10,5;0,0656900270488577
20,5;-10;0,0568948898410788
20,5;-9,5;0,0343331429653965
20,5;-9;0,0318263517649552
20,5;-8,5;0,0323737641626766
20,5;-8;0,0463756401573067
20,5;-7,5;0
20,5;-7;0,102885749632675
20,5;-6,5;0,0932646254484864
20,5;-6;0,111383283076018
20,5;-5,5;0,144269054200823
20,5;-5;0,0294945616456096
20,5;-4,5;0,026498911443535
20,5;-4;0,0455487779909691
20,5;-3,5;0,0503050254769371
20,5;-3;0,0491056273492421
20,5;-2,5;0,0627909229108794
20,5;-2;0,0797348972919251
20,5;-1,5;0,0267566362313648
20,5;-1;0,0346911279576545
20,5;-0,5;0,0530987227621754
20,5;0;0
20,5;1;0,0743853828731505
20,5;1,5;0,087541784894781
20,5;3,5;0,0261939878598124
20,5;4;0,0524443582693669
20,5;4,5;0,0818730724963953
20,5;5;0,0763344069114356
20,5;5,5;0,0607005766035216
20,5;6;0,0448931602065764
20,5;6,5;0,0886563112275028
20,5;7;0,0556753718943405
20,5;7,5;0,0529896632539282
20,5;8;0,246865225671065
20,5;8,5;0,201297169893885
20,5;9;0,0801856020070359
20,5;9,5;0,0903661072157772
20,5;10;0,0770773421095114
20,5;11;0,18231847898054
20,5;11,5;0,0753721599796636
20,5;12;0,104437902651308
20,5;12,5;0,108823402662447
20,5;13;0,109301897338998
20,5;13,5;0,0700696558195248
20,5;14;0,0925109002586542
21;-11;0
21;-10,5;0
21;-10;0,0148492424049175
21;-9,5;0,0420868775648407
21;-9;0,0347371079203014
21;-8,5;0,0342365719245204
21;-8;0,0427198097240278
21;-7,5;0
21;-7;0,0670665980308273
21;-6,5;0,111641310638199
21;-6;0,0871586234461378
21;-5,5;0,0982732855222771
21;-5;0,0773551651318814
21;-4,5;0,0609251120724923
21;-4;0,0483322599610361
21;-3,5;0,0495556075712753
21;-3;0,0735626737344896
21;-2,5;0,0536755524896105
21;-2;0,0412201718106871
21;-1,5;0,0716358460859118
21;-1;0,0591636149447727
21;-0,5;0,0529718447844634
21;0;0,0417103873184655
21;0,5;0,0428979964012085
21;3,5;0,0435276296787976
21;4;0,0688372822573017
21;4,5;0
21;5;0,0677604323368453
21;5,5;0,100374299499424
21;6;0,0153079500042734
21;7;0,0860828089690387
21;7,5;0,0801315421005291
21;8;0,311350864811431
21;8,5;0,182373852338133
21;9;0,21776580932832
21;9,5;0,149830631653938
21;11;0,204072552990494
21;11,5;0,080542121485179
21;12;0,101241375395408
21;13;0,0994564393759063
21;13,5;0,0840376899571456
21,5;-9,5;0
21,5;-9;0,0519035965356288
21,5;-8,5;0,0433739806543301
21,5;-8;0,0353369495004874
21,5;-7,5;0,0489387372129686
21,5;-7;0,0563599542622636
21,5;-6,5;0
21,5;-5,5;0,0792320623041562
21,5;-5;0,043840620433566
21,5;-4,5;0,0605316427340261
21,5;-4;0,0751504808450474
21,5;-3,5;0,0127279220613579
21,5;-3;0,0452564123317664
21,5;-2,5;0,0617802557456668
21,5;-2;0,0602157912882313
21,5;-1,5;0,081070008759999
21,5;-1;0,0282901631902917
21,5;-0,5;0,021844907873461
21,5;0;0,142150569714816
21,5;0,5;0,093195830685406
21,5;1;0,0148593404968054
21,5;4;0,0845714687902092
21,5;7;0,0255147016443462
21,5;7,5;0,113052619327648
21,5;8;0,108593853029649
21,5;8,5;0,0859344526876744
21,5;9;0,292656745331857
21,5;9,5;0,366084446845564
21,5;10;0,042259515693707
22;-8,5;0
22;-8;0,0217132831848771
22;-7,5;0,0757515676405446
22;-7;0,0641378398451335
22;-6,5;0,0698116513675666
22;-6;0,0372692903071685
22;-5,5;0,116051551045214
22;-5;0,0743101608126372
22;-4,5;0,160306376987704
22;-4;0,0754007152296506
22;-3,5;0,0483334770112807
22;-3;0,0594651158243217
22;-2,5;0,0691650889091421
22;-2;0,0209324309784283
22;-1,5;0,0403534385151997
22;-1;0,0603391210062719
22;-0,5;0,0714846455223396
22;0;0,12643987545574
22;0,5;0,113238685969063
22;1,5;0,0627800392906323
22;2;0,0395979797464467
22;2,5;0,0920589192603553
22;3;0,0698426050035665
22;3,5;0,0332812688631737
22;4;0,0926984358012583
22;4,5;0,0309879008646923
22;5,5;0,0531060260234185
22;6;0,05939696961967
22;6,5;0,0265456724773121
22;7;0,053153864707407
22;7,5;0,034554305086342
22;8;0,0784888527117068
22;9,5;0
22;10;0,0414809193083599
22;10,5;0,0305995642670502
22,5;-7;0,0257358375292768
22,5;-6,5;0
22,5;-6;0,089393077037443
22,5;-5,5;0,0892099383780367
22,5;-5;0,0929065256294584
22,5;-4,5;0,320277474377443
22,5;-4;0,184868872447473
22,5;-3,5;0,0842454574529053
22,5;-3;0,0228527897640529
22,5;-2,5;0,0810716614219438
22,5;-2;0,0299026197291586
22,5;-1,5;0,011
22,5;-1;0,054977034832504
22,5;-0,5;0,0666498812201992
22,5;0;0,0932165936587115
22,5;1,5;0,0272451830604971
22,5;2;0,0270141938000501
22,5;2,5;0,0897159096506547
22,5;3;0,071092740682701
22,5;3,5;0,0879976361862009
22,5;4;0,12807144815818
22,5;4,5;0,0433246877822399
22,5;5;0
22,5;5,5;0,0483290802726474
22,5;6;0,0963279121888701
22,5;6,5;0,0363350807792978
22,5;7;0,0331522462070284
22,5;7,5;0,0401708849790492
23;-5,5;0,117308851612599
23;-5;0,085144629277112
23;-4,5;0,10308247102846
23;-4;0,130042984468169
23;-3,5;0,136667452771532
23;-3;0,0842555636145175
23;-2,5;0,0337516137180347
23;-2;0,0474486857328818
23;-1,5;0,0813944041049988
23;-1;0,0588839558915492
23;-0,5;0,0423436198601058
23;1,5;0,0279910700045568
23;2;0,0728273175519886
23;2,5;0,0197989898732233
23;3,5;0,0781983944137531
23;4;0,123780631018688
23;4,5;0
23;7;0,0212132034355964
23,5;-3,5;0
23,5;-3;0
23,5;-2;0,0237065391822594
23,5;-1,5;0,0650295171075266
23,5;-1;0,0819687888951714
23,5;-0,5;0,0753282560122439
23,5;0;0,0813944101274774
23,5;0,5;0,0778152268120419
23,5;1;0,19297022188915
23,5;1,5;0,0631175773570926
23,5;2;0,0638636568532265
23,5;2,5;0,063736436465599
23,5;3,5;0,0724519545235718
23,5;4,5;0,0813994266974078
23,5;5;0
24;0;0,0187705443004015
24;0,5;0,141953083016107
24;1;0,127378513550307
24;1,5;0,0254558441227157
