"x";"y";"canopy_cover"
-27;35,5;0
-27;36;16
-27;36,5;16
-27;37;20
-27;37,5;12
-27;38;4
-27;38,5;16
-27;39;20
-27;39,5;20
-27;40;24
-27;40,5;40
-27;41;40
-27;41,5;36
-27;42;40
-27;42,5;40
-27;43;40
-27;43,5;40
-27;44;44
-27;44,5;56
-27;45;44
-27;45,5;52
-27;46;60
-27;46,5;60
-27;47;60
-27;47,5;60
-27;48;60
-27;48,5;72
-27;49;68
-27;49,5;76
-27;50;72
-27;50,5;72
-27;51;36
-27;51,5;44
-27;52;64
-27;52,5;68
-27;53;60
-27;53,5;24
-27;54;52
-27;54,5;60
-27;55;68
-27;55,5;56
-27;56;56
-27;56,5;32
-27;57;8
-27;57,5;4
-26,5;14;12
-26,5;14,5;20
-26,5;15;20
-26,5;15,5;20
-26,5;16;20
-26,5;16,5;20
-26,5;17;20
-26,5;17,5;20
-26,5;18;28
-26,5;18,5;36
-26,5;19;16
-26,5;19,5;0
-26,5;20;20
-26,5;20,5;36
-26,5;21;40
-26,5;21,5;40
-26,5;22;40
-26,5;22,5;36
-26,5;23;52
-26,5;23,5;60
-26,5;24;60
-26,5;24,5;60
-26,5;25;60
-26,5;25,5;60
-26,5;26;60
-26,5;26,5;68
-26,5;27;72
-26,5;27,5;80
-26,5;28;80
-26,5;28,5;80
-26,5;29;80
-26,5;29,5;80
-26,5;30;80
-26,5;30,5;80
-26,5;31;40
-26,5;31,5;60
-26,5;32;72
-26,5;32,5;68
-26,5;33;96
-26,5;33,5;100
-26,5;34;96
-26,5;34,5;96
-26,5;35;92
-26,5;35,5;100
-26,5;36;96
-26,5;36,5;96
-26,5;37;100
-26,5;37,5;96
-26,5;38;60
-26,5;38,5;68
-26,5;39;100
-26,5;39,5;100
-26,5;40;92
-26,5;40,5;100
-26,5;41;100
-26,5;41,5;100
-26,5;42;100
-26,5;42,5;96
-26,5;43;100
-26,5;43,5;100
-26,5;44;100
-26,5;44,5;100
-26,5;45;100
-26,5;45,5;100
-26,5;46;100
-26,5;46,5;100
-26,5;47;100
-26,5;47,5;100
-26,5;48;100
-26,5;48,5;100
-26,5;49;100
-26,5;49,5;100
-26,5;50;96
-26,5;50,5;96
-26,5;51;96
-26,5;51,5;68
-26,5;52;64
-26,5;52,5;56
-26,5;53;28
-26,5;53,5;32
-26,5;54;68
-26,5;54,5;84
-26,5;55;100
-26,5;55,5;100
-26,5;56;100
-26,5;56,5;84
-26,5;57;40
-26,5;57,5;80
-26,5;58;68
-26,5;58,5;36
-26,5;59;20
-26,5;59,5;12
-26;-1;8
-26;-0,5;20
-26;0;28
-26;0,5;40
-26;1;40
-26;1,5;40
-26;2;36
-26;2,5;24
-26;3;16
-26;5;28
-26;5,5;24
-26;6;8
-26;6,5;68
-26;7;76
-26;7,5;80
-26;8;68
-26;8,5;76
-26;9;76
-26;9,5;84
-26;10;84
-26;10,5;96
-26;11;100
-26;11,5;100
-26;12;100
-26;12,5;100
-26;13;100
-26;13,5;100
-26;14;96
-26;14,5;100
-26;15;100
-26;15,5;100
-26;16;100
-26;16,5;100
-26;17;100
-26;17,5;100
-26;18;100
-26;18,5;100
-26;19;88
-26;19,5;4
-26;20;24
-26;20,5;100
-26;21;96
-26;21,5;100
-26;22;100
-26;22,5;100
-26;23;100
-26;23,5;100
-26;24;100
-26;24,5;100
-26;25;100
-26;25,5;100
-26;26;100
-26;26,5;100
-26;27;100
-26;27,5;100
-26;28;100
-26;28,5;100
-26;29;100
-26;29,5;96
-26;30;92
-26;30,5;68
-26;31;84
-26;31,5;88
-26;32;76
-26;32,5;88
-26;33;80
-26;33,5;64
-26;34;96
-26;34,5;96
-26;35;88
-26;35,5;100
-26;36;100
-26;36,5;100
-26;37;100
-26;37,5;96
-26;38;100
-26;38,5;100
-26;39;92
-26;39,5;96
-26;40;96
-26;40,5;96
-26;41;100
-26;41,5;100
-26;42;92
-26;42,5;100
-26;43;100
-26;43,5;96
-26;44;100
-26;44,5;100
-26;45;100
-26;45,5;100
-26;46;96
-26;46,5;100
-26;47;100
-26;47,5;100
-26;48;100
-26;48,5;100
-26;49;100
-26;49,5;100
-26;50;96
-26;50,5;88
-26;51;96
-26;51,5;88
-26;52;100
-26;52,5;100
-26;53;44
-26;53,5;60
-26;54;76
-26;54,5;88
-26;55;100
-26;55,5;100
-26;56;100
-26;56,5;100
-26;57;80
-26;57,5;60
-26;58;76
-26;58,5;88
-26;59;76
-26;59,5;88
-26;60;44
-26;60,5;24
-26;61;4
-25,5;-3,5;8
-25,5;-3;40
-25,5;-2,5;60
-25,5;-2;68
-25,5;-1,5;60
-25,5;-1;96
-25,5;-0,5;100
-25,5;0;92
-25,5;0,5;96
-25,5;1;100
-25,5;1,5;100
-25,5;2;100
-25,5;2,5;72
-25,5;3;0
-25,5;5;64
-25,5;5,5;40
-25,5;6;36
-25,5;6,5;92
-25,5;7;96
-25,5;7,5;100
-25,5;8;100
-25,5;8,5;100
-25,5;9;100
-25,5;9,5;100
-25,5;10;100
-25,5;10,5;100
-25,5;11;100
-25,5;11,5;100
-25,5;12;96
-25,5;12,5;100
-25,5;13;100
-25,5;13,5;100
-25,5;14;100
-25,5;14,5;100
-25,5;15;100
-25,5;15,5;100
-25,5;16;100
-25,5;16,5;100
-25,5;17;100
-25,5;17,5;100
-25,5;18;100
-25,5;18,5;100
-25,5;19;96
-25,5;19,5;56
-25,5;20;56
-25,5;20,5;92
-25,5;21;100
-25,5;21,5;100
-25,5;22;92
-25,5;22,5;96
-25,5;23;100
-25,5;23,5;100
-25,5;24;100
-25,5;24,5;100
-25,5;25;100
-25,5;25,5;100
-25,5;26;100
-25,5;26,5;100
-25,5;27;100
-25,5;27,5;100
-25,5;28;100
-25,5;28,5;92
-25,5;29;96
-25,5;29,5;100
-25,5;30;100
-25,5;30,5;100
-25,5;31;100
-25,5;31,5;92
-25,5;32;68
-25,5;32,5;40
-25,5;33;80
-25,5;33,5;40
-25,5;34;48
-25,5;34,5;100
-25,5;35;92
-25,5;35,5;100
-25,5;36;100
-25,5;36,5;100
-25,5;37;100
-25,5;37,5;92
-25,5;38;96
-25,5;38,5;100
-25,5;39;96
-25,5;39,5;92
-25,5;40;100
-25,5;40,5;100
-25,5;41;100
-25,5;41,5;92
-25,5;42;100
-25,5;42,5;100
-25,5;43;84
-25,5;43,5;100
-25,5;44;96
-25,5;44,5;100
-25,5;45;100
-25,5;45,5;100
-25,5;46;100
-25,5;46,5;92
-25,5;47;100
-25,5;47,5;100
-25,5;48;96
-25,5;48,5;100
-25,5;49;100
-25,5;49,5;100
-25,5;50;100
-25,5;50,5;100
-25,5;51;80
-25,5;51,5;44
-25,5;52;84
-25,5;52,5;100
-25,5;53;88
-25,5;53,5;80
-25,5;54;96
-25,5;54,5;100
-25,5;55;100
-25,5;55,5;100
-25,5;56;100
-25,5;56,5;96
-25,5;57;100
-25,5;57,5;100
-25,5;58;92
-25,5;58,5;84
-25,5;59;96
-25,5;59,5;80
-25,5;60;48
-25,5;60,5;44
-25,5;61;56
-25,5;61,5;28
-25,5;62;20
-25;-4,5;60
-25;-4;56
-25;-3,5;68
-25;-3;96
-25;-2,5;100
-25;-2;96
-25;-1,5;84
-25;-1;80
-25;-0,5;100
-25;0;96
-25;0,5;96
-25;1;100
-25;1,5;100
-25;2;100
-25;2,5;100
-25;3;4
-25;4,5;0
-25;5;32
-25;5,5;64
-25;6;96
-25;6,5;100
-25;7;100
-25;7,5;96
-25;8;80
-25;8,5;88
-25;9;96
-25;9,5;96
-25;10;100
-25;10,5;100
-25;11;100
-25;11,5;100
-25;12;100
-25;12,5;100
-25;13;100
-25;13,5;100
-25;14;100
-25;14,5;100
-25;15;100
-25;15,5;100
-25;16;100
-25;16,5;100
-25;17;100
-25;17,5;100
-25;18;100
-25;18,5;100
-25;19;96
-25;19,5;96
-25;20;88
-25;20,5;92
-25;21;100
-25;21,5;100
-25;22;84
-25;22,5;96
-25;23;100
-25;23,5;100
-25;24;100
-25;24,5;100
-25;25;100
-25;25,5;100
-25;26;100
-25;26,5;100
-25;27;100
-25;27,5;100
-25;28;100
-25;28,5;100
-25;29;100
-25;29,5;100
-25;30;100
-25;30,5;100
-25;31;100
-25;31,5;100
-25;32;96
-25;32,5;92
-25;33;100
-25;33,5;96
-25;34;60
-25;34,5;100
-25;35;96
-25;35,5;100
-25;36;100
-25;36,5;100
-25;37;100
-25;37,5;100
-25;38;100
-25;38,5;96
-25;39;88
-25;39,5;96
-25;40;100
-25;40,5;92
-25;41;100
-25;41,5;100
-25;42;100
-25;42,5;96
-25;43;100
-25;43,5;100
-25;44;92
-25;44,5;72
-25;45;96
-25;45,5;76
-25;46;28
-25;46,5;52
-25;47;100
-25;47,5;100
-25;48;100
-25;48,5;100
-25;49;100
-25;49,5;100
-25;50;100
-25;50,5;96
-25;51;96
-25;51,5;16
-25;52;44
-25;52,5;92
-25;53;76
-25;53,5;92
-25;54;100
-25;54,5;100
-25;55;100
-25;55,5;96
-25;56;100
-25;56,5;96
-25;57;100
-25;57,5;100
-25;58;92
-25;58,5;96
-25;59;96
-25;59,5;72
-25;60;76
-25;60,5;84
-25;61;40
-25;61,5;28
-25;62;36
-25;62,5;4
-25;63;0
-25;63,5;4
-24,5;-7;8
-24,5;-6,5;40
-24,5;-6;60
-24,5;-5,5;56
-24,5;-5;48
-24,5;-4,5;80
-24,5;-4;60
-24,5;-3,5;92
-24,5;-3;100
-24,5;-2,5;92
-24,5;-2;96
-24,5;-1,5;92
-24,5;-1;100
-24,5;-0,5;100
-24,5;0;100
-24,5;0,5;100
-24,5;1;100
-24,5;1,5;100
-24,5;2;100
-24,5;2,5;76
-24,5;3;28
-24,5;3,5;0
-24,5;4,5;0
-24,5;5;56
-24,5;5,5;76
-24,5;6;100
-24,5;6,5;100
-24,5;7;100
-24,5;7,5;100
-24,5;8;96
-24,5;8,5;80
-24,5;9;100
-24,5;9,5;100
-24,5;10;100
-24,5;10,5;100
-24,5;11;88
-24,5;11,5;100
-24,5;12;100
-24,5;12,5;100
-24,5;13;100
-24,5;13,5;100
-24,5;14;100
-24,5;14,5;100
-24,5;15;100
-24,5;15,5;100
-24,5;16;100
-24,5;16,5;100
-24,5;17;100
-24,5;17,5;100
-24,5;18;100
-24,5;18,5;100
-24,5;19;100
-24,5;19,5;84
-24,5;20;88
-24,5;20,5;100
-24,5;21;100
-24,5;21,5;100
-24,5;22;96
-24,5;22,5;100
-24,5;23;100
-24,5;23,5;100
-24,5;24;100
-24,5;24,5;100
-24,5;25;100
-24,5;25,5;100
-24,5;26;100
-24,5;26,5;100
-24,5;27;100
-24,5;27,5;100
-24,5;28;100
-24,5;28,5;100
-24,5;29;100
-24,5;29,5;100
-24,5;30;100
-24,5;30,5;100
-24,5;31;100
-24,5;31,5;100
-24,5;32;100
-24,5;32,5;100
-24,5;33;92
-24,5;33,5;100
-24,5;34;88
-24,5;34,5;84
-24,5;35;100
-24,5;35,5;96
-24,5;36;100
-24,5;36,5;100
-24,5;37;100
-24,5;37,5;100
-24,5;38;100
-24,5;38,5;80
-24,5;39;96
-24,5;39,5;100
-24,5;40;100
-24,5;40,5;84
-24,5;41;88
-24,5;41,5;92
-24,5;42;100
-24,5;42,5;100
-24,5;43;100
-24,5;43,5;100
-24,5;44;100
-24,5;44,5;92
-24,5;45;40
-24,5;45,5;8
-24,5;46;0
-24,5;46,5;24
-24,5;47;68
-24,5;47,5;80
-24,5;48;96
-24,5;48,5;100
-24,5;49;100
-24,5;49,5;100
-24,5;50;100
-24,5;50,5;76
-24,5;51;48
-24,5;51,5;28
-24,5;52;20
-24,5;52,5;100
-24,5;53;88
-24,5;53,5;96
-24,5;54;100
-24,5;54,5;100
-24,5;55;100
-24,5;55,5;100
-24,5;56;100
-24,5;56,5;96
-24,5;57;100
-24,5;57,5;96
-24,5;58;92
-24,5;58,5;96
-24,5;59;84
-24,5;59,5;88
-24,5;60;92
-24,5;60,5;92
-24,5;61;40
-24,5;61,5;28
-24,5;62;64
-24,5;62,5;44
-24,5;63;56
-24,5;63,5;44
-24,5;64;12
-24,5;64,5;20
-24;-8;16
-24;-7,5;64
-24;-7;96
-24;-6,5;100
-24;-6;100
-24;-5,5;100
-24;-5;76
-24;-4,5;96
-24;-4;100
-24;-3,5;100
-24;-3;100
-24;-2,5;100
-24;-2;100
-24;-1,5;88
-24;-1;100
-24;-0,5;100
-24;0;100
-24;0,5;100
-24;1;96
-24;1,5;100
-24;2;100
-24;2,5;100
-24;3;100
-24;3,5;36
-24;4,5;0
-24;5;28
-24;5,5;88
-24;6;100
-24;6,5;100
-24;7;100
-24;7,5;92
-24;8;100
-24;8,5;100
-24;9;100
-24;9,5;100
-24;10;100
-24;10,5;100
-24;11;100
-24;11,5;100
-24;12;100
-24;12,5;100
-24;13;100
-24;13,5;100
-24;14;100
-24;14,5;100
-24;15;100
-24;15,5;100
-24;16;100
-24;16,5;100
-24;17;100
-24;17,5;100
-24;18;100
-24;18,5;100
-24;19;92
-24;19,5;100
-24;20;92
-24;20,5;100
-24;21;96
-24;21,5;100
-24;22;100
-24;22,5;100
-24;23;100
-24;23,5;100
-24;24;100
-24;24,5;100
-24;25;100
-24;25,5;100
-24;26;100
-24;26,5;100
-24;27;100
-24;27,5;100
-24;28;100
-24;28,5;100
-24;29;100
-24;29,5;100
-24;30;100
-24;30,5;100
-24;31;100
-24;31,5;100
-24;32;100
-24;32,5;100
-24;33;100
-24;33,5;100
-24;34;100
-24;34,5;100
-24;35;100
-24;35,5;100
-24;36;100
-24;36,5;100
-24;37;100
-24;37,5;100
-24;38;96
-24;38,5;96
-24;39;100
-24;39,5;100
-24;40;96
-24;40,5;88
-24;41;72
-24;41,5;88
-24;42;100
-24;42,5;100
-24;43;100
-24;43,5;100
-24;44;88
-24;44,5;72
-24;45;64
-24;45,5;72
-24;46;4
-24;46,5;4
-24;47;4
-24;47,5;60
-24;48;72
-24;48,5;92
-24;49;92
-24;49,5;92
-24;50;64
-24;50,5;12
-24;51;0
-24;51,5;20
-24;52;36
-24;52,5;68
-24;53;92
-24;53,5;100
-24;54;100
-24;54,5;100
-24;55;100
-24;55,5;96
-24;56;100
-24;56,5;100
-24;57;100
-24;57,5;100
-24;58;100
-24;58,5;100
-24;59;96
-24;59,5;72
-24;60;64
-24;60,5;44
-24;61;20
-24;61,5;36
-24;62;28
-24;62,5;24
-24;63;56
-24;63,5;28
-24;64;64
-24;64,5;72
-24;65;76
-24;65,5;24
-23,5;-9;24
-23,5;-8,5;72
-23,5;-8;100
-23,5;-7,5;100
-23,5;-7;100
-23,5;-6,5;100
-23,5;-6;100
-23,5;-5,5;100
-23,5;-5;100
-23,5;-4,5;88
-23,5;-4;80
-23,5;-3,5;76
-23,5;-3;100
-23,5;-2,5;100
-23,5;-2;100
-23,5;-1,5;100
-23,5;-1;96
-23,5;-0,5;92
-23,5;0;100
-23,5;0,5;100
-23,5;1;100
-23,5;1,5;100
-23,5;2;96
-23,5;2,5;48
-23,5;3;20
-23,5;3,5;0
-23,5;4;20
-23,5;4,5;48
-23,5;5;92
-23,5;5,5;100
-23,5;6;100
-23,5;6,5;100
-23,5;7;92
-23,5;7,5;92
-23,5;8;100
-23,5;8,5;100
-23,5;9;96
-23,5;9,5;96
-23,5;10;100
-23,5;10,5;100
-23,5;11;100
-23,5;11,5;100
-23,5;12;100
-23,5;12,5;100
-23,5;13;100
-23,5;13,5;100
-23,5;14;100
-23,5;14,5;100
-23,5;15;100
-23,5;15,5;100
-23,5;16;100
-23,5;16,5;100
-23,5;17;100
-23,5;17,5;100
-23,5;18;100
-23,5;18,5;88
-23,5;19;84
-23,5;19,5;88
-23,5;20;96
-23,5;20,5;100
-23,5;21;100
-23,5;21,5;100
-23,5;22;100
-23,5;22,5;100
-23,5;23;100
-23,5;23,5;100
-23,5;24;100
-23,5;24,5;100
-23,5;25;100
-23,5;25,5;100
-23,5;26;100
-23,5;26,5;100
-23,5;27;100
-23,5;27,5;100
-23,5;28;100
-23,5;28,5;100
-23,5;29;100
-23,5;29,5;100
-23,5;30;100
-23,5;30,5;100
-23,5;31;100
-23,5;31,5;100
-23,5;32;100
-23,5;32,5;100
-23,5;33;100
-23,5;33,5;100
-23,5;34;100
-23,5;34,5;100
-23,5;35;96
-23,5;35,5;96
-23,5;36;100
-23,5;36,5;100
-23,5;37;100
-23,5;37,5;100
-23,5;38;100
-23,5;38,5;100
-23,5;39;100
-23,5;39,5;100
-23,5;40;100
-23,5;40,5;96
-23,5;41;48
-23,5;41,5;96
-23,5;42;100
-23,5;42,5;100
-23,5;43;100
-23,5;43,5;100
-23,5;44;100
-23,5;44,5;96
-23,5;45;100
-23,5;45,5;92
-23,5;46;68
-23,5;46,5;76
-23,5;47;60
-23,5;47,5;80
-23,5;48;92
-23,5;48,5;64
-23,5;49;72
-23,5;49,5;64
-23,5;50;32
-23,5;50,5;4
-23,5;51;0
-23,5;51,5;0
-23,5;52;0
-23,5;52,5;60
-23,5;53;88
-23,5;53,5;96
-23,5;54;100
-23,5;54,5;100
-23,5;55;100
-23,5;55,5;100
-23,5;56;100
-23,5;56,5;100
-23,5;57;100
-23,5;57,5;100
-23,5;58;100
-23,5;58,5;100
-23,5;59;96
-23,5;59,5;56
-23,5;60;44
-23,5;60,5;84
-23,5;61;76
-23,5;61,5;64
-23,5;62;56
-23,5;62,5;56
-23,5;63;60
-23,5;63,5;64
-23,5;64;76
-23,5;64,5;84
-23,5;65;96
-23,5;65,5;100
-23,5;66;64
-23,5;66,5;8
-23;-10;20
-23;-9,5;72
-23;-9;100
-23;-8,5;100
-23;-8;100
-23;-7,5;100
-23;-7;100
-23;-6,5;100
-23;-6;100
-23;-5,5;100
-23;-5;100
-23;-4,5;96
-23;-4;88
-23;-3,5;64
-23;-3;96
-23;-2,5;100
-23;-2;100
-23;-1,5;100
-23;-1;100
-23;-0,5;100
-23;0;100
-23;0,5;100
-23;1;100
-23;1,5;96
-23;2;28
-23;2,5;4
-23;3;0
-23;3,5;20
-23;4;96
-23;4,5;100
-23;5;84
-23;5,5;100
-23;6;100
-23;6,5;100
-23;7;100
-23;7,5;100
-23;8;100
-23;8,5;100
-23;9;96
-23;9,5;100
-23;10;92
-23;10,5;100
-23;11;100
-23;11,5;100
-23;12;100
-23;12,5;100
-23;13;100
-23;13,5;100
-23;14;100
-23;14,5;100
-23;15;100
-23;15,5;100
-23;16;100
-23;16,5;100
-23;17;96
-23;17,5;68
-23;18;44
-23;18,5;52
-23;19;64
-23;19,5;76
-23;20;100
-23;20,5;100
-23;21;100
-23;21,5;100
-23;22;100
-23;22,5;100
-23;23;100
-23;23,5;100
-23;24;100
-23;24,5;100
-23;25;100
-23;25,5;100
-23;26;100
-23;26,5;100
-23;27;100
-23;27,5;100
-23;28;100
-23;28,5;100
-23;29;100
-23;29,5;100
-23;30;100
-23;30,5;100
-23;31;100
-23;31,5;100
-23;32;100
-23;32,5;100
-23;33;100
-23;33,5;100
-23;34;100
-23;34,5;100
-23;35;100
-23;35,5;100
-23;36;100
-23;36,5;100
-23;37;100
-23;37,5;100
-23;38;100
-23;38,5;100
-23;39;100
-23;39,5;96
-23;40;100
-23;40,5;100
-23;41;76
-23;41,5;92
-23;42;100
-23;42,5;100
-23;43;100
-23;43,5;100
-23;44;100
-23;44,5;100
-23;45;100
-23;45,5;100
-23;46;96
-23;46,5;96
-23;47;96
-23;47,5;100
-23;48;92
-23;48,5;68
-23;49;32
-23;49,5;44
-23;50;80
-23;50,5;44
-23;51;0
-23;51,5;12
-23;52;20
-23;52,5;84
-23;53;88
-23;53,5;100
-23;54;100
-23;54,5;100
-23;55;100
-23;55,5;100
-23;56;100
-23;56,5;100
-23;57;100
-23;57,5;100
-23;58;88
-23;58,5;96
-23;59;100
-23;59,5;88
-23;60;88
-23;60,5;96
-23;61;100
-23;61,5;100
-23;62;96
-23;62,5;48
-23;63;80
-23;63,5;80
-23;64;84
-23;64,5;92
-23;65;100
-23;65,5;100
-23;66;100
-23;66,5;84
-23;67;32
-22,5;-11;8
-22,5;-10,5;56
-22,5;-10;100
-22,5;-9,5;100
-22,5;-9;100
-22,5;-8,5;100
-22,5;-8;100
-22,5;-7,5;100
-22,5;-7;100
-22,5;-6,5;100
-22,5;-6;100
-22,5;-5,5;100
-22,5;-5;96
-22,5;-4,5;100
-22,5;-4;100
-22,5;-3,5;92
-22,5;-3;100
-22,5;-2,5;100
-22,5;-2;96
-22,5;-1,5;92
-22,5;-1;64
-22,5;-0,5;64
-22,5;0;96
-22,5;0,5;100
-22,5;1;100
-22,5;1,5;84
-22,5;2;20
-22,5;2,5;20
-22,5;3;48
-22,5;3,5;68
-22,5;4;96
-22,5;4,5;68
-22,5;5;92
-22,5;5,5;100
-22,5;6;100
-22,5;6,5;96
-22,5;7;96
-22,5;7,5;100
-22,5;8;96
-22,5;8,5;100
-22,5;9;100
-22,5;9,5;96
-22,5;10;100
-22,5;10,5;100
-22,5;11;100
-22,5;11,5;100
-22,5;12;100
-22,5;12,5;100
-22,5;13;100
-22,5;13,5;100
-22,5;14;100
-22,5;14,5;100
-22,5;15;100
-22,5;15,5;100
-22,5;16;100
-22,5;16,5;100
-22,5;17;60
-22,5;17,5;72
-22,5;18;80
-22,5;18,5;88
-22,5;19;92
-22,5;19,5;60
-22,5;20;84
-22,5;20,5;100
-22,5;21;100
-22,5;21,5;100
-22,5;22;100
-22,5;22,5;100
-22,5;23;100
-22,5;23,5;100
-22,5;24;100
-22,5;24,5;100
-22,5;25;100
-22,5;25,5;100
-22,5;26;100
-22,5;26,5;100
-22,5;27;100
-22,5;27,5;100
-22,5;28;100
-22,5;28,5;100
-22,5;29;100
-22,5;29,5;100
-22,5;30;100
-22,5;30,5;100
-22,5;31;100
-22,5;31,5;100
-22,5;32;100
-22,5;32,5;100
-22,5;33;100
-22,5;33,5;100
-22,5;34;100
-22,5;34,5;100
-22,5;35;84
-22,5;35,5;92
-22,5;36;100
-22,5;36,5;100
-22,5;37;100
-22,5;37,5;100
-22,5;38;100
-22,5;38,5;100
-22,5;39;100
-22,5;39,5;100
-22,5;40;100
-22,5;40,5;100
-22,5;41;72
-22,5;41,5;80
-22,5;42;96
-22,5;42,5;92
-22,5;43;100
-22,5;43,5;100
-22,5;44;100
-22,5;44,5;100
-22,5;45;100
-22,5;45,5;100
-22,5;46;100
-22,5;46,5;100
-22,5;47;100
-22,5;47,5;100
-22,5;48;100
-22,5;48,5;92
-22,5;49;56
-22,5;49,5;8
-22,5;50;0
-22,5;50,5;40
-22,5;51;12
-22,5;51,5;28
-22,5;52;44
-22,5;52,5;96
-22,5;53;100
-22,5;53,5;100
-22,5;54;100
-22,5;54,5;100
-22,5;55;100
-22,5;55,5;100
-22,5;56;100
-22,5;56,5;100
-22,5;57;100
-22,5;57,5;100
-22,5;58;100
-22,5;58,5;100
-22,5;59;100
-22,5;59,5;100
-22,5;60;100
-22,5;60,5;100
-22,5;61;100
-22,5;61,5;100
-22,5;62;96
-22,5;62,5;96
-22,5;63;92
-22,5;63,5;88
-22,5;64;96
-22,5;64,5;92
-22,5;65;92
-22,5;65,5;100
-22,5;66;96
-22,5;66,5;100
-22,5;67;88
-22,5;67,5;64
-22,5;68;4
-22;-11,5;36
-22;-11;92
-22;-10,5;100
-22;-10;100
-22;-9,5;100
-22;-9;100
-22;-8,5;100
-22;-8;100
-22;-7,5;100
-22;-7;100
-22;-6,5;100
-22;-6;100
-22;-5,5;100
-22;-5;96
-22;-4,5;92
-22;-4;80
-22;-3,5;84
-22;-3;92
-22;-2,5;100
-22;-2;88
-22;-1,5;88
-22;-1;80
-22;-0,5;76
-22;0;92
-22;0,5;92
-22;1;24
-22;1,5;0
-22;2;0
-22;2,5;24
-22;3;40
-22;3,5;20
-22;4;12
-22;4,5;28
-22;5;100
-22;5,5;100
-22;6;100
-22;6,5;100
-22;7;100
-22;7,5;96
-22;8;100
-22;8,5;96
-22;9;100
-22;9,5;100
-22;10;96
-22;10,5;96
-22;11;100
-22;11,5;92
-22;12;96
-22;12,5;96
-22;13;100
-22;13,5;100
-22;14;100
-22;14,5;100
-22;15;100
-22;15,5;100
-22;16;100
-22;16,5;100
-22;17;88
-22;17,5;100
-22;18;96
-22;18,5;100
-22;19;100
-22;19,5;96
-22;20;100
-22;20,5;100
-22;21;100
-22;21,5;100
-22;22;100
-22;22,5;100
-22;23;100
-22;23,5;100
-22;24;100
-22;24,5;100
-22;25;100
-22;25,5;100
-22;26;100
-22;26,5;92
-22;27;100
-22;27,5;100
-22;28;100
-22;28,5;100
-22;29;100
-22;29,5;100
-22;30;100
-22;30,5;100
-22;31;100
-22;31,5;100
-22;32;100
-22;32,5;100
-22;33;100
-22;33,5;100
-22;34;100
-22;34,5;100
-22;35;100
-22;35,5;100
-22;36;100
-22;36,5;96
-22;37;92
-22;37,5;100
-22;38;100
-22;38,5;100
-22;39;100
-22;39,5;100
-22;40;100
-22;40,5;100
-22;41;92
-22;41,5;100
-22;42;92
-22;42,5;88
-22;43;52
-22;43,5;76
-22;44;100
-22;44,5;100
-22;45;100
-22;45,5;100
-22;46;100
-22;46,5;100
-22;47;100
-22;47,5;100
-22;48;100
-22;48,5;100
-22;49;52
-22;49,5;36
-22;50;4
-22;50,5;32
-22;51;40
-22;51,5;20
-22;52;36
-22;52,5;88
-22;53;100
-22;53,5;100
-22;54;100
-22;54,5;100
-22;55;100
-22;55,5;100
-22;56;100
-22;56,5;100
-22;57;100
-22;57,5;100
-22;58;100
-22;58,5;100
-22;59;100
-22;59,5;100
-22;60;92
-22;60,5;100
-22;61;96
-22;61,5;100
-22;62;100
-22;62,5;96
-22;63;100
-22;63,5;100
-22;64;92
-22;64,5;84
-22;65;96
-22;65,5;88
-22;66;76
-22;66,5;96
-22;67;60
-22;67,5;100
-22;68;60
-22;68,5;16
-21,5;-12,5;4
-21,5;-12;68
-21,5;-11,5;100
-21,5;-11;100
-21,5;-10,5;100
-21,5;-10;100
-21,5;-9,5;100
-21,5;-9;100
-21,5;-8,5;100
-21,5;-8;100
-21,5;-7,5;100
-21,5;-7;100
-21,5;-6,5;100
-21,5;-6;100
-21,5;-5,5;100
-21,5;-5;100
-21,5;-4,5;100
-21,5;-4;72
-21,5;-3,5;92
-21,5;-3;44
-21,5;-2,5;76
-21,5;-2;76
-21,5;-1,5;88
-21,5;-1;84
-21,5;-0,5;100
-21,5;0;100
-21,5;0,5;80
-21,5;1;12
-21,5;2;0
-21,5;2,5;20
-21,5;3;20
-21,5;3,5;44
-21,5;4;24
-21,5;4,5;68
-21,5;5;100
-21,5;5,5;100
-21,5;6;100
-21,5;6,5;100
-21,5;7;100
-21,5;7,5;100
-21,5;8;100
-21,5;8,5;100
-21,5;9;100
-21,5;9,5;100
-21,5;10;100
-21,5;10,5;92
-21,5;11;100
-21,5;11,5;100
-21,5;12;100
-21,5;12,5;100
-21,5;13;100
-21,5;13,5;100
-21,5;14;100
-21,5;14,5;100
-21,5;15;100
-21,5;15,5;100
-21,5;16;100
-21,5;16,5;100
-21,5;17;100
-21,5;17,5;100
-21,5;18;100
-21,5;18,5;100
-21,5;19;100
-21,5;19,5;100
-21,5;20;100
-21,5;20,5;100
-21,5;21;100
-21,5;21,5;100
-21,5;22;100
-21,5;22,5;100
-21,5;23;100
-21,5;23,5;100
-21,5;24;100
-21,5;24,5;100
-21,5;25;100
-21,5;25,5;100
-21,5;26;100
-21,5;26,5;96
-21,5;27;100
-21,5;27,5;96
-21,5;28;100
-21,5;28,5;100
-21,5;29;100
-21,5;29,5;100
-21,5;30;100
-21,5;30,5;100
-21,5;31;100
-21,5;31,5;100
-21,5;32;100
-21,5;32,5;100
-21,5;33;100
-21,5;33,5;100
-21,5;34;100
-21,5;34,5;100
-21,5;35;100
-21,5;35,5;100
-21,5;36;100
-21,5;36,5;96
-21,5;37;76
-21,5;37,5;100
-21,5;38;92
-21,5;38,5;100
-21,5;39;100
-21,5;39,5;100
-21,5;40;100
-21,5;40,5;100
-21,5;41;100
-21,5;41,5;100
-21,5;42;84
-21,5;42,5;92
-21,5;43;24
-21,5;43,5;16
-21,5;44;92
-21,5;44,5;100
-21,5;45;96
-21,5;45,5;100
-21,5;46;100
-21,5;46,5;100
-21,5;47;100
-21,5;47,5;100
-21,5;48;100
-21,5;48,5;100
-21,5;49;52
-21,5;49,5;96
-21,5;50;80
-21,5;50,5;16
-21,5;51;16
-21,5;51,5;8
-21,5;52;8
-21,5;52,5;84
-21,5;53;100
-21,5;53,5;96
-21,5;54;100
-21,5;54,5;100
-21,5;55;100
-21,5;55,5;100
-21,5;56;100
-21,5;56,5;100
-21,5;57;100
-21,5;57,5;100
-21,5;58;100
-21,5;58,5;100
-21,5;59;100
-21,5;59,5;96
-21,5;60;100
-21,5;60,5;100
-21,5;61;100
-21,5;61,5;100
-21,5;62;100
-21,5;62,5;100
-21,5;63;100
-21,5;63,5;96
-21,5;64;96
-21,5;64,5;96
-21,5;65;96
-21,5;65,5;92
-21,5;66;84
-21,5;66,5;96
-21,5;67;72
-21,5;67,5;92
-21,5;68;68
-21,5;68,5;40
-21,5;69;32
-21;-13;24
-21;-12,5;88
-21;-12;100
-21;-11,5;100
-21;-11;100
-21;-10,5;100
-21;-10;100
-21;-9,5;100
-21;-9;100
-21;-8,5;100
-21;-8;100
-21;-7,5;100
-21;-7;100
-21;-6,5;100
-21;-6;100
-21;-5,5;96
-21;-5;100
-21;-4,5;100
-21;-4;84
-21;-3,5;88
-21;-3;68
-21;-2,5;36
-21;-2;4
-21;-1,5;76
-21;-1;68
-21;-0,5;88
-21;0;100
-21;0,5;72
-21;1;20
-21;2;8
-21;2,5;88
-21;3;84
-21;3,5;20
-21;4;80
-21;4,5;100
-21;5;100
-21;5,5;100
-21;6;96
-21;6,5;100
-21;7;100
-21;7,5;100
-21;8;100
-21;8,5;100
-21;9;100
-21;9,5;100
-21;10;100
-21;10,5;100
-21;11;100
-21;11,5;100
-21;12;92
-21;12,5;88
-21;13;92
-21;13,5;100
-21;14;100
-21;14,5;100
-21;15;100
-21;15,5;100
-21;16;100
-21;16,5;100
-21;17;100
-21;17,5;100
-21;18;100
-21;18,5;100
-21;19;100
-21;19,5;100
-21;20;100
-21;20,5;100
-21;21;100
-21;21,5;100
-21;22;100
-21;22,5;100
-21;23;100
-21;23,5;100
-21;24;100
-21;24,5;100
-21;25;100
-21;25,5;100
-21;26;100
-21;26,5;96
-21;27;100
-21;27,5;100
-21;28;100
-21;28,5;100
-21;29;100
-21;29,5;100
-21;30;100
-21;30,5;100
-21;31;100
-21;31,5;100
-21;32;100
-21;32,5;100
-21;33;100
-21;33,5;100
-21;34;100
-21;34,5;100
-21;35;100
-21;35,5;100
-21;36;100
-21;36,5;88
-21;37;68
-21;37,5;52
-21;38;56
-21;38,5;84
-21;39;100
-21;39,5;100
-21;40;100
-21;40,5;100
-21;41;100
-21;41,5;100
-21;42;100
-21;42,5;16
-21;43,5;8
-21;44;32
-21;44,5;64
-21;45;100
-21;45,5;100
-21;46;100
-21;46,5;100
-21;47;100
-21;47,5;100
-21;48;100
-21;48,5;100
-21;49;100
-21;49,5;100
-21;50;100
-21;50,5;88
-21;51;64
-21;51,5;40
-21;52;36
-21;52,5;80
-21;53;92
-21;53,5;100
-21;54;92
-21;54,5;100
-21;55;100
-21;55,5;100
-21;56;100
-21;56,5;100
-21;57;100
-21;57,5;100
-21;58;100
-21;58,5;100
-21;59;100
-21;59,5;100
-21;60;100
-21;60,5;100
-21;61;100
-21;61,5;100
-21;62;100
-21;62,5;100
-21;63;100
-21;63,5;100
-21;64;100
-21;64,5;96
-21;65;100
-21;65,5;96
-21;66;96
-21;66,5;100
-21;67;96
-21;67,5;88
-21;68;84
-21;68,5;48
-21;69;84
-21;69,5;32
-20,5;-13,5;44
-20,5;-13;96
-20,5;-12,5;100
-20,5;-12;100
-20,5;-11,5;100
-20,5;-11;100
-20,5;-10,5;100
-20,5;-10;100
-20,5;-9,5;100
-20,5;-9;100
-20,5;-8,5;100
-20,5;-8;100
-20,5;-7,5;100
-20,5;-7;100
-20,5;-6,5;100
-20,5;-6;100
-20,5;-5,5;68
-20,5;-5;100
-20,5;-4,5;100
-20,5;-4;100
-20,5;-3,5;92
-20,5;-3;84
-20,5;-2,5;92
-20,5;-2;84
-20,5;-1,5;96
-20,5;-1;100
-20,5;-0,5;88
-20,5;0;100
-20,5;0,5;100
-20,5;1;68
-20,5;1,5;0
-20,5;2;28
-20,5;2,5;92
-20,5;3;80
-20,5;3,5;100
-20,5;4;100
-20,5;4,5;100
-20,5;5;100
-20,5;5,5;100
-20,5;6;100
-20,5;6,5;100
-20,5;7;100
-20,5;7,5;100
-20,5;8;96
-20,5;8,5;100
-20,5;9;100
-20,5;9,5;100
-20,5;10;100
-20,5;10,5;92
-20,5;11;100
-20,5;11,5;96
-20,5;12;96
-20,5;12,5;96
-20,5;13;96
-20,5;13,5;100
-20,5;14;100
-20,5;14,5;100
-20,5;15;100
-20,5;15,5;100
-20,5;16;100
-20,5;16,5;100
-20,5;17;100
-20,5;17,5;100
-20,5;18;100
-20,5;18,5;100
-20,5;19;100
-20,5;19,5;100
-20,5;20;96
-20,5;20,5;100
-20,5;21;100
-20,5;21,5;100
-20,5;22;100
-20,5;22,5;100
-20,5;23;100
-20,5;23,5;100
-20,5;24;100
-20,5;24,5;100
-20,5;25;100
-20,5;25,5;100
-20,5;26;100
-20,5;26,5;100
-20,5;27;100
-20,5;27,5;100
-20,5;28;96
-20,5;28,5;100
-20,5;29;100
-20,5;29,5;100
-20,5;30;100
-20,5;30,5;100
-20,5;31;100
-20,5;31,5;100
-20,5;32;100
-20,5;32,5;100
-20,5;33;100
-20,5;33,5;100
-20,5;34;100
-20,5;34,5;100
-20,5;35;100
-20,5;35,5;100
-20,5;36;100
-20,5;36,5;100
-20,5;37;20
-20,5;37,5;0
-20,5;38;28
-20,5;38,5;96
-20,5;39;100
-20,5;39,5;100
-20,5;40;100
-20,5;40,5;100
-20,5;41;100
-20,5;41,5;100
-20,5;42;84
-20,5;42,5;8
-20,5;43;0
-20,5;43,5;0
-20,5;44;0
-20,5;44,5;80
-20,5;45;100
-20,5;45,5;100
-20,5;46;100
-20,5;46,5;100
-20,5;47;100
-20,5;47,5;100
-20,5;48;100
-20,5;48,5;100
-20,5;49;100
-20,5;49,5;100
-20,5;50;100
-20,5;50,5;100
-20,5;51;96
-20,5;51,5;68
-20,5;52;52
-20,5;52,5;52
-20,5;53;44
-20,5;53,5;20
-20,5;54;60
-20,5;54,5;100
-20,5;55;100
-20,5;55,5;100
-20,5;56;100
-20,5;56,5;100
-20,5;57;100
-20,5;57,5;100
-20,5;58;100
-20,5;58,5;100
-20,5;59;100
-20,5;59,5;100
-20,5;60;100
-20,5;60,5;100
-20,5;61;100
-20,5;61,5;100
-20,5;62;100
-20,5;62,5;100
-20,5;63;100
-20,5;63,5;100
-20,5;64;100
-20,5;64,5;100
-20,5;65;100
-20,5;65,5;100
-20,5;66;100
-20,5;66,5;100
-20,5;67;100
-20,5;67,5;96
-20,5;68;100
-20,5;68,5;100
-20,5;69;92
-20,5;69,5;80
-20,5;70;24
-20;-14;56
-20;-13,5;92
-20;-13;100
-20;-12,5;100
-20;-12;100
-20;-11,5;100
-20;-11;100
-20;-10,5;100
-20;-10;88
-20;-9,5;100
-20;-9;100
-20;-8,5;100
-20;-8;100
-20;-7,5;100
-20;-7;100
-20;-6,5;100
-20;-6;100
-20;-5,5;100
-20;-5;88
-20;-4,5;100
-20;-4;100
-20;-3,5;100
-20;-3;100
-20;-2,5;100
-20;-2;100
-20;-1,5;100
-20;-1;100
-20;-0,5;100
-20;0;100
-20;0,5;100
-20;1;92
-20;1,5;20
-20;2;44
-20;2,5;100
-20;3;88
-20;3,5;100
-20;4;100
-20;4,5;100
-20;5;100
-20;5,5;100
-20;6;100
-20;6,5;100
-20;7;100
-20;7,5;100
-20;8;96
-20;8,5;100
-20;9;100
-20;9,5;100
-20;10;100
-20;10,5;100
-20;11;96
-20;11,5;100
-20;12;100
-20;12,5;96
-20;13;100
-20;13,5;100
-20;14;100
-20;14,5;100
-20;15;100
-20;15,5;100
-20;16;100
-20;16,5;100
-20;17;100
-20;17,5;100
-20;18;100
-20;18,5;100
-20;19;100
-20;19,5;100
-20;20;100
-20;20,5;100
-20;21;100
-20;21,5;100
-20;22;100
-20;22,5;100
-20;23;100
-20;23,5;100
-20;24;100
-20;24,5;100
-20;25;100
-20;25,5;100
-20;26;100
-20;26,5;100
-20;27;100
-20;27,5;100
-20;28;100
-20;28,5;100
-20;29;100
-20;29,5;100
-20;30;100
-20;30,5;100
-20;31;100
-20;31,5;100
-20;32;100
-20;32,5;100
-20;33;100
-20;33,5;100
-20;34;100
-20;34,5;100
-20;35;100
-20;35,5;100
-20;36;100
-20;36,5;100
-20;37;84
-20;37,5;24
-20;38;56
-20;38,5;100
-20;39;100
-20;39,5;100
-20;40;100
-20;40,5;100
-20;41;100
-20;41,5;100
-20;42;68
-20;42,5;36
-20;43;64
-20;43,5;36
-20;44;48
-20;44,5;100
-20;45;100
-20;45,5;100
-20;46;100
-20;46,5;100
-20;47;100
-20;47,5;100
-20;48;100
-20;48,5;100
-20;49;100
-20;49,5;100
-20;50;100
-20;50,5;100
-20;51;100
-20;51,5;100
-20;52;44
-20;52,5;40
-20;53;44
-20;53,5;8
-20;54;28
-20;54,5;64
-20;55;100
-20;55,5;100
-20;56;100
-20;56,5;100
-20;57;100
-20;57,5;100
-20;58;96
-20;58,5;96
-20;59;100
-20;59,5;100
-20;60;100
-20;60,5;100
-20;61;100
-20;61,5;100
-20;62;100
-20;62,5;100
-20;63;100
-20;63,5;100
-20;64;100
-20;64,5;100
-20;65;100
-20;65,5;100
-20;66;100
-20;66,5;100
-20;67;100
-20;67,5;96
-20;68;100
-20;68,5;100
-20;69;100
-20;69,5;84
-20;70;64
-20;70,5;0
-19,5;-14,5;48
-19,5;-14;100
-19,5;-13,5;100
-19,5;-13;100
-19,5;-12,5;100
-19,5;-12;100
-19,5;-11,5;100
-19,5;-11;100
-19,5;-10,5;68
-19,5;-10;96
-19,5;-9,5;96
-19,5;-9;100
-19,5;-8,5;100
-19,5;-8;100
-19,5;-7,5;100
-19,5;-7;100
-19,5;-6,5;100
-19,5;-6;100
-19,5;-5,5;100
-19,5;-5;100
-19,5;-4,5;100
-19,5;-4;100
-19,5;-3,5;100
-19,5;-3;100
-19,5;-2,5;100
-19,5;-2;100
-19,5;-1,5;88
-19,5;-1;100
-19,5;-0,5;100
-19,5;0;100
-19,5;0,5;100
-19,5;1;100
-19,5;1,5;100
-19,5;2;96
-19,5;2,5;100
-19,5;3;100
-19,5;3,5;100
-19,5;4;100
-19,5;4,5;100
-19,5;5;100
-19,5;5,5;100
-19,5;6;100
-19,5;6,5;100
-19,5;7;100
-19,5;7,5;100
-19,5;8;100
-19,5;8,5;100
-19,5;9;100
-19,5;9,5;100
-19,5;10;100
-19,5;10,5;100
-19,5;11;96
-19,5;11,5;100
-19,5;12;100
-19,5;12,5;100
-19,5;13;100
-19,5;13,5;100
-19,5;14;100
-19,5;14,5;100
-19,5;15;100
-19,5;15,5;100
-19,5;16;100
-19,5;16,5;100
-19,5;17;100
-19,5;17,5;100
-19,5;18;100
-19,5;18,5;100
-19,5;19;100
-19,5;19,5;100
-19,5;20;100
-19,5;20,5;100
-19,5;21;100
-19,5;21,5;100
-19,5;22;100
-19,5;22,5;100
-19,5;23;100
-19,5;23,5;100
-19,5;24;100
-19,5;24,5;100
-19,5;25;100
-19,5;25,5;100
-19,5;26;100
-19,5;26,5;100
-19,5;27;100
-19,5;27,5;96
-19,5;28;100
-19,5;28,5;100
-19,5;29;100
-19,5;29,5;100
-19,5;30;100
-19,5;30,5;100
-19,5;31;100
-19,5;31,5;100
-19,5;32;100
-19,5;32,5;100
-19,5;33;100
-19,5;33,5;100
-19,5;34;100
-19,5;34,5;96
-19,5;35;100
-19,5;35,5;100
-19,5;36;100
-19,5;36,5;100
-19,5;37;100
-19,5;37,5;96
-19,5;38;96
-19,5;38,5;100
-19,5;39;100
-19,5;39,5;100
-19,5;40;100
-19,5;40,5;100
-19,5;41;100
-19,5;41,5;100
-19,5;42;80
-19,5;42,5;100
-19,5;43;88
-19,5;43,5;88
-19,5;44;88
-19,5;44,5;100
-19,5;45;100
-19,5;45,5;100
-19,5;46;100
-19,5;46,5;100
-19,5;47;100
-19,5;47,5;100
-19,5;48;100
-19,5;48,5;100
-19,5;49;100
-19,5;49,5;100
-19,5;50;100
-19,5;50,5;100
-19,5;51;100
-19,5;51,5;92
-19,5;52;68
-19,5;52,5;76
-19,5;53;80
-19,5;53,5;32
-19,5;54;40
-19,5;54,5;28
-19,5;55;12
-19,5;55,5;76
-19,5;56;100
-19,5;56,5;100
-19,5;57;100
-19,5;57,5;100
-19,5;58;100
-19,5;58,5;96
-19,5;59;100
-19,5;59,5;92
-19,5;60;96
-19,5;60,5;100
-19,5;61;100
-19,5;61,5;100
-19,5;62;100
-19,5;62,5;100
-19,5;63;100
-19,5;63,5;100
-19,5;64;100
-19,5;64,5;100
-19,5;65;100
-19,5;65,5;100
-19,5;66;100
-19,5;66,5;100
-19,5;67;100
-19,5;67,5;100
-19,5;68;92
-19,5;68,5;88
-19,5;69;72
-19,5;69,5;44
-19,5;70;36
-19,5;70,5;36
-19,5;71;0
-19;-15,5;4
-19;-15;60
-19;-14,5;92
-19;-14;96
-19;-13,5;100
-19;-13;100
-19;-12,5;100
-19;-12;100
-19;-11,5;100
-19;-11;100
-19;-10,5;92
-19;-10;96
-19;-9,5;100
-19;-9;84
-19;-8,5;96
-19;-8;100
-19;-7,5;100
-19;-7;100
-19;-6,5;100
-19;-6;100
-19;-5,5;100
-19;-5;100
-19;-4,5;100
-19;-4;100
-19;-3,5;100
-19;-3;100
-19;-2,5;100
-19;-2;88
-19;-1,5;100
-19;-1;100
-19;-0,5;100
-19;0;100
-19;0,5;96
-19;1;100
-19;1,5;100
-19;2;100
-19;2,5;100
-19;3;100
-19;3,5;100
-19;4;100
-19;4,5;100
-19;5;100
-19;5,5;100
-19;6;100
-19;6,5;100
-19;7;100
-19;7,5;100
-19;8;100
-19;8,5;100
-19;9;100
-19;9,5;100
-19;10;100
-19;10,5;100
-19;11;100
-19;11,5;100
-19;12;100
-19;12,5;100
-19;13;100
-19;13,5;100
-19;14;100
-19;14,5;100
-19;15;100
-19;15,5;100
-19;16;100
-19;16,5;100
-19;17;100
-19;17,5;100
-19;18;100
-19;18,5;100
-19;19;100
-19;19,5;100
-19;20;100
-19;20,5;100
-19;21;100
-19;21,5;100
-19;22;100
-19;22,5;100
-19;23;100
-19;23,5;100
-19;24;100
-19;24,5;100
-19;25;100
-19;25,5;100
-19;26;100
-19;26,5;100
-19;27;100
-19;27,5;100
-19;28;100
-19;28,5;100
-19;29;100
-19;29,5;100
-19;30;100
-19;30,5;100
-19;31;100
-19;31,5;100
-19;32;100
-19;32,5;100
-19;33;100
-19;33,5;100
-19;34;100
-19;34,5;96
-19;35;96
-19;35,5;100
-19;36;100
-19;36,5;100
-19;37;100
-19;37,5;100
-19;38;100
-19;38,5;100
-19;39;100
-19;39,5;100
-19;40;100
-19;40,5;100
-19;41;100
-19;41,5;100
-19;42;100
-19;42,5;88
-19;43;52
-19;43,5;72
-19;44;84
-19;44,5;96
-19;45;100
-19;45,5;100
-19;46;100
-19;46,5;100
-19;47;100
-19;47,5;100
-19;48;100
-19;48,5;100
-19;49;100
-19;49,5;100
-19;50;100
-19;50,5;100
-19;51;100
-19;51,5;100
-19;52;100
-19;52,5;100
-19;53;88
-19;53,5;80
-19;54;36
-19;54,5;32
-19;55;0
-19;55,5;68
-19;56;100
-19;56,5;100
-19;57;100
-19;57,5;100
-19;58;100
-19;58,5;100
-19;59;100
-19;59,5;100
-19;60;100
-19;60,5;100
-19;61;100
-19;61,5;100
-19;62;100
-19;62,5;100
-19;63;100
-19;63,5;100
-19;64;100
-19;64,5;100
-19;65;100
-19;65,5;100
-19;66;92
-19;66,5;92
-19;67;100
-19;67,5;96
-19;68;96
-19;68,5;96
-19;69;80
-19;69,5;56
-19;70;20
-19;70,5;0
-19;71;0
-19;71,5;0
-18,5;-16;4
-18,5;-15,5;24
-18,5;-15;84
-18,5;-14,5;100
-18,5;-14;96
-18,5;-13,5;96
-18,5;-13;100
-18,5;-12,5;100
-18,5;-12;96
-18,5;-11,5;100
-18,5;-11;96
-18,5;-10,5;84
-18,5;-10;88
-18,5;-9,5;100
-18,5;-9;100
-18,5;-8,5;100
-18,5;-8;100
-18,5;-7,5;100
-18,5;-7;100
-18,5;-6,5;100
-18,5;-6;100
-18,5;-5,5;100
-18,5;-5;100
-18,5;-4,5;100
-18,5;-4;100
-18,5;-3,5;100
-18,5;-3;100
-18,5;-2,5;100
-18,5;-2;100
-18,5;-1,5;100
-18,5;-1;100
-18,5;-0,5;100
-18,5;0;100
-18,5;0,5;96
-18,5;1;100
-18,5;1,5;100
-18,5;2;100
-18,5;2,5;100
-18,5;3;100
-18,5;3,5;100
-18,5;4;100
-18,5;4,5;100
-18,5;5;100
-18,5;5,5;100
-18,5;6;100
-18,5;6,5;100
-18,5;7;100
-18,5;7,5;100
-18,5;8;100
-18,5;8,5;100
-18,5;9;100
-18,5;9,5;100
-18,5;10;100
-18,5;10,5;100
-18,5;11;100
-18,5;11,5;96
-18,5;12;100
-18,5;12,5;100
-18,5;13;100
-18,5;13,5;100
-18,5;14;100
-18,5;14,5;100
-18,5;15;100
-18,5;15,5;100
-18,5;16;100
-18,5;16,5;100
-18,5;17;100
-18,5;17,5;100
-18,5;18;100
-18,5;18,5;100
-18,5;19;100
-18,5;19,5;100
-18,5;20;100
-18,5;20,5;100
-18,5;21;100
-18,5;21,5;92
-18,5;22;100
-18,5;22,5;92
-18,5;23;92
-18,5;23,5;100
-18,5;24;100
-18,5;24,5;100
-18,5;25;100
-18,5;25,5;100
-18,5;26;100
-18,5;26,5;100
-18,5;27;100
-18,5;27,5;100
-18,5;28;100
-18,5;28,5;100
-18,5;29;100
-18,5;29,5;100
-18,5;30;100
-18,5;30,5;100
-18,5;31;100
-18,5;31,5;100
-18,5;32;100
-18,5;32,5;100
-18,5;33;100
-18,5;33,5;100
-18,5;34;100
-18,5;34,5;100
-18,5;35;100
-18,5;35,5;100
-18,5;36;100
-18,5;36,5;100
-18,5;37;100
-18,5;37,5;100
-18,5;38;100
-18,5;38,5;100
-18,5;39;100
-18,5;39,5;100
-18,5;40;100
-18,5;40,5;100
-18,5;41;100
-18,5;41,5;100
-18,5;42;100
-18,5;42,5;88
-18,5;43;80
-18,5;43,5;88
-18,5;44;84
-18,5;44,5;100
-18,5;45;100
-18,5;45,5;100
-18,5;46;100
-18,5;46,5;100
-18,5;47;100
-18,5;47,5;100
-18,5;48;100
-18,5;48,5;100
-18,5;49;100
-18,5;49,5;100
-18,5;50;100
-18,5;50,5;100
-18,5;51;100
-18,5;51,5;100
-18,5;52;100
-18,5;52,5;100
-18,5;53;96
-18,5;53,5;100
-18,5;54;96
-18,5;54,5;64
-18,5;55;16
-18,5;55,5;32
-18,5;56;100
-18,5;56,5;100
-18,5;57;100
-18,5;57,5;100
-18,5;58;100
-18,5;58,5;100
-18,5;59;100
-18,5;59,5;100
-18,5;60;100
-18,5;60,5;100
-18,5;61;100
-18,5;61,5;100
-18,5;62;100
-18,5;62,5;100
-18,5;63;100
-18,5;63,5;100
-18,5;64;100
-18,5;64,5;100
-18,5;65;100
-18,5;65,5;100
-18,5;66;100
-18,5;66,5;100
-18,5;67;100
-18,5;67,5;100
-18,5;68;96
-18,5;68,5;88
-18,5;69;76
-18,5;69,5;20
-18,5;70;0
-18,5;70,5;0
-18,5;71;0
-18,5;71,5;56
-18,5;72;32
-18;-16;24
-18;-15,5;8
-18;-15;56
-18;-14,5;88
-18;-14;96
-18;-13,5;96
-18;-13;100
-18;-12,5;100
-18;-12;100
-18;-11,5;100
-18;-11;80
-18;-10,5;96
-18;-10;88
-18;-9,5;96
-18;-9;100
-18;-8,5;100
-18;-8;100
-18;-7,5;100
-18;-7;100
-18;-6,5;100
-18;-6;100
-18;-5,5;100
-18;-5;100
-18;-4,5;100
-18;-4;96
-18;-3,5;88
-18;-3;100
-18;-2,5;100
-18;-2;100
-18;-1,5;100
-18;-1;100
-18;-0,5;100
-18;0;100
-18;0,5;100
-18;1;100
-18;1,5;100
-18;2;100
-18;2,5;100
-18;3;100
-18;3,5;100
-18;4;96
-18;4,5;72
-18;5;100
-18;5,5;100
-18;6;100
-18;6,5;100
-18;7;100
-18;7,5;100
-18;8;100
-18;8,5;100
-18;9;100
-18;9,5;100
-18;10;100
-18;10,5;96
-18;11;92
-18;11,5;92
-18;12;100
-18;12,5;100
-18;13;100
-18;13,5;100
-18;14;100
-18;14,5;100
-18;15;100
-18;15,5;100
-18;16;100
-18;16,5;100
-18;17;100
-18;17,5;100
-18;18;100
-18;18,5;100
-18;19;100
-18;19,5;100
-18;20;100
-18;20,5;100
-18;21;96
-18;21,5;92
-18;22;100
-18;22,5;100
-18;23;100
-18;23,5;100
-18;24;100
-18;24,5;100
-18;25;100
-18;25,5;100
-18;26;100
-18;26,5;100
-18;27;100
-18;27,5;100
-18;28;100
-18;28,5;100
-18;29;100
-18;29,5;100
-18;30;100
-18;30,5;100
-18;31;100
-18;31,5;100
-18;32;100
-18;32,5;100
-18;33;100
-18;33,5;100
-18;34;100
-18;34,5;100
-18;35;92
-18;35,5;100
-18;36;100
-18;36,5;100
-18;37;100
-18;37,5;100
-18;38;100
-18;38,5;100
-18;39;100
-18;39,5;100
-18;40;100
-18;40,5;100
-18;41;100
-18;41,5;100
-18;42;100
-18;42,5;100
-18;43;100
-18;43,5;100
-18;44;100
-18;44,5;100
-18;45;100
-18;45,5;100
-18;46;100
-18;46,5;100
-18;47;100
-18;47,5;100
-18;48;100
-18;48,5;100
-18;49;100
-18;49,5;100
-18;50;100
-18;50,5;100
-18;51;100
-18;51,5;100
-18;52;100
-18;52,5;100
-18;53;100
-18;53,5;100
-18;54;100
-18;54,5;100
-18;55;96
-18;55,5;92
-18;56;100
-18;56,5;100
-18;57;100
-18;57,5;100
-18;58;100
-18;58,5;100
-18;59;100
-18;59,5;100
-18;60;100
-18;60,5;100
-18;61;100
-18;61,5;100
-18;62;100
-18;62,5;96
-18;63;100
-18;63,5;96
-18;64;100
-18;64,5;96
-18;65;100
-18;65,5;100
-18;66;100
-18;66,5;96
-18;67;100
-18;67,5;96
-18;68;88
-18;68,5;48
-18;69;32
-18;70,5;8
-18;71;32
-18;71,5;96
-18;72;88
-18;72,5;28
-17,5;-16,5;48
-17,5;-16;36
-17,5;-15;8
-17,5;-14,5;24
-17,5;-14;48
-17,5;-13,5;100
-17,5;-13;100
-17,5;-12,5;96
-17,5;-12;100
-17,5;-11,5;100
-17,5;-11;96
-17,5;-10,5;100
-17,5;-10;100
-17,5;-9,5;100
-17,5;-9;100
-17,5;-8,5;100
-17,5;-8;100
-17,5;-7,5;100
-17,5;-7;100
-17,5;-6,5;100
-17,5;-6;100
-17,5;-5,5;100
-17,5;-5;100
-17,5;-4,5;100
-17,5;-4;100
-17,5;-3,5;96
-17,5;-3;96
-17,5;-2,5;100
-17,5;-2;72
-17,5;-1,5;100
-17,5;-1;100
-17,5;-0,5;100
-17,5;0;92
-17,5;0,5;96
-17,5;1;100
-17,5;1,5;100
-17,5;2;100
-17,5;2,5;100
-17,5;3;100
-17,5;3,5;100
-17,5;4;100
-17,5;4,5;100
-17,5;5;100
-17,5;5,5;100
-17,5;6;100
-17,5;6,5;100
-17,5;7;100
-17,5;7,5;100
-17,5;8;100
-17,5;8,5;100
-17,5;9;100
-17,5;9,5;100
-17,5;10;100
-17,5;10,5;100
-17,5;11;92
-17,5;11,5;96
-17,5;12;100
-17,5;12,5;100
-17,5;13;100
-17,5;13,5;100
-17,5;14;100
-17,5;14,5;100
-17,5;15;100
-17,5;15,5;100
-17,5;16;100
-17,5;16,5;100
-17,5;17;100
-17,5;17,5;100
-17,5;18;100
-17,5;18,5;100
-17,5;19;100
-17,5;19,5;100
-17,5;20;100
-17,5;20,5;100
-17,5;21;96
-17,5;21,5;100
-17,5;22;100
-17,5;22,5;100
-17,5;23;100
-17,5;23,5;100
-17,5;24;100
-17,5;24,5;100
-17,5;25;100
-17,5;25,5;100
-17,5;26;100
-17,5;26,5;100
-17,5;27;100
-17,5;27,5;100
-17,5;28;100
-17,5;28,5;100
-17,5;29;100
-17,5;29,5;100
-17,5;30;100
-17,5;30,5;100
-17,5;31;100
-17,5;31,5;100
-17,5;32;100
-17,5;32,5;100
-17,5;33;100
-17,5;33,5;100
-17,5;34;100
-17,5;34,5;92
-17,5;35;52
-17,5;35,5;100
-17,5;36;100
-17,5;36,5;100
-17,5;37;100
-17,5;37,5;100
-17,5;38;100
-17,5;38,5;100
-17,5;39;100
-17,5;39,5;100
-17,5;40;100
-17,5;40,5;100
-17,5;41;100
-17,5;41,5;100
-17,5;42;100
-17,5;42,5;100
-17,5;43;100
-17,5;43,5;100
-17,5;44;100
-17,5;44,5;100
-17,5;45;100
-17,5;45,5;100
-17,5;46;100
-17,5;46,5;100
-17,5;47;100
-17,5;47,5;100
-17,5;48;100
-17,5;48,5;100
-17,5;49;100
-17,5;49,5;100
-17,5;50;100
-17,5;50,5;100
-17,5;51;100
-17,5;51,5;100
-17,5;52;100
-17,5;52,5;100
-17,5;53;100
-17,5;53,5;100
-17,5;54;100
-17,5;54,5;100
-17,5;55;100
-17,5;55,5;100
-17,5;56;96
-17,5;56,5;92
-17,5;57;100
-17,5;57,5;100
-17,5;58;100
-17,5;58,5;100
-17,5;59;96
-17,5;59,5;100
-17,5;60;100
-17,5;60,5;100
-17,5;61;100
-17,5;61,5;100
-17,5;62;100
-17,5;62,5;100
-17,5;63;100
-17,5;63,5;100
-17,5;64;100
-17,5;64,5;100
-17,5;65;100
-17,5;65,5;100
-17,5;66;100
-17,5;66,5;100
-17,5;67;100
-17,5;67,5;32
-17,5;68;24
-17,5;68,5;4
-17,5;69;0
-17,5;70,5;4
-17,5;71;52
-17,5;71,5;80
-17,5;72;100
-17,5;72,5;96
-17,5;73;20
-17;-17;44
-17;-16,5;76
-17;-16;40
-17;-15,5;28
-17;-15;48
-17;-14,5;40
-17;-14;76
-17;-13,5;100
-17;-13;100
-17;-12,5;100
-17;-12;100
-17;-11,5;100
-17;-11;100
-17;-10,5;100
-17;-10;100
-17;-9,5;100
-17;-9;100
-17;-8,5;100
-17;-8;100
-17;-7,5;100
-17;-7;100
-17;-6,5;100
-17;-6;100
-17;-5,5;100
-17;-5;100
-17;-4,5;100
-17;-4;100
-17;-3,5;100
-17;-3;100
-17;-2,5;92
-17;-2;80
-17;-1,5;100
-17;-1;100
-17;-0,5;100
-17;0;100
-17;0,5;92
-17;1;100
-17;1,5;100
-17;2;100
-17;2,5;100
-17;3;100
-17;3,5;100
-17;4;92
-17;4,5;100
-17;5;100
-17;5,5;100
-17;6;100
-17;6,5;100
-17;7;100
-17;7,5;100
-17;8;100
-17;8,5;100
-17;9;100
-17;9,5;100
-17;10;100
-17;10,5;100
-17;11;80
-17;11,5;100
-17;12;100
-17;12,5;96
-17;13;100
-17;13,5;100
-17;14;100
-17;14,5;100
-17;15;100
-17;15,5;100
-17;16;100
-17;16,5;100
-17;17;100
-17;17,5;100
-17;18;100
-17;18,5;100
-17;19;100
-17;19,5;100
-17;20;100
-17;20,5;100
-17;21;100
-17;21,5;100
-17;22;100
-17;22,5;100
-17;23;100
-17;23,5;100
-17;24;100
-17;24,5;100
-17;25;100
-17;25,5;100
-17;26;100
-17;26,5;100
-17;27;100
-17;27,5;100
-17;28;100
-17;28,5;100
-17;29;100
-17;29,5;100
-17;30;100
-17;30,5;100
-17;31;100
-17;31,5;100
-17;32;100
-17;32,5;100
-17;33;100
-17;33,5;92
-17;34;72
-17;34,5;28
-17;35;20
-17;35,5;60
-17;36;100
-17;36,5;100
-17;37;100
-17;37,5;100
-17;38;100
-17;38,5;100
-17;39;100
-17;39,5;100
-17;40;100
-17;40,5;100
-17;41;100
-17;41,5;100
-17;42;100
-17;42,5;100
-17;43;100
-17;43,5;100
-17;44;100
-17;44,5;100
-17;45;100
-17;45,5;100
-17;46;100
-17;46,5;100
-17;47;100
-17;47,5;100
-17;48;100
-17;48,5;100
-17;49;100
-17;49,5;100
-17;50;100
-17;50,5;100
-17;51;100
-17;51,5;100
-17;52;100
-17;52,5;100
-17;53;100
-17;53,5;100
-17;54;100
-17;54,5;100
-17;55;100
-17;55,5;100
-17;56;100
-17;56,5;100
-17;57;100
-17;57,5;96
-17;58;100
-17;58,5;96
-17;59;100
-17;59,5;100
-17;60;84
-17;60,5;100
-17;61;100
-17;61,5;100
-17;62;100
-17;62,5;100
-17;63;100
-17;63,5;100
-17;64;100
-17;64,5;100
-17;65;100
-17;65,5;100
-17;66;100
-17;66,5;100
-17;67;88
-17;67,5;52
-17;68;20
-17;68,5;0
-17;69;0
-17;69,5;0
-17;70;0
-17;71;60
-17;71,5;76
-17;72;96
-17;72,5;100
-17;73;72
-16,5;-17,5;32
-16,5;-17;96
-16,5;-16,5;84
-16,5;-16;40
-16,5;-15,5;68
-16,5;-15;84
-16,5;-14,5;96
-16,5;-14;100
-16,5;-13,5;100
-16,5;-13;100
-16,5;-12,5;100
-16,5;-12;100
-16,5;-11,5;100
-16,5;-11;96
-16,5;-10,5;100
-16,5;-10;100
-16,5;-9,5;100
-16,5;-9;100
-16,5;-8,5;100
-16,5;-8;100
-16,5;-7,5;100
-16,5;-7;100
-16,5;-6,5;100
-16,5;-6;100
-16,5;-5,5;100
-16,5;-5;100
-16,5;-4,5;100
-16,5;-4;100
-16,5;-3,5;100
-16,5;-3;96
-16,5;-2,5;84
-16,5;-2;96
-16,5;-1,5;100
-16,5;-1;96
-16,5;-0,5;100
-16,5;0;100
-16,5;0,5;100
-16,5;1;100
-16,5;1,5;100
-16,5;2;100
-16,5;2,5;100
-16,5;3;100
-16,5;3,5;100
-16,5;4;100
-16,5;4,5;100
-16,5;5;100
-16,5;5,5;100
-16,5;6;100
-16,5;6,5;100
-16,5;7;100
-16,5;7,5;100
-16,5;8;100
-16,5;8,5;92
-16,5;9;100
-16,5;9,5;100
-16,5;10;100
-16,5;10,5;100
-16,5;11;100
-16,5;11,5;96
-16,5;12;84
-16,5;12,5;60
-16,5;13;100
-16,5;13,5;100
-16,5;14;100
-16,5;14,5;100
-16,5;15;100
-16,5;15,5;100
-16,5;16;100
-16,5;16,5;100
-16,5;17;100
-16,5;17,5;100
-16,5;18;100
-16,5;18,5;100
-16,5;19;92
-16,5;19,5;100
-16,5;20;100
-16,5;20,5;100
-16,5;21;100
-16,5;21,5;100
-16,5;22;100
-16,5;22,5;100
-16,5;23;100
-16,5;23,5;100
-16,5;24;100
-16,5;24,5;100
-16,5;25;100
-16,5;25,5;100
-16,5;26;100
-16,5;26,5;100
-16,5;27;100
-16,5;27,5;100
-16,5;28;100
-16,5;28,5;100
-16,5;29;100
-16,5;29,5;100
-16,5;30;100
-16,5;30,5;100
-16,5;31;100
-16,5;31,5;100
-16,5;32;100
-16,5;32,5;100
-16,5;33;100
-16,5;33,5;76
-16,5;34;76
-16,5;34,5;32
-16,5;35;52
-16,5;35,5;84
-16,5;36;100
-16,5;36,5;100
-16,5;37;100
-16,5;37,5;100
-16,5;38;100
-16,5;38,5;100
-16,5;39;100
-16,5;39,5;100
-16,5;40;100
-16,5;40,5;100
-16,5;41;100
-16,5;41,5;100
-16,5;42;100
-16,5;42,5;100
-16,5;43;100
-16,5;43,5;100
-16,5;44;100
-16,5;44,5;100
-16,5;45;100
-16,5;45,5;100
-16,5;46;100
-16,5;46,5;100
-16,5;47;100
-16,5;47,5;100
-16,5;48;100
-16,5;48,5;100
-16,5;49;100
-16,5;49,5;100
-16,5;50;100
-16,5;50,5;100
-16,5;51;100
-16,5;51,5;100
-16,5;52;100
-16,5;52,5;100
-16,5;53;100
-16,5;53,5;100
-16,5;54;100
-16,5;54,5;100
-16,5;55;100
-16,5;55,5;100
-16,5;56;100
-16,5;56,5;100
-16,5;57;100
-16,5;57,5;100
-16,5;58;100
-16,5;58,5;92
-16,5;59;92
-16,5;59,5;80
-16,5;60;96
-16,5;60,5;100
-16,5;61;100
-16,5;61,5;100
-16,5;62;100
-16,5;62,5;100
-16,5;63;100
-16,5;63,5;100
-16,5;64;100
-16,5;64,5;100
-16,5;65;100
-16,5;65,5;100
-16,5;66;100
-16,5;66,5;100
-16,5;67;64
-16,5;67,5;12
-16,5;68;4
-16,5;68,5;0
-16,5;69;0
-16,5;69,5;8
-16,5;70;0
-16,5;70,5;0
-16,5;71;36
-16,5;71,5;100
-16,5;72;88
-16,5;72,5;88
-16,5;73;64
-16,5;73,5;12
-16;-18;8
-16;-17,5;64
-16;-17;96
-16;-16,5;100
-16;-16;96
-16;-15,5;88
-16;-15;96
-16;-14,5;96
-16;-14;100
-16;-13,5;100
-16;-13;100
-16;-12,5;100
-16;-12;100
-16;-11,5;100
-16;-11;100
-16;-10,5;100
-16;-10;100
-16;-9,5;100
-16;-9;100
-16;-8,5;100
-16;-8;100
-16;-7,5;100
-16;-7;100
-16;-6,5;100
-16;-6;96
-16;-5,5;100
-16;-5;100
-16;-4,5;100
-16;-4;68
-16;-3,5;40
-16;-3;96
-16;-2,5;100
-16;-2;100
-16;-1,5;100
-16;-1;100
-16;-0,5;100
-16;0;100
-16;0,5;100
-16;1;100
-16;1,5;100
-16;2;100
-16;2,5;100
-16;3;100
-16;3,5;100
-16;4;100
-16;4,5;100
-16;5;100
-16;5,5;100
-16;6;100
-16;6,5;100
-16;7;100
-16;7,5;100
-16;8;100
-16;8,5;100
-16;9;100
-16;9,5;100
-16;10;100
-16;10,5;100
-16;11;100
-16;11,5;100
-16;12;100
-16;12,5;100
-16;13;88
-16;13,5;84
-16;14;100
-16;14,5;100
-16;15;96
-16;15,5;60
-16;16;100
-16;16,5;100
-16;17;100
-16;17,5;100
-16;18;100
-16;18,5;100
-16;19;100
-16;19,5;100
-16;20;100
-16;20,5;100
-16;21;100
-16;21,5;100
-16;22;100
-16;22,5;100
-16;23;100
-16;23,5;100
-16;24;100
-16;24,5;100
-16;25;100
-16;25,5;100
-16;26;100
-16;26,5;100
-16;27;100
-16;27,5;100
-16;28;100
-16;28,5;100
-16;29;100
-16;29,5;100
-16;30;100
-16;30,5;100
-16;31;100
-16;31,5;100
-16;32;88
-16;32,5;100
-16;33;100
-16;33,5;100
-16;34;80
-16;34,5;84
-16;35;84
-16;35,5;72
-16;36;88
-16;36,5;96
-16;37;100
-16;37,5;100
-16;38;100
-16;38,5;100
-16;39;100
-16;39,5;100
-16;40;100
-16;40,5;100
-16;41;100
-16;41,5;100
-16;42;100
-16;42,5;100
-16;43;100
-16;43,5;100
-16;44;100
-16;44,5;100
-16;45;100
-16;45,5;100
-16;46;100
-16;46,5;100
-16;47;100
-16;47,5;100
-16;48;100
-16;48,5;100
-16;49;100
-16;49,5;100
-16;50;100
-16;50,5;100
-16;51;100
-16;51,5;100
-16;52;100
-16;52,5;100
-16;53;100
-16;53,5;100
-16;54;100
-16;54,5;100
-16;55;100
-16;55,5;100
-16;56;100
-16;56,5;100
-16;57;100
-16;57,5;100
-16;58;92
-16;58,5;92
-16;59;100
-16;59,5;100
-16;60;96
-16;60,5;100
-16;61;100
-16;61,5;100
-16;62;100
-16;62,5;100
-16;63;100
-16;63,5;100
-16;64;100
-16;64,5;100
-16;65;100
-16;65,5;100
-16;66;100
-16;66,5;100
-16;67;96
-16;67,5;96
-16;68;32
-16;68,5;0
-16;69;4
-16;69,5;28
-16;70;0
-16;70,5;4
-16;71;28
-16;71,5;60
-16;72;48
-16;72,5;52
-16;73;68
-16;73,5;72
-16;74;20
-15,5;-18;76
-15,5;-17,5;100
-15,5;-17;100
-15,5;-16,5;100
-15,5;-16;100
-15,5;-15,5;100
-15,5;-15;100
-15,5;-14,5;96
-15,5;-14;100
-15,5;-13,5;100
-15,5;-13;100
-15,5;-12,5;100
-15,5;-12;100
-15,5;-11,5;100
-15,5;-11;100
-15,5;-10,5;100
-15,5;-10;100
-15,5;-9,5;100
-15,5;-9;100
-15,5;-8,5;100
-15,5;-8;100
-15,5;-7,5;100
-15,5;-7;96
-15,5;-6,5;92
-15,5;-6;84
-15,5;-5,5;100
-15,5;-5;96
-15,5;-4,5;96
-15,5;-4;68
-15,5;-3,5;16
-15,5;-3;84
-15,5;-2,5;100
-15,5;-2;100
-15,5;-1,5;100
-15,5;-1;100
-15,5;-0,5;100
-15,5;0;100
-15,5;0,5;100
-15,5;1;100
-15,5;1,5;100
-15,5;2;100
-15,5;2,5;100
-15,5;3;100
-15,5;3,5;100
-15,5;4;100
-15,5;4,5;100
-15,5;5;100
-15,5;5,5;100
-15,5;6;100
-15,5;6,5;100
-15,5;7;100
-15,5;7,5;100
-15,5;8;100
-15,5;8,5;100
-15,5;9;100
-15,5;9,5;100
-15,5;10;100
-15,5;10,5;100
-15,5;11;100
-15,5;11,5;100
-15,5;12;100
-15,5;12,5;100
-15,5;13;100
-15,5;13,5;96
-15,5;14;92
-15,5;14,5;92
-15,5;15;64
-15,5;15,5;88
-15,5;16;100
-15,5;16,5;100
-15,5;17;100
-15,5;17,5;100
-15,5;18;96
-15,5;18,5;100
-15,5;19;100
-15,5;19,5;100
-15,5;20;100
-15,5;20,5;100
-15,5;21;100
-15,5;21,5;100
-15,5;22;100
-15,5;22,5;100
-15,5;23;100
-15,5;23,5;100
-15,5;24;100
-15,5;24,5;100
-15,5;25;100
-15,5;25,5;100
-15,5;26;100
-15,5;26,5;100
-15,5;27;100
-15,5;27,5;100
-15,5;28;100
-15,5;28,5;100
-15,5;29;100
-15,5;29,5;100
-15,5;30;100
-15,5;30,5;100
-15,5;31;100
-15,5;31,5;100
-15,5;32;100
-15,5;32,5;100
-15,5;33;100
-15,5;33,5;100
-15,5;34;100
-15,5;34,5;100
-15,5;35;100
-15,5;35,5;96
-15,5;36;88
-15,5;36,5;96
-15,5;37;100
-15,5;37,5;100
-15,5;38;100
-15,5;38,5;100
-15,5;39;100
-15,5;39,5;100
-15,5;40;100
-15,5;40,5;100
-15,5;41;100
-15,5;41,5;100
-15,5;42;100
-15,5;42,5;100
-15,5;43;100
-15,5;43,5;100
-15,5;44;100
-15,5;44,5;100
-15,5;45;100
-15,5;45,5;100
-15,5;46;100
-15,5;46,5;100
-15,5;47;100
-15,5;47,5;100
-15,5;48;100
-15,5;48,5;100
-15,5;49;100
-15,5;49,5;100
-15,5;50;100
-15,5;50,5;100
-15,5;51;100
-15,5;51,5;100
-15,5;52;100
-15,5;52,5;100
-15,5;53;100
-15,5;53,5;100
-15,5;54;100
-15,5;54,5;100
-15,5;55;100
-15,5;55,5;100
-15,5;56;100
-15,5;56,5;100
-15,5;57;100
-15,5;57,5;96
-15,5;58;96
-15,5;58,5;100
-15,5;59;100
-15,5;59,5;100
-15,5;60;100
-15,5;60,5;100
-15,5;61;100
-15,5;61,5;100
-15,5;62;100
-15,5;62,5;100
-15,5;63;100
-15,5;63,5;100
-15,5;64;100
-15,5;64,5;100
-15,5;65;100
-15,5;65,5;100
-15,5;66;100
-15,5;66,5;100
-15,5;67;100
-15,5;67,5;100
-15,5;68;80
-15,5;68,5;32
-15,5;69;72
-15,5;69,5;8
-15,5;70;28
-15,5;70,5;84
-15,5;71;92
-15,5;71,5;36
-15,5;72;24
-15,5;72,5;16
-15,5;73;32
-15,5;73,5;84
-15,5;74;68
-15,5;74,5;4
-15;-18,5;44
-15;-18;96
-15;-17,5;100
-15;-17;100
-15;-16,5;100
-15;-16;100
-15;-15,5;100
-15;-15;100
-15;-14,5;100
-15;-14;100
-15;-13,5;100
-15;-13;100
-15;-12,5;100
-15;-12;100
-15;-11,5;100
-15;-11;100
-15;-10,5;100
-15;-10;100
-15;-9,5;100
-15;-9;100
-15;-8,5;100
-15;-8;100
-15;-7,5;96
-15;-7;92
-15;-6,5;96
-15;-6;92
-15;-5,5;68
-15;-5;40
-15;-4,5;20
-15;-4;8
-15;-3,5;0
-15;-3;40
-15;-2,5;100
-15;-2;100
-15;-1,5;100
-15;-1;100
-15;-0,5;100
-15;0;100
-15;0,5;100
-15;1;100
-15;1,5;100
-15;2;100
-15;2,5;100
-15;3;100
-15;3,5;100
-15;4;100
-15;4,5;100
-15;5;100
-15;5,5;100
-15;6;100
-15;6,5;100
-15;7;100
-15;7,5;100
-15;8;100
-15;8,5;100
-15;9;100
-15;9,5;100
-15;10;100
-15;10,5;100
-15;11;100
-15;11,5;100
-15;12;100
-15;12,5;100
-15;13;100
-15;13,5;100
-15;14;100
-15;14,5;100
-15;15;100
-15;15,5;84
-15;16;100
-15;16,5;100
-15;17;100
-15;17,5;100
-15;18;100
-15;18,5;100
-15;19;100
-15;19,5;100
-15;20;100
-15;20,5;100
-15;21;100
-15;21,5;100
-15;22;100
-15;22,5;100
-15;23;100
-15;23,5;100
-15;24;100
-15;24,5;100
-15;25;100
-15;25,5;100
-15;26;100
-15;26,5;100
-15;27;100
-15;27,5;100
-15;28;100
-15;28,5;100
-15;29;100
-15;29,5;100
-15;30;100
-15;30,5;100
-15;31;100
-15;31,5;96
-15;32;100
-15;32,5;100
-15;33;100
-15;33,5;100
-15;34;100
-15;34,5;100
-15;35;100
-15;35,5;96
-15;36;100
-15;36,5;100
-15;37;100
-15;37,5;100
-15;38;100
-15;38,5;100
-15;39;100
-15;39,5;100
-15;40;100
-15;40,5;100
-15;41;100
-15;41,5;100
-15;42;100
-15;42,5;100
-15;43;100
-15;43,5;100
-15;44;100
-15;44,5;100
-15;45;100
-15;45,5;100
-15;46;100
-15;46,5;100
-15;47;100
-15;47,5;100
-15;48;100
-15;48,5;100
-15;49;100
-15;49,5;100
-15;50;100
-15;50,5;100
-15;51;100
-15;51,5;100
-15;52;100
-15;52,5;100
-15;53;100
-15;53,5;100
-15;54;100
-15;54,5;100
-15;55;100
-15;55,5;100
-15;56;100
-15;56,5;100
-15;57;100
-15;57,5;96
-15;58;96
-15;58,5;100
-15;59;96
-15;59,5;92
-15;60;100
-15;60,5;100
-15;61;100
-15;61,5;100
-15;62;100
-15;62,5;100
-15;63;100
-15;63,5;100
-15;64;100
-15;64,5;100
-15;65;100
-15;65,5;100
-15;66;100
-15;66,5;100
-15;67;100
-15;67,5;100
-15;68;100
-15;68,5;76
-15;69;80
-15;69,5;64
-15;70;96
-15;70,5;96
-15;71;96
-15;71,5;84
-15;72;80
-15;72,5;32
-15;73;44
-15;73,5;68
-15;74;84
-15;74,5;32
-14,5;-19;20
-14,5;-18,5;96
-14,5;-18;100
-14,5;-17,5;100
-14,5;-17;100
-14,5;-16,5;100
-14,5;-16;100
-14,5;-15,5;100
-14,5;-15;100
-14,5;-14,5;100
-14,5;-14;100
-14,5;-13,5;100
-14,5;-13;96
-14,5;-12,5;100
-14,5;-12;96
-14,5;-11,5;100
-14,5;-11;100
-14,5;-10,5;100
-14,5;-10;100
-14,5;-9,5;100
-14,5;-9;100
-14,5;-8,5;100
-14,5;-8;96
-14,5;-7,5;100
-14,5;-7;96
-14,5;-6,5;96
-14,5;-6;100
-14,5;-5,5;64
-14,5;-5;48
-14,5;-4,5;32
-14,5;-4;40
-14,5;-3,5;72
-14,5;-3;92
-14,5;-2,5;100
-14,5;-2;100
-14,5;-1,5;100
-14,5;-1;100
-14,5;-0,5;100
-14,5;0;100
-14,5;0,5;100
-14,5;1;100
-14,5;1,5;100
-14,5;2;100
-14,5;2,5;100
-14,5;3;100
-14,5;3,5;100
-14,5;4;100
-14,5;4,5;100
-14,5;5;100
-14,5;5,5;100
-14,5;6;100
-14,5;6,5;100
-14,5;7;100
-14,5;7,5;100
-14,5;8;100
-14,5;8,5;100
-14,5;9;100
-14,5;9,5;100
-14,5;10;100
-14,5;10,5;100
-14,5;11;100
-14,5;11,5;100
-14,5;12;100
-14,5;12,5;100
-14,5;13;100
-14,5;13,5;100
-14,5;14;100
-14,5;14,5;100
-14,5;15;100
-14,5;15,5;100
-14,5;16;96
-14,5;16,5;96
-14,5;17;100
-14,5;17,5;100
-14,5;18;100
-14,5;18,5;100
-14,5;19;100
-14,5;19,5;100
-14,5;20;100
-14,5;20,5;100
-14,5;21;100
-14,5;21,5;100
-14,5;22;100
-14,5;22,5;100
-14,5;23;100
-14,5;23,5;100
-14,5;24;100
-14,5;24,5;100
-14,5;25;100
-14,5;25,5;100
-14,5;26;100
-14,5;26,5;100
-14,5;27;100
-14,5;27,5;100
-14,5;28;100
-14,5;28,5;100
-14,5;29;100
-14,5;29,5;100
-14,5;30;100
-14,5;30,5;100
-14,5;31;100
-14,5;31,5;92
-14,5;32;100
-14,5;32,5;100
-14,5;33;100
-14,5;33,5;88
-14,5;34;100
-14,5;34,5;100
-14,5;35;96
-14,5;35,5;96
-14,5;36;100
-14,5;36,5;100
-14,5;37;100
-14,5;37,5;100
-14,5;38;100
-14,5;38,5;100
-14,5;39;100
-14,5;39,5;100
-14,5;40;100
-14,5;40,5;100
-14,5;41;100
-14,5;41,5;100
-14,5;42;100
-14,5;42,5;100
-14,5;43;100
-14,5;43,5;100
-14,5;44;100
-14,5;44,5;100
-14,5;45;100
-14,5;45,5;100
-14,5;46;100
-14,5;46,5;100
-14,5;47;100
-14,5;47,5;100
-14,5;48;100
-14,5;48,5;100
-14,5;49;100
-14,5;49,5;100
-14,5;50;100
-14,5;50,5;100
-14,5;51;100
-14,5;51,5;100
-14,5;52;100
-14,5;52,5;100
-14,5;53;100
-14,5;53,5;100
-14,5;54;100
-14,5;54,5;100
-14,5;55;100
-14,5;55,5;100
-14,5;56;100
-14,5;56,5;100
-14,5;57;100
-14,5;57,5;100
-14,5;58;100
-14,5;58,5;100
-14,5;59;100
-14,5;59,5;96
-14,5;60;100
-14,5;60,5;100
-14,5;61;100
-14,5;61,5;100
-14,5;62;100
-14,5;62,5;100
-14,5;63;100
-14,5;63,5;100
-14,5;64;100
-14,5;64,5;100
-14,5;65;100
-14,5;65,5;100
-14,5;66;100
-14,5;66,5;100
-14,5;67;100
-14,5;67,5;100
-14,5;68;100
-14,5;68,5;84
-14,5;69;84
-14,5;69,5;84
-14,5;70;100
-14,5;70,5;100
-14,5;71;100
-14,5;71,5;100
-14,5;72;92
-14,5;72,5;92
-14,5;73;84
-14,5;73,5;92
-14,5;74;80
-14,5;74,5;20
-14,5;75;4
-14;-19;76
-14;-18,5;100
-14;-18;100
-14;-17,5;100
-14;-17;100
-14;-16,5;100
-14;-16;100
-14;-15,5;100
-14;-15;100
-14;-14,5;100
-14;-14;100
-14;-13,5;100
-14;-13;100
-14;-12,5;100
-14;-12;100
-14;-11,5;96
-14;-11;100
-14;-10,5;100
-14;-10;100
-14;-9,5;100
-14;-9;100
-14;-8,5;100
-14;-8;100
-14;-7,5;100
-14;-7;100
-14;-6,5;96
-14;-6;80
-14;-5,5;44
-14;-5;0
-14;-4,5;0
-14;-4;80
-14;-3,5;100
-14;-3;100
-14;-2,5;100
-14;-2;100
-14;-1,5;100
-14;-1;100
-14;-0,5;100
-14;0;100
-14;0,5;100
-14;1;100
-14;1,5;100
-14;2;100
-14;2,5;100
-14;3;100
-14;3,5;100
-14;4;100
-14;4,5;100
-14;5;100
-14;5,5;100
-14;6;100
-14;6,5;100
-14;7;100
-14;7,5;100
-14;8;100
-14;8,5;100
-14;9;100
-14;9,5;100
-14;10;100
-14;10,5;100
-14;11;100
-14;11,5;100
-14;12;100
-14;12,5;100
-14;13;100
-14;13,5;100
-14;14;100
-14;14,5;100
-14;15;100
-14;15,5;100
-14;16;88
-14;16,5;92
-14;17;100
-14;17,5;92
-14;18;92
-14;18,5;100
-14;19;100
-14;19,5;100
-14;20;100
-14;20,5;100
-14;21;100
-14;21,5;100
-14;22;100
-14;22,5;100
-14;23;100
-14;23,5;100
-14;24;100
-14;24,5;100
-14;25;100
-14;25,5;100
-14;26;100
-14;26,5;100
-14;27;100
-14;27,5;100
-14;28;100
-14;28,5;100
-14;29;100
-14;29,5;100
-14;30;100
-14;30,5;100
-14;31;100
-14;31,5;96
-14;32;100
-14;32,5;100
-14;33;100
-14;33,5;100
-14;34;100
-14;34,5;100
-14;35;100
-14;35,5;100
-14;36;100
-14;36,5;100
-14;37;100
-14;37,5;100
-14;38;100
-14;38,5;100
-14;39;100
-14;39,5;100
-14;40;100
-14;40,5;100
-14;41;100
-14;41,5;100
-14;42;100
-14;42,5;100
-14;43;100
-14;43,5;100
-14;44;100
-14;44,5;100
-14;45;100
-14;45,5;100
-14;46;100
-14;46,5;100
-14;47;100
-14;47,5;100
-14;48;100
-14;48,5;100
-14;49;100
-14;49,5;100
-14;50;100
-14;50,5;100
-14;51;100
-14;51,5;100
-14;52;100
-14;52,5;100
-14;53;100
-14;53,5;100
-14;54;100
-14;54,5;100
-14;55;100
-14;55,5;100
-14;56;100
-14;56,5;100
-14;57;100
-14;57,5;100
-14;58;100
-14;58,5;100
-14;59;100
-14;59,5;100
-14;60;100
-14;60,5;100
-14;61;100
-14;61,5;100
-14;62;100
-14;62,5;100
-14;63;100
-14;63,5;100
-14;64;100
-14;64,5;100
-14;65;100
-14;65,5;100
-14;66;100
-14;66,5;100
-14;67;100
-14;67,5;100
-14;68;100
-14;68,5;52
-14;69;80
-14;69,5;100
-14;70;100
-14;70,5;100
-14;71;100
-14;71,5;100
-14;72;100
-14;72,5;100
-14;73;100
-14;73,5;96
-14;74;96
-14;74,5;88
-14;75;40
-13,5;-19,5;40
-13,5;-19;100
-13,5;-18,5;100
-13,5;-18;100
-13,5;-17,5;100
-13,5;-17;100
-13,5;-16,5;100
-13,5;-16;96
-13,5;-15,5;100
-13,5;-15;100
-13,5;-14,5;100
-13,5;-14;100
-13,5;-13,5;100
-13,5;-13;100
-13,5;-12,5;100
-13,5;-12;96
-13,5;-11,5;100
-13,5;-11;100
-13,5;-10,5;100
-13,5;-10;100
-13,5;-9,5;100
-13,5;-9;100
-13,5;-8,5;100
-13,5;-8;100
-13,5;-7,5;100
-13,5;-7;100
-13,5;-6,5;96
-13,5;-6;68
-13,5;-5,5;8
-13,5;-5;0
-13,5;-4,5;32
-13,5;-4;96
-13,5;-3,5;100
-13,5;-3;100
-13,5;-2,5;100
-13,5;-2;100
-13,5;-1,5;100
-13,5;-1;100
-13,5;-0,5;100
-13,5;0;100
-13,5;0,5;100
-13,5;1;100
-13,5;1,5;100
-13,5;2;100
-13,5;2,5;100
-13,5;3;100
-13,5;3,5;100
-13,5;4;100
-13,5;4,5;100
-13,5;5;100
-13,5;5,5;100
-13,5;6;100
-13,5;6,5;100
-13,5;7;100
-13,5;7,5;100
-13,5;8;100
-13,5;8,5;100
-13,5;9;100
-13,5;9,5;100
-13,5;10;100
-13,5;10,5;100
-13,5;11;100
-13,5;11,5;100
-13,5;12;100
-13,5;12,5;100
-13,5;13;100
-13,5;13,5;100
-13,5;14;100
-13,5;14,5;100
-13,5;15;100
-13,5;15,5;100
-13,5;16;100
-13,5;16,5;96
-13,5;17;92
-13,5;17,5;100
-13,5;18;92
-13,5;18,5;96
-13,5;19;100
-13,5;19,5;100
-13,5;20;100
-13,5;20,5;100
-13,5;21;100
-13,5;21,5;100
-13,5;22;100
-13,5;22,5;100
-13,5;23;100
-13,5;23,5;100
-13,5;24;100
-13,5;24,5;100
-13,5;25;100
-13,5;25,5;100
-13,5;26;100
-13,5;26,5;100
-13,5;27;100
-13,5;27,5;100
-13,5;28;100
-13,5;28,5;88
-13,5;29;100
-13,5;29,5;100
-13,5;30;100
-13,5;30,5;100
-13,5;31;100
-13,5;31,5;100
-13,5;32;100
-13,5;32,5;100
-13,5;33;100
-13,5;33,5;100
-13,5;34;100
-13,5;34,5;100
-13,5;35;100
-13,5;35,5;100
-13,5;36;100
-13,5;36,5;100
-13,5;37;100
-13,5;37,5;100
-13,5;38;100
-13,5;38,5;100
-13,5;39;100
-13,5;39,5;100
-13,5;40;100
-13,5;40,5;100
-13,5;41;100
-13,5;41,5;100
-13,5;42;100
-13,5;42,5;100
-13,5;43;100
-13,5;43,5;100
-13,5;44;100
-13,5;44,5;100
-13,5;45;100
-13,5;45,5;100
-13,5;46;100
-13,5;46,5;100
-13,5;47;100
-13,5;47,5;100
-13,5;48;100
-13,5;48,5;100
-13,5;49;100
-13,5;49,5;100
-13,5;50;100
-13,5;50,5;100
-13,5;51;100
-13,5;51,5;100
-13,5;52;100
-13,5;52,5;100
-13,5;53;100
-13,5;53,5;100
-13,5;54;100
-13,5;54,5;100
-13,5;55;100
-13,5;55,5;100
-13,5;56;100
-13,5;56,5;100
-13,5;57;100
-13,5;57,5;100
-13,5;58;100
-13,5;58,5;100
-13,5;59;100
-13,5;59,5;100
-13,5;60;100
-13,5;60,5;100
-13,5;61;100
-13,5;61,5;100
-13,5;62;100
-13,5;62,5;100
-13,5;63;100
-13,5;63,5;100
-13,5;64;100
-13,5;64,5;100
-13,5;65;100
-13,5;65,5;100
-13,5;66;100
-13,5;66,5;100
-13,5;67;100
-13,5;67,5;96
-13,5;68;88
-13,5;68,5;100
-13,5;69;96
-13,5;69,5;100
-13,5;70;100
-13,5;70,5;100
-13,5;71;100
-13,5;71,5;100
-13,5;72;100
-13,5;72,5;100
-13,5;73;100
-13,5;73,5;100
-13,5;74;100
-13,5;74,5;92
-13,5;75;88
-13,5;75,5;12
-13;-20;4
-13;-19,5;84
-13;-19;100
-13;-18,5;100
-13;-18;100
-13;-17,5;100
-13;-17;96
-13;-16,5;100
-13;-16;100
-13;-15,5;100
-13;-15;100
-13;-14,5;96
-13;-14;100
-13;-13,5;100
-13;-13;100
-13;-12,5;100
-13;-12;100
-13;-11,5;100
-13;-11;100
-13;-10,5;100
-13;-10;100
-13;-9,5;100
-13;-9;100
-13;-8,5;100
-13;-8;100
-13;-7,5;100
-13;-7;100
-13;-6,5;100
-13;-6;56
-13;-5,5;4
-13;-5;36
-13;-4,5;68
-13;-4;100
-13;-3,5;100
-13;-3;100
-13;-2,5;100
-13;-2;100
-13;-1,5;100
-13;-1;100
-13;-0,5;100
-13;0;100
-13;0,5;100
-13;1;100
-13;1,5;100
-13;2;100
-13;2,5;100
-13;3;100
-13;3,5;100
-13;4;100
-13;4,5;100
-13;5;100
-13;5,5;100
-13;6;100
-13;6,5;100
-13;7;100
-13;7,5;100
-13;8;100
-13;8,5;100
-13;9;100
-13;9,5;100
-13;10;100
-13;10,5;100
-13;11;100
-13;11,5;100
-13;12;100
-13;12,5;100
-13;13;100
-13;13,5;100
-13;14;100
-13;14,5;100
-13;15;100
-13;15,5;100
-13;16;100
-13;16,5;100
-13;17;96
-13;17,5;100
-13;18;92
-13;18,5;100
-13;19;100
-13;19,5;100
-13;20;100
-13;20,5;100
-13;21;100
-13;21,5;100
-13;22;100
-13;22,5;100
-13;23;100
-13;23,5;100
-13;24;100
-13;24,5;92
-13;25;88
-13;25,5;100
-13;26;100
-13;26,5;100
-13;27;100
-13;27,5;100
-13;28;100
-13;28,5;100
-13;29;100
-13;29,5;100
-13;30;100
-13;30,5;100
-13;31;100
-13;31,5;100
-13;32;100
-13;32,5;100
-13;33;100
-13;33,5;100
-13;34;100
-13;34,5;100
-13;35;100
-13;35,5;100
-13;36;100
-13;36,5;100
-13;37;100
-13;37,5;100
-13;38;100
-13;38,5;100
-13;39;100
-13;39,5;100
-13;40;100
-13;40,5;100
-13;41;100
-13;41,5;100
-13;42;100
-13;42,5;100
-13;43;100
-13;43,5;100
-13;44;100
-13;44,5;100
-13;45;100
-13;45,5;100
-13;46;100
-13;46,5;100
-13;47;100
-13;47,5;100
-13;48;100
-13;48,5;96
-13;49;100
-13;49,5;100
-13;50;100
-13;50,5;100
-13;51;100
-13;51,5;100
-13;52;100
-13;52,5;100
-13;53;100
-13;53,5;100
-13;54;100
-13;54,5;100
-13;55;100
-13;55,5;100
-13;56;100
-13;56,5;100
-13;57;100
-13;57,5;100
-13;58;100
-13;58,5;100
-13;59;100
-13;59,5;100
-13;60;100
-13;60,5;100
-13;61;100
-13;61,5;100
-13;62;100
-13;62,5;100
-13;63;100
-13;63,5;100
-13;64;100
-13;64,5;100
-13;65;100
-13;65,5;100
-13;66;100
-13;66,5;100
-13;67;100
-13;67,5;100
-13;68;100
-13;68,5;100
-13;69;100
-13;69,5;100
-13;70;100
-13;70,5;100
-13;71;100
-13;71,5;100
-13;72;100
-13;72,5;100
-13;73;100
-13;73,5;100
-13;74;100
-13;74,5;96
-13;75;100
-13;75,5;48
-12,5;-20;44
-12,5;-19,5;96
-12,5;-19;100
-12,5;-18,5;100
-12,5;-18;100
-12,5;-17,5;96
-12,5;-17;96
-12,5;-16,5;100
-12,5;-16;100
-12,5;-15,5;100
-12,5;-15;88
-12,5;-14,5;56
-12,5;-14;92
-12,5;-13,5;100
-12,5;-13;100
-12,5;-12,5;100
-12,5;-12;100
-12,5;-11,5;100
-12,5;-11;100
-12,5;-10,5;100
-12,5;-10;100
-12,5;-9,5;100
-12,5;-9;100
-12,5;-8,5;100
-12,5;-8;100
-12,5;-7,5;100
-12,5;-7;100
-12,5;-6,5;100
-12,5;-6;100
-12,5;-5,5;88
-12,5;-5;100
-12,5;-4,5;100
-12,5;-4;100
-12,5;-3,5;100
-12,5;-3;100
-12,5;-2,5;100
-12,5;-2;100
-12,5;-1,5;100
-12,5;-1;100
-12,5;-0,5;100
-12,5;0;100
-12,5;0,5;100
-12,5;1;100
-12,5;1,5;96
-12,5;2;100
-12,5;2,5;100
-12,5;3;100
-12,5;3,5;100
-12,5;4;100
-12,5;4,5;100
-12,5;5;100
-12,5;5,5;100
-12,5;6;100
-12,5;6,5;100
-12,5;7;100
-12,5;7,5;100
-12,5;8;100
-12,5;8,5;100
-12,5;9;100
-12,5;9,5;100
-12,5;10;100
-12,5;10,5;100
-12,5;11;100
-12,5;11,5;100
-12,5;12;100
-12,5;12,5;100
-12,5;13;100
-12,5;13,5;100
-12,5;14;100
-12,5;14,5;100
-12,5;15;100
-12,5;15,5;100
-12,5;16;100
-12,5;16,5;100
-12,5;17;100
-12,5;17,5;100
-12,5;18;100
-12,5;18,5;100
-12,5;19;100
-12,5;19,5;100
-12,5;20;100
-12,5;20,5;100
-12,5;21;100
-12,5;21,5;100
-12,5;22;100
-12,5;22,5;100
-12,5;23;100
-12,5;23,5;96
-12,5;24;100
-12,5;24,5;100
-12,5;25;100
-12,5;25,5;100
-12,5;26;100
-12,5;26,5;100
-12,5;27;100
-12,5;27,5;100
-12,5;28;100
-12,5;28,5;100
-12,5;29;100
-12,5;29,5;100
-12,5;30;100
-12,5;30,5;100
-12,5;31;100
-12,5;31,5;100
-12,5;32;100
-12,5;32,5;96
-12,5;33;100
-12,5;33,5;100
-12,5;34;100
-12,5;34,5;100
-12,5;35;100
-12,5;35,5;100
-12,5;36;100
-12,5;36,5;100
-12,5;37;100
-12,5;37,5;100
-12,5;38;100
-12,5;38,5;100
-12,5;39;100
-12,5;39,5;100
-12,5;40;100
-12,5;40,5;100
-12,5;41;100
-12,5;41,5;100
-12,5;42;100
-12,5;42,5;100
-12,5;43;100
-12,5;43,5;100
-12,5;44;100
-12,5;44,5;100
-12,5;45;100
-12,5;45,5;100
-12,5;46;100
-12,5;46,5;100
-12,5;47;100
-12,5;47,5;100
-12,5;48;100
-12,5;48,5;100
-12,5;49;100
-12,5;49,5;100
-12,5;50;100
-12,5;50,5;100
-12,5;51;100
-12,5;51,5;100
-12,5;52;100
-12,5;52,5;100
-12,5;53;100
-12,5;53,5;100
-12,5;54;100
-12,5;54,5;100
-12,5;55;100
-12,5;55,5;100
-12,5;56;100
-12,5;56,5;100
-12,5;57;100
-12,5;57,5;100
-12,5;58;100
-12,5;58,5;100
-12,5;59;100
-12,5;59,5;100
-12,5;60;100
-12,5;60,5;100
-12,5;61;100
-12,5;61,5;100
-12,5;62;100
-12,5;62,5;100
-12,5;63;100
-12,5;63,5;100
-12,5;64;100
-12,5;64,5;96
-12,5;65;100
-12,5;65,5;100
-12,5;66;100
-12,5;66,5;100
-12,5;67;100
-12,5;67,5;100
-12,5;68;100
-12,5;68,5;100
-12,5;69;100
-12,5;69,5;100
-12,5;70;100
-12,5;70,5;100
-12,5;71;100
-12,5;71,5;100
-12,5;72;100
-12,5;72,5;100
-12,5;73;100
-12,5;73,5;100
-12,5;74;100
-12,5;74,5;100
-12,5;75;100
-12,5;75,5;96
-12,5;76;16
-12;-20,5;8
-12;-20;92
-12;-19,5;100
-12;-19;100
-12;-18,5;100
-12;-18;100
-12;-17,5;100
-12;-17;96
-12;-16,5;100
-12;-16;100
-12;-15,5;100
-12;-15;100
-12;-14,5;96
-12;-14;96
-12;-13,5;96
-12;-13;84
-12;-12,5;100
-12;-12;100
-12;-11,5;100
-12;-11;100
-12;-10,5;100
-12;-10;100
-12;-9,5;100
-12;-9;100
-12;-8,5;100
-12;-8;100
-12;-7,5;100
-12;-7;100
-12;-6,5;100
-12;-6;100
-12;-5,5;100
-12;-5;100
-12;-4,5;100
-12;-4;100
-12;-3,5;100
-12;-3;100
-12;-2,5;100
-12;-2;100
-12;-1,5;100
-12;-1;100
-12;-0,5;100
-12;0;100
-12;0,5;100
-12;1;100
-12;1,5;100
-12;2;100
-12;2,5;100
-12;3;100
-12;3,5;100
-12;4;100
-12;4,5;100
-12;5;100
-12;5,5;100
-12;6;100
-12;6,5;100
-12;7;100
-12;7,5;100
-12;8;100
-12;8,5;100
-12;9;100
-12;9,5;100
-12;10;100
-12;10,5;100
-12;11;100
-12;11,5;100
-12;12;100
-12;12,5;100
-12;13;100
-12;13,5;100
-12;14;100
-12;14,5;100
-12;15;100
-12;15,5;100
-12;16;100
-12;16,5;100
-12;17;100
-12;17,5;100
-12;18;100
-12;18,5;100
-12;19;100
-12;19,5;100
-12;20;100
-12;20,5;100
-12;21;100
-12;21,5;100
-12;22;100
-12;22,5;100
-12;23;100
-12;23,5;100
-12;24;100
-12;24,5;100
-12;25;100
-12;25,5;100
-12;26;100
-12;26,5;100
-12;27;100
-12;27,5;100
-12;28;100
-12;28,5;100
-12;29;100
-12;29,5;100
-12;30;100
-12;30,5;100
-12;31;100
-12;31,5;96
-12;32;100
-12;32,5;100
-12;33;100
-12;33,5;100
-12;34;100
-12;34,5;100
-12;35;100
-12;35,5;100
-12;36;100
-12;36,5;100
-12;37;100
-12;37,5;100
-12;38;100
-12;38,5;100
-12;39;100
-12;39,5;100
-12;40;100
-12;40,5;100
-12;41;100
-12;41,5;100
-12;42;100
-12;42,5;100
-12;43;100
-12;43,5;100
-12;44;100
-12;44,5;100
-12;45;100
-12;45,5;100
-12;46;100
-12;46,5;100
-12;47;100
-12;47,5;100
-12;48;100
-12;48,5;100
-12;49;100
-12;49,5;100
-12;50;100
-12;50,5;100
-12;51;100
-12;51,5;100
-12;52;100
-12;52,5;100
-12;53;100
-12;53,5;100
-12;54;100
-12;54,5;100
-12;55;100
-12;55,5;100
-12;56;100
-12;56,5;100
-12;57;100
-12;57,5;100
-12;58;100
-12;58,5;100
-12;59;100
-12;59,5;100
-12;60;100
-12;60,5;100
-12;61;100
-12;61,5;100
-12;62;100
-12;62,5;100
-12;63;100
-12;63,5;100
-12;64;100
-12;64,5;96
-12;65;96
-12;65,5;100
-12;66;100
-12;66,5;100
-12;67;100
-12;67,5;100
-12;68;100
-12;68,5;100
-12;69;100
-12;69,5;100
-12;70;100
-12;70,5;100
-12;71;100
-12;71,5;100
-12;72;100
-12;72,5;100
-12;73;100
-12;73,5;100
-12;74;100
-12;74,5;100
-12;75;100
-12;75,5;92
-12;76;56
-11,5;-20,5;44
-11,5;-20;100
-11,5;-19,5;100
-11,5;-19;88
-11,5;-18,5;72
-11,5;-18;84
-11,5;-17,5;100
-11,5;-17;100
-11,5;-16,5;100
-11,5;-16;100
-11,5;-15,5;100
-11,5;-15;100
-11,5;-14,5;100
-11,5;-14;100
-11,5;-13,5;100
-11,5;-13;100
-11,5;-12,5;96
-11,5;-12;100
-11,5;-11,5;100
-11,5;-11;100
-11,5;-10,5;100
-11,5;-10;100
-11,5;-9,5;100
-11,5;-9;100
-11,5;-8,5;100
-11,5;-8;100
-11,5;-7,5;100
-11,5;-7;100
-11,5;-6,5;100
-11,5;-6;100
-11,5;-5,5;100
-11,5;-5;100
-11,5;-4,5;100
-11,5;-4;100
-11,5;-3,5;100
-11,5;-3;100
-11,5;-2,5;100
-11,5;-2;100
-11,5;-1,5;100
-11,5;-1;100
-11,5;-0,5;100
-11,5;0;100
-11,5;0,5;100
-11,5;1;100
-11,5;1,5;100
-11,5;2;100
-11,5;2,5;100
-11,5;3;92
-11,5;3,5;100
-11,5;4;100
-11,5;4,5;100
-11,5;5;100
-11,5;5,5;100
-11,5;6;100
-11,5;6,5;100
-11,5;7;100
-11,5;7,5;100
-11,5;8;100
-11,5;8,5;100
-11,5;9;100
-11,5;9,5;100
-11,5;10;100
-11,5;10,5;100
-11,5;11;100
-11,5;11,5;100
-11,5;12;100
-11,5;12,5;100
-11,5;13;100
-11,5;13,5;92
-11,5;14;100
-11,5;14,5;100
-11,5;15;100
-11,5;15,5;100
-11,5;16;100
-11,5;16,5;100
-11,5;17;100
-11,5;17,5;100
-11,5;18;100
-11,5;18,5;100
-11,5;19;100
-11,5;19,5;100
-11,5;20;100
-11,5;20,5;100
-11,5;21;100
-11,5;21,5;100
-11,5;22;100
-11,5;22,5;100
-11,5;23;100
-11,5;23,5;100
-11,5;24;100
-11,5;24,5;100
-11,5;25;100
-11,5;25,5;100
-11,5;26;100
-11,5;26,5;100
-11,5;27;96
-11,5;27,5;100
-11,5;28;100
-11,5;28,5;100
-11,5;29;100
-11,5;29,5;100
-11,5;30;96
-11,5;30,5;100
-11,5;31;100
-11,5;31,5;100
-11,5;32;100
-11,5;32,5;100
-11,5;33;100
-11,5;33,5;100
-11,5;34;100
-11,5;34,5;100
-11,5;35;100
-11,5;35,5;100
-11,5;36;100
-11,5;36,5;100
-11,5;37;100
-11,5;37,5;100
-11,5;38;100
-11,5;38,5;100
-11,5;39;100
-11,5;39,5;100
-11,5;40;100
-11,5;40,5;100
-11,5;41;100
-11,5;41,5;100
-11,5;42;100
-11,5;42,5;100
-11,5;43;100
-11,5;43,5;100
-11,5;44;100
-11,5;44,5;100
-11,5;45;100
-11,5;45,5;100
-11,5;46;100
-11,5;46,5;100
-11,5;47;100
-11,5;47,5;100
-11,5;48;100
-11,5;48,5;100
-11,5;49;100
-11,5;49,5;100
-11,5;50;100
-11,5;50,5;100
-11,5;51;100
-11,5;51,5;100
-11,5;52;100
-11,5;52,5;100
-11,5;53;100
-11,5;53,5;100
-11,5;54;100
-11,5;54,5;100
-11,5;55;100
-11,5;55,5;100
-11,5;56;100
-11,5;56,5;100
-11,5;57;100
-11,5;57,5;100
-11,5;58;100
-11,5;58,5;100
-11,5;59;100
-11,5;59,5;100
-11,5;60;100
-11,5;60,5;100
-11,5;61;100
-11,5;61,5;100
-11,5;62;100
-11,5;62,5;100
-11,5;63;100
-11,5;63,5;100
-11,5;64;100
-11,5;64,5;100
-11,5;65;100
-11,5;65,5;100
-11,5;66;100
-11,5;66,5;100
-11,5;67;100
-11,5;67,5;100
-11,5;68;100
-11,5;68,5;96
-11,5;69;100
-11,5;69,5;100
-11,5;70;100
-11,5;70,5;100
-11,5;71;100
-11,5;71,5;100
-11,5;72;100
-11,5;72,5;100
-11,5;73;100
-11,5;73,5;100
-11,5;74;100
-11,5;74,5;100
-11,5;75;100
-11,5;75,5;100
-11,5;76;96
-11,5;76,5;8
-11;-20,5;92
-11;-20;100
-11;-19,5;100
-11;-19;92
-11;-18,5;84
-11;-18;48
-11;-17,5;96
-11;-17;100
-11;-16,5;100
-11;-16;100
-11;-15,5;100
-11;-15;100
-11;-14,5;100
-11;-14;100
-11;-13,5;100
-11;-13;100
-11;-12,5;100
-11;-12;100
-11;-11,5;100
-11;-11;100
-11;-10,5;100
-11;-10;100
-11;-9,5;100
-11;-9;100
-11;-8,5;100
-11;-8;100
-11;-7,5;100
-11;-7;100
-11;-6,5;100
-11;-6;100
-11;-5,5;100
-11;-5;100
-11;-4,5;100
-11;-4;100
-11;-3,5;100
-11;-3;100
-11;-2,5;100
-11;-2;100
-11;-1,5;100
-11;-1;100
-11;-0,5;100
-11;0;100
-11;0,5;100
-11;1;100
-11;1,5;100
-11;2;100
-11;2,5;100
-11;3;92
-11;3,5;100
-11;4;100
-11;4,5;100
-11;5;100
-11;5,5;100
-11;6;100
-11;6,5;100
-11;7;100
-11;7,5;100
-11;8;100
-11;8,5;100
-11;9;100
-11;9,5;100
-11;10;100
-11;10,5;100
-11;11;100
-11;11,5;100
-11;12;100
-11;12,5;100
-11;13;100
-11;13,5;100
-11;14;76
-11;14,5;100
-11;15;100
-11;15,5;100
-11;16;100
-11;16,5;100
-11;17;100
-11;17,5;100
-11;18;100
-11;18,5;100
-11;19;100
-11;19,5;100
-11;20;100
-11;20,5;100
-11;21;100
-11;21,5;100
-11;22;100
-11;22,5;100
-11;23;100
-11;23,5;100
-11;24;100
-11;24,5;100
-11;25;100
-11;25,5;100
-11;26;100
-11;26,5;100
-11;27;92
-11;27,5;100
-11;28;100
-11;28,5;100
-11;29;100
-11;29,5;100
-11;30;100
-11;30,5;100
-11;31;100
-11;31,5;100
-11;32;100
-11;32,5;100
-11;33;100
-11;33,5;100
-11;34;100
-11;34,5;100
-11;35;100
-11;35,5;100
-11;36;100
-11;36,5;100
-11;37;96
-11;37,5;100
-11;38;100
-11;38,5;100
-11;39;100
-11;39,5;100
-11;40;100
-11;40,5;100
-11;41;100
-11;41,5;100
-11;42;100
-11;42,5;100
-11;43;100
-11;43,5;100
-11;44;100
-11;44,5;100
-11;45;100
-11;45,5;100
-11;46;100
-11;46,5;100
-11;47;100
-11;47,5;100
-11;48;100
-11;48,5;100
-11;49;100
-11;49,5;100
-11;50;100
-11;50,5;100
-11;51;100
-11;51,5;100
-11;52;100
-11;52,5;100
-11;53;100
-11;53,5;100
-11;54;100
-11;54,5;100
-11;55;100
-11;55,5;100
-11;56;100
-11;56,5;100
-11;57;100
-11;57,5;100
-11;58;100
-11;58,5;100
-11;59;100
-11;59,5;100
-11;60;100
-11;60,5;100
-11;61;100
-11;61,5;100
-11;62;100
-11;62,5;100
-11;63;100
-11;63,5;100
-11;64;100
-11;64,5;100
-11;65;100
-11;65,5;100
-11;66;100
-11;66,5;100
-11;67;100
-11;67,5;100
-11;68;96
-11;68,5;68
-11;69;100
-11;69,5;100
-11;70;100
-11;70,5;100
-11;71;100
-11;71,5;100
-11;72;100
-11;72,5;100
-11;73;100
-11;73,5;100
-11;74;100
-11;74,5;100
-11;75;100
-11;75,5;100
-11;76;100
-11;76,5;40
-10,5;-21;36
-10,5;-20,5;100
-10,5;-20;100
-10,5;-19,5;100
-10,5;-19;100
-10,5;-18,5;100
-10,5;-18;96
-10,5;-17,5;100
-10,5;-17;100
-10,5;-16,5;100
-10,5;-16;100
-10,5;-15,5;100
-10,5;-15;100
-10,5;-14,5;100
-10,5;-14;100
-10,5;-13,5;100
-10,5;-13;100
-10,5;-12,5;100
-10,5;-12;100
-10,5;-11,5;100
-10,5;-11;100
-10,5;-10,5;100
-10,5;-10;100
-10,5;-9,5;100
-10,5;-9;100
-10,5;-8,5;100
-10,5;-8;100
-10,5;-7,5;100
-10,5;-7;100
-10,5;-6,5;100
-10,5;-6;100
-10,5;-5,5;100
-10,5;-5;100
-10,5;-4,5;100
-10,5;-4;100
-10,5;-3,5;100
-10,5;-3;100
-10,5;-2,5;100
-10,5;-2;100
-10,5;-1,5;100
-10,5;-1;100
-10,5;-0,5;100
-10,5;0;100
-10,5;0,5;100
-10,5;1;100
-10,5;1,5;100
-10,5;2;100
-10,5;2,5;96
-10,5;3;100
-10,5;3,5;100
-10,5;4;100
-10,5;4,5;100
-10,5;5;100
-10,5;5,5;100
-10,5;6;100
-10,5;6,5;100
-10,5;7;100
-10,5;7,5;100
-10,5;8;100
-10,5;8,5;100
-10,5;9;100
-10,5;9,5;100
-10,5;10;100
-10,5;10,5;100
-10,5;11;100
-10,5;11,5;100
-10,5;12;100
-10,5;12,5;100
-10,5;13;100
-10,5;13,5;100
-10,5;14;100
-10,5;14,5;100
-10,5;15;100
-10,5;15,5;100
-10,5;16;100
-10,5;16,5;100
-10,5;17;100
-10,5;17,5;100
-10,5;18;100
-10,5;18,5;100
-10,5;19;100
-10,5;19,5;100
-10,5;20;100
-10,5;20,5;100
-10,5;21;100
-10,5;21,5;100
-10,5;22;100
-10,5;22,5;100
-10,5;23;100
-10,5;23,5;100
-10,5;24;100
-10,5;24,5;100
-10,5;25;100
-10,5;25,5;100
-10,5;26;100
-10,5;26,5;96
-10,5;27;100
-10,5;27,5;100
-10,5;28;100
-10,5;28,5;100
-10,5;29;100
-10,5;29,5;100
-10,5;30;100
-10,5;30,5;100
-10,5;31;100
-10,5;31,5;100
-10,5;32;96
-10,5;32,5;100
-10,5;33;100
-10,5;33,5;100
-10,5;34;100
-10,5;34,5;100
-10,5;35;100
-10,5;35,5;100
-10,5;36;100
-10,5;36,5;96
-10,5;37;100
-10,5;37,5;100
-10,5;38;100
-10,5;38,5;100
-10,5;39;100
-10,5;39,5;100
-10,5;40;100
-10,5;40,5;100
-10,5;41;100
-10,5;41,5;100
-10,5;42;100
-10,5;42,5;100
-10,5;43;100
-10,5;43,5;100
-10,5;44;100
-10,5;44,5;100
-10,5;45;100
-10,5;45,5;100
-10,5;46;100
-10,5;46,5;100
-10,5;47;100
-10,5;47,5;100
-10,5;48;100
-10,5;48,5;100
-10,5;49;100
-10,5;49,5;100
-10,5;50;100
-10,5;50,5;100
-10,5;51;100
-10,5;51,5;100
-10,5;52;100
-10,5;52,5;100
-10,5;53;100
-10,5;53,5;100
-10,5;54;100
-10,5;54,5;100
-10,5;55;100
-10,5;55,5;100
-10,5;56;100
-10,5;56,5;100
-10,5;57;80
-10,5;57,5;100
-10,5;58;100
-10,5;58,5;100
-10,5;59;100
-10,5;59,5;100
-10,5;60;100
-10,5;60,5;100
-10,5;61;100
-10,5;61,5;100
-10,5;62;100
-10,5;62,5;100
-10,5;63;100
-10,5;63,5;100
-10,5;64;100
-10,5;64,5;100
-10,5;65;100
-10,5;65,5;100
-10,5;66;100
-10,5;66,5;100
-10,5;67;100
-10,5;67,5;100
-10,5;68;100
-10,5;68,5;100
-10,5;69;100
-10,5;69,5;96
-10,5;70;100
-10,5;70,5;100
-10,5;71;100
-10,5;71,5;100
-10,5;72;100
-10,5;72,5;100
-10,5;73;100
-10,5;73,5;100
-10,5;74;100
-10,5;74,5;100
-10,5;75;100
-10,5;75,5;100
-10,5;76;100
-10,5;76,5;72
-10;-21;72
-10;-20,5;100
-10;-20;100
-10;-19,5;100
-10;-19;100
-10;-18,5;100
-10;-18;100
-10;-17,5;100
-10;-17;96
-10;-16,5;100
-10;-16;100
-10;-15,5;100
-10;-15;100
-10;-14,5;100
-10;-14;100
-10;-13,5;100
-10;-13;100
-10;-12,5;100
-10;-12;100
-10;-11,5;100
-10;-11;100
-10;-10,5;100
-10;-10;100
-10;-9,5;100
-10;-9;100
-10;-8,5;100
-10;-8;100
-10;-7,5;100
-10;-7;100
-10;-6,5;100
-10;-6;100
-10;-5,5;100
-10;-5;100
-10;-4,5;100
-10;-4;100
-10;-3,5;100
-10;-3;100
-10;-2,5;100
-10;-2;100
-10;-1,5;100
-10;-1;100
-10;-0,5;100
-10;0;100
-10;0,5;100
-10;1;100
-10;1,5;100
-10;2;100
-10;2,5;96
-10;3;100
-10;3,5;100
-10;4;100
-10;4,5;100
-10;5;100
-10;5,5;100
-10;6;100
-10;6,5;100
-10;7;100
-10;7,5;100
-10;8;100
-10;8,5;100
-10;9;100
-10;9,5;100
-10;10;100
-10;10,5;100
-10;11;100
-10;11,5;100
-10;12;100
-10;12,5;100
-10;13;100
-10;13,5;100
-10;14;100
-10;14,5;100
-10;15;100
-10;15,5;100
-10;16;100
-10;16,5;100
-10;17;100
-10;17,5;100
-10;18;100
-10;18,5;100
-10;19;100
-10;19,5;100
-10;20;100
-10;20,5;100
-10;21;100
-10;21,5;100
-10;22;100
-10;22,5;100
-10;23;100
-10;23,5;100
-10;24;100
-10;24,5;100
-10;25;100
-10;25,5;100
-10;26;100
-10;26,5;100
-10;27;100
-10;27,5;100
-10;28;100
-10;28,5;100
-10;29;100
-10;29,5;100
-10;30;100
-10;30,5;100
-10;31;100
-10;31,5;100
-10;32;100
-10;32,5;96
-10;33;100
-10;33,5;100
-10;34;100
-10;34,5;100
-10;35;100
-10;35,5;100
-10;36;100
-10;36,5;100
-10;37;100
-10;37,5;100
-10;38;100
-10;38,5;100
-10;39;100
-10;39,5;100
-10;40;100
-10;40,5;100
-10;41;100
-10;41,5;100
-10;42;100
-10;42,5;100
-10;43;100
-10;43,5;100
-10;44;100
-10;44,5;100
-10;45;100
-10;45,5;100
-10;46;100
-10;46,5;100
-10;47;100
-10;47,5;100
-10;48;100
-10;48,5;100
-10;49;100
-10;49,5;100
-10;50;100
-10;50,5;100
-10;51;100
-10;51,5;100
-10;52;100
-10;52,5;100
-10;53;100
-10;53,5;100
-10;54;100
-10;54,5;100
-10;55;100
-10;55,5;100
-10;56;100
-10;56,5;100
-10;57;100
-10;57,5;100
-10;58;100
-10;58,5;100
-10;59;100
-10;59,5;100
-10;60;100
-10;60,5;100
-10;61;100
-10;61,5;100
-10;62;100
-10;62,5;100
-10;63;100
-10;63,5;100
-10;64;100
-10;64,5;100
-10;65;100
-10;65,5;100
-10;66;100
-10;66,5;100
-10;67;100
-10;67,5;100
-10;68;100
-10;68,5;92
-10;69;92
-10;69,5;96
-10;70;100
-10;70,5;100
-10;71;100
-10;71,5;100
-10;72;100
-10;72,5;100
-10;73;100
-10;73,5;100
-10;74;100
-10;74,5;100
-10;75;100
-10;75,5;96
-10;76;76
-10;76,5;88
-10;77;4
-9,5;-21,5;12
-9,5;-21;100
-9,5;-20,5;100
-9,5;-20;100
-9,5;-19,5;100
-9,5;-19;100
-9,5;-18,5;100
-9,5;-18;100
-9,5;-17,5;100
-9,5;-17;100
-9,5;-16,5;100
-9,5;-16;100
-9,5;-15,5;100
-9,5;-15;100
-9,5;-14,5;100
-9,5;-14;100
-9,5;-13,5;100
-9,5;-13;100
-9,5;-12,5;100
-9,5;-12;100
-9,5;-11,5;100
-9,5;-11;100
-9,5;-10,5;100
-9,5;-10;100
-9,5;-9,5;100
-9,5;-9;100
-9,5;-8,5;100
-9,5;-8;100
-9,5;-7,5;100
-9,5;-7;100
-9,5;-6,5;100
-9,5;-6;100
-9,5;-5,5;100
-9,5;-5;100
-9,5;-4,5;100
-9,5;-4;100
-9,5;-3,5;100
-9,5;-3;100
-9,5;-2,5;100
-9,5;-2;100
-9,5;-1,5;100
-9,5;-1;100
-9,5;-0,5;100
-9,5;0;100
-9,5;0,5;100
-9,5;1;100
-9,5;1,5;100
-9,5;2;100
-9,5;2,5;96
-9,5;3;100
-9,5;3,5;100
-9,5;4;100
-9,5;4,5;100
-9,5;5;100
-9,5;5,5;100
-9,5;6;100
-9,5;6,5;100
-9,5;7;100
-9,5;7,5;100
-9,5;8;100
-9,5;8,5;100
-9,5;9;100
-9,5;9,5;100
-9,5;10;100
-9,5;10,5;100
-9,5;11;100
-9,5;11,5;100
-9,5;12;100
-9,5;12,5;100
-9,5;13;100
-9,5;13,5;100
-9,5;14;100
-9,5;14,5;100
-9,5;15;100
-9,5;15,5;100
-9,5;16;100
-9,5;16,5;100
-9,5;17;100
-9,5;17,5;100
-9,5;18;100
-9,5;18,5;100
-9,5;19;100
-9,5;19,5;100
-9,5;20;100
-9,5;20,5;100
-9,5;21;100
-9,5;21,5;100
-9,5;22;100
-9,5;22,5;96
-9,5;23;84
-9,5;23,5;96
-9,5;24;100
-9,5;24,5;100
-9,5;25;100
-9,5;25,5;100
-9,5;26;100
-9,5;26,5;100
-9,5;27;100
-9,5;27,5;100
-9,5;28;100
-9,5;28,5;100
-9,5;29;100
-9,5;29,5;100
-9,5;30;100
-9,5;30,5;100
-9,5;31;100
-9,5;31,5;100
-9,5;32;100
-9,5;32,5;100
-9,5;33;100
-9,5;33,5;100
-9,5;34;100
-9,5;34,5;100
-9,5;35;100
-9,5;35,5;100
-9,5;36;100
-9,5;36,5;100
-9,5;37;100
-9,5;37,5;100
-9,5;38;100
-9,5;38,5;100
-9,5;39;100
-9,5;39,5;100
-9,5;40;100
-9,5;40,5;100
-9,5;41;100
-9,5;41,5;100
-9,5;42;100
-9,5;42,5;100
-9,5;43;100
-9,5;43,5;100
-9,5;44;100
-9,5;44,5;100
-9,5;45;100
-9,5;45,5;100
-9,5;46;100
-9,5;46,5;100
-9,5;47;100
-9,5;47,5;100
-9,5;48;100
-9,5;48,5;100
-9,5;49;100
-9,5;49,5;88
-9,5;50;100
-9,5;50,5;100
-9,5;51;100
-9,5;51,5;100
-9,5;52;100
-9,5;52,5;100
-9,5;53;100
-9,5;53,5;100
-9,5;54;100
-9,5;54,5;100
-9,5;55;100
-9,5;55,5;100
-9,5;56;100
-9,5;56,5;100
-9,5;57;100
-9,5;57,5;100
-9,5;58;100
-9,5;58,5;100
-9,5;59;100
-9,5;59,5;100
-9,5;60;100
-9,5;60,5;100
-9,5;61;100
-9,5;61,5;100
-9,5;62;100
-9,5;62,5;100
-9,5;63;100
-9,5;63,5;100
-9,5;64;100
-9,5;64,5;100
-9,5;65;100
-9,5;65,5;100
-9,5;66;100
-9,5;66,5;88
-9,5;67;100
-9,5;67,5;100
-9,5;68;100
-9,5;68,5;100
-9,5;69;100
-9,5;69,5;84
-9,5;70;92
-9,5;70,5;88
-9,5;71;100
-9,5;71,5;100
-9,5;72;100
-9,5;72,5;100
-9,5;73;100
-9,5;73,5;100
-9,5;74;100
-9,5;74,5;100
-9,5;75;100
-9,5;75,5;96
-9,5;76;60
-9,5;76,5;56
-9,5;77;40
-9;-21,5;52
-9;-21;100
-9;-20,5;100
-9;-20;100
-9;-19,5;100
-9;-19;100
-9;-18,5;100
-9;-18;100
-9;-17,5;100
-9;-17;100
-9;-16,5;100
-9;-16;100
-9;-15,5;100
-9;-15;100
-9;-14,5;100
-9;-14;100
-9;-13,5;100
-9;-13;92
-9;-12,5;100
-9;-12;100
-9;-11,5;100
-9;-11;100
-9;-10,5;100
-9;-10;100
-9;-9,5;100
-9;-9;100
-9;-8,5;100
-9;-8;100
-9;-7,5;100
-9;-7;100
-9;-6,5;100
-9;-6;100
-9;-5,5;100
-9;-5;100
-9;-4,5;100
-9;-4;100
-9;-3,5;100
-9;-3;100
-9;-2,5;100
-9;-2;100
-9;-1,5;100
-9;-1;100
-9;-0,5;100
-9;0;100
-9;0,5;100
-9;1;100
-9;1,5;100
-9;2;100
-9;2,5;100
-9;3;100
-9;3,5;100
-9;4;100
-9;4,5;100
-9;5;100
-9;5,5;100
-9;6;100
-9;6,5;100
-9;7;100
-9;7,5;100
-9;8;100
-9;8,5;100
-9;9;100
-9;9,5;100
-9;10;100
-9;10,5;100
-9;11;100
-9;11,5;100
-9;12;100
-9;12,5;100
-9;13;100
-9;13,5;100
-9;14;100
-9;14,5;100
-9;15;100
-9;15,5;100
-9;16;100
-9;16,5;100
-9;17;100
-9;17,5;100
-9;18;100
-9;18,5;100
-9;19;100
-9;19,5;100
-9;20;100
-9;20,5;100
-9;21;100
-9;21,5;100
-9;22;96
-9;22,5;88
-9;23;88
-9;23,5;100
-9;24;100
-9;24,5;100
-9;25;100
-9;25,5;100
-9;26;100
-9;26,5;100
-9;27;100
-9;27,5;100
-9;28;100
-9;28,5;100
-9;29;100
-9;29,5;100
-9;30;100
-9;30,5;100
-9;31;100
-9;31,5;100
-9;32;100
-9;32,5;100
-9;33;100
-9;33,5;100
-9;34;100
-9;34,5;100
-9;35;100
-9;35,5;100
-9;36;100
-9;36,5;100
-9;37;100
-9;37,5;100
-9;38;100
-9;38,5;100
-9;39;100
-9;39,5;100
-9;40;100
-9;40,5;100
-9;41;100
-9;41,5;100
-9;42;100
-9;42,5;100
-9;43;100
-9;43,5;100
-9;44;100
-9;44,5;100
-9;45;100
-9;45,5;100
-9;46;100
-9;46,5;100
-9;47;100
-9;47,5;100
-9;48;100
-9;48,5;100
-9;49;96
-9;49,5;92
-9;50;100
-9;50,5;100
-9;51;100
-9;51,5;100
-9;52;100
-9;52,5;100
-9;53;100
-9;53,5;100
-9;54;100
-9;54,5;100
-9;55;100
-9;55,5;100
-9;56;100
-9;56,5;100
-9;57;100
-9;57,5;100
-9;58;100
-9;58,5;100
-9;59;100
-9;59,5;100
-9;60;100
-9;60,5;100
-9;61;100
-9;61,5;100
-9;62;96
-9;62,5;100
-9;63;100
-9;63,5;100
-9;64;100
-9;64,5;100
-9;65;100
-9;65,5;100
-9;66;100
-9;66,5;92
-9;67;100
-9;67,5;100
-9;68;100
-9;68,5;96
-9;69;100
-9;69,5;60
-9;70;88
-9;70,5;100
-9;71;100
-9;71,5;96
-9;72;100
-9;72,5;100
-9;73;100
-9;73,5;100
-9;74;100
-9;74,5;100
-9;75;100
-9;75,5;96
-9;76;52
-9;76,5;80
-9;77;68
-8,5;-21,5;80
-8,5;-21;100
-8,5;-20,5;100
-8,5;-20;100
-8,5;-19,5;100
-8,5;-19;100
-8,5;-18,5;100
-8,5;-18;100
-8,5;-17,5;100
-8,5;-17;100
-8,5;-16,5;100
-8,5;-16;100
-8,5;-15,5;100
-8,5;-15;100
-8,5;-14,5;100
-8,5;-14;100
-8,5;-13,5;100
-8,5;-13;100
-8,5;-12,5;100
-8,5;-12;100
-8,5;-11,5;100
-8,5;-11;100
-8,5;-10,5;100
-8,5;-10;100
-8,5;-9,5;100
-8,5;-9;100
-8,5;-8,5;100
-8,5;-8;100
-8,5;-7,5;100
-8,5;-7;100
-8,5;-6,5;100
-8,5;-6;100
-8,5;-5,5;100
-8,5;-5;100
-8,5;-4,5;100
-8,5;-4;100
-8,5;-3,5;100
-8,5;-3;100
-8,5;-2,5;100
-8,5;-2;100
-8,5;-1,5;100
-8,5;-1;100
-8,5;-0,5;100
-8,5;0;100
-8,5;0,5;100
-8,5;1;100
-8,5;1,5;100
-8,5;2;100
-8,5;2,5;100
-8,5;3;100
-8,5;3,5;100
-8,5;4;100
-8,5;4,5;100
-8,5;5;100
-8,5;5,5;100
-8,5;6;100
-8,5;6,5;100
-8,5;7;100
-8,5;7,5;100
-8,5;8;100
-8,5;8,5;100
-8,5;9;100
-8,5;9,5;100
-8,5;10;100
-8,5;10,5;100
-8,5;11;100
-8,5;11,5;100
-8,5;12;100
-8,5;12,5;96
-8,5;13;100
-8,5;13,5;100
-8,5;14;100
-8,5;14,5;100
-8,5;15;100
-8,5;15,5;100
-8,5;16;100
-8,5;16,5;100
-8,5;17;100
-8,5;17,5;100
-8,5;18;100
-8,5;18,5;100
-8,5;19;100
-8,5;19,5;100
-8,5;20;100
-8,5;20,5;100
-8,5;21;100
-8,5;21,5;100
-8,5;22;92
-8,5;22,5;88
-8,5;23;100
-8,5;23,5;100
-8,5;24;100
-8,5;24,5;100
-8,5;25;100
-8,5;25,5;100
-8,5;26;100
-8,5;26,5;100
-8,5;27;100
-8,5;27,5;100
-8,5;28;100
-8,5;28,5;100
-8,5;29;100
-8,5;29,5;100
-8,5;30;100
-8,5;30,5;100
-8,5;31;100
-8,5;31,5;100
-8,5;32;100
-8,5;32,5;100
-8,5;33;100
-8,5;33,5;100
-8,5;34;100
-8,5;34,5;100
-8,5;35;100
-8,5;35,5;100
-8,5;36;100
-8,5;36,5;100
-8,5;37;100
-8,5;37,5;100
-8,5;38;100
-8,5;38,5;100
-8,5;39;100
-8,5;39,5;100
-8,5;40;100
-8,5;40,5;100
-8,5;41;100
-8,5;41,5;100
-8,5;42;100
-8,5;42,5;100
-8,5;43;100
-8,5;43,5;100
-8,5;44;100
-8,5;44,5;100
-8,5;45;100
-8,5;45,5;100
-8,5;46;100
-8,5;46,5;100
-8,5;47;100
-8,5;47,5;100
-8,5;48;100
-8,5;48,5;100
-8,5;49;100
-8,5;49,5;100
-8,5;50;100
-8,5;50,5;100
-8,5;51;100
-8,5;51,5;100
-8,5;52;100
-8,5;52,5;100
-8,5;53;100
-8,5;53,5;100
-8,5;54;100
-8,5;54,5;100
-8,5;55;100
-8,5;55,5;100
-8,5;56;100
-8,5;56,5;100
-8,5;57;100
-8,5;57,5;100
-8,5;58;100
-8,5;58,5;100
-8,5;59;100
-8,5;59,5;100
-8,5;60;100
-8,5;60,5;100
-8,5;61;100
-8,5;61,5;100
-8,5;62;100
-8,5;62,5;100
-8,5;63;100
-8,5;63,5;100
-8,5;64;100
-8,5;64,5;100
-8,5;65;100
-8,5;65,5;100
-8,5;66;100
-8,5;66,5;100
-8,5;67;100
-8,5;67,5;100
-8,5;68;92
-8,5;68,5;96
-8,5;69;100
-8,5;69,5;100
-8,5;70;100
-8,5;70,5;100
-8,5;71;84
-8,5;71,5;100
-8,5;72;100
-8,5;72,5;96
-8,5;73;84
-8,5;73,5;96
-8,5;74;100
-8,5;74,5;100
-8,5;75;96
-8,5;75,5;72
-8,5;76;60
-8,5;76,5;80
-8,5;77;88
-8,5;77,5;4
-8;-22;8
-8;-21,5;100
-8;-21;100
-8;-20,5;100
-8;-20;100
-8;-19,5;100
-8;-19;100
-8;-18,5;100
-8;-18;100
-8;-17,5;100
-8;-17;100
-8;-16,5;100
-8;-16;100
-8;-15,5;100
-8;-15;100
-8;-14,5;100
-8;-14;100
-8;-13,5;100
-8;-13;44
-8;-12,5;84
-8;-12;100
-8;-11,5;100
-8;-11;100
-8;-10,5;100
-8;-10;100
-8;-9,5;100
-8;-9;100
-8;-8,5;100
-8;-8;100
-8;-7,5;100
-8;-7;100
-8;-6,5;100
-8;-6;100
-8;-5,5;100
-8;-5;100
-8;-4,5;100
-8;-4;100
-8;-3,5;100
-8;-3;100
-8;-2,5;100
-8;-2;100
-8;-1,5;100
-8;-1;100
-8;-0,5;100
-8;0;76
-8;0,5;76
-8;1;100
-8;1,5;100
-8;2;100
-8;2,5;100
-8;3;100
-8;3,5;100
-8;4;100
-8;4,5;100
-8;5;100
-8;5,5;100
-8;6;100
-8;6,5;100
-8;7;100
-8;7,5;100
-8;8;100
-8;8,5;100
-8;9;100
-8;9,5;100
-8;10;100
-8;10,5;100
-8;11;100
-8;11,5;100
-8;12;100
-8;12,5;84
-8;13;100
-8;13,5;100
-8;14;100
-8;14,5;100
-8;15;100
-8;15,5;100
-8;16;100
-8;16,5;100
-8;17;100
-8;17,5;100
-8;18;100
-8;18,5;100
-8;19;100
-8;19,5;100
-8;20;96
-8;20,5;100
-8;21;100
-8;21,5;100
-8;22;100
-8;22,5;100
-8;23;100
-8;23,5;100
-8;24;100
-8;24,5;96
-8;25;96
-8;25,5;100
-8;26;100
-8;26,5;100
-8;27;100
-8;27,5;100
-8;28;100
-8;28,5;100
-8;29;100
-8;29,5;100
-8;30;100
-8;30,5;100
-8;31;100
-8;31,5;100
-8;32;100
-8;32,5;100
-8;33;100
-8;33,5;100
-8;34;100
-8;34,5;100
-8;35;100
-8;35,5;100
-8;36;100
-8;36,5;100
-8;37;100
-8;37,5;100
-8;38;100
-8;38,5;100
-8;39;100
-8;39,5;100
-8;40;100
-8;40,5;100
-8;41;100
-8;41,5;100
-8;42;100
-8;42,5;100
-8;43;100
-8;43,5;100
-8;44;100
-8;44,5;100
-8;45;100
-8;45,5;100
-8;46;100
-8;46,5;100
-8;47;100
-8;47,5;100
-8;48;100
-8;48,5;100
-8;49;100
-8;49,5;100
-8;50;100
-8;50,5;100
-8;51;100
-8;51,5;100
-8;52;100
-8;52,5;100
-8;53;100
-8;53,5;100
-8;54;100
-8;54,5;100
-8;55;100
-8;55,5;100
-8;56;100
-8;56,5;100
-8;57;100
-8;57,5;100
-8;58;100
-8;58,5;100
-8;59;100
-8;59,5;100
-8;60;100
-8;60,5;100
-8;61;100
-8;61,5;100
-8;62;100
-8;62,5;100
-8;63;100
-8;63,5;100
-8;64;100
-8;64,5;100
-8;65;100
-8;65,5;100
-8;66;100
-8;66,5;100
-8;67;100
-8;67,5;100
-8;68;92
-8;68,5;100
-8;69;100
-8;69,5;100
-8;70;100
-8;70,5;100
-8;71;88
-8;71,5;100
-8;72;100
-8;72,5;100
-8;73;96
-8;73,5;100
-8;74;96
-8;74,5;100
-8;75;8
-8;75,5;4
-8;76;36
-8;76,5;80
-8;77;100
-8;77,5;24
-7,5;-22;40
-7,5;-21,5;100
-7,5;-21;100
-7,5;-20,5;100
-7,5;-20;100
-7,5;-19,5;100
-7,5;-19;100
-7,5;-18,5;100
-7,5;-18;100
-7,5;-17,5;100
-7,5;-17;100
-7,5;-16,5;100
-7,5;-16;100
-7,5;-15,5;100
-7,5;-15;100
-7,5;-14,5;100
-7,5;-14;100
-7,5;-13,5;28
-7,5;-13;32
-7,5;-12,5;88
-7,5;-12;100
-7,5;-11,5;100
-7,5;-11;100
-7,5;-10,5;100
-7,5;-10;100
-7,5;-9,5;100
-7,5;-9;100
-7,5;-8,5;100
-7,5;-8;100
-7,5;-7,5;100
-7,5;-7;100
-7,5;-6,5;100
-7,5;-6;100
-7,5;-5,5;100
-7,5;-5;100
-7,5;-4,5;100
-7,5;-4;100
-7,5;-3,5;100
-7,5;-3;100
-7,5;-2,5;100
-7,5;-2;100
-7,5;-1,5;100
-7,5;-1;96
-7,5;-0,5;100
-7,5;0;76
-7,5;0,5;92
-7,5;1;100
-7,5;1,5;100
-7,5;2;100
-7,5;2,5;100
-7,5;3;100
-7,5;3,5;100
-7,5;4;100
-7,5;4,5;100
-7,5;5;100
-7,5;5,5;100
-7,5;6;100
-7,5;6,5;100
-7,5;7;100
-7,5;7,5;100
-7,5;8;100
-7,5;8,5;100
-7,5;9;100
-7,5;9,5;100
-7,5;10;100
-7,5;10,5;100
-7,5;11;100
-7,5;11,5;100
-7,5;12;100
-7,5;12,5;100
-7,5;13;100
-7,5;13,5;100
-7,5;14;100
-7,5;14,5;100
-7,5;15;100
-7,5;15,5;100
-7,5;16;100
-7,5;16,5;100
-7,5;17;100
-7,5;17,5;100
-7,5;18;100
-7,5;18,5;100
-7,5;19;100
-7,5;19,5;100
-7,5;20;100
-7,5;20,5;100
-7,5;21;100
-7,5;21,5;100
-7,5;22;100
-7,5;22,5;96
-7,5;23;100
-7,5;23,5;96
-7,5;24;100
-7,5;24,5;96
-7,5;25;100
-7,5;25,5;100
-7,5;26;100
-7,5;26,5;100
-7,5;27;100
-7,5;27,5;100
-7,5;28;100
-7,5;28,5;100
-7,5;29;100
-7,5;29,5;100
-7,5;30;100
-7,5;30,5;100
-7,5;31;100
-7,5;31,5;100
-7,5;32;96
-7,5;32,5;96
-7,5;33;100
-7,5;33,5;100
-7,5;34;100
-7,5;34,5;100
-7,5;35;100
-7,5;35,5;100
-7,5;36;100
-7,5;36,5;100
-7,5;37;100
-7,5;37,5;96
-7,5;38;100
-7,5;38,5;100
-7,5;39;100
-7,5;39,5;100
-7,5;40;100
-7,5;40,5;100
-7,5;41;100
-7,5;41,5;100
-7,5;42;100
-7,5;42,5;100
-7,5;43;100
-7,5;43,5;100
-7,5;44;100
-7,5;44,5;100
-7,5;45;100
-7,5;45,5;100
-7,5;46;100
-7,5;46,5;100
-7,5;47;100
-7,5;47,5;100
-7,5;48;100
-7,5;48,5;100
-7,5;49;100
-7,5;49,5;100
-7,5;50;100
-7,5;50,5;100
-7,5;51;100
-7,5;51,5;100
-7,5;52;100
-7,5;52,5;100
-7,5;53;100
-7,5;53,5;100
-7,5;54;100
-7,5;54,5;100
-7,5;55;100
-7,5;55,5;100
-7,5;56;100
-7,5;56,5;100
-7,5;57;100
-7,5;57,5;100
-7,5;58;100
-7,5;58,5;100
-7,5;59;100
-7,5;59,5;100
-7,5;60;100
-7,5;60,5;100
-7,5;61;100
-7,5;61,5;100
-7,5;62;100
-7,5;62,5;100
-7,5;63;100
-7,5;63,5;100
-7,5;64;100
-7,5;64,5;100
-7,5;65;100
-7,5;65,5;100
-7,5;66;100
-7,5;66,5;100
-7,5;67;100
-7,5;67,5;100
-7,5;68;96
-7,5;68,5;96
-7,5;69;100
-7,5;69,5;100
-7,5;70;100
-7,5;70,5;100
-7,5;71;100
-7,5;71,5;100
-7,5;72;100
-7,5;72,5;100
-7,5;73;96
-7,5;73,5;60
-7,5;74;84
-7,5;74,5;64
-7,5;75;16
-7,5;75,5;68
-7,5;76;52
-7,5;76,5;96
-7,5;77;100
-7,5;77,5;44
-7;-22;68
-7;-21,5;100
-7;-21;100
-7;-20,5;100
-7;-20;100
-7;-19,5;100
-7;-19;100
-7;-18,5;100
-7;-18;100
-7;-17,5;100
-7;-17;100
-7;-16,5;100
-7;-16;100
-7;-15,5;100
-7;-15;100
-7;-14,5;100
-7;-14;84
-7;-13,5;8
-7;-13;28
-7;-12,5;100
-7;-12;100
-7;-11,5;100
-7;-11;100
-7;-10,5;100
-7;-10;100
-7;-9,5;100
-7;-9;100
-7;-8,5;100
-7;-8;100
-7;-7,5;100
-7;-7;100
-7;-6,5;100
-7;-6;100
-7;-5,5;100
-7;-5;100
-7;-4,5;100
-7;-4;100
-7;-3,5;100
-7;-3;100
-7;-2,5;100
-7;-2;100
-7;-1,5;100
-7;-1;100
-7;-0,5;100
-7;0;100
-7;0,5;100
-7;1;100
-7;1,5;100
-7;2;100
-7;2,5;100
-7;3;100
-7;3,5;100
-7;4;100
-7;4,5;100
-7;5;100
-7;5,5;100
-7;6;100
-7;6,5;100
-7;7;100
-7;7,5;100
-7;8;100
-7;8,5;100
-7;9;100
-7;9,5;100
-7;10;100
-7;10,5;100
-7;11;100
-7;11,5;100
-7;12;100
-7;12,5;100
-7;13;100
-7;13,5;100
-7;14;100
-7;14,5;100
-7;15;100
-7;15,5;100
-7;16;100
-7;16,5;100
-7;17;100
-7;17,5;100
-7;18;100
-7;18,5;100
-7;19;100
-7;19,5;100
-7;20;100
-7;20,5;100
-7;21;100
-7;21,5;100
-7;22;100
-7;22,5;100
-7;23;100
-7;23,5;100
-7;24;100
-7;24,5;100
-7;25;96
-7;25,5;100
-7;26;100
-7;26,5;100
-7;27;100
-7;27,5;100
-7;28;100
-7;28,5;100
-7;29;100
-7;29,5;100
-7;30;100
-7;30,5;100
-7;31;100
-7;31,5;96
-7;32;100
-7;32,5;100
-7;33;100
-7;33,5;100
-7;34;100
-7;34,5;100
-7;35;100
-7;35,5;100
-7;36;100
-7;36,5;96
-7;37;92
-7;37,5;80
-7;38;100
-7;38,5;100
-7;39;100
-7;39,5;100
-7;40;100
-7;40,5;100
-7;41;100
-7;41,5;100
-7;42;100
-7;42,5;100
-7;43;100
-7;43,5;100
-7;44;100
-7;44,5;100
-7;45;100
-7;45,5;100
-7;46;100
-7;46,5;100
-7;47;96
-7;47,5;88
-7;48;100
-7;48,5;100
-7;49;100
-7;49,5;100
-7;50;100
-7;50,5;100
-7;51;100
-7;51,5;100
-7;52;100
-7;52,5;100
-7;53;100
-7;53,5;100
-7;54;100
-7;54,5;100
-7;55;100
-7;55,5;100
-7;56;100
-7;56,5;100
-7;57;100
-7;57,5;80
-7;58;100
-7;58,5;100
-7;59;100
-7;59,5;100
-7;60;100
-7;60,5;100
-7;61;100
-7;61,5;100
-7;62;100
-7;62,5;100
-7;63;100
-7;63,5;100
-7;64;100
-7;64,5;100
-7;65;100
-7;65,5;100
-7;66;100
-7;66,5;100
-7;67;100
-7;67,5;100
-7;68;100
-7;68,5;100
-7;69;100
-7;69,5;100
-7;70;100
-7;70,5;100
-7;71;100
-7;71,5;100
-7;72;100
-7;72,5;100
-7;73;92
-7;73,5;16
-7;74;32
-7;74,5;20
-7;75;0
-7;75,5;24
-7;76;52
-7;76,5;88
-7;77;100
-7;77,5;72
-6,5;-22;88
-6,5;-21,5;100
-6,5;-21;100
-6,5;-20,5;100
-6,5;-20;100
-6,5;-19,5;100
-6,5;-19;100
-6,5;-18,5;100
-6,5;-18;100
-6,5;-17,5;100
-6,5;-17;100
-6,5;-16,5;100
-6,5;-16;100
-6,5;-15,5;100
-6,5;-15;100
-6,5;-14,5;100
-6,5;-14;60
-6,5;-13,5;56
-6,5;-13;88
-6,5;-12,5;100
-6,5;-12;100
-6,5;-11,5;100
-6,5;-11;100
-6,5;-10,5;100
-6,5;-10;100
-6,5;-9,5;100
-6,5;-9;100
-6,5;-8,5;100
-6,5;-8;100
-6,5;-7,5;100
-6,5;-7;100
-6,5;-6,5;100
-6,5;-6;100
-6,5;-5,5;100
-6,5;-5;100
-6,5;-4,5;100
-6,5;-4;100
-6,5;-3,5;100
-6,5;-3;96
-6,5;-2,5;100
-6,5;-2;100
-6,5;-1,5;100
-6,5;-1;100
-6,5;-0,5;100
-6,5;0;100
-6,5;0,5;100
-6,5;1;100
-6,5;1,5;100
-6,5;2;100
-6,5;2,5;100
-6,5;3;100
-6,5;3,5;100
-6,5;4;100
-6,5;4,5;100
-6,5;5;100
-6,5;5,5;100
-6,5;6;100
-6,5;6,5;100
-6,5;7;100
-6,5;7,5;100
-6,5;8;100
-6,5;8,5;100
-6,5;9;100
-6,5;9,5;100
-6,5;10;100
-6,5;10,5;100
-6,5;11;100
-6,5;11,5;100
-6,5;12;100
-6,5;12,5;100
-6,5;13;100
-6,5;13,5;100
-6,5;14;100
-6,5;14,5;100
-6,5;15;100
-6,5;15,5;100
-6,5;16;100
-6,5;16,5;100
-6,5;17;100
-6,5;17,5;100
-6,5;18;100
-6,5;18,5;100
-6,5;19;100
-6,5;19,5;100
-6,5;20;100
-6,5;20,5;100
-6,5;21;100
-6,5;21,5;100
-6,5;22;100
-6,5;22,5;84
-6,5;23;100
-6,5;23,5;100
-6,5;24;100
-6,5;24,5;100
-6,5;25;100
-6,5;25,5;100
-6,5;26;100
-6,5;26,5;100
-6,5;27;100
-6,5;27,5;100
-6,5;28;100
-6,5;28,5;100
-6,5;29;100
-6,5;29,5;100
-6,5;30;100
-6,5;30,5;100
-6,5;31;100
-6,5;31,5;100
-6,5;32;92
-6,5;32,5;100
-6,5;33;100
-6,5;33,5;100
-6,5;34;100
-6,5;34,5;100
-6,5;35;100
-6,5;35,5;100
-6,5;36;100
-6,5;36,5;100
-6,5;37;100
-6,5;37,5;100
-6,5;38;100
-6,5;38,5;100
-6,5;39;100
-6,5;39,5;100
-6,5;40;100
-6,5;40,5;100
-6,5;41;100
-6,5;41,5;100
-6,5;42;100
-6,5;42,5;100
-6,5;43;100
-6,5;43,5;100
-6,5;44;100
-6,5;44,5;100
-6,5;45;100
-6,5;45,5;100
-6,5;46;100
-6,5;46,5;100
-6,5;47;100
-6,5;47,5;100
-6,5;48;100
-6,5;48,5;100
-6,5;49;100
-6,5;49,5;100
-6,5;50;100
-6,5;50,5;100
-6,5;51;100
-6,5;51,5;100
-6,5;52;100
-6,5;52,5;100
-6,5;53;100
-6,5;53,5;96
-6,5;54;100
-6,5;54,5;100
-6,5;55;100
-6,5;55,5;100
-6,5;56;100
-6,5;56,5;100
-6,5;57;100
-6,5;57,5;96
-6,5;58;100
-6,5;58,5;100
-6,5;59;100
-6,5;59,5;100
-6,5;60;100
-6,5;60,5;100
-6,5;61;100
-6,5;61,5;100
-6,5;62;100
-6,5;62,5;100
-6,5;63;100
-6,5;63,5;100
-6,5;64;100
-6,5;64,5;100
-6,5;65;100
-6,5;65,5;100
-6,5;66;100
-6,5;66,5;100
-6,5;67;100
-6,5;67,5;100
-6,5;68;100
-6,5;68,5;100
-6,5;69;100
-6,5;69,5;100
-6,5;70;100
-6,5;70,5;100
-6,5;71;100
-6,5;71,5;100
-6,5;72;100
-6,5;72,5;100
-6,5;73;100
-6,5;73,5;64
-6,5;74;20
-6,5;74,5;12
-6,5;75;24
-6,5;75,5;56
-6,5;76;52
-6,5;76,5;80
-6,5;77;100
-6,5;77,5;68
-6;-22,5;4
-6;-22;100
-6;-21,5;100
-6;-21;100
-6;-20,5;100
-6;-20;100
-6;-19,5;100
-6;-19;100
-6;-18,5;100
-6;-18;100
-6;-17,5;100
-6;-17;100
-6;-16,5;100
-6;-16;100
-6;-15,5;100
-6;-15;100
-6;-14,5;100
-6;-14;88
-6;-13,5;76
-6;-13;100
-6;-12,5;100
-6;-12;100
-6;-11,5;100
-6;-11;100
-6;-10,5;100
-6;-10;100
-6;-9,5;100
-6;-9;100
-6;-8,5;100
-6;-8;100
-6;-7,5;100
-6;-7;100
-6;-6,5;100
-6;-6;100
-6;-5,5;100
-6;-5;100
-6;-4,5;100
-6;-4;100
-6;-3,5;100
-6;-3;100
-6;-2,5;100
-6;-2;100
-6;-1,5;100
-6;-1;100
-6;-0,5;100
-6;0;100
-6;0,5;100
-6;1;100
-6;1,5;100
-6;2;100
-6;2,5;100
-6;3;100
-6;3,5;100
-6;4;100
-6;4,5;100
-6;5;100
-6;5,5;100
-6;6;100
-6;6,5;100
-6;7;96
-6;7,5;100
-6;8;100
-6;8,5;100
-6;9;100
-6;9,5;100
-6;10;100
-6;10,5;100
-6;11;100
-6;11,5;100
-6;12;100
-6;12,5;100
-6;13;100
-6;13,5;100
-6;14;100
-6;14,5;100
-6;15;100
-6;15,5;100
-6;16;100
-6;16,5;100
-6;17;100
-6;17,5;100
-6;18;100
-6;18,5;100
-6;19;100
-6;19,5;100
-6;20;100
-6;20,5;100
-6;21;100
-6;21,5;100
-6;22;100
-6;22,5;96
-6;23;100
-6;23,5;100
-6;24;100
-6;24,5;100
-6;25;100
-6;25,5;100
-6;26;100
-6;26,5;100
-6;27;100
-6;27,5;100
-6;28;100
-6;28,5;100
-6;29;100
-6;29,5;100
-6;30;100
-6;30,5;100
-6;31;100
-6;31,5;100
-6;32;100
-6;32,5;100
-6;33;100
-6;33,5;100
-6;34;100
-6;34,5;100
-6;35;100
-6;35,5;100
-6;36;100
-6;36,5;100
-6;37;100
-6;37,5;100
-6;38;100
-6;38,5;100
-6;39;96
-6;39,5;96
-6;40;100
-6;40,5;100
-6;41;100
-6;41,5;100
-6;42;100
-6;42,5;100
-6;43;100
-6;43,5;100
-6;44;100
-6;44,5;100
-6;45;100
-6;45,5;100
-6;46;100
-6;46,5;100
-6;47;100
-6;47,5;100
-6;48;100
-6;48,5;100
-6;49;100
-6;49,5;100
-6;50;100
-6;50,5;100
-6;51;100
-6;51,5;100
-6;52;100
-6;52,5;100
-6;53;100
-6;53,5;100
-6;54;92
-6;54,5;100
-6;55;100
-6;55,5;100
-6;56;100
-6;56,5;100
-6;57;100
-6;57,5;100
-6;58;100
-6;58,5;100
-6;59;100
-6;59,5;100
-6;60;100
-6;60,5;100
-6;61;100
-6;61,5;100
-6;62;96
-6;62,5;92
-6;63;100
-6;63,5;100
-6;64;100
-6;64,5;100
-6;65;100
-6;65,5;100
-6;66;100
-6;66,5;100
-6;67;100
-6;67,5;100
-6;68;100
-6;68,5;100
-6;69;100
-6;69,5;100
-6;70;100
-6;70,5;100
-6;71;100
-6;71,5;100
-6;72;100
-6;72,5;100
-6;73;100
-6;73,5;100
-6;74;64
-6;74,5;0
-6;75;20
-6;75,5;44
-6;76;20
-6;76,5;44
-6;77;96
-6;77,5;92
-6;78;8
-5,5;-22,5;24
-5,5;-22;100
-5,5;-21,5;100
-5,5;-21;100
-5,5;-20,5;100
-5,5;-20;100
-5,5;-19,5;100
-5,5;-19;100
-5,5;-18,5;100
-5,5;-18;100
-5,5;-17,5;100
-5,5;-17;100
-5,5;-16,5;100
-5,5;-16;100
-5,5;-15,5;100
-5,5;-15;100
-5,5;-14,5;100
-5,5;-14;92
-5,5;-13,5;36
-5,5;-13;100
-5,5;-12,5;100
-5,5;-12;92
-5,5;-11,5;100
-5,5;-11;100
-5,5;-10,5;100
-5,5;-10;100
-5,5;-9,5;100
-5,5;-9;100
-5,5;-8,5;100
-5,5;-8;100
-5,5;-7,5;100
-5,5;-7;100
-5,5;-6,5;100
-5,5;-6;100
-5,5;-5,5;96
-5,5;-5;100
-5,5;-4,5;100
-5,5;-4;100
-5,5;-3,5;100
-5,5;-3;100
-5,5;-2,5;100
-5,5;-2;100
-5,5;-1,5;100
-5,5;-1;100
-5,5;-0,5;100
-5,5;0;100
-5,5;0,5;100
-5,5;1;100
-5,5;1,5;100
-5,5;2;100
-5,5;2,5;100
-5,5;3;100
-5,5;3,5;100
-5,5;4;100
-5,5;4,5;100
-5,5;5;100
-5,5;5,5;100
-5,5;6;100
-5,5;6,5;100
-5,5;7;88
-5,5;7,5;100
-5,5;8;100
-5,5;8,5;100
-5,5;9;100
-5,5;9,5;100
-5,5;10;100
-5,5;10,5;100
-5,5;11;100
-5,5;11,5;96
-5,5;12;100
-5,5;12,5;100
-5,5;13;100
-5,5;13,5;100
-5,5;14;100
-5,5;14,5;100
-5,5;15;100
-5,5;15,5;100
-5,5;16;100
-5,5;16,5;100
-5,5;17;100
-5,5;17,5;100
-5,5;18;100
-5,5;18,5;100
-5,5;19;100
-5,5;19,5;100
-5,5;20;100
-5,5;20,5;100
-5,5;21;100
-5,5;21,5;100
-5,5;22;100
-5,5;22,5;100
-5,5;23;100
-5,5;23,5;100
-5,5;24;100
-5,5;24,5;100
-5,5;25;100
-5,5;25,5;100
-5,5;26;100
-5,5;26,5;100
-5,5;27;100
-5,5;27,5;100
-5,5;28;100
-5,5;28,5;100
-5,5;29;100
-5,5;29,5;100
-5,5;30;100
-5,5;30,5;100
-5,5;31;100
-5,5;31,5;100
-5,5;32;100
-5,5;32,5;100
-5,5;33;100
-5,5;33,5;100
-5,5;34;100
-5,5;34,5;100
-5,5;35;100
-5,5;35,5;100
-5,5;36;100
-5,5;36,5;100
-5,5;37;88
-5,5;37,5;100
-5,5;38;100
-5,5;38,5;100
-5,5;39;100
-5,5;39,5;100
-5,5;40;76
-5,5;40,5;100
-5,5;41;100
-5,5;41,5;100
-5,5;42;100
-5,5;42,5;100
-5,5;43;100
-5,5;43,5;100
-5,5;44;100
-5,5;44,5;100
-5,5;45;100
-5,5;45,5;100
-5,5;46;100
-5,5;46,5;100
-5,5;47;100
-5,5;47,5;100
-5,5;48;100
-5,5;48,5;100
-5,5;49;100
-5,5;49,5;100
-5,5;50;100
-5,5;50,5;100
-5,5;51;100
-5,5;51,5;100
-5,5;52;96
-5,5;52,5;100
-5,5;53;92
-5,5;53,5;100
-5,5;54;100
-5,5;54,5;100
-5,5;55;100
-5,5;55,5;100
-5,5;56;100
-5,5;56,5;100
-5,5;57;100
-5,5;57,5;100
-5,5;58;100
-5,5;58,5;100
-5,5;59;100
-5,5;59,5;100
-5,5;60;100
-5,5;60,5;96
-5,5;61;96
-5,5;61,5;96
-5,5;62;100
-5,5;62,5;100
-5,5;63;100
-5,5;63,5;100
-5,5;64;100
-5,5;64,5;100
-5,5;65;100
-5,5;65,5;100
-5,5;66;100
-5,5;66,5;100
-5,5;67;100
-5,5;67,5;100
-5,5;68;100
-5,5;68,5;100
-5,5;69;100
-5,5;69,5;100
-5,5;70;100
-5,5;70,5;100
-5,5;71;100
-5,5;71,5;100
-5,5;72;100
-5,5;72,5;100
-5,5;73;100
-5,5;73,5;100
-5,5;74;76
-5,5;74,5;72
-5,5;75;8
-5,5;75,5;4
-5,5;76;20
-5,5;76,5;52
-5,5;77;72
-5,5;77,5;88
-5,5;78;20
-5;-22,5;20
-5;-22;96
-5;-21,5;100
-5;-21;100
-5;-20,5;96
-5;-20;96
-5;-19,5;100
-5;-19;100
-5;-18,5;100
-5;-18;100
-5;-17,5;100
-5;-17;100
-5;-16,5;100
-5;-16;100
-5;-15,5;100
-5;-15;100
-5;-14,5;100
-5;-14;100
-5;-13,5;96
-5;-13;100
-5;-12,5;100
-5;-12;100
-5;-11,5;100
-5;-11;100
-5;-10,5;100
-5;-10;100
-5;-9,5;100
-5;-9;100
-5;-8,5;100
-5;-8;100
-5;-7,5;100
-5;-7;100
-5;-6,5;100
-5;-6;100
-5;-5,5;100
-5;-5;100
-5;-4,5;100
-5;-4;100
-5;-3,5;100
-5;-3;100
-5;-2,5;100
-5;-2;100
-5;-1,5;100
-5;-1;100
-5;-0,5;100
-5;0;100
-5;0,5;100
-5;1;100
-5;1,5;100
-5;2;100
-5;2,5;100
-5;3;100
-5;3,5;100
-5;4;100
-5;4,5;100
-5;5;96
-5;5,5;92
-5;6;68
-5;6,5;64
-5;7;96
-5;7,5;100
-5;8;100
-5;8,5;100
-5;9;100
-5;9,5;100
-5;10;100
-5;10,5;100
-5;11;100
-5;11,5;100
-5;12;100
-5;12,5;100
-5;13;100
-5;13,5;100
-5;14;100
-5;14,5;100
-5;15;100
-5;15,5;100
-5;16;100
-5;16,5;100
-5;17;100
-5;17,5;100
-5;18;100
-5;18,5;100
-5;19;100
-5;19,5;100
-5;20;100
-5;20,5;100
-5;21;100
-5;21,5;100
-5;22;100
-5;22,5;100
-5;23;100
-5;23,5;100
-5;24;100
-5;24,5;100
-5;25;100
-5;25,5;100
-5;26;100
-5;26,5;100
-5;27;100
-5;27,5;100
-5;28;100
-5;28,5;100
-5;29;100
-5;29,5;100
-5;30;100
-5;30,5;100
-5;31;100
-5;31,5;100
-5;32;100
-5;32,5;100
-5;33;100
-5;33,5;100
-5;34;100
-5;34,5;100
-5;35;100
-5;35,5;100
-5;36;100
-5;36,5;100
-5;37;88
-5;37,5;100
-5;38;100
-5;38,5;100
-5;39;100
-5;39,5;96
-5;40;80
-5;40,5;100
-5;41;100
-5;41,5;100
-5;42;100
-5;42,5;100
-5;43;100
-5;43,5;100
-5;44;100
-5;44,5;100
-5;45;100
-5;45,5;100
-5;46;100
-5;46,5;100
-5;47;100
-5;47,5;100
-5;48;100
-5;48,5;100
-5;49;100
-5;49,5;100
-5;50;100
-5;50,5;100
-5;51;100
-5;51,5;100
-5;52;96
-5;52,5;100
-5;53;96
-5;53,5;100
-5;54;92
-5;54,5;100
-5;55;100
-5;55,5;100
-5;56;100
-5;56,5;96
-5;57;100
-5;57,5;100
-5;58;100
-5;58,5;100
-5;59;100
-5;59,5;100
-5;60;100
-5;60,5;100
-5;61;100
-5;61,5;100
-5;62;100
-5;62,5;100
-5;63;88
-5;63,5;84
-5;64;100
-5;64,5;100
-5;65;100
-5;65,5;100
-5;66;100
-5;66,5;100
-5;67;100
-5;67,5;100
-5;68;92
-5;68,5;100
-5;69;100
-5;69,5;100
-5;70;100
-5;70,5;100
-5;71;100
-5;71,5;100
-5;72;100
-5;72,5;100
-5;73;96
-5;73,5;92
-5;74;96
-5;74,5;96
-5;75;84
-5;75,5;80
-5;76;60
-5;76,5;32
-5;77;56
-5;77,5;80
-5;78;28
-4,5;-22,5;60
-4,5;-22;100
-4,5;-21,5;100
-4,5;-21;100
-4,5;-20,5;100
-4,5;-20;100
-4,5;-19,5;100
-4,5;-19;96
-4,5;-18,5;100
-4,5;-18;100
-4,5;-17,5;100
-4,5;-17;100
-4,5;-16,5;100
-4,5;-16;100
-4,5;-15,5;100
-4,5;-15;100
-4,5;-14,5;100
-4,5;-14;100
-4,5;-13,5;100
-4,5;-13;100
-4,5;-12,5;100
-4,5;-12;100
-4,5;-11,5;100
-4,5;-11;100
-4,5;-10,5;100
-4,5;-10;100
-4,5;-9,5;100
-4,5;-9;100
-4,5;-8,5;100
-4,5;-8;100
-4,5;-7,5;100
-4,5;-7;100
-4,5;-6,5;100
-4,5;-6;100
-4,5;-5,5;100
-4,5;-5;100
-4,5;-4,5;100
-4,5;-4;100
-4,5;-3,5;100
-4,5;-3;100
-4,5;-2,5;100
-4,5;-2;100
-4,5;-1,5;100
-4,5;-1;100
-4,5;-0,5;100
-4,5;0;100
-4,5;0,5;100
-4,5;1;100
-4,5;1,5;100
-4,5;2;100
-4,5;2,5;100
-4,5;3;100
-4,5;3,5;100
-4,5;4;100
-4,5;4,5;56
-4,5;5;0
-4,5;5,5;0
-4,5;6;0
-4,5;6,5;0
-4,5;7;20
-4,5;7,5;96
-4,5;8;100
-4,5;8,5;100
-4,5;9;100
-4,5;9,5;100
-4,5;10;100
-4,5;10,5;100
-4,5;11;100
-4,5;11,5;100
-4,5;12;100
-4,5;12,5;100
-4,5;13;100
-4,5;13,5;100
-4,5;14;100
-4,5;14,5;100
-4,5;15;100
-4,5;15,5;100
-4,5;16;100
-4,5;16,5;100
-4,5;17;100
-4,5;17,5;100
-4,5;18;100
-4,5;18,5;100
-4,5;19;100
-4,5;19,5;100
-4,5;20;100
-4,5;20,5;100
-4,5;21;100
-4,5;21,5;100
-4,5;22;100
-4,5;22,5;100
-4,5;23;100
-4,5;23,5;100
-4,5;24;100
-4,5;24,5;100
-4,5;25;100
-4,5;25,5;100
-4,5;26;100
-4,5;26,5;100
-4,5;27;100
-4,5;27,5;100
-4,5;28;100
-4,5;28,5;100
-4,5;29;100
-4,5;29,5;100
-4,5;30;100
-4,5;30,5;100
-4,5;31;100
-4,5;31,5;100
-4,5;32;100
-4,5;32,5;100
-4,5;33;100
-4,5;33,5;100
-4,5;34;100
-4,5;34,5;100
-4,5;35;100
-4,5;35,5;100
-4,5;36;100
-4,5;36,5;100
-4,5;37;100
-4,5;37,5;100
-4,5;38;100
-4,5;38,5;100
-4,5;39;100
-4,5;39,5;100
-4,5;40;100
-4,5;40,5;100
-4,5;41;100
-4,5;41,5;100
-4,5;42;100
-4,5;42,5;100
-4,5;43;100
-4,5;43,5;100
-4,5;44;100
-4,5;44,5;100
-4,5;45;100
-4,5;45,5;100
-4,5;46;100
-4,5;46,5;100
-4,5;47;100
-4,5;47,5;100
-4,5;48;100
-4,5;48,5;100
-4,5;49;100
-4,5;49,5;100
-4,5;50;100
-4,5;50,5;100
-4,5;51;100
-4,5;51,5;100
-4,5;52;100
-4,5;52,5;100
-4,5;53;100
-4,5;53,5;100
-4,5;54;100
-4,5;54,5;100
-4,5;55;100
-4,5;55,5;100
-4,5;56;100
-4,5;56,5;100
-4,5;57;100
-4,5;57,5;100
-4,5;58;100
-4,5;58,5;100
-4,5;59;100
-4,5;59,5;100
-4,5;60;100
-4,5;60,5;100
-4,5;61;100
-4,5;61,5;96
-4,5;62;88
-4,5;62,5;100
-4,5;63;80
-4,5;63,5;80
-4,5;64;100
-4,5;64,5;100
-4,5;65;100
-4,5;65,5;100
-4,5;66;100
-4,5;66,5;100
-4,5;67;100
-4,5;67,5;100
-4,5;68;100
-4,5;68,5;96
-4,5;69;100
-4,5;69,5;100
-4,5;70;100
-4,5;70,5;100
-4,5;71;100
-4,5;71,5;100
-4,5;72;100
-4,5;72,5;100
-4,5;73;100
-4,5;73,5;96
-4,5;74;100
-4,5;74,5;100
-4,5;75;100
-4,5;75,5;100
-4,5;76;88
-4,5;76,5;16
-4,5;77;60
-4,5;77,5;44
-4,5;78;28
-4;-22,5;76
-4;-22;100
-4;-21,5;100
-4;-21;100
-4;-20,5;96
-4;-20;100
-4;-19,5;100
-4;-19;100
-4;-18,5;100
-4;-18;96
-4;-17,5;100
-4;-17;100
-4;-16,5;100
-4;-16;100
-4;-15,5;100
-4;-15;100
-4;-14,5;100
-4;-14;100
-4;-13,5;100
-4;-13;100
-4;-12,5;100
-4;-12;100
-4;-11,5;100
-4;-11;100
-4;-10,5;100
-4;-10;100
-4;-9,5;100
-4;-9;100
-4;-8,5;100
-4;-8;100
-4;-7,5;100
-4;-7;100
-4;-6,5;100
-4;-6;100
-4;-5,5;100
-4;-5;100
-4;-4,5;100
-4;-4;100
-4;-3,5;100
-4;-3;100
-4;-2,5;100
-4;-2;100
-4;-1,5;100
-4;-1;100
-4;-0,5;100
-4;0;100
-4;0,5;100
-4;1;100
-4;1,5;100
-4;2;100
-4;2,5;100
-4;3;100
-4;3,5;100
-4;4;100
-4;4,5;16
-4;5;0
-4;5,5;0
-4;6;0
-4;6,5;0
-4;7;4
-4;7,5;56
-4;8;100
-4;8,5;100
-4;9;100
-4;9,5;100
-4;10;100
-4;10,5;100
-4;11;100
-4;11,5;100
-4;12;100
-4;12,5;100
-4;13;100
-4;13,5;100
-4;14;100
-4;14,5;100
-4;15;100
-4;15,5;100
-4;16;100
-4;16,5;100
-4;17;100
-4;17,5;100
-4;18;100
-4;18,5;100
-4;19;100
-4;19,5;100
-4;20;100
-4;20,5;100
-4;21;100
-4;21,5;100
-4;22;100
-4;22,5;100
-4;23;100
-4;23,5;100
-4;24;100
-4;24,5;100
-4;25;100
-4;25,5;100
-4;26;100
-4;26,5;100
-4;27;100
-4;27,5;100
-4;28;100
-4;28,5;100
-4;29;100
-4;29,5;100
-4;30;100
-4;30,5;100
-4;31;100
-4;31,5;100
-4;32;100
-4;32,5;100
-4;33;100
-4;33,5;100
-4;34;100
-4;34,5;100
-4;35;100
-4;35,5;100
-4;36;100
-4;36,5;100
-4;37;100
-4;37,5;100
-4;38;100
-4;38,5;100
-4;39;100
-4;39,5;100
-4;40;100
-4;40,5;100
-4;41;100
-4;41,5;100
-4;42;100
-4;42,5;100
-4;43;100
-4;43,5;100
-4;44;100
-4;44,5;100
-4;45;100
-4;45,5;100
-4;46;100
-4;46,5;100
-4;47;100
-4;47,5;100
-4;48;100
-4;48,5;100
-4;49;100
-4;49,5;100
-4;50;100
-4;50,5;100
-4;51;100
-4;51,5;100
-4;52;100
-4;52,5;100
-4;53;100
-4;53,5;100
-4;54;100
-4;54,5;100
-4;55;100
-4;55,5;100
-4;56;100
-4;56,5;100
-4;57;100
-4;57,5;100
-4;58;100
-4;58,5;100
-4;59;100
-4;59,5;100
-4;60;100
-4;60,5;100
-4;61;100
-4;61,5;100
-4;62;100
-4;62,5;96
-4;63;100
-4;63,5;76
-4;64;72
-4;64,5;100
-4;65;100
-4;65,5;100
-4;66;100
-4;66,5;100
-4;67;100
-4;67,5;100
-4;68;100
-4;68,5;100
-4;69;100
-4;69,5;100
-4;70;100
-4;70,5;96
-4;71;100
-4;71,5;100
-4;72;100
-4;72,5;100
-4;73;100
-4;73,5;96
-4;74;100
-4;74,5;100
-4;75;96
-4;75,5;100
-4;76;100
-4;76,5;100
-4;77;40
-4;77,5;44
-3,5;-22,5;80
-3,5;-22;100
-3,5;-21,5;100
-3,5;-21;100
-3,5;-20,5;100
-3,5;-20;100
-3,5;-19,5;100
-3,5;-19;100
-3,5;-18,5;100
-3,5;-18;96
-3,5;-17,5;96
-3,5;-17;80
-3,5;-16,5;100
-3,5;-16;100
-3,5;-15,5;100
-3,5;-15;100
-3,5;-14,5;100
-3,5;-14;100
-3,5;-13,5;100
-3,5;-13;100
-3,5;-12,5;100
-3,5;-12;100
-3,5;-11,5;100
-3,5;-11;100
-3,5;-10,5;100
-3,5;-10;100
-3,5;-9,5;100
-3,5;-9;100
-3,5;-8,5;100
-3,5;-8;100
-3,5;-7,5;100
-3,5;-7;100
-3,5;-6,5;100
-3,5;-6;100
-3,5;-5,5;100
-3,5;-5;100
-3,5;-4,5;100
-3,5;-4;100
-3,5;-3,5;100
-3,5;-3;100
-3,5;-2,5;100
-3,5;-2;100
-3,5;-1,5;100
-3,5;-1;100
-3,5;-0,5;100
-3,5;0;100
-3,5;0,5;100
-3,5;1;100
-3,5;1,5;100
-3,5;2;100
-3,5;2,5;100
-3,5;3;100
-3,5;3,5;100
-3,5;4;88
-3,5;4,5;8
-3,5;5;0
-3,5;5,5;0
-3,5;6;0
-3,5;6,5;0
-3,5;7;0
-3,5;7,5;60
-3,5;8;100
-3,5;8,5;100
-3,5;9;100
-3,5;9,5;100
-3,5;10;100
-3,5;10,5;100
-3,5;11;100
-3,5;11,5;100
-3,5;12;100
-3,5;12,5;100
-3,5;13;100
-3,5;13,5;100
-3,5;14;100
-3,5;14,5;100
-3,5;15;100
-3,5;15,5;100
-3,5;16;100
-3,5;16,5;100
-3,5;17;100
-3,5;17,5;100
-3,5;18;100
-3,5;18,5;100
-3,5;19;100
-3,5;19,5;100
-3,5;20;100
-3,5;20,5;100
-3,5;21;100
-3,5;21,5;100
-3,5;22;100
-3,5;22,5;100
-3,5;23;100
-3,5;23,5;100
-3,5;24;100
-3,5;24,5;100
-3,5;25;100
-3,5;25,5;100
-3,5;26;100
-3,5;26,5;100
-3,5;27;100
-3,5;27,5;100
-3,5;28;100
-3,5;28,5;100
-3,5;29;100
-3,5;29,5;100
-3,5;30;100
-3,5;30,5;100
-3,5;31;100
-3,5;31,5;100
-3,5;32;100
-3,5;32,5;100
-3,5;33;100
-3,5;33,5;100
-3,5;34;100
-3,5;34,5;100
-3,5;35;100
-3,5;35,5;100
-3,5;36;100
-3,5;36,5;100
-3,5;37;100
-3,5;37,5;100
-3,5;38;100
-3,5;38,5;100
-3,5;39;100
-3,5;39,5;100
-3,5;40;100
-3,5;40,5;100
-3,5;41;100
-3,5;41,5;100
-3,5;42;100
-3,5;42,5;100
-3,5;43;100
-3,5;43,5;100
-3,5;44;100
-3,5;44,5;100
-3,5;45;100
-3,5;45,5;100
-3,5;46;100
-3,5;46,5;100
-3,5;47;100
-3,5;47,5;100
-3,5;48;100
-3,5;48,5;100
-3,5;49;100
-3,5;49,5;100
-3,5;50;100
-3,5;50,5;100
-3,5;51;100
-3,5;51,5;100
-3,5;52;100
-3,5;52,5;100
-3,5;53;100
-3,5;53,5;100
-3,5;54;100
-3,5;54,5;100
-3,5;55;100
-3,5;55,5;100
-3,5;56;100
-3,5;56,5;100
-3,5;57;92
-3,5;57,5;96
-3,5;58;100
-3,5;58,5;92
-3,5;59;88
-3,5;59,5;80
-3,5;60;100
-3,5;60,5;100
-3,5;61;100
-3,5;61,5;100
-3,5;62;100
-3,5;62,5;88
-3,5;63;100
-3,5;63,5;92
-3,5;64;48
-3,5;64,5;96
-3,5;65;100
-3,5;65,5;100
-3,5;66;100
-3,5;66,5;100
-3,5;67;100
-3,5;67,5;96
-3,5;68;100
-3,5;68,5;100
-3,5;69;100
-3,5;69,5;100
-3,5;70;100
-3,5;70,5;100
-3,5;71;100
-3,5;71,5;100
-3,5;72;100
-3,5;72,5;100
-3,5;73;100
-3,5;73,5;100
-3,5;74;100
-3,5;74,5;100
-3,5;75;100
-3,5;75,5;100
-3,5;76;100
-3,5;76,5;84
-3,5;77;68
-3,5;77,5;56
-3,5;78;8
-3;-22,5;100
-3;-22;100
-3;-21,5;100
-3;-21;100
-3;-20,5;100
-3;-20;100
-3;-19,5;100
-3;-19;100
-3;-18,5;100
-3;-18;96
-3;-17,5;84
-3;-17;96
-3;-16,5;100
-3;-16;100
-3;-15,5;100
-3;-15;100
-3;-14,5;100
-3;-14;100
-3;-13,5;100
-3;-13;100
-3;-12,5;100
-3;-12;100
-3;-11,5;100
-3;-11;100
-3;-10,5;100
-3;-10;100
-3;-9,5;100
-3;-9;100
-3;-8,5;100
-3;-8;100
-3;-7,5;100
-3;-7;100
-3;-6,5;100
-3;-6;100
-3;-5,5;100
-3;-5;100
-3;-4,5;100
-3;-4;100
-3;-3,5;100
-3;-3;100
-3;-2,5;100
-3;-2;100
-3;-1,5;100
-3;-1;100
-3;-0,5;100
-3;0;100
-3;0,5;100
-3;1;100
-3;1,5;100
-3;2;100
-3;2,5;100
-3;3;100
-3;3,5;92
-3;4;40
-3;4,5;0
-3;5;0
-3;5,5;0
-3;6;0
-3;6,5;0
-3;7;56
-3;7,5;84
-3;8;100
-3;8,5;100
-3;9;100
-3;9,5;100
-3;10;100
-3;10,5;100
-3;11;100
-3;11,5;100
-3;12;100
-3;12,5;100
-3;13;100
-3;13,5;100
-3;14;100
-3;14,5;100
-3;15;100
-3;15,5;100
-3;16;100
-3;16,5;100
-3;17;100
-3;17,5;100
-3;18;100
-3;18,5;100
-3;19;100
-3;19,5;100
-3;20;100
-3;20,5;100
-3;21;100
-3;21,5;100
-3;22;100
-3;22,5;100
-3;23;100
-3;23,5;100
-3;24;100
-3;24,5;100
-3;25;100
-3;25,5;100
-3;26;100
-3;26,5;100
-3;27;100
-3;27,5;100
-3;28;100
-3;28,5;100
-3;29;100
-3;29,5;100
-3;30;100
-3;30,5;100
-3;31;100
-3;31,5;100
-3;32;100
-3;32,5;100
-3;33;100
-3;33,5;100
-3;34;100
-3;34,5;100
-3;35;100
-3;35,5;100
-3;36;100
-3;36,5;100
-3;37;100
-3;37,5;100
-3;38;100
-3;38,5;100
-3;39;100
-3;39,5;100
-3;40;100
-3;40,5;100
-3;41;100
-3;41,5;100
-3;42;100
-3;42,5;100
-3;43;100
-3;43,5;100
-3;44;100
-3;44,5;100
-3;45;100
-3;45,5;100
-3;46;100
-3;46,5;100
-3;47;100
-3;47,5;100
-3;48;100
-3;48,5;100
-3;49;100
-3;49,5;100
-3;50;100
-3;50,5;100
-3;51;100
-3;51,5;100
-3;52;96
-3;52,5;100
-3;53;100
-3;53,5;100
-3;54;100
-3;54,5;100
-3;55;100
-3;55,5;100
-3;56;100
-3;56,5;88
-3;57;92
-3;57,5;100
-3;58;88
-3;58,5;80
-3;59;96
-3;59,5;84
-3;60;96
-3;60,5;100
-3;61;96
-3;61,5;100
-3;62;96
-3;62,5;100
-3;63;100
-3;63,5;100
-3;64;100
-3;64,5;100
-3;65;100
-3;65,5;100
-3;66;100
-3;66,5;100
-3;67;100
-3;67,5;100
-3;68;100
-3;68,5;100
-3;69;100
-3;69,5;100
-3;70;100
-3;70,5;100
-3;71;100
-3;71,5;100
-3;72;100
-3;72,5;100
-3;73;100
-3;73,5;100
-3;74;100
-3;74,5;100
-3;75;100
-3;75,5;100
-3;76;100
-3;76,5;88
-3;77;44
-2,5;-22,5;100
-2,5;-22;100
-2,5;-21,5;100
-2,5;-21;100
-2,5;-20,5;100
-2,5;-20;100
-2,5;-19,5;100
-2,5;-19;100
-2,5;-18,5;92
-2,5;-18;96
-2,5;-17,5;92
-2,5;-17;76
-2,5;-16,5;100
-2,5;-16;100
-2,5;-15,5;100
-2,5;-15;100
-2,5;-14,5;100
-2,5;-14;100
-2,5;-13,5;100
-2,5;-13;100
-2,5;-12,5;100
-2,5;-12;100
-2,5;-11,5;100
-2,5;-11;100
-2,5;-10,5;100
-2,5;-10;100
-2,5;-9,5;100
-2,5;-9;100
-2,5;-8,5;100
-2,5;-8;100
-2,5;-7,5;100
-2,5;-7;100
-2,5;-6,5;100
-2,5;-6;100
-2,5;-5,5;100
-2,5;-5;100
-2,5;-4,5;100
-2,5;-4;100
-2,5;-3,5;100
-2,5;-3;100
-2,5;-2,5;100
-2,5;-2;100
-2,5;-1,5;100
-2,5;-1;100
-2,5;-0,5;100
-2,5;0;100
-2,5;0,5;100
-2,5;1;100
-2,5;1,5;100
-2,5;2;100
-2,5;2,5;100
-2,5;3;100
-2,5;3,5;100
-2,5;4;28
-2,5;4,5;0
-2,5;5;0
-2,5;5,5;0
-2,5;6;0
-2,5;6,5;0
-2,5;7;68
-2,5;7,5;100
-2,5;8;100
-2,5;8,5;100
-2,5;9;100
-2,5;9,5;100
-2,5;10;100
-2,5;10,5;100
-2,5;11;100
-2,5;11,5;100
-2,5;12;100
-2,5;12,5;100
-2,5;13;100
-2,5;13,5;100
-2,5;14;100
-2,5;14,5;100
-2,5;15;100
-2,5;15,5;100
-2,5;16;100
-2,5;16,5;100
-2,5;17;100
-2,5;17,5;100
-2,5;18;100
-2,5;18,5;100
-2,5;19;100
-2,5;19,5;100
-2,5;20;100
-2,5;20,5;100
-2,5;21;100
-2,5;21,5;100
-2,5;22;100
-2,5;22,5;100
-2,5;23;100
-2,5;23,5;100
-2,5;24;100
-2,5;24,5;100
-2,5;25;100
-2,5;25,5;100
-2,5;26;100
-2,5;26,5;100
-2,5;27;100
-2,5;27,5;100
-2,5;28;100
-2,5;28,5;100
-2,5;29;100
-2,5;29,5;100
-2,5;30;100
-2,5;30,5;100
-2,5;31;100
-2,5;31,5;100
-2,5;32;100
-2,5;32,5;100
-2,5;33;100
-2,5;33,5;100
-2,5;34;100
-2,5;34,5;100
-2,5;35;100
-2,5;35,5;100
-2,5;36;100
-2,5;36,5;100
-2,5;37;100
-2,5;37,5;100
-2,5;38;100
-2,5;38,5;100
-2,5;39;100
-2,5;39,5;100
-2,5;40;100
-2,5;40,5;100
-2,5;41;100
-2,5;41,5;100
-2,5;42;100
-2,5;42,5;100
-2,5;43;100
-2,5;43,5;100
-2,5;44;100
-2,5;44,5;100
-2,5;45;100
-2,5;45,5;100
-2,5;46;100
-2,5;46,5;100
-2,5;47;100
-2,5;47,5;100
-2,5;48;100
-2,5;48,5;100
-2,5;49;100
-2,5;49,5;100
-2,5;50;100
-2,5;50,5;100
-2,5;51;100
-2,5;51,5;100
-2,5;52;100
-2,5;52,5;96
-2,5;53;100
-2,5;53,5;100
-2,5;54;100
-2,5;54,5;100
-2,5;55;100
-2,5;55,5;100
-2,5;56;100
-2,5;56,5;100
-2,5;57;100
-2,5;57,5;96
-2,5;58;88
-2,5;58,5;100
-2,5;59;100
-2,5;59,5;100
-2,5;60;100
-2,5;60,5;100
-2,5;61;100
-2,5;61,5;100
-2,5;62;100
-2,5;62,5;88
-2,5;63;100
-2,5;63,5;100
-2,5;64;100
-2,5;64,5;100
-2,5;65;100
-2,5;65,5;100
-2,5;66;100
-2,5;66,5;100
-2,5;67;100
-2,5;67,5;100
-2,5;68;100
-2,5;68,5;100
-2,5;69;100
-2,5;69,5;100
-2,5;70;100
-2,5;70,5;100
-2,5;71;100
-2,5;71,5;100
-2,5;72;100
-2,5;72,5;100
-2,5;73;100
-2,5;73,5;100
-2,5;74;100
-2,5;74,5;100
-2,5;75;100
-2,5;75,5;96
-2,5;76;88
-2,5;76,5;84
-2,5;77;72
-2,5;77,5;48
-2,5;78;4
-2;-23;4
-2;-22,5;100
-2;-22;100
-2;-21,5;100
-2;-21;100
-2;-20,5;100
-2;-20;100
-2;-19,5;100
-2;-19;100
-2;-18,5;92
-2;-18;88
-2;-17,5;92
-2;-17;88
-2;-16,5;88
-2;-16;100
-2;-15,5;100
-2;-15;100
-2;-14,5;100
-2;-14;100
-2;-13,5;100
-2;-13;100
-2;-12,5;100
-2;-12;100
-2;-11,5;100
-2;-11;100
-2;-10,5;100
-2;-10;100
-2;-9,5;100
-2;-9;100
-2;-8,5;100
-2;-8;100
-2;-7,5;100
-2;-7;100
-2;-6,5;100
-2;-6;100
-2;-5,5;100
-2;-5;100
-2;-4,5;100
-2;-4;100
-2;-3,5;100
-2;-3;100
-2;-2,5;100
-2;-2;100
-2;-1,5;100
-2;-1;100
-2;-0,5;100
-2;0;100
-2;0,5;100
-2;1;100
-2;1,5;100
-2;2;100
-2;2,5;100
-2;3;100
-2;3,5;100
-2;4;100
-2;4,5;40
-2;5;0
-2;5,5;0
-2;6;0
-2;6,5;64
-2;7;96
-2;7,5;100
-2;8;100
-2;8,5;100
-2;9;100
-2;9,5;100
-2;10;100
-2;10,5;100
-2;11;100
-2;11,5;100
-2;12;100
-2;12,5;100
-2;13;100
-2;13,5;100
-2;14;100
-2;14,5;100
-2;15;100
-2;15,5;100
-2;16;100
-2;16,5;100
-2;17;100
-2;17,5;100
-2;18;100
-2;18,5;100
-2;19;100
-2;19,5;100
-2;20;100
-2;20,5;100
-2;21;100
-2;21,5;100
-2;22;100
-2;22,5;100
-2;23;100
-2;23,5;100
-2;24;100
-2;24,5;100
-2;25;100
-2;25,5;100
-2;26;100
-2;26,5;100
-2;27;100
-2;27,5;100
-2;28;100
-2;28,5;100
-2;29;100
-2;29,5;100
-2;30;100
-2;30,5;100
-2;31;100
-2;31,5;100
-2;32;100
-2;32,5;96
-2;33;100
-2;33,5;100
-2;34;100
-2;34,5;100
-2;35;100
-2;35,5;100
-2;36;100
-2;36,5;100
-2;37;100
-2;37,5;100
-2;38;100
-2;38,5;100
-2;39;100
-2;39,5;100
-2;40;100
-2;40,5;100
-2;41;100
-2;41,5;100
-2;42;100
-2;42,5;100
-2;43;100
-2;43,5;100
-2;44;100
-2;44,5;100
-2;45;100
-2;45,5;100
-2;46;100
-2;46,5;100
-2;47;100
-2;47,5;100
-2;48;100
-2;48,5;100
-2;49;100
-2;49,5;100
-2;50;100
-2;50,5;100
-2;51;100
-2;51,5;100
-2;52;100
-2;52,5;100
-2;53;100
-2;53,5;100
-2;54;100
-2;54,5;100
-2;55;100
-2;55,5;100
-2;56;100
-2;56,5;100
-2;57;96
-2;57,5;100
-2;58;100
-2;58,5;100
-2;59;100
-2;59,5;100
-2;60;100
-2;60,5;100
-2;61;96
-2;61,5;100
-2;62;100
-2;62,5;80
-2;63;96
-2;63,5;100
-2;64;100
-2;64,5;100
-2;65;100
-2;65,5;100
-2;66;100
-2;66,5;92
-2;67;100
-2;67,5;100
-2;68;100
-2;68,5;100
-2;69;100
-2;69,5;100
-2;70;100
-2;70,5;100
-2;71;100
-2;71,5;100
-2;72;100
-2;72,5;100
-2;73;100
-2;73,5;100
-2;74;100
-2;74,5;100
-2;75;100
-2;75,5;92
-2;76;96
-2;76,5;96
-2;77;36
-2;77,5;12
-2;78;20
-1,5;-23;8
-1,5;-22,5;100
-1,5;-22;100
-1,5;-21,5;100
-1,5;-21;100
-1,5;-20,5;100
-1,5;-20;100
-1,5;-19,5;100
-1,5;-19;100
-1,5;-18,5;96
-1,5;-18;96
-1,5;-17,5;100
-1,5;-17;100
-1,5;-16,5;84
-1,5;-16;100
-1,5;-15,5;100
-1,5;-15;100
-1,5;-14,5;100
-1,5;-14;100
-1,5;-13,5;100
-1,5;-13;100
-1,5;-12,5;100
-1,5;-12;100
-1,5;-11,5;100
-1,5;-11;100
-1,5;-10,5;100
-1,5;-10;100
-1,5;-9,5;100
-1,5;-9;100
-1,5;-8,5;100
-1,5;-8;100
-1,5;-7,5;96
-1,5;-7;76
-1,5;-6,5;48
-1,5;-6;64
-1,5;-5,5;92
-1,5;-5;100
-1,5;-4,5;100
-1,5;-4;100
-1,5;-3,5;100
-1,5;-3;100
-1,5;-2,5;100
-1,5;-2;100
-1,5;-1,5;100
-1,5;-1;100
-1,5;-0,5;100
-1,5;0;100
-1,5;0,5;100
-1,5;1;100
-1,5;1,5;100
-1,5;2;100
-1,5;2,5;100
-1,5;3;100
-1,5;3,5;100
-1,5;4;100
-1,5;4,5;72
-1,5;5;0
-1,5;5,5;0
-1,5;6;0
-1,5;6,5;84
-1,5;7;100
-1,5;7,5;100
-1,5;8;100
-1,5;8,5;100
-1,5;9;100
-1,5;9,5;100
-1,5;10;100
-1,5;10,5;100
-1,5;11;100
-1,5;11,5;100
-1,5;12;100
-1,5;12,5;100
-1,5;13;100
-1,5;13,5;100
-1,5;14;100
-1,5;14,5;100
-1,5;15;100
-1,5;15,5;100
-1,5;16;100
-1,5;16,5;100
-1,5;17;100
-1,5;17,5;100
-1,5;18;100
-1,5;18,5;100
-1,5;19;100
-1,5;19,5;100
-1,5;20;100
-1,5;20,5;100
-1,5;21;100
-1,5;21,5;100
-1,5;22;100
-1,5;22,5;100
-1,5;23;100
-1,5;23,5;100
-1,5;24;100
-1,5;24,5;100
-1,5;25;100
-1,5;25,5;100
-1,5;26;100
-1,5;26,5;100
-1,5;27;100
-1,5;27,5;100
-1,5;28;100
-1,5;28,5;100
-1,5;29;100
-1,5;29,5;100
-1,5;30;100
-1,5;30,5;100
-1,5;31;100
-1,5;31,5;100
-1,5;32;100
-1,5;32,5;100
-1,5;33;100
-1,5;33,5;100
-1,5;34;100
-1,5;34,5;100
-1,5;35;100
-1,5;35,5;100
-1,5;36;100
-1,5;36,5;100
-1,5;37;100
-1,5;37,5;100
-1,5;38;100
-1,5;38,5;100
-1,5;39;100
-1,5;39,5;100
-1,5;40;100
-1,5;40,5;100
-1,5;41;100
-1,5;41,5;100
-1,5;42;100
-1,5;42,5;100
-1,5;43;100
-1,5;43,5;100
-1,5;44;100
-1,5;44,5;100
-1,5;45;100
-1,5;45,5;100
-1,5;46;100
-1,5;46,5;100
-1,5;47;100
-1,5;47,5;100
-1,5;48;100
-1,5;48,5;100
-1,5;49;100
-1,5;49,5;100
-1,5;50;100
-1,5;50,5;100
-1,5;51;100
-1,5;51,5;100
-1,5;52;100
-1,5;52,5;100
-1,5;53;92
-1,5;53,5;96
-1,5;54;100
-1,5;54,5;100
-1,5;55;100
-1,5;55,5;100
-1,5;56;100
-1,5;56,5;100
-1,5;57;100
-1,5;57,5;100
-1,5;58;100
-1,5;58,5;100
-1,5;59;100
-1,5;59,5;100
-1,5;60;100
-1,5;60,5;60
-1,5;61;92
-1,5;61,5;100
-1,5;62;100
-1,5;62,5;100
-1,5;63;96
-1,5;63,5;96
-1,5;64;100
-1,5;64,5;100
-1,5;65;100
-1,5;65,5;100
-1,5;66;92
-1,5;66,5;88
-1,5;67;100
-1,5;67,5;100
-1,5;68;100
-1,5;68,5;100
-1,5;69;100
-1,5;69,5;100
-1,5;70;100
-1,5;70,5;100
-1,5;71;100
-1,5;71,5;100
-1,5;72;100
-1,5;72,5;100
-1,5;73;100
-1,5;73,5;100
-1,5;74;100
-1,5;74,5;100
-1,5;75;100
-1,5;75,5;92
-1,5;76;64
-1,5;76,5;72
-1,5;77;28
-1,5;77,5;16
-1,5;78;4
-1;-23;12
-1;-22,5;100
-1;-22;100
-1;-21,5;100
-1;-21;100
-1;-20,5;100
-1;-20;100
-1;-19,5;100
-1;-19;100
-1;-18,5;100
-1;-18;100
-1;-17,5;100
-1;-17;100
-1;-16,5;96
-1;-16;100
-1;-15,5;100
-1;-15;100
-1;-14,5;100
-1;-14;100
-1;-13,5;100
-1;-13;100
-1;-12,5;100
-1;-12;100
-1;-11,5;100
-1;-11;100
-1;-10,5;100
-1;-10;100
-1;-9,5;100
-1;-9;100
-1;-8,5;100
-1;-8;100
-1;-7,5;84
-1;-7;88
-1;-6,5;36
-1;-6;48
-1;-5,5;84
-1;-5;100
-1;-4,5;100
-1;-4;100
-1;-3,5;100
-1;-3;100
-1;-2,5;100
-1;-2;100
-1;-1,5;100
-1;-1;100
-1;-0,5;100
-1;0;100
-1;0,5;100
-1;1;100
-1;1,5;100
-1;2;100
-1;2,5;100
-1;3;100
-1;3,5;100
-1;4;92
-1;4,5;32
-1;5;24
-1;5,5;0
-1;6;52
-1;6,5;100
-1;7;100
-1;7,5;100
-1;8;100
-1;8,5;100
-1;9;100
-1;9,5;100
-1;10;100
-1;10,5;100
-1;11;100
-1;11,5;100
-1;12;100
-1;12,5;100
-1;13;100
-1;13,5;100
-1;14;100
-1;14,5;100
-1;15;100
-1;15,5;100
-1;16;100
-1;16,5;100
-1;17;100
-1;17,5;100
-1;18;100
-1;18,5;100
-1;19;100
-1;19,5;100
-1;20;100
-1;20,5;100
-1;21;100
-1;21,5;100
-1;22;100
-1;22,5;100
-1;23;100
-1;23,5;100
-1;24;100
-1;24,5;100
-1;25;100
-1;25,5;100
-1;26;100
-1;26,5;100
-1;27;100
-1;27,5;100
-1;28;100
-1;28,5;100
-1;29;100
-1;29,5;100
-1;30;100
-1;30,5;100
-1;31;100
-1;31,5;100
-1;32;100
-1;32,5;100
-1;33;100
-1;33,5;100
-1;34;100
-1;34,5;100
-1;35;100
-1;35,5;100
-1;36;100
-1;36,5;100
-1;37;100
-1;37,5;100
-1;38;100
-1;38,5;100
-1;39;100
-1;39,5;100
-1;40;100
-1;40,5;100
-1;41;100
-1;41,5;100
-1;42;100
-1;42,5;100
-1;43;100
-1;43,5;100
-1;44;100
-1;44,5;100
-1;45;100
-1;45,5;100
-1;46;100
-1;46,5;100
-1;47;100
-1;47,5;100
-1;48;100
-1;48,5;100
-1;49;100
-1;49,5;100
-1;50;100
-1;50,5;100
-1;51;100
-1;51,5;100
-1;52;100
-1;52,5;100
-1;53;96
-1;53,5;88
-1;54;100
-1;54,5;100
-1;55;100
-1;55,5;100
-1;56;100
-1;56,5;100
-1;57;100
-1;57,5;100
-1;58;100
-1;58,5;100
-1;59;100
-1;59,5;100
-1;60;84
-1;60,5;36
-1;61;76
-1;61,5;80
-1;62;100
-1;62,5;96
-1;63;96
-1;63,5;96
-1;64;100
-1;64,5;100
-1;65;100
-1;65,5;100
-1;66;92
-1;66,5;100
-1;67;92
-1;67,5;100
-1;68;100
-1;68,5;100
-1;69;100
-1;69,5;100
-1;70;100
-1;70,5;100
-1;71;100
-1;71,5;100
-1;72;100
-1;72,5;100
-1;73;100
-1;73,5;100
-1;74;100
-1;74,5;100
-1;75;100
-1;75,5;92
-1;76;84
-1;76,5;96
-1;77;60
-1;77,5;76
-1;78;36
-0,5;-23;12
-0,5;-22,5;100
-0,5;-22;100
-0,5;-21,5;100
-0,5;-21;100
-0,5;-20,5;100
-0,5;-20;100
-0,5;-19,5;100
-0,5;-19;96
-0,5;-18,5;100
-0,5;-18;96
-0,5;-17,5;96
-0,5;-17;100
-0,5;-16,5;96
-0,5;-16;100
-0,5;-15,5;100
-0,5;-15;100
-0,5;-14,5;100
-0,5;-14;100
-0,5;-13,5;100
-0,5;-13;100
-0,5;-12,5;100
-0,5;-12;100
-0,5;-11,5;100
-0,5;-11;100
-0,5;-10,5;100
-0,5;-10;100
-0,5;-9,5;100
-0,5;-9;100
-0,5;-8,5;100
-0,5;-8;92
-0,5;-7,5;100
-0,5;-7;100
-0,5;-6,5;84
-0,5;-6;60
-0,5;-5,5;88
-0,5;-5;100
-0,5;-4,5;100
-0,5;-4;96
-0,5;-3,5;92
-0,5;-3;100
-0,5;-2,5;100
-0,5;-2;100
-0,5;-1,5;100
-0,5;-1;100
-0,5;-0,5;100
-0,5;0;100
-0,5;0,5;100
-0,5;1;100
-0,5;1,5;100
-0,5;2;100
-0,5;2,5;100
-0,5;3;100
-0,5;3,5;100
-0,5;4;100
-0,5;4,5;100
-0,5;5;96
-0,5;5,5;24
-0,5;6;84
-0,5;6,5;100
-0,5;7;100
-0,5;7,5;100
-0,5;8;100
-0,5;8,5;100
-0,5;9;100
-0,5;9,5;100
-0,5;10;100
-0,5;10,5;100
-0,5;11;100
-0,5;11,5;100
-0,5;12;100
-0,5;12,5;100
-0,5;13;100
-0,5;13,5;100
-0,5;14;100
-0,5;14,5;100
-0,5;15;100
-0,5;15,5;100
-0,5;16;100
-0,5;16,5;100
-0,5;17;100
-0,5;17,5;100
-0,5;18;100
-0,5;18,5;100
-0,5;19;100
-0,5;19,5;100
-0,5;20;100
-0,5;20,5;100
-0,5;21;100
-0,5;21,5;100
-0,5;22;100
-0,5;22,5;100
-0,5;23;100
-0,5;23,5;100
-0,5;24;100
-0,5;24,5;100
-0,5;25;100
-0,5;25,5;100
-0,5;26;100
-0,5;26,5;100
-0,5;27;100
-0,5;27,5;100
-0,5;28;100
-0,5;28,5;100
-0,5;29;100
-0,5;29,5;100
-0,5;30;100
-0,5;30,5;100
-0,5;31;100
-0,5;31,5;100
-0,5;32;100
-0,5;32,5;100
-0,5;33;100
-0,5;33,5;100
-0,5;34;100
-0,5;34,5;100
-0,5;35;100
-0,5;35,5;100
-0,5;36;100
-0,5;36,5;100
-0,5;37;100
-0,5;37,5;100
-0,5;38;100
-0,5;38,5;100
-0,5;39;100
-0,5;39,5;100
-0,5;40;100
-0,5;40,5;100
-0,5;41;100
-0,5;41,5;100
-0,5;42;100
-0,5;42,5;100
-0,5;43;100
-0,5;43,5;100
-0,5;44;100
-0,5;44,5;100
-0,5;45;100
-0,5;45,5;100
-0,5;46;100
-0,5;46,5;100
-0,5;47;100
-0,5;47,5;100
-0,5;48;100
-0,5;48,5;100
-0,5;49;100
-0,5;49,5;100
-0,5;50;100
-0,5;50,5;100
-0,5;51;100
-0,5;51,5;100
-0,5;52;100
-0,5;52,5;100
-0,5;53;96
-0,5;53,5;100
-0,5;54;100
-0,5;54,5;100
-0,5;55;100
-0,5;55,5;100
-0,5;56;100
-0,5;56,5;100
-0,5;57;100
-0,5;57,5;100
-0,5;58;100
-0,5;58,5;100
-0,5;59;100
-0,5;59,5;100
-0,5;60;40
-0,5;60,5;60
-0,5;61;40
-0,5;61,5;92
-0,5;62;100
-0,5;62,5;88
-0,5;63;96
-0,5;63,5;100
-0,5;64;100
-0,5;64,5;100
-0,5;65;100
-0,5;65,5;100
-0,5;66;100
-0,5;66,5;100
-0,5;67;100
-0,5;67,5;100
-0,5;68;100
-0,5;68,5;100
-0,5;69;100
-0,5;69,5;100
-0,5;70;100
-0,5;70,5;100
-0,5;71;100
-0,5;71,5;100
-0,5;72;100
-0,5;72,5;100
-0,5;73;100
-0,5;73,5;100
-0,5;74;100
-0,5;74,5;100
-0,5;75;100
-0,5;75,5;92
-0,5;76;96
-0,5;76,5;96
-0,5;77;88
-0,5;77,5;80
-0,5;78;60
0;-23;8
0;-22,5;100
0;-22;100
0;-21,5;100
0;-21;100
0;-20,5;96
0;-20;100
0;-19,5;100
0;-19;88
0;-18,5;92
0;-18;96
0;-17,5;96
0;-17;100
0;-16,5;100
0;-16;100
0;-15,5;100
0;-15;100
0;-14,5;100
0;-14;100
0;-13,5;100
0;-13;100
0;-12,5;100
0;-12;100
0;-11,5;100
0;-11;100
0;-10,5;100
0;-10;100
0;-9,5;100
0;-9;100
0;-8,5;100
0;-8;100
0;-7,5;100
0;-7;100
0;-6,5;76
0;-6;76
0;-5,5;96
0;-5;96
0;-4,5;100
0;-4;100
0;-3,5;100
0;-3;100
0;-2,5;100
0;-2;100
0;-1,5;100
0;-1;100
0;-0,5;100
0;0;100
0;0,5;100
0;1;100
0;1,5;100
0;2;100
0;2,5;100
0;3;100
0;3,5;100
0;4;100
0;4,5;100
0;5;88
0;5,5;88
0;6;100
0;6,5;100
0;7;100
0;7,5;100
0;8;100
0;8,5;100
0;9;100
0;9,5;100
0;10;100
0;10,5;100
0;11;100
0;11,5;100
0;12;100
0;12,5;100
0;13;100
0;13,5;100
0;14;100
0;14,5;100
0;15;100
0;15,5;100
0;16;100
0;16,5;100
0;17;100
0;17,5;100
0;18;100
0;18,5;100
0;19;100
0;19,5;100
0;20;100
0;20,5;100
0;21;100
0;21,5;100
0;22;100
0;22,5;100
0;23;100
0;23,5;100
0;24;100
0;24,5;100
0;25;100
0;25,5;100
0;26;100
0;26,5;100
0;27;100
0;27,5;100
0;28;100
0;28,5;100
0;29;100
0;29,5;100
0;30;100
0;30,5;100
0;31;100
0;31,5;100
0;32;100
0;32,5;100
0;33;100
0;33,5;100
0;34;92
0;34,5;96
0;35;96
0;35,5;100
0;36;100
0;36,5;92
0;37;100
0;37,5;100
0;38;100
0;38,5;100
0;39;100
0;39,5;100
0;40;100
0;40,5;100
0;41;100
0;41,5;100
0;42;100
0;42,5;100
0;43;100
0;43,5;100
0;44;100
0;44,5;100
0;45;100
0;45,5;100
0;46;100
0;46,5;100
0;47;84
0;47,5;100
0;48;100
0;48,5;100
0;49;100
0;49,5;100
0;50;100
0;50,5;100
0;51;100
0;51,5;100
0;52;100
0;52,5;100
0;53;100
0;53,5;100
0;54;100
0;54,5;100
0;55;100
0;55,5;100
0;56;100
0;56,5;100
0;57;100
0;57,5;100
0;58;100
0;58,5;100
0;59;100
0;59,5;88
0;60;60
0;60,5;88
0;61;40
0;61,5;92
0;62;100
0;62,5;100
0;63;100
0;63,5;100
0;64;96
0;64,5;100
0;65;100
0;65,5;100
0;66;80
0;66,5;96
0;67;96
0;67,5;100
0;68;100
0;68,5;100
0;69;100
0;69,5;100
0;70;100
0;70,5;100
0;71;100
0;71,5;100
0;72;100
0;72,5;100
0;73;100
0;73,5;100
0;74;100
0;74,5;100
0;75;100
0;75,5;92
0;76;68
0;76,5;100
0;77;100
0;77,5;100
0;78;68
0,5;-22,5;100
0,5;-22;96
0,5;-21,5;96
0,5;-21;100
0,5;-20,5;100
0,5;-20;100
0,5;-19,5;88
0,5;-19;76
0,5;-18,5;68
0,5;-18;84
0,5;-17,5;100
0,5;-17;100
0,5;-16,5;100
0,5;-16;100
0,5;-15,5;100
0,5;-15;100
0,5;-14,5;100
0,5;-14;100
0,5;-13,5;100
0,5;-13;100
0,5;-12,5;100
0,5;-12;100
0,5;-11,5;100
0,5;-11;100
0,5;-10,5;100
0,5;-10;100
0,5;-9,5;100
0,5;-9;100
0,5;-8,5;100
0,5;-8;100
0,5;-7,5;100
0,5;-7;100
0,5;-6,5;100
0,5;-6;68
0,5;-5,5;80
0,5;-5;80
0,5;-4,5;100
0,5;-4;100
0,5;-3,5;100
0,5;-3;100
0,5;-2,5;100
0,5;-2;100
0,5;-1,5;100
0,5;-1;100
0,5;-0,5;100
0,5;0;100
0,5;0,5;100
0,5;1;100
0,5;1,5;100
0,5;2;100
0,5;2,5;100
0,5;3;100
0,5;3,5;100
0,5;4;100
0,5;4,5;100
0,5;5;80
0,5;5,5;96
0,5;6;100
0,5;6,5;100
0,5;7;100
0,5;7,5;100
0,5;8;100
0,5;8,5;100
0,5;9;100
0,5;9,5;100
0,5;10;100
0,5;10,5;100
0,5;11;100
0,5;11,5;100
0,5;12;100
0,5;12,5;100
0,5;13;100
0,5;13,5;100
0,5;14;68
0,5;14,5;72
0,5;15;80
0,5;15,5;100
0,5;16;100
0,5;16,5;100
0,5;17;100
0,5;17,5;100
0,5;18;100
0,5;18,5;100
0,5;19;100
0,5;19,5;100
0,5;20;100
0,5;20,5;100
0,5;21;100
0,5;21,5;100
0,5;22;100
0,5;22,5;100
0,5;23;100
0,5;23,5;100
0,5;24;100
0,5;24,5;100
0,5;25;100
0,5;25,5;100
0,5;26;100
0,5;26,5;100
0,5;27;100
0,5;27,5;100
0,5;28;100
0,5;28,5;100
0,5;29;100
0,5;29,5;100
0,5;30;100
0,5;30,5;100
0,5;31;100
0,5;31,5;100
0,5;32;100
0,5;32,5;100
0,5;33;100
0,5;33,5;100
0,5;34;100
0,5;34,5;100
0,5;35;84
0,5;35,5;100
0,5;36;100
0,5;36,5;100
0,5;37;100
0,5;37,5;92
0,5;38;100
0,5;38,5;100
0,5;39;100
0,5;39,5;100
0,5;40;100
0,5;40,5;100
0,5;41;100
0,5;41,5;100
0,5;42;100
0,5;42,5;100
0,5;43;100
0,5;43,5;100
0,5;44;100
0,5;44,5;100
0,5;45;100
0,5;45,5;100
0,5;46;100
0,5;46,5;100
0,5;47;100
0,5;47,5;100
0,5;48;100
0,5;48,5;100
0,5;49;100
0,5;49,5;100
0,5;50;100
0,5;50,5;100
0,5;51;100
0,5;51,5;100
0,5;52;100
0,5;52,5;100
0,5;53;100
0,5;53,5;100
0,5;54;100
0,5;54,5;100
0,5;55;100
0,5;55,5;100
0,5;56;100
0,5;56,5;100
0,5;57;100
0,5;57,5;100
0,5;58;100
0,5;58,5;100
0,5;59;96
0,5;59,5;64
0,5;60;100
0,5;60,5;84
0,5;61;84
0,5;61,5;92
0,5;62;96
0,5;62,5;84
0,5;63;100
0,5;63,5;100
0,5;64;100
0,5;64,5;100
0,5;65;100
0,5;65,5;84
0,5;66;84
0,5;66,5;72
0,5;67;100
0,5;67,5;100
0,5;68;100
0,5;68,5;100
0,5;69;100
0,5;69,5;100
0,5;70;100
0,5;70,5;100
0,5;71;100
0,5;71,5;100
0,5;72;100
0,5;72,5;100
0,5;73;100
0,5;73,5;100
0,5;74;100
0,5;74,5;100
0,5;75;100
0,5;75,5;100
0,5;76;100
0,5;76,5;100
0,5;77;100
0,5;77,5;100
0,5;78;80
1;-22,5;100
1;-22;96
1;-21,5;88
1;-21;76
1;-20,5;76
1;-20;92
1;-19,5;100
1;-19;92
1;-18,5;88
1;-18;60
1;-17,5;96
1;-17;100
1;-16,5;100
1;-16;100
1;-15,5;100
1;-15;100
1;-14,5;100
1;-14;100
1;-13,5;100
1;-13;100
1;-12,5;100
1;-12;100
1;-11,5;100
1;-11;100
1;-10,5;100
1;-10;100
1;-9,5;100
1;-9;100
1;-8,5;100
1;-8;100
1;-7,5;96
1;-7;100
1;-6,5;88
1;-6;92
1;-5,5;32
1;-5;84
1;-4,5;100
1;-4;100
1;-3,5;100
1;-3;100
1;-2,5;100
1;-2;100
1;-1,5;100
1;-1;100
1;-0,5;100
1;0;100
1;0,5;100
1;1;100
1;1,5;100
1;2;100
1;2,5;100
1;3;100
1;3,5;100
1;4;100
1;4,5;100
1;5;88
1;5,5;88
1;6;100
1;6,5;100
1;7;100
1;7,5;100
1;8;100
1;8,5;100
1;9;100
1;9,5;100
1;10;100
1;10,5;100
1;11;100
1;11,5;100
1;12;100
1;12,5;100
1;13;100
1;13,5;100
1;14;92
1;14,5;96
1;15;100
1;15,5;100
1;16;100
1;16,5;100
1;17;100
1;17,5;100
1;18;100
1;18,5;100
1;19;100
1;19,5;100
1;20;100
1;20,5;100
1;21;100
1;21,5;100
1;22;100
1;22,5;100
1;23;100
1;23,5;100
1;24;100
1;24,5;100
1;25;100
1;25,5;100
1;26;100
1;26,5;100
1;27;100
1;27,5;100
1;28;100
1;28,5;100
1;29;100
1;29,5;100
1;30;100
1;30,5;100
1;31;100
1;31,5;100
1;32;100
1;32,5;100
1;33;100
1;33,5;100
1;34;100
1;34,5;100
1;35;100
1;35,5;100
1;36;88
1;36,5;100
1;37;100
1;37,5;100
1;38;100
1;38,5;100
1;39;100
1;39,5;100
1;40;100
1;40,5;100
1;41;100
1;41,5;100
1;42;92
1;42,5;96
1;43;100
1;43,5;100
1;44;100
1;44,5;100
1;45;100
1;45,5;100
1;46;100
1;46,5;100
1;47;100
1;47,5;100
1;48;100
1;48,5;100
1;49;100
1;49,5;100
1;50;100
1;50,5;100
1;51;100
1;51,5;100
1;52;100
1;52,5;100
1;53;100
1;53,5;100
1;54;100
1;54,5;100
1;55;100
1;55,5;84
1;56;100
1;56,5;100
1;57;100
1;57,5;100
1;58;100
1;58,5;100
1;59;100
1;59,5;100
1;60;100
1;60,5;100
1;61;100
1;61,5;64
1;62;80
1;62,5;88
1;63;100
1;63,5;100
1;64;100
1;64,5;100
1;65;100
1;65,5;88
1;66;52
1;66,5;72
1;67;88
1;67,5;100
1;68;100
1;68,5;100
1;69;100
1;69,5;100
1;70;100
1;70,5;100
1;71;100
1;71,5;100
1;72;100
1;72,5;100
1;73;100
1;73,5;100
1;74;100
1;74,5;100
1;75;100
1;75,5;100
1;76;100
1;76,5;100
1;77;100
1;77,5;96
1;78;88
1,5;-22,5;100
1,5;-22;84
1,5;-21,5;56
1,5;-21;40
1,5;-20,5;80
1,5;-20;84
1,5;-19,5;80
1,5;-19;100
1,5;-18,5;96
1,5;-18;92
1,5;-17,5;96
1,5;-17;96
1,5;-16,5;92
1,5;-16;100
1,5;-15,5;100
1,5;-15;100
1,5;-14,5;100
1,5;-14;100
1,5;-13,5;100
1,5;-13;100
1,5;-12,5;100
1,5;-12;100
1,5;-11,5;100
1,5;-11;100
1,5;-10,5;100
1,5;-10;100
1,5;-9,5;100
1,5;-9;100
1,5;-8,5;100
1,5;-8;100
1,5;-7,5;88
1,5;-7;96
1,5;-6,5;80
1,5;-6;32
1,5;-5,5;76
1,5;-5;88
1,5;-4,5;100
1,5;-4;100
1,5;-3,5;100
1,5;-3;100
1,5;-2,5;100
1,5;-2;100
1,5;-1,5;100
1,5;-1;100
1,5;-0,5;100
1,5;0;100
1,5;0,5;100
1,5;1;100
1,5;1,5;100
1,5;2;100
1,5;2,5;100
1,5;3;100
1,5;3,5;100
1,5;4;60
1,5;4,5;96
1,5;5;96
1,5;5,5;100
1,5;6;100
1,5;6,5;92
1,5;7;100
1,5;7,5;100
1,5;8;100
1,5;8,5;100
1,5;9;100
1,5;9,5;100
1,5;10;100
1,5;10,5;100
1,5;11;100
1,5;11,5;100
1,5;12;100
1,5;12,5;100
1,5;13;100
1,5;13,5;100
1,5;14;100
1,5;14,5;100
1,5;15;100
1,5;15,5;100
1,5;16;100
1,5;16,5;100
1,5;17;100
1,5;17,5;100
1,5;18;100
1,5;18,5;100
1,5;19;100
1,5;19,5;100
1,5;20;100
1,5;20,5;100
1,5;21;100
1,5;21,5;100
1,5;22;100
1,5;22,5;100
1,5;23;100
1,5;23,5;100
1,5;24;100
1,5;24,5;100
1,5;25;100
1,5;25,5;100
1,5;26;100
1,5;26,5;100
1,5;27;100
1,5;27,5;100
1,5;28;100
1,5;28,5;100
1,5;29;100
1,5;29,5;100
1,5;30;100
1,5;30,5;100
1,5;31;100
1,5;31,5;100
1,5;32;100
1,5;32,5;100
1,5;33;100
1,5;33,5;100
1,5;34;100
1,5;34,5;100
1,5;35;100
1,5;35,5;100
1,5;36;96
1,5;36,5;92
1,5;37;52
1,5;37,5;80
1,5;38;100
1,5;38,5;100
1,5;39;100
1,5;39,5;100
1,5;40;100
1,5;40,5;100
1,5;41;100
1,5;41,5;100
1,5;42;96
1,5;42,5;96
1,5;43;100
1,5;43,5;100
1,5;44;100
1,5;44,5;100
1,5;45;100
1,5;45,5;100
1,5;46;100
1,5;46,5;100
1,5;47;100
1,5;47,5;100
1,5;48;100
1,5;48,5;100
1,5;49;100
1,5;49,5;100
1,5;50;100
1,5;50,5;100
1,5;51;100
1,5;51,5;100
1,5;52;100
1,5;52,5;100
1,5;53;100
1,5;53,5;100
1,5;54;100
1,5;54,5;100
1,5;55;100
1,5;55,5;100
1,5;56;100
1,5;56,5;100
1,5;57;100
1,5;57,5;100
1,5;58;100
1,5;58,5;100
1,5;59;100
1,5;59,5;100
1,5;60;100
1,5;60,5;96
1,5;61;96
1,5;61,5;52
1,5;62;68
1,5;62,5;96
1,5;63;92
1,5;63,5;100
1,5;64;96
1,5;64,5;100
1,5;65;100
1,5;65,5;96
1,5;66;88
1,5;66,5;60
1,5;67;68
1,5;67,5;100
1,5;68;100
1,5;68,5;100
1,5;69;100
1,5;69,5;100
1,5;70;100
1,5;70,5;100
1,5;71;100
1,5;71,5;100
1,5;72;100
1,5;72,5;100
1,5;73;100
1,5;73,5;100
1,5;74;100
1,5;74,5;100
1,5;75;100
1,5;75,5;100
1,5;76;100
1,5;76,5;100
1,5;77;100
1,5;77,5;92
1,5;78;100
2;-22,5;100
2;-22;100
2;-21,5;96
2;-21;84
2;-20,5;84
2;-20;68
2;-19,5;96
2;-19;88
2;-18,5;96
2;-18;100
2;-17,5;100
2;-17;100
2;-16,5;100
2;-16;100
2;-15,5;100
2;-15;100
2;-14,5;100
2;-14;100
2;-13,5;100
2;-13;100
2;-12,5;100
2;-12;100
2;-11,5;100
2;-11;100
2;-10,5;100
2;-10;100
2;-9,5;100
2;-9;100
2;-8,5;100
2;-8;100
2;-7,5;76
2;-7;92
2;-6,5;52
2;-6;56
2;-5,5;92
2;-5;76
2;-4,5;100
2;-4;100
2;-3,5;100
2;-3;100
2;-2,5;100
2;-2;100
2;-1,5;100
2;-1;100
2;-0,5;100
2;0;100
2;0,5;100
2;1;100
2;1,5;100
2;2;100
2;2,5;100
2;3;100
2;3,5;100
2;4;100
2;4,5;100
2;5;100
2;5,5;100
2;6;100
2;6,5;100
2;7;100
2;7,5;100
2;8;100
2;8,5;100
2;9;100
2;9,5;100
2;10;100
2;10,5;100
2;11;100
2;11,5;100
2;12;100
2;12,5;100
2;13;100
2;13,5;100
2;14;100
2;14,5;100
2;15;100
2;15,5;100
2;16;100
2;16,5;100
2;17;96
2;17,5;100
2;18;100
2;18,5;100
2;19;100
2;19,5;100
2;20;100
2;20,5;100
2;21;100
2;21,5;100
2;22;100
2;22,5;100
2;23;100
2;23,5;100
2;24;100
2;24,5;100
2;25;100
2;25,5;100
2;26;100
2;26,5;100
2;27;100
2;27,5;100
2;28;100
2;28,5;100
2;29;100
2;29,5;100
2;30;100
2;30,5;100
2;31;100
2;31,5;100
2;32;100
2;32,5;100
2;33;100
2;33,5;100
2;34;100
2;34,5;100
2;35;100
2;35,5;100
2;36;100
2;36,5;100
2;37;100
2;37,5;92
2;38;100
2;38,5;100
2;39;100
2;39,5;100
2;40;100
2;40,5;100
2;41;100
2;41,5;100
2;42;100
2;42,5;100
2;43;100
2;43,5;100
2;44;100
2;44,5;100
2;45;100
2;45,5;100
2;46;100
2;46,5;100
2;47;100
2;47,5;100
2;48;100
2;48,5;100
2;49;100
2;49,5;100
2;50;100
2;50,5;100
2;51;100
2;51,5;100
2;52;100
2;52,5;100
2;53;100
2;53,5;100
2;54;100
2;54,5;100
2;55;100
2;55,5;100
2;56;100
2;56,5;100
2;57;100
2;57,5;100
2;58;100
2;58,5;100
2;59;100
2;59,5;100
2;60;100
2;60,5;100
2;61;100
2;61,5;100
2;62;88
2;62,5;72
2;63;48
2;63,5;64
2;64;80
2;64,5;100
2;65;100
2;65,5;100
2;66;100
2;66,5;88
2;67;96
2;67,5;100
2;68;100
2;68,5;100
2;69;100
2;69,5;100
2;70;100
2;70,5;100
2;71;100
2;71,5;100
2;72;100
2;72,5;100
2;73;100
2;73,5;100
2;74;100
2;74,5;100
2;75;100
2;75,5;100
2;76;100
2;76,5;100
2;77;100
2;77,5;100
2;78;96
2,5;-22,5;100
2,5;-22;100
2,5;-21,5;100
2,5;-21;96
2,5;-20,5;76
2,5;-20;64
2,5;-19,5;60
2,5;-19;56
2,5;-18,5;68
2,5;-18;100
2,5;-17,5;96
2,5;-17;100
2,5;-16,5;100
2,5;-16;100
2,5;-15,5;100
2,5;-15;100
2,5;-14,5;100
2,5;-14;100
2,5;-13,5;100
2,5;-13;100
2,5;-12,5;100
2,5;-12;100
2,5;-11,5;100
2,5;-11;100
2,5;-10,5;100
2,5;-10;100
2,5;-9,5;100
2,5;-9;100
2,5;-8,5;100
2,5;-8;100
2,5;-7,5;76
2,5;-7;96
2,5;-6,5;96
2,5;-6;88
2,5;-5,5;56
2,5;-5;64
2,5;-4,5;96
2,5;-4;100
2,5;-3,5;100
2,5;-3;100
2,5;-2,5;100
2,5;-2;100
2,5;-1,5;100
2,5;-1;100
2,5;-0,5;100
2,5;0;100
2,5;0,5;100
2,5;1;100
2,5;1,5;100
2,5;2;100
2,5;2,5;100
2,5;3;100
2,5;3,5;100
2,5;4;100
2,5;4,5;100
2,5;5;100
2,5;5,5;100
2,5;6;100
2,5;6,5;100
2,5;7;100
2,5;7,5;100
2,5;8;100
2,5;8,5;100
2,5;9;100
2,5;9,5;100
2,5;10;100
2,5;10,5;100
2,5;11;100
2,5;11,5;100
2,5;12;100
2,5;12,5;100
2,5;13;100
2,5;13,5;100
2,5;14;100
2,5;14,5;100
2,5;15;100
2,5;15,5;100
2,5;16;100
2,5;16,5;100
2,5;17;100
2,5;17,5;100
2,5;18;100
2,5;18,5;100
2,5;19;100
2,5;19,5;100
2,5;20;100
2,5;20,5;100
2,5;21;100
2,5;21,5;100
2,5;22;100
2,5;22,5;100
2,5;23;100
2,5;23,5;100
2,5;24;100
2,5;24,5;100
2,5;25;100
2,5;25,5;100
2,5;26;100
2,5;26,5;100
2,5;27;100
2,5;27,5;100
2,5;28;100
2,5;28,5;100
2,5;29;100
2,5;29,5;100
2,5;30;100
2,5;30,5;100
2,5;31;100
2,5;31,5;100
2,5;32;100
2,5;32,5;100
2,5;33;100
2,5;33,5;100
2,5;34;100
2,5;34,5;100
2,5;35;100
2,5;35,5;100
2,5;36;100
2,5;36,5;100
2,5;37;100
2,5;37,5;100
2,5;38;100
2,5;38,5;100
2,5;39;100
2,5;39,5;100
2,5;40;100
2,5;40,5;100
2,5;41;100
2,5;41,5;100
2,5;42;100
2,5;42,5;100
2,5;43;100
2,5;43,5;100
2,5;44;100
2,5;44,5;100
2,5;45;100
2,5;45,5;100
2,5;46;100
2,5;46,5;100
2,5;47;100
2,5;47,5;100
2,5;48;100
2,5;48,5;100
2,5;49;100
2,5;49,5;100
2,5;50;100
2,5;50,5;100
2,5;51;100
2,5;51,5;100
2,5;52;100
2,5;52,5;100
2,5;53;100
2,5;53,5;100
2,5;54;100
2,5;54,5;100
2,5;55;92
2,5;55,5;100
2,5;56;100
2,5;56,5;100
2,5;57;100
2,5;57,5;100
2,5;58;100
2,5;58,5;100
2,5;59;100
2,5;59,5;100
2,5;60;100
2,5;60,5;100
2,5;61;100
2,5;61,5;100
2,5;62;100
2,5;62,5;80
2,5;63;88
2,5;63,5;96
2,5;64;100
2,5;64,5;100
2,5;65;100
2,5;65,5;100
2,5;66;100
2,5;66,5;100
2,5;67;100
2,5;67,5;100
2,5;68;100
2,5;68,5;100
2,5;69;100
2,5;69,5;100
2,5;70;100
2,5;70,5;100
2,5;71;100
2,5;71,5;100
2,5;72;100
2,5;72,5;100
2,5;73;100
2,5;73,5;100
2,5;74;100
2,5;74,5;100
2,5;75;100
2,5;75,5;100
2,5;76;100
2,5;76,5;100
2,5;77;100
2,5;77,5;100
2,5;78;100
3;-22,5;96
3;-22;100
3;-21,5;100
3;-21;80
3;-20,5;76
3;-20;96
3;-19,5;92
3;-19;32
3;-18,5;56
3;-18;100
3;-17,5;100
3;-17;100
3;-16,5;100
3;-16;100
3;-15,5;100
3;-15;100
3;-14,5;100
3;-14;100
3;-13,5;100
3;-13;100
3;-12,5;100
3;-12;100
3;-11,5;100
3;-11;100
3;-10,5;100
3;-10;100
3;-9,5;100
3;-9;100
3;-8,5;100
3;-8;100
3;-7,5;100
3;-7;96
3;-6,5;100
3;-6;100
3;-5,5;56
3;-5;60
3;-4,5;100
3;-4;100
3;-3,5;100
3;-3;100
3;-2,5;100
3;-2;100
3;-1,5;100
3;-1;100
3;-0,5;100
3;0;100
3;0,5;100
3;1;100
3;1,5;100
3;2;100
3;2,5;100
3;3;100
3;3,5;100
3;4;100
3;4,5;100
3;5;100
3;5,5;100
3;6;100
3;6,5;100
3;7;100
3;7,5;100
3;8;100
3;8,5;100
3;9;100
3;9,5;100
3;10;100
3;10,5;100
3;11;100
3;11,5;100
3;12;100
3;12,5;100
3;13;100
3;13,5;100
3;14;100
3;14,5;100
3;15;100
3;15,5;100
3;16;100
3;16,5;100
3;17;100
3;17,5;96
3;18;100
3;18,5;100
3;19;100
3;19,5;100
3;20;100
3;20,5;100
3;21;100
3;21,5;100
3;22;100
3;22,5;100
3;23;100
3;23,5;100
3;24;100
3;24,5;100
3;25;100
3;25,5;100
3;26;100
3;26,5;100
3;27;100
3;27,5;100
3;28;100
3;28,5;100
3;29;100
3;29,5;100
3;30;100
3;30,5;100
3;31;100
3;31,5;100
3;32;100
3;32,5;100
3;33;100
3;33,5;100
3;34;100
3;34,5;100
3;35;100
3;35,5;100
3;36;100
3;36,5;100
3;37;100
3;37,5;100
3;38;100
3;38,5;100
3;39;100
3;39,5;100
3;40;100
3;40,5;100
3;41;100
3;41,5;100
3;42;100
3;42,5;100
3;43;100
3;43,5;100
3;44;100
3;44,5;100
3;45;100
3;45,5;100
3;46;100
3;46,5;100
3;47;100
3;47,5;100
3;48;100
3;48,5;100
3;49;100
3;49,5;100
3;50;100
3;50,5;100
3;51;100
3;51,5;100
3;52;100
3;52,5;100
3;53;100
3;53,5;100
3;54;100
3;54,5;100
3;55;96
3;55,5;100
3;56;100
3;56,5;100
3;57;100
3;57,5;100
3;58;100
3;58,5;100
3;59;100
3;59,5;100
3;60;100
3;60,5;100
3;61;100
3;61,5;100
3;62;96
3;62,5;76
3;63;100
3;63,5;100
3;64;100
3;64,5;100
3;65;100
3;65,5;100
3;66;100
3;66,5;100
3;67;100
3;67,5;100
3;68;100
3;68,5;100
3;69;100
3;69,5;100
3;70;100
3;70,5;100
3;71;100
3;71,5;100
3;72;100
3;72,5;100
3;73;100
3;73,5;100
3;74;100
3;74,5;100
3;75;100
3;75,5;100
3;76;100
3;76,5;100
3;77;100
3;77,5;100
3;78;100
3,5;-22,5;96
3,5;-22;96
3,5;-21,5;100
3,5;-21;92
3,5;-20,5;96
3,5;-20;96
3,5;-19,5;100
3,5;-19;100
3,5;-18,5;92
3,5;-18;96
3,5;-17,5;100
3,5;-17;100
3,5;-16,5;100
3,5;-16;100
3,5;-15,5;100
3,5;-15;100
3,5;-14,5;100
3,5;-14;100
3,5;-13,5;100
3,5;-13;100
3,5;-12,5;100
3,5;-12;100
3,5;-11,5;100
3,5;-11;100
3,5;-10,5;100
3,5;-10;100
3,5;-9,5;100
3,5;-9;100
3,5;-8,5;100
3,5;-8;100
3,5;-7,5;96
3,5;-7;100
3,5;-6,5;100
3,5;-6;100
3,5;-5,5;100
3,5;-5;96
3,5;-4,5;100
3,5;-4;100
3,5;-3,5;100
3,5;-3;100
3,5;-2,5;100
3,5;-2;100
3,5;-1,5;100
3,5;-1;100
3,5;-0,5;100
3,5;0;100
3,5;0,5;100
3,5;1;100
3,5;1,5;100
3,5;2;100
3,5;2,5;100
3,5;3;100
3,5;3,5;100
3,5;4;100
3,5;4,5;100
3,5;5;100
3,5;5,5;100
3,5;6;100
3,5;6,5;100
3,5;7;100
3,5;7,5;100
3,5;8;100
3,5;8,5;100
3,5;9;100
3,5;9,5;100
3,5;10;100
3,5;10,5;100
3,5;11;100
3,5;11,5;100
3,5;12;100
3,5;12,5;100
3,5;13;100
3,5;13,5;100
3,5;14;100
3,5;14,5;100
3,5;15;100
3,5;15,5;100
3,5;16;100
3,5;16,5;100
3,5;17;100
3,5;17,5;100
3,5;18;100
3,5;18,5;96
3,5;19;100
3,5;19,5;100
3,5;20;100
3,5;20,5;100
3,5;21;100
3,5;21,5;100
3,5;22;100
3,5;22,5;100
3,5;23;100
3,5;23,5;100
3,5;24;100
3,5;24,5;100
3,5;25;100
3,5;25,5;100
3,5;26;100
3,5;26,5;100
3,5;27;100
3,5;27,5;100
3,5;28;100
3,5;28,5;100
3,5;29;100
3,5;29,5;100
3,5;30;100
3,5;30,5;100
3,5;31;100
3,5;31,5;100
3,5;32;100
3,5;32,5;100
3,5;33;100
3,5;33,5;100
3,5;34;100
3,5;34,5;100
3,5;35;100
3,5;35,5;100
3,5;36;100
3,5;36,5;100
3,5;37;100
3,5;37,5;100
3,5;38;100
3,5;38,5;100
3,5;39;100
3,5;39,5;100
3,5;40;100
3,5;40,5;100
3,5;41;100
3,5;41,5;100
3,5;42;100
3,5;42,5;100
3,5;43;100
3,5;43,5;100
3,5;44;100
3,5;44,5;100
3,5;45;100
3,5;45,5;100
3,5;46;100
3,5;46,5;100
3,5;47;100
3,5;47,5;100
3,5;48;100
3,5;48,5;100
3,5;49;100
3,5;49,5;100
3,5;50;100
3,5;50,5;100
3,5;51;100
3,5;51,5;100
3,5;52;100
3,5;52,5;100
3,5;53;100
3,5;53,5;100
3,5;54;100
3,5;54,5;100
3,5;55;100
3,5;55,5;100
3,5;56;100
3,5;56,5;100
3,5;57;100
3,5;57,5;100
3,5;58;100
3,5;58,5;100
3,5;59;100
3,5;59,5;100
3,5;60;100
3,5;60,5;100
3,5;61;100
3,5;61,5;100
3,5;62;100
3,5;62,5;100
3,5;63;100
3,5;63,5;100
3,5;64;100
3,5;64,5;100
3,5;65;100
3,5;65,5;100
3,5;66;100
3,5;66,5;100
3,5;67;100
3,5;67,5;100
3,5;68;100
3,5;68,5;100
3,5;69;100
3,5;69,5;100
3,5;70;100
3,5;70,5;100
3,5;71;100
3,5;71,5;100
3,5;72;100
3,5;72,5;100
3,5;73;100
3,5;73,5;100
3,5;74;96
3,5;74,5;100
3,5;75;96
3,5;75,5;100
3,5;76;100
3,5;76,5;100
3,5;77;100
3,5;77,5;100
3,5;78;100
4;-22,5;76
4;-22;100
4;-21,5;100
4;-21;96
4;-20,5;96
4;-20;84
4;-19,5;100
4;-19;80
4;-18,5;52
4;-18;92
4;-17,5;100
4;-17;100
4;-16,5;100
4;-16;100
4;-15,5;100
4;-15;100
4;-14,5;100
4;-14;100
4;-13,5;100
4;-13;100
4;-12,5;100
4;-12;100
4;-11,5;100
4;-11;100
4;-10,5;100
4;-10;100
4;-9,5;100
4;-9;100
4;-8,5;100
4;-8;100
4;-7,5;100
4;-7;100
4;-6,5;72
4;-6;100
4;-5,5;92
4;-5;100
4;-4,5;100
4;-4;100
4;-3,5;100
4;-3;100
4;-2,5;100
4;-2;100
4;-1,5;100
4;-1;100
4;-0,5;100
4;0;100
4;0,5;100
4;1;100
4;1,5;100
4;2;100
4;2,5;100
4;3;100
4;3,5;100
4;4;100
4;4,5;100
4;5;100
4;5,5;100
4;6;100
4;6,5;100
4;7;100
4;7,5;100
4;8;100
4;8,5;100
4;9;100
4;9,5;100
4;10;100
4;10,5;100
4;11;100
4;11,5;100
4;12;100
4;12,5;100
4;13;100
4;13,5;100
4;14;100
4;14,5;100
4;15;100
4;15,5;100
4;16;100
4;16,5;100
4;17;100
4;17,5;100
4;18;100
4;18,5;100
4;19;100
4;19,5;100
4;20;100
4;20,5;100
4;21;100
4;21,5;100
4;22;100
4;22,5;100
4;23;100
4;23,5;100
4;24;100
4;24,5;100
4;25;100
4;25,5;100
4;26;100
4;26,5;100
4;27;100
4;27,5;100
4;28;100
4;28,5;100
4;29;100
4;29,5;100
4;30;100
4;30,5;100
4;31;100
4;31,5;100
4;32;100
4;32,5;100
4;33;100
4;33,5;100
4;34;100
4;34,5;100
4;35;100
4;35,5;100
4;36;100
4;36,5;100
4;37;100
4;37,5;100
4;38;100
4;38,5;100
4;39;96
4;39,5;100
4;40;100
4;40,5;100
4;41;100
4;41,5;100
4;42;100
4;42,5;100
4;43;100
4;43,5;100
4;44;100
4;44,5;100
4;45;100
4;45,5;100
4;46;100
4;46,5;100
4;47;100
4;47,5;100
4;48;100
4;48,5;100
4;49;100
4;49,5;100
4;50;100
4;50,5;100
4;51;100
4;51,5;100
4;52;100
4;52,5;100
4;53;100
4;53,5;100
4;54;100
4;54,5;100
4;55;100
4;55,5;100
4;56;100
4;56,5;100
4;57;100
4;57,5;100
4;58;100
4;58,5;100
4;59;100
4;59,5;100
4;60;100
4;60,5;100
4;61;100
4;61,5;100
4;62;100
4;62,5;100
4;63;100
4;63,5;100
4;64;100
4;64,5;100
4;65;100
4;65,5;100
4;66;100
4;66,5;100
4;67;100
4;67,5;100
4;68;100
4;68,5;100
4;69;100
4;69,5;100
4;70;100
4;70,5;100
4;71;100
4;71,5;96
4;72;100
4;72,5;100
4;73;100
4;73,5;100
4;74;96
4;74,5;100
4;75;88
4;75,5;100
4;76;100
4;76,5;100
4;77;100
4;77,5;100
4;78;100
4;78,5;16
4,5;-22,5;80
4,5;-22;100
4,5;-21,5;100
4,5;-21;100
4,5;-20,5;100
4,5;-20;88
4,5;-19,5;88
4,5;-19;80
4,5;-18,5;48
4,5;-18;92
4,5;-17,5;100
4,5;-17;100
4,5;-16,5;100
4,5;-16;100
4,5;-15,5;100
4,5;-15;100
4,5;-14,5;100
4,5;-14;100
4,5;-13,5;100
4,5;-13;100
4,5;-12,5;100
4,5;-12;100
4,5;-11,5;100
4,5;-11;100
4,5;-10,5;100
4,5;-10;100
4,5;-9,5;92
4,5;-9;100
4,5;-8,5;100
4,5;-8;100
4,5;-7,5;100
4,5;-7;100
4,5;-6,5;92
4,5;-6;64
4,5;-5,5;96
4,5;-5;100
4,5;-4,5;100
4,5;-4;100
4,5;-3,5;100
4,5;-3;100
4,5;-2,5;100
4,5;-2;100
4,5;-1,5;100
4,5;-1;100
4,5;-0,5;100
4,5;0;100
4,5;0,5;100
4,5;1;100
4,5;1,5;100
4,5;2;100
4,5;2,5;100
4,5;3;100
4,5;3,5;100
4,5;4;100
4,5;4,5;100
4,5;5;100
4,5;5,5;100
4,5;6;96
4,5;6,5;100
4,5;7;100
4,5;7,5;100
4,5;8;100
4,5;8,5;100
4,5;9;100
4,5;9,5;100
4,5;10;100
4,5;10,5;100
4,5;11;100
4,5;11,5;100
4,5;12;100
4,5;12,5;100
4,5;13;100
4,5;13,5;100
4,5;14;100
4,5;14,5;100
4,5;15;100
4,5;15,5;100
4,5;16;100
4,5;16,5;100
4,5;17;100
4,5;17,5;100
4,5;18;100
4,5;18,5;100
4,5;19;96
4,5;19,5;100
4,5;20;100
4,5;20,5;100
4,5;21;100
4,5;21,5;100
4,5;22;100
4,5;22,5;100
4,5;23;100
4,5;23,5;100
4,5;24;100
4,5;24,5;100
4,5;25;100
4,5;25,5;100
4,5;26;100
4,5;26,5;100
4,5;27;100
4,5;27,5;100
4,5;28;100
4,5;28,5;100
4,5;29;100
4,5;29,5;100
4,5;30;100
4,5;30,5;100
4,5;31;100
4,5;31,5;100
4,5;32;100
4,5;32,5;100
4,5;33;100
4,5;33,5;100
4,5;34;100
4,5;34,5;100
4,5;35;100
4,5;35,5;100
4,5;36;100
4,5;36,5;100
4,5;37;100
4,5;37,5;100
4,5;38;100
4,5;38,5;100
4,5;39;100
4,5;39,5;100
4,5;40;100
4,5;40,5;100
4,5;41;100
4,5;41,5;100
4,5;42;100
4,5;42,5;100
4,5;43;100
4,5;43,5;100
4,5;44;100
4,5;44,5;100
4,5;45;100
4,5;45,5;100
4,5;46;100
4,5;46,5;100
4,5;47;100
4,5;47,5;100
4,5;48;100
4,5;48,5;100
4,5;49;100
4,5;49,5;100
4,5;50;100
4,5;50,5;100
4,5;51;100
4,5;51,5;100
4,5;52;100
4,5;52,5;100
4,5;53;100
4,5;53,5;100
4,5;54;100
4,5;54,5;100
4,5;55;100
4,5;55,5;100
4,5;56;100
4,5;56,5;100
4,5;57;100
4,5;57,5;100
4,5;58;100
4,5;58,5;100
4,5;59;100
4,5;59,5;100
4,5;60;100
4,5;60,5;100
4,5;61;100
4,5;61,5;100
4,5;62;100
4,5;62,5;92
4,5;63;100
4,5;63,5;100
4,5;64;100
4,5;64,5;100
4,5;65;100
4,5;65,5;100
4,5;66;100
4,5;66,5;100
4,5;67;100
4,5;67,5;100
4,5;68;100
4,5;68,5;100
4,5;69;100
4,5;69,5;100
4,5;70;100
4,5;70,5;100
4,5;71;100
4,5;71,5;100
4,5;72;100
4,5;72,5;100
4,5;73;96
4,5;73,5;92
4,5;74;68
4,5;74,5;96
4,5;75;92
4,5;75,5;100
4,5;76;100
4,5;76,5;96
4,5;77;100
4,5;77,5;100
4,5;78;100
4,5;78,5;20
5;-22,5;80
5;-22;100
5;-21,5;80
5;-21;96
5;-20,5;92
5;-20;24
5;-19,5;72
5;-19;88
5;-18,5;72
5;-18;96
5;-17,5;96
5;-17;100
5;-16,5;100
5;-16;100
5;-15,5;100
5;-15;100
5;-14,5;100
5;-14;100
5;-13,5;100
5;-13;100
5;-12,5;100
5;-12;100
5;-11,5;100
5;-11;100
5;-10,5;100
5;-10;100
5;-9,5;72
5;-9;40
5;-8,5;100
5;-8;100
5;-7,5;100
5;-7;96
5;-6,5;100
5;-6;96
5;-5,5;64
5;-5;32
5;-4,5;28
5;-4;72
5;-3,5;88
5;-3;100
5;-2,5;100
5;-2;100
5;-1,5;100
5;-1;100
5;-0,5;100
5;0;100
5;0,5;100
5;1;100
5;1,5;100
5;2;100
5;2,5;100
5;3;100
5;3,5;100
5;4;100
5;4,5;100
5;5;100
5;5,5;100
5;6;100
5;6,5;100
5;7;100
5;7,5;100
5;8;100
5;8,5;100
5;9;100
5;9,5;100
5;10;100
5;10,5;100
5;11;100
5;11,5;100
5;12;100
5;12,5;100
5;13;100
5;13,5;100
5;14;100
5;14,5;100
5;15;100
5;15,5;100
5;16;100
5;16,5;100
5;17;100
5;17,5;100
5;18;100
5;18,5;100
5;19;100
5;19,5;96
5;20;100
5;20,5;100
5;21;100
5;21,5;100
5;22;100
5;22,5;100
5;23;100
5;23,5;100
5;24;100
5;24,5;100
5;25;100
5;25,5;100
5;26;100
5;26,5;92
5;27;100
5;27,5;100
5;28;100
5;28,5;100
5;29;100
5;29,5;100
5;30;100
5;30,5;100
5;31;100
5;31,5;100
5;32;100
5;32,5;100
5;33;100
5;33,5;100
5;34;100
5;34,5;100
5;35;100
5;35,5;100
5;36;100
5;36,5;100
5;37;100
5;37,5;100
5;38;100
5;38,5;100
5;39;100
5;39,5;100
5;40;100
5;40,5;100
5;41;100
5;41,5;100
5;42;100
5;42,5;100
5;43;100
5;43,5;100
5;44;100
5;44,5;100
5;45;100
5;45,5;100
5;46;100
5;46,5;100
5;47;100
5;47,5;100
5;48;100
5;48,5;100
5;49;100
5;49,5;100
5;50;100
5;50,5;100
5;51;100
5;51,5;100
5;52;100
5;52,5;100
5;53;100
5;53,5;100
5;54;100
5;54,5;100
5;55;100
5;55,5;100
5;56;100
5;56,5;100
5;57;100
5;57,5;100
5;58;100
5;58,5;100
5;59;100
5;59,5;100
5;60;100
5;60,5;100
5;61;100
5;61,5;100
5;62;96
5;62,5;72
5;63;96
5;63,5;100
5;64;100
5;64,5;100
5;65;100
5;65,5;100
5;66;100
5;66,5;100
5;67;100
5;67,5;100
5;68;100
5;68,5;100
5;69;100
5;69,5;100
5;70;100
5;70,5;100
5;71;100
5;71,5;100
5;72;92
5;72,5;76
5;73;24
5;73,5;52
5;74;92
5;74,5;88
5;75;96
5;75,5;68
5;76;100
5;76,5;96
5;77;92
5;77,5;100
5;78;100
5;78,5;20
5,5;-22,5;80
5,5;-22;100
5,5;-21,5;88
5,5;-21;80
5,5;-20,5;68
5,5;-20;68
5,5;-19,5;80
5,5;-19;52
5,5;-18,5;80
5,5;-18;88
5,5;-17,5;80
5,5;-17;100
5,5;-16,5;92
5,5;-16;100
5,5;-15,5;100
5,5;-15;100
5,5;-14,5;100
5,5;-14;100
5,5;-13,5;100
5,5;-13;100
5,5;-12,5;100
5,5;-12;100
5,5;-11,5;100
5,5;-11;100
5,5;-10,5;100
5,5;-10;100
5,5;-9,5;100
5,5;-9;48
5,5;-8,5;52
5,5;-8;96
5,5;-7,5;100
5,5;-7;100
5,5;-6,5;100
5,5;-6;88
5,5;-5,5;16
5,5;-5;0
5,5;-4,5;0
5,5;-4;4
5,5;-3,5;36
5,5;-3;96
5,5;-2,5;100
5,5;-2;100
5,5;-1,5;100
5,5;-1;100
5,5;-0,5;100
5,5;0;100
5,5;0,5;100
5,5;1;100
5,5;1,5;100
5,5;2;100
5,5;2,5;100
5,5;3;100
5,5;3,5;100
5,5;4;100
5,5;4,5;100
5,5;5;100
5,5;5,5;100
5,5;6;100
5,5;6,5;100
5,5;7;100
5,5;7,5;100
5,5;8;100
5,5;8,5;100
5,5;9;100
5,5;9,5;100
5,5;10;100
5,5;10,5;100
5,5;11;100
5,5;11,5;100
5,5;12;100
5,5;12,5;100
5,5;13;100
5,5;13,5;100
5,5;14;100
5,5;14,5;100
5,5;15;100
5,5;15,5;96
5,5;16;100
5,5;16,5;100
5,5;17;100
5,5;17,5;96
5,5;18;96
5,5;18,5;100
5,5;19;100
5,5;19,5;100
5,5;20;100
5,5;20,5;100
5,5;21;92
5,5;21,5;100
5,5;22;100
5,5;22,5;100
5,5;23;100
5,5;23,5;100
5,5;24;100
5,5;24,5;100
5,5;25;100
5,5;25,5;100
5,5;26;100
5,5;26,5;100
5,5;27;100
5,5;27,5;100
5,5;28;100
5,5;28,5;100
5,5;29;100
5,5;29,5;100
5,5;30;100
5,5;30,5;100
5,5;31;100
5,5;31,5;100
5,5;32;100
5,5;32,5;100
5,5;33;100
5,5;33,5;100
5,5;34;100
5,5;34,5;100
5,5;35;100
5,5;35,5;100
5,5;36;100
5,5;36,5;100
5,5;37;100
5,5;37,5;100
5,5;38;100
5,5;38,5;100
5,5;39;100
5,5;39,5;100
5,5;40;100
5,5;40,5;100
5,5;41;100
5,5;41,5;100
5,5;42;100
5,5;42,5;100
5,5;43;100
5,5;43,5;100
5,5;44;100
5,5;44,5;100
5,5;45;100
5,5;45,5;100
5,5;46;100
5,5;46,5;100
5,5;47;100
5,5;47,5;100
5,5;48;100
5,5;48,5;100
5,5;49;100
5,5;49,5;100
5,5;50;100
5,5;50,5;100
5,5;51;100
5,5;51,5;100
5,5;52;100
5,5;52,5;100
5,5;53;100
5,5;53,5;100
5,5;54;100
5,5;54,5;100
5,5;55;100
5,5;55,5;100
5,5;56;100
5,5;56,5;100
5,5;57;100
5,5;57,5;100
5,5;58;100
5,5;58,5;100
5,5;59;100
5,5;59,5;100
5,5;60;100
5,5;60,5;100
5,5;61;100
5,5;61,5;100
5,5;62;100
5,5;62,5;84
5,5;63;84
5,5;63,5;100
5,5;64;100
5,5;64,5;100
5,5;65;100
5,5;65,5;100
5,5;66;100
5,5;66,5;100
5,5;67;100
5,5;67,5;100
5,5;68;100
5,5;68,5;100
5,5;69;100
5,5;69,5;100
5,5;70;100
5,5;70,5;100
5,5;71;96
5,5;71,5;100
5,5;72;84
5,5;72,5;52
5,5;73;36
5,5;73,5;72
5,5;74;84
5,5;74,5;96
5,5;75;92
5,5;75,5;76
5,5;76;100
5,5;76,5;100
5,5;77;100
5,5;77,5;100
5,5;78;100
5,5;78,5;20
6;-22,5;80
6;-22;100
6;-21,5;96
6;-21;92
6;-20,5;100
6;-20;100
6;-19,5;100
6;-19;68
6;-18,5;76
6;-18;100
6;-17,5;88
6;-17;96
6;-16,5;100
6;-16;100
6;-15,5;100
6;-15;100
6;-14,5;100
6;-14;100
6;-13,5;100
6;-13;100
6;-12,5;100
6;-12;100
6;-11,5;100
6;-11;100
6;-10,5;100
6;-10;100
6;-9,5;100
6;-9;100
6;-8,5;88
6;-8;96
6;-7,5;100
6;-7;100
6;-6,5;100
6;-6;100
6;-5,5;68
6;-5;0
6;-4,5;0
6;-4;0
6;-3,5;0
6;-3;24
6;-2,5;52
6;-2;84
6;-1,5;100
6;-1;92
6;-0,5;100
6;0;100
6;0,5;100
6;1;100
6;1,5;100
6;2;100
6;2,5;100
6;3;100
6;3,5;100
6;4;100
6;4,5;100
6;5;100
6;5,5;100
6;6;100
6;6,5;100
6;7;100
6;7,5;100
6;8;100
6;8,5;100
6;9;100
6;9,5;100
6;10;100
6;10,5;100
6;11;100
6;11,5;100
6;12;100
6;12,5;100
6;13;100
6;13,5;100
6;14;100
6;14,5;100
6;15;100
6;15,5;100
6;16;100
6;16,5;100
6;17;96
6;17,5;100
6;18;96
6;18,5;100
6;19;100
6;19,5;100
6;20;100
6;20,5;100
6;21;100
6;21,5;100
6;22;100
6;22,5;100
6;23;100
6;23,5;100
6;24;100
6;24,5;100
6;25;100
6;25,5;100
6;26;100
6;26,5;100
6;27;100
6;27,5;100
6;28;100
6;28,5;100
6;29;100
6;29,5;100
6;30;100
6;30,5;100
6;31;100
6;31,5;100
6;32;100
6;32,5;100
6;33;100
6;33,5;100
6;34;100
6;34,5;100
6;35;100
6;35,5;100
6;36;100
6;36,5;100
6;37;100
6;37,5;100
6;38;100
6;38,5;100
6;39;100
6;39,5;100
6;40;100
6;40,5;100
6;41;100
6;41,5;100
6;42;100
6;42,5;100
6;43;100
6;43,5;100
6;44;100
6;44,5;100
6;45;100
6;45,5;100
6;46;100
6;46,5;100
6;47;100
6;47,5;100
6;48;100
6;48,5;100
6;49;100
6;49,5;100
6;50;100
6;50,5;100
6;51;100
6;51,5;100
6;52;100
6;52,5;100
6;53;100
6;53,5;100
6;54;100
6;54,5;100
6;55;100
6;55,5;100
6;56;100
6;56,5;100
6;57;100
6;57,5;100
6;58;100
6;58,5;100
6;59;100
6;59,5;100
6;60;88
6;60,5;100
6;61;100
6;61,5;100
6;62;100
6;62,5;100
6;63;100
6;63,5;100
6;64;100
6;64,5;100
6;65;100
6;65,5;100
6;66;100
6;66,5;100
6;67;100
6;67,5;100
6;68;100
6;68,5;100
6;69;100
6;69,5;100
6;70;100
6;70,5;100
6;71;100
6;71,5;80
6;72;72
6;72,5;64
6;73;100
6;73,5;100
6;74;100
6;74,5;100
6;75;96
6;75,5;88
6;76;100
6;76,5;100
6;77;100
6;77,5;100
6;78;100
6;78,5;20
6,5;-22,5;80
6,5;-22;100
6,5;-21,5;100
6,5;-21;100
6,5;-20,5;100
6,5;-20;100
6,5;-19,5;100
6,5;-19;100
6,5;-18,5;100
6,5;-18;100
6,5;-17,5;92
6,5;-17;92
6,5;-16,5;100
6,5;-16;100
6,5;-15,5;100
6,5;-15;100
6,5;-14,5;100
6,5;-14;100
6,5;-13,5;100
6,5;-13;100
6,5;-12,5;100
6,5;-12;100
6,5;-11,5;100
6,5;-11;100
6,5;-10,5;100
6,5;-10;100
6,5;-9,5;100
6,5;-9;100
6,5;-8,5;100
6,5;-8;100
6,5;-7,5;100
6,5;-7;88
6,5;-6,5;100
6,5;-6;92
6,5;-5,5;88
6,5;-5;28
6,5;-4,5;0
6,5;-4;0
6,5;-3,5;0
6,5;-3;0
6,5;-2,5;0
6,5;-2;0
6,5;-1,5;36
6,5;-1;100
6,5;-0,5;100
6,5;0;100
6,5;0,5;100
6,5;1;100
6,5;1,5;100
6,5;2;100
6,5;2,5;100
6,5;3;100
6,5;3,5;100
6,5;4;100
6,5;4,5;100
6,5;5;100
6,5;5,5;100
6,5;6;100
6,5;6,5;100
6,5;7;96
6,5;7,5;100
6,5;8;100
6,5;8,5;100
6,5;9;100
6,5;9,5;100
6,5;10;100
6,5;10,5;100
6,5;11;100
6,5;11,5;100
6,5;12;100
6,5;12,5;100
6,5;13;100
6,5;13,5;100
6,5;14;100
6,5;14,5;100
6,5;15;100
6,5;15,5;100
6,5;16;100
6,5;16,5;100
6,5;17;100
6,5;17,5;100
6,5;18;100
6,5;18,5;100
6,5;19;100
6,5;19,5;100
6,5;20;100
6,5;20,5;100
6,5;21;100
6,5;21,5;100
6,5;22;100
6,5;22,5;100
6,5;23;100
6,5;23,5;100
6,5;24;100
6,5;24,5;100
6,5;25;100
6,5;25,5;100
6,5;26;100
6,5;26,5;100
6,5;27;100
6,5;27,5;100
6,5;28;100
6,5;28,5;100
6,5;29;100
6,5;29,5;100
6,5;30;100
6,5;30,5;100
6,5;31;100
6,5;31,5;100
6,5;32;100
6,5;32,5;100
6,5;33;100
6,5;33,5;100
6,5;34;100
6,5;34,5;100
6,5;35;100
6,5;35,5;100
6,5;36;100
6,5;36,5;100
6,5;37;100
6,5;37,5;100
6,5;38;100
6,5;38,5;100
6,5;39;100
6,5;39,5;100
6,5;40;100
6,5;40,5;100
6,5;41;100
6,5;41,5;100
6,5;42;100
6,5;42,5;100
6,5;43;100
6,5;43,5;100
6,5;44;100
6,5;44,5;100
6,5;45;100
6,5;45,5;100
6,5;46;100
6,5;46,5;100
6,5;47;100
6,5;47,5;100
6,5;48;100
6,5;48,5;100
6,5;49;100
6,5;49,5;100
6,5;50;100
6,5;50,5;100
6,5;51;100
6,5;51,5;100
6,5;52;100
6,5;52,5;100
6,5;53;100
6,5;53,5;100
6,5;54;100
6,5;54,5;100
6,5;55;100
6,5;55,5;100
6,5;56;100
6,5;56,5;100
6,5;57;100
6,5;57,5;100
6,5;58;100
6,5;58,5;100
6,5;59;100
6,5;59,5;100
6,5;60;100
6,5;60,5;100
6,5;61;100
6,5;61,5;100
6,5;62;100
6,5;62,5;100
6,5;63;96
6,5;63,5;92
6,5;64;100
6,5;64,5;100
6,5;65;100
6,5;65,5;100
6,5;66;100
6,5;66,5;100
6,5;67;100
6,5;67,5;100
6,5;68;100
6,5;68,5;100
6,5;69;100
6,5;69,5;100
6,5;70;100
6,5;70,5;100
6,5;71;100
6,5;71,5;100
6,5;72;96
6,5;72,5;92
6,5;73;100
6,5;73,5;100
6,5;74;100
6,5;74,5;100
6,5;75;100
6,5;75,5;100
6,5;76;100
6,5;76,5;100
6,5;77;100
6,5;77,5;100
6,5;78;100
6,5;78,5;20
7;-22,5;80
7;-22;100
7;-21,5;100
7;-21;100
7;-20,5;100
7;-20;100
7;-19,5;88
7;-19;92
7;-18,5;100
7;-18;100
7;-17,5;100
7;-17;100
7;-16,5;100
7;-16;100
7;-15,5;100
7;-15;100
7;-14,5;100
7;-14;100
7;-13,5;100
7;-13;100
7;-12,5;100
7;-12;100
7;-11,5;100
7;-11;100
7;-10,5;100
7;-10;100
7;-9,5;100
7;-9;100
7;-8,5;100
7;-8;100
7;-7,5;88
7;-7;100
7;-6,5;100
7;-6;72
7;-5,5;100
7;-5;16
7;-4,5;24
7;-4;0
7;-3,5;0
7;-3;0
7;-2,5;0
7;-2;0
7;-1,5;92
7;-1;100
7;-0,5;100
7;0;100
7;0,5;100
7;1;100
7;1,5;100
7;2;100
7;2,5;100
7;3;100
7;3,5;100
7;4;100
7;4,5;100
7;5;100
7;5,5;100
7;6;100
7;6,5;100
7;7;100
7;7,5;96
7;8;100
7;8,5;100
7;9;100
7;9,5;100
7;10;100
7;10,5;100
7;11;100
7;11,5;100
7;12;100
7;12,5;100
7;13;100
7;13,5;100
7;14;100
7;14,5;100
7;15;100
7;15,5;100
7;16;100
7;16,5;100
7;17;100
7;17,5;100
7;18;100
7;18,5;100
7;19;100
7;19,5;88
7;20;76
7;20,5;100
7;21;100
7;21,5;100
7;22;100
7;22,5;100
7;23;100
7;23,5;100
7;24;100
7;24,5;100
7;25;100
7;25,5;100
7;26;100
7;26,5;100
7;27;100
7;27,5;100
7;28;100
7;28,5;100
7;29;100
7;29,5;100
7;30;100
7;30,5;100
7;31;100
7;31,5;100
7;32;100
7;32,5;100
7;33;100
7;33,5;100
7;34;100
7;34,5;100
7;35;100
7;35,5;100
7;36;100
7;36,5;100
7;37;100
7;37,5;100
7;38;100
7;38,5;100
7;39;100
7;39,5;100
7;40;100
7;40,5;100
7;41;100
7;41,5;100
7;42;100
7;42,5;100
7;43;100
7;43,5;100
7;44;100
7;44,5;100
7;45;100
7;45,5;100
7;46;100
7;46,5;100
7;47;100
7;47,5;100
7;48;100
7;48,5;100
7;49;100
7;49,5;100
7;50;100
7;50,5;100
7;51;100
7;51,5;100
7;52;100
7;52,5;100
7;53;100
7;53,5;100
7;54;100
7;54,5;100
7;55;100
7;55,5;100
7;56;100
7;56,5;100
7;57;100
7;57,5;100
7;58;100
7;58,5;100
7;59;100
7;59,5;100
7;60;100
7;60,5;100
7;61;100
7;61,5;100
7;62;100
7;62,5;96
7;63;96
7;63,5;100
7;64;100
7;64,5;100
7;65;100
7;65,5;100
7;66;100
7;66,5;100
7;67;100
7;67,5;100
7;68;100
7;68,5;100
7;69;100
7;69,5;100
7;70;100
7;70,5;100
7;71;92
7;71,5;100
7;72;100
7;72,5;100
7;73;100
7;73,5;100
7;74;100
7;74,5;96
7;75;100
7;75,5;100
7;76;88
7;76,5;100
7;77;100
7;77,5;100
7;78;100
7;78,5;40
7,5;-22,5;80
7,5;-22;100
7,5;-21,5;100
7,5;-21;100
7,5;-20,5;100
7,5;-20;92
7,5;-19,5;60
7,5;-19;100
7,5;-18,5;100
7,5;-18;100
7,5;-17,5;100
7,5;-17;100
7,5;-16,5;96
7,5;-16;96
7,5;-15,5;100
7,5;-15;100
7,5;-14,5;100
7,5;-14;100
7,5;-13,5;100
7,5;-13;100
7,5;-12,5;100
7,5;-12;100
7,5;-11,5;100
7,5;-11;100
7,5;-10,5;100
7,5;-10;100
7,5;-9,5;100
7,5;-9;100
7,5;-8,5;100
7,5;-8;100
7,5;-7,5;100
7,5;-7;100
7,5;-6,5;100
7,5;-6;100
7,5;-5,5;100
7,5;-5;88
7,5;-4,5;84
7,5;-4;0
7,5;-3,5;48
7,5;-3;0
7,5;-2,5;0
7,5;-2;8
7,5;-1,5;96
7,5;-1;100
7,5;-0,5;100
7,5;0;96
7,5;0,5;100
7,5;1;100
7,5;1,5;100
7,5;2;100
7,5;2,5;100
7,5;3;100
7,5;3,5;100
7,5;4;100
7,5;4,5;100
7,5;5;100
7,5;5,5;100
7,5;6;100
7,5;6,5;100
7,5;7;100
7,5;7,5;100
7,5;8;100
7,5;8,5;100
7,5;9;100
7,5;9,5;100
7,5;10;100
7,5;10,5;100
7,5;11;100
7,5;11,5;100
7,5;12;100
7,5;12,5;100
7,5;13;100
7,5;13,5;100
7,5;14;100
7,5;14,5;100
7,5;15;100
7,5;15,5;100
7,5;16;100
7,5;16,5;100
7,5;17;100
7,5;17,5;100
7,5;18;100
7,5;18,5;100
7,5;19;100
7,5;19,5;100
7,5;20;100
7,5;20,5;100
7,5;21;100
7,5;21,5;100
7,5;22;100
7,5;22,5;100
7,5;23;100
7,5;23,5;100
7,5;24;100
7,5;24,5;100
7,5;25;100
7,5;25,5;100
7,5;26;100
7,5;26,5;100
7,5;27;100
7,5;27,5;100
7,5;28;100
7,5;28,5;100
7,5;29;100
7,5;29,5;100
7,5;30;100
7,5;30,5;100
7,5;31;100
7,5;31,5;100
7,5;32;100
7,5;32,5;100
7,5;33;92
7,5;33,5;100
7,5;34;100
7,5;34,5;100
7,5;35;100
7,5;35,5;100
7,5;36;100
7,5;36,5;100
7,5;37;100
7,5;37,5;100
7,5;38;100
7,5;38,5;100
7,5;39;100
7,5;39,5;100
7,5;40;100
7,5;40,5;100
7,5;41;100
7,5;41,5;100
7,5;42;100
7,5;42,5;100
7,5;43;100
7,5;43,5;100
7,5;44;100
7,5;44,5;100
7,5;45;100
7,5;45,5;100
7,5;46;100
7,5;46,5;100
7,5;47;100
7,5;47,5;100
7,5;48;100
7,5;48,5;100
7,5;49;100
7,5;49,5;100
7,5;50;100
7,5;50,5;100
7,5;51;100
7,5;51,5;100
7,5;52;100
7,5;52,5;100
7,5;53;100
7,5;53,5;100
7,5;54;100
7,5;54,5;100
7,5;55;100
7,5;55,5;100
7,5;56;100
7,5;56,5;100
7,5;57;100
7,5;57,5;100
7,5;58;100
7,5;58,5;100
7,5;59;100
7,5;59,5;100
7,5;60;100
7,5;60,5;100
7,5;61;100
7,5;61,5;100
7,5;62;100
7,5;62,5;96
7,5;63;100
7,5;63,5;100
7,5;64;92
7,5;64,5;100
7,5;65;100
7,5;65,5;100
7,5;66;100
7,5;66,5;100
7,5;67;100
7,5;67,5;100
7,5;68;100
7,5;68,5;100
7,5;69;100
7,5;69,5;100
7,5;70;100
7,5;70,5;88
7,5;71;100
7,5;71,5;100
7,5;72;100
7,5;72,5;100
7,5;73;100
7,5;73,5;100
7,5;74;100
7,5;74,5;100
7,5;75;100
7,5;75,5;100
7,5;76;100
7,5;76,5;96
7,5;77;100
7,5;77,5;100
7,5;78;100
7,5;78,5;36
8;-22,5;76
8;-22;100
8;-21,5;100
8;-21;100
8;-20,5;100
8;-20;92
8;-19,5;72
8;-19;100
8;-18,5;100
8;-18;100
8;-17,5;100
8;-17;100
8;-16,5;100
8;-16;100
8;-15,5;100
8;-15;100
8;-14,5;100
8;-14;100
8;-13,5;100
8;-13;100
8;-12,5;100
8;-12;100
8;-11,5;100
8;-11;100
8;-10,5;100
8;-10;100
8;-9,5;100
8;-9;100
8;-8,5;100
8;-8;100
8;-7,5;100
8;-7;100
8;-6,5;100
8;-6;100
8;-5,5;100
8;-5;100
8;-4,5;96
8;-4;88
8;-3,5;92
8;-3;4
8;-2,5;0
8;-2;36
8;-1,5;100
8;-1;100
8;-0,5;100
8;0;96
8;0,5;100
8;1;100
8;1,5;100
8;2;100
8;2,5;100
8;3;100
8;3,5;100
8;4;100
8;4,5;100
8;5;100
8;5,5;100
8;6;100
8;6,5;100
8;7;100
8;7,5;100
8;8;100
8;8,5;100
8;9;100
8;9,5;100
8;10;100
8;10,5;100
8;11;100
8;11,5;100
8;12;100
8;12,5;100
8;13;100
8;13,5;100
8;14;100
8;14,5;100
8;15;100
8;15,5;100
8;16;100
8;16,5;100
8;17;100
8;17,5;100
8;18;100
8;18,5;100
8;19;100
8;19,5;100
8;20;100
8;20,5;100
8;21;100
8;21,5;100
8;22;100
8;22,5;100
8;23;100
8;23,5;100
8;24;100
8;24,5;100
8;25;100
8;25,5;100
8;26;100
8;26,5;100
8;27;100
8;27,5;100
8;28;100
8;28,5;100
8;29;100
8;29,5;100
8;30;100
8;30,5;100
8;31;100
8;31,5;100
8;32;100
8;32,5;100
8;33;100
8;33,5;96
8;34;100
8;34,5;100
8;35;100
8;35,5;100
8;36;100
8;36,5;100
8;37;100
8;37,5;100
8;38;100
8;38,5;100
8;39;100
8;39,5;100
8;40;100
8;40,5;100
8;41;100
8;41,5;100
8;42;100
8;42,5;100
8;43;100
8;43,5;100
8;44;100
8;44,5;100
8;45;100
8;45,5;100
8;46;100
8;46,5;100
8;47;100
8;47,5;100
8;48;100
8;48,5;100
8;49;100
8;49,5;96
8;50;88
8;50,5;100
8;51;100
8;51,5;100
8;52;100
8;52,5;100
8;53;100
8;53,5;100
8;54;100
8;54,5;100
8;55;100
8;55,5;100
8;56;100
8;56,5;100
8;57;100
8;57,5;100
8;58;100
8;58,5;100
8;59;100
8;59,5;100
8;60;100
8;60,5;100
8;61;100
8;61,5;100
8;62;100
8;62,5;56
8;63;72
8;63,5;100
8;64;100
8;64,5;100
8;65;100
8;65,5;100
8;66;100
8;66,5;100
8;67;100
8;67,5;100
8;68;100
8;68,5;100
8;69;100
8;69,5;100
8;70;100
8;70,5;96
8;71;100
8;71,5;100
8;72;100
8;72,5;100
8;73;100
8;73,5;100
8;74;100
8;74,5;100
8;75;100
8;75,5;100
8;76;100
8;76,5;100
8;77;100
8;77,5;100
8;78;100
8;78,5;36
8,5;-22,5;64
8,5;-22;100
8,5;-21,5;100
8,5;-21;100
8,5;-20,5;100
8,5;-20;100
8,5;-19,5;92
8,5;-19;96
8,5;-18,5;92
8,5;-18;100
8,5;-17,5;96
8,5;-17;100
8,5;-16,5;100
8,5;-16;100
8,5;-15,5;100
8,5;-15;100
8,5;-14,5;100
8,5;-14;100
8,5;-13,5;100
8,5;-13;100
8,5;-12,5;100
8,5;-12;100
8,5;-11,5;100
8,5;-11;100
8,5;-10,5;100
8,5;-10;100
8,5;-9,5;100
8,5;-9;100
8,5;-8,5;100
8,5;-8;100
8,5;-7,5;100
8,5;-7;100
8,5;-6,5;100
8,5;-6;100
8,5;-5,5;100
8,5;-5;100
8,5;-4,5;100
8,5;-4;100
8,5;-3,5;100
8,5;-3;80
8,5;-2,5;60
8,5;-2;80
8,5;-1,5;100
8,5;-1;100
8,5;-0,5;100
8,5;0;100
8,5;0,5;100
8,5;1;100
8,5;1,5;100
8,5;2;100
8,5;2,5;100
8,5;3;100
8,5;3,5;100
8,5;4;100
8,5;4,5;100
8,5;5;100
8,5;5,5;100
8,5;6;100
8,5;6,5;100
8,5;7;100
8,5;7,5;100
8,5;8;100
8,5;8,5;100
8,5;9;100
8,5;9,5;100
8,5;10;100
8,5;10,5;100
8,5;11;100
8,5;11,5;100
8,5;12;100
8,5;12,5;100
8,5;13;100
8,5;13,5;100
8,5;14;100
8,5;14,5;100
8,5;15;100
8,5;15,5;100
8,5;16;100
8,5;16,5;100
8,5;17;100
8,5;17,5;100
8,5;18;100
8,5;18,5;100
8,5;19;100
8,5;19,5;100
8,5;20;100
8,5;20,5;100
8,5;21;100
8,5;21,5;100
8,5;22;100
8,5;22,5;100
8,5;23;100
8,5;23,5;100
8,5;24;100
8,5;24,5;100
8,5;25;100
8,5;25,5;100
8,5;26;100
8,5;26,5;100
8,5;27;100
8,5;27,5;100
8,5;28;100
8,5;28,5;100
8,5;29;100
8,5;29,5;100
8,5;30;100
8,5;30,5;100
8,5;31;100
8,5;31,5;100
8,5;32;100
8,5;32,5;100
8,5;33;100
8,5;33,5;100
8,5;34;100
8,5;34,5;100
8,5;35;100
8,5;35,5;100
8,5;36;100
8,5;36,5;100
8,5;37;100
8,5;37,5;96
8,5;38;100
8,5;38,5;100
8,5;39;100
8,5;39,5;100
8,5;40;100
8,5;40,5;100
8,5;41;100
8,5;41,5;100
8,5;42;100
8,5;42,5;100
8,5;43;100
8,5;43,5;100
8,5;44;100
8,5;44,5;100
8,5;45;100
8,5;45,5;100
8,5;46;100
8,5;46,5;100
8,5;47;100
8,5;47,5;100
8,5;48;100
8,5;48,5;100
8,5;49;100
8,5;49,5;100
8,5;50;100
8,5;50,5;100
8,5;51;96
8,5;51,5;100
8,5;52;100
8,5;52,5;100
8,5;53;100
8,5;53,5;100
8,5;54;100
8,5;54,5;100
8,5;55;100
8,5;55,5;100
8,5;56;100
8,5;56,5;100
8,5;57;100
8,5;57,5;100
8,5;58;100
8,5;58,5;100
8,5;59;100
8,5;59,5;100
8,5;60;100
8,5;60,5;100
8,5;61;100
8,5;61,5;100
8,5;62;100
8,5;62,5;76
8,5;63;12
8,5;63,5;84
8,5;64;100
8,5;64,5;100
8,5;65;100
8,5;65,5;88
8,5;66;100
8,5;66,5;100
8,5;67;100
8,5;67,5;100
8,5;68;100
8,5;68,5;100
8,5;69;100
8,5;69,5;100
8,5;70;100
8,5;70,5;100
8,5;71;100
8,5;71,5;100
8,5;72;100
8,5;72,5;100
8,5;73;100
8,5;73,5;100
8,5;74;100
8,5;74,5;100
8,5;75;80
8,5;75,5;100
8,5;76;100
8,5;76,5;100
8,5;77;100
8,5;77,5;100
8,5;78;100
8,5;78,5;40
9;-22,5;60
9;-22;100
9;-21,5;100
9;-21;100
9;-20,5;100
9;-20;100
9;-19,5;100
9;-19;100
9;-18,5;88
9;-18;100
9;-17,5;84
9;-17;92
9;-16,5;96
9;-16;100
9;-15,5;100
9;-15;100
9;-14,5;100
9;-14;100
9;-13,5;100
9;-13;100
9;-12,5;100
9;-12;100
9;-11,5;100
9;-11;100
9;-10,5;100
9;-10;100
9;-9,5;100
9;-9;100
9;-8,5;100
9;-8;100
9;-7,5;100
9;-7;100
9;-6,5;100
9;-6;100
9;-5,5;100
9;-5;100
9;-4,5;100
9;-4;100
9;-3,5;100
9;-3;100
9;-2,5;100
9;-2;100
9;-1,5;100
9;-1;100
9;-0,5;100
9;0;100
9;0,5;100
9;1;100
9;1,5;100
9;2;100
9;2,5;100
9;3;100
9;3,5;100
9;4;100
9;4,5;100
9;5;100
9;5,5;100
9;6;100
9;6,5;100
9;7;100
9;7,5;100
9;8;100
9;8,5;100
9;9;100
9;9,5;100
9;10;100
9;10,5;100
9;11;100
9;11,5;100
9;12;100
9;12,5;100
9;13;100
9;13,5;100
9;14;100
9;14,5;100
9;15;100
9;15,5;100
9;16;100
9;16,5;100
9;17;100
9;17,5;100
9;18;100
9;18,5;100
9;19;100
9;19,5;100
9;20;100
9;20,5;100
9;21;100
9;21,5;100
9;22;100
9;22,5;100
9;23;100
9;23,5;100
9;24;100
9;24,5;100
9;25;100
9;25,5;100
9;26;100
9;26,5;100
9;27;100
9;27,5;100
9;28;100
9;28,5;100
9;29;100
9;29,5;100
9;30;100
9;30,5;100
9;31;100
9;31,5;100
9;32;100
9;32,5;100
9;33;100
9;33,5;100
9;34;100
9;34,5;100
9;35;100
9;35,5;100
9;36;100
9;36,5;100
9;37;100
9;37,5;100
9;38;100
9;38,5;96
9;39;100
9;39,5;100
9;40;100
9;40,5;100
9;41;100
9;41,5;100
9;42;100
9;42,5;100
9;43;100
9;43,5;100
9;44;100
9;44,5;100
9;45;100
9;45,5;100
9;46;100
9;46,5;100
9;47;100
9;47,5;100
9;48;100
9;48,5;100
9;49;100
9;49,5;100
9;50;100
9;50,5;100
9;51;88
9;51,5;100
9;52;100
9;52,5;100
9;53;100
9;53,5;100
9;54;100
9;54,5;100
9;55;100
9;55,5;100
9;56;100
9;56,5;100
9;57;100
9;57,5;100
9;58;100
9;58,5;100
9;59;100
9;59,5;100
9;60;100
9;60,5;100
9;61;100
9;61,5;100
9;62;100
9;62,5;100
9;63;40
9;63,5;88
9;64;100
9;64,5;100
9;65;92
9;65,5;52
9;66;40
9;66,5;96
9;67;100
9;67,5;100
9;68;100
9;68,5;100
9;69;100
9;69,5;100
9;70;100
9;70,5;100
9;71;100
9;71,5;100
9;72;100
9;72,5;100
9;73;100
9;73,5;100
9;74;100
9;74,5;100
9;75;100
9;75,5;100
9;76;96
9;76,5;100
9;77;100
9;77,5;100
9;78;100
9;78,5;40
9,5;-22,5;60
9,5;-22;100
9,5;-21,5;100
9,5;-21;100
9,5;-20,5;100
9,5;-20;100
9,5;-19,5;84
9,5;-19;84
9,5;-18,5;72
9,5;-18;56
9,5;-17,5;88
9,5;-17;100
9,5;-16,5;100
9,5;-16;100
9,5;-15,5;100
9,5;-15;100
9,5;-14,5;100
9,5;-14;100
9,5;-13,5;100
9,5;-13;100
9,5;-12,5;100
9,5;-12;100
9,5;-11,5;100
9,5;-11;100
9,5;-10,5;100
9,5;-10;100
9,5;-9,5;96
9,5;-9;100
9,5;-8,5;100
9,5;-8;100
9,5;-7,5;100
9,5;-7;100
9,5;-6,5;100
9,5;-6;100
9,5;-5,5;100
9,5;-5;100
9,5;-4,5;100
9,5;-4;100
9,5;-3,5;100
9,5;-3;100
9,5;-2,5;100
9,5;-2;100
9,5;-1,5;96
9,5;-1;100
9,5;-0,5;100
9,5;0;100
9,5;0,5;100
9,5;1;100
9,5;1,5;100
9,5;2;100
9,5;2,5;100
9,5;3;100
9,5;3,5;100
9,5;4;100
9,5;4,5;100
9,5;5;100
9,5;5,5;96
9,5;6;100
9,5;6,5;100
9,5;7;100
9,5;7,5;100
9,5;8;100
9,5;8,5;100
9,5;9;100
9,5;9,5;100
9,5;10;100
9,5;10,5;100
9,5;11;100
9,5;11,5;100
9,5;12;100
9,5;12,5;100
9,5;13;100
9,5;13,5;100
9,5;14;100
9,5;14,5;100
9,5;15;100
9,5;15,5;100
9,5;16;100
9,5;16,5;100
9,5;17;100
9,5;17,5;100
9,5;18;100
9,5;18,5;100
9,5;19;100
9,5;19,5;100
9,5;20;100
9,5;20,5;100
9,5;21;100
9,5;21,5;100
9,5;22;100
9,5;22,5;100
9,5;23;100
9,5;23,5;100
9,5;24;100
9,5;24,5;100
9,5;25;100
9,5;25,5;100
9,5;26;100
9,5;26,5;100
9,5;27;100
9,5;27,5;100
9,5;28;100
9,5;28,5;100
9,5;29;100
9,5;29,5;100
9,5;30;100
9,5;30,5;100
9,5;31;100
9,5;31,5;100
9,5;32;100
9,5;32,5;100
9,5;33;100
9,5;33,5;100
9,5;34;100
9,5;34,5;100
9,5;35;100
9,5;35,5;100
9,5;36;100
9,5;36,5;100
9,5;37;100
9,5;37,5;100
9,5;38;100
9,5;38,5;96
9,5;39;92
9,5;39,5;100
9,5;40;100
9,5;40,5;100
9,5;41;100
9,5;41,5;100
9,5;42;100
9,5;42,5;100
9,5;43;100
9,5;43,5;100
9,5;44;100
9,5;44,5;100
9,5;45;100
9,5;45,5;100
9,5;46;100
9,5;46,5;100
9,5;47;100
9,5;47,5;100
9,5;48;100
9,5;48,5;100
9,5;49;100
9,5;49,5;100
9,5;50;100
9,5;50,5;100
9,5;51;100
9,5;51,5;100
9,5;52;100
9,5;52,5;100
9,5;53;100
9,5;53,5;100
9,5;54;100
9,5;54,5;100
9,5;55;100
9,5;55,5;100
9,5;56;100
9,5;56,5;100
9,5;57;100
9,5;57,5;100
9,5;58;100
9,5;58,5;100
9,5;59;100
9,5;59,5;100
9,5;60;100
9,5;60,5;100
9,5;61;100
9,5;61,5;100
9,5;62;100
9,5;62,5;96
9,5;63;100
9,5;63,5;100
9,5;64;100
9,5;64,5;100
9,5;65;100
9,5;65,5;80
9,5;66;76
9,5;66,5;96
9,5;67;100
9,5;67,5;100
9,5;68;100
9,5;68,5;100
9,5;69;100
9,5;69,5;100
9,5;70;100
9,5;70,5;100
9,5;71;100
9,5;71,5;100
9,5;72;100
9,5;72,5;100
9,5;73;100
9,5;73,5;100
9,5;74;100
9,5;74,5;100
9,5;75;100
9,5;75,5;100
9,5;76;96
9,5;76,5;100
9,5;77;100
9,5;77,5;100
9,5;78;100
9,5;78,5;44
10;-22,5;56
10;-22;100
10;-21,5;100
10;-21;100
10;-20,5;100
10;-20;100
10;-19,5;84
10;-19;92
10;-18,5;52
10;-18;76
10;-17,5;96
10;-17;96
10;-16,5;100
10;-16;100
10;-15,5;100
10;-15;100
10;-14,5;100
10;-14;100
10;-13,5;100
10;-13;100
10;-12,5;100
10;-12;100
10;-11,5;100
10;-11;100
10;-10,5;100
10;-10;100
10;-9,5;100
10;-9;100
10;-8,5;100
10;-8;100
10;-7,5;100
10;-7;100
10;-6,5;100
10;-6;100
10;-5,5;100
10;-5;100
10;-4,5;100
10;-4;100
10;-3,5;100
10;-3;100
10;-2,5;100
10;-2;100
10;-1,5;100
10;-1;100
10;-0,5;100
10;0;100
10;0,5;100
10;1;100
10;1,5;100
10;2;100
10;2,5;100
10;3;100
10;3,5;100
10;4;100
10;4,5;100
10;5;100
10;5,5;100
10;6;100
10;6,5;100
10;7;100
10;7,5;100
10;8;100
10;8,5;100
10;9;100
10;9,5;100
10;10;100
10;10,5;100
10;11;100
10;11,5;100
10;12;100
10;12,5;100
10;13;100
10;13,5;100
10;14;100
10;14,5;100
10;15;100
10;15,5;100
10;16;100
10;16,5;100
10;17;100
10;17,5;100
10;18;100
10;18,5;100
10;19;100
10;19,5;100
10;20;100
10;20,5;96
10;21;100
10;21,5;100
10;22;100
10;22,5;100
10;23;100
10;23,5;100
10;24;100
10;24,5;100
10;25;96
10;25,5;100
10;26;100
10;26,5;100
10;27;100
10;27,5;100
10;28;100
10;28,5;100
10;29;100
10;29,5;100
10;30;100
10;30,5;100
10;31;100
10;31,5;100
10;32;100
10;32,5;100
10;33;100
10;33,5;100
10;34;100
10;34,5;100
10;35;100
10;35,5;100
10;36;100
10;36,5;100
10;37;100
10;37,5;100
10;38;100
10;38,5;100
10;39;92
10;39,5;100
10;40;100
10;40,5;100
10;41;100
10;41,5;100
10;42;100
10;42,5;100
10;43;100
10;43,5;100
10;44;100
10;44,5;100
10;45;100
10;45,5;100
10;46;100
10;46,5;100
10;47;100
10;47,5;100
10;48;100
10;48,5;100
10;49;100
10;49,5;100
10;50;100
10;50,5;100
10;51;100
10;51,5;100
10;52;100
10;52,5;100
10;53;100
10;53,5;100
10;54;100
10;54,5;100
10;55;100
10;55,5;100
10;56;100
10;56,5;100
10;57;100
10;57,5;100
10;58;100
10;58,5;100
10;59;100
10;59,5;100
10;60;100
10;60,5;100
10;61;100
10;61,5;100
10;62;96
10;62,5;100
10;63;100
10;63,5;100
10;64;100
10;64,5;100
10;65;100
10;65,5;100
10;66;100
10;66,5;100
10;67;100
10;67,5;100
10;68;84
10;68,5;100
10;69;100
10;69,5;100
10;70;100
10;70,5;100
10;71;100
10;71,5;100
10;72;100
10;72,5;100
10;73;100
10;73,5;100
10;74;100
10;74,5;100
10;75;100
10;75,5;100
10;76;100
10;76,5;100
10;77;96
10;77,5;100
10;78;100
10;78,5;56
10,5;-22,5;60
10,5;-22;100
10,5;-21,5;100
10,5;-21;100
10,5;-20,5;100
10,5;-20;100
10,5;-19,5;100
10,5;-19;96
10,5;-18,5;52
10,5;-18;64
10,5;-17,5;88
10,5;-17;96
10,5;-16,5;100
10,5;-16;100
10,5;-15,5;100
10,5;-15;100
10,5;-14,5;100
10,5;-14;100
10,5;-13,5;100
10,5;-13;100
10,5;-12,5;100
10,5;-12;100
10,5;-11,5;100
10,5;-11;100
10,5;-10,5;100
10,5;-10;100
10,5;-9,5;100
10,5;-9;100
10,5;-8,5;100
10,5;-8;100
10,5;-7,5;100
10,5;-7;100
10,5;-6,5;100
10,5;-6;100
10,5;-5,5;100
10,5;-5;100
10,5;-4,5;100
10,5;-4;100
10,5;-3,5;100
10,5;-3;100
10,5;-2,5;100
10,5;-2;100
10,5;-1,5;100
10,5;-1;100
10,5;-0,5;100
10,5;0;100
10,5;0,5;100
10,5;1;100
10,5;1,5;100
10,5;2;100
10,5;2,5;100
10,5;3;100
10,5;3,5;100
10,5;4;100
10,5;4,5;100
10,5;5;100
10,5;5,5;100
10,5;6;100
10,5;6,5;100
10,5;7;100
10,5;7,5;100
10,5;8;100
10,5;8,5;100
10,5;9;100
10,5;9,5;100
10,5;10;100
10,5;10,5;100
10,5;11;100
10,5;11,5;100
10,5;12;100
10,5;12,5;100
10,5;13;100
10,5;13,5;100
10,5;14;100
10,5;14,5;100
10,5;15;100
10,5;15,5;100
10,5;16;100
10,5;16,5;100
10,5;17;100
10,5;17,5;100
10,5;18;100
10,5;18,5;100
10,5;19;100
10,5;19,5;100
10,5;20;100
10,5;20,5;100
10,5;21;100
10,5;21,5;100
10,5;22;100
10,5;22,5;100
10,5;23;100
10,5;23,5;100
10,5;24;100
10,5;24,5;100
10,5;25;100
10,5;25,5;100
10,5;26;100
10,5;26,5;100
10,5;27;100
10,5;27,5;100
10,5;28;100
10,5;28,5;100
10,5;29;100
10,5;29,5;100
10,5;30;100
10,5;30,5;100
10,5;31;100
10,5;31,5;100
10,5;32;100
10,5;32,5;100
10,5;33;100
10,5;33,5;100
10,5;34;100
10,5;34,5;100
10,5;35;100
10,5;35,5;100
10,5;36;100
10,5;36,5;100
10,5;37;100
10,5;37,5;100
10,5;38;100
10,5;38,5;100
10,5;39;100
10,5;39,5;100
10,5;40;100
10,5;40,5;100
10,5;41;100
10,5;41,5;100
10,5;42;100
10,5;42,5;100
10,5;43;100
10,5;43,5;100
10,5;44;100
10,5;44,5;100
10,5;45;100
10,5;45,5;100
10,5;46;100
10,5;46,5;100
10,5;47;100
10,5;47,5;100
10,5;48;100
10,5;48,5;100
10,5;49;100
10,5;49,5;100
10,5;50;100
10,5;50,5;100
10,5;51;100
10,5;51,5;100
10,5;52;100
10,5;52,5;100
10,5;53;100
10,5;53,5;100
10,5;54;100
10,5;54,5;100
10,5;55;100
10,5;55,5;100
10,5;56;100
10,5;56,5;100
10,5;57;100
10,5;57,5;100
10,5;58;100
10,5;58,5;92
10,5;59;100
10,5;59,5;100
10,5;60;100
10,5;60,5;100
10,5;61;100
10,5;61,5;100
10,5;62;100
10,5;62,5;100
10,5;63;100
10,5;63,5;100
10,5;64;100
10,5;64,5;100
10,5;65;100
10,5;65,5;100
10,5;66;100
10,5;66,5;100
10,5;67;100
10,5;67,5;100
10,5;68;84
10,5;68,5;100
10,5;69;100
10,5;69,5;100
10,5;70;100
10,5;70,5;100
10,5;71;100
10,5;71,5;100
10,5;72;100
10,5;72,5;100
10,5;73;100
10,5;73,5;100
10,5;74;100
10,5;74,5;92
10,5;75;100
10,5;75,5;100
10,5;76;100
10,5;76,5;72
10,5;77;100
10,5;77,5;100
10,5;78;100
10,5;78,5;60
11;-22,5;60
11;-22;100
11;-21,5;100
11;-21;100
11;-20,5;100
11;-20;100
11;-19,5;100
11;-19;88
11;-18,5;72
11;-18;76
11;-17,5;96
11;-17;96
11;-16,5;100
11;-16;100
11;-15,5;100
11;-15;100
11;-14,5;100
11;-14;100
11;-13,5;100
11;-13;100
11;-12,5;100
11;-12;100
11;-11,5;100
11;-11;100
11;-10,5;100
11;-10;100
11;-9,5;100
11;-9;100
11;-8,5;100
11;-8;100
11;-7,5;100
11;-7;100
11;-6,5;100
11;-6;100
11;-5,5;100
11;-5;100
11;-4,5;100
11;-4;100
11;-3,5;100
11;-3;100
11;-2,5;100
11;-2;100
11;-1,5;100
11;-1;100
11;-0,5;100
11;0;100
11;0,5;100
11;1;100
11;1,5;100
11;2;100
11;2,5;100
11;3;100
11;3,5;100
11;4;100
11;4,5;100
11;5;100
11;5,5;100
11;6;100
11;6,5;100
11;7;100
11;7,5;100
11;8;100
11;8,5;100
11;9;100
11;9,5;100
11;10;100
11;10,5;100
11;11;100
11;11,5;100
11;12;100
11;12,5;100
11;13;100
11;13,5;100
11;14;100
11;14,5;100
11;15;100
11;15,5;100
11;16;100
11;16,5;100
11;17;100
11;17,5;100
11;18;100
11;18,5;100
11;19;100
11;19,5;100
11;20;100
11;20,5;100
11;21;100
11;21,5;100
11;22;100
11;22,5;100
11;23;100
11;23,5;100
11;24;100
11;24,5;100
11;25;100
11;25,5;100
11;26;100
11;26,5;100
11;27;100
11;27,5;100
11;28;100
11;28,5;100
11;29;100
11;29,5;100
11;30;100
11;30,5;100
11;31;100
11;31,5;100
11;32;100
11;32,5;100
11;33;100
11;33,5;100
11;34;100
11;34,5;100
11;35;100
11;35,5;100
11;36;100
11;36,5;100
11;37;100
11;37,5;100
11;38;100
11;38,5;100
11;39;100
11;39,5;100
11;40;100
11;40,5;100
11;41;100
11;41,5;100
11;42;100
11;42,5;100
11;43;100
11;43,5;100
11;44;100
11;44,5;100
11;45;100
11;45,5;100
11;46;100
11;46,5;100
11;47;100
11;47,5;100
11;48;100
11;48,5;100
11;49;100
11;49,5;100
11;50;100
11;50,5;100
11;51;100
11;51,5;100
11;52;100
11;52,5;100
11;53;100
11;53,5;84
11;54;44
11;54,5;100
11;55;100
11;55,5;100
11;56;100
11;56,5;100
11;57;100
11;57,5;100
11;58;96
11;58,5;44
11;59;92
11;59,5;100
11;60;100
11;60,5;100
11;61;100
11;61,5;100
11;62;100
11;62,5;100
11;63;100
11;63,5;100
11;64;100
11;64,5;100
11;65;100
11;65,5;100
11;66;100
11;66,5;100
11;67;100
11;67,5;100
11;68;100
11;68,5;100
11;69;100
11;69,5;100
11;70;100
11;70,5;100
11;71;100
11;71,5;100
11;72;100
11;72,5;96
11;73;84
11;73,5;64
11;74;52
11;74,5;8
11;75;44
11;75,5;36
11;76;88
11;76,5;96
11;77;100
11;77,5;100
11;78;100
11;78,5;60
11,5;-22,5;60
11,5;-22;100
11,5;-21,5;100
11,5;-21;100
11,5;-20,5;100
11,5;-20;100
11,5;-19,5;100
11,5;-19;96
11,5;-18,5;68
11,5;-18;96
11,5;-17,5;100
11,5;-17;100
11,5;-16,5;100
11,5;-16;100
11,5;-15,5;100
11,5;-15;100
11,5;-14,5;100
11,5;-14;100
11,5;-13,5;100
11,5;-13;100
11,5;-12,5;100
11,5;-12;92
11,5;-11,5;100
11,5;-11;100
11,5;-10,5;100
11,5;-10;100
11,5;-9,5;100
11,5;-9;100
11,5;-8,5;100
11,5;-8;100
11,5;-7,5;100
11,5;-7;100
11,5;-6,5;100
11,5;-6;100
11,5;-5,5;100
11,5;-5;100
11,5;-4,5;100
11,5;-4;100
11,5;-3,5;100
11,5;-3;100
11,5;-2,5;100
11,5;-2;100
11,5;-1,5;100
11,5;-1;100
11,5;-0,5;100
11,5;0;100
11,5;0,5;100
11,5;1;100
11,5;1,5;100
11,5;2;100
11,5;2,5;100
11,5;3;100
11,5;3,5;100
11,5;4;100
11,5;4,5;100
11,5;5;100
11,5;5,5;100
11,5;6;100
11,5;6,5;100
11,5;7;100
11,5;7,5;100
11,5;8;100
11,5;8,5;100
11,5;9;100
11,5;9,5;100
11,5;10;100
11,5;10,5;100
11,5;11;100
11,5;11,5;100
11,5;12;100
11,5;12,5;100
11,5;13;100
11,5;13,5;100
11,5;14;100
11,5;14,5;100
11,5;15;100
11,5;15,5;100
11,5;16;100
11,5;16,5;100
11,5;17;100
11,5;17,5;100
11,5;18;100
11,5;18,5;100
11,5;19;100
11,5;19,5;100
11,5;20;100
11,5;20,5;100
11,5;21;100
11,5;21,5;100
11,5;22;100
11,5;22,5;100
11,5;23;100
11,5;23,5;100
11,5;24;100
11,5;24,5;100
11,5;25;100
11,5;25,5;100
11,5;26;100
11,5;26,5;100
11,5;27;100
11,5;27,5;100
11,5;28;100
11,5;28,5;100
11,5;29;100
11,5;29,5;100
11,5;30;100
11,5;30,5;100
11,5;31;100
11,5;31,5;100
11,5;32;100
11,5;32,5;100
11,5;33;100
11,5;33,5;100
11,5;34;100
11,5;34,5;100
11,5;35;100
11,5;35,5;100
11,5;36;100
11,5;36,5;100
11,5;37;100
11,5;37,5;100
11,5;38;100
11,5;38,5;100
11,5;39;100
11,5;39,5;100
11,5;40;100
11,5;40,5;100
11,5;41;100
11,5;41,5;100
11,5;42;100
11,5;42,5;100
11,5;43;100
11,5;43,5;100
11,5;44;100
11,5;44,5;100
11,5;45;100
11,5;45,5;100
11,5;46;100
11,5;46,5;100
11,5;47;100
11,5;47,5;100
11,5;48;100
11,5;48,5;100
11,5;49;100
11,5;49,5;100
11,5;50;100
11,5;50,5;100
11,5;51;100
11,5;51,5;100
11,5;52;100
11,5;52,5;100
11,5;53;100
11,5;53,5;92
11,5;54;100
11,5;54,5;100
11,5;55;100
11,5;55,5;100
11,5;56;100
11,5;56,5;100
11,5;57;100
11,5;57,5;88
11,5;58;100
11,5;58,5;80
11,5;59;100
11,5;59,5;100
11,5;60;100
11,5;60,5;96
11,5;61;100
11,5;61,5;100
11,5;62;100
11,5;62,5;100
11,5;63;100
11,5;63,5;100
11,5;64;100
11,5;64,5;100
11,5;65;100
11,5;65,5;100
11,5;66;100
11,5;66,5;100
11,5;67;100
11,5;67,5;100
11,5;68;100
11,5;68,5;100
11,5;69;100
11,5;69,5;100
11,5;70;100
11,5;70,5;96
11,5;71;100
11,5;71,5;100
11,5;72;100
11,5;72,5;80
11,5;73;16
11,5;73,5;4
11,5;74;8
11,5;74,5;0
11,5;75;0
11,5;75,5;0
11,5;76;36
11,5;76,5;96
11,5;77;100
11,5;77,5;100
11,5;78;100
11,5;78,5;60
12;-22,5;60
12;-22;100
12;-21,5;100
12;-21;100
12;-20,5;100
12;-20;100
12;-19,5;100
12;-19;100
12;-18,5;84
12;-18;96
12;-17,5;100
12;-17;100
12;-16,5;100
12;-16;100
12;-15,5;100
12;-15;100
12;-14,5;100
12;-14;100
12;-13,5;100
12;-13;100
12;-12,5;96
12;-12;96
12;-11,5;92
12;-11;100
12;-10,5;100
12;-10;100
12;-9,5;100
12;-9;100
12;-8,5;100
12;-8;100
12;-7,5;100
12;-7;100
12;-6,5;100
12;-6;100
12;-5,5;100
12;-5;100
12;-4,5;100
12;-4;100
12;-3,5;100
12;-3;100
12;-2,5;100
12;-2;100
12;-1,5;100
12;-1;100
12;-0,5;100
12;0;100
12;0,5;100
12;1;100
12;1,5;100
12;2;100
12;2,5;100
12;3;100
12;3,5;100
12;4;100
12;4,5;100
12;5;100
12;5,5;100
12;6;100
12;6,5;100
12;7;100
12;7,5;100
12;8;100
12;8,5;100
12;9;100
12;9,5;100
12;10;100
12;10,5;100
12;11;100
12;11,5;100
12;12;100
12;12,5;100
12;13;100
12;13,5;100
12;14;100
12;14,5;100
12;15;100
12;15,5;100
12;16;100
12;16,5;100
12;17;100
12;17,5;100
12;18;100
12;18,5;100
12;19;100
12;19,5;100
12;20;100
12;20,5;100
12;21;100
12;21,5;100
12;22;100
12;22,5;100
12;23;100
12;23,5;100
12;24;100
12;24,5;100
12;25;100
12;25,5;100
12;26;100
12;26,5;100
12;27;100
12;27,5;100
12;28;100
12;28,5;100
12;29;100
12;29,5;100
12;30;100
12;30,5;100
12;31;100
12;31,5;100
12;32;100
12;32,5;100
12;33;100
12;33,5;100
12;34;100
12;34,5;100
12;35;100
12;35,5;100
12;36;100
12;36,5;100
12;37;100
12;37,5;100
12;38;100
12;38,5;100
12;39;100
12;39,5;100
12;40;100
12;40,5;100
12;41;100
12;41,5;100
12;42;100
12;42,5;100
12;43;100
12;43,5;100
12;44;100
12;44,5;100
12;45;100
12;45,5;100
12;46;100
12;46,5;100
12;47;100
12;47,5;100
12;48;100
12;48,5;100
12;49;100
12;49,5;100
12;50;100
12;50,5;100
12;51;100
12;51,5;100
12;52;100
12;52,5;84
12;53;100
12;53,5;84
12;54;96
12;54,5;96
12;55;100
12;55,5;100
12;56;100
12;56,5;100
12;57;100
12;57,5;100
12;58;100
12;58,5;96
12;59;100
12;59,5;100
12;60;100
12;60,5;100
12;61;100
12;61,5;100
12;62;100
12;62,5;100
12;63;100
12;63,5;100
12;64;100
12;64,5;100
12;65;100
12;65,5;100
12;66;100
12;66,5;100
12;67;100
12;67,5;100
12;68;100
12;68,5;100
12;69;100
12;69,5;100
12;70;100
12;70,5;60
12;71;96
12;71,5;96
12;72;96
12;72,5;100
12;73;92
12;73,5;84
12;74;36
12;74,5;0
12;75;12
12;75,5;16
12;76;20
12;76,5;72
12;77;92
12;77,5;100
12;78;100
12;78,5;60
12,5;-22,5;44
12,5;-22;100
12,5;-21,5;100
12,5;-21;100
12,5;-20,5;100
12,5;-20;100
12,5;-19,5;96
12,5;-19;100
12,5;-18,5;96
12,5;-18;88
12,5;-17,5;96
12,5;-17;100
12,5;-16,5;100
12,5;-16;100
12,5;-15,5;100
12,5;-15;100
12,5;-14,5;100
12,5;-14;100
12,5;-13,5;100
12,5;-13;100
12,5;-12,5;100
12,5;-12;100
12,5;-11,5;80
12,5;-11;96
12,5;-10,5;100
12,5;-10;100
12,5;-9,5;100
12,5;-9;100
12,5;-8,5;100
12,5;-8;100
12,5;-7,5;100
12,5;-7;100
12,5;-6,5;100
12,5;-6;100
12,5;-5,5;100
12,5;-5;100
12,5;-4,5;100
12,5;-4;100
12,5;-3,5;100
12,5;-3;100
12,5;-2,5;100
12,5;-2;100
12,5;-1,5;100
12,5;-1;100
12,5;-0,5;100
12,5;0;100
12,5;0,5;100
12,5;1;100
12,5;1,5;100
12,5;2;100
12,5;2,5;100
12,5;3;100
12,5;3,5;100
12,5;4;100
12,5;4,5;100
12,5;5;100
12,5;5,5;100
12,5;6;100
12,5;6,5;100
12,5;7;100
12,5;7,5;100
12,5;8;100
12,5;8,5;100
12,5;9;100
12,5;9,5;100
12,5;10;100
12,5;10,5;100
12,5;11;100
12,5;11,5;100
12,5;12;100
12,5;12,5;100
12,5;13;100
12,5;13,5;100
12,5;14;100
12,5;14,5;100
12,5;15;100
12,5;15,5;100
12,5;16;100
12,5;16,5;100
12,5;17;100
12,5;17,5;100
12,5;18;100
12,5;18,5;100
12,5;19;100
12,5;19,5;100
12,5;20;100
12,5;20,5;100
12,5;21;100
12,5;21,5;100
12,5;22;100
12,5;22,5;100
12,5;23;100
12,5;23,5;100
12,5;24;100
12,5;24,5;100
12,5;25;100
12,5;25,5;100
12,5;26;100
12,5;26,5;100
12,5;27;100
12,5;27,5;100
12,5;28;100
12,5;28,5;100
12,5;29;100
12,5;29,5;100
12,5;30;100
12,5;30,5;100
12,5;31;100
12,5;31,5;100
12,5;32;100
12,5;32,5;100
12,5;33;100
12,5;33,5;100
12,5;34;100
12,5;34,5;100
12,5;35;100
12,5;35,5;100
12,5;36;100
12,5;36,5;100
12,5;37;100
12,5;37,5;100
12,5;38;100
12,5;38,5;100
12,5;39;100
12,5;39,5;100
12,5;40;100
12,5;40,5;100
12,5;41;100
12,5;41,5;100
12,5;42;100
12,5;42,5;100
12,5;43;100
12,5;43,5;100
12,5;44;100
12,5;44,5;100
12,5;45;100
12,5;45,5;100
12,5;46;100
12,5;46,5;100
12,5;47;100
12,5;47,5;100
12,5;48;100
12,5;48,5;100
12,5;49;100
12,5;49,5;100
12,5;50;100
12,5;50,5;100
12,5;51;100
12,5;51,5;100
12,5;52;100
12,5;52,5;100
12,5;53;96
12,5;53,5;80
12,5;54;100
12,5;54,5;100
12,5;55;84
12,5;55,5;96
12,5;56;100
12,5;56,5;100
12,5;57;100
12,5;57,5;100
12,5;58;100
12,5;58,5;100
12,5;59;100
12,5;59,5;100
12,5;60;100
12,5;60,5;100
12,5;61;100
12,5;61,5;100
12,5;62;100
12,5;62,5;100
12,5;63;100
12,5;63,5;100
12,5;64;100
12,5;64,5;100
12,5;65;100
12,5;65,5;100
12,5;66;100
12,5;66,5;100
12,5;67;100
12,5;67,5;100
12,5;68;100
12,5;68,5;100
12,5;69;100
12,5;69,5;100
12,5;70;100
12,5;70,5;92
12,5;71;88
12,5;71,5;100
12,5;72;100
12,5;72,5;96
12,5;73;100
12,5;73,5;92
12,5;74;56
12,5;74,5;0
12,5;75;32
12,5;75,5;80
12,5;76;76
12,5;76,5;16
12,5;77;64
12,5;77,5;100
12,5;78;96
12,5;78,5;40
13;-22,5;40
13;-22;100
13;-21,5;100
13;-21;100
13;-20,5;100
13;-20;100
13;-19,5;100
13;-19;100
13;-18,5;96
13;-18;100
13;-17,5;96
13;-17;88
13;-16,5;100
13;-16;100
13;-15,5;100
13;-15;100
13;-14,5;100
13;-14;100
13;-13,5;100
13;-13;100
13;-12,5;100
13;-12;100
13;-11,5;100
13;-11;96
13;-10,5;100
13;-10;100
13;-9,5;100
13;-9;100
13;-8,5;100
13;-8;100
13;-7,5;100
13;-7;100
13;-6,5;100
13;-6;100
13;-5,5;100
13;-5;100
13;-4,5;100
13;-4;100
13;-3,5;100
13;-3;100
13;-2,5;100
13;-2;100
13;-1,5;100
13;-1;100
13;-0,5;100
13;0;100
13;0,5;100
13;1;100
13;1,5;100
13;2;100
13;2,5;100
13;3;100
13;3,5;100
13;4;100
13;4,5;100
13;5;100
13;5,5;100
13;6;100
13;6,5;100
13;7;100
13;7,5;100
13;8;100
13;8,5;100
13;9;100
13;9,5;100
13;10;100
13;10,5;100
13;11;100
13;11,5;100
13;12;100
13;12,5;100
13;13;100
13;13,5;100
13;14;100
13;14,5;100
13;15;100
13;15,5;100
13;16;100
13;16,5;100
13;17;100
13;17,5;100
13;18;100
13;18,5;100
13;19;100
13;19,5;100
13;20;100
13;20,5;100
13;21;100
13;21,5;100
13;22;100
13;22,5;100
13;23;100
13;23,5;100
13;24;100
13;24,5;100
13;25;100
13;25,5;100
13;26;100
13;26,5;100
13;27;100
13;27,5;100
13;28;100
13;28,5;100
13;29;100
13;29,5;100
13;30;100
13;30,5;100
13;31;100
13;31,5;100
13;32;100
13;32,5;100
13;33;100
13;33,5;100
13;34;100
13;34,5;100
13;35;100
13;35,5;100
13;36;100
13;36,5;100
13;37;100
13;37,5;100
13;38;100
13;38,5;100
13;39;100
13;39,5;100
13;40;100
13;40,5;100
13;41;100
13;41,5;100
13;42;100
13;42,5;100
13;43;100
13;43,5;100
13;44;100
13;44,5;100
13;45;100
13;45,5;100
13;46;100
13;46,5;100
13;47;100
13;47,5;100
13;48;100
13;48,5;100
13;49;100
13;49,5;100
13;50;100
13;50,5;100
13;51;100
13;51,5;100
13;52;100
13;52,5;96
13;53;68
13;53,5;80
13;54;72
13;54,5;100
13;55;80
13;55,5;100
13;56;100
13;56,5;100
13;57;100
13;57,5;100
13;58;100
13;58,5;100
13;59;100
13;59,5;100
13;60;100
13;60,5;100
13;61;100
13;61,5;100
13;62;100
13;62,5;100
13;63;100
13;63,5;100
13;64;100
13;64,5;100
13;65;100
13;65,5;100
13;66;100
13;66,5;100
13;67;100
13;67,5;100
13;68;100
13;68,5;100
13;69;100
13;69,5;100
13;70;100
13;70,5;100
13;71;96
13;71,5;100
13;72;100
13;72,5;100
13;73;100
13;73,5;68
13;74;36
13;74,5;0
13;75;16
13;75,5;100
13;76;88
13;76,5;52
13;77;20
13;77,5;96
13;78;100
13;78,5;4
13,5;-22,5;40
13,5;-22;100
13,5;-21,5;100
13,5;-21;100
13,5;-20,5;96
13,5;-20;100
13,5;-19,5;100
13,5;-19;96
13,5;-18,5;96
13,5;-18;100
13,5;-17,5;100
13,5;-17;88
13,5;-16,5;96
13,5;-16;100
13,5;-15,5;100
13,5;-15;100
13,5;-14,5;100
13,5;-14;100
13,5;-13,5;100
13,5;-13;100
13,5;-12,5;100
13,5;-12;100
13,5;-11,5;100
13,5;-11;100
13,5;-10,5;100
13,5;-10;100
13,5;-9,5;100
13,5;-9;100
13,5;-8,5;100
13,5;-8;100
13,5;-7,5;100
13,5;-7;100
13,5;-6,5;100
13,5;-6;100
13,5;-5,5;100
13,5;-5;100
13,5;-4,5;100
13,5;-4;100
13,5;-3,5;100
13,5;-3;100
13,5;-2,5;100
13,5;-2;100
13,5;-1,5;100
13,5;-1;100
13,5;-0,5;100
13,5;0;100
13,5;0,5;100
13,5;1;100
13,5;1,5;100
13,5;2;100
13,5;2,5;100
13,5;3;100
13,5;3,5;100
13,5;4;100
13,5;4,5;100
13,5;5;100
13,5;5,5;100
13,5;6;100
13,5;6,5;100
13,5;7;100
13,5;7,5;100
13,5;8;100
13,5;8,5;100
13,5;9;100
13,5;9,5;100
13,5;10;100
13,5;10,5;100
13,5;11;100
13,5;11,5;100
13,5;12;100
13,5;12,5;100
13,5;13;100
13,5;13,5;100
13,5;14;100
13,5;14,5;100
13,5;15;100
13,5;15,5;100
13,5;16;100
13,5;16,5;100
13,5;17;100
13,5;17,5;100
13,5;18;100
13,5;18,5;100
13,5;19;100
13,5;19,5;92
13,5;20;100
13,5;20,5;100
13,5;21;100
13,5;21,5;100
13,5;22;100
13,5;22,5;100
13,5;23;100
13,5;23,5;100
13,5;24;100
13,5;24,5;100
13,5;25;100
13,5;25,5;100
13,5;26;100
13,5;26,5;100
13,5;27;100
13,5;27,5;100
13,5;28;100
13,5;28,5;100
13,5;29;100
13,5;29,5;100
13,5;30;100
13,5;30,5;100
13,5;31;100
13,5;31,5;100
13,5;32;100
13,5;32,5;100
13,5;33;100
13,5;33,5;100
13,5;34;100
13,5;34,5;100
13,5;35;100
13,5;35,5;100
13,5;36;100
13,5;36,5;100
13,5;37;100
13,5;37,5;100
13,5;38;100
13,5;38,5;100
13,5;39;100
13,5;39,5;100
13,5;40;100
13,5;40,5;100
13,5;41;100
13,5;41,5;100
13,5;42;100
13,5;42,5;100
13,5;43;100
13,5;43,5;100
13,5;44;100
13,5;44,5;100
13,5;45;100
13,5;45,5;100
13,5;46;100
13,5;46,5;100
13,5;47;100
13,5;47,5;100
13,5;48;100
13,5;48,5;100
13,5;49;100
13,5;49,5;100
13,5;50;100
13,5;50,5;100
13,5;51;100
13,5;51,5;100
13,5;52;100
13,5;52,5;100
13,5;53;80
13,5;53,5;56
13,5;54;28
13,5;54,5;64
13,5;55;88
13,5;55,5;96
13,5;56;68
13,5;56,5;88
13,5;57;100
13,5;57,5;100
13,5;58;100
13,5;58,5;100
13,5;59;100
13,5;59,5;100
13,5;60;100
13,5;60,5;100
13,5;61;100
13,5;61,5;100
13,5;62;100
13,5;62,5;100
13,5;63;100
13,5;63,5;100
13,5;64;96
13,5;64,5;100
13,5;65;100
13,5;65,5;100
13,5;66;100
13,5;66,5;100
13,5;67;100
13,5;67,5;100
13,5;68;100
13,5;68,5;100
13,5;69;100
13,5;69,5;100
13,5;70;100
13,5;70,5;100
13,5;71;100
13,5;71,5;88
13,5;72;100
13,5;72,5;96
13,5;73;100
13,5;73,5;88
13,5;74;40
13,5;74,5;16
13,5;75;28
13,5;75,5;100
13,5;76;100
13,5;76,5;96
13,5;77;28
13,5;77,5;84
13,5;78;64
14;-22,5;40
14;-22;100
14;-21,5;100
14;-21;100
14;-20,5;100
14;-20;100
14;-19,5;100
14;-19;100
14;-18,5;88
14;-18;96
14;-17,5;100
14;-17;88
14;-16,5;88
14;-16;100
14;-15,5;100
14;-15;100
14;-14,5;100
14;-14;100
14;-13,5;100
14;-13;100
14;-12,5;100
14;-12;100
14;-11,5;100
14;-11;100
14;-10,5;100
14;-10;100
14;-9,5;100
14;-9;100
14;-8,5;100
14;-8;100
14;-7,5;100
14;-7;100
14;-6,5;100
14;-6;100
14;-5,5;100
14;-5;100
14;-4,5;100
14;-4;100
14;-3,5;100
14;-3;100
14;-2,5;100
14;-2;100
14;-1,5;100
14;-1;100
14;-0,5;100
14;0;100
14;0,5;100
14;1;100
14;1,5;100
14;2;100
14;2,5;100
14;3;100
14;3,5;100
14;4;100
14;4,5;100
14;5;100
14;5,5;100
14;6;100
14;6,5;100
14;7;100
14;7,5;100
14;8;100
14;8,5;100
14;9;100
14;9,5;100
14;10;100
14;10,5;100
14;11;100
14;11,5;100
14;12;100
14;12,5;100
14;13;100
14;13,5;100
14;14;100
14;14,5;100
14;15;100
14;15,5;100
14;16;100
14;16,5;100
14;17;100
14;17,5;100
14;18;100
14;18,5;100
14;19;100
14;19,5;88
14;20;100
14;20,5;100
14;21;100
14;21,5;100
14;22;100
14;22,5;100
14;23;100
14;23,5;100
14;24;100
14;24,5;100
14;25;100
14;25,5;100
14;26;100
14;26,5;100
14;27;100
14;27,5;100
14;28;100
14;28,5;88
14;29;96
14;29,5;100
14;30;100
14;30,5;100
14;31;100
14;31,5;100
14;32;100
14;32,5;100
14;33;100
14;33,5;100
14;34;100
14;34,5;100
14;35;100
14;35,5;100
14;36;100
14;36,5;100
14;37;100
14;37,5;100
14;38;100
14;38,5;100
14;39;100
14;39,5;100
14;40;100
14;40,5;100
14;41;100
14;41,5;100
14;42;100
14;42,5;100
14;43;100
14;43,5;100
14;44;100
14;44,5;100
14;45;100
14;45,5;100
14;46;100
14;46,5;100
14;47;100
14;47,5;100
14;48;100
14;48,5;100
14;49;100
14;49,5;100
14;50;100
14;50,5;100
14;51;100
14;51,5;100
14;52;100
14;52,5;96
14;53;84
14;53,5;92
14;54;100
14;54,5;96
14;55;68
14;55,5;64
14;56;88
14;56,5;92
14;57;100
14;57,5;100
14;58;100
14;58,5;100
14;59;100
14;59,5;100
14;60;100
14;60,5;100
14;61;100
14;61,5;100
14;62;100
14;62,5;100
14;63;100
14;63,5;100
14;64;100
14;64,5;100
14;65;100
14;65,5;100
14;66;100
14;66,5;100
14;67;100
14;67,5;100
14;68;100
14;68,5;100
14;69;100
14;69,5;100
14;70;100
14;70,5;100
14;71;96
14;71,5;64
14;72;92
14;72,5;96
14;73;100
14;73,5;100
14;74;96
14;74,5;68
14;75;72
14;75,5;88
14;76;88
14;76,5;92
14;77;24
14;77,5;8
14;78;8
14;78,5;8
14,5;-22,5;40
14,5;-22;100
14,5;-21,5;100
14,5;-21;100
14,5;-20,5;100
14,5;-20;100
14,5;-19,5;100
14,5;-19;100
14,5;-18,5;100
14,5;-18;100
14,5;-17,5;100
14,5;-17;88
14,5;-16,5;64
14,5;-16;96
14,5;-15,5;100
14,5;-15;100
14,5;-14,5;100
14,5;-14;100
14,5;-13,5;100
14,5;-13;100
14,5;-12,5;100
14,5;-12;100
14,5;-11,5;100
14,5;-11;100
14,5;-10,5;100
14,5;-10;100
14,5;-9,5;100
14,5;-9;100
14,5;-8,5;100
14,5;-8;100
14,5;-7,5;100
14,5;-7;100
14,5;-6,5;100
14,5;-6;100
14,5;-5,5;100
14,5;-5;100
14,5;-4,5;100
14,5;-4;100
14,5;-3,5;100
14,5;-3;100
14,5;-2,5;100
14,5;-2;100
14,5;-1,5;100
14,5;-1;100
14,5;-0,5;100
14,5;0;100
14,5;0,5;100
14,5;1;100
14,5;1,5;100
14,5;2;100
14,5;2,5;100
14,5;3;100
14,5;3,5;100
14,5;4;100
14,5;4,5;100
14,5;5;100
14,5;5,5;100
14,5;6;100
14,5;6,5;100
14,5;7;100
14,5;7,5;100
14,5;8;100
14,5;8,5;100
14,5;9;100
14,5;9,5;100
14,5;10;100
14,5;10,5;100
14,5;11;100
14,5;11,5;100
14,5;12;100
14,5;12,5;100
14,5;13;100
14,5;13,5;100
14,5;14;100
14,5;14,5;100
14,5;15;100
14,5;15,5;100
14,5;16;100
14,5;16,5;100
14,5;17;100
14,5;17,5;100
14,5;18;100
14,5;18,5;100
14,5;19;100
14,5;19,5;84
14,5;20;100
14,5;20,5;100
14,5;21;100
14,5;21,5;100
14,5;22;100
14,5;22,5;100
14,5;23;100
14,5;23,5;100
14,5;24;100
14,5;24,5;100
14,5;25;100
14,5;25,5;100
14,5;26;100
14,5;26,5;100
14,5;27;100
14,5;27,5;100
14,5;28;100
14,5;28,5;100
14,5;29;100
14,5;29,5;100
14,5;30;100
14,5;30,5;100
14,5;31;100
14,5;31,5;100
14,5;32;100
14,5;32,5;100
14,5;33;100
14,5;33,5;100
14,5;34;100
14,5;34,5;100
14,5;35;100
14,5;35,5;100
14,5;36;100
14,5;36,5;100
14,5;37;100
14,5;37,5;100
14,5;38;100
14,5;38,5;100
14,5;39;100
14,5;39,5;100
14,5;40;100
14,5;40,5;100
14,5;41;100
14,5;41,5;100
14,5;42;100
14,5;42,5;100
14,5;43;100
14,5;43,5;100
14,5;44;100
14,5;44,5;100
14,5;45;100
14,5;45,5;100
14,5;46;100
14,5;46,5;100
14,5;47;100
14,5;47,5;100
14,5;48;100
14,5;48,5;100
14,5;49;100
14,5;49,5;100
14,5;50;100
14,5;50,5;100
14,5;51;100
14,5;51,5;100
14,5;52;100
14,5;52,5;100
14,5;53;100
14,5;53,5;100
14,5;54;100
14,5;54,5;100
14,5;55;96
14,5;55,5;96
14,5;56;100
14,5;56,5;100
14,5;57;100
14,5;57,5;100
14,5;58;100
14,5;58,5;100
14,5;59;100
14,5;59,5;100
14,5;60;100
14,5;60,5;100
14,5;61;100
14,5;61,5;100
14,5;62;100
14,5;62,5;100
14,5;63;100
14,5;63,5;100
14,5;64;100
14,5;64,5;100
14,5;65;100
14,5;65,5;100
14,5;66;100
14,5;66,5;100
14,5;67;100
14,5;67,5;96
14,5;68;100
14,5;68,5;100
14,5;69;100
14,5;69,5;96
14,5;70;100
14,5;70,5;100
14,5;71;100
14,5;71,5;100
14,5;72;64
14,5;72,5;68
14,5;73;100
14,5;73,5;100
14,5;74;100
14,5;74,5;92
14,5;75;64
14,5;75,5;100
14,5;76;88
14,5;76,5;92
14,5;77;64
14,5;77,5;60
14,5;78;68
14,5;78,5;80
15;-22,5;40
15;-22;100
15;-21,5;100
15;-21;100
15;-20,5;100
15;-20;100
15;-19,5;100
15;-19;100
15;-18,5;100
15;-18;100
15;-17,5;100
15;-17;92
15;-16,5;96
15;-16;96
15;-15,5;100
15;-15;100
15;-14,5;100
15;-14;100
15;-13,5;100
15;-13;100
15;-12,5;100
15;-12;100
15;-11,5;100
15;-11;100
15;-10,5;100
15;-10;100
15;-9,5;100
15;-9;100
15;-8,5;100
15;-8;100
15;-7,5;100
15;-7;100
15;-6,5;100
15;-6;100
15;-5,5;100
15;-5;100
15;-4,5;100
15;-4;100
15;-3,5;100
15;-3;100
15;-2,5;100
15;-2;100
15;-1,5;100
15;-1;100
15;-0,5;100
15;0;100
15;0,5;100
15;1;100
15;1,5;100
15;2;100
15;2,5;100
15;3;100
15;3,5;100
15;4;100
15;4,5;100
15;5;100
15;5,5;100
15;6;100
15;6,5;100
15;7;100
15;7,5;100
15;8;100
15;8,5;100
15;9;100
15;9,5;100
15;10;100
15;10,5;100
15;11;100
15;11,5;100
15;12;100
15;12,5;100
15;13;100
15;13,5;100
15;14;100
15;14,5;100
15;15;100
15;15,5;100
15;16;100
15;16,5;100
15;17;100
15;17,5;100
15;18;100
15;18,5;100
15;19;100
15;19,5;100
15;20;100
15;20,5;100
15;21;100
15;21,5;100
15;22;100
15;22,5;100
15;23;100
15;23,5;100
15;24;100
15;24,5;100
15;25;100
15;25,5;100
15;26;100
15;26,5;100
15;27;100
15;27,5;100
15;28;100
15;28,5;100
15;29;100
15;29,5;100
15;30;100
15;30,5;100
15;31;100
15;31,5;100
15;32;100
15;32,5;100
15;33;100
15;33,5;100
15;34;100
15;34,5;100
15;35;100
15;35,5;100
15;36;100
15;36,5;100
15;37;100
15;37,5;100
15;38;100
15;38,5;100
15;39;100
15;39,5;100
15;40;100
15;40,5;100
15;41;100
15;41,5;100
15;42;100
15;42,5;100
15;43;100
15;43,5;100
15;44;100
15;44,5;100
15;45;100
15;45,5;100
15;46;100
15;46,5;100
15;47;100
15;47,5;100
15;48;100
15;48,5;100
15;49;100
15;49,5;100
15;50;100
15;50,5;100
15;51;100
15;51,5;100
15;52;100
15;52,5;100
15;53;100
15;53,5;100
15;54;100
15;54,5;100
15;55;100
15;55,5;100
15;56;100
15;56,5;100
15;57;100
15;57,5;100
15;58;100
15;58,5;100
15;59;100
15;59,5;100
15;60;100
15;60,5;100
15;61;100
15;61,5;100
15;62;100
15;62,5;100
15;63;100
15;63,5;100
15;64;100
15;64,5;100
15;65;100
15;65,5;100
15;66;100
15;66,5;100
15;67;100
15;67,5;100
15;68;88
15;68,5;96
15;69;100
15;69,5;100
15;70;80
15;70,5;100
15;71;100
15;71,5;100
15;72;100
15;72,5;88
15;73;100
15;73,5;100
15;74;100
15;74,5;92
15;75;84
15;75,5;64
15;76;80
15;76,5;88
15;77;100
15;77,5;100
15;78;100
15;78,5;80
15,5;-22,5;40
15,5;-22;100
15,5;-21,5;100
15,5;-21;100
15,5;-20,5;100
15,5;-20;100
15,5;-19,5;100
15,5;-19;100
15,5;-18,5;100
15,5;-18;100
15,5;-17,5;100
15,5;-17;92
15,5;-16,5;100
15,5;-16;96
15,5;-15,5;76
15,5;-15;96
15,5;-14,5;100
15,5;-14;100
15,5;-13,5;100
15,5;-13;100
15,5;-12,5;88
15,5;-12;88
15,5;-11,5;92
15,5;-11;92
15,5;-10,5;100
15,5;-10;96
15,5;-9,5;100
15,5;-9;100
15,5;-8,5;100
15,5;-8;100
15,5;-7,5;100
15,5;-7;100
15,5;-6,5;100
15,5;-6;100
15,5;-5,5;100
15,5;-5;100
15,5;-4,5;100
15,5;-4;100
15,5;-3,5;100
15,5;-3;100
15,5;-2,5;100
15,5;-2;100
15,5;-1,5;100
15,5;-1;100
15,5;-0,5;100
15,5;0;100
15,5;0,5;100
15,5;1;100
15,5;1,5;100
15,5;2;100
15,5;2,5;100
15,5;3;100
15,5;3,5;100
15,5;4;100
15,5;4,5;100
15,5;5;100
15,5;5,5;100
15,5;6;100
15,5;6,5;100
15,5;7;100
15,5;7,5;100
15,5;8;100
15,5;8,5;100
15,5;9;100
15,5;9,5;100
15,5;10;100
15,5;10,5;100
15,5;11;100
15,5;11,5;100
15,5;12;100
15,5;12,5;100
15,5;13;100
15,5;13,5;100
15,5;14;100
15,5;14,5;100
15,5;15;100
15,5;15,5;100
15,5;16;100
15,5;16,5;100
15,5;17;100
15,5;17,5;100
15,5;18;100
15,5;18,5;100
15,5;19;100
15,5;19,5;100
15,5;20;100
15,5;20,5;100
15,5;21;100
15,5;21,5;100
15,5;22;100
15,5;22,5;100
15,5;23;100
15,5;23,5;100
15,5;24;100
15,5;24,5;100
15,5;25;100
15,5;25,5;100
15,5;26;100
15,5;26,5;100
15,5;27;100
15,5;27,5;100
15,5;28;100
15,5;28,5;100
15,5;29;100
15,5;29,5;100
15,5;30;100
15,5;30,5;100
15,5;31;100
15,5;31,5;100
15,5;32;100
15,5;32,5;100
15,5;33;100
15,5;33,5;100
15,5;34;100
15,5;34,5;100
15,5;35;100
15,5;35,5;100
15,5;36;100
15,5;36,5;100
15,5;37;100
15,5;37,5;100
15,5;38;100
15,5;38,5;100
15,5;39;100
15,5;39,5;100
15,5;40;100
15,5;40,5;100
15,5;41;100
15,5;41,5;100
15,5;42;100
15,5;42,5;100
15,5;43;100
15,5;43,5;100
15,5;44;100
15,5;44,5;100
15,5;45;100
15,5;45,5;100
15,5;46;100
15,5;46,5;100
15,5;47;100
15,5;47,5;100
15,5;48;100
15,5;48,5;100
15,5;49;100
15,5;49,5;100
15,5;50;100
15,5;50,5;100
15,5;51;100
15,5;51,5;100
15,5;52;100
15,5;52,5;100
15,5;53;100
15,5;53,5;100
15,5;54;100
15,5;54,5;100
15,5;55;100
15,5;55,5;100
15,5;56;100
15,5;56,5;100
15,5;57;100
15,5;57,5;100
15,5;58;100
15,5;58,5;100
15,5;59;100
15,5;59,5;100
15,5;60;100
15,5;60,5;100
15,5;61;96
15,5;61,5;88
15,5;62;100
15,5;62,5;100
15,5;63;100
15,5;63,5;100
15,5;64;100
15,5;64,5;100
15,5;65;100
15,5;65,5;100
15,5;66;100
15,5;66,5;100
15,5;67;100
15,5;67,5;100
15,5;68;96
15,5;68,5;92
15,5;69;100
15,5;69,5;100
15,5;70;100
15,5;70,5;100
15,5;71;100
15,5;71,5;100
15,5;72;100
15,5;72,5;100
15,5;73;100
15,5;73,5;100
15,5;74;96
15,5;74,5;88
15,5;75;64
15,5;75,5;84
15,5;76;100
15,5;76,5;56
15,5;77;88
15,5;77,5;92
15,5;78;100
15,5;78,5;80
16;-22,5;28
16;-22;100
16;-21,5;100
16;-21;100
16;-20,5;100
16;-20;100
16;-19,5;100
16;-19;100
16;-18,5;96
16;-18;100
16;-17,5;100
16;-17;100
16;-16,5;100
16;-16;96
16;-15,5;100
16;-15;100
16;-14,5;100
16;-14;100
16;-13,5;100
16;-13;96
16;-12,5;100
16;-12;84
16;-11,5;60
16;-11;96
16;-10,5;96
16;-10;96
16;-9,5;64
16;-9;100
16;-8,5;100
16;-8;96
16;-7,5;100
16;-7;100
16;-6,5;100
16;-6;100
16;-5,5;100
16;-5;100
16;-4,5;100
16;-4;100
16;-3,5;100
16;-3;100
16;-2,5;100
16;-2;100
16;-1,5;100
16;-1;100
16;-0,5;100
16;0;100
16;0,5;100
16;1;100
16;1,5;100
16;2;100
16;2,5;100
16;3;100
16;3,5;100
16;4;100
16;4,5;100
16;5;100
16;5,5;100
16;6;100
16;6,5;100
16;7;100
16;7,5;100
16;8;100
16;8,5;100
16;9;100
16;9,5;100
16;10;96
16;10,5;100
16;11;100
16;11,5;100
16;12;100
16;12,5;100
16;13;100
16;13,5;100
16;14;100
16;14,5;100
16;15;100
16;15,5;100
16;16;100
16;16,5;100
16;17;100
16;17,5;100
16;18;100
16;18,5;100
16;19;100
16;19,5;100
16;20;100
16;20,5;100
16;21;100
16;21,5;100
16;22;96
16;22,5;100
16;23;100
16;23,5;100
16;24;100
16;24,5;100
16;25;100
16;25,5;100
16;26;100
16;26,5;100
16;27;100
16;27,5;100
16;28;100
16;28,5;100
16;29;100
16;29,5;100
16;30;100
16;30,5;100
16;31;100
16;31,5;100
16;32;100
16;32,5;100
16;33;100
16;33,5;100
16;34;100
16;34,5;100
16;35;100
16;35,5;100
16;36;100
16;36,5;100
16;37;100
16;37,5;100
16;38;100
16;38,5;100
16;39;100
16;39,5;100
16;40;100
16;40,5;100
16;41;100
16;41,5;100
16;42;100
16;42,5;100
16;43;100
16;43,5;100
16;44;100
16;44,5;100
16;45;100
16;45,5;100
16;46;100
16;46,5;100
16;47;100
16;47,5;100
16;48;100
16;48,5;100
16;49;100
16;49,5;100
16;50;100
16;50,5;100
16;51;100
16;51,5;100
16;52;100
16;52,5;100
16;53;100
16;53,5;100
16;54;100
16;54,5;100
16;55;100
16;55,5;100
16;56;100
16;56,5;100
16;57;100
16;57,5;100
16;58;100
16;58,5;100
16;59;100
16;59,5;100
16;60;100
16;60,5;100
16;61;100
16;61,5;88
16;62;100
16;62,5;100
16;63;100
16;63,5;100
16;64;100
16;64,5;100
16;65;100
16;65,5;100
16;66;100
16;66,5;100
16;67;100
16;67,5;100
16;68;88
16;68,5;92
16;69;96
16;69,5;100
16;70;100
16;70,5;100
16;71;100
16;71,5;100
16;72;100
16;72,5;100
16;73;100
16;73,5;100
16;74;100
16;74,5;96
16;75;72
16;75,5;96
16;76;96
16;76,5;52
16;77;96
16;77,5;92
16;78;100
16;78,5;80
16,5;-22,5;28
16,5;-22;100
16,5;-21,5;100
16,5;-21;100
16,5;-20,5;100
16,5;-20;100
16,5;-19,5;100
16,5;-19;96
16,5;-18,5;100
16,5;-18;100
16,5;-17,5;100
16,5;-17;100
16,5;-16,5;100
16,5;-16;100
16,5;-15,5;100
16,5;-15;100
16,5;-14,5;100
16,5;-14;100
16,5;-13,5;100
16,5;-13;84
16,5;-12,5;100
16,5;-12;96
16,5;-11,5;84
16,5;-11;100
16,5;-10,5;88
16,5;-10;64
16,5;-9,5;24
16,5;-9;96
16,5;-8,5;96
16,5;-8;96
16,5;-7,5;100
16,5;-7;100
16,5;-6,5;100
16,5;-6;100
16,5;-5,5;100
16,5;-5;100
16,5;-4,5;100
16,5;-4;100
16,5;-3,5;100
16,5;-3;100
16,5;-2,5;100
16,5;-2;100
16,5;-1,5;100
16,5;-1;100
16,5;-0,5;100
16,5;0;100
16,5;0,5;100
16,5;1;100
16,5;1,5;100
16,5;2;100
16,5;2,5;100
16,5;3;100
16,5;3,5;100
16,5;4;100
16,5;4,5;100
16,5;5;100
16,5;5,5;100
16,5;6;100
16,5;6,5;100
16,5;7;100
16,5;7,5;100
16,5;8;96
16,5;8,5;96
16,5;9;100
16,5;9,5;100
16,5;10;100
16,5;10,5;100
16,5;11;100
16,5;11,5;100
16,5;12;100
16,5;12,5;100
16,5;13;100
16,5;13,5;100
16,5;14;100
16,5;14,5;100
16,5;15;100
16,5;15,5;100
16,5;16;100
16,5;16,5;100
16,5;17;100
16,5;17,5;100
16,5;18;100
16,5;18,5;92
16,5;19;100
16,5;19,5;100
16,5;20;100
16,5;20,5;100
16,5;21;100
16,5;21,5;100
16,5;22;100
16,5;22,5;100
16,5;23;100
16,5;23,5;100
16,5;24;100
16,5;24,5;100
16,5;25;100
16,5;25,5;100
16,5;26;100
16,5;26,5;100
16,5;27;100
16,5;27,5;100
16,5;28;100
16,5;28,5;100
16,5;29;100
16,5;29,5;100
16,5;30;100
16,5;30,5;100
16,5;31;100
16,5;31,5;100
16,5;32;100
16,5;32,5;100
16,5;33;100
16,5;33,5;100
16,5;34;100
16,5;34,5;100
16,5;35;100
16,5;35,5;100
16,5;36;100
16,5;36,5;100
16,5;37;100
16,5;37,5;100
16,5;38;100
16,5;38,5;100
16,5;39;100
16,5;39,5;100
16,5;40;100
16,5;40,5;100
16,5;41;100
16,5;41,5;100
16,5;42;100
16,5;42,5;100
16,5;43;100
16,5;43,5;100
16,5;44;100
16,5;44,5;100
16,5;45;100
16,5;45,5;100
16,5;46;100
16,5;46,5;100
16,5;47;100
16,5;47,5;100
16,5;48;100
16,5;48,5;100
16,5;49;100
16,5;49,5;100
16,5;50;100
16,5;50,5;100
16,5;51;100
16,5;51,5;100
16,5;52;100
16,5;52,5;100
16,5;53;100
16,5;53,5;100
16,5;54;100
16,5;54,5;100
16,5;55;100
16,5;55,5;100
16,5;56;100
16,5;56,5;100
16,5;57;100
16,5;57,5;100
16,5;58;100
16,5;58,5;100
16,5;59;100
16,5;59,5;100
16,5;60;100
16,5;60,5;100
16,5;61;100
16,5;61,5;96
16,5;62;100
16,5;62,5;100
16,5;63;100
16,5;63,5;100
16,5;64;100
16,5;64,5;100
16,5;65;100
16,5;65,5;100
16,5;66;100
16,5;66,5;100
16,5;67;100
16,5;67,5;96
16,5;68;88
16,5;68,5;96
16,5;69;100
16,5;69,5;100
16,5;70;100
16,5;70,5;100
16,5;71;100
16,5;71,5;100
16,5;72;100
16,5;72,5;100
16,5;73;100
16,5;73,5;100
16,5;74;100
16,5;74,5;96
16,5;75;100
16,5;75,5;92
16,5;76;68
16,5;76,5;56
16,5;77;84
16,5;77,5;80
16,5;78;100
16,5;78,5;92
17;-22,5;24
17;-22;88
17;-21,5;100
17;-21;100
17;-20,5;100
17;-20;100
17;-19,5;100
17;-19;100
17;-18,5;100
17;-18;100
17;-17,5;100
17;-17;100
17;-16,5;100
17;-16;100
17;-15,5;100
17;-15;100
17;-14,5;100
17;-14;100
17;-13,5;100
17;-13;100
17;-12,5;100
17;-12;100
17;-11,5;100
17;-11;100
17;-10,5;80
17;-10;16
17;-9,5;32
17;-9;44
17;-8,5;96
17;-8;100
17;-7,5;100
17;-7;100
17;-6,5;100
17;-6;100
17;-5,5;100
17;-5;100
17;-4,5;100
17;-4;100
17;-3,5;100
17;-3;100
17;-2,5;100
17;-2;100
17;-1,5;100
17;-1;100
17;-0,5;100
17;0;100
17;0,5;100
17;1;100
17;1,5;100
17;2;100
17;2,5;100
17;3;100
17;3,5;100
17;4;100
17;4,5;100
17;5;96
17;5,5;100
17;6;100
17;6,5;100
17;7;100
17;7,5;100
17;8;100
17;8,5;100
17;9;100
17;9,5;100
17;10;100
17;10,5;100
17;11;100
17;11,5;100
17;12;100
17;12,5;100
17;13;100
17;13,5;100
17;14;100
17;14,5;100
17;15;100
17;15,5;100
17;16;100
17;16,5;100
17;17;100
17;17,5;100
17;18;100
17;18,5;100
17;19;100
17;19,5;88
17;20;100
17;20,5;100
17;21;100
17;21,5;100
17;22;100
17;22,5;100
17;23;100
17;23,5;100
17;24;100
17;24,5;100
17;25;100
17;25,5;100
17;26;100
17;26,5;100
17;27;100
17;27,5;100
17;28;100
17;28,5;100
17;29;100
17;29,5;100
17;30;100
17;30,5;100
17;31;100
17;31,5;100
17;32;100
17;32,5;100
17;33;100
17;33,5;100
17;34;100
17;34,5;100
17;35;100
17;35,5;100
17;36;100
17;36,5;100
17;37;100
17;37,5;100
17;38;100
17;38,5;100
17;39;100
17;39,5;100
17;40;100
17;40,5;100
17;41;100
17;41,5;100
17;42;100
17;42,5;100
17;43;100
17;43,5;100
17;44;100
17;44,5;100
17;45;100
17;45,5;100
17;46;100
17;46,5;100
17;47;100
17;47,5;100
17;48;100
17;48,5;100
17;49;100
17;49,5;100
17;50;100
17;50,5;100
17;51;100
17;51,5;100
17;52;100
17;52,5;100
17;53;100
17;53,5;100
17;54;100
17;54,5;100
17;55;100
17;55,5;100
17;56;100
17;56,5;100
17;57;100
17;57,5;100
17;58;100
17;58,5;100
17;59;100
17;59,5;100
17;60;100
17;60,5;100
17;61;100
17;61,5;100
17;62;100
17;62,5;96
17;63;100
17;63,5;92
17;64;100
17;64,5;100
17;65;100
17;65,5;100
17;66;100
17;66,5;100
17;67;100
17;67,5;100
17;68;100
17;68,5;96
17;69;100
17;69,5;96
17;70;100
17;70,5;100
17;71;100
17;71,5;100
17;72;100
17;72,5;100
17;73;100
17;73,5;88
17;74;100
17;74,5;92
17;75;100
17;75,5;96
17;76;84
17;76,5;72
17;77;92
17;77,5;100
17;78;100
17;78,5;96
17,5;-22,5;20
17,5;-22;88
17,5;-21,5;100
17,5;-21;100
17,5;-20,5;96
17,5;-20;100
17,5;-19,5;100
17,5;-19;100
17,5;-18,5;100
17,5;-18;100
17,5;-17,5;100
17,5;-17;100
17,5;-16,5;100
17,5;-16;100
17,5;-15,5;100
17,5;-15;100
17,5;-14,5;100
17,5;-14;100
17,5;-13,5;100
17,5;-13;100
17,5;-12,5;100
17,5;-12;100
17,5;-11,5;100
17,5;-11;100
17,5;-10,5;60
17,5;-10;52
17,5;-9,5;88
17,5;-9;84
17,5;-8,5;100
17,5;-8;100
17,5;-7,5;100
17,5;-7;100
17,5;-6,5;100
17,5;-6;100
17,5;-5,5;100
17,5;-5;100
17,5;-4,5;100
17,5;-4;100
17,5;-3,5;100
17,5;-3;100
17,5;-2,5;100
17,5;-2;100
17,5;-1,5;100
17,5;-1;100
17,5;-0,5;100
17,5;0;100
17,5;0,5;100
17,5;1;100
17,5;1,5;100
17,5;2;100
17,5;2,5;100
17,5;3;100
17,5;3,5;100
17,5;4;100
17,5;4,5;100
17,5;5;100
17,5;5,5;100
17,5;6;100
17,5;6,5;100
17,5;7;100
17,5;7,5;100
17,5;8;80
17,5;8,5;100
17,5;9;100
17,5;9,5;100
17,5;10;100
17,5;10,5;100
17,5;11;100
17,5;11,5;100
17,5;12;100
17,5;12,5;100
17,5;13;100
17,5;13,5;100
17,5;14;100
17,5;14,5;100
17,5;15;100
17,5;15,5;100
17,5;16;100
17,5;16,5;100
17,5;17;100
17,5;17,5;100
17,5;18;100
17,5;18,5;100
17,5;19;100
17,5;19,5;88
17,5;20;100
17,5;20,5;100
17,5;21;100
17,5;21,5;100
17,5;22;100
17,5;22,5;100
17,5;23;100
17,5;23,5;100
17,5;24;100
17,5;24,5;100
17,5;25;100
17,5;25,5;100
17,5;26;100
17,5;26,5;100
17,5;27;100
17,5;27,5;100
17,5;28;100
17,5;28,5;100
17,5;29;100
17,5;29,5;100
17,5;30;100
17,5;30,5;100
17,5;31;100
17,5;31,5;100
17,5;32;100
17,5;32,5;100
17,5;33;100
17,5;33,5;100
17,5;34;100
17,5;34,5;100
17,5;35;100
17,5;35,5;100
17,5;36;100
17,5;36,5;100
17,5;37;100
17,5;37,5;100
17,5;38;100
17,5;38,5;100
17,5;39;100
17,5;39,5;100
17,5;40;100
17,5;40,5;100
17,5;41;100
17,5;41,5;100
17,5;42;100
17,5;42,5;100
17,5;43;100
17,5;43,5;100
17,5;44;100
17,5;44,5;100
17,5;45;100
17,5;45,5;100
17,5;46;100
17,5;46,5;100
17,5;47;100
17,5;47,5;100
17,5;48;100
17,5;48,5;100
17,5;49;100
17,5;49,5;96
17,5;50;100
17,5;50,5;100
17,5;51;100
17,5;51,5;96
17,5;52;100
17,5;52,5;100
17,5;53;100
17,5;53,5;100
17,5;54;100
17,5;54,5;100
17,5;55;100
17,5;55,5;100
17,5;56;100
17,5;56,5;100
17,5;57;100
17,5;57,5;100
17,5;58;100
17,5;58,5;100
17,5;59;100
17,5;59,5;100
17,5;60;100
17,5;60,5;100
17,5;61;100
17,5;61,5;100
17,5;62;92
17,5;62,5;80
17,5;63;72
17,5;63,5;64
17,5;64;88
17,5;64,5;100
17,5;65;100
17,5;65,5;100
17,5;66;100
17,5;66,5;100
17,5;67;100
17,5;67,5;100
17,5;68;100
17,5;68,5;100
17,5;69;100
17,5;69,5;96
17,5;70;100
17,5;70,5;100
17,5;71;100
17,5;71,5;100
17,5;72;100
17,5;72,5;100
17,5;73;88
17,5;73,5;92
17,5;74;96
17,5;74,5;100
17,5;75;96
17,5;75,5;100
17,5;76;96
17,5;76,5;76
17,5;77;84
17,5;77,5;100
17,5;78;100
17,5;78,5;100
18;-22,5;12
18;-22;76
18;-21,5;100
18;-21;100
18;-20,5;100
18;-20;96
18;-19,5;100
18;-19;100
18;-18,5;100
18;-18;100
18;-17,5;100
18;-17;100
18;-16,5;100
18;-16;100
18;-15,5;100
18;-15;100
18;-14,5;100
18;-14;100
18;-13,5;100
18;-13;100
18;-12,5;100
18;-12;100
18;-11,5;100
18;-11;100
18;-10,5;80
18;-10;100
18;-9,5;100
18;-9;96
18;-8,5;100
18;-8;100
18;-7,5;100
18;-7;100
18;-6,5;100
18;-6;100
18;-5,5;100
18;-5;100
18;-4,5;100
18;-4;100
18;-3,5;100
18;-3;100
18;-2,5;100
18;-2;100
18;-1,5;100
18;-1;100
18;-0,5;100
18;0;100
18;0,5;100
18;1;100
18;1,5;100
18;2;100
18;2,5;100
18;3;100
18;3,5;100
18;4;100
18;4,5;100
18;5;100
18;5,5;100
18;6;100
18;6,5;100
18;7;100
18;7,5;100
18;8;84
18;8,5;100
18;9;100
18;9,5;100
18;10;100
18;10,5;100
18;11;100
18;11,5;100
18;12;100
18;12,5;100
18;13;100
18;13,5;100
18;14;100
18;14,5;100
18;15;100
18;15,5;100
18;16;100
18;16,5;100
18;17;100
18;17,5;100
18;18;100
18;18,5;100
18;19;100
18;19,5;100
18;20;100
18;20,5;100
18;21;100
18;21,5;100
18;22;100
18;22,5;100
18;23;100
18;23,5;100
18;24;100
18;24,5;100
18;25;100
18;25,5;100
18;26;100
18;26,5;100
18;27;100
18;27,5;100
18;28;100
18;28,5;100
18;29;100
18;29,5;100
18;30;100
18;30,5;100
18;31;100
18;31,5;100
18;32;100
18;32,5;100
18;33;100
18;33,5;100
18;34;100
18;34,5;100
18;35;100
18;35,5;100
18;36;100
18;36,5;100
18;37;100
18;37,5;100
18;38;100
18;38,5;100
18;39;100
18;39,5;100
18;40;100
18;40,5;100
18;41;100
18;41,5;100
18;42;100
18;42,5;100
18;43;100
18;43,5;100
18;44;100
18;44,5;100
18;45;100
18;45,5;100
18;46;100
18;46,5;100
18;47;100
18;47,5;100
18;48;100
18;48,5;100
18;49;100
18;49,5;80
18;50;100
18;50,5;100
18;51;72
18;51,5;40
18;52;100
18;52,5;100
18;53;100
18;53,5;100
18;54;100
18;54,5;100
18;55;100
18;55,5;100
18;56;100
18;56,5;100
18;57;100
18;57,5;100
18;58;100
18;58,5;100
18;59;100
18;59,5;100
18;60;100
18;60,5;100
18;61;96
18;61,5;100
18;62;76
18;62,5;96
18;63;76
18;63,5;12
18;64;88
18;64,5;100
18;65;100
18;65,5;100
18;66;100
18;66,5;100
18;67;100
18;67,5;100
18;68;100
18;68,5;100
18;69;100
18;69,5;100
18;70;100
18;70,5;100
18;71;100
18;71,5;100
18;72;100
18;72,5;96
18;73;80
18;73,5;80
18;74;80
18;74,5;100
18;75;100
18;75,5;100
18;76;100
18;76,5;92
18;77;88
18;77,5;96
18;78;92
18;78,5;100
18,5;-22,5;0
18,5;-22;48
18,5;-21,5;100
18,5;-21;100
18,5;-20,5;92
18,5;-20;100
18,5;-19,5;100
18,5;-19;100
18,5;-18,5;100
18,5;-18;100
18,5;-17,5;100
18,5;-17;100
18,5;-16,5;100
18,5;-16;100
18,5;-15,5;100
18,5;-15;100
18,5;-14,5;100
18,5;-14;100
18,5;-13,5;100
18,5;-13;100
18,5;-12,5;100
18,5;-12;100
18,5;-11,5;100
18,5;-11;96
18,5;-10,5;100
18,5;-10;100
18,5;-9,5;100
18,5;-9;100
18,5;-8,5;100
18,5;-8;100
18,5;-7,5;100
18,5;-7;100
18,5;-6,5;100
18,5;-6;100
18,5;-5,5;100
18,5;-5;100
18,5;-4,5;100
18,5;-4;100
18,5;-3,5;100
18,5;-3;100
18,5;-2,5;100
18,5;-2;100
18,5;-1,5;100
18,5;-1;100
18,5;-0,5;100
18,5;0;100
18,5;0,5;100
18,5;1;100
18,5;1,5;100
18,5;2;100
18,5;2,5;96
18,5;3;100
18,5;3,5;100
18,5;4;100
18,5;4,5;100
18,5;5;100
18,5;5,5;100
18,5;6;100
18,5;6,5;100
18,5;7;100
18,5;7,5;100
18,5;8;100
18,5;8,5;100
18,5;9;100
18,5;9,5;100
18,5;10;100
18,5;10,5;100
18,5;11;100
18,5;11,5;100
18,5;12;100
18,5;12,5;100
18,5;13;100
18,5;13,5;100
18,5;14;100
18,5;14,5;100
18,5;15;100
18,5;15,5;100
18,5;16;100
18,5;16,5;100
18,5;17;100
18,5;17,5;100
18,5;18;100
18,5;18,5;100
18,5;19;100
18,5;19,5;100
18,5;20;100
18,5;20,5;100
18,5;21;100
18,5;21,5;100
18,5;22;100
18,5;22,5;100
18,5;23;100
18,5;23,5;100
18,5;24;100
18,5;24,5;100
18,5;25;100
18,5;25,5;100
18,5;26;100
18,5;26,5;100
18,5;27;100
18,5;27,5;100
18,5;28;100
18,5;28,5;100
18,5;29;100
18,5;29,5;100
18,5;30;100
18,5;30,5;100
18,5;31;100
18,5;31,5;100
18,5;32;100
18,5;32,5;100
18,5;33;100
18,5;33,5;100
18,5;34;100
18,5;34,5;100
18,5;35;100
18,5;35,5;100
18,5;36;100
18,5;36,5;100
18,5;37;100
18,5;37,5;100
18,5;38;100
18,5;38,5;100
18,5;39;100
18,5;39,5;100
18,5;40;100
18,5;40,5;100
18,5;41;100
18,5;41,5;100
18,5;42;100
18,5;42,5;100
18,5;43;100
18,5;43,5;100
18,5;44;100
18,5;44,5;100
18,5;45;100
18,5;45,5;100
18,5;46;100
18,5;46,5;100
18,5;47;100
18,5;47,5;100
18,5;48;100
18,5;48,5;96
18,5;49;96
18,5;49,5;52
18,5;50;84
18,5;50,5;60
18,5;51;24
18,5;51,5;12
18,5;52;76
18,5;52,5;100
18,5;53;100
18,5;53,5;100
18,5;54;100
18,5;54,5;100
18,5;55;100
18,5;55,5;100
18,5;56;100
18,5;56,5;100
18,5;57;100
18,5;57,5;100
18,5;58;100
18,5;58,5;100
18,5;59;100
18,5;59,5;100
18,5;60;100
18,5;60,5;100
18,5;61;100
18,5;61,5;100
18,5;62;96
18,5;62,5;96
18,5;63;100
18,5;63,5;76
18,5;64;92
18,5;64,5;100
18,5;65;100
18,5;65,5;100
18,5;66;100
18,5;66,5;100
18,5;67;100
18,5;67,5;100
18,5;68;100
18,5;68,5;100
18,5;69;100
18,5;69,5;100
18,5;70;100
18,5;70,5;100
18,5;71;100
18,5;71,5;96
18,5;72;92
18,5;72,5;100
18,5;73;96
18,5;73,5;100
18,5;74;100
18,5;74,5;100
18,5;75;100
18,5;75,5;100
18,5;76;100
18,5;76,5;100
18,5;77;96
18,5;77,5;100
18,5;78;100
18,5;78,5;92
19;-22,5;0
19;-22;40
19;-21,5;92
19;-21;100
19;-20,5;88
19;-20;92
19;-19,5;100
19;-19;100
19;-18,5;100
19;-18;100
19;-17,5;100
19;-17;100
19;-16,5;100
19;-16;100
19;-15,5;100
19;-15;100
19;-14,5;100
19;-14;100
19;-13,5;100
19;-13;100
19;-12,5;100
19;-12;100
19;-11,5;100
19;-11;100
19;-10,5;76
19;-10;84
19;-9,5;96
19;-9;100
19;-8,5;100
19;-8;100
19;-7,5;100
19;-7;100
19;-6,5;100
19;-6;100
19;-5,5;100
19;-5;100
19;-4,5;100
19;-4;100
19;-3,5;100
19;-3;100
19;-2,5;100
19;-2;100
19;-1,5;100
19;-1;100
19;-0,5;100
19;0;100
19;0,5;100
19;1;100
19;1,5;100
19;2;100
19;2,5;100
19;3;100
19;3,5;100
19;4;100
19;4,5;100
19;5;100
19;5,5;100
19;6;100
19;6,5;100
19;7;100
19;7,5;100
19;8;100
19;8,5;100
19;9;100
19;9,5;100
19;10;100
19;10,5;100
19;11;100
19;11,5;100
19;12;100
19;12,5;100
19;13;100
19;13,5;100
19;14;100
19;14,5;100
19;15;100
19;15,5;100
19;16;100
19;16,5;100
19;17;100
19;17,5;100
19;18;100
19;18,5;100
19;19;100
19;19,5;100
19;20;100
19;20,5;100
19;21;100
19;21,5;100
19;22;100
19;22,5;100
19;23;100
19;23,5;100
19;24;100
19;24,5;100
19;25;100
19;25,5;100
19;26;100
19;26,5;100
19;27;100
19;27,5;100
19;28;100
19;28,5;100
19;29;100
19;29,5;100
19;30;100
19;30,5;100
19;31;100
19;31,5;100
19;32;100
19;32,5;100
19;33;100
19;33,5;100
19;34;100
19;34,5;100
19;35;100
19;35,5;100
19;36;100
19;36,5;100
19;37;100
19;37,5;100
19;38;100
19;38,5;100
19;39;100
19;39,5;100
19;40;100
19;40,5;100
19;41;100
19;41,5;100
19;42;100
19;42,5;100
19;43;100
19;43,5;100
19;44;100
19;44,5;100
19;45;100
19;45,5;100
19;46;100
19;46,5;100
19;47;100
19;47,5;100
19;48;100
19;48,5;100
19;49;100
19;49,5;44
19;50;68
19;50,5;64
19;51;92
19;51,5;72
19;52;48
19;52,5;92
19;53;100
19;53,5;100
19;54;100
19;54,5;100
19;55;100
19;55,5;100
19;56;100
19;56,5;100
19;57;100
19;57,5;100
19;58;100
19;58,5;100
19;59;100
19;59,5;100
19;60;100
19;60,5;100
19;61;100
19;61,5;100
19;62;88
19;62,5;100
19;63;84
19;63,5;84
19;64;92
19;64,5;68
19;65;100
19;65,5;100
19;66;100
19;66,5;100
19;67;100
19;67,5;100
19;68;100
19;68,5;100
19;69;100
19;69,5;100
19;70;100
19;70,5;100
19;71;100
19;71,5;96
19;72;84
19;72,5;92
19;73;100
19;73,5;100
19;74;100
19;74,5;100
19;75;100
19;75,5;92
19;76;96
19;76,5;72
19;77;52
19;77,5;92
19;78;100
19;78,5;96
19;79;8
19,5;-22;16
19,5;-21,5;92
19,5;-21;100
19,5;-20,5;80
19,5;-20;88
19,5;-19,5;88
19,5;-19;100
19,5;-18,5;100
19,5;-18;100
19,5;-17,5;100
19,5;-17;100
19,5;-16,5;100
19,5;-16;100
19,5;-15,5;100
19,5;-15;100
19,5;-14,5;100
19,5;-14;100
19,5;-13,5;100
19,5;-13;100
19,5;-12,5;100
19,5;-12;100
19,5;-11,5;100
19,5;-11;100
19,5;-10,5;68
19,5;-10;100
19,5;-9,5;100
19,5;-9;100
19,5;-8,5;100
19,5;-8;100
19,5;-7,5;100
19,5;-7;100
19,5;-6,5;100
19,5;-6;100
19,5;-5,5;100
19,5;-5;100
19,5;-4,5;100
19,5;-4;100
19,5;-3,5;100
19,5;-3;100
19,5;-2,5;100
19,5;-2;100
19,5;-1,5;100
19,5;-1;100
19,5;-0,5;100
19,5;0;100
19,5;0,5;100
19,5;1;100
19,5;1,5;100
19,5;2;100
19,5;2,5;100
19,5;3;100
19,5;3,5;100
19,5;4;100
19,5;4,5;100
19,5;5;100
19,5;5,5;100
19,5;6;100
19,5;6,5;100
19,5;7;100
19,5;7,5;100
19,5;8;100
19,5;8,5;100
19,5;9;100
19,5;9,5;100
19,5;10;100
19,5;10,5;100
19,5;11;100
19,5;11,5;100
19,5;12;100
19,5;12,5;100
19,5;13;100
19,5;13,5;100
19,5;14;100
19,5;14,5;100
19,5;15;100
19,5;15,5;100
19,5;16;100
19,5;16,5;100
19,5;17;100
19,5;17,5;100
19,5;18;100
19,5;18,5;100
19,5;19;100
19,5;19,5;100
19,5;20;100
19,5;20,5;100
19,5;21;100
19,5;21,5;100
19,5;22;100
19,5;22,5;100
19,5;23;100
19,5;23,5;100
19,5;24;100
19,5;24,5;100
19,5;25;100
19,5;25,5;100
19,5;26;100
19,5;26,5;100
19,5;27;100
19,5;27,5;100
19,5;28;100
19,5;28,5;100
19,5;29;100
19,5;29,5;100
19,5;30;100
19,5;30,5;100
19,5;31;100
19,5;31,5;100
19,5;32;100
19,5;32,5;100
19,5;33;100
19,5;33,5;100
19,5;34;100
19,5;34,5;100
19,5;35;100
19,5;35,5;100
19,5;36;100
19,5;36,5;100
19,5;37;100
19,5;37,5;96
19,5;38;100
19,5;38,5;100
19,5;39;100
19,5;39,5;100
19,5;40;96
19,5;40,5;100
19,5;41;100
19,5;41,5;100
19,5;42;100
19,5;42,5;100
19,5;43;100
19,5;43,5;100
19,5;44;100
19,5;44,5;100
19,5;45;100
19,5;45,5;100
19,5;46;100
19,5;46,5;92
19,5;47;96
19,5;47,5;92
19,5;48;76
19,5;48,5;100
19,5;49;100
19,5;49,5;88
19,5;50;92
19,5;50,5;76
19,5;51;16
19,5;51,5;32
19,5;52;36
19,5;52,5;100
19,5;53;100
19,5;53,5;100
19,5;54;100
19,5;54,5;100
19,5;55;100
19,5;55,5;100
19,5;56;100
19,5;56,5;100
19,5;57;100
19,5;57,5;100
19,5;58;100
19,5;58,5;100
19,5;59;100
19,5;59,5;100
19,5;60;100
19,5;60,5;100
19,5;61;100
19,5;61,5;100
19,5;62;100
19,5;62,5;100
19,5;63;84
19,5;63,5;96
19,5;64;84
19,5;64,5;84
19,5;65;100
19,5;65,5;100
19,5;66;100
19,5;66,5;100
19,5;67;100
19,5;67,5;100
19,5;68;100
19,5;68,5;100
19,5;69;100
19,5;69,5;100
19,5;70;100
19,5;70,5;100
19,5;71;100
19,5;71,5;100
19,5;72;92
19,5;72,5;88
19,5;73;100
19,5;73,5;100
19,5;74;100
19,5;74,5;96
19,5;75;100
19,5;75,5;96
19,5;76;68
19,5;76,5;84
19,5;77;92
19,5;77,5;100
19,5;78;100
19,5;78,5;92
19,5;79;16
20;-22;72
20;-21,5;92
20;-21;88
20;-20,5;64
20;-20;44
20;-19,5;48
20;-19;56
20;-18,5;88
20;-18;96
20;-17,5;100
20;-17;100
20;-16,5;100
20;-16;100
20;-15,5;100
20;-15;100
20;-14,5;100
20;-14;100
20;-13,5;100
20;-13;100
20;-12,5;100
20;-12;100
20;-11,5;100
20;-11;100
20;-10,5;100
20;-10;100
20;-9,5;100
20;-9;100
20;-8,5;100
20;-8;96
20;-7,5;100
20;-7;100
20;-6,5;100
20;-6;100
20;-5,5;100
20;-5;100
20;-4,5;100
20;-4;100
20;-3,5;100
20;-3;100
20;-2,5;100
20;-2;100
20;-1,5;100
20;-1;100
20;-0,5;100
20;0;100
20;0,5;100
20;1;100
20;1,5;100
20;2;100
20;2,5;100
20;3;100
20;3,5;100
20;4;100
20;4,5;100
20;5;100
20;5,5;100
20;6;100
20;6,5;100
20;7;100
20;7,5;100
20;8;100
20;8,5;100
20;9;100
20;9,5;100
20;10;100
20;10,5;100
20;11;100
20;11,5;100
20;12;100
20;12,5;100
20;13;100
20;13,5;100
20;14;100
20;14,5;100
20;15;100
20;15,5;100
20;16;100
20;16,5;100
20;17;100
20;17,5;100
20;18;100
20;18,5;100
20;19;100
20;19,5;100
20;20;100
20;20,5;100
20;21;100
20;21,5;100
20;22;100
20;22,5;100
20;23;100
20;23,5;100
20;24;100
20;24,5;100
20;25;100
20;25,5;100
20;26;100
20;26,5;100
20;27;100
20;27,5;100
20;28;100
20;28,5;100
20;29;100
20;29,5;100
20;30;100
20;30,5;100
20;31;100
20;31,5;100
20;32;100
20;32,5;100
20;33;100
20;33,5;100
20;34;100
20;34,5;100
20;35;100
20;35,5;100
20;36;100
20;36,5;100
20;37;100
20;37,5;100
20;38;100
20;38,5;100
20;39;100
20;39,5;88
20;40;96
20;40,5;100
20;41;100
20;41,5;100
20;42;100
20;42,5;100
20;43;100
20;43,5;100
20;44;100
20;44,5;100
20;45;100
20;45,5;100
20;46;100
20;46,5;92
20;47;100
20;47,5;100
20;48;100
20;48,5;96
20;49;96
20;49,5;100
20;50;64
20;50,5;36
20;51;0
20;51,5;12
20;52;88
20;52,5;100
20;53;100
20;53,5;100
20;54;100
20;54,5;100
20;55;100
20;55,5;100
20;56;100
20;56,5;100
20;57;100
20;57,5;100
20;58;100
20;58,5;100
20;59;100
20;59,5;100
20;60;100
20;60,5;100
20;61;100
20;61,5;100
20;62;100
20;62,5;100
20;63;68
20;63,5;72
20;64;96
20;64,5;100
20;65;100
20;65,5;100
20;66;100
20;66,5;100
20;67;100
20;67,5;100
20;68;100
20;68,5;100
20;69;100
20;69,5;100
20;70;100
20;70,5;100
20;71;96
20;71,5;100
20;72;100
20;72,5;100
20;73;100
20;73,5;100
20;74;100
20;74,5;100
20;75;100
20;75,5;100
20;76;100
20;76,5;100
20;77;100
20;77,5;100
20;78;100
20;78,5;100
20;79;20
20,5;-22,5;4
20,5;-22;88
20,5;-21,5;88
20,5;-21;92
20,5;-20,5;44
20,5;-20;64
20,5;-19,5;84
20,5;-19;92
20,5;-18,5;88
20,5;-18;100
20,5;-17,5;100
20,5;-17;100
20,5;-16,5;100
20,5;-16;100
20,5;-15,5;100
20,5;-15;100
20,5;-14,5;100
20,5;-14;100
20,5;-13,5;100
20,5;-13;100
20,5;-12,5;100
20,5;-12;100
20,5;-11,5;100
20,5;-11;100
20,5;-10,5;100
20,5;-10;100
20,5;-9,5;96
20,5;-9;100
20,5;-8,5;100
20,5;-8;100
20,5;-7,5;100
20,5;-7;100
20,5;-6,5;100
20,5;-6;100
20,5;-5,5;100
20,5;-5;92
20,5;-4,5;100
20,5;-4;100
20,5;-3,5;100
20,5;-3;100
20,5;-2,5;100
20,5;-2;100
20,5;-1,5;100
20,5;-1;100
20,5;-0,5;100
20,5;0;100
20,5;0,5;100
20,5;1;100
20,5;1,5;100
20,5;2;100
20,5;2,5;100
20,5;3;100
20,5;3,5;100
20,5;4;100
20,5;4,5;100
20,5;5;100
20,5;5,5;100
20,5;6;100
20,5;6,5;100
20,5;7;100
20,5;7,5;100
20,5;8;100
20,5;8,5;100
20,5;9;100
20,5;9,5;100
20,5;10;100
20,5;10,5;100
20,5;11;100
20,5;11,5;100
20,5;12;100
20,5;12,5;100
20,5;13;100
20,5;13,5;100
20,5;14;100
20,5;14,5;100
20,5;15;100
20,5;15,5;100
20,5;16;100
20,5;16,5;100
20,5;17;100
20,5;17,5;100
20,5;18;100
20,5;18,5;100
20,5;19;100
20,5;19,5;100
20,5;20;100
20,5;20,5;100
20,5;21;100
20,5;21,5;100
20,5;22;100
20,5;22,5;100
20,5;23;100
20,5;23,5;100
20,5;24;100
20,5;24,5;100
20,5;25;100
20,5;25,5;100
20,5;26;100
20,5;26,5;100
20,5;27;100
20,5;27,5;100
20,5;28;100
20,5;28,5;100
20,5;29;100
20,5;29,5;100
20,5;30;100
20,5;30,5;100
20,5;31;100
20,5;31,5;100
20,5;32;100
20,5;32,5;100
20,5;33;100
20,5;33,5;100
20,5;34;100
20,5;34,5;100
20,5;35;100
20,5;35,5;100
20,5;36;100
20,5;36,5;100
20,5;37;100
20,5;37,5;100
20,5;38;100
20,5;38,5;100
20,5;39;100
20,5;39,5;76
20,5;40;100
20,5;40,5;100
20,5;41;100
20,5;41,5;100
20,5;42;100
20,5;42,5;100
20,5;43;100
20,5;43,5;100
20,5;44;100
20,5;44,5;100
20,5;45;100
20,5;45,5;100
20,5;46;100
20,5;46,5;100
20,5;47;100
20,5;47,5;92
20,5;48;100
20,5;48,5;96
20,5;49;64
20,5;49,5;84
20,5;50;84
20,5;50,5;52
20,5;51;4
20,5;51,5;4
20,5;52;96
20,5;52,5;100
20,5;53;100
20,5;53,5;100
20,5;54;100
20,5;54,5;100
20,5;55;100
20,5;55,5;100
20,5;56;100
20,5;56,5;100
20,5;57;100
20,5;57,5;100
20,5;58;100
20,5;58,5;100
20,5;59;100
20,5;59,5;100
20,5;60;100
20,5;60,5;100
20,5;61;100
20,5;61,5;100
20,5;62;100
20,5;62,5;100
20,5;63;100
20,5;63,5;96
20,5;64;80
20,5;64,5;100
20,5;65;100
20,5;65,5;100
20,5;66;100
20,5;66,5;100
20,5;67;100
20,5;67,5;100
20,5;68;100
20,5;68,5;100
20,5;69;100
20,5;69,5;100
20,5;70;100
20,5;70,5;100
20,5;71;100
20,5;71,5;100
20,5;72;100
20,5;72,5;100
20,5;73;100
20,5;73,5;100
20,5;74;100
20,5;74,5;100
20,5;75;100
20,5;75,5;96
20,5;76;100
20,5;76,5;100
20,5;77;100
20,5;77,5;100
20,5;78;96
20,5;78,5;100
20,5;79;20
21;-22;96
21;-21,5;96
21;-21;96
21;-20,5;64
21;-20;68
21;-19,5;60
21;-19;60
21;-18,5;100
21;-18;100
21;-17,5;96
21;-17;96
21;-16,5;100
21;-16;100
21;-15,5;100
21;-15;100
21;-14,5;100
21;-14;100
21;-13,5;100
21;-13;100
21;-12,5;100
21;-12;100
21;-11,5;100
21;-11;100
21;-10,5;100
21;-10;100
21;-9,5;100
21;-9;92
21;-8,5;84
21;-8;100
21;-7,5;100
21;-7;100
21;-6,5;100
21;-6;100
21;-5,5;100
21;-5;96
21;-4,5;100
21;-4;100
21;-3,5;100
21;-3;100
21;-2,5;100
21;-2;100
21;-1,5;100
21;-1;100
21;-0,5;100
21;0;100
21;0,5;100
21;1;100
21;1,5;100
21;2;100
21;2,5;100
21;3;100
21;3,5;100
21;4;100
21;4,5;100
21;5;100
21;5,5;100
21;6;100
21;6,5;100
21;7;100
21;7,5;100
21;8;100
21;8,5;100
21;9;100
21;9,5;100
21;10;100
21;10,5;100
21;11;100
21;11,5;100
21;12;100
21;12,5;100
21;13;100
21;13,5;100
21;14;100
21;14,5;100
21;15;100
21;15,5;100
21;16;100
21;16,5;100
21;17;100
21;17,5;100
21;18;100
21;18,5;100
21;19;100
21;19,5;100
21;20;100
21;20,5;100
21;21;100
21;21,5;100
21;22;100
21;22,5;100
21;23;100
21;23,5;100
21;24;100
21;24,5;100
21;25;100
21;25,5;100
21;26;100
21;26,5;100
21;27;100
21;27,5;100
21;28;100
21;28,5;100
21;29;100
21;29,5;100
21;30;100
21;30,5;100
21;31;100
21;31,5;100
21;32;100
21;32,5;100
21;33;100
21;33,5;100
21;34;100
21;34,5;100
21;35;100
21;35,5;100
21;36;100
21;36,5;100
21;37;100
21;37,5;100
21;38;96
21;38,5;100
21;39;100
21;39,5;96
21;40;100
21;40,5;100
21;41;100
21;41,5;100
21;42;100
21;42,5;100
21;43;100
21;43,5;100
21;44;100
21;44,5;100
21;45;100
21;45,5;100
21;46;100
21;46,5;100
21;47;100
21;47,5;100
21;48;100
21;48,5;76
21;49;24
21;49,5;24
21;50;16
21;50,5;20
21;51;48
21;51,5;88
21;52;100
21;52,5;100
21;53;100
21;53,5;100
21;54;100
21;54,5;100
21;55;100
21;55,5;100
21;56;100
21;56,5;100
21;57;100
21;57,5;100
21;58;100
21;58,5;100
21;59;100
21;59,5;100
21;60;100
21;60,5;100
21;61;100
21;61,5;100
21;62;100
21;62,5;100
21;63;100
21;63,5;96
21;64;76
21;64,5;96
21;65;96
21;65,5;100
21;66;100
21;66,5;100
21;67;100
21;67,5;100
21;68;100
21;68,5;100
21;69;100
21;69,5;100
21;70;100
21;70,5;100
21;71;100
21;71,5;100
21;72;100
21;72,5;100
21;73;100
21;73,5;100
21;74;100
21;74,5;100
21;75;100
21;75,5;100
21;76;100
21;76,5;100
21;77;96
21;77,5;100
21;78;96
21;78,5;100
21;79;20
21,5;-22;100
21,5;-21,5;100
21,5;-21;100
21,5;-20,5;80
21,5;-20;20
21,5;-19,5;24
21,5;-19;56
21,5;-18,5;92
21,5;-18;96
21,5;-17,5;96
21,5;-17;96
21,5;-16,5;100
21,5;-16;100
21,5;-15,5;100
21,5;-15;100
21,5;-14,5;100
21,5;-14;100
21,5;-13,5;96
21,5;-13;100
21,5;-12,5;100
21,5;-12;100
21,5;-11,5;100
21,5;-11;100
21,5;-10,5;100
21,5;-10;100
21,5;-9,5;100
21,5;-9;100
21,5;-8,5;100
21,5;-8;100
21,5;-7,5;100
21,5;-7;100
21,5;-6,5;100
21,5;-6;100
21,5;-5,5;100
21,5;-5;100
21,5;-4,5;100
21,5;-4;100
21,5;-3,5;100
21,5;-3;100
21,5;-2,5;100
21,5;-2;100
21,5;-1,5;100
21,5;-1;100
21,5;-0,5;100
21,5;0;100
21,5;0,5;100
21,5;1;100
21,5;1,5;100
21,5;2;100
21,5;2,5;100
21,5;3;100
21,5;3,5;100
21,5;4;100
21,5;4,5;100
21,5;5;100
21,5;5,5;100
21,5;6;100
21,5;6,5;100
21,5;7;100
21,5;7,5;100
21,5;8;100
21,5;8,5;100
21,5;9;100
21,5;9,5;100
21,5;10;100
21,5;10,5;100
21,5;11;100
21,5;11,5;100
21,5;12;100
21,5;12,5;100
21,5;13;100
21,5;13,5;100
21,5;14;100
21,5;14,5;100
21,5;15;100
21,5;15,5;100
21,5;16;100
21,5;16,5;100
21,5;17;100
21,5;17,5;100
21,5;18;100
21,5;18,5;100
21,5;19;100
21,5;19,5;100
21,5;20;100
21,5;20,5;100
21,5;21;100
21,5;21,5;100
21,5;22;100
21,5;22,5;100
21,5;23;100
21,5;23,5;100
21,5;24;100
21,5;24,5;100
21,5;25;100
21,5;25,5;100
21,5;26;100
21,5;26,5;100
21,5;27;100
21,5;27,5;100
21,5;28;100
21,5;28,5;100
21,5;29;100
21,5;29,5;100
21,5;30;100
21,5;30,5;100
21,5;31;100
21,5;31,5;100
21,5;32;100
21,5;32,5;100
21,5;33;100
21,5;33,5;100
21,5;34;100
21,5;34,5;100
21,5;35;100
21,5;35,5;100
21,5;36;100
21,5;36,5;100
21,5;37;100
21,5;37,5;100
21,5;38;100
21,5;38,5;100
21,5;39;92
21,5;39,5;100
21,5;40;100
21,5;40,5;100
21,5;41;100
21,5;41,5;100
21,5;42;100
21,5;42,5;100
21,5;43;100
21,5;43,5;100
21,5;44;100
21,5;44,5;100
21,5;45;100
21,5;45,5;100
21,5;46;100
21,5;46,5;100
21,5;47;100
21,5;47,5;100
21,5;48;100
21,5;48,5;80
21,5;49;48
21,5;49,5;0
21,5;50;0
21,5;50,5;20
21,5;51;88
21,5;51,5;100
21,5;52;100
21,5;52,5;100
21,5;53;100
21,5;53,5;100
21,5;54;100
21,5;54,5;100
21,5;55;100
21,5;55,5;100
21,5;56;100
21,5;56,5;100
21,5;57;100
21,5;57,5;100
21,5;58;100
21,5;58,5;100
21,5;59;100
21,5;59,5;100
21,5;60;100
21,5;60,5;100
21,5;61;100
21,5;61,5;100
21,5;62;100
21,5;62,5;96
21,5;63;100
21,5;63,5;100
21,5;64;100
21,5;64,5;72
21,5;65;80
21,5;65,5;100
21,5;66;100
21,5;66,5;100
21,5;67;100
21,5;67,5;100
21,5;68;100
21,5;68,5;100
21,5;69;100
21,5;69,5;100
21,5;70;100
21,5;70,5;100
21,5;71;96
21,5;71,5;92
21,5;72;100
21,5;72,5;100
21,5;73;100
21,5;73,5;92
21,5;74;100
21,5;74,5;100
21,5;75;88
21,5;75,5;100
21,5;76;100
21,5;76,5;100
21,5;77;56
21,5;77,5;68
21,5;78;96
21,5;78,5;68
21,5;79;12
22;-22;96
22;-21,5;96
22;-21;88
22;-20,5;44
22;-20;0
22;-19,5;0
22;-19;16
22;-18,5;36
22;-18;12
22;-17,5;28
22;-17;40
22;-16,5;92
22;-16;100
22;-15,5;100
22;-15;100
22;-14,5;100
22;-14;100
22;-13,5;100
22;-13;100
22;-12,5;100
22;-12;100
22;-11,5;100
22;-11;100
22;-10,5;100
22;-10;100
22;-9,5;100
22;-9;100
22;-8,5;100
22;-8;100
22;-7,5;100
22;-7;100
22;-6,5;100
22;-6;100
22;-5,5;100
22;-5;100
22;-4,5;100
22;-4;100
22;-3,5;100
22;-3;100
22;-2,5;100
22;-2;100
22;-1,5;100
22;-1;100
22;-0,5;100
22;0;100
22;0,5;100
22;1;100
22;1,5;100
22;2;100
22;2,5;100
22;3;100
22;3,5;100
22;4;100
22;4,5;100
22;5;100
22;5,5;100
22;6;100
22;6,5;100
22;7;100
22;7,5;100
22;8;100
22;8,5;100
22;9;100
22;9,5;100
22;10;100
22;10,5;100
22;11;100
22;11,5;100
22;12;100
22;12,5;100
22;13;100
22;13,5;100
22;14;100
22;14,5;100
22;15;100
22;15,5;100
22;16;100
22;16,5;100
22;17;100
22;17,5;100
22;18;100
22;18,5;100
22;19;100
22;19,5;100
22;20;100
22;20,5;100
22;21;100
22;21,5;100
22;22;100
22;22,5;100
22;23;100
22;23,5;100
22;24;100
22;24,5;100
22;25;100
22;25,5;100
22;26;100
22;26,5;100
22;27;100
22;27,5;100
22;28;100
22;28,5;100
22;29;100
22;29,5;100
22;30;100
22;30,5;100
22;31;100
22;31,5;100
22;32;100
22;32,5;100
22;33;100
22;33,5;100
22;34;100
22;34,5;100
22;35;100
22;35,5;100
22;36;100
22;36,5;100
22;37;100
22;37,5;100
22;38;100
22;38,5;100
22;39;88
22;39,5;100
22;40;100
22;40,5;100
22;41;100
22;41,5;100
22;42;100
22;42,5;100
22;43;100
22;43,5;100
22;44;100
22;44,5;100
22;45;100
22;45,5;100
22;46;100
22;46,5;100
22;47;100
22;47,5;100
22;48;100
22;48,5;100
22;49;72
22;49,5;28
22;50;16
22;50,5;96
22;51;88
22;51,5;100
22;52;100
22;52,5;100
22;53;100
22;53,5;100
22;54;100
22;54,5;100
22;55;100
22;55,5;100
22;56;100
22;56,5;100
22;57;100
22;57,5;100
22;58;100
22;58,5;100
22;59;100
22;59,5;100
22;60;100
22;60,5;100
22;61;100
22;61,5;100
22;62;76
22;62,5;100
22;63;96
22;63,5;100
22;64;76
22;64,5;24
22;65;56
22;65,5;100
22;66;100
22;66,5;100
22;67;100
22;67,5;100
22;68;100
22;68,5;100
22;69;100
22;69,5;100
22;70;100
22;70,5;96
22;71;84
22;71,5;100
22;72;100
22;72,5;96
22;73;100
22;73,5;100
22;74;100
22;74,5;100
22;75;100
22;75,5;100
22;76;100
22;76,5;96
22;77;24
22;77,5;12
22;78;96
22;78,5;100
22;79;20
22,5;-22;92
22,5;-21,5;100
22,5;-21;76
22,5;-20,5;36
22,5;-20;4
22,5;-18,5;12
22,5;-18;0
22,5;-17,5;0
22,5;-17;4
22,5;-16,5;32
22,5;-16;60
22,5;-15,5;92
22,5;-15;100
22,5;-14,5;100
22,5;-14;100
22,5;-13,5;100
22,5;-13;100
22,5;-12,5;100
22,5;-12;100
22,5;-11,5;100
22,5;-11;100
22,5;-10,5;100
22,5;-10;100
22,5;-9,5;100
22,5;-9;100
22,5;-8,5;100
22,5;-8;100
22,5;-7,5;100
22,5;-7;100
22,5;-6,5;100
22,5;-6;100
22,5;-5,5;100
22,5;-5;100
22,5;-4,5;100
22,5;-4;100
22,5;-3,5;100
22,5;-3;100
22,5;-2,5;100
22,5;-2;100
22,5;-1,5;100
22,5;-1;100
22,5;-0,5;100
22,5;0;100
22,5;0,5;100
22,5;1;100
22,5;1,5;100
22,5;2;100
22,5;2,5;100
22,5;3;100
22,5;3,5;100
22,5;4;100
22,5;4,5;100
22,5;5;100
22,5;5,5;100
22,5;6;100
22,5;6,5;100
22,5;7;100
22,5;7,5;100
22,5;8;100
22,5;8,5;100
22,5;9;100
22,5;9,5;100
22,5;10;100
22,5;10,5;100
22,5;11;100
22,5;11,5;100
22,5;12;100
22,5;12,5;100
22,5;13;100
22,5;13,5;100
22,5;14;100
22,5;14,5;100
22,5;15;100
22,5;15,5;100
22,5;16;100
22,5;16,5;100
22,5;17;100
22,5;17,5;100
22,5;18;100
22,5;18,5;100
22,5;19;100
22,5;19,5;100
22,5;20;100
22,5;20,5;100
22,5;21;100
22,5;21,5;100
22,5;22;100
22,5;22,5;100
22,5;23;100
22,5;23,5;100
22,5;24;100
22,5;24,5;100
22,5;25;100
22,5;25,5;100
22,5;26;100
22,5;26,5;100
22,5;27;100
22,5;27,5;100
22,5;28;100
22,5;28,5;100
22,5;29;100
22,5;29,5;100
22,5;30;100
22,5;30,5;100
22,5;31;100
22,5;31,5;100
22,5;32;100
22,5;32,5;100
22,5;33;100
22,5;33,5;100
22,5;34;100
22,5;34,5;100
22,5;35;100
22,5;35,5;100
22,5;36;100
22,5;36,5;100
22,5;37;100
22,5;37,5;100
22,5;38;100
22,5;38,5;100
22,5;39;100
22,5;39,5;100
22,5;40;100
22,5;40,5;100
22,5;41;100
22,5;41,5;100
22,5;42;100
22,5;42,5;100
22,5;43;100
22,5;43,5;100
22,5;44;100
22,5;44,5;100
22,5;45;100
22,5;45,5;100
22,5;46;100
22,5;46,5;100
22,5;47;100
22,5;47,5;100
22,5;48;100
22,5;48,5;100
22,5;49;84
22,5;49,5;24
22,5;50;4
22,5;50,5;84
22,5;51;100
22,5;51,5;100
22,5;52;100
22,5;52,5;100
22,5;53;100
22,5;53,5;100
22,5;54;100
22,5;54,5;100
22,5;55;100
22,5;55,5;100
22,5;56;100
22,5;56,5;100
22,5;57;100
22,5;57,5;100
22,5;58;100
22,5;58,5;100
22,5;59;100
22,5;59,5;100
22,5;60;100
22,5;60,5;100
22,5;61;100
22,5;61,5;100
22,5;62;100
22,5;62,5;92
22,5;63;100
22,5;63,5;100
22,5;64;60
22,5;64,5;84
22,5;65;100
22,5;65,5;100
22,5;66;100
22,5;66,5;100
22,5;67;100
22,5;67,5;100
22,5;68;100
22,5;68,5;100
22,5;69;96
22,5;69,5;100
22,5;70;100
22,5;70,5;100
22,5;71;100
22,5;71,5;100
22,5;72;100
22,5;72,5;100
22,5;73;100
22,5;73,5;100
22,5;74;100
22,5;74,5;100
22,5;75;100
22,5;75,5;100
22,5;76;96
22,5;76,5;100
22,5;77;88
22,5;77,5;48
22,5;78;96
22,5;78,5;96
22,5;79;28
23;-22;88
23;-21,5;92
23;-21;100
23;-20,5;96
23;-20;84
23;-19,5;40
23;-19;36
23;-18,5;52
23;-18;60
23;-17,5;68
23;-17;56
23;-16,5;48
23;-16;76
23;-15,5;92
23;-15;100
23;-14,5;100
23;-14;100
23;-13,5;100
23;-13;100
23;-12,5;100
23;-12;100
23;-11,5;100
23;-11;100
23;-10,5;100
23;-10;100
23;-9,5;100
23;-9;100
23;-8,5;100
23;-8;100
23;-7,5;100
23;-7;100
23;-6,5;100
23;-6;100
23;-5,5;100
23;-5;100
23;-4,5;100
23;-4;100
23;-3,5;100
23;-3;100
23;-2,5;100
23;-2;100
23;-1,5;100
23;-1;100
23;-0,5;100
23;0;100
23;0,5;100
23;1;100
23;1,5;100
23;2;100
23;2,5;100
23;3;100
23;3,5;100
23;4;100
23;4,5;100
23;5;100
23;5,5;100
23;6;100
23;6,5;100
23;7;100
23;7,5;100
23;8;100
23;8,5;100
23;9;100
23;9,5;100
23;10;100
23;10,5;100
23;11;100
23;11,5;100
23;12;100
23;12,5;100
23;13;100
23;13,5;100
23;14;100
23;14,5;100
23;15;100
23;15,5;100
23;16;100
23;16,5;100
23;17;100
23;17,5;100
23;18;100
23;18,5;100
23;19;100
23;19,5;100
23;20;100
23;20,5;100
23;21;100
23;21,5;100
23;22;100
23;22,5;100
23;23;100
23;23,5;100
23;24;100
23;24,5;100
23;25;100
23;25,5;100
23;26;100
23;26,5;100
23;27;100
23;27,5;100
23;28;100
23;28,5;100
23;29;100
23;29,5;100
23;30;100
23;30,5;100
23;31;100
23;31,5;100
23;32;100
23;32,5;100
23;33;100
23;33,5;100
23;34;100
23;34,5;100
23;35;100
23;35,5;100
23;36;100
23;36,5;100
23;37;100
23;37,5;100
23;38;100
23;38,5;100
23;39;100
23;39,5;100
23;40;100
23;40,5;100
23;41;100
23;41,5;100
23;42;100
23;42,5;100
23;43;100
23;43,5;100
23;44;100
23;44,5;100
23;45;100
23;45,5;100
23;46;100
23;46,5;100
23;47;100
23;47,5;100
23;48;100
23;48,5;100
23;49;96
23;49,5;72
23;50;56
23;50,5;96
23;51;100
23;51,5;100
23;52;100
23;52,5;100
23;53;100
23;53,5;100
23;54;100
23;54,5;100
23;55;100
23;55,5;100
23;56;100
23;56,5;100
23;57;100
23;57,5;100
23;58;100
23;58,5;100
23;59;100
23;59,5;100
23;60;100
23;60,5;100
23;61;100
23;61,5;100
23;62;100
23;62,5;100
23;63;100
23;63,5;100
23;64;100
23;64,5;100
23;65;100
23;65,5;100
23;66;100
23;66,5;100
23;67;100
23;67,5;100
23;68;100
23;68,5;100
23;69;100
23;69,5;100
23;70;100
23;70,5;100
23;71;100
23;71,5;100
23;72;100
23;72,5;100
23;73;100
23;73,5;100
23;74;100
23;74,5;96
23;75;92
23;75,5;100
23;76;100
23;76,5;100
23;77;100
23;77,5;60
23;78;76
23;78,5;88
23;79;32
23,5;-22;68
23,5;-21,5;100
23,5;-21;92
23,5;-20,5;96
23,5;-20;100
23,5;-19,5;100
23,5;-19;84
23,5;-18,5;84
23,5;-18;96
23,5;-17,5;100
23,5;-17;96
23,5;-16,5;96
23,5;-16;80
23,5;-15,5;84
23,5;-15;100
23,5;-14,5;92
23,5;-14;100
23,5;-13,5;100
23,5;-13;84
23,5;-12,5;92
23,5;-12;100
23,5;-11,5;100
23,5;-11;100
23,5;-10,5;100
23,5;-10;100
23,5;-9,5;100
23,5;-9;100
23,5;-8,5;100
23,5;-8;100
23,5;-7,5;100
23,5;-7;100
23,5;-6,5;100
23,5;-6;100
23,5;-5,5;100
23,5;-5;100
23,5;-4,5;100
23,5;-4;100
23,5;-3,5;100
23,5;-3;100
23,5;-2,5;100
23,5;-2;100
23,5;-1,5;100
23,5;-1;100
23,5;-0,5;100
23,5;0;100
23,5;0,5;100
23,5;1;100
23,5;1,5;100
23,5;2;100
23,5;2,5;100
23,5;3;100
23,5;3,5;100
23,5;4;100
23,5;4,5;100
23,5;5;100
23,5;5,5;100
23,5;6;100
23,5;6,5;100
23,5;7;100
23,5;7,5;100
23,5;8;100
23,5;8,5;100
23,5;9;100
23,5;9,5;100
23,5;10;100
23,5;10,5;100
23,5;11;100
23,5;11,5;100
23,5;12;100
23,5;12,5;100
23,5;13;100
23,5;13,5;100
23,5;14;100
23,5;14,5;100
23,5;15;100
23,5;15,5;100
23,5;16;100
23,5;16,5;100
23,5;17;80
23,5;17,5;80
23,5;18;96
23,5;18,5;100
23,5;19;88
23,5;19,5;100
23,5;20;100
23,5;20,5;100
23,5;21;100
23,5;21,5;100
23,5;22;100
23,5;22,5;100
23,5;23;100
23,5;23,5;100
23,5;24;100
23,5;24,5;100
23,5;25;100
23,5;25,5;100
23,5;26;100
23,5;26,5;100
23,5;27;100
23,5;27,5;100
23,5;28;100
23,5;28,5;100
23,5;29;100
23,5;29,5;100
23,5;30;100
23,5;30,5;100
23,5;31;100
23,5;31,5;100
23,5;32;100
23,5;32,5;100
23,5;33;100
23,5;33,5;100
23,5;34;100
23,5;34,5;100
23,5;35;100
23,5;35,5;100
23,5;36;100
23,5;36,5;100
23,5;37;100
23,5;37,5;100
23,5;38;100
23,5;38,5;100
23,5;39;100
23,5;39,5;100
23,5;40;100
23,5;40,5;100
23,5;41;100
23,5;41,5;100
23,5;42;100
23,5;42,5;100
23,5;43;100
23,5;43,5;100
23,5;44;100
23,5;44,5;100
23,5;45;100
23,5;45,5;100
23,5;46;100
23,5;46,5;100
23,5;47;100
23,5;47,5;100
23,5;48;100
23,5;48,5;100
23,5;49;100
23,5;49,5;100
23,5;50;100
23,5;50,5;100
23,5;51;96
23,5;51,5;88
23,5;52;100
23,5;52,5;100
23,5;53;100
23,5;53,5;100
23,5;54;100
23,5;54,5;100
23,5;55;100
23,5;55,5;100
23,5;56;100
23,5;56,5;100
23,5;57;100
23,5;57,5;100
23,5;58;100
23,5;58,5;100
23,5;59;100
23,5;59,5;100
23,5;60;100
23,5;60,5;100
23,5;61;100
23,5;61,5;100
23,5;62;100
23,5;62,5;100
23,5;63;96
23,5;63,5;96
23,5;64;100
23,5;64,5;100
23,5;65;100
23,5;65,5;100
23,5;66;88
23,5;66,5;100
23,5;67;100
23,5;67,5;100
23,5;68;100
23,5;68,5;100
23,5;69;100
23,5;69,5;100
23,5;70;100
23,5;70,5;96
23,5;71;100
23,5;71,5;100
23,5;72;100
23,5;72,5;100
23,5;73;100
23,5;73,5;100
23,5;74;100
23,5;74,5;100
23,5;75;100
23,5;75,5;100
23,5;76;100
23,5;76,5;100
23,5;77;100
23,5;77,5;64
23,5;78;88
23,5;78,5;80
23,5;79;36
24;-22;76
24;-21,5;92
24;-21;76
24;-20,5;96
24;-20;100
24;-19,5;100
24;-19;96
24;-18,5;100
24;-18;100
24;-17,5;100
24;-17;100
24;-16,5;100
24;-16;76
24;-15,5;68
24;-15;88
24;-14,5;76
24;-14;68
24;-13,5;88
24;-13;84
24;-12,5;100
24;-12;100
24;-11,5;100
24;-11;100
24;-10,5;100
24;-10;100
24;-9,5;100
24;-9;100
24;-8,5;100
24;-8;100
24;-7,5;100
24;-7;100
24;-6,5;100
24;-6;100
24;-5,5;100
24;-5;100
24;-4,5;100
24;-4;100
24;-3,5;100
24;-3;100
24;-2,5;100
24;-2;100
24;-1,5;100
24;-1;100
24;-0,5;100
24;0;100
24;0,5;100
24;1;100
24;1,5;100
24;2;100
24;2,5;100
24;3;100
24;3,5;100
24;4;100
24;4,5;100
24;5;100
24;5,5;100
24;6;100
24;6,5;100
24;7;100
24;7,5;100
24;8;100
24;8,5;100
24;9;100
24;9,5;100
24;10;100
24;10,5;100
24;11;100
24;11,5;100
24;12;100
24;12,5;100
24;13;100
24;13,5;100
24;14;100
24;14,5;100
24;15;100
24;15,5;100
24;16;100
24;16,5;88
24;17;36
24;17,5;28
24;18;100
24;18,5;100
24;19;100
24;19,5;48
24;20;96
24;20,5;100
24;21;100
24;21,5;100
24;22;100
24;22,5;100
24;23;100
24;23,5;100
24;24;100
24;24,5;100
24;25;100
24;25,5;100
24;26;100
24;26,5;100
24;27;100
24;27,5;100
24;28;100
24;28,5;100
24;29;100
24;29,5;100
24;30;100
24;30,5;100
24;31;100
24;31,5;100
24;32;100
24;32,5;100
24;33;100
24;33,5;100
24;34;100
24;34,5;100
24;35;100
24;35,5;100
24;36;100
24;36,5;100
24;37;100
24;37,5;100
24;38;100
24;38,5;100
24;39;100
24;39,5;100
24;40;100
24;40,5;100
24;41;100
24;41,5;100
24;42;100
24;42,5;100
24;43;100
24;43,5;100
24;44;100
24;44,5;100
24;45;100
24;45,5;96
24;46;100
24;46,5;100
24;47;100
24;47,5;100
24;48;100
24;48,5;100
24;49;96
24;49,5;84
24;50;100
24;50,5;100
24;51;100
24;51,5;100
24;52;100
24;52,5;100
24;53;100
24;53,5;100
24;54;100
24;54,5;100
24;55;100
24;55,5;100
24;56;100
24;56,5;100
24;57;100
24;57,5;100
24;58;100
24;58,5;100
24;59;100
24;59,5;100
24;60;100
24;60,5;100
24;61;100
24;61,5;100
24;62;100
24;62,5;100
24;63;96
24;63,5;100
24;64;100
24;64,5;100
24;65;100
24;65,5;96
24;66;92
24;66,5;100
24;67;100
24;67,5;100
24;68;100
24;68,5;100
24;69;100
24;69,5;100
24;70;100
24;70,5;96
24;71;100
24;71,5;100
24;72;100
24;72,5;100
24;73;100
24;73,5;100
24;74;100
24;74,5;100
24;75;100
24;75,5;96
24;76;100
24;76,5;100
24;77;100
24;77,5;92
24;78;100
24;78,5;88
24;79;20
24,5;-22;76
24,5;-21,5;88
24,5;-21;96
24,5;-20,5;100
24,5;-20;100
24,5;-19,5;100
24,5;-19;100
24,5;-18,5;100
24,5;-18;100
24,5;-17,5;100
24,5;-17;100
24,5;-16,5;100
24,5;-16;68
24,5;-15,5;28
24,5;-15;64
24,5;-14,5;84
24,5;-14;88
24,5;-13,5;80
24,5;-13;96
24,5;-12,5;96
24,5;-12;96
24,5;-11,5;100
24,5;-11;100
24,5;-10,5;100
24,5;-10;100
24,5;-9,5;100
24,5;-9;100
24,5;-8,5;100
24,5;-8;100
24,5;-7,5;100
24,5;-7;100
24,5;-6,5;100
24,5;-6;100
24,5;-5,5;100
24,5;-5;100
24,5;-4,5;100
24,5;-4;100
24,5;-3,5;100
24,5;-3;100
24,5;-2,5;100
24,5;-2;100
24,5;-1,5;100
24,5;-1;100
24,5;-0,5;100
24,5;0;88
24,5;0,5;76
24,5;1;96
24,5;1,5;76
24,5;2;100
24,5;2,5;100
24,5;3;100
24,5;3,5;100
24,5;4;100
24,5;4,5;100
24,5;5;100
24,5;5,5;100
24,5;6;100
24,5;6,5;100
24,5;7;100
24,5;7,5;100
24,5;8;100
24,5;8,5;100
24,5;9;100
24,5;9,5;100
24,5;10;100
24,5;10,5;100
24,5;11;100
24,5;11,5;100
24,5;12;100
24,5;12,5;100
24,5;13;100
24,5;13,5;100
24,5;14;100
24,5;14,5;100
24,5;15;100
24,5;15,5;100
24,5;16;88
24,5;16,5;44
24,5;17;88
24,5;17,5;96
24,5;18;100
24,5;18,5;100
24,5;19;100
24,5;19,5;92
24,5;20;100
24,5;20,5;100
24,5;21;100
24,5;21,5;100
24,5;22;100
24,5;22,5;100
24,5;23;100
24,5;23,5;100
24,5;24;100
24,5;24,5;100
24,5;25;100
24,5;25,5;100
24,5;26;100
24,5;26,5;100
24,5;27;100
24,5;27,5;100
24,5;28;100
24,5;28,5;100
24,5;29;100
24,5;29,5;100
24,5;30;100
24,5;30,5;100
24,5;31;100
24,5;31,5;100
24,5;32;100
24,5;32,5;100
24,5;33;100
24,5;33,5;100
24,5;34;100
24,5;34,5;100
24,5;35;100
24,5;35,5;100
24,5;36;100
24,5;36,5;100
24,5;37;100
24,5;37,5;100
24,5;38;100
24,5;38,5;100
24,5;39;100
24,5;39,5;100
24,5;40;100
24,5;40,5;100
24,5;41;100
24,5;41,5;100
24,5;42;100
24,5;42,5;100
24,5;43;100
24,5;43,5;100
24,5;44;100
24,5;44,5;100
24,5;45;100
24,5;45,5;100
24,5;46;100
24,5;46,5;100
24,5;47;100
24,5;47,5;100
24,5;48;100
24,5;48,5;100
24,5;49;100
24,5;49,5;100
24,5;50;100
24,5;50,5;92
24,5;51;84
24,5;51,5;100
24,5;52;92
24,5;52,5;92
24,5;53;100
24,5;53,5;100
24,5;54;100
24,5;54,5;100
24,5;55;100
24,5;55,5;100
24,5;56;100
24,5;56,5;100
24,5;57;100
24,5;57,5;100
24,5;58;100
24,5;58,5;100
24,5;59;100
24,5;59,5;100
24,5;60;100
24,5;60,5;100
24,5;61;100
24,5;61,5;100
24,5;62;100
24,5;62,5;100
24,5;63;100
24,5;63,5;92
24,5;64;100
24,5;64,5;100
24,5;65;100
24,5;65,5;100
24,5;66;100
24,5;66,5;100
24,5;67;100
24,5;67,5;100
24,5;68;100
24,5;68,5;100
24,5;69;100
24,5;69,5;100
24,5;70;96
24,5;70,5;100
24,5;71;100
24,5;71,5;100
24,5;72;100
24,5;72,5;100
24,5;73;100
24,5;73,5;100
24,5;74;100
24,5;74,5;100
24,5;75;100
24,5;75,5;100
24,5;76;100
24,5;76,5;100
24,5;77;100
24,5;77,5;100
24,5;78;100
24,5;78,5;80
24,5;79;16
25;-22;72
25;-21,5;92
25;-21;100
25;-20,5;96
25;-20;100
25;-19,5;100
25;-19;100
25;-18,5;100
25;-18;100
25;-17,5;100
25;-17;100
25;-16,5;100
25;-16;100
25;-15,5;100
25;-15;60
25;-14,5;68
25;-14;88
25;-13,5;100
25;-13;48
25;-12,5;32
25;-12;80
25;-11,5;100
25;-11;100
25;-10,5;100
25;-10;100
25;-9,5;100
25;-9;100
25;-8,5;100
25;-8;100
25;-7,5;100
25;-7;100
25;-6,5;100
25;-6;100
25;-5,5;100
25;-5;100
25;-4,5;100
25;-4;100
25;-3,5;100
25;-3;100
25;-2,5;100
25;-2;100
25;-1,5;100
25;-1;96
25;-0,5;100
25;0;92
25;0,5;76
25;1;96
25;1,5;88
25;2;100
25;2,5;100
25;3;100
25;3,5;100
25;4;100
25;4,5;100
25;5;100
25;5,5;100
25;6;100
25;6,5;100
25;7;100
25;7,5;100
25;8;100
25;8,5;100
25;9;100
25;9,5;100
25;10;100
25;10,5;100
25;11;100
25;11,5;100
25;12;100
25;12,5;100
25;13;100
25;13,5;100
25;14;100
25;14,5;100
25;15;100
25;15,5;100
25;16;100
25;16,5;100
25;17;100
25;17,5;100
25;18;100
25;18,5;100
25;19;100
25;19,5;100
25;20;100
25;20,5;100
25;21;100
25;21,5;100
25;22;100
25;22,5;100
25;23;100
25;23,5;100
25;24;100
25;24,5;100
25;25;100
25;25,5;100
25;26;100
25;26,5;100
25;27;100
25;27,5;100
25;28;100
25;28,5;100
25;29;100
25;29,5;100
25;30;100
25;30,5;100
25;31;100
25;31,5;100
25;32;100
25;32,5;100
25;33;100
25;33,5;100
25;34;100
25;34,5;100
25;35;100
25;35,5;100
25;36;100
25;36,5;100
25;37;100
25;37,5;100
25;38;100
25;38,5;100
25;39;100
25;39,5;100
25;40;100
25;40,5;100
25;41;100
25;41,5;100
25;42;100
25;42,5;100
25;43;100
25;43,5;100
25;44;100
25;44,5;100
25;45;100
25;45,5;100
25;46;100
25;46,5;100
25;47;100
25;47,5;76
25;48;100
25;48,5;100
25;49;100
25;49,5;100
25;50;100
25;50,5;84
25;51;92
25;51,5;92
25;52;88
25;52,5;96
25;53;92
25;53,5;76
25;54;96
25;54,5;100
25;55;100
25;55,5;100
25;56;100
25;56,5;100
25;57;100
25;57,5;100
25;58;100
25;58,5;100
25;59;100
25;59,5;100
25;60;100
25;60,5;100
25;61;100
25;61,5;100
25;62;100
25;62,5;100
25;63;96
25;63,5;100
25;64;100
25;64,5;88
25;65;80
25;65,5;100
25;66;56
25;66,5;52
25;67;72
25;67,5;100
25;68;100
25;68,5;100
25;69;100
25;69,5;100
25;70;100
25;70,5;100
25;71;100
25;71,5;100
25;72;100
25;72,5;100
25;73;100
25;73,5;100
25;74;100
25;74,5;100
25;75;100
25;75,5;100
25;76;100
25;76,5;100
25;77;100
25;77,5;100
25;78;100
25;78,5;84
25;79;24
25,5;-22;60
25,5;-21,5;100
25,5;-21;96
25,5;-20,5;100
25,5;-20;100
25,5;-19,5;100
25,5;-19;100
25,5;-18,5;100
25,5;-18;100
25,5;-17,5;100
25,5;-17;100
25,5;-16,5;100
25,5;-16;100
25,5;-15,5;100
25,5;-15;100
25,5;-14,5;100
25,5;-14;88
25,5;-13,5;76
25,5;-13;12
25,5;-12,5;12
25,5;-12;84
25,5;-11,5;100
25,5;-11;100
25,5;-10,5;100
25,5;-10;100
25,5;-9,5;100
25,5;-9;100
25,5;-8,5;100
25,5;-8;100
25,5;-7,5;100
25,5;-7;100
25,5;-6,5;100
25,5;-6;100
25,5;-5,5;100
25,5;-5;100
25,5;-4,5;100
25,5;-4;100
25,5;-3,5;100
25,5;-3;100
25,5;-2,5;100
25,5;-2;100
25,5;-1,5;100
25,5;-1;100
25,5;-0,5;100
25,5;0;100
25,5;0,5;100
25,5;1;100
25,5;1,5;100
25,5;2;100
25,5;2,5;100
25,5;3;100
25,5;3,5;100
25,5;4;100
25,5;4,5;100
25,5;5;100
25,5;5,5;100
25,5;6;100
25,5;6,5;100
25,5;7;100
25,5;7,5;100
25,5;8;100
25,5;8,5;100
25,5;9;100
25,5;9,5;100
25,5;10;100
25,5;10,5;100
25,5;11;100
25,5;11,5;100
25,5;12;100
25,5;12,5;100
25,5;13;100
25,5;13,5;100
25,5;14;100
25,5;14,5;100
25,5;15;100
25,5;15,5;100
25,5;16;100
25,5;16,5;100
25,5;17;100
25,5;17,5;100
25,5;18;100
25,5;18,5;100
25,5;19;100
25,5;19,5;100
25,5;20;100
25,5;20,5;100
25,5;21;100
25,5;21,5;100
25,5;22;100
25,5;22,5;100
25,5;23;100
25,5;23,5;100
25,5;24;100
25,5;24,5;100
25,5;25;100
25,5;25,5;100
25,5;26;100
25,5;26,5;100
25,5;27;100
25,5;27,5;100
25,5;28;100
25,5;28,5;100
25,5;29;100
25,5;29,5;100
25,5;30;100
25,5;30,5;100
25,5;31;100
25,5;31,5;100
25,5;32;100
25,5;32,5;100
25,5;33;100
25,5;33,5;100
25,5;34;100
25,5;34,5;100
25,5;35;100
25,5;35,5;100
25,5;36;100
25,5;36,5;100
25,5;37;100
25,5;37,5;100
25,5;38;100
25,5;38,5;100
25,5;39;100
25,5;39,5;100
25,5;40;100
25,5;40,5;100
25,5;41;100
25,5;41,5;100
25,5;42;100
25,5;42,5;100
25,5;43;100
25,5;43,5;100
25,5;44;100
25,5;44,5;100
25,5;45;100
25,5;45,5;100
25,5;46;100
25,5;46,5;100
25,5;47;100
25,5;47,5;100
25,5;48;100
25,5;48,5;100
25,5;49;100
25,5;49,5;100
25,5;50;100
25,5;50,5;100
25,5;51;96
25,5;51,5;88
25,5;52;84
25,5;52,5;76
25,5;53;36
25,5;53,5;76
25,5;54;100
25,5;54,5;100
25,5;55;100
25,5;55,5;100
25,5;56;100
25,5;56,5;100
25,5;57;100
25,5;57,5;100
25,5;58;100
25,5;58,5;100
25,5;59;100
25,5;59,5;100
25,5;60;100
25,5;60,5;100
25,5;61;100
25,5;61,5;100
25,5;62;96
25,5;62,5;80
25,5;63;100
25,5;63,5;100
25,5;64;100
25,5;64,5;92
25,5;65;60
25,5;65,5;76
25,5;66;4
25,5;66,5;32
25,5;67;64
25,5;67,5;88
25,5;68;100
25,5;68,5;100
25,5;69;100
25,5;69,5;96
25,5;70;96
25,5;70,5;100
25,5;71;100
25,5;71,5;100
25,5;72;100
25,5;72,5;100
25,5;73;100
25,5;73,5;100
25,5;74;100
25,5;74,5;100
25,5;75;100
25,5;75,5;100
25,5;76;100
25,5;76,5;100
25,5;77;100
25,5;77,5;100
25,5;78;100
25,5;78,5;100
25,5;79;24
26;-22;80
26;-21,5;96
26;-21;96
26;-20,5;100
26;-20;100
26;-19,5;100
26;-19;100
26;-18,5;100
26;-18;100
26;-17,5;100
26;-17;100
26;-16,5;100
26;-16;100
26;-15,5;100
26;-15;100
26;-14,5;100
26;-14;100
26;-13,5;64
26;-13;0
26;-12,5;8
26;-12;48
26;-11,5;100
26;-11;100
26;-10,5;100
26;-10;100
26;-9,5;100
26;-9;100
26;-8,5;100
26;-8;100
26;-7,5;100
26;-7;100
26;-6,5;100
26;-6;100
26;-5,5;100
26;-5;100
26;-4,5;100
26;-4;100
26;-3,5;100
26;-3;100
26;-2,5;100
26;-2;100
26;-1,5;100
26;-1;100
26;-0,5;100
26;0;96
26;0,5;100
26;1;100
26;1,5;100
26;2;100
26;2,5;100
26;3;100
26;3,5;100
26;4;100
26;4,5;100
26;5;100
26;5,5;100
26;6;100
26;6,5;100
26;7;100
26;7,5;100
26;8;100
26;8,5;100
26;9;100
26;9,5;100
26;10;100
26;10,5;100
26;11;100
26;11,5;100
26;12;100
26;12,5;100
26;13;100
26;13,5;100
26;14;100
26;14,5;100
26;15;100
26;15,5;100
26;16;100
26;16,5;100
26;17;100
26;17,5;100
26;18;100
26;18,5;100
26;19;100
26;19,5;100
26;20;100
26;20,5;100
26;21;100
26;21,5;100
26;22;100
26;22,5;100
26;23;100
26;23,5;100
26;24;100
26;24,5;100
26;25;100
26;25,5;100
26;26;100
26;26,5;100
26;27;100
26;27,5;100
26;28;100
26;28,5;100
26;29;100
26;29,5;100
26;30;100
26;30,5;100
26;31;100
26;31,5;100
26;32;100
26;32,5;100
26;33;100
26;33,5;100
26;34;100
26;34,5;100
26;35;100
26;35,5;100
26;36;100
26;36,5;100
26;37;100
26;37,5;100
26;38;100
26;38,5;100
26;39;100
26;39,5;100
26;40;100
26;40,5;100
26;41;100
26;41,5;100
26;42;100
26;42,5;100
26;43;100
26;43,5;100
26;44;100
26;44,5;100
26;45;100
26;45,5;100
26;46;100
26;46,5;100
26;47;100
26;47,5;100
26;48;100
26;48,5;100
26;49;100
26;49,5;100
26;50;100
26;50,5;100
26;51;100
26;51,5;84
26;52;48
26;52,5;88
26;53;92
26;53,5;96
26;54;100
26;54,5;100
26;55;100
26;55,5;100
26;56;100
26;56,5;100
26;57;100
26;57,5;100
26;58;100
26;58,5;100
26;59;100
26;59,5;100
26;60;100
26;60,5;100
26;61;100
26;61,5;100
26;62;88
26;62,5;88
26;63;80
26;63,5;80
26;64;84
26;64,5;48
26;65;92
26;65,5;52
26;66;0
26;66,5;8
26;67;0
26;67,5;64
26;68;96
26;68,5;100
26;69;100
26;69,5;100
26;70;100
26;70,5;100
26;71;100
26;71,5;100
26;72;100
26;72,5;100
26;73;100
26;73,5;100
26;74;100
26;74,5;100
26;75;100
26;75,5;96
26;76;100
26;76,5;100
26;77;100
26;77,5;100
26;78;100
26;78,5;100
26;79;48
26,5;-22;76
26,5;-21,5;84
26,5;-21;100
26,5;-20,5;100
26,5;-20;100
26,5;-19,5;100
26,5;-19;100
26,5;-18,5;100
26,5;-18;100
26,5;-17,5;100
26,5;-17;100
26,5;-16,5;100
26,5;-16;100
26,5;-15,5;100
26,5;-15;96
26,5;-14,5;96
26,5;-14;52
26,5;-13,5;4
26,5;-13;0
26,5;-12,5;8
26,5;-12;88
26,5;-11,5;100
26,5;-11;100
26,5;-10,5;100
26,5;-10;100
26,5;-9,5;100
26,5;-9;100
26,5;-8,5;100
26,5;-8;100
26,5;-7,5;100
26,5;-7;100
26,5;-6,5;100
26,5;-6;100
26,5;-5,5;100
26,5;-5;100
26,5;-4,5;100
26,5;-4;100
26,5;-3,5;100
26,5;-3;100
26,5;-2,5;100
26,5;-2;100
26,5;-1,5;100
26,5;-1;100
26,5;-0,5;100
26,5;0;96
26,5;0,5;96
26,5;1;100
26,5;1,5;100
26,5;2;100
26,5;2,5;100
26,5;3;100
26,5;3,5;100
26,5;4;100
26,5;4,5;100
26,5;5;100
26,5;5,5;100
26,5;6;100
26,5;6,5;100
26,5;7;100
26,5;7,5;100
26,5;8;100
26,5;8,5;100
26,5;9;100
26,5;9,5;100
26,5;10;100
26,5;10,5;100
26,5;11;100
26,5;11,5;100
26,5;12;100
26,5;12,5;100
26,5;13;100
26,5;13,5;100
26,5;14;100
26,5;14,5;100
26,5;15;100
26,5;15,5;100
26,5;16;100
26,5;16,5;100
26,5;17;100
26,5;17,5;100
26,5;18;100
26,5;18,5;100
26,5;19;100
26,5;19,5;100
26,5;20;100
26,5;20,5;100
26,5;21;100
26,5;21,5;100
26,5;22;100
26,5;22,5;88
26,5;23;100
26,5;23,5;100
26,5;24;100
26,5;24,5;100
26,5;25;100
26,5;25,5;100
26,5;26;100
26,5;26,5;100
26,5;27;100
26,5;27,5;100
26,5;28;100
26,5;28,5;100
26,5;29;100
26,5;29,5;100
26,5;30;100
26,5;30,5;100
26,5;31;100
26,5;31,5;100
26,5;32;100
26,5;32,5;100
26,5;33;100
26,5;33,5;100
26,5;34;100
26,5;34,5;100
26,5;35;100
26,5;35,5;100
26,5;36;100
26,5;36,5;100
26,5;37;100
26,5;37,5;100
26,5;38;100
26,5;38,5;100
26,5;39;100
26,5;39,5;100
26,5;40;100
26,5;40,5;100
26,5;41;100
26,5;41,5;100
26,5;42;100
26,5;42,5;100
26,5;43;100
26,5;43,5;100
26,5;44;100
26,5;44,5;100
26,5;45;100
26,5;45,5;100
26,5;46;100
26,5;46,5;100
26,5;47;100
26,5;47,5;100
26,5;48;100
26,5;48,5;100
26,5;49;100
26,5;49,5;100
26,5;50;100
26,5;50,5;100
26,5;51;100
26,5;51,5;100
26,5;52;100
26,5;52,5;100
26,5;53;96
26,5;53,5;100
26,5;54;100
26,5;54,5;100
26,5;55;100
26,5;55,5;100
26,5;56;100
26,5;56,5;100
26,5;57;100
26,5;57,5;100
26,5;58;100
26,5;58,5;100
26,5;59;100
26,5;59,5;100
26,5;60;100
26,5;60,5;100
26,5;61;100
26,5;61,5;100
26,5;62;100
26,5;62,5;100
26,5;63;96
26,5;63,5;96
26,5;64;84
26,5;64,5;68
26,5;65;92
26,5;65,5;72
26,5;66;12
26,5;66,5;32
26,5;67;0
26,5;68;52
26,5;68,5;100
26,5;69;100
26,5;69,5;100
26,5;70;96
26,5;70,5;100
26,5;71;100
26,5;71,5;100
26,5;72;100
26,5;72,5;100
26,5;73;100
26,5;73,5;100
26,5;74;100
26,5;74,5;100
26,5;75;100
26,5;75,5;96
26,5;76;100
26,5;76,5;96
26,5;77;96
26,5;77,5;100
26,5;78;100
26,5;78,5;92
26,5;79;28
27;-22;60
27;-21,5;96
27;-21;100
27;-20,5;92
27;-20;100
27;-19,5;100
27;-19;100
27;-18,5;100
27;-18;100
27;-17,5;100
27;-17;100
27;-16,5;100
27;-16;100
27;-15,5;100
27;-15;88
27;-14,5;100
27;-14;64
27;-13,5;24
27;-13;0
27;-12,5;72
27;-12;100
27;-11,5;100
27;-11;100
27;-10,5;100
27;-10;100
27;-9,5;100
27;-9;100
27;-8,5;100
27;-8;100
27;-7,5;100
27;-7;100
27;-6,5;100
27;-6;100
27;-5,5;100
27;-5;100
27;-4,5;100
27;-4;100
27;-3,5;100
27;-3;100
27;-2,5;100
27;-2;100
27;-1,5;100
27;-1;100
27;-0,5;100
27;0;100
27;0,5;84
27;1;100
27;1,5;100
27;2;100
27;2,5;100
27;3;100
27;3,5;100
27;4;100
27;4,5;100
27;5;100
27;5,5;100
27;6;100
27;6,5;100
27;7;92
27;7,5;100
27;8;100
27;8,5;100
27;9;100
27;9,5;100
27;10;100
27;10,5;100
27;11;100
27;11,5;100
27;12;100
27;12,5;100
27;13;100
27;13,5;100
27;14;100
27;14,5;100
27;15;100
27;15,5;100
27;16;100
27;16,5;100
27;17;100
27;17,5;100
27;18;100
27;18,5;100
27;19;100
27;19,5;100
27;20;100
27;20,5;100
27;21;100
27;21,5;96
27;22;80
27;22,5;76
27;23;100
27;23,5;100
27;24;100
27;24,5;100
27;25;100
27;25,5;96
27;26;100
27;26,5;100
27;27;100
27;27,5;100
27;28;100
27;28,5;100
27;29;100
27;29,5;100
27;30;100
27;30,5;100
27;31;100
27;31,5;100
27;32;100
27;32,5;100
27;33;100
27;33,5;100
27;34;100
27;34,5;100
27;35;100
27;35,5;100
27;36;100
27;36,5;100
27;37;100
27;37,5;100
27;38;100
27;38,5;100
27;39;100
27;39,5;100
27;40;100
27;40,5;100
27;41;100
27;41,5;100
27;42;100
27;42,5;100
27;43;100
27;43,5;100
27;44;100
27;44,5;100
27;45;100
27;45,5;100
27;46;100
27;46,5;100
27;47;100
27;47,5;100
27;48;100
27;48,5;100
27;49;100
27;49,5;100
27;50;100
27;50,5;100
27;51;100
27;51,5;100
27;52;100
27;52,5;100
27;53;100
27;53,5;100
27;54;100
27;54,5;100
27;55;100
27;55,5;100
27;56;100
27;56,5;100
27;57;100
27;57,5;100
27;58;100
27;58,5;100
27;59;100
27;59,5;100
27;60;100
27;60,5;100
27;61;100
27;61,5;100
27;62;100
27;62,5;100
27;63;96
27;63,5;88
27;64;100
27;64,5;100
27;65;100
27;65,5;100
27;66;100
27;66,5;88
27;67;0
27;67,5;64
27;68;76
27;68,5;100
27;69;100
27;69,5;100
27;70;100
27;70,5;100
27;71;100
27;71,5;100
27;72;100
27;72,5;100
27;73;100
27;73,5;100
27;74;100
27;74,5;100
27;75;100
27;75,5;80
27;76;88
27;76,5;96
27;77;100
27;77,5;92
27;78;100
27;78,5;100
27;79;44
27,5;-22;76
27,5;-21,5;96
27,5;-21;88
27,5;-20,5;68
27,5;-20;96
27,5;-19,5;100
27,5;-19;100
27,5;-18,5;100
27,5;-18;100
27,5;-17,5;100
27,5;-17;100
27,5;-16,5;100
27,5;-16;100
27,5;-15,5;100
27,5;-15;64
27,5;-14,5;52
27,5;-14;68
27,5;-13,5;20
27,5;-13;28
27,5;-12,5;24
27,5;-12;88
27,5;-11,5;100
27,5;-11;100
27,5;-10,5;100
27,5;-10;100
27,5;-9,5;100
27,5;-9;100
27,5;-8,5;100
27,5;-8;100
27,5;-7,5;100
27,5;-7;100
27,5;-6,5;100
27,5;-6;100
27,5;-5,5;100
27,5;-5;100
27,5;-4,5;100
27,5;-4;100
27,5;-3,5;100
27,5;-3;100
27,5;-2,5;100
27,5;-2;100
27,5;-1,5;100
27,5;-1;100
27,5;-0,5;100
27,5;0;100
27,5;0,5;96
27,5;1;100
27,5;1,5;100
27,5;2;100
27,5;2,5;100
27,5;3;100
27,5;3,5;100
27,5;4;100
27,5;4,5;100
27,5;5;100
27,5;5,5;100
27,5;6;100
27,5;6,5;100
27,5;7;96
27,5;7,5;100
27,5;8;100
27,5;8,5;100
27,5;9;100
27,5;9,5;100
27,5;10;100
27,5;10,5;100
27,5;11;100
27,5;11,5;100
27,5;12;100
27,5;12,5;100
27,5;13;100
27,5;13,5;100
27,5;14;100
27,5;14,5;100
27,5;15;100
27,5;15,5;100
27,5;16;100
27,5;16,5;100
27,5;17;100
27,5;17,5;100
27,5;18;100
27,5;18,5;100
27,5;19;100
27,5;19,5;100
27,5;20;100
27,5;20,5;100
27,5;21;100
27,5;21,5;100
27,5;22;100
27,5;22,5;100
27,5;23;100
27,5;23,5;100
27,5;24;100
27,5;24,5;100
27,5;25;100
27,5;25,5;100
27,5;26;100
27,5;26,5;100
27,5;27;100
27,5;27,5;100
27,5;28;100
27,5;28,5;100
27,5;29;100
27,5;29,5;100
27,5;30;100
27,5;30,5;100
27,5;31;100
27,5;31,5;100
27,5;32;100
27,5;32,5;100
27,5;33;100
27,5;33,5;100
27,5;34;100
27,5;34,5;100
27,5;35;100
27,5;35,5;100
27,5;36;100
27,5;36,5;100
27,5;37;100
27,5;37,5;100
27,5;38;100
27,5;38,5;100
27,5;39;100
27,5;39,5;100
27,5;40;100
27,5;40,5;100
27,5;41;100
27,5;41,5;100
27,5;42;100
27,5;42,5;100
27,5;43;100
27,5;43,5;100
27,5;44;100
27,5;44,5;100
27,5;45;100
27,5;45,5;100
27,5;46;100
27,5;46,5;100
27,5;47;100
27,5;47,5;100
27,5;48;100
27,5;48,5;100
27,5;49;100
27,5;49,5;100
27,5;50;100
27,5;50,5;100
27,5;51;100
27,5;51,5;100
27,5;52;100
27,5;52,5;100
27,5;53;100
27,5;53,5;100
27,5;54;100
27,5;54,5;100
27,5;55;100
27,5;55,5;100
27,5;56;100
27,5;56,5;100
27,5;57;100
27,5;57,5;100
27,5;58;100
27,5;58,5;100
27,5;59;100
27,5;59,5;100
27,5;60;100
27,5;60,5;100
27,5;61;100
27,5;61,5;100
27,5;62;100
27,5;62,5;100
27,5;63;100
27,5;63,5;100
27,5;64;100
27,5;64,5;100
27,5;65;96
27,5;65,5;100
27,5;66;100
27,5;66,5;100
27,5;67;68
27,5;67,5;96
27,5;68;100
27,5;68,5;100
27,5;69;100
27,5;69,5;100
27,5;70;100
27,5;70,5;100
27,5;71;100
27,5;71,5;100
27,5;72;100
27,5;72,5;100
27,5;73;100
27,5;73,5;100
27,5;74;100
27,5;74,5;100
27,5;75;96
27,5;75,5;92
27,5;76;96
27,5;76,5;100
27,5;77;100
27,5;77,5;100
27,5;78;92
27,5;78,5;96
27,5;79;52
28;-22;76
28;-21,5;96
28;-21;88
28;-20,5;80
28;-20;100
28;-19,5;100
28;-19;100
28;-18,5;100
28;-18;100
28;-17,5;100
28;-17;100
28;-16,5;100
28;-16;100
28;-15,5;84
28;-15;60
28;-14,5;80
28;-14;80
28;-13,5;56
28;-13;24
28;-12,5;40
28;-12;100
28;-11,5;100
28;-11;100
28;-10,5;100
28;-10;100
28;-9,5;100
28;-9;100
28;-8,5;100
28;-8;100
28;-7,5;100
28;-7;100
28;-6,5;100
28;-6;100
28;-5,5;100
28;-5;100
28;-4,5;100
28;-4;100
28;-3,5;100
28;-3;100
28;-2,5;100
28;-2;100
28;-1,5;100
28;-1;100
28;-0,5;100
28;0;100
28;0,5;100
28;1;100
28;1,5;88
28;2;100
28;2,5;100
28;3;100
28;3,5;100
28;4;100
28;4,5;100
28;5;100
28;5,5;100
28;6;100
28;6,5;100
28;7;100
28;7,5;100
28;8;100
28;8,5;100
28;9;100
28;9,5;100
28;10;100
28;10,5;100
28;11;100
28;11,5;100
28;12;100
28;12,5;100
28;13;100
28;13,5;100
28;14;100
28;14,5;100
28;15;100
28;15,5;100
28;16;100
28;16,5;100
28;17;100
28;17,5;100
28;18;100
28;18,5;100
28;19;100
28;19,5;100
28;20;100
28;20,5;92
28;21;100
28;21,5;100
28;22;100
28;22,5;100
28;23;100
28;23,5;100
28;24;100
28;24,5;100
28;25;100
28;25,5;100
28;26;100
28;26,5;100
28;27;100
28;27,5;100
28;28;100
28;28,5;100
28;29;100
28;29,5;100
28;30;100
28;30,5;100
28;31;100
28;31,5;100
28;32;100
28;32,5;100
28;33;100
28;33,5;100
28;34;100
28;34,5;100
28;35;100
28;35,5;100
28;36;100
28;36,5;100
28;37;100
28;37,5;100
28;38;100
28;38,5;100
28;39;100
28;39,5;100
28;40;100
28;40,5;100
28;41;100
28;41,5;100
28;42;100
28;42,5;100
28;43;100
28;43,5;100
28;44;100
28;44,5;100
28;45;100
28;45,5;100
28;46;100
28;46,5;100
28;47;100
28;47,5;100
28;48;100
28;48,5;100
28;49;100
28;49,5;100
28;50;100
28;50,5;100
28;51;100
28;51,5;100
28;52;100
28;52,5;100
28;53;100
28;53,5;100
28;54;100
28;54,5;100
28;55;100
28;55,5;100
28;56;100
28;56,5;100
28;57;100
28;57,5;100
28;58;100
28;58,5;100
28;59;100
28;59,5;100
28;60;100
28;60,5;100
28;61;100
28;61,5;100
28;62;100
28;62,5;100
28;63;100
28;63,5;100
28;64;100
28;64,5;100
28;65;100
28;65,5;100
28;66;100
28;66,5;100
28;67;100
28;67,5;100
28;68;100
28;68,5;100
28;69;100
28;69,5;100
28;70;100
28;70,5;100
28;71;100
28;71,5;100
28;72;100
28;72,5;100
28;73;100
28;73,5;100
28;74;100
28;74,5;100
28;75;100
28;75,5;100
28;76;100
28;76,5;100
28;77;100
28;77,5;100
28;78;100
28;78,5;96
28;79;48
28,5;-22;72
28,5;-21,5;92
28,5;-21;96
28,5;-20,5;92
28,5;-20;100
28,5;-19,5;100
28,5;-19;100
28,5;-18,5;100
28,5;-18;100
28,5;-17,5;100
28,5;-17;96
28,5;-16,5;100
28,5;-16;100
28,5;-15,5;100
28,5;-15;68
28,5;-14,5;56
28,5;-14;56
28,5;-13,5;12
28,5;-13;0
28,5;-12,5;84
28,5;-12;100
28,5;-11,5;100
28,5;-11;100
28,5;-10,5;100
28,5;-10;100
28,5;-9,5;100
28,5;-9;100
28,5;-8,5;100
28,5;-8;100
28,5;-7,5;100
28,5;-7;100
28,5;-6,5;100
28,5;-6;100
28,5;-5,5;100
28,5;-5;100
28,5;-4,5;100
28,5;-4;100
28,5;-3,5;100
28,5;-3;100
28,5;-2,5;100
28,5;-2;100
28,5;-1,5;100
28,5;-1;100
28,5;-0,5;100
28,5;0;100
28,5;0,5;100
28,5;1;100
28,5;1,5;100
28,5;2;40
28,5;2,5;32
28,5;3;88
28,5;3,5;100
28,5;4;100
28,5;4,5;100
28,5;5;100
28,5;5,5;100
28,5;6;100
28,5;6,5;100
28,5;7;100
28,5;7,5;100
28,5;8;100
28,5;8,5;100
28,5;9;100
28,5;9,5;100
28,5;10;100
28,5;10,5;100
28,5;11;100
28,5;11,5;100
28,5;12;100
28,5;12,5;100
28,5;13;100
28,5;13,5;100
28,5;14;100
28,5;14,5;100
28,5;15;100
28,5;15,5;100
28,5;16;100
28,5;16,5;100
28,5;17;100
28,5;17,5;100
28,5;18;100
28,5;18,5;100
28,5;19;100
28,5;19,5;100
28,5;20;100
28,5;20,5;92
28,5;21;96
28,5;21,5;88
28,5;22;100
28,5;22,5;100
28,5;23;100
28,5;23,5;100
28,5;24;100
28,5;24,5;100
28,5;25;100
28,5;25,5;100
28,5;26;100
28,5;26,5;100
28,5;27;100
28,5;27,5;100
28,5;28;100
28,5;28,5;100
28,5;29;100
28,5;29,5;100
28,5;30;100
28,5;30,5;100
28,5;31;100
28,5;31,5;100
28,5;32;100
28,5;32,5;100
28,5;33;100
28,5;33,5;100
28,5;34;100
28,5;34,5;100
28,5;35;100
28,5;35,5;100
28,5;36;100
28,5;36,5;100
28,5;37;100
28,5;37,5;100
28,5;38;100
28,5;38,5;100
28,5;39;100
28,5;39,5;100
28,5;40;100
28,5;40,5;100
28,5;41;100
28,5;41,5;100
28,5;42;100
28,5;42,5;100
28,5;43;100
28,5;43,5;100
28,5;44;100
28,5;44,5;100
28,5;45;100
28,5;45,5;100
28,5;46;100
28,5;46,5;100
28,5;47;100
28,5;47,5;100
28,5;48;100
28,5;48,5;100
28,5;49;100
28,5;49,5;100
28,5;50;100
28,5;50,5;100
28,5;51;100
28,5;51,5;100
28,5;52;100
28,5;52,5;100
28,5;53;100
28,5;53,5;100
28,5;54;100
28,5;54,5;100
28,5;55;100
28,5;55,5;100
28,5;56;100
28,5;56,5;100
28,5;57;100
28,5;57,5;100
28,5;58;100
28,5;58,5;100
28,5;59;100
28,5;59,5;100
28,5;60;100
28,5;60,5;100
28,5;61;100
28,5;61,5;100
28,5;62;100
28,5;62,5;100
28,5;63;100
28,5;63,5;100
28,5;64;100
28,5;64,5;100
28,5;65;100
28,5;65,5;100
28,5;66;100
28,5;66,5;96
28,5;67;100
28,5;67,5;100
28,5;68;100
28,5;68,5;100
28,5;69;100
28,5;69,5;100
28,5;70;100
28,5;70,5;100
28,5;71;100
28,5;71,5;100
28,5;72;100
28,5;72,5;100
28,5;73;100
28,5;73,5;100
28,5;74;100
28,5;74,5;100
28,5;75;100
28,5;75,5;100
28,5;76;100
28,5;76,5;100
28,5;77;100
28,5;77,5;100
28,5;78;100
28,5;78,5;100
28,5;79;60
29;-22;68
29;-21,5;100
29;-21;96
29;-20,5;96
29;-20;100
29;-19,5;100
29;-19;96
29;-18,5;96
29;-18;100
29;-17,5;84
29;-17;100
29;-16,5;100
29;-16;100
29;-15,5;100
29;-15;100
29;-14,5;36
29;-14;12
29;-13,5;68
29;-13;52
29;-12,5;92
29;-12;100
29;-11,5;100
29;-11;100
29;-10,5;100
29;-10;100
29;-9,5;100
29;-9;100
29;-8,5;100
29;-8;100
29;-7,5;100
29;-7;100
29;-6,5;100
29;-6;100
29;-5,5;100
29;-5;100
29;-4,5;100
29;-4;100
29;-3,5;100
29;-3;100
29;-2,5;100
29;-2;100
29;-1,5;100
29;-1;100
29;-0,5;96
29;0;100
29;0,5;100
29;1;100
29;1,5;100
29;2;40
29;2,5;28
29;3;88
29;3,5;100
29;4;100
29;4,5;100
29;5;100
29;5,5;100
29;6;100
29;6,5;80
29;7;92
29;7,5;100
29;8;100
29;8,5;100
29;9;100
29;9,5;100
29;10;100
29;10,5;100
29;11;100
29;11,5;100
29;12;100
29;12,5;100
29;13;100
29;13,5;100
29;14;100
29;14,5;100
29;15;100
29;15,5;100
29;16;100
29;16,5;100
29;17;100
29;17,5;100
29;18;100
29;18,5;100
29;19;100
29;19,5;100
29;20;100
29;20,5;100
29;21;96
29;21,5;96
29;22;100
29;22,5;100
29;23;100
29;23,5;100
29;24;100
29;24,5;100
29;25;100
29;25,5;100
29;26;100
29;26,5;100
29;27;100
29;27,5;100
29;28;100
29;28,5;100
29;29;100
29;29,5;100
29;30;100
29;30,5;100
29;31;100
29;31,5;100
29;32;100
29;32,5;100
29;33;100
29;33,5;100
29;34;100
29;34,5;100
29;35;100
29;35,5;100
29;36;100
29;36,5;100
29;37;100
29;37,5;100
29;38;100
29;38,5;100
29;39;100
29;39,5;100
29;40;100
29;40,5;100
29;41;100
29;41,5;100
29;42;100
29;42,5;100
29;43;96
29;43,5;100
29;44;96
29;44,5;100
29;45;100
29;45,5;100
29;46;100
29;46,5;100
29;47;100
29;47,5;100
29;48;100
29;48,5;100
29;49;100
29;49,5;100
29;50;100
29;50,5;100
29;51;100
29;51,5;100
29;52;100
29;52,5;100
29;53;100
29;53,5;100
29;54;100
29;54,5;100
29;55;100
29;55,5;100
29;56;100
29;56,5;100
29;57;100
29;57,5;100
29;58;100
29;58,5;100
29;59;100
29;59,5;100
29;60;100
29;60,5;100
29;61;100
29;61,5;100
29;62;100
29;62,5;100
29;63;100
29;63,5;100
29;64;100
29;64,5;100
29;65;96
29;65,5;92
29;66;100
29;66,5;100
29;67;100
29;67,5;100
29;68;96
29;68,5;100
29;69;100
29;69,5;100
29;70;100
29;70,5;100
29;71;100
29;71,5;100
29;72;100
29;72,5;100
29;73;100
29;73,5;100
29;74;100
29;74,5;100
29;75;100
29;75,5;100
29;76;100
29;76,5;100
29;77;88
29;77,5;92
29;78;80
29;78,5;88
29;79;72
29,5;-22;68
29,5;-21,5;100
29,5;-21;100
29,5;-20,5;100
29,5;-20;92
29,5;-19,5;88
29,5;-19;84
29,5;-18,5;100
29,5;-18;100
29,5;-17,5;100
29,5;-17;100
29,5;-16,5;100
29,5;-16;100
29,5;-15,5;100
29,5;-15;100
29,5;-14,5;52
29,5;-14;44
29,5;-13,5;92
29,5;-13;24
29,5;-12,5;96
29,5;-12;100
29,5;-11,5;100
29,5;-11;100
29,5;-10,5;100
29,5;-10;100
29,5;-9,5;100
29,5;-9;100
29,5;-8,5;100
29,5;-8;100
29,5;-7,5;100
29,5;-7;100
29,5;-6,5;100
29,5;-6;100
29,5;-5,5;100
29,5;-5;100
29,5;-4,5;100
29,5;-4;100
29,5;-3,5;100
29,5;-3;100
29,5;-2,5;100
29,5;-2;100
29,5;-1,5;100
29,5;-1;100
29,5;-0,5;92
29,5;0;96
29,5;0,5;100
29,5;1;100
29,5;1,5;100
29,5;2;92
29,5;2,5;12
29,5;3;32
29,5;3,5;100
29,5;4;100
29,5;4,5;100
29,5;5;100
29,5;5,5;100
29,5;6;100
29,5;6,5;88
29,5;7;100
29,5;7,5;100
29,5;8;100
29,5;8,5;100
29,5;9;100
29,5;9,5;100
29,5;10;100
29,5;10,5;100
29,5;11;100
29,5;11,5;100
29,5;12;100
29,5;12,5;100
29,5;13;100
29,5;13,5;100
29,5;14;100
29,5;14,5;100
29,5;15;100
29,5;15,5;100
29,5;16;100
29,5;16,5;100
29,5;17;100
29,5;17,5;100
29,5;18;100
29,5;18,5;100
29,5;19;100
29,5;19,5;100
29,5;20;100
29,5;20,5;100
29,5;21;100
29,5;21,5;100
29,5;22;100
29,5;22,5;92
29,5;23;96
29,5;23,5;100
29,5;24;100
29,5;24,5;100
29,5;25;100
29,5;25,5;100
29,5;26;100
29,5;26,5;100
29,5;27;100
29,5;27,5;100
29,5;28;100
29,5;28,5;100
29,5;29;100
29,5;29,5;100
29,5;30;100
29,5;30,5;100
29,5;31;100
29,5;31,5;100
29,5;32;100
29,5;32,5;100
29,5;33;100
29,5;33,5;100
29,5;34;100
29,5;34,5;100
29,5;35;100
29,5;35,5;100
29,5;36;100
29,5;36,5;100
29,5;37;100
29,5;37,5;100
29,5;38;100
29,5;38,5;100
29,5;39;100
29,5;39,5;100
29,5;40;100
29,5;40,5;100
29,5;41;100
29,5;41,5;100
29,5;42;100
29,5;42,5;80
29,5;43;96
29,5;43,5;100
29,5;44;92
29,5;44,5;100
29,5;45;88
29,5;45,5;100
29,5;46;100
29,5;46,5;100
29,5;47;100
29,5;47,5;100
29,5;48;100
29,5;48,5;100
29,5;49;100
29,5;49,5;100
29,5;50;100
29,5;50,5;100
29,5;51;100
29,5;51,5;100
29,5;52;100
29,5;52,5;100
29,5;53;100
29,5;53,5;100
29,5;54;100
29,5;54,5;100
29,5;55;100
29,5;55,5;100
29,5;56;100
29,5;56,5;100
29,5;57;100
29,5;57,5;100
29,5;58;100
29,5;58,5;100
29,5;59;100
29,5;59,5;100
29,5;60;100
29,5;60,5;100
29,5;61;100
29,5;61,5;100
29,5;62;100
29,5;62,5;100
29,5;63;100
29,5;63,5;100
29,5;64;100
29,5;64,5;100
29,5;65;100
29,5;65,5;100
29,5;66;100
29,5;66,5;100
29,5;67;100
29,5;67,5;100
29,5;68;100
29,5;68,5;100
29,5;69;100
29,5;69,5;100
29,5;70;100
29,5;70,5;100
29,5;71;100
29,5;71,5;100
29,5;72;100
29,5;72,5;100
29,5;73;100
29,5;73,5;100
29,5;74;100
29,5;74,5;100
29,5;75;100
29,5;75,5;100
29,5;76;100
29,5;76,5;100
29,5;77;100
29,5;77,5;88
29,5;78;96
29,5;78,5;96
29,5;79;80
30;-22;60
30;-21,5;100
30;-21;100
30;-20,5;100
30;-20;100
30;-19,5;96
30;-19;92
30;-18,5;96
30;-18;100
30;-17,5;100
30;-17;100
30;-16,5;100
30;-16;100
30;-15,5;100
30;-15;100
30;-14,5;100
30;-14;100
30;-13,5;72
30;-13;44
30;-12,5;84
30;-12;100
30;-11,5;100
30;-11;100
30;-10,5;100
30;-10;100
30;-9,5;100
30;-9;100
30;-8,5;100
30;-8;100
30;-7,5;100
30;-7;100
30;-6,5;100
30;-6;100
30;-5,5;100
30;-5;100
30;-4,5;100
30;-4;100
30;-3,5;100
30;-3;100
30;-2,5;100
30;-2;100
30;-1,5;100
30;-1;100
30;-0,5;100
30;0;100
30;0,5;100
30;1;100
30;1,5;100
30;2;100
30;2,5;80
30;3;100
30;3,5;100
30;4;100
30;4,5;100
30;5;100
30;5,5;100
30;6;100
30;6,5;100
30;7;100
30;7,5;100
30;8;100
30;8,5;100
30;9;100
30;9,5;100
30;10;100
30;10,5;100
30;11;100
30;11,5;100
30;12;100
30;12,5;100
30;13;100
30;13,5;100
30;14;100
30;14,5;100
30;15;100
30;15,5;100
30;16;100
30;16,5;100
30;17;100
30;17,5;100
30;18;100
30;18,5;100
30;19;100
30;19,5;100
30;20;100
30;20,5;100
30;21;100
30;21,5;100
30;22;100
30;22,5;100
30;23;100
30;23,5;100
30;24;100
30;24,5;100
30;25;100
30;25,5;100
30;26;100
30;26,5;100
30;27;100
30;27,5;100
30;28;100
30;28,5;100
30;29;100
30;29,5;100
30;30;100
30;30,5;100
30;31;100
30;31,5;100
30;32;100
30;32,5;92
30;33;100
30;33,5;100
30;34;100
30;34,5;100
30;35;100
30;35,5;100
30;36;100
30;36,5;100
30;37;100
30;37,5;100
30;38;100
30;38,5;100
30;39;100
30;39,5;100
30;40;100
30;40,5;100
30;41;100
30;41,5;100
30;42;100
30;42,5;100
30;43;100
30;43,5;100
30;44;56
30;44,5;64
30;45;68
30;45,5;100
30;46;100
30;46,5;100
30;47;100
30;47,5;100
30;48;100
30;48,5;100
30;49;100
30;49,5;100
30;50;100
30;50,5;100
30;51;100
30;51,5;100
30;52;100
30;52,5;100
30;53;100
30;53,5;100
30;54;100
30;54,5;100
30;55;100
30;55,5;100
30;56;100
30;56,5;100
30;57;100
30;57,5;100
30;58;100
30;58,5;100
30;59;100
30;59,5;100
30;60;100
30;60,5;100
30;61;100
30;61,5;100
30;62;100
30;62,5;100
30;63;100
30;63,5;100
30;64;100
30;64,5;100
30;65;100
30;65,5;96
30;66;100
30;66,5;100
30;67;100
30;67,5;100
30;68;100
30;68,5;100
30;69;100
30;69,5;100
30;70;100
30;70,5;100
30;71;100
30;71,5;100
30;72;100
30;72,5;100
30;73;100
30;73,5;100
30;74;100
30;74,5;96
30;75;100
30;75,5;100
30;76;100
30;76,5;100
30;77;100
30;77,5;88
30;78;84
30;78,5;84
30;79;80
30,5;-22;60
30,5;-21,5;100
30,5;-21;100
30,5;-20,5;100
30,5;-20;96
30,5;-19,5;100
30,5;-19;76
30,5;-18,5;96
30,5;-18;100
30,5;-17,5;100
30,5;-17;100
30,5;-16,5;100
30,5;-16;100
30,5;-15,5;100
30,5;-15;100
30,5;-14,5;100
30,5;-14;100
30,5;-13,5;44
30,5;-13;64
30,5;-12,5;68
30,5;-12;100
30,5;-11,5;100
30,5;-11;100
30,5;-10,5;100
30,5;-10;100
30,5;-9,5;100
30,5;-9;100
30,5;-8,5;100
30,5;-8;100
30,5;-7,5;100
30,5;-7;100
30,5;-6,5;100
30,5;-6;100
30,5;-5,5;100
30,5;-5;100
30,5;-4,5;100
30,5;-4;100
30,5;-3,5;100
30,5;-3;100
30,5;-2,5;100
30,5;-2;100
30,5;-1,5;100
30,5;-1;100
30,5;-0,5;100
30,5;0;100
30,5;0,5;100
30,5;1;100
30,5;1,5;100
30,5;2;100
30,5;2,5;100
30,5;3;100
30,5;3,5;100
30,5;4;100
30,5;4,5;100
30,5;5;100
30,5;5,5;100
30,5;6;100
30,5;6,5;100
30,5;7;100
30,5;7,5;100
30,5;8;100
30,5;8,5;100
30,5;9;100
30,5;9,5;100
30,5;10;100
30,5;10,5;96
30,5;11;100
30,5;11,5;100
30,5;12;100
30,5;12,5;100
30,5;13;100
30,5;13,5;100
30,5;14;100
30,5;14,5;100
30,5;15;100
30,5;15,5;100
30,5;16;100
30,5;16,5;100
30,5;17;100
30,5;17,5;100
30,5;18;100
30,5;18,5;100
30,5;19;100
30,5;19,5;100
30,5;20;100
30,5;20,5;100
30,5;21;100
30,5;21,5;100
30,5;22;100
30,5;22,5;100
30,5;23;100
30,5;23,5;100
30,5;24;100
30,5;24,5;100
30,5;25;100
30,5;25,5;100
30,5;26;100
30,5;26,5;100
30,5;27;100
30,5;27,5;100
30,5;28;100
30,5;28,5;100
30,5;29;100
30,5;29,5;100
30,5;30;100
30,5;30,5;100
30,5;31;100
30,5;31,5;100
30,5;32;100
30,5;32,5;100
30,5;33;100
30,5;33,5;100
30,5;34;100
30,5;34,5;100
30,5;35;100
30,5;35,5;100
30,5;36;100
30,5;36,5;100
30,5;37;100
30,5;37,5;100
30,5;38;100
30,5;38,5;100
30,5;39;100
30,5;39,5;100
30,5;40;100
30,5;40,5;100
30,5;41;100
30,5;41,5;100
30,5;42;100
30,5;42,5;100
30,5;43;100
30,5;43,5;100
30,5;44;88
30,5;44,5;88
30,5;45;84
30,5;45,5;100
30,5;46;100
30,5;46,5;100
30,5;47;100
30,5;47,5;100
30,5;48;100
30,5;48,5;100
30,5;49;100
30,5;49,5;100
30,5;50;100
30,5;50,5;100
30,5;51;100
30,5;51,5;100
30,5;52;100
30,5;52,5;100
30,5;53;100
30,5;53,5;100
30,5;54;100
30,5;54,5;100
30,5;55;100
30,5;55,5;100
30,5;56;100
30,5;56,5;100
30,5;57;100
30,5;57,5;100
30,5;58;100
30,5;58,5;100
30,5;59;100
30,5;59,5;100
30,5;60;100
30,5;60,5;100
30,5;61;100
30,5;61,5;100
30,5;62;100
30,5;62,5;100
30,5;63;100
30,5;63,5;100
30,5;64;100
30,5;64,5;100
30,5;65;100
30,5;65,5;100
30,5;66;100
30,5;66,5;100
30,5;67;100
30,5;67,5;100
30,5;68;100
30,5;68,5;100
30,5;69;100
30,5;69,5;100
30,5;70;100
30,5;70,5;100
30,5;71;100
30,5;71,5;100
30,5;72;100
30,5;72,5;100
30,5;73;100
30,5;73,5;96
30,5;74;96
30,5;74,5;92
30,5;75;96
30,5;75,5;100
30,5;76;100
30,5;76,5;100
30,5;77;100
30,5;77,5;100
30,5;78;100
30,5;78,5;80
30,5;79;76
31;-22;60
31;-21,5;100
31;-21;100
31;-20,5;100
31;-20;100
31;-19,5;96
31;-19;100
31;-18,5;96
31;-18;96
31;-17,5;100
31;-17;100
31;-16,5;100
31;-16;100
31;-15,5;100
31;-15;100
31;-14,5;96
31;-14;100
31;-13,5;80
31;-13;12
31;-12,5;72
31;-12;100
31;-11,5;100
31;-11;100
31;-10,5;100
31;-10;100
31;-9,5;100
31;-9;100
31;-8,5;100
31;-8;100
31;-7,5;100
31;-7;100
31;-6,5;100
31;-6;100
31;-5,5;100
31;-5;100
31;-4,5;100
31;-4;100
31;-3,5;100
31;-3;100
31;-2,5;100
31;-2;100
31;-1,5;100
31;-1;100
31;-0,5;100
31;0;100
31;0,5;100
31;1;100
31;1,5;100
31;2;100
31;2,5;100
31;3;100
31;3,5;100
31;4;100
31;4,5;100
31;5;100
31;5,5;100
31;6;100
31;6,5;100
31;7;100
31;7,5;100
31;8;100
31;8,5;100
31;9;100
31;9,5;100
31;10;40
31;10,5;92
31;11;100
31;11,5;100
31;12;100
31;12,5;100
31;13;100
31;13,5;100
31;14;100
31;14,5;100
31;15;100
31;15,5;100
31;16;100
31;16,5;100
31;17;100
31;17,5;100
31;18;100
31;18,5;100
31;19;100
31;19,5;100
31;20;100
31;20,5;100
31;21;100
31;21,5;100
31;22;100
31;22,5;100
31;23;100
31;23,5;100
31;24;100
31;24,5;100
31;25;100
31;25,5;100
31;26;100
31;26,5;100
31;27;100
31;27,5;100
31;28;100
31;28,5;100
31;29;100
31;29,5;100
31;30;100
31;30,5;100
31;31;100
31;31,5;100
31;32;100
31;32,5;100
31;33;100
31;33,5;100
31;34;100
31;34,5;100
31;35;100
31;35,5;100
31;36;100
31;36,5;100
31;37;100
31;37,5;100
31;38;100
31;38,5;100
31;39;100
31;39,5;100
31;40;100
31;40,5;100
31;41;100
31;41,5;100
31;42;100
31;42,5;100
31;43;100
31;43,5;100
31;44;100
31;44,5;100
31;45;100
31;45,5;100
31;46;100
31;46,5;100
31;47;100
31;47,5;100
31;48;100
31;48,5;100
31;49;100
31;49,5;100
31;50;100
31;50,5;100
31;51;100
31;51,5;100
31;52;100
31;52,5;100
31;53;100
31;53,5;100
31;54;96
31;54,5;96
31;55;100
31;55,5;100
31;56;100
31;56,5;100
31;57;100
31;57,5;100
31;58;100
31;58,5;100
31;59;100
31;59,5;100
31;60;100
31;60,5;100
31;61;100
31;61,5;100
31;62;100
31;62,5;100
31;63;100
31;63,5;100
31;64;100
31;64,5;100
31;65;100
31;65,5;100
31;66;100
31;66,5;100
31;67;100
31;67,5;100
31;68;100
31;68,5;100
31;69;100
31;69,5;100
31;70;100
31;70,5;100
31;71;100
31;71,5;100
31;72;100
31;72,5;96
31;73;100
31;73,5;64
31;74;80
31;74,5;96
31;75;100
31;75,5;100
31;76;100
31;76,5;100
31;77;100
31;77,5;100
31;78;96
31;78,5;92
31;79;60
31,5;-22;60
31,5;-21,5;100
31,5;-21;100
31,5;-20,5;100
31,5;-20;100
31,5;-19,5;100
31,5;-19;100
31,5;-18,5;76
31,5;-18;100
31,5;-17,5;100
31,5;-17;100
31,5;-16,5;96
31,5;-16;100
31,5;-15,5;100
31,5;-15;100
31,5;-14,5;64
31,5;-14;100
31,5;-13,5;80
31,5;-13;8
31,5;-12,5;52
31,5;-12;96
31,5;-11,5;100
31,5;-11;100
31,5;-10,5;96
31,5;-10;100
31,5;-9,5;100
31,5;-9;100
31,5;-8,5;100
31,5;-8;100
31,5;-7,5;100
31,5;-7;100
31,5;-6,5;100
31,5;-6;100
31,5;-5,5;100
31,5;-5;100
31,5;-4,5;100
31,5;-4;100
31,5;-3,5;100
31,5;-3;100
31,5;-2,5;100
31,5;-2;100
31,5;-1,5;100
31,5;-1;100
31,5;-0,5;100
31,5;0;100
31,5;0,5;100
31,5;1;100
31,5;1,5;100
31,5;2;100
31,5;2,5;100
31,5;3;100
31,5;3,5;100
31,5;4;100
31,5;4,5;100
31,5;5;100
31,5;5,5;100
31,5;6;100
31,5;6,5;100
31,5;7;100
31,5;7,5;100
31,5;8;100
31,5;8,5;100
31,5;9;100
31,5;9,5;100
31,5;10;96
31,5;10,5;100
31,5;11;100
31,5;11,5;100
31,5;12;100
31,5;12,5;100
31,5;13;100
31,5;13,5;100
31,5;14;100
31,5;14,5;100
31,5;15;100
31,5;15,5;100
31,5;16;100
31,5;16,5;100
31,5;17;100
31,5;17,5;100
31,5;18;100
31,5;18,5;100
31,5;19;100
31,5;19,5;100
31,5;20;100
31,5;20,5;100
31,5;21;100
31,5;21,5;100
31,5;22;100
31,5;22,5;100
31,5;23;100
31,5;23,5;100
31,5;24;100
31,5;24,5;100
31,5;25;100
31,5;25,5;100
31,5;26;100
31,5;26,5;100
31,5;27;100
31,5;27,5;88
31,5;28;96
31,5;28,5;100
31,5;29;100
31,5;29,5;100
31,5;30;100
31,5;30,5;100
31,5;31;100
31,5;31,5;100
31,5;32;100
31,5;32,5;100
31,5;33;100
31,5;33,5;100
31,5;34;100
31,5;34,5;100
31,5;35;100
31,5;35,5;100
31,5;36;100
31,5;36,5;100
31,5;37;100
31,5;37,5;100
31,5;38;100
31,5;38,5;100
31,5;39;100
31,5;39,5;100
31,5;40;100
31,5;40,5;100
31,5;41;100
31,5;41,5;100
31,5;42;100
31,5;42,5;100
31,5;43;100
31,5;43,5;100
31,5;44;100
31,5;44,5;100
31,5;45;100
31,5;45,5;100
31,5;46;100
31,5;46,5;100
31,5;47;100
31,5;47,5;100
31,5;48;100
31,5;48,5;100
31,5;49;100
31,5;49,5;100
31,5;50;100
31,5;50,5;100
31,5;51;100
31,5;51,5;100
31,5;52;100
31,5;52,5;100
31,5;53;100
31,5;53,5;100
31,5;54;96
31,5;54,5;96
31,5;55;100
31,5;55,5;100
31,5;56;100
31,5;56,5;100
31,5;57;100
31,5;57,5;100
31,5;58;100
31,5;58,5;100
31,5;59;100
31,5;59,5;100
31,5;60;100
31,5;60,5;100
31,5;61;100
31,5;61,5;100
31,5;62;100
31,5;62,5;100
31,5;63;100
31,5;63,5;100
31,5;64;100
31,5;64,5;100
31,5;65;100
31,5;65,5;100
31,5;66;100
31,5;66,5;100
31,5;67;100
31,5;67,5;100
31,5;68;100
31,5;68,5;100
31,5;69;100
31,5;69,5;100
31,5;70;100
31,5;70,5;100
31,5;71;100
31,5;71,5;100
31,5;72;100
31,5;72,5;88
31,5;73;88
31,5;73,5;80
31,5;74;100
31,5;74,5;92
31,5;75;96
31,5;75,5;100
31,5;76;100
31,5;76,5;100
31,5;77;100
31,5;77,5;100
31,5;78;100
31,5;78,5;96
31,5;79;88
32;-22;60
32;-21,5;100
32;-21;100
32;-20,5;100
32;-20;100
32;-19,5;100
32;-19;96
32;-18,5;84
32;-18;100
32;-17,5;100
32;-17;100
32;-16,5;100
32;-16;100
32;-15,5;100
32;-15;92
32;-14,5;84
32;-14;92
32;-13,5;72
32;-13;32
32;-12,5;84
32;-12;100
32;-11,5;100
32;-11;100
32;-10,5;100
32;-10;100
32;-9,5;100
32;-9;100
32;-8,5;100
32;-8;100
32;-7,5;100
32;-7;100
32;-6,5;100
32;-6;100
32;-5,5;100
32;-5;100
32;-4,5;100
32;-4;100
32;-3,5;100
32;-3;100
32;-2,5;100
32;-2;100
32;-1,5;100
32;-1;100
32;-0,5;100
32;0;100
32;0,5;100
32;1;100
32;1,5;100
32;2;100
32;2,5;100
32;3;100
32;3,5;100
32;4;100
32;4,5;100
32;5;100
32;5,5;100
32;6;100
32;6,5;100
32;7;100
32;7,5;100
32;8;100
32;8,5;100
32;9;100
32;9,5;100
32;10;100
32;10,5;100
32;11;100
32;11,5;100
32;12;100
32;12,5;100
32;13;100
32;13,5;100
32;14;100
32;14,5;100
32;15;100
32;15,5;100
32;16;100
32;16,5;100
32;17;100
32;17,5;100
32;18;100
32;18,5;100
32;19;100
32;19,5;100
32;20;100
32;20,5;100
32;21;100
32;21,5;100
32;22;100
32;22,5;100
32;23;100
32;23,5;100
32;24;100
32;24,5;100
32;25;100
32;25,5;100
32;26;100
32;26,5;92
32;27;84
32;27,5;96
32;28;100
32;28,5;100
32;29;100
32;29,5;100
32;30;100
32;30,5;100
32;31;100
32;31,5;100
32;32;100
32;32,5;100
32;33;100
32;33,5;100
32;34;100
32;34,5;100
32;35;100
32;35,5;100
32;36;100
32;36,5;100
32;37;100
32;37,5;100
32;38;100
32;38,5;100
32;39;100
32;39,5;100
32;40;100
32;40,5;100
32;41;100
32;41,5;100
32;42;100
32;42,5;100
32;43;100
32;43,5;100
32;44;100
32;44,5;100
32;45;100
32;45,5;100
32;46;100
32;46,5;100
32;47;100
32;47,5;100
32;48;100
32;48,5;100
32;49;100
32;49,5;100
32;50;100
32;50,5;100
32;51;100
32;51,5;100
32;52;100
32;52,5;100
32;53;100
32;53,5;100
32;54;100
32;54,5;100
32;55;100
32;55,5;100
32;56;100
32;56,5;100
32;57;100
32;57,5;100
32;58;100
32;58,5;100
32;59;100
32;59,5;100
32;60;100
32;60,5;100
32;61;100
32;61,5;100
32;62;100
32;62,5;100
32;63;100
32;63,5;100
32;64;100
32;64,5;100
32;65;100
32;65,5;100
32;66;100
32;66,5;100
32;67;100
32;67,5;100
32;68;100
32;68,5;100
32;69;100
32;69,5;100
32;70;100
32;70,5;100
32;71;100
32;71,5;100
32;72;96
32;72,5;84
32;73;80
32;73,5;100
32;74;84
32;74,5;100
32;75;100
32;75,5;100
32;76;100
32;76,5;100
32;77;100
32;77,5;100
32;78;100
32;78,5;100
32;79;80
32,5;-22;48
32,5;-21,5;100
32,5;-21;100
32,5;-20,5;100
32,5;-20;92
32,5;-19,5;96
32,5;-19;80
32,5;-18,5;96
32,5;-18;76
32,5;-17,5;100
32,5;-17;100
32,5;-16,5;100
32,5;-16;100
32,5;-15,5;100
32,5;-15;100
32,5;-14,5;92
32,5;-14;72
32,5;-13,5;84
32,5;-13;72
32,5;-12,5;72
32,5;-12;100
32,5;-11,5;100
32,5;-11;100
32,5;-10,5;100
32,5;-10;100
32,5;-9,5;100
32,5;-9;100
32,5;-8,5;100
32,5;-8;100
32,5;-7,5;100
32,5;-7;100
32,5;-6,5;100
32,5;-6;100
32,5;-5,5;100
32,5;-5;100
32,5;-4,5;100
32,5;-4;100
32,5;-3,5;100
32,5;-3;100
32,5;-2,5;100
32,5;-2;100
32,5;-1,5;100
32,5;-1;100
32,5;-0,5;100
32,5;0;100
32,5;0,5;100
32,5;1;100
32,5;1,5;100
32,5;2;100
32,5;2,5;100
32,5;3;100
32,5;3,5;100
32,5;4;100
32,5;4,5;100
32,5;5;100
32,5;5,5;100
32,5;6;100
32,5;6,5;100
32,5;7;100
32,5;7,5;100
32,5;8;100
32,5;8,5;100
32,5;9;100
32,5;9,5;100
32,5;10;100
32,5;10,5;100
32,5;11;100
32,5;11,5;100
32,5;12;100
32,5;12,5;100
32,5;13;100
32,5;13,5;100
32,5;14;100
32,5;14,5;100
32,5;15;100
32,5;15,5;100
32,5;16;100
32,5;16,5;100
32,5;17;100
32,5;17,5;100
32,5;18;100
32,5;18,5;100
32,5;19;100
32,5;19,5;100
32,5;20;100
32,5;20,5;100
32,5;21;100
32,5;21,5;100
32,5;22;100
32,5;22,5;100
32,5;23;100
32,5;23,5;100
32,5;24;100
32,5;24,5;100
32,5;25;88
32,5;25,5;96
32,5;26;100
32,5;26,5;100
32,5;27;100
32,5;27,5;100
32,5;28;100
32,5;28,5;100
32,5;29;100
32,5;29,5;100
32,5;30;100
32,5;30,5;100
32,5;31;100
32,5;31,5;100
32,5;32;100
32,5;32,5;100
32,5;33;100
32,5;33,5;100
32,5;34;100
32,5;34,5;100
32,5;35;100
32,5;35,5;100
32,5;36;100
32,5;36,5;100
32,5;37;100
32,5;37,5;100
32,5;38;100
32,5;38,5;100
32,5;39;100
32,5;39,5;100
32,5;40;100
32,5;40,5;100
32,5;41;100
32,5;41,5;100
32,5;42;100
32,5;42,5;100
32,5;43;100
32,5;43,5;100
32,5;44;100
32,5;44,5;100
32,5;45;100
32,5;45,5;100
32,5;46;100
32,5;46,5;100
32,5;47;100
32,5;47,5;100
32,5;48;100
32,5;48,5;100
32,5;49;100
32,5;49,5;100
32,5;50;100
32,5;50,5;100
32,5;51;100
32,5;51,5;100
32,5;52;100
32,5;52,5;100
32,5;53;100
32,5;53,5;100
32,5;54;100
32,5;54,5;100
32,5;55;100
32,5;55,5;100
32,5;56;100
32,5;56,5;100
32,5;57;100
32,5;57,5;100
32,5;58;100
32,5;58,5;100
32,5;59;100
32,5;59,5;100
32,5;60;100
32,5;60,5;100
32,5;61;100
32,5;61,5;100
32,5;62;100
32,5;62,5;100
32,5;63;100
32,5;63,5;100
32,5;64;100
32,5;64,5;100
32,5;65;100
32,5;65,5;100
32,5;66;100
32,5;66,5;100
32,5;67;100
32,5;67,5;100
32,5;68;100
32,5;68,5;100
32,5;69;100
32,5;69,5;100
32,5;70;100
32,5;70,5;100
32,5;71;100
32,5;71,5;100
32,5;72;100
32,5;72,5;76
32,5;73;76
32,5;73,5;96
32,5;74;96
32,5;74,5;88
32,5;75;96
32,5;75,5;100
32,5;76;100
32,5;76,5;100
32,5;77;100
32,5;77,5;100
32,5;78;100
32,5;78,5;100
32,5;79;92
33;-22;16
33;-21,5;68
33;-21;76
33;-20,5;100
33;-20;96
33;-19,5;96
33;-19;96
33;-18,5;84
33;-18;88
33;-17,5;100
33;-17;100
33;-16,5;100
33;-16;100
33;-15,5;100
33;-15;100
33;-14,5;100
33;-14;100
33;-13,5;80
33;-13;28
33;-12,5;20
33;-12;68
33;-11,5;96
33;-11;100
33;-10,5;100
33;-10;100
33;-9,5;100
33;-9;100
33;-8,5;100
33;-8;100
33;-7,5;100
33;-7;100
33;-6,5;100
33;-6;100
33;-5,5;100
33;-5;100
33;-4,5;100
33;-4;100
33;-3,5;100
33;-3;100
33;-2,5;100
33;-2;100
33;-1,5;100
33;-1;100
33;-0,5;100
33;0;100
33;0,5;100
33;1;100
33;1,5;100
33;2;100
33;2,5;100
33;3;100
33;3,5;100
33;4;100
33;4,5;100
33;5;100
33;5,5;100
33;6;100
33;6,5;100
33;7;100
33;7,5;100
33;8;100
33;8,5;100
33;9;100
33;9,5;100
33;10;100
33;10,5;100
33;11;100
33;11,5;100
33;12;100
33;12,5;100
33;13;100
33;13,5;100
33;14;100
33;14,5;100
33;15;100
33;15,5;100
33;16;100
33;16,5;100
33;17;100
33;17,5;100
33;18;100
33;18,5;100
33;19;100
33;19,5;100
33;20;100
33;20,5;100
33;21;100
33;21,5;100
33;22;100
33;22,5;100
33;23;100
33;23,5;100
33;24;100
33;24,5;100
33;25;88
33;25,5;96
33;26;100
33;26,5;100
33;27;100
33;27,5;100
33;28;100
33;28,5;100
33;29;100
33;29,5;100
33;30;100
33;30,5;100
33;31;100
33;31,5;100
33;32;100
33;32,5;100
33;33;100
33;33,5;100
33;34;100
33;34,5;100
33;35;100
33;35,5;100
33;36;100
33;36,5;100
33;37;100
33;37,5;100
33;38;100
33;38,5;100
33;39;100
33;39,5;100
33;40;100
33;40,5;100
33;41;100
33;41,5;100
33;42;100
33;42,5;100
33;43;100
33;43,5;100
33;44;100
33;44,5;100
33;45;100
33;45,5;100
33;46;100
33;46,5;100
33;47;100
33;47,5;100
33;48;100
33;48,5;100
33;49;100
33;49,5;100
33;50;100
33;50,5;100
33;51;100
33;51,5;100
33;52;100
33;52,5;100
33;53;100
33;53,5;100
33;54;100
33;54,5;100
33;55;100
33;55,5;100
33;56;100
33;56,5;100
33;57;100
33;57,5;100
33;58;100
33;58,5;100
33;59;100
33;59,5;100
33;60;100
33;60,5;100
33;61;100
33;61,5;100
33;62;100
33;62,5;100
33;63;100
33;63,5;100
33;64;100
33;64,5;100
33;65;100
33;65,5;100
33;66;100
33;66,5;100
33;67;100
33;67,5;100
33;68;100
33;68,5;100
33;69;100
33;69,5;100
33;70;100
33;70,5;100
33;71;100
33;71,5;100
33;72;96
33;72,5;68
33;73;80
33;73,5;100
33;74;88
33;74,5;96
33;75;100
33;75,5;100
33;76;96
33;76,5;100
33;77;100
33;77,5;100
33;78;100
33;78,5;100
33;79;100
33,5;-22;4
33,5;-21,5;24
33,5;-21;8
33,5;-20,5;76
33,5;-20;96
33,5;-19,5;96
33,5;-19;80
33,5;-18,5;92
33,5;-18;96
33,5;-17,5;96
33,5;-17;100
33,5;-16,5;100
33,5;-16;100
33,5;-15,5;100
33,5;-15;100
33,5;-14,5;100
33,5;-14;100
33,5;-13,5;100
33,5;-13;92
33,5;-12,5;72
33,5;-12;8
33,5;-11,5;84
33,5;-11;100
33,5;-10,5;100
33,5;-10;100
33,5;-9,5;100
33,5;-9;100
33,5;-8,5;100
33,5;-8;100
33,5;-7,5;100
33,5;-7;100
33,5;-6,5;100
33,5;-6;100
33,5;-5,5;100
33,5;-5;100
33,5;-4,5;100
33,5;-4;100
33,5;-3,5;100
33,5;-3;100
33,5;-2,5;100
33,5;-2;100
33,5;-1,5;100
33,5;-1;100
33,5;-0,5;100
33,5;0;100
33,5;0,5;100
33,5;1;100
33,5;1,5;100
33,5;2;100
33,5;2,5;100
33,5;3;100
33,5;3,5;100
33,5;4;100
33,5;4,5;100
33,5;5;100
33,5;5,5;100
33,5;6;100
33,5;6,5;100
33,5;7;100
33,5;7,5;100
33,5;8;100
33,5;8,5;100
33,5;9;100
33,5;9,5;100
33,5;10;100
33,5;10,5;100
33,5;11;100
33,5;11,5;100
33,5;12;100
33,5;12,5;100
33,5;13;100
33,5;13,5;100
33,5;14;100
33,5;14,5;100
33,5;15;100
33,5;15,5;100
33,5;16;100
33,5;16,5;100
33,5;17;100
33,5;17,5;100
33,5;18;100
33,5;18,5;100
33,5;19;100
33,5;19,5;100
33,5;20;100
33,5;20,5;100
33,5;21;100
33,5;21,5;100
33,5;22;100
33,5;22,5;100
33,5;23;100
33,5;23,5;100
33,5;24;100
33,5;24,5;100
33,5;25;100
33,5;25,5;100
33,5;26;100
33,5;26,5;100
33,5;27;100
33,5;27,5;100
33,5;28;100
33,5;28,5;100
33,5;29;100
33,5;29,5;100
33,5;30;100
33,5;30,5;100
33,5;31;100
33,5;31,5;100
33,5;32;100
33,5;32,5;100
33,5;33;100
33,5;33,5;100
33,5;34;100
33,5;34,5;100
33,5;35;100
33,5;35,5;100
33,5;36;100
33,5;36,5;100
33,5;37;100
33,5;37,5;100
33,5;38;100
33,5;38,5;100
33,5;39;100
33,5;39,5;100
33,5;40;100
33,5;40,5;100
33,5;41;100
33,5;41,5;100
33,5;42;100
33,5;42,5;100
33,5;43;100
33,5;43,5;100
33,5;44;100
33,5;44,5;100
33,5;45;100
33,5;45,5;100
33,5;46;100
33,5;46,5;100
33,5;47;100
33,5;47,5;100
33,5;48;100
33,5;48,5;100
33,5;49;100
33,5;49,5;100
33,5;50;100
33,5;50,5;100
33,5;51;100
33,5;51,5;100
33,5;52;100
33,5;52,5;100
33,5;53;100
33,5;53,5;100
33,5;54;100
33,5;54,5;100
33,5;55;100
33,5;55,5;100
33,5;56;100
33,5;56,5;100
33,5;57;100
33,5;57,5;100
33,5;58;100
33,5;58,5;100
33,5;59;100
33,5;59,5;100
33,5;60;100
33,5;60,5;100
33,5;61;100
33,5;61,5;100
33,5;62;100
33,5;62,5;100
33,5;63;100
33,5;63,5;100
33,5;64;100
33,5;64,5;100
33,5;65;100
33,5;65,5;100
33,5;66;100
33,5;66,5;100
33,5;67;100
33,5;67,5;100
33,5;68;100
33,5;68,5;100
33,5;69;100
33,5;69,5;100
33,5;70;100
33,5;70,5;100
33,5;71;100
33,5;71,5;100
33,5;72;96
33,5;72,5;84
33,5;73;84
33,5;73,5;76
33,5;74;84
33,5;74,5;80
33,5;75;88
33,5;75,5;96
33,5;76;76
33,5;76,5;96
33,5;77;100
33,5;77,5;100
33,5;78;100
33,5;78,5;100
33,5;79;100
33,5;79,5;8
34;-22;0
34;-21,5;4
34;-21;40
34;-20,5;100
34;-20;100
34;-19,5;100
34;-19;100
34;-18,5;96
34;-18;100
34;-17,5;100
34;-17;100
34;-16,5;100
34;-16;100
34;-15,5;100
34;-15;100
34;-14,5;100
34;-14;100
34;-13,5;100
34;-13;100
34;-12,5;100
34;-12;96
34;-11,5;100
34;-11;100
34;-10,5;100
34;-10;100
34;-9,5;100
34;-9;100
34;-8,5;100
34;-8;100
34;-7,5;100
34;-7;100
34;-6,5;100
34;-6;92
34;-5,5;100
34;-5;84
34;-4,5;100
34;-4;100
34;-3,5;100
34;-3;100
34;-2,5;100
34;-2;100
34;-1,5;100
34;-1;100
34;-0,5;100
34;0;100
34;0,5;100
34;1;100
34;1,5;100
34;2;100
34;2,5;100
34;3;100
34;3,5;100
34;4;100
34;4,5;100
34;5;100
34;5,5;100
34;6;100
34;6,5;100
34;7;100
34;7,5;100
34;8;100
34;8,5;100
34;9;100
34;9,5;100
34;10;100
34;10,5;100
34;11;100
34;11,5;100
34;12;100
34;12,5;100
34;13;100
34;13,5;100
34;14;100
34;14,5;100
34;15;100
34;15,5;100
34;16;100
34;16,5;100
34;17;100
34;17,5;100
34;18;100
34;18,5;100
34;19;100
34;19,5;100
34;20;100
34;20,5;100
34;21;100
34;21,5;100
34;22;100
34;22,5;100
34;23;100
34;23,5;100
34;24;100
34;24,5;100
34;25;100
34;25,5;100
34;26;100
34;26,5;100
34;27;100
34;27,5;100
34;28;100
34;28,5;100
34;29;100
34;29,5;100
34;30;100
34;30,5;100
34;31;100
34;31,5;100
34;32;100
34;32,5;100
34;33;100
34;33,5;100
34;34;100
34;34,5;100
34;35;100
34;35,5;100
34;36;100
34;36,5;100
34;37;100
34;37,5;100
34;38;100
34;38,5;100
34;39;100
34;39,5;100
34;40;100
34;40,5;100
34;41;100
34;41,5;100
34;42;100
34;42,5;100
34;43;100
34;43,5;100
34;44;100
34;44,5;100
34;45;100
34;45,5;100
34;46;100
34;46,5;100
34;47;100
34;47,5;100
34;48;100
34;48,5;100
34;49;100
34;49,5;100
34;50;100
34;50,5;100
34;51;100
34;51,5;100
34;52;100
34;52,5;100
34;53;100
34;53,5;100
34;54;100
34;54,5;100
34;55;100
34;55,5;100
34;56;100
34;56,5;100
34;57;100
34;57,5;100
34;58;100
34;58,5;100
34;59;100
34;59,5;100
34;60;100
34;60,5;100
34;61;100
34;61,5;100
34;62;100
34;62,5;100
34;63;100
34;63,5;100
34;64;100
34;64,5;100
34;65;100
34;65,5;100
34;66;100
34;66,5;100
34;67;100
34;67,5;100
34;68;100
34;68,5;100
34;69;100
34;69,5;100
34;70;100
34;70,5;100
34;71;100
34;71,5;100
34;72;100
34;72,5;100
34;73;84
34;73,5;84
34;74;52
34;74,5;36
34;75;40
34;75,5;84
34;76;80
34;76,5;88
34;77;100
34;77,5;100
34;78;100
34;78,5;100
34;79;92
34;79,5;16
34,5;-22;12
34,5;-21,5;60
34,5;-21;84
34,5;-20,5;100
34,5;-20;96
34,5;-19,5;100
34,5;-19;100
34,5;-18,5;88
34,5;-18;100
34,5;-17,5;100
34,5;-17;100
34,5;-16,5;100
34,5;-16;100
34,5;-15,5;100
34,5;-15;100
34,5;-14,5;100
34,5;-14;100
34,5;-13,5;100
34,5;-13;100
34,5;-12,5;100
34,5;-12;100
34,5;-11,5;100
34,5;-11;100
34,5;-10,5;100
34,5;-10;100
34,5;-9,5;88
34,5;-9;100
34,5;-8,5;100
34,5;-8;100
34,5;-7,5;100
34,5;-7;96
34,5;-6,5;96
34,5;-6;96
34,5;-5,5;100
34,5;-5;100
34,5;-4,5;100
34,5;-4;100
34,5;-3,5;100
34,5;-3;100
34,5;-2,5;100
34,5;-2;100
34,5;-1,5;100
34,5;-1;100
34,5;-0,5;100
34,5;0;100
34,5;0,5;100
34,5;1;100
34,5;1,5;100
34,5;2;100
34,5;2,5;100
34,5;3;100
34,5;3,5;100
34,5;4;100
34,5;4,5;100
34,5;5;100
34,5;5,5;100
34,5;6;100
34,5;6,5;100
34,5;7;100
34,5;7,5;100
34,5;8;100
34,5;8,5;100
34,5;9;100
34,5;9,5;100
34,5;10;100
34,5;10,5;100
34,5;11;100
34,5;11,5;100
34,5;12;100
34,5;12,5;100
34,5;13;100
34,5;13,5;100
34,5;14;100
34,5;14,5;100
34,5;15;100
34,5;15,5;100
34,5;16;100
34,5;16,5;100
34,5;17;100
34,5;17,5;84
34,5;18;68
34,5;18,5;100
34,5;19;100
34,5;19,5;100
34,5;20;100
34,5;20,5;100
34,5;21;100
34,5;21,5;100
34,5;22;100
34,5;22,5;100
34,5;23;100
34,5;23,5;100
34,5;24;100
34,5;24,5;100
34,5;25;100
34,5;25,5;100
34,5;26;100
34,5;26,5;100
34,5;27;100
34,5;27,5;100
34,5;28;100
34,5;28,5;100
34,5;29;100
34,5;29,5;100
34,5;30;100
34,5;30,5;100
34,5;31;100
34,5;31,5;100
34,5;32;100
34,5;32,5;100
34,5;33;100
34,5;33,5;100
34,5;34;100
34,5;34,5;100
34,5;35;100
34,5;35,5;100
34,5;36;100
34,5;36,5;100
34,5;37;100
34,5;37,5;100
34,5;38;100
34,5;38,5;100
34,5;39;100
34,5;39,5;100
34,5;40;100
34,5;40,5;100
34,5;41;100
34,5;41,5;100
34,5;42;100
34,5;42,5;100
34,5;43;100
34,5;43,5;100
34,5;44;100
34,5;44,5;100
34,5;45;100
34,5;45,5;100
34,5;46;100
34,5;46,5;100
34,5;47;100
34,5;47,5;100
34,5;48;100
34,5;48,5;100
34,5;49;100
34,5;49,5;100
34,5;50;100
34,5;50,5;100
34,5;51;100
34,5;51,5;88
34,5;52;100
34,5;52,5;96
34,5;53;56
34,5;53,5;100
34,5;54;100
34,5;54,5;100
34,5;55;100
34,5;55,5;100
34,5;56;100
34,5;56,5;100
34,5;57;100
34,5;57,5;100
34,5;58;100
34,5;58,5;100
34,5;59;100
34,5;59,5;100
34,5;60;100
34,5;60,5;100
34,5;61;100
34,5;61,5;100
34,5;62;100
34,5;62,5;100
34,5;63;100
34,5;63,5;100
34,5;64;100
34,5;64,5;100
34,5;65;100
34,5;65,5;100
34,5;66;100
34,5;66,5;100
34,5;67;100
34,5;67,5;100
34,5;68;100
34,5;68,5;100
34,5;69;100
34,5;69,5;100
34,5;70;100
34,5;70,5;100
34,5;71;100
34,5;71,5;100
34,5;72;100
34,5;72,5;100
34,5;73;100
34,5;73,5;100
34,5;74;76
34,5;74,5;32
34,5;75;44
34,5;75,5;56
34,5;76;92
34,5;76,5;100
34,5;77;100
34,5;77,5;100
34,5;78;100
34,5;78,5;100
34,5;79;100
34,5;79,5;20
35;-22;36
35;-21,5;100
35;-21;100
35;-20,5;100
35;-20;92
35;-19,5;100
35;-19;100
35;-18,5;100
35;-18;100
35;-17,5;100
35;-17;100
35;-16,5;100
35;-16;100
35;-15,5;100
35;-15;100
35;-14,5;100
35;-14;100
35;-13,5;100
35;-13;100
35;-12,5;100
35;-12;100
35;-11,5;100
35;-11;100
35;-10,5;100
35;-10;60
35;-9,5;92
35;-9;100
35;-8,5;100
35;-8;100
35;-7,5;100
35;-7;44
35;-6,5;64
35;-6;100
35;-5,5;100
35;-5;100
35;-4,5;100
35;-4;100
35;-3,5;100
35;-3;100
35;-2,5;100
35;-2;100
35;-1,5;100
35;-1;100
35;-0,5;100
35;0;100
35;0,5;100
35;1;100
35;1,5;100
35;2;100
35;2,5;100
35;3;100
35;3,5;100
35;4;100
35;4,5;100
35;5;100
35;5,5;100
35;6;100
35;6,5;100
35;7;100
35;7,5;100
35;8;100
35;8,5;100
35;9;100
35;9,5;100
35;10;100
35;10,5;100
35;11;100
35;11,5;100
35;12;100
35;12,5;100
35;13;100
35;13,5;100
35;14;100
35;14,5;100
35;15;100
35;15,5;100
35;16;100
35;16,5;100
35;17;96
35;17,5;100
35;18;100
35;18,5;100
35;19;100
35;19,5;100
35;20;100
35;20,5;100
35;21;100
35;21,5;100
35;22;100
35;22,5;100
35;23;100
35;23,5;100
35;24;100
35;24,5;100
35;25;100
35;25,5;100
35;26;100
35;26,5;100
35;27;100
35;27,5;100
35;28;100
35;28,5;100
35;29;100
35;29,5;100
35;30;100
35;30,5;100
35;31;100
35;31,5;100
35;32;100
35;32,5;100
35;33;100
35;33,5;100
35;34;100
35;34,5;100
35;35;100
35;35,5;100
35;36;100
35;36,5;100
35;37;100
35;37,5;100
35;38;100
35;38,5;100
35;39;100
35;39,5;100
35;40;100
35;40,5;100
35;41;100
35;41,5;100
35;42;100
35;42,5;100
35;43;100
35;43,5;100
35;44;100
35;44,5;100
35;45;100
35;45,5;100
35;46;100
35;46,5;100
35;47;100
35;47,5;100
35;48;100
35;48,5;100
35;49;100
35;49,5;100
35;50;100
35;50,5;100
35;51;100
35;51,5;100
35;52;100
35;52,5;100
35;53;100
35;53,5;100
35;54;100
35;54,5;100
35;55;100
35;55,5;100
35;56;100
35;56,5;100
35;57;100
35;57,5;100
35;58;100
35;58,5;100
35;59;100
35;59,5;100
35;60;100
35;60,5;100
35;61;100
35;61,5;100
35;62;100
35;62,5;100
35;63;100
35;63,5;100
35;64;100
35;64,5;100
35;65;100
35;65,5;100
35;66;100
35;66,5;100
35;67;100
35;67,5;100
35;68;100
35;68,5;100
35;69;100
35;69,5;100
35;70;100
35;70,5;100
35;71;100
35;71,5;100
35;72;100
35;72,5;100
35;73;100
35;73,5;92
35;74;88
35;74,5;40
35;75;88
35;75,5;92
35;76;92
35;76,5;96
35;77;100
35;77,5;100
35;78;100
35;78,5;100
35;79;100
35;79,5;20
35,5;-22;36
35,5;-21,5;100
35,5;-21;100
35,5;-20,5;100
35,5;-20;100
35,5;-19,5;100
35,5;-19;100
35,5;-18,5;100
35,5;-18;92
35,5;-17,5;100
35,5;-17;100
35,5;-16,5;100
35,5;-16;100
35,5;-15,5;100
35,5;-15;100
35,5;-14,5;100
35,5;-14;100
35,5;-13,5;100
35,5;-13;100
35,5;-12,5;100
35,5;-12;100
35,5;-11,5;100
35,5;-11;100
35,5;-10,5;100
35,5;-10;92
35,5;-9,5;100
35,5;-9;100
35,5;-8,5;100
35,5;-8;100
35,5;-7,5;100
35,5;-7;88
35,5;-6,5;84
35,5;-6;100
35,5;-5,5;100
35,5;-5;100
35,5;-4,5;100
35,5;-4;100
35,5;-3,5;100
35,5;-3;100
35,5;-2,5;100
35,5;-2;100
35,5;-1,5;100
35,5;-1;100
35,5;-0,5;100
35,5;0;100
35,5;0,5;100
35,5;1;100
35,5;1,5;100
35,5;2;100
35,5;2,5;100
35,5;3;100
35,5;3,5;100
35,5;4;100
35,5;4,5;100
35,5;5;100
35,5;5,5;100
35,5;6;100
35,5;6,5;100
35,5;7;100
35,5;7,5;100
35,5;8;100
35,5;8,5;100
35,5;9;100
35,5;9,5;100
35,5;10;100
35,5;10,5;100
35,5;11;100
35,5;11,5;100
35,5;12;100
35,5;12,5;100
35,5;13;100
35,5;13,5;96
35,5;14;100
35,5;14,5;100
35,5;15;100
35,5;15,5;100
35,5;16;100
35,5;16,5;100
35,5;17;100
35,5;17,5;100
35,5;18;100
35,5;18,5;100
35,5;19;100
35,5;19,5;100
35,5;20;100
35,5;20,5;100
35,5;21;100
35,5;21,5;100
35,5;22;100
35,5;22,5;100
35,5;23;100
35,5;23,5;100
35,5;24;100
35,5;24,5;100
35,5;25;100
35,5;25,5;100
35,5;26;100
35,5;26,5;100
35,5;27;100
35,5;27,5;100
35,5;28;100
35,5;28,5;100
35,5;29;100
35,5;29,5;100
35,5;30;100
35,5;30,5;100
35,5;31;100
35,5;31,5;100
35,5;32;100
35,5;32,5;100
35,5;33;100
35,5;33,5;100
35,5;34;100
35,5;34,5;100
35,5;35;100
35,5;35,5;100
35,5;36;100
35,5;36,5;100
35,5;37;100
35,5;37,5;100
35,5;38;100
35,5;38,5;100
35,5;39;100
35,5;39,5;100
35,5;40;100
35,5;40,5;100
35,5;41;100
35,5;41,5;100
35,5;42;100
35,5;42,5;100
35,5;43;100
35,5;43,5;100
35,5;44;100
35,5;44,5;100
35,5;45;100
35,5;45,5;100
35,5;46;100
35,5;46,5;100
35,5;47;100
35,5;47,5;100
35,5;48;100
35,5;48,5;100
35,5;49;100
35,5;49,5;100
35,5;50;100
35,5;50,5;100
35,5;51;100
35,5;51,5;100
35,5;52;100
35,5;52,5;100
35,5;53;100
35,5;53,5;100
35,5;54;100
35,5;54,5;100
35,5;55;100
35,5;55,5;96
35,5;56;100
35,5;56,5;100
35,5;57;100
35,5;57,5;100
35,5;58;100
35,5;58,5;100
35,5;59;100
35,5;59,5;100
35,5;60;100
35,5;60,5;100
35,5;61;100
35,5;61,5;100
35,5;62;100
35,5;62,5;100
35,5;63;100
35,5;63,5;100
35,5;64;96
35,5;64,5;100
35,5;65;100
35,5;65,5;100
35,5;66;100
35,5;66,5;100
35,5;67;100
35,5;67,5;100
35,5;68;100
35,5;68,5;100
35,5;69;100
35,5;69,5;100
35,5;70;100
35,5;70,5;100
35,5;71;100
35,5;71,5;100
35,5;72;100
35,5;72,5;100
35,5;73;100
35,5;73,5;88
35,5;74;88
35,5;74,5;92
35,5;75;92
35,5;75,5;96
35,5;76;100
35,5;76,5;92
35,5;77;96
35,5;77,5;100
35,5;78;100
35,5;78,5;100
35,5;79;92
35,5;79,5;12
36;-22;36
36;-21,5;100
36;-21;100
36;-20,5;100
36;-20;100
36;-19,5;100
36;-19;100
36;-18,5;100
36;-18;100
36;-17,5;100
36;-17;100
36;-16,5;100
36;-16;100
36;-15,5;100
36;-15;100
36;-14,5;100
36;-14;100
36;-13,5;100
36;-13;100
36;-12,5;100
36;-12;100
36;-11,5;100
36;-11;100
36;-10,5;100
36;-10;100
36;-9,5;100
36;-9;100
36;-8,5;100
36;-8;100
36;-7,5;100
36;-7;96
36;-6,5;88
36;-6;100
36;-5,5;100
36;-5;100
36;-4,5;100
36;-4;100
36;-3,5;100
36;-3;100
36;-2,5;100
36;-2;100
36;-1,5;100
36;-1;100
36;-0,5;100
36;0;100
36;0,5;100
36;1;100
36;1,5;100
36;2;100
36;2,5;100
36;3;100
36;3,5;100
36;4;100
36;4,5;100
36;5;100
36;5,5;100
36;6;100
36;6,5;100
36;7;100
36;7,5;100
36;8;100
36;8,5;100
36;9;100
36;9,5;100
36;10;100
36;10,5;100
36;11;100
36;11,5;100
36;12;100
36;12,5;100
36;13;100
36;13,5;100
36;14;100
36;14,5;100
36;15;100
36;15,5;100
36;16;100
36;16,5;100
36;17;100
36;17,5;100
36;18;100
36;18,5;100
36;19;100
36;19,5;100
36;20;100
36;20,5;100
36;21;100
36;21,5;100
36;22;100
36;22,5;100
36;23;100
36;23,5;100
36;24;100
36;24,5;100
36;25;100
36;25,5;100
36;26;100
36;26,5;100
36;27;100
36;27,5;100
36;28;100
36;28,5;100
36;29;100
36;29,5;100
36;30;100
36;30,5;100
36;31;100
36;31,5;100
36;32;100
36;32,5;100
36;33;100
36;33,5;100
36;34;100
36;34,5;100
36;35;100
36;35,5;100
36;36;100
36;36,5;100
36;37;100
36;37,5;100
36;38;100
36;38,5;100
36;39;100
36;39,5;100
36;40;100
36;40,5;100
36;41;100
36;41,5;100
36;42;100
36;42,5;100
36;43;100
36;43,5;100
36;44;100
36;44,5;100
36;45;100
36;45,5;100
36;46;100
36;46,5;100
36;47;100
36;47,5;100
36;48;100
36;48,5;100
36;49;100
36;49,5;100
36;50;100
36;50,5;100
36;51;100
36;51,5;100
36;52;100
36;52,5;100
36;53;100
36;53,5;100
36;54;100
36;54,5;100
36;55;100
36;55,5;100
36;56;100
36;56,5;100
36;57;100
36;57,5;100
36;58;100
36;58,5;100
36;59;100
36;59,5;100
36;60;100
36;60,5;100
36;61;100
36;61,5;100
36;62;100
36;62,5;100
36;63;100
36;63,5;100
36;64;100
36;64,5;100
36;65;100
36;65,5;100
36;66;100
36;66,5;100
36;67;100
36;67,5;100
36;68;100
36;68,5;100
36;69;100
36;69,5;100
36;70;100
36;70,5;100
36;71;100
36;71,5;100
36;72;96
36;72,5;96
36;73;88
36;73,5;76
36;74;84
36;74,5;92
36;75;100
36;75,5;100
36;76;96
36;76,5;100
36;77;100
36;77,5;100
36;78;100
36;78,5;100
36;79;96
36;79,5;20
36,5;-22;40
36,5;-21,5;100
36,5;-21;100
36,5;-20,5;100
36,5;-20;100
36,5;-19,5;100
36,5;-19;100
36,5;-18,5;80
36,5;-18;92
36,5;-17,5;100
36,5;-17;100
36,5;-16,5;100
36,5;-16;100
36,5;-15,5;100
36,5;-15;100
36,5;-14,5;100
36,5;-14;100
36,5;-13,5;100
36,5;-13;100
36,5;-12,5;100
36,5;-12;100
36,5;-11,5;92
36,5;-11;100
36,5;-10,5;100
36,5;-10;100
36,5;-9,5;100
36,5;-9;100
36,5;-8,5;100
36,5;-8;100
36,5;-7,5;100
36,5;-7;100
36,5;-6,5;92
36,5;-6;100
36,5;-5,5;100
36,5;-5;100
36,5;-4,5;100
36,5;-4;100
36,5;-3,5;100
36,5;-3;100
36,5;-2,5;100
36,5;-2;100
36,5;-1,5;100
36,5;-1;100
36,5;-0,5;100
36,5;0;100
36,5;0,5;100
36,5;1;100
36,5;1,5;100
36,5;2;100
36,5;2,5;100
36,5;3;100
36,5;3,5;100
36,5;4;100
36,5;4,5;100
36,5;5;100
36,5;5,5;100
36,5;6;100
36,5;6,5;100
36,5;7;100
36,5;7,5;100
36,5;8;76
36,5;8,5;100
36,5;9;88
36,5;9,5;100
36,5;10;100
36,5;10,5;100
36,5;11;100
36,5;11,5;100
36,5;12;100
36,5;12,5;100
36,5;13;100
36,5;13,5;100
36,5;14;100
36,5;14,5;100
36,5;15;100
36,5;15,5;100
36,5;16;100
36,5;16,5;100
36,5;17;100
36,5;17,5;100
36,5;18;100
36,5;18,5;100
36,5;19;100
36,5;19,5;100
36,5;20;100
36,5;20,5;100
36,5;21;100
36,5;21,5;100
36,5;22;100
36,5;22,5;100
36,5;23;100
36,5;23,5;100
36,5;24;100
36,5;24,5;100
36,5;25;100
36,5;25,5;100
36,5;26;100
36,5;26,5;100
36,5;27;100
36,5;27,5;100
36,5;28;100
36,5;28,5;100
36,5;29;100
36,5;29,5;100
36,5;30;100
36,5;30,5;100
36,5;31;100
36,5;31,5;100
36,5;32;100
36,5;32,5;100
36,5;33;100
36,5;33,5;100
36,5;34;100
36,5;34,5;100
36,5;35;100
36,5;35,5;100
36,5;36;100
36,5;36,5;100
36,5;37;100
36,5;37,5;100
36,5;38;100
36,5;38,5;100
36,5;39;100
36,5;39,5;100
36,5;40;100
36,5;40,5;100
36,5;41;100
36,5;41,5;100
36,5;42;100
36,5;42,5;100
36,5;43;100
36,5;43,5;100
36,5;44;100
36,5;44,5;100
36,5;45;100
36,5;45,5;100
36,5;46;100
36,5;46,5;100
36,5;47;100
36,5;47,5;100
36,5;48;100
36,5;48,5;100
36,5;49;100
36,5;49,5;100
36,5;50;100
36,5;50,5;100
36,5;51;100
36,5;51,5;100
36,5;52;100
36,5;52,5;100
36,5;53;100
36,5;53,5;100
36,5;54;100
36,5;54,5;100
36,5;55;100
36,5;55,5;100
36,5;56;100
36,5;56,5;100
36,5;57;100
36,5;57,5;100
36,5;58;100
36,5;58,5;100
36,5;59;100
36,5;59,5;100
36,5;60;100
36,5;60,5;100
36,5;61;100
36,5;61,5;100
36,5;62;100
36,5;62,5;100
36,5;63;100
36,5;63,5;100
36,5;64;100
36,5;64,5;100
36,5;65;100
36,5;65,5;100
36,5;66;100
36,5;66,5;100
36,5;67;100
36,5;67,5;100
36,5;68;100
36,5;68,5;100
36,5;69;100
36,5;69,5;100
36,5;70;96
36,5;70,5;100
36,5;71;100
36,5;71,5;100
36,5;72;96
36,5;72,5;92
36,5;73;64
36,5;73,5;72
36,5;74;92
36,5;74,5;92
36,5;75;96
36,5;75,5;88
36,5;76;100
36,5;76,5;100
36,5;77;92
36,5;77,5;100
36,5;78;100
36,5;78,5;100
36,5;79;96
36,5;79,5;20
37;-22;28
37;-21,5;100
37;-21;100
37;-20,5;100
37;-20;100
37;-19,5;88
37;-19;72
37;-18,5;100
37;-18;64
37;-17,5;84
37;-17;76
37;-16,5;72
37;-16;92
37;-15,5;100
37;-15;100
37;-14,5;100
37;-14;100
37;-13,5;100
37;-13;100
37;-12,5;96
37;-12;96
37;-11,5;96
37;-11;100
37;-10,5;100
37;-10;100
37;-9,5;100
37;-9;100
37;-8,5;100
37;-8;100
37;-7,5;100
37;-7;100
37;-6,5;100
37;-6;100
37;-5,5;100
37;-5;100
37;-4,5;100
37;-4;100
37;-3,5;100
37;-3;100
37;-2,5;100
37;-2;100
37;-1,5;100
37;-1;100
37;-0,5;100
37;0;100
37;0,5;100
37;1;100
37;1,5;100
37;2;100
37;2,5;100
37;3;100
37;3,5;100
37;4;100
37;4,5;100
37;5;100
37;5,5;100
37;6;100
37;6,5;100
37;7;100
37;7,5;96
37;8;100
37;8,5;100
37;9;100
37;9,5;96
37;10;100
37;10,5;100
37;11;100
37;11,5;100
37;12;100
37;12,5;100
37;13;100
37;13,5;100
37;14;100
37;14,5;100
37;15;100
37;15,5;100
37;16;100
37;16,5;100
37;17;100
37;17,5;100
37;18;100
37;18,5;100
37;19;100
37;19,5;100
37;20;100
37;20,5;100
37;21;100
37;21,5;100
37;22;100
37;22,5;100
37;23;100
37;23,5;100
37;24;100
37;24,5;100
37;25;100
37;25,5;100
37;26;100
37;26,5;100
37;27;100
37;27,5;100
37;28;100
37;28,5;100
37;29;100
37;29,5;100
37;30;100
37;30,5;100
37;31;100
37;31,5;100
37;32;100
37;32,5;100
37;33;100
37;33,5;100
37;34;100
37;34,5;100
37;35;100
37;35,5;100
37;36;100
37;36,5;100
37;37;100
37;37,5;100
37;38;100
37;38,5;100
37;39;100
37;39,5;100
37;40;100
37;40,5;100
37;41;100
37;41,5;100
37;42;100
37;42,5;100
37;43;100
37;43,5;100
37;44;100
37;44,5;100
37;45;100
37;45,5;100
37;46;100
37;46,5;100
37;47;100
37;47,5;100
37;48;100
37;48,5;100
37;49;100
37;49,5;100
37;50;100
37;50,5;100
37;51;100
37;51,5;100
37;52;100
37;52,5;100
37;53;100
37;53,5;100
37;54;100
37;54,5;100
37;55;100
37;55,5;100
37;56;100
37;56,5;100
37;57;100
37;57,5;100
37;58;100
37;58,5;100
37;59;100
37;59,5;100
37;60;100
37;60,5;100
37;61;100
37;61,5;100
37;62;100
37;62,5;100
37;63;100
37;63,5;100
37;64;100
37;64,5;100
37;65;100
37;65,5;100
37;66;100
37;66,5;100
37;67;100
37;67,5;100
37;68;100
37;68,5;100
37;69;100
37;69,5;100
37;70;100
37;70,5;100
37;71;100
37;71,5;100
37;72;100
37;72,5;80
37;73;52
37;73,5;52
37;74;36
37;74,5;28
37;75;44
37;75,5;24
37;76;76
37;76,5;100
37;77;100
37;77,5;100
37;78;100
37;78,5;100
37;79;92
37;79,5;24
37,5;-22;12
37,5;-21,5;100
37,5;-21;100
37,5;-20,5;96
37,5;-20;100
37,5;-19,5;96
37,5;-19;80
37,5;-18,5;84
37,5;-18;4
37,5;-17,5;24
37,5;-17;16
37,5;-16,5;64
37,5;-16;80
37,5;-15,5;100
37,5;-15;100
37,5;-14,5;100
37,5;-14;100
37,5;-13,5;100
37,5;-13;100
37,5;-12,5;96
37,5;-12;56
37,5;-11,5;100
37,5;-11;96
37,5;-10,5;100
37,5;-10;100
37,5;-9,5;100
37,5;-9;100
37,5;-8,5;100
37,5;-8;100
37,5;-7,5;100
37,5;-7;100
37,5;-6,5;100
37,5;-6;100
37,5;-5,5;100
37,5;-5;100
37,5;-4,5;100
37,5;-4;100
37,5;-3,5;100
37,5;-3;100
37,5;-2,5;100
37,5;-2;100
37,5;-1,5;100
37,5;-1;100
37,5;-0,5;100
37,5;0;100
37,5;0,5;100
37,5;1;100
37,5;1,5;100
37,5;2;100
37,5;2,5;100
37,5;3;100
37,5;3,5;100
37,5;4;100
37,5;4,5;100
37,5;5;100
37,5;5,5;100
37,5;6;100
37,5;6,5;100
37,5;7;100
37,5;7,5;100
37,5;8;100
37,5;8,5;100
37,5;9;100
37,5;9,5;100
37,5;10;100
37,5;10,5;100
37,5;11;100
37,5;11,5;100
37,5;12;100
37,5;12,5;100
37,5;13;100
37,5;13,5;100
37,5;14;100
37,5;14,5;100
37,5;15;100
37,5;15,5;100
37,5;16;100
37,5;16,5;100
37,5;17;100
37,5;17,5;100
37,5;18;100
37,5;18,5;100
37,5;19;100
37,5;19,5;100
37,5;20;100
37,5;20,5;100
37,5;21;100
37,5;21,5;100
37,5;22;100
37,5;22,5;100
37,5;23;100
37,5;23,5;100
37,5;24;100
37,5;24,5;100
37,5;25;100
37,5;25,5;100
37,5;26;100
37,5;26,5;100
37,5;27;100
37,5;27,5;100
37,5;28;100
37,5;28,5;100
37,5;29;100
37,5;29,5;100
37,5;30;100
37,5;30,5;100
37,5;31;100
37,5;31,5;100
37,5;32;100
37,5;32,5;100
37,5;33;100
37,5;33,5;100
37,5;34;100
37,5;34,5;100
37,5;35;100
37,5;35,5;100
37,5;36;100
37,5;36,5;100
37,5;37;100
37,5;37,5;100
37,5;38;100
37,5;38,5;100
37,5;39;100
37,5;39,5;100
37,5;40;100
37,5;40,5;100
37,5;41;100
37,5;41,5;100
37,5;42;100
37,5;42,5;100
37,5;43;100
37,5;43,5;100
37,5;44;100
37,5;44,5;100
37,5;45;100
37,5;45,5;100
37,5;46;100
37,5;46,5;100
37,5;47;100
37,5;47,5;100
37,5;48;100
37,5;48,5;100
37,5;49;100
37,5;49,5;100
37,5;50;100
37,5;50,5;100
37,5;51;100
37,5;51,5;100
37,5;52;100
37,5;52,5;100
37,5;53;100
37,5;53,5;100
37,5;54;100
37,5;54,5;100
37,5;55;100
37,5;55,5;100
37,5;56;100
37,5;56,5;100
37,5;57;100
37,5;57,5;100
37,5;58;100
37,5;58,5;88
37,5;59;100
37,5;59,5;100
37,5;60;100
37,5;60,5;100
37,5;61;100
37,5;61,5;100
37,5;62;100
37,5;62,5;100
37,5;63;100
37,5;63,5;100
37,5;64;100
37,5;64,5;100
37,5;65;100
37,5;65,5;100
37,5;66;100
37,5;66,5;100
37,5;67;100
37,5;67,5;100
37,5;68;100
37,5;68,5;100
37,5;69;96
37,5;69,5;100
37,5;70;100
37,5;70,5;100
37,5;71;100
37,5;71,5;100
37,5;72;100
37,5;72,5;96
37,5;73;60
37,5;73,5;76
37,5;74;92
37,5;74,5;88
37,5;75;88
37,5;75,5;48
37,5;76;88
37,5;76,5;100
37,5;77;100
37,5;77,5;100
37,5;78;100
37,5;78,5;96
37,5;79;100
37,5;79,5;36
38;-22;12
38;-21,5;84
38;-21;92
38;-20,5;100
38;-20;100
38;-19,5;96
38;-19;96
38;-18,5;88
38;-18;4
38;-17,5;0
38;-17;4
38;-16,5;44
38;-16;24
38;-15,5;80
38;-15;100
38;-14,5;100
38;-14;84
38;-13,5;100
38;-13;88
38;-12,5;100
38;-12;96
38;-11,5;100
38;-11;100
38;-10,5;100
38;-10;100
38;-9,5;100
38;-9;100
38;-8,5;100
38;-8;100
38;-7,5;100
38;-7;100
38;-6,5;100
38;-6;100
38;-5,5;100
38;-5;100
38;-4,5;100
38;-4;100
38;-3,5;100
38;-3;100
38;-2,5;100
38;-2;100
38;-1,5;68
38;-1;92
38;-0,5;100
38;0;100
38;0,5;100
38;1;100
38;1,5;100
38;2;96
38;2,5;100
38;3;100
38;3,5;100
38;4;100
38;4,5;100
38;5;100
38;5,5;100
38;6;100
38;6,5;100
38;7;100
38;7,5;100
38;8;100
38;8,5;100
38;9;100
38;9,5;100
38;10;100
38;10,5;100
38;11;100
38;11,5;100
38;12;100
38;12,5;100
38;13;100
38;13,5;100
38;14;100
38;14,5;100
38;15;100
38;15,5;100
38;16;100
38;16,5;100
38;17;100
38;17,5;100
38;18;100
38;18,5;100
38;19;100
38;19,5;100
38;20;100
38;20,5;100
38;21;100
38;21,5;100
38;22;100
38;22,5;100
38;23;100
38;23,5;100
38;24;100
38;24,5;100
38;25;100
38;25,5;100
38;26;100
38;26,5;100
38;27;100
38;27,5;100
38;28;100
38;28,5;100
38;29;100
38;29,5;100
38;30;100
38;30,5;100
38;31;100
38;31,5;100
38;32;100
38;32,5;100
38;33;100
38;33,5;100
38;34;100
38;34,5;100
38;35;100
38;35,5;100
38;36;100
38;36,5;100
38;37;100
38;37,5;100
38;38;100
38;38,5;100
38;39;100
38;39,5;100
38;40;100
38;40,5;100
38;41;100
38;41,5;100
38;42;100
38;42,5;100
38;43;100
38;43,5;100
38;44;100
38;44,5;100
38;45;100
38;45,5;100
38;46;100
38;46,5;100
38;47;100
38;47,5;100
38;48;80
38;48,5;24
38;49;60
38;49,5;100
38;50;100
38;50,5;100
38;51;100
38;51,5;100
38;52;100
38;52,5;100
38;53;100
38;53,5;100
38;54;100
38;54,5;100
38;55;100
38;55,5;100
38;56;100
38;56,5;100
38;57;96
38;57,5;100
38;58;100
38;58,5;92
38;59;92
38;59,5;100
38;60;100
38;60,5;100
38;61;100
38;61,5;100
38;62;100
38;62,5;100
38;63;100
38;63,5;100
38;64;100
38;64,5;100
38;65;100
38;65,5;100
38;66;100
38;66,5;100
38;67;100
38;67,5;100
38;68;100
38;68,5;100
38;69;100
38;69,5;100
38;70;100
38;70,5;100
38;71;96
38;71,5;96
38;72;100
38;72,5;100
38;73;96
38;73,5;96
38;74;92
38;74,5;92
38;75;100
38;75,5;76
38;76;92
38;76,5;100
38;77;100
38;77,5;100
38;78;100
38;78,5;100
38;79;100
38;79,5;36
38,5;-22;20
38,5;-21,5;56
38,5;-21;84
38,5;-20,5;100
38,5;-20;100
38,5;-19,5;100
38,5;-19;96
38,5;-18,5;60
38,5;-18;0
38,5;-17,5;0
38,5;-17;0
38,5;-16,5;0
38,5;-16;0
38,5;-15,5;4
38,5;-15;56
38,5;-14,5;84
38,5;-14;44
38,5;-13,5;92
38,5;-13;52
38,5;-12,5;100
38,5;-12;100
38,5;-11,5;100
38,5;-11;100
38,5;-10,5;100
38,5;-10;100
38,5;-9,5;100
38,5;-9;100
38,5;-8,5;100
38,5;-8;100
38,5;-7,5;100
38,5;-7;100
38,5;-6,5;100
38,5;-6;100
38,5;-5,5;100
38,5;-5;100
38,5;-4,5;100
38,5;-4;100
38,5;-3,5;100
38,5;-3;100
38,5;-2,5;100
38,5;-2;100
38,5;-1,5;96
38,5;-1;96
38,5;-0,5;100
38,5;0;100
38,5;0,5;100
38,5;1;92
38,5;1,5;100
38,5;2;100
38,5;2,5;100
38,5;3;100
38,5;3,5;100
38,5;4;100
38,5;4,5;100
38,5;5;100
38,5;5,5;100
38,5;6;100
38,5;6,5;100
38,5;7;100
38,5;7,5;100
38,5;8;100
38,5;8,5;100
38,5;9;100
38,5;9,5;100
38,5;10;100
38,5;10,5;100
38,5;11;100
38,5;11,5;100
38,5;12;100
38,5;12,5;100
38,5;13;100
38,5;13,5;100
38,5;14;100
38,5;14,5;100
38,5;15;100
38,5;15,5;100
38,5;16;100
38,5;16,5;100
38,5;17;100
38,5;17,5;100
38,5;18;100
38,5;18,5;100
38,5;19;100
38,5;19,5;100
38,5;20;100
38,5;20,5;100
38,5;21;100
38,5;21,5;100
38,5;22;100
38,5;22,5;100
38,5;23;100
38,5;23,5;100
38,5;24;100
38,5;24,5;100
38,5;25;100
38,5;25,5;100
38,5;26;100
38,5;26,5;100
38,5;27;100
38,5;27,5;100
38,5;28;100
38,5;28,5;100
38,5;29;100
38,5;29,5;100
38,5;30;100
38,5;30,5;100
38,5;31;100
38,5;31,5;100
38,5;32;100
38,5;32,5;100
38,5;33;100
38,5;33,5;100
38,5;34;100
38,5;34,5;100
38,5;35;100
38,5;35,5;100
38,5;36;100
38,5;36,5;100
38,5;37;100
38,5;37,5;100
38,5;38;100
38,5;38,5;100
38,5;39;100
38,5;39,5;100
38,5;40;100
38,5;40,5;100
38,5;41;100
38,5;41,5;96
38,5;42;100
38,5;42,5;100
38,5;43;100
38,5;43,5;100
38,5;44;100
38,5;44,5;100
38,5;45;100
38,5;45,5;100
38,5;46;100
38,5;46,5;100
38,5;47;100
38,5;47,5;100
38,5;48;96
38,5;48,5;96
38,5;49;52
38,5;49,5;80
38,5;50;100
38,5;50,5;100
38,5;51;100
38,5;51,5;100
38,5;52;100
38,5;52,5;100
38,5;53;100
38,5;53,5;100
38,5;54;100
38,5;54,5;100
38,5;55;100
38,5;55,5;100
38,5;56;100
38,5;56,5;100
38,5;57;100
38,5;57,5;100
38,5;58;100
38,5;58,5;100
38,5;59;96
38,5;59,5;96
38,5;60;92
38,5;60,5;100
38,5;61;100
38,5;61,5;100
38,5;62;100
38,5;62,5;100
38,5;63;100
38,5;63,5;100
38,5;64;100
38,5;64,5;100
38,5;65;100
38,5;65,5;100
38,5;66;100
38,5;66,5;100
38,5;67;100
38,5;67,5;100
38,5;68;100
38,5;68,5;100
38,5;69;100
38,5;69,5;100
38,5;70;100
38,5;70,5;100
38,5;71;100
38,5;71,5;100
38,5;72;100
38,5;72,5;100
38,5;73;100
38,5;73,5;100
38,5;74;100
38,5;74,5;96
38,5;75;100
38,5;75,5;100
38,5;76;80
38,5;76,5;100
38,5;77;100
38,5;77,5;96
38,5;78;100
38,5;78,5;100
38,5;79;100
38,5;79,5;40
39;-22;4
39;-21,5;28
39;-21;48
39;-20,5;84
39;-20;100
39;-19,5;96
39;-19;92
39;-18,5;64
39;-18;16
39;-17,5;0
39;-17;0
39;-16,5;0
39;-16;0
39;-15,5;0
39;-15;0
39;-14,5;16
39;-14;8
39;-13,5;8
39;-13;20
39;-12,5;20
39;-12;56
39;-11,5;100
39;-11;100
39;-10,5;100
39;-10;100
39;-9,5;100
39;-9;100
39;-8,5;100
39;-8;100
39;-7,5;100
39;-7;100
39;-6,5;100
39;-6;100
39;-5,5;100
39;-5;100
39;-4,5;100
39;-4;100
39;-3,5;100
39;-3;100
39;-2,5;100
39;-2;100
39;-1,5;100
39;-1;100
39;-0,5;100
39;0;100
39;0,5;100
39;1;92
39;1,5;96
39;2;96
39;2,5;40
39;3;76
39;3,5;100
39;4;100
39;4,5;100
39;5;100
39;5,5;100
39;6;100
39;6,5;100
39;7;100
39;7,5;100
39;8;100
39;8,5;100
39;9;100
39;9,5;100
39;10;100
39;10,5;100
39;11;100
39;11,5;100
39;12;100
39;12,5;100
39;13;100
39;13,5;100
39;14;100
39;14,5;100
39;15;100
39;15,5;100
39;16;100
39;16,5;100
39;17;100
39;17,5;100
39;18;100
39;18,5;100
39;19;100
39;19,5;100
39;20;100
39;20,5;100
39;21;100
39;21,5;100
39;22;100
39;22,5;100
39;23;100
39;23,5;100
39;24;100
39;24,5;100
39;25;100
39;25,5;100
39;26;100
39;26,5;100
39;27;100
39;27,5;100
39;28;100
39;28,5;100
39;29;100
39;29,5;100
39;30;100
39;30,5;100
39;31;100
39;31,5;100
39;32;100
39;32,5;100
39;33;100
39;33,5;100
39;34;100
39;34,5;100
39;35;100
39;35,5;100
39;36;100
39;36,5;100
39;37;100
39;37,5;100
39;38;100
39;38,5;100
39;39;100
39;39,5;100
39;40;100
39;40,5;100
39;41;100
39;41,5;100
39;42;100
39;42,5;100
39;43;100
39;43,5;100
39;44;100
39;44,5;100
39;45;100
39;45,5;100
39;46;100
39;46,5;100
39;47;100
39;47,5;100
39;48;100
39;48,5;92
39;49;84
39;49,5;100
39;50;100
39;50,5;100
39;51;100
39;51,5;100
39;52;100
39;52,5;100
39;53;100
39;53,5;100
39;54;100
39;54,5;100
39;55;100
39;55,5;100
39;56;100
39;56,5;100
39;57;100
39;57,5;100
39;58;100
39;58,5;100
39;59;100
39;59,5;100
39;60;80
39;60,5;84
39;61;100
39;61,5;100
39;62;100
39;62,5;100
39;63;100
39;63,5;100
39;64;100
39;64,5;100
39;65;100
39;65,5;100
39;66;100
39;66,5;100
39;67;100
39;67,5;100
39;68;100
39;68,5;100
39;69;100
39;69,5;100
39;70;100
39;70,5;100
39;71;100
39;71,5;100
39;72;100
39;72,5;100
39;73;100
39;73,5;96
39;74;92
39;74,5;92
39;75;84
39;75,5;76
39;76;100
39;76,5;100
39;77;84
39;77,5;100
39;78;100
39;78,5;100
39;79;100
39;79,5;40
39,5;-22;8
39,5;-21,5;36
39,5;-21;52
39,5;-20,5;68
39,5;-20;100
39,5;-19,5;100
39,5;-19;84
39,5;-18,5;84
39,5;-18;64
39,5;-17,5;52
39,5;-17;4
39,5;-16,5;0
39,5;-16;0
39,5;-15,5;0
39,5;-15;0
39,5;-14,5;0
39,5;-14;0
39,5;-13,5;24
39,5;-13;76
39,5;-12,5;64
39,5;-12;56
39,5;-11,5;100
39,5;-11;100
39,5;-10,5;100
39,5;-10;100
39,5;-9,5;100
39,5;-9;100
39,5;-8,5;100
39,5;-8;100
39,5;-7,5;100
39,5;-7;100
39,5;-6,5;100
39,5;-6;100
39,5;-5,5;100
39,5;-5;100
39,5;-4,5;100
39,5;-4;100
39,5;-3,5;100
39,5;-3;100
39,5;-2,5;80
39,5;-2;88
39,5;-1,5;80
39,5;-1;100
39,5;-0,5;100
39,5;0;100
39,5;0,5;100
39,5;1;100
39,5;1,5;100
39,5;2;52
39,5;2,5;0
39,5;3;48
39,5;3,5;100
39,5;4;100
39,5;4,5;100
39,5;5;100
39,5;5,5;100
39,5;6;100
39,5;6,5;100
39,5;7;100
39,5;7,5;100
39,5;8;100
39,5;8,5;100
39,5;9;100
39,5;9,5;100
39,5;10;96
39,5;10,5;100
39,5;11;100
39,5;11,5;100
39,5;12;100
39,5;12,5;100
39,5;13;100
39,5;13,5;100
39,5;14;100
39,5;14,5;100
39,5;15;100
39,5;15,5;100
39,5;16;100
39,5;16,5;100
39,5;17;68
39,5;17,5;68
39,5;18;100
39,5;18,5;100
39,5;19;100
39,5;19,5;100
39,5;20;100
39,5;20,5;100
39,5;21;100
39,5;21,5;100
39,5;22;100
39,5;22,5;100
39,5;23;100
39,5;23,5;100
39,5;24;100
39,5;24,5;100
39,5;25;100
39,5;25,5;100
39,5;26;100
39,5;26,5;100
39,5;27;100
39,5;27,5;100
39,5;28;100
39,5;28,5;100
39,5;29;100
39,5;29,5;100
39,5;30;100
39,5;30,5;100
39,5;31;100
39,5;31,5;100
39,5;32;100
39,5;32,5;100
39,5;33;100
39,5;33,5;100
39,5;34;100
39,5;34,5;100
39,5;35;100
39,5;35,5;100
39,5;36;100
39,5;36,5;100
39,5;37;100
39,5;37,5;100
39,5;38;100
39,5;38,5;100
39,5;39;100
39,5;39,5;100
39,5;40;100
39,5;40,5;100
39,5;41;100
39,5;41,5;100
39,5;42;100
39,5;42,5;100
39,5;43;100
39,5;43,5;100
39,5;44;100
39,5;44,5;100
39,5;45;100
39,5;45,5;100
39,5;46;100
39,5;46,5;100
39,5;47;100
39,5;47,5;100
39,5;48;100
39,5;48,5;88
39,5;49;100
39,5;49,5;100
39,5;50;100
39,5;50,5;100
39,5;51;100
39,5;51,5;100
39,5;52;100
39,5;52,5;100
39,5;53;100
39,5;53,5;100
39,5;54;100
39,5;54,5;100
39,5;55;100
39,5;55,5;100
39,5;56;100
39,5;56,5;100
39,5;57;100
39,5;57,5;100
39,5;58;100
39,5;58,5;100
39,5;59;100
39,5;59,5;100
39,5;60;84
39,5;60,5;64
39,5;61;100
39,5;61,5;68
39,5;62;92
39,5;62,5;40
39,5;63;64
39,5;63,5;100
39,5;64;100
39,5;64,5;100
39,5;65;100
39,5;65,5;100
39,5;66;100
39,5;66,5;100
39,5;67;100
39,5;67,5;100
39,5;68;100
39,5;68,5;100
39,5;69;100
39,5;69,5;100
39,5;70;100
39,5;70,5;100
39,5;71;100
39,5;71,5;100
39,5;72;100
39,5;72,5;100
39,5;73;92
39,5;73,5;96
39,5;74;84
39,5;74,5;80
39,5;75;88
39,5;75,5;56
39,5;76;20
39,5;76,5;20
39,5;77;96
39,5;77,5;100
39,5;78;100
39,5;78,5;100
39,5;79;100
39,5;79,5;40
40;-22;0
40;-21,5;16
40;-21;28
40;-20,5;88
40;-20;100
40;-19,5;100
40;-19;100
40;-18,5;100
40;-18;100
40;-17,5;92
40;-17;52
40;-16,5;4
40;-16;0
40;-15,5;0
40;-15;16
40;-14,5;28
40;-14;68
40;-13,5;96
40;-13;100
40;-12,5;100
40;-12;100
40;-11,5;100
40;-11;100
40;-10,5;100
40;-10;100
40;-9,5;100
40;-9;100
40;-8,5;100
40;-8;100
40;-7,5;100
40;-7;100
40;-6,5;100
40;-6;100
40;-5,5;100
40;-5;100
40;-4,5;100
40;-4;100
40;-3,5;100
40;-3;100
40;-2,5;100
40;-2;44
40;-1,5;72
40;-1;100
40;-0,5;100
40;0;100
40;0,5;100
40;1;100
40;1,5;100
40;2;100
40;2,5;52
40;3;72
40;3,5;100
40;4;100
40;4,5;100
40;5;100
40;5,5;100
40;6;100
40;6,5;100
40;7;100
40;7,5;100
40;8;100
40;8,5;100
40;9;100
40;9,5;100
40;10;96
40;10,5;92
40;11;100
40;11,5;100
40;12;100
40;12,5;100
40;13;100
40;13,5;100
40;14;100
40;14,5;100
40;15;100
40;15,5;100
40;16;100
40;16,5;100
40;17;100
40;17,5;76
40;18;100
40;18,5;100
40;19;100
40;19,5;100
40;20;100
40;20,5;100
40;21;100
40;21,5;100
40;22;100
40;22,5;100
40;23;100
40;23,5;100
40;24;100
40;24,5;100
40;25;100
40;25,5;100
40;26;100
40;26,5;100
40;27;100
40;27,5;100
40;28;100
40;28,5;100
40;29;100
40;29,5;100
40;30;100
40;30,5;100
40;31;100
40;31,5;100
40;32;100
40;32,5;100
40;33;100
40;33,5;100
40;34;100
40;34,5;100
40;35;100
40;35,5;100
40;36;100
40;36,5;100
40;37;100
40;37,5;100
40;38;100
40;38,5;100
40;39;100
40;39,5;100
40;40;100
40;40,5;100
40;41;100
40;41,5;100
40;42;100
40;42,5;100
40;43;100
40;43,5;100
40;44;100
40;44,5;100
40;45;100
40;45,5;100
40;46;100
40;46,5;100
40;47;100
40;47,5;100
40;48;100
40;48,5;100
40;49;100
40;49,5;100
40;50;100
40;50,5;100
40;51;100
40;51,5;100
40;52;100
40;52,5;100
40;53;100
40;53,5;100
40;54;100
40;54,5;100
40;55;100
40;55,5;100
40;56;100
40;56,5;100
40;57;100
40;57,5;100
40;58;100
40;58,5;100
40;59;96
40;59,5;100
40;60;100
40;60,5;100
40;61;100
40;61,5;96
40;62;96
40;62,5;88
40;63;84
40;63,5;100
40;64;100
40;64,5;100
40;65;100
40;65,5;100
40;66;96
40;66,5;100
40;67;100
40;67,5;100
40;68;96
40;68,5;100
40;69;100
40;69,5;100
40;70;100
40;70,5;100
40;71;100
40;71,5;100
40;72;100
40;72,5;100
40;73;84
40;73,5;88
40;74;92
40;74,5;96
40;75;84
40;75,5;32
40;76;16
40;76,5;56
40;77;96
40;77,5;100
40;78;100
40;78,5;100
40;79;92
40;79,5;56
40,5;-21,5;36
40,5;-21;28
40,5;-20,5;100
40,5;-20;100
40,5;-19,5;100
40,5;-19;100
40,5;-18,5;100
40,5;-18;100
40,5;-17,5;96
40,5;-17;96
40,5;-16,5;56
40,5;-16;0
40,5;-15,5;0
40,5;-15;20
40,5;-14,5;92
40,5;-14;100
40,5;-13,5;100
40,5;-13;100
40,5;-12,5;100
40,5;-12;100
40,5;-11,5;100
40,5;-11;100
40,5;-10,5;100
40,5;-10;100
40,5;-9,5;100
40,5;-9;100
40,5;-8,5;100
40,5;-8;100
40,5;-7,5;100
40,5;-7;100
40,5;-6,5;100
40,5;-6;100
40,5;-5,5;100
40,5;-5;100
40,5;-4,5;100
40,5;-4;100
40,5;-3,5;100
40,5;-3;100
40,5;-2,5;100
40,5;-2;100
40,5;-1,5;96
40,5;-1;100
40,5;-0,5;100
40,5;0;100
40,5;0,5;100
40,5;1;100
40,5;1,5;100
40,5;2;100
40,5;2,5;100
40,5;3;52
40,5;3,5;100
40,5;4;100
40,5;4,5;100
40,5;5;100
40,5;5,5;100
40,5;6;100
40,5;6,5;100
40,5;7;100
40,5;7,5;100
40,5;8;100
40,5;8,5;100
40,5;9;100
40,5;9,5;100
40,5;10;100
40,5;10,5;100
40,5;11;100
40,5;11,5;100
40,5;12;100
40,5;12,5;100
40,5;13;100
40,5;13,5;100
40,5;14;100
40,5;14,5;100
40,5;15;100
40,5;15,5;100
40,5;16;100
40,5;16,5;100
40,5;17;100
40,5;17,5;96
40,5;18;76
40,5;18,5;96
40,5;19;100
40,5;19,5;100
40,5;20;100
40,5;20,5;100
40,5;21;100
40,5;21,5;100
40,5;22;100
40,5;22,5;100
40,5;23;100
40,5;23,5;100
40,5;24;100
40,5;24,5;100
40,5;25;100
40,5;25,5;100
40,5;26;100
40,5;26,5;100
40,5;27;100
40,5;27,5;100
40,5;28;100
40,5;28,5;100
40,5;29;100
40,5;29,5;100
40,5;30;100
40,5;30,5;100
40,5;31;100
40,5;31,5;100
40,5;32;100
40,5;32,5;100
40,5;33;100
40,5;33,5;100
40,5;34;100
40,5;34,5;100
40,5;35;100
40,5;35,5;100
40,5;36;100
40,5;36,5;100
40,5;37;100
40,5;37,5;100
40,5;38;100
40,5;38,5;100
40,5;39;100
40,5;39,5;100
40,5;40;100
40,5;40,5;100
40,5;41;100
40,5;41,5;100
40,5;42;100
40,5;42,5;100
40,5;43;100
40,5;43,5;100
40,5;44;100
40,5;44,5;100
40,5;45;100
40,5;45,5;100
40,5;46;100
40,5;46,5;100
40,5;47;100
40,5;47,5;100
40,5;48;92
40,5;48,5;96
40,5;49;92
40,5;49,5;96
40,5;50;100
40,5;50,5;100
40,5;51;100
40,5;51,5;100
40,5;52;100
40,5;52,5;100
40,5;53;100
40,5;53,5;100
40,5;54;100
40,5;54,5;100
40,5;55;100
40,5;55,5;100
40,5;56;100
40,5;56,5;100
40,5;57;100
40,5;57,5;100
40,5;58;96
40,5;58,5;100
40,5;59;100
40,5;59,5;100
40,5;60;96
40,5;60,5;100
40,5;61;100
40,5;61,5;100
40,5;62;100
40,5;62,5;96
40,5;63;100
40,5;63,5;100
40,5;64;100
40,5;64,5;100
40,5;65;100
40,5;65,5;100
40,5;66;96
40,5;66,5;100
40,5;67;100
40,5;67,5;100
40,5;68;100
40,5;68,5;100
40,5;69;100
40,5;69,5;100
40,5;70;100
40,5;70,5;100
40,5;71;100
40,5;71,5;100
40,5;72;96
40,5;72,5;100
40,5;73;100
40,5;73,5;92
40,5;74;96
40,5;74,5;96
40,5;75;96
40,5;75,5;60
40,5;76;64
40,5;76,5;60
40,5;77;84
40,5;77,5;100
40,5;78;100
40,5;78,5;100
40,5;79;100
40,5;79,5;44
41;-22;12
41;-21,5;84
41;-21;88
41;-20,5;100
41;-20;100
41;-19,5;100
41;-19;100
41;-18,5;100
41;-18;100
41;-17,5;96
41;-17;88
41;-16,5;32
41;-16;0
41;-15,5;36
41;-15;92
41;-14,5;100
41;-14;100
41;-13,5;100
41;-13;100
41;-12,5;100
41;-12;100
41;-11,5;100
41;-11;100
41;-10,5;100
41;-10;100
41;-9,5;100
41;-9;100
41;-8,5;100
41;-8;100
41;-7,5;100
41;-7;100
41;-6,5;100
41;-6;100
41;-5,5;100
41;-5;100
41;-4,5;100
41;-4;100
41;-3,5;100
41;-3;100
41;-2,5;100
41;-2;100
41;-1,5;100
41;-1;100
41;-0,5;100
41;0;100
41;0,5;100
41;1;100
41;1,5;100
41;2;100
41;2,5;100
41;3;88
41;3,5;100
41;4;100
41;4,5;100
41;5;100
41;5,5;100
41;6;100
41;6,5;100
41;7;100
41;7,5;100
41;8;100
41;8,5;100
41;9;100
41;9,5;100
41;10;100
41;10,5;100
41;11;100
41;11,5;100
41;12;100
41;12,5;100
41;13;100
41;13,5;100
41;14;100
41;14,5;100
41;15;100
41;15,5;100
41;16;100
41;16,5;100
41;17;100
41;17,5;92
41;18;24
41;18,5;64
41;19;100
41;19,5;100
41;20;100
41;20,5;100
41;21;100
41;21,5;100
41;22;100
41;22,5;100
41;23;100
41;23,5;100
41;24;100
41;24,5;100
41;25;100
41;25,5;100
41;26;100
41;26,5;100
41;27;100
41;27,5;100
41;28;100
41;28,5;100
41;29;100
41;29,5;100
41;30;100
41;30,5;100
41;31;100
41;31,5;100
41;32;100
41;32,5;100
41;33;100
41;33,5;100
41;34;100
41;34,5;100
41;35;100
41;35,5;100
41;36;100
41;36,5;100
41;37;100
41;37,5;100
41;38;100
41;38,5;100
41;39;100
41;39,5;100
41;40;100
41;40,5;100
41;41;100
41;41,5;100
41;42;100
41;42,5;100
41;43;100
41;43,5;100
41;44;100
41;44,5;100
41;45;100
41;45,5;100
41;46;100
41;46,5;100
41;47;100
41;47,5;100
41;48;100
41;48,5;100
41;49;84
41;49,5;92
41;50;100
41;50,5;100
41;51;100
41;51,5;100
41;52;100
41;52,5;100
41;53;100
41;53,5;100
41;54;100
41;54,5;100
41;55;100
41;55,5;100
41;56;100
41;56,5;100
41;57;100
41;57,5;100
41;58;100
41;58,5;100
41;59;96
41;59,5;100
41;60;100
41;60,5;100
41;61;100
41;61,5;100
41;62;100
41;62,5;100
41;63;100
41;63,5;100
41;64;100
41;64,5;100
41;65;100
41;65,5;100
41;66;100
41;66,5;100
41;67;100
41;67,5;100
41;68;100
41;68,5;100
41;69;100
41;69,5;100
41;70;88
41;70,5;96
41;71;56
41;71,5;92
41;72;100
41;72,5;96
41;73;100
41;73,5;96
41;74;92
41;74,5;96
41;75;88
41;75,5;84
41;76;88
41;76,5;52
41;77;60
41;77,5;100
41;78;100
41;78,5;100
41;79;76
41;79,5;32
41,5;-22;12
41,5;-21,5;100
41,5;-21;100
41,5;-20,5;96
41,5;-20;100
41,5;-19,5;100
41,5;-19;100
41,5;-18,5;92
41,5;-18;88
41,5;-17,5;100
41,5;-17;88
41,5;-16,5;16
41,5;-16;0
41,5;-15,5;32
41,5;-15;100
41,5;-14,5;100
41,5;-14;100
41,5;-13,5;100
41,5;-13;100
41,5;-12,5;100
41,5;-12;100
41,5;-11,5;100
41,5;-11;100
41,5;-10,5;100
41,5;-10;100
41,5;-9,5;100
41,5;-9;100
41,5;-8,5;100
41,5;-8;100
41,5;-7,5;100
41,5;-7;100
41,5;-6,5;100
41,5;-6;100
41,5;-5,5;100
41,5;-5;100
41,5;-4,5;100
41,5;-4;100
41,5;-3,5;100
41,5;-3;100
41,5;-2,5;100
41,5;-2;100
41,5;-1,5;100
41,5;-1;100
41,5;-0,5;100
41,5;0;100
41,5;0,5;100
41,5;1;100
41,5;1,5;100
41,5;2;100
41,5;2,5;100
41,5;3;100
41,5;3,5;100
41,5;4;100
41,5;4,5;100
41,5;5;100
41,5;5,5;100
41,5;6;100
41,5;6,5;100
41,5;7;100
41,5;7,5;100
41,5;8;100
41,5;8,5;100
41,5;9;100
41,5;9,5;100
41,5;10;100
41,5;10,5;100
41,5;11;100
41,5;11,5;100
41,5;12;100
41,5;12,5;100
41,5;13;100
41,5;13,5;100
41,5;14;100
41,5;14,5;100
41,5;15;100
41,5;15,5;100
41,5;16;100
41,5;16,5;100
41,5;17;100
41,5;17,5;100
41,5;18;52
41,5;18,5;76
41,5;19;68
41,5;19,5;96
41,5;20;100
41,5;20,5;100
41,5;21;100
41,5;21,5;100
41,5;22;100
41,5;22,5;100
41,5;23;100
41,5;23,5;100
41,5;24;100
41,5;24,5;100
41,5;25;100
41,5;25,5;100
41,5;26;100
41,5;26,5;100
41,5;27;100
41,5;27,5;100
41,5;28;100
41,5;28,5;100
41,5;29;100
41,5;29,5;100
41,5;30;100
41,5;30,5;100
41,5;31;100
41,5;31,5;100
41,5;32;100
41,5;32,5;100
41,5;33;100
41,5;33,5;100
41,5;34;100
41,5;34,5;100
41,5;35;100
41,5;35,5;100
41,5;36;100
41,5;36,5;100
41,5;37;100
41,5;37,5;100
41,5;38;100
41,5;38,5;100
41,5;39;100
41,5;39,5;100
41,5;40;100
41,5;40,5;100
41,5;41;100
41,5;41,5;100
41,5;42;100
41,5;42,5;100
41,5;43;100
41,5;43,5;100
41,5;44;100
41,5;44,5;100
41,5;45;100
41,5;45,5;100
41,5;46;100
41,5;46,5;100
41,5;47;100
41,5;47,5;100
41,5;48;100
41,5;48,5;100
41,5;49;100
41,5;49,5;100
41,5;50;100
41,5;50,5;100
41,5;51;100
41,5;51,5;100
41,5;52;100
41,5;52,5;100
41,5;53;100
41,5;53,5;100
41,5;54;100
41,5;54,5;100
41,5;55;100
41,5;55,5;100
41,5;56;100
41,5;56,5;100
41,5;57;100
41,5;57,5;100
41,5;58;100
41,5;58,5;100
41,5;59;100
41,5;59,5;100
41,5;60;100
41,5;60,5;100
41,5;61;100
41,5;61,5;100
41,5;62;100
41,5;62,5;100
41,5;63;96
41,5;63,5;100
41,5;64;100
41,5;64,5;100
41,5;65;100
41,5;65,5;100
41,5;66;100
41,5;66,5;100
41,5;67;100
41,5;67,5;100
41,5;68;100
41,5;68,5;100
41,5;69;100
41,5;69,5;100
41,5;70;80
41,5;70,5;72
41,5;71;76
41,5;71,5;36
41,5;72;36
41,5;72,5;76
41,5;73;80
41,5;73,5;76
41,5;74;92
41,5;74,5;100
41,5;75;88
41,5;75,5;96
41,5;76;52
41,5;76,5;16
41,5;77;68
41,5;77,5;100
41,5;78;100
41,5;78,5;88
41,5;79;40
41,5;79,5;12
42;-22;4
42;-21,5;72
42;-21;64
42;-20,5;100
42;-20;100
42;-19,5;100
42;-19;88
42;-18,5;72
42;-18;80
42;-17,5;100
42;-17;80
42;-16,5;32
42;-15,5;56
42;-15;100
42;-14,5;100
42;-14;100
42;-13,5;100
42;-13;100
42;-12,5;100
42;-12;100
42;-11,5;100
42;-11;100
42;-10,5;100
42;-10;100
42;-9,5;100
42;-9;100
42;-8,5;100
42;-8;100
42;-7,5;100
42;-7;100
42;-6,5;100
42;-6;100
42;-5,5;100
42;-5;100
42;-4,5;100
42;-4;100
42;-3,5;100
42;-3;100
42;-2,5;100
42;-2;100
42;-1,5;100
42;-1;100
42;-0,5;100
42;0;100
42;0,5;100
42;1;100
42;1,5;100
42;2;100
42;2,5;100
42;3;100
42;3,5;100
42;4;100
42;4,5;100
42;5;100
42;5,5;100
42;6;100
42;6,5;100
42;7;100
42;7,5;100
42;8;100
42;8,5;100
42;9;100
42;9,5;100
42;10;100
42;10,5;100
42;11;100
42;11,5;100
42;12;100
42;12,5;100
42;13;100
42;13,5;100
42;14;100
42;14,5;100
42;15;100
42;15,5;100
42;16;100
42;16,5;100
42;17;100
42;17,5;100
42;18;76
42;18,5;96
42;19;84
42;19,5;100
42;20;100
42;20,5;100
42;21;100
42;21,5;100
42;22;100
42;22,5;100
42;23;100
42;23,5;100
42;24;100
42;24,5;100
42;25;100
42;25,5;100
42;26;100
42;26,5;100
42;27;100
42;27,5;100
42;28;100
42;28,5;100
42;29;100
42;29,5;100
42;30;100
42;30,5;100
42;31;100
42;31,5;100
42;32;100
42;32,5;100
42;33;100
42;33,5;100
42;34;100
42;34,5;100
42;35;100
42;35,5;100
42;36;100
42;36,5;100
42;37;100
42;37,5;100
42;38;100
42;38,5;100
42;39;100
42;39,5;100
42;40;100
42;40,5;100
42;41;100
42;41,5;100
42;42;100
42;42,5;100
42;43;100
42;43,5;100
42;44;100
42;44,5;100
42;45;100
42;45,5;100
42;46;100
42;46,5;100
42;47;100
42;47,5;100
42;48;100
42;48,5;100
42;49;100
42;49,5;100
42;50;100
42;50,5;100
42;51;100
42;51,5;100
42;52;100
42;52,5;100
42;53;100
42;53,5;100
42;54;100
42;54,5;100
42;55;100
42;55,5;100
42;56;100
42;56,5;100
42;57;100
42;57,5;100
42;58;100
42;58,5;100
42;59;100
42;59,5;100
42;60;100
42;60,5;100
42;61;100
42;61,5;100
42;62;100
42;62,5;100
42;63;100
42;63,5;100
42;64;100
42;64,5;100
42;65;100
42;65,5;100
42;66;100
42;66,5;100
42;67;100
42;67,5;100
42;68;100
42;68,5;100
42;69;92
42;69,5;68
42;70;44
42;70,5;52
42;71;60
42;71,5;88
42;72;56
42;72,5;84
42;73;96
42;73,5;84
42;74;92
42;74,5;100
42;75;92
42;75,5;92
42;76;68
42;76,5;16
42;77;52
42;77,5;88
42;78;84
42;78,5;64
42;79;0
42;79,5;8
42,5;-21,5;96
42,5;-21;92
42,5;-20,5;100
42,5;-20;100
42,5;-19,5;72
42,5;-19;100
42,5;-18,5;100
42,5;-18;100
42,5;-17,5;100
42,5;-17;92
42,5;-16,5;20
42,5;-16;8
42,5;-15,5;12
42,5;-15;92
42,5;-14,5;100
42,5;-14;100
42,5;-13,5;100
42,5;-13;100
42,5;-12,5;100
42,5;-12;100
42,5;-11,5;100
42,5;-11;100
42,5;-10,5;100
42,5;-10;100
42,5;-9,5;100
42,5;-9;100
42,5;-8,5;100
42,5;-8;100
42,5;-7,5;100
42,5;-7;100
42,5;-6,5;100
42,5;-6;100
42,5;-5,5;100
42,5;-5;100
42,5;-4,5;100
42,5;-4;100
42,5;-3,5;100
42,5;-3;100
42,5;-2,5;100
42,5;-2;100
42,5;-1,5;100
42,5;-1;100
42,5;-0,5;100
42,5;0;100
42,5;0,5;100
42,5;1;100
42,5;1,5;100
42,5;2;100
42,5;2,5;100
42,5;3;100
42,5;3,5;100
42,5;4;100
42,5;4,5;100
42,5;5;100
42,5;5,5;100
42,5;6;100
42,5;6,5;100
42,5;7;100
42,5;7,5;100
42,5;8;100
42,5;8,5;100
42,5;9;100
42,5;9,5;100
42,5;10;100
42,5;10,5;100
42,5;11;100
42,5;11,5;100
42,5;12;100
42,5;12,5;100
42,5;13;100
42,5;13,5;100
42,5;14;100
42,5;14,5;100
42,5;15;100
42,5;15,5;100
42,5;16;100
42,5;16,5;100
42,5;17;100
42,5;17,5;100
42,5;18;100
42,5;18,5;100
42,5;19;100
42,5;19,5;100
42,5;20;100
42,5;20,5;100
42,5;21;100
42,5;21,5;100
42,5;22;100
42,5;22,5;100
42,5;23;100
42,5;23,5;100
42,5;24;100
42,5;24,5;100
42,5;25;100
42,5;25,5;100
42,5;26;100
42,5;26,5;100
42,5;27;100
42,5;27,5;100
42,5;28;100
42,5;28,5;100
42,5;29;100
42,5;29,5;100
42,5;30;100
42,5;30,5;100
42,5;31;100
42,5;31,5;100
42,5;32;100
42,5;32,5;100
42,5;33;100
42,5;33,5;100
42,5;34;100
42,5;34,5;100
42,5;35;100
42,5;35,5;100
42,5;36;100
42,5;36,5;100
42,5;37;100
42,5;37,5;100
42,5;38;100
42,5;38,5;100
42,5;39;100
42,5;39,5;100
42,5;40;100
42,5;40,5;100
42,5;41;100
42,5;41,5;100
42,5;42;100
42,5;42,5;100
42,5;43;100
42,5;43,5;100
42,5;44;100
42,5;44,5;100
42,5;45;100
42,5;45,5;100
42,5;46;100
42,5;46,5;100
42,5;47;100
42,5;47,5;100
42,5;48;100
42,5;48,5;100
42,5;49;100
42,5;49,5;100
42,5;50;100
42,5;50,5;100
42,5;51;100
42,5;51,5;100
42,5;52;100
42,5;52,5;100
42,5;53;100
42,5;53,5;100
42,5;54;100
42,5;54,5;100
42,5;55;100
42,5;55,5;100
42,5;56;100
42,5;56,5;100
42,5;57;100
42,5;57,5;100
42,5;58;100
42,5;58,5;100
42,5;59;100
42,5;59,5;100
42,5;60;100
42,5;60,5;100
42,5;61;100
42,5;61,5;100
42,5;62;100
42,5;62,5;100
42,5;63;100
42,5;63,5;100
42,5;64;100
42,5;64,5;100
42,5;65;100
42,5;65,5;100
42,5;66;100
42,5;66,5;100
42,5;67;100
42,5;67,5;100
42,5;68;100
42,5;68,5;92
42,5;69;60
42,5;69,5;0
42,5;70;0
42,5;70,5;64
42,5;71;88
42,5;71,5;72
42,5;72;64
42,5;72,5;80
42,5;73;100
42,5;73,5;100
42,5;74;100
42,5;74,5;100
42,5;75;96
42,5;75,5;80
42,5;76;100
42,5;76,5;80
42,5;77;80
42,5;77,5;56
42,5;78;84
42,5;78,5;16
42,5;79;40
42,5;79,5;20
43;-21,5;92
43;-21;80
43;-20,5;100
43;-20;100
43;-19,5;96
43;-19;100
43;-18,5;100
43;-18;100
43;-17,5;100
43;-17;100
43;-16,5;64
43;-16;16
43;-15,5;80
43;-15;100
43;-14,5;96
43;-14;100
43;-13,5;100
43;-13;100
43;-12,5;100
43;-12;100
43;-11,5;100
43;-11;100
43;-10,5;100
43;-10;100
43;-9,5;100
43;-9;100
43;-8,5;100
43;-8;100
43;-7,5;100
43;-7;100
43;-6,5;100
43;-6;100
43;-5,5;100
43;-5;100
43;-4,5;100
43;-4;100
43;-3,5;100
43;-3;100
43;-2,5;100
43;-2;100
43;-1,5;100
43;-1;100
43;-0,5;100
43;0;100
43;0,5;100
43;1;100
43;1,5;100
43;2;100
43;2,5;100
43;3;100
43;3,5;100
43;4;100
43;4,5;100
43;5;100
43;5,5;100
43;6;100
43;6,5;100
43;7;100
43;7,5;100
43;8;100
43;8,5;100
43;9;100
43;9,5;100
43;10;100
43;10,5;100
43;11;100
43;11,5;100
43;12;100
43;12,5;100
43;13;100
43;13,5;100
43;14;100
43;14,5;100
43;15;100
43;15,5;100
43;16;100
43;16,5;100
43;17;100
43;17,5;100
43;18;100
43;18,5;96
43;19;100
43;19,5;100
43;20;100
43;20,5;100
43;21;100
43;21,5;100
43;22;100
43;22,5;100
43;23;100
43;23,5;100
43;24;100
43;24,5;100
43;25;100
43;25,5;100
43;26;100
43;26,5;100
43;27;100
43;27,5;100
43;28;100
43;28,5;100
43;29;100
43;29,5;100
43;30;100
43;30,5;100
43;31;100
43;31,5;100
43;32;100
43;32,5;100
43;33;100
43;33,5;100
43;34;100
43;34,5;100
43;35;100
43;35,5;100
43;36;100
43;36,5;100
43;37;100
43;37,5;100
43;38;100
43;38,5;100
43;39;100
43;39,5;100
43;40;100
43;40,5;100
43;41;100
43;41,5;100
43;42;100
43;42,5;100
43;43;100
43;43,5;100
43;44;100
43;44,5;100
43;45;100
43;45,5;100
43;46;100
43;46,5;100
43;47;100
43;47,5;100
43;48;100
43;48,5;96
43;49;100
43;49,5;100
43;50;100
43;50,5;100
43;51;100
43;51,5;100
43;52;100
43;52,5;100
43;53;100
43;53,5;100
43;54;100
43;54,5;100
43;55;100
43;55,5;100
43;56;100
43;56,5;100
43;57;100
43;57,5;100
43;58;100
43;58,5;100
43;59;100
43;59,5;100
43;60;100
43;60,5;100
43;61;100
43;61,5;100
43;62;100
43;62,5;100
43;63;100
43;63,5;100
43;64;100
43;64,5;100
43;65;100
43;65,5;100
43;66;100
43;66,5;100
43;67;100
43;67,5;100
43;68;100
43;68,5;92
43;69;56
43;69,5;4
43;70;20
43;70,5;80
43;71;88
43;71,5;84
43;72;64
43;72,5;16
43;73;88
43;73,5;100
43;74;100
43;74,5;100
43;75;92
43;75,5;96
43;76;92
43;76,5;96
43;77;96
43;77,5;100
43;78;100
43;78,5;56
43;79;52
43;79,5;64
43,5;-21,5;92
43,5;-21;96
43,5;-20,5;96
43,5;-20;100
43,5;-19,5;100
43,5;-19;100
43,5;-18,5;100
43,5;-18;100
43,5;-17,5;100
43,5;-17;100
43,5;-16,5;88
43,5;-16;84
43,5;-15,5;100
43,5;-15;100
43,5;-14,5;100
43,5;-14;100
43,5;-13,5;100
43,5;-13;100
43,5;-12,5;100
43,5;-12;100
43,5;-11,5;100
43,5;-11;100
43,5;-10,5;100
43,5;-10;96
43,5;-9,5;100
43,5;-9;100
43,5;-8,5;100
43,5;-8;100
43,5;-7,5;100
43,5;-7;100
43,5;-6,5;100
43,5;-6;100
43,5;-5,5;100
43,5;-5;100
43,5;-4,5;100
43,5;-4;100
43,5;-3,5;100
43,5;-3;100
43,5;-2,5;100
43,5;-2;100
43,5;-1,5;100
43,5;-1;100
43,5;-0,5;100
43,5;0;100
43,5;0,5;100
43,5;1;100
43,5;1,5;100
43,5;2;100
43,5;2,5;100
43,5;3;100
43,5;3,5;100
43,5;4;100
43,5;4,5;100
43,5;5;100
43,5;5,5;100
43,5;6;100
43,5;6,5;100
43,5;7;100
43,5;7,5;100
43,5;8;100
43,5;8,5;100
43,5;9;100
43,5;9,5;100
43,5;10;100
43,5;10,5;100
43,5;11;100
43,5;11,5;100
43,5;12;100
43,5;12,5;100
43,5;13;100
43,5;13,5;100
43,5;14;100
43,5;14,5;100
43,5;15;100
43,5;15,5;100
43,5;16;100
43,5;16,5;100
43,5;17;100
43,5;17,5;100
43,5;18;100
43,5;18,5;100
43,5;19;100
43,5;19,5;100
43,5;20;100
43,5;20,5;100
43,5;21;100
43,5;21,5;100
43,5;22;100
43,5;22,5;100
43,5;23;100
43,5;23,5;100
43,5;24;100
43,5;24,5;100
43,5;25;100
43,5;25,5;100
43,5;26;100
43,5;26,5;100
43,5;27;100
43,5;27,5;100
43,5;28;100
43,5;28,5;100
43,5;29;100
43,5;29,5;100
43,5;30;88
43,5;30,5;96
43,5;31;100
43,5;31,5;100
43,5;32;100
43,5;32,5;100
43,5;33;100
43,5;33,5;100
43,5;34;100
43,5;34,5;100
43,5;35;100
43,5;35,5;100
43,5;36;100
43,5;36,5;100
43,5;37;100
43,5;37,5;100
43,5;38;100
43,5;38,5;100
43,5;39;100
43,5;39,5;100
43,5;40;100
43,5;40,5;100
43,5;41;100
43,5;41,5;100
43,5;42;100
43,5;42,5;100
43,5;43;100
43,5;43,5;100
43,5;44;100
43,5;44,5;100
43,5;45;100
43,5;45,5;100
43,5;46;100
43,5;46,5;100
43,5;47;100
43,5;47,5;100
43,5;48;100
43,5;48,5;100
43,5;49;100
43,5;49,5;100
43,5;50;100
43,5;50,5;100
43,5;51;100
43,5;51,5;100
43,5;52;96
43,5;52,5;76
43,5;53;100
43,5;53,5;100
43,5;54;100
43,5;54,5;100
43,5;55;100
43,5;55,5;100
43,5;56;100
43,5;56,5;100
43,5;57;100
43,5;57,5;100
43,5;58;100
43,5;58,5;100
43,5;59;100
43,5;59,5;100
43,5;60;100
43,5;60,5;100
43,5;61;100
43,5;61,5;100
43,5;62;100
43,5;62,5;100
43,5;63;100
43,5;63,5;100
43,5;64;100
43,5;64,5;100
43,5;65;100
43,5;65,5;100
43,5;66;100
43,5;66,5;100
43,5;67;100
43,5;67,5;100
43,5;68;100
43,5;68,5;100
43,5;69;100
43,5;69,5;72
43,5;70;88
43,5;70,5;96
43,5;71;72
43,5;71,5;80
43,5;72;76
43,5;72,5;80
43,5;73;92
43,5;73,5;96
43,5;74;92
43,5;74,5;72
43,5;75;100
43,5;75,5;100
43,5;76;80
43,5;76,5;92
43,5;77;100
43,5;77,5;100
43,5;78;100
43,5;78,5;76
43,5;79;84
43,5;79,5;28
44;-21,5;96
44;-21;100
44;-20,5;100
44;-20;100
44;-19,5;100
44;-19;100
44;-18,5;100
44;-18;100
44;-17,5;100
44;-17;100
44;-16,5;100
44;-16;100
44;-15,5;100
44;-15;100
44;-14,5;100
44;-14;100
44;-13,5;100
44;-13;100
44;-12,5;100
44;-12;100
44;-11,5;100
44;-11;100
44;-10,5;100
44;-10;100
44;-9,5;100
44;-9;100
44;-8,5;100
44;-8;100
44;-7,5;100
44;-7;100
44;-6,5;100
44;-6;100
44;-5,5;100
44;-5;100
44;-4,5;100
44;-4;100
44;-3,5;100
44;-3;100
44;-2,5;100
44;-2;100
44;-1,5;100
44;-1;100
44;-0,5;100
44;0;100
44;0,5;100
44;1;100
44;1,5;100
44;2;100
44;2,5;100
44;3;100
44;3,5;100
44;4;100
44;4,5;100
44;5;100
44;5,5;100
44;6;100
44;6,5;100
44;7;100
44;7,5;100
44;8;100
44;8,5;100
44;9;100
44;9,5;100
44;10;100
44;10,5;100
44;11;100
44;11,5;100
44;12;100
44;12,5;100
44;13;100
44;13,5;100
44;14;100
44;14,5;100
44;15;100
44;15,5;100
44;16;100
44;16,5;100
44;17;100
44;17,5;100
44;18;100
44;18,5;100
44;19;100
44;19,5;100
44;20;100
44;20,5;100
44;21;100
44;21,5;100
44;22;100
44;22,5;100
44;23;100
44;23,5;100
44;24;100
44;24,5;100
44;25;100
44;25,5;100
44;26;100
44;26,5;100
44;27;100
44;27,5;100
44;28;100
44;28,5;100
44;29;100
44;29,5;100
44;30;100
44;30,5;96
44;31;100
44;31,5;100
44;32;100
44;32,5;100
44;33;100
44;33,5;100
44;34;100
44;34,5;100
44;35;100
44;35,5;100
44;36;100
44;36,5;100
44;37;100
44;37,5;100
44;38;100
44;38,5;100
44;39;100
44;39,5;100
44;40;100
44;40,5;100
44;41;100
44;41,5;100
44;42;100
44;42,5;100
44;43;100
44;43,5;100
44;44;100
44;44,5;100
44;45;100
44;45,5;100
44;46;100
44;46,5;100
44;47;100
44;47,5;100
44;48;100
44;48,5;100
44;49;100
44;49,5;100
44;50;100
44;50,5;100
44;51;100
44;51,5;100
44;52;100
44;52,5;100
44;53;100
44;53,5;100
44;54;100
44;54,5;100
44;55;100
44;55,5;100
44;56;100
44;56,5;100
44;57;100
44;57,5;100
44;58;100
44;58,5;100
44;59;100
44;59,5;100
44;60;100
44;60,5;100
44;61;100
44;61,5;100
44;62;100
44;62,5;100
44;63;100
44;63,5;100
44;64;100
44;64,5;100
44;65;100
44;65,5;100
44;66;100
44;66,5;100
44;67;100
44;67,5;100
44;68;100
44;68,5;100
44;69;100
44;69,5;100
44;70;100
44;70,5;100
44;71;100
44;71,5;68
44;72;72
44;72,5;84
44;73;100
44;73,5;100
44;74;100
44;74,5;100
44;75;96
44;75,5;96
44;76;76
44;76,5;76
44;77;76
44;77,5;64
44;78;68
44;78,5;24
44;79;44
44;79,5;40
44,5;-21,5;96
44,5;-21;92
44,5;-20,5;100
44,5;-20;100
44,5;-19,5;100
44,5;-19;100
44,5;-18,5;100
44,5;-18;100
44,5;-17,5;100
44,5;-17;100
44,5;-16,5;100
44,5;-16;96
44,5;-15,5;96
44,5;-15;100
44,5;-14,5;100
44,5;-14;100
44,5;-13,5;100
44,5;-13;100
44,5;-12,5;100
44,5;-12;100
44,5;-11,5;100
44,5;-11;100
44,5;-10,5;100
44,5;-10;100
44,5;-9,5;100
44,5;-9;100
44,5;-8,5;100
44,5;-8;100
44,5;-7,5;100
44,5;-7;100
44,5;-6,5;100
44,5;-6;100
44,5;-5,5;100
44,5;-5;100
44,5;-4,5;96
44,5;-4;100
44,5;-3,5;100
44,5;-3;100
44,5;-2,5;100
44,5;-2;100
44,5;-1,5;100
44,5;-1;100
44,5;-0,5;100
44,5;0;100
44,5;0,5;100
44,5;1;100
44,5;1,5;100
44,5;2;100
44,5;2,5;100
44,5;3;100
44,5;3,5;100
44,5;4;100
44,5;4,5;100
44,5;5;100
44,5;5,5;100
44,5;6;100
44,5;6,5;100
44,5;7;100
44,5;7,5;100
44,5;8;100
44,5;8,5;100
44,5;9;100
44,5;9,5;100
44,5;10;100
44,5;10,5;100
44,5;11;100
44,5;11,5;100
44,5;12;100
44,5;12,5;100
44,5;13;100
44,5;13,5;100
44,5;14;100
44,5;14,5;100
44,5;15;100
44,5;15,5;100
44,5;16;100
44,5;16,5;100
44,5;17;100
44,5;17,5;100
44,5;18;100
44,5;18,5;100
44,5;19;100
44,5;19,5;100
44,5;20;100
44,5;20,5;100
44,5;21;100
44,5;21,5;100
44,5;22;100
44,5;22,5;100
44,5;23;100
44,5;23,5;100
44,5;24;100
44,5;24,5;100
44,5;25;100
44,5;25,5;100
44,5;26;100
44,5;26,5;100
44,5;27;100
44,5;27,5;100
44,5;28;100
44,5;28,5;100
44,5;29;100
44,5;29,5;100
44,5;30;100
44,5;30,5;100
44,5;31;100
44,5;31,5;100
44,5;32;100
44,5;32,5;100
44,5;33;100
44,5;33,5;100
44,5;34;100
44,5;34,5;100
44,5;35;100
44,5;35,5;100
44,5;36;100
44,5;36,5;100
44,5;37;100
44,5;37,5;100
44,5;38;100
44,5;38,5;100
44,5;39;100
44,5;39,5;100
44,5;40;100
44,5;40,5;100
44,5;41;100
44,5;41,5;100
44,5;42;100
44,5;42,5;100
44,5;43;100
44,5;43,5;100
44,5;44;100
44,5;44,5;100
44,5;45;100
44,5;45,5;100
44,5;46;100
44,5;46,5;100
44,5;47;100
44,5;47,5;100
44,5;48;100
44,5;48,5;100
44,5;49;100
44,5;49,5;100
44,5;50;100
44,5;50,5;100
44,5;51;100
44,5;51,5;100
44,5;52;96
44,5;52,5;100
44,5;53;100
44,5;53,5;100
44,5;54;100
44,5;54,5;100
44,5;55;100
44,5;55,5;100
44,5;56;100
44,5;56,5;100
44,5;57;100
44,5;57,5;100
44,5;58;100
44,5;58,5;100
44,5;59;100
44,5;59,5;100
44,5;60;100
44,5;60,5;100
44,5;61;100
44,5;61,5;100
44,5;62;100
44,5;62,5;100
44,5;63;100
44,5;63,5;100
44,5;64;100
44,5;64,5;100
44,5;65;100
44,5;65,5;100
44,5;66;100
44,5;66,5;100
44,5;67;100
44,5;67,5;100
44,5;68;100
44,5;68,5;100
44,5;69;100
44,5;69,5;100
44,5;70;100
44,5;70,5;100
44,5;71;100
44,5;71,5;88
44,5;72;100
44,5;72,5;96
44,5;73;88
44,5;73,5;96
44,5;74;100
44,5;74,5;96
44,5;75;92
44,5;75,5;92
44,5;76;100
44,5;76,5;92
44,5;77;68
44,5;77,5;48
44,5;78;24
44,5;78,5;20
44,5;79;4
44,5;79,5;0
45;-21,5;96
45;-21;100
45;-20,5;100
45;-20;100
45;-19,5;100
45;-19;100
45;-18,5;100
45;-18;100
45;-17,5;100
45;-17;100
45;-16,5;100
45;-16;92
45;-15,5;100
45;-15;100
45;-14,5;100
45;-14;100
45;-13,5;100
45;-13;100
45;-12,5;100
45;-12;100
45;-11,5;100
45;-11;100
45;-10,5;100
45;-10;100
45;-9,5;100
45;-9;100
45;-8,5;100
45;-8;100
45;-7,5;100
45;-7;100
45;-6,5;100
45;-6;100
45;-5,5;100
45;-5;100
45;-4,5;100
45;-4;100
45;-3,5;100
45;-3;100
45;-2,5;100
45;-2;100
45;-1,5;100
45;-1;100
45;-0,5;100
45;0;100
45;0,5;100
45;1;100
45;1,5;100
45;2;100
45;2,5;100
45;3;100
45;3,5;100
45;4;100
45;4,5;100
45;5;100
45;5,5;100
45;6;100
45;6,5;100
45;7;100
45;7,5;100
45;8;100
45;8,5;100
45;9;100
45;9,5;100
45;10;100
45;10,5;100
45;11;100
45;11,5;100
45;12;100
45;12,5;100
45;13;100
45;13,5;100
45;14;100
45;14,5;100
45;15;100
45;15,5;100
45;16;100
45;16,5;100
45;17;100
45;17,5;100
45;18;100
45;18,5;100
45;19;100
45;19,5;100
45;20;100
45;20,5;100
45;21;100
45;21,5;100
45;22;100
45;22,5;100
45;23;100
45;23,5;100
45;24;100
45;24,5;100
45;25;100
45;25,5;100
45;26;100
45;26,5;100
45;27;100
45;27,5;100
45;28;100
45;28,5;100
45;29;100
45;29,5;100
45;30;100
45;30,5;100
45;31;100
45;31,5;100
45;32;100
45;32,5;100
45;33;100
45;33,5;100
45;34;100
45;34,5;100
45;35;100
45;35,5;100
45;36;100
45;36,5;100
45;37;100
45;37,5;100
45;38;100
45;38,5;100
45;39;100
45;39,5;100
45;40;100
45;40,5;100
45;41;100
45;41,5;100
45;42;100
45;42,5;100
45;43;100
45;43,5;100
45;44;100
45;44,5;100
45;45;100
45;45,5;100
45;46;100
45;46,5;100
45;47;100
45;47,5;100
45;48;100
45;48,5;100
45;49;100
45;49,5;100
45;50;100
45;50,5;100
45;51;100
45;51,5;100
45;52;100
45;52,5;100
45;53;100
45;53,5;100
45;54;100
45;54,5;100
45;55;100
45;55,5;100
45;56;100
45;56,5;100
45;57;100
45;57,5;100
45;58;100
45;58,5;100
45;59;100
45;59,5;100
45;60;100
45;60,5;100
45;61;100
45;61,5;100
45;62;100
45;62,5;100
45;63;100
45;63,5;100
45;64;96
45;64,5;100
45;65;100
45;65,5;100
45;66;100
45;66,5;100
45;67;100
45;67,5;100
45;68;100
45;68,5;100
45;69;100
45;69,5;100
45;70;100
45;70,5;100
45;71;100
45;71,5;100
45;72;96
45;72,5;100
45;73;100
45;73,5;100
45;74;100
45;74,5;100
45;75;100
45;75,5;100
45;76;100
45;76,5;96
45;77;96
45;77,5;68
45;78;28
45;78,5;48
45;79;0
45,5;-21,5;96
45,5;-21;100
45,5;-20,5;92
45,5;-20;100
45,5;-19,5;100
45,5;-19;100
45,5;-18,5;100
45,5;-18;100
45,5;-17,5;100
45,5;-17;100
45,5;-16,5;100
45,5;-16;92
45,5;-15,5;100
45,5;-15;96
45,5;-14,5;100
45,5;-14;100
45,5;-13,5;92
45,5;-13;100
45,5;-12,5;100
45,5;-12;100
45,5;-11,5;100
45,5;-11;100
45,5;-10,5;100
45,5;-10;100
45,5;-9,5;100
45,5;-9;100
45,5;-8,5;100
45,5;-8;100
45,5;-7,5;100
45,5;-7;100
45,5;-6,5;100
45,5;-6;100
45,5;-5,5;100
45,5;-5;100
45,5;-4,5;100
45,5;-4;100
45,5;-3,5;100
45,5;-3;100
45,5;-2,5;100
45,5;-2;100
45,5;-1,5;100
45,5;-1;100
45,5;-0,5;100
45,5;0;100
45,5;0,5;100
45,5;1;100
45,5;1,5;100
45,5;2;100
45,5;2,5;100
45,5;3;100
45,5;3,5;100
45,5;4;100
45,5;4,5;100
45,5;5;100
45,5;5,5;100
45,5;6;100
45,5;6,5;100
45,5;7;100
45,5;7,5;100
45,5;8;100
45,5;8,5;100
45,5;9;100
45,5;9,5;100
45,5;10;100
45,5;10,5;100
45,5;11;100
45,5;11,5;100
45,5;12;100
45,5;12,5;100
45,5;13;100
45,5;13,5;100
45,5;14;100
45,5;14,5;100
45,5;15;100
45,5;15,5;100
45,5;16;100
45,5;16,5;100
45,5;17;100
45,5;17,5;100
45,5;18;100
45,5;18,5;100
45,5;19;100
45,5;19,5;100
45,5;20;100
45,5;20,5;100
45,5;21;100
45,5;21,5;100
45,5;22;100
45,5;22,5;100
45,5;23;100
45,5;23,5;100
45,5;24;100
45,5;24,5;100
45,5;25;100
45,5;25,5;100
45,5;26;100
45,5;26,5;100
45,5;27;100
45,5;27,5;100
45,5;28;100
45,5;28,5;100
45,5;29;100
45,5;29,5;100
45,5;30;100
45,5;30,5;100
45,5;31;100
45,5;31,5;100
45,5;32;100
45,5;32,5;100
45,5;33;100
45,5;33,5;100
45,5;34;100
45,5;34,5;100
45,5;35;100
45,5;35,5;100
45,5;36;100
45,5;36,5;100
45,5;37;100
45,5;37,5;100
45,5;38;100
45,5;38,5;100
45,5;39;92
45,5;39,5;100
45,5;40;100
45,5;40,5;100
45,5;41;100
45,5;41,5;100
45,5;42;100
45,5;42,5;100
45,5;43;100
45,5;43,5;100
45,5;44;100
45,5;44,5;100
45,5;45;100
45,5;45,5;100
45,5;46;100
45,5;46,5;100
45,5;47;100
45,5;47,5;100
45,5;48;100
45,5;48,5;100
45,5;49;100
45,5;49,5;100
45,5;50;100
45,5;50,5;100
45,5;51;100
45,5;51,5;100
45,5;52;100
45,5;52,5;100
45,5;53;100
45,5;53,5;100
45,5;54;100
45,5;54,5;100
45,5;55;100
45,5;55,5;100
45,5;56;100
45,5;56,5;100
45,5;57;100
45,5;57,5;100
45,5;58;100
45,5;58,5;100
45,5;59;100
45,5;59,5;100
45,5;60;100
45,5;60,5;100
45,5;61;100
45,5;61,5;100
45,5;62;100
45,5;62,5;100
45,5;63;100
45,5;63,5;100
45,5;64;100
45,5;64,5;100
45,5;65;100
45,5;65,5;100
45,5;66;100
45,5;66,5;100
45,5;67;100
45,5;67,5;100
45,5;68;100
45,5;68,5;100
45,5;69;100
45,5;69,5;100
45,5;70;100
45,5;70,5;100
45,5;71;100
45,5;71,5;100
45,5;72;96
45,5;72,5;100
45,5;73;96
45,5;73,5;100
45,5;74;100
45,5;74,5;100
45,5;75;100
45,5;75,5;96
45,5;76;92
45,5;76,5;92
45,5;77;84
45,5;77,5;92
45,5;78;84
45,5;78,5;20
45,5;79;12
45,5;79,5;0
46;-21,5;84
46;-21;100
46;-20,5;100
46;-20;100
46;-19,5;100
46;-19;96
46;-18,5;100
46;-18;100
46;-17,5;100
46;-17;100
46;-16,5;96
46;-16;92
46;-15,5;100
46;-15;100
46;-14,5;100
46;-14;100
46;-13,5;96
46;-13;100
46;-12,5;100
46;-12;84
46;-11,5;92
46;-11;96
46;-10,5;100
46;-10;100
46;-9,5;100
46;-9;100
46;-8,5;100
46;-8;100
46;-7,5;100
46;-7;100
46;-6,5;100
46;-6;100
46;-5,5;100
46;-5;100
46;-4,5;100
46;-4;100
46;-3,5;100
46;-3;100
46;-2,5;100
46;-2;100
46;-1,5;100
46;-1;100
46;-0,5;100
46;0;100
46;0,5;100
46;1;100
46;1,5;100
46;2;96
46;2,5;100
46;3;100
46;3,5;100
46;4;100
46;4,5;100
46;5;100
46;5,5;100
46;6;100
46;6,5;100
46;7;100
46;7,5;100
46;8;100
46;8,5;100
46;9;100
46;9,5;100
46;10;100
46;10,5;100
46;11;100
46;11,5;100
46;12;100
46;12,5;100
46;13;100
46;13,5;100
46;14;100
46;14,5;100
46;15;100
46;15,5;100
46;16;100
46;16,5;100
46;17;100
46;17,5;100
46;18;100
46;18,5;100
46;19;100
46;19,5;100
46;20;100
46;20,5;100
46;21;100
46;21,5;100
46;22;100
46;22,5;100
46;23;100
46;23,5;96
46;24;100
46;24,5;100
46;25;100
46;25,5;100
46;26;100
46;26,5;100
46;27;100
46;27,5;96
46;28;100
46;28,5;100
46;29;100
46;29,5;100
46;30;100
46;30,5;100
46;31;100
46;31,5;100
46;32;100
46;32,5;100
46;33;100
46;33,5;100
46;34;100
46;34,5;100
46;35;100
46;35,5;100
46;36;100
46;36,5;100
46;37;100
46;37,5;100
46;38;100
46;38,5;100
46;39;96
46;39,5;100
46;40;100
46;40,5;100
46;41;100
46;41,5;100
46;42;100
46;42,5;100
46;43;100
46;43,5;100
46;44;100
46;44,5;100
46;45;100
46;45,5;100
46;46;100
46;46,5;100
46;47;100
46;47,5;100
46;48;100
46;48,5;100
46;49;100
46;49,5;100
46;50;100
46;50,5;100
46;51;100
46;51,5;100
46;52;100
46;52,5;100
46;53;100
46;53,5;100
46;54;100
46;54,5;100
46;55;100
46;55,5;100
46;56;100
46;56,5;100
46;57;100
46;57,5;100
46;58;100
46;58,5;100
46;59;100
46;59,5;100
46;60;100
46;60,5;100
46;61;100
46;61,5;100
46;62;100
46;62,5;100
46;63;100
46;63,5;100
46;64;100
46;64,5;100
46;65;100
46;65,5;100
46;66;100
46;66,5;100
46;67;100
46;67,5;100
46;68;100
46;68,5;100
46;69;100
46;69,5;100
46;70;100
46;70,5;100
46;71;100
46;71,5;100
46;72;100
46;72,5;84
46;73;100
46;73,5;96
46;74;96
46;74,5;100
46;75;100
46;75,5;100
46;76;100
46;76,5;100
46;77;88
46;77,5;96
46;78;92
46;78,5;88
46;79;48
46;79,5;4
46,5;-21,5;56
46,5;-21;88
46,5;-20,5;92
46,5;-20;92
46,5;-19,5;100
46,5;-19;100
46,5;-18,5;100
46,5;-18;100
46,5;-17,5;100
46,5;-17;100
46,5;-16,5;96
46,5;-16;92
46,5;-15,5;100
46,5;-15;100
46,5;-14,5;96
46,5;-14;100
46,5;-13,5;100
46,5;-13;100
46,5;-12,5;100
46,5;-12;96
46,5;-11,5;96
46,5;-11;100
46,5;-10,5;100
46,5;-10;100
46,5;-9,5;100
46,5;-9;92
46,5;-8,5;100
46,5;-8;100
46,5;-7,5;100
46,5;-7;100
46,5;-6,5;100
46,5;-6;100
46,5;-5,5;100
46,5;-5;100
46,5;-4,5;100
46,5;-4;100
46,5;-3,5;100
46,5;-3;100
46,5;-2,5;100
46,5;-2;100
46,5;-1,5;100
46,5;-1;100
46,5;-0,5;100
46,5;0;100
46,5;0,5;100
46,5;1;100
46,5;1,5;100
46,5;2;100
46,5;2,5;100
46,5;3;100
46,5;3,5;100
46,5;4;100
46,5;4,5;100
46,5;5;100
46,5;5,5;100
46,5;6;100
46,5;6,5;100
46,5;7;100
46,5;7,5;100
46,5;8;100
46,5;8,5;100
46,5;9;100
46,5;9,5;100
46,5;10;100
46,5;10,5;100
46,5;11;100
46,5;11,5;100
46,5;12;100
46,5;12,5;100
46,5;13;100
46,5;13,5;100
46,5;14;100
46,5;14,5;100
46,5;15;100
46,5;15,5;100
46,5;16;100
46,5;16,5;100
46,5;17;100
46,5;17,5;100
46,5;18;100
46,5;18,5;100
46,5;19;100
46,5;19,5;100
46,5;20;100
46,5;20,5;100
46,5;21;100
46,5;21,5;100
46,5;22;100
46,5;22,5;100
46,5;23;100
46,5;23,5;84
46,5;24;92
46,5;24,5;100
46,5;25;100
46,5;25,5;100
46,5;26;100
46,5;26,5;100
46,5;27;100
46,5;27,5;100
46,5;28;100
46,5;28,5;100
46,5;29;100
46,5;29,5;100
46,5;30;100
46,5;30,5;100
46,5;31;100
46,5;31,5;100
46,5;32;100
46,5;32,5;100
46,5;33;100
46,5;33,5;100
46,5;34;100
46,5;34,5;100
46,5;35;100
46,5;35,5;100
46,5;36;100
46,5;36,5;100
46,5;37;100
46,5;37,5;100
46,5;38;100
46,5;38,5;100
46,5;39;100
46,5;39,5;100
46,5;40;100
46,5;40,5;100
46,5;41;100
46,5;41,5;100
46,5;42;100
46,5;42,5;100
46,5;43;100
46,5;43,5;100
46,5;44;100
46,5;44,5;100
46,5;45;100
46,5;45,5;100
46,5;46;100
46,5;46,5;100
46,5;47;100
46,5;47,5;100
46,5;48;100
46,5;48,5;100
46,5;49;100
46,5;49,5;100
46,5;50;100
46,5;50,5;100
46,5;51;100
46,5;51,5;100
46,5;52;100
46,5;52,5;100
46,5;53;100
46,5;53,5;100
46,5;54;100
46,5;54,5;100
46,5;55;100
46,5;55,5;100
46,5;56;100
46,5;56,5;100
46,5;57;100
46,5;57,5;100
46,5;58;100
46,5;58,5;100
46,5;59;100
46,5;59,5;100
46,5;60;100
46,5;60,5;100
46,5;61;100
46,5;61,5;100
46,5;62;100
46,5;62,5;100
46,5;63;100
46,5;63,5;100
46,5;64;100
46,5;64,5;100
46,5;65;100
46,5;65,5;100
46,5;66;100
46,5;66,5;100
46,5;67;100
46,5;67,5;100
46,5;68;100
46,5;68,5;100
46,5;69;100
46,5;69,5;100
46,5;70;100
46,5;70,5;100
46,5;71;100
46,5;71,5;100
46,5;72;100
46,5;72,5;100
46,5;73;88
46,5;73,5;100
46,5;74;92
46,5;74,5;68
46,5;75;100
46,5;75,5;100
46,5;76;100
46,5;76,5;92
46,5;77;92
46,5;77,5;80
46,5;78;88
46,5;78,5;72
46,5;79;32
46,5;79,5;20
47;-21,5;64
47;-21;72
47;-20,5;60
47;-20;52
47;-19,5;12
47;-19;88
47;-18,5;100
47;-18;100
47;-17,5;100
47;-17;96
47;-16,5;96
47;-16;72
47;-15,5;84
47;-15;72
47;-14,5;56
47;-14;92
47;-13,5;100
47;-13;100
47;-12,5;100
47;-12;92
47;-11,5;92
47;-11;100
47;-10,5;100
47;-10;100
47;-9,5;100
47;-9;100
47;-8,5;100
47;-8;100
47;-7,5;100
47;-7;100
47;-6,5;100
47;-6;100
47;-5,5;100
47;-5;100
47;-4,5;100
47;-4;100
47;-3,5;100
47;-3;100
47;-2,5;100
47;-2;100
47;-1,5;100
47;-1;100
47;-0,5;100
47;0;100
47;0,5;100
47;1;100
47;1,5;100
47;2;100
47;2,5;100
47;3;100
47;3,5;100
47;4;100
47;4,5;100
47;5;100
47;5,5;100
47;6;100
47;6,5;100
47;7;100
47;7,5;100
47;8;100
47;8,5;100
47;9;96
47;9,5;100
47;10;100
47;10,5;100
47;11;100
47;11,5;100
47;12;100
47;12,5;100
47;13;100
47;13,5;100
47;14;100
47;14,5;100
47;15;100
47;15,5;100
47;16;100
47;16,5;100
47;17;100
47;17,5;100
47;18;100
47;18,5;100
47;19;100
47;19,5;100
47;20;100
47;20,5;100
47;21;100
47;21,5;100
47;22;100
47;22,5;100
47;23;100
47;23,5;100
47;24;100
47;24,5;100
47;25;100
47;25,5;100
47;26;100
47;26,5;100
47;27;100
47;27,5;100
47;28;100
47;28,5;100
47;29;100
47;29,5;100
47;30;100
47;30,5;100
47;31;100
47;31,5;100
47;32;100
47;32,5;100
47;33;100
47;33,5;100
47;34;100
47;34,5;100
47;35;100
47;35,5;100
47;36;100
47;36,5;100
47;37;100
47;37,5;100
47;38;100
47;38,5;100
47;39;100
47;39,5;100
47;40;100
47;40,5;100
47;41;100
47;41,5;100
47;42;100
47;42,5;100
47;43;100
47;43,5;100
47;44;100
47;44,5;100
47;45;100
47;45,5;100
47;46;100
47;46,5;100
47;47;100
47;47,5;100
47;48;100
47;48,5;100
47;49;100
47;49,5;100
47;50;100
47;50,5;100
47;51;100
47;51,5;100
47;52;100
47;52,5;100
47;53;100
47;53,5;100
47;54;100
47;54,5;100
47;55;100
47;55,5;100
47;56;100
47;56,5;100
47;57;100
47;57,5;100
47;58;100
47;58,5;100
47;59;100
47;59,5;100
47;60;100
47;60,5;100
47;61;100
47;61,5;100
47;62;100
47;62,5;100
47;63;100
47;63,5;100
47;64;100
47;64,5;100
47;65;100
47;65,5;100
47;66;100
47;66,5;100
47;67;100
47;67,5;100
47;68;100
47;68,5;100
47;69;100
47;69,5;100
47;70;100
47;70,5;100
47;71;100
47;71,5;100
47;72;92
47;72,5;100
47;73;84
47;73,5;64
47;74;96
47;74,5;48
47;75;92
47;75,5;92
47;76;84
47;76,5;92
47;77;76
47;77,5;44
47;78;32
47;78,5;84
47;79;80
47;79,5;28
47,5;-21,5;32
47,5;-21;4
47,5;-20,5;0
47,5;-20;28
47,5;-19,5;16
47,5;-19;44
47,5;-18,5;80
47,5;-18;100
47,5;-17,5;88
47,5;-17;100
47,5;-16,5;96
47,5;-16;76
47,5;-15,5;8
47,5;-15;72
47,5;-14,5;96
47,5;-14;64
47,5;-13,5;100
47,5;-13;100
47,5;-12,5;100
47,5;-12;100
47,5;-11,5;100
47,5;-11;100
47,5;-10,5;100
47,5;-10;100
47,5;-9,5;100
47,5;-9;100
47,5;-8,5;100
47,5;-8;100
47,5;-7,5;100
47,5;-7;100
47,5;-6,5;100
47,5;-6;100
47,5;-5,5;100
47,5;-5;100
47,5;-4,5;100
47,5;-4;100
47,5;-3,5;100
47,5;-3;100
47,5;-2,5;100
47,5;-2;100
47,5;-1,5;100
47,5;-1;100
47,5;-0,5;100
47,5;0;100
47,5;0,5;100
47,5;1;100
47,5;1,5;100
47,5;2;100
47,5;2,5;100
47,5;3;100
47,5;3,5;100
47,5;4;100
47,5;4,5;100
47,5;5;100
47,5;5,5;100
47,5;6;100
47,5;6,5;100
47,5;7;88
47,5;7,5;60
47,5;8;84
47,5;8,5;100
47,5;9;100
47,5;9,5;100
47,5;10;100
47,5;10,5;100
47,5;11;100
47,5;11,5;100
47,5;12;100
47,5;12,5;100
47,5;13;100
47,5;13,5;100
47,5;14;100
47,5;14,5;100
47,5;15;100
47,5;15,5;100
47,5;16;100
47,5;16,5;100
47,5;17;100
47,5;17,5;96
47,5;18;100
47,5;18,5;100
47,5;19;100
47,5;19,5;100
47,5;20;100
47,5;20,5;100
47,5;21;100
47,5;21,5;100
47,5;22;100
47,5;22,5;100
47,5;23;100
47,5;23,5;100
47,5;24;100
47,5;24,5;100
47,5;25;100
47,5;25,5;100
47,5;26;100
47,5;26,5;100
47,5;27;100
47,5;27,5;100
47,5;28;100
47,5;28,5;100
47,5;29;100
47,5;29,5;100
47,5;30;100
47,5;30,5;100
47,5;31;100
47,5;31,5;100
47,5;32;100
47,5;32,5;100
47,5;33;100
47,5;33,5;100
47,5;34;100
47,5;34,5;100
47,5;35;100
47,5;35,5;100
47,5;36;100
47,5;36,5;100
47,5;37;100
47,5;37,5;100
47,5;38;100
47,5;38,5;100
47,5;39;96
47,5;39,5;100
47,5;40;100
47,5;40,5;100
47,5;41;100
47,5;41,5;100
47,5;42;100
47,5;42,5;100
47,5;43;100
47,5;43,5;100
47,5;44;100
47,5;44,5;100
47,5;45;100
47,5;45,5;100
47,5;46;100
47,5;46,5;100
47,5;47;100
47,5;47,5;100
47,5;48;100
47,5;48,5;100
47,5;49;100
47,5;49,5;100
47,5;50;100
47,5;50,5;100
47,5;51;100
47,5;51,5;100
47,5;52;100
47,5;52,5;100
47,5;53;100
47,5;53,5;100
47,5;54;100
47,5;54,5;100
47,5;55;100
47,5;55,5;100
47,5;56;100
47,5;56,5;100
47,5;57;100
47,5;57,5;100
47,5;58;100
47,5;58,5;100
47,5;59;100
47,5;59,5;100
47,5;60;100
47,5;60,5;100
47,5;61;100
47,5;61,5;100
47,5;62;100
47,5;62,5;100
47,5;63;100
47,5;63,5;100
47,5;64;100
47,5;64,5;100
47,5;65;100
47,5;65,5;100
47,5;66;100
47,5;66,5;100
47,5;67;100
47,5;67,5;100
47,5;68;100
47,5;68,5;100
47,5;69;100
47,5;69,5;100
47,5;70;100
47,5;70,5;96
47,5;71;100
47,5;71,5;100
47,5;72;72
47,5;72,5;52
47,5;73;72
47,5;73,5;52
47,5;74;64
47,5;74,5;72
47,5;75;72
47,5;75,5;92
47,5;76;80
47,5;76,5;44
47,5;77;32
47,5;77,5;36
47,5;78;64
47,5;78,5;88
47,5;79;76
47,5;79,5;52
48;-21,5;52
48;-21;44
48;-20,5;24
48;-20;12
48;-19,5;0
48;-19;4
48;-18,5;32
48;-18;96
48;-17,5;100
48;-17;92
48;-16,5;100
48;-16;100
48;-15,5;88
48;-15;76
48;-14,5;100
48;-14;68
48;-13,5;96
48;-13;100
48;-12,5;100
48;-12;100
48;-11,5;96
48;-11;100
48;-10,5;100
48;-10;100
48;-9,5;100
48;-9;100
48;-8,5;100
48;-8;100
48;-7,5;100
48;-7;100
48;-6,5;100
48;-6;100
48;-5,5;100
48;-5;100
48;-4,5;100
48;-4;100
48;-3,5;100
48;-3;100
48;-2,5;100
48;-2;100
48;-1,5;96
48;-1;100
48;-0,5;100
48;0;100
48;0,5;100
48;1;100
48;1,5;100
48;2;100
48;2,5;100
48;3;100
48;3,5;100
48;4;100
48;4,5;100
48;5;100
48;5,5;100
48;6;100
48;6,5;100
48;7;64
48;7,5;4
48;8;16
48;8,5;96
48;9;100
48;9,5;100
48;10;100
48;10,5;100
48;11;100
48;11,5;100
48;12;100
48;12,5;100
48;13;100
48;13,5;100
48;14;100
48;14,5;100
48;15;100
48;15,5;100
48;16;100
48;16,5;100
48;17;100
48;17,5;100
48;18;100
48;18,5;100
48;19;100
48;19,5;100
48;20;100
48;20,5;100
48;21;100
48;21,5;100
48;22;100
48;22,5;100
48;23;100
48;23,5;100
48;24;100
48;24,5;100
48;25;100
48;25,5;100
48;26;100
48;26,5;100
48;27;100
48;27,5;100
48;28;100
48;28,5;100
48;29;100
48;29,5;100
48;30;100
48;30,5;100
48;31;100
48;31,5;100
48;32;100
48;32,5;100
48;33;100
48;33,5;100
48;34;100
48;34,5;100
48;35;100
48;35,5;100
48;36;100
48;36,5;100
48;37;100
48;37,5;100
48;38;100
48;38,5;100
48;39;100
48;39,5;100
48;40;100
48;40,5;100
48;41;100
48;41,5;100
48;42;100
48;42,5;100
48;43;100
48;43,5;100
48;44;100
48;44,5;100
48;45;100
48;45,5;100
48;46;100
48;46,5;100
48;47;100
48;47,5;100
48;48;100
48;48,5;100
48;49;100
48;49,5;100
48;50;100
48;50,5;100
48;51;100
48;51,5;100
48;52;100
48;52,5;100
48;53;100
48;53,5;100
48;54;100
48;54,5;100
48;55;100
48;55,5;100
48;56;100
48;56,5;100
48;57;100
48;57,5;100
48;58;100
48;58,5;100
48;59;100
48;59,5;100
48;60;100
48;60,5;100
48;61;100
48;61,5;100
48;62;100
48;62,5;100
48;63;100
48;63,5;100
48;64;100
48;64,5;100
48;65;100
48;65,5;100
48;66;100
48;66,5;100
48;67;100
48;67,5;100
48;68;100
48;68,5;100
48;69;100
48;69,5;100
48;70;100
48;70,5;100
48;71;100
48;71,5;92
48;72;24
48;72,5;0
48;73;20
48;73,5;60
48;74;84
48;74,5;92
48;75;84
48;75,5;80
48;76;76
48;76,5;8
48;77;44
48;77,5;88
48;78;60
48;78,5;76
48;79;88
48;79,5;48
48,5;-21,5;76
48,5;-21;92
48,5;-20,5;48
48,5;-20;4
48,5;-19,5;36
48,5;-19;4
48,5;-18,5;24
48,5;-18;76
48,5;-17,5;84
48,5;-17;84
48,5;-16,5;52
48,5;-16;88
48,5;-15,5;76
48,5;-15;56
48,5;-14,5;80
48,5;-14;68
48,5;-13,5;88
48,5;-13;100
48,5;-12,5;100
48,5;-12;96
48,5;-11,5;100
48,5;-11;96
48,5;-10,5;100
48,5;-10;100
48,5;-9,5;100
48,5;-9;100
48,5;-8,5;100
48,5;-8;100
48,5;-7,5;100
48,5;-7;100
48,5;-6,5;100
48,5;-6;100
48,5;-5,5;100
48,5;-5;100
48,5;-4,5;100
48,5;-4;100
48,5;-3,5;100
48,5;-3;100
48,5;-2,5;100
48,5;-2;100
48,5;-1,5;100
48,5;-1;100
48,5;-0,5;100
48,5;0;100
48,5;0,5;100
48,5;1;100
48,5;1,5;100
48,5;2;100
48,5;2,5;100
48,5;3;100
48,5;3,5;100
48,5;4;100
48,5;4,5;100
48,5;5;100
48,5;5,5;100
48,5;6;100
48,5;6,5;100
48,5;7;92
48,5;7,5;60
48,5;8;4
48,5;8,5;88
48,5;9;100
48,5;9,5;100
48,5;10;100
48,5;10,5;100
48,5;11;100
48,5;11,5;100
48,5;12;100
48,5;12,5;100
48,5;13;100
48,5;13,5;100
48,5;14;100
48,5;14,5;100
48,5;15;100
48,5;15,5;100
48,5;16;100
48,5;16,5;100
48,5;17;100
48,5;17,5;100
48,5;18;100
48,5;18,5;100
48,5;19;100
48,5;19,5;100
48,5;20;100
48,5;20,5;100
48,5;21;100
48,5;21,5;100
48,5;22;100
48,5;22,5;100
48,5;23;100
48,5;23,5;100
48,5;24;100
48,5;24,5;100
48,5;25;100
48,5;25,5;100
48,5;26;100
48,5;26,5;100
48,5;27;100
48,5;27,5;100
48,5;28;100
48,5;28,5;100
48,5;29;100
48,5;29,5;100
48,5;30;100
48,5;30,5;100
48,5;31;100
48,5;31,5;100
48,5;32;100
48,5;32,5;100
48,5;33;100
48,5;33,5;100
48,5;34;100
48,5;34,5;100
48,5;35;100
48,5;35,5;100
48,5;36;100
48,5;36,5;100
48,5;37;100
48,5;37,5;100
48,5;38;100
48,5;38,5;100
48,5;39;100
48,5;39,5;100
48,5;40;100
48,5;40,5;100
48,5;41;100
48,5;41,5;100
48,5;42;100
48,5;42,5;100
48,5;43;100
48,5;43,5;100
48,5;44;100
48,5;44,5;100
48,5;45;100
48,5;45,5;100
48,5;46;100
48,5;46,5;100
48,5;47;100
48,5;47,5;100
48,5;48;100
48,5;48,5;100
48,5;49;100
48,5;49,5;100
48,5;50;100
48,5;50,5;100
48,5;51;100
48,5;51,5;100
48,5;52;100
48,5;52,5;100
48,5;53;100
48,5;53,5;100
48,5;54;100
48,5;54,5;100
48,5;55;100
48,5;55,5;100
48,5;56;100
48,5;56,5;100
48,5;57;100
48,5;57,5;100
48,5;58;100
48,5;58,5;100
48,5;59;100
48,5;59,5;100
48,5;60;100
48,5;60,5;100
48,5;61;100
48,5;61,5;100
48,5;62;100
48,5;62,5;100
48,5;63;100
48,5;63,5;100
48,5;64;100
48,5;64,5;100
48,5;65;100
48,5;65,5;100
48,5;66;100
48,5;66,5;100
48,5;67;100
48,5;67,5;100
48,5;68;100
48,5;68,5;100
48,5;69;100
48,5;69,5;100
48,5;70;100
48,5;70,5;100
48,5;71;100
48,5;71,5;72
48,5;72;16
48,5;72,5;0
48,5;73;8
48,5;73,5;32
48,5;74;12
48,5;74,5;96
48,5;75;100
48,5;75,5;100
48,5;76;92
48,5;76,5;16
48,5;77;44
48,5;77,5;60
48,5;78;44
48,5;78,5;72
48,5;79;76
48,5;79,5;68
49;-21,5;80
49;-21;96
49;-20,5;68
49;-20;40
49;-19,5;84
49;-19;24
49;-18,5;0
49;-18;8
49;-17,5;56
49;-17;80
49;-16,5;40
49;-16;32
49;-15,5;64
49;-15;16
49;-14,5;48
49;-14;52
49;-13,5;64
49;-13;92
49;-12,5;100
49;-12;92
49;-11,5;100
49;-11;100
49;-10,5;100
49;-10;100
49;-9,5;100
49;-9;100
49;-8,5;100
49;-8;100
49;-7,5;100
49;-7;100
49;-6,5;100
49;-6;100
49;-5,5;100
49;-5;100
49;-4,5;100
49;-4;100
49;-3,5;100
49;-3;100
49;-2,5;100
49;-2;100
49;-1,5;100
49;-1;100
49;-0,5;100
49;0;100
49;0,5;100
49;1;100
49;1,5;100
49;2;100
49;2,5;100
49;3;100
49;3,5;100
49;4;100
49;4,5;100
49;5;100
49;5,5;100
49;6;100
49;6,5;100
49;7;84
49;7,5;100
49;8;96
49;8,5;100
49;9;100
49;9,5;100
49;10;100
49;10,5;100
49;11;100
49;11,5;100
49;12;100
49;12,5;100
49;13;100
49;13,5;100
49;14;100
49;14,5;100
49;15;100
49;15,5;100
49;16;100
49;16,5;100
49;17;100
49;17,5;100
49;18;100
49;18,5;100
49;19;100
49;19,5;100
49;20;100
49;20,5;100
49;21;100
49;21,5;100
49;22;100
49;22,5;100
49;23;100
49;23,5;100
49;24;100
49;24,5;100
49;25;100
49;25,5;100
49;26;100
49;26,5;100
49;27;100
49;27,5;100
49;28;100
49;28,5;100
49;29;100
49;29,5;100
49;30;100
49;30,5;100
49;31;100
49;31,5;100
49;32;100
49;32,5;100
49;33;100
49;33,5;100
49;34;100
49;34,5;100
49;35;100
49;35,5;100
49;36;100
49;36,5;100
49;37;100
49;37,5;100
49;38;100
49;38,5;100
49;39;100
49;39,5;100
49;40;100
49;40,5;100
49;41;100
49;41,5;100
49;42;100
49;42,5;100
49;43;100
49;43,5;100
49;44;100
49;44,5;100
49;45;100
49;45,5;100
49;46;100
49;46,5;100
49;47;100
49;47,5;100
49;48;100
49;48,5;100
49;49;100
49;49,5;100
49;50;100
49;50,5;100
49;51;100
49;51,5;100
49;52;100
49;52,5;100
49;53;100
49;53,5;100
49;54;100
49;54,5;100
49;55;100
49;55,5;100
49;56;100
49;56,5;100
49;57;100
49;57,5;100
49;58;100
49;58,5;100
49;59;100
49;59,5;100
49;60;100
49;60,5;100
49;61;100
49;61,5;100
49;62;100
49;62,5;100
49;63;100
49;63,5;100
49;64;100
49;64,5;100
49;65;100
49;65,5;100
49;66;100
49;66,5;100
49;67;100
49;67,5;100
49;68;100
49;68,5;100
49;69;100
49;69,5;100
49;70;100
49;70,5;88
49;71;100
49;71,5;100
49;72;64
49;72,5;12
49;73;0
49;73,5;0
49;74;24
49;74,5;44
49;75;84
49;75,5;100
49;76;52
49;76,5;12
49;77;56
49;77,5;56
49;78;72
49;78,5;92
49;79;56
49;79,5;24
49,5;-21,5;72
49,5;-21;100
49,5;-20,5;80
49,5;-20;56
49,5;-19,5;68
49,5;-19;12
49,5;-18,5;0
49,5;-18;0
49,5;-17,5;16
49,5;-17;72
49,5;-16,5;48
49,5;-16;44
49,5;-15,5;16
49,5;-15;52
49,5;-14,5;72
49,5;-14;52
49,5;-13,5;24
49,5;-13;92
49,5;-12,5;100
49,5;-12;72
49,5;-11,5;80
49,5;-11;92
49,5;-10,5;100
49,5;-10;100
49,5;-9,5;100
49,5;-9;100
49,5;-8,5;100
49,5;-8;100
49,5;-7,5;100
49,5;-7;100
49,5;-6,5;100
49,5;-6;100
49,5;-5,5;100
49,5;-5;100
49,5;-4,5;100
49,5;-4;96
49,5;-3,5;100
49,5;-3;100
49,5;-2,5;100
49,5;-2;100
49,5;-1,5;100
49,5;-1;100
49,5;-0,5;100
49,5;0;100
49,5;0,5;100
49,5;1;100
49,5;1,5;100
49,5;2;100
49,5;2,5;100
49,5;3;100
49,5;3,5;100
49,5;4;100
49,5;4,5;100
49,5;5;100
49,5;5,5;100
49,5;6;100
49,5;6,5;100
49,5;7;100
49,5;7,5;100
49,5;8;100
49,5;8,5;100
49,5;9;100
49,5;9,5;100
49,5;10;100
49,5;10,5;100
49,5;11;100
49,5;11,5;100
49,5;12;100
49,5;12,5;100
49,5;13;100
49,5;13,5;100
49,5;14;100
49,5;14,5;100
49,5;15;100
49,5;15,5;100
49,5;16;100
49,5;16,5;100
49,5;17;100
49,5;17,5;100
49,5;18;100
49,5;18,5;100
49,5;19;100
49,5;19,5;100
49,5;20;100
49,5;20,5;100
49,5;21;100
49,5;21,5;100
49,5;22;100
49,5;22,5;100
49,5;23;100
49,5;23,5;100
49,5;24;100
49,5;24,5;100
49,5;25;100
49,5;25,5;100
49,5;26;100
49,5;26,5;100
49,5;27;100
49,5;27,5;100
49,5;28;100
49,5;28,5;100
49,5;29;100
49,5;29,5;100
49,5;30;100
49,5;30,5;100
49,5;31;100
49,5;31,5;100
49,5;32;100
49,5;32,5;100
49,5;33;100
49,5;33,5;100
49,5;34;96
49,5;34,5;100
49,5;35;100
49,5;35,5;100
49,5;36;100
49,5;36,5;100
49,5;37;100
49,5;37,5;100
49,5;38;100
49,5;38,5;100
49,5;39;100
49,5;39,5;100
49,5;40;100
49,5;40,5;100
49,5;41;100
49,5;41,5;100
49,5;42;100
49,5;42,5;100
49,5;43;100
49,5;43,5;100
49,5;44;100
49,5;44,5;100
49,5;45;96
49,5;45,5;100
49,5;46;92
49,5;46,5;100
49,5;47;100
49,5;47,5;100
49,5;48;100
49,5;48,5;100
49,5;49;100
49,5;49,5;100
49,5;50;100
49,5;50,5;100
49,5;51;100
49,5;51,5;100
49,5;52;100
49,5;52,5;100
49,5;53;100
49,5;53,5;100
49,5;54;100
49,5;54,5;100
49,5;55;100
49,5;55,5;100
49,5;56;100
49,5;56,5;100
49,5;57;100
49,5;57,5;100
49,5;58;100
49,5;58,5;100
49,5;59;100
49,5;59,5;100
49,5;60;100
49,5;60,5;100
49,5;61;100
49,5;61,5;100
49,5;62;100
49,5;62,5;100
49,5;63;100
49,5;63,5;100
49,5;64;100
49,5;64,5;100
49,5;65;100
49,5;65,5;100
49,5;66;100
49,5;66,5;100
49,5;67;100
49,5;67,5;100
49,5;68;96
49,5;68,5;100
49,5;69;100
49,5;69,5;100
49,5;70;96
49,5;70,5;92
49,5;71;100
49,5;71,5;100
49,5;72;96
49,5;72,5;32
49,5;73;8
49,5;73,5;16
49,5;74;8
49,5;74,5;4
49,5;75;44
49,5;75,5;64
49,5;76;36
49,5;76,5;28
49,5;77;44
49,5;77,5;52
49,5;78;76
49,5;78,5;88
49,5;79;52
49,5;79,5;32
50;-21,5;80
50;-21;100
50;-20,5;92
50;-20;68
50;-19,5;76
50;-19;8
50;-18,5;0
50;-18;0
50;-17,5;0
50;-17;28
50;-16,5;60
50;-16;4
50;-15,5;12
50;-15;68
50;-14,5;76
50;-14;52
50;-13,5;20
50;-13;100
50;-12,5;88
50;-12;92
50;-11,5;84
50;-11;84
50;-10,5;80
50;-10;100
50;-9,5;100
50;-9;100
50;-8,5;100
50;-8;100
50;-7,5;100
50;-7;100
50;-6,5;100
50;-6;100
50;-5,5;100
50;-5;100
50;-4,5;100
50;-4;92
50;-3,5;76
50;-3;96
50;-2,5;100
50;-2;100
50;-1,5;100
50;-1;100
50;-0,5;100
50;0;100
50;0,5;100
50;1;100
50;1,5;100
50;2;100
50;2,5;100
50;3;100
50;3,5;100
50;4;100
50;4,5;100
50;5;100
50;5,5;100
50;6;100
50;6,5;100
50;7;100
50;7,5;100
50;8;100
50;8,5;100
50;9;100
50;9,5;100
50;10;100
50;10,5;100
50;11;100
50;11,5;100
50;12;100
50;12,5;100
50;13;100
50;13,5;100
50;14;100
50;14,5;100
50;15;100
50;15,5;100
50;16;100
50;16,5;100
50;17;100
50;17,5;100
50;18;100
50;18,5;100
50;19;100
50;19,5;100
50;20;100
50;20,5;100
50;21;100
50;21,5;100
50;22;100
50;22,5;100
50;23;100
50;23,5;100
50;24;100
50;24,5;100
50;25;100
50;25,5;100
50;26;100
50;26,5;100
50;27;100
50;27,5;100
50;28;100
50;28,5;100
50;29;100
50;29,5;100
50;30;100
50;30,5;100
50;31;100
50;31,5;100
50;32;100
50;32,5;100
50;33;100
50;33,5;100
50;34;100
50;34,5;80
50;35;100
50;35,5;100
50;36;100
50;36,5;100
50;37;100
50;37,5;100
50;38;100
50;38,5;100
50;39;100
50;39,5;100
50;40;100
50;40,5;100
50;41;100
50;41,5;100
50;42;100
50;42,5;100
50;43;100
50;43,5;100
50;44;100
50;44,5;100
50;45;100
50;45,5;100
50;46;96
50;46,5;100
50;47;100
50;47,5;100
50;48;100
50;48,5;100
50;49;100
50;49,5;100
50;50;100
50;50,5;100
50;51;100
50;51,5;100
50;52;100
50;52,5;100
50;53;100
50;53,5;100
50;54;100
50;54,5;100
50;55;100
50;55,5;100
50;56;100
50;56,5;100
50;57;100
50;57,5;100
50;58;96
50;58,5;100
50;59;100
50;59,5;100
50;60;100
50;60,5;100
50;61;100
50;61,5;100
50;62;100
50;62,5;100
50;63;100
50;63,5;100
50;64;100
50;64,5;100
50;65;100
50;65,5;100
50;66;100
50;66,5;100
50;67;100
50;67,5;100
50;68;100
50;68,5;100
50;69;100
50;69,5;100
50;70;92
50;70,5;100
50;71;100
50;71,5;100
50;72;80
50;72,5;36
50;73;84
50;73,5;72
50;74;8
50;74,5;0
50;75;32
50;75,5;24
50;76;4
50;76,5;0
50;77;0
50;77,5;40
50;78;80
50;78,5;80
50;79;48
50;79,5;12
50,5;-21,5;64
50,5;-21;100
50,5;-20,5;96
50,5;-20;100
50,5;-19,5;92
50,5;-19;24
50,5;-18,5;0
50,5;-18;0
50,5;-17,5;0
50,5;-17;4
50,5;-16,5;28
50,5;-16;16
50,5;-15,5;0
50,5;-15;4
50,5;-14,5;48
50,5;-14;84
50,5;-13,5;92
50,5;-13;92
50,5;-12,5;76
50,5;-12;60
50,5;-11,5;84
50,5;-11;76
50,5;-10,5;96
50,5;-10;100
50,5;-9,5;100
50,5;-9;100
50,5;-8,5;100
50,5;-8;100
50,5;-7,5;100
50,5;-7;100
50,5;-6,5;100
50,5;-6;100
50,5;-5,5;100
50,5;-5;100
50,5;-4,5;100
50,5;-4;100
50,5;-3,5;100
50,5;-3;100
50,5;-2,5;100
50,5;-2;100
50,5;-1,5;100
50,5;-1;100
50,5;-0,5;100
50,5;0;100
50,5;0,5;100
50,5;1;100
50,5;1,5;100
50,5;2;100
50,5;2,5;100
50,5;3;100
50,5;3,5;100
50,5;4;100
50,5;4,5;100
50,5;5;100
50,5;5,5;100
50,5;6;100
50,5;6,5;100
50,5;7;100
50,5;7,5;100
50,5;8;100
50,5;8,5;100
50,5;9;100
50,5;9,5;100
50,5;10;100
50,5;10,5;100
50,5;11;100
50,5;11,5;100
50,5;12;100
50,5;12,5;100
50,5;13;100
50,5;13,5;100
50,5;14;100
50,5;14,5;100
50,5;15;100
50,5;15,5;100
50,5;16;100
50,5;16,5;100
50,5;17;100
50,5;17,5;100
50,5;18;100
50,5;18,5;100
50,5;19;100
50,5;19,5;100
50,5;20;100
50,5;20,5;100
50,5;21;100
50,5;21,5;100
50,5;22;100
50,5;22,5;100
50,5;23;100
50,5;23,5;100
50,5;24;100
50,5;24,5;100
50,5;25;100
50,5;25,5;100
50,5;26;100
50,5;26,5;100
50,5;27;100
50,5;27,5;100
50,5;28;100
50,5;28,5;100
50,5;29;100
50,5;29,5;100
50,5;30;100
50,5;30,5;100
50,5;31;100
50,5;31,5;100
50,5;32;100
50,5;32,5;100
50,5;33;100
50,5;33,5;100
50,5;34;72
50,5;34,5;24
50,5;35;84
50,5;35,5;88
50,5;36;100
50,5;36,5;100
50,5;37;100
50,5;37,5;100
50,5;38;100
50,5;38,5;100
50,5;39;100
50,5;39,5;92
50,5;40;100
50,5;40,5;100
50,5;41;100
50,5;41,5;100
50,5;42;100
50,5;42,5;100
50,5;43;100
50,5;43,5;100
50,5;44;100
50,5;44,5;100
50,5;45;100
50,5;45,5;100
50,5;46;100
50,5;46,5;100
50,5;47;100
50,5;47,5;100
50,5;48;100
50,5;48,5;100
50,5;49;100
50,5;49,5;100
50,5;50;100
50,5;50,5;100
50,5;51;100
50,5;51,5;100
50,5;52;100
50,5;52,5;100
50,5;53;100
50,5;53,5;100
50,5;54;100
50,5;54,5;100
50,5;55;100
50,5;55,5;100
50,5;56;100
50,5;56,5;100
50,5;57;100
50,5;57,5;100
50,5;58;100
50,5;58,5;100
50,5;59;100
50,5;59,5;100
50,5;60;100
50,5;60,5;100
50,5;61;100
50,5;61,5;100
50,5;62;100
50,5;62,5;100
50,5;63;100
50,5;63,5;100
50,5;64;100
50,5;64,5;100
50,5;65;100
50,5;65,5;100
50,5;66;100
50,5;66,5;100
50,5;67;100
50,5;67,5;100
50,5;68;100
50,5;68,5;100
50,5;69;100
50,5;69,5;100
50,5;70;100
50,5;70,5;100
50,5;71;100
50,5;71,5;100
50,5;72;80
50,5;72,5;92
50,5;73;100
50,5;73,5;60
50,5;74;0
50,5;74,5;8
50,5;75;4
50,5;75,5;32
50,5;76;20
50,5;76,5;4
50,5;77;12
50,5;77,5;24
50,5;78;32
50,5;78,5;40
50,5;79;20
50,5;79,5;4
51;-21,5;60
51;-21;100
51;-20,5;100
51;-20;96
51;-19,5;96
51;-19;28
51;-18,5;4
51;-18;16
51;-17,5;40
51;-17;12
51;-16,5;4
51;-16;4
51;-15,5;0
51;-15;24
51;-14,5;36
51;-14;72
51;-13,5;100
51;-13;64
51;-12,5;76
51;-12;72
51;-11,5;60
51;-11;60
51;-10,5;100
51;-10;96
51;-9,5;100
51;-9;100
51;-8,5;100
51;-8;100
51;-7,5;100
51;-7;100
51;-6,5;100
51;-6;100
51;-5,5;100
51;-5;100
51;-4,5;100
51;-4;100
51;-3,5;100
51;-3;100
51;-2,5;100
51;-2;100
51;-1,5;100
51;-1;100
51;-0,5;100
51;0;100
51;0,5;100
51;1;100
51;1,5;100
51;2;100
51;2,5;100
51;3;100
51;3,5;100
51;4;100
51;4,5;100
51;5;100
51;5,5;100
51;6;100
51;6,5;100
51;7;100
51;7,5;100
51;8;100
51;8,5;100
51;9;100
51;9,5;100
51;10;100
51;10,5;100
51;11;100
51;11,5;100
51;12;100
51;12,5;100
51;13;100
51;13,5;100
51;14;100
51;14,5;100
51;15;100
51;15,5;100
51;16;100
51;16,5;100
51;17;100
51;17,5;100
51;18;100
51;18,5;100
51;19;100
51;19,5;100
51;20;100
51;20,5;100
51;21;100
51;21,5;100
51;22;100
51;22,5;100
51;23;100
51;23,5;100
51;24;100
51;24,5;100
51;25;100
51;25,5;100
51;26;100
51;26,5;100
51;27;100
51;27,5;100
51;28;100
51;28,5;100
51;29;100
51;29,5;100
51;30;100
51;30,5;100
51;31;100
51;31,5;100
51;32;100
51;32,5;100
51;33;100
51;33,5;96
51;34;100
51;34,5;88
51;35;56
51;35,5;72
51;36;100
51;36,5;92
51;37;100
51;37,5;68
51;38;96
51;38,5;100
51;39;100
51;39,5;100
51;40;100
51;40,5;100
51;41;100
51;41,5;100
51;42;100
51;42,5;100
51;43;100
51;43,5;100
51;44;100
51;44,5;100
51;45;100
51;45,5;96
51;46;100
51;46,5;100
51;47;100
51;47,5;100
51;48;100
51;48,5;100
51;49;100
51;49,5;100
51;50;100
51;50,5;100
51;51;100
51;51,5;100
51;52;100
51;52,5;96
51;53;100
51;53,5;100
51;54;100
51;54,5;100
51;55;100
51;55,5;100
51;56;100
51;56,5;100
51;57;100
51;57,5;100
51;58;100
51;58,5;96
51;59;96
51;59,5;100
51;60;100
51;60,5;100
51;61;100
51;61,5;100
51;62;100
51;62,5;100
51;63;100
51;63,5;100
51;64;100
51;64,5;100
51;65;100
51;65,5;100
51;66;100
51;66,5;100
51;67;100
51;67,5;100
51;68;100
51;68,5;100
51;69;100
51;69,5;100
51;70;100
51;70,5;96
51;71;100
51;71,5;100
51;72;100
51;72,5;96
51;73;68
51;73,5;36
51;74;0
51;74,5;0
51;75;4
51;75,5;8
51;76;4
51;76,5;0
51;77;0
51;77,5;0
51;78;0
51;78,5;0
51;79;0
51;79,5;8
51,5;-21,5;56
51,5;-21;100
51,5;-20,5;100
51,5;-20;64
51,5;-19,5;56
51,5;-19;80
51,5;-18,5;48
51,5;-18;92
51,5;-17,5;76
51,5;-17;72
51,5;-16,5;80
51,5;-16;56
51,5;-15,5;24
51,5;-15;48
51,5;-14,5;64
51,5;-14;88
51,5;-13,5;88
51,5;-13;80
51,5;-12,5;100
51,5;-12;84
51,5;-11,5;92
51,5;-11;92
51,5;-10,5;100
51,5;-10;100
51,5;-9,5;100
51,5;-9;100
51,5;-8,5;100
51,5;-8;100
51,5;-7,5;100
51,5;-7;100
51,5;-6,5;100
51,5;-6;100
51,5;-5,5;100
51,5;-5;100
51,5;-4,5;100
51,5;-4;100
51,5;-3,5;100
51,5;-3;100
51,5;-2,5;100
51,5;-2;100
51,5;-1,5;100
51,5;-1;100
51,5;-0,5;100
51,5;0;100
51,5;0,5;100
51,5;1;100
51,5;1,5;100
51,5;2;100
51,5;2,5;100
51,5;3;100
51,5;3,5;100
51,5;4;100
51,5;4,5;100
51,5;5;100
51,5;5,5;100
51,5;6;100
51,5;6,5;100
51,5;7;100
51,5;7,5;100
51,5;8;100
51,5;8,5;100
51,5;9;100
51,5;9,5;100
51,5;10;100
51,5;10,5;100
51,5;11;100
51,5;11,5;100
51,5;12;100
51,5;12,5;100
51,5;13;100
51,5;13,5;100
51,5;14;100
51,5;14,5;100
51,5;15;100
51,5;15,5;100
51,5;16;100
51,5;16,5;100
51,5;17;100
51,5;17,5;100
51,5;18;100
51,5;18,5;100
51,5;19;100
51,5;19,5;100
51,5;20;100
51,5;20,5;100
51,5;21;100
51,5;21,5;100
51,5;22;100
51,5;22,5;100
51,5;23;100
51,5;23,5;100
51,5;24;100
51,5;24,5;100
51,5;25;100
51,5;25,5;100
51,5;26;100
51,5;26,5;100
51,5;27;100
51,5;27,5;100
51,5;28;100
51,5;28,5;100
51,5;29;100
51,5;29,5;100
51,5;30;100
51,5;30,5;100
51,5;31;100
51,5;31,5;100
51,5;32;100
51,5;32,5;100
51,5;33;100
51,5;33,5;100
51,5;34;100
51,5;34,5;100
51,5;35;100
51,5;35,5;100
51,5;36;100
51,5;36,5;100
51,5;37;80
51,5;37,5;92
51,5;38;100
51,5;38,5;100
51,5;39;100
51,5;39,5;100
51,5;40;100
51,5;40,5;100
51,5;41;100
51,5;41,5;100
51,5;42;100
51,5;42,5;100
51,5;43;100
51,5;43,5;100
51,5;44;100
51,5;44,5;96
51,5;45;100
51,5;45,5;100
51,5;46;100
51,5;46,5;100
51,5;47;100
51,5;47,5;100
51,5;48;100
51,5;48,5;100
51,5;49;100
51,5;49,5;100
51,5;50;100
51,5;50,5;100
51,5;51;100
51,5;51,5;100
51,5;52;100
51,5;52,5;100
51,5;53;96
51,5;53,5;88
51,5;54;100
51,5;54,5;100
51,5;55;100
51,5;55,5;100
51,5;56;100
51,5;56,5;100
51,5;57;100
51,5;57,5;96
51,5;58;100
51,5;58,5;96
51,5;59;100
51,5;59,5;100
51,5;60;100
51,5;60,5;100
51,5;61;100
51,5;61,5;100
51,5;62;100
51,5;62,5;100
51,5;63;100
51,5;63,5;100
51,5;64;100
51,5;64,5;100
51,5;65;100
51,5;65,5;100
51,5;66;100
51,5;66,5;100
51,5;67;100
51,5;67,5;96
51,5;68;100
51,5;68,5;100
51,5;69;100
51,5;69,5;100
51,5;70;100
51,5;70,5;100
51,5;71;100
51,5;71,5;100
51,5;72;100
51,5;72,5;96
51,5;73;80
51,5;73,5;20
51,5;74;0
51,5;74,5;0
51,5;75,5;4
51,5;76;8
51,5;76,5;0
51,5;77;0
51,5;77,5;0
51,5;78;0
51,5;78,5;0
51,5;79,5;0
52;-21,5;52
52;-21;100
52;-20,5;100
52;-20;100
52;-19,5;64
52;-19;92
52;-18,5;100
52;-18;96
52;-17,5;92
52;-17;96
52;-16,5;72
52;-16;100
52;-15,5;92
52;-15;88
52;-14,5;60
52;-14;88
52;-13,5;56
52;-13;72
52;-12,5;88
52;-12;72
52;-11,5;72
52;-11;96
52;-10,5;88
52;-10;72
52;-9,5;92
52;-9;92
52;-8,5;92
52;-8;100
52;-7,5;100
52;-7;100
52;-6,5;100
52;-6;100
52;-5,5;100
52;-5;100
52;-4,5;100
52;-4;100
52;-3,5;100
52;-3;100
52;-2,5;100
52;-2;100
52;-1,5;100
52;-1;100
52;-0,5;100
52;0;100
52;0,5;100
52;1;100
52;1,5;100
52;2;100
52;2,5;100
52;3;100
52;3,5;100
52;4;100
52;4,5;96
52;5;96
52;5,5;100
52;6;100
52;6,5;100
52;7;100
52;7,5;100
52;8;100
52;8,5;100
52;9;100
52;9,5;100
52;10;100
52;10,5;100
52;11;100
52;11,5;100
52;12;100
52;12,5;100
52;13;100
52;13,5;100
52;14;100
52;14,5;100
52;15;100
52;15,5;100
52;16;100
52;16,5;100
52;17;100
52;17,5;100
52;18;100
52;18,5;100
52;19;100
52;19,5;100
52;20;100
52;20,5;100
52;21;100
52;21,5;100
52;22;100
52;22,5;100
52;23;100
52;23,5;100
52;24;100
52;24,5;100
52;25;100
52;25,5;100
52;26;100
52;26,5;100
52;27;100
52;27,5;100
52;28;100
52;28,5;100
52;29;100
52;29,5;100
52;30;100
52;30,5;100
52;31;100
52;31,5;100
52;32;100
52;32,5;100
52;33;100
52;33,5;100
52;34;100
52;34,5;100
52;35;100
52;35,5;100
52;36;100
52;36,5;100
52;37;100
52;37,5;100
52;38;100
52;38,5;100
52;39;100
52;39,5;100
52;40;100
52;40,5;100
52;41;100
52;41,5;100
52;42;100
52;42,5;100
52;43;100
52;43,5;100
52;44;100
52;44,5;100
52;45;100
52;45,5;96
52;46;100
52;46,5;100
52;47;100
52;47,5;100
52;48;100
52;48,5;100
52;49;96
52;49,5;100
52;50;96
52;50,5;100
52;51;100
52;51,5;100
52;52;100
52;52,5;100
52;53;100
52;53,5;100
52;54;100
52;54,5;100
52;55;100
52;55,5;100
52;56;100
52;56,5;100
52;57;100
52;57,5;100
52;58;100
52;58,5;100
52;59;100
52;59,5;100
52;60;100
52;60,5;100
52;61;100
52;61,5;100
52;62;100
52;62,5;100
52;63;100
52;63,5;100
52;64;100
52;64,5;100
52;65;100
52;65,5;100
52;66;100
52;66,5;100
52;67;100
52;67,5;100
52;68;100
52;68,5;100
52;69;100
52;69,5;100
52;70;100
52;70,5;100
52;71;100
52;71,5;100
52;72;100
52;72,5;100
52;73;24
52;73,5;0
52;74;0
52;74,5;0
52;75,5;0
52;76;0
52;76,5;0
52;77;0
52;77,5;0
52;78;0
52;78,5;0
52,5;-21,5;28
52,5;-21;100
52,5;-20,5;96
52,5;-20;100
52,5;-19,5;80
52,5;-19;84
52,5;-18,5;96
52,5;-18;84
52,5;-17,5;100
52,5;-17;100
52,5;-16,5;92
52,5;-16;88
52,5;-15,5;96
52,5;-15;100
52,5;-14,5;100
52,5;-14;88
52,5;-13,5;60
52,5;-13;56
52,5;-12,5;24
52,5;-12;52
52,5;-11,5;32
52,5;-11;80
52,5;-10,5;100
52,5;-10;92
52,5;-9,5;56
52,5;-9;68
52,5;-8,5;84
52,5;-8;100
52,5;-7,5;100
52,5;-7;100
52,5;-6,5;100
52,5;-6;100
52,5;-5,5;100
52,5;-5;100
52,5;-4,5;100
52,5;-4;100
52,5;-3,5;100
52,5;-3;100
52,5;-2,5;100
52,5;-2;100
52,5;-1,5;100
52,5;-1;100
52,5;-0,5;100
52,5;0;100
52,5;0,5;100
52,5;1;100
52,5;1,5;100
52,5;2;100
52,5;2,5;100
52,5;3;100
52,5;3,5;100
52,5;4;100
52,5;4,5;100
52,5;5;100
52,5;5,5;100
52,5;6;100
52,5;6,5;100
52,5;7;100
52,5;7,5;100
52,5;8;100
52,5;8,5;100
52,5;9;100
52,5;9,5;100
52,5;10;100
52,5;10,5;100
52,5;11;100
52,5;11,5;100
52,5;12;100
52,5;12,5;100
52,5;13;100
52,5;13,5;100
52,5;14;100
52,5;14,5;100
52,5;15;100
52,5;15,5;100
52,5;16;100
52,5;16,5;100
52,5;17;100
52,5;17,5;100
52,5;18;100
52,5;18,5;100
52,5;19;100
52,5;19,5;100
52,5;20;100
52,5;20,5;100
52,5;21;100
52,5;21,5;100
52,5;22;100
52,5;22,5;100
52,5;23;100
52,5;23,5;100
52,5;24;100
52,5;24,5;100
52,5;25;100
52,5;25,5;100
52,5;26;100
52,5;26,5;100
52,5;27;100
52,5;27,5;100
52,5;28;100
52,5;28,5;100
52,5;29;100
52,5;29,5;100
52,5;30;100
52,5;30,5;100
52,5;31;100
52,5;31,5;100
52,5;32;100
52,5;32,5;100
52,5;33;100
52,5;33,5;100
52,5;34;100
52,5;34,5;100
52,5;35;100
52,5;35,5;100
52,5;36;100
52,5;36,5;100
52,5;37;100
52,5;37,5;100
52,5;38;100
52,5;38,5;100
52,5;39;100
52,5;39,5;100
52,5;40;100
52,5;40,5;100
52,5;41;100
52,5;41,5;100
52,5;42;100
52,5;42,5;100
52,5;43;100
52,5;43,5;100
52,5;44;100
52,5;44,5;100
52,5;45;100
52,5;45,5;100
52,5;46;100
52,5;46,5;100
52,5;47;100
52,5;47,5;100
52,5;48;100
52,5;48,5;100
52,5;49;100
52,5;49,5;100
52,5;50;100
52,5;50,5;100
52,5;51;100
52,5;51,5;100
52,5;52;100
52,5;52,5;100
52,5;53;100
52,5;53,5;100
52,5;54;100
52,5;54,5;100
52,5;55;100
52,5;55,5;100
52,5;56;100
52,5;56,5;100
52,5;57;100
52,5;57,5;100
52,5;58;100
52,5;58,5;100
52,5;59;100
52,5;59,5;100
52,5;60;100
52,5;60,5;100
52,5;61;100
52,5;61,5;100
52,5;62;100
52,5;62,5;100
52,5;63;100
52,5;63,5;100
52,5;64;100
52,5;64,5;100
52,5;65;100
52,5;65,5;100
52,5;66;100
52,5;66,5;100
52,5;67;100
52,5;67,5;100
52,5;68;100
52,5;68,5;100
52,5;69;100
52,5;69,5;100
52,5;70;92
52,5;70,5;100
52,5;71;100
52,5;71,5;96
52,5;72;96
52,5;72,5;100
52,5;73;88
52,5;73,5;16
52,5;74;16
52,5;74,5;0
52,5;75;0
52,5;75,5;0
52,5;76;0
52,5;76,5;0
52,5;77;0
52,5;77,5;0
52,5;79;0
52,5;79,5;0
53;-21,5;32
53;-21;92
53;-20,5;92
53;-20;92
53;-19,5;92
53;-19;96
53;-18,5;100
53;-18;100
53;-17,5;100
53;-17;96
53;-16,5;92
53;-16;76
53;-15,5;96
53;-15;100
53;-14,5;100
53;-14;100
53;-13,5;92
53;-13;56
53;-12,5;76
53;-12;72
53;-11,5;72
53;-11;60
53;-10,5;84
53;-10;100
53;-9,5;84
53;-9;36
53;-8,5;100
53;-8;96
53;-7,5;100
53;-7;100
53;-6,5;100
53;-6;100
53;-5,5;100
53;-5;100
53;-4,5;88
53;-4;84
53;-3,5;100
53;-3;100
53;-2,5;100
53;-2;100
53;-1,5;100
53;-1;100
53;-0,5;100
53;0;96
53;0,5;100
53;1;100
53;1,5;100
53;2;100
53;2,5;100
53;3;100
53;3,5;100
53;4;100
53;4,5;100
53;5;100
53;5,5;100
53;6;100
53;6,5;100
53;7;100
53;7,5;100
53;8;100
53;8,5;100
53;9;100
53;9,5;100
53;10;100
53;10,5;100
53;11;100
53;11,5;100
53;12;100
53;12,5;100
53;13;100
53;13,5;100
53;14;100
53;14,5;100
53;15;100
53;15,5;100
53;16;100
53;16,5;100
53;17;100
53;17,5;100
53;18;100
53;18,5;100
53;19;100
53;19,5;100
53;20;100
53;20,5;100
53;21;100
53;21,5;100
53;22;100
53;22,5;100
53;23;100
53;23,5;100
53;24;100
53;24,5;100
53;25;100
53;25,5;100
53;26;100
53;26,5;100
53;27;100
53;27,5;100
53;28;100
53;28,5;100
53;29;100
53;29,5;100
53;30;100
53;30,5;100
53;31;100
53;31,5;100
53;32;100
53;32,5;100
53;33;100
53;33,5;100
53;34;100
53;34,5;100
53;35;100
53;35,5;100
53;36;100
53;36,5;100
53;37;100
53;37,5;100
53;38;100
53;38,5;100
53;39;100
53;39,5;100
53;40;100
53;40,5;100
53;41;100
53;41,5;100
53;42;100
53;42,5;100
53;43;100
53;43,5;100
53;44;100
53;44,5;100
53;45;100
53;45,5;100
53;46;100
53;46,5;100
53;47;100
53;47,5;100
53;48;100
53;48,5;100
53;49;100
53;49,5;100
53;50;100
53;50,5;100
53;51;96
53;51,5;100
53;52;100
53;52,5;100
53;53;100
53;53,5;100
53;54;100
53;54,5;100
53;55;100
53;55,5;100
53;56;100
53;56,5;100
53;57;100
53;57,5;100
53;58;100
53;58,5;100
53;59;100
53;59,5;100
53;60;100
53;60,5;100
53;61;100
53;61,5;100
53;62;100
53;62,5;100
53;63;100
53;63,5;100
53;64;100
53;64,5;100
53;65;100
53;65,5;100
53;66;100
53;66,5;100
53;67;100
53;67,5;100
53;68;100
53;68,5;100
53;69;100
53;69,5;100
53;70;88
53;70,5;100
53;71;100
53;71,5;96
53;72;100
53;72,5;100
53;73;56
53;73,5;12
53;74;28
53;74,5;4
53;75;0
53;75,5;0
53;76;0
53;76,5;0
53;77;0
53;77,5;0
53;78,5;4
53;79;0
53;79,5;0
53,5;-21,5;20
53,5;-21;100
53,5;-20,5;96
53,5;-20;88
53,5;-19,5;80
53,5;-19;96
53,5;-18,5;100
53,5;-18;88
53,5;-17,5;84
53,5;-17;100
53,5;-16,5;100
53,5;-16;92
53,5;-15,5;100
53,5;-15;100
53,5;-14,5;100
53,5;-14;100
53,5;-13,5;100
53,5;-13;100
53,5;-12,5;96
53,5;-12;96
53,5;-11,5;80
53,5;-11;88
53,5;-10,5;76
53,5;-10;96
53,5;-9,5;100
53,5;-9;96
53,5;-8,5;100
53,5;-8;100
53,5;-7,5;100
53,5;-7;92
53,5;-6,5;96
53,5;-6;100
53,5;-5,5;100
53,5;-5;100
53,5;-4,5;84
53,5;-4;48
53,5;-3,5;100
53,5;-3;100
53,5;-2,5;100
53,5;-2;100
53,5;-1,5;96
53,5;-1;100
53,5;-0,5;100
53,5;0;96
53,5;0,5;96
53,5;1;100
53,5;1,5;100
53,5;2;100
53,5;2,5;100
53,5;3;100
53,5;3,5;100
53,5;4;100
53,5;4,5;100
53,5;5;100
53,5;5,5;100
53,5;6;100
53,5;6,5;100
53,5;7;100
53,5;7,5;100
53,5;8;100
53,5;8,5;100
53,5;9;100
53,5;9,5;100
53,5;10;100
53,5;10,5;100
53,5;11;100
53,5;11,5;100
53,5;12;100
53,5;12,5;100
53,5;13;100
53,5;13,5;100
53,5;14;100
53,5;14,5;100
53,5;15;100
53,5;15,5;100
53,5;16;100
53,5;16,5;100
53,5;17;100
53,5;17,5;100
53,5;18;100
53,5;18,5;100
53,5;19;100
53,5;19,5;100
53,5;20;100
53,5;20,5;100
53,5;21;100
53,5;21,5;100
53,5;22;100
53,5;22,5;100
53,5;23;100
53,5;23,5;100
53,5;24;100
53,5;24,5;100
53,5;25;100
53,5;25,5;100
53,5;26;100
53,5;26,5;100
53,5;27;100
53,5;27,5;100
53,5;28;100
53,5;28,5;100
53,5;29;100
53,5;29,5;100
53,5;30;100
53,5;30,5;100
53,5;31;100
53,5;31,5;100
53,5;32;100
53,5;32,5;100
53,5;33;100
53,5;33,5;100
53,5;34;100
53,5;34,5;100
53,5;35;100
53,5;35,5;100
53,5;36;100
53,5;36,5;100
53,5;37;100
53,5;37,5;100
53,5;38;100
53,5;38,5;100
53,5;39;100
53,5;39,5;100
53,5;40;100
53,5;40,5;100
53,5;41;100
53,5;41,5;100
53,5;42;100
53,5;42,5;100
53,5;43;100
53,5;43,5;100
53,5;44;100
53,5;44,5;100
53,5;45;100
53,5;45,5;100
53,5;46;100
53,5;46,5;100
53,5;47;100
53,5;47,5;100
53,5;48;100
53,5;48,5;100
53,5;49;100
53,5;49,5;100
53,5;50;100
53,5;50,5;100
53,5;51;100
53,5;51,5;100
53,5;52;100
53,5;52,5;100
53,5;53;100
53,5;53,5;100
53,5;54;100
53,5;54,5;100
53,5;55;100
53,5;55,5;100
53,5;56;100
53,5;56,5;100
53,5;57;100
53,5;57,5;100
53,5;58;100
53,5;58,5;100
53,5;59;100
53,5;59,5;100
53,5;60;100
53,5;60,5;100
53,5;61;100
53,5;61,5;100
53,5;62;100
53,5;62,5;100
53,5;63;100
53,5;63,5;96
53,5;64;100
53,5;64,5;92
53,5;65;92
53,5;65,5;100
53,5;66;100
53,5;66,5;100
53,5;67;96
53,5;67,5;100
53,5;68;100
53,5;68,5;100
53,5;69;100
53,5;69,5;100
53,5;70;96
53,5;70,5;100
53,5;71;100
53,5;71,5;100
53,5;72;100
53,5;72,5;100
53,5;73;60
53,5;74,5;0
53,5;75;0
53,5;75,5;4
53,5;76;12
53,5;76,5;0
53,5;77;0
53,5;77,5;0
53,5;78;8
53,5;78,5;72
53,5;79;36
54;-21,5;8
54;-21;88
54;-20,5;100
54;-20;96
54;-19,5;88
54;-19;76
54;-18,5;96
54;-18;88
54;-17,5;92
54;-17;100
54;-16,5;80
54;-16;88
54;-15,5;100
54;-15;100
54;-14,5;100
54;-14;100
54;-13,5;100
54;-13;100
54;-12,5;100
54;-12;100
54;-11,5;96
54;-11;88
54;-10,5;24
54;-10;92
54;-9,5;100
54;-9;100
54;-8,5;100
54;-8;100
54;-7,5;100
54;-7;100
54;-6,5;96
54;-6;96
54;-5,5;88
54;-5;100
54;-4,5;100
54;-4;20
54;-3,5;88
54;-3;96
54;-2,5;100
54;-2;96
54;-1,5;72
54;-1;80
54;-0,5;96
54;0;100
54;0,5;100
54;1;100
54;1,5;100
54;2;100
54;2,5;100
54;3;100
54;3,5;100
54;4;100
54;4,5;100
54;5;100
54;5,5;100
54;6;100
54;6,5;100
54;7;100
54;7,5;100
54;8;100
54;8,5;100
54;9;100
54;9,5;100
54;10;100
54;10,5;100
54;11;100
54;11,5;100
54;12;100
54;12,5;100
54;13;100
54;13,5;100
54;14;100
54;14,5;100
54;15;100
54;15,5;100
54;16;100
54;16,5;100
54;17;100
54;17,5;100
54;18;100
54;18,5;100
54;19;100
54;19,5;100
54;20;100
54;20,5;100
54;21;100
54;21,5;100
54;22;100
54;22,5;100
54;23;100
54;23,5;100
54;24;100
54;24,5;100
54;25;100
54;25,5;100
54;26;100
54;26,5;100
54;27;100
54;27,5;100
54;28;100
54;28,5;100
54;29;100
54;29,5;100
54;30;100
54;30,5;100
54;31;100
54;31,5;100
54;32;100
54;32,5;100
54;33;100
54;33,5;100
54;34;100
54;34,5;100
54;35;100
54;35,5;100
54;36;100
54;36,5;100
54;37;100
54;37,5;100
54;38;100
54;38,5;100
54;39;100
54;39,5;100
54;40;100
54;40,5;100
54;41;100
54;41,5;100
54;42;100
54;42,5;100
54;43;100
54;43,5;92
54;44;100
54;44,5;100
54;45;100
54;45,5;100
54;46;100
54;46,5;100
54;47;100
54;47,5;100
54;48;100
54;48,5;100
54;49;100
54;49,5;100
54;50;100
54;50,5;100
54;51;100
54;51,5;100
54;52;100
54;52,5;100
54;53;100
54;53,5;100
54;54;100
54;54,5;100
54;55;100
54;55,5;100
54;56;100
54;56,5;100
54;57;100
54;57,5;100
54;58;100
54;58,5;100
54;59;100
54;59,5;100
54;60;100
54;60,5;100
54;61;100
54;61,5;100
54;62;100
54;62,5;100
54;63;100
54;63,5;100
54;64;92
54;64,5;88
54;65;60
54;65,5;60
54;66;100
54;66,5;100
54;67;100
54;67,5;100
54;68;100
54;68,5;100
54;69;100
54;69,5;100
54;70;96
54;70,5;100
54;71;96
54;71,5;100
54;72;92
54;72,5;100
54;73;84
54;73,5;12
54;74,5;4
54;75;4
54;75,5;16
54;76;16
54;76,5;0
54;77;52
54;77,5;24
54;78;44
54;78,5;96
54;79;36
54,5;-21;84
54,5;-20,5;92
54,5;-20;96
54,5;-19,5;100
54,5;-19;80
54,5;-18,5;100
54,5;-18;96
54,5;-17,5;100
54,5;-17;100
54,5;-16,5;100
54,5;-16;96
54,5;-15,5;100
54,5;-15;96
54,5;-14,5;100
54,5;-14;100
54,5;-13,5;100
54,5;-13;100
54,5;-12,5;100
54,5;-12;100
54,5;-11,5;100
54,5;-11;96
54,5;-10,5;96
54,5;-10;92
54,5;-9,5;100
54,5;-9;100
54,5;-8,5;100
54,5;-8;100
54,5;-7,5;100
54,5;-7;100
54,5;-6,5;88
54,5;-6;88
54,5;-5,5;80
54,5;-5;96
54,5;-4,5;84
54,5;-4;16
54,5;-3,5;12
54,5;-3;24
54,5;-2,5;40
54,5;-2;92
54,5;-1,5;60
54,5;-1;80
54,5;-0,5;88
54,5;0;100
54,5;0,5;100
54,5;1;100
54,5;1,5;100
54,5;2;100
54,5;2,5;100
54,5;3;100
54,5;3,5;100
54,5;4;100
54,5;4,5;100
54,5;5;100
54,5;5,5;100
54,5;6;100
54,5;6,5;100
54,5;7;100
54,5;7,5;100
54,5;8;100
54,5;8,5;100
54,5;9;100
54,5;9,5;100
54,5;10;100
54,5;10,5;100
54,5;11;100
54,5;11,5;100
54,5;12;100
54,5;12,5;100
54,5;13;100
54,5;13,5;100
54,5;14;100
54,5;14,5;100
54,5;15;100
54,5;15,5;100
54,5;16;100
54,5;16,5;100
54,5;17;100
54,5;17,5;100
54,5;18;100
54,5;18,5;100
54,5;19;100
54,5;19,5;100
54,5;20;100
54,5;20,5;100
54,5;21;100
54,5;21,5;96
54,5;22;96
54,5;22,5;100
54,5;23;100
54,5;23,5;100
54,5;24;100
54,5;24,5;100
54,5;25;100
54,5;25,5;100
54,5;26;100
54,5;26,5;100
54,5;27;100
54,5;27,5;100
54,5;28;100
54,5;28,5;100
54,5;29;100
54,5;29,5;100
54,5;30;100
54,5;30,5;100
54,5;31;100
54,5;31,5;100
54,5;32;100
54,5;32,5;100
54,5;33;100
54,5;33,5;100
54,5;34;100
54,5;34,5;100
54,5;35;100
54,5;35,5;100
54,5;36;100
54,5;36,5;100
54,5;37;100
54,5;37,5;100
54,5;38;100
54,5;38,5;100
54,5;39;100
54,5;39,5;100
54,5;40;100
54,5;40,5;100
54,5;41;100
54,5;41,5;100
54,5;42;100
54,5;42,5;100
54,5;43;100
54,5;43,5;100
54,5;44;100
54,5;44,5;100
54,5;45;100
54,5;45,5;100
54,5;46;100
54,5;46,5;100
54,5;47;100
54,5;47,5;100
54,5;48;100
54,5;48,5;100
54,5;49;100
54,5;49,5;100
54,5;50;100
54,5;50,5;100
54,5;51;100
54,5;51,5;100
54,5;52;100
54,5;52,5;100
54,5;53;100
54,5;53,5;100
54,5;54;100
54,5;54,5;100
54,5;55;100
54,5;55,5;100
54,5;56;100
54,5;56,5;100
54,5;57;100
54,5;57,5;100
54,5;58;100
54,5;58,5;100
54,5;59;100
54,5;59,5;100
54,5;60;100
54,5;60,5;100
54,5;61;100
54,5;61,5;100
54,5;62;100
54,5;62,5;100
54,5;63;100
54,5;63,5;92
54,5;64;80
54,5;64,5;76
54,5;65;56
54,5;65,5;72
54,5;66;96
54,5;66,5;96
54,5;67;100
54,5;67,5;100
54,5;68;100
54,5;68,5;100
54,5;69;100
54,5;69,5;100
54,5;70;100
54,5;70,5;100
54,5;71;100
54,5;71,5;100
54,5;72;92
54,5;72,5;88
54,5;73;92
54,5;73,5;52
54,5;74;40
54,5;74,5;40
54,5;75;4
54,5;75,5;0
54,5;76;0
54,5;76,5;0
54,5;77;76
54,5;77,5;64
54,5;78;72
54,5;78,5;76
54,5;79;0
55;-21;64
55;-20,5;80
55;-20;92
55;-19,5;92
55;-19;96
55;-18,5;92
55;-18;100
55;-17,5;100
55;-17;100
55;-16,5;100
55;-16;100
55;-15,5;96
55;-15;100
55;-14,5;96
55;-14;100
55;-13,5;100
55;-13;100
55;-12,5;100
55;-12;100
55;-11,5;100
55;-11;96
55;-10,5;100
55;-10;100
55;-9,5;100
55;-9;100
55;-8,5;100
55;-8;100
55;-7,5;100
55;-7;100
55;-6,5;100
55;-6;100
55;-5,5;84
55;-5;96
55;-4,5;80
55;-4;12
55;-3,5;0
55;-3;0
55;-2,5;0
55;-2;4
55;-1,5;56
55;-1;24
55;-0,5;48
55;0;92
55;0,5;100
55;1;100
55;1,5;100
55;2;100
55;2,5;100
55;3;100
55;3,5;100
55;4;100
55;4,5;100
55;5;100
55;5,5;100
55;6;100
55;6,5;100
55;7;100
55;7,5;100
55;8;100
55;8,5;100
55;9;100
55;9,5;100
55;10;100
55;10,5;100
55;11;100
55;11,5;100
55;12;100
55;12,5;100
55;13;100
55;13,5;100
55;14;100
55;14,5;100
55;15;100
55;15,5;100
55;16;100
55;16,5;100
55;17;100
55;17,5;100
55;18;100
55;18,5;100
55;19;100
55;19,5;100
55;20;100
55;20,5;96
55;21;96
55;21,5;100
55;22;100
55;22,5;96
55;23;92
55;23,5;100
55;24;100
55;24,5;100
55;25;100
55;25,5;100
55;26;100
55;26,5;100
55;27;100
55;27,5;100
55;28;100
55;28,5;100
55;29;100
55;29,5;100
55;30;100
55;30,5;100
55;31;100
55;31,5;100
55;32;100
55;32,5;100
55;33;100
55;33,5;100
55;34;92
55;34,5;84
55;35;100
55;35,5;100
55;36;100
55;36,5;100
55;37;100
55;37,5;100
55;38;100
55;38,5;100
55;39;100
55;39,5;100
55;40;100
55;40,5;100
55;41;100
55;41,5;100
55;42;100
55;42,5;100
55;43;100
55;43,5;100
55;44;100
55;44,5;100
55;45;100
55;45,5;100
55;46;100
55;46,5;100
55;47;100
55;47,5;100
55;48;100
55;48,5;100
55;49;100
55;49,5;100
55;50;100
55;50,5;100
55;51;100
55;51,5;100
55;52;100
55;52,5;100
55;53;100
55;53,5;100
55;54;100
55;54,5;100
55;55;100
55;55,5;100
55;56;100
55;56,5;100
55;57;100
55;57,5;100
55;58;100
55;58,5;100
55;59;100
55;59,5;100
55;60;100
55;60,5;100
55;61;100
55;61,5;100
55;62;100
55;62,5;100
55;63;100
55;63,5;100
55;64;80
55;64,5;72
55;65;60
55;65,5;88
55;66;96
55;66,5;92
55;67;100
55;67,5;100
55;68;100
55;68,5;100
55;69;88
55;69,5;100
55;70;100
55;70,5;100
55;71;96
55;71,5;100
55;72;88
55;72,5;96
55;73;60
55;73,5;68
55;74;44
55;74,5;72
55;75;4
55;75,5;0
55;76;12
55;76,5;0
55;77;60
55;77,5;76
55;78;40
55;78,5;48
55,5;-21;44
55,5;-20,5;76
55,5;-20;68
55,5;-19,5;92
55,5;-19;84
55,5;-18,5;100
55,5;-18;100
55,5;-17,5;100
55,5;-17;100
55,5;-16,5;100
55,5;-16;100
55,5;-15,5;100
55,5;-15;100
55,5;-14,5;84
55,5;-14;100
55,5;-13,5;100
55,5;-13;100
55,5;-12,5;96
55,5;-12;100
55,5;-11,5;100
55,5;-11;96
55,5;-10,5;100
55,5;-10;100
55,5;-9,5;100
55,5;-9;100
55,5;-8,5;100
55,5;-8;100
55,5;-7,5;100
55,5;-7;100
55,5;-6,5;100
55,5;-6;84
55,5;-5,5;100
55,5;-5;56
55,5;-4,5;72
55,5;-4;8
55,5;-3,5;0
55,5;-3;0
55,5;-2,5;0
55,5;-2;0
55,5;-1,5;0
55,5;-1;20
55,5;-0,5;32
55,5;0;64
55,5;0,5;96
55,5;1;100
55,5;1,5;100
55,5;2;100
55,5;2,5;100
55,5;3;100
55,5;3,5;100
55,5;4;100
55,5;4,5;100
55,5;5;100
55,5;5,5;100
55,5;6;100
55,5;6,5;100
55,5;7;100
55,5;7,5;100
55,5;8;100
55,5;8,5;100
55,5;9;100
55,5;9,5;100
55,5;10;100
55,5;10,5;100
55,5;11;100
55,5;11,5;100
55,5;12;100
55,5;12,5;100
55,5;13;100
55,5;13,5;92
55,5;14;100
55,5;14,5;100
55,5;15;100
55,5;15,5;100
55,5;16;100
55,5;16,5;100
55,5;17;100
55,5;17,5;100
55,5;18;88
55,5;18,5;64
55,5;19;92
55,5;19,5;88
55,5;20;100
55,5;20,5;100
55,5;21;100
55,5;21,5;100
55,5;22;100
55,5;22,5;96
55,5;23;100
55,5;23,5;100
55,5;24;100
55,5;24,5;100
55,5;25;100
55,5;25,5;100
55,5;26;100
55,5;26,5;100
55,5;27;100
55,5;27,5;100
55,5;28;100
55,5;28,5;100
55,5;29;100
55,5;29,5;100
55,5;30;100
55,5;30,5;100
55,5;31;100
55,5;31,5;100
55,5;32;100
55,5;32,5;100
55,5;33;100
55,5;33,5;100
55,5;34;100
55,5;34,5;100
55,5;35;100
55,5;35,5;100
55,5;36;100
55,5;36,5;100
55,5;37;100
55,5;37,5;100
55,5;38;100
55,5;38,5;100
55,5;39;100
55,5;39,5;100
55,5;40;100
55,5;40,5;100
55,5;41;100
55,5;41,5;100
55,5;42;100
55,5;42,5;100
55,5;43;100
55,5;43,5;100
55,5;44;100
55,5;44,5;100
55,5;45;100
55,5;45,5;100
55,5;46;100
55,5;46,5;96
55,5;47;100
55,5;47,5;100
55,5;48;100
55,5;48,5;100
55,5;49;100
55,5;49,5;100
55,5;50;100
55,5;50,5;100
55,5;51;100
55,5;51,5;100
55,5;52;100
55,5;52,5;100
55,5;53;100
55,5;53,5;100
55,5;54;100
55,5;54,5;100
55,5;55;100
55,5;55,5;100
55,5;56;100
55,5;56,5;100
55,5;57;100
55,5;57,5;100
55,5;58;100
55,5;58,5;100
55,5;59;100
55,5;59,5;100
55,5;60;100
55,5;60,5;100
55,5;61;100
55,5;61,5;100
55,5;62;100
55,5;62,5;100
55,5;63;96
55,5;63,5;96
55,5;64;56
55,5;64,5;80
55,5;65;80
55,5;65,5;96
55,5;66;100
55,5;66,5;100
55,5;67;100
55,5;67,5;100
55,5;68;100
55,5;68,5;100
55,5;69;96
55,5;69,5;100
55,5;70;100
55,5;70,5;100
55,5;71;100
55,5;71,5;80
55,5;72;80
55,5;72,5;96
55,5;73;84
55,5;73,5;100
55,5;74;72
55,5;74,5;60
55,5;75;16
55,5;75,5;4
55,5;76;4
55,5;76,5;4
55,5;77;52
55,5;77,5;56
55,5;78;64
55,5;78,5;64
55,5;79;8
56;-21;24
56;-20,5;76
56;-20;52
56;-19,5;80
56;-19;80
56;-18,5;84
56;-18;96
56;-17,5;100
56;-17;100
56;-16,5;88
56;-16;100
56;-15,5;100
56;-15;88
56;-14,5;80
56;-14;100
56;-13,5;100
56;-13;92
56;-12,5;96
56;-12;100
56;-11,5;100
56;-11;100
56;-10,5;100
56;-10;100
56;-9,5;100
56;-9;100
56;-8,5;100
56;-8;100
56;-7,5;100
56;-7;96
56;-6,5;100
56;-6;100
56;-5,5;88
56;-5;52
56;-4,5;48
56;-4;28
56;-3,5;0
56;-3;0
56;-2,5;0
56;-2;32
56;-1,5;4
56;-1;4
56;-0,5;68
56;0;32
56;0,5;60
56;1;96
56;1,5;92
56;2;100
56;2,5;100
56;3;100
56;3,5;100
56;4;100
56;4,5;100
56;5;100
56;5,5;100
56;6;100
56;6,5;100
56;7;100
56;7,5;100
56;8;100
56;8,5;100
56;9;100
56;9,5;100
56;10;100
56;10,5;100
56;11;100
56;11,5;100
56;12;96
56;12,5;100
56;13;96
56;13,5;100
56;14;100
56;14,5;100
56;15;100
56;15,5;100
56;16;100
56;16,5;100
56;17;100
56;17,5;100
56;18;44
56;18,5;4
56;19;24
56;19,5;92
56;20;96
56;20,5;100
56;21;100
56;21,5;100
56;22;100
56;22,5;96
56;23;100
56;23,5;100
56;24;100
56;24,5;100
56;25;100
56;25,5;100
56;26;100
56;26,5;100
56;27;100
56;27,5;100
56;28;100
56;28,5;100
56;29;100
56;29,5;100
56;30;100
56;30,5;100
56;31;100
56;31,5;100
56;32;100
56;32,5;100
56;33;100
56;33,5;100
56;34;100
56;34,5;100
56;35;100
56;35,5;100
56;36;100
56;36,5;100
56;37;100
56;37,5;100
56;38;100
56;38,5;100
56;39;100
56;39,5;100
56;40;100
56;40,5;100
56;41;100
56;41,5;100
56;42;100
56;42,5;100
56;43;100
56;43,5;100
56;44;100
56;44,5;100
56;45;100
56;45,5;100
56;46;100
56;46,5;100
56;47;100
56;47,5;100
56;48;100
56;48,5;96
56;49;100
56;49,5;100
56;50;100
56;50,5;96
56;51;88
56;51,5;100
56;52;96
56;52,5;100
56;53;100
56;53,5;100
56;54;100
56;54,5;100
56;55;100
56;55,5;100
56;56;100
56;56,5;100
56;57;100
56;57,5;100
56;58;100
56;58,5;100
56;59;100
56;59,5;100
56;60;100
56;60,5;100
56;61;100
56;61,5;100
56;62;100
56;62,5;96
56;63;100
56;63,5;84
56;64;80
56;64,5;84
56;65;92
56;65,5;100
56;66;96
56;66,5;100
56;67;100
56;67,5;100
56;68;100
56;68,5;100
56;69;100
56;69,5;100
56;70;100
56;70,5;100
56;71;96
56;71,5;64
56;72;84
56;72,5;84
56;73;100
56;73,5;100
56;74;64
56;74,5;60
56;75;76
56;75,5;72
56;76;68
56;76,5;88
56;77;76
56;77,5;56
56;78;44
56;78,5;40
56,5;-21;8
56,5;-20,5;80
56,5;-20;88
56,5;-19,5;92
56,5;-19;96
56,5;-18,5;80
56,5;-18;88
56,5;-17,5;100
56,5;-17;100
56,5;-16,5;96
56,5;-16;100
56,5;-15,5;100
56,5;-15;100
56,5;-14,5;100
56,5;-14;84
56,5;-13,5;100
56,5;-13;100
56,5;-12,5;100
56,5;-12;100
56,5;-11,5;100
56,5;-11;100
56,5;-10,5;100
56,5;-10;100
56,5;-9,5;100
56,5;-9;100
56,5;-8,5;100
56,5;-8;100
56,5;-7,5;100
56,5;-7;100
56,5;-6,5;100
56,5;-6;100
56,5;-5,5;80
56,5;-5;92
56,5;-4,5;76
56,5;-4;68
56,5;-3,5;4
56,5;-3;0
56,5;-2,5;36
56,5;-2;56
56,5;-1,5;88
56,5;-1;76
56,5;-0,5;84
56,5;0;20
56,5;0,5;52
56,5;1;84
56,5;1,5;100
56,5;2;100
56,5;2,5;100
56,5;3;100
56,5;3,5;100
56,5;4;100
56,5;4,5;100
56,5;5;100
56,5;5,5;100
56,5;6;100
56,5;6,5;100
56,5;7;100
56,5;7,5;100
56,5;8;100
56,5;8,5;100
56,5;9;100
56,5;9,5;100
56,5;10;100
56,5;10,5;100
56,5;11;100
56,5;11,5;100
56,5;12;100
56,5;12,5;100
56,5;13;100
56,5;13,5;100
56,5;14;100
56,5;14,5;100
56,5;15;100
56,5;15,5;100
56,5;16;100
56,5;16,5;100
56,5;17;100
56,5;17,5;96
56,5;18;12
56,5;18,5;48
56,5;19;40
56,5;19,5;100
56,5;20;100
56,5;20,5;100
56,5;21;100
56,5;21,5;100
56,5;22;100
56,5;22,5;100
56,5;23;100
56,5;23,5;92
56,5;24;100
56,5;24,5;100
56,5;25;100
56,5;25,5;100
56,5;26;100
56,5;26,5;100
56,5;27;100
56,5;27,5;100
56,5;28;100
56,5;28,5;100
56,5;29;100
56,5;29,5;100
56,5;30;100
56,5;30,5;100
56,5;31;100
56,5;31,5;100
56,5;32;100
56,5;32,5;100
56,5;33;100
56,5;33,5;100
56,5;34;100
56,5;34,5;100
56,5;35;100
56,5;35,5;100
56,5;36;100
56,5;36,5;100
56,5;37;100
56,5;37,5;100
56,5;38;100
56,5;38,5;100
56,5;39;100
56,5;39,5;100
56,5;40;100
56,5;40,5;100
56,5;41;100
56,5;41,5;100
56,5;42;100
56,5;42,5;100
56,5;43;100
56,5;43,5;100
56,5;44;100
56,5;44,5;100
56,5;45;100
56,5;45,5;100
56,5;46;100
56,5;46,5;100
56,5;47;100
56,5;47,5;100
56,5;48;100
56,5;48,5;96
56,5;49;100
56,5;49,5;100
56,5;50;96
56,5;50,5;88
56,5;51;92
56,5;51,5;100
56,5;52;100
56,5;52,5;96
56,5;53;100
56,5;53,5;100
56,5;54;100
56,5;54,5;100
56,5;55;100
56,5;55,5;100
56,5;56;100
56,5;56,5;100
56,5;57;100
56,5;57,5;100
56,5;58;100
56,5;58,5;100
56,5;59;100
56,5;59,5;100
56,5;60;100
56,5;60,5;100
56,5;61;100
56,5;61,5;100
56,5;62;88
56,5;62,5;96
56,5;63;100
56,5;63,5;100
56,5;64;76
56,5;64,5;88
56,5;65;100
56,5;65,5;96
56,5;66;100
56,5;66,5;100
56,5;67;100
56,5;67,5;100
56,5;68;96
56,5;68,5;100
56,5;69;100
56,5;69,5;100
56,5;70;96
56,5;70,5;72
56,5;71;88
56,5;71,5;84
56,5;72;96
56,5;72,5;92
56,5;73;100
56,5;73,5;100
56,5;74;96
56,5;74,5;92
56,5;75;100
56,5;75,5;92
56,5;76;96
56,5;76,5;84
56,5;77;40
56,5;77,5;24
56,5;78;12
56,5;78,5;24
57;-20,5;68
57;-20;80
57;-19,5;60
57;-19;60
57;-18,5;80
57;-18;96
57;-17,5;88
57;-17;100
57;-16,5;100
57;-16;96
57;-15,5;100
57;-15;92
57;-14,5;96
57;-14;100
57;-13,5;84
57;-13;88
57;-12,5;100
57;-12;92
57;-11,5;100
57;-11;100
57;-10,5;100
57;-10;100
57;-9,5;100
57;-9;100
57;-8,5;100
57;-8;100
57;-7,5;100
57;-7;100
57;-6,5;100
57;-6;72
57;-5,5;68
57;-5;92
57;-4,5;64
57;-4;76
57;-3,5;8
57;-3;0
57;-2,5;72
57;-2;84
57;-1,5;88
57;-1;96
57;-0,5;100
57;0;80
57;0,5;100
57;1;84
57;1,5;100
57;2;100
57;2,5;100
57;3;100
57;3,5;100
57;4;100
57;4,5;100
57;5;100
57;5,5;100
57;6;100
57;6,5;100
57;7;100
57;7,5;100
57;8;100
57;8,5;100
57;9;100
57;9,5;100
57;10;100
57;10,5;100
57;11;100
57;11,5;100
57;12;100
57;12,5;100
57;13;100
57;13,5;100
57;14;100
57;14,5;100
57;15;100
57;15,5;100
57;16;100
57;16,5;96
57;17;56
57;17,5;32
57;18;4
57;18,5;80
57;19;100
57;19,5;100
57;20;100
57;20,5;100
57;21;100
57;21,5;100
57;22;100
57;22,5;100
57;23;100
57;23,5;100
57;24;100
57;24,5;100
57;25;100
57;25,5;100
57;26;100
57;26,5;100
57;27;100
57;27,5;100
57;28;100
57;28,5;100
57;29;100
57;29,5;100
57;30;100
57;30,5;92
57;31;100
57;31,5;100
57;32;100
57;32,5;100
57;33;100
57;33,5;100
57;34;100
57;34,5;100
57;35;100
57;35,5;100
57;36;100
57;36,5;100
57;37;100
57;37,5;100
57;38;100
57;38,5;100
57;39;100
57;39,5;100
57;40;100
57;40,5;100
57;41;100
57;41,5;100
57;42;100
57;42,5;100
57;43;100
57;43,5;100
57;44;100
57;44,5;100
57;45;100
57;45,5;100
57;46;100
57;46,5;100
57;47;100
57;47,5;100
57;48;100
57;48,5;100
57;49;100
57;49,5;100
57;50;92
57;50,5;100
57;51;100
57;51,5;100
57;52;100
57;52,5;100
57;53;100
57;53,5;100
57;54;100
57;54,5;100
57;55;100
57;55,5;100
57;56;100
57;56,5;100
57;57;100
57;57,5;100
57;58;100
57;58,5;100
57;59;100
57;59,5;100
57;60;100
57;60,5;100
57;61;100
57;61,5;100
57;62;100
57;62,5;100
57;63;100
57;63,5;80
57;64;88
57;64,5;92
57;65;100
57;65,5;96
57;66;100
57;66,5;100
57;67;100
57;67,5;100
57;68;100
57;68,5;100
57;69;100
57;69,5;100
57;70;100
57;70,5;96
57;71;44
57;71,5;84
57;72;64
57;72,5;72
57;73;92
57;73,5;96
57;74;100
57;74,5;100
57;75;96
57;75,5;80
57;76;44
57;76,5;64
57;77;48
57;77,5;12
57;78;8
57,5;-20,5;44
57,5;-20;80
57,5;-19,5;60
57,5;-19;72
57,5;-18,5;68
57,5;-18;100
57,5;-17,5;100
57,5;-17;100
57,5;-16,5;100
57,5;-16;96
57,5;-15,5;100
57,5;-15;92
57,5;-14,5;92
57,5;-14;96
57,5;-13,5;92
57,5;-13;60
57,5;-12,5;72
57,5;-12;92
57,5;-11,5;96
57,5;-11;100
57,5;-10,5;100
57,5;-10;100
57,5;-9,5;100
57,5;-9;100
57,5;-8,5;100
57,5;-8;100
57,5;-7,5;100
57,5;-7;100
57,5;-6,5;100
57,5;-6;100
57,5;-5,5;84
57,5;-5;100
57,5;-4,5;88
57,5;-4;96
57,5;-3,5;60
57,5;-3;0
57,5;-2,5;0
57,5;-2;28
57,5;-1,5;60
57,5;-1;76
57,5;-0,5;100
57,5;0;100
57,5;0,5;100
57,5;1;100
57,5;1,5;100
57,5;2;100
57,5;2,5;100
57,5;3;100
57,5;3,5;100
57,5;4;100
57,5;4,5;100
57,5;5;100
57,5;5,5;100
57,5;6;100
57,5;6,5;100
57,5;7;100
57,5;7,5;100
57,5;8;96
57,5;8,5;100
57,5;9;100
57,5;9,5;100
57,5;10;100
57,5;10,5;100
57,5;11;100
57,5;11,5;100
57,5;12;100
57,5;12,5;100
57,5;13;100
57,5;13,5;100
57,5;14;100
57,5;14,5;100
57,5;15;100
57,5;15,5;100
57,5;16;100
57,5;16,5;92
57,5;17;12
57,5;17,5;0
57,5;18;24
57,5;18,5;100
57,5;19;100
57,5;19,5;100
57,5;20;100
57,5;20,5;100
57,5;21;100
57,5;21,5;100
57,5;22;100
57,5;22,5;100
57,5;23;100
57,5;23,5;100
57,5;24;100
57,5;24,5;100
57,5;25;100
57,5;25,5;100
57,5;26;100
57,5;26,5;100
57,5;27;100
57,5;27,5;100
57,5;28;100
57,5;28,5;100
57,5;29;100
57,5;29,5;100
57,5;30;100
57,5;30,5;88
57,5;31;92
57,5;31,5;100
57,5;32;100
57,5;32,5;100
57,5;33;100
57,5;33,5;100
57,5;34;100
57,5;34,5;100
57,5;35;100
57,5;35,5;100
57,5;36;100
57,5;36,5;100
57,5;37;100
57,5;37,5;100
57,5;38;100
57,5;38,5;100
57,5;39;100
57,5;39,5;100
57,5;40;100
57,5;40,5;100
57,5;41;100
57,5;41,5;100
57,5;42;100
57,5;42,5;100
57,5;43;100
57,5;43,5;100
57,5;44;100
57,5;44,5;100
57,5;45;100
57,5;45,5;96
57,5;46;100
57,5;46,5;100
57,5;47;100
57,5;47,5;100
57,5;48;100
57,5;48,5;100
57,5;49;100
57,5;49,5;96
57,5;50;100
57,5;50,5;100
57,5;51;100
57,5;51,5;100
57,5;52;100
57,5;52,5;100
57,5;53;100
57,5;53,5;100
57,5;54;100
57,5;54,5;96
57,5;55;100
57,5;55,5;100
57,5;56;100
57,5;56,5;100
57,5;57;100
57,5;57,5;100
57,5;58;100
57,5;58,5;100
57,5;59;100
57,5;59,5;100
57,5;60;100
57,5;60,5;100
57,5;61;88
57,5;61,5;92
57,5;62;92
57,5;62,5;96
57,5;63;96
57,5;63,5;80
57,5;64;72
57,5;64,5;40
57,5;65;80
57,5;65,5;92
57,5;66;96
57,5;66,5;100
57,5;67;100
57,5;67,5;100
57,5;68;100
57,5;68,5;100
57,5;69;92
57,5;69,5;100
57,5;70;100
57,5;70,5;80
57,5;71;64
57,5;71,5;68
57,5;72;92
57,5;72,5;92
57,5;73;100
57,5;73,5;100
57,5;74;100
57,5;74,5;96
57,5;75;96
57,5;75,5;60
57,5;76;48
57,5;76,5;28
57,5;77;64
57,5;77,5;28
57,5;78;0
58;-20,5;12
58;-20;60
58;-19,5;16
58;-19;88
58;-18,5;80
58;-18;100
58;-17,5;100
58;-17;100
58;-16,5;100
58;-16;100
58;-15,5;100
58;-15;88
58;-14,5;92
58;-14;100
58;-13,5;92
58;-13;88
58;-12,5;96
58;-12;100
58;-11,5;96
58;-11;100
58;-10,5;100
58;-10;100
58;-9,5;100
58;-9;100
58;-8,5;100
58;-8;100
58;-7,5;100
58;-7;100
58;-6,5;100
58;-6;100
58;-5,5;100
58;-5;100
58;-4,5;100
58;-4;100
58;-3,5;92
58;-3;28
58;-2,5;0
58;-2;48
58;-1,5;84
58;-1;96
58;-0,5;92
58;0;96
58;0,5;100
58;1;100
58;1,5;100
58;2;100
58;2,5;100
58;3;100
58;3,5;100
58;4;100
58;4,5;100
58;5;100
58;5,5;100
58;6;100
58;6,5;100
58;7;100
58;7,5;100
58;8;100
58;8,5;100
58;9;100
58;9,5;100
58;10;100
58;10,5;100
58;11;100
58;11,5;100
58;12;100
58;12,5;100
58;13;100
58;13,5;100
58;14;100
58;14,5;100
58;15;100
58;15,5;100
58;16;100
58;16,5;92
58;17;32
58;17,5;56
58;18;92
58;18,5;100
58;19;100
58;19,5;100
58;20;100
58;20,5;100
58;21;100
58;21,5;100
58;22;100
58;22,5;100
58;23;100
58;23,5;100
58;24;100
58;24,5;100
58;25;100
58;25,5;100
58;26;100
58;26,5;100
58;27;100
58;27,5;100
58;28;100
58;28,5;100
58;29;100
58;29,5;100
58;30;100
58;30,5;100
58;31;100
58;31,5;100
58;32;100
58;32,5;100
58;33;100
58;33,5;96
58;34;100
58;34,5;92
58;35;92
58;35,5;100
58;36;100
58;36,5;100
58;37;100
58;37,5;100
58;38;100
58;38,5;100
58;39;100
58;39,5;100
58;40;100
58;40,5;100
58;41;100
58;41,5;100
58;42;100
58;42,5;100
58;43;100
58;43,5;100
58;44;100
58;44,5;100
58;45;100
58;45,5;100
58;46;100
58;46,5;100
58;47;100
58;47,5;100
58;48;100
58;48,5;100
58;49;100
58;49,5;100
58;50;100
58;50,5;100
58;51;100
58;51,5;100
58;52;100
58;52,5;100
58;53;100
58;53,5;96
58;54;100
58;54,5;96
58;55;100
58;55,5;100
58;56;100
58;56,5;100
58;57;100
58;57,5;100
58;58;100
58;58,5;100
58;59;100
58;59,5;100
58;60;96
58;60,5;100
58;61;88
58;61,5;100
58;62;88
58;62,5;100
58;63;96
58;63,5;100
58;64;92
58;64,5;72
58;65;88
58;65,5;88
58;66;96
58;66,5;100
58;67;100
58;67,5;100
58;68;100
58;68,5;100
58;69;100
58;69,5;68
58;70;44
58;70,5;56
58;71;96
58;71,5;100
58;72;96
58;72,5;96
58;73;100
58;73,5;100
58;74;100
58;74,5;100
58;75;96
58;75,5;96
58;76;92
58;76,5;0
58;77;52
58;77,5;44
58;78;0
58,5;-20;32
58,5;-19,5;24
58,5;-19;64
58,5;-18,5;92
58,5;-18;96
58,5;-17,5;100
58,5;-17;100
58,5;-16,5;100
58,5;-16;92
58,5;-15,5;100
58,5;-15;100
58,5;-14,5;92
58,5;-14;100
58,5;-13,5;76
58,5;-13;100
58,5;-12,5;100
58,5;-12;96
58,5;-11,5;96
58,5;-11;100
58,5;-10,5;100
58,5;-10;100
58,5;-9,5;100
58,5;-9;100
58,5;-8,5;100
58,5;-8;100
58,5;-7,5;100
58,5;-7;100
58,5;-6,5;100
58,5;-6;100
58,5;-5,5;100
58,5;-5;100
58,5;-4,5;100
58,5;-4;100
58,5;-3,5;100
58,5;-3;88
58,5;-2,5;16
58,5;-2;76
58,5;-1,5;96
58,5;-1;100
58,5;-0,5;100
58,5;0;100
58,5;0,5;100
58,5;1;100
58,5;1,5;100
58,5;2;100
58,5;2,5;100
58,5;3;100
58,5;3,5;100
58,5;4;100
58,5;4,5;100
58,5;5;100
58,5;5,5;100
58,5;6;100
58,5;6,5;100
58,5;7;100
58,5;7,5;100
58,5;8;100
58,5;8,5;100
58,5;9;100
58,5;9,5;100
58,5;10;100
58,5;10,5;100
58,5;11;100
58,5;11,5;100
58,5;12;100
58,5;12,5;100
58,5;13;100
58,5;13,5;100
58,5;14;100
58,5;14,5;100
58,5;15;100
58,5;15,5;100
58,5;16;100
58,5;16,5;92
58,5;17;88
58,5;17,5;100
58,5;18;100
58,5;18,5;100
58,5;19;100
58,5;19,5;100
58,5;20;100
58,5;20,5;100
58,5;21;100
58,5;21,5;100
58,5;22;100
58,5;22,5;100
58,5;23;100
58,5;23,5;100
58,5;24;100
58,5;24,5;100
58,5;25;100
58,5;25,5;100
58,5;26;100
58,5;26,5;100
58,5;27;100
58,5;27,5;100
58,5;28;100
58,5;28,5;100
58,5;29;100
58,5;29,5;100
58,5;30;100
58,5;30,5;100
58,5;31;100
58,5;31,5;100
58,5;32;100
58,5;32,5;100
58,5;33;100
58,5;33,5;100
58,5;34;100
58,5;34,5;92
58,5;35;92
58,5;35,5;100
58,5;36;100
58,5;36,5;100
58,5;37;100
58,5;37,5;100
58,5;38;100
58,5;38,5;100
58,5;39;100
58,5;39,5;100
58,5;40;100
58,5;40,5;100
58,5;41;100
58,5;41,5;100
58,5;42;100
58,5;42,5;100
58,5;43;100
58,5;43,5;100
58,5;44;100
58,5;44,5;100
58,5;45;100
58,5;45,5;100
58,5;46;100
58,5;46,5;100
58,5;47;100
58,5;47,5;100
58,5;48;100
58,5;48,5;100
58,5;49;100
58,5;49,5;100
58,5;50;100
58,5;50,5;100
58,5;51;100
58,5;51,5;100
58,5;52;100
58,5;52,5;100
58,5;53;100
58,5;53,5;100
58,5;54;100
58,5;54,5;100
58,5;55;100
58,5;55,5;100
58,5;56;100
58,5;56,5;100
58,5;57;100
58,5;57,5;100
58,5;58;100
58,5;58,5;100
58,5;59;100
58,5;59,5;100
58,5;60;92
58,5;60,5;100
58,5;61;100
58,5;61,5;100
58,5;62;100
58,5;62,5;88
58,5;63;100
58,5;63,5;100
58,5;64;100
58,5;64,5;80
58,5;65;92
58,5;65,5;96
58,5;66;96
58,5;66,5;100
58,5;67;100
58,5;67,5;100
58,5;68;100
58,5;68,5;100
58,5;69;92
58,5;69,5;20
58,5;70;0
58,5;70,5;72
58,5;71;100
58,5;71,5;100
58,5;72;100
58,5;72,5;100
58,5;73;100
58,5;73,5;100
58,5;74;100
58,5;74,5;100
58,5;75;88
58,5;75,5;92
58,5;76;84
58,5;76,5;0
58,5;77;0
58,5;77,5;4
59;-20;16
59;-19,5;24
59;-19;64
59;-18,5;88
59;-18;100
59;-17,5;100
59;-17;100
59;-16,5;96
59;-16;100
59;-15,5;100
59;-15;96
59;-14,5;100
59;-14;84
59;-13,5;64
59;-13;88
59;-12,5;88
59;-12;96
59;-11,5;100
59;-11;100
59;-10,5;100
59;-10;100
59;-9,5;100
59;-9;100
59;-8,5;100
59;-8;100
59;-7,5;100
59;-7;100
59;-6,5;100
59;-6;100
59;-5,5;100
59;-5;100
59;-4,5;100
59;-4;100
59;-3,5;100
59;-3;100
59;-2,5;80
59;-2;100
59;-1,5;100
59;-1;100
59;-0,5;100
59;0;100
59;0,5;100
59;1;84
59;1,5;76
59;2;100
59;2,5;100
59;3;100
59;3,5;100
59;4;100
59;4,5;100
59;5;100
59;5,5;100
59;6;100
59;6,5;100
59;7;100
59;7,5;100
59;8;100
59;8,5;100
59;9;100
59;9,5;100
59;10;100
59;10,5;100
59;11;100
59;11,5;100
59;12;100
59;12,5;100
59;13;100
59;13,5;100
59;14;100
59;14,5;100
59;15;100
59;15,5;100
59;16;100
59;16,5;100
59;17;100
59;17,5;100
59;18;100
59;18,5;100
59;19;100
59;19,5;100
59;20;100
59;20,5;100
59;21;100
59;21,5;100
59;22;100
59;22,5;100
59;23;100
59;23,5;100
59;24;100
59;24,5;100
59;25;100
59;25,5;100
59;26;100
59;26,5;100
59;27;100
59;27,5;100
59;28;100
59;28,5;100
59;29;100
59;29,5;100
59;30;100
59;30,5;100
59;31;100
59;31,5;100
59;32;100
59;32,5;100
59;33;100
59;33,5;100
59;34;100
59;34,5;100
59;35;100
59;35,5;100
59;36;100
59;36,5;100
59;37;100
59;37,5;100
59;38;100
59;38,5;100
59;39;100
59;39,5;100
59;40;100
59;40,5;100
59;41;100
59;41,5;100
59;42;100
59;42,5;100
59;43;100
59;43,5;100
59;44;100
59;44,5;100
59;45;100
59;45,5;100
59;46;100
59;46,5;100
59;47;100
59;47,5;100
59;48;100
59;48,5;100
59;49;100
59;49,5;100
59;50;100
59;50,5;100
59;51;100
59;51,5;100
59;52;100
59;52,5;100
59;53;100
59;53,5;100
59;54;100
59;54,5;100
59;55;100
59;55,5;100
59;56;100
59;56,5;100
59;57;100
59;57,5;100
59;58;100
59;58,5;100
59;59;100
59;59,5;100
59;60;100
59;60,5;100
59;61;100
59;61,5;100
59;62;100
59;62,5;96
59;63;96
59;63,5;100
59;64;92
59;64,5;96
59;65;100
59;65,5;100
59;66;96
59;66,5;100
59;67;100
59;67,5;100
59;68;72
59;68,5;76
59;69;48
59;69,5;28
59;70;52
59;70,5;84
59;71;100
59;71,5;100
59;72;100
59;72,5;100
59;73;100
59;73,5;100
59;74;100
59;74,5;100
59;75;88
59;75,5;76
59;76;36
59;76,5;0
59;77;0
59;77,5;28
59,5;-19,5;48
59,5;-19;16
59,5;-18,5;24
59,5;-18;72
59,5;-17,5;96
59,5;-17;100
59,5;-16,5;100
59,5;-16;100
59,5;-15,5;100
59,5;-15;96
59,5;-14,5;72
59,5;-14;88
59,5;-13,5;92
59,5;-13;84
59,5;-12,5;88
59,5;-12;96
59,5;-11,5;100
59,5;-11;100
59,5;-10,5;100
59,5;-10;100
59,5;-9,5;100
59,5;-9;100
59,5;-8,5;100
59,5;-8;100
59,5;-7,5;100
59,5;-7;100
59,5;-6,5;100
59,5;-6;100
59,5;-5,5;100
59,5;-5;100
59,5;-4,5;100
59,5;-4;100
59,5;-3,5;100
59,5;-3;100
59,5;-2,5;100
59,5;-2;100
59,5;-1,5;100
59,5;-1;100
59,5;-0,5;100
59,5;0;100
59,5;0,5;100
59,5;1;88
59,5;1,5;68
59,5;2;100
59,5;2,5;100
59,5;3;100
59,5;3,5;100
59,5;4;100
59,5;4,5;100
59,5;5;100
59,5;5,5;100
59,5;6;100
59,5;6,5;100
59,5;7;100
59,5;7,5;100
59,5;8;100
59,5;8,5;100
59,5;9;100
59,5;9,5;100
59,5;10;100
59,5;10,5;100
59,5;11;100
59,5;11,5;100
59,5;12;100
59,5;12,5;100
59,5;13;100
59,5;13,5;100
59,5;14;100
59,5;14,5;100
59,5;15;100
59,5;15,5;96
59,5;16;100
59,5;16,5;100
59,5;17;100
59,5;17,5;100
59,5;18;100
59,5;18,5;100
59,5;19;100
59,5;19,5;100
59,5;20;100
59,5;20,5;100
59,5;21;100
59,5;21,5;100
59,5;22;100
59,5;22,5;100
59,5;23;100
59,5;23,5;100
59,5;24;100
59,5;24,5;100
59,5;25;100
59,5;25,5;100
59,5;26;96
59,5;26,5;100
59,5;27;100
59,5;27,5;100
59,5;28;100
59,5;28,5;100
59,5;29;100
59,5;29,5;100
59,5;30;100
59,5;30,5;100
59,5;31;100
59,5;31,5;100
59,5;32;100
59,5;32,5;100
59,5;33;100
59,5;33,5;100
59,5;34;100
59,5;34,5;100
59,5;35;100
59,5;35,5;100
59,5;36;100
59,5;36,5;100
59,5;37;100
59,5;37,5;100
59,5;38;100
59,5;38,5;100
59,5;39;100
59,5;39,5;100
59,5;40;100
59,5;40,5;100
59,5;41;100
59,5;41,5;100
59,5;42;100
59,5;42,5;100
59,5;43;100
59,5;43,5;100
59,5;44;100
59,5;44,5;100
59,5;45;100
59,5;45,5;100
59,5;46;100
59,5;46,5;100
59,5;47;100
59,5;47,5;100
59,5;48;100
59,5;48,5;100
59,5;49;100
59,5;49,5;100
59,5;50;100
59,5;50,5;100
59,5;51;100
59,5;51,5;100
59,5;52;100
59,5;52,5;100
59,5;53;100
59,5;53,5;100
59,5;54;100
59,5;54,5;100
59,5;55;100
59,5;55,5;100
59,5;56;100
59,5;56,5;100
59,5;57;100
59,5;57,5;100
59,5;58;100
59,5;58,5;100
59,5;59;100
59,5;59,5;100
59,5;60;100
59,5;60,5;100
59,5;61;100
59,5;61,5;100
59,5;62;100
59,5;62,5;100
59,5;63;100
59,5;63,5;100
59,5;64;100
59,5;64,5;100
59,5;65;100
59,5;65,5;88
59,5;66;64
59,5;66,5;100
59,5;67;84
59,5;67,5;44
59,5;68;4
59,5;68,5;12
59,5;69;0
59,5;69,5;20
59,5;70;80
59,5;70,5;100
59,5;71;100
59,5;71,5;100
59,5;72;100
59,5;72,5;100
59,5;73;100
59,5;73,5;100
59,5;74;100
59,5;74,5;100
59,5;75;84
59,5;75,5;32
59,5;76;16
59,5;76,5;24
59,5;77;4
59,5;77,5;0
60;-19,5;8
60;-18,5;68
60;-18;64
60;-17,5;72
60;-17;72
60;-16,5;96
60;-16;84
60;-15,5;96
60;-15;100
60;-14,5;96
60;-14;88
60;-13,5;72
60;-13;88
60;-12,5;72
60;-12;32
60;-11,5;88
60;-11;100
60;-10,5;100
60;-10;100
60;-9,5;100
60;-9;100
60;-8,5;100
60;-8;100
60;-7,5;100
60;-7;100
60;-6,5;100
60;-6;100
60;-5,5;100
60;-5;100
60;-4,5;100
60;-4;100
60;-3,5;100
60;-3;100
60;-2,5;100
60;-2;100
60;-1,5;100
60;-1;100
60;-0,5;100
60;0;100
60;0,5;100
60;1;100
60;1,5;100
60;2;92
60;2,5;92
60;3;100
60;3,5;100
60;4;100
60;4,5;100
60;5;100
60;5,5;100
60;6;100
60;6,5;100
60;7;100
60;7,5;100
60;8;100
60;8,5;100
60;9;100
60;9,5;100
60;10;100
60;10,5;100
60;11;100
60;11,5;100
60;12;100
60;12,5;100
60;13;100
60;13,5;100
60;14;100
60;14,5;100
60;15;100
60;15,5;100
60;16;100
60;16,5;100
60;17;100
60;17,5;100
60;18;100
60;18,5;100
60;19;100
60;19,5;100
60;20;100
60;20,5;100
60;21;100
60;21,5;100
60;22;100
60;22,5;100
60;23;100
60;23,5;100
60;24;100
60;24,5;100
60;25;100
60;25,5;100
60;26;100
60;26,5;80
60;27;100
60;27,5;100
60;28;100
60;28,5;100
60;29;100
60;29,5;100
60;30;100
60;30,5;100
60;31;100
60;31,5;100
60;32;100
60;32,5;100
60;33;100
60;33,5;100
60;34;100
60;34,5;100
60;35;100
60;35,5;100
60;36;100
60;36,5;100
60;37;100
60;37,5;100
60;38;100
60;38,5;100
60;39;84
60;39,5;96
60;40;100
60;40,5;100
60;41;100
60;41,5;100
60;42;100
60;42,5;100
60;43;100
60;43,5;100
60;44;100
60;44,5;100
60;45;100
60;45,5;100
60;46;96
60;46,5;100
60;47;100
60;47,5;100
60;48;100
60;48,5;100
60;49;100
60;49,5;100
60;50;100
60;50,5;100
60;51;96
60;51,5;100
60;52;100
60;52,5;100
60;53;100
60;53,5;100
60;54;100
60;54,5;100
60;55;100
60;55,5;100
60;56;100
60;56,5;100
60;57;100
60;57,5;100
60;58;100
60;58,5;100
60;59;100
60;59,5;100
60;60;100
60;60,5;100
60;61;100
60;61,5;100
60;62;100
60;62,5;100
60;63;100
60;63,5;100
60;64;100
60;64,5;100
60;65;100
60;65,5;96
60;66;32
60;66,5;24
60;67;12
60;67,5;0
60;68;0
60;68,5;0
60;69;0
60;69,5;4
60;70;68
60;70,5;100
60;71;100
60;71,5;100
60;72;100
60;72,5;100
60;73;100
60;73,5;100
60;74;100
60;74,5;100
60;75;100
60;75,5;88
60;76;76
60;76,5;88
60;77;56
60,5;-19,5;12
60,5;-19;24
60,5;-18,5;16
60,5;-18;36
60,5;-17,5;44
60,5;-17;60
60,5;-16,5;92
60,5;-16;88
60,5;-15,5;96
60,5;-15;100
60,5;-14,5;76
60,5;-14;32
60,5;-13,5;28
60,5;-13;72
60,5;-12,5;64
60,5;-12;44
60,5;-11,5;84
60,5;-11;100
60,5;-10,5;100
60,5;-10;100
60,5;-9,5;100
60,5;-9;100
60,5;-8,5;96
60,5;-8;100
60,5;-7,5;100
60,5;-7;100
60,5;-6,5;100
60,5;-6;100
60,5;-5,5;100
60,5;-5;100
60,5;-4,5;100
60,5;-4;100
60,5;-3,5;100
60,5;-3;100
60,5;-2,5;100
60,5;-2;100
60,5;-1,5;100
60,5;-1;100
60,5;-0,5;100
60,5;0;100
60,5;0,5;100
60,5;1;100
60,5;1,5;88
60,5;2;100
60,5;2,5;100
60,5;3;100
60,5;3,5;96
60,5;4;100
60,5;4,5;100
60,5;5;100
60,5;5,5;100
60,5;6;100
60,5;6,5;100
60,5;7;100
60,5;7,5;100
60,5;8;100
60,5;8,5;100
60,5;9;100
60,5;9,5;100
60,5;10;92
60,5;10,5;80
60,5;11;100
60,5;11,5;100
60,5;12;100
60,5;12,5;100
60,5;13;100
60,5;13,5;100
60,5;14;100
60,5;14,5;100
60,5;15;100
60,5;15,5;100
60,5;16;100
60,5;16,5;100
60,5;17;100
60,5;17,5;100
60,5;18;100
60,5;18,5;100
60,5;19;100
60,5;19,5;100
60,5;20;100
60,5;20,5;100
60,5;21;100
60,5;21,5;100
60,5;22;100
60,5;22,5;100
60,5;23;100
60,5;23,5;100
60,5;24;100
60,5;24,5;100
60,5;25;100
60,5;25,5;100
60,5;26;100
60,5;26,5;100
60,5;27;100
60,5;27,5;100
60,5;28;100
60,5;28,5;100
60,5;29;100
60,5;29,5;100
60,5;30;100
60,5;30,5;100
60,5;31;100
60,5;31,5;100
60,5;32;100
60,5;32,5;100
60,5;33;100
60,5;33,5;100
60,5;34;100
60,5;34,5;100
60,5;35;100
60,5;35,5;100
60,5;36;100
60,5;36,5;100
60,5;37;100
60,5;37,5;100
60,5;38;100
60,5;38,5;100
60,5;39;92
60,5;39,5;100
60,5;40;100
60,5;40,5;100
60,5;41;100
60,5;41,5;100
60,5;42;100
60,5;42,5;100
60,5;43;100
60,5;43,5;100
60,5;44;100
60,5;44,5;100
60,5;45;100
60,5;45,5;100
60,5;46;100
60,5;46,5;100
60,5;47;100
60,5;47,5;100
60,5;48;100
60,5;48,5;100
60,5;49;100
60,5;49,5;100
60,5;50;96
60,5;50,5;100
60,5;51;100
60,5;51,5;100
60,5;52;100
60,5;52,5;100
60,5;53;100
60,5;53,5;100
60,5;54;100
60,5;54,5;100
60,5;55;100
60,5;55,5;100
60,5;56;100
60,5;56,5;100
60,5;57;100
60,5;57,5;100
60,5;58;100
60,5;58,5;100
60,5;59;100
60,5;59,5;100
60,5;60;100
60,5;60,5;100
60,5;61;100
60,5;61,5;100
60,5;62;100
60,5;62,5;100
60,5;63;100
60,5;63,5;100
60,5;64;100
60,5;64,5;92
60,5;65;72
60,5;65,5;60
60,5;66;0
60,5;66,5;0
60,5;67;0
60,5;67,5;0
60,5;68;0
60,5;68,5;32
60,5;69;36
60,5;69,5;68
60,5;70;100
60,5;70,5;100
60,5;71;100
60,5;71,5;100
60,5;72;100
60,5;72,5;100
60,5;73;100
60,5;73,5;100
60,5;74;100
60,5;74,5;96
60,5;75;88
60,5;75,5;100
60,5;76;100
60,5;76,5;80
60,5;77;12
61;-19;8
61;-18,5;8
61;-18;12
61;-17,5;8
61;-17;16
61;-16,5;40
61;-16;40
61;-15,5;36
61;-15;4
61;-14,5;4
61;-14;0
61;-13,5;40
61;-13;64
61;-12,5;60
61;-12;84
61;-11,5;92
61;-11;84
61;-10,5;84
61;-10;92
61;-9,5;100
61;-9;100
61;-8,5;100
61;-8;100
61;-7,5;100
61;-7;100
61;-6,5;100
61;-6;100
61;-5,5;100
61;-5;100
61;-4,5;100
61;-4;100
61;-3,5;100
61;-3;100
61;-2,5;100
61;-2;100
61;-1,5;100
61;-1;100
61;-0,5;100
61;0;100
61;0,5;100
61;1;100
61;1,5;92
61;2;88
61;2,5;100
61;3;100
61;3,5;96
61;4;100
61;4,5;100
61;5;100
61;5,5;100
61;6;96
61;6,5;100
61;7;100
61;7,5;100
61;8;100
61;8,5;100
61;9;100
61;9,5;96
61;10;48
61;10,5;40
61;11;100
61;11,5;96
61;12;100
61;12,5;100
61;13;100
61;13,5;100
61;14;100
61;14,5;100
61;15;100
61;15,5;100
61;16;100
61;16,5;100
61;17;100
61;17,5;100
61;18;100
61;18,5;100
61;19;100
61;19,5;100
61;20;100
61;20,5;100
61;21;100
61;21,5;100
61;22;100
61;22,5;100
61;23;100
61;23,5;100
61;24;100
61;24,5;100
61;25;100
61;25,5;100
61;26;100
61;26,5;100
61;27;100
61;27,5;100
61;28;100
61;28,5;100
61;29;100
61;29,5;100
61;30;100
61;30,5;100
61;31;100
61;31,5;100
61;32;100
61;32,5;100
61;33;100
61;33,5;100
61;34;100
61;34,5;100
61;35;100
61;35,5;100
61;36;100
61;36,5;100
61;37;100
61;37,5;100
61;38;100
61;38,5;100
61;39;100
61;39,5;100
61;40;100
61;40,5;100
61;41;100
61;41,5;100
61;42;100
61;42,5;100
61;43;100
61;43,5;100
61;44;100
61;44,5;100
61;45;100
61;45,5;100
61;46;100
61;46,5;100
61;47;100
61;47,5;100
61;48;100
61;48,5;100
61;49;100
61;49,5;100
61;50;100
61;50,5;100
61;51;100
61;51,5;100
61;52;100
61;52,5;100
61;53;100
61;53,5;100
61;54;100
61;54,5;100
61;55;100
61;55,5;100
61;56;100
61;56,5;100
61;57;100
61;57,5;100
61;58;100
61;58,5;100
61;59;96
61;59,5;92
61;60;100
61;60,5;100
61;61;100
61;61,5;100
61;62;100
61;62,5;100
61;63;100
61;63,5;100
61;64;56
61;64,5;36
61;65;52
61;65,5;8
61;66;0
61;66,5;0
61;67;0
61;67,5;12
61;68;40
61;68,5;100
61;69;88
61;69,5;100
61;70;100
61;70,5;100
61;71;100
61;71,5;100
61;72;100
61;72,5;100
61;73;100
61;73,5;100
61;74;100
61;74,5;100
61;75;72
61;75,5;40
61;76;92
61;76,5;52
61,5;-19;0
61,5;-18,5;4
61,5;-18;32
61,5;-17,5;64
61,5;-17;40
61,5;-16,5;12
61,5;-16;12
61,5;-15,5;0
61,5;-15;0
61,5;-14,5;0
61,5;-14;0
61,5;-13,5;48
61,5;-13;68
61,5;-12,5;92
61,5;-12;68
61,5;-11,5;68
61,5;-11;92
61,5;-10,5;92
61,5;-10;100
61,5;-9,5;100
61,5;-9;100
61,5;-8,5;96
61,5;-8;100
61,5;-7,5;100
61,5;-7;100
61,5;-6,5;100
61,5;-6;100
61,5;-5,5;100
61,5;-5;100
61,5;-4,5;100
61,5;-4;100
61,5;-3,5;100
61,5;-3;100
61,5;-2,5;100
61,5;-2;100
61,5;-1,5;100
61,5;-1;100
61,5;-0,5;100
61,5;0;100
61,5;0,5;100
61,5;1;100
61,5;1,5;100
61,5;2;84
61,5;2,5;100
61,5;3;100
61,5;3,5;100
61,5;4;100
61,5;4,5;100
61,5;5;100
61,5;5,5;100
61,5;6;88
61,5;6,5;84
61,5;7;96
61,5;7,5;96
61,5;8;100
61,5;8,5;100
61,5;9;96
61,5;9,5;88
61,5;10;80
61,5;10,5;72
61,5;11;92
61,5;11,5;100
61,5;12;100
61,5;12,5;100
61,5;13;100
61,5;13,5;100
61,5;14;100
61,5;14,5;100
61,5;15;100
61,5;15,5;100
61,5;16;100
61,5;16,5;100
61,5;17;100
61,5;17,5;100
61,5;18;96
61,5;18,5;100
61,5;19;100
61,5;19,5;100
61,5;20;100
61,5;20,5;100
61,5;21;100
61,5;21,5;100
61,5;22;100
61,5;22,5;100
61,5;23;100
61,5;23,5;100
61,5;24;100
61,5;24,5;100
61,5;25;100
61,5;25,5;100
61,5;26;100
61,5;26,5;100
61,5;27;100
61,5;27,5;100
61,5;28;100
61,5;28,5;100
61,5;29;100
61,5;29,5;96
61,5;30;100
61,5;30,5;100
61,5;31;100
61,5;31,5;100
61,5;32;100
61,5;32,5;100
61,5;33;100
61,5;33,5;100
61,5;34;100
61,5;34,5;100
61,5;35;100
61,5;35,5;100
61,5;36;100
61,5;36,5;100
61,5;37;100
61,5;37,5;100
61,5;38;100
61,5;38,5;100
61,5;39;100
61,5;39,5;100
61,5;40;100
61,5;40,5;100
61,5;41;100
61,5;41,5;100
61,5;42;100
61,5;42,5;100
61,5;43;100
61,5;43,5;100
61,5;44;100
61,5;44,5;100
61,5;45;96
61,5;45,5;100
61,5;46;100
61,5;46,5;100
61,5;47;100
61,5;47,5;100
61,5;48;100
61,5;48,5;100
61,5;49;100
61,5;49,5;100
61,5;50;100
61,5;50,5;100
61,5;51;100
61,5;51,5;96
61,5;52;100
61,5;52,5;100
61,5;53;100
61,5;53,5;100
61,5;54;100
61,5;54,5;100
61,5;55;100
61,5;55,5;100
61,5;56;100
61,5;56,5;100
61,5;57;100
61,5;57,5;100
61,5;58;100
61,5;58,5;100
61,5;59;100
61,5;59,5;100
61,5;60;100
61,5;60,5;100
61,5;61;100
61,5;61,5;100
61,5;62;100
61,5;62,5;100
61,5;63;100
61,5;63,5;92
61,5;64;80
61,5;64,5;40
61,5;65;36
61,5;65,5;16
61,5;66;0
61,5;66,5;0
61,5;67;8
61,5;67,5;92
61,5;68;92
61,5;68,5;100
61,5;69;100
61,5;69,5;100
61,5;70;100
61,5;70,5;100
61,5;71;100
61,5;71,5;100
61,5;72;100
61,5;72,5;100
61,5;73;100
61,5;73,5;100
61,5;74;100
61,5;74,5;92
61,5;75;88
61,5;75,5;96
61,5;76;88
61,5;76,5;4
62;-18,5;36
62;-18;64
62;-17,5;80
62;-17;84
62;-16,5;20
62;-15;0
62;-14,5;0
62;-14;0
62;-13,5;0
62;-13;12
62;-12,5;48
62;-12;48
62;-11,5;56
62;-11;100
62;-10,5;100
62;-10;100
62;-9,5;100
62;-9;100
62;-8,5;96
62;-8;96
62;-7,5;100
62;-7;100
62;-6,5;100
62;-6;100
62;-5,5;100
62;-5;100
62;-4,5;100
62;-4;100
62;-3,5;100
62;-3;100
62;-2,5;100
62;-2;100
62;-1,5;100
62;-1;100
62;-0,5;100
62;0;100
62;0,5;100
62;1;100
62;1,5;100
62;2;100
62;2,5;100
62;3;100
62;3,5;96
62;4;100
62;4,5;100
62;5;100
62;5,5;100
62;6;100
62;6,5;100
62;7;100
62;7,5;100
62;8;100
62;8,5;72
62;9;100
62;9,5;84
62;10;72
62;10,5;96
62;11;100
62;11,5;96
62;12;100
62;12,5;100
62;13;100
62;13,5;100
62;14;100
62;14,5;100
62;15;100
62;15,5;100
62;16;100
62;16,5;100
62;17;100
62;17,5;96
62;18;64
62;18,5;100
62;19;100
62;19,5;100
62;20;100
62;20,5;100
62;21;100
62;21,5;100
62;22;100
62;22,5;100
62;23;100
62;23,5;100
62;24;100
62;24,5;100
62;25;100
62;25,5;100
62;26;100
62;26,5;100
62;27;100
62;27,5;100
62;28;100
62;28,5;100
62;29;100
62;29,5;92
62;30;100
62;30,5;100
62;31;100
62;31,5;100
62;32;100
62;32,5;100
62;33;100
62;33,5;100
62;34;100
62;34,5;100
62;35;100
62;35,5;100
62;36;100
62;36,5;100
62;37;100
62;37,5;100
62;38;100
62;38,5;100
62;39;100
62;39,5;100
62;40;100
62;40,5;100
62;41;100
62;41,5;100
62;42;100
62;42,5;100
62;43;100
62;43,5;100
62;44;100
62;44,5;100
62;45;100
62;45,5;100
62;46;100
62;46,5;100
62;47;100
62;47,5;100
62;48;100
62;48,5;100
62;49;100
62;49,5;100
62;50;100
62;50,5;100
62;51;100
62;51,5;96
62;52;100
62;52,5;100
62;53;100
62;53,5;100
62;54;100
62;54,5;100
62;55;96
62;55,5;100
62;56;96
62;56,5;100
62;57;100
62;57,5;100
62;58;100
62;58,5;100
62;59;92
62;59,5;100
62;60;100
62;60,5;100
62;61;100
62;61,5;100
62;62;100
62;62,5;100
62;63;96
62;63,5;100
62;64;76
62;64,5;80
62;65;64
62;65,5;56
62;66;8
62;66,5;0
62;67;12
62;67,5;88
62;68;84
62;68,5;100
62;69;100
62;69,5;100
62;70;100
62;70,5;100
62;71;100
62;71,5;100
62;72;100
62;72,5;100
62;73;100
62;73,5;100
62;74;100
62;74,5;88
62;75;92
62;75,5;84
62;76;28
62,5;-18,5;12
62,5;-18;52
62,5;-17,5;64
62,5;-17;84
62,5;-16,5;64
62,5;-16;12
62,5;-14,5;0
62,5;-14;0
62,5;-13,5;0
62,5;-13;0
62,5;-12,5;4
62,5;-12;0
62,5;-11,5;36
62,5;-11;96
62,5;-10,5;96
62,5;-10;92
62,5;-9,5;100
62,5;-9;100
62,5;-8,5;100
62,5;-8;96
62,5;-7,5;100
62,5;-7;100
62,5;-6,5;100
62,5;-6;100
62,5;-5,5;100
62,5;-5;100
62,5;-4,5;100
62,5;-4;100
62,5;-3,5;100
62,5;-3;100
62,5;-2,5;100
62,5;-2;100
62,5;-1,5;100
62,5;-1;100
62,5;-0,5;100
62,5;0;100
62,5;0,5;100
62,5;1;100
62,5;1,5;100
62,5;2;100
62,5;2,5;100
62,5;3;100
62,5;3,5;100
62,5;4;100
62,5;4,5;100
62,5;5;100
62,5;5,5;100
62,5;6;100
62,5;6,5;100
62,5;7;100
62,5;7,5;100
62,5;8;92
62,5;8,5;64
62,5;9;80
62,5;9,5;76
62,5;10;88
62,5;10,5;100
62,5;11;100
62,5;11,5;100
62,5;12;100
62,5;12,5;100
62,5;13;100
62,5;13,5;100
62,5;14;100
62,5;14,5;100
62,5;15;100
62,5;15,5;100
62,5;16;100
62,5;16,5;100
62,5;17;100
62,5;17,5;100
62,5;18;96
62,5;18,5;100
62,5;19;100
62,5;19,5;100
62,5;20;100
62,5;20,5;100
62,5;21;100
62,5;21,5;100
62,5;22;100
62,5;22,5;100
62,5;23;100
62,5;23,5;100
62,5;24;100
62,5;24,5;100
62,5;25;100
62,5;25,5;100
62,5;26;100
62,5;26,5;100
62,5;27;100
62,5;27,5;100
62,5;28;100
62,5;28,5;100
62,5;29;100
62,5;29,5;100
62,5;30;100
62,5;30,5;100
62,5;31;100
62,5;31,5;100
62,5;32;100
62,5;32,5;100
62,5;33;100
62,5;33,5;100
62,5;34;100
62,5;34,5;100
62,5;35;100
62,5;35,5;100
62,5;36;100
62,5;36,5;100
62,5;37;100
62,5;37,5;100
62,5;38;100
62,5;38,5;100
62,5;39;100
62,5;39,5;100
62,5;40;100
62,5;40,5;100
62,5;41;100
62,5;41,5;100
62,5;42;100
62,5;42,5;100
62,5;43;100
62,5;43,5;100
62,5;44;92
62,5;44,5;100
62,5;45;100
62,5;45,5;100
62,5;46;100
62,5;46,5;100
62,5;47;100
62,5;47,5;100
62,5;48;96
62,5;48,5;100
62,5;49;100
62,5;49,5;100
62,5;50;100
62,5;50,5;100
62,5;51;100
62,5;51,5;100
62,5;52;100
62,5;52,5;100
62,5;53;100
62,5;53,5;100
62,5;54;100
62,5;54,5;100
62,5;55;100
62,5;55,5;96
62,5;56;96
62,5;56,5;96
62,5;57;100
62,5;57,5;100
62,5;58;100
62,5;58,5;100
62,5;59;100
62,5;59,5;100
62,5;60;100
62,5;60,5;100
62,5;61;96
62,5;61,5;92
62,5;62;100
62,5;62,5;100
62,5;63;96
62,5;63,5;100
62,5;64;80
62,5;64,5;64
62,5;65;40
62,5;65,5;12
62,5;66;4
62,5;66,5;0
62,5;67;0
62,5;67,5;8
62,5;68;44
62,5;68,5;92
62,5;69;100
62,5;69,5;100
62,5;70;100
62,5;70,5;100
62,5;71;100
62,5;71,5;96
62,5;72;72
62,5;72,5;100
62,5;73;100
62,5;73,5;92
62,5;74;100
62,5;74,5;100
62,5;75;100
62,5;75,5;68
63;-18;44
63;-17,5;76
63;-17;92
63;-16,5;76
63;-16;60
63;-15,5;8
63;-15;0
63;-14,5;0
63;-14;0
63;-13,5;0
63;-13;0
63;-12,5;0
63;-12;0
63;-11,5;16
63;-11;60
63;-10,5;68
63;-10;92
63;-9,5;88
63;-9;96
63;-8,5;100
63;-8;100
63;-7,5;100
63;-7;100
63;-6,5;100
63;-6;100
63;-5,5;100
63;-5;100
63;-4,5;100
63;-4;100
63;-3,5;100
63;-3;100
63;-2,5;100
63;-2;100
63;-1,5;100
63;-1;100
63;-0,5;100
63;0;100
63;0,5;100
63;1;100
63;1,5;100
63;2;100
63;2,5;100
63;3;100
63;3,5;100
63;4;100
63;4,5;100
63;5;100
63;5,5;96
63;6;100
63;6,5;100
63;7;100
63;7,5;100
63;8;100
63;8,5;92
63;9;36
63;9,5;48
63;10;84
63;10,5;100
63;11;100
63;11,5;100
63;12;100
63;12,5;100
63;13;100
63;13,5;100
63;14;100
63;14,5;100
63;15;100
63;15,5;100
63;16;100
63;16,5;100
63;17;100
63;17,5;96
63;18;64
63;18,5;68
63;19;88
63;19,5;96
63;20;100
63;20,5;100
63;21;96
63;21,5;100
63;22;100
63;22,5;100
63;23;100
63;23,5;100
63;24;100
63;24,5;100
63;25;100
63;25,5;100
63;26;100
63;26,5;100
63;27;100
63;27,5;100
63;28;100
63;28,5;100
63;29;100
63;29,5;100
63;30;100
63;30,5;100
63;31;100
63;31,5;100
63;32;100
63;32,5;100
63;33;100
63;33,5;100
63;34;100
63;34,5;100
63;35;100
63;35,5;100
63;36;100
63;36,5;100
63;37;100
63;37,5;100
63;38;100
63;38,5;100
63;39;100
63;39,5;100
63;40;100
63;40,5;100
63;41;100
63;41,5;100
63;42;100
63;42,5;100
63;43;100
63;43,5;100
63;44;92
63;44,5;100
63;45;100
63;45,5;100
63;46;100
63;46,5;100
63;47;100
63;47,5;100
63;48;100
63;48,5;100
63;49;100
63;49,5;100
63;50;100
63;50,5;100
63;51;100
63;51,5;100
63;52;100
63;52,5;100
63;53;100
63;53,5;100
63;54;100
63;54,5;100
63;55;100
63;55,5;100
63;56;96
63;56,5;100
63;57;100
63;57,5;100
63;58;100
63;58,5;100
63;59;100
63;59,5;100
63;60;100
63;60,5;96
63;61;96
63;61,5;100
63;62;100
63;62,5;96
63;63;88
63;63,5;92
63;64;72
63;64,5;52
63;65;28
63;65,5;32
63;66;0
63;66,5;0
63;67;0
63;67,5;0
63;68;32
63;68,5;100
63;69;100
63;69,5;100
63;70;100
63;70,5;96
63;71;100
63;71,5;100
63;72;92
63;72,5;100
63;73;96
63;73,5;84
63;74;92
63;74,5;100
63;75;96
63;75,5;16
63,5;-18;4
63,5;-17,5;68
63,5;-17;92
63,5;-16,5;80
63,5;-16;92
63,5;-15,5;72
63,5;-15;52
63,5;-14,5;44
63,5;-14;40
63,5;-13,5;28
63,5;-13;0
63,5;-12,5;0
63,5;-12;0
63,5;-11,5;0
63,5;-11;28
63,5;-10,5;68
63,5;-10;80
63,5;-9,5;88
63,5;-9;96
63,5;-8,5;92
63,5;-8;100
63,5;-7,5;100
63,5;-7;100
63,5;-6,5;96
63,5;-6;100
63,5;-5,5;100
63,5;-5;100
63,5;-4,5;96
63,5;-4;100
63,5;-3,5;100
63,5;-3;96
63,5;-2,5;88
63,5;-2;100
63,5;-1,5;100
63,5;-1;100
63,5;-0,5;100
63,5;0;100
63,5;0,5;100
63,5;1;100
63,5;1,5;100
63,5;2;100
63,5;2,5;100
63,5;3;100
63,5;3,5;100
63,5;4;100
63,5;4,5;100
63,5;5;100
63,5;5,5;100
63,5;6;92
63,5;6,5;100
63,5;7;100
63,5;7,5;96
63,5;8;92
63,5;8,5;40
63,5;9;8
63,5;9,5;0
63,5;10;12
63,5;10,5;64
63,5;11;92
63,5;11,5;100
63,5;12;100
63,5;12,5;100
63,5;13;100
63,5;13,5;100
63,5;14;100
63,5;14,5;100
63,5;15;100
63,5;15,5;100
63,5;16;100
63,5;16,5;84
63,5;17;68
63,5;17,5;56
63,5;18;48
63,5;18,5;16
63,5;19;44
63,5;19,5;68
63,5;20;100
63,5;20,5;84
63,5;21;100
63,5;21,5;100
63,5;22;100
63,5;22,5;100
63,5;23;100
63,5;23,5;100
63,5;24;100
63,5;24,5;100
63,5;25;100
63,5;25,5;100
63,5;26;100
63,5;26,5;100
63,5;27;100
63,5;27,5;100
63,5;28;100
63,5;28,5;100
63,5;29;100
63,5;29,5;100
63,5;30;100
63,5;30,5;100
63,5;31;100
63,5;31,5;100
63,5;32;100
63,5;32,5;100
63,5;33;100
63,5;33,5;100
63,5;34;100
63,5;34,5;100
63,5;35;100
63,5;35,5;100
63,5;36;100
63,5;36,5;100
63,5;37;100
63,5;37,5;100
63,5;38;100
63,5;38,5;100
63,5;39;100
63,5;39,5;100
63,5;40;100
63,5;40,5;100
63,5;41;100
63,5;41,5;100
63,5;42;100
63,5;42,5;100
63,5;43;100
63,5;43,5;100
63,5;44;100
63,5;44,5;100
63,5;45;100
63,5;45,5;100
63,5;46;100
63,5;46,5;100
63,5;47;100
63,5;47,5;100
63,5;48;100
63,5;48,5;100
63,5;49;100
63,5;49,5;100
63,5;50;100
63,5;50,5;100
63,5;51;100
63,5;51,5;100
63,5;52;100
63,5;52,5;100
63,5;53;100
63,5;53,5;100
63,5;54;100
63,5;54,5;100
63,5;55;100
63,5;55,5;100
63,5;56;100
63,5;56,5;100
63,5;57;100
63,5;57,5;100
63,5;58;100
63,5;58,5;100
63,5;59;100
63,5;59,5;100
63,5;60;100
63,5;60,5;92
63,5;61;100
63,5;61,5;92
63,5;62;88
63,5;62,5;92
63,5;63;88
63,5;63,5;48
63,5;64;96
63,5;64,5;72
63,5;65;40
63,5;65,5;12
63,5;66;0
63,5;66,5;0
63,5;67;4
63,5;67,5;60
63,5;68;92
63,5;68,5;100
63,5;69;100
63,5;69,5;100
63,5;70;96
63,5;70,5;100
63,5;71;100
63,5;71,5;100
63,5;72;96
63,5;72,5;100
63,5;73;100
63,5;73,5;96
63,5;74;100
63,5;74,5;100
63,5;75;32
64;-17,5;24
64;-17;80
64;-16,5;88
64;-16;96
64;-15,5;88
64;-15;96
64;-14,5;100
64;-14;100
64;-13,5;76
64;-12,5;0
64;-12;0
64;-11,5;0
64;-11;48
64;-10,5;12
64;-10;16
64;-9,5;32
64;-9;52
64;-8,5;92
64;-8;100
64;-7,5;84
64;-7;76
64;-6,5;80
64;-6;100
64;-5,5;100
64;-5;100
64;-4,5;100
64;-4;100
64;-3,5;100
64;-3;100
64;-2,5;100
64;-2;100
64;-1,5;100
64;-1;100
64;-0,5;100
64;0;96
64;0,5;100
64;1;100
64;1,5;100
64;2;100
64;2,5;100
64;3;100
64;3,5;100
64;4;100
64;4,5;100
64;5;100
64;5,5;92
64;6;100
64;6,5;100
64;7;100
64;7,5;100
64;8;100
64;8,5;76
64;9;40
64;9,5;20
64;10;0
64;10,5;20
64;11;44
64;11,5;68
64;12;100
64;12,5;100
64;13;100
64;13,5;100
64;14;100
64;14,5;100
64;15;100
64;15,5;100
64;16;100
64;16,5;92
64;17;32
64;17,5;0
64;18;0
64;18,5;32
64;19;44
64;19,5;84
64;20;100
64;20,5;100
64;21;100
64;21,5;100
64;22;100
64;22,5;100
64;23;100
64;23,5;100
64;24;100
64;24,5;100
64;25;100
64;25,5;100
64;26;100
64;26,5;100
64;27;100
64;27,5;100
64;28;100
64;28,5;100
64;29;100
64;29,5;100
64;30;100
64;30,5;100
64;31;100
64;31,5;100
64;32;100
64;32,5;100
64;33;100
64;33,5;100
64;34;100
64;34,5;100
64;35;100
64;35,5;100
64;36;100
64;36,5;100
64;37;100
64;37,5;100
64;38;100
64;38,5;100
64;39;100
64;39,5;100
64;40;100
64;40,5;100
64;41;100
64;41,5;100
64;42;100
64;42,5;100
64;43;100
64;43,5;100
64;44;100
64;44,5;100
64;45;100
64;45,5;100
64;46;100
64;46,5;100
64;47;100
64;47,5;100
64;48;100
64;48,5;100
64;49;100
64;49,5;100
64;50;100
64;50,5;100
64;51;100
64;51,5;100
64;52;100
64;52,5;100
64;53;100
64;53,5;100
64;54;100
64;54,5;100
64;55;100
64;55,5;96
64;56;92
64;56,5;100
64;57;100
64;57,5;100
64;58;100
64;58,5;100
64;59;100
64;59,5;84
64;60;88
64;60,5;96
64;61;88
64;61,5;96
64;62;100
64;62,5;92
64;63;64
64;63,5;52
64;64;64
64;64,5;56
64;65;36
64;65,5;0
64;66;0
64;66,5;0
64;67;48
64;67,5;100
64;68;100
64;68,5;100
64;69;96
64;69,5;100
64;70;96
64;70,5;100
64;71;96
64;71,5;96
64;72;100
64;72,5;96
64;73;96
64;73,5;88
64;74;100
64;74,5;56
64,5;-17;48
64,5;-16,5;72
64,5;-16;96
64,5;-15,5;84
64,5;-15;76
64,5;-14,5;88
64,5;-14;96
64,5;-13,5;100
64,5;-13;16
64,5;-12,5;0
64,5;-12;0
64,5;-11,5;0
64,5;-11;28
64,5;-10,5;24
64,5;-10;0
64,5;-9,5;0
64,5;-9;72
64,5;-8,5;100
64,5;-8;100
64,5;-7,5;100
64,5;-7;84
64,5;-6,5;76
64,5;-6;76
64,5;-5,5;88
64,5;-5;100
64,5;-4,5;100
64,5;-4;96
64,5;-3,5;100
64,5;-3;100
64,5;-2,5;100
64,5;-2;100
64,5;-1,5;96
64,5;-1;100
64,5;-0,5;100
64,5;0;100
64,5;0,5;100
64,5;1;100
64,5;1,5;100
64,5;2;100
64,5;2,5;100
64,5;3;100
64,5;3,5;100
64,5;4;100
64,5;4,5;96
64,5;5;100
64,5;5,5;100
64,5;6;100
64,5;6,5;100
64,5;7;100
64,5;7,5;100
64,5;8;100
64,5;8,5;100
64,5;9;100
64,5;9,5;92
64,5;10;60
64,5;10,5;60
64,5;11;36
64,5;11,5;100
64,5;12;96
64,5;12,5;100
64,5;13;100
64,5;13,5;100
64,5;14;100
64,5;14,5;100
64,5;15;100
64,5;15,5;100
64,5;16;100
64,5;16,5;76
64,5;17;8
64,5;17,5;0
64,5;18;12
64,5;18,5;84
64,5;19;100
64,5;19,5;100
64,5;20;100
64,5;20,5;100
64,5;21;100
64,5;21,5;100
64,5;22;100
64,5;22,5;100
64,5;23;100
64,5;23,5;92
64,5;24;100
64,5;24,5;100
64,5;25;100
64,5;25,5;100
64,5;26;100
64,5;26,5;100
64,5;27;100
64,5;27,5;100
64,5;28;100
64,5;28,5;100
64,5;29;100
64,5;29,5;100
64,5;30;100
64,5;30,5;100
64,5;31;100
64,5;31,5;96
64,5;32;76
64,5;32,5;100
64,5;33;100
64,5;33,5;100
64,5;34;100
64,5;34,5;100
64,5;35;100
64,5;35,5;100
64,5;36;100
64,5;36,5;100
64,5;37;100
64,5;37,5;100
64,5;38;100
64,5;38,5;100
64,5;39;100
64,5;39,5;100
64,5;40;100
64,5;40,5;100
64,5;41;100
64,5;41,5;100
64,5;42;100
64,5;42,5;100
64,5;43;100
64,5;43,5;100
64,5;44;100
64,5;44,5;100
64,5;45;100
64,5;45,5;100
64,5;46;100
64,5;46,5;100
64,5;47;100
64,5;47,5;100
64,5;48;100
64,5;48,5;100
64,5;49;100
64,5;49,5;100
64,5;50;100
64,5;50,5;100
64,5;51;100
64,5;51,5;100
64,5;52;100
64,5;52,5;100
64,5;53;100
64,5;53,5;100
64,5;54;100
64,5;54,5;100
64,5;55;76
64,5;55,5;92
64,5;56;100
64,5;56,5;96
64,5;57;100
64,5;57,5;100
64,5;58;100
64,5;58,5;100
64,5;59;100
64,5;59,5;52
64,5;60;52
64,5;60,5;56
64,5;61;80
64,5;61,5;76
64,5;62;48
64,5;62,5;72
64,5;63;80
64,5;63,5;88
64,5;64;96
64,5;64,5;80
64,5;65;0
64,5;65,5;0
64,5;66;8
64,5;66,5;44
64,5;67;100
64,5;67,5;96
64,5;68;92
64,5;68,5;96
64,5;69;100
64,5;69,5;100
64,5;70;100
64,5;70,5;96
64,5;71;96
64,5;71,5;84
64,5;72;100
64,5;72,5;92
64,5;73;92
64,5;73,5;96
64,5;74;72
64,5;74,5;4
65;-17;4
65;-16,5;52
65;-16;56
65;-15,5;52
65;-15;68
65;-14,5;100
65;-14;92
65;-13,5;84
65;-13;64
65;-12,5;28
65;-12;0
65;-11,5;20
65;-11;12
65;-10,5;20
65;-10;0
65;-9,5;4
65;-9;68
65;-8,5;100
65;-8;100
65;-7,5;100
65;-7;100
65;-6,5;100
65;-6;100
65;-5,5;100
65;-5;92
65;-4,5;88
65;-4;96
65;-3,5;96
65;-3;100
65;-2,5;100
65;-2;100
65;-1,5;96
65;-1;96
65;-0,5;100
65;0;100
65;0,5;100
65;1;100
65;1,5;100
65;2;100
65;2,5;100
65;3;100
65;3,5;100
65;4;100
65;4,5;80
65;5;88
65;5,5;92
65;6;100
65;6,5;100
65;7;100
65;7,5;100
65;8;100
65;8,5;100
65;9;100
65;9,5;100
65;10;100
65;10,5;76
65;11;36
65;11,5;44
65;12;68
65;12,5;88
65;13;100
65;13,5;100
65;14;100
65;14,5;100
65;15;100
65;15,5;100
65;16;100
65;16,5;80
65;17;0
65;17,5;0
65;18;56
65;18,5;88
65;19;100
65;19,5;100
65;20;100
65;20,5;100
65;21;100
65;21,5;96
65;22;72
65;22,5;100
65;23;68
65;23,5;80
65;24;92
65;24,5;100
65;25;100
65;25,5;100
65;26;100
65;26,5;100
65;27;100
65;27,5;100
65;28;100
65;28,5;100
65;29;100
65;29,5;100
65;30;100
65;30,5;100
65;31;100
65;31,5;92
65;32;44
65;32,5;88
65;33;100
65;33,5;100
65;34;100
65;34,5;100
65;35;100
65;35,5;100
65;36;100
65;36,5;100
65;37;100
65;37,5;100
65;38;100
65;38,5;100
65;39;100
65;39,5;100
65;40;100
65;40,5;100
65;41;100
65;41,5;100
65;42;100
65;42,5;100
65;43;100
65;43,5;100
65;44;100
65;44,5;100
65;45;100
65;45,5;100
65;46;100
65;46,5;100
65;47;100
65;47,5;100
65;48;100
65;48,5;100
65;49;100
65;49,5;100
65;50;100
65;50,5;100
65;51;100
65;51,5;100
65;52;100
65;52,5;100
65;53;100
65;53,5;100
65;54;100
65;54,5;100
65;55;72
65;55,5;92
65;56;100
65;56,5;100
65;57;100
65;57,5;100
65;58;100
65;58,5;100
65;59;84
65;59,5;88
65;60;88
65;60,5;88
65;61;60
65;61,5;76
65;62;40
65;62,5;68
65;63;28
65;63,5;64
65;64;92
65;64,5;80
65;65;4
65;65,5;24
65;66;76
65;66,5;100
65;67;88
65;67,5;96
65;68;100
65;68,5;100
65;69;100
65;69,5;100
65;70;100
65;70,5;100
65;71;100
65;71,5;100
65;72;100
65;72,5;88
65;73;100
65;73,5;84
65;74;8
65,5;-16,5;12
65,5;-16;32
65,5;-15,5;52
65,5;-15;68
65,5;-14,5;80
65,5;-14;88
65,5;-13,5;36
65,5;-13;72
65,5;-12,5;36
65,5;-12;0
65,5;-11,5;40
65,5;-11;32
65,5;-10;0
65,5;-9,5;4
65,5;-9;68
65,5;-8,5;96
65,5;-8;100
65,5;-7,5;80
65,5;-7;76
65,5;-6,5;96
65,5;-6;96
65,5;-5,5;8
65,5;-5;68
65,5;-4,5;96
65,5;-4;80
65,5;-3,5;52
65,5;-3;96
65,5;-2,5;100
65,5;-2;100
65,5;-1,5;100
65,5;-1;100
65,5;-0,5;100
65,5;0;100
65,5;0,5;100
65,5;1;100
65,5;1,5;100
65,5;2;96
65,5;2,5;100
65,5;3;100
65,5;3,5;48
65,5;4;88
65,5;4,5;92
65,5;5;100
65,5;5,5;100
65,5;6;100
65,5;6,5;100
65,5;7;100
65,5;7,5;100
65,5;8;100
65,5;8,5;100
65,5;9;100
65,5;9,5;100
65,5;10;100
65,5;10,5;96
65,5;11;48
65,5;11,5;44
65,5;12;28
65,5;12,5;92
65,5;13;100
65,5;13,5;100
65,5;14;100
65,5;14,5;100
65,5;15;100
65,5;15,5;100
65,5;16;100
65,5;16,5;60
65,5;17;24
65,5;17,5;0
65,5;18;52
65,5;18,5;100
65,5;19;100
65,5;19,5;100
65,5;20;100
65,5;20,5;100
65,5;21;100
65,5;21,5;100
65,5;22;96
65,5;22,5;76
65,5;23;80
65,5;23,5;96
65,5;24;100
65,5;24,5;96
65,5;25;100
65,5;25,5;100
65,5;26;100
65,5;26,5;100
65,5;27;100
65,5;27,5;100
65,5;28;100
65,5;28,5;100
65,5;29;100
65,5;29,5;100
65,5;30;100
65,5;30,5;100
65,5;31;100
65,5;31,5;100
65,5;32;96
65,5;32,5;100
65,5;33;100
65,5;33,5;100
65,5;34;100
65,5;34,5;100
65,5;35;100
65,5;35,5;100
65,5;36;100
65,5;36,5;100
65,5;37;100
65,5;37,5;100
65,5;38;100
65,5;38,5;100
65,5;39;100
65,5;39,5;100
65,5;40;100
65,5;40,5;100
65,5;41;100
65,5;41,5;100
65,5;42;100
65,5;42,5;100
65,5;43;100
65,5;43,5;100
65,5;44;100
65,5;44,5;100
65,5;45;100
65,5;45,5;100
65,5;46;100
65,5;46,5;100
65,5;47;100
65,5;47,5;100
65,5;48;100
65,5;48,5;100
65,5;49;100
65,5;49,5;100
65,5;50;100
65,5;50,5;100
65,5;51;100
65,5;51,5;100
65,5;52;100
65,5;52,5;100
65,5;53;100
65,5;53,5;100
65,5;54;100
65,5;54,5;96
65,5;55;48
65,5;55,5;88
65,5;56;100
65,5;56,5;100
65,5;57;100
65,5;57,5;100
65,5;58;96
65,5;58,5;88
65,5;59;64
65,5;59,5;80
65,5;60;80
65,5;60,5;76
65,5;61;52
65,5;61,5;68
65,5;62;68
65,5;62,5;44
65,5;63;28
65,5;63,5;20
65,5;64;76
65,5;64,5;100
65,5;65;44
65,5;65,5;72
65,5;66;100
65,5;66,5;96
65,5;67;100
65,5;67,5;100
65,5;68;100
65,5;68,5;92
65,5;69;100
65,5;69,5;100
65,5;70;100
65,5;70,5;100
65,5;71;100
65,5;71,5;100
65,5;72;96
65,5;72,5;100
65,5;73;92
65,5;73,5;16
66;-16;24
66;-15,5;68
66;-15;76
66;-14,5;76
66;-14;28
66;-13,5;28
66;-13;28
66;-12,5;32
66;-12;0
66;-11,5;8
66;-11;8
66;-10;0
66;-9,5;0
66;-9;0
66;-8,5;4
66;-8;28
66;-7,5;16
66;-7;68
66;-6,5;68
66;-6;36
66;-5,5;0
66;-5;8
66;-4,5;96
66;-4;72
66;-3,5;88
66;-3;100
66;-2,5;100
66;-2;100
66;-1,5;100
66;-1;100
66;-0,5;100
66;0;100
66;0,5;100
66;1;100
66;1,5;100
66;2;100
66;2,5;100
66;3;100
66;3,5;100
66;4;100
66;4,5;100
66;5;100
66;5,5;100
66;6;100
66;6,5;100
66;7;100
66;7,5;100
66;8;100
66;8,5;100
66;9;100
66;9,5;100
66;10;100
66;10,5;100
66;11;84
66;11,5;40
66;12;8
66;12,5;76
66;13;92
66;13,5;92
66;14;100
66;14,5;100
66;15;96
66;15,5;100
66;16;100
66;16,5;88
66;17;0
66;17,5;0
66;18;44
66;18,5;64
66;19;96
66;19,5;100
66;20;100
66;20,5;100
66;21;100
66;21,5;100
66;22;100
66;22,5;100
66;23;100
66;23,5;88
66;24;88
66;24,5;96
66;25;100
66;25,5;96
66;26;96
66;26,5;100
66;27;100
66;27,5;100
66;28;100
66;28,5;100
66;29;100
66;29,5;100
66;30;100
66;30,5;100
66;31;100
66;31,5;100
66;32;100
66;32,5;100
66;33;100
66;33,5;100
66;34;100
66;34,5;100
66;35;100
66;35,5;100
66;36;100
66;36,5;100
66;37;100
66;37,5;100
66;38;100
66;38,5;100
66;39;100
66;39,5;100
66;40;100
66;40,5;100
66;41;100
66;41,5;100
66;42;100
66;42,5;100
66;43;100
66;43,5;100
66;44;100
66;44,5;100
66;45;100
66;45,5;96
66;46;100
66;46,5;96
66;47;100
66;47,5;100
66;48;100
66;48,5;100
66;49;100
66;49,5;100
66;50;100
66;50,5;100
66;51;100
66;51,5;100
66;52;100
66;52,5;100
66;53;100
66;53,5;100
66;54;100
66;54,5;84
66;55;36
66;55,5;96
66;56;96
66;56,5;96
66;57;100
66;57,5;96
66;58;96
66;58,5;80
66;59;64
66;59,5;68
66;60;84
66;60,5;68
66;61;40
66;61,5;20
66;62;20
66;62,5;48
66;63;32
66;63,5;44
66;64;88
66;64,5;80
66;65;36
66;65,5;84
66;66;96
66;66,5;100
66;67;92
66;67,5;100
66;68;100
66;68,5;100
66;69;100
66;69,5;100
66;70;100
66;70,5;100
66;71;100
66;71,5;100
66;72;100
66;72,5;88
66;73;24
66,5;-15,5;56
66,5;-15;100
66,5;-14,5;68
66,5;-14;84
66,5;-13,5;76
66,5;-13;92
66,5;-12,5;80
66,5;-12;0
66,5;-11,5;16
66,5;-11;12
66,5;-10;0
66,5;-9,5;0
66,5;-9;0
66,5;-8,5;12
66,5;-8;4
66,5;-7,5;40
66,5;-7;28
66,5;-6,5;0
66,5;-6;0
66,5;-5,5;0
66,5;-5;4
66,5;-4,5;36
66,5;-4;68
66,5;-3,5;64
66,5;-3;100
66,5;-2,5;96
66,5;-2;100
66,5;-1,5;100
66,5;-1;100
66,5;-0,5;100
66,5;0;100
66,5;0,5;100
66,5;1;100
66,5;1,5;100
66,5;2;100
66,5;2,5;100
66,5;3;100
66,5;3,5;100
66,5;4;100
66,5;4,5;100
66,5;5;100
66,5;5,5;100
66,5;6;100
66,5;6,5;100
66,5;7;100
66,5;7,5;100
66,5;8;100
66,5;8,5;100
66,5;9;100
66,5;9,5;100
66,5;10;100
66,5;10,5;100
66,5;11;96
66,5;11,5;68
66,5;12;92
66,5;12,5;60
66,5;13;100
66,5;13,5;100
66,5;14;100
66,5;14,5;100
66,5;15;100
66,5;15,5;100
66,5;16;96
66,5;16,5;80
66,5;17;4
66,5;17,5;88
66,5;18;100
66,5;18,5;100
66,5;19;100
66,5;19,5;100
66,5;20;100
66,5;20,5;100
66,5;21;100
66,5;21,5;100
66,5;22;100
66,5;22,5;100
66,5;23;100
66,5;23,5;100
66,5;24;96
66,5;24,5;100
66,5;25;100
66,5;25,5;100
66,5;26;100
66,5;26,5;96
66,5;27;100
66,5;27,5;100
66,5;28;100
66,5;28,5;100
66,5;29;100
66,5;29,5;100
66,5;30;100
66,5;30,5;100
66,5;31;100
66,5;31,5;100
66,5;32;100
66,5;32,5;100
66,5;33;100
66,5;33,5;100
66,5;34;100
66,5;34,5;100
66,5;35;100
66,5;35,5;100
66,5;36;100
66,5;36,5;100
66,5;37;100
66,5;37,5;100
66,5;38;100
66,5;38,5;100
66,5;39;100
66,5;39,5;100
66,5;40;100
66,5;40,5;100
66,5;41;100
66,5;41,5;100
66,5;42;100
66,5;42,5;100
66,5;43;100
66,5;43,5;100
66,5;44;100
66,5;44,5;100
66,5;45;100
66,5;45,5;100
66,5;46;100
66,5;46,5;100
66,5;47;100
66,5;47,5;100
66,5;48;100
66,5;48,5;100
66,5;49;100
66,5;49,5;100
66,5;50;100
66,5;50,5;100
66,5;51;100
66,5;51,5;100
66,5;52;100
66,5;52,5;100
66,5;53;80
66,5;53,5;92
66,5;54;100
66,5;54,5;96
66,5;55;76
66,5;55,5;96
66,5;56;100
66,5;56,5;100
66,5;57;96
66,5;57,5;88
66,5;58;92
66,5;58,5;76
66,5;59;44
66,5;59,5;84
66,5;60;96
66,5;60,5;100
66,5;61;92
66,5;61,5;56
66,5;62;44
66,5;62,5;12
66,5;63;20
66,5;63,5;48
66,5;64;88
66,5;64,5;20
66,5;65;32
66,5;65,5;92
66,5;66;72
66,5;66,5;96
66,5;67;100
66,5;67,5;100
66,5;68;100
66,5;68,5;100
66,5;69;100
66,5;69,5;100
66,5;70;100
66,5;70,5;100
66,5;71;100
66,5;71,5;100
66,5;72;96
66,5;72,5;24
67;-15;56
67;-14,5;88
67;-14;72
67;-13,5;80
67;-13;76
67;-12,5;72
67;-12;16
67;-11,5;12
67;-11;8
67;-10,5;0
67;-10;0
67;-9;0
67;-8,5;16
67;-8;32
67;-7,5;8
67;-7;24
67;-6,5;0
67;-6;0
67;-5,5;0
67;-5;24
67;-4,5;8
67;-4;32
67;-3,5;56
67;-3;100
67;-2,5;96
67;-2;100
67;-1,5;100
67;-1;100
67;-0,5;100
67;0;100
67;0,5;100
67;1;100
67;1,5;100
67;2;100
67;2,5;100
67;3;64
67;3,5;52
67;4;72
67;4,5;100
67;5;100
67;5,5;100
67;6;100
67;6,5;100
67;7;100
67;7,5;100
67;8;100
67;8,5;100
67;9;100
67;9,5;100
67;10;100
67;10,5;100
67;11;100
67;11,5;100
67;12;100
67;12,5;92
67;13;92
67;13,5;100
67;14;100
67;14,5;96
67;15;100
67;15,5;96
67;16;20
67;16,5;56
67;17;12
67;17,5;48
67;18;100
67;18,5;100
67;19;100
67;19,5;100
67;20;100
67;20,5;100
67;21;100
67;21,5;100
67;22;100
67;22,5;100
67;23;100
67;23,5;100
67;24;100
67;24,5;100
67;25;96
67;25,5;100
67;26;100
67;26,5;100
67;27;100
67;27,5;100
67;28;100
67;28,5;100
67;29;100
67;29,5;100
67;30;100
67;30,5;100
67;31;100
67;31,5;100
67;32;100
67;32,5;100
67;33;100
67;33,5;100
67;34;100
67;34,5;100
67;35;100
67;35,5;100
67;36;100
67;36,5;100
67;37;100
67;37,5;100
67;38;100
67;38,5;100
67;39;100
67;39,5;100
67;40;100
67;40,5;100
67;41;100
67;41,5;100
67;42;100
67;42,5;100
67;43;100
67;43,5;100
67;44;100
67;44,5;100
67;45;100
67;45,5;100
67;46;100
67;46,5;100
67;47;100
67;47,5;100
67;48;100
67;48,5;100
67;49;96
67;49,5;100
67;50;100
67;50,5;100
67;51;100
67;51,5;100
67;52;96
67;52,5;92
67;53;48
67;53,5;80
67;54;80
67;54,5;88
67;55;80
67;55,5;100
67;56;96
67;56,5;100
67;57;96
67;57,5;100
67;58;84
67;58,5;88
67;59;92
67;59,5;92
67;60;100
67;60,5;100
67;61;100
67;61,5;100
67;62;96
67;62,5;52
67;63;48
67;63,5;48
67;64;32
67;64,5;32
67;65;28
67;65,5;80
67;66;100
67;66,5;96
67;67;88
67;67,5;100
67;68;96
67;68,5;96
67;69;100
67;69,5;100
67;70;100
67;70,5;100
67;71;100
67;71,5;96
67;72;24
67,5;-14,5;36
67,5;-14;80
67,5;-13,5;88
67,5;-13;52
67,5;-12,5;52
67,5;-12;24
67,5;-11,5;28
67,5;-11;20
67,5;-10,5;0
67,5;-10;0
67,5;-9,5;0
67,5;-9;0
67,5;-8,5;8
67,5;-8;60
67,5;-7,5;36
67,5;-7;64
67,5;-6,5;36
67,5;-6;84
67,5;-5,5;68
67,5;-5;72
67,5;-4,5;40
67,5;-4;8
67,5;-3,5;60
67,5;-3;92
67,5;-2,5;100
67,5;-2;100
67,5;-1,5;100
67,5;-1;100
67,5;-0,5;100
67,5;0;100
67,5;0,5;100
67,5;1;100
67,5;1,5;100
67,5;2;100
67,5;2,5;100
67,5;3;80
67,5;3,5;24
67,5;4;72
67,5;4,5;96
67,5;5;100
67,5;5,5;100
67,5;6;100
67,5;6,5;100
67,5;7;100
67,5;7,5;100
67,5;8;100
67,5;8,5;100
67,5;9;100
67,5;9,5;100
67,5;10;100
67,5;10,5;100
67,5;11;100
67,5;11,5;100
67,5;12;100
67,5;12,5;100
67,5;13;100
67,5;13,5;100
67,5;14;100
67,5;14,5;100
67,5;15;100
67,5;15,5;100
67,5;16;84
67,5;16,5;88
67,5;17;0
67,5;17,5;80
67,5;18;100
67,5;18,5;96
67,5;19;100
67,5;19,5;100
67,5;20;100
67,5;20,5;100
67,5;21;100
67,5;21,5;100
67,5;22;100
67,5;22,5;100
67,5;23;100
67,5;23,5;100
67,5;24;100
67,5;24,5;100
67,5;25;100
67,5;25,5;100
67,5;26;100
67,5;26,5;100
67,5;27;100
67,5;27,5;100
67,5;28;100
67,5;28,5;100
67,5;29;100
67,5;29,5;100
67,5;30;100
67,5;30,5;100
67,5;31;100
67,5;31,5;100
67,5;32;100
67,5;32,5;100
67,5;33;100
67,5;33,5;100
67,5;34;100
67,5;34,5;100
67,5;35;100
67,5;35,5;100
67,5;36;100
67,5;36,5;100
67,5;37;100
67,5;37,5;100
67,5;38;100
67,5;38,5;100
67,5;39;100
67,5;39,5;100
67,5;40;100
67,5;40,5;100
67,5;41;100
67,5;41,5;100
67,5;42;100
67,5;42,5;100
67,5;43;100
67,5;43,5;100
67,5;44;100
67,5;44,5;100
67,5;45;100
67,5;45,5;100
67,5;46;100
67,5;46,5;100
67,5;47;100
67,5;47,5;100
67,5;48;100
67,5;48,5;100
67,5;49;100
67,5;49,5;100
67,5;50;100
67,5;50,5;100
67,5;51;100
67,5;51,5;72
67,5;52;76
67,5;52,5;48
67,5;53;80
67,5;53,5;80
67,5;54;72
67,5;54,5;80
67,5;55;88
67,5;55,5;100
67,5;56;100
67,5;56,5;100
67,5;57;100
67,5;57,5;100
67,5;58;80
67,5;58,5;84
67,5;59;88
67,5;59,5;92
67,5;60;100
67,5;60,5;100
67,5;61;100
67,5;61,5;100
67,5;62;100
67,5;62,5;88
67,5;63;72
67,5;63,5;48
67,5;64;52
67,5;64,5;56
67,5;65;40
67,5;65,5;64
67,5;66;88
67,5;66,5;100
67,5;67;92
67,5;67,5;92
67,5;68;92
67,5;68,5;60
67,5;69;96
67,5;69,5;100
67,5;70;100
67,5;70,5;100
67,5;71;88
67,5;71,5;12
68;-14;36
68;-13,5;48
68;-13;36
68;-12,5;72
68;-12;20
68;-11,5;24
68;-11;0
68;-10,5;0
68;-10;0
68;-9,5;28
68;-9;0
68;-8,5;48
68;-8;36
68;-7,5;72
68;-7;88
68;-6,5;96
68;-6;92
68;-5,5;96
68;-5;100
68;-4,5;88
68;-4;16
68;-3,5;40
68;-3;60
68;-2,5;96
68;-2;100
68;-1,5;100
68;-1;100
68;-0,5;100
68;0;100
68;0,5;100
68;1;100
68;1,5;100
68;2;100
68;2,5;100
68;3;100
68;3,5;100
68;4;100
68;4,5;100
68;5;100
68;5,5;100
68;6;100
68;6,5;100
68;7;100
68;7,5;96
68;8;100
68;8,5;100
68;9;100
68;9,5;100
68;10;100
68;10,5;100
68;11;100
68;11,5;100
68;12;100
68;12,5;100
68;13;100
68;13,5;100
68;14;100
68;14,5;100
68;15;88
68;15,5;100
68;16;100
68;16,5;96
68;17;76
68;17,5;100
68;18;100
68;18,5;100
68;19;100
68;19,5;100
68;20;100
68;20,5;100
68;21;100
68;21,5;100
68;22;100
68;22,5;100
68;23;100
68;23,5;100
68;24;100
68;24,5;100
68;25;100
68;25,5;96
68;26;100
68;26,5;100
68;27;100
68;27,5;100
68;28;96
68;28,5;100
68;29;100
68;29,5;100
68;30;100
68;30,5;100
68;31;100
68;31,5;100
68;32;100
68;32,5;100
68;33;100
68;33,5;100
68;34;100
68;34,5;100
68;35;100
68;35,5;100
68;36;100
68;36,5;100
68;37;80
68;37,5;96
68;38;100
68;38,5;100
68;39;100
68;39,5;100
68;40;100
68;40,5;100
68;41;100
68;41,5;100
68;42;100
68;42,5;100
68;43;100
68;43,5;100
68;44;100
68;44,5;100
68;45;100
68;45,5;100
68;46;100
68;46,5;100
68;47;100
68;47,5;100
68;48;100
68;48,5;100
68;49;100
68;49,5;100
68;50;100
68;50,5;100
68;51;100
68;51,5;96
68;52;92
68;52,5;88
68;53;88
68;53,5;84
68;54;92
68;54,5;96
68;55;100
68;55,5;96
68;56;100
68;56,5;100
68;57;100
68;57,5;100
68;58;76
68;58,5;92
68;59;96
68;59,5;96
68;60;96
68;60,5;96
68;61;76
68;61,5;96
68;62;92
68;62,5;100
68;63;100
68;63,5;84
68;64;80
68;64,5;20
68;65;76
68;65,5;52
68;66;76
68;66,5;92
68;67;80
68;67,5;72
68;68;60
68;68,5;76
68;69;72
68;69,5;96
68;70;100
68;70,5;68
68;71;8
68,5;-13,5;4
68,5;-13;36
68,5;-12,5;40
68,5;-12;20
68,5;-11,5;36
68,5;-11;24
68,5;-10,5;56
68,5;-10;32
68,5;-9,5;36
68,5;-9;16
68,5;-8,5;92
68,5;-8;72
68,5;-7,5;100
68,5;-7;100
68,5;-6,5;100
68,5;-6;96
68,5;-5,5;100
68,5;-5;100
68,5;-4,5;96
68,5;-4;80
68,5;-3,5;44
68,5;-3;72
68,5;-2,5;80
68,5;-2;100
68,5;-1,5;96
68,5;-1;100
68,5;-0,5;100
68,5;0;100
68,5;0,5;100
68,5;1;100
68,5;1,5;100
68,5;2;100
68,5;2,5;100
68,5;3;100
68,5;3,5;100
68,5;4;100
68,5;4,5;100
68,5;5;84
68,5;5,5;80
68,5;6;100
68,5;6,5;100
68,5;7;100
68,5;7,5;100
68,5;8;100
68,5;8,5;100
68,5;9;100
68,5;9,5;100
68,5;10;100
68,5;10,5;100
68,5;11;100
68,5;11,5;100
68,5;12;100
68,5;12,5;100
68,5;13;100
68,5;13,5;100
68,5;14;100
68,5;14,5;92
68,5;15;88
68,5;15,5;100
68,5;16;100
68,5;16,5;100
68,5;17;96
68,5;17,5;100
68,5;18;100
68,5;18,5;100
68,5;19;100
68,5;19,5;100
68,5;20;100
68,5;20,5;100
68,5;21;100
68,5;21,5;100
68,5;22;100
68,5;22,5;100
68,5;23;100
68,5;23,5;100
68,5;24;100
68,5;24,5;100
68,5;25;100
68,5;25,5;100
68,5;26;100
68,5;26,5;100
68,5;27;100
68,5;27,5;100
68,5;28;100
68,5;28,5;100
68,5;29;100
68,5;29,5;100
68,5;30;100
68,5;30,5;100
68,5;31;100
68,5;31,5;100
68,5;32;100
68,5;32,5;100
68,5;33;92
68,5;33,5;92
68,5;34;100
68,5;34,5;100
68,5;35;100
68,5;35,5;100
68,5;36;100
68,5;36,5;96
68,5;37;88
68,5;37,5;92
68,5;38;100
68,5;38,5;100
68,5;39;100
68,5;39,5;96
68,5;40;100
68,5;40,5;100
68,5;41;100
68,5;41,5;100
68,5;42;100
68,5;42,5;100
68,5;43;100
68,5;43,5;100
68,5;44;100
68,5;44,5;100
68,5;45;100
68,5;45,5;100
68,5;46;100
68,5;46,5;100
68,5;47;100
68,5;47,5;100
68,5;48;100
68,5;48,5;100
68,5;49;100
68,5;49,5;100
68,5;50;100
68,5;50,5;100
68,5;51;92
68,5;51,5;92
68,5;52;96
68,5;52,5;92
68,5;53;100
68,5;53,5;100
68,5;54;96
68,5;54,5;100
68,5;55;96
68,5;55,5;100
68,5;56;100
68,5;56,5;100
68,5;57;100
68,5;57,5;100
68,5;58;72
68,5;58,5;72
68,5;59;88
68,5;59,5;100
68,5;60;68
68,5;60,5;76
68,5;61;92
68,5;61,5;52
68,5;62;64
68,5;62,5;96
68,5;63;92
68,5;63,5;92
68,5;64;96
68,5;64,5;96
68,5;65;68
68,5;65,5;32
68,5;66;56
68,5;66,5;64
68,5;67;80
68,5;67,5;84
68,5;68;100
68,5;68,5;100
68,5;69;100
68,5;69,5;100
68,5;70;56
68,5;70,5;4
69;-13;4
69;-12,5;16
69;-11,5;56
69;-11;72
69;-10,5;84
69;-10;80
69;-9,5;100
69;-9;76
69;-8,5;88
69;-8;100
69;-7,5;100
69;-7;100
69;-6,5;100
69;-6;100
69;-5,5;96
69;-5;100
69;-4,5;96
69;-4;52
69;-3,5;84
69;-3;88
69;-2,5;96
69;-2;100
69;-1,5;100
69;-1;100
69;-0,5;100
69;0;100
69;0,5;100
69;1;100
69;1,5;100
69;2;100
69;2,5;96
69;3;100
69;3,5;100
69;4;100
69;4,5;92
69;5;92
69;5,5;80
69;6;84
69;6,5;100
69;7;100
69;7,5;100
69;8;100
69;8,5;100
69;9;100
69;9,5;100
69;10;100
69;10,5;100
69;11;100
69;11,5;100
69;12;100
69;12,5;100
69;13;100
69;13,5;100
69;14;100
69;14,5;92
69;15;76
69;15,5;100
69;16;88
69;16,5;92
69;17;92
69;17,5;96
69;18;92
69;18,5;100
69;19;100
69;19,5;100
69;20;100
69;20,5;100
69;21;100
69;21,5;100
69;22;100
69;22,5;100
69;23;100
69;23,5;100
69;24;100
69;24,5;100
69;25;100
69;25,5;100
69;26;100
69;26,5;100
69;27;96
69;27,5;96
69;28;100
69;28,5;100
69;29;100
69;29,5;100
69;30;100
69;30,5;100
69;31;100
69;31,5;100
69;32;100
69;32,5;100
69;33;100
69;33,5;100
69;34;96
69;34,5;100
69;35;100
69;35,5;100
69;36;100
69;36,5;100
69;37;100
69;37,5;100
69;38;100
69;38,5;100
69;39;100
69;39,5;84
69;40;76
69;40,5;100
69;41;100
69;41,5;100
69;42;100
69;42,5;100
69;43;96
69;43,5;100
69;44;100
69;44,5;100
69;45;100
69;45,5;100
69;46;100
69;46,5;100
69;47;100
69;47,5;100
69;48;100
69;48,5;100
69;49;100
69;49,5;100
69;50;100
69;50,5;100
69;51;100
69;51,5;96
69;52;96
69;52,5;96
69;53;100
69;53,5;96
69;54;100
69;54,5;92
69;55;92
69;55,5;100
69;56;100
69;56,5;100
69;57;100
69;57,5;100
69;58;100
69;58,5;100
69;59;100
69;59,5;100
69;60;88
69;60,5;76
69;61;96
69;61,5;100
69;62;100
69;62,5;92
69;63;96
69;63,5;88
69;64;84
69;64,5;88
69;65;44
69;65,5;44
69;66;32
69;66,5;88
69;67;100
69;67,5;96
69;68;100
69;68,5;100
69;69;96
69;69,5;36
69,5;-12,5;40
69,5;-12;28
69,5;-11,5;48
69,5;-11;100
69,5;-10,5;96
69,5;-10;100
69,5;-9,5;88
69,5;-9;96
69,5;-8,5;100
69,5;-8;100
69,5;-7,5;100
69,5;-7;100
69,5;-6,5;100
69,5;-6;100
69,5;-5,5;92
69,5;-5;92
69,5;-4,5;100
69,5;-4;84
69,5;-3,5;60
69,5;-3;96
69,5;-2,5;88
69,5;-2;100
69,5;-1,5;96
69,5;-1;96
69,5;-0,5;96
69,5;0;100
69,5;0,5;100
69,5;1;100
69,5;1,5;100
69,5;2;100
69,5;2,5;100
69,5;3;92
69,5;3,5;100
69,5;4;100
69,5;4,5;100
69,5;5;68
69,5;5,5;76
69,5;6;96
69,5;6,5;96
69,5;7;100
69,5;7,5;100
69,5;8;100
69,5;8,5;100
69,5;9;100
69,5;9,5;100
69,5;10;100
69,5;10,5;100
69,5;11;100
69,5;11,5;100
69,5;12;100
69,5;12,5;100
69,5;13;100
69,5;13,5;100
69,5;14;100
69,5;14,5;96
69,5;15;100
69,5;15,5;100
69,5;16;72
69,5;16,5;80
69,5;17;96
69,5;17,5;100
69,5;18;100
69,5;18,5;100
69,5;19;100
69,5;19,5;100
69,5;20;100
69,5;20,5;100
69,5;21;100
69,5;21,5;100
69,5;22;100
69,5;22,5;100
69,5;23;100
69,5;23,5;100
69,5;24;100
69,5;24,5;100
69,5;25;100
69,5;25,5;100
69,5;26;100
69,5;26,5;96
69,5;27;100
69,5;27,5;100
69,5;28;100
69,5;28,5;100
69,5;29;100
69,5;29,5;100
69,5;30;100
69,5;30,5;100
69,5;31;100
69,5;31,5;100
69,5;32;100
69,5;32,5;100
69,5;33;100
69,5;33,5;100
69,5;34;100
69,5;34,5;100
69,5;35;100
69,5;35,5;100
69,5;36;100
69,5;36,5;100
69,5;37;88
69,5;37,5;96
69,5;38;100
69,5;38,5;100
69,5;39;100
69,5;39,5;100
69,5;40;76
69,5;40,5;100
69,5;41;100
69,5;41,5;100
69,5;42;100
69,5;42,5;80
69,5;43;72
69,5;43,5;96
69,5;44;100
69,5;44,5;100
69,5;45;96
69,5;45,5;100
69,5;46;96
69,5;46,5;100
69,5;47;100
69,5;47,5;92
69,5;48;100
69,5;48,5;100
69,5;49;96
69,5;49,5;100
69,5;50;100
69,5;50,5;100
69,5;51;100
69,5;51,5;100
69,5;52;96
69,5;52,5;100
69,5;53;92
69,5;53,5;100
69,5;54;96
69,5;54,5;96
69,5;55;76
69,5;55,5;76
69,5;56;96
69,5;56,5;100
69,5;57;100
69,5;57,5;100
69,5;58;100
69,5;58,5;100
69,5;59;100
69,5;59,5;100
69,5;60;100
69,5;60,5;84
69,5;61;96
69,5;61,5;84
69,5;62;92
69,5;62,5;96
69,5;63;64
69,5;63,5;48
69,5;64;76
69,5;64,5;80
69,5;65;28
69,5;65,5;64
69,5;66;84
69,5;66,5;88
69,5;67;96
69,5;67,5;100
69,5;68;100
69,5;68,5;60
69,5;69;16
70;-12;12
70;-11,5;64
70;-11;100
70;-10,5;100
70;-10;72
70;-9,5;84
70;-9;100
70;-8,5;100
70;-8;100
70;-7,5;100
70;-7;100
70;-6,5;100
70;-6;100
70;-5,5;92
70;-5;84
70;-4,5;88
70;-4;88
70;-3,5;56
70;-3;64
70;-2,5;84
70;-2;96
70;-1,5;96
70;-1;92
70;-0,5;92
70;0;96
70;0,5;100
70;1;96
70;1,5;100
70;2;100
70;2,5;96
70;3;80
70;3,5;92
70;4;100
70;4,5;88
70;5;52
70;5,5;92
70;6;100
70;6,5;100
70;7;100
70;7,5;100
70;8;100
70;8,5;100
70;9;100
70;9,5;100
70;10;100
70;10,5;100
70;11;100
70;11,5;100
70;12;100
70;12,5;100
70;13;100
70;13,5;100
70;14;100
70;14,5;100
70;15;100
70;15,5;100
70;16;92
70;16,5;44
70;17;96
70;17,5;100
70;18;100
70;18,5;100
70;19;96
70;19,5;100
70;20;100
70;20,5;100
70;21;100
70;21,5;100
70;22;100
70;22,5;100
70;23;100
70;23,5;100
70;24;100
70;24,5;100
70;25;100
70;25,5;100
70;26;100
70;26,5;100
70;27;96
70;27,5;100
70;28;100
70;28,5;100
70;29;100
70;29,5;100
70;30;100
70;30,5;96
70;31;100
70;31,5;100
70;32;100
70;32,5;100
70;33;100
70;33,5;100
70;34;100
70;34,5;100
70;35;100
70;35,5;100
70;36;100
70;36,5;100
70;37;96
70;37,5;96
70;38;100
70;38,5;100
70;39;100
70;39,5;100
70;40;100
70;40,5;88
70;41;100
70;41,5;84
70;42;80
70;42,5;84
70;43;32
70;43,5;32
70;44;100
70;44,5;100
70;45;96
70;45,5;100
70;46;96
70;46,5;100
70;47;100
70;47,5;88
70;48;100
70;48,5;100
70;49;100
70;49,5;100
70;50;100
70;50,5;96
70;51;96
70;51,5;100
70;52;100
70;52,5;92
70;53;72
70;53,5;88
70;54;92
70;54,5;96
70;55;88
70;55,5;96
70;56;100
70;56,5;100
70;57;100
70;57,5;100
70;58;100
70;58,5;100
70;59;100
70;59,5;100
70;60;100
70;60,5;96
70;61;100
70;61,5;96
70;62;88
70;62,5;64
70;63;92
70;63,5;96
70;64;72
70;64,5;48
70;65;64
70;65,5;84
70;66;100
70;66,5;100
70;67;100
70;67,5;88
70;68;32
70,5;-11,5;12
70,5;-11;48
70,5;-10,5;100
70,5;-10;100
70,5;-9,5;72
70,5;-9;92
70,5;-8,5;100
70,5;-8;100
70,5;-7,5;96
70,5;-7;100
70,5;-6,5;96
70,5;-6;76
70,5;-5,5;76
70,5;-5;72
70,5;-4,5;96
70,5;-4;76
70,5;-3,5;84
70,5;-3;60
70,5;-2,5;88
70,5;-2;92
70,5;-1,5;60
70,5;-1;88
70,5;-0,5;68
70,5;0;84
70,5;0,5;92
70,5;1;100
70,5;1,5;100
70,5;2;36
70,5;2,5;52
70,5;3;88
70,5;3,5;68
70,5;4;96
70,5;4,5;96
70,5;5;96
70,5;5,5;84
70,5;6;100
70,5;6,5;100
70,5;7;100
70,5;7,5;100
70,5;8;100
70,5;8,5;100
70,5;9;100
70,5;9,5;100
70,5;10;100
70,5;10,5;100
70,5;11;100
70,5;11,5;100
70,5;12;100
70,5;12,5;100
70,5;13;100
70,5;13,5;100
70,5;14;100
70,5;14,5;100
70,5;15;100
70,5;15,5;96
70,5;16;100
70,5;16,5;88
70,5;17;100
70,5;17,5;100
70,5;18;100
70,5;18,5;100
70,5;19;92
70,5;19,5;100
70,5;20;100
70,5;20,5;100
70,5;21;100
70,5;21,5;100
70,5;22;100
70,5;22,5;100
70,5;23;100
70,5;23,5;100
70,5;24;100
70,5;24,5;100
70,5;25;100
70,5;25,5;100
70,5;26;100
70,5;26,5;100
70,5;27;100
70,5;27,5;100
70,5;28;100
70,5;28,5;100
70,5;29;100
70,5;29,5;100
70,5;30;100
70,5;30,5;100
70,5;31;100
70,5;31,5;100
70,5;32;100
70,5;32,5;100
70,5;33;100
70,5;33,5;100
70,5;34;100
70,5;34,5;100
70,5;35;100
70,5;35,5;100
70,5;36;100
70,5;36,5;100
70,5;37;100
70,5;37,5;96
70,5;38;100
70,5;38,5;100
70,5;39;100
70,5;39,5;100
70,5;40;88
70,5;40,5;96
70,5;41;52
70,5;41,5;16
70,5;42;40
70,5;42,5;76
70,5;43;92
70,5;43,5;80
70,5;44;100
70,5;44,5;100
70,5;45;100
70,5;45,5;100
70,5;46;100
70,5;46,5;100
70,5;47;100
70,5;47,5;100
70,5;48;100
70,5;48,5;100
70,5;49;100
70,5;49,5;100
70,5;50;92
70,5;50,5;100
70,5;51;100
70,5;51,5;84
70,5;52;88
70,5;52,5;76
70,5;53;56
70,5;53,5;52
70,5;54;80
70,5;54,5;56
70,5;55;88
70,5;55,5;100
70,5;56;96
70,5;56,5;100
70,5;57;100
70,5;57,5;100
70,5;58;100
70,5;58,5;100
70,5;59;100
70,5;59,5;100
70,5;60;100
70,5;60,5;100
70,5;61;92
70,5;61,5;92
70,5;62;80
70,5;62,5;76
70,5;63;100
70,5;63,5;92
70,5;64;76
70,5;64,5;44
70,5;65;64
70,5;65,5;48
70,5;66;96
70,5;66,5;92
70,5;67;52
70,5;67,5;8
71;-10,5;36
71;-10;96
71;-9,5;96
71;-9;100
71;-8,5;96
71;-8;100
71;-7,5;100
71;-7;92
71;-6,5;92
71;-6;80
71;-5,5;84
71;-5;92
71;-4,5;88
71;-4;84
71;-3,5;92
71;-3;84
71;-2,5;100
71;-2;84
71;-1,5;60
71;-1;100
71;-0,5;96
71;0;92
71;0,5;72
71;1;100
71;1,5;76
71;2;60
71;2,5;28
71;3;48
71;3,5;20
71;4;12
71;4,5;96
71;5;80
71;5,5;68
71;6;92
71;6,5;96
71;7;100
71;7,5;100
71;8;100
71;8,5;100
71;9;100
71;9,5;100
71;10;100
71;10,5;100
71;11;100
71;11,5;100
71;12;100
71;12,5;100
71;13;100
71;13,5;100
71;14;100
71;14,5;100
71;15;100
71;15,5;100
71;16;80
71;16,5;88
71;17;96
71;17,5;100
71;18;100
71;18,5;96
71;19;100
71;19,5;100
71;20;100
71;20,5;100
71;21;100
71;21,5;100
71;22;100
71;22,5;100
71;23;100
71;23,5;100
71;24;100
71;24,5;100
71;25;100
71;25,5;100
71;26;100
71;26,5;100
71;27;100
71;27,5;100
71;28;100
71;28,5;96
71;29;96
71;29,5;100
71;30;100
71;30,5;100
71;31;100
71;31,5;100
71;32;100
71;32,5;100
71;33;100
71;33,5;100
71;34;100
71;34,5;100
71;35;100
71;35,5;100
71;36;100
71;36,5;100
71;37;100
71;37,5;100
71;38;100
71;38,5;100
71;39;100
71;39,5;100
71;40;100
71;40,5;92
71;41;60
71;41,5;56
71;42;72
71;42,5;68
71;43;96
71;43,5;100
71;44;96
71;44,5;88
71;45;96
71;45,5;100
71;46;100
71;46,5;100
71;47;100
71;47,5;100
71;48;100
71;48,5;100
71;49;100
71;49,5;100
71;50;100
71;50,5;100
71;51;100
71;51,5;64
71;52;40
71;52,5;60
71;53;100
71;53,5;92
71;54;84
71;54,5;72
71;55;76
71;55,5;96
71;56;88
71;56,5;100
71;57;100
71;57,5;100
71;58;100
71;58,5;100
71;59;100
71;59,5;100
71;60;100
71;60,5;100
71;61;100
71;61,5;96
71;62;80
71;62,5;92
71;63;88
71;63,5;40
71;64;60
71;64,5;80
71;65;100
71;65,5;88
71;66;64
71;66,5;16
71,5;-10;12
71,5;-9,5;68
71,5;-9;100
71,5;-8,5;100
71,5;-8;100
71,5;-7,5;88
71,5;-7;92
71,5;-6,5;80
71,5;-6;84
71,5;-5,5;100
71,5;-5;100
71,5;-4,5;76
71,5;-4;84
71,5;-3,5;92
71,5;-3;96
71,5;-2,5;88
71,5;-2;76
71,5;-1,5;100
71,5;-1;96
71,5;-0,5;100
71,5;0;100
71,5;0,5;76
71,5;1;84
71,5;1,5;84
71,5;2;96
71,5;2,5;68
71,5;3;16
71,5;3,5;0
71,5;4;32
71,5;4,5;80
71,5;5;96
71,5;5,5;48
71,5;6;68
71,5;6,5;96
71,5;7;100
71,5;7,5;100
71,5;8;100
71,5;8,5;100
71,5;9;100
71,5;9,5;100
71,5;10;100
71,5;10,5;100
71,5;11;100
71,5;11,5;100
71,5;12;100
71,5;12,5;100
71,5;13;100
71,5;13,5;100
71,5;14;100
71,5;14,5;100
71,5;15;100
71,5;15,5;100
71,5;16;96
71,5;16,5;84
71,5;17;92
71,5;17,5;100
71,5;18;88
71,5;18,5;64
71,5;19;100
71,5;19,5;100
71,5;20;100
71,5;20,5;100
71,5;21;100
71,5;21,5;100
71,5;22;100
71,5;22,5;100
71,5;23;96
71,5;23,5;100
71,5;24;100
71,5;24,5;100
71,5;25;100
71,5;25,5;100
71,5;26;100
71,5;26,5;100
71,5;27;100
71,5;27,5;100
71,5;28;100
71,5;28,5;92
71,5;29;96
71,5;29,5;100
71,5;30;100
71,5;30,5;100
71,5;31;100
71,5;31,5;100
71,5;32;100
71,5;32,5;100
71,5;33;88
71,5;33,5;92
71,5;34;96
71,5;34,5;100
71,5;35;96
71,5;35,5;92
71,5;36;100
71,5;36,5;100
71,5;37;100
71,5;37,5;100
71,5;38;96
71,5;38,5;96
71,5;39;100
71,5;39,5;100
71,5;40;100
71,5;40,5;100
71,5;41;52
71,5;41,5;60
71,5;42;72
71,5;42,5;100
71,5;43;100
71,5;43,5;100
71,5;44;100
71,5;44,5;100
71,5;45;100
71,5;45,5;100
71,5;46;100
71,5;46,5;100
71,5;47;100
71,5;47,5;100
71,5;48;100
71,5;48,5;100
71,5;49;92
71,5;49,5;96
71,5;50;96
71,5;50,5;100
71,5;51;100
71,5;51,5;84
71,5;52;72
71,5;52,5;100
71,5;53;84
71,5;53,5;64
71,5;54;96
71,5;54,5;64
71,5;55;44
71,5;55,5;100
71,5;56;100
71,5;56,5;100
71,5;57;100
71,5;57,5;100
71,5;58;100
71,5;58,5;100
71,5;59;100
71,5;59,5;100
71,5;60;100
71,5;60,5;100
71,5;61;100
71,5;61,5;100
71,5;62;100
71,5;62,5;92
71,5;63;44
71,5;63,5;32
71,5;64;52
71,5;64,5;52
71,5;65;48
71,5;65,5;12
72;-9;32
72;-8,5;92
72;-8;100
72;-7,5;92
72;-7;68
72;-6,5;76
72;-6;100
72;-5,5;96
72;-5;100
72;-4,5;76
72;-4;100
72;-3,5;100
72;-3;80
72;-2,5;96
72;-2;100
72;-1,5;100
72;-1;92
72;-0,5;100
72;0;100
72;0,5;100
72;1;84
72;1,5;80
72;2;84
72;2,5;92
72;3;72
72;3,5;8
72;4;68
72;4,5;100
72;5;96
72;5,5;60
72;6;8
72;6,5;64
72;7;76
72;7,5;100
72;8;100
72;8,5;100
72;9;100
72;9,5;100
72;10;100
72;10,5;100
72;11;100
72;11,5;100
72;12;100
72;12,5;100
72;13;100
72;13,5;100
72;14;100
72;14,5;96
72;15;100
72;15,5;100
72;16;100
72;16,5;100
72;17;100
72;17,5;100
72;18;100
72;18,5;100
72;19;100
72;19,5;100
72;20;100
72;20,5;100
72;21;100
72;21,5;100
72;22;100
72;22,5;100
72;23;100
72;23,5;100
72;24;100
72;24,5;100
72;25;100
72;25,5;100
72;26;100
72;26,5;100
72;27;100
72;27,5;100
72;28;100
72;28,5;100
72;29;100
72;29,5;96
72;30;96
72;30,5;100
72;31;100
72;31,5;100
72;32;100
72;32,5;96
72;33;100
72;33,5;100
72;34;100
72;34,5;92
72;35;84
72;35,5;84
72;36;84
72;36,5;96
72;37;100
72;37,5;100
72;38;100
72;38,5;100
72;39;100
72;39,5;96
72;40;100
72;40,5;96
72;41;76
72;41,5;100
72;42;100
72;42,5;100
72;43;100
72;43,5;100
72;44;100
72;44,5;100
72;45;100
72;45,5;100
72;46;100
72;46,5;100
72;47;100
72;47,5;100
72;48;100
72;48,5;100
72;49;96
72;49,5;96
72;50;100
72;50,5;88
72;51;100
72;51,5;68
72;52;88
72;52,5;100
72;53;96
72;53,5;100
72;54;100
72;54,5;96
72;55;88
72;55,5;100
72;56;88
72;56,5;100
72;57;100
72;57,5;96
72;58;100
72;58,5;100
72;59;100
72;59,5;100
72;60;100
72;60,5;100
72;61;100
72;61,5;100
72;62;100
72;62,5;80
72;63;12
72;63,5;4
72;64;0
72;64,5;0
72,5;-8,5;4
72,5;-8;44
72,5;-7,5;88
72,5;-7;96
72,5;-6,5;96
72,5;-6;100
72,5;-5,5;100
72,5;-5;100
72,5;-4,5;100
72,5;-4;96
72,5;-3,5;88
72,5;-3;80
72,5;-2,5;80
72,5;-2;80
72,5;-1,5;56
72,5;-1;84
72,5;-0,5;100
72,5;0;96
72,5;0,5;100
72,5;1;84
72,5;1,5;92
72,5;2;80
72,5;2,5;28
72,5;3;76
72,5;3,5;72
72,5;4;88
72,5;4,5;100
72,5;5;100
72,5;5,5;84
72,5;6;16
72,5;6,5;4
72,5;7;24
72,5;7,5;96
72,5;8;100
72,5;8,5;100
72,5;9;100
72,5;9,5;100
72,5;10;96
72,5;10,5;96
72,5;11;100
72,5;11,5;100
72,5;12;100
72,5;12,5;100
72,5;13;100
72,5;13,5;92
72,5;14;100
72,5;14,5;100
72,5;15;100
72,5;15,5;100
72,5;16;100
72,5;16,5;100
72,5;17;100
72,5;17,5;96
72,5;18;100
72,5;18,5;100
72,5;19;100
72,5;19,5;100
72,5;20;100
72,5;20,5;100
72,5;21;100
72,5;21,5;100
72,5;22;100
72,5;22,5;100
72,5;23;100
72,5;23,5;100
72,5;24;96
72,5;24,5;100
72,5;25;100
72,5;25,5;100
72,5;26;100
72,5;26,5;100
72,5;27;100
72,5;27,5;100
72,5;28;100
72,5;28,5;96
72,5;29;100
72,5;29,5;100
72,5;30;100
72,5;30,5;100
72,5;31;100
72,5;31,5;100
72,5;32;100
72,5;32,5;96
72,5;33;96
72,5;33,5;100
72,5;34;100
72,5;34,5;100
72,5;35;92
72,5;35,5;88
72,5;36;76
72,5;36,5;80
72,5;37;100
72,5;37,5;100
72,5;38;100
72,5;38,5;100
72,5;39;92
72,5;39,5;84
72,5;40;84
72,5;40,5;88
72,5;41;100
72,5;41,5;100
72,5;42;100
72,5;42,5;100
72,5;43;100
72,5;43,5;100
72,5;44;100
72,5;44,5;100
72,5;45;100
72,5;45,5;100
72,5;46;100
72,5;46,5;100
72,5;47;100
72,5;47,5;100
72,5;48;100
72,5;48,5;100
72,5;49;72
72,5;49,5;28
72,5;50;80
72,5;50,5;100
72,5;51;96
72,5;51,5;84
72,5;52;100
72,5;52,5;100
72,5;53;100
72,5;53,5;100
72,5;54;100
72,5;54,5;100
72,5;55;96
72,5;55,5;100
72,5;56;96
72,5;56,5;100
72,5;57;100
72,5;57,5;100
72,5;58;100
72,5;58,5;100
72,5;59;100
72,5;59,5;100
72,5;60;100
72,5;60,5;100
72,5;61;100
72,5;61,5;100
72,5;62;76
72,5;62,5;24
72,5;63;0
73;-7,5;4
73;-7;32
73;-6,5;56
73;-6;92
73;-5,5;100
73;-5;100
73;-4,5;100
73;-4;88
73;-3,5;44
73;-3;56
73;-2,5;8
73;-2;76
73;-1,5;72
73;-1;84
73;-0,5;96
73;0;96
73;0,5;100
73;1;100
73;1,5;100
73;2;100
73;2,5;92
73;3;100
73;3,5;100
73;4;100
73;4,5;100
73;5;100
73;5,5;100
73;6;76
73;6,5;4
73;7;0
73;7,5;12
73;8;72
73;8,5;76
73;9;100
73;9,5;100
73;10;80
73;10,5;96
73;11;96
73;11,5;100
73;12;100
73;12,5;88
73;13;100
73;13,5;92
73;14;88
73;14,5;100
73;15;100
73;15,5;100
73;16;100
73;16,5;100
73;17;100
73;17,5;100
73;18;100
73;18,5;100
73;19;100
73;19,5;100
73;20;96
73;20,5;100
73;21;100
73;21,5;100
73;22;100
73;22,5;100
73;23;100
73;23,5;100
73;24;100
73;24,5;100
73;25;100
73;25,5;100
73;26;96
73;26,5;100
73;27;100
73;27,5;100
73;28;100
73;28,5;100
73;29;100
73;29,5;100
73;30;100
73;30,5;100
73;31;100
73;31,5;100
73;32;100
73;32,5;100
73;33;100
73;33,5;96
73;34;96
73;34,5;96
73;35;100
73;35,5;96
73;36;72
73;36,5;60
73;37;96
73;37,5;100
73;38;100
73;38,5;96
73;39;88
73;39,5;84
73;40;80
73;40,5;92
73;41;100
73;41,5;100
73;42;100
73;42,5;100
73;43;100
73;43,5;100
73;44;100
73;44,5;100
73;45;100
73;45,5;100
73;46;100
73;46,5;100
73;47;100
73;47,5;100
73;48;100
73;48,5;84
73;49;40
73;49,5;76
73;50;60
73;50,5;76
73;51;52
73;51,5;76
73;52;100
73;52,5;92
73;53;100
73;53,5;96
73;54;100
73;54,5;100
73;55;92
73;55,5;100
73;56;100
73;56,5;100
73;57;100
73;57,5;100
73;58;100
73;58,5;100
73;59;100
73;59,5;96
73;60;76
73;60,5;60
73;61;24
73;61,5;4
73,5;-6;12
73,5;-5,5;64
73,5;-5;96
73,5;-4,5;100
73,5;-4;96
73,5;-3,5;64
73,5;-3;36
73,5;-2,5;76
73,5;-2;96
73,5;-1,5;96
73,5;-1;88
73,5;-0,5;100
73,5;0;92
73,5;0,5;100
73,5;1;100
73,5;1,5;100
73,5;2;100
73,5;2,5;100
73,5;3;100
73,5;3,5;100
73,5;4;100
73,5;4,5;100
73,5;5;100
73,5;5,5;100
73,5;6;96
73,5;6,5;80
73,5;7;32
73,5;7,5;8
73,5;8;44
73,5;8,5;96
73,5;9;100
73,5;9,5;100
73,5;10;80
73,5;10,5;40
73,5;11;56
73,5;11,5;88
73,5;12;76
73,5;12,5;56
73,5;13;52
73,5;13,5;60
73,5;14;96
73,5;14,5;100
73,5;15;100
73,5;15,5;100
73,5;16;100
73,5;16,5;100
73,5;17;100
73,5;17,5;100
73,5;18;100
73,5;18,5;100
73,5;19;100
73,5;19,5;100
73,5;20;100
73,5;20,5;84
73,5;21;92
73,5;21,5;72
73,5;22;88
73,5;22,5;100
73,5;23;100
73,5;23,5;92
73,5;24;100
73,5;24,5;100
73,5;25;100
73,5;25,5;100
73,5;26;100
73,5;26,5;100
73,5;27;100
73,5;27,5;100
73,5;28;96
73,5;28,5;100
73,5;29;100
73,5;29,5;100
73,5;30;100
73,5;30,5;100
73,5;31;100
73,5;31,5;100
73,5;32;100
73,5;32,5;100
73,5;33;100
73,5;33,5;100
73,5;34;92
73,5;34,5;96
73,5;35;100
73,5;35,5;100
73,5;36;100
73,5;36,5;68
73,5;37;52
73,5;37,5;96
73,5;38;100
73,5;38,5;92
73,5;39;28
73,5;39,5;44
73,5;40;72
73,5;40,5;88
73,5;41;100
73,5;41,5;100
73,5;42;100
73,5;42,5;100
73,5;43;100
73,5;43,5;100
73,5;44;100
73,5;44,5;100
73,5;45;100
73,5;45,5;100
73,5;46;100
73,5;46,5;100
73,5;47;100
73,5;47,5;100
73,5;48;56
73,5;48,5;48
73,5;49;80
73,5;49,5;80
73,5;50;44
73,5;50,5;68
73,5;51;60
73,5;51,5;80
73,5;52;100
73,5;52,5;100
73,5;53;100
73,5;53,5;100
73,5;54;100
73,5;54,5;100
73,5;55;100
73,5;55,5;96
73,5;56;84
73,5;56,5;80
73,5;57;76
73,5;57,5;60
73,5;58;60
73,5;58,5;40
73,5;59;24
73,5;59,5;4
74;-5;8
74;-4,5;32
74;-4;56
74;-3,5;84
74;-3;72
74;-2,5;68
74;-2;72
74;-1,5;60
74;-1;92
74;-0,5;100
74;0;100
74;0,5;100
74;1;100
74;1,5;100
74;2;100
74;2,5;100
74;3;100
74;3,5;100
74;4;100
74;4,5;100
74;5;100
74;5,5;100
74;6;100
74;6,5;100
74;7;80
74;7,5;16
74;8;44
74;8,5;96
74;9;88
74;9,5;76
74;10;76
74;10,5;0
74;11;28
74;11,5;40
74;12;60
74;12,5;56
74;13;44
74;13,5;44
74;14;84
74;14,5;100
74;15;100
74;15,5;100
74;16;100
74;16,5;100
74;17;100
74;17,5;100
74;18;100
74;18,5;100
74;19;100
74;19,5;96
74;20;100
74;20,5;88
74;21;76
74;21,5;80
74;22;88
74;22,5;100
74;23;92
74;23,5;96
74;24;92
74;24,5;100
74;25;100
74;25,5;100
74;26;100
74;26,5;100
74;27;100
74;27,5;100
74;28;100
74;28,5;100
74;29;100
74;29,5;100
74;30;100
74;30,5;100
74;31;100
74;31,5;100
74;32;100
74;32,5;100
74;33;100
74;33,5;100
74;34;100
74;34,5;100
74;35;100
74;35,5;100
74;36;100
74;36,5;100
74;37;100
74;37,5;96
74;38;100
74;38,5;96
74;39;72
74;39,5;60
74;40;64
74;40,5;80
74;41;80
74;41,5;80
74;42;80
74;42,5;76
74;43;64
74;43,5;60
74;44;60
74;44,5;60
74;45;60
74;45,5;60
74;46;48
74;46,5;36
74;47;40
74;47,5;40
74;48;8
74;48,5;24
74;49;0
74;49,5;12
74;50;8
74;50,5;16
74;51;4
74;51,5;20
74;52;20
74;52,5;16
74;53;4
74,5;-3;20
74,5;-2,5;44
74,5;-2;48
74,5;-1,5;36
74,5;-1;92
74,5;-0,5;96
74,5;0;100
74,5;0,5;100
74,5;1;100
74,5;1,5;100
74,5;2;100
74,5;2,5;100
74,5;3;100
74,5;3,5;100
74,5;4;100
74,5;4,5;100
74,5;5;100
74,5;5,5;100
74,5;6;100
74,5;6,5;100
74,5;7;92
74,5;7,5;32
74,5;8;4
74,5;8,5;76
74,5;9;92
74,5;9,5;80
74,5;10;60
74,5;10,5;0
74,5;11;36
74,5;11,5;60
74,5;12;36
74,5;12,5;24
74,5;13;24
74,5;13,5;40
74,5;14;84
74,5;14,5;100
74,5;15;100
74,5;15,5;100
74,5;16;100
74,5;16,5;100
74,5;17;100
74,5;17,5;100
74,5;18;100
74,5;18,5;100
74,5;19;100
74,5;19,5;88
74,5;20;80
74,5;20,5;88
74,5;21;92
74,5;21,5;92
74,5;22;84
74,5;22,5;80
74,5;23;76
74,5;23,5;76
74,5;24;76
74,5;24,5;80
74,5;25;76
74,5;25,5;72
74,5;26;60
74,5;26,5;60
74,5;27;60
74,5;27,5;52
74,5;28;56
74,5;28,5;60
74,5;29;48
74,5;29,5;40
74,5;30;40
74,5;30,5;40
74,5;31;40
74,5;31,5;40
74,5;32;40
74,5;32,5;24
74,5;33;20
74,5;33,5;20
74,5;34;20
74,5;34,5;20
74,5;35;16
74,5;35,5;16
75;-1;12
75;-0,5;32
75;0;44
75;0,5;60
75;1;68
75;1,5;80
75;2;80
75;2,5;92
75;3;100
75;3,5;100
75;4;100
75;4,5;96
75;5;88
75;5,5;80
75;6;80
75;6,5;80
75;7;72
75;7,5;56
75;8;0
75;8,5;32
75;9;48
75;9,5;36
75;10;28
75;10,5;20
75;11;4
75;11,5;24
75;12;32
75;12,5;8
75;13;0
75;13,5;32
75;14;36
75;14,5;32
75;15;28
75;15,5;20
75;16;20
75;16,5;20
75;17;20
75;17,5;20
75;18;16
75;18,5;20
