"x";"y";"roughness"
-26,5;44,5;0
-26,5;45;0
-26,5;45,5;0
-26,5;46;0
-26,5;46,5;0
-26,5;47;0
-26,5;48;0
-26,5;49;0,0601040764008565
-26,5;50;0
-26,5;50,5;0
-26,5;51;0
-26,5;51,5;0
-26,5;52;0
-26,5;52,5;0
-26,5;53;0
-26,5;53,5;0
-26,5;54;0
-26,5;54,5;0
-26,5;55;0
-26;29,5;0
-26;30;0
-26;30,5;0
-26;31;0,03452100809652
-26;31,5;0
-26;32;0
-26;32,5;0,0774854825112421
-26;33;0,0359202986783637
-26;33,5;0,0804456338156397
-26;34;0,0458339393899324
-26;34,5;0
-26;35;0
-26;35,5;0
-26;36;0
-26;36,5;0
-26;37;0,0777000643500377
-26;37,5;0,0563296420317808
-26;38;0
-26;38,5;0
-26;39;0
-26;39,5;0
-26;40;0
-26;41;0,0543679384129353
-26;41,5;0,0611425442248335
-26;42;0,0205060966544099
-26;42,5;0
-26;43,5;0
-26;44;0,119646059917072
-26;44,5;0,1296993980177
-26;45;0
-26;45,5;0
-26;46;0,0826710348308281
-26;46,5;0
-26;47;0
-26;47,5;0
-26;48;0
-26;48,5;0
-26;49;0,0245017006212494
-26;49,5;0,0670912947413102
-26;50;0
-26;50,5;0
-26;51;0
-26;51,5;0
-26;52;0
-26;52,5;0
-26;53;0
-26;53,5;0
-26;54;0
-26;54,5;0
-26;55;0
-26;55,5;0
-26;56;0
-26;56,5;0
-26;57;0
-26;57,5;0
-25,5;19;0
-25,5;19,5;0
-25,5;20;0
-25,5;20,5;0
-25,5;21;0
-25,5;21,5;0
-25,5;22;0
-25,5;22,5;0
-25,5;23;0
-25,5;23,5;0
-25,5;24;0,09073036977771
-25,5;24,5;0,0473571536306818
-25,5;25;0
-25,5;25,5;0
-25,5;26;0,0553397769158036
-25,5;26,5;0
-25,5;27;0
-25,5;27,5;0
-25,5;28;0
-25,5;28,5;0,0624392057265682
-25,5;29;0,051947335263954
-25,5;29,5;0,047316071329524
-25,5;30;0,0645652125115891
-25,5;30,5;0,0528315242136635
-25,5;31;0,0399485175941613
-25,5;31,5;0,0708165821266006
-25,5;32;0,0279839239564433
-25,5;32,5;0
-25,5;33;0,030344843446779
-25,5;33,5;0,0775650264831601
-25,5;34;0
-25,5;34,5;0
-25,5;35;0,00353553390593274
-25,5;35,5;0,077016015650426
-25,5;36;0,0738821455330815
-25,5;36,5;0
-25,5;37;0
-25,5;37,5;0
-25,5;38;0,0909701979940514
-25,5;38,5;0,343244810594421
-25,5;39;0
-25,5;39,5;0
-25,5;40,5;0
-25,5;41;0
-25,5;41,5;0
-25,5;42;0
-25,5;43;0
-25,5;43,5;0,0838633809637238
-25,5;44;0,154573182529373
-25,5;44,5;0,104093530816736
-25,5;45;0,100726623251149
-25,5;45,5;0,0850723221735483
-25,5;46;0,0849518029445486
-25,5;46,5;0,0829303958114909
-25,5;47;0
-25,5;47,5;0,163998606265855
-25,5;48;0
-25,5;48,5;0
-25,5;49;0,0169705627484771
-25,5;49,5;0,0298370574956714
-25,5;50;0
-25,5;50,5;0
-25,5;51;0
-25,5;51,5;0
-25,5;52;0
-25,5;52,5;0
-25,5;53;0
-25,5;53,5;0
-25,5;54;0,0934922456677558
-25,5;54,5;0
-25,5;55;0
-25,5;55,5;0
-25,5;56;0
-25,5;56,5;0
-25,5;57;0
-25,5;57,5;0
-25,5;58;0
-25,5;58,5;0
-25,5;59;0
-25;3;0
-25;3,5;0,158553040546899
-25;4;0
-25;4,5;0
-25;5,5;0
-25;6,5;0
-25;7;0
-25;8;0
-25;8,5;0
-25;9;0
-25;9,5;0
-25;10;0
-25;10,5;0,125041087983952
-25;11;0,0812055006347066
-25;11,5;0
-25;12;0,0638623865179239
-25;12,5;0,0626056440480143
-25;13;0,0638823323067684
-25;13,5;0,0705507636841038
-25;14;0,149199530830362
-25;14,5;0,0753529208329888
-25;15;0,0359930548856304
-25;15,5;0,128616661494672
-25;16;0,106487709868046
-25;16,5;0,0402276664935359
-25;17;0
-25;18;0
-25;18,5;0
-25;19;0
-25;19,5;0,0613297100379036
-25;20;0
-25;20,5;0
-25;21;0
-25;21,5;0
-25;22;0
-25;22,5;0
-25;23;0
-25;23,5;0,0695017985378796
-25;24;0,0688009278772291
-25;24,5;0,0805348580638432
-25;25;0,08327489892644
-25;25,5;0,0487036149096056
-25;26;0,0360166628104271
-25;26,5;0,029698484809835
-25;27;0
-25;27,5;0,00494974746830584
-25;28;0
-25;28,5;0
-25;29;0,124441498457956
-25;29,5;0,203834900511828
-25;30;0,0289913780286484
-25;30,5;0,0668978039734533
-25;31;0,0611683612748669
-25;31,5;0,0506564873451064
-25;32;0
-25;32,5;0,0484712973487059
-25;33;0,0275363396260287
-25;33,5;0
-25;34;0
-25;34,5;0
-25;35;0,0014142135623731
-25;35,5;0,0811820158928903
-25;36;0,0617473138624732
-25;36,5;0
-25;37;0
-25;37,5;0
-25;38;0,140594867141965
-25;38,5;0,204773859008745
-25;39;0
-25;39,5;0
-25;42;0
-25;42,5;0
-25;43;0
-25;43,5;0,118564596892848
-25;44;0,113204795825408
-25;44,5;0,102888887267397
-25;45;0,101992955948257
-25;45,5;0,10905435773584
-25;46;0,088481718409814
-25;46,5;0,085353168650571
-25;47;0,105463572940572
-25;47,5;0,277858573912655
-25;48;0,325778491631593
-25;48,5;0
-25;49;0
-25;49,5;0
-25;50;0
-25;50,5;0
-25;51;0
-25;51,5;0,0370132698212025
-25;52;0,0360589794642056
-25;52,5;0
-25;53;0,0822530937325243
-25;53,5;0,129606327006053
-25;54;0,0727302992470912
-25;54,5;0
-25;55;0
-25;55,5;0
-25;56;0
-25;56,5;0
-25;57;0
-25;57,5;0
-25;58;0
-25;58,5;0
-25;59;0
-25;59,5;0
-25;60;0
-25;60,5;0
-24,5;-4,5;0
-24,5;-4;0
-24,5;-3,5;0
-24,5;-3;0
-24,5;-2,5;0
-24,5;-2;0
-24,5;-1,5;0
-24,5;-1;0
-24,5;-0,5;0
-24,5;0;0
-24,5;0,5;0,140007142674936
-24,5;1;0,163169071222761
-24,5;1,5;0,0678262486062734
-24,5;2;0,0148492424049175
-24,5;2,5;0,0889041484917752
-24,5;3;0,0798677813639518
-24,5;3,5;0,147408540382767
-24,5;4;0,105563797842915
-24,5;4,5;0,0676439206433217
-24,5;5;0,0141421356237309
-24,5;5,5;0
-24,5;6;0,0959256523002621
-24,5;6,5;0,085330538881463
-24,5;7;0,0518749890867808
-24,5;7,5;0
-24,5;8;0,0464686274096119
-24,5;8,5;0,00424264068711928
-24,5;9;0
-24,5;9,5;0
-24,5;10;0
-24,5;10,5;0,0275771644662754
-24,5;11;0,0693445466770542
-24,5;11,5;0,0653072198691153
-24,5;12;0,0563290656443335
-24,5;12,5;0
-24,5;13;0,0648660157555557
-24,5;13,5;0,0757216291489277
-24,5;14;0,100234672379563
-24,5;14,5;0,150607990486624
-24,5;15;0,127965139483677
-24,5;15,5;0,11221132239804
-24,5;16;0,0984895694284186
-24,5;16,5;0,148708103343429
-24,5;17;0
-24,5;17,5;0,0532259335286851
-24,5;18;0
-24,5;18,5;0
-24,5;19;0,0106066017177982
-24,5;19,5;0,0375810235801705
-24,5;20;0,030566866593312
-24,5;20,5;0
-24,5;21;0
-24,5;21,5;0
-24,5;22;0
-24,5;22,5;0
-24,5;23;0
-24,5;23,5;0,108457013648375
-24,5;24;0,0407463513889913
-24,5;24,5;0,0212132034355964
-24,5;25;0,0775347276188425
-24,5;25,5;0,0700901730126355
-24,5;26;0,116295242092415
-24,5;26,5;0,09265452454975
-24,5;27;0,0804646661585071
-24,5;27,5;0,049820704171083
-24,5;28;0
-24,5;28,5;0
-24,5;29;0,0689661752842169
-24,5;29,5;0,0504650896633036
-24,5;30;0,0613470581076349
-24,5;30,5;0,0671821492397392
-24,5;31;0,054203580495463
-24,5;31,5;0,0446424063469303
-24,5;32;0
-24,5;32,5;0,0205020324195757
-24,5;33;0,0411828541085665
-24,5;33,5;0
-24,5;34;0
-24,5;34,5;0
-24,5;35;0
-24,5;35,5;0,0892028186614238
-24,5;36;0,0486646689087679
-24,5;36,5;0
-24,5;37;0
-24,5;37,5;0,0956751199185482
-24,5;38;0,109823245086322
-24,5;38,5;0,0632033754372871
-24,5;39;0
-24,5;39,5;0
-24,5;40;0
-24,5;41,5;0
-24,5;42;0
-24,5;42,5;0
-24,5;43;0
-24,5;43,5;0,0436611955860121
-24,5;44;0,0705820326523212
-24,5;44,5;0,0616066149045701
-24,5;45;0,116413248577833
-24,5;45,5;0,0588687806339942
-24,5;46;0,0685965808848437
-24,5;46,5;0,138449518709056
-24,5;47;0,109178019684685
-24,5;47,5;0,104834923146398
-24,5;48;0
-24,5;48,5;0
-24,5;49;0
-24,5;49,5;0
-24,5;50;0
-24,5;50,5;0,141063545289078
-24,5;51;0,183586666461822
-24,5;51,5;0,076752850109947
-24,5;52;0,0528115406282511
-24,5;52,5;0,0902734734016588
-24,5;53;0
-24,5;53,5;0
-24,5;54;0
-24,5;54,5;0
-24,5;55;0
-24,5;55,5;0
-24,5;56;0
-24,5;56,5;0
-24,5;57;0
-24,5;57,5;0
-24,5;58;0
-24,5;58,5;0
-24,5;59;0
-24,5;59,5;0
-24,5;60;0
-24,5;60,5;0
-24,5;61;0
-24,5;61,5;0
-24;-6;0,0663913362104539
-24;-5,5;0
-24;-5;0
-24;-4,5;0
-24;-4;0
-24;-3,5;0
-24;-3;0
-24;-2,5;0
-24;-2;0,0533041586870418
-24;-1,5;0,0707268387126536
-24;-1;0,0545464633745091
-24;-0,5;0,119689180797598
-24;0;0,0633545578470879
-24;0,5;0,134960206394113
-24;1;0,111120314125833
-24;1,5;0,101923612993124
-24;2;0,101556738024867
-24;2,5;0,0955893943346635
-24;3;0,0722743726796474
-24;3,5;0,0438228758121195
-24;4;0,0743446366592776
-24;4,5;0
-24;5;0
-24;5,5;0
-24;6;0,0672273492227418
-24;6,5;0,0775523927830317
-24;7;0,0859290048992697
-24;7,5;0,0863750671070184
-24;8;0,038692007295712
-24;8,5;0
-24;9;0,0494607026952824
-24;9,5;0,093279150939532
-24;10;0
-24;10,5;0,0583209510667764
-24;11;0,117049771989556
-24;11,5;0
-24;12;0,0916629836089932
-24;12,5;0,0496520053716554
-24;13;0,0641631443346497
-24;13,5;0,106240293674293
-24;14;0,073706401441431
-24;14,5;0,124528288472533
-24;15;0,082184142833842
-24;15,5;0,131804779882977
-24;16;0,134188766295842
-24;16,5;0,145627759868936
-24;17;0,109601684141562
-24;17,5;0,0612633658885961
-24;18;0,0514133112280134
-24;18,5;0,0439521089230981
-24;19;0,0991253510827212
-24;19,5;0,0719870031546557
-24;20;0,0719925632733456
-24;20,5;0,0810351989150608
-24;21;0,0532024435529046
-24;21,5;0
-24;22;0
-24;22,5;0
-24;23;0
-24;23,5;0
-24;24;0
-24;24,5;0
-24;25;0
-24;25,5;0,0600348482677848
-24;26;0,0679324360892194
-24;26,5;0,0782314128882538
-24;27;0,0649622212988321
-24;27,5;0,0555360916095503
-24;28;0,0668514045784952
-24;28,5;0,0458814898527839
-24;29;0,061848004621618
-24;29,5;0,0586898628384834
-24;30;0,0521943483530545
-24;30,5;0,056624199773595
-24;31;0,0820954728755896
-24;31,5;0,0478477210717993
-24;32;0,0296597370183891
-24;32,5;0,046518813398452
-24;33;0
-24;33,5;0,143765433954063
-24;34;0
-24;34,5;0,089095454429505
-24;35;0,0360624458405139
-24;35,5;0
-24;36;0
-24;36,5;0
-24;37;0
-24;37,5;0
-24;38;0,131521861300698
-24;38,5;0,106559842342226
-24;39;0
-24;39,5;0,0921628992599517
-24;40;0
-24;40,5;0
-24;41;0
-24;41,5;0
-24;42;0,00360555127546399
-24;42,5;0
-24;43;0
-24;43,5;0,0185562208796224
-24;44;0,0329342779891509
-24;44,5;0,0659626517703119
-24;45;0,060153969112603
-24;45,5;0
-24;46;0
-24;46,5;0
-24;47;0
-24;47,5;0
-24;48;0
-24;48,5;0
-24;49;0
-24;49,5;0
-24;50;0
-24;50,5;0,0710064615539852
-24;51;0,0268700576850888
-24;51,5;0,118086832458153
-24;52;0,0692852579536006
-24;52,5;0,0457456737480897
-24;53;0
-24;53,5;0
-24;54;0,00282842712474619
-24;54,5;0,105155469316972
-24;55;0
-24;55,5;0
-24;56;0
-24;56,5;0
-24;57;0
-24;57,5;0
-24;58;0
-24;58,5;0
-24;59;0
-24;59,5;0
-24;60;0
-24;60,5;0
-24;61;0
-24;61,5;0
-24;62;0
-24;62,5;0
-23,5;-8;0,0764562199656024
-23,5;-7,5;0,102163839003828
-23,5;-7;0,128805636931243
-23,5;-6;0,0949542015671603
-23,5;-5,5;0,0785970737368765
-23,5;-5;0,0300436190832437
-23,5;-4,5;0,0935266998762578
-23,5;-4;0,0702068372738724
-23,5;-3,5;0
-23,5;-3;0
-23,5;-2,5;0
-23,5;-2;0,0838823580975166
-23,5;-1,5;0,0646458164071533
-23,5;-1;0
-23,5;-0,5;0,0627972627757071
-23,5;0;0,0514575863297453
-23,5;0,5;0,13175652449132
-23,5;1;0,122357085656109
-23,5;1,5;0,0588547125809179
-23,5;2;0,0489326283414463
-23,5;2,5;0,0789544517019046
-23,5;3;0,0879261053385171
-23,5;3,5;0
-23,5;4;0
-23,5;4,5;0,093215648594306
-23,5;5;0,0765758555948221
-23,5;5,5;0,0970154626850792
-23,5;6;0
-23,5;6,5;0
-23,5;7;0
-23,5;7,5;0,0466812007442394
-23,5;8;0,0576363807065674
-23,5;8,5;0
-23,5;9;0
-23,5;9,5;0,237440940025093
-23,5;10;0,167868799434348
-23,5;10,5;0,181457353657225
-23,5;11;0,250978052483246
-23,5;11,5;0
-23,5;12;0
-23,5;12,5;0,0351351133551066
-23,5;13;0,109535636007445
-23,5;13,5;0,0787443546363596
-23,5;14;0,089017158713669
-23,5;14,5;0,0967227997940506
-23,5;15;0
-23,5;15,5;0
-23,5;16;0
-23,5;16,5;0
-23,5;17;0
-23,5;17,5;0
-23,5;18;0,0453332107841481
-23,5;18,5;0,112601065714317
-23,5;19;0,132629821366349
-23,5;19,5;0,136110583383846
-23,5;20;0,0639598915326451
-23,5;20,5;0,072749129874081
-23,5;21;0
-23,5;21,5;0
-23,5;22;0
-23,5;22,5;0
-23,5;23;0
-23,5;23,5;0
-23,5;24;0
-23,5;24,5;0
-23,5;25;0,0562252559955462
-23,5;25,5;0,0534776692752322
-23,5;26;0,0459637538356765
-23,5;26,5;0,0398682353569379
-23,5;27;0,090336174031361
-23,5;27,5;0,0630555310817378
-23,5;28;0,0927028896721647
-23,5;28,5;0,0841628889898445
-23,5;29;0,101150652718875
-23,5;29,5;0
-23,5;30;0
-23,5;30,5;0
-23,5;31;0
-23,5;31,5;0
-23,5;32;0
-23,5;32,5;0
-23,5;33;0,00989949493661166
-23,5;33,5;0,326421775431246
-23,5;34;0,219233713005932
-23,5;34,5;0
-23,5;35;0,0619489036760673
-23,5;35,5;0,0744076608959051
-23,5;36;0
-23,5;36,5;0
-23,5;37;0
-23,5;37,5;0
-23,5;38;0
-23,5;38,5;0,069917108896193
-23,5;39;0,0832085732762356
-23,5;39,5;0,0764035303260925
-23,5;40;0,074799732619843
-23,5;40,5;0
-23,5;41;0
-23,5;41,5;0
-23,5;42;0,0290115964275103
-23,5;42,5;0
-23,5;43;0
-23,5;43,5;0
-23,5;44;0
-23,5;44,5;0
-23,5;45;0
-23,5;45,5;0
-23,5;46;0
-23,5;46,5;0
-23,5;47;0
-23,5;47,5;0
-23,5;48;0
-23,5;48,5;0
-23,5;49;0
-23,5;49,5;0
-23,5;50;0
-23,5;50,5;0
-23,5;51;0
-23,5;51,5;0
-23,5;52;0
-23,5;52,5;0
-23,5;53;0
-23,5;53,5;0
-23,5;54;0,0473940924588709
-23,5;54,5;0,109047448454756
-23,5;55;0,16218781979202
-23,5;55,5;0,101680463544708
-23,5;56;0
-23,5;56,5;0
-23,5;57;0
-23,5;57,5;0
-23,5;58;0
-23,5;58,5;0
-23,5;59;0
-23,5;59,5;0
-23,5;60;0
-23,5;60,5;0
-23,5;61;0
-23,5;61,5;0
-23,5;62;0
-23,5;62,5;0
-23,5;63;0
-23,5;63,5;0
-23;-8;0,0781575332261708
-23;-7,5;0,0788631350003173
-23;-7;0,0935267553604527
-23;-5,5;0,0754022181735691
-23;-5;0,0663010964058317
-23;-4,5;0,0647239820016804
-23;-4;0,0686881831355514
-23;-3,5;0
-23;-3;0,0643775549141126
-23;-2,5;0,03946306289853
-23;-2;0,052504232633612
-23;-1,5;0,0643356871818534
-23;-1;0,0849789057026178
-23;-0,5;0,0747263428503595
-23;0;0,0723066386993615
-23;0,5;0
-23;1;0,0226274169979695
-23;1,5;0,0614076901679644
-23;2;0,0414545074808059
-23;2,5;0
-23;3;0
-23;3,5;0
-23;4;0
-23;4,5;0,0812436322291032
-23;5;0,06646766293808
-23;5,5;0,100768546680003
-23;6;0
-23;6,5;0,0538169737784155
-23;7;0
-23;7,5;0,0372066302335126
-23;8;0
-23;8,5;0
-23;9;0
-23;9,5;0,271624497691738
-23;10;0,307364978654417
-23;10,5;0,257184305597084
-23;11;0,0652388240748304
-23;11,5;0,0420277685980749
-23;12;0
-23;12,5;0
-23;13;0,0728546498172903
-23;13,5;0,0871432445790124
-23;14;0,0546775955559708
-23;14,5;0
-23;15;0,0475281293227819
-23;15,5;0,091463333147996
-23;16;0,0673904910216704
-23;16,5;0,111722871427475
-23;17;0
-23;17,5;0
-23;18;0
-23;18,5;0
-23;19;0,123471690953932
-23;19,5;0,127886774820202
-23;20;0
-23;20,5;0
-23;21;0
-23;21,5;0
-23;22;0,158076326500839
-23;22,5;0,178737803581531
-23;23;0,277946416645935
-23;23,5;0,0225905584998099
-23;24;0
-23;24,5;0,0055075705472861
-23;25;0
-23;25,5;0
-23;26;0,0569459443657768
-23;26,5;0,0469120110591008
-23;27,5;0,0793810080840779
-23;28;0,0499874984371092
-23;28,5;0,0820022062103321
-23;29;0,0642199345997798
-23;29,5;0
-23;30;0
-23;30,5;0,0798881110936893
-23;31;0,00901849950564578
-23;31,5;0
-23;32;0
-23;32,5;0
-23;33;0
-23;33,5;0,00707106781186548
-23;34;0,503460028204822
-23;34,5;0,0495658932914336
-23;35;0,0447986234907577
-23;35,5;0,0332340187157677
-23;36;0
-23;36,5;0,0949923043134963
-23;37;0,0953177470694935
-23;37,5;0,179243595887459
-23;38;0,0400752946310577
-23;38,5;0
-23;39;0
-23;39,5;0,0395979797464467
-23;40;0
-23;40,5;0,0664680374315355
-23;41;0
-23;41,5;0
-23;42;0
-23;42,5;0
-23;43;0
-23;43,5;0
-23;44;0
-23;44,5;0
-23;45;0
-23;45,5;0
-23;46;0
-23;46,5;0
-23;47;0
-23;47,5;0
-23;48;0
-23;48,5;0
-23;49;0
-23;49,5;0,300694972799125
-23;50;0,0554163032569538
-23;50,5;0
-23;51;0
-23;51,5;0
-23;52;0,179016743645656
-23;52,5;0
-23;53;0
-23;53,5;0
-23;54;0,0676150870738181
-23;54,5;0,00565685424949239
-23;55;0
-23;55,5;0,0424264068711929
-23;56;0
-23;56,5;0
-23;57;0,0790601037186266
-23;57,5;0,0583152352877588
-23;58;0
-23;58,5;0
-23;59;0
-23;59,5;0
-23;61;0
-23;61,5;0
-23;62;0
-23;62,5;0
-23;63;0
-23;63,5;0,0687046820335655
-23;64;0
-23;64,5;0
-22,5;-10,5;0
-22,5;-10;0
-22,5;-9,5;0
-22,5;-9;0
-22,5;-8,5;0,0590917869565161
-22,5;-8;0,075359763152753
-22,5;-7,5;0,091946375235448
-22,5;-7;0,0898758256241385
-22,5;-6,5;0,0845584117637033
-22,5;-6;0,0781829356609959
-22,5;-5,5;0,0607638873015873
-22,5;-4,5;0,0587238357814686
-22,5;-4;0,0571489282489182
-22,5;-3,5;0,0890557074439369
-22,5;-3;0,0794310275370602
-22,5;-2,5;0,0563582925828768
-22,5;-2;0,0701517976437075
-22,5;-1,5;0,104071723287548
-22,5;-1;0,0585187497756449
-22,5;-0,5;0,0551430887230497
-22,5;0;0
-22,5;0,5;0
-22,5;1;0
-22,5;1,5;0,0507272116324168
-22,5;2;0,0608684124679101
-22,5;2,5;0,047766296147169
-22,5;3;0,049106116872399
-22,5;3,5;0
-22,5;4;0
-22,5;4,5;0
-22,5;5;0
-22,5;5,5;0
-22,5;6;0
-22,5;6,5;0,0240416305603426
-22,5;7;0,0494147976037768
-22,5;7,5;0,0512422602035589
-22,5;8;0,0162583311976763
-22,5;8,5;0
-22,5;9;0,0340330721504833
-22,5;9,5;0,0395871979945448
-22,5;10;0,0341915022122371
-22,5;10,5;0,0300283199663251
-22,5;11;0,066039015098285
-22,5;11,5;0,11562033812831
-22,5;12;0,163341666454092
-22,5;12,5;0
-22,5;13;0
-22,5;13,5;0
-22,5;14;0,0483922465257558
-22,5;14,5;0,0374939995199232
-22,5;15;0,0870700867117979
-22,5;15,5;0,0466776177626922
-22,5;16;0,0543283667025931
-22,5;16,5;0
-22,5;17;0
-22,5;17,5;0,0902583329486351
-22,5;18;0
-22,5;18,5;0,0438786204584116
-22,5;19;0,0251069932710213
-22,5;19,5;0
-22,5;20;0
-22,5;20,5;0,0935143187297359
-22,5;21;0,114730329238632
-22,5;21,5;0,0993298674369058
-22,5;22;0,191582501377266
-22,5;22,5;0,297400736227884
-22,5;23;0,15568686417076
-22,5;23,5;0,0396308445618156
-22,5;24;0,0508483725329269
-22,5;24,5;0,0351069793630839
-22,5;25;0
-22,5;25,5;0
-22,5;26;0,0235236287828029
-22,5;26,5;0,0531908625343005
-22,5;27;0
-22,5;27,5;0
-22,5;28;0
-22,5;28,5;0,052309177015128
-22,5;29;0,0424264068711928
-22,5;29,5;0
-22,5;30;0,0588239283408933
-22,5;30,5;0,0445767678874783
-22,5;31;0,0384336162381691
-22,5;31,5;0,105546933935373
-22,5;32;0,0670588464625577
-22,5;32,5;0
-22,5;33;0
-22,5;33,5;0
-22,5;34;0
-22,5;34,5;0,0592867326361191
-22,5;35;0,0735500585391413
-22,5;35,5;0,0363838006863075
-22,5;36;0,100788707881209
-22,5;36,5;0,117377649344971
-22,5;37;0,113590919398062
-22,5;37,5;0,113530652649005
-22,5;38;0,135100299441159
-22,5;38,5;0
-22,5;39;0,245432383651903
-22,5;39,5;0,0393904310792109
-22,5;40;0,0646106286405985
-22,5;40,5;0,0745344836120291
-22,5;41;0
-22,5;41,5;0
-22,5;42;0
-22,5;42,5;0
-22,5;43;0
-22,5;43,5;0
-22,5;44;0
-22,5;44,5;0
-22,5;45;0
-22,5;45,5;0,0581394874418411
-22,5;46;0,0719206788454061
-22,5;46,5;0,0393840627107514
-22,5;47;0
-22,5;47,5;0
-22,5;48;0
-22,5;48,5;0
-22,5;49;0
-22,5;49,5;0,208310684259043
-22,5;50;0,243756072902652
-22,5;50,5;0
-22,5;51;0,0966718389420851
-22,5;51,5;0,0575437031983325
-22,5;52;0
-22,5;52,5;0,0981658565113929
-22,5;53;0,141968474032257
-22,5;53,5;0,22939741550947
-22,5;54;0,0464477005769811
-22,5;54,5;0
-22,5;55;0
-22,5;55,5;0
-22,5;56;0
-22,5;56,5;0
-22,5;57;0,0714177848998413
-22,5;57,5;0
-22,5;58;0,0318198051533946
-22,5;58,5;0
-22,5;59;0
-22,5;59,5;0
-22,5;60;0
-22,5;60,5;0
-22,5;61;0
-22,5;61,5;0,0176776695296637
-22,5;62;0
-22,5;62,5;0
-22,5;63;0
-22,5;63,5;0
-22,5;64;0
-22,5;64,5;0
-22,5;65;0
-22;-11,5;0
-22;-10,5;0
-22;-10;0
-22;-9,5;0
-22;-9;0,0408380164766066
-22;-8,5;0,0617528306064758
-22;-8;0,0541017559788959
-22;-7,5;0,0447738763119746
-22;-7;0
-22;-5;0,0346265793863616
-22;-4,5;0,0466611901548457
-22;-4;0,0391954807890618
-22;-3,5;0,0382709637540873
-22;-3;0,0728580812264501
-22;-2,5;0,0436877448218496
-22;-2;0,0504290680965939
-22;-1,5;0,0507104106829553
-22;-1;0,059167411711986
-22;-0,5;0,0563064002959319
-22;0;0
-22;0,5;0
-22;1;0,228210190195554
-22;1,5;0,361866103229726
-22;2;0,414742651130393
-22;2,5;0,073546522073385
-22;3;0,0748678558083062
-22;3,5;0
-22;4;0
-22;4,5;0
-22;5;0,0689561052006597
-22;5,5;0
-22;6;0
-22;6,5;0
-22;7;0
-22;7,5;0,00353553390593274
-22;8;0,0541677120214711
-22;8,5;0,052954787543805
-22;9;0,0511161680621957
-22;9,5;0,0437362223203736
-22;10;0,0340494995712511
-22;10,5;0
-22;11;0
-22;11,5;0,0955253452838125
-22;12;0,0996376211857527
-22;12,5;0,0430818711182281
-22;13;0
-22;13,5;0
-22;14;0
-22;14,5;0,0943471805418184
-22;15;0,066763263351437
-22;15,5;0,0572312040261754
-22;16;0
-22;16,5;0
-22;17;0,139824890488067
-22;17,5;0,0726458694523291
-22;18;0,0803092934142472
-22;18,5;0,12006591637664
-22;19;0
-22;19,5;0
-22;20;0,0265141471671257
-22;20,5;0,0749190854814003
-22;21;0,130624629092259
-22;21,5;0,163905226293721
-22;22;0,0771188298929038
-22;22,5;0,0598870325418339
-22;23;0,057799162997774
-22;23,5;0,0377527040974109
-22;24;0,067759378194707
-22;24,5;0,0318198051533946
-22;25;0
-22;25,5;0
-22;26;0,0349606005346531
-22;26,5;0,0431203390103051
-22;27;0
-22;27,5;0
-22;28;0
-22;28,5;0,0429495828462474
-22;29;0,0817623555935602
-22;29,5;0,0936323972055165
-22;30;0
-22;30,5;0
-22;31;0
-22;31,5;0,107011570357958
-22;32;0,0956351225579111
-22;32,5;0
-22;33;0
-22;33,5;0,0676414209147163
-22;34;0,0963885212853332
-22;34,5;0
-22;35;0,0910860399109911
-22;35,5;0,0951990604528801
-22;36;0,104889716519681
-22;36,5;0,0628169910054148
-22;37;0,102144279556683
-22;37,5;0,120900142450059
-22;38;0,0395757955036104
-22;38,5;0,0506796497677795
-22;39;0,0660464372099803
-22;39,5;0,0450613428049433
-22;40;0,0645469383830329
-22;40,5;0,313527832966693
-22;41;0,233263782218461
-22;41,5;0,19945404879926
-22;42;0,383360307021997
-22;42,5;0
-22;43;0,0422965719651132
-22;43,5;0
-22;44;0,0638915816874674
-22;44,5;0,0475604878023765
-22;45;0,0479654752211089
-22;45,5;0,0437751832282478
-22;46;0,0952164201525486
-22;46,5;0,119098222906588
-22;47;0,0453988385914722
-22;47,5;0,0840378587431145
-22;48;0,0783934166737091
-22;48,5;0
-22;49;0
-22;49,5;0,0403050865276332
-22;50;0,263043722601396
-22;50,5;0
-22;51;0,117372454306247
-22;51,5;0,125370061090126
-22;52;0,18403540032132
-22;52,5;0,113296702763774
-22;53;0,0858411146811187
-22;53,5;0
-22;54;0,132784788285406
-22;54,5;0,073623365856228
-22;55;0,161645191131973
-22;55,5;0,170321917096856
-22;56;0
-22;56,5;0
-22;57;0
-22;57,5;0,0438406204335659
-22;58;0,0808084154033477
-22;58,5;0
-22;59;0
-22;59,5;0
-22;60;0
-22;60,5;0
-22;61;0
-22;61,5;0
-22;62;0
-22;62,5;0
-22;63;0
-22;63,5;0
-22;64;0
-22;64,5;0
-22;65;0
-22;65,5;0
-21,5;-12,5;0
-21,5;-12;0,107349223658608
-21,5;-11,5;0
-21,5;-9,5;0,0714111724841117
-21,5;-9;0,0506751815583726
-21,5;-7,5;0,0908833195794354
-21,5;-7;0,0824065993658737
-21,5;-6,5;0
-21,5;-5,5;0,0192947068981551
-21,5;-5;0,0788655607135755
-21,5;-4,5;0,0768390547582052
-21,5;-4;0,0774721479766839
-21,5;-3,5;0,0682033723506397
-21,5;-3;0
-21,5;-2,5;0,135418550103452
-21,5;-2;0,179625165274802
-21,5;-1,5;0,0596431236422288
-21,5;-1;0
-21,5;-0,5;0
-21,5;0;0
-21,5;0,5;0,259888822383726
-21,5;1;0,314153862720746
-21,5;1,5;0,298644863584584
-21,5;2;0,160029164008731
-21,5;2,5;0
-21,5;3;0,227355880567386
-21,5;3,5;0,216478087101494
-21,5;4;0,0106066017177982
-21,5;4,5;0
-21,5;5;0,0920642081432987
-21,5;5,5;0,0747107553816515
-21,5;6;0,0381373117229642
-21,5;6,5;0,0683717778034183
-21,5;7;0
-21,5;7,5;0
-21,5;8;0
-21,5;8,5;0,0653915943073772
-21,5;9;0
-21,5;9,5;0,0260262687811116
-21,5;10;0,0268700576850888
-21,5;10,5;0,0691969239613603
-21,5;11;0
-21,5;11,5;0
-21,5;12;0,0370978436030991
-21,5;12,5;0,0360624458405139
-21,5;13;0,0501876478827211
-21,5;13,5;0
-21,5;14;0
-21,5;14,5;0
-21,5;15;0,0520227624803985
-21,5;15,5;0,0517744207430161
-21,5;16;0
-21,5;16,5;0
-21,5;17;0
-21,5;17,5;0
-21,5;18;0
-21,5;18,5;0,0353411163589169
-21,5;19;0,0298760258916229
-21,5;19,5;0,0328753055390473
-21,5;20;0
-21,5;20,5;0
-21,5;21;0,0483858688843376
-21,5;21,5;0,047014067901482
-21,5;22;0,0549093525983981
-21,5;22,5;0,0658716984340617
-21,5;23;0,0875285738003716
-21,5;23,5;0
-21,5;24;0,05939696961967
-21,5;24,5;0,0365810347236006
-21,5;25;0,0482453983457331
-21,5;25,5;0,038240321941927
-21,5;26;0
-21,5;26,5;0,029698484809835
-21,5;27;0
-21,5;27,5;0
-21,5;28;0
-21,5;28,5;0
-21,5;29;0,08438397090357
-21,5;29,5;0
-21,5;30;0
-21,5;30,5;0,0471327911331379
-21,5;31;0,0754476780976447
-21,5;31,5;0,137438557700731
-21,5;32;0,0901974442396702
-21,5;32,5;0,109733306072215
-21,5;33;0
-21,5;33,5;0,100819971566484
-21,5;34;0,117046701075076
-21,5;34,5;0,0933608355470059
-21,5;35;0,101499229392402
-21,5;35,5;0
-21,5;36;0
-21,5;36,5;0
-21,5;37;0
-21,5;37,5;0,0103400515794974
-21,5;38;0,0479120905518913
-21,5;38,5;0,064505383065636
-21,5;39;0,0403174900012389
-21,5;39,5;0,0326757334624986
-21,5;40;0,0601746183525708
-21,5;40,5;0,354579026459805
-21,5;41;0,341652393088474
-21,5;41,5;0,0780658618368916
-21,5;42;0,0933819961751359
-21,5;42,5;0,0737572595297123
-21,5;43;0,0351046055857822
-21,5;43,5;0,0460006393817457
-21,5;44;0,0810704516538538
-21,5;44,5;0,0844281605017798
-21,5;45;0,0583246629167098
-21,5;45,5;0,0396547601177967
-21,5;46;0,0377319493267973
-21,5;46,5;0,153895115688098
-21,5;47;0,108375846828637
-21,5;47,5;0
-21,5;48;0
-21,5;48,5;0
-21,5;49;0
-21,5;49,5;0
-21,5;50;0,0253902868567227
-21,5;50,5;0
-21,5;51;0
-21,5;51,5;0,0884855920475192
-21,5;52;0,109504859644284
-21,5;52,5;0,0640210468865079
-21,5;53;0
-21,5;53,5;0,122139069838248
-21,5;54;0,145479011741017
-21,5;54,5;0,164230381421399
-21,5;55;0,214994460816594
-21,5;55,5;0,165703406867871
-21,5;56;0
-21,5;56,5;0
-21,5;57;0
-21,5;57,5;0,0765450946511369
-21,5;58;0
-21,5;58,5;0
-21,5;59;0
-21,5;59,5;0
-21,5;60;0
-21,5;60,5;0
-21,5;61;0
-21,5;61,5;0
-21,5;62;0
-21,5;62,5;0
-21,5;63;0
-21,5;63,5;0
-21,5;64;0
-21,5;64,5;0
-21,5;65;0
-21,5;65,5;0
-21,5;66;0
-21,5;66,5;0
-21;-13,5;0
-21;-13;0
-21;-12,5;0
-21;-12;0
-21;-11,5;0
-21;-11;0
-21;-10;0,0586772373396889
-21;-9,5;0,058568210610515
-21;-9;0,0645781180689971
-21;-7,5;0,0762167600039158
-21;-7;0,0788698102552363
-21;-6,5;0,0452343106186317
-21;-6;0,0977240100633265
-21;-5,5;0,123224726955808
-21;-5;0,0304055915910215
-21;-4,5;0,0637352555160715
-21;-4;0,0792551435414622
-21;-3,5;0
-21;-3;0,19657568516986
-21;-2,5;0,0847812020246751
-21;-2;0,07108199490729
-21;-1,5;0,0669643334262316
-21;-1;0,06159117410208
-21;-0,5;0
-21;0;0
-21;0,5;0,0493249671155732
-21;1;0,404731892444745
-21;1,5;0,18583197735999
-21;2;0,254703442582299
-21;2,5;0,0662596765525014
-21;3;0,0619257620058082
-21;3,5;0,125045637570488
-21;4;0,0939677987024409
-21;4,5;0,0894731069373461
-21;5;0,364577927510943
-21;5,5;0,339626288548186
-21;6;0,0500161792005165
-21;6,5;0
-21;7;0
-21;7,5;0
-21;8;0
-21;8,5;0,0506436351161504
-21;9;0,0322696968274159
-21;9,5;0
-21;10;0
-21;10,5;0
-21;11;0
-21;11,5;0
-21;12;0
-21;12,5;0
-21;13;0,0814452781524708
-21;13,5;0
-21;14;0,0713913801986393
-21;14,5;0,0971838463943468
-21;15;0,0339411254969543
-21;15,5;0
-21;16;0
-21;16,5;0,344167751890617
-21;17;0,31372813211871
-21;17,5;0,0588065836936162
-21;18;0,0363947375739532
-21;18,5;0,0135400640077266
-21;19;0
-21;19,5;0,0579009211210553
-21;20;0,0271538824725551
-21;20,5;0,0230362033908947
-21;21;0,0335195289872846
-21;21,5;0,0532840952367102
-21;22;0,0540339772459219
-21;22,5;0,12809066500545
-21;23;0,0687945558099688
-21;23,5;0
-21;24;0
-21;24,5;0
-21;25;0
-21;25,5;0
-21;26;0
-21;26,5;0
-21;27;0
-21;27,5;0
-21;28;0
-21;28,5;0
-21;29;0
-21;29,5;0
-21;30;0,0329292170167062
-21;30,5;0,0393769532143416
-21;31;0,0800160698145781
-21;31,5;0,11490494680973
-21;32;0,0787699340418701
-21;32,5;0,108089597181348
-21;33;0
-21;33,5;0
-21;34;0
-21;34,5;0,0960404513352729
-21;35;0,105282493498961
-21;35,5;0,0849527187727236
-21;36;0,0662424676180547
-21;36,5;0,0183847763108502
-21;37;0,0815291358963162
-21;37,5;0
-21;38;0
-21;38,5;0,102661902153847
-21;39;0,12322701585244
-21;39,5;0,0354447927534262
-21;40;0,0477383829006644
-21;40,5;0,0499471720921215
-21;41;0,0589894329568355
-21;41,5;0,063358203137099
-21;42;0,0928530892353914
-21;42,5;0,0769927542728945
-21;43;0,04144186978683
-21;43,5;0,0570646326052512
-21;44;0,123478175748599
-21;44,5;0,0633742850058287
-21;45;0
-21;45,5;0,0465431699249919
-21;46;0,24810042999121
-21;46,5;0,247028259814714
-21;47;0
-21;47,5;0
-21;48;0
-21;48,5;0
-21;49;0
-21;49,5;0
-21;50;0,0398667423155836
-21;50,5;0,0892860571421989
-21;51;0
-21;51,5;0,0970257604371427
-21;52;0,0903821125404862
-21;52,5;0,0856689806314062
-21;53;0
-21;53,5;0,0724759087762353
-21;54;0,114801112601514
-21;54,5;0,0802681888599534
-21;55;0
-21;55,5;0
-21;56;0
-21;56,5;0
-21;58;0
-21;58,5;0
-21;59;0
-21;59,5;0
-21;60;0
-21;60,5;0
-21;61;0
-21;61,5;0
-21;62;0
-21;62,5;0
-21;63;0
-21;63,5;0
-21;64;0
-21;64,5;0
-21;65;0
-21;65,5;0
-21;66;0
-21;66,5;0
-21;67;0
-20,5;-14;0,0477175718856971
-20,5;-13,5;0,0706616687361078
-20,5;-13;0,0591648222381864
-20,5;-12,5;0,0387298334620742
-20,5;-12;0,11743333959022
-20,5;-11,5;0,0410720910919649
-20,5;-11;0
-20,5;-10,5;0,0526543948224424
-20,5;-10;0,0728466359357092
-20,5;-9,5;0,0873891238905562
-20,5;-9;0,0590008100642296
-20,5;-8,5;0,0576369833417702
-20,5;-8;0,0743908143009718
-20,5;-7,5;0,0543674909672506
-20,5;-7;0,0512657730574648
-20,5;-6,5;0,0923430620388959
-20,5;-6;0,0930467656871463
-20,5;-5,5;0,092522665995656
-20,5;-4,5;0,0448820676885546
-20,5;-4;0
-20,5;-3,5;0,0593354868523045
-20,5;-3;0,0784181927582215
-20,5;-2,5;0,062924545404606
-20,5;-2;0,0822135949096615
-20,5;-1,5;0,0626197090139299
-20,5;-1;0,0673592515895445
-20,5;-0,5;0,0590211826381004
-20,5;0;0,0205060966544099
-20,5;0,5;0
-20,5;1;0
-20,5;1,5;0
-20,5;2;0,314052742385734
-20,5;2,5;0,0419739715265816
-20,5;3;0,0887907652855859
-20,5;3,5;0,0684236886581734
-20,5;4;0,0493197602025674
-20,5;4,5;0,0585861189475232
-20,5;5;0,287368578658141
-20,5;5,5;0,161328522293062
-20,5;6;0
-20,5;6,5;0
-20,5;7;0,0358096821171779
-20,5;7,5;0,0687879307129143
-20,5;8;0,0304982435091409
-20,5;8,5;0,0532125119550978
-20,5;9;0,069965297520577
-20,5;9,5;0
-20,5;10;0
-20,5;10,5;0
-20,5;11;0
-20,5;11,5;0
-20,5;12;0
-20,5;12,5;0,0543543690598781
-20,5;13;0,0634145938588722
-20,5;13,5;0,112564486568205
-20,5;14;0
-20,5;14,5;0
-20,5;15;0
-20,5;15,5;0
-20,5;16;0
-20,5;16,5;0,369179103183364
-20,5;17;0,391897351364785
-20,5;17,5;0,0629640666111277
-20,5;18;0
-20,5;18,5;0
-20,5;19;0
-20,5;19,5;0
-20,5;20;0
-20,5;20,5;0
-20,5;21;0
-20,5;21,5;0,014958832396503
-20,5;22;0,0201139610363406
-20,5;22,5;0,0260480325552622
-20,5;23;0,037
-20,5;23,5;0,0459619407771256
-20,5;24;0
-20,5;24,5;0
-20,5;25;0
-20,5;25,5;0
-20,5;26;0
-20,5;26,5;0
-20,5;27;0
-20,5;27,5;0,100410131184281
-20,5;28;0
-20,5;28,5;0
-20,5;29;0
-20,5;29,5;0
-20,5;30;0,097654492984194
-20,5;30,5;0,0690760960917889
-20,5;31;0,0634698210318745
-20,5;31,5;0,0951414819482101
-20,5;32;0,0848314393915587
-20,5;33;0,0725
-20,5;33,5;0,111136177728047
-20,5;34;0,0370675059857013
-20,5;34,5;0,0254745437830078
-20,5;35;0,0397894458368045
-20,5;35,5;0,0542821068717564
-20,5;36;0,0412781306296543
-20,5;36,5;0,0412015060715516
-20,5;37;0,0909263042415686
-20,5;37,5;0,0988855227561735
-20,5;38;0,0516752681012236
-20,5;38,5;0,0266645832519468
-20,5;39;0
-20,5;39,5;0
-20,5;40;0
-20,5;40,5;0,0375909437415902
-20,5;41;0,036190961776191
-20,5;41,5;0,051946775958355
-20,5;42;0,0527462478918327
-20,5;42,5;0,0458872776214788
-20,5;43;0,0735391768128784
-20,5;43,5;0,0803480540063585
-20,5;44;0,102774610451024
-20,5;44,5;0,125410392977084
-20,5;45;0
-20,5;45,5;0
-20,5;46;0,109262462512455
-20,5;46,5;0,0901798797642008
-20,5;47;0,0141774468787578
-20,5;47,5;0,0254558441227157
-20,5;48;0
-20,5;48,5;0
-20,5;49;0
-20,5;49,5;0
-20,5;50;0,0572756492761104
-20,5;50,5;0,0919627437882281
-20,5;51;0,083342075299044
-20,5;51,5;0,120054537871303
-20,5;52;0,096798178808895
-20,5;52,5;0,139886209167135
-20,5;53;0
-20,5;53,5;0
-20,5;54;0,0275771644662754
-20,5;54,5;0
-20,5;55;0
-20,5;55,5;0,0130511813003013
-20,5;56;0,0855117368719473
-20,5;56,5;0
-20,5;57;0
-20,5;58;0
-20,5;58,5;0
-20,5;59;0
-20,5;59,5;0
-20,5;60;0
-20,5;60,5;0,550237221569025
-20,5;61;0
-20,5;61,5;0
-20,5;62;0
-20,5;62,5;0
-20,5;63;0
-20,5;63,5;0
-20,5;64;0
-20,5;64,5;0
-20,5;65;0
-20,5;65,5;0
-20,5;66;0
-20,5;66,5;0,0989949493661167
-20,5;67;0
-20,5;67,5;0
-20,5;68;0
-20;-15;0
-20;-14,5;0,0669400229060811
-20;-14;0,0656677241877621
-20;-13,5;0,0694080412522655
-20;-13;0,053673173222845
-20;-12,5;0,0592443040818066
-20;-12;0,0588320585319867
-20;-11;0,110720450603392
-20;-10,5;0,0813161256600362
-20;-10;0,0561091691186034
-20;-9,5;0,0780545685371181
-20;-9;0,0359814767160364
-20;-8,5;0,0700013071773374
-20;-8;0,0547294862635003
-20;-7,5;0,0610669941767054
-20;-7;0,0554512282071139
-20;-6,5;0,0737327739286914
-20;-6;0,0757970316041466
-20;-5,5;0
-20;-5;0
-20;-4,5;0
-20;-4;0
-20;-3,5;0,0205426385841741
-20;-3;0,0736120407248878
-20;-2,5;0,0652228597086285
-20;-2;0,0640175757116747
-20;-1,5;0,034969683840132
-20;-1;0,0769617695904572
-20;-0,5;0,0556762397990464
-20;0;0,127374087580104
-20;0,5;0,278854920463431
-20;1;0,359407367895486
-20;1,5;0,0515005825209774
-20;2;0,0530425473366145
-20;2,5;0,0789515653625855
-20;3;0
-20;3,5;0,0160519988371127
-20;4;0,0531149068843515
-20;4,5;0,06674981557119
-20;5;0,0282842712474619
-20;5,5;0
-20;6;0
-20;6,5;0,065932182062927
-20;7;0,0685411621515926
-20;7,5;0,0945446984235499
-20;8;0
-20;8,5;0,0881209111025582
-20;9;0,0540555270069583
-20;9,5;0
-20;10;0
-20;10,5;0
-20;11;0
-20;11,5;0
-20;12;0,127347294173584
-20;12,5;0,171999418603669
-20;13;0,0350761077278157
-20;13,5;0,0860511284254698
-20;14;0
-20;14,5;0
-20;15;0
-20;15,5;0
-20;16;0
-20;16,5;0
-20;17;0
-20;17,5;0
-20;18;0
-20;18,5;0,00777817459305202
-20;19;0,078606844153117
-20;19,5;0,0782310286660852
-20;20;0
-20;20,5;0
-20;21;0
-20;21,5;0
-20;22;0
-20;22,5;0
-20;23;0
-20;23,5;0
-20;24;0
-20;24,5;0
-20;25;0
-20;25,5;0,128693434175952
-20;26;0,108764113350595
-20;26,5;0,0691102681709937
-20;27;0
-20;27,5;0,124061543867012
-20;28;0,18159570479502
-20;28,5;0,0148436293854749
-20;29;0
-20;29,5;0,00212132034355964
-20;30;0,0392510297104845
-20;30,5;0,0758174193272649
-20;31;0,0688537808493833
-20;31,5;0,090598539179274
-20;32;0,0625519783859791
-20;33;0,0465185342199647
-20;33,5;0,125774411023905
-20;34;0,201118870323001
-20;34,5;0
-20;35;0,00834665601703261
-20;35,5;0,0294723437754626
-20;36;0,0382277531527961
-20;36,5;0,0341254687740347
-20;37;0,077843735439322
-20;37,5;0,0847748948433375
-20;38;0,110063261529275
-20;38,5;0,110212888002348
-20;39;0,0747261667690776
-20;39,5;0
-20;40;0
-20;40,5;0
-20;41;0
-20;41,5;0,0257057062407033
-20;42;0,0374420186675981
-20;42,5;0,0625408351447761
-20;43;0,0677065900498787
-20;43,5;0,047682638212751
-20;44;0,0284236084118733
-20;44,5;0,0136961065027012
-20;45;0,0733012086781377
-20;45,5;0,169950842565987
-20;46;0,0592392315084151
-20;46,5;0,0880606871162417
-20;47;0,120986950144481
-20;47,5;0,0958289294113276
-20;48;0,109823848857057
-20;48,5;0,0601357987035533
-20;49;0,0450444225182208
-20;49,5;0,0540074068994245
-20;50;0
-20;50,5;0,0569948961032318
-20;51;0,0352278299076171
-20;51,5;0,0407185461430047
-20;52;0
-20;52,5;0
-20;53;0
-20;53,5;0
-20;54;0
-20;54,5;0
-20;55;0
-20;55,5;0,0936510845694039
-20;56;0,0760890128651166
-20;56,5;0
-20;57;0
-20;57,5;0
-20;58;0
-20;58,5;0
-20;59;0
-20;59,5;0
-20;60;0,136591605403358
-20;60,5;0,0378461799040977
-20;61;0,413246899564897
-20;61,5;0
-20;62;0
-20;62,5;0
-20;63;0
-20;63,5;0,251524485222943
-20;64;0,251769997023009
-20;64,5;0
-20;65;0
-20;65,5;0
-20;66;0
-20;66,5;0,0493889939892759
-20;67;0
-20;67,5;0
-20;68;0
-20;68,5;0
-19,5;-15,5;0,0424264068711929
-19,5;-15;0,101167847329739
-19,5;-14,5;0,0593450864496319
-19,5;-14;0
-19,5;-13,5;0,107608859610474
-19,5;-13;0,0565464995712079
-19,5;-12,5;0,0682399366083131
-19,5;-12;0
-19,5;-11,5;0
-19,5;-11;0,0739217440434426
-19,5;-10,5;0,188415905834482
-19,5;-10;0
-19,5;-8,5;0,0566700979353309
-19,5;-8;0,072269172773274
-19,5;-7,5;0,0699108596849359
-19,5;-7;0,128689169722421
-19,5;-6,5;0,265426501693536
-19,5;-6;0,100700605237314
-19,5;-5,5;0
-19,5;-5;0,0816551692586983
-19,5;-4,5;0,0721768660998799
-19,5;-4;0,0212132034355964
-19,5;-3,5;0,0236924741918892
-19,5;-3;0,026229754097208
-19,5;-2,5;0,0291743527287729
-19,5;-2;0,0724778191068515
-19,5;-1,5;0,0493423207336726
-19,5;-1;0,0467221778683518
-19,5;-0,5;0,0622164864055689
-19,5;0;0,273853721861537
-19,5;0,5;0,282954029237582
-19,5;1;0,320770239233589
-19,5;1,5;0,0454908711154085
-19,5;2;0,0561427660145382
-19,5;2,5;0,0509351164591746
-19,5;3;0,0972025599577381
-19,5;3,5;0,0617945906093036
-19,5;4;0
-19,5;4,5;0
-19,5;5;0
-19,5;5,5;0
-19,5;6;0,0365594503048583
-19,5;6,5;0,0695727137604967
-19,5;7;0,0194422220952236
-19,5;7,5;0
-19,5;8;0
-19,5;8,5;0
-19,5;9;0
-19,5;9,5;0
-19,5;10;0
-19,5;10,5;0,0453922411382778
-19,5;11;0
-19,5;11,5;0
-19,5;12;0,236423050852405
-19,5;12,5;0,167662053257629
-19,5;13;0,0591459417394163
-19,5;13,5;0,04139509115135
-19,5;14;0
-19,5;14,5;0,0217791949652262
-19,5;15;0,186137785342673
-19,5;15,5;0,078447505448619
-19,5;16;0,0970315084720609
-19,5;16,5;0
-19,5;17;0,117020144785905
-19,5;17,5;0
-19,5;18;0
-19,5;18,5;0
-19,5;19;0
-19,5;19,5;0,130630628533706
-19,5;20;0
-19,5;20,5;0
-19,5;21;0
-19,5;21,5;0
-19,5;22;0
-19,5;22,5;0
-19,5;23;0
-19,5;23,5;0
-19,5;24;0
-19,5;24,5;0,0464499730893356
-19,5;25;0,0446134633391212
-19,5;25,5;0,0649990042597984
-19,5;26;0,0500925694813251
-19,5;26,5;0,0503242235163889
-19,5;27;0,0407294697471297
-19,5;27,5;0,340975203938639
-19,5;28;0,160008741120675
-19,5;28,5;0,305055467243644
-19,5;29;0,30482628932995
-19,5;29,5;0,0929237324739972
-19,5;30;0,0572353175840527
-19,5;30,5;0,0204061440327592
-19,5;31;0,0396958894139385
-19,5;31,5;0,0784336970159268
-19,5;32;0,0758130080864884
-19,5;32,5;0,086765008307881
-19,5;33;0,0499199358973947
-19,5;33,5;0,111765158029909
-19,5;34;0,0820032050655683
-19,5;34,5;0,0812780962548804
-19,5;35;0,0474391476238004
-19,5;35,5;0
-19,5;36;0
-19,5;36,5;0,0486853967544977
-19,5;37;0,0513497488143487
-19,5;37,5;0,0517818470488884
-19,5;38;0,0807261238429486
-19,5;38,5;0,110230723087134
-19,5;39;0,0632297068895099
-19,5;39,5;0,0502122982124389
-19,5;40;0,0446491372206166
-19,5;40,5;0
-19,5;41;0,0314324672910034
-19,5;41,5;0,052930772398168
-19,5;42;0
-19,5;42,5;0,0433885250102386
-19,5;43;0,0955525509863551
-19,5;43,5;0,0646090808890928
-19,5;44;0,0382322848171435
-19,5;44,5;0,0752756338573883
-19,5;45;0,0581782824652575
-19,5;45,5;0,0644093479439445
-19,5;46;0,0480691466238257
-19,5;46,5;0,0967663205755019
-19,5;47;0,076373581666753
-19,5;47,5;0,09157209332467
-19,5;48;0,0826308003739369
-19,5;48,5;0,110904275128411
-19,5;49;0,00808290376865476
-19,5;49,5;0,0862962121525856
-19,5;50;0,229871682632269
-19,5;50,5;0,0326649659421222
-19,5;51;0
-19,5;51,5;0
-19,5;52;0
-19,5;52,5;0
-19,5;53;0
-19,5;53,5;0
-19,5;54;0
-19,5;54,5;0
-19,5;55;0
-19,5;55,5;0
-19,5;56;0
-19,5;56,5;0
-19,5;57;0
-19,5;57,5;0
-19,5;58;0
-19,5;58,5;0
-19,5;59;0
-19,5;59,5;0
-19,5;60;0
-19,5;60,5;0
-19,5;61;0,193303843434436
-19,5;61,5;0,164492641679398
-19,5;62;0
-19,5;62,5;0
-19,5;63;0
-19,5;63,5;0,34908312445287
-19,5;64;0,267199988181531
-19,5;64,5;0,283301332106572
-19,5;65;0
-19,5;65,5;0
-19,5;66;0
-19,5;66,5;0,0594392600982351
-19,5;67;0
-19,5;67,5;0
-19,5;68;0
-19,5;68,5;0
-19,5;69;0
-19;-16;0,0594988259894063
-19;-15,5;0,0764190996275066
-19;-15;0,0277344551055181
-19;-14,5;0
-19;-14;0,0372290209379726
-19;-13,5;0,0460094851880863
-19;-13;0,0512961986895715
-19;-12,5;0
-19;-12;0
-19;-11,5;0
-19;-11;0
-19;-10,5;0,0721144923021718
-19;-10;0,128017052729211
-19;-9,5;0
-19;-9;0,0398246155034798
-19;-8,5;0,0909607450654245
-19;-8;0,126509044026707
-19;-7,5;0,0491061693987209
-19;-7;0,0677197487282409
-19;-6,5;0,0508400816653879
-19;-6;0,0958261624458107
-19;-5,5;0,0430904615754795
-19;-5;0,0830710379644124
-19;-4,5;0,128435427408505
-19;-4;0,14671482740238
-19;-3,5;0,0874593619917273
-19;-3;0,110709580033126
-19;-2,5;0,0557064329020147
-19;-2;0,086611370827682
-19;-1,5;0,145466671230988
-19;-1;0,0660428334049641
-19;-0,5;0,0508346489951641
-19;0;0,0546781094422065
-19;0,5;0,0741672409575514
-19;1;0,0722089459930534
-19;1,5;0,0495378643060033
-19;2;0,0480696627106773
-19;2,5;0,0567703676566802
-19;3;0,131040288127884
-19;3,5;0,0369921773117778
-19;4;0,443410054227998
-19;4,5;0,0639621296001666
-19;5;0,0578887648072499
-19;5,5;0,0754944507093872
-19;6;0,0725989398035953
-19;6,5;0,337493579755685
-19;7;0,275622582651306
-19;7,5;0
-19;8;0
-19;8,5;0
-19;9;0,485277456228712
-19;9,5;0,197762810033277
-19;10;0,125146032345275
-19;10,5;0
-19;11;0,249209971710604
-19;11,5;0,316833954488753
-19;12;0
-19;12,5;0
-19;13;0
-19;13,5;0,0412456058265605
-19;14;0
-19;14,5;0
-19;15;0,128670216563671
-19;15,5;0,0616650380935334
-19;16;0,158173833292557
-19;16,5;0,12238878687002
-19;17;0,275387526335742
-19;17,5;0,100131580100053
-19;18;0
-19;18,5;0
-19;19;0
-19;19,5;0,0283196045170126
-19;20;0,0106066017177982
-19;20,5;0,054777788022209
-19;21;0,0364481782393811
-19;21,5;0
-19;22;0
-19;22,5;0
-19;23;0
-19;23,5;0,0764932095751715
-19;24;0,0793473376995095
-19;24,5;0,0258819971752139
-19;25;0,0489133211611416
-19;25,5;0,341988215624238
-19;26;0,322857709228328
-19;26,5;0,0993162243457767
-19;27;0,122152258441767
-19;27,5;0,273240934500682
-19;28;0,305694933028351
-19;28,5;0,199569585878819
-19;29;0,381562011971307
-19;29,5;0,110614227624394
-19;30;0,0261629509039023
-19;30,5;0
-19;31;0
-19;31,5;0,0774241564371224
-19;32;0,0748202841005832
-19;32,5;0,0655649480804696
-19;33;0,0511343828859034
-19;33,5;0,0501649527735499
-19;34;0,0807663585805536
-19;34,5;0,0620955034761521
-19;35;0,0312201857777945
-19;35,5;0
-19;36;0,133672173618895
-19;36,5;0,0999097006094106
-19;37;0
-19;37,5;0
-19;38;0,0914350025088558
-19;38,5;0,0704605597209565
-19;39;0,057292869839736
-19;39,5;0,0622025242493301
-19;40;0,0608537640902261
-19;40,5;0,0735338322800867
-19;41;0,27593479666764
-19;41,5;0,045672325806092
-19;42;0,0659976851445901
-19;42,5;0,0620952122519553
-19;43;0,159141883312943
-19;43,5;0,0461661142073935
-19;44;0,0435788731132206
-19;44,5;0,0580109894052402
-19;45;0,0785890456440215
-19;45,5;0,0400421999617626
-19;46;0,0385437177996387
-19;46,5;0
-19;47;0
-19;47,5;0,0306974483195808
-19;48;0,0767685833177569
-19;48,5;0,0862670273047588
-19;49;0
-19;49,5;0
-19;50;0
-19;51;0
-19;51,5;0
-19;52;0
-19;52,5;0
-19;53;0
-19;53,5;0,0740318249883867
-19;54;0,0555133461586635
-19;54,5;0,0915228008581636
-19;55;0
-19;55,5;0
-19;56;0
-19;56,5;0
-19;57;0
-19;57,5;0
-19;58;0
-19;58,5;0,0336501609703926
-19;59;0
-19;59,5;0
-19;60;0
-19;60,5;0,0516535904521013
-19;61;0
-19;61,5;0,249452734333915
-19;62;0
-19;62,5;0,0648857971105131
-19;63;0,0888380549089184
-19;63,5;0,215685728163301
-19;64;0,336004004305144
-19;64,5;0,334269566154538
-19;65;0
-19;65,5;0
-19;66;0
-19;66,5;0,0346482322781408
-19;67;0
-19;67,5;0
-19;68;0
-19;68,5;0,0541082248830989
-19;69;0,0580611746350347
-19;69,5;0
-18,5;-17;0
-18,5;-16,5;0,0699711685401742
-18,5;-16;0,073522044251986
-18,5;-15,5;0,0617289437784254
-18,5;-15;0,0595556338039195
-18,5;-14,5;0,0233345237791561
-18,5;-14;0,0176776695296637
-18,5;-13,5;0,0843244866430804
-18,5;-13;0,0632595183878811
-18,5;-12,5;0
-18,5;-12;0
-18,5;-11,5;0
-18,5;-11;0
-18,5;-10,5;0,0621273653377441
-18,5;-10;0,0939395102124094
-18,5;-9,5;0
-18,5;-9;0,0550726792520575
-18,5;-8,5;0,0834361075649149
-18,5;-8;0,153503838946876
-18,5;-7,5;0
-18,5;-7;0
-18,5;-6,5;0,0186100331362771
-18,5;-6;0,072653441629734
-18,5;-5,5;0,100286042652391
-18,5;-5;0,0795347607006135
-18,5;-4,5;0,148837544504076
-18,5;-4;0,134545341415568
-18,5;-3,5;0,111709674331661
-18,5;-3;0,208140899136997
-18,5;-2,5;0,352350422403702
-18,5;-2;0,0493586573589381
-18,5;-1,5;0,179642336456691
-18,5;-1;0,0720990237851334
-18,5;-0,5;0,0504982863380226
-18,5;0;0,0432039884198741
-18,5;0,5;0,0383176199678425
-18,5;1;0,0503664512524429
-18,5;1,5;0
-18,5;2;0
-18,5;2,5;0,021439838307848
-18,5;3;0,0303589635308366
-18,5;3,5;0,147701066489098
-18,5;4;0,274232062497221
-18,5;4,5;0,145833406162447
-18,5;5;0,0577869536816943
-18,5;5,5;0,0576077808135013
-18,5;6;0,0716936830531346
-18,5;6,5;0
-18,5;7;0
-18,5;7,5;0
-18,5;8;0
-18,5;8,5;0
-18,5;9;0,139320972338458
-18,5;9,5;0,204737653070273
-18,5;10;0,121751317854098
-18,5;10,5;0
-18,5;11;0
-18,5;11,5;0,0965971014057875
-18,5;12;0,05851698979987
-18,5;12,5;0
-18,5;13;0
-18,5;13,5;0,0150443787951957
-18,5;14;0,0141067359796659
-18,5;14,5;0,0350428309358705
-18,5;15;0,0348826604489967
-18,5;15,5;0
-18,5;16;0,018322117781523
-18,5;16,5;0,0183303027798234
-18,5;17;0
-18,5;17,5;0,0818188008740692
-18,5;18;0,0884694599584814
-18,5;18,5;0,163773864788857
-18,5;19;0,0178978583448784
-18,5;19,5;0,0649255984441679
-18,5;20;0,0526573939382081
-18,5;20,5;0,0985658122505409
-18,5;21;0,0334286770494341
-18,5;21,5;0,0197989898732233
-18,5;22;0,0679877439935562
-18,5;22,5;0
-18,5;23;0
-18,5;23,5;0,0742361098118699
-18,5;24;0,0535023363975817
-18,5;24,5;0,0205456808113044
-18,5;25;0,0365820395007589
-18,5;25,5;0,314842005465912
-18,5;26;0,401799856893952
-18,5;26,5;0,0305224351521802
-18,5;27;0,0722208564117066
-18,5;27,5;0,0641501927458251
-18,5;28;0,0771988976572771
-18,5;28,5;0,0636087969653836
-18,5;29;0,000707106781186548
-18,5;29,5;0
-18,5;30;0
-18,5;30,5;0,014142135623731
-18,5;31;0,0214631467093403
-18,5;31,5;0
-18,5;32;0,00424264068711929
-18,5;32,5;0,0879155816773178
-18,5;33;0,0479561247792829
-18,5;33,5;0,123376039888032
-18,5;34;0,134151444584222
-18,5;34,5;0,0475208573581956
-18,5;35;0,056408486763229
-18,5;35,5;0,224931418119263
-18,5;36;0,191140310195987
-18,5;36,5;0,193453893966777
-18,5;37;0,057874610912172
-18,5;37,5;0,0812583329060267
-18,5;38;0,0570158763891936
-18,5;38,5;0,0574786987762261
-18,5;39;0
-18,5;39,5;0
-18,5;40;0,110369531563457
-18,5;40,5;0,131694669076221
-18,5;41;0,0437621275708096
-18,5;41,5;0,0524671023156113
-18,5;42;0,0668269806690781
-18,5;42,5;0,0926412738801357
-18,5;43;0,0918835580247855
-18,5;43,5;0,0384481716699495
-18,5;44;0,0480987175610332
-18,5;44,5;0,0446998111660393
-18,5;45;0,130620952887863
-18,5;45,5;0,202716795036571
-18,5;46;0,213274535452612
-18,5;46,5;0
-18,5;47;0
-18,5;47,5;0
-18,5;48;0,0782951071876385
-18,5;48,5;0,364519097371434
-18,5;49;0,216924874320353
-18,5;49,5;0
-18,5;50;0
-18,5;50,5;0
-18,5;51;0
-18,5;51,5;0,0356049755752519
-18,5;52;0,0751560281775758
-18,5;52,5;0
-18,5;53;0
-18,5;53,5;0,0780255223811872
-18,5;54;0,0788476026550233
-18,5;54,5;0
-18,5;55;0
-18,5;55,5;0
-18,5;56;0,0899277487764483
-18,5;56,5;0,0945189827243083
-18,5;57;0,138904043617648
-18,5;57,5;0
-18,5;58;0
-18,5;58,5;0,0769864706728829
-18,5;59;0,0980297877469613
-18,5;59,5;0
-18,5;60;0
-18,5;60,5;0,103224996972633
-18,5;61;0
-18,5;61,5;0
-18,5;62;0
-18,5;62,5;0
-18,5;63;0
-18,5;63,5;0
-18,5;64;0
-18,5;64,5;0
-18,5;65;0
-18,5;65,5;0
-18,5;66;0
-18,5;66,5;0
-18,5;67;0
-18,5;67,5;0
-18,5;68;0
-18,5;68,5;0
-18,5;69;0
-18,5;69,5;0
-18,5;70;0
-18;-17,5;0
-18;-17;0
-18;-16,5;0,0491445874556952
-18;-16;0,0697410043826994
-18;-15,5;0,0791399077583491
-18;-15;0,042279839111823
-18;-14,5;0,0728979159773869
-18;-14;0,0639194204267553
-18;-13,5;0,0871296286719585
-18;-13;0,0480005681784554
-18;-12,5;0,0288270706107992
-18;-12;0,0434385170316018
-18;-11,5;0
-18;-11;0
-18;-10,5;0,107918024444483
-18;-10;0,112744833300233
-18;-9,5;0,0656585052717173
-18;-9;0,0731607559564635
-18;-8,5;0,0412556072828304
-18;-8;0
-18;-7,5;0
-18;-7;0
-18;-6,5;0
-18;-6;0,0655354865702544
-18;-5,5;0,0552247931438206
-18;-5;0,188343763128073
-18;-4,5;0,0682476196555783
-18;-4;0,109861583851257
-18;-3,5;0,172830211690055
-18;-3;0,247518484158254
-18;-2,5;0,0502808777435982
-18;-2;0,113844191771034
-18;-1,5;0
-18;-1;0
-18;-0,5;0
-18;0;0,10822121746142
-18;0,5;0,0557984847417105
-18;1;0,0601146222443888
-18;1,5;0,048782971671713
-18;2;0,0551277304690359
-18;2,5;0
-18;3;0
-18;3,5;0,155002831515356
-18;4;0,0311126983722081
-18;4,5;0,0685389859320416
-18;5;0,0552123174663046
-18;5,5;0,0544259250604096
-18;6;0,0584097594585015
-18;6,5;0,0480832611206852
-18;7;0,0739013336457774
-18;7,5;0
-18;8;0
-18;8,5;0
-18;9;0
-18;9,5;0,141143937564144
-18;10;0
-18;10,5;0
-18;11;0,0605882349183925
-18;11,5;0,172243293690822
-18;12;0,146554645613653
-18;12,5;0,0331754471577648
-18;13;0
-18;13,5;0
-18;14;0,0714037814124714
-18;14,5;0,107866849137523
-18;15;0
-18;15,5;0
-18;16;0
-18;16,5;0,0475514758671364
-18;17;0,0581990120191056
-18;17,5;0
-18;18;0,0713356919948279
-18;18,5;0
-18;19;0,049798137971761
-18;19,5;0,0598136812994171
-18;20;0,0470865161166124
-18;20,5;0,0412037330717451
-18;21;0,0599799186667909
-18;21,5;0,0873509719905412
-18;22;0,0346482322781408
-18;22,5;0
-18;23;0
-18;23,5;0,0661231174905317
-18;24;0
-18;24,5;0,0493384810699085
-18;25;0
-18;25,5;0,0311239457652785
-18;26;0,0334941632879368
-18;26,5;0,0388514264002409
-18;27;0,0597045104780918
-18;27,5;0,0616938459704907
-18;28;0,072311248548664
-18;28,5;0
-18;29;0
-18;29,5;0
-18;30;0,025820534463872
-18;30,5;0,0269734437302074
-18;31;0,0176103662653563
-18;31,5;0,0358897885627225
-18;32;0,0757048328672418
-18;32,5;0,063004292046864
-18;33;0,0438011165967952
-18;33,5;0,126228705808991
-18;34;0,139797162486912
-18;34,5;0,301260237074488
-18;35;0,121098237360366
-18;35,5;0,360347796049382
-18;36;0,0687448748810422
-18;36,5;0,0634862814827577
-18;37;0,0385103882088976
-18;37,5;0,0616006659497651
-18;38;0,0644307326710497
-18;38,5;0,0655431021722971
-18;39;0,0646475227506994
-18;39,5;0
-18;40;0
-18;40,5;0,0113137084989848
-18;41;0,0619485826628777
-18;41,5;0,0798497136355339
-18;42;0,0367356708628286
-18;42,5;0,133709782298652
-18;43;0,120459039319341
-18;43,5;0,0302083505747077
-18;44;0,0366407484154519
-18;44,5;0,0424669890772859
-18;45;0,143109859663033
-18;45,5;0,367244452050932
-18;46;0,165959351631241
-18;46,5;0,0761613512120138
-18;47;0
-18;47,5;0,027641052399968
-18;48;0,0451403184708344
-18;48,5;0,348808520501376
-18;49;0,347699882687718
-18;49,5;0,0510198899123339
-18;50;0,0469773639881244
-18;50,5;0,0493349446021102
-18;51;0,022112590681932
-18;51,5;0,0538060241543093
-18;52;0,0889516077940117
-18;52,5;0,131307679389542
-18;53;0,140958103041956
-18;53,5;0,0846568704493954
-18;54;0,0975311915918868
-18;54,5;0
-18;55;0
-18;55,5;0
-18;56;0,0996142560078627
-18;56,5;0,105083866733286
-18;57;0,146511660514331
-18;57,5;0,0271354626519124
-18;58;0
-18;58,5;0,0713833547357739
-18;59;0,0946566262547921
-18;59,5;0,0859350876284786
-18;60;0
-18;60,5;0,0998518903176099
-18;61;0,0730684610485263
-18;61,5;0
-18;62;0
-18;62,5;0
-18;63;0
-18;63,5;0,0494974746830583
-18;64;0,110606983332449
-18;64,5;0
-18;65;0
-18;65,5;0
-18;66;0
-18;66,5;0
-18;67;0
-18;67,5;0
-18;68;0
-18;68,5;0
-18;69;0
-18;69,5;0,0282842712474619
-18;70;0,095725425790942
-18;70,5;0
-17,5;-18;0
-17,5;-17,5;0,0793962635560809
-17,5;-17;0
-17,5;-16,5;0,108145580892918
-17,5;-16;0,0499597466425219
-17,5;-15,5;0,0567215420570821
-17,5;-15;0,0989949493661167
-17,5;-14,5;0,0480958908298278
-17,5;-14;0,0613996838938606
-17,5;-13,5;0,0483665310035909
-17,5;-13;0,061744095534175
-17,5;-12,5;0,0545495697100862
-17,5;-12;0,0631909084369809
-17,5;-11,5;0,0893291665694917
-17,5;-11;0,0645264434535323
-17,5;-10,5;0,0902660012429495
-17,5;-10;0,0789956551119747
-17,5;-9,5;0,0979463697233917
-17,5;-9;0,0600662908986861
-17,5;-8,5;0,0343138627448235
-17,5;-8;0
-17,5;-7,5;0
-17,5;-7;0,0429702171327951
-17,5;-6,5;0,0602203063269994
-17,5;-6;0,0513893425918225
-17,5;-5,5;0,0704940171334625
-17,5;-5;0,103066567767169
-17,5;-4,5;0,0910424501597603
-17,5;-4;0,153929457747202
-17,5;-3,5;0,0766626459908773
-17,5;-3;0,0528477008693802
-17,5;-2,5;0,0559416170317683
-17,5;-2;0,0592731530008879
-17,5;-1,5;0,0820243866176395
-17,5;-1;0,0407659989043157
-17,5;-0,5;0
-17,5;0;0
-17,5;0,5;0
-17,5;1;0,0128970280814354
-17,5;1,5;0,068956162748172
-17,5;2;0,0261574900499701
-17,5;2,5;0,0291050264405062
-17,5;3;0,0635434188714405
-17,5;3,5;0,122318980131592
-17,5;4;0,187219814659564
-17,5;4,5;0,194232972533109
-17,5;5;0
-17,5;5,5;0
-17,5;6;0,0342734104907385
-17,5;6,5;0,0438406204335659
-17,5;7;0,0686352679021507
-17,5;7,5;0,0445009363197375
-17,5;8;0,0872335944461765
-17,5;8,5;0,0460159392674611
-17,5;9;0
-17,5;9,5;0
-17,5;10;0
-17,5;10,5;0
-17,5;11;0,0690367397012013
-17,5;11,5;0,179734731583447
-17,5;12;0,173632623787923
-17,5;12,5;0,0426604920555024
-17,5;13;0,168587690902419
-17,5;13,5;0,115197073701868
-17,5;14;0,125024657183478
-17,5;14,5;0,150162098117187
-17,5;15;0,10490334656822
-17,5;15,5;0,133558644090944
-17,5;16;0,144154431080005
-17,5;16,5;0,0478554041450112
-17,5;17;0,0764916117405475
-17,5;17,5;0
-17,5;18;0
-17,5;18,5;0
-17,5;19;0,0148492424049175
-17,5;19,5;0,042566940745659
-17,5;20;0,0323071199583002
-17,5;20,5;0,0357513252630517
-17,5;21;0,0692240023402288
-17,5;21,5;0,0618934469914853
-17,5;22;0,0730797246426542
-17,5;22,5;0,0480068077960954
-17,5;23;0
-17,5;23,5;0
-17,5;24;0
-17,5;24,5;0
-17,5;25;0
-17,5;25,5;0
-17,5;26;0
-17,5;26,5;0,0357624181152582
-17,5;27;0,053181436155064
-17,5;27,5;0,0334485828146379
-17,5;28;0,036671211839504
-17,5;28,5;0
-17,5;29;0
-17,5;29,5;0
-17,5;30;0
-17,5;30,5;0
-17,5;31;0,0169975488428969
-17,5;31,5;0,0217432011998917
-17,5;32;0,0774017327054534
-17,5;32,5;0,0774870956998648
-17,5;33;0,0520705212311779
-17,5;33,5;0,101899195190849
-17,5;34;0,125896128224981
-17,5;34,5;0,318686630727822
-17,5;35;0,317707412566972
-17,5;35,5;0,373971135270691
-17,5;36;0,379366458717689
-17,5;36,5;0,0528188334466662
-17,5;37;0,0340831203223691
-17,5;37,5;0,0595581425875996
-17,5;38;0,0735127019428532
-17,5;38,5;0,0393371122905755
-17,5;39;0,0560056994184247
-17,5;39,5;0,0363125026604111
-17,5;40;0,132825873046659
-17,5;40,5;0,12946698420833
-17,5;41;0,0681621840416908
-17,5;41,5;0,0397584102146414
-17,5;42;0,0400666607241894
-17,5;42,5;0,0463064694405732
-17,5;43;0,0509283966692609
-17,5;43,5;0,0558281589642121
-17,5;44;0
-17,5;44,5;0,065411160233105
-17,5;45;0,0549195003177516
-17,5;45,5;0,0493283544192141
-17,5;46;0,0715832069008094
-17,5;46,5;0,0810906984444405
-17,5;47;0,0721863028478435
-17,5;47,5;0,0446905182812017
-17,5;48;0,0797882017773126
-17,5;48,5;0,0477866787574389
-17,5;49;0,0526629303823211
-17,5;49,5;0,057833628378553
-17,5;50;0,0793249295268798
-17,5;50,5;0,0739338507431764
-17,5;51;0,0500111752217324
-17,5;51,5;0,232509904337371
-17,5;52;0,149011588221228
-17,5;52,5;0,151192133474231
-17,5;53;0,0895842248017659
-17,5;53,5;0,0595281075479079
-17,5;54;0,271757813668011
-17,5;54,5;0,173918359678711
-17,5;55;0
-17,5;55,5;0
-17,5;56;0
-17,5;56,5;0
-17,5;57;0,0709933415571809
-17,5;57,5;0,040833537414456
-17,5;58;0
-17,5;58,5;0,0396770294587015
-17,5;59;0,082167453874332
-17,5;59,5;0,108545513824518
-17,5;60;0
-17,5;60,5;0,106625289593756
-17,5;61;0,0956752898283765
-17,5;61,5;0
-17,5;62;0,0770973410695855
-17,5;62,5;0,102516388397709
-17,5;63;0,0515
-17,5;63,5;0,014047538337137
-17,5;64;0,127315610613476
-17,5;64,5;0,0846065473656907
-17,5;65;0
-17,5;65,5;0
-17,5;66;0
-17,5;66,5;0
-17,5;67;0
-17,5;67,5;0
-17,5;68;0
-17,5;68,5;0,0860697391654001
-17,5;69;0,111015764646288
-17,5;69,5;0
-17,5;70;0,231507944942347
-17,5;70,5;0,197664204688472
-17;-18,5;0
-17;-18;0
-17;-17,5;0,0474257314123884
-17;-17;0
-17;-16,5;0,091629602063738
-17;-16;0,0672340507660931
-17;-15,5;0,0417101106847409
-17;-15;0,069552607552782
-17;-14,5;0,0578040190244988
-17;-14;0,0597042644229321
-17;-13,5;0,0533711547442076
-17;-13;0,0527524234686728
-17;-12,5;0
-17;-12;0
-17;-11,5;0,0470519893934609
-17;-11;0,0652027404977816
-17;-10,5;0,0645183939098716
-17;-10;0,0618776381681069
-17;-9,5;0,074799974812055
-17;-9;0,0445617149439565
-17;-8,5;0,0360642314194936
-17;-8;0,0480724831516288
-17;-7,5;0,0529439955676436
-17;-7;0,0329182489071201
-17;-6,5;0,042427716307988
-17;-6;0,0660309516824237
-17;-5,5;0,0492288146361071
-17;-5;0,0527908394257254
-17;-4,5;0
-17;-4;0,0639778607540661
-17;-3,5;0,0630125872651342
-17;-3;0,0679945142511804
-17;-2,5;0,0860551319177822
-17;-2;0,0784940125105094
-17;-1,5;0,0669085196368893
-17;-1;0,0520339219380787
-17;-0,5;0,0848230409491553
-17;0;0,0606395543812416
-17;0,5;0
-17;1;0
-17;1,5;0
-17;2;0
-17;2,5;0,0453862737637036
-17;3;0,036710904050302
-17;3,5;0,0974816585767048
-17;4;0,101531505857786
-17;4,5;0,0514344957488763
-17;5;0,0527162214123888
-17;5,5;0
-17;6;0,0714435441450101
-17;6,5;0,0435076621604364
-17;7;0
-17;7,5;0,0311662210306821
-17;8;0,0735691358445765
-17;8,5;0,0540052186030539
-17;9;0,0698353104685251
-17;9,5;0,0734994331043898
-17;10;0,0411096095821889
-17;10,5;0,0868859405581057
-17;11;0
-17;11,5;0,0471646053730973
-17;12;0,0761967886779929
-17;12,5;0,213681266374522
-17;13;0,177875291724119
-17;13,5;0,125597515759319
-17;14;0,0706762777980437
-17;14,5;0,0527162214123888
-17;15;0,056333100232618
-17;15,5;0,119018972673422
-17;16;0,150488009871161
-17;16,5;0,35798896049087
-17;17;0,0673142629759845
-17;17,5;0,0639724205281877
-17;18;0
-17;18,5;0,0636396103067893
-17;19;0
-17;19,5;0
-17;20;0,0498393207692164
-17;20,5;0,0369439730247999
-17;21;0,0406769112779118
-17;21,5;0,0800145389087609
-17;22;0,0459121897394
-17;22,5;0,0587843516592639
-17;23;0,104835913089411
-17;23,5;0,0820776174978151
-17;24;0
-17;24,5;0
-17;25;0
-17;25,5;0
-17;26;0
-17;26,5;0,0224177372866876
-17;27;0,0467920933491974
-17;27,5;0,0707982059441642
-17;28;0
-17;28,5;0,0190918830920368
-17;29;0,0473761543394987
-17;29,5;0
-17;30;0
-17;30,5;0,0436529876793483
-17;31;0,0233345237791561
-17;31,5;0,0215602514930704
-17;32;0,0872812753173384
-17;32,5;0,0351189611250009
-17;33;0,0699890968952345
-17;33,5;0,124367542848951
-17;34;0,274500151791093
-17;34,5;0,179970873064269
-17;35;0,219863052614035
-17;35,5;0,317998951780243
-17;36;0
-17;36,5;0,0444559707276012
-17;37;0,0570778151660256
-17;37,5;0,0843872471467417
-17;38;0,0765503459534119
-17;38,5;0,0309741403177078
-17;39;0,0566629367911433
-17;39,5;0,0672100360072227
-17;40;0,323566601344481
-17;40,5;0,315960860239992
-17;41;0,0362627674632476
-17;41,5;0,0588818122690866
-17;42;0,0462679218058829
-17;42,5;0,0436554059241597
-17;43;0,0441101094352073
-17;43,5;0,0407833427486227
-17;44;0,0448901436843323
-17;44,5;0
-17;45;0,0667563444461238
-17;45,5;0,0627140697567503
-17;46;0,0845278251014083
-17;46,5;0,065546421209196
-17;47;0,0836813684673681
-17;47,5;0,0400842861979604
-17;48;0,0334389991875754
-17;48,5;0
-17;49;0,0232120658279266
-17;49,5;0,0414447423283903
-17;50;0,039081416848128
-17;50,5;0
-17;51;0
-17;51,5;0,284948449807363
-17;52;0,261781217929412
-17;52,5;0,213309550716506
-17;53;0,0377769219674305
-17;53,5;0,153654409960627
-17;54;0,308329060369189
-17;54,5;0,253466244966982
-17;55;0
-17;55,5;0
-17;56;0
-17;56,5;0
-17;57;0
-17;57,5;0,104853548660342
-17;58;0
-17;58,5;0
-17;59;0,0506058532281828
-17;59,5;0,0769821407860291
-17;60;0
-17;60,5;0,0572756492761103
-17;61;0,166170093578839
-17;61,5;0
-17;62;0
-17;62,5;0,122260904773271
-17;63;0
-17;63,5;0
-17;64;0
-17;64,5;0,115258405333407
-17;65;0
-17;65,5;0
-17;66;0
-17;66,5;0
-17;67;0,0698423656812686
-17;67,5;0
-17;68;0
-17;68,5;0,324789675533773
-17;69;0,000707106781186548
-17;69,5;0
-17;70;0
-17;70,5;0,322183805439037
-17;71;0
-16,5;-18,5;0
-16,5;-18;0
-16,5;-17,5;0
-16,5;-17;0,248544276443738
-16,5;-16,5;0,0134350288425444
-16,5;-16;0
-16,5;-15,5;0,0433746888906841
-16,5;-15;0,05705996845425
-16,5;-14,5;0,055100115492372
-16,5;-14;0,036672748413372
-16,5;-13,5;0,0608418573165843
-16,5;-13;0,0581254800287398
-16,5;-12,5;0,0485832618638697
-16,5;-12;0
-16,5;-11,5;0
-16,5;-11;0,0593860892999293
-16,5;-10,5;0,067680378348864
-16,5;-10;0,0533515742615949
-16,5;-9,5;0,0679844813606926
-16,5;-9;0,0543524001660046
-16,5;-8,5;0,0548866103890557
-16,5;-8;0,0434050688284214
-16,5;-7,5;0,0459685569178349
-16,5;-7;0,0553369476731214
-16,5;-6,5;0,0322682211353228
-16,5;-6;0,0643467170879758
-16,5;-5,5;0,0351933965879779
-16,5;-5;0,0407954245800515
-16,5;-4,5;0,0448648764943931
-16,5;-4;0,0714368817220869
-16,5;-3,5;0,0596469926841558
-16,5;-3;0,0986074360115991
-16,5;-2,5;0,0729237118749669
-16,5;-2;0,0460920404243096
-16,5;-1,5;0,0403978377406223
-16,5;-1;0,0634881282149854
-16,5;-0,5;0,0651837370854079
-16,5;0;0,0513494372499091
-16,5;0,5;0
-16,5;1;0,067364230571124
-16,5;1,5;0,078551031286222
-16,5;2;0
-16,5;2,5;0
-16,5;3;0
-16,5;3,5;0,0592018887905077
-16,5;4;0,0563721401209692
-16,5;4,5;0,0702776805319611
-16,5;5;0
-16,5;5,5;0,0803529641679429
-16,5;6;0,0736046169723044
-16,5;6,5;0,178511574843037
-16,5;7;0,134815460290478
-16,5;7,5;0,125537966179084
-16,5;8;0,0647527899748251
-16,5;8,5;0,0439295973554223
-16,5;9;0,2464321407609
-16,5;9,5;0,0517493961317424
-16,5;10;0,0226421435969889
-16,5;10,5;0,0572753965733244
-16,5;11;0
-16,5;11,5;0,058474251557742
-16,5;12;0,217238118202124
-16,5;12,5;0,10829056889604
-16,5;13;0,152465988853788
-16,5;13,5;0,180082244368628
-16,5;14;0,0718416881988815
-16,5;14,5;0,11268209505265
-16,5;15;0,0844064391483077
-16,5;15,5;0,0864985713697217
-16,5;16;0,277676861766406
-16,5;16,5;0,0894625806849797
-16,5;17;0,1246717711686
-16,5;17,5;0,294465528744958
-16,5;18;0,0690847047368043
-16,5;18,5;0,0379149245281628
-16,5;19;0,0254361946839538
-16,5;19,5;0,0380130110750123
-16,5;20;0,046790607172169
-16,5;20,5;0,0296934336175525
-16,5;21;0,0542624245153653
-16,5;21,5;0,115443620166856
-16,5;22;0,0645414595434594
-16,5;22,5;0,0620593477033286
-16,5;23;0,0853070729968899
-16,5;23,5;0,0639992559480558
-16,5;24;0
-16,5;24,5;0,0611757032380231
-16,5;25;0,0505338069276512
-16,5;25,5;0,116512303189594
-16,5;26;0,0823386320251575
-16,5;26,5;0,111919004804205
-16,5;27;0,0424240497831124
-16,5;27,5;0
-16,5;28;0
-16,5;28,5;0,0524762006435958
-16,5;29;0,0967010955605649
-16,5;29,5;0,248584675531479
-16,5;30;0,177239527194134
-16,5;30,5;0,0700854158669361
-16,5;31;0,0431312160394321
-16,5;31,5;0,0404223160687712
-16,5;32;0,0381202685988541
-16,5;32,5;0,0351402967523107
-16,5;33;0,0839361887613667
-16,5;33,5;0,105303953284872
-16,5;34;0,14896152520413
-16,5;34,5;0,323958686963549
-16,5;35;0,368522140787195
-16,5;35,5;0,0634397829489198
-16,5;36;0,0633759173231577
-16,5;36,5;0,129286542902822
-16,5;37;0,0757893226554469
-16,5;37,5;0,064579511990909
-16,5;38;0,0378093724165575
-16,5;38,5;0,315486150426784
-16,5;39;0,129118967127056
-16,5;39,5;0,0528387295454561
-16,5;40;0,258854370412371
-16,5;40,5;0,377515320376744
-16,5;41;0,0486863687288342
-16,5;41,5;0,0431641385543932
-16,5;42;0
-16,5;42,5;0
-16,5;43;0,0504149448741806
-16,5;43,5;0,114237671606327
-16,5;44;0,0420931731670674
-16,5;44,5;0,0376077299315087
-16,5;45;0,104177732745534
-16,5;45,5;0,0740319592753835
-16,5;46;0,121197919595535
-16,5;46,5;0,0675573830162181
-16,5;47;0,0382713992427766
-16,5;47,5;0
-16,5;48;0
-16,5;48,5;0
-16,5;49;0
-16,5;49,5;0
-16,5;50;0
-16,5;50,5;0
-16,5;51;0
-16,5;51,5;0
-16,5;52;0
-16,5;52,5;0,0370780386803422
-16,5;53;0,0566970794973552
-16,5;53,5;0,0837549145679566
-16,5;54;0,0510658850445639
-16,5;54,5;0,0539307620342607
-16,5;55;0,0558602151478459
-16,5;55,5;0
-16,5;56;0,133643181644257
-16,5;56,5;0
-16,5;57;0
-16,5;57,5;0,0661875513523728
-16,5;58;0,12933229335809
-16,5;58,5;0,0855823190462454
-16,5;59;0,0510032678691604
-16,5;59,5;0
-16,5;60;0
-16,5;60,5;0
-16,5;61;0,0770083483414994
-16,5;61,5;0
-16,5;62;0,0146144905259586
-16,5;62,5;0
-16,5;63;0
-16,5;63,5;0
-16,5;64;0
-16,5;64,5;0
-16,5;65;0
-16,5;65,5;0
-16,5;66;0
-16,5;66,5;0
-16,5;67;0,0390089733266591
-16,5;67,5;0
-16,5;68;0
-16,5;68,5;0
-16,5;69;0
-16,5;69,5;0
-16,5;70;0
-16,5;70,5;0,0367695526217005
-16,5;71;0,0475210479682425
-16,5;71,5;0,109767937030811
-16;-19;0
-16;-18,5;0
-16;-18;0
-16;-17,5;0,346713805447648
-16;-17;0,277584975135638
-16;-16,5;0
-16;-16;0,0950035087071349
-16;-15,5;0,122750545532684
-16;-15;0,0729373018420616
-16;-14,5;0,0463556301267111
-16;-14;0,0324895587623382
-16;-13,5;0,0329412355566697
-16;-13;0,0558671894509009
-16;-12,5;0,0575212335376451
-16;-12;0
-16;-11,5;0
-16;-11;0,0558241285944826
-16;-10,5;0,0477241002386608
-16;-10;0
-16;-9,5;0
-16;-9;0,0517848111579705
-16;-8,5;0,0428764061798159
-16;-8;0,0411095042781027
-16;-7,5;0,039141587417301
-16;-7;0,0622552350064979
-16;-6,5;0,232623895986906
-16;-6;0,0906137901997206
-16;-5,5;0,0376340566803822
-16;-5;0,0190918830920368
-16;-4,5;0
-16;-4;0,0496859582220615
-16;-3,5;0,0641471865202328
-16;-3;0,0944926267294907
-16;-2,5;0,0561441596843934
-16;-2;0,0950326259765561
-16;-1,5;0,113911407126193
-16;-1;0,120581132536602
-16;-0,5;0,0978570385818005
-16;0;0,104299089161891
-16;0,5;0
-16;1;0,0617272225197279
-16;1,5;0,129779325523495
-16;2;0,0688932922299821
-16;2,5;0,140491653709054
-16;3;0,0865240401495996
-16;3,5;0,057250281844213
-16;4;0,0484760051667119
-16;4,5;0,0648436716602782
-16;5;0,0201328918273887
-16;5,5;0,0574395081929614
-16;6;0,123350063215379
-16;6,5;0,0738776313356398
-16;7;0,204751346254679
-16;7,5;0,0877723321127196
-16;8;0,112255106738019
-16;8,5;0,0952751229681903
-16;9;0,131945134170884
-16;9,5;0,129186169713258
-16;10;0,150191960503883
-16;10,5;0,16081353378077
-16;11;0
-16;11,5;0,219961743085139
-16;12;0,24597010594825
-16;12,5;0,155707711126803
-16;13;0,094127494151261
-16;13,5;0,113720129516031
-16;14;0,0559974119484779
-16;14,5;0,0759892074516033
-16;15;0,0257293606605372
-16;15,5;0,0537899864041871
-16;16;0,0762107822642789
-16;16,5;0,0212132034355964
-16;17;0,0585471264013206
-16;17,5;0,0630746984330292
-16;18;0
-16;18,5;0
-16;19;0,0582023692771496
-16;19,5;0,0517131511319896
-16;20;0,0751125922542387
-16;20,5;0,0721664742106749
-16;21;0,0617413014447668
-16;21,5;0,056808450075671
-16;22;0
-16;22,5;0,0914493419487376
-16;23;0,0884109721697482
-16;23,5;0,0874953059965423
-16;24;0,0491010862065868
-16;24,5;0,062935015503856
-16;25;0,0681864984574823
-16;25,5;0,102758284129626
-16;26;0,100049299214098
-16;26,5;0,119772205465027
-16;27;0,0401199841888445
-16;27,5;0,0572127461017064
-16;28;0,0337206018866307
-16;28,5;0,165028876645422
-16;29;0,107662886369674
-16;29,5;0,166809547351821
-16;30;0,0901847123629489
-16;30,5;0,0723294276162253
-16;31;0,0399465789106735
-16;31,5;0,0552313537678047
-16;32;0,0781079797859275
-16;32,5;0
-16;33;0,0457448730088237
-16;33,5;0,0342418903749722
-16;34;0,28590024182547
-16;34,5;0,235662434621616
-16;35;0,292995598635015
-16;35,5;0,0544955884655844
-16;36;0,0555917260030663
-16;36,5;0,0688424907392747
-16;37;0,0592240852232553
-16;37,5;0,0595235145172713
-16;38;0,0451262058645855
-16;38,5;0,378546173375385
-16;39;0,26777604413237
-16;39,5;0,0528969648362634
-16;40;0,0508693324415688
-16;40,5;0,0452638110886443
-16;41;0,0654205515983209
-16;41,5;0,0678609982196333
-16;42;0,0855766233594693
-16;42,5;0
-16;43;0,0795773994297376
-16;43,5;0,083961844893079
-16;44;0,118048991499036
-16;44,5;0,0389592617239351
-16;45;0,100740012747419
-16;45,5;0,0779884674394603
-16;46;0,0908859425073787
-16;46,5;0,0652483410861361
-16;47;0,081459455296134
-16;47,5;0
-16;48;0,0956760237214712
-16;48,5;0
-16;49;0
-16;49,5;0
-16;50;0
-16;50,5;0
-16;51;0,0762167960491649
-16;51,5;0,0912853076303222
-16;52;0,0216564078277077
-16;52,5;0,0453980411786361
-16;53;0,0127279220613579
-16;53,5;0,0535007788105307
-16;54;0,0249384957731731
-16;54,5;0,0685543232633452
-16;55;0,0971545161070755
-16;55,5;0,156819449907469
-16;56;0,121235308388274
-16;56,5;0
-16;57;0
-16;57,5;0,133313910941712
-16;58;0,143463668487266
-16;58,5;0,0334863156129983
-16;59;0,234864219456748
-16;59,5;0
-16;60;0,0337786915081091
-16;60,5;0,080572534609092
-16;61;0
-16;61,5;0,1209152595829
-16;62;0,0521536192416212
-16;62,5;0,149595645467564
-16;63;0
-16;63,5;0
-16;64;0
-16;64,5;0
-16;65;0
-16;65,5;0
-16;66;0
-16;66,5;0
-16;67;0,0899297705788447
-16;67,5;0
-16;68;0
-16;68,5;0
-16;69;0
-16;69,5;0
-16;70;0,273197163682024
-16;70,5;0,376202368708947
-16;71;0,139203771710681
-16;71,5;0,116827508176228
-16;72;0
-15,5;-19,5;0
-15,5;-19;0
-15,5;-18,5;0
-15,5;-18;0
-15,5;-17,5;0
-15,5;-17;0
-15,5;-16,5;0
-15,5;-16;0,143382545077161
-15,5;-15,5;0,115892513761712
-15,5;-15;0,074216674068915
-15,5;-14,5;0,0522024032884589
-15,5;-14;0
-15,5;-13,5;0
-15,5;-13;0
-15,5;-12,5;0
-15,5;-12;0
-15,5;-11,5;0
-15,5;-11;0,151191269589219
-15,5;-10,5;0,0631244801958796
-15,5;-10;0
-15,5;-9,5;0
-15,5;-9;0,0407838403957609
-15,5;-8,5;0,0547093329433938
-15,5;-8;0,0621026806886623
-15,5;-7,5;0,0634465759069006
-15,5;-7;0,223555119322487
-15,5;-6,5;0,362484981903062
-15,5;-6;0,185485253893038
-15,5;-5,5;0
-15,5;-5;0
-15,5;-4,5;0,132228968081884
-15,5;-4;0,0722214158019136
-15,5;-3,5;0,0764316913869886
-15,5;-3;0,0839333635916584
-15,5;-2,5;0,0658835313707633
-15,5;-2;0,226789280561886
-15,5;-1,5;0,219416577184666
-15,5;-1;0,071214145683667
-15,5;-0,5;0,0472597525440656
-15,5;0;0,0438908955739765
-15,5;0,5;0,100225080028238
-15,5;1;0,173332655676331
-15,5;1,5;0,0372444830163008
-15,5;2;0,0614730293163867
-15,5;2,5;0,10125678229428
-15,5;3;0,111085971677113
-15,5;3,5;0,0504009653671586
-15,5;4;0,0709373688130427
-15,5;4,5;0,12929628627408
-15,5;5;0,0609147320043633
-15,5;5,5;0,0747054288449046
-15,5;6;0,0579827560572969
-15,5;6,5;0,177565176538622
-15,5;7;0,153197276103087
-15,5;7,5;0,263721874120239
-15,5;8;0,15095051300691
-15,5;8,5;0,10493692139216
-15,5;9;0,156517200696408
-15,5;9,5;0,203137189067924
-15,5;10;0,0728790283811316
-15,5;10,5;0,0903536222680753
-15,5;11;0,0881324867870681
-15,5;11,5;0,0934321350535651
-15,5;12;0,166412879529663
-15,5;12,5;0,138925262538635
-15,5;13;0,142169881943876
-15,5;13,5;0,159613356405796
-15,5;14;0,115373898103671
-15,5;14,5;0,0771129665839969
-15,5;15;0,0756038694496358
-15,5;15,5;0,0698104576693206
-15,5;16;0,0943686933913873
-15,5;16,5;0,0509495293938476
-15,5;17;0,0434533594149456
-15,5;17,5;0
-15,5;18;0,282199485927154
-15,5;18,5;0,273887898748888
-15,5;19;0,197415966364198
-15,5;19,5;0,0213988729774697
-15,5;20;0,029567718883945
-15,5;20,5;0,0820243866176395
-15,5;21;0,0906554884296455
-15,5;21,5;0,0683918658308717
-15,5;22;0,0681290377847338
-15,5;22,5;0,128427626712598
-15,5;23;0,131264666155609
-15,5;23,5;0,0449980599229055
-15,5;24;0,0708803758842516
-15,5;24,5;0,0598260162282425
-15,5;25;0,0603521083652177
-15,5;25,5;0,0481672770673886
-15,5;26;0,0480574869126981
-15,5;26,5;0,0548539582408952
-15,5;27;0,0402154581292596
-15,5;27,5;0,144285622262713
-15,5;28;0,140034766505366
-15,5;28,5;0,197080911888455
-15,5;29;0,172644940480833
-15,5;29,5;0,161644006415724
-15,5;30;0,132524239082119
-15,5;30,5;0,0908347895268109
-15,5;31;0,0557956755260424
-15,5;31,5;0,068837294561376
-15,5;32;0,0347107777965014
-15,5;32,5;0,111374810027529
-15,5;33;0,127976790175131
-15,5;33,5;0,0254558441227157
-15,5;34;0,162230102202415
-15,5;34,5;0,0388917495340359
-15,5;35;0,0355316760088797
-15,5;35,5;0,0205060966544099
-15,5;36;0,0556051602475332
-15,5;36,5;0,0505397414715029
-15,5;37;0,0534122081916056
-15,5;37,5;0,0587922275313629
-15,5;38;0,0752930153749417
-15,5;38,5;0,323504290742165
-15,5;39;0,315091266555868
-15,5;39,5;0,021865803445652
-15,5;40;0,0328021962928194
-15,5;40,5;0,0541553204551935
-15,5;41;0,0597884023973253
-15,5;41,5;0,0672366071759857
-15,5;42;0,0753607687758365
-15,5;42,5;0,0960829015829986
-15,5;43;0,046639575469766
-15,5;43,5;0,0497421924957647
-15,5;44;0,0242074368738204
-15,5;44,5;0,0391279950930277
-15,5;45;0,0601509131513494
-15,5;45,5;0,081630856752784
-15,5;46;0,0605043346364863
-15,5;46,5;0,0756947117963956
-15,5;47;0,0779430391179275
-15,5;47,5;0,0701420390559272
-15,5;48;0,0320442698040184
-15,5;48,5;0,0775997910055341
-15,5;49;0,118270738276496
-15,5;49,5;0,170896069781217
-15,5;50;0
-15,5;50,5;0
-15,5;51;0,033903293841946
-15,5;51,5;0,0994831772736235
-15,5;52;0,0710809131351111
-15,5;52,5;0,0974380144844232
-15,5;53;0,0946960048435695
-15,5;53,5;0
-15,5;54;0
-15,5;54,5;0,116106702236985
-15,5;55;0
-15,5;55,5;0,0856104679215219
-15,5;56;0,199470925199639
-15,5;56,5;0,0837480904084315
-15,5;57;0
-15,5;57,5;0
-15,5;58;0
-15,5;58,5;0,0371115596161473
-15,5;59;0,249283556112489
-15,5;59,5;0,124135275674027
-15,5;60;0
-15,5;60,5;0,045785732857882
-15,5;61;0,078745219053664
-15,5;61,5;0,0933528253455673
-15,5;62;0,107385844956259
-15,5;62,5;0,136188137483442
-15,5;63;0
-15,5;63,5;0,0690316133113202
-15,5;64;0,107615570951006
-15,5;64,5;0,0962566015052128
-15,5;65;0
-15,5;65,5;0
-15,5;66;0
-15,5;66,5;0
-15,5;67;0,0582992940978507
-15,5;67,5;0,0397943431104189
-15,5;68;0
-15,5;68,5;0
-15,5;69;0
-15,5;69,5;0
-15,5;70;0
-15,5;70,5;0
-15,5;71;0
-15,5;71,5;0
-15,5;72;0
-15;-20;0
-15;-19,5;0
-15;-19;0
-15;-18,5;0,0476714949269627
-15;-18;0
-15;-17,5;0
-15;-17;0
-15;-16,5;0
-15;-16;0,215963553430333
-15;-15,5;0,202666350184193
-15;-15;0,1358722947764
-15;-14,5;0,00602771377334171
-15;-14;0
-15;-13,5;0
-15;-13;0,0614715381294465
-15;-12,5;0,085894050310763
-15;-12;0,0742028577789569
-15;-11,5;0,0705017392558172
-15;-11;0,0956310143682002
-15;-10,5;0
-15;-10;0,0185822495947073
-15;-9,5;0,0471963981676568
-15;-9;0,0447958581518763
-15;-8,5;0,0777982433392083
-15;-8;0,0597919647727301
-15;-7,5;0,0309949304610563
-15;-7;0,325534757639446
-15;-6,5;0,298546593990065
-15;-6;0,43770043027928
-15;-5,5;0
-15;-5;0,0389708993243939
-15;-4,5;0,0440223526457586
-15;-4;0,0344222595717217
-15;-3,5;0,0746442065786594
-15;-3;0,170145565947559
-15;-2,5;0,0445942958180998
-15;-2;0,206421672920462
-15;-1,5;0,142695444916788
-15;-1;0,0912921550614157
-15;-0,5;0,108550982443613
-15;0;0,108558172856489
-15;0,5;0,106972015857233
-15;1;0,132106976974665
-15;1,5;0,15022474274677
-15;2;0,171060283100857
-15;2,5;0,186699720712929
-15;3;0,0936676608110728
-15;3,5;0,0721248916810278
-15;4,5;0,107782966261334
-15;5,5;0,160913107865171
-15;6;0,143791480416429
-15;6,5;0,184181155763281
-15;7;0,130314020929318
-15;7,5;0,241672101182794
-15;8;0,156987072779216
-15;8,5;0,0774901369533682
-15;9;0,131965559238948
-15;9,5;0,0464887537513334
-15;10;0,0746545990378969
-15;10,5;0,0625810845261428
-15;11;0,0927834586339528
-15;11,5;0,0804953462073119
-15;12;0,0669550787473327
-15;12,5;0,0702334547366937
-15;13;0,11220294836421
-15;13,5;0,132720099575419
-15;14;0,0764631818708729
-15;14,5;0,0694319515797896
-15;15;0
-15;15,5;0
-15;16;0,131543718968258
-15;16,5;0,126967467893259
-15;17;0,142472001685832
-15;17,5;0,0638654722892162
-15;18;0,314281543451436
-15;18,5;0,376879016488457
-15;19;0,174431071352551
-15;19,5;0,0406111543327297
-15;20;0,0403909705172485
-15;20,5;0,0659694459809259
-15;21;0,301351400638302
-15;21,5;0,0710720291910491
-15;22;0,105304179881376
-15;22,5;0,069017371463108
-15;23;0,0526529101509918
-15;23,5;0,061489569488126
-15;24;0,123356934836664
-15;24,5;0,116254878163012
-15;25;0,105405188556734
-15;25,5;0,0592380602590196
-15;26;0,0550317299777849
-15;26,5;0,214273407177036
-15;27;0,392658896946518
-15;27,5;0,0980503959897085
-15;28;0,0735365566980032
-15;28,5;0,0933994260034706
-15;29;0,0633502633317142
-15;29,5;0,134265381987603
-15;30;0,221666469956151
-15;30,5;0,0532479272579975
-15;31;0,0587314793502315
-15;31,5;0,0521814248454476
-15;32;0,0723507988569449
-15;32,5;0,0878478607287359
-15;33;0,0784131969534352
-15;33,5;0
-15;34;0
-15;34,5;0,064028196055409
-15;35;0
-15;35,5;0,0777860313081126
-15;36;0,0646252768759277
-15;36,5;0,0456500227724432
-15;37;0,0595057709941582
-15;37,5;0,0314213707907991
-15;38;0,0359082538367253
-15;38,5;0,310363733403507
-15;39;0,340429303013234
-15;39,5;0,0585914780950379
-15;40;0,0574629962233031
-15;40,5;0,0758690888575037
-15;41;0,0876848303817289
-15;41,5;0,0457636066357066
-15;42;0,143005541409938
-15;42,5;0
-15;43;0,0497715730730505
-15;43,5;0,0148211560502771
-15;44;0
-15;44,5;0
-15;45;0
-15;45,5;0,155314692140735
-15;46;0,0498756787756651
-15;46,5;0,11287890496522
-15;47;0,101514006493335
-15;47,5;0,0794182476797123
-15;48;0,0391425745338901
-15;48,5;0,084812431644824
-15;49;0,128129022983133
-15;49,5;0,113721856203575
-15;50;0,113813836916625
-15;50,5;0,0768138477191842
-15;51;0,032817508876953
-15;51,5;0,0218329516506078
-15;52;0,030543971754281
-15;52,5;0,0406460330167656
-15;53;0,182043404630848
-15;53,5;0,149524914311963
-15;54;0
-15;54,5;0,111199370501815
-15;55;0
-15;55,5;0,160392969801998
-15;56;0,190553608671622
-15;56,5;0,0641318699176192
-15;57;0,0697447728029372
-15;57,5;0,0952023681905598
-15;58;0
-15;58,5;0,0326583322701369
-15;59;0,272615645185672
-15;59,5;0,377754083523987
-15;60;0,170368495451548
-15;60,5;0
-15;61;0
-15;61,5;0,101604402195252
-15;62;0,144573988307849
-15;62,5;0,088731537315014
-15;63;0,0636898736064062
-15;63,5;0,0418853594151147
-15;64;0,252300636366837
-15;64,5;0,140763158058729
-15;65;0,0536985412588958
-15;65,5;0
-15;66;0
-15;66,5;0
-15;67;0
-15;67,5;0
-15;68;0
-15;68,5;0
-15;69;0
-15;69,5;0
-15;70;0
-15;70,5;0
-15;71;0
-15;71,5;0
-15;72;0
-15;72,5;0
-14,5;-20,5;0
-14,5;-20;0,0961665222413704
-14,5;-19,5;0,304617574454703
-14,5;-19;0,0915660053367697
-14,5;-18,5;0
-14,5;-18;0
-14,5;-17,5;0,0168027775481714
-14,5;-17;0,283991470920441
-14,5;-16,5;0,153008661069623
-14,5;-16;0,36665905183715
-14,5;-15,5;0,0903108151515273
-14,5;-15;0,110428021018612
-14,5;-14,5;0,127511437395501
-14,5;-14;0
-14,5;-13,5;0,0234716140618123
-14,5;-13;0,0787304911956126
-14,5;-12,5;0,0678405103284826
-14,5;-12;0,0372325126737372
-14,5;-11,5;0
-14,5;-11;0
-14,5;-10,5;0
-14,5;-10;0,0275771644662754
-14,5;-9,5;0,0585743164659269
-14,5;-9;0,051688172988516
-14,5;-8,5;0,0401096097849561
-14,5;-8;0,0427157647612657
-14,5;-7,5;0,0497408488747792
-14,5;-7;0,040339334461068
-14,5;-6,5;0,0440165258221789
-14,5;-6;0
-14,5;-5,5;0
-14,5;-5;0
-14,5;-4,5;0,0395268944468875
-14,5;-4;0,0375246927249586
-14,5;-3,5;0,061909060357802
-14,5;-3;0,104542402144555
-14,5;-2,5;0,0272947952539164
-14,5;-2;0,0688450515943757
-14,5;-1,5;0,0614257275089193
-14,5;-1;0,157632095305352
-14,5;-0,5;0,187736705660278
-14,5;0;0,100145855169809
-14,5;0,5;0,0331260219968129
-14,5;1;0,0122202018532156
-14,5;1,5;0,121326798025794
-14,5;2;0,150733318979926
-14,5;2,5;0,191812941894864
-14,5;3;0,0854884805282577
-14,5;3,5;0,0621396277212323
-14,5;5;0,0339754813554324
-14,5;5,5;0,121125481194573
-14,5;6;0,129554240046871
-14,5;6,5;0,106878492517797
-14,5;7;0,232154558317015
-14,5;7,5;0,256875361564339
-14,5;8;0,0899152246232395
-14,5;8,5;0,0529566571286989
-14,5;9;0,0637502624693599
-14,5;9,5;0,0728201432710952
-14,5;10;0,1012771368343
-14,5;10,5;0,0899463359823142
-14,5;11;0,145688715537142
-14,5;11,5;0,301909544080702
-14,5;12;0,291253918858194
-14,5;12,5;0,0706899781855463
-14,5;13;0,127319347052764
-14,5;13,5;0,0965021373191886
-14,5;14;0,0858641317594665
-14,5;14,5;0,0688664823503012
-14,5;15;0
-14,5;15,5;0,0840651028695489
-14,5;16;0,10566552058688
-14,5;16,5;0,18256521865781
-14,5;17;0,118860702785516
-14,5;17,5;0,0778704854229123
-14,5;18;0,0628565336871235
-14,5;18,5;0,0536845042978421
-14,5;19;0,068003781407465
-14,5;19,5;0,0403645884408599
-14,5;20;0,0691641069067658
-14,5;20,5;0,0821819443505713
-14,5;21;0,345184969639911
-14,5;21,5;0,308537754426957
-14,5;22;0,123784237917446
-14,5;22,5;0,136877735539391
-14,5;23;0,0797690357344223
-14,5;23,5;0,0487650962819168
-14,5;24;0,0814681673727964
-14,5;24,5;0,0876891868117687
-14,5;25;0,0398940398174397
-14,5;25,5;0,0407064629884771
-14,5;26;0,0268370669782089
-14,5;26,5;0,362535281990361
-14,5;27;0,369283630988626
-14,5;27,5;0,0287865761970229
-14,5;28;0,0292609408223199
-14,5;28,5;0,0378611954595833
-14,5;29;0,046921679645267
-14,5;29,5;0,0315707623059921
-14,5;30;0,033269381790257
-14,5;30,5;0,0590589913358524
-14,5;31;0,113813470050396
-14,5;31,5;0,0444108534762131
-14,5;32;0,070339447286793
-14,5;32,5;0,0550027934896644
-14,5;33;0,0512435140019957
-14,5;33,5;0,0613487299515374
-14,5;34;0
-14,5;34,5;0,0924221850754333
-14,5;35;0,156704509768042
-14,5;35,5;0,184481047960086
-14,5;36;0,0431734780432293
-14,5;36,5;0,0567489276049665
-14,5;37;0,0495195787466461
-14,5;37,5;0,0399262386109276
-14,5;38;0,02368516171036
-14,5;38,5;0,138150356954879
-14,5;39;0,115517216562746
-14,5;39,5;0,0506330418992656
-14,5;40;0,0697489841095462
-14,5;40,5;0,0568039769641334
-14,5;41;0,137944747147553
-14,5;41,5;0,0770347706540645
-14,5;42;0,149104467995555
-14,5;42,5;0,124408746770937
-14,5;43;0,182495870794774
-14,5;43,5;0,200789275942052
-14,5;44;0,239880178422478
-14,5;44,5;0
-14,5;45;0,0721776270632725
-14,5;45,5;0,0963159256597547
-14,5;46;0,0975239615526517
-14,5;46,5;0,0534810690905376
-14,5;47;0,0446355613085949
-14,5;47,5;0,0607680014481306
-14,5;48;0,0544433956815088
-14,5;48,5;0,111671539311983
-14,5;49;0,109248287884969
-14,5;49,5;0,149686824585684
-14,5;50;0,110730186681068
-14,5;50,5;0,0201692835767659
-14,5;51;0,0432014309527316
-14,5;51,5;0
-14,5;52;0,032331615074619
-14,5;52,5;0,0740945342113708
-14,5;53;0,174496555977612
-14,5;53,5;0,0968557590180795
-14,5;54;0
-14,5;54,5;0
-14,5;55;0
-14,5;55,5;0,0233345237791561
-14,5;56;0
-14,5;56,5;0
-14,5;57;0,101983822246472
-14,5;57,5;0,0760084765387856
-14,5;58;0,134886063030989
-14,5;58,5;0,0898786218556263
-14,5;59;0
-14,5;59,5;0
-14,5;60;0,162179193823039
-14,5;60,5;0
-14,5;61;0,0632574106330634
-14,5;61,5;0,15692311657665
-14,5;62;0,112921446797555
-14,5;62,5;0,142286930653945
-14,5;63;0,127287423846404
-14,5;63,5;0,159640396983991
-14,5;64;0,100912532330165
-14,5;64,5;0
-14,5;65;0,0539007023542895
-14,5;65,5;0,126751838532735
-14,5;66;0
-14,5;66,5;0
-14,5;67;0
-14,5;67,5;0
-14,5;68;0
-14,5;68,5;0
-14,5;69;0
-14,5;69,5;0
-14,5;70;0
-14,5;70,5;0
-14,5;71;0
-14,5;71,5;0
-14,5;72;0
-14,5;72,5;0
-14,5;73;0
-14;-20,5;0
-14;-20;0,187659931791525
-14;-19,5;0,244302116959001
-14;-19;0,308424076093754
-14;-18,5;0
-14;-18;0
-14;-17,5;0
-14;-17;0,258136847494952
-14;-16,5;0,339828040536491
-14;-16;0,246498746179634
-14;-15,5;0,266793927966886
-14;-15;0,14168591165312
-14;-14,5;0,0913650161520841
-14;-14;0,0444502218467155
-14;-13,5;0,0859090237423308
-14;-13;0,0708137603328779
-14;-12,5;0,0587145912512933
-14;-12;0
-14;-11,5;0,0645158895156844
-14;-11;0,061958783954262
-14;-10,5;0
-14;-10;0
-14;-9,5;0,271367507057569
-14;-9;0,0496966624458651
-14;-8,5;0,0665770555747573
-14;-8;0,0340202145789823
-14;-7,5;0,0392638207392966
-14;-7;0,034065445035322
-14;-6,5;0,0617488309901894
-14;-6;0,0160208197875972
-14;-5,5;0
-14;-5;0
-14;-4,5;0,0436083536234415
-14;-4;0,0425608752797116
-14;-3,5;0,0509993501146947
-14;-3;0,0583300533340337
-14;-2,5;0,0473543651360241
-14;-2;0,0337206823119642
-14;-1,5;0,0421726735165604
-14;-1;0,0432793953354949
-14;-0,5;0,132982275940389
-14;0;0,204420031767327
-14;0,5;0
-14;1;0,194115944734069
-14;1,5;0,105848845161287
-14;2;0,13736804812314
-14;2,5;0,0419804848841829
-14;3;0,0602753207018784
-14;3,5;0,0528444888328007
-14;4;0,10208184226888
-14;4,5;0,276562755958197
-14;5;0,242645346890922
-14;5,5;0,107645843329907
-14;6;0,11626788948231
-14;6,5;0,135566379302831
-14;7;0,0410366951011846
-14;7,5;0,031357083197687
-14;8;0,0576052740278077
-14;8,5;0,0784701585921278
-14;9;0,0649287460489733
-14;9,5;0,0867936990733222
-14;10;0,081940313045294
-14;10,5;0,0520875879214635
-14;11;0,0700480711679704
-14;11,5;0,386299316820345
-14;12;0,212421850498204
-14;12,5;0,0469050584376808
-14;13;0,0582190950476647
-14;13,5;0,102751096107466
-14;14;0,216061243133316
-14;14,5;0,211685914718583
-14;15;0,08944526456425
-14;15,5;0,113760685338537
-14;16;0,0832703447246317
-14;16,5;0,289921914618269
-14;17;0,0599709905240317
-14;17,5;0,043629118716747
-14;18;0,0415175354172961
-14;18,5;0,0671338038475969
-14;19;0,0852874825024187
-14;19,5;0,0394423630123754
-14;20;0
-14;20,5;0,0489353314760069
-14;21;0,405559270911444
-14;21,5;0,108148164093642
-14;22;0,0993561072349394
-14;22,5;0,0862940669801572
-14;23;0,0478136500370985
-14;23,5;0,077292344579604
-14;24;0,0306003124310704
-14;24,5;0,00212132034355964
-14;25;0,0364239278635405
-14;25,5;0,387330561778147
-14;26;0,401197550541615
-14;26,5;0,0643257589006563
-14;27;0,0325094759361179
-14;27,5;0,0355781316018121
-14;28;0,0443694383424394
-14;28,5;0,0332289996637093
-14;29;0,0728577952484351
-14;29,5;0,0596152896379837
-14;30;0,04287476108326
-14;30,5;0,0667447148019422
-14;31;0,0826497181097096
-14;31,5;0,0508419813806176
-14;32;0,0389647577230505
-14;32,5;0,059219777767677
-14;33;0,0477995533169223
-14;33,5;0,0571347398228403
-14;34;0,311100129341327
-14;34,5;0,373090471601728
-14;35;0
-14;35,5;0,0865721135111628
-14;36;0,05720015340764
-14;36,5;0,0350395529405024
-14;37;0,0281713179086347
-14;37,5;0,0401848561039917
-14;38;0,0301463492241018
-14;38,5;0,0299080699320238
-14;39;0,0433580826759364
-14;39,5;0,0401914577535236
-14;40;0,0638252648605849
-14;40,5;0,0330669390765618
-14;41;0,0485772866281588
-14;41,5;0,104530336965657
-14;42;0,10874545477783
-14;42,5;0,0920771324451828
-14;43;0,0845828265397566
-14;43,5;0,129310779820469
-14;44;0,124720702771387
-14;44,5;0,0867618907824012
-14;45;0,130584032393433
-14;45,5;0,0789884543358543
-14;46;0,0458188798193404
-14;46,5;0,0891157175312588
-14;47;0,0663431286139395
-14;47,5;0
-14;48;0
-14;48,5;0,0268700576850888
-14;49;0,0546175130088576
-14;49,5;0,0894181742718441
-14;50;0,0728019423299787
-14;50,5;0,047
-14;51;0,146284458699969
-14;51,5;0
-14;52;0
-14;52,5;0,091237784570502
-14;53;0,145943139612659
-14;53,5;0,104203098391006
-14;54;0,196297411589637
-14;54,5;0,20100271078667
-14;55;0,158308243626161
-14;55,5;0,0436932489064386
-14;56;0
-14;56,5;0
-14;57;0
-14;57,5;0,0714833313903785
-14;58;0
-14;58,5;0
-14;59;0
-14;59,5;0,0800383836489897
-14;60;0,117115446367154
-14;60,5;0,129681447315249
-14;61;0
-14;61,5;0
-14;62;0,181639393389125
-14;62,5;0,259507686517571
-14;63;0,155363740100101
-14;63,5;0,140947507959524
-14;64;0,151007974634989
-14;64,5;0,0536867457261722
-14;65;0,221815544425525
-14;65,5;0,142593636358255
-14;66;0,163351281065197
-14;66,5;0,11879393923934
-14;67;0
-14;67,5;0,0836365513831885
-14;68;0
-14;68,5;0
-14;69;0
-14;69,5;0
-14;70;0
-14;70,5;0
-14;71;0
-14;71,5;0
-14;72;0
-14;72,5;0
-14;73;0
-13,5;-21;0
-13,5;-20,5;0
-13,5;-20;0,175879219920945
-13,5;-19,5;0,234060776230655
-13,5;-19;0
-13,5;-18,5;0,0504261836747537
-13,5;-18;0,0275731350734329
-13,5;-17,5;0,0316372670543248
-13,5;-17;0,0633896679278256
-13,5;-16,5;0,314695516105875
-13,5;-16;0,399104520521446
-13,5;-15,5;0,385308966934329
-13,5;-15;0,0956630766932793
-13,5;-14,5;0,0947492236623361
-13,5;-14;0,0462273367896818
-13,5;-13,5;0,0713427563869584
-13,5;-13;0,0645545173809371
-13,5;-12,5;0,0625992545216528
-13,5;-12;0
-13,5;-11,5;0,0654461023109269
-13,5;-11;0,0354298838082581
-13,5;-10,5;0,0685621559664603
-13,5;-10;0,296488926607239
-13,5;-9,5;0,297142777438492
-13,5;-9;0,123368314761464
-13,5;-8,5;0,0733500056805269
-13,5;-8;0,0447933526814464
-13,5;-7,5;0
-13,5;-7;0
-13,5;-6,5;0,0276827262626594
-13,5;-6;0,0312260164376454
-13,5;-5,5;0,0775515189744088
-13,5;-5;0,0564283078901005
-13,5;-4,5;0,0865106790873465
-13,5;-4;0,0390810826411982
-13,5;-3,5;0,0326448848328054
-13,5;-3;0,0344023651406808
-13,5;-2,5;0,0336996538063326
-13,5;-2;0,0359490380028914
-13,5;-1,5;0,0395733863859654
-13,5;-1;0,0750716790091131
-13,5;-0,5;0,117196510803531
-13,5;0;0,0821221353398824
-13,5;0,5;0,0577811964800545
-13,5;1;0,119277032685743
-13,5;1,5;0,113030777711014
-13,5;2;0,107500512994672
-13,5;2,5;0,042665508179738
-13,5;3;0,179660565842699
-13,5;3,5;0,107031500961635
-13,5;4;0,108895919506383
-13,5;4,5;0,216876307955937
-13,5;5;0,164942062802769
-13,5;5,5;0,0713021707715662
-13,5;6;0,148753003478774
-13,5;7;0
-13,5;7,5;0,0344613309860971
-13,5;8;0
-13,5;8,5;0,133375252182468
-13,5;9;0,0812993879201466
-13,5;9,5;0,0294108823397055
-13,5;10;0,194941550914266
-13,5;10,5;0,0930850960486316
-13,5;11;0,0397790215410748
-13,5;11,5;0,0563940254912798
-13,5;12;0,0855812627629304
-13,5;12,5;0,0691968667060533
-13,5;13;0,0412117844890664
-13,5;13,5;0,0749494373591067
-13,5;14;0,0747319585454767
-13,5;14,5;0,0880359283209115
-13,5;15;0,0545188253594916
-13,5;15,5;0,071498312625354
-13,5;16;0,070654371791695
-13,5;16,5;0,033594620434937
-13,5;17;0,0383348239875799
-13,5;17,5;0,0736954547885904
-13,5;18;0,0576650201201261
-13,5;18,5;0,0625947814651243
-13,5;19;0,0622734069083843
-13,5;19,5;0,0765602852184295
-13,5;20;0,0454076485347408
-13,5;20,5;0,0189032625050104
-13,5;21;0,0650239516310281
-13,5;21,5;0,0675718326610279
-13,5;22;0,105697037741724
-13,5;22,5;0,0642601020407353
-13,5;23;0,0405204240094395
-13,5;23,5;0,102129840541363
-13,5;24;0,0457861373165543
-13,5;24,5;0,0287980757459013
-13,5;25;0,0836580340832049
-13,5;25,5;0,415751959305866
-13,5;26;0,229122006667614
-13,5;26,5;0
-13,5;27;0
-13,5;27,5;0,0234828439792257
-13,5;28;0,0346812262823273
-13,5;28,5;0,0692627487570672
-13,5;29;0,075495057647521
-13,5;29,5;0,0915981771129763
-13,5;30;0,0495764007587796
-13,5;30,5;0,0581226830743593
-13,5;31;0,0492916880430441
-13,5;31,5;0,257446830684261
-13,5;32;0,0426076478465035
-13,5;32,5;0,0825069361092555
-13,5;33;0,087121897362259
-13,5;33,5;0,0634031525722307
-13,5;34;0,257329620519749
-13,5;34,5;0,0629038226906037
-13,5;35;0,090167553408572
-13,5;35,5;0,0884262547232622
-13,5;36;0,0500923235420599
-13,5;36,5;0,0551602412770461
-13,5;37;0,042304051798545
-13,5;37,5;0,0328718022720901
-13,5;38;0,0511553647727122
-13,5;38,5;0,283118879624796
-13,5;39;0,278308222420155
-13,5;39,5;0,0473983274944946
-13,5;40;0,0468548289933919
-13,5;40,5;0,03152114500748
-13,5;41;0,0746074550922879
-13,5;41,5;0,0418941377363398
-13,5;42;0,0928332302679127
-13,5;42,5;0,0623855853078203
-13,5;43;0,064952886736948
-13,5;43,5;0,0772010882137705
-13,5;44;0,0683660490789593
-13,5;44,5;0,0378984231359364
-13,5;45;0,0434789740249929
-13,5;45,5;0,0562800066936666
-13,5;46;0,0304981210013893
-13,5;46,5;0,0383233409495892
-13,5;47;0,0833864101993161
-13,5;47,5;0,0865891083463187
-13,5;48;0
-13,5;48,5;0,0800138624353192
-13,5;49;0
-13,5;49,5;0,0577771581163352
-13,5;50;0,0896939166122691
-13,5;50,5;0,0832760469763065
-13,5;51;0,0823112876641052
-13,5;52,5;0
-13,5;53;0,103096579777919
-13,5;53,5;0,155924702940275
-13,5;54;0,0985739538544966
-13,5;54,5;0,137903795235819
-13,5;55;0,152717448405934
-13,5;55,5;0,0934493255996342
-13,5;56;0,0273715180433969
-13,5;56,5;0,0381837661840736
-13,5;57;0,0917484483671401
-13,5;57,5;0,0751498502992521
-13,5;58;0,143332587952743
-13,5;58,5;0
-13,5;59;0
-13,5;59,5;0,0674022749368793
-13,5;60;0
-13,5;60,5;0
-13,5;61;0,0377871230271195
-13,5;61,5;0
-13,5;62;0
-13,5;62,5;0,0609480653234101
-13,5;63;0
-13,5;63,5;0,0888112855691462
-13,5;64;0,0546574179168147
-13,5;64,5;0,0490942970211409
-13,5;65;0,263574567022223
-13,5;65,5;0,133876459441883
-13,5;66;0,292045339217612
-13,5;66,5;0
-13,5;67;0
-13,5;67,5;0,0995020406054875
-13,5;68;0,164387470131195
-13,5;68,5;0,15544193659426
-13,5;69;0
-13,5;69,5;0
-13,5;70;0
-13,5;70,5;0,0259422435421457
-13,5;71;0
-13,5;71,5;0
-13,5;72;0
-13,5;72,5;0
-13,5;73;0
-13,5;73,5;0
-13;-21;0
-13;-20,5;0
-13;-19,5;0
-13;-19;0
-13;-18,5;0,0183847763108502
-13;-18;0,0669552089086428
-13;-17,5;0,0256391036575703
-13;-17;0,0458995279569046
-13;-16,5;0,037239350568575
-13;-16;0,0375913701680467
-13;-15,5;0
-13;-15;0
-13;-14,5;0,0728653068419839
-13;-14;0,152478056162169
-13;-13,5;0,182845411330021
-13;-13;0
-13;-12,5;0
-13;-12;0,0634278401736249
-13;-11,5;0,038195683740578
-13;-11;0,0688379394285005
-13;-10,5;0,063827707812399
-13;-10;0,352556557770083
-13;-9,5;0,27356422266171
-13;-9;0,0487185002902532
-13;-8,5;0,0479325884240882
-13;-8;0,0426534381905338
-13;-7,5;0,030934069675144
-13;-7;0
-13;-6,5;0
-13;-6;0,0472074953693544
-13;-5,5;0,0473876412655314
-13;-5;0,104588418385604
-13;-4,5;0,061041749522523
-13;-4;0,0352413515067887
-13;-3,5;0,062267875439012
-13;-3;0,0459503238080486
-13;-2,5;0,0379686587545445
-13;-2;0,0339818420836459
-13;-1,5;0,0457134207507455
-13;-1;0,0747491048195808
-13;-0,5;0,0703811030270176
-13;0;0,12416916529153
-13;0,5;0,132227978423327
-13;1;0,106748738549072
-13;1,5;0,143731833634724
-13;2;0,0364875321171493
-13;2,5;0,061406124460123
-13;3;0,136783691736709
-13;3,5;0,0914437394412171
-13;4;0,179754764078693
-13;4,5;0,20176993265575
-13;5;0,0828753292424491
-13;5,5;0,162318319367881
-13;6;0,178084871728234
-13;6,5;0,0610605887839734
-13;7;0,057435584158983
-13;7,5;0,146503499868195
-13;8;0,154716215401128
-13;8,5;0,0804802342215679
-13;9;0,117386890457504
-13;9,5;0,0705137521857391
-13;10;0,117949311442189
-13;10,5;0,265025858893718
-13;11;0,0354592168639701
-13;11,5;0,073895638298056
-13;12;0,118490445838412
-13;12,5;0,0297071265689558
-13;13;0,0341562546632432
-13;13,5;0,0387113433803619
-13;14;0,0751001553482636
-13;14,5;0,134565202228487
-13;15;0,025968512401823
-13;15,5;0,0718990901657779
-13;16;0,143302980275513
-13;16,5;0,107025525145086
-13;17;0,0825058393483155
-13;17,5;0,0465767914787647
-13;18;0,0826853977434952
-13;18,5;0,0653413017492437
-13;19;0,169872937054699
-13;19,5;0,0792515505884692
-13;20;0,0740485214961277
-13;20,5;0,0734604371677504
-13;21;0,0731063872698489
-13;21,5;0,0760219527609447
-13;22;0
-13;22,5;0
-13;23;0
-13;23,5;0
-13;24;0,0480681146998054
-13;24,5;0,0180548614499813
-13;25;0
-13;25,5;0
-13;26;0
-13;26,5;0,0482864715353414
-13;27;0,101359438210192
-13;27,5;0,0303263530231989
-13;28;0,0800508051237849
-13;28,5;0,0648569737162245
-13;29;0,0404875156485977
-13;29,5;0,0655612859204154
-13;30;0,044544463484843
-13;30,5;0,0602803067727379
-13;31;0,0584365462555035
-13;31,5;0,1080656118781
-13;32;0,0542853323663638
-13;32,5;0,0594235103005333
-13;33;0,111678776220682
-13;33,5;0,191023944002092
-13;34;0,249159080373205
-13;34,5;0,305543262786424
-13;35;0,139181260223825
-13;35,5;0,135667513795252
-13;36;0,0472231544455628
-13;36,5;0,0564988109049432
-13;37;0,0320243981181525
-13;37,5;0,032059597023857
-13;38;0,0528095750741491
-13;38,5;0,105401414875291
-13;39;0,220140675349926
-13;39,5;0,0771386367590571
-13;40;0,0608417661875501
-13;40,5;0,018667107958659
-13;41;0,0462505987656253
-13;41,5;0,0596665747729655
-13;42;0,0540013509242069
-13;42,5;0,0488285185084019
-13;43;0,256417981697907
-13;43,5;0
-13;44;0,0338587977018999
-13;44,5;0,0795409747656305
-13;45;0,0481117724373029
-13;45,5;0,0577499650349544
-13;46;0,0154595662424855
-13;46,5;0,0587501709153478
-13;47;0,221027249018629
-13;47,5;0,047381732012755
-13;48;0,115280636987617
-13;48,5;0,136842583768193
-13;49;0,109200122100054
-13;49,5;0,0399569046949865
-13;50;0,0390127329641661
-13;50,5;0,0646347982348297
-13;51;0,0968339498978217
-13;51,5;0,0749229907668837
-13;52,5;0
-13;53;0
-13;53,5;0
-13;54;0,0730247294490785
-13;54,5;0,114130689973992
-13;55;0,0876205835786699
-13;55,5;0,112023806993573
-13;56;0
-13;56,5;0,0470043690978372
-13;57;0,0415561868638915
-13;57,5;0,148627050027914
-13;58;0,0733713645972129
-13;58,5;0,0410511875589489
-13;59;0,0875980063373917
-13;59,5;0,0802207480708864
-13;60;0,0579206353556312
-13;60,5;0,0512282474161798
-13;61;0
-13;61,5;0
-13;62;0,0466690475583121
-13;62,5;0,105055329337555
-13;63;0,0293281921901582
-13;64;0,0645058136914805
-13;64,5;0,0903946901095413
-13;65,5;0,198772343258423
-13;66;0,171670095303817
-13;66,5;0,146392463080424
-13;67;0
-13;67,5;0
-13;68;0,191472365281956
-13;68,5;0,207115900432877
-13;69;0,0759978069859037
-13;69,5;0
-13;70;0,0649050588680626
-13;70,5;0,0794402694497974
-13;71;0,271418496053604
-13;71,5;0,103237590053236
-13;72;0
-13;72,5;0
-13;73;0
-13;73,5;0
-12,5;-21,5;0
-12,5;-21;0
-12,5;-20,5;0,0120138808606267
-12,5;-20;0,0651534087110311
-12,5;-19,5;0
-12,5;-19;0
-12,5;-18,5;0
-12,5;-18;0
-12,5;-17,5;0,0409918691124634
-12,5;-17;0,0710061030240828
-12,5;-16,5;0,0459053373803091
-12,5;-16;0
-12,5;-15,5;0
-12,5;-15;0
-12,5;-14,5;0,0435315977193578
-12,5;-14;0,130208159821631
-12,5;-13,5;0,227941961517648
-12,5;-13;0,116372389195345
-12,5;-12,5;0,0589206084085874
-12,5;-12;0,0439921387372414
-12,5;-11,5;0,0539403350374697
-12,5;-11;0,0431904899376313
-12,5;-10,5;0,0730624534843868
-12,5;-10;0,0500962602807599
-12,5;-9,5;0,0425598809456467
-12,5;-9;0,0565730693836491
-12,5;-8,5;0,0190997382181013
-12,5;-8;0,051618795026618
-12,5;-7,5;0
-12,5;-7;0
-12,5;-6,5;0
-12,5;-6;0,0869712596206356
-12,5;-5,5;0,0525486359459972
-12,5;-5;0,0346224232993872
-12,5;-4,5;0,0231985185813193
-12,5;-4;0,02408593682922
-12,5;-3,5;0,0371422327619848
-12,5;-3;0,0460240480848237
-12,5;-2,5;0,0313275051822447
-12,5;-2;0,0312894814567396
-12,5;-1,5;0,0351412696399665
-12,5;-1;0,0326178206234295
-12,5;-0,5;0,0579102014988045
-12,5;0;0,0467872112575103
-12,5;0,5;0,104126619752955
-12,5;1;0,124361853906536
-12,5;1,5;0,0603851940276258
-12,5;2;0,0364179017227994
-12,5;2,5;0,0394215918598159
-12,5;3;0,0859067147338532
-12,5;3,5;0,0993104300535948
-12,5;4;0,223112117267119
-12,5;4,5;0,258774877848936
-12,5;5;0,033587572106361
-12,5;5,5;0,223850768742631
-12,5;6;0,28882742282752
-12,5;6,5;0,0955012891497331
-12,5;7;0,0775372689082891
-12,5;7,5;0,148650300875401
-12,5;8;0,144426161188758
-12,5;8,5;0,0469856131920615
-12,5;9;0,108709119876269
-12,5;9,5;0,0702738629191521
-12,5;10;0,114108330252225
-12,5;10,5;0,14248307212682
-12,5;11;0,0846467317527887
-12,5;11,5;0,072365330698364
-12,5;12;0,111753492552327
-12,5;12,5;0,0358225424203049
-12,5;13;0,0165274182967442
-12,5;13,5;0,020340845606808
-12,5;14;0,149533719720113
-12,5;14,5;0,0464908251744022
-12,5;15;0,0448487404930119
-12,5;15,5;0,105691464333698
-12,5;16;0,147573253096579
-12,5;16,5;0,142725474606144
-12,5;17;0,116520926538339
-12,5;17,5;0,0816068223282146
-12,5;18;0,0775432527300477
-12,5;18,5;0,0923627688745243
-12,5;19;0,120908668834315
-12,5;19,5;0,11140696097918
-12,5;20;0,0829662428062799
-12,5;20,5;0,100467684908908
-12,5;21;0,115861421888934
-12,5;21,5;0,104968708350959
-12,5;22;0,0989483992507494
-12,5;22,5;0,130587361322595
-12,5;23;0,0653412876439372
-12,5;23,5;0,0651335116405091
-12,5;24;0,0665588711843383
-12,5;24,5;0
-12,5;25;0
-12,5;25,5;0,0510757141059092
-12,5;26;0,041917083504021
-12,5;26,5;0,353999805790907
-12,5;27;0,173350557951306
-12,5;27,5;0,05470245699288
-12,5;28;0,0454595842095872
-12,5;28,5;0,0541755598690841
-12,5;29;0,0356594813281186
-12,5;29,5;0,0168404907982462
-12,5;30;0,044986211879411
-12,5;30,5;0,076704762841139
-12,5;31;0,043331522883703
-12,5;31,5;0,035123991795623
-12,5;32;0,370616107483326
-12,5;32,5;0,116317204387135
-12,5;33;0,0989375587619694
-12,5;33,5;0,0682406873008103
-12,5;34;0,268800956529207
-12,5;34,5;0,184172391715827
-12,5;35;0,127571665111979
-12,5;35,5;0,120811376692478
-12,5;36;0,0798025288385184
-12,5;36,5;0,0549969303659416
-12,5;37;0,0316640083945389
-12,5;37,5;0,0283380477408383
-12,5;38;0,0632876366770476
-12,5;38,5;0,0667501711457383
-12,5;39;0,185137753551208
-12,5;39,5;0,280050730454157
-12,5;40;0,074868379940836
-12,5;40,5;0,064167177788727
-12,5;41;0,05316215676852
-12,5;41,5;0,0758288894901594
-12,5;42;0,0521166870428559
-12,5;42,5;0,0569974622237046
-12,5;43;0,361039173961631
-12,5;43,5;0,267505736363432
-12,5;44;0,0819808951098328
-12,5;44,5;0,0439443668804122
-12,5;45;0,0472951749168191
-12,5;45,5;0,075106975215858
-12,5;46;0,0923442663591615
-12,5;46,5;0,296297499745387
-12,5;47;0,319507842737588
-12,5;47,5;0,0988852400395247
-12,5;48;0,116090186234573
-12,5;48,5;0,124966160125334
-12,5;49;0,104784449136219
-12,5;49,5;0,0612858641356809
-12,5;50;0,0418452713931684
-12,5;50,5;0,0510040421071308
-12,5;51;0,0894992172597609
-12,5;51,5;0,0905773150407981
-12,5;52;0,0109696551146029
-12,5;52,5;0,0608469800265796
-12,5;53;0,0890202224216498
-12,5;53,5;0,07927673050776
-12,5;54;0,0661239665126679
-12,5;54,5;0,150287977531392
-12,5;55;0,144249783362056
-12,5;55,5;0,0753554215729669
-12,5;56;0,0801355102311079
-12,5;56,5;0
-12,5;57;0
-12,5;57,5;0
-12,5;58;0
-12,5;58,5;0,19842367100821
-12,5;59;0,180917811576015
-12,5;59,5;0,1430473659773
-12,5;60;0,0485640041594595
-12,5;60,5;0,0614172363679523
-12,5;61;0,0581296391271694
-12,5;61,5;0,0712914267809779
-12,5;62;0,0720657768325312
-12,5;62,5;0,0392092676119647
-12,5;63;0,16007066891726
-12,5;63,5;0,193873269471025
-12,5;64;0,260078193370122
-12,5;64,5;0,0629325035256027
-12,5;65,5;0,0874963944835388
-12,5;66;0,152404635716812
-12,5;66,5;0,0741900507909493
-12,5;67;0
-12,5;67,5;0,0440151489073175
-12,5;68;0
-12,5;68,5;0,112159113168153
-12,5;69;0,162561783126703
-12,5;69,5;0
-12,5;70;0,135474411519189
-12,5;70,5;0,276814069272803
-12,5;71;0,326557950462476
-12,5;71,5;0
-12,5;72;0,0590425929120476
-12,5;72,5;0,0678421136238574
-12,5;73;0
-12,5;73,5;0
-12,5;74;0
-12;-22;0
-12;-21,5;0
-12;-21;0
-12;-20,5;0
-12;-20;0
-12;-19,5;0
-12;-19;0
-12;-18,5;0
-12;-18;0
-12;-17,5;0
-12;-17;0
-12;-16,5;0
-12;-16;0
-12;-15,5;0
-12;-15;0
-12;-14,5;0
-12;-14;0,0753299712940566
-12;-13,5;0,19122021950747
-12;-13;0,146567146971716
-12;-12,5;0,128509984734536
-12;-12;0,220983872250605
-12;-11,5;0,0628044226360334
-12;-11;0,0629040556146101
-12;-10,5;0,0400083878248739
-12;-10;0,0523152841321556
-12;-9,5;0,042568658789955
-12;-9;0,056970353800211
-12;-8,5;0,0232694363203466
-12;-8;0
-12;-7,5;0
-12;-7;0,0682768872557422
-12;-6,5;0,0553443764080869
-12;-6;0,0263362212878791
-12;-5,5;0,0530267030413096
-12;-5;0,0351554007478355
-12;-4,5;0,0485576597494805
-12;-4;0,0287073354930601
-12;-3,5;0
-12;-3;0,0504580834140396
-12;-2,5;0,0338458256350362
-12;-2;0,0295217338507755
-12;-1,5;0,0306411747672855
-12;-1;0,0285494411194912
-12;-0,5;0,0298291957662343
-12;0;0,0623168192778826
-12;0,5;0,0938372580347226
-12;1;0,0605652297842874
-12;1,5;0,0571094027194144
-12;2;0,0935515313845275
-12;2,5;0,162391530180641
-12;3;0,142014523905127
-12;3,5;0,0452717940666791
-12;4;0,121716949531839
-12;4,5;0,10149230232729
-12;5;0,0758452777293758
-12;5,5;0,0899513022785618
-12;6;0,0542913765843948
-12;6,5;0
-12;7;0,0744436135995465
-12;7,5;0,0696744067731019
-12;8;0,0668884878375555
-12;8,5;0,0303080161906158
-12;9;0,164378936633598
-12;9,5;0,0986088452392262
-12;10;0,173824884256038
-12;10,5;0,128704079874818
-12;11;0,0705544145744936
-12;11,5;0,0467141939710764
-12;12;0,0425273153281465
-12;12,5;0,0328098534968763
-12;13;0,0401712301416379
-12;13,5;0,0701410892700059
-12;14;0,0957438696998357
-12;14,5;0,0617128980855984
-12;15;0,0785109866396209
-12;15,5;0,0856947811141617
-12;16;0,0270344430516168
-12;16,5;0,054258201047882
-12;17;0,100868907353001
-12;17,5;0,103386502820809
-12;18;0,113603922619634
-12;18,5;0,130949318468309
-12;19;0,103205245174744
-12;19,5;0,0735382305427004
-12;20;0,0911664564098393
-12;20,5;0,0903688736973818
-12;21;0,15894115549187
-12;21,5;0,148310601383578
-12;22;0,115619676110269
-12;22,5;0,145696757771837
-12;23;0,132786499784002
-12;23,5;0,0883778768856042
-12;24;0,0538694415665679
-12;24,5;0,102224743914564
-12;25;0,0714875027832641
-12;25,5;0,0483314449549004
-12;26;0,143330887101416
-12;26,5;0,252011654780105
-12;27;0,344450818740166
-12;27,5;0,0523293311162409
-12;28;0,0536744925144096
-12;28,5;0,0391828592511631
-12;29;0,034679442693578
-12;29,5;0,0498399692101048
-12;30;0,0308105305075588
-12;30,5;0,0350755741247132
-12;31;0,0420444506088705
-12;31,5;0,0430029946750271
-12;32;0,0426965832060225
-12;32,5;0,0391063846709703
-12;33;0,0504155603301625
-12;33,5;0,0534890290038642
-12;34;0,0473045674340449
-12;34,5;0,0422970485205508
-12;35;0,0402245628724084
-12;35,5;0,0445201725711589
-12;36;0,125556885391834
-12;36,5;0,0649120324070932
-12;37;0,0669822206721968
-12;37,5;0,0616190967028147
-12;38;0,0588478026710447
-12;38,5;0,0734827693497214
-12;39;0,122435919234092
-12;39,5;0,0592210609949943
-12;40;0,0549362339260692
-12;40,5;0,0469424958805286
-12;41;0,0659352453288571
-12;41,5;0,0520713540003129
-12;42;0,0678449625791659
-12;42,5;0,0953904102588779
-12;43;0,0981187786475898
-12;43,5;0,208329267675336
-12;44;0,0509692968388444
-12;44,5;0,108387706728295
-12;45;0,0674660140247991
-12;45,5;0,0812397201794262
-12;46;0,131513917121789
-12;46,5;0,0702923260720342
-12;47;0,276778759957639
-12;47,5;0,0357309703324211
-12;48;0,177956040850676
-12;48,5;0,165796540496154
-12;49;0,108325389064459
-12;49,5;0,0974122572715805
-12;50;0,0333572734543411
-12;50,5;0,0893286835021359
-12;51;0,0961356696664384
-12;51,5;0,124729188125195
-12;52;0,0378387646315724
-12;52,5;0,0851514337323023
-12;53;0,0933778450474274
-12;53,5;0,0487903679018718
-12;54;0,0798899838766383
-12;54,5;0,0875695535295807
-12;55;0,130106481116705
-12;55,5;0,181720174736094
-12;56;0,0943406296977326
-12;56,5;0
-12;57;0
-12;57,5;0
-12;58;0
-12;58,5;0,000707106781186546
-12;59;0
-12;59,5;0
-12;60;0,0498590871499727
-12;60,5;0,0547806230949107
-12;61;0,0396520581342976
-12;61,5;0,0366205770935777
-12;62;0,0656603816184898
-12;62,5;0,00919238815542512
-12;63;0,0954623835165803
-12;63,5;0,154863268046763
-12;64;0,230430918950579
-12;64,5;0,0459173169947897
-12;65;0
-12;65,5;0,121523660247706
-12;66;0,12683812619402
-12;66,5;0
-12;67;0
-12;67,5;0
-12;68;0,0521191857554349
-12;68,5;0,0656582058847179
-12;69;0
-12;69,5;0
-12;70;0,0642773936414143
-12;70,5;0,0382292255245974
-12;71;0,379248118401047
-12;71,5;0,281348568212132
-12;72;0,083695536662016
-12;72,5;0,0747449156756153
-12;73;0
-12;73,5;0,033
-12;74;0
-11,5;-22;0
-11,5;-21,5;0
-11,5;-21;0
-11,5;-20,5;0
-11,5;-20;0
-11,5;-19,5;0
-11,5;-19;0,232591379891861
-11,5;-18,5;0,263089269329564
-11,5;-18;0,0635793467513888
-11,5;-17,5;0
-11,5;-17;0
-11,5;-16,5;0,296020759407174
-11,5;-16;0,0203043509294601
-11,5;-15,5;0
-11,5;-15;0
-11,5;-14,5;0,0520346038708858
-11,5;-14;0,0670845237989608
-11,5;-13,5;0,112174385681537
-11,5;-13;0,170103889824229
-11,5;-12,5;0,173299727018294
-11,5;-12;0,118372301697382
-11,5;-11,5;0,0909126131282478
-11,5;-11;0,0503659126648408
-11,5;-10,5;0,0369770213881807
-11,5;-10;0,04509582683446
-11,5;-9,5;0,0559263180032819
-11,5;-9;0,0655455726372396
-11,5;-8,5;0,0405610650747734
-11,5;-8;0,00282842712474617
-11,5;-7,5;0,205369693750347
-11,5;-7;0,0408907635714295
-11,5;-6,5;0,0588358656850487
-11,5;-6;0,0478429589171564
-11,5;-5,5;0,0781359845598317
-11,5;-5;0,032949018871759
-11,5;-4,5;0,0321816576780795
-11,5;-4;0,0391803385702738
-11,5;-3,5;0,0625370478431879
-11,5;-3;0,0393941764475422
-11,5;-2,5;0,0341625621783256
-11,5;-2;0,0299357859768419
-11,5;-1,5;0,0268384053177531
-11,5;-1;0
-11,5;-0,5;0,0331206656730153
-11,5;0;0,0667210212838778
-11,5;0,5;0,0943706186363855
-11,5;1;0,0897797816627012
-11,5;1,5;0,100622147168063
-11,5;2;0,0720971263533804
-11,5;2,5;0,100913203181106
-11,5;3;0,0636261684228753
-11,5;3,5;0,0973284816142394
-11,5;4;0,057561754277954
-11,5;4,5;0,0557946622444779
-11,5;5;0,101074959156168
-11,5;5,5;0,103744035567472
-11,5;6;0,0582317883674423
-11,5;6,5;0,0591419106167348
-11,5;7;0,0474499736564732
-11,5;7,5;0
-11,5;8;0
-11,5;8,5;0,0898431640006465
-11,5;9;0,141364366926228
-11,5;9,5;0,137336145412396
-11,5;10;0,0649448243055721
-11,5;10,5;0,0508674748734395
-11,5;11;0,0843302607991752
-11,5;11,5;0,0357357434040955
-11,5;12;0,037323898866188
-11,5;12,5;0,0333407773860908
-11,5;13;0,0351820345883458
-11,5;13,5;0,0347292372435258
-11,5;14;0,0206750593048909
-11,5;14,5;0,0643103616875285
-11,5;15;0,0440014028957046
-11,5;15,5;0,0394754020592286
-11,5;16;0,0977150928040399
-11,5;16,5;0,0333791351995025
-11,5;17;0,0547732577478258
-11,5;17,5;0,0881230611874297
-11,5;18;0,0685354038968298
-11,5;18,5;0,0471994478652863
-11,5;19;0,0337265180826308
-11,5;19,5;0,0677956942411203
-11,5;20;0,0970074712179249
-11,5;20,5;0,101699472594728
-11,5;21;0,146727075660679
-11,5;21,5;0,0643433868285734
-11,5;22;0,0692554802052627
-11,5;22,5;0,203045429991212
-11,5;23;0,153718921192784
-11,5;23,5;0,129064223391201
-11,5;24;0,0926830040541756
-11,5;24,5;0,0545526518017853
-11,5;25;0,0731705090361743
-11,5;25,5;0,0966589062646211
-11,5;26;0,0598864452118294
-11,5;26,5;0,236191664739725
-11,5;27;0,164112688353863
-11,5;27,5;0,063573462740637
-11,5;28;0,0501565433190855
-11,5;28,5;0,0279290391627034
-11,5;29;0,0277807779274337
-11,5;29,5;0,0813695689969062
-11,5;30;0,0281563500005145
-11,5;30,5;0,115088041855678
-11,5;31;0,0882458079364218
-11,5;31,5;0,0493743693625005
-11,5;32;0,0428823847836286
-11,5;32,5;0,086510388673759
-11,5;33;0,0544777859927023
-11,5;33,5;0,0702244718689672
-11,5;34;0,0255180788556829
-11,5;34,5;0,0374426778304205
-11,5;35;0,029370775002414
-11,5;35,5;0,067066989883813
-11,5;36;0,133264168943377
-11,5;36,5;0,112919369910026
-11,5;37;0,0579795585023653
-11,5;37,5;0,0481698942253086
-11,5;38;0,0600387240357287
-11,5;38,5;0,0618958530991976
-11,5;39;0,086419779942931
-11,5;39,5;0,0540831010407301
-11,5;40;0,0399577386174553
-11,5;40,5;0,0469956567104278
-11,5;41;0,0528871092770593
-11,5;41,5;0,039534860963311
-11,5;42;0,0328161821637734
-11,5;42,5;0,0380193404300285
-11,5;43;0,0602004070501937
-11,5;43,5;0,0436265408639131
-11,5;44;0,0384903525990057
-11,5;44,5;0,0687681734009917
-11,5;45;0,0734759380824018
-11,5;45,5;0,0967465621007502
-11,5;46;0,0566780314913225
-11,5;46,5;0,02278428581811
-11,5;47;0,0382847485848654
-11,5;47,5;0,0338562206599505
-11,5;48;0,0697714131486842
-11,5;48,5;0,191517043047813
-11,5;49;0,112213130869681
-11,5;49,5;0,145779982737697
-11,5;50;0,0282956738970876
-11,5;50,5;0,0782884329983873
-11,5;51;0,195649204093284
-11,5;51,5;0,156863415282631
-11,5;52;0,0331141124665065
-11,5;52,5;0,0365232041919167
-11,5;53;0,0756861751500466
-11,5;53,5;0,152445716333951
-11,5;54;0,127675586790055
-11,5;54,5;0,125950123959805
-11,5;55;0,136506175308797
-11,5;55,5;0,259481343183508
-11,5;56;0,156300821635249
-11,5;56,5;0,0295691280448601
-11,5;57;0
-11,5;57,5;0
-11,5;58;0
-11,5;58,5;0,0495477763664238
-11,5;59;0
-11,5;59,5;0
-11,5;60;0
-11,5;60,5;0
-11,5;61;0
-11,5;61,5;0,0494583868988065
-11,5;62;0,0379483454590174
-11,5;62,5;0,0799030662740799
-11,5;63;0,0139164171634321
-11,5;63,5;0,171168893328461
-11,5;64;0,134432748029229
-11,5;64,5;0,131660734751828
-11,5;65;0,0756604255869606
-11,5;65,5;0,0908926106274139
-11,5;66;0,0361552209231253
-11,5;66,5;0,123223374405995
-11,5;67;0
-11,5;67,5;0
-11,5;68;0,149906637611548
-11,5;68,5;0,0282842712474619
-11,5;69;0
-11,5;69,5;0
-11,5;70;0
-11,5;70,5;0,0325269119345812
-11,5;71;0,0448036456849961
-11,5;71,5;0,116332282707768
-11,5;72;0,0506279794944684
-11,5;72,5;0,0293257565972304
-11,5;73;0,166021740087912
-11,5;73,5;0,313676744436052
-11,5;74;0
-11;-22;0
-11;-21,5;0
-11;-21;0
-11;-20,5;0
-11;-20;0
-11;-19,5;0
-11;-19;0,222523089007058
-11;-18,5;0,256791486710636
-11;-18;0,0906587006304414
-11;-17,5;0
-11;-17;0,270454273927617
-11;-16,5;0,30787361595834
-11;-16;0,0527908394257254
-11;-15,5;0,041606380629549
-11;-15;0
-11;-14,5;0,0733941414555685
-11;-14;0,0655762914474431
-11;-13,5;0,0792922497446328
-11;-13;0,142042903417066
-11;-12,5;0,207611931944468
-11;-12;0,0568610276954984
-11;-11,5;0,0804993704860395
-11;-11;0,0851410061344699
-11;-10,5;0,0367685453332863
-11;-10;0
-11;-9,5;0,0476758898835719
-11;-9;0,0557025378889753
-11;-8,5;0,274994457375602
-11;-8;0,34056120256469
-11;-7,5;0,362446333451959
-11;-7;0,0572052188209085
-11;-6,5;0,0419109712951581
-11;-6;0,0642040039395036
-11;-5,5;0,0640446765019177
-11;-5;0,0259223927010944
-11;-4,5;0,024773519586996
-11;-4;0,0315954222486535
-11;-3,5;0,052358372423725
-11;-3;0,0518063519454719
-11;-2,5;0,0305096071521973
-11;-2;0,0315406011960699
-11;-1,5;0,0423209955774515
-11;-1;0,0490521264687996
-11;-0,5;0,0329309040939426
-11;0;0,0608569916275171
-11;0,5;0,0389204598868281
-11;1;0,0890124403971408
-11;1,5;0,0671647818672062
-11;2;0,0934116398241575
-11;2,5;0,105409136575891
-11;3;0,0574152078944331
-11;3,5;0
-11;4;0,0447842336789064
-11;4,5;0,0507921460982223
-11;5;0,149154963501906
-11;5,5;0,14826860824342
-11;6;0,0671510260359502
-11;6,5;0,0699388407213148
-11;7;0,060496055051436
-11;7,5;0,0596555931140559
-11;8;0,0406697573962111
-11;8,5;0,0400154078187793
-11;9;0,0609767324867601
-11;9,5;0,0434124524260151
-11;10;0,0508410220570901
-11;10,5;0,0401400326634424
-11;11;0,0534681208486884
-11;11,5;0,0427436510423887
-11;12;0,0428982342690391
-11;12,5;0,028604241954775
-11;13;0,0232683019911428
-11;13,5;0,0180125664195752
-11;14;0,0249693838504303
-11;14,5;0,0714779980251313
-11;15;0,056905748369834
-11;15,5;0,0586855529774971
-11;16;0,0463222363854508
-11;16,5;0,0362676554425297
-11;17;0,0400972856766443
-11;17,5;0,0528846533624342
-11;18;0,0443125553777094
-11;18,5;0,0252299897136797
-11;19;0,0573211237673035
-11;19,5;0,0364688273660962
-11;20;0,0433968399112852
-11;20,5;0,12887367275519
-11;21;0,161653008617827
-11;21,5;0,110557300377074
-11;22;0,116023462723878
-11;22,5;0,108539143234296
-11;23;0,118658463711835
-11;23,5;0,0939070648083814
-11;24;0,0895058995421862
-11;24,5;0,0705396723315708
-11;25;0,0487825914881911
-11;25,5;0,0544882753309473
-11;26;0,0761400914576597
-11;26,5;0,0680241647970557
-11;27;0,0508266516457677
-11;27,5;0,0478247508108872
-11;28;0,0468645645930983
-11;28,5;0,035684134515781
-11;29;0,0535993725641815
-11;29,5;0,0231521283646913
-11;30;0,0294009198724645
-11;30,5;0,0310436535367283
-11;31;0,0538453141132946
-11;31,5;0,069238717492455
-11;32;0,0355250302994632
-11;32,5;0,066184141451787
-11;33;0,0920611764779519
-11;33,5;0,0840341719986106
-11;34;0,094712236233275
-11;34,5;0,156182985629037
-11;35;0,0453589114845565
-11;35,5;0,0439770492893456
-11;36;0,0581878724522771
-11;36,5;0,0762610080326365
-11;37;0,0712335066864541
-11;37,5;0,0381659794116462
-11;38;0,0374482399988617
-11;38,5;0,035318577709216
-11;39;0,0350423927031179
-11;39,5;0,042999129540526
-11;40;0,0557478265770714
-11;40,5;0
-11;41;0,0602404961709096
-11;41,5;0,0951852950019875
-11;42;0,0459811799279121
-11;42,5;0,0156170694159582
-11;43;0,0231974786533583
-11;43,5;0,0328656062917311
-11;44;0,0315123556601183
-11;44,5;0,121037658266404
-11;45;0,0844786306364233
-11;45,5;0,0525696333081547
-11;46;0,0743259723673372
-11;46,5;0,0590898391511526
-11;47;0,0378905210110864
-11;47,5;0,0478894988061485
-11;48;0,0505322691352097
-11;48,5;0,03367749861619
-11;49;0,0690682816945078
-11;49,5;0,133289063163391
-11;50;0
-11;50,5;0,0589108256614772
-11;51;0,0622661491770074
-11;51,5;0,0797222406792153
-11;52;0,0674079408364095
-11;52,5;0,0624606972468685
-11;53;0,0756692505918555
-11;53,5;0,0715592669202986
-11;54;0,0551626383222074
-11;54,5;0,109107475346424
-11;55;0,15910359009448
-11;55,5;0,10163532422556
-11;56;0,0292878435153184
-11;56,5;0
-11;57;0
-11;57,5;0
-11;58;0,0982878425849301
-11;58,5;0,0821667230110242
-11;59;0,123573190188379
-11;59,5;0,232296706262185
-11;60;0,0634720410889708
-11;60,5;0,0357880666463797
-11;61;0,0644670458451448
-11;61,5;0,0763675323681471
-11;62;0,0595970052125359
-11;62,5;0,0530330085889911
-11;63;0
-11;63,5;0,115986726115192
-11;64;0,134569549439551
-11;64,5;0,0939180450727303
-11;65;0,0868087937173802
-11;65,5;0
-11;66;0,102012487564257
-11;66,5;0,111033927099031
-11;67;0
-11;67,5;0
-11;68;0,0431383433463394
-11;68,5;0
-11;69;0
-11;69,5;0
-11;70;0
-11;70,5;0
-11;71;0,0784888527117068
-11;71,5;0,178336626582854
-11;72;0
-11;72,5;0
-11;73;0
-11;73,5;0,0342393535764525
-11;74;0
-10,5;-22,5;0,0735391052434009
-10,5;-22;0
-10,5;-21,5;0
-10,5;-21;0
-10,5;-20;0
-10,5;-19,5;0,0558941306950367
-10,5;-19;0,0823248764431826
-10,5;-18,5;0
-10,5;-18;0,0405629888026765
-10,5;-17,5;0,0744878981425639
-10,5;-17;0,0709696447517562
-10,5;-16,5;0,0570109638578405
-10,5;-16;0,0548474468343097
-10,5;-15,5;0
-10,5;-15;0,0190918830920368
-10,5;-14,5;0,0646760839362846
-10,5;-14;0,0618456068364384
-10,5;-13,5;0,0134350288425444
-10,5;-13;0,107029590923881
-10,5;-12,5;0,0652707274139247
-10,5;-12;0,0770804622509408
-10,5;-11,5;0,071051746214388
-10,5;-11;0,0615049716564567
-10,5;-10,5;0,0410572094088778
-10,5;-10;0,0607882401861374
-10,5;-9,5;0,0340363442113387
-10,5;-9;0,0450124490266402
-10,5;-8,5;0,0424986554409162
-10,5;-8;0,0568252551746884
-10,5;-7,5;0,0413896190484009
-10,5;-7;0,0633024274764777
-10,5;-6,5;0,0470431074101431
-10,5;-6;0,0463691707926722
-10,5;-5,5;0,0532224797706869
-10,5;-5;0,0311735990432758
-10,5;-4,5;0,0306722562193801
-10,5;-4;0,0439421494695014
-10,5;-3,5;0,0669216324642797
-10,5;-3;0,0389337551250273
-10,5;-2,5;0,0294243379987837
-10,5;-2;0,0337339909120925
-10,5;-1;0,0390640499692492
-10,5;-0,5;0,0360781315889192
-10,5;0;0,0405491713123418
-10,5;0,5;0,0332237537578941
-10,5;1;0,0465022049293487
-10,5;1,5;0,0582911998543861
-10,5;2;0,0322436146381188
-10,5;2,5;0,0609021151436977
-10,5;3;0,0785665612423921
-10,5;3,5;0,0454495508411433
-10,5;4;0,0937527223001509
-10,5;4,5;0,0624926239549956
-10,5;5;0,0766990511313174
-10,5;5,5;0,0574549889702866
-10,5;6;0,0586884130349544
-10,5;6,5;0,0519688371377003
-10,5;7;0,0479802986833992
-10,5;7,5;0,0642996139247911
-10,5;8;0,0561602117002253
-10,5;8,5;0,0557420815334309
-10,5;9;0,0314957626666454
-10,5;9,5;0,0476113677848299
-10,5;10;0,0374423366181729
-10,5;10,5;0
-10,5;11;0,0645106118992763
-10,5;11,5;0,0429498173824618
-10,5;12;0
-10,5;12,5;0,0679614259065789
-10,5;13;0,0385506357295378
-10,5;13,5;0,0156009258984487
-10,5;14;0,0329280066689195
-10,5;14,5;0,0387405902553553
-10,5;15;0,0306651020681244
-10,5;15,5;0,0341859851247169
-10,5;16;0,0777777800179211
-10,5;16,5;0,0678236768124792
-10,5;17;0,0717914714563257
-10,5;17,5;0,0346602558174826
-10,5;18;0,0473365209127288
-10,5;18,5;0,038077682570108
-10,5;19;0,0188831702223715
-10,5;19,5;0,0576817023663379
-10,5;20;0,167448583550272
-10,5;20,5;0,0944015283040699
-10,5;21;0,126110273301984
-10,5;21,5;0,0844262334164499
-10,5;22;0,077017320006491
-10,5;22,5;0,138903591785336
-10,5;23;0,136843435118246
-10,5;23,5;0,035425953599103
-10,5;24;0,0829126175669282
-10,5;24,5;0,0889856672705882
-10,5;25;0,0530828674556775
-10,5;25,5;0,0582205855493497
-10,5;26;0,0808761470979288
-10,5;26,5;0,0465338888649452
-10,5;27;0,0509825470144774
-10,5;27,5;0,0331557424179085
-10,5;28;0,0406134913256134
-10,5;28,5;0,0415808185695987
-10,5;29;0,0409527110082407
-10,5;29,5;0,0388401181583524
-10,5;30;0,026435766052376
-10,5;30,5;0,0768925522405622
-10,5;31;0,117101496009923
-10,5;31,5;0,0787586912766642
-10,5;32;0
-10,5;32,5;0,0784447360433014
-10,5;33;0,351355874121887
-10,5;33,5;0,101571503425534
-10,5;34;0,0839157270758061
-10,5;34,5;0,101821506059184
-10,5;35;0,118884335192075
-10,5;35,5;0,038018118110359
-10,5;36;0,0568962660261576
-10,5;36,5;0,083652956936985
-10,5;37;0,0450067733693808
-10,5;37,5;0,0203000686812025
-10,5;38;0,049220792448997
-10,5;38,5;0,0482717398646995
-10,5;39;0,167488186968194
-10,5;39,5;0,0600543404719743
-10,5;40;0,0405281171882964
-10,5;40,5;0,0979920557192264
-10,5;41;0,0708581211530008
-10,5;41,5;0,0516793985444696
-10,5;42;0,0572587097342014
-10,5;42,5;0,0314869653808585
-10,5;43;0,0785149700807297
-10,5;43,5;0,0652127955429887
-10,5;44;0,0922525679698744
-10,5;44,5;0,0640446037352534
-10,5;45;0,075452083479573
-10,5;45,5;0,0699930069437013
-10,5;46;0,0788095110021008
-10,5;46,5;0,0470347510492806
-10,5;47;0,115950266871036
-10,5;47,5;0,0980387173013299
-10,5;48;0,0299152518654292
-10,5;48,5;0,0577409821619014
-10,5;49;0,0614205061150474
-10,5;49,5;0,080419907186352
-10,5;50;0,067654212530472
-10,5;50,5;0,0808294657273071
-10,5;51;0,0928327380260716
-10,5;51,5;0,0626477526445948
-10,5;52;0,0501089923178576
-10,5;52,5;0,0794791241949463
-10,5;53;0,182835079348601
-10,5;53,5;0,173683755214461
-10,5;54;0,113813809941208
-10,5;54,5;0,0689017013174889
-10,5;55;0
-10,5;55,5;0,145639463267583
-10,5;56;0,283814772163042
-10,5;56,5;0,195928258747322
-10,5;57;0
-10,5;57,5;0
-10,5;58;0,0969117009332608
-10,5;58,5;0,126777575191469
-10,5;59;0,0114709778717132
-10,5;59,5;0,187462206371668
-10,5;60;0,0524081470414644
-10,5;60,5;0,0518727839457814
-10,5;61;0,166454374600157
-10,5;61,5;0,149214721013153
-10,5;62;0,0202072594216369
-10,5;62,5;0,152005980743582
-10,5;63;0
-10,5;63,5;0,131458320555566
-10,5;64;0,102897256417026
-10,5;64,5;0,0712023585428809
-10,5;65;0,0365558932777375
-10,5;65,5;0
-10,5;66;0,0620266071940099
-10,5;66,5;0,175124717463488
-10,5;67;0,021920310216783
-10,5;67,5;0,0661229914628792
-10,5;68;0,0673087909067852
-10,5;68,5;0,070886646603339
-10,5;69;0
-10,5;69,5;0,0692964645562816
-10,5;70;0,0607187505361125
-10,5;70,5;0
-10,5;71;0,07204728035159
-10,5;71,5;0,0714317856419675
-10,5;72;0
-10,5;72,5;0
-10,5;73;0,12404165966857
-10,5;73,5;0,277319428384448
-10,5;74;0,0899462802640183
-10,5;74,5;0
-10;-23;0,160427865409972
-10;-22,5;0,0917195205141727
-10;-22;0
-10;-21,5;0
-10;-21;0
-10;-20,5;0
-10;-20;0
-10;-19,5;0,0405427464007347
-10;-19;0,0471869966009847
-10;-18,5;0,0514665969932014
-10;-18;0,0681112400829777
-10;-17,5;0,0721274403196095
-10;-17;0,0119303534454489
-10;-16,5;0,0497811878792247
-10;-16;0
-10;-15,5;0
-10;-15;0
-10;-14,5;0,0238659450542679
-10;-14;0,0395132471874523
-10;-13,5;0,308693776450138
-10;-13;0,228891717154243
-10;-12,5;0,247127184774451
-10;-12;0,330817555890573
-10;-11,5;0,231688182365394
-10;-11;0
-10;-10,5;0
-10;-10;0,0715342076012788
-10;-9,5;0,00777817459305202
-10;-9;0,0541242634816946
-10;-8,5;0,0386694468857389
-10;-8;0,0443148558794103
-10;-7,5;0,0401088765014223
-10;-7;0,063529685273682
-10;-6,5;0,0339653795127428
-10;-6;0,0518826514724289
-10;-5,5;0,0531028162238981
-10;-5;0,0247122204704415
-10;-4,5;0,0320085371125803
-10;-4;0,0304024695272935
-10;-3,5;0,0385230533710094
-10;-3;0,0417741624112476
-10;-2,5;0,0110264832713487
-10;-2;0,03469115435491
-10;-1,5;0,0587265657416601
-10;-1;0,0364249609166266
-10;-0,5;0,0770477908117132
-10;0;0,0637887849932031
-10;0,5;0,0320850970616181
-10;1;0,0348751992798296
-10;1,5;0,0452980476463101
-10;2;0,188104935253349
-10;2,5;0,0359365892047388
-10;3;0,0439419682829135
-10;3,5;0,0530673190473873
-10;4;0,0457023377243373
-10;4,5;0,0438991267946566
-10;5;0,0527664819901955
-10;5,5;0,0538093246321392
-10;6;0,0399714713079031
-10;6,5;0,0448724729984652
-10;7;0,049085168077762
-10;7,5;0,0440629597387795
-10;8;0,0360191658306575
-10;8,5;0,036451951293263
-10;9;0,0329705345816603
-10;9,5;0,0333691921358941
-10;10;0,0295832517487351
-10;10,5;0,0403332942973902
-10;11;0,0906439922627712
-10;11,5;0,021706548376567
-10;12;0,0196219204678301
-10;12,5;0,0434732628074381
-10;13;0,0329773969299103
-10;13,5;0,0492405862916544
-10;14;0,0419190500835451
-10;14,5;0,0382304072618756
-10;15;0,0566791464387533
-10;15,5;0,0381274179561113
-10;16;0,0913876359252169
-10;16,5;0,12580845228627
-10;17;0
-10;17,5;0,0270875124980743
-10;18;0,0451807481124428
-10;18,5;0,0315822004397316
-10;19;0,0276899700542042
-10;19,5;0,064525125483077
-10;20;0,194302388225609
-10;20,5;0,162743950874101
-10;21;0,116577117206993
-10;21,5;0,0890389981624476
-10;22;0,125138866684401
-10;22,5;0,114586020281516
-10;23;0,110772657655635
-10;23,5;0,0644518727280773
-10;24;0,0696713322358567
-10;24,5;0,0528320819565275
-10;25;0,0319316761347111
-10;25,5;0,0528734346865855
-10;26;0,0839432180682223
-10;26,5;0,049148705951963
-10;27;0,0603147518351173
-10;27,5;0,067751235104721
-10;28;0,0864323294289023
-10;28,5;0,0385699169436297
-10;29;0,0601947714474463
-10;29,5;0,0609568751600258
-10;30;0,056874320418713
-10;30,5;0,10261454236022
-10;31;0,118420252605313
-10;31,5;0,0888820733285609
-10;32;0,0625736951143325
-10;32,5;0,0974571942890482
-10;33;0,0870014378966143
-10;33,5;0,0962987422212566
-10;34;0,0999779729379845
-10;34,5;0,119522022264747
-10;35;0,0736374155947164
-10;35,5;0,0435988797888269
-10;36;0,0713617996857491
-10;36,5;0,045179611704809
-10;37;0,0299343011326824
-10;37,5;0,0184473510809753
-10;38;0,0338399448149574
-10;38,5;0,0263587616121374
-10;39;0,374198279125974
-10;39,5;0,284022562381986
-10;40;0,141012526808534
-10;40,5;0,270723169050309
-10;41;0,27269263380382
-10;41,5;0,11313657005656
-10;42;0,0680226181249779
-10;42,5;0,0197405938638961
-10;43;0,137263869774079
-10;43,5;0,0566245340662527
-10;44;0,0355985211284651
-10;44,5;0,0575784977297056
-10;45;0,0292029108138213
-10;45,5;0,0221610268514595
-10;46;0,0487593515028077
-10;46,5;0,0328286967961467
-10;47;0,0758906353191201
-10;47,5;0,0559407936176489
-10;48;0,0252383382564843
-10;48,5;0,141735404892356
-10;49;0,286531589823659
-10;49,5;0,0780731455071634
-10;50;0,0810722310032173
-10;50,5;0,0793127224126617
-10;51;0,116152015980466
-10;51,5;0,0946432317752569
-10;52;0,0472839516091039
-10;52,5;0,0704130669691358
-10;53;0,123831184126464
-10;53,5;0,107474401863009
-10;54;0,0742955842978158
-10;54,5;0,0681985459278031
-10;55;0,134651862902102
-10;55,5;0,11012949952972
-10;56;0,209741147858162
-10;56,5;0,253568561122773
-10;57;0,351375409894715
-10;57,5;0,0685294948665658
-10;58;0,0864165388210971
-10;58,5;0,101361595670762
-10;59;0,070398230612994
-10;59,5;0,0299908319324423
-10;60;0,0917329638220837
-10;60,5;0,0495072385279836
-10;61;0,11407032687638
-10;61,5;0,197096249207368
-10;62;0,0486532923566623
-10;62,5;0,12901447707183
-10;63;0
-10;63,5;0,140380946000517
-10;64;0,118283370390582
-10;64,5;0,0575342892929464
-10;65;0
-10;65,5;0
-10;66;0
-10;66,5;0
-10;67;0,0663446987152632
-10;67,5;0,201947517934735
-10;68;0
-10;68,5;0
-10;69;0
-10;69,5;0,0422830970260889
-10;70;0,0623556224883849
-10;70,5;0,0465811120519895
-10;71;0,0608802102493084
-10;71,5;0,0658809532414339
-10;72;0
-10;72,5;0,0875088328875053
-10;73;0,0647971192775317
-10;73,5;0,0733037819245668
-10;74;0
-10;74,5;0
-10;75;0
-9,5;-23;0,0923987980375712
-9,5;-22,5;0,0936003897803474
-9,5;-22;0
-9,5;-21,5;0
-9,5;-21;0
-9,5;-20,5;0
-9,5;-20;0
-9,5;-19,5;0
-9,5;-19;0
-9,5;-18,5;0,0237960080685816
-9,5;-18;0,0612719348478567
-9,5;-17,5;0,00848528137423857
-9,5;-17;0
-9,5;-16,5;0,0646718211004178
-9,5;-16;0,0901297213280207
-9,5;-15,5;0
-9,5;-15;0
-9,5;-14,5;0
-9,5;-14;0,194984202656816
-9,5;-13,5;0,315875609710083
-9,5;-13;0,0190918830920368
-9,5;-12,5;0,291939654560257
-9,5;-12;0,28853399241662
-9,5;-11,5;0,287154945108037
-9,5;-11;0
-9,5;-10,5;0,0426643879599837
-9,5;-10;0
-9,5;-9,5;0,0318560921341681
-9,5;-9;0,051621205623818
-9,5;-8,5;0,0393685691440926
-9,5;-8;0,0549181593676428
-9,5;-7,5;0,0370175312392334
-9,5;-7;0,0387716005041025
-9,5;-6,5;0,0440845993828731
-9,5;-6;0,0895678513753679
-9,5;-5,5;0,0804083329015097
-9,5;-5;0
-9,5;-4,5;0,025656678497326
-9,5;-4;0,0401561941365991
-9,5;-3,5;0,0486340488451322
-9,5;-3;0,0285643830076581
-9,5;-2,5;0
-9,5;-2;0
-9,5;-1,5;0,0788701200286479
-9,5;-1;0,060924615907935
-9,5;-0,5;0,0780709857345181
-9,5;0;0,125587399148808
-9,5;0,5;0,0492946075482231
-9,5;1;0,066444713860472
-9,5;1,5;0,0493153120237518
-9,5;2;0,137439214264179
-9,5;2,5;0,172762899673356
-9,5;3;0,0578734760958116
-9,5;3,5;0,0505
-9,5;4;0
-9,5;4,5;0,0287199117918794
-9,5;5;0,0766227650968065
-9,5;5,5;0,0523205132917397
-9,5;6;0,0405468934071619
-9,5;6,5;0,052355354661657
-9,5;7;0,0303871010523239
-9,5;7,5;0,0441920834980932
-9,5;8;0,0856965854740127
-9,5;8,5;0,0513774818928064
-9,5;9;0,0272314378816808
-9,5;9,5;0,0285947633986917
-9,5;10;0,0286070198405639
-9,5;10,5;0,0368368104762153
-9,5;11;0,236299581385599
-9,5;11,5;0,263474095565041
-9,5;12;0,328679817777536
-9,5;12,5;0,0269633189738433
-9,5;13;0,0343281324719587
-9,5;13,5;0,0256796310795337
-9,5;14;0,0339980019392925
-9,5;14,5;0,0241079290299735
-9,5;15;0,0467893570786909
-9,5;15,5;0,0464542266217635
-9,5;16;0,0496954148039828
-9,5;16,5;0,0795290832062088
-9,5;17;0,169209892751216
-9,5;17,5;0,176790273074043
-9,5;18;0
-9,5;18,5;0,0590913519796922
-9,5;19;0,0819439333481155
-9,5;19,5;0,0176952679302266
-9,5;20;0,0236820390610223
-9,5;20,5;0,100437540958048
-9,5;21;0,0810887407632745
-9,5;21,5;0,0721544328844316
-9,5;22;0,0646694045834938
-9,5;22,5;0,11634543897126
-9,5;23;0,0988459043170371
-9,5;23,5;0,0890398189802466
-9,5;24;0,0970563334776864
-9,5;24,5;0,116165676145557
-9,5;25;0,0712363643642988
-9,5;25,5;0,0574596278094985
-9,5;26;0,056253583645756
-9,5;26,5;0,0347850505912725
-9,5;27;0,0595947707206572
-9,5;27,5;0,0430070065963425
-9,5;28;0,0274128983193495
-9,5;28,5;0,0326494778221927
-9,5;29;0,0644252707968029
-9,5;29,5;0,0558579099214763
-9,5;30;0,0443362286330921
-9,5;30,5;0,065777292236098
-9,5;31;0,0932692373199872
-9,5;31,5;0,0995352732287467
-9,5;32;0,105146719824409
-9,5;32,5;0,126515744928138
-9,5;33;0,108423163944723
-9,5;33,5;0,0841382541536613
-9,5;34;0,12179048256565
-9,5;34,5;0,193919114464386
-9,5;35;0,0965521198921603
-9,5;35,5;0,05259078541325
-9,5;36;0,0557475443850751
-9,5;36,5;0,0499713135035408
-9,5;37;0,0447371643888057
-9,5;37,5;0,0306754442364821
-9,5;38;0,0379838861855405
-9,5;38,5;0,0617112042280227
-9,5;39;0,0528805051610417
-9,5;39,5;0,194779569442662
-9,5;40;0,268087649676298
-9,5;40,5;0,276115374237566
-9,5;41;0,389824228137794
-9,5;41,5;0,114356806805161
-9,5;42;0,054152739135192
-9,5;42,5;0,0225850842693216
-9,5;43;0,038627498545626
-9,5;43,5;0,0450042653955465
-9,5;44;0,0436995943397024
-9,5;44,5;0,110574409335976
-9,5;45;0,0332340187157677
-9,5;45,5;0,0338053346913586
-9,5;46;0,0826686949897791
-9,5;46,5;0,0992500618998088
-9,5;47;0,0756019595012486
-9,5;47,5;0,0479130817550218
-9,5;48;0,05613774234228
-9,5;48,5;0,117735626629231
-9,5;49;0,39508332359677
-9,5;49,5;0,211146847631808
-9,5;50;0,0671997544118057
-9,5;50,5;0,0568183711501027
-9,5;51;0,0540157480764016
-9,5;51,5;0,161890976284187
-9,5;52;0,156103345721527
-9,5;52,5;0,0451314286257634
-9,5;53;0,101882091661223
-9,5;53,5;0,101007633881381
-9,5;54;0,139087873733544
-9,5;54,5;0,0627913779340535
-9,5;55;0,0476018861017036
-9,5;55,5;0,0682920763508307
-9,5;56;0,115708871125523
-9,5;56,5;0,0395815613638472
-9,5;57;0,0321938572470657
-9,5;57,5;0,0895591158245364
-9,5;58;0,0410939689700847
-9,5;58,5;0,069334556955225
-9,5;59;0,03864348701035
-9,5;59,5;0,0391513546563663
-9,5;60;0,0827420525050428
-9,5;60,5;0
-9,5;61;0,0845824783993347
-9,5;61,5;0,355578106987949
-9,5;62;0,0378095477989608
-9,5;62,5;0,0396754461303339
-9,5;63;0,108412735973784
-9,5;63,5;0,173571541250208
-9,5;64;0,128766327248109
-9,5;64,5;0,120008043429617
-9,5;65;0,121033409116859
-9,5;65,5;0,0757476072229348
-9,5;66;0
-9,5;66,5;0,0791237728408563
-9,5;67;0,127887530716722
-9,5;67,5;0,0868711491857139
-9,5;68;0,100606825480846
-9,5;68,5;0
-9,5;69;0
-9,5;69,5;0
-9,5;70;0,0845387485121468
-9,5;70,5;0,0230499457700013
-9,5;71;0,101075394108149
-9,5;71,5;0,0726819919321114
-9,5;72;0,0355358973433907
-9,5;72,5;0
-9,5;73;0
-9,5;73,5;0
-9,5;74;0
-9,5;74,5;0
-9,5;75;0
-9;-23,5;0,161109693480353
-9;-23;0,142905839808538
-9;-22,5;0,0372692903071685
-9;-22;0
-9;-21,5;0
-9;-21;0
-9;-20,5;0
-9;-20;0
-9;-19,5;0
-9;-19;0
-9;-18,5;0
-9;-18;0,117167614979567
-9;-17,5;0,106066017177982
-9;-17;0
-9;-16,5;0
-9;-16;0,0478217175210873
-9;-15,5;0
-9;-15;0,0476748498093893
-9;-14,5;0,0427593394606501
-9;-14;0
-9;-13,5;0
-9;-13;0
-9;-12,5;0,343394157461993
-9;-12;0,351714747864724
-9;-11,5;0,290874027716467
-9;-11;0,0575849740797552
-9;-10,5;0,0379269766202838
-9;-10;0,0290946730519523
-9;-9,5;0,0942316762398061
-9;-9;0,0657657054337934
-9;-8,5;0,0419040854923763
-9;-8;0,0370218536415834
-9;-7,5;0,0299532102652588
-9;-7;0,0287449041082958
-9;-6,5;0,0312861469105057
-9;-6;0,0512571059375274
-9;-5,5;0
-9;-5;0
-9;-4,5;0,118827668099153
-9;-4;0,0545859741273211
-9;-3,5;0,0562306639311467
-9;-3;0,0570054299836344
-9;-2,5;0,0404349124254912
-9;-2;0,0353553390593274
-9;-1,5;0,0727055706256405
-9;-1;0,06079559406833
-9;-0,5;0,0633340472294448
-9;0;0,0727778419968213
-9;0,5;0,0393544054810796
-9;1;0,0424348101769538
-9;1,5;0,0492830854434106
-9;2;0,123911242619186
-9;2,5;0,0170827058916236
-9;3;0,0748926178049658
-9;3,5;0,0478962287290694
-9;4;0,278971962857571
-9;4,5;0,308526477821533
-9;5;0,0440180264515622
-9;5,5;0,0534544872909512
-9;6;0,0428760043410268
-9;6,5;0,0657202470327686
-9;7;0,0340218465361286
-9;7,5;0,0338358955361143
-9;8;0,0689966610453903
-9;8,5;0,0574635422396715
-9;9;0,0208725803481412
-9;9,5;0,026042615134243
-9;10;0,0543252873172822
-9;10,5;0,0314423820262092
-9;11;0,263990794766673
-9;11,5;0,371044955022486
-9;12;0,27419741297792
-9;12,5;0,0494297927772618
-9;13;0,0284523036341445
-9;13,5;0,0198669756458167
-9;14;0,0214828353650283
-9;14,5;0,114729428912039
-9;15;0,0637869734305629
-9;15,5;0,0529642478621786
-9;16;0,066779211047818
-9;16,5;0,0654549059394211
-9;17;0,110610627626429
-9;17,5;0,0691496948915269
-9;18;0,163286404822937
-9;18,5;0,188852958276073
-9;19;0,127691322136246
-9;19,5;0,0309508058207275
-9;20;0,0354907788674098
-9;20,5;0,0554297459242862
-9;21;0,0988399608109359
-9;21,5;0,0810238950855046
-9;22;0,125904250451246
-9;22,5;0,0623169635379886
-9;23;0,055529517725365
-9;23,5;0,0840628937115595
-9;24;0,0809062032117496
-9;24,5;0,118106552559529
-9;25;0,0709112586657618
-9;25,5;0,0681107625308956
-9;26;0,118579840370016
-9;26,5;0,0941489668071193
-9;27;0,0369195208320157
-9;27,5;0,0214717862982474
-9;28;0,0878787393981471
-9;28,5;0,0770691187425237
-9;29;0,0462326221727546
-9;29,5;0,0700336300723988
-9;30;0,0511220684570081
-9;30,5;0,0403272716402617
-9;31;0,0380964243388844
-9;31,5;0,0974679120301462
-9;32;0,0792969083776264
-9;32,5;0,0953330205825076
-9;33;0,0706204304886256
-9;33,5;0,084818194072313
-9;34;0,0856464687451713
-9;34,5;0,0936594213524678
-9;35;0,0783918891741249
-9;35,5;0,0865772432433549
-9;36;0,0741280308537906
-9;36,5;0,0640829949001727
-9;37;0,0425393476360438
-9;37,5;0,0591715877739225
-9;38;0,06790264424673
-9;38,5;0,0782878160562494
-9;39;0,300090776864225
-9;39,5;0,278010705560297
-9;40;0,207142571957278
-9;40,5;0,193510314527149
-9;41;0,0619744949327172
-9;41,5;0,146344363720619
-9;42;0,146664651501308
-9;42,5;0,134674483654096
-9;43;0,0270742834857248
-9;43,5;0,0871023657612818
-9;44;0,0660472491691139
-9;44,5;0,071492491488867
-9;45;0,128906081854357
-9;45,5;0,0689247184014755
-9;46;0,0860061503038996
-9;46,5;0,0261051520227682
-9;47;0,035751970166503
-9;47,5;0,0566647791109891
-9;48;0,0532465969256006
-9;48,5;0,0550305327929295
-9;49;0,08497011330929
-9;49,5;0,0755376735342159
-9;50;0,0373811329915507
-9;50,5;0,0418321781208176
-9;51;0,0465138198667503
-9;51,5;0,189821015637174
-9;52;0,180364356332388
-9;52,5;0,121630723672831
-9;53;0,0288458959695433
-9;53,5;0,172439840963626
-9;54;0,209994633856678
-9;54,5;0,079157464598613
-9;55;0,204991048705208
-9;55,5;0,1183892109108
-9;56;0,079908906470639
-9;56,5;0,0515136443629798
-9;57;0
-9;57,5;0,0457936081288049
-9;58;0,0512189647781091
-9;58,5;0,0854307378852001
-9;59;0,0412001773853999
-9;59,5;0,0910439181103034
-9;60;0,0340668984709288
-9;60,5;0
-9;61;0,0891007361163228
-9;61,5;0,191245836274867
-9;62;0,167510481135726
-9;62,5;0,0499068656408639
-9;63;0,0801933623778061
-9;63,5;0,104542843358888
-9;64;0,0666812529332917
-9;64,5;0,141910189535281
-9;65;0,0937534557797762
-9;65,5;0,149750029811588
-9;66;0,0688290151995024
-9;66,5;0,060385747172147
-9;67;0,0568440263645472
-9;67,5;0,244761513440203
-9;68;0,246281524169571
-9;68,5;0,00565685424949239
-9;69;0
-9;69,5;0,021920310216783
-9;70;0,0904675377393205
-9;70,5;0
-9;71;0,0852756036122206
-9;71,5;0,0892175010858296
-9;72;0,0491599430430915
-9;72,5;0
-9;73;0
-9;73,5;0
-9;74;0
-9;74,5;0
-9;75;0
-8,5;-23,5;0,0614193237778904
-8,5;-23;0,11000151514108
-8,5;-22,5;0
-8,5;-22;0
-8,5;-21,5;0
-8,5;-21;0
-8,5;-20,5;0
-8,5;-20;0
-8,5;-19,5;0,0281350907823901
-8,5;-19;0,0680805894999938
-8,5;-18,5;0,0665692709608368
-8,5;-18;0,104402977013088
-8,5;-17,5;0,132503369229401
-8,5;-17;0
-8,5;-16,5;0
-8,5;-16;0,0345536160329477
-8,5;-15,5;0,0577694066771166
-8,5;-15;0,0792979044972669
-8,5;-14,5;0,0914237324253102
-8,5;-14;0,0461210966430283
-8,5;-13,5;0,0738673469554482
-8,5;-13;0,0890193380132799
-8,5;-12,5;0,447133835296175
-8,5;-12;0,31442222774732
-8,5;-11,5;0,158655601855087
-8,5;-11;0,166276324762338
-8,5;-10,5;0,17378013789421
-8,5;-10;0,0714683569552564
-8,5;-9,5;0,0715640727767978
-8,5;-9;0,0920333876614593
-8,5;-8,5;0,0405597855913409
-8,5;-8;0,0368109714493875
-8,5;-7,5;0,0678822509939086
-8,5;-7;0,0319563099735629
-8,5;-6,5;0,0566749978792711
-8,5;-6;0,0388432088246436
-8,5;-5,5;0,0342535792627237
-8,5;-5;0,355269735873002
-8,5;-4,5;0,300601245459712
-8,5;-4;0,142771221065318
-8,5;-3,5;0,0220529665426975
-8,5;-3;0,0243310501211929
-8,5;-2,5;0,0950728014998717
-8,5;-2;0,0707826822613279
-8,5;-1,5;0,0790499730905333
-8,5;-1;0,0869708538061155
-8,5;-0,5;0,0413827661392195
-8,5;0;0,0525137109674435
-8,5;0,5;0,0413310667205321
-8,5;1;0,0587198941929051
-8,5;1,5;0,0639056654505867
-8,5;2;0,0729167823128335
-8,5;2,5;0,0758909474010959
-8,5;3;0,0368538478478228
-8,5;3,5;0,0437403824015243
-8,5;4;0,339414857332662
-8,5;4,5;0,359517838078419
-8,5;5;0,0614202585319467
-8,5;5,5;0,044710120462764
-8,5;6;0,0635082255423537
-8,5;6,5;0,0574610844291702
-8,5;7;0,0316102666110851
-8,5;7,5;0,0405559694598766
-8,5;8;0,0874919089407036
-8,5;8,5;0,0438024492094432
-8,5;9;0,0298450758005462
-8,5;9,5;0,0419853029589756
-8,5;10;0,0493540116541065
-8,5;10,5;0,0305821195198601
-8,5;11;0,0294285095926961
-8,5;11,5;0,0268819952136494
-8,5;12;0,0219376483850632
-8,5;12,5;0,0540731908287774
-8,5;13;0,0477263941915964
-8,5;13,5;0,0219553173470489
-8,5;14;0,0530133572732638
-8,5;14,5;0,106101473728091
-8,5;15;0,063778446423338
-8,5;15,5;0,0388154025146045
-8,5;16;0,0647197630347387
-8,5;16,5;0,101928277240905
-8,5;17;0,14713331080125
-8,5;17,5;0,104480662919525
-8,5;18;0,251086919366122
-8,5;18,5;0,209117944980952
-8,5;19;0,214339442650324
-8,5;19,5;0,142052070374474
-8,5;20;0,043179411681635
-8,5;20,5;0,0934391033007115
-8,5;21;0,0612601036589092
-8,5;21,5;0,0730858513439275
-8,5;22;0,0751064822966945
-8,5;22,5;0,0964930308628932
-8,5;23;0,0618001879919356
-8,5;23,5;0,0815365716343516
-8,5;24;0,0750610182454569
-8,5;24,5;0,0542718430138511
-8,5;25;0,0584956506968037
-8,5;25,5;0,0501256437868451
-8,5;26;0,105871127880336
-8,5;26,5;0,0943780954905581
-8,5;27;0,0425751172034864
-8,5;27,5;0,0348378506724488
-8,5;28;0,0705358651373661
-8,5;28,5;0,0818386716767702
-8,5;29;0,0884132832432217
-8,5;29,5;0,088768150837255
-8,5;30;0,143810500339042
-8,5;30,5;0,0419122813247227
-8,5;31;0,0515678061152722
-8,5;31,5;0,0532763930997407
-8,5;32;0,0476931033136756
-8,5;32,5;0,0725284202359124
-8,5;33;0,0899887433812521
-8,5;33,5;0,0478713699063848
-8,5;34;0,0630732318228732
-8,5;34,5;0,0423836113706762
-8,5;35;0,0809269055407659
-8,5;35,5;0,0396946304610102
-8,5;36;0,0391606758409992
-8,5;36,5;0,0415285358871378
-8,5;37;0,0492141945131763
-8,5;37,5;0,0669293151293528
-8,5;38;0,0868392881254461
-8,5;38,5;0,123610663757231
-8,5;39;0,240656098523747
-8,5;39,5;0,160172638527091
-8,5;40;0,314743064670075
-8,5;40,5;0,270870404503398
-8,5;41;0,219849132607448
-8,5;41,5;0,0873210186551387
-8,5;42;0,11408226732409
-8,5;42,5;0,135935204328367
-8,5;43;0,0379711347950726
-8,5;43,5;0,0830106084577183
-8,5;44;0,116706593747683
-8,5;44,5;0,128856805934508
-8,5;45;0,121398553472333
-8,5;45,5;0,0823725092541819
-8,5;46;0,088105411782087
-8,5;46,5;0,0497793358804811
-8,5;47;0,0366040145513923
-8,5;47,5;0,0356377865846712
-8,5;48;0,0334195886803387
-8,5;48,5;0,0712532189015371
-8,5;49;0,0937601140591245
-8,5;49,5;0,0412510429613739
-8,5;50;0,0381240465110202
-8,5;50,5;0,057748842812249
-8,5;51;0,0448307743154519
-8,5;51,5;0,119479121872318
-8,5;52;0,20860175225965
-8,5;52,5;0,0898637255738802
-8,5;53;0,0506903438005365
-8,5;53,5;0,0762826655959435
-8,5;54;0,205300270231039
-8,5;54,5;0,125984821189174
-8,5;55;0,0863524097866307
-8,5;55,5;0,123762151224668
-8,5;56;0,0709383926767132
-8,5;56,5;0,0682104586311122
-8,5;57;0,0511468474101777
-8,5;57,5;0,0379968238237047
-8,5;58;0,0651269953669408
-8,5;58,5;0,0736285176135877
-8,5;59;0,0678775449696813
-8,5;59,5;0,0850066498946746
-8,5;60;0,117437606573159
-8,5;60,5;0,133535504539114
-8,5;61;0,0404653083081124
-8,5;61,5;0,0512656480176216
-8,5;62;0,126492424015564
-8,5;62,5;0,078354952463125
-8,5;63;0,141089024744045
-8,5;63,5;0,113183196179627
-8,5;64;0,121295882230599
-8,5;64,5;0,121272925403395
-8,5;65;0,0951656450616503
-8,5;65,5;0,104963237612033
-8,5;66;0,0786346661103468
-8,5;66,5;0,0601062898694583
-8,5;67;0,0746306957005008
-8,5;67,5;0,178212891445651
-8,5;68;0,293494950208311
-8,5;68,5;0,129919205662596
-8,5;69;0,0689607663935611
-8,5;69,5;0,0660879644687219
-8,5;70;0,015556349186104
-8,5;70,5;0
-8,5;71;0,0748903961037157
-8,5;71,5;0,086768719052782
-8,5;72;0,0807381851756314
-8,5;72,5;0
-8,5;73;0
-8,5;73,5;0
-8,5;74;0,223445742854949
-8,5;74,5;0,17031735084835
-8,5;75;0,16543184992527
-8,5;75,5;0,0692964645562817
-8;-23,5;0
-8;-23;0
-8;-22,5;0
-8;-22;0
-8;-21,5;0
-8;-21;0
-8;-20,5;0
-8;-20;0,129539569244305
-8;-19,5;0,053113086899558
-8;-19;0,0615310712345619
-8;-18,5;0,0709024368802339
-8;-18;0,0544475712194392
-8;-17,5;0
-8;-17;0
-8;-16,5;0
-8;-16;0,283809559659019
-8;-15,5;0,165317792187632
-8;-15;0,0558561076508627
-8;-14,5;0,0902721188604122
-8;-14;0,0429667278935964
-8;-13,5;0,0529479803221912
-8;-13;0,0719241475719564
-8;-12,5;0,0839298503526593
-8;-12;0
-8;-11,5;0,213753346952354
-8;-11;0,207354920954502
-8;-10,5;0,0912896267907584
-8;-10;0,068004262939228
-8;-9,5;0,0536401789425845
-8;-9;0,0468443298202326
-8;-8,5;0,0829317097122856
-8;-8;0,0246348351332177
-8;-7,5;0,0274444894286631
-8;-7;0,0464534506460293
-8;-6,5;0,0351191848262049
-8;-6;0,0467365146009003
-8;-5,5;0,0308330868594602
-8;-5;0,3708904759223
-8;-4,5;0,374925129869537
-8;-4;0,036651925411411
-8;-3,5;0,0585341550876747
-8;-3;0,0628991170425403
-8;-2,5;0,0830567281008332
-8;-2;0,0838627780735797
-8;-1,5;0,037018174204642
-8;-1;0,0751495488601066
-8;-0,5;0,131133519742284
-8;0;0,12533342854723
-8;0,5;0,0629394960589826
-8;1;0,0499838412117794
-8;1,5;0,0454403759513453
-8;2;0,0733209658992845
-8;2,5;0,0750781264013602
-8;3;0,0643981538727798
-8;3,5;0,0279650437513382
-8;4;0,23859476047821
-8;4,5;0,0947982827717674
-8;5;0,0702017298204616
-8;5,5;0,060348264840896
-8;6;0,0610658823459315
-8;6,5;0,0301673009959909
-8;7;0,0411255580121598
-8;7,5;0,0243368997778969
-8;8;0,0445629021225111
-8;8,5;0,0262595348594792
-8;9;0,0251688626974787
-8;9,5;0,0483008911426703
-8;10;0,0245214480433235
-8;10,5;0,0404090887727692
-8;11;0,0245018433589084
-8;11,5;0,0294344764950438
-8;12;0,0274526029396716
-8;12,5;0,0272667117936415
-8;13;0,0245338664401662
-8;13,5;0,0301207655215434
-8;14;0,0458642443692756
-8;14,5;0,0490451707966025
-8;15;0,058370066179938
-8;15,5;0,0542757925790039
-8;16;0,086011568253449
-8;16,5;0,0868279659960565
-8;17;0,0964163152535734
-8;17,5;0,117434751461009
-8;18;0,193523231668726
-8;18,5;0,246551787297575
-8;19;0,281082046515877
-8;19,5;0,063996680115825
-8;20;0,0555885797271205
-8;20,5;0,0603812796831122
-8;21;0,057747762151321
-8;21,5;0,0726886851154994
-8;22;0,0718824109006142
-8;22,5;0,104223679375014
-8;23;0,0809905396581866
-8;23,5;0,108923195029873
-8;24;0,0782598623855554
-8;24,5;0,0639986076834628
-8;25;0,0574095184071276
-8;25,5;0,0441650991684156
-8;26;0,0308289354279913
-8;26,5;0,0215361612472345
-8;27;0,022620970695911
-8;27,5;0,0473434074888201
-8;28;0,0612487678259018
-8;28,5;0,0656986793011584
-8;29;0,0532647475665973
-8;29,5;0,044058916450724
-8;30;0,122524421698223
-8;30,5;0,100245187861725
-8;31;0,0317525499897705
-8;31,5;0,0305739385986583
-8;32;0,0758737989325108
-8;32,5;0,0791228955248264
-8;33;0,0409808078661682
-8;33,5;0,0360687814997981
-8;34;0,0550255271848922
-8;34,5;0,0385143321536264
-8;35;0,026775732122621
-8;35,5;0,0412478917499005
-8;36;0,0352262466363996
-8;36,5;0,0356541271887692
-8;37;0,0671194728002954
-8;37,5;0,0925141169932584
-8;38;0,27663379005952
-8;38,5;0,179157581634825
-8;39;0,213906039213
-8;39,5;0,282488684770579
-8;40;0,323783068043274
-8;40,5;0,322221818356534
-8;41;0,093695345542095
-8;41,5;0,029035465836349
-8;42;0,0746720238377181
-8;42,5;0,0325485972067035
-8;43;0,0728940625485966
-8;43,5;0,109292916410031
-8;44;0,0903096563751386
-8;44,5;0,148902048679694
-8;45;0,0860152787696359
-8;45,5;0,0446930019776062
-8;46;0,0667153233658353
-8;46,5;0,0364463651018525
-8;47;0,0257455566240174
-8;47,5;0,0784238348484721
-8;48;0,0803817434205347
-8;48,5;0,0853219438443739
-8;49;0,0714274774509448
-8;49,5;0,056210319337289
-8;50;0,0688196218449157
-8;50,5;0,0163298346800703
-8;51;0,0415126965482419
-8;51,5;0,0871271094389982
-8;52;0,226466651284784
-8;52,5;0,0355073592480849
-8;53;0,0545706184218727
-8;53,5;0,0673759810129717
-8;54;0,162919788926215
-8;54,5;0,0702717869308981
-8;55;0,0391753092006221
-8;55,5;0,0646995804799824
-8;56;0,0530063459793106
-8;56,5;0,058644692083284
-8;57;0,0754924065603678
-8;57,5;0,0314497310892412
-8;58;0,0969384111462301
-8;58,5;0,11753400256199
-8;59;0,0939367331562343
-8;59,5;0,113000200360809
-8;60;0,158114396125579
-8;60,5;0,16490216684453
-8;61;0,0502680411547781
-8;61,5;0,0675061147706913
-8;62;0,0965679027859922
-8;62,5;0,113553760732864
-8;63;0,111866395393584
-8;63,5;0,0762625365069539
-8;64;0,134027021246622
-8;64,5;0,0962523479856654
-8;65;0,0483742273635029
-8;65,5;0,0568112235475328
-8;66;0,0485985008587126
-8;66,5;0,0930293229684748
-8;67;0,0414485625002042
-8;67,5;0,0588153518567651
-8;68;0,0662819734166085
-8;68,5;0
-8;69;0,0724361788058978
-8;69,5;0,0669308165983825
-8;70;0,071396460314602
-8;70,5;0,0349233855338061
-8;71;0,050533877025939
-8;71,5;0,0753843904539307
-8;72;0,0846049643933499
-8;72,5;0
-8;73;0,0695375198484003
-8;73,5;0,0527288662246149
-8;74;0,0903109778890292
-8;74,5;0,135741398522069
-8;75;0,0509116882454314
-7,5;-24;0
-7,5;-23,5;0
-7,5;-23;0
-7,5;-22,5;0
-7,5;-22;0
-7,5;-21,5;0,255596252798128
-7,5;-21;0,0678775292299224
-7,5;-20,5;0,0443204241856957
-7,5;-20;0,295893873016672
-7,5;-19,5;0,0471259710017432
-7,5;-19;0,0673392265219272
-7,5;-18,5;0,0296760284854066
-7,5;-18;0,0372498801532109
-7,5;-17,5;0
-7,5;-17;0
-7,5;-16,5;0,213960744063017
-7,5;-16;0,355014418162382
-7,5;-15,5;0,141671695235037
-7,5;-15;0,0811760195738012
-7,5;-14,5;0,0877044007149123
-7,5;-14;0,102608156710514
-7,5;-13,5;0,0432908256820691
-7,5;-13;0,0584151806753461
-7,5;-12,5;0,108485482899787
-7,5;-12;0,113236730087893
-7,5;-11,5;0,180451769927151
-7,5;-11;0,304481449593983
-7,5;-10,5;0,226701188533361
-7,5;-10;0,0637784366620165
-7,5;-9,5;0,0315332504247967
-7,5;-9;0,0441573934559706
-7,5;-8,5;0,0282953876408971
-7,5;-8;0,0298532738436452
-7,5;-7,5;0,02437979222647
-7,5;-7;0
-7,5;-6,5;0
-7,5;-6;0,0350923950518654
-7,5;-5,5;0,0583973223080241
-7,5;-5;0,0237862730747544
-7,5;-4,5;0,0287402157263998
-7,5;-4;0,0365391722827859
-7,5;-3,5;0,186017854059726
-7,5;-3;0,0889406675334346
-7,5;-2,5;0,090584940631974
-7,5;-2;0,0258555235663819
-7,5;-1,5;0,0339868709485083
-7,5;-1;0,0370200600821345
-7,5;-0,5;0,153622671471197
-7,5;0;0,107488353682481
-7,5;0,5;0,0724286109504423
-7,5;1;0,0674808643037726
-7,5;1,5;0,0866059036199974
-7,5;2;0,0332969231786918
-7,5;2,5;0,0636216034353615
-7,5;3;0,0599496556028185
-7,5;3,5;0,0726811395621178
-7,5;4;0,0225056637751652
-7,5;4,5;0,0211700507406317
-7,5;5;0,0547716957586711
-7,5;5,5;0,0280746715171653
-7,5;6;0,0543369415545558
-7,5;6,5;0,0422345557763647
-7,5;7;0,0309446315977279
-7,5;7,5;0,0319917138191504
-7,5;8;0,0773805303605063
-7,5;8,5;0,0657260573751845
-7,5;9;0,0515013031060379
-7,5;9,5;0,0235624569613889
-7,5;10;0,0497777337606409
-7,5;10,5;0,0430683132239979
-7,5;11;0,0318505283243039
-7,5;11,5;0,0479489903715988
-7,5;12;0,124852250993569
-7,5;12,5;0,0879096640867008
-7,5;13;0,0525073315747211
-7,5;13,5;0,0357090980770505
-7,5;14;0,0338773721313416
-7,5;14,5;0,069082098720554
-7,5;15;0,0597886180496213
-7,5;15,5;0,0540442230842528
-7,5;16;0,0497109160051193
-7,5;16,5;0,0467901080634205
-7,5;17;0,0749674773159845
-7,5;17,5;0,19634674220152
-7,5;18;0,110688572460124
-7,5;18,5;0,122955522579052
-7,5;19;0,30910652390279
-7,5;19,5;0,315255907155341
-7,5;20;0,0616012758330947
-7,5;20,5;0,0392419753909612
-7,5;21;0,0799766385225966
-7,5;21,5;0,0758464888985271
-7,5;22;0,115257742434126
-7,5;22,5;0,106764185690492
-7,5;23;0,0792149544531145
-7,5;23,5;0,0767118773151337
-7,5;24;0,0718502747523068
-7,5;24,5;0,132339975527228
-7,5;25;0,0700890230624322
-7,5;25,5;0,0624662322572267
-7,5;26;0,0674373793670539
-7,5;26,5;0,0593052099167467
-7,5;27;0,0269571373920121
-7,5;27,5;0,0429356693320555
-7,5;28;0,0954725859620179
-7,5;28,5;0,0405640819925604
-7,5;29;0,0723565280874003
-7,5;29,5;0,0669429373626905
-7,5;30;0,11858271033948
-7,5;30,5;0,0335026918786408
-7,5;31;0,0666782689347467
-7,5;31,5;0,025776562652565
-7,5;32;0,0381826628787939
-7,5;32,5;0,0670707487855318
-7,5;33;0,0379220738352278
-7,5;33,5;0,0819419173176574
-7,5;34;0,150078491470142
-7,5;34,5;0,194123273577165
-7,5;35;0,0449805696355309
-7,5;35,5;0,0645824003872676
-7,5;36;0,0177676460132247
-7,5;36,5;0,0343419358384315
-7,5;37;0,0677277401900446
-7,5;37,5;0,210041922904514
-7,5;38;0,190492180683568
-7,5;38,5;0,287084301655454
-7,5;39;0,253774892521247
-7,5;39,5;0,213684009954029
-7,5;40;0,31383692915018
-7,5;40,5;0,35949694257968
-7,5;41;0,12916957369737
-7,5;41,5;0,104370684511962
-7,5;42;0,0544467480779137
-7,5;42,5;0,0686276227627084
-7,5;43;0,0975494403719229
-7,5;43,5;0,0793191457450245
-7,5;44;0,0937177209363857
-7,5;44,5;0,218705302157765
-7,5;45;0,0710373763058989
-7,5;45,5;0,0506195962983879
-7,5;46;0,0499498244482002
-7,5;46,5;0,0736012836088965
-7,5;47;0,369746643895883
-7,5;47,5;0,307332375438106
-7,5;48;0,0990215846458449
-7,5;48,5;0,0586640360519302
-7,5;49;0,0612421386960944
-7,5;49,5;0,0642453935176312
-7,5;50;0,0397786126978935
-7,5;50,5;0,0307995335614946
-7,5;51;0,0685351491328841
-7,5;51,5;0,0645896266578068
-7,5;52;0,0228338752424081
-7,5;52,5;0,0289207119221674
-7,5;53;0,0208699480820037
-7,5;53,5;0,142564778481041
-7,5;54;0,217983515033916
-7,5;54,5;0,102271307564132
-7,5;55;0,0586298288467662
-7,5;55,5;0,0473789096934896
-7,5;56;0,0592747035099331
-7,5;56,5;0,0374550235332831
-7,5;57;0,0327691968384626
-7,5;57,5;0,0594843650259434
-7,5;58;0,053084534499516
-7,5;58,5;0,123689377348928
-7,5;59;0,157597627461891
-7,5;59,5;0,0503086774345151
-7,5;60;0,0238923511702897
-7,5;60,5;0,0284253408071038
-7,5;61;0,0330226075717445
-7,5;61,5;0,0590664713867407
-7,5;62;0,124870759718411
-7,5;62,5;0,126546326652004
-7,5;63;0,0861373979256288
-7,5;63,5;0,0759745996037244
-7,5;64;0,087705758077791
-7,5;64,5;0
-7,5;65;0,0758866479252664
-7,5;65,5;0,0848308030818709
-7,5;66;0,158717223354138
-7,5;66,5;0,150965799859679
-7,5;67;0,0848239353013051
-7,5;67,5;0,0521527764161419
-7,5;68;0
-7,5;68,5;0
-7,5;69;0,0106066017177982
-7,5;69,5;0,0157225952056268
-7,5;70;0,0523232956982573
-7,5;70,5;0,0564575463995253
-7,5;71;0,0846428350411866
-7,5;71,5;0,121936830544651
-7,5;72;0,0842511127522955
-7,5;72,5;0,0434097997494312
-7,5;73;0,0653910034586818
-7,5;73,5;0,0704968084383967
-7,5;74;0
-7,5;74,5;0
-7;-24;0
-7;-23,5;0
-7;-23;0,240401515987085
-7;-22,5;0,326327992562941
-7;-22;0,078868359827108
-7;-21,5;0,210978676695542
-7;-21;0,304600094207642
-7;-20,5;0,0724667739956274
-7;-20;0,363556683841174
-7;-19,5;0,0385215795095695
-7;-19;0,0267628473821453
-7;-18,5;0,0282901631902917
-7;-18;0,0855948264108316
-7;-17,5;0,063736436465599
-7;-17;0
-7;-16,5;0,0215453011118434
-7;-16;0,0988198818437821
-7;-15,5;0,0803197073240147
-7;-15;0,0796611106438996
-7;-14,5;0,0936943405785974
-7;-14;0,0670676275610422
-7;-13,5;0,0584347689498489
-7;-13;0,0545590913088226
-7;-12,5;0
-7;-12;0,151583615844829
-7;-11,5;0,263115061831289
-7;-11;0,32759319970717
-7;-10,5;0,0860407341455833
-7;-10;0,0525906835855934
-7;-9,5;0,0426379320835529
-7;-9;0,120818872697936
-7;-8,5;0,0312702063704673
-7;-8;0,0472345700724488
-7;-7,5;0,0482083633438877
-7;-7;0,0513906606301184
-7;-6,5;0
-7;-6;0
-7;-5,5;0,316654912062537
-7;-5;0,0394088181128913
-7;-4,5;0,10022476932358
-7;-4;0,0528323985605645
-7;-3,5;0,124342327498782
-7;-3;0,0919362154727846
-7;-2,5;0,0387369822649129
-7;-2;0,0167903165152468
-7;-1,5;0,0354763502712924
-7;-1;0,0287857329427727
-7;-0,5;0,0607061108525433
-7;0;0,153873407288762
-7;0,5;0,021261971417802
-7;1;0,0291296484446872
-7;1,5;0,0549971251242265
-7;2;0,043178923175269
-7;2,5;0,0458297753802428
-7;3;0,0305838979259286
-7;3,5;0,0578531432358678
-7;4;0,0598567781755536
-7;4,5;0,0454203926886699
-7;5;0,0253148871165586
-7;5,5;0,0305569000052531
-7;6;0,104957015750637
-7;6,5;0,0729734155216839
-7;7;0,134992597587826
-7;7,5;0,142259020002001
-7;8;0,0553215656887267
-7;8,5;0,0474972124763082
-7;9;0,0300403783510167
-7;9,5;0,0314623189364115
-7;10;0,0265967931920314
-7;10,5;0,0247788211223768
-7;11;0,0226113219690517
-7;11,5;0,0475454573310691
-7;12;0,11143940814246
-7;12,5;0,115482554142261
-7;13;0,0266607364189395
-7;13,5;0,0561132900103841
-7;14;0,0410831421130803
-7;14,5;0,0758226549258202
-7;15;0,0676177566406653
-7;15,5;0,0859120741452394
-7;16;0,0653215979009984
-7;16,5;0,0624173445971385
-7;17;0,0712729391836989
-7;17,5;0,0537056045284897
-7;18;0,0708960443876343
-7;18,5;0,0570696029554377
-7;19;0,0612164919440966
-7;19,5;0,0674096513574767
-7;20;0,0514073261678792
-7;20,5;0,0551634250460611
-7;21;0,084227623469572
-7;21,5;0,0515183405672394
-7;22;0,0764544864107781
-7;22,5;0,130596736373798
-7;23;0,0570964254494136
-7;23,5;0,0849225499790809
-7;24;0,077762059471807
-7;24,5;0,0724486473817284
-7;25;0,0488436427547757
-7;25,5;0,0791955278025952
-7;26;0,0503028530970458
-7;26,5;0,0406676101208222
-7;27;0,0298754123826882
-7;27,5;0,0772581082628472
-7;28;0,0576414801721257
-7;28,5;0,0165136387647299
-7;29;0,0255950713413558
-7;29,5;0,0348108293140944
-7;30;0,0482327196293439
-7;30,5;0,084919269208544
-7;31;0,0414938808592343
-7;31,5;0,0372505338803816
-7;32;0,0860335132338068
-7;32,5;0,0784976895704868
-7;33;0,211723928138784
-7;33,5;0,161572666171375
-7;34;0,195345292600298
-7;34,5;0,117115182722055
-7;35;0,0472875140467964
-7;35,5;0,0771892322159863
-7;36;0,0229134912884982
-7;36,5;0,0320201792810115
-7;37;0,0891337056218135
-7;37,5;0,264552955382086
-7;38;0,262191973282926
-7;38,5;0,271776783589105
-7;39;0,228110662692127
-7;39,5;0,244000894864502
-7;40;0,321177784280673
-7;40,5;0,212553493155031
-7;41;0,10538811080368
-7;41,5;0,0633046179546001
-7;42;0,0498940684854898
-7;42,5;0,101669728281732
-7;43;0,129432638924764
-7;43,5;0,121935442155968
-7;44;0,0998155088273818
-7;44,5;0,280408208684004
-7;45;0,14075358369108
-7;45,5;0,120595729835864
-7;46;0,0568090583358011
-7;46,5;0,229972187613252
-7;47;0,234527737273359
-7;47,5;0,237151498957532
-7;48;0,102158610958685
-7;48,5;0,0604985386665452
-7;49;0,0706691186044111
-7;49,5;0,0444582594539699
-7;50;0,0513702208085708
-7;50,5;0,0753963224474277
-7;51;0,0885295192474807
-7;51,5;0,0735198370545301
-7;52;0,0523388246343244
-7;52,5;0,0765051337743237
-7;53;0,0927743956003827
-7;53,5;0,147284652899044
-7;54;0,0670639939250857
-7;54,5;0,0583187414966758
-7;55;0,109901832097617
-7;55,5;0,0711313837828651
-7;56;0,0701923146716294
-7;56,5;0,0414380150454759
-7;57;0,0177947244356842
-7;57,5;0,0426995059859925
-7;58;0,152556263168949
-7;58,5;0,0987921461230255
-7;59;0,242314509034262
-7;59,5;0,0401023032741407
-7;60;0,0319644964336694
-7;60,5;0,105646253621146
-7;61;0,0286235021974737
-7;61,5;0,0421865984752159
-7;62;0,0390273519359718
-7;62,5;0,029787123514578
-7;63;0,0938525674111946
-7;63,5;0,0582607909204183
-7;64;0,0555185448614192
-7;64,5;0,0571130874835599
-7;65;0,0560438816166998
-7;65,5;0,118883952463004
-7;66;0,155161834456141
-7;66,5;0,0578261763102721
-7;67;0,0615001355012057
-7;67,5;0,0298917237963145
-7;68;0,0332948110738662
-7;68,5;0
-7;69;0
-7;69,5;0
-7;70;0,0261301686616393
-7;70,5;0,0568678501523698
-7;71;0,0578130289843589
-7;71,5;0,0531504878526468
-7;72;0
-7;72,5;0,0338008875623111
-7;73;0,071996805484688
-7;73,5;0,190012729674682
-7;74;0,206507166164807
-6,5;-24;0
-6,5;-23,5;0,0240416305603426
-6,5;-23;0,328055730783658
-6,5;-22,5;0,306872100644301
-6,5;-22;0,0935281969073185
-6,5;-21,5;0,363732894953722
-6,5;-21;0,0561930823144629
-6,5;-20,5;0,0864785745699426
-6,5;-20;0,0658390292894555
-6,5;-19,5;0
-6,5;-19;0
-6,5;-18,5;0
-6,5;-18;0,277805217968336
-6,5;-17,5;0,25982201657205
-6,5;-17;0,0876178686632522
-6,5;-16,5;0,0602131135851572
-6,5;-16;0,0627101594844416
-6,5;-15,5;0,206755884885919
-6,5;-15;0,0537298496101602
-6,5;-14,5;0,0492635686237648
-6,5;-14;0,0369030697793528
-6,5;-13,5;0,064420124037077
-6,5;-13;0,0694572364286666
-6,5;-12,5;0,0301184697855356
-6,5;-12;0,0476151236478495
-6,5;-11,5;0,0439062463326481
-6,5;-11;0,145669488912401
-6,5;-10,5;0,0648075968956157
-6,5;-10;0,0355539924444153
-6,5;-9,5;0,0332257557576342
-6,5;-9;0,0320489209386733
-6,5;-8,5;0,0257463148289756
-6,5;-8;0,0670694119951113
-6,5;-7,5;0,0330985873341519
-6,5;-7;0,0218318383712107
-6,5;-6,5;0,10567377104772
-6,5;-6;0,13553634731654
-6,5;-5,5;0,153550772670548
-6,5;-5;0,112953503188908
-6,5;-4,5;0,0964348727623192
-6,5;-4;0,109407326707378
-6,5;-3,5;0,0920608820885883
-6,5;-3;0,0466868684343952
-6,5;-2,5;0,0361685814782549
-6,5;-2;0,0301513709363349
-6,5;-1,5;0,0412893169271144
-6,5;-1;0,0375546585785623
-6,5;-0,5;0,152473756741279
-6,5;0;0,199555985707162
-6,5;0,5;0,140453813296285
-6,5;1;0,0996166082669536
-6,5;1,5;0,046883881567385
-6,5;2;0,0264951361051466
-6,5;2,5;0,0657033626851158
-6,5;3;0,04644478373724
-6,5;3,5;0,0375954692139051
-6,5;4;0,0221759798779324
-6,5;4,5;0,0617451268869772
-6,5;5;0,0619850356491382
-6,5;5,5;0,0640642592859073
-6,5;6;0,0674408100145187
-6,5;6,5;0,045083702745283
-6,5;7;0,12993924627599
-6,5;7,5;0,09200461240575
-6,5;8;0,102289938735092
-6,5;8,5;0,0570596474821438
-6,5;9;0,0502668364976865
-6,5;9,5;0,0234494411161502
-6,5;10;0,0243492725076354
-6,5;10,5;0,0232718426523586
-6,5;11;0,0245899373224529
-6,5;11,5;0,0254245071406971
-6,5;12;0,02338559940055
-6,5;12,5;0,0306123077738626
-6,5;13;0,12159732010567
-6,5;13,5;0,0513791577803476
-6,5;14;0,0512431588814979
-6,5;14,5;0,113412165154768
-6,5;15;0,197867917496037
-6,5;15,5;0,239043548714075
-6,5;16;0,149100241323965
-6,5;16,5;0,0528227096834416
-6,5;17;0,053675484698861
-6,5;17,5;0,0754543538390883
-6,5;18;0,0351167267558017
-6,5;18,5;0,126299181641681
-6,5;19;0,0965344188991116
-6,5;19,5;0,119132657192109
-6,5;20;0,0973032846492852
-6,5;20,5;0,0481224143999111
-6,5;21;0,0405580908761894
-6,5;21,5;0,0471559223071763
-6,5;22;0,0442498718450253
-6,5;22,5;0,0440332600870954
-6,5;23;0,0941031253513907
-6,5;23,5;0,0873028381913091
-6,5;24;0,0684030028718043
-6,5;24,5;0,061931497044431
-6,5;25;0,0393341687737599
-6,5;25,5;0,0573015431988803
-6,5;26;0,048046208114988
-6,5;26,5;0,0576007686341354
-6,5;27;0,0437238530889876
-6,5;27,5;0,0489804930240484
-6,5;28;0,0588109133529804
-6,5;28,5;0,0286019007008741
-6,5;29;0,0365831619209157
-6,5;29,5;0,0395104094105672
-6,5;30;0,0665051065791337
-6,5;30,5;0,0528300887081862
-6,5;31;0,081117851593077
-6,5;31,5;0,0746048513713006
-6,5;32;0,0307248015715876
-6,5;32,5;0,163040097925802
-6,5;33;0,154387388863924
-6,5;33,5;0,180411555075316
-6,5;34;0,0284286791765031
-6,5;34,5;0,0643591284043187
-6,5;35;0,0646021645487079
-6,5;35,5;0,0597780675410951
-6,5;36;0,033293997853071
-6,5;36,5;0,0307465028238568
-6,5;37;0,098140910343969
-6,5;37,5;0,0280499061806602
-6,5;38;0,191041309074358
-6,5;38,5;0,280512901249807
-6,5;39;0,311622999158406
-6,5;39,5;0,244253985318984
-6,5;40;0,30604614338081
-6,5;40,5;0,167120066262973
-6,5;41;0,13471042062295
-6,5;41,5;0,0571676014172264
-6,5;42;0,0846073963198696
-6,5;42,5;0,0855210561291633
-6,5;43;0,0939510883696309
-6,5;43,5;0,115629677835825
-6,5;44;0,137214805944173
-6,5;44,5;0,125477345473337
-6,5;45;0,157702980266726
-6,5;45,5;0,120898149805555
-6,5;46;0,151349731790748
-6,5;46,5;0,13259404951661
-6,5;47;0,208259182794049
-6,5;47,5;0,218605828416001
-6,5;48;0,19496730325075
-6,5;48,5;0,211972999722001
-6,5;49;0,0383704265429906
-6,5;49,5;0,0432416680274753
-6,5;50;0,0626201930537473
-6,5;50,5;0,0995966492273381
-6,5;51;0,0856935000882561
-6,5;51,5;0,0555590240331411
-6,5;52;0,0893808635867332
-6,5;52,5;0,101199896887988
-6,5;53;0,106821688574632
-6,5;53,5;0,0711602994839603
-6,5;54;0,0307765871942899
-6,5;54,5;0,0778097010650467
-6,5;55;0,133321728454001
-6,5;55,5;0,120588397533587
-6,5;56;0,0275228216991956
-6,5;56,5;0,027190774693602
-6,5;57;0,0368185244339938
-6,5;57,5;0,0305378453725865
-6,5;58;0,100317463431786
-6,5;58,5;0,0308512385550057
-6,5;59;0,23919116953687
-6,5;59,5;0,135701309419442
-6,5;60;0,0461068260261735
-6,5;60,5;0,113053271094927
-6,5;61;0,0503943147242002
-6,5;61,5;0,0499479055215858
-6,5;62;0,0306591282142389
-6,5;62,5;0,0422668769710856
-6,5;63;0,100229761558336
-6,5;63,5;0,156052750318393
-6,5;64;0,0426692707538653
-6,5;64,5;0,0735242958342484
-6,5;65;0,0804335976838264
-6,5;65,5;0,0492814606682005
-6,5;66;0,202616973239192
-6,5;66,5;0,135042850342295
-6,5;67;0,0288578893507092
-6,5;67,5;0,0578421972284921
-6,5;68;0,032257612612042
-6,5;68,5;0,0270491322514338
-6,5;69;0
-6,5;69,5;0
-6,5;70;0,035709942593065
-6,5;70,5;0,0337064533880383
-6,5;71;0,0329338179328842
-6,5;71,5;0,0632984709813075
-6,5;72;0
-6,5;72,5;0,164503665746256
-6,5;73;0,101428643626439
-6,5;73,5;0,260767596585879
-6,5;74;0,269174297592605
-6,5;74,5;0,28692615608832
-6,5;75;0
-6,5;75,5;0
-6,5;76;0
-6;-24;0
-6;-23,5;0,0397020150622106
-6;-23;0,0766763929170461
-6;-22,5;0,0624797542966495
-6;-22;0,0597466240963378
-6;-21,5;0,073668174946852
-6;-21;0
-6;-20,5;0,0450229571070878
-6;-20;0
-6;-19,5;0
-6;-19;0
-6;-18,5;0,0497904700629639
-6;-18;0,304218957188804
-6;-17,5;0,127075619227742
-6;-17;0,0889100253674322
-6;-16,5;0,0853045280158093
-6;-16;0,338733513729683
-6;-15,5;0,36672359264797
-6;-15;0,042396114200776
-6;-14,5;0,0376634676647915
-6;-14;0,0381964618383653
-6;-13,5;0,0707320530829788
-6;-13;0,054907479536415
-6;-12,5;0,0596813117680818
-6;-12;0,0457120386352488
-6;-11,5;0,0335662497412672
-6;-11;0,0242742269750881
-6;-10,5;0,301437898524168
-6;-10;0,198821892475492
-6;-9,5;0,042848459437773
-6;-9;0,0467008391728311
-6;-8,5;0,0419347565811918
-6;-8;0,0631069622766205
-6;-7,5;0,0169075768176919
-6;-7;0,0568052588976025
-6;-6,5;0,0348967552848652
-6;-6;0,152845597475512
-6;-5,5;0,0875537198493984
-6;-5;0,044364935656535
-6;-4,5;0,0213068783718698
-6;-4;0,0662130942197527
-6;-3,5;0,0971098488894033
-6;-3;0,158726405065953
-6;-2,5;0,17947596671026
-6;-2;0,0525727883051245
-6;-1,5;0,0971976537695488
-6;-1;0,222544295897162
-6;-0,5;0,234075025840361
-6;0;0,172211379948462
-6;0,5;0,14175589661772
-6;1;0,09253964975544
-6;1,5;0,0600332481587444
-6;2;0,0289625265599743
-6;2,5;0,0421995188334985
-6;3;0,0534011317533189
-6;3,5;0,124165583661088
-6;4;0,17404687916346
-6;4,5;0,0227621074453473
-6;5;0,0311916016491274
-6;5,5;0,0497915272637694
-6;6;0,0545024538727598
-6;6,5;0,0715269728639658
-6;7;0,0885528588299872
-6;7,5;0,0423381420849222
-6;8;0,105443259497473
-6;8,5;0,0817557552027497
-6;9;0,045259195291065
-6;9,5;0,0627994410282413
-6;10;0,0315903389082019
-6;10,5;0,0296730018589773
-6;11;0,0276861997048071
-6;11,5;0,027987367656781
-6;12;0,030792810269665
-6;12,5;0,0295028463182225
-6;13;0,0295688834777762
-6;13,5;0,0620192825993772
-6;14;0,0467800882622611
-6;14,5;0,168380388353492
-6;15;0,208235659638073
-6;15,5;0,289081411967456
-6;16;0,0733304755089629
-6;16,5;0,0682989221853826
-6;17;0,0857483930126071
-6;17,5;0,114479770013793
-6;18;0,0740716066085312
-6;18,5;0,0861422889568836
-6;19;0,107126606310544
-6;19,5;0,099360474903321
-6;20;0,083997797034758
-6;20,5;0,0630048633830544
-6;21;0,0548031917912495
-6;21,5;0,070939437139401
-6;22;0,0446262195941172
-6;22,5;0,0359288777061466
-6;23;0,0681531369414682
-6;23,5;0,111130149430114
-6;24;0,052939821344092
-6;24,5;0,0296107225166017
-6;25;0,057046782551245
-6;25,5;0,0538990281374329
-6;26;0,0716145905513111
-6;26,5;0,227114665281361
-6;27;0,221783151929229
-6;27,5;0,0351812632488344
-6;28;0,0613938256789869
-6;28,5;0,0430609361835575
-6;29;0,0456811779072355
-6;29,5;0,0241142109152928
-6;30;0,0449812402540205
-6;30,5;0,125963018715645
-6;31;0,147488129884375
-6;31,5;0,0593912474332906
-6;32;0,0713692170933299
-6;32,5;0,131605890295079
-6;33;0,157940207303294
-6;33,5;0,094980528374547
-6;34;0,0789435884546499
-6;34,5;0,0865320660897311
-6;35;0,0882608833177385
-6;35,5;0,158288799005805
-6;36;0,106686565506737
-6;36,5;0,0783016889960018
-6;37;0,0862791582784457
-6;37,5;0,0563545927952633
-6;38;0,224903854114853
-6;38,5;0,344378514724001
-6;39;0,23955720486241
-6;39,5;0,103117853570017
-6;40;0,0912776822510896
-6;40,5;0,0972931827945353
-6;41;0,0954491553730077
-6;41,5;0,0907353744328963
-6;42;0,0428310897586492
-6;42,5;0,243855434910259
-6;43;0,197998065347021
-6;43,5;0,106909428125324
-6;44;0,0970069822805538
-6;44,5;0,122611582111797
-6;45;0,120799266141102
-6;45,5;0,0476923820831305
-6;46;0,106382637644514
-6;46,5;0,121938051617877
-6;47;0,313029625519837
-6;47,5;0,1782502458118
-6;48;0,167590503678093
-6;48,5;0,20846350512028
-6;49;0,0506903899858581
-6;49,5;0,176944905644948
-6;50;0,169300515843813
-6;50,5;0,0596520229540181
-6;51;0,0335291291155499
-6;51,5;0,0250553014522377
-6;52;0,0720200970703489
-6;52,5;0,0658648659590308
-6;53;0,0325672183543545
-6;53,5;0,0875708810067375
-6;54;0,104436680937318
-6;54,5;0,0656050784298706
-6;55;0,107560653203888
-6;55,5;0,0232887745765336
-6;56;0,0255367963497155
-6;56,5;0,0445406611602479
-6;57;0,0527654016338835
-6;57,5;0,0362001964190696
-6;58;0,0613793237470714
-6;58,5;0,0346377422111181
-6;59;0,0477702836499848
-6;59,5;0,045464892726017
-6;60;0,0431100743835656
-6;60,5;0,0541252379145842
-6;61;0,0457986899375954
-6;61,5;0,0629004064680019
-6;62;0,0524310536286978
-6;62,5;0,0573471089863378
-6;63;0,0559487488689425
-6;63,5;0,155522833449426
-6;64;0,259400530700373
-6;64,5;0,0888253592418542
-6;65;0
-6;65,5;0,0517296390433527
-6;66;0,0552530074354287
-6;66,5;0,0687154242059927
-6;67;0,108685190289364
-6;67,5;0,0860863460390727
-6;68;0,0364471649560475
-6;68,5;0,0660832807902271
-6;69;0
-6;69,5;0,00777817459305202
-6;70;0,0113137084989848
-6;70,5;0,0469709129852366
-6;71;0,0465420956411147
-6;71,5;0,0883763663843822
-6;72;0,0693946675403877
-6;72,5;0
-6;73;0,0997020561473032
-6;73,5;0,0497625129219545
-6;74;0,357483764813541
-6;74,5;0,148978410068931
-6;75;0,0659945885227396
-6;75,5;0
-6;76;0
-5,5;-24,5;0,0268700576850888
-5,5;-24;0,110580287574233
-5,5;-23,5;0,0931523271883535
-5,5;-23;0,0734282934958609
-5,5;-22,5;0,0465999523128034
-5,5;-22;0,052480154979446
-5,5;-21,5;0
-5,5;-21;0
-5,5;-20,5;0,05858137739741
-5,5;-20;0
-5,5;-19,5;0
-5,5;-19;0
-5,5;-18,5;0,0476880647033565
-5,5;-18;0,371014501064311
-5,5;-17,5;0,0820243866176395
-5,5;-17;0,0799874990232849
-5,5;-16,5;0,124157370820079
-5,5;-16;0,239823593627912
-5,5;-15,5;0,0328969683453626
-5,5;-15;0,0482528877526577
-5,5;-14,5;0,0400312378024962
-5,5;-14;0,0524243816317721
-5,5;-13,5;0,0346712916047046
-5,5;-13;0,0416338431319929
-5,5;-12,5;0,0496277976607223
-5,5;-12;0,0602047013164758
-5,5;-11,5;0,0467607894348612
-5,5;-11;0,333548582997999
-5,5;-10,5;0,323726124344728
-5,5;-10;0,282807018165762
-5,5;-9,5;0,0596311171274707
-5,5;-9;0,041012137040337
-5,5;-8,5;0,0807728295901537
-5,5;-8;0,16232629431434
-5,5;-7,5;0,14314751452896
-5,5;-7;0,193964749206749
-5,5;-6,5;0,234786367816567
-5,5;-6;0,202105321649285
-5,5;-5,5;0,0419200701004629
-5,5;-5;0,0467569431874791
-5,5;-4,5;0,061328413010808
-5,5;-4;0,0256317489575302
-5,5;-3,5;0,11137589221423
-5,5;-3;0,1629907299996
-5,5;-2,5;0,113889482770422
-5,5;-2;0,122959484489285
-5,5;-1,5;0,318445900495195
-5,5;-1;0,11079209290589
-5,5;-0,5;0,290213338483925
-5,5;0;0,186082788756909
-5,5;0,5;0,115036908179745
-5,5;1;0,141655845126988
-5,5;1,5;0,0297743928528114
-5,5;2;0,0301858519807157
-5,5;2,5;0,0404980858557931
-5,5;3;0,0370675357132997
-5,5;3,5;0,11668728760186
-5,5;4;0,190749966655918
-5,5;4,5;0,0227546962487526
-5,5;5;0,0556684397988068
-5,5;5,5;0,0321590457401103
-5,5;6;0,0351095577048218
-5,5;6,5;0,079354554711972
-5,5;7;0,0501431070748786
-5,5;7,5;0,0344691755072612
-5,5;8;0,0745233243922344
-5,5;8,5;0,0525988442443518
-5,5;9;0,0507151580749482
-5,5;9,5;0,0538289648436634
-5,5;10;0,0689359515924505
-5,5;10,5;0,0534123618681445
-5,5;11;0,0232433937212696
-5,5;11,5;0,0315680017736899
-5,5;12;0,0385166374371676
-5,5;12,5;0,05838596316762
-5,5;13;0,0457815582494106
-5,5;13,5;0,0271292373318397
-5,5;14;0,0496505428022718
-5,5;14,5;0,109361055584538
-5,5;15;0,233864083360033
-5,5;15,5;0,182591879149353
-5,5;16;0,0557308611765887
-5,5;16,5;0,071991121456937
-5,5;17;0,103149177753138
-5,5;17,5;0,144165921111466
-5,5;18;0,129746998988634
-5,5;18,5;0,0818635042820263
-5,5;19;0,0837819393478185
-5,5;19,5;0,122077022284081
-5,5;20;0,137091921563538
-5,5;20,5;0,0547217247248544
-5,5;21;0,0763952299797042
-5,5;21,5;0,161791942033239
-5,5;22;0,111900583314916
-5,5;22,5;0,0530934152584071
-5,5;23;0,0822086155693502
-5,5;23,5;0,0976386752660238
-5,5;24;0,0512086350112936
-5,5;24,5;0,0398420037361073
-5,5;25;0,0193420920949789
-5,5;25,5;0,0168061925861778
-5,5;26;0,0571185856799797
-5,5;26,5;0,319073369734978
-5,5;27;0,271118884095812
-5,5;27,5;0,0869280485725806
-5,5;28;0,0578929267388215
-5,5;28,5;0,0699004794748385
-5,5;29;0,0253852335824119
-5,5;29,5;0,0307459423097706
-5,5;30;0,030331842217853
-5,5;30,5;0,133559190250149
-5,5;31;0,142613493035554
-5,5;31,5;0,0529156218303293
-5,5;32;0,0889576106225871
-5,5;32,5;0,113791598164781
-5,5;33;0,0659673020909943
-5,5;33,5;0,0483614144469448
-5,5;34;0,100142821383002
-5,5;34,5;0,144540563327996
-5,5;35;0,0404874213445202
-5,5;35,5;0,090166687036255
-5,5;36;0,183751689246671
-5,5;36,5;0,040061306428507
-5,5;37;0,0295897450642482
-5,5;37,5;0,122612878300968
-5,5;38;0,282477171862946
-5,5;38,5;0,264277159066779
-5,5;39;0,24461978214185
-5,5;39,5;0,202607046502223
-5,5;40;0,21738392168251
-5,5;40,5;0,114991775310752
-5,5;41;0,100158634123025
-5,5;41,5;0,130892646308229
-5,5;42;0,0527150966377148
-5,5;42,5;0,178676145709723
-5,5;43;0,21901713077161
-5,5;43,5;0,225533443678552
-5,5;44;0,148356235578877
-5,5;44,5;0,0805935729244212
-5,5;45;0,139158712478852
-5,5;45,5;0,0698384942714585
-5,5;46;0,0701204860303504
-5,5;46,5;0,328638100893912
-5,5;47;0,152292180238214
-5,5;47,5;0,131188144336065
-5,5;48;0,166506043039932
-5,5;48,5;0,139677492108793
-5,5;49;0,0178393711437837
-5,5;49,5;0,126385543268312
-5,5;50;0,109367634351851
-5,5;50,5;0,0647983429670731
-5,5;51;0,0454171036800223
-5,5;51,5;0,0348103003340361
-5,5;52;0,0485666203857986
-5,5;52,5;0,146565741927515
-5,5;53;0,129497384956696
-5,5;53,5;0,203528057843803
-5,5;54;0,373445378267626
-5,5;54,5;0,0295044937512094
-5,5;55;0,0258873497687342
-5,5;55,5;0,0438959379143972
-5,5;56;0,0186201963392364
-5,5;56,5;0,102677116330831
-5,5;57;0,0709146190209268
-5,5;57,5;0,0816117525906627
-5,5;58;0,143868360882989
-5,5;58,5;0,145074137718556
-5,5;59;0,02846336285842
-5,5;59,5;0,0380552024219101
-5,5;60;0,0245293967383592
-5,5;60,5;0,0304669751492663
-5,5;61;0,112987112035653
-5,5;61,5;0,0538434974924756
-5,5;62;0,0939721189491061
-5,5;62,5;0,0703828621448589
-5,5;63;0,0518845550858019
-5,5;63,5;0,379784489512903
-5,5;64;0,248506876684656
-5,5;64,5;0,0303166620853946
-5,5;65;0,0505628321991559
-5,5;65,5;0,0510093362136029
-5,5;66;0,0403054129837355
-5,5;66,5;0,0417451928917343
-5,5;67;0,0630414439548618
-5,5;67,5;0,0453291427538146
-5,5;68;0,231800917478588
-5,5;68,5;0,269839866534633
-5,5;69;0
-5,5;69,5;0,0525166640220035
-5,5;70;0
-5,5;70,5;0
-5,5;71;0
-5,5;71,5;0,102874227417107
-5,5;72;0,0932882629273372
-5,5;72,5;0,0754099904963969
-5,5;73;0
-5,5;73,5;0
-5,5;74;0,0725045975553735
-5,5;74,5;0,0564408017533779
-5,5;75;0,163743211418716
-5,5;75,5;0
-5,5;76;0
-5;-24,5;0,0359814767160364
-5;-24;0,0809242760952389
-5;-23,5;0,0744917119652593
-5;-23;0,0877760552176117
-5;-22,5;0,334976607594213
-5;-22;0,141310650695551
-5;-21,5;0
-5;-21;0
-5;-20,5;0
-5;-20;0
-5;-19,5;0
-5;-19;0
-5;-18,5;0,202553120604612
-5;-18;0,295284521659197
-5;-17,5;0,045508241011931
-5;-17;0,0877714456225182
-5;-16,5;0,088752464754507
-5;-16;0,0413333333333333
-5;-15,5;0,0525175469908438
-5;-15;0,0408081519203932
-5;-14,5;0,0547679290316894
-5;-14;0,062059035495564
-5;-13,5;0,0512548956440785
-5;-13;0,0354848613441758
-5;-12,5;0,0246763667690987
-5;-12;0,0494668635374762
-5;-11,5;0,0373156420667948
-5;-11;0,0499243935942899
-5;-10,5;0,256184203288362
-5;-10;0,0218536800867344
-5;-9,5;0,0487170971585495
-5;-9;0,113095734496445
-5;-8,5;0,188751789647776
-5;-8;0,229239284847764
-5;-7,5;0,314026753166329
-5;-7;0,315651741678426
-5;-6,5;0,217578364541364
-5;-6;0,100170711879365
-5;-5,5;0,086588040488408
-5;-5;0,0267263433540396
-5;-4,5;0,0735420967881662
-5;-4;0,0447416836291199
-5;-3,5;0,0994193838533426
-5;-3;0,0624617448140651
-5;-2,5;0,110243980806715
-5;-2;0,229148227041397
-5;-1,5;0,297384568670805
-5;-1;0,231340298291165
-5;-0,5;0,199990545819964
-5;0;0,1630471394348
-5;0,5;0,122289743815976
-5;1;0,0667044620824424
-5;1,5;0,0270495136828038
-5;2;0,03572761634922
-5;2,5;0,0227005877381211
-5;3;0,0358865743487365
-5;3,5;0,0459156910947144
-5;4;0,037379002741357
-5;4,5;0,0257666729326825
-5;5;0,0379438561550048
-5;5,5;0,0747442464739085
-5;6;0,0686154877912791
-5;6,5;0,165965694450556
-5;7;0,0993699116625185
-5;7,5;0,0448273386789835
-5;8;0,0632349771985369
-5;8,5;0,0826734752431028
-5;9;0,030852763862816
-5;9,5;0,0483529740049892
-5;10;0,068442025257155
-5;10,5;0,0493383476775053
-5;11;0,0286058357854729
-5;11,5;0,0263291869786464
-5;12;0,0369238916876832
-5;12,5;0,102371690076221
-5;13;0,0528644388797576
-5;13,5;0,0335156543966525
-5;14;0,0438539393578146
-5;14,5;0,0595291980474126
-5;15;0,0485750329602581
-5;15,5;0,0460568086372551
-5;16;0,0393995163862255
-5;16,5;0,0969507882806581
-5;17;0,0780539635027421
-5;17,5;0,0562425662688342
-5;18;0,0559505771184695
-5;18,5;0,0559449958618594
-5;19;0,0301363887746136
-5;19,5;0,0482094283478507
-5;20;0,059825188407928
-5;20,5;0,0900433541647392
-5;21;0,089510260735066
-5;21,5;0,116086221940288
-5;22;0,0903133556228355
-5;22,5;0,0538709917627419
-5;23;0,0729687696883941
-5;23,5;0,0509297526587588
-5;24;0,0511360025451982
-5;24,5;0,0427933097034093
-5;25;0,0325700269060537
-5;25,5;0,0276523232367944
-5;26;0,0836762347321697
-5;26,5;0,156819895027972
-5;27;0,190796610803795
-5;27,5;0,0654157966112238
-5;28;0,064397920376052
-5;28,5;0,133790906311192
-5;29;0,0999269009686085
-5;29,5;0,058403406691436
-5;30;0,0613201790934331
-5;30,5;0,108803314723247
-5;31;0,0843831692797982
-5;31,5;0,0780985488554898
-5;32;0,0816854537900203
-5;32,5;0,116936669158299
-5;33;0,136099592848596
-5;33,5;0,14214036278322
-5;34;0,103660107640509
-5;34,5;0,0945317753304285
-5;35;0,117994677162513
-5;35,5;0,182928405350919
-5;36;0,181341681615862
-5;36,5;0,225779043573727
-5;37;0,174857434704833
-5;37,5;0,0412625263424944
-5;38;0,088315177752575
-5;38,5;0,336538204302546
-5;39;0,210354692626217
-5;39,5;0,0411271088754855
-5;40;0,0259328682459574
-5;40,5;0,166277884921614
-5;41;0,164838525952607
-5;41,5;0,047928153068922
-5;42;0,0422596591074607
-5;42,5;0,164637137465395
-5;43;0,170625372939584
-5;43,5;0,223867007182304
-5;44;0,215149255751424
-5;44,5;0,0599081115970014
-5;45;0,0660360386058885
-5;45,5;0,0835820016757823
-5;46;0,0636769907511188
-5;46,5;0,195453638924398
-5;47;0,138672055624012
-5;47,5;0,054923061300427
-5;48;0,0672872628673451
-5;48,5;0,056979478850732
-5;49;0,02703902865239
-5;49,5;0,10183078139729
-5;50;0,118420844663507
-5;50,5;0,105760004535236
-5;51;0,0528861905656134
-5;51,5;0,0776073751744458
-5;52;0,0643107302313019
-5;52,5;0,270166565675854
-5;53;0,186846754589884
-5;53,5;0,19181046419642
-5;54;0,249507551187429
-5;54,5;0,208987572589446
-5;55;0,0356313062556821
-5;55,5;0,0432370661521326
-5;56;0,0492667430972217
-5;56,5;0,0607412805091787
-5;57;0,0432484950400858
-5;57,5;0,0622248018486024
-5;58;0,1012541140122
-5;58,5;0,130933214028938
-5;59;0,0264271463097753
-5;59,5;0,0425259114758655
-5;60;0,0208134842786966
-5;60,5;0,0280834434850821
-5;61;0,120705081295023
-5;61,5;0,0312150310094278
-5;62;0,07440552933552
-5;62,5;0,108807760604875
-5;63;0,131392858760792
-5;63,5;0,12194623938526
-5;64;0,349775595629201
-5;64,5;0,129420096161
-5;65;0,0429265920810435
-5;65,5;0,0423484056888505
-5;66;0,0520751266472873
-5;66,5;0,0515806955279502
-5;67;0,0553273373061967
-5;67,5;0,0774995189571941
-5;68;0,0636697674388268
-5;68,5;0,21496046148071
-5;69;0
-5;69,5;0
-5;70;0,054799635035281
-5;70,5;0,0254813657404779
-5;71;0,0497591635678732
-5;71,5;0,0761820188758476
-5;72;0,0651820253487986
-5;72,5;0
-5;73;0
-5;73,5;0
-5;74;0
-5;74,5;0,0294227802901085
-5;75;0
-5;75,5;0
-5;76;0
-4,5;-24,5;0,0465397935207321
-4,5;-24;0,0811260353613153
-4,5;-23,5;0,0879458545545686
-4,5;-23;0,071739776890058
-4,5;-22,5;0
-4,5;-22;0
-4,5;-21,5;0
-4,5;-21;0
-4,5;-20,5;0
-4,5;-19,5;0,25295378621239
-4,5;-19;0,277966618816847
-4,5;-18,5;0
-4,5;-18;0,0511036528374766
-4,5;-17,5;0,054809192833389
-4,5;-17;0,0797822387985298
-4,5;-16,5;0,0801332988727863
-4,5;-16;0,0503743131821311
-4,5;-15,5;0,0747495819386303
-4,5;-15;0,241515466404991
-4,5;-14,5;0,313555946976067
-4,5;-14;0,0876580870050864
-4,5;-13,5;0,0348358053349328
-4,5;-13;0,043642888932631
-4,5;-12,5;0,0265549744241388
-4,5;-12;0,032107631491594
-4,5;-11,5;0,0360001543206569
-4,5;-11;0,0355530556049104
-4,5;-10,5;0
-4,5;-10;0
-4,5;-9,5;0,128462171131289
-4,5;-9;0,125952427278248
-4,5;-8,5;0,189768090274471
-4,5;-8;0,27974510633867
-4,5;-7,5;0,38370352567908
-4,5;-7;0,133223715356288
-4,5;-6,5;0,202019557428756
-4,5;-6;0,0453965093089774
-4,5;-5,5;0,0444928028987082
-4,5;-5;0,0293479090720236
-4,5;-4,5;0,056766659706107
-4,5;-4;0,0597985042547981
-4,5;-3,5;0,0723270706687002
-4,5;-3;0,0475254982199748
-4,5;-2,5;0,157016340934072
-4,5;-2;0,346984701707319
-4,5;-1,5;0,269251665517139
-4,5;-1;0,250230257728602
-4,5;-0,5;0,15030638527282
-4,5;0;0,122632445407676
-4,5;0,5;0,0892445010707752
-4,5;1;0,0197501178949075
-4,5;1,5;0,0302416863590233
-4,5;2;0,0254197038640857
-4,5;2,5;0,0176630253324921
-4,5;3;0,0708203492153384
-4,5;3,5;0,0962018497007554
-4,5;4;0,0336869828664621
-4,5;4,5;0,0214982025677306
-4,5;5;0,0569251928956494
-4,5;5,5;0,0583178098142346
-4,5;6;0,24558880811669
-4,5;6,5;0,268475439824344
-4,5;7;0,279657865518775
-4,5;7,5;0,0353849202260602
-4,5;8;0,0445762328352021
-4,5;8,5;0,0687621685973634
-4,5;9;0,0358882438882528
-4,5;9,5;0,0603635688106696
-4,5;10;0,0731873350770702
-4,5;10,5;0,0300100605982961
-4,5;11;0,046622421544726
-4,5;11,5;0,052456862232624
-4,5;12;0,0282038327283332
-4,5;12,5;0,0752157411792201
-4,5;13;0,0799720850281741
-4,5;13,5;0,0176920415253111
-4,5;14;0,0258085373905787
-4,5;14,5;0,0342827579549429
-4,5;15;0,0637143573123915
-4,5;15,5;0,0519111911160339
-4,5;16;0,0388427178478871
-4,5;16,5;0,0347724598920201
-4,5;17;0,0557586611327471
-4,5;17,5;0,054501866953349
-4,5;18;0,0816653210098839
-4,5;18,5;0,0206593011181181
-4,5;19;0,0437852447566781
-4,5;19,5;0,0683589708675579
-4,5;20;0,0439122230515984
-4,5;20,5;0,0412570254473142
-4,5;21;0,0612413551553786
-4,5;21,5;0,0867743797166342
-4,5;22;0,111785558803563
-4,5;22,5;0,102913738651872
-4,5;23;0,0886746425719328
-4,5;23,5;0,0624729318795817
-4,5;24;0,0522740658590138
-4,5;24,5;0,0328034173117348
-4,5;25;0,0272918401324485
-4,5;25,5;0,0362505249648069
-4,5;26;0,0389032953769288
-4,5;26,5;0,10033442839156
-4,5;27;0,0570754056347798
-4,5;27,5;0,0443828005334643
-4,5;28;0,0468192924257799
-4,5;28,5;0,0535664477548108
-4,5;29;0,0469188062525603
-4,5;29,5;0,106421063880538
-4,5;30;0,0827556228479229
-4,5;30,5;0,0215027130071223
-4,5;31;0,0901504756751888
-4,5;31,5;0,0600709910600961
-4,5;32;0,0709276500576448
-4,5;32,5;0,131327326427772
-4,5;33;0,0446351555104048
-4,5;33,5;0,0647381798691708
-4,5;34;0,121861252799116
-4,5;34,5;0,0620391618104704
-4,5;35;0,168867906467483
-4,5;35,5;0,156870164858043
-4,5;36;0,209638749165118
-4,5;36,5;0,17708054496737
-4,5;37;0,0995886807373986
-4,5;37,5;0,0843755826888202
-4,5;38;0,0378056720286125
-4,5;38,5;0,144876881711133
-4,5;39;0,0338932415199298
-4,5;39,5;0,0371038515294481
-4,5;40;0,0570001461986429
-4,5;40,5;0,113516925464649
-4,5;41;0,0492885063959652
-4,5;41,5;0,242509010369085
-4,5;42;0,296193790313997
-4,5;42,5;0,228661963359442
-4,5;43;0,235056909220049
-4,5;43,5;0,125598214265956
-4,5;44;0,0546559801987444
-4,5;44,5;0,0533140049447544
-4,5;45;0,0825536438700483
-4,5;45,5;0,0824343929506852
-4,5;46;0,053428070827183
-4,5;46,5;0,122302311475118
-4,5;47;0,159428218527164
-4,5;47,5;0,0392662944564658
-4,5;48;0,0899931610761605
-4,5;48,5;0,0887262440848435
-4,5;49;0,0385974406794635
-4,5;49,5;0,0256466874827683
-4,5;50;0,0280879699333705
-4,5;50,5;0,0370181657378455
-4,5;51;0,0283651736904842
-4,5;51,5;0,0927511683774512
-4,5;52;0,15318900588289
-4,5;52,5;0,169887560066457
-4,5;53;0,177516865530835
-4,5;53,5;0,141066409896812
-4,5;54;0,0997189405761742
-4,5;54,5;0,045458193633503
-4,5;55;0,0600438343832296
-4,5;55,5;0,0272439698567852
-4,5;56;0,152253907003407
-4,5;56,5;0,0932811593626991
-4,5;57;0,110646831518357
-4,5;57,5;0,042333271576302
-4,5;58;0,0277865405679565
-4,5;58,5;0,029732809587834
-4,5;59;0,0249175946837309
-4,5;59,5;0,271122086916551
-4,5;60;0,0904619625404328
-4,5;60,5;0,0153888980053213
-4,5;61;0,0606861352991263
-4,5;61,5;0,0332406609209495
-4,5;62;0,0290526304483498
-4,5;62,5;0,0464428658132359
-4,5;63;0,0419280496152375
-4,5;63,5;0,0383997408878058
-4,5;64;0,141109941194361
-4,5;64,5;0,0639693786596795
-4,5;65;0,0581240148209077
-4,5;65,5;0,0291819007834194
-4,5;66;0,0952341903961396
-4,5;66,5;0,0500046569259875
-4,5;67;0,209836484359489
-4,5;67,5;0,267136930445499
-4,5;68;0
-4,5;68,5;0
-4,5;69;0
-4,5;69,5;0
-4,5;70;0
-4,5;70,5;0,037720147452118
-4,5;71;0,0502632652474283
-4,5;71,5;0,0504881174139024
-4,5;72;0,0551543289325507
-4,5;72,5;0,01552417469626
-4,5;73;0
-4,5;73,5;0
-4,5;74;0
-4,5;74,5;0,0771917525819091
-4,5;75;0,0602818506281245
-4,5;75,5;0,0446131520219468
-4,5;76;0
-4;-24,5;0,119688606391753
-4;-24;0,0781449812543205
-4;-23,5;0,0924551918498902
-4;-23;0
-4;-22,5;0
-4;-22;0
-4;-21,5;0
-4;-21;0
-4;-20,5;0
-4;-20;0,0226274169979695
-4;-19,5;0,260533598788258
-4;-19;0
-4;-18,5;0
-4;-18;0,0652860373025249
-4;-17,5;0,0522765709403462
-4;-17;0,0668913071310239
-4;-16,5;0,0120208152801713
-4;-16;0
-4;-15,5;0,0931008251110786
-4;-15;0,0561714043501377
-4;-14,5;0,0574134918101604
-4;-14;0,0720181200489475
-4;-13,5;0,0273988181879299
-4;-13;0,053020298441103
-4;-12,5;0,0254600527437452
-4;-12;0,0429820432733955
-4;-11,5;0,0820530674768039
-4;-11;0,0567304139706476
-4;-10,5;0,172426796061401
-4;-10;0,100955789475252
-4;-9,5;0,144796541186255
-4;-9;0,281227142051326
-4;-8,5;0,154629858312556
-4;-8;0,207836626006056
-4;-7,5;0,0313914532612967
-4;-7;0,0276790819744328
-4;-6,5;0,07184813088428
-4;-6;0,0600059998132818
-4;-5,5;0,0557643458147851
-4;-5;0,126328302005689
-4;-4,5;0,11248666030631
-4;-4;0,066933716188997
-4;-3,5;0,0588853436619293
-4;-3;0,0915377421934639
-4;-2,5;0,0853033061369039
-4;-2;0,185129199912339
-4;-1,5;0,349882155163574
-4;-1;0,31258715210492
-4;-0,5;0,228842140966417
-4;0;0,105270940608694
-4;0,5;0,0775557295342651
-4;1;0,0282871917770185
-4;1,5;0,0280805325486929
-4;2;0,0315243729224591
-4;2,5;0,0327716719306178
-4;3;0,0313795951471117
-4;3,5;0,105110169148385
-4;4;0,0479610948916651
-4;4,5;0,0455387048304397
-4;5;0,0543131029651344
-4;5,5;0,0609663897394802
-4;6;0,141948614747204
-4;6,5;0,199421942171075
-4;7;0,102830775157825
-4;7,5;0,0412477781353363
-4;8;0,0888334917741561
-4;8,5;0,092775245265214
-4;9;0,0928167532919491
-4;9,5;0,0629254335821079
-4;10;0,059663104956027
-4;10,5;0,0891151092840193
-4;11;0,0414790169791609
-4;11,5;0,0532897629061547
-4;12;0,0726110934449886
-4;12,5;0,0610813756703425
-4;13;0,0449213301426153
-4;13,5;0,0305488324433505
-4;14;0,0174061038659039
-4;14,5;0,0322592448842398
-4;15;0,0585402006865259
-4;15,5;0,0766224141659416
-4;16;0,0363858716078242
-4;16,5;0,0371713440088867
-4;17;0,0412019617602434
-4;17,5;0,0512963826261016
-4;18;0,0634427693770212
-4;18,5;0,062416353944054
-4;19;0,102848810511797
-4;19,5;0,122752050248541
-4;20;0,0943010250916359
-4;20,5;0,0520024541167028
-4;21;0,0382268817765473
-4;21,5;0,0702741747861423
-4;22;0,0308872204264957
-4;22,5;0,0371934411706648
-4;23;0,0522650890335073
-4;23,5;0,0643276767806828
-4;24;0,0389097405071801
-4;24,5;0,0243982825312806
-4;25;0,0372274355270796
-4;25,5;0,0478128525662652
-4;26;0,112316495578625
-4;26,5;0,0390943849758392
-4;27;0,0395722079479182
-4;27,5;0,0385655286493003
-4;28;0,0595715568511931
-4;28,5;0,0287896307281904
-4;29;0,0194326377640381
-4;29,5;0,0298394302525391
-4;30;0,0227558456752698
-4;30,5;0,0194806077198579
-4;31;0,0364949522906898
-4;31,5;0,0303007150630696
-4;32;0,0260752354991492
-4;32,5;0,0769600286220688
-4;33;0,0280683370134343
-4;33,5;0,0232280603390564
-4;34;0,0854180297546281
-4;34,5;0,108575337538359
-4;35;0,184056429992238
-4;35,5;0,16213954894884
-4;36;0,0836128079476617
-4;36,5;0,110840281063953
-4;37;0,0752430293091735
-4;37,5;0,0922167975213737
-4;38;0,105029097900703
-4;38,5;0,107677011001379
-4;39;0,121245586999885
-4;39,5;0,0944315496909312
-4;40;0,0246413475362725
-4;40,5;0,0792957972365733
-4;41;0,158977170164803
-4;41,5;0,230287796944362
-4;42;0,161449067013933
-4;42,5;0,162560483340207
-4;43;0,197248657178867
-4;43,5;0,0852812280478733
-4;44;0,0502116169210791
-4;44,5;0,0547111429777322
-4;45;0,0300161318254247
-4;45,5;0,0502302569322972
-4;46;0,0365529296591486
-4;46,5;0,151481947573866
-4;47;0,131760413830031
-4;47,5;0,041722079956815
-4;48;0,0621239471051347
-4;48,5;0,0827143246610418
-4;49;0,0586843700764441
-4;49,5;0,0545191350642531
-4;50;0,0374931313092522
-4;50,5;0,0781643057866973
-4;51;0,0704389339797666
-4;51,5;0,040072975884334
-4;52;0,115592113440104
-4;52,5;0,220640272778994
-4;53;0,153386691801497
-4;53,5;0,123283238882045
-4;54;0,0446802039963909
-4;54,5;0,0387832050807691
-4;55;0,0674639054767699
-4;55,5;0,0473926872411243
-4;56;0,0367050969983497
-4;56,5;0,115892521573985
-4;57;0,169073025934048
-4;57,5;0,0623650085236108
-4;58;0,0237366503835013
-4;58,5;0,0377263147245399
-4;59;0,0318096208511045
-4;59,5;0,243774119361641
-4;60;0,246761336505662
-4;60,5;0,0485723093003537
-4;61;0,0370452392851576
-4;61,5;0,0594761523504396
-4;62;0,0356093940887573
-4;62,5;0,0362522577293634
-4;63;0,0363049094212812
-4;63,5;0,0349480746898638
-4;64;0,0349434954224735
-4;64,5;0,0467050851959932
-4;65;0,0704109016826058
-4;65,5;0,0620524678955626
-4;66;0,104239462998706
-4;66,5;0,0679050201039595
-4;67;0,352018234918346
-4;67,5;0,191788995505458
-4;68;0,0935515763410614
-4;68,5;0,0197989898732233
-4;69;0,0550046462683937
-4;69,5;0
-4;70;0
-4;70,5;0
-4;71;0,0568710452644725
-4;71,5;0,0701317002832199
-4;72;0,0718813231332355
-4;72,5;0,109621064480226
-4;73;0,0388467685730928
-4;73,5;0
-4;74;0,0477001048216878
-4;74,5;0,0737156699759284
-4;75;0
-4;75,5;0,0725465367884643
-4;76;0
-3,5;-25;0
-3,5;-24,5;0,0727621696579571
-3,5;-24;0,0611652421077957
-3,5;-23,5;0,0528967153989735
-3,5;-23;0,0229836898691224
-3,5;-22,5;0
-3,5;-22;0
-3,5;-21,5;0
-3,5;-20,5;0
-3,5;-20;0
-3,5;-19,5;0
-3,5;-19;0
-3,5;-18,5;0
-3,5;-18;0,0759921048530701
-3,5;-17,5;0,0833821848153953
-3,5;-17;0,0617317545823017
-3,5;-16,5;0,0872097350001012
-3,5;-16;0
-3,5;-15,5;0,123535532450295
-3,5;-15;0,0865612245074854
-3,5;-14,5;0,121611198291044
-3,5;-14;0,12958249374977
-3,5;-13,5;0,0573865063504576
-3,5;-13;0,134100427304221
-3,5;-12,5;0,128189063096022
-3,5;-12;0,0834599522906863
-3,5;-11,5;0,0490455351293982
-3,5;-11;0,0474186584233112
-3,5;-10,5;0,0938306880799224
-3,5;-10;0,160589538887189
-3,5;-9,5;0,128816960946955
-3,5;-9;0,33165452024316
-3,5;-8,5;0,057012768157197
-3,5;-8;0,0522184223848599
-3,5;-7,5;0,0293205448816946
-3,5;-7;0,0410351988186672
-3,5;-6,5;0,0863427012360488
-3,5;-6;0,0544465521775728
-3,5;-5,5;0,0256229609473075
-3,5;-5;0,0438459951633673
-3,5;-4,5;0,0512543467289171
-3,5;-4;0,0765946559341518
-3,5;-3,5;0,0517842022590249
-3,5;-3;0,0604742178321387
-3,5;-2,5;0,0746081837544826
-3,5;-2;0,0549421874640749
-3,5;-1,5;0,0605692633738649
-3,5;-1;0,0525296528236225
-3,5;-0,5;0,0732116793961182
-3,5;0;0,103018898690459
-3,5;0,5;0,084441339711294
-3,5;1;0,0477883305908851
-3,5;1,5;0,0550609121129998
-3,5;2;0,0822624888991927
-3,5;2,5;0,0566222977574459
-3,5;3;0,0432525806783533
-3,5;3,5;0,0301789280278354
-3,5;4;0,0546061214645443
-3,5;4,5;0,0676328674677095
-3,5;5;0,0767789033524184
-3,5;5,5;0,083830715489112
-3,5;6;0,0430624426495078
-3,5;6,5;0,0372339629531813
-3,5;7;0,0802802461334387
-3,5;7,5;0,0370341616842161
-3,5;8;0,132004109732333
-3,5;8,5;0,100073983836442
-3,5;9;0,207367477761903
-3,5;9,5;0,244154463263324
-3,5;10;0,0959403953863984
-3,5;10,5;0,103661428731822
-3,5;11;0,0607161345821908
-3,5;11,5;0,0681069162649033
-3,5;12;0,0574018826112956
-3,5;12,5;0,0696669544788698
-3,5;13;0,0247599353116914
-3,5;13,5;0,0312007518274889
-3,5;14;0,0259061906936053
-3,5;14,5;0,0445059797263801
-3,5;15;0,0443841420567718
-3,5;15,5;0,0524447021033725
-3,5;16;0,037026113188549
-3,5;16,5;0,0199320958601486
-3,5;17;0,0803620243565186
-3,5;17,5;0,0514346063733589
-3,5;18;0,0592268343433624
-3,5;18,5;0,0994725968328019
-3,5;19;0,0596807680675692
-3,5;19,5;0,0962983405136087
-3,5;20;0,0793615172059049
-3,5;20,5;0,0656646533091805
-3,5;21;0,079426362798746
-3,5;21,5;0,091753212838111
-3,5;22;0,0360338186729393
-3,5;22,5;0,0556546373221692
-3,5;23;0,0714068928928929
-3,5;23,5;0,0569587098528326
-3,5;24;0,0445753594733268
-3,5;24,5;0,0823355703402283
-3,5;25;0,198022522510667
-3,5;25,5;0,095411007386876
-3,5;26;0,328660691291186
-3,5;26,5;0,0304392363149606
-3,5;27;0,0464659017726785
-3,5;27,5;0,0294280183577286
-3,5;28;0,0518863480401893
-3,5;28,5;0,0349985084294531
-3,5;29;0,0315419721246095
-3,5;29,5;0,0429323896684616
-3,5;30;0,0334919442639348
-3,5;30,5;0,0309257672699077
-3,5;31;0,0707963935440427
-3,5;31,5;0,0636688445245035
-3,5;32;0,0584675123466015
-3,5;32,5;0,0238510653709165
-3,5;33;0,0704592667039816
-3,5;33,5;0,0534376171401742
-3,5;34;0,0578274234591088
-3,5;34,5;0,0794983703259972
-3,5;35;0,111059029299651
-3,5;35,5;0,086756532926977
-3,5;36;0,0933839938539965
-3,5;36,5;0,145624413594393
-3,5;37;0,0766574173963177
-3,5;37,5;0,161030224906175
-3,5;38;0,112412804286225
-3,5;38,5;0,113065752665298
-3,5;39;0,06768629236167
-3,5;39,5;0,0361424446951219
-3,5;40;0,027952451264253
-3,5;40,5;0,031061157708741
-3,5;41;0,214782106256653
-3,5;41,5;0,0939771197463121
-3,5;42;0,121459707039716
-3,5;42,5;0,148847598445609
-3,5;43;0,0841151493698424
-3,5;43,5;0,0987326286286497
-3,5;44;0,0774125964170794
-3,5;44,5;0,109035553133017
-3,5;45;0,111994129678563
-3,5;45,5;0,0378100334920958
-3,5;46;0,047052993992917
-3,5;46,5;0,0932449978382151
-3,5;47;0,14227713179357
-3,5;47,5;0,0541654769947762
-3,5;48;0,0855226839884251
-3,5;48,5;0,0416388893636468
-3,5;49;0,0425328337496893
-3,5;49,5;0,0366242686253473
-3,5;50;0,0320434600711804
-3,5;50,5;0,0779558423781152
-3,5;51;0,138273369791108
-3,5;51,5;0,0507167288529388
-3,5;52;0,0889636897840111
-3,5;52,5;0,296248144222343
-3,5;53;0,214316982900494
-3,5;53,5;0,133053892338348
-3,5;54;0,0661200336680106
-3,5;54,5;0,0443609404599704
-3,5;55;0,0918531685900609
-3,5;55,5;0,0366922211903504
-3,5;56;0,0336356377984486
-3,5;56,5;0,070851111895933
-3,5;57;0,0748238937518146
-3,5;57,5;0,0540550906156082
-3,5;58;0,0792240226246391
-3,5;58,5;0,0561140515983901
-3,5;59;0,026495140709251
-3,5;59,5;0,0304802482379335
-3,5;60;0,184749752213589
-3,5;60,5;0,0427089279337766
-3,5;61;0,0581182183092502
-3,5;61,5;0,0415335514666865
-3,5;62;0,0531949245699249
-3,5;62,5;0,0392018319180494
-3,5;63;0,0374683529175721
-3,5;63,5;0,0403647556393313
-3,5;64;0,0497644280517693
-3,5;64,5;0,0391962170922582
-3,5;65;0,0787758417744604
-3,5;65,5;0,117884044244011
-3,5;66;0,0678661549384077
-3,5;66,5;0,0699661773273526
-3,5;67;0,160619296572275
-3,5;67,5;0,355394276811493
-3,5;68;0,134096457255532
-3,5;68,5;0,0570154777747442
-3,5;69;0,0947629456750679
-3,5;69,5;0,135445545638582
-3,5;70;0,0145
-3,5;70,5;0
-3,5;71;0
-3,5;71,5;0,0475249308007813
-3,5;72;0,0904018720024008
-3,5;72,5;0,114030697621298
-3,5;73;0,11502772612626
-3,5;73,5;0,061866983797584
-3,5;74;0,0811251558340008
-3,5;74,5;0,0860573452220475
-3,5;75;0,0405010287935175
-3,5;75,5;0
-3,5;76;0
-3;-25;0
-3;-24,5;0
-3;-24;0,105206035948514
-3;-23,5;0,0499453380861197
-3;-23;0
-3;-22,5;0
-3;-22;0
-3;-21,5;0,0610545199945484
-3;-21;0,0373473363094581
-3;-20,5;0,00212132034355964
-3;-20;0
-3;-19,5;0
-3;-19;0
-3;-18,5;0,0892412460692924
-3;-18;0,0721158789726646
-3;-17,5;0,0100124921972504
-3;-17;0,0525763514070036
-3;-16,5;0,0761600405636455
-3;-16;0,0603344215538893
-3;-15,5;0,071875684194967
-3;-15;0,0849125253843968
-3;-14,5;0,095611191813511
-3;-14;0,140631355140952
-3;-13,5;0,0850524843179344
-3;-13;0,123388813904186
-3;-12,5;0,0239718088397104
-3;-12;0,0807477504723767
-3;-11,5;0,0674286405356213
-3;-11;0,0367877368838315
-3;-10,5;0,0437978714790946
-3;-10;0,196146565172669
-3;-9,5;0,289148989912375
-3;-9;0,144049763661083
-3;-8,5;0,10914041824833
-3;-8;0,0279761803444764
-3;-7,5;0,334045538694834
-3;-7;0,342381676765907
-3;-6,5;0,29541835132277
-3;-6;0,204949247542048
-3;-5,5;0,31139206634606
-3;-5;0,0392123614988965
-3;-4,5;0,0817357481998557
-3;-4;0,0834242612853561
-3;-3,5;0,0750341111833775
-3;-3;0,0521473580404721
-3;-2,5;0,0578223666668576
-3;-2;0,0585282018591377
-3;-1,5;0,0611459506946848
-3;-1;0,0756169665960055
-3;-0,5;0,0861079260645004
-3;0;0,152999375212538
-3;0,5;0,0649086102605071
-3;1;0,0674147201311266
-3;1,5;0,0613604106896295
-3;2;0,0818039305770281
-3;2,5;0,0598143650343528
-3;3;0,0492028860609212
-3;3,5;0,112806309867991
-3;4;0,0814368005537242
-3;4,5;0,185388708233527
-3;5;0,301399767476206
-3;5,5;0,0973923011874066
-3;6;0,0615939952262709
-3;6,5;0,0565498341868168
-3;7;0,0664698031018464
-3;7,5;0,026104541892897
-3;8;0,0839668451975955
-3;8,5;0,0682261260073621
-3;9;0,192377028094249
-3;9,5;0,313277236358993
-3;10;0,10652614107712
-3;10,5;0,0780808095188956
-3;11;0,0754096636177803
-3;11,5;0,0689473598629129
-3;12;0,0585037212444562
-3;12,5;0,0726470030513413
-3;13;0,107672440028713
-3;13,5;0,0415690500777892
-3;14;0,0654259270348893
-3;14,5;0,0267578108366763
-3;15;0,0579977284156665
-3;15,5;0,120332954067914
-3;16;0,125327885666438
-3;16,5;0,0341972462764557
-3;17;0,0989734569420679
-3;17,5;0,0739835567316594
-3;18;0,0560534389357952
-3;18,5;0,0772796895259236
-3;19;0,0771331823775699
-3;19,5;0,0820687887576896
-3;20;0,0445136868789727
-3;20,5;0,052313800727499
-3;21;0,0808840861940656
-3;21,5;0,0195575332656758
-3;22;0,020147390783223
-3;22,5;0,091093494791826
-3;23;0,112749989907271
-3;23,5;0,0655217331933547
-3;24;0,0402102206625384
-3;24,5;0,232128260540884
-3;25;0,303176931267688
-3;25,5;0,269146664473564
-3;26;0,361214564067904
-3;26,5;0,196091066787422
-3;27;0,0372732594197046
-3;27,5;0,0306061513650019
-3;28;0,0588527520900376
-3;28,5;0,0703535375651707
-3;29;0,0702280494220068
-3;29,5;0,0480271674724525
-3;30;0,0752528547548884
-3;30,5;0,0659749754294771
-3;31;0,112241105226558
-3;31,5;0,0690116131880783
-3;32;0,0750443385927342
-3;32,5;0,0653080937360601
-3;33;0,170757001155227
-3;33,5;0,157790119345558
-3;34;0,0495417425331733
-3;34,5;0,0947233033686642
-3;35;0,0675587466113566
-3;35,5;0,0902875800286951
-3;36;0,115458649414056
-3;36,5;0,145644803599123
-3;37;0,134984499317597
-3;37,5;0,305036528996182
-3;38;0,0971501791057303
-3;38,5;0,0483297870837357
-3;39;0,0621954807336631
-3;39,5;0,0356306774993595
-3;40;0,0505247068819765
-3;40,5;0,0675570629121137
-3;41;0,224696611802163
-3;41,5;0,123084365454284
-3;42;0,153788384086347
-3;42,5;0,118890436564789
-3;43;0,111312389738266
-3;43,5;0,109793650054484
-3;44;0,129823571210598
-3;44,5;0,093960744827973
-3;45;0,114988779546039
-3;45,5;0,0688487437053424
-3;46;0,0458197387528972
-3;46,5;0,0347837337378353
-3;47;0,0346541940501594
-3;47,5;0,0192604663686602
-3;48;0,0260816845692998
-3;48,5;0,0509165837864889
-3;49;0,0424467451143064
-3;49,5;0,0510273111636684
-3;50;0,0359504755834728
-3;50,5;0,0564653527787241
-3;51;0,0572917849485381
-3;51,5;0,0284352340316598
-3;52;0,0665112865585189
-3;52,5;0,199635225998279
-3;53;0,325137069888511
-3;53,5;0,133878342097731
-3;54;0,123521204616825
-3;54,5;0,0305541958846717
-3;55;0,0205568433397726
-3;55,5;0,0207633005036363
-3;56;0,0298313754465143
-3;56,5;0,0490351840322035
-3;57;0,0647749621932459
-3;57,5;0,0684105058729821
-3;58;0,0226572747884722
-3;58,5;0,040327139722502
-3;59;0,0224588082415976
-3;59,5;0,0238614793354987
-3;60;0,0303440086468399
-3;60,5;0,0345299796050537
-3;61;0,0503509440859855
-3;61,5;0,0459755425277966
-3;62;0,0558326835931601
-3;62,5;0,0369724017014409
-3;63;0,0588818711150445
-3;63,5;0,0531105907374871
-3;64;0,0324509886855034
-3;64,5;0,0429801795404967
-3;65;0,0884532820149136
-3;65,5;0,341997863740666
-3;66;0,0807588500344537
-3;66,5;0,139695826625595
-3;67;0,0341426375221613
-3;67,5;0,0602476116758472
-3;68;0,0672016554855608
-3;68,5;0,0460795688637238
-3;69;0,0686356359998254
-3;69,5;0,113761723745688
-3;70;0,0616534091283106
-3;70,5;0
-3;71;0
-3;71,5;0,0774230801075063
-3;72;0
-3;72,5;0
-3;73;0,0360624458405139
-3;73,5;0,0612363104235201
-3;74;0,0683048960436176
-3;74,5;0
-3;75;0
-3;75,5;0
-3;76;0
-2,5;-25;0
-2,5;-24,5;0
-2,5;-24;0,0827161142435714
-2,5;-23,5;0,0341223289552946
-2,5;-23;0
-2,5;-22,5;0
-2,5;-22;0
-2,5;-21,5;0,34753964540496
-2,5;-21;0,330555810219675
-2,5;-20;0
-2,5;-19,5;0
-2,5;-19;0
-2,5;-18,5;0
-2,5;-18;0
-2,5;-17,5;0,0620026881137692
-2,5;-17;0,0926821294758758
-2,5;-16,5;0,0944803380906011
-2,5;-16;0,0364650102111184
-2,5;-15,5;0,0493554677327847
-2,5;-15;0,0784869260512578
-2,5;-14,5;0,0348254304504712
-2,5;-14;0
-2,5;-13,5;0,214924085434834
-2,5;-13;0,171884115388267
-2,5;-12,5;0,0703233851192024
-2,5;-12;0,174541656009503
-2,5;-11,5;0,0495525166136738
-2,5;-11;0,0319809917699009
-2,5;-10,5;0,0356556876702877
-2,5;-10;0,0401173087524383
-2,5;-9,5;0,120750405905387
-2,5;-9;0,0957929374604676
-2,5;-8,5;0,0338562457599171
-2,5;-8;0,248359422953489
-2,5;-7,5;0,374642487965287
-2,5;-7;0,313469896810109
-2,5;-6,5;0,263017625016238
-2,5;-6;0,266802978504444
-2,5;-5,5;0,390709723277351
-2,5;-5;0,0302019523804424
-2,5;-4,5;0,024646865561379
-2,5;-4;0,0326008449403448
-2,5;-3,5;0,0510333816629473
-2,5;-3;0,0716761488210037
-2,5;-2,5;0,0901497381362874
-2,5;-2;0,117776290576027
-2,5;-1,5;0,0629484889330409
-2,5;-1;0,140925382244937
-2,5;-0,5;0,133519779593511
-2,5;0;0,0753366393506515
-2,5;0,5;0,106057397786974
-2,5;1;0,066236240319635
-2,5;1,5;0,0447299992078208
-2,5;2;0,0597423058891072
-2,5;2,5;0,170312919749527
-2,5;3;0,11127330240957
-2,5;3,5;0,179552758255614
-2,5;4;0,116807653853766
-2,5;4,5;0,358647411473027
-2,5;5;0,318433981680199
-2,5;5,5;0,196441846800197
-2,5;6;0,0388742586936486
-2,5;6,5;0,0553426217767461
-2,5;7;0,0496021304972101
-2,5;7,5;0,0275985137540504
-2,5;8;0,0886563536122069
-2,5;8,5;0,0721394482928723
-2,5;9;0,11276170967152
-2,5;9,5;0,116778248097195
-2,5;10;0,105887762311246
-2,5;10,5;0,0702459619342438
-2,5;11;0,0619268385543242
-2,5;11,5;0,0788768026735364
-2,5;12;0,0641262260312719
-2,5;12,5;0,0918673196069457
-2,5;13;0,0916786826584811
-2,5;13,5;0,105633610379809
-2,5;14;0,0343822636838008
-2,5;14,5;0,078071296969298
-2,5;15;0,0644789285844993
-2,5;15,5;0,112407372335501
-2,5;16;0,0814043625853915
-2,5;16,5;0,0455867546975736
-2,5;17;0,0710433334955489
-2,5;17,5;0,100388939223688
-2,5;18;0,0661088342162567
-2,5;18,5;0,144532060080747
-2,5;19;0,11234397567526
-2,5;19,5;0,073576224038759
-2,5;20;0,0780033251392681
-2,5;20,5;0,0712559446072626
-2,5;21;0,0743531582971452
-2,5;21,5;0,0358156551946882
-2,5;22;0,306648984997505
-2,5;22,5;0,287385653389491
-2,5;23;0,123270895892358
-2,5;23,5;0,0698040587041344
-2,5;24;0,0424540896088693
-2,5;24,5;0,10954720229965
-2,5;25;0,31267943895098
-2,5;25,5;0,161060137545999
-2,5;26;0,322205419521686
-2,5;26,5;0,0572421419053948
-2,5;27;0,035636918285727
-2,5;27,5;0,0537802320642217
-2,5;28;0,0439838531604835
-2,5;28,5;0,140354104520129
-2,5;29;0,113662081938188
-2,5;29,5;0,133406635669937
-2,5;30;0,0514524118842376
-2,5;30,5;0,0471214011493821
-2,5;31;0,0391584212644338
-2,5;31,5;0,0540727522365494
-2,5;32;0,0561923778935661
-2,5;32,5;0,0246364810463489
-2,5;33;0,119431553066049
-2,5;33,5;0,143242776826434
-2,5;34;0,0503236111603727
-2,5;34,5;0,0904950297708285
-2,5;35;0,077394651900872
-2,5;35,5;0,0596313485958965
-2,5;36;0,132942864547744
-2,5;36,5;0,274904198439309
-2,5;37;0,256198873973345
-2,5;37,5;0,309044662292227
-2,5;38;0,0679395384319981
-2,5;38,5;0,0581165586021187
-2,5;39;0,0505110221722105
-2,5;39,5;0,0941633442452478
-2,5;40;0,0334142791271453
-2,5;40,5;0,0770112085986317
-2,5;41;0,301165130037479
-2,5;41,5;0,275868494592152
-2,5;42;0,156008066030788
-2,5;42,5;0,131830601504344
-2,5;43;0,0906179033732557
-2,5;43,5;0,187163173993887
-2,5;44;0,0388771726528873
-2,5;44,5;0,0889946504308098
-2,5;45;0,0789073686618154
-2,5;45,5;0,0497555023490428
-2,5;46;0,045349806746984
-2,5;46,5;0,0313333214136696
-2,5;47;0,0574750155325627
-2,5;47,5;0,0419664494558645
-2,5;48;0,0284996633721335
-2,5;48,5;0,0279092241631406
-2,5;49;0,0537437091621876
-2,5;49,5;0,0989426948427477
-2,5;50;0,071867431329848
-2,5;50,5;0,0370431826780598
-2,5;51;0,0442782447165882
-2,5;51,5;0,0435590128825916
-2,5;52;0,050112844649646
-2,5;52,5;0,0485916078414481
-2,5;53;0,0390083665521183
-2,5;53,5;0,146507755602871
-2,5;54;0,0460830931486698
-2,5;54,5;0,0407054684363762
-2,5;55;0,0423898238454221
-2,5;55,5;0,0478018586579478
-2,5;56;0,0255487579449003
-2,5;56,5;0,0375021749691018
-2,5;57;0,0335049579574683
-2,5;57,5;0,0578623635233399
-2,5;58;0,0382209654255428
-2,5;58,5;0,0260064600495767
-2,5;59;0,0848754030010792
-2,5;59,5;0,0505154804508696
-2,5;60;0,0275249078719563
-2,5;60,5;0,0185693285917767
-2,5;61;0,0386358626803838
-2,5;61,5;0,0548907593108519
-2,5;62;0,0362163767194451
-2,5;62,5;0,045014965460218
-2,5;63;0,0565045413890488
-2,5;63,5;0,0759349102789905
-2,5;64;0,0644065566961513
-2,5;64,5;0,0666341406161449
-2,5;65;0,155264343848123
-2,5;65,5;0,238812607865622
-2,5;66;0,0813394591637479
-2,5;66,5;0,138150352804544
-2,5;67;0,0820777796042382
-2,5;67,5;0,0936506978189188
-2,5;68;0,0994723579694379
-2,5;68,5;0,0388908729652601
-2,5;69;0,15078957880445
-2,5;69,5;0,190674980519508
-2,5;70;0,100449124768047
-2,5;70,5;0,0905452618552978
-2,5;71;0,0904725688498216
-2,5;71,5;0,0468774413283672
-2,5;72;0,0432377150182569
-2,5;72,5;0,078000534186205
-2,5;73;0,0979837836703002
-2,5;73,5;0,0870532404145111
-2,5;74;0,104427970807426
-2,5;74,5;0
-2,5;75;0
-2,5;75,5;0
-2,5;76;0,0656769873446298
-2,5;76,5;0
-2;-25;0
-2;-24,5;0,0728810986844638
-2;-24;0,102533388870813
-2;-23,5;0,0361929353801066
-2;-23;0
-2;-22,5;0,0226274169979695
-2;-22;0,164293436671504
-2;-21,5;0,256819312512278
-2;-21;0,31042413318021
-2;-20,5;0,0566979236432389
-2;-20;0
-2;-19,5;0
-2;-19;0
-2;-18,5;0
-2;-18;0,0650538238691623
-2;-17,5;0,0678898063515548
-2;-17;0,0783030336536528
-2;-16,5;0,121735703446058
-2;-16;0,0594374512076402
-2;-15,5;0,0626068610267201
-2;-15;0,089151618667925
-2;-14,5;0,319164664919745
-2;-14;0,382003986068275
-2;-13,5;0,24577817286409
-2;-13;0
-2;-12,5;0,232988625198949
-2;-12;0,222203945284573
-2;-11,5;0,0709636137943849
-2;-11;0,0673099474985538
-2;-10,5;0,0304613752909383
-2;-10;0,0290394715704489
-2;-9,5;0,252035995544153
-2;-9;0,0572832353103336
-2;-8,5;0,0264310423555334
-2;-8;0,0357072127450016
-2;-7,5;0,171728441425353
-2;-7;0,304988110398722
-2;-6,5;0,27896090717256
-2;-6;0,339873892035352
-2;-5,5;0,289342290026904
-2;-5;0,0354438507425884
-2;-4,5;0,0997591566818573
-2;-4;0,0185722185663909
-2;-3,5;0,0251059796504951
-2;-3;0,0355202135629068
-2;-2,5;0,113981407671734
-2;-2;0,136138584272375
-2;-1,5;0,134281665748912
-2;-1;0,098585237413178
-2;-0,5;0,0661108093919391
-2;0;0,0326338755698851
-2;0,5;0,0623229570896003
-2;1;0,0859403109858325
-2;1,5;0,111030195307279
-2;2;0,101247629635893
-2;2,5;0,0883561608323087
-2;3;0,133656213223828
-2;3,5;0,130760229440399
-2;4;0,138624161410346
-2;4,5;0,333934366334589
-2;5;0,231454014317751
-2;5,5;0,353358242663734
-2;6;0,191934653351147
-2;6,5;0,0724373225794503
-2;7;0,0621890623549191
-2;7,5;0,0371484902866659
-2;8;0,0288315450328406
-2;8,5;0,0945175687283551
-2;9;0,193230002190541
-2;9,5;0,0905275873816097
-2;10;0,131579895263429
-2;10,5;0,0685265185643957
-2;11;0,0319227157305629
-2;11,5;0,121148528015079
-2;12;0,0955723039863338
-2;12,5;0,15741909636644
-2;13;0,0849462737351534
-2;13,5;0,0677527519695624
-2;14;0,0691880273114453
-2;14,5;0,075860409161224
-2;15;0,161837717155844
-2;15,5;0,172319296895747
-2;16;0,0473745203570797
-2;16,5;0,0681697504471966
-2;17;0,112526605975394
-2;17,5;0,108371890574386
-2;18;0,0956696832440195
-2;18,5;0,138267364369134
-2;19;0,0748631993878804
-2;19,5;0,0601907173224463
-2;20;0,108009205300993
-2;20,5;0,06397389920596
-2;21;0,0648627720738324
-2;21,5;0,0759503335611113
-2;22;0,240641438510442
-2;22,5;0,269631416360752
-2;23;0,0259812419089134
-2;23,5;0,0363616893418146
-2;24;0,0382256224196074
-2;24,5;0,054426671168052
-2;25;0,11959479106377
-2;25,5;0,32357482944125
-2;26;0,326379087588998
-2;26,5;0,0352985203257882
-2;27;0,0217516726186284
-2;27,5;0,0667114143900229
-2;28;0,107204571954436
-2;28,5;0,0784024327432197
-2;29;0,116799770981699
-2;29,5;0,141770527638459
-2;30;0,0538283902070878
-2;30,5;0,0809576335483694
-2;31;0,0494646338306471
-2;31,5;0,0247254260674083
-2;32;0,0980934647348714
-2;32,5;0,0478745965752734
-2;33;0,0404468429848118
-2;33,5;0,0866890948940737
-2;34;0,0743502266193393
-2;34,5;0,100075426788158
-2;35;0,078571711747363
-2;35,5;0,0572060843630664
-2;36;0,0709068433987253
-2;36,5;0,0889194120860571
-2;37;0,179838527589362
-2;37,5;0,0817436200659575
-2;38;0,0390797360572986
-2;38,5;0,043918527438219
-2;39;0,0429110217208116
-2;39,5;0,0378404545427245
-2;40;0,0280982068582701
-2;40,5;0,112615091419521
-2;41;0,177281311015273
-2;41,5;0,101963950038423
-2;42;0,150988310867153
-2;42,5;0,0774391963520584
-2;43;0,0388905587543312
-2;43,5;0,0491972221438026
-2;44;0,0487586737356833
-2;44,5;0,0788412069070864
-2;45;0,0538930096364994
-2;45,5;0,188953559265319
-2;46;0,0495565178294819
-2;46,5;0,129289425120316
-2;47;0,101645908359729
-2;47,5;0,0493286274703352
-2;48;0,0584189297962862
-2;48,5;0,0266776905588493
-2;49;0,086019310408102
-2;49,5;0,0545868516196703
-2;50;0,0478775100456338
-2;50,5;0,0503102531163127
-2;51;0,0243537001596222
-2;51,5;0,0194265405100979
-2;52;0,0295850806530112
-2;52,5;0,0490411293624648
-2;53;0,0489582111864499
-2;53,5;0,0384094262133473
-2;54;0,054364079604648
-2;54,5;0,0687461733083218
-2;55;0,0378573006654623
-2;55,5;0,0553001035609869
-2;56;0,0755178909950622
-2;56,5;0,0445981428249467
-2;57;0,0373970736088936
-2;57,5;0,0314133353759853
-2;58;0,0836757934782656
-2;58,5;0,0319598805107928
-2;59;0,0377216453891423
-2;59,5;0,0527735247567778
-2;60;0,0245473303756524
-2;60,5;0,0447678033156084
-2;61;0,0301671939136994
-2;61,5;0,0363680114670092
-2;62;0,0688885446133635
-2;62,5;0,0502279864275622
-2;63;0,0401849268998294
-2;63,5;0,0751338480443483
-2;64;0,0471856950675152
-2;64,5;0,0464577650650254
-2;65;0,0715960243901749
-2;65,5;0,107670545485979
-2;66;0,0558353906188767
-2;66,5;0,0738136207772312
-2;67;0,0933950657040956
-2;67,5;0,0594116991845882
-2;68;0,0612294669178788
-2;68,5;0,111843171995215
-2;69;0,167519532730228
-2;69,5;0,121580457690814
-2;70;0
-2;70,5;0,0304521482548167
-2;71;0,0495117984102596
-2;71,5;0,0729346739669594
-2;72;0,0629205848669575
-2;72,5;0,0494749148131373
-2;73;0,0950107845474811
-2;73,5;0,128408203268587
-2;74;0,191144588265502
-2;75,5;0
-2;76;0
-2;76,5;0,0492930015316576
-1,5;-25;0
-1,5;-24,5;0,127621706617644
-1,5;-24;0
-1,5;-23,5;0,113066647012577
-1,5;-23;0,133741977952574
-1,5;-22,5;0,32895723467481
-1,5;-22;0,38783614878822
-1,5;-21,5;0,288204532635382
-1,5;-21;0,0659095799354899
-1,5;-20,5;0,0870467710537111
-1,5;-20;0,0698534179550292
-1,5;-19,5;0,0215715862498179
-1,5;-19;0
-1,5;-18,5;0
-1,5;-18;0
-1,5;-17,5;0,32831162123038
-1,5;-17;0,357821760371169
-1,5;-16,5;0,379309906620011
-1,5;-16;0,100972324338197
-1,5;-15,5;0,0596872054966556
-1,5;-15;0,0590314046618669
-1,5;-14,5;0,268132183161699
-1,5;-14;0,307038919290672
-1,5;-13,5;0,0494400069348123
-1,5;-13;0,0859883713068227
-1,5;-12,5;0,136586351108161
-1,5;-12;0,117241960469305
-1,5;-11,5;0,295773795709556
-1,5;-11;0,244793458264927
-1,5;-10,5;0,0406779495332704
-1,5;-10;0,0715744987198309
-1,5;-9,5;0,042266993883287
-1,5;-9;0,0364823748331902
-1,5;-8,5;0,0300058624048056
-1,5;-8;0,271602339253237
-1,5;-7,5;0,35027152453995
-1,5;-7;0,0999196187554511
-1,5;-6,5;0,304213181146743
-1,5;-6;0,394074712054718
-1,5;-5,5;0,0253031554998518
-1,5;-5;0,0769257345590199
-1,5;-4,5;0,0464813054691744
-1,5;-4;0,0599931256953207
-1,5;-3,5;0,12710065681295
-1,5;-3;0,180785187379884
-1,5;-2,5;0,169940787043555
-1,5;-2;0,129342408951981
-1,5;-1,5;0,147816673181761
-1,5;-1;0,0715797085995437
-1,5;-0,5;0,0431103459551725
-1,5;0;0,033899279594481
-1,5;0,5;0,100939093956233
-1,5;1;0,110155649332614
-1,5;1,5;0,150667634507728
-1,5;2;0,108926685734093
-1,5;2,5;0,175203548289792
-1,5;3;0,123801723197485
-1,5;3,5;0,191488477237145
-1,5;4;0,171154508676285
-1,5;4,5;0,0808549427251383
-1,5;5;0,346151580476916
-1,5;5,5;0,137589774849916
-1,5;6;0,0461347185853904
-1,5;6,5;0,0282901461492514
-1,5;7;0,0233924389140403
-1,5;7,5;0,0383686518335759
-1,5;8;0,028084641842794
-1,5;8,5;0,0444321084234495
-1,5;9;0,211245267296529
-1,5;9,5;0,262617870951789
-1,5;10;0,357886035194624
-1,5;10,5;0,063465241705692
-1,5;11;0,047603093918713
-1,5;11,5;0,120320815416908
-1,5;12;0,12599067480469
-1,5;12,5;0,238808637384112
-1,5;13;0,121069021590912
-1,5;13,5;0,0548553030250718
-1,5;14;0,0791204516403224
-1,5;14,5;0,0687750204909179
-1,5;15;0,0707819401955841
-1,5;15,5;0,164475494921742
-1,5;16;0,13235603281108
-1,5;16,5;0,0874237889279767
-1,5;17;0,104338677593083
-1,5;17,5;0,0504248479348842
-1,5;18;0,0691579748264339
-1,5;18,5;0,069934805335006
-1,5;19;0,0859090901074234
-1,5;19,5;0,0869356978734184
-1,5;20;0,0709000615851804
-1,5;20,5;0,0539943714544426
-1,5;21;0,0600018055283894
-1,5;21,5;0,157446813792956
-1,5;22;0,109509999920759
-1,5;22,5;0,0637227217066879
-1,5;23;0,0670558368951428
-1,5;23,5;0,0314348554960258
-1,5;24;0,0641103838883691
-1,5;24,5;0,0656298483713408
-1,5;25;0,0245377597366296
-1,5;25,5;0,0594342021075852
-1,5;26;0,0242290322858682
-1,5;26,5;0,0970023103300452
-1,5;27;0,0414594378426179
-1,5;27,5;0,0364390959478775
-1,5;28;0,0255398031061268
-1,5;28,5;0,096882288493261
-1,5;29;0,139491605936421
-1,5;29,5;0,0984621530959307
-1,5;30;0,0361052772712239
-1,5;30,5;0,0939439343966249
-1,5;31;0,0556523434666801
-1,5;31,5;0,0391118460492139
-1,5;32;0,0979638313815521
-1,5;32,5;0,0662913948851031
-1,5;33;0,155984071112314
-1,5;33,5;0,0696929224780119
-1,5;34;0,0818618519819663
-1,5;34,5;0,116212040219639
-1,5;35;0,0847880049601591
-1,5;35,5;0,0845519873657214
-1,5;36;0,074859397131175
-1,5;36,5;0,0392972987106037
-1,5;37;0,0740132508052838
-1,5;37,5;0,0582624866905962
-1,5;38;0,0780940389630901
-1,5;38,5;0,0672186730008857
-1,5;39;0,0580930842921688
-1,5;39,5;0,0539384341930278
-1,5;40;0,0400385127956453
-1,5;40,5;0,0565101289847329
-1,5;41;0,105870381142725
-1,5;41,5;0,0651252670875379
-1,5;42;0,030198891357394
-1,5;42,5;0,0520106235174862
-1,5;43;0,0523827261604434
-1,5;43,5;0,0353412605913422
-1,5;44;0,0707398754026949
-1,5;44,5;0,182046087794362
-1,5;45;0,178707714227558
-1,5;45,5;0,248664522396548
-1,5;46;0,123412453614299
-1,5;46,5;0,118930787262679
-1,5;47;0,1318772876815
-1,5;47,5;0,106886863799499
-1,5;48;0,0520627550383657
-1,5;48,5;0,0553165794942362
-1,5;49;0,063307778300841
-1,5;49,5;0,0378209034501642
-1,5;50;0,0753801565214538
-1,5;50,5;0,0600483113408645
-1,5;51;0,0184174464918294
-1,5;51,5;0,0259774437966266
-1,5;52;0,0223442750763002
-1,5;52,5;0,0289173445379421
-1,5;53;0,0964616996747011
-1,5;53,5;0,0463590802871333
-1,5;54;0,0344562404636236
-1,5;54,5;0,0441630025962833
-1,5;55;0,0494202480492384
-1,5;55,5;0,0687107109824482
-1,5;56;0,0552330817489637
-1,5;56,5;0,0480933714437813
-1,5;57;0,109869802428307
-1,5;57,5;0,141118061911235
-1,5;58;0,237199936392406
-1,5;58,5;0,061426491403578
-1,5;59;0,030236620954618
-1,5;59,5;0,0725209007511051
-1,5;60;0,0278004046733137
-1,5;60,5;0,0304391836690642
-1,5;61;0,0468046907693469
-1,5;61,5;0,0369117954217662
-1,5;62;0,0357693762297034
-1,5;62,5;0,0273796444012013
-1,5;63;0,0430054964774589
-1,5;63,5;0,033436506994601
-1,5;64;0,0289600162237962
-1,5;64,5;0,0495263763348577
-1,5;65;0,0371406191281943
-1,5;65,5;0,0603258865250567
-1,5;66;0,117759332330296
-1,5;66,5;0,33697682049515
-1,5;67;0,140917396559336
-1,5;67,5;0,0972161781501291
-1,5;68;0,1714260912519
-1,5;68,5;0,119045758215149
-1,5;69;0,153228488529287
-1,5;69,5;0,0768266446835558
-1,5;70;0,074719355878227
-1,5;70,5;0
-1,5;71;0,0697377741461336
-1,5;71,5;0,0561487112744164
-1,5;72;0,0234716140618123
-1,5;72,5;0,0629407489531852
-1,5;73;0,0732431243404997
-1,5;73,5;0,362858155393637
-1,5;74;0,320395978171204
-1,5;74,5;0,0330151480384384
-1,5;75;0
-1,5;75,5;0
-1,5;76;0
-1,5;76,5;0
-1;-25;0,16308893279435
-1;-24,5;0
-1;-24;0
-1;-23,5;0,0781856294152501
-1;-23;0,0963597027169154
-1;-22,5;0,380362250411974
-1;-22;0,336904039040406
-1;-21,5;0,0728208698448962
-1;-21;0,0766374582041967
-1;-20,5;0,0753674758118939
-1;-20;0,0878577743045379
-1;-19,5;0,0635768682919989
-1;-19;0,052795811015825
-1;-18,5;0,0447660585711988
-1;-18;0,0662470125112572
-1;-17,5;0,0718731075559113
-1;-17;0,346335866004919
-1;-16,5;0,331912548723305
-1;-16;0,0724463322234575
-1;-15,5;0,0562072713529235
-1;-15;0,0594906690656808
-1;-14,5;0,0567029931946228
-1;-14;0,492345661095942
-1;-13,5;0,0507524019757322
-1;-13;0,0510325272799585
-1;-12,5;0,0673577600771074
-1;-12;0,0336301800617988
-1;-11,5;0,155060810131734
-1;-11;0,146338499867453
-1;-10,5;0,205477688237391
-1;-10;0,0760648305013654
-1;-9,5;0,0279200438064457
-1;-9;0,0290680659662179
-1;-8,5;0,0389051401369795
-1;-8;0,157673297869436
-1;-7,5;0,239448616336828
-1;-7;0,0561347821392654
-1;-6,5;0,032998528485457
-1;-6;0,0894312768522567
-1;-5,5;0,0709436243549881
-1;-5;0,0390219842722144
-1;-4,5;0,0449797440381487
-1;-4;0,078789760353955
-1;-3,5;0,0909960691120091
-1;-3;0,114554304011212
-1;-2,5;0,103784986467109
-1;-2;0,043552765898011
-1;-1,5;0,133118276288771
-1;-1;0,0566582804522133
-1;-0,5;0,0616025439083319
-1;0;0,0728241807009584
-1;0,5;0,0776016581998858
-1;1;0,127310395940789
-1;1,5;0,106389930704799
-1;2;0,166415263971322
-1;2,5;0,198276682883305
-1;3;0,0747227741401951
-1;3,5;0,100773446915871
-1;4;0,116646986336929
-1;4,5;0,108647400859379
-1;5;0,0483838232534086
-1;5,5;0,113831326085218
-1;6;0,0219871222177293
-1;6,5;0,0176608389993165
-1;7;0,0231351149428173
-1;7,5;0,0328182573658158
-1;8;0,0366592848817878
-1;8,5;0,331200121355163
-1;9;0,362230408349137
-1;9,5;0,0458971736707631
-1;10;0,039596506579916
-1;10,5;0,119311495916576
-1;11;0,2416601705216
-1;11,5;0,094314898080844
-1;12;0,0785052041580035
-1;12,5;0,0792770273081902
-1;13;0,170106488315251
-1;13,5;0,119436238453923
-1;14;0,0808016694110606
-1;14,5;0,0979155817887265
-1;15;0,086050922566291
-1;15,5;0,112914672555151
-1;16;0,105632011723845
-1;16,5;0,0634389980519018
-1;17;0,0896338027478547
-1;17,5;0,0606311762353366
-1;18;0,0499619317891049
-1;18,5;0,0295334964145514
-1;19;0,0788115547177239
-1;19,5;0,102364369715872
-1;20;0,0766367500619324
-1;20,5;0,0485354617453255
-1;21;0,0565152274757796
-1;21,5;0,0298161884958278
-1;22;0,0956913462469646
-1;22,5;0,0591775891055186
-1;23;0,0455796883379068
-1;23,5;0,0394927583416569
-1;24;0,0443295742932954
-1;24,5;0,0537168412680108
-1;25;0,0403806952758888
-1;25,5;0,0431728284103284
-1;26;0,0343751864507841
-1;26,5;0,319923588070428
-1;27;0,356908228167036
-1;27,5;0,0380032657723832
-1;28;0,0424147337828882
-1;28,5;0,0687011785079023
-1;29;0,0998883171112458
-1;29,5;0,0743372063500767
-1;30;0,051890550210052
-1;30,5;0,0330450856550624
-1;31;0,055851030458764
-1;31,5;0,0851407196866478
-1;32;0,0322954230908511
-1;32,5;0,0634573380040203
-1;33;0,0820134852613025
-1;33,5;0,038028738951297
-1;34;0,0791976501363194
-1;34,5;0,0992482903656071
-1;35;0,135065637548123
-1;35,5;0,0734322817294955
-1;36;0,0577739849182427
-1;36,5;0,0244579866903974
-1;37;0,0361160606200447
-1;37,5;0,0721629707856951
-1;38;0,054834827112546
-1;38,5;0,169285804103812
-1;39;0,10122477443135
-1;39,5;0,0312302146732927
-1;40;0,0551971310688963
-1;40,5;0,0797412591137191
-1;41;0,0974723892528888
-1;41,5;0,051706231575638
-1;42;0,048470270062068
-1;42,5;0,0411478688079713
-1;43;0,0468718110026343
-1;43,5;0,0475865945056116
-1;44;0,0995582086257176
-1;44,5;0,127092911936358
-1;45;0,0554559103160404
-1;45,5;0,0921518655075773
-1;46;0,274617817074103
-1;46,5;0,0392280112932905
-1;47;0,0384774002001742
-1;47,5;0,139607953628199
-1;48;0,194122849253355
-1;48,5;0,0646206444253724
-1;49;0,0722904523718882
-1;49,5;0,0540047033968405
-1;50;0,0928372838600409
-1;50,5;0,118717711108072
-1;51;0,198336918761658
-1;51,5;0,128545085608923
-1;52;0,0649650148253697
-1;52,5;0,035745240553425
-1;53;0,0590647552108976
-1;53,5;0,0380338186163764
-1;54;0,0728819228339379
-1;54,5;0,0239126078595646
-1;55;0,0437668005465465
-1;55,5;0,0538141256515525
-1;56;0,0443975666330043
-1;56,5;0,0746624341010139
-1;57;0,0807143343629963
-1;57,5;0,349156584861334
-1;58;0,191539293551026
-1;58,5;0,165404289386244
-1;59;0,0595264978046475
-1;59,5;0,0400060861382937
-1;60;0,00777817459305202
-1;60,5;0,0243642808598609
-1;61;0,0617433304833813
-1;61,5;0,0245773702099468
-1;62;0,0257241950413675
-1;62,5;0,108747590462376
-1;63;0,0249264632755746
-1;63,5;0,0687597170791915
-1;64;0,0632409051794176
-1;64,5;0,06662131790951
-1;65;0,0620316296490998
-1;65,5;0,0282551301705085
-1;66;0,0372389220955787
-1;66,5;0,383967968435277
-1;67;0,0758337050372203
-1;67,5;0,0852755239195696
-1;68;0,0918882489353109
-1;68,5;0,0268756395272745
-1;69;0,0869062855456611
-1;69,5;0,192250842296299
-1;70;0,0562020165711753
-1;70,5;0
-1;71;0,0612318000170935
-1;71,5;0,0607924319321063
-1;72;0,0920990182720026
-1;72,5;0,0520213631330651
-1;73;0,060294831177031
-1;73,5;0,347996120668033
-1;74;0,29317059879872
-1;74,5;0,0500149977506748
-1;75;0
-1;75,5;0,0633690301876879
-1;76;0,111721907499759
-1;76,5;0,12536613046061
-0,5;-25;0,177483332550787
-0,5;-24,5;0,0952164201525486
-0,5;-24;0
-0,5;-23,5;0
-0,5;-23;0,0908857968561394
-0,5;-22,5;0,0787486892627811
-0,5;-22;0,0680682430674225
-0,5;-21,5;0,071318200442003
-0,5;-21;0,0478263183315024
-0,5;-20,5;0,0693469893081767
-0,5;-20;0,0703571922615163
-0,5;-19,5;0,0143874945699382
-0,5;-19;0,0789797040434671
-0,5;-18,5;0,0784953861129789
-0,5;-18;0,0647863352163806
-0,5;-17,5;0,0644857368447493
-0,5;-17;0,0773703146652374
-0,5;-16,5;0,0831041515208476
-0,5;-16;0,0163707055437449
-0,5;-15,5;0,0760962774013515
-0,5;-15;0,0555511822210279
-0,5;-14,5;0,0383090644049736
-0,5;-14;0,0162634559672906
-0,5;-13,5;0,0997324524363335
-0,5;-13;0,0675651873782242
-0,5;-12,5;0,0705296216935259
-0,5;-12;0,0511293138654635
-0,5;-11,5;0,142570144102139
-0,5;-11;0,0810567085440804
-0,5;-10,5;0,104820570923181
-0,5;-10;0,111334569742525
-0,5;-9,5;0,0293066919766967
-0,5;-9;0,053589650312046
-0,5;-8,5;0,0397978859411391
-0,5;-8;0,0503329438761617
-0,5;-7,5;0,0258707318007893
-0,5;-7;0,0379753547105534
-0,5;-6,5;0,0309724469992004
-0,5;-6;0,0782156505807465
-0,5;-5,5;0,0995301472344289
-0,5;-5;0,0950110361696229
-0,5;-4,5;0,0649348795556213
-0,5;-4;0,0818198141334318
-0,5;-3,5;0,0526993174538855
-0,5;-3;0,0567027919204182
-0,5;-2,5;0,0453228030226419
-0,5;-2;0,0465219696908014
-0,5;-1,5;0,0238809547547831
-0,5;-1;0,0270954109539944
-0,5;-0,5;0,0534971717282335
-0,5;0;0,0734261880831269
-0,5;0,5;0,138312087219716
-0,5;1;0,144158553570342
-0,5;1,5;0,164839855082718
-0,5;2;0,0328737483918907
-0,5;2,5;0,0827683822266615
-0,5;3;0,0781583483094949
-0,5;3,5;0,192958332046937
-0,5;4;0,163784258502865
-0,5;4,5;0,0707440046034137
-0,5;5;0,0546197852123122
-0,5;5,5;0,104842786016084
-0,5;6;0,107502215365731
-0,5;6,5;0,02681845673876
-0,5;7;0,0368402440446208
-0,5;7,5;0,0493273738117339
-0,5;8;0,0910657271791461
-0,5;8,5;0,308853749168357
-0,5;9;0,309599795774186
-0,5;9,5;0,0700803060761002
-0,5;10;0,224134738168795
-0,5;10,5;0,0835976367849777
-0,5;11;0,113101973783967
-0,5;11,5;0,0912453078155097
-0,5;12;0,0870530489605811
-0,5;12,5;0,0498889262129151
-0,5;13;0,155645212683863
-0,5;13,5;0,0996566108326218
-0,5;14;0,069528985552306
-0,5;14,5;0,0238926519128161
-0,5;15;0,0112056283376961
-0,5;15,5;0,0277352497218789
-0,5;16;0,0460485595291616
-0,5;16,5;0,0341782094323269
-0,5;17;0,0392390504629316
-0,5;17,5;0,0330864902977089
-0,5;18;0,0474913925795613
-0,5;18,5;0,0353272637595709
-0,5;19;0,0613109560627897
-0,5;19,5;0,297076429751198
-0,5;20;0,160823535721216
-0,5;20,5;0,099197658652277
-0,5;21;0,0769632814673002
-0,5;21,5;0,0342188025255267
-0,5;22;0,0340886605319057
-0,5;22,5;0,0491385066670281
-0,5;23;0,0302894712089152
-0,5;23,5;0,0427653585898307
-0,5;24;0,0534368838066385
-0,5;24,5;0,0593097706796412
-0,5;25;0,0312535838165387
-0,5;25,5;0,0232869600181529
-0,5;26;0,0893920836992805
-0,5;26,5;0,248833506962643
-0,5;27;0,264255716061308
-0,5;27,5;0,024466033124712
-0,5;28;0,0411890036543562
-0,5;28,5;0,0774714788005767
-0,5;29;0,197986092535475
-0,5;29,5;0,071242504801264
-0,5;30;0,0601668868230063
-0,5;30,5;0,0335951241870901
-0,5;31;0,168393282699763
-0,5;31,5;0,127745515250699
-0,5;32;0,0423820190315431
-0,5;32,5;0,0240150549658703
-0,5;33;0,0266375865889488
-0,5;33,5;0,0561045131088808
-0,5;34;0,0550620461445072
-0,5;34,5;0,0727252821697287
-0,5;35;0,0621100817818908
-0,5;35,5;0,0637967707758983
-0,5;36;0,0786541939848407
-0,5;36,5;0,0363920854623299
-0,5;37;0,0407865487873572
-0,5;37,5;0,0539644945002422
-0,5;38;0,128088022312998
-0,5;38,5;0,112418080979571
-0,5;39;0,095280760273189
-0,5;39,5;0,040577932365281
-0,5;40;0,0362110662962864
-0,5;40,5;0,0499908393812163
-0,5;41;0,0598793030068134
-0,5;41,5;0,166961425416264
-0,5;42;0,0449710145400382
-0,5;42,5;0,0311102102060298
-0,5;43;0,189021574919701
-0,5;43,5;0,0646659521885673
-0,5;44;0,033540666489203
-0,5;44,5;0,147954103480419
-0,5;45;0,179138535412336
-0,5;45,5;0,140949498116466
-0,5;46;0,10653129069132
-0,5;46,5;0,033465354092138
-0,5;47;0,0569686468141949
-0,5;47,5;0,0511161549293943
-0,5;48;0,0403315870577957
-0,5;48,5;0,0536990401646114
-0,5;49;0,0610475732388037
-0,5;49,5;0,0257882535670519
-0,5;50;0,0372775514246897
-0,5;50,5;0,0752430652653347
-0,5;51;0,105819694735058
-0,5;51,5;0,1096015689102
-0,5;52;0,0994836665968963
-0,5;52,5;0,0871998251381976
-0,5;53;0,0541696577497799
-0,5;53,5;0,0461167625178087
-0,5;54;0,0802257302061804
-0,5;54,5;0,0907372916108709
-0,5;55;0,0874157188659846
-0,5;55,5;0,0506686859143822
-0,5;56;0,0366883267381722
-0,5;56,5;0,078833915780892
-0,5;57;0,0268472221712447
-0,5;57,5;0,158782409342265
-0,5;58;0,359612345791503
-0,5;58,5;0,0653317063420677
-0,5;59;0,0727369286878494
-0,5;59,5;0,0492195355452343
-0,5;60;0,0521853626492135
-0,5;60,5;0,0501534581995037
-0,5;61;0,191073491818342
-0,5;61,5;0,0358616504223452
-0,5;62;0,0106770782520313
-0,5;62,5;0,0391711058489311
-0,5;63;0,0272928579028825
-0,5;63,5;0,0464061499584727
-0,5;64;0,0519077084456483
-0,5;64,5;0,0469933707445997
-0,5;65;0,0327269696955668
-0,5;65,5;0,063221831672295
-0,5;66;0,0332340187157677
-0,5;66,5;0,0385215091431614
-0,5;67;0,0540175996275169
-0,5;67,5;0,102093758222431
-0,5;68;0,108025314336108
-0,5;68,5;0,168512116280502
-0,5;69;0,0891170726156271
-0,5;69,5;0,0791254757274224
-0,5;70;0,0553074159259882
-0,5;70,5;0,0382186690854963
-0,5;71;0
-0,5;71,5;0,0790505666953859
-0,5;72;0,11469678452752
-0,5;72,5;0,0850646812725469
-0,5;73;0,097576636547895
-0,5;73,5;0,0291255901227769
-0,5;74;0
-0,5;74,5;0
-0,5;75;0
-0,5;75,5;0,0735175338118586
-0,5;76;0,100837507926821
-0,5;76,5;0,0928741681583804
0;-25;0
0;-24,5;0,0503140139523771
0;-24;0
0;-23,5;0
0;-23;0,0459347363114234
0;-22,5;0,0436981194220717
0;-22;0,048251942966061
0;-21,5;0,0929540613224612
0;-21;0,0590920699186678
0;-20,5;0,0745872070933636
0;-20;0,0550658028821775
0;-19,5;0,0182642638322308
0;-19;0,0831219257804735
0;-18,5;0
0;-18;0,0883883476483184
0;-17,5;0,0779993589717249
0;-17;0,0885274113712954
0;-16,5;0,0692528317843027
0;-16;0,0733330303024042
0;-15,5;0,045235464546606
0;-15;0,0414319449290769
0;-14,5;0,015556349186104
0;-14;0
0;-13,5;0,0446982987203846
0;-13;0,0688225696940385
0;-12,5;0,0515806761670119
0;-12;0,260665913443573
0;-11,5;0,426068075403507
0;-11;0,299575479206719
0;-10,5;0,235244878613229
0;-10;0,118291650753992
0;-9,5;0,145368563664764
0;-9;0,0341946300941058
0;-8,5;0,0410293217893594
0;-8;0,0390734098075325
0;-7,5;0,0246542084030446
0;-7;0,022671872178951
0;-6,5;0,0634236835603518
0;-6;0,119731390706214
0;-5,5;0,331839627981523
0;-5;0,421840997856452
0;-4,5;0,277353725880772
0;-4;0,138494282715628
0;-3,5;0,0396618047181593
0;-3;0,0369587994355682
0;-2,5;0,0338757269447175
0;-2;0,0252310943728032
0;-1,5;0,0169869541581252
0;-1;0,0247481640802778
0;-0,5;0,029615576461484
0;0;0,0661584540843569
0;0,5;0,112150028647432
0;1;0,162032709346205
0;1,5;0,109298682819674
0;2;0,0892196055613839
0;2,5;0,0724541557344752
0;3;0,0475914604465761
0;3,5;0,0465234722594346
0;4;0,115011521162012
0;4,5;0,0550172074259287
0;5;0,130378907963954
0;5,5;0,141062038205144
0;6;0,0845959119553612
0;6,5;0,0900182817367225
0;7;0,0553180075194585
0;7,5;0,0898460920014548
0;8;0,125957557130754
0;8,5;0,210154540080041
0;9;0,2601492504446
0;9,5;0,168641691903082
0;10;0,0971406197221327
0;10,5;0,0247305479114394
0;11;0,0874433677415473
0;11,5;0,122106634471976
0;12;0,0572077587488308
0;12,5;0,0335856394767669
0;13;0,104533435409238
0;13,5;0,0920032480861529
0;14;0,0343284812961362
0;14,5;0,0238669925489856
0;15;0,0405207357725425
0;15,5;0,0592833753681529
0;16;0,052863801818444
0;16,5;0,0453598635098349
0;17;0,183147906854334
0;17,5;0,0640073364424524
0;18;0,084301247993272
0;18,5;0,0698529092137173
0;19;0,104941855211382
0;19,5;0,262272882833237
0;20;0,27575676415132
0;20,5;0,088679573772136
0;21;0,133365222254106
0;21,5;0,0812058203684193
0;22;0,180706374165141
0;22,5;0,0290767910817945
0;23;0,0409615673528248
0;23,5;0,0575545734552853
0;24;0,076479629618327
0;24,5;0,0629501158052136
0;25;0,0480130864851365
0;25,5;0,0482805107004744
0;26;0,0378553739757379
0;26,5;0,0263168445779494
0;27;0,0841252051274827
0;27,5;0,0785092430206114
0;28;0,0307015963189038
0;28,5;0,111481505958607
0;29;0,269145735784747
0;29,5;0,305786014684876
0;30;0,0572198625669121
0;30,5;0,0412423964108293
0;31;0,145686125308617
0;31,5;0,0672841708121106
0;32;0,0355171339554265
0;32,5;0,0432492917822873
0;33;0,0359300557689941
0;33,5;0,0741251612590519
0;34;0,0443546243708729
0;34,5;0,050197609504836
0;35;0,0422049179174505
0;35,5;0,0321672972754256
0;36;0,0446321284587269
0;36,5;0,0325714620141781
0;37;0,0727029874225626
0;37,5;0,0747914906917211
0;38;0,0654387899039219
0;38,5;0,0602283316087592
0;39;0,033450796479665
0;39,5;0,0394773097991836
0;40;0,0311512259718911
0;40,5;0,0331067394701911
0;41;0,0165585487646135
0;41,5;0,0661743772873337
0;42;0,0515511634377987
0;42,5;0,0470829904422045
0;43;0,0680445021289189
0;43,5;0,0464792453460024
0;44;0,0553210987503154
0;44,5;0,05053495268205
0;45;0,063731645350231
0;45,5;0,100507657014067
0;46;0,107993615258677
0;46,5;0,0461773977841509
0;47;0,101362792495468
0;47,5;0,0515513838714671
0;48;0,0488028233275319
0;48,5;0,113027282842094
0;49;0,0566448325299104
0;49,5;0,0696817124275226
0;50;0,0594908759816904
0;50,5;0,0712666171236817
0;51;0,130296167697007
0;51,5;0,0733460778746083
0;52;0,0518611950727773
0;52,5;0,0431102261260441
0;53;0,101635656201799
0;53,5;0,0623496235772446
0;54;0,0881697258188103
0;54,5;0,100631982970942
0;55;0,0915519289504496
0;55,5;0,0343530049732963
0;56;0,119644718082778
0;56,5;0,132714585405528
0;57;0,0658713276054409
0;57,5;0,0473877337760523
0;58;0,0649499448498494
0;58,5;0,0599137659162876
0;59;0,0892515138025646
0;59,5;0,0518666852684299
0;60;0,0607821568244768
0;60,5;0,038611228229782
0;61;0,0953210493864831
0;61,5;0,0617140191126681
0;62;0,0836731116332458
0;62,5;0,0396018591277835
0;63;0,0860495546627342
0;63,5;0,0634851890661848
0;64;0,0704123239455177
0;64,5;0,0493616166310279
0;65;0,0784901798528538
0;65,5;0,0583011956289466
0;66;0,0401207888799364
0;66,5;0,0505775689035216
0;67;0,0402873015560321
0;67,5;0,0884904433176745
0;68;0,0744043009509531
0;68,5;0,0814487924839985
0;69;0,0972551040468206
0;69,5;0,111160780836554
0;70;0,103885101365471
0;70,5;0,0345
0;71;0,0697643218705708
0;71,5;0,0773050150991326
0;72;0,0722310471738031
0;72,5;0,0648613906727261
0;73;0
0;73,5;0,0684941197800544
0;74;0,0311126983722081
0;75,5;0,0968297027878912
0;76;0,136179328548093
0;76,5;0
0,5;-25;0
0,5;-24,5;0
0,5;-24;0
0,5;-23,5;0
0,5;-23;0
0,5;-22,5;0,0860213151879618
0,5;-22;0,144973100953246
0,5;-21,5;0,0333409515104031
0,5;-21;0,102251032359279
0,5;-20,5;0,0711919626542119
0,5;-20;0,0945621488757526
0,5;-19,5;0,0628231645175567
0,5;-19;0,05666059545154
0,5;-18,5;0
0,5;-18;0
0,5;-17,5;0,0558401630506557
0,5;-17;0,107970209671328
0,5;-16,5;0,0694713261102388
0,5;-16;0,0662676750905354
0,5;-15,5;0,0426666962594594
0,5;-15;0,014142135623731
0,5;-14,5;0
0,5;-14;0,0226274169979695
0,5;-13,5;0,0562746321587172
0,5;-13;0,0649186782259828
0,5;-12,5;0,0462265879759413
0,5;-12;0,324076672587198
0,5;-11,5;0,137544619023145
0,5;-11;0,131193061555183
0,5;-10,5;0,0996773141269715
0,5;-10;0,17232007735384
0,5;-9,5;0,127044388142037
0,5;-9;0,12689267256091
0,5;-8,5;0,108559557417922
0,5;-8;0,0684196801481777
0,5;-7,5;0,0404666471711348
0,5;-7;0,0534063412726953
0,5;-6,5;0,0519461349130129
0,5;-6;0,164826854078175
0,5;-5,5;0,169164792252446
0,5;-5;0,115535001730791
0,5;-4,5;0,228219936542681
0,5;-4;0,0668491419565006
0,5;-3,5;0,0495154861047848
0,5;-3;0,0334985403242701
0,5;-2,5;0,029680502074423
0,5;-2;0,0267560940253452
0,5;-1,5;0,0441716146716387
0,5;-1;0,0829840279696739
0,5;-0,5;0,0426492647019187
0,5;0;0,0393391693854088
0,5;0,5;0,0898143463173212
0,5;1;0,107262493733753
0,5;1,5;0,0657021662934137
0,5;2;0,070188396614282
0,5;2,5;0,0573715705505612
0,5;3;0,0828979940075049
0,5;3,5;0,111043063023901
0,5;4;0,110297890531267
0,5;4,5;0,0358429828765353
0,5;5;0,133825114589026
0,5;5,5;0,0955387312745659
0,5;6;0,0590128832177765
0,5;6,5;0,0822386770321605
0,5;7;0,0792827775461165
0,5;7,5;0,165312716017658
0,5;8;0,361652378448512
0,5;8,5;0,353446610499845
0,5;9;0,232761917698275
0,5;9,5;0,285227238198718
0,5;10;0,0786982660538961
0,5;10,5;0,0510283654170402
0,5;11;0,0498989167292868
0,5;11,5;0,117150117370833
0,5;12;0,0412295178300192
0,5;12,5;0,0918834114232043
0,5;13;0,0811246982531625
0,5;13,5;0,0980870853300267
0,5;14;0,047686028355017
0,5;14,5;0,0339432560032059
0,5;15;0,0807964750819919
0,5;15,5;0,0751283495596903
0,5;16;0,06222583835255
0,5;16,5;0,115706481266879
0,5;17;0,147023149917182
0,5;17,5;0,0364723092063414
0,5;18;0,0267572934883358
0,5;18,5;0,0712577616477063
0,5;19;0,0663331862478816
0,5;19,5;0,0896086025607618
0,5;20;0,0710642378085968
0,5;20,5;0,0761218403153967
0,5;21;0,0354332939417044
0,5;21,5;0,105046027560951
0,5;22;0,0409581473544732
0,5;22,5;0,0235107149829235
0,5;23;0,077493589888643
0,5;23,5;0,0662383905312115
0,5;24;0,048945678834643
0,5;24,5;0,0373835971160258
0,5;25;0,070056309504408
0,5;25,5;0,103322610525141
0,5;26;0,117164466707928
0,5;26,5;0,156641239217811
0,5;27;0,131980848953013
0,5;27,5;0,0795935923608401
0,5;28;0,0295723118025012
0,5;28,5;0,0378621593804112
0,5;29;0,258574853153194
0,5;29,5;0,200765077618555
0,5;30;0,138881082076277
0,5;30,5;0,0382277552899697
0,5;31;0,029168061991434
0,5;31,5;0,0269743056493788
0,5;32;0,0206314447532169
0,5;32,5;0,0240995239027994
0,5;33;0,0391202955083567
0,5;33,5;0,0346522449667044
0,5;34;0,0405082160152517
0,5;34,5;0,0382454556259049
0,5;35;0,0334673147567114
0,5;35,5;0,0291242138900047
0,5;36;0,0330605984223528
0,5;36,5;0,0294309272124414
0,5;37;0,0577712240225951
0,5;37,5;0,0700049221016444
0,5;38;0,0326048045268932
0,5;38,5;0,0379077828420497
0,5;39;0,0360226225980699
0,5;39,5;0,039084414541542
0,5;40;0,287624613622221
0,5;40,5;0,283151731095314
0,5;41;0,0340869068357757
0,5;41,5;0,0446734971751962
0,5;42;0,0687854852073213
0,5;42,5;0,0746313095767856
0,5;43;0,0654592994765082
0,5;43,5;0,140470309010476
0,5;44;0,0730480209237837
0,5;44,5;0,0590289523677225
0,5;45;0,0835692723328193
0,5;45,5;0,114223195070051
0,5;46;0,0796652643360749
0,5;46,5;0,0659198716365864
0,5;47;0,102213752795327
0,5;47,5;0,0580192569210384
0,5;48;0,0401042391774236
0,5;48,5;0,349045269136894
0,5;49;0,328308752976626
0,5;49,5;0,0978831512302595
0,5;50;0,0664109264882278
0,5;50,5;0,077448025760602
0,5;51;0,114952819403028
0,5;51,5;0,0428374369624239
0,5;52;0,336736302915474
0,5;52,5;0,106392732241747
0,5;53;0,108122337862736
0,5;53,5;0,162005660462956
0,5;54;0,0990128779502949
0,5;54,5;0,112133441968776
0,5;55;0,0571104636091477
0,5;55,5;0,0546642059513705
0,5;56;0,221987012219385
0,5;56,5;0,171901933617755
0,5;57;0,105526475790352
0,5;57,5;0,0531767415183491
0,5;58;0,0405681160980607
0,5;58,5;0,0311367402278334
0,5;59;0,0244980943443776
0,5;59,5;0,0446259821196334
0,5;60;0,0565429747136144
0,5;60,5;0,0240686777321031
0,5;61;0,100436868311039
0,5;61,5;0,0404950690895494
0,5;62;0,0525074495482738
0,5;62,5;0,0603067314510105
0,5;63;0,101531465216855
0,5;63,5;0,0542860319238023
0,5;64;0,0725918347204774
0,5;64,5;0,0512147038207377
0,5;65;0,10058327785338
0,5;65,5;0,0980086394387484
0,5;66;0,0411449764966404
0,5;66,5;0,0583159392316792
0,5;67;0,0511323446232095
0,5;67,5;0,0500804299339132
0,5;68;0,0437423102485723
0,5;68,5;0,0778835838388228
0,5;69;0,0568133073666671
0,5;69,5;0,0695654426166585
0,5;70;0,0849804283503818
0,5;70,5;0,0656503119196665
0,5;71;0,0957446533043158
0,5;71,5;0,135965503342691
0,5;72;0,211927114648119
0,5;72,5;0
0,5;73;0
0,5;73,5;0,0691399546813081
0,5;74;0,0558032257132148
0,5;74,5;0
0,5;75;0,0778490603056722
0,5;75,5;0,109297490915701
1;-25;0
1;-24,5;0,0905528474528448
1;-24;0,0879924239163047
1;-23,5;0
1;-23;0
1;-22,5;0
1;-22;0,0715817938890488
1;-21,5;0,0690171256744559
1;-21;0,0826998000080605
1;-20,5;0,0598048361008759
1;-20;0,0580241329103676
1;-19,5;0
1;-19;0
1;-18,5;0
1;-18;0,0597828084797237
1;-17,5;0,0534119658432274
1;-17;0,0565994214236727
1;-16,5;0
1;-16;0,0747255911886592
1;-15,5;0
1;-15;0
1;-14,5;0
1;-14;0,0859952856465932
1;-13,5;0,188929879387132
1;-13;0,0973959687771653
1;-12,5;0,0791812708894828
1;-12;0,129580072240878
1;-11,5;0,10916602882188
1;-11;0,0913165672107448
1;-10,5;0,0411937176960563
1;-10;0,0324408732374802
1;-9,5;0,0381403423462049
1;-9;0,243989744129981
1;-8,5;0,244033043328278
1;-8;0,0761091900296124
1;-7,5;0,0242266751768264
1;-7;0,0417834260667738
1;-6,5;0,043804711332491
1;-6;0,0627958731534938
1;-5,5;0,0715227898685384
1;-5;0,0372690206166632
1;-4,5;0,0430040198950799
1;-4;0,0513306209472911
1;-3,5;0,0221348650069424
1;-3;0,0292166446555721
1;-2,5;0,0263407267230333
1;-2;0,0481995893470384
1;-1,5;0,0474383055922697
1;-1;0,116365629717775
1;-0,5;0,102455854434785
1;0;0,051136972386949
1;0,5;0,0471814415819617
1;1;0,0370785630076294
1;1,5;0,0289135978952929
1;2;0,0556107004091838
1;2,5;0,0406411935303363
1;3;0,101610037518534
1;3,5;0,127125584314597
1;4;0,0968515051487935
1;4,5;0,034157905884806
1;5;0,0462803068746061
1;5,5;0,0444284486825907
1;6;0,0739232551934924
1;6,5;0,0315857964033719
1;7;0,0565290485797641
1;7,5;0,251847119002506
1;8;0,135110572511583
1;8,5;0,295278800644734
1;9;0,285552293387662
1;9,5;0,316330793532086
1;10;0,355263839995578
1;10,5;0,152436452985759
1;11;0,0459737543404307
1;11,5;0,0374593737693997
1;12;0,0316767114705232
1;12,5;0,169987920086124
1;13;0,175750298308059
1;13,5;0,0341854970618593
1;14;0,0831619888602033
1;14,5;0,117319809083146
1;15;0,0728165339675518
1;15,5;0,121225608719306
1;16;0,0883584196926276
1;16,5;0,123846852351869
1;17;0,0551277179761343
1;17,5;0,0390126312807664
1;18;0,0547129196924019
1;18,5;0,0450750231669228
1;19;0,0364013478695743
1;19,5;0,031531640499934
1;20;0,114297163559715
1;20,5;0,0920621728176771
1;21;0,146817519465623
1;21,5;0,0242848568036225
1;22;0,030953259440202
1;22,5;0,0326421915957907
1;23;0,0568408875843561
1;23,5;0,0468554720572527
1;24;0,0280846933399672
1;24,5;0,020591260281974
1;25;0,0148130684615031
1;25,5;0,0297654559707391
1;26;0,0275207860336845
1;26,5;0,0312038353226486
1;27;0,059474922372245
1;27,5;0,0696505603061755
1;28;0,0243129022872806
1;28,5;0,0377551594635184
1;29;0,0309220739221577
1;29,5;0,0292402911767166
1;30;0,0313170206936095
1;30,5;0,0483471106990651
1;31;0,0544079187742405
1;31,5;0,0418462965438432
1;32;0,0246912839709123
1;32,5;0,0635965427357013
1;33;0,0611866414866736
1;33,5;0,0648609330306681
1;34;0,0279881689880883
1;34,5;0,174939947586902
1;35;0,0775741882535395
1;35,5;0,0301174079970838
1;36;0,0469762559965242
1;36,5;0,043041121035421
1;37;0,0443836765466951
1;37,5;0,151984319819758
1;38;0,0754461121610676
1;38,5;0,0342809195118368
1;39;0,0262687975460984
1;39,5;0,0936270817700271
1;40;0,277192895138178
1;40,5;0,329009704632818
1;41;0,0526130692385224
1;41,5;0,0295276706384593
1;42;0,0772612029895662
1;42,5;0,0344470608325297
1;43;0,0284361931328687
1;43,5;0,160965355254746
1;44;0,0677277765517586
1;44,5;0,115435003714838
1;45;0,0792974593057155
1;45,5;0,0620721636597321
1;46;0,0528818762665014
1;46,5;0,0510154584145353
1;47;0,0857044033168609
1;47,5;0,100745680546415
1;48;0,178487058864425
1;48,5;0,256052546252868
1;49;0,297457112225352
1;49,5;0,0696540348652018
1;50;0,0261058820936931
1;50,5;0,0973358447164592
1;51;0,0662504537271076
1;51,5;0,0234190661868578
1;52;0,0366069285468046
1;52,5;0,075667457915063
1;53;0,0744670994337206
1;53,5;0,149810936405413
1;54;0,140700423429775
1;54,5;0,0737309337702387
1;55;0,0567712433574342
1;55,5;0,0492414915302582
1;56;0,101441349606114
1;56,5;0,0845863010561578
1;57;0,0636985241227537
1;57,5;0,0957351454838195
1;58;0,0224959746103206
1;58,5;0,0193408547373644
1;59;0,0747436645115516
1;59,5;0,0481164875732641
1;60;0,0377490709041262
1;60,5;0,0372581726413337
1;61;0,0748306558379659
1;61,5;0,0724063708501023
1;62;0,101079646328827
1;62,5;0,155259118699656
1;63;0,163825195951261
1;63,5;0,0431785931810071
1;64;0,0525813221711134
1;64,5;0,0707675953316178
1;65;0,0576063517739657
1;65,5;0,134171665094705
1;66;0,0578183676383521
1;66,5;0,0868976409346077
1;67;0,0489170439926868
1;67,5;0,0514011973769818
1;68;0,04570632140188
1;68,5;0,0505428594873825
1;69;0,0600789095228777
1;69,5;0,0581618148212098
1;70;0,0501636293133018
1;70,5;0,0648725098968938
1;71;0,0504232482913781
1;71,5;0,134979365823058
1;72;0,270267742819947
1;72,5;0,237134279821933
1;73;0
1;73,5;0
1;74;0
1;74,5;0
1;75;0,0428407905311437
1;75,5;0,0290759473497548
1,5;-25;0
1,5;-24,5;0
1,5;-24;0
1,5;-23,5;0
1,5;-23;0,197784523669144
1,5;-22,5;0,254437194046558
1,5;-22;0,0772309461784526
1,5;-21,5;0,0829797633705487
1,5;-21;0,0520429601096027
1,5;-20,5;0,0753172776173721
1,5;-20;0,0632004746817617
1,5;-19;0
1,5;-18,5;0
1,5;-18;0,0818333950502761
1,5;-17,5;0,0540925133451941
1,5;-17;0,099951442756425
1,5;-16,5;0,0311126983722081
1,5;-16;0,042209793492348
1,5;-15,5;0
1,5;-15;0
1,5;-14,5;0,0551935986626469
1,5;-14;0,0957807516203145
1,5;-13,5;0,291543832130749
1,5;-13;0,15917331051906
1,5;-12,5;0,0636492218831282
1,5;-12;0,0604563841975676
1,5;-11,5;0,153299633498855
1,5;-11;0,106144839398643
1,5;-10,5;0,0789831958168649
1,5;-10;0,0183792812644559
1,5;-9,5;0,0329171454038539
1,5;-9;0,300088221639155
1,5;-8,5;0,228439771860914
1,5;-8;0,11381857205011
1,5;-7,5;0,205904335161004
1,5;-7;0,0931219708541818
1,5;-6,5;0,245890361545527
1,5;-6;0,0761256575135752
1,5;-5,5;0,025437082831417
1,5;-5;0,0869804796845467
1,5;-4,5;0,146619071832997
1,5;-4;0,0415681633358055
1,5;-3,5;0,0216737370380141
1,5;-3;0,0353701720609052
1,5;-2,5;0,0697318032189423
1,5;-2;0,0645667613146785
1,5;-1,5;0,0653446963329311
1,5;-1;0,0307255020110201
1,5;-0,5;0,0409497676559267
1,5;0;0,0488088614769663
1,5;0,5;0,054315824723804
1,5;1;0,0602978260279047
1,5;1,5;0,017195008565256
1,5;2;0,0415517218931599
1,5;2,5;0,06204121641647
1,5;3;0,047267989273052
1,5;3,5;0,0298462727991285
1,5;4;0,118510025613021
1,5;4,5;0,042769952893631
1,5;5;0,0936010671927106
1,5;5,5;0,0792195688112769
1,5;6;0,0275994994365116
1,5;6,5;0,0698475869264575
1,5;7;0,169189974645843
1,5;7,5;0,32338711077589
1,5;8;0,374175645066433
1,5;8,5;0,257049344878526
1,5;9;0,320923900636896
1,5;9,5;0,109130550247147
1,5;10;0,0396725699938554
1,5;10,5;0,0314240568651194
1,5;11;0,0343040032044999
1,5;11,5;0,0341686870329212
1,5;12;0,0293312608834631
1,5;12,5;0,0841712842745002
1,5;13;0,0502112863630968
1,5;13,5;0,0938955310167003
1,5;14;0,131477605483982
1,5;14,5;0,0790480143172054
1,5;15;0,11326552885829
1,5;15,5;0,0837370885569829
1,5;16;0,142884838234311
1,5;16,5;0,0974638973916283
1,5;17;0,133262138361431
1,5;17,5;0,0755398176433249
1,5;18;0,0487319887003298
1,5;18,5;0,104336564697053
1,5;19;0,072403959376082
1,5;19,5;0,0589142066615216
1,5;20;0,113149347904128
1,5;20,5;0,152698529943258
1,5;21;0,117403282391309
1,5;21,5;0,0379616251789343
1,5;22;0,0244895266307977
1,5;22,5;0,0591170571517307
1,5;23;0,0281173798982337
1,5;23,5;0,0215875180750154
1,5;24;0,0221227759928734
1,5;24,5;0,0341822735301715
1,5;25;0,0241426089049691
1,5;25,5;0,0479541361464652
1,5;26;0,0183927312268589
1,5;26,5;0,041419012216647
1,5;27;0,0512427499407243
1,5;27,5;0,071954187483556
1,5;28;0,0276115493662019
1,5;28,5;0,0430143050713521
1,5;29;0,0383790558556963
1,5;29,5;0,0560610106455507
1,5;30;0,0373625230240379
1,5;30,5;0,0308712379624357
1,5;31;0,0531992978267213
1,5;31,5;0,0613790171520893
1,5;32;0,0271904845817546
1,5;32,5;0,0335206136981369
1,5;33;0,0452947752689719
1,5;33,5;0,0771545317080299
1,5;34;0,332517396342693
1,5;34,5;0,304083974907456
1,5;35;0,026162703460109
1,5;35,5;0,0232400931231924
1,5;36;0,0428594666823739
1,5;36,5;0,0320845237874379
1,5;37;0,0644899547989642
1,5;37,5;0,133925854759276
1,5;38;0,149988758991104
1,5;38,5;0,212000886543705
1,5;39;0,0213978224220997
1,5;39,5;0,0312037558663262
1,5;40;0,181808375588623
1,5;40,5;0,168702835465842
1,5;41;0,0439836799570489
1,5;41,5;0,0443064375516475
1,5;42;0,0399005012499843
1,5;42,5;0,13319772980081
1,5;43;0,0782901909027985
1,5;43,5;0,0331903621212702
1,5;44;0,0423006040907524
1,5;44,5;0,0510211248609126
1,5;45;0,114836256295054
1,5;45,5;0,0446081277247587
1,5;46;0,0448092471198856
1,5;46,5;0,0381682154701567
1,5;47;0,0659864577397667
1,5;47,5;0,0414464671820564
1,5;48;0,0400847107213392
1,5;48,5;0,0579991282654474
1,5;49;0,113129463368716
1,5;49,5;0,0766510697993016
1,5;50;0,0889784563952384
1,5;50,5;0,102331712956366
1,5;51;0,0437716746781778
1,5;51,5;0,129237355465125
1,5;52;0,12924790869034
1,5;52,5;0,0567221576462327
1,5;53;0,109549758145803
1,5;53,5;0,137438349815472
1,5;54;0,15909225893039
1,5;54,5;0,253599282054555
1,5;55;0,149284285086056
1,5;55,5;0,13532814150188
1,5;56;0,0442682465846306
1,5;56,5;0,0959375328225697
1,5;57;0,0933467602898194
1,5;57,5;0,0741203110680231
1,5;58;0,037674504793076
1,5;58,5;0,0492407042831929
1,5;59;0,0381786165268827
1,5;59,5;0,0404988537335203
1,5;60;0,055075017249962
1,5;60,5;0,0893460816018413
1,5;61;0,0431828510023326
1,5;61,5;0,0496246355097153
1,5;62;0,093054899310645
1,5;62,5;0,0819384767889581
1,5;63;0,126625847531844
1,5;63,5;0,0283943369722384
1,5;64;0,0543799066335428
1,5;64,5;0,0375003653828353
1,5;65;0,0583550579246403
1,5;65,5;0,105345420551905
1,5;66;0,0619983773884349
1,5;66,5;0
1,5;67;0
1,5;67,5;0,0439009215061701
1,5;68;0,0649941127632153
1,5;68,5;0,0483616618835215
1,5;69;0,0494136452139825
1,5;69,5;0,0573286591801927
1,5;70;0,0553334146301209
1,5;70,5;0,0572108207788037
1,5;71;0,0633707345704624
1,5;71,5;0,0534671814835822
1,5;72;0,328674435397609
1,5;72,5;0,314710163872885
1,5;73;0
1,5;73,5;0
1,5;74;0
1,5;74,5;0,0664250383085002
1,5;75;0,0615006775030433
1,5;75,5;0
1,5;76;0
2;-25;0
2;-24,5;0
2;-24;0
2;-23,5;0,377104465337892
2;-23;0,23803461899209
2;-22,5;0
2;-22;0
2;-21,5;0,0701102306688863
2;-21;0,079951443597557
2;-20,5;0,0684747168092374
2;-20;0,160940844895122
2;-18,5;0
2;-18;0,0530879772955547
2;-17,5;0,0162634559672906
2;-17;0,0422191605357078
2;-16,5;0,037111319028027
2;-16;0
2;-15,5;0
2;-15;0
2;-14,5;0,0292061637330205
2;-14;0,309532864629451
2;-13,5;0,372327757324724
2;-13;0,144603906550929
2;-12,5;0,194486639580529
2;-12;0,0895866476762049
2;-11,5;0,153016971131049
2;-11;0,173100301827448
2;-10,5;0,104123467098565
2;-10;0,0238774128549462
2;-9,5;0,0401144571154798
2;-9;0,0213499142991186
2;-8,5;0,0302250999446928
2;-8;0,170146190643447
2;-7,5;0,113971976532273
2;-7;0,273531503120464
2;-6,5;0,343318216573963
2;-6;0,146080789561933
2;-5,5;0,0387935369788172
2;-5;0,0273745459906474
2;-4,5;0,104807705620789
2;-4;0,0274639510095261
2;-3,5;0,0319160035399305
2;-3;0,0530551268667458
2;-2,5;0,293517224556092
2;-2;0,281243004768283
2;-1,5;0,0398949964757694
2;-1;0,0370877338213054
2;-0,5;0,0543318621038284
2;0;0,0294194094585966
2;0,5;0,229306836971979
2;1;0,141583849719442
2;1,5;0,052328353801455
2;2;0,0691363656286733
2;2,5;0,0881396619008718
2;3;0,0820529602879203
2;3,5;0,0366880397262264
2;4;0,0803529181800829
2;4,5;0,0753400509572227
2;5;0,0601976805516762
2;5,5;0,194466617896724
2;6;0,187110226275475
2;6,5;0,0497162139384593
2;7;0,0318016298939511
2;7,5;0,163720258796814
2;8;0,0332220221362418
2;8,5;0,0354511400850993
2;9;0,0802423258261779
2;9,5;0,0694200850573261
2;10;0,0383196951424809
2;10,5;0,0722412338472191
2;11;0,0505198771671182
2;11,5;0,034534749138681
2;12;0,0519422756528822
2;12,5;0,0411696098701397
2;13;0,0651290602600569
2;13,5;0,0867805593217195
2;14;0,0847127276062304
2;14,5;0,135966604896419
2;15;0,148847339380895
2;15,5;0,0769564812085376
2;16;0,121286109615549
2;16,5;0,091955510113426
2;17;0,047043773941582
2;17,5;0,0325230687358988
2;18;0,066951249687446
2;18,5;0,0768802232878025
2;19;0,0636844115146906
2;19,5;0,09702902919687
2;20;0,0351822703752946
2;20,5;0,0302627907070285
2;21;0,0494526445156048
2;21,5;0,160506989455014
2;22;0,176096088063889
2;22,5;0,178795423441223
2;23;0,0573601437250141
2;23,5;0,0293688263543593
2;24;0,0197922856942485
2;24,5;0,044837894429372
2;25;0,0511833279286453
2;25,5;0,0415043095774237
2;26;0,0677712182016003
2;26,5;0,0200396748350145
2;27;0,0351457159531892
2;27,5;0,026659311141202
2;28;0,0261989553552807
2;28,5;0,0786477553493271
2;29;0,0272280619099469
2;29,5;0,0495032875887417
2;30;0,0350529115990419
2;30,5;0,0833720651037829
2;31;0,0247882575728635
2;31,5;0,103575491160535
2;32;0,0627778101205049
2;32,5;0,0316295882678623
2;33;0,0236899509097145
2;33,5;0,176733510536504
2;34;0,389521027486315
2;34,5;0,20896809535437
2;35;0,0292315680900419
2;35,5;0,0615031086136791
2;36;0,0511358464620312
2;36,5;0,0434566834138701
2;37;0,0288921286238784
2;37,5;0,119074870536938
2;38;0,133375143582378
2;38,5;0,13698100449437
2;39;0,0522964320428049
2;39,5;0,0334564352233055
2;40;0,0601356180809965
2;40,5;0,0642442995723995
2;41;0,0718194437940524
2;41,5;0,0450322565685161
2;42;0,0693884700769107
2;42,5;0,122180389263831
2;43;0,115245075428273
2;43,5;0,0329585389429841
2;44;0,0337056587025299
2;44,5;0,0634151479674654
2;45;0,0637678058102303
2;45,5;0,0636992548773302
2;46;0,141309959691799
2;46,5;0,206465816239366
2;47;0,0353269235373057
2;47,5;0,0285425182865853
2;48;0,0508479298968003
2;48,5;0,0831255696556632
2;49;0,0300173962417626
2;49,5;0,0521248329432948
2;50;0,088595253092496
2;50,5;0,0532463296889499
2;51;0,186351513279011
2;51,5;0,172499711971505
2;52;0,115211118505514
2;52,5;0,0812306742982285
2;53;0,146346491561248
2;53,5;0,0967629460288281
2;54;0,097679420712703
2;54,5;0,187552699874418
2;55;0,182353235842595
2;55,5;0,135383333397265
2;56;0,18664413940612
2;56,5;0,139100117382897
2;57;0,0517930072024713
2;57,5;0,0629891146392186
2;58;0,0841431493802607
2;58,5;0,126244189496096
2;59;0,0641250368489344
2;59,5;0,0343387672709585
2;60;0,115693575719711
2;60,5;0,133936731116254
2;61;0,0710383910819973
2;61,5;0,075713473549219
2;62;0,040013138086286
2;62,5;0,026879474582777
2;63;0,0644481553081029
2;63,5;0,0278032971665832
2;64;0,0328530176412542
2;64,5;0,0295239561018408
2;65;0,0468153808628325
2;65,5;0,0729410924636454
2;66;0,101735610006695
2;66,5;0
2;67;0
2;67,5;0,0480995990479279
2;68;0,04255826156818
2;68,5;0,0397667005947247
2;69;0,033324951327082
2;69,5;0,03621678953408
2;70;0,0639166366149707
2;70,5;0,0655792932066136
2;71;0,0374614507743313
2;71,5;0,0432897216438267
2;72;0,160856630296062
2;72,5;0,0726710741646421
2;73;0,0550751002420029
2;73,5;0
2;74,5;0,0648613906727261
2;75;0
2,5;-25;0
2,5;-24,5;0
2,5;-24;0
2,5;-23,5;0
2,5;-23;0
2,5;-22,5;0,079297476275035
2,5;-22;0,0399779105673787
2,5;-21,5;0,0437432988065165
2,5;-21;0,05339475629685
2,5;-20,5;0,132739461750763
2,5;-20;0,0619919349593155
2,5;-19,5;0,0770028138014017
2,5;-19;0,0183847763108502
2,5;-18,5;0,0318486001785531
2,5;-18;0,112573437569232
2,5;-17,5;0,0820745595987778
2,5;-17;0,117216508376873
2,5;-16,5;0,0575267489071548
2,5;-16;0,021920310216783
2,5;-15,5;0
2,5;-15;0
2,5;-14,5;0,24798817176094
2,5;-14;0,0840526742579371
2,5;-13,5;0,0564181708317453
2,5;-13;0,094611268384179
2,5;-12,5;0,101383334288139
2,5;-12;0,119993083536587
2,5;-11,5;0,0707526902797214
2,5;-11;0,117516659608561
2,5;-10,5;0,0586937995469978
2,5;-10;0,0461258099338355
2,5;-9,5;0,0487786290414439
2,5;-9;0,0773043351130629
2,5;-8,5;0,0699468358142492
2,5;-8;0,0254615801452318
2,5;-7,5;0,255006695689257
2,5;-7;0,258337915653496
2,5;-6,5;0,170869852332864
2,5;-6;0,381592466738085
2,5;-5,5;0,226505299825745
2,5;-5;0,0297469467529274
2,5;-4,5;0,0254415101802462
2,5;-4;0,0356151032610145
2,5;-3,5;0,0472850865105265
2,5;-3;0,0502696368448081
2,5;-2,5;0,318429121195322
2,5;-2;0,311294318430705
2,5;-1,5;0,0359804890501297
2,5;-1;0,0390285408034323
2,5;-0,5;0,0705200790037825
2,5;0;0,0326813903963236
2,5;0,5;0,022096750692909
2,5;1;0,0283699536476966
2,5;1,5;0,0822640829210596
2,5;2;0,101815261727607
2,5;2,5;0,066667872578625
2,5;3;0,0523016323244471
2,5;3,5;0,0682816451021154
2,5;4;0,0468996364092176
2,5;4,5;0,0473739068722604
2,5;5;0,130130787145415
2,5;5,5;0,256640538185651
2,5;6;0,311223019563682
2,5;6,5;0,156522634981999
2,5;7;0,0487317487202474
2,5;7,5;0,0486259277957191
2,5;8;0,0292070480003126
2,5;8,5;0,0406288600624292
2,5;9;0,0193827015262914
2,5;9,5;0,023368095907371
2,5;10;0,0207825088037106
2,5;10,5;0,0427952280365431
2,5;11;0,0619156228476875
2,5;11,5;0,0251237268909802
2,5;12;0,033131767981603
2,5;12,5;0,0495183467683107
2,5;13;0,0892566886783797
2,5;13,5;0,249338683999982
2,5;14;0,169737291746294
2,5;14,5;0,1284934397142
2,5;15;0,140617355378377
2,5;15,5;0,105984799965332
2,5;16;0,061722092209084
2,5;16,5;0,0550673617042697
2,5;17;0,0596802141537085
2,5;17,5;0,149105166539276
2,5;18;0,0381398109468749
2,5;18,5;0,0531982725128092
2,5;19;0,0728565035545409
2,5;19,5;0,0579699634868495
2,5;20;0,0287785646814425
2,5;20,5;0,0270194960730965
2,5;21;0,0732669192750391
2,5;21,5;0,0730186615265541
2,5;22;0,0842437930453435
2,5;22,5;0,204066365535087
2,5;23;0,0499691585321157
2,5;23,5;0,208567405914532
2,5;24;0,165477329849786
2,5;24,5;0,0330967548116633
2,5;25;0,0299783622610834
2,5;25,5;0,0209279723706863
2,5;26;0,367234514213673
2,5;26,5;0,296042232998956
2,5;27;0,0364326995677804
2,5;27,5;0,0277868188225187
2,5;28;0,03348108918977
2,5;28,5;0,0371840716177348
2,5;29;0,0433399083801778
2,5;29,5;0,0393852968840436
2,5;30;0,0397245526424732
2,5;30,5;0,0959297486010813
2,5;31;0,0469882289931409
2,5;31,5;0,0907873958194056
2,5;32;0,0578470196807961
2,5;32,5;0,0614703348462956
2,5;33;0,0724183448213688
2,5;33,5;0,022467505324762
2,5;34;0,042625562371576
2,5;34,5;0,0823131250224664
2,5;35;0,0585763975728884
2,5;35,5;0,0513163419076098
2,5;36;0,0277766822557156
2,5;36,5;0,203709031271291
2,5;37;0,0253560649066098
2,5;37,5;0,0742477638772465
2,5;38;0,18243877081481
2,5;38,5;0,0390683796952346
2,5;39;0,0416517096403783
2,5;39,5;0,0465572354290813
2,5;40;0,0329069708843334
2,5;40,5;0,0558373190469162
2,5;41;0,0732605495696647
2,5;41,5;0,0438708472640935
2,5;42;0,04404815848712
2,5;42,5;0,145792974659464
2,5;43;0,124350222642135
2,5;43,5;0,0870447480625115
2,5;44;0,0400672415877938
2,5;44,5;0,0781154858632567
2,5;45;0,165381101943956
2,5;45,5;0,169959114996249
2,5;46;0,137733944371498
2,5;46,5;0,137499170230562
2,5;47;0,162243112388316
2,5;47,5;0,169256507376397
2,5;48;0,060689757820669
2,5;48,5;0,0518582424588837
2,5;49;0,0186761411779768
2,5;49,5;0,0557573995385885
2,5;50;0,0457411392591865
2,5;50,5;0,0487679881342943
2,5;51;0,149538375995317
2,5;51,5;0,138625927694395
2,5;52;0,0810559565136287
2,5;52,5;0,131033925117431
2,5;53;0,134919959947691
2,5;53,5;0,152698567258085
2,5;54;0,154704780002192
2,5;54,5;0,128888207649046
2,5;55;0,14246399805665
2,5;55,5;0,152266447246581
2,5;56;0,138155488518608
2,5;56,5;0,1689967403306
2,5;57;0,090374770325655
2,5;57,5;0,0722628293966048
2,5;58;0,0894856480070159
2,5;58,5;0,114476572664881
2,5;59;0,0590764745964607
2,5;59,5;0,0290796320471907
2,5;60;0,158059993724413
2,5;60,5;0,194104882940016
2,5;61;0,108657181081197
2,5;61,5;0,107675505635163
2,5;62;0,0511882147894741
2,5;62,5;0,0451315071892849
2,5;63;0,0397873156647301
2,5;63,5;0,0207504890472231
2,5;64;0,0224016238833983
2,5;64,5;0,0269995483250387
2,5;65;0,047102959870738
2,5;65,5;0,121047058554165
2,5;66;0,0939072408947953
2,5;66,5;0,123787923482059
2,5;67;0,059390592051624
2,5;67,5;0,040141772566267
2,5;68;0,060868969910915
2,5;68,5;0,0597880904825267
2,5;69;0
2,5;69,5;0
2,5;70;0,087524789314735
2,5;70,5;0,0644152085172367
2,5;71;0,0620573682898681
2,5;71,5;0,0707443966524864
2,5;72;0,086016222168789
2,5;72,5;0,0660042468789744
2,5;73;0,0591875885209107
2,5;73,5;0,0627118631343207
2,5;74;0,113963002479164
2,5;74,5;0,064914243231813
2,5;75;0
2,5;75,5;0,086682306281168
2,5;76;0,0700963622451265
3;-25;0,0417193000900063
3;-24,5;0
3;-24;0
3;-23,5;0
3;-23;0
3;-22,5;0,0990642888902622
3;-22;0
3;-21,5;0,144952948030929
3;-21;0,0297012906565803
3;-20;0,122316529272757
3;-19,5;0
3;-19;0,0981440804445983
3;-18,5;0,0880216690892022
3;-18;0,140245827258753
3;-17,5;0,0970050563237863
3;-17;0,092564263391132
3;-16,5;0,128409021789269
3;-16;0,201264377556493
3;-15,5;0
3;-15;0,0657609306503489
3;-14,5;0,0322017323594798
3;-14;0,286739438657849
3;-13,5;0,216648717205218
3;-13;0,0837158965529021
3;-12,5;0,135845082650004
3;-12;0,143637671148713
3;-11,5;0,124015780174921
3;-11;0,0820148569270029
3;-10,5;0,0334398139026842
3;-10;0,0363512883075162
3;-9,5;0,0331422693024148
3;-9;0,0368002566630916
3;-8,5;0,0391602663246308
3;-8;0,0793963883321306
3;-7,5;0,370707588272476
3;-7;0,32202265633798
3;-6,5;0,124435942678831
3;-6;0,287536661374487
3;-5,5;0,240706982807577
3;-5;0,0540767376348036
3;-4,5;0,0221889974673171
3;-4;0,0607438904908038
3;-3,5;0,0470690403914368
3;-3;0,0409532928797262
3;-2,5;0,167084111183811
3;-2;0,0834072687419484
3;-1,5;0,193608198620313
3;-1;0,0335241206695518
3;-0,5;0,0385776523612828
3;0;0,0347114909404045
3;0,5;0,219219757472076
3;1;0,152525535955319
3;1,5;0,0393615402899136
3;2;0,0660584337285306
3;2,5;0,302238205820924
3;3;0,0667229356199279
3;3,5;0,0584465603198609
3;4;0,192063552312045
3;4,5;0,0477306535599105
3;5;0,24045852806463
3;5,5;0,30503518945264
3;6;0,251574446643249
3;6,5;0,306287475022032
3;7;0,184786903552492
3;7,5;0,0976491266134759
3;8;0,0564675435190374
3;8,5;0,0955827047301245
3;9;0,235195462934819
3;9,5;0,166314912139591
3;10;0,0560961971378928
3;10,5;0,0343424217022425
3;11;0,0557185358221102
3;11,5;0,163367414924009
3;12;0,285513309672246
3;12,5;0,0882707010659067
3;13;0,0611222480043227
3;13,5;0,28262252194094
3;14;0,284526896238643
3;14,5;0,062503131014011
3;15;0,100390090387119
3;15,5;0,123841586027279
3;16;0,0250078083044172
3;16,5;0,0271770316044993
3;17;0,0278817801424487
3;17,5;0,0349276327809435
3;18;0,059263513645301
3;18,5;0,0465101991243806
3;19;0,0588999583736587
3;19,5;0,0418550594971461
3;20;0,106235065390187
3;20,5;0,0429082787545123
3;21;0,0584722474256657
3;21,5;0,1512214624855
3;22;0,100901498130256
3;22,5;0,061722710546434
3;23;0,0941211128509301
3;23,5;0,0538157746697545
3;24;0,0515870910347977
3;24,5;0,0990353263627106
3;25;0,0420445438066801
3;25,5;0,0342015960673434
3;26;0,03204380180565
3;26,5;0,0318487926346746
3;27;0,0224302039577614
3;27,5;0,0395699627991089
3;28;0,0742438679513309
3;28,5;0,0254638024293266
3;29;0,0297375086630942
3;29,5;0,0396047480035635
3;30;0,0558505602839722
3;30,5;0,0376116824332837
3;31;0,0257906840497398
3;31,5;0,0343652256326416
3;32;0,0445424349625915
3;32,5;0,0539116906215612
3;33;0,0645675410355072
3;33,5;0,0265800754931799
3;34;0,0483233398997147
3;34,5;0,0507306944693697
3;35;0,0528679655246113
3;35,5;0,0487380057786828
3;36;0,055087991221858
3;36,5;0,319905232706758
3;37;0,0426499082094544
3;37,5;0,0709625177514146
3;38;0,0611949541135835
3;38,5;0,039649716266324
3;39;0,0494951343018607
3;39,5;0,0532848031612568
3;40;0,035455893525265
3;40,5;0,0408534684250057
3;41;0,0341444187700337
3;41,5;0,0334324614197642
3;42;0,0897234780924614
3;42,5;0,0938969843174521
3;43;0,266965254494734
3;43,5;0,162388970976747
3;44;0,0766414726902769
3;44,5;0,119215027848899
3;45;0,150811858381653
3;45,5;0,111301632708268
3;46;0,15662502553101
3;46,5;0,103574343483795
3;47;0,11142433810999
3;47,5;0,158031903010582
3;48;0,0586927072496875
3;48,5;0,111268415691869
3;49;0,0692590686844786
3;49,5;0,0559492060306684
3;50;0,0430733983690494
3;50,5;0,0144228593047085
3;51;0,0928650083702916
3;51,5;0,133911743683736
3;52;0,110264147245523
3;52,5;0,171276860112268
3;53;0,100741722380051
3;53,5;0,179966145196512
3;54;0,219178764846233
3;54,5;0,213950088110995
3;55;0,215870319525392
3;55,5;0,147866894716608
3;56;0,113965424574765
3;56,5;0,133268080220561
3;57;0,100092355013576
3;57,5;0,036070689259507
3;58;0,0474464280718392
3;58,5;0,103403924198714
3;59;0,12346859731402
3;59,5;0,0377283844800584
3;60;0,0234652994807286
3;60,5;0,0296489011710022
3;61;0,0702262239757652
3;61,5;0,0735850694547283
3;62;0,00692820323027551
3;62,5;0,0600188615042283
3;63;0,0407422244576182
3;63,5;0,0390584726495326
3;64;0,0397978189950295
3;64,5;0,0297356091515359
3;65;0,0342871099880123
3;65,5;0,0800677371067718
3;66;0,0480984770243663
3;66,5;0,0356008282534552
3;67;0,0327469637732055
3;67,5;0,0429576855184033
3;68;0,0625276605458203
3;68,5;0,0698876508730786
3;69;0,223159882894156
3;69,5;0
3;70;0
3;70,5;0,0557908082547142
3;71;0,0546895297965316
3;71,5;0,0711544496918901
3;72;0,0738424697493314
3;72,5;0,0841093714376487
3;73;0,0432060347394724
3;73,5;0,0628314323319856
3;74;0,0562886375237997
3;74,5;0,0814514870143087
3;75;0,0889167568862721
3;75,5;0,0749427162190277
3;76;0
3,5;-25;0,00565685424949238
3,5;-24,5;0,116032592404031
3,5;-24;0,0944563391202517
3,5;-23,5;0
3,5;-23;0,0332340187157677
3,5;-22,5;0,109329776364904
3,5;-22;0,13115857359918
3,5;-21,5;0,0962185513057883
3,5;-21;0,0321403173599764
3,5;-20,5;0,0439235446859401
3,5;-20;0,058881142048103
3,5;-19,5;0
3,5;-19;0,0588419840332336
3,5;-18,5;0,0494401995680978
3,5;-18;0,169495743361135
3,5;-17,5;0,066256755670329
3,5;-17;0,054023959826119
3,5;-16,5;0,137148754715675
3,5;-16;0,237207904590045
3,5;-15,5;0,0523259018078045
3,5;-15;0,485422496388455
3,5;-14,5;0,278858415460276
3,5;-14;0,233175522426611
3,5;-13,5;0,185968858873168
3,5;-13;0,108237972160107
3,5;-12,5;0,0539486320675583
3,5;-12;0,150182691360602
3,5;-11,5;0,124839435483739
3,5;-11;0,0447318747231378
3,5;-10,5;0,0341127332740807
3,5;-10;0,0330751162006774
3,5;-9,5;0,0346469475655469
3,5;-9;0,0338257887222749
3,5;-8,5;0,0460545634813785
3,5;-8;0,0746301570631477
3,5;-7,5;0,0341748684652243
3,5;-7;0,0379751668922285
3,5;-6,5;0,195735824060167
3,5;-6;0,162858763207693
3,5;-5,5;0,231154734780128
3,5;-5;0,357273961366191
3,5;-4,5;0,202993293697441
3,5;-4;0,129664802586518
3,5;-3,5;0,138618423390305
3,5;-3;0,134941680723199
3,5;-2,5;0,093038003580219
3,5;-2;0,11620021313096
3,5;-1,5;0,0951432101664189
3,5;-1;0,088729879953929
3,5;-0,5;0,0850702011191775
3,5;0;0,100784027058819
3,5;0,5;0,3365582209487
3,5;1;0,274181205288279
3,5;1,5;0,12167647173593
3,5;2;0,133907436884187
3,5;2,5;0,356119989761089
3,5;3;0,261975433889196
3,5;3,5;0,155735717721095
3,5;4;0,273577218766657
3,5;4,5;0,336777609301334
3,5;5;0,279878126270594
3,5;5,5;0,145433902891289
3,5;6;0,152452702325282
3,5;6,5;0,164322558305438
3,5;7;0,282518302144891
3,5;7,5;0,25382428739292
3,5;8;0,150193290063722
3,5;8,5;0,232996018185629
3,5;9;0,146853355388907
3,5;9,5;0,0991179314002712
3,5;10;0,0297991578263973
3,5;10,5;0,054318676300526
3,5;11;0,0544678450873484
3,5;11,5;0,327393559764401
3,5;12;0,196576679814346
3,5;12,5;0,266324037546757
3,5;13;0,120837797390704
3,5;13,5;0,139273438552635
3,5;14;0,126357787456604
3,5;14,5;0,0818118749322593
3,5;15;0,0556956861326038
3,5;15,5;0,11569483405969
3,5;16;0,0318494629783772
3,5;16,5;0,0215971888794147
3,5;17;0,055796876794809
3,5;17,5;0,029891396626563
3,5;18;0,103110701028878
3,5;18,5;0,113668852931319
3,5;19;0,0510468050767131
3,5;19,5;0,149314145971933
3,5;20;0,0951059623637498
3,5;20,5;0,0983715149760218
3,5;21;0,0471842327555328
3,5;21,5;0,060733238910336
3,5;22;0,151605426136929
3,5;22,5;0,115503735047475
3,5;23;0,0911685449114288
3,5;23,5;0,0705949441762701
3,5;24;0,0485638754631465
3,5;24,5;0,0995363369285107
3,5;25;0,0382110530213805
3,5;25,5;0,282312958875981
3,5;26;0,348121597274723
3,5;26,5;0,0224681255708318
3,5;27;0,0205671211847745
3,5;27,5;0,0405397201219128
3,5;28;0,0449266451398963
3,5;28,5;0,0263208299290556
3,5;29;0,0182360479141225
3,5;29,5;0,0882618872662581
3,5;30;0,113868591026714
3,5;30,5;0,0603930035354515
3,5;31;0,0322254903982074
3,5;31,5;0,0409406679477878
3,5;32;0,0956323301085123
3,5;32,5;0,109071265218473
3,5;33;0,0325840975934268
3,5;33,5;0,057166707907638
3,5;34;0,0583370998390463
3,5;34,5;0,0438972159110153
3,5;35;0,0416693534147772
3,5;35,5;0,0433387864761248
3,5;36;0,0609298392261398
3,5;36,5;0,040791311133022
3,5;37;0,029790769458065
3,5;37,5;0,0744861635976314
3,5;38;0,0423505360808584
3,5;38,5;0,0473779605772492
3,5;39;0,0465056588872789
3,5;39,5;0,0511146135562841
3,5;40;0,103717244489081
3,5;40,5;0,0737206552738485
3,5;41;0,0454699942616146
3,5;41,5;0,0677798250657389
3,5;42;0,160220225715392
3,5;42,5;0,141839138133459
3,5;43;0,20036628573536
3,5;43,5;0,178797066543324
3,5;44;0,0793316615594832
3,5;44,5;0,0827218351359599
3,5;45;0,0818555262434363
3,5;45,5;0,144408378084573
3,5;46;0,202415797370868
3,5;46,5;0,0986277632319575
3,5;47;0,129810207929287
3,5;47,5;0,127570582202662
3,5;48;0,069901988645023
3,5;48,5;0,0682146037198845
3,5;49;0,0732426132258869
3,5;49,5;0,0351430166523512
3,5;50;0,0268544695429878
3,5;50,5;0,0343999544003346
3,5;51;0,14170062535815
3,5;51,5;0,222883403249994
3,5;52;0,0615311335556544
3,5;52,5;0,0776204022367922
3,5;53;0,154234873972825
3,5;53,5;0,166766696330563
3,5;54;0,105304881652837
3,5;54,5;0,0904422754844503
3,5;55;0,123607393110883
3,5;55,5;0,145689188112208
3,5;56;0,173745292077577
3,5;56,5;0,0901048466829355
3,5;57;0,134602320245175
3,5;57,5;0,0524551564132968
3,5;58;0,0355750493269565
3,5;58,5;0,18153454146137
3,5;59;0,158850849565221
3,5;59,5;0,0298515914839443
3,5;60;0,0376996190890741
3,5;60,5;0,0504390851404961
3,5;61;0,0663525044854009
3,5;61,5;0,114731151629146
3,5;62;0,0334520322482575
3,5;62,5;0,0503036676034559
3,5;63;0,0483371573876012
3,5;63,5;0,0422766965725065
3,5;64;0,0647188135142714
3,5;64,5;0,109073429335531
3,5;65;0,039991165691104
3,5;65,5;0,059488011644463
3,5;66;0,0630358441448897
3,5;66,5;0,0552461565642901
3,5;67;0,0442345135860246
3,5;67,5;0,041616879345581
3,5;68;0,0519945472254204
3,5;68,5;0,0316924044012446
3,5;69;0,0298029894778725
3,5;69,5;0,0763471785114988
3,5;70;0,0887165094422625
3,5;70,5;0,0282878065604246
3,5;71;0,0558151442740259
3,5;71,5;0,0719352736800205
3,5;72;0,0566097572454132
3,5;72,5;0
3,5;73;0,0466933257186364
3,5;73,5;0,0446682213659779
3,5;74;0,0220302821891444
3,5;74,5;0,069592006574263
3,5;75;0,104269976839814
3,5;75,5;0,0599238911225959
3,5;76;0,0452953272056475
4;-25;0
4;-24,5;0,266270906507215
4;-24;0,20023442102152
4;-23,5;0,0498424791445282
4;-23;0,042405988458505
4;-22,5;0
4;-22;0
4;-21,5;0,0662625126918327
4;-21;0,0498052875372351
4;-20,5;0,0268700576850888
4;-20;0,0612887240225124
4;-19,5;0,00556776436283002
4;-19;0,0550586464186557
4;-18,5;0,0331880165789468
4;-18;0,0980660208453695
4;-17,5;0,178465611138321
4;-17;0,162251240825332
4;-16,5;0,23505013816868
4;-16;0,330068860314056
4;-15,5;0,0640041825556376
4;-15;0,0547772348201829
4;-14,5;0,111078550784769
4;-14;0,298382043156355
4;-13,5;0,194824246452154
4;-13;0,114688323636154
4;-12,5;0,0697565635687391
4;-12;0,071473461263777
4;-11,5;0,0635817490165098
4;-11;0,0505184100709589
4;-10,5;0,0365137372276396
4;-10;0,0384317150451483
4;-9,5;0,0195692812059435
4;-9;0,0259245308696803
4;-8,5;0,0495689222071702
4;-8;0,0338309099190344
4;-7,5;0,0336529823650291
4;-7;0,20572052331287
4;-6,5;0,159954009436765
4;-6;0,111799932506352
4;-5,5;0,142375360401398
4;-5;0,113705309302007
4;-4,5;0,148223548005997
4;-4;0,109076427307952
4;-3,5;0,0890196607497467
4;-3;0,087347383511729
4;-2,5;0,257340344095219
4;-2;0,127020123782533
4;-1,5;0,0713123436029139
4;-1;0,0742460663021586
4;-0,5;0,0870467465684633
4;0;0,174104903943085
4;0,5;0,373475668274907
4;1;0,241758984836782
4;1,5;0,140057407553004
4;2;0,0707606089155872
4;2,5;0,20174741795703
4;3;0,334350790636721
4;3,5;0,04613325709798
4;4;0,145220930766823
4;4,5;0,272975257710867
4;5;0,217095739764947
4;5,5;0,330449012916881
4;6;0,196889064148487
4;6,5;0,155160593070126
4;7;0,177145361782639
4;7,5;0,124501459272097
4;8;0,114288913657992
4;8,5;0,0634401683374003
4;9;0,134793231615153
4;9,5;0,0497465255511148
4;10;0,044995310438228
4;10,5;0,045109126940491
4;11;0,0309697088299805
4;11,5;0,301699783275776
4;12;0,228042029498141
4;12,5;0,313671490127822
4;13;0,0435376962152976
4;13,5;0,150990506516439
4;14;0,0846456512842034
4;14,5;0,0934085036072419
4;15;0,0712796275758111
4;15,5;0,090115634527017
4;16;0,0882846554739659
4;16,5;0,0222152381127845
4;17;0,036151542457253
4;17,5;0,0365054677213389
4;18;0,0200701181330175
4;18,5;0,0347297853287451
4;19;0,140471274378856
4;19,5;0,0285222256384718
4;20;0,187471597848848
4;20,5;0,071868630152522
4;21;0,0558064813519142
4;21,5;0,0401434257145448
4;22;0,0944429368431501
4;22,5;0,0720197688654859
4;23;0,100258931988757
4;23,5;0,0547370687397021
4;24;0,0596016101156223
4;24,5;0,0826800098091344
4;25;0,135333554363429
4;25,5;0,312395514857498
4;26;0,316267822829199
4;26,5;0,253668557476763
4;27;0,247092781282626
4;27,5;0,0942271630925118
4;28;0,106070631777226
4;28,5;0,066036847965785
4;29;0,052791491717853
4;29,5;0,0557956731553365
4;30;0,064561082188369
4;30,5;0,0302364063027742
4;31;0,0602265523113003
4;31,5;0,0856701519266161
4;32;0,106940322174973
4;32,5;0,078616139455713
4;33;0,0436445793795199
4;33,5;0,0725731425479409
4;34;0,0686068600044443
4;34,5;0,0376165043639122
4;35;0,0650839476978301
4;35,5;0,0471279918843103
4;36;0,0417568919486363
4;36,5;0,0305269672304885
4;37;0,0572577686092962
4;37,5;0,040550174681087
4;38;0,066403920940359
4;38,5;0,0276576971088771
4;39;0,0496016764690463
4;39,5;0,043746640957236
4;40;0,307630385804089
4;40,5;0,310383286810479
4;41;0,0386692515997368
4;41,5;0,0479870003631895
4;42;0,0412175454887523
4;42,5;0,0624388098220073
4;43;0,0892664959560723
4;43,5;0,145116034794448
4;44;0,0747991468455061
4;44,5;0,0633252361795049
4;45;0,0993334891019969
4;45,5;0,111605350966294
4;46;0,0404000621595949
4;46,5;0,168307615378376
4;47;0,219862414108543
4;47,5;0,121557696743702
4;48;0,0962318007048525
4;48,5;0,0397195769378196
4;49;0,0484606564554138
4;49,5;0,0256281525642554
4;50;0,036987372202947
4;50,5;0,0344249111807703
4;51;0,0524093783387392
4;51,5;0,118416318126453
4;52;0,0479246504913697
4;52,5;0,0580510035731213
4;53;0,0952927878361647
4;53,5;0,195942930764218
4;54;0,167658141999841
4;54,5;0,068781630501993
4;55;0,121079071070145
4;55,5;0,120263360717182
4;56;0,118809187370917
4;56,5;0,119871051456766
4;57;0,05579657315425
4;57,5;0,0947002327621904
4;58;0,0470204896568968
4;58,5;0,112941075339559
4;59;0,155483103172288
4;59,5;0,0593359355429174
4;60;0,0373011746480163
4;60,5;0,0308951708511363
4;61;0,0802887258779562
4;61,5;0,0814791264194742
4;62;0,0413588765160112
4;62,5;0,019896293624693
4;63;0,223633978218215
4;63,5;0,161895708352607
4;64;0,0708031250275099
4;64,5;0,0693749930679805
4;65;0,0616876090565286
4;65,5;0,058278498036011
4;66;0,0634442609100637
4;66,5;0,0407274511199176
4;67;0,0772582084262298
4;67,5;0,0829818855734993
4;68;0,0595076625718227
4;68,5;0,0550134543428256
4;69;0,0381441772865737
4;69,5;0,0232546291687865
4;70;0,0615075915926596
4;70,5;0,0687440690937998
4;71;0,0489870469535649
4;71,5;0,0751908682398778
4;72;0,0722866505551672
4;72,5;0
4;73;0,0837635561168062
4;73,5;0,0478373312007501
4;74;0
4;74,5;0,0799723978356559
4;75;0,0348852711449566
4;75,5;0,0448149791134747
4;76;0,057739068229406
4;76,5;0,05939696961967
4,5;-25;0,0240416305603426
4,5;-24,5;0,269042639559993
4,5;-24;0,0427609293166483
4,5;-23,5;0,0608377481645368
4,5;-23;0,0763937170191371
4,5;-22,5;0
4,5;-22;0
4,5;-21,5;0,0965601712232671
4,5;-21;0,115562894601579
4,5;-20,5;0,141234969701794
4,5;-20;0,0353321898042513
4,5;-19,5;0,0796283729444334
4,5;-19;0,0433095172648494
4,5;-18,5;0,0827163828996409
4,5;-18;0
4,5;-17,5;0,0887172850501337
4,5;-17;0,28703186539957
4,5;-16,5;0,178771518094517
4,5;-16;0,186014157294768
4,5;-15,5;0,324546709529871
4,5;-15;0,0621747073623107
4,5;-14,5;0,0446840762091672
4,5;-14;0,0852546638769162
4,5;-13,5;0,113917490234295
4,5;-13;0,28105497226681
4,5;-12,5;0,0437510688237677
4,5;-12;0,08301799587158
4,5;-11,5;0,0331395872098184
4,5;-11;0,0305238967508937
4,5;-10,5;0,0355669794199993
4,5;-10;0,0488643099066658
4,5;-9,5;0,0330318726373344
4,5;-9;0,0375978211316315
4,5;-8,5;0,0488218807182431
4,5;-8;0,064341690667053
4,5;-7,5;0,0299478487015529
4,5;-7;0,0609260916659754
4,5;-6,5;0,0426733863342783
4,5;-6;0,174717432307658
4,5;-5,5;0,0974760562515301
4,5;-5;0,142657199123525
4,5;-4,5;0,318703690406717
4,5;-4;0,280961367205213
4,5;-3,5;0,0896570643263169
4,5;-3;0,0618498022568843
4,5;-2,5;0,100757611913659
4,5;-2;0,043820949673097
4,5;-1,5;0,0897202815734538
4,5;-1;0,0685933128080535
4,5;-0,5;0,0532990717257998
4,5;0;0,262085729250152
4,5;0,5;0,0488339684423578
4,5;1;0,192873841494336
4,5;1,5;0,0683679258003116
4,5;2;0,103415998437294
4,5;2,5;0,178467733654918
4,5;3;0,139493570455226
4,5;3,5;0,0663630105823547
4,5;4;0,246161082448865
4,5;4,5;0,0921589214585746
4,5;5;0,0483626922327531
4,5;5,5;0,061373032950586
4,5;6;0,0609316726570211
4,5;6,5;0,111967767646477
4,5;7;0,0914101750911398
4,5;7,5;0,12960041152198
4,5;8;0,125231130667076
4,5;8,5;0,0789388070704643
4,5;9;0,0541398454468959
4,5;9,5;0,0307103055180793
4,5;10;0,0390265149676911
4,5;10,5;0,0378436066924535
4,5;11;0,0317660270236477
4,5;11,5;0,249542136093186
4,5;12;0,364758126772841
4,5;12,5;0,0756783792102461
4,5;13;0,161289961413885
4,5;13,5;0,190076222567882
4,5;14;0,0880621685955861
4,5;14,5;0,0816629107789132
4,5;15;0,0781006389469482
4,5;15,5;0,0287546905983173
4,5;16;0,177819944063896
4,5;16,5;0,12935431406603
4,5;17;0,0854363955580431
4,5;17,5;0,0819243279997296
4,5;18;0,0827122372284043
4,5;18,5;0,0286365632508675
4,5;19;0,0395575878286447
4,5;19,5;0,113319159292439
4,5;20;0,102543649242652
4,5;20,5;0,146984661218812
4,5;21;0,11794808179873
4,5;21,5;0,0604975866376562
4,5;22;0,039973674188135
4,5;22,5;0,0875691947293466
4,5;23;0,129883826031045
4,5;23,5;0,0618454630087433
4,5;24;0,175055033849453
4,5;24,5;0,233286851529225
4,5;25;0,229202522113634
4,5;25,5;0,246401966156157
4,5;26;0,313735144949479
4,5;26,5;0,224931390574427
4,5;27;0,242403289272928
4,5;27,5;0,0549567620179441
4,5;28;0,0619985527120178
4,5;28,5;0,0820076702704892
4,5;29;0,0521743300319776
4,5;29,5;0,0375287217831581
4,5;30;0,0535670467862525
4,5;30,5;0,0282814541527339
4,5;31;0,0555843619137192
4,5;31,5;0,110212991284042
4,5;32;0,0953931765207646
4,5;32,5;0,0332123594095234
4,5;33;0,112012108469866
4,5;33,5;0,0535728279929263
4,5;34;0,061943843981162
4,5;34,5;0,310339337956366
4,5;35;0,312580166405771
4,5;35,5;0,142143926150038
4,5;36;0,0349520397380249
4,5;36,5;0,0776662392740497
4,5;37;0,0831889270471717
4,5;37,5;0,0301868463324167
4,5;38;0,0356579731172701
4,5;38,5;0,0282543358265099
4,5;39;0,0315824420850547
4,5;39,5;0,0648715429128197
4,5;40;0,260604786378139
4,5;40,5;0,32458854390059
4,5;41;0,045370107560154
4,5;41,5;0,0486091293650392
4,5;42;0,0987157276625928
4,5;42,5;0,0527633379792327
4,5;43;0,0633964948931587
4,5;43,5;0,0485011124940992
4,5;44;0,134142012347303
4,5;44,5;0,0824760571317519
4,5;45;0,140224365168371
4,5;45,5;0,0940582332400043
4,5;46;0,0544289135101184
4,5;46,5;0,154476360495786
4,5;47;0,207286050257367
4,5;47,5;0,0551535193481067
4,5;48;0,0365748934585664
4,5;48,5;0,0615115757364403
4,5;49;0,0437263407857019
4,5;49,5;0,0318504317082202
4,5;50;0,0346522934677783
4,5;50,5;0,0471657180447588
4,5;51;0,0498020079344478
4,5;51,5;0,0306322519180555
4,5;52;0,0815619325043268
4,5;52,5;0,16410464273727
4,5;53;0,0786127398372648
4,5;53,5;0,199533396023715
4,5;54;0,173256509598643
4,5;54,5;0,0587066179767409
4,5;55;0,116090601225209
4,5;55,5;0,0774376427528668
4,5;56;0,0745016816123171
4,5;56,5;0,0869765205236311
4,5;57;0,0976695808684927
4,5;57,5;0,12478641831577
4,5;58;0,0796487520750781
4,5;58,5;0,0880567167370956
4,5;59;0,0464897582167042
4,5;59,5;0,0505185702474805
4,5;60;0,0256814975131149
4,5;60,5;0,0348038653289453
4,5;61;0,0939629903419797
4,5;61,5;0,0984569658157667
4,5;62;0,0538380858590489
4,5;62,5;0,0317895725525985
4,5;63;0,0664717381945863
4,5;63,5;0,0759132653733794
4,5;64;0,124502246077533
4,5;64,5;0,0801783219560519
4,5;65;0,100171975166807
4,5;65,5;0,0549240837043299
4,5;66;0,0825249209214975
4,5;66,5;0,069945017111437
4,5;67;0,116056087236368
4,5;67,5;0,103355618364702
4,5;68;0,0594454964270175
4,5;68,5;0,0653580635468053
4,5;69;0,0628485154751956
4,5;69,5;0,0616522505671934
4,5;70;0,0551686871838006
4,5;70,5;0,0661838378704115
4,5;71;0,0578486170966947
4,5;71,5;0,0352971325483752
4,5;72;0,0549565450946427
4,5;72,5;0,0700637464843879
4,5;73;0,100400066137544
4,5;73,5;0
4,5;74;0
4,5;74,5;0,282360263756052
4,5;75;0,320157762342976
4,5;75,5;0,0465223960403302
4,5;76;0
4,5;76,5;0
5;-25;0
5;-24,5;0,327390185151194
5;-24;0
5;-23,5;0,0431558000380375
5;-23;0,117557550917743
5;-22,5;0
5;-22;0
5;-21,5;0,0797762495984864
5;-21;0,113463255093489
5;-20,5;0,184460863057723
5;-20;0,142177693169279
5;-19,5;0,071759880988478
5;-19;0,0352817233139199
5;-18,5;0,053326097994066
5;-18;0,0631067085710122
5;-17,5;0,214957509218056
5;-17;0,106231330539701
5;-16,5;0,126565833244709
5;-16;0,0925075941248081
5;-15,5;0
5;-15;0,0484024913572705
5;-14,5;0,051733290377989
5;-14;0,0599467949652105
5;-13,5;0,102109334423796
5;-13;0,144026172508148
5;-12,5;0,107174338500398
5;-12;0,0657959028902143
5;-11,5;0,0420899956297892
5;-11;0,0314554422573459
5;-10,5;0,0337535364000899
5;-10;0,0352015373995812
5;-9,5;0,0475516067344764
5;-9;0,0549867516511283
5;-8,5;0,0933839215402954
5;-8;0,0973422448586915
5;-7,5;0,043702541668075
5;-7;0,0331260910604515
5;-6,5;0,0300311516471854
5;-6;0,0251411020431599
5;-5,5;0,0331290934994253
5;-5;0,0340068712133243
5;-4,5;0,241923499887836
5;-4;0,282865751866559
5;-3,5;0,0670567550348367
5;-3;0,036962316149371
5;-2,5;0,0791973091342419
5;-2;0,129226138283063
5;-1,5;0,0859154839692761
5;-1;0,0632426598273552
5;-0,5;0,061757870534878
5;0;0,28076654395397
5;0,5;0,0793942346166151
5;1;0,173069456908493
5;1,5;0,0838341534773042
5;2;0,112087286431666
5;2,5;0,116556453057355
5;3;0,0521622468841211
5;3,5;0,0344109963044761
5;4;0,296171354010882
5;4,5;0,0576387820924586
5;5;0,051535510237379
5;5,5;0,0480329339630429
5;6;0,106907234317006
5;6,5;0,0433349676530121
5;7;0,0281087274742933
5;7,5;0,161738431147927
5;8;0,151092764274064
5;8,5;0,0770768926651828
5;9;0,0263678366559973
5;9,5;0,0494108694726026
5;10;0,0587415347631988
5;10,5;0,0241739620412408
5;11;0,04460898222069
5;11,5;0,072700312237631
5;12;0,0857977746023856
5;12,5;0,0175382748265382
5;13;0,14954987144624
5;13,5;0,232861652136655
5;14;0,115045330521278
5;14,5;0,069360349816893
5;15;0,0561452890121769
5;15,5;0,0639871482638612
5;16;0,079758594966777
5;16,5;0,125740839886757
5;17;0,153734890856522
5;17,5;0,14369453844232
5;18;0,0890649839080624
5;18,5;0,0427166737432384
5;19;0,0402859749741064
5;19,5;0,0490400168158589
5;20;0,241369182439277
5;20,5;0,294982658359407
5;21;0,07558419766485
5;21,5;0,0314733194104267
5;22;0,055316189800044
5;22,5;0,132032562349828
5;23;0,15782779784976
5;23,5;0,174071347504518
5;24;0,17597209818276
5;24,5;0,199787754114748
5;25;0,222115687227167
5;25,5;0,302836047455806
5;26;0,350087647624539
5;26,5;0,297112258839344
5;27;0,0808701101760592
5;27,5;0,0227949561759103
5;28;0,037851534199015
5;28,5;0,0565242932472791
5;29;0,0452112099086118
5;29,5;0,0501439910129892
5;30;0,0782816583602869
5;30,5;0,0505973221188853
5;31;0,025058771539118
5;31,5;0,0544621183770322
5;32;0,079621856814851
5;32,5;0,0586367179560186
5;33;0,0850614165724331
5;33,5;0,0493532447938831
5;34;0,0401996018510223
5;34,5;0,184047563423809
5;35;0,383752230275062
5;35,5;0,0306046950915601
5;36;0,0367081279374427
5;36,5;0,0456488440558904
5;37;0,0289226073795371
5;37,5;0,0277460863568765
5;38;0,0380810348944173
5;38,5;0,0270142080575165
5;39;0,0486811178966694
5;39,5;0,044559957441211
5;40;0,0835784389791104
5;40,5;0,142743725309471
5;41;0,0497773749970547
5;41,5;0,0390613639828917
5;42;0,0618702169019618
5;42,5;0,0821766066339512
5;43;0,118874273815686
5;43,5;0,221538306435901
5;44;0,0430623416235862
5;44,5;0,0387709005460055
5;45;0,0453862111927597
5;45,5;0,0844503039954052
5;46;0,0424559047636939
5;46,5;0,0563701372380353
5;47;0,0939827387453293
5;47,5;0,0482974766481874
5;48;0,0672000436318091
5;48,5;0,0279842280009066
5;49;0,0383416352251118
5;49,5;0,0441935487135754
5;50;0,0248043279125961
5;50,5;0,0142133245597686
5;51;0,0269790978803873
5;51,5;0,0208083697881838
5;52;0,061448160767993
5;52,5;0,074825102093685
5;53;0,130949024657779
5;53,5;0,105029855699393
5;54;0,0537775296362832
5;54,5;0,0624735812229825
5;55;0,050525321230359
5;55,5;0,0688985230548546
5;56;0,0777438163992472
5;56,5;0,0854089707165504
5;57;0,0958313747933057
5;57,5;0,104856111604364
5;58;0,0494931918233848
5;58,5;0,0759318041988263
5;59;0,0574781699384575
5;59,5;0,0529269214996155
5;60;0,170743992768116
5;60,5;0,0191335136907429
5;61;0,0216734999827845
5;61,5;0,0222097894093105
5;62;0,0503744234888725
5;62,5;0,0384454749672123
5;63;0,11368752384416
5;63,5;0,0824394539929798
5;64;0,142408985426409
5;64,5;0,12871148262973
5;65;0,0292735638155237
5;65,5;0,0704590079043964
5;66;0,131323519091847
5;66,5;0,0710474984080996
5;67;0,0772223189868551
5;67,5;0,109003979959719
5;68;0,0735929217293007
5;68,5;0,055121456802229
5;69;0,117619114763016
5;69,5;0,101756308503927
5;70;0,117687316126694
5;70,5;0,0412086339879341
5;71;0,0351698260824057
5;71,5;0,0691323207897564
5;72;0,0866981178363385
5;72,5;0,0807602005941045
5;73;0,088807930006592
5;73,5;0,0780081054514788
5;74;0
5;74,5;0,20700836786907
5;75;0,265656640249415
5;75,5;0,121072104737031
5;76;0
5;76,5;0
5,5;-25;0
5,5;-24,5;0
5,5;-24;0
5,5;-23,5;0
5,5;-23;0,107506234592188
5,5;-22,5;0
5,5;-22;0
5,5;-21,5;0
5,5;-21;0,0807407115400899
5,5;-20,5;0,289026750492061
5,5;-20;0,182801786593617
5,5;-19,5;0,128613210764654
5,5;-19;0,0554278568215293
5,5;-18,5;0,0384262130082298
5,5;-18;0,0569303668235737
5,5;-17,5;0
5,5;-17;0,0337382078164604
5,5;-16,5;0,0416155877389367
5,5;-16;0,0500233461979021
5,5;-15,5;0
5,5;-15;0,0240416305603426
5,5;-14,5;0,129070256365377
5,5;-14;0,251407637115502
5,5;-13,5;0,0852889824438995
5,5;-13;0,327297390641759
5,5;-12,5;0,140689327731675
5,5;-12;0,0455370787849534
5,5;-11,5;0,0710699323540562
5,5;-11;0,061210433622586
5,5;-10,5;0,0359255502573074
5,5;-10;0,0444066960985063
5,5;-9,5;0,032452304182964
5,5;-9;0,0354809963064892
5,5;-8,5;0,18486052897287
5,5;-8;0,0959984557624336
5,5;-7,5;0,0552140598545241
5,5;-7;0,0314426584571367
5,5;-6,5;0,0472107807792053
5,5;-6;0,0544684120849682
5,5;-5,5;0,0316317340452401
5,5;-5;0,111129410632723
5,5;-4,5;0,0618017353153606
5,5;-4;0,254064672211435
5,5;-3,5;0,101931528872569
5,5;-3;0,0315012571352625
5,5;-2,5;0,0241757454211172
5,5;-2;0,0797446026568103
5,5;-1,5;0,0373003666921909
5,5;-1;0,0428441568794566
5,5;-0,5;0,114953034486877
5,5;0;0,294408389826105
5,5;0,5;0,0578685220151715
5,5;1;0,236841822818126
5,5;1,5;0,0850519789214648
5,5;2;0,074687906205311
5,5;2,5;0,0677072046737885
5,5;3;0,0686616098461627
5,5;3,5;0,0375396111988868
5,5;4;0,0773491716349767
5,5;4,5;0,0643537550196099
5,5;5;0,0676306825978427
5,5;5,5;0,0878221400975661
5,5;6;0,0925069634784918
5,5;6,5;0,0695793242935429
5,5;7;0,0244378731045334
5,5;7,5;0,0920398829639761
5,5;8;0,19769011326405
5,5;8,5;0,0999695208371968
5,5;9;0,0599881932827897
5,5;9,5;0,085151809823711
5,5;10;0,0669805756966985
5,5;10,5;0,0353285737997129
5,5;11;0,0875624869362291
5,5;11,5;0,0889793000659164
5,5;12;0,220072481486073
5,5;12,5;0,291604711026755
5,5;13;0,120085076017354
5,5;13,5;0,0839509465138528
5,5;14;0,167659783991403
5,5;14,5;0,107882332006289
5,5;15;0,0438343141495831
5,5;15,5;0,0878457738596883
5,5;16;0,102399344236038
5,5;16,5;0,0705204198170041
5,5;17;0,0267385489509061
5,5;17,5;0,0227635498479625
5,5;18;0,0339265776667248
5,5;18,5;0,115299197563026
5,5;19;0,0964097682673646
5,5;19,5;0,0341905714936642
5,5;20;0,322552528021923
5,5;20,5;0,276456240216822
5,5;21;0,0542004454964258
5,5;21,5;0,0475711168360045
5,5;22;0,0486281315604801
5,5;22,5;0,0489173869273661
5,5;23;0,139955528651068
5,5;23,5;0,101498573047006
5,5;24;0,0969155158766173
5,5;24,5;0,0571964451109799
5,5;25;0,0490928366624933
5,5;25,5;0,0804137629901556
5,5;26;0,149693511492383
5,5;26,5;0,0852049029228581
5,5;27;0,125624212861784
5,5;27,5;0,0368766501316209
5,5;28;0,0402209394089963
5,5;28,5;0,0382173118320267
5,5;29;0,0668986792347825
5,5;29,5;0,0667618843385559
5,5;30;0,0852478143176608
5,5;30,5;0,0600577026336716
5,5;31;0,0653584553516254
5,5;31,5;0,0845414621084057
5,5;32;0,0628071026465729
5,5;32,5;0,0558801619183072
5,5;33;0,047502245838768
5,5;33,5;0,0579497976277125
5,5;34;0,0654016563844138
5,5;34,5;0,0371277654814208
5,5;35;0,0366679069245858
5,5;35,5;0,0560762091572044
5,5;36;0,063543116551397
5,5;36,5;0,0776732634459358
5,5;37;0,040101903597913
5,5;37,5;0,0512082215657102
5,5;38;0,0519401616493139
5,5;38,5;0,0345728775588267
5,5;39;0,0360684447000593
5,5;39,5;0,0693194883135695
5,5;40;0,0411811040810386
5,5;40,5;0,031967431342957
5,5;41;0,0414982965125724
5,5;41,5;0,0330474397705407
5,5;42;0,0958372128066307
5,5;42,5;0,123835822177356
5,5;43;0,0724774343716177
5,5;43,5;0,0997916847331497
5,5;44;0,0451574041412468
5,5;44,5;0,092239975191471
5,5;45;0,121170073817238
5,5;45,5;0,0492563415028936
5,5;46;0,0609604556181977
5,5;46,5;0,0625533243154495
5,5;47;0,069685090382935
5,5;47,5;0,0491432234995752
5,5;48;0,0492815726501125
5,5;48,5;0,0582956996198215
5,5;49;0,0236412199962939
5,5;49,5;0,0504220910590895
5,5;50;0,0574724020486805
5,5;50,5;0,0572300911525863
5,5;51;0,0502964544807418
5,5;51,5;0,0476366968751887
5,5;52;0,0237180147666167
5,5;52,5;0,0419192707996908
5,5;53;0,0483221307582752
5,5;53,5;0,0369959485631067
5,5;54;0,053271895295132
5,5;54,5;0,0676271743284175
5,5;55;0,0888628335816601
5,5;55,5;0,0833186653757728
5,5;56;0,0747097560838823
5,5;56,5;0,0668365746223145
5,5;57;0,0775463237737745
5,5;57,5;0,0813553504948315
5,5;58;0,0534840087702782
5,5;58,5;0,0592347399715197
5,5;59;0,0817417661532057
5,5;59,5;0,122021926920331
5,5;60;0,0214297654789979
5,5;60,5;0,0250475940404086
5,5;61;0,0336964567592759
5,5;61,5;0,045662571352643
5,5;62;0,0356612664655355
5,5;62,5;0,0384683358815673
5,5;63;0,0274712072339524
5,5;63,5;0,0341126211008088
5,5;64;0,0242514739124884
5,5;64,5;0,119818126063352
5,5;65;0,0875220769869749
5,5;65,5;0,0360297029657243
5,5;66;0,0208738144341723
5,5;66,5;0,0833749846158996
5,5;67;0,0960479391814555
5,5;67,5;0,0828201776029357
5,5;68;0,0899784184650613
5,5;68,5;0,0953626206213142
5,5;69;0,104572891144357
5,5;69,5;0,10464352754539
5,5;70;0,0922238119006229
5,5;70,5;0,0459202206731051
5,5;71;0
5,5;71,5;0
5,5;72;0
5,5;72,5;0,0439162623095146
5,5;73;0,0618415313523202
5,5;73,5;0,0844601727698548
5,5;74;0,0410957553904428
5,5;74,5;0,0642315009499678
5,5;75;0,0897624827157945
5,5;75,5;0,108447796729047
5,5;76;0,0707106781186548
5,5;76,5;0
6;-25;0
6;-24,5;0
6;-24;0
6;-23,5;0
6;-23;0
6;-22,5;0
6;-22;0
6;-21,5;0
6;-21;0,123160419327351
6;-20,5;0
6;-20;0,0339411254969543
6;-19,5;0,0653662352365096
6;-19;0,0760330714688631
6;-18,5;0,056023149976892
6;-18;0,0281585646279203
6;-17,5;0,0746107398435373
6;-17;0,0604986851848113
6;-16,5;0,0720184876373862
6;-16;0,0372424488990721
6;-15,5;0,0820243866176395
6;-15;0,272042368023806
6;-14,5;0,146792417846707
6;-14;0,333474546754821
6;-13,5;0,0750201532377325
6;-13;0,0608725349993031
6;-12,5;0,0809069149234991
6;-12;0,0666912043216417
6;-11,5;0,0699268568299938
6;-11;0,0931841048883668
6;-10,5;0,104368612903053
6;-10;0,104909470444087
6;-9,5;0,149300697995607
6;-9;0,0443644545883061
6;-8,5;0,0563088195686634
6;-8;0,0348885640476395
6;-7,5;0,0384186855878601
6;-7;0,0654297265520526
6;-6,5;0,0620758800402594
6;-6;0,0516048245327694
6;-5,5;0,0904263838293256
6;-5;0,0861381004280748
6;-4,5;0,128271833754656
6;-4;0,0440616757946945
6;-3,5;0,036699781328774
6;-3;0,034181779900043
6;-2,5;0,0266482494941399
6;-2;0,0809566730613682
6;-1,5;0,0439502034770595
6;-1;0,0535893939179747
6;-0,5;0,0451360905115481
6;0;0,0277455826280852
6;0,5;0,0295861641049085
6;1;0,0603264272412304
6;1,5;0,0384666343201854
6;2;0,0624698031735329
6;2,5;0,107156918098734
6;3;0,0858745064264971
6;3,5;0,0756159901173853
6;4;0,0833365418115122
6;4,5;0,0797485761593838
6;5;0,0476273456071906
6;5,5;0,197825283963417
6;6;0,0369426499286868
6;6,5;0,0598741839721936
6;7;0,0411943402601351
6;7,5;0,232068363677965
6;8;0,165492075267108
6;8,5;0,261040735714714
6;9;0,244023031304757
6;9,5;0,0538771296380868
6;10;0,0330004653944977
6;10,5;0,097377517189516
6;11;0,319194568330651
6;11,5;0,276967816948728
6;12;0,381535721459094
6;12,5;0,31791664432061
6;13;0,238096664778639
6;13,5;0,109430000831112
6;14;0,126491276825509
6;14,5;0,12788532358248
6;15;0,0348819921564816
6;15,5;0,0616722139464378
6;16;0,0604434260383425
6;16,5;0,0546100639067851
6;17;0,0272927781903453
6;17,5;0,0237555213242823
6;18;0,0487982917553157
6;18,5;0,0607322820585034
6;19;0,0499767445918599
6;19,5;0,0324944716263322
6;20;0,171774973108875
6;20,5;0,172442814811651
6;21;0,045345510133377
6;21,5;0,0469501229986331
6;22;0,0496427235352776
6;22,5;0,0657643384317549
6;23;0,0297422582931198
6;23,5;0,0611495040513824
6;24;0,0716179855507102
6;24,5;0,0544229103231725
6;25;0,0832160866653186
6;25,5;0,119189862891011
6;26;0,152878910111973
6;26,5;0,0798231128110335
6;27;0,0933595741423107
6;27,5;0,0581442208067418
6;28;0,0599481720599831
6;28,5;0,0534370868563647
6;29;0,0425161948053714
6;29,5;0,0629290999302956
6;30;0,0839906844980964
6;30,5;0,0520894246628682
6;31;0,0597303709339467
6;31,5;0,0519132976817162
6;32;0,25715803846917
6;32,5;0,0865290705024433
6;33;0,0499521123462408
6;33,5;0,0366141121329319
6;34;0,033774250110514
6;34,5;0,0501064800600901
6;35;0,0489896110453448
6;35,5;0,0525708909155092
6;36;0,0652256485777168
6;36,5;0,052033580660951
6;37;0,0557238181351837
6;37,5;0,0419033493443485
6;38;0,0585779753975901
6;38,5;0,0233147850322907
6;39;0,0251866366684134
6;39,5;0,0309161489267795
6;40;0,0383394571214644
6;40,5;0,0471037728640883
6;41;0,0482341254315811
6;41,5;0,0417600857506874
6;42;0,0572298917018168
6;42,5;0,0670612837725893
6;43;0,0465068924658696
6;43,5;0,0804300063680822
6;44;0,10763747609687
6;44,5;0,145615037089273
6;45;0,0795477678901919
6;45,5;0,0657105650363617
6;46;0,0721480480306913
6;46,5;0,0412884781999291
6;47;0,0640774874911854
6;47,5;0,0486633478972772
6;48;0,0625262574426543
6;48,5;0,0288869727130586
6;49;0,028351976527268
6;49,5;0,3442512852306
6;50;0,348271423851143
6;50,5;0,0465108625009095
6;51;0,0443532355542663
6;51,5;0,0837765912345546
6;52;0,0535057870645286
6;52,5;0,17530914561921
6;53;0,0992014753069793
6;53,5;0,0433767108134846
6;54;0,0535753292982378
6;54,5;0,0566567468373393
6;55;0,221002035002536
6;55,5;0,23291014047741
6;56;0,0461222892728187
6;56,5;0,061613306922156
6;57;0,0485039909992687
6;57,5;0,0705912499225234
6;58;0,0626151849727574
6;58,5;0,0630541634400723
6;59;0,0704792955497604
6;59,5;0,0650249603651175
6;60;0,0348283606545349
6;60,5;0,0361605298092259
6;61;0,303137705174345
6;61,5;0,379854207847194
6;62;0,0626164298770904
6;62,5;0,0338573859098006
6;63;0,0360837400727898
6;63,5;0,0486685645228425
6;64;0,0416367511655154
6;64,5;0,0501041927208206
6;65;0,0814235181904843
6;65,5;0,0391340476338766
6;66;0,0335617549876263
6;66,5;0,0636565473712018
6;67;0,0943452625807389
6;67,5;0,0740183911080363
6;68;0,138605131048389
6;68,5;0,04543378882139
6;69;0,0518397255283739
6;69,5;0,0843465075348905
6;70;0,0636895321559113
6;70,5;0,091806424286266
6;71;0
6;71,5;0
6;72;0
6;72,5;0,0411983276092877
6;73;0,0440938393278093
6;73,5;0,0577215538406389
6;74;0
6;74,5;0,0653337585020179
6;75;0,0629446004616181
6;75,5;0,0812175209809171
6;76;0,0724896544342708
6;76,5;0
6,5;-25;0
6,5;-24,5;0
6,5;-24;0
6,5;-23,5;0
6,5;-23;0,0308454930977679
6,5;-22,5;0
6,5;-22;0
6,5;-21,5;0
6,5;-21;0
6,5;-20,5;0,0790814629213305
6,5;-20;0,0211825399798985
6,5;-19,5;0,242833690181071
6,5;-19;0,159989374481926
6,5;-18,5;0,168730393152196
6,5;-18;0,0401466063322917
6,5;-17,5;0,103018089026475
6,5;-17;0,0643279029671039
6,5;-16,5;0,0643993869982598
6,5;-16;0,0425675933075855
6,5;-15,5;0,0329031211986855
6,5;-15;0,0379923139057878
6,5;-14,5;0,0502098161819543
6,5;-14;0,0856634889164184
6,5;-13,5;0,0644926352384518
6,5;-13;0,206569240362232
6,5;-12,5;0,171335802907214
6,5;-12;0,108527682365935
6,5;-11,5;0,0815221532582492
6,5;-11;0,143146364042058
6,5;-10,5;0,154528510657615
6,5;-10;0,067022392836667
6,5;-9,5;0,0923515218251797
6,5;-9;0,0478617152467024
6,5;-8,5;0,0746708163919224
6,5;-8;0,0249359178696113
6,5;-7,5;0,026151502242103
6,5;-7;0,0835619808274352
6,5;-6,5;0,0818594516507496
6,5;-6;0,0581359091525253
6,5;-5,5;0,0668749454277551
6,5;-5;0,0790057898171961
6,5;-4,5;0,135254064453072
6,5;-4;0,0422496025219199
6,5;-3,5;0,27212545831281
6,5;-3;0,0411926802328023
6,5;-2,5;0,0381350940663457
6,5;-2;0,0411458067179187
6,5;-1,5;0,0642784308043271
6,5;-1;0,0486061545944833
6,5;-0,5;0,0321938184560128
6,5;0;0,0484683596062695
6,5;0,5;0,046998968129842
6,5;1;0,0453362754441568
6,5;1,5;0,0532414920323351
6,5;2;0,0451596052341424
6,5;2,5;0,109249993223266
6,5;3;0,156880973375239
6,5;3,5;0,0810217125611159
6,5;4;0,137562337484556
6,5;4,5;0,174895969078764
6,5;5;0,0917773198904882
6,5;5,5;0,143644709338731
6,5;6;0,0491148856131776
6,5;6,5;0,0372827499458687
6,5;7;0,0489844018575745
6,5;7,5;0,178218351699125
6,5;8;0,173361793065156
6,5;8,5;0,237150384690132
6,5;9;0,246406723560819
6,5;9,5;0,0236903462804378
6,5;10;0,191984904566133
6,5;10,5;0,360674650021379
6,5;11;0,224402362059848
6,5;11,5;0,0515941074966382
6,5;12;0,32898406749669
6,5;12,5;0,245061434362019
6,5;13;0,0932702743489853
6,5;13,5;0,147550418146872
6,5;14;0,176471221880836
6,5;14,5;0,150901689039655
6,5;15;0,177375246084037
6,5;15,5;0,103939921073222
6,5;16;0,119383302355714
6,5;16,5;0,115257939148137
6,5;17;0,0723430304147316
6,5;17,5;0,0298711624531175
6,5;18;0,0548980618863686
6,5;18,5;0,0619329802901414
6,5;19;0,0654303915199488
6,5;19,5;0,0407704367452287
6,5;20;0,145500665510203
6,5;20,5;0,0613543640581558
6,5;21;0,0397547093386501
6,5;21,5;0,0426557799687017
6,5;22;0,0210186359655245
6,5;22,5;0,0293961401862768
6,5;23;0,0371503923652572
6,5;23,5;0,0509621490285566
6,5;24;0,060652740735087
6,5;24,5;0,0784365143084489
6,5;25;0,0743827474146234
6,5;25,5;0,045406899085864
6,5;26;0,161546222351137
6,5;26,5;0,164590808928547
6,5;27;0,0688997628817934
6,5;27,5;0,0395754222919576
6,5;28;0,0448556214627823
6,5;28,5;0,0659966742189147
6,5;29;0,0521240358357585
6,5;29,5;0,0563962262292322
6,5;30;0,0641796678642676
6,5;30,5;0,0701710829179598
6,5;31;0,0547451534863017
6,5;31,5;0,0546611735776025
6,5;32;0,34031299629342
6,5;32,5;0,189334269583408
6,5;33;0,0367829546038073
6,5;33,5;0,0509641234629016
6,5;34;0,0534325183950613
6,5;34,5;0,0643424265066325
6,5;35;0,0433654279908268
6,5;35,5;0,0388149520292314
6,5;36;0,0476403702959516
6,5;36,5;0,0712542289205664
6,5;37;0,0298867096480743
6,5;37,5;0,0488072586997614
6,5;38;0,0713651977802122
6,5;38,5;0,0565815691452804
6,5;39;0,0289318782879235
6,5;39,5;0,0274874251871172
6,5;40;0,0406855142132873
6,5;40,5;0,0268697873485252
6,5;41;0,0398774960255222
6,5;41,5;0,0397639784519422
6,5;42;0,0379402412322577
6,5;42,5;0,0309332681635949
6,5;43;0,0438123545243072
6,5;43,5;0,0391656592907954
6,5;44;0,0716409034533977
6,5;44,5;0,0985147532380941
6,5;45;0,116419507381481
6,5;45,5;0,119987953907913
6,5;46;0,106709910834277
6,5;46,5;0,0822782275996029
6,5;47;0,0681300709210446
6,5;47,5;0,0435286916189834
6,5;48;0,0696246418755782
6,5;48,5;0,0280780612045847
6,5;49;0,0294460290608255
6,5;49,5;0,216898422036892
6,5;50;0,340922662888418
6,5;50,5;0,0399696630826699
6,5;51;0,0424065606266388
6,5;51,5;0,0696695081026419
6,5;52;0,0941437510534436
6,5;52,5;0,169481548972874
6,5;53;0,021966130653435
6,5;53,5;0,0206432361467213
6,5;54;0,0339305730817602
6,5;54,5;0,049839890576261
6,5;55;0,188170458229327
6,5;55,5;0,186323571876541
6,5;56;0,0738877167643221
6,5;56,5;0,0834771930952896
6,5;57;0,0541460331070944
6,5;57,5;0,0613470418759174
6,5;58;0,0655758701252823
6,5;58,5;0,0454603888930226
6,5;59;0,0453215399858296
6,5;59,5;0,0425952297741899
6,5;60;0,0306640618770475
6,5;60,5;0,0421127371656005
6,5;61;0,367984309475556
6,5;61,5;0,357274439454769
6,5;62;0,268489868568275
6,5;62,5;0,0268510707421511
6,5;63;0,0623411314195264
6,5;63,5;0,0414946526862244
6,5;64;0,0400196613507648
6,5;64,5;0,0433490306874152
6,5;65;0,0596764669007339
6,5;65,5;0,0326679421519698
6,5;66;0,0373474117800239
6,5;66,5;0,05944042348725
6,5;67;0,0774742353486444
6,5;67,5;0,0522099394538796
6,5;68;0
6,5;68,5;0,0378787539393787
6,5;69;0,0519588269398925
6,5;69,5;0,109419681349685
6,5;70;0,0838812344766468
6,5;70,5;0,0603203855511839
6,5;71;0
6,5;71,5;0
6,5;72;0,0565685424949238
6,5;72,5;0,0449688781269891
6,5;73;0,0544402647333977
6,5;73,5;0,0492151314807414
6,5;74;0
6,5;74,5;0,107712711437082
6,5;75;0,0658308167089808
6,5;75,5;0
6,5;76;0,0935022281374442
6,5;76,5;0
7;-25;0
7;-24,5;0
7;-24;0
7;-23,5;0
7;-23;0
7;-22,5;0
7;-22;0
7;-21,5;0
7;-21;0,268926712922084
7;-20,5;0,300428446089102
7;-20;0
7;-19,5;0,328825387505254
7;-19;0,165912621127696
7;-18,5;0,137512574826065
7;-18;0,0706328535456412
7;-17,5;0,0785915299647622
7;-17;0,0425255815792387
7;-16,5;0,0518380829323892
7;-16;0,0175539983235403
7;-15,5;0,0391786506488759
7;-15;0,0433289042025521
7;-14,5;0,0284077454226836
7;-14;0,0980998640841736
7;-13,5;0,0795410446108032
7;-13;0,157594896116757
7;-12,5;0,119417922007621
7;-12;0,11070383454538
7;-11,5;0,132735262422428
7;-11;0,141566304031806
7;-10,5;0,0386730837586998
7;-10;0,0392969762757394
7;-9,5;0,0663042378712436
7;-9;0,0690333679442363
7;-8,5;0,0513341762193865
7;-8;0,0502626443939246
7;-7,5;0,0773745910492051
7;-7;0,0770119721682344
7;-6,5;0,0250151271178749
7;-6;0,141347899558178
7;-5,5;0,0845420474459768
7;-5;0,0792470526412424
7;-4,5;0,0947390228940154
7;-4;0,0355115363816049
7;-3,5;0,190779308279979
7;-3;0,37837609082293
7;-2,5;0,0451403596143817
7;-2;0,0374953629252519
7;-1,5;0,0719144933418645
7;-1;0,0643260023085747
7;-0,5;0,0464475221259059
7;0;0,0404809660636376
7;0,5;0,0384690196936506
7;1;0,0410506655592469
7;1,5;0,0617041548932682
7;2;0,0250530071656893
7;2,5;0,0603104851733821
7;3;0,119130449716211
7;3,5;0,0801567228002994
7;4;0,0584143813191887
7;4,5;0,155348588735265
7;5;0,15326027161121
7;5,5;0,203033338398839
7;6;0,0971480828426377
7;6,5;0,0249363545593875
7;7;0,0492426484843379
7;7,5;0,114541469387146
7;8;0,181848909524684
7;8,5;0,20453061227734
7;9;0,136624404632468
7;9,5;0,0297355029844973
7;10;0,273105539191702
7;10,5;0,345942496296424
7;11;0,326361644714105
7;11,5;0,0568275337758144
7;12;0,145699755904131
7;12,5;0,0357278105441824
7;13;0,0951351178185986
7;13,5;0,157039254475538
7;14;0,222738992310848
7;14,5;0,133477149766557
7;15;0,178020348237213
7;15,5;0,189563629628342
7;16;0,102176846773154
7;16,5;0,141516452842038
7;17;0,0486859138486987
7;17,5;0,0333831264141614
7;18;0,0913977731740575
7;18,5;0,0950140395475966
7;19;0,0346877538348398
7;19,5;0,0359480149606946
7;20;0,0477698145492824
7;20,5;0,340380437983712
7;21;0,335634440553931
7;21,5;0,267443956437065
7;22;0,0347511360973292
7;22,5;0,025621054423112
7;23;0,0364337883926324
7;23,5;0,0301596874869634
7;24;0,0412660670770916
7;24,5;0,0274801681558406
7;25;0,0317732995136399
7;25,5;0,0294605867354827
7;26;0,0338249972767382
7;26,5;0,0294395210465292
7;27;0,109301666364116
7;27,5;0,0536868637456406
7;28;0,0431954031945861
7;28,5;0,0504469159218077
7;29;0,0473530970183534
7;29,5;0,0573795155762467
7;30;0,0722847394294028
7;30,5;0,0500461693706001
7;31;0,0599476923870502
7;31,5;0,0539659581492126
7;32;0,0420600020649568
7;32,5;0,0394706220295284
7;33;0,0278478275428052
7;33,5;0,0785252266693477
7;34;0,106873716627138
7;34,5;0,0549908431459351
7;35;0,0712111695097092
7;35,5;0,280082338833798
7;36;0,182386778703953
7;36,5;0,113345481821287
7;37;0,0745768088122186
7;37,5;0,0281117145325245
7;38;0,0538045573588607
7;38,5;0,0377844262697906
7;39;0,0404713397571256
7;39,5;0,040063250611836
7;40;0,038094375471676
7;40,5;0,0426655738327307
7;41;0,0276111644187677
7;41,5;0,0419424528264093
7;42;0,0502956796569732
7;42,5;0,0385858011396262
7;43;0,0592226895648371
7;43,5;0,0230902737922627
7;44;0,0481675008837681
7;44,5;0,184391385668619
7;45;0,195332554433687
7;45,5;0,138570539818154
7;46;0,168755384331388
7;46,5;0,149802779714333
7;47;0,14699063986348
7;47,5;0,0758974498857482
7;48;0,0583484316463632
7;48,5;0,0414664704280612
7;49;0,0428266745895852
7;49,5;0,0582281420501345
7;50;0,0608171286768446
7;50,5;0,0401816986644794
7;51;0,0470378438314777
7;51,5;0,0722134982577012
7;52;0,0659919125508868
7;52,5;0,253510246102674
7;53;0,0189178502771427
7;53,5;0,0226504336734172
7;54;0,0226968183521407
7;54,5;0,0235025788881306
7;55;0,0394450763668519
7;55,5;0,194332701894167
7;56;0,105682217299561
7;56,5;0,0779420140287683
7;57;0,0701167055974976
7;57,5;0,0299888021514267
7;58;0,0296711585326074
7;58,5;0,0446405089160559
7;59;0,0516639203627829
7;59,5;0,158639552810922
7;60;0,0442608265289672
7;60,5;0,101641938697632
7;61;0,373869256263765
7;61,5;0,313961171333755
7;62;0,388074579906868
7;62,5;0,0414561176017447
7;63;0,0267165625154824
7;63,5;0,04216857773635
7;64;0,0426368328667622
7;64,5;0,0304685630336144
7;65;0,0439282748731763
7;65,5;0,0406571846869242
7;66;0,0567835739365342
7;66,5;0,0596297604668452
7;67;0,0574769551214028
7;67,5;0,094376240191288
7;68;0,0547097022030966
7;68,5;0,0506030302122972
7;69;0,0612034857395121
7;69,5;0,153148524603521
7;70;0,114747533768443
7;70,5;0,0765968390834488
7;71;0,0557941664602045
7;71,5;0,0329727159936818
7;72;0,0839505807007909
7;72,5;0,106111576496943
7;73;0,0393954312071844
7;73,5;0,0496883469053038
7;74;0,033291640592397
7;74,5;0,0560923210862992
7;75;0,0286478620493746
7;75,5;0,0470775955205871
7;76;0,0747863623931529
7;76,5;0,0422285448482422
7,5;-25;0
7,5;-24,5;0
7,5;-24;0
7,5;-23,5;0
7,5;-23;0
7,5;-22,5;0
7,5;-22;0
7,5;-21,5;0,0721248916810278
7,5;-21;0,302084569463609
7,5;-20,5;0,337873713809379
7,5;-20;0,123517266612871
7,5;-19,5;0,252529579269038
7,5;-19;0,225687422922716
7,5;-18,5;0,208765635147056
7,5;-18;0,210792304967077
7,5;-17,5;0,139141129630323
7,5;-17;0,0749603001260139
7,5;-16,5;0,0399066846312854
7,5;-16;0,0194156294429685
7,5;-15,5;0
7,5;-15;0,0492776390900144
7,5;-14,5;0,0364604738565773
7,5;-14;0,0472895337257622
7,5;-13,5;0,0316481604616455
7,5;-13;0
7,5;-12,5;0,0453647840991626
7,5;-12;0,143072634717897
7,5;-11,5;0,120878474963526
7,5;-11;0,0976788093784281
7,5;-10,5;0,0832575528672271
7,5;-10;0,0301740686451902
7,5;-9,5;0,0359835566078986
7,5;-9;0,0367911491052164
7,5;-8,5;0,0667282279867854
7,5;-8;0,0500895755000029
7,5;-7,5;0,0779714359723239
7,5;-7;0,0952279311912648
7,5;-6,5;0,0907461207268184
7,5;-6;0,139490207205868
7,5;-5,5;0,174434362277892
7,5;-5;0,047161929805927
7,5;-4,5;0,0701786954394847
7,5;-4;0,038813227985658
7,5;-3,5;0,190028918344452
7,5;-3;0,363543685317809
7,5;-2,5;0,0854922023734719
7,5;-2;0,0901716943047069
7,5;-1,5;0,348731353685263
7,5;-1;0,207371838677734
7,5;-0,5;0,11085618770559
7,5;0;0,126823184434838
7,5;0,5;0,045083257922033
7,5;1;0,0428225762795244
7,5;1,5;0,0940540624676397
7,5;2;0,0338208128660461
7,5;2,5;0,0659980350738476
7,5;3;0,074984564986575
7,5;3,5;0,048027968932109
7,5;4;0,172509964977473
7,5;4,5;0,264990552874905
7,5;5;0,138111128250248
7,5;5,5;0,165450219613683
7,5;6;0,112896302560126
7,5;6,5;0,111441838343296
7,5;7;0,0568583869873117
7,5;7,5;0,149982502480349
7,5;8;0,181381500980865
7,5;8,5;0,214131789441222
7,5;9;0,179603347014896
7,5;9,5;0,16982690061
7,5;10;0,0236036293888194
7,5;10,5;0,0475694243999341
7,5;11;0,0490359469128093
7,5;11,5;0,053835931244822
7,5;12;0,0330829764884197
7,5;12,5;0,241477843493087
7,5;13;0,171585989360337
7,5;13,5;0,131186236742444
7,5;14;0,0929843425108837
7,5;14,5;0,0684997708882793
7,5;15;0,1242864863714
7,5;15,5;0,107630858271159
7,5;16;0,114123307081332
7,5;16,5;0,0440589556263108
7,5;17;0,0641276106663511
7,5;17,5;0,0495341911022505
7,5;18;0,17864920617105
7,5;18,5;0,207614984902157
7,5;19;0,0707443571999227
7,5;19,5;0,0695050491598243
7,5;20;0,0636001218714653
7,5;20,5;0,203566684130668
7,5;21;0,264867194488584
7,5;21,5;0,0924923703204384
7,5;22;0,0739794225354435
7,5;22,5;0,0498735743252673
7,5;23;0,0421884660383222
7,5;23,5;0,0486310178313883
7,5;24;0,0335800552440409
7,5;24,5;0,0595287485239396
7,5;25;0,0606554528759405
7,5;25,5;0,0416327707858339
7,5;26;0,0279237055802652
7,5;26,5;0,120479111845932
7,5;27;0,129355021647188
7,5;27,5;0,0574783353413566
7,5;28;0,0859072915711934
7,5;28,5;0,0594600370459828
7,5;29;0,0551598368902063
7,5;29,5;0,0222475330032834
7,5;30;0,0337789322441216
7,5;30,5;0,0387390757897824
7,5;31;0,026526572317237
7,5;31,5;0,0400968279974081
7,5;32;0,0445906538984835
7,5;32,5;0,0451404402283828
7,5;33;0,0395093284275928
7,5;33,5;0,0699510232389342
7,5;34;0,0859024840492265
7,5;34,5;0,0295714889035849
7,5;35;0,113720041549307
7,5;35,5;0,331556420661966
7,5;36;0,111476497076156
7,5;36,5;0,136067685232417
7,5;37;0,185756215046957
7,5;37,5;0,0401292989271997
7,5;38;0,0306773109799993
7,5;38,5;0,0574640527825798
7,5;39;0,0639316984830691
7,5;39,5;0,0288459821513241
7,5;40;0,0462799634183693
7,5;40,5;0,0357658474112984
7,5;41;0,0486562561421473
7,5;41,5;0,0368149694292657
7,5;42;0,122108614173866
7,5;42,5;0,148153342216493
7,5;43;0,163654103881126
7,5;43,5;0,106781718960699
7,5;44;0,0687498810134221
7,5;44,5;0,0718860633279898
7,5;45;0,208771276773194
7,5;45,5;0,129132672430185
7,5;46;0,0832530017794911
7,5;46,5;0,068982935466591
7,5;47;0,0410323865190032
7,5;47,5;0,0669808675165701
7,5;48;0,0341231192581292
7,5;48,5;0,023549548960252
7,5;49;0,0439704242572936
7,5;49,5;0,050175016008019
7,5;50;0,0398010599073429
7,5;50,5;0,0371104208185967
7,5;51;0,0596458176060798
7,5;51,5;0,097863790772461
7,5;52;0,166211433549258
7,5;52,5;0,379326427890454
7,5;53;0,168902305477214
7,5;53,5;0,026141238217895
7,5;54;0,0531339718331861
7,5;54,5;0,0668858078719796
7,5;55;0,0921735058575556
7,5;55,5;0,165971578092059
7,5;56;0,18860461139584
7,5;56,5;0,0602838340046769
7,5;57;0,0463923356833147
7,5;57,5;0,0278898483117225
7,5;58;0,0236351145324952
7,5;58,5;0,0373846606600164
7,5;59;0,0270829164321335
7,5;59,5;0,0853686026928108
7,5;60;0,0268675201007394
7,5;60,5;0,0403898291934669
7,5;61;0,106195151755672
7,5;61,5;0,348302750850463
7,5;62;0,259378903002115
7,5;62,5;0,0224681146621293
7,5;63;0,033173747966697
7,5;63,5;0,0381334384917709
7,5;64;0,0849580404679158
7,5;64,5;0,0626963590773694
7,5;65;0,039543970586628
7,5;65,5;0,0592503164548511
7,5;66;0,0409004210790603
7,5;66,5;0,0557618163148418
7,5;67;0,0646388879114557
7,5;67,5;0,0966053741189799
7,5;68;0,0420421557147449
7,5;68,5;0,0710112197707752
7,5;69;0,0536238300712953
7,5;69,5;0,127223369371691
7,5;70;0,127921334127141
7,5;70,5;0,0948983261585383
7,5;71;0,0183847763108502
7,5;71,5;0,0745769018243202
7,5;72;0,0606320872146094
7,5;72,5;0,0259338903110711
7,5;73;0,0629040274280325
7,5;73,5;0
7,5;74;0,0510264637222687
7,5;74,5;0
7,5;75;0,0382452144532022
7,5;75,5;0,0653250256361142
7,5;76;0,0335111921602321
7,5;76,5;0,0612113237387181
8;-25;0
8;-24,5;0
8;-24;0
8;-23,5;0
8;-23;0
8;-22,5;0
8;-22;0
8;-21,5;0
8;-21;0,250840209308756
8;-20,5;0,0658443067187492
8;-20;0,180156281362282
8;-19,5;0,111459194536761
8;-19;0,19753382270161
8;-18,5;0,30987959325977
8;-18;0,345100601165696
8;-17,5;0,0599394635559931
8;-17;0,0461936977602568
8;-16,5;0,0489575780083579
8;-16;0
8;-15,5;0
8;-15;0,0557718567021038
8;-14,5;0,0580066333464986
8;-14;0,0565769800501968
8;-13,5;0,0317325880264617
8;-13;0,0388933727573792
8;-12,5;0
8;-12;0,124117640150348
8;-11,5;0,106469133001313
8;-11;0,139991059017847
8;-10,5;0,14443105600345
8;-10;0,0438394636822734
8;-9,5;0,0643372602782345
8;-9;0,030139203682902
8;-8,5;0,0754217899836773
8;-8;0,0736271809519181
8;-7,5;0,0695219597293933
8;-7;0,0949628197376174
8;-6,5;0,157772476295188
8;-6;0,164595413110419
8;-5,5;0,160020628647259
8;-5;0,0373059415003988
8;-4,5;0,0430510984033631
8;-4;0,0448866608797087
8;-3,5;0,10764101558093
8;-3;0,084966058892077
8;-2,5;0,0405217642181352
8;-2;0,0900684016518963
8;-1,5;0,313154367993291
8;-1;0,104445031647534
8;-0,5;0,0620974425153466
8;0;0,0460117139834136
8;0,5;0,0435794323940556
8;1;0,0804629810318174
8;1,5;0,104781130275007
8;2;0,0542294630608265
8;2,5;0,0708725906712785
8;3;0,113811034499515
8;3,5;0,121948681328988
8;4;0,200735734203519
8;4,5;0,239608620726843
8;5;0,338819782954271
8;5,5;0,095334040099435
8;6;0,155468935183729
8;6,5;0,116708739912608
8;7;0,0889098012303533
8;7,5;0,140542854843706
8;8;0,157267489453017
8;8,5;0,244430542450498
8;9;0,266575369099376
8;9,5;0,0969461290014957
8;10;0,0428660255126445
8;10,5;0,0303215708432496
8;11;0,0516660732323379
8;11,5;0,0399185717047439
8;12;0,0447720366044252
8;12,5;0,0806085514538818
8;13;0,106895076373709
8;13,5;0,109163564189506
8;14;0,0536831626855466
8;14,5;0,0587961577423738
8;15;0,097217540501088
8;15,5;0,0824018021796672
8;16;0,0679470405046878
8;16,5;0,0503308075422899
8;17;0,156150733961275
8;17,5;0,260291084095064
8;18;0,207977782771915
8;18,5;0,354312424051902
8;19;0,344872722360147
8;19,5;0,103143753491414
8;20;0,0359878597643729
8;20,5;0,0364400730737444
8;21;0,0478222633354321
8;21,5;0,0454953771150759
8;22;0,0367237397040557
8;22,5;0,0400438275733197
8;23;0,126921906642135
8;23,5;0,0533650585737899
8;24;0,0266726921567181
8;24,5;0,0962314051302034
8;25;0,0593617325324674
8;25,5;0,0476163979093574
8;26;0,0475790642549
8;26,5;0,0760201653919438
8;27;0,0765068633374879
8;27,5;0,0415843200430803
8;28;0,102627067152899
8;28,5;0,0489298818037948
8;29;0,0601693779922646
8;29,5;0,0512861375471899
8;30;0,0419452841805674
8;30,5;0,0298929113444751
8;31;0,0515582490178979
8;31,5;0,0475586865812315
8;32;0,0480099271929502
8;32,5;0,0472033035512544
8;33;0,0312086637807628
8;33,5;0,0646603931153663
8;34;0,0967942356189701
8;34,5;0,0537330495222574
8;35;0,0305823670219171
8;35,5;0,0711876812348595
8;36;0,100835042593861
8;36,5;0,111126530652702
8;37;0,105386589568602
8;37,5;0,0590242262067445
8;38;0,0258154130412702
8;38,5;0,0379181781642277
8;39;0,0365831044255646
8;39,5;0,0295806154418287
8;40;0,0589030389470601
8;40,5;0,0504047653873177
8;41;0,0440673076801568
8;41,5;0,0607293968508932
8;42;0,157469640259022
8;42,5;0,347905759721018
8;43;0,292754188485892
8;43,5;0,170573449437163
8;44;0,0538593902007026
8;44,5;0,286679648296702
8;45;0,216046302842675
8;45,5;0,133656237697271
8;46;0,0576456614078562
8;46,5;0,0607152051237204
8;47;0,0230792325373428
8;47,5;0,0320724841731565
8;48;0,0326126908586522
8;48,5;0,0136834869505565
8;49;0,0351501939461759
8;49,5;0,036693674799727
8;50;0,054395555390868
8;50,5;0,0623885201478023
8;51;0,0774839494799065
8;51,5;0,0509911333766603
8;52;0,138091342561138
8;52,5;0,0453688634189461
8;53;0,0663354089803767
8;53,5;0,025111134988111
8;54;0,0398867268698769
8;54,5;0,0525646725293116
8;55;0,0405790338596265
8;55,5;0,064986306941963
8;56;0,110607134237941
8;56,5;0,0366168568134753
8;57;0,102430937748063
8;57,5;0,067555677927567
8;58;0,0465774985369907
8;58,5;0,333196496650751
8;59;0,129062297736527
8;59,5;0,242639933840962
8;60;0,0281508333231044
8;60,5;0,0428657234481631
8;61;0,0327705442650648
8;61,5;0,0489440207963871
8;62;0,0634613374797893
8;62,5;0,0117962500461594
8;63;0,0673256840089481
8;63,5;0,0517362691532132
8;64;0,0654275246024925
8;64,5;0,0453937784498186
8;65;0,0434046698866075
8;65,5;0,0445178852290083
8;66;0,0394536580433922
8;66,5;0,0389327655570232
8;67;0,05208115753031
8;67,5;0,0730896269469989
8;68;0,0615704340310688
8;68,5;0,0951046745935461
8;69;0,0708302751979363
8;69,5;0,101627084615694
8;70;0,0562405547625555
8;70,5;0,103437759690889
8;71;0,127279220613579
8;71,5;0
8;72;0
8;72,5;0,029698484809835
8;73;0
8;73,5;0
8;74;0
8;74,5;0
8;75;0
8;75,5;0,0692815168095255
8;76;0,0616430585440621
8;76,5;0,0589353694972533
8,5;-25;0
8,5;-24,5;0
8,5;-24;0
8,5;-23,5;0
8,5;-23;0
8,5;-22,5;0
8,5;-22;0
8,5;-21,5;0
8,5;-21;0
8,5;-20,5;0,017156145643277
8,5;-20;0
8,5;-19,5;0
8,5;-19;0
8,5;-18,5;0,0268700576850888
8,5;-18;0,0308452357979084
8,5;-17,5;0,0676490945985236
8,5;-17;0,0790923005289508
8,5;-16,5;0,0425200359060697
8,5;-16;0,0270739727413618
8,5;-15,5;0,019058806238537
8,5;-15;0,0176776695296637
8,5;-14,5;0,0730703272695061
8,5;-14;0,0812331705371686
8,5;-13,5;0,0507867883641053
8,5;-13;0,139251570906759
8,5;-12,5;0,225681929567552
8,5;-12;0,153406596269411
8,5;-11,5;0,109441955625986
8,5;-11;0,101036409759071
8,5;-10,5;0,0509027756278566
8,5;-10;0,0389478016067659
8,5;-9,5;0,0527611730281875
8,5;-9;0,0345898186690181
8,5;-8,5;0,0772197973414155
8,5;-8;0,0485404865830504
8,5;-7,5;0,12092892896576
8,5;-7;0,179781529107655
8,5;-6,5;0,186985251476321
8,5;-6;0,0665387322373244
8,5;-5,5;0,0545342261290904
8,5;-5;0,0617594272134468
8,5;-4,5;0,0301433672119189
8,5;-4;0,0374581700147498
8,5;-3,5;0,0969057306288547
8,5;-3;0,0455704267647145
8,5;-2,5;0,0511109717601673
8,5;-2;0,0885653962434805
8,5;-1,5;0,0648073333597351
8,5;-1;0,0425506961557787
8,5;-0,5;0,0543964288548307
8,5;0;0,0855583719691159
8,5;0,5;0,0541196205948761
8,5;1;0,152442796479031
8,5;1,5;0,079287529025397
8,5;2;0,0575862043951424
8,5;2,5;0,0408419650169109
8,5;3;0,108990938410711
8,5;3,5;0,0623144500599541
8,5;4;0,121913937941742
8,5;4,5;0,243185243819532
8,5;5;0,162199935411883
8,5;5,5;0,155164258178533
8,5;6;0,113466638119324
8,5;6,5;0,0672925034019433
8,5;7;0,044332673327578
8,5;7,5;0,0418522646069564
8,5;8;0,0608717598600483
8,5;8,5;0,157461346463988
8,5;9;0,206153535083802
8,5;9,5;0,045494968389486
8,5;10;0,0271538292101013
8,5;10,5;0,0356297516284064
8,5;11;0,0478120437401566
8,5;11,5;0,033637900233909
8,5;12;0,0490524737303162
8,5;12,5;0,0739412269442211
8,5;13;0,117016884510331
8,5;13,5;0,0676546529524445
8,5;14;0,10392209293774
8,5;14,5;0,166592711266421
8,5;15;0,114949550807643
8,5;15,5;0,134182133288638
8,5;16;0,120290665019257
8,5;16,5;0,144285575479611
8,5;17;0,135824056012588
8,5;17,5;0,158168055827647
8,5;18;0,26220054807431
8,5;18,5;0,354228314842014
8,5;19;0,388149917076794
8,5;19,5;0,190709202341078
8,5;20;0,0592992771454463
8,5;20,5;0,0476762424026459
8,5;21;0,0426162548690445
8,5;21,5;0,0283879460703599
8,5;22;0,0418761307976097
8,5;22,5;0,0555283030262477
8,5;23;0,072091438341135
8,5;23,5;0,0604538477778897
8,5;24;0,0463993103990743
8,5;24,5;0,115684008433156
8,5;25;0,20611914574075
8,5;25,5;0,251706987513309
8,5;26;0,0573519553172469
8,5;26,5;0,0270960158904402
8,5;27;0,0348234402205686
8,5;27,5;0,0554472781584211
8,5;28;0,0678793584256325
8,5;28,5;0,0400359727062008
8,5;29;0,0513828887216621
8,5;29,5;0,085543559431579
8,5;30;0,161183744616016
8,5;30,5;0,118661784743513
8,5;31;0,0660682748878376
8,5;31,5;0,0558287690969982
8,5;32;0,0481357400391016
8,5;32,5;0,0565621181494211
8,5;33;0,0274964081360394
8,5;33,5;0,0415121015405049
8,5;34;0,0989362078835309
8,5;34,5;0,121246096737438
8,5;35;0,116157948389876
8,5;35,5;0,0346726503318222
8,5;36;0,0239387613631954
8,5;36,5;0,0943417496203803
8,5;37;0,180313216575946
8,5;37,5;0,195978695405499
8,5;38;0,0346737350816044
8,5;38,5;0,0414296001031374
8,5;39;0,0292571003924302
8,5;39,5;0,0327634564283896
8,5;40;0,0317555856130989
8,5;40,5;0,0316077987398121
8,5;41;0,0484329209229802
8,5;41,5;0,0806153896401423
8,5;42;0,234729530867048
8,5;42,5;0,150732327167354
8,5;43;0,268132516152904
8,5;43,5;0,23900339237891
8,5;44;0,0587697520231319
8,5;44,5;0,15422408635055
8,5;45;0,212729252834305
8,5;45,5;0,0996336044310233
8,5;46;0,0654044171404697
8,5;46,5;0,0370449502069052
8,5;47;0,0359193085409663
8,5;47,5;0,0443678973510707
8,5;48;0,0247626070503105
8,5;48,5;0,0595334254208877
8,5;49;0,0851618622806879
8,5;49,5;0,0339121413852522
8,5;50;0,0601026572770681
8,5;50,5;0,0260281442075308
8,5;51;0,0406113061339702
8,5;51,5;0,0328407618200063
8,5;52;0,058249131694484
8,5;52,5;0,0297162479488387
8,5;53;0,0227042732109743
8,5;53,5;0,0340200787750891
8,5;54;0,0362123217544691
8,5;54,5;0,0708198466156392
8,5;55;0,0322299225023779
8,5;55,5;0,0362750101736788
8,5;56;0,036576142441037
8,5;56,5;0,0205851847702875
8,5;57;0,126342445565225
8,5;57,5;0,105896417599956
8,5;58;0,0839661755759925
8,5;58,5;0,383263726134221
8,5;59;0,248207859208931
8,5;59,5;0,234957643144812
8,5;60;0,107071970001055
8,5;60,5;0,0445084161562103
8,5;61;0,0333585701566861
8,5;61,5;0,0276738402146335
8,5;62;0,0381361999666873
8,5;62,5;0,042919233521355
8,5;63;0,0333230079245985
8,5;63,5;0,0605601496798331
8,5;64;0,0697616053352227
8,5;64,5;0,0136554404041605
8,5;65;0,0326127778226714
8,5;65,5;0,0381353447772089
8,5;66;0,0803006280509973
8,5;66,5;0,0777714914222993
8,5;67;0,077632104117714
8,5;67,5;0,0709853553725123
8,5;68;0,0696621035676456
8,5;68,5;0,071632941619922
8,5;69;0,100226063821405
8,5;69,5;0,0728594537448642
8,5;70;0
8,5;70,5;0,0636769749819913
8,5;71;0,0451326088427467
8,5;71,5;0,0635157460792204
8,5;72;0,0715559221867764
8,5;72,5;0,0960722076467779
8,5;73;0,0673247519284121
8,5;73,5;0
8,5;74;0,0650538238691624
8,5;74,5;0
8,5;75;0,0949112823385688
8,5;75,5;0
8,5;76;0
8,5;76,5;0
8,5;77;0
9;-25;0
9;-24,5;0
9;-24;0
9;-23,5;0
9;-23;0
9;-22,5;0,0927650899032707
9;-22;0,116624897284699
9;-21,5;0
9;-21;0,067175144212722
9;-20,5;0
9;-20;0
9;-19,5;0
9;-19;0
9;-18,5;0
9;-18;0,0569466124248551
9;-17,5;0,0599820608102758
9;-17;0,0621092931236697
9;-16,5;0,0592198402031296
9;-16;0
9;-15,5;0
9;-15;0,293579015079822
9;-14,5;0,3428307702547
9;-14;0,0806981754329507
9;-13,5;0,0510861069428925
9;-13;0,219983316994943
9;-12,5;0,210369311894011
9;-12;0,14672099651949
9;-11,5;0,0995440137254034
9;-11;0,103667354389338
9;-10,5;0,0561282488405399
9;-10;0,0607891325105235
9;-9,5;0,0491705290536857
9;-9;0,0495940664653689
9;-8,5;0,0598611820056296
9;-8;0,0873251054638103
9;-7,5;0,124262642104997
9;-7;0,289399062711494
9;-6,5;0,0494158636407893
9;-6;0,32571445279862
9;-5,5;0,310786808130987
9;-5;0,0562640376381647
9;-4,5;0,0244781611105243
9;-4;0,0361603287348146
9;-3,5;0,0800025610258068
9;-3;0,0572695648371981
9;-2,5;0,043947482663891
9;-2;0,0594839340774585
9;-1,5;0,0601923866944812
9;-1;0,0679894059544125
9;-0,5;0,0424373672007646
9;0;0,0487697034709204
9;0,5;0,0270113840755464
9;1;0,0796252898070676
9;1,5;0,0429125543976349
9;2;0,0572201885581962
9;2,5;0,0539208084255718
9;3;0,0420830468662932
9;3,5;0,0676220311238023
9;4;0,040286663838176
9;4,5;0,0613360794948968
9;5;0,0557906415363398
9;5,5;0,10455006306203
9;6;0,0987016834159426
9;6,5;0,105141251103733
9;7;0,0939380187913716
9;7,5;0,100102040026
9;8;0,107477023796985
9;8,5;0,239441393071986
9;9;0,144962086949178
9;9,5;0,0416341437809721
9;10;0,057480576429492
9;10,5;0,0463279378311992
9;11;0,0517547119258072
9;11,5;0,024964174610942
9;12;0,0385145244685862
9;12,5;0,0840410868988412
9;13;0,0625894608183664
9;13,5;0,0657363532931748
9;14;0,0608887910788028
9;14,5;0,0447747975245975
9;15;0,0331625087921575
9;15,5;0,164015850200323
9;16;0,180220770642007
9;16,5;0,134917771149648
9;17;0,158323993016554
9;17,5;0,180994252454291
9;18;0,212558428941987
9;18,5;0,243173258982762
9;19;0,0441975953190866
9;19,5;0,0514107986508445
9;20;0,189748708767653
9;20,5;0,347413591532149
9;21;0,0445847754716422
9;21,5;0,0332438730658558
9;22;0,0471919327046127
9;22,5;0,0422170862228317
9;23;0,0580977148241402
9;23,5;0,0723096351348375
9;24;0,0415497693535516
9;24,5;0,0954576319847305
9;25;0,250353452663438
9;25,5;0,236048819310835
9;26;0,0781178252903854
9;26,5;0,0317447702901021
9;27;0,0345861692728582
9;27,5;0,0847210743214088
9;28;0,0691241074220185
9;28,5;0,0798337975051271
9;29;0,0562577131629752
9;29,5;0,0541554118100729
9;30;0,189965056403703
9;30,5;0,120974935114665
9;31;0,0701519830577008
9;31,5;0,0468820403306881
9;32;0,0446720072305799
9;32,5;0,169431441867362
9;33;0,0878769751085614
9;33,5;0,0426290428477775
9;34;0,0526556301321652
9;34,5;0,0913361585193589
9;35;0,135352389192459
9;35,5;0,148953884216759
9;36;0,3755628898838
9;36,5;0,283516266085866
9;37;0,0583997020449505
9;37,5;0,102037504857324
9;38;0,057891691814436
9;38,5;0,0372171461343633
9;39;0,0222884059370715
9;39,5;0,0398661292886933
9;40;0,0431730119818554
9;40,5;0,0215559813179199
9;41;0,0322244741880248
9;41,5;0,104973471949463
9;42;0,24472073548302
9;42,5;0,214763668880643
9;43;0,307979756885645
9;43,5;0,350247122459629
9;44;0,0560000926227849
9;44,5;0,0513028504461132
9;45;0,0674494099244735
9;45,5;0,074612930875691
9;46;0,0353207157458717
9;46,5;0,0236586798751174
9;47;0,0583054395771954
9;47,5;0,168255171387541
9;48;0,172242340957567
9;48,5;0,0479433154360665
9;49;0,0764596871135463
9;49,5;0,0288959423119175
9;50;0,0393766634612984
9;50,5;0,0459056689393734
9;51;0,0273195557563033
9;51,5;0,0260106992183832
9;52;0,0307008819567702
9;52,5;0,0408976747870122
9;53;0,0324227286534205
9;53,5;0,027331225142108
9;54;0,0265400064475126
9;54,5;0,0444881622591514
9;55;0,0286499806799929
9;55,5;0,0682685827330494
9;56;0,0404028123367836
9;56,5;0,0312133682734555
9;57;0,0360330459846292
9;57,5;0,0514635271546071
9;58;0,351504186116101
9;58,5;0,245538530176962
9;59;0,18081268453704
9;59,5;0,0524865696472916
9;60;0,0540861031496188
9;60,5;0,0294189951005685
9;61;0,0291937811002278
9;61,5;0,023969757515718
9;62;0,0277700959039483
9;62,5;0,035471490552247
9;63;0,236397196092647
9;63,5;0,353464652001448
9;64;0,0510882243444286
9;64,5;0,0669711307425907
9;65;0,0574936152061573
9;65,5;0,0559961264416619
9;66;0,0963749233946969
9;66,5;0,0739391602554418
9;67;0,0404736660936321
9;67,5;0,0726950578001794
9;68;0,0724828134233091
9;68,5;0,0649537464469077
9;69;0,0113724814061547
9;69,5;0,0419591638211658
9;70;0,0677962634171923
9;70,5;0
9;71;0
9;71,5;0,0742848122655859
9;72;0,0810054604047444
9;72,5;0,0927168364683884
9;73;0,0827165518925278
9;73,5;0
9;74;0,0796689697237394
9;74,5;0,0900971783046591
9;75;0,115403423763986
9;75,5;0,0759379445901153
9;76;0
9;76,5;0
9;77;0
9,5;-25;0
9,5;-24,5;0
9,5;-24;0
9,5;-23,5;0
9,5;-23;0
9,5;-22,5;0,0726275753820982
9,5;-22;0,206475180106472
9,5;-21,5;0
9,5;-21;0,0703793124365933
9,5;-20,5;0,0673384177123282
9,5;-20;0,0521487798332352
9,5;-19,5;0
9,5;-19;0
9,5;-18,5;0
9,5;-18;0,0568163320554512
9,5;-17,5;0,0576533870945867
9,5;-17;0,0676304500781843
9,5;-16,5;0
9,5;-16;0
9,5;-15,5;0
9,5;-15;0,229605707239828
9,5;-14,5;0,293132518614683
9,5;-14;0,0668797511029679
9,5;-13,5;0,0310209670264632
9,5;-13;0,0947829037884719
9,5;-12,5;0,342813694870379
9,5;-12;0,284799848953953
9,5;-11,5;0,0861501104959334
9,5;-11;0,0850031807683733
9,5;-10,5;0,0729750077092945
9,5;-10;0,0353534936349312
9,5;-9,5;0,0661189055975623
9,5;-9;0,0542435424282125
9,5;-8,5;0,10693957612211
9,5;-8;0,164124377745647
9,5;-7,5;0,138961249331692
9,5;-7;0,118878363770828
9,5;-6,5;0,109774880337536
9,5;-6;0,316467091280591
9,5;-5,5;0,305824170632385
9,5;-5;0,0595822648923513
9,5;-4,5;0,0301171874103683
9,5;-4;0,0778108008459707
9,5;-3,5;0,0631453982671267
9,5;-3;0,0680723525283904
9,5;-2,5;0,0441248931822742
9,5;-2;0,065604544831292
9,5;-1,5;0,0488362911504686
9,5;-1;0,0472447579828995
9,5;-0,5;0,0558611842053715
9,5;0;0,0462927187548292
9,5;0,5;0,0308533703996048
9,5;1;0,0890912917431486
9,5;1,5;0,0491229457129579
9,5;2;0,0609989833730042
9,5;2,5;0,0716196085133159
9,5;3;0,0504964405663733
9,5;3,5;0,0778019047965753
9,5;4;0,088764203146796
9,5;4,5;0,0636493932075235
9,5;5;0,0523366762982749
9,5;5,5;0,0403330671102634
9,5;6;0,027242671124056
9,5;6,5;0,0400142547544544
9,5;7;0,0652634242338589
9,5;7,5;0,0722282691169202
9,5;8;0,0413076441373614
9,5;8,5;0,106325703299216
9,5;9;0,115257250894764
9,5;9,5;0,095926182593112
9,5;10;0,270426359977836
9,5;10,5;0,318467676416645
9,5;11;0,126161849720627
9,5;11,5;0,0491589137451154
9,5;12;0,0928343696812689
9,5;12,5;0,070235446224368
9,5;13;0,0412956167338921
9,5;13,5;0,066806811030014
9,5;14;0,0740338179371232
9,5;14,5;0,06280718997812
9,5;15;0,0191106454579697
9,5;15,5;0,0643744511276267
9,5;16;0,0419994195158626
9,5;16,5;0,027515698410597
9,5;17;0,123747627817708
9,5;17,5;0,104974356532822
9,5;18;0,082195012265109
9,5;18,5;0,0749153167462809
9,5;19;0,0546804125867861
9,5;19,5;0,02787621681459
9,5;20;0,0265678039996984
9,5;20,5;0,0244816844017821
9,5;21;0,0201342224732059
9,5;21,5;0,0607099708468394
9,5;22;0,108702682162142
9,5;22,5;0,148098014094422
9,5;23;0,155083913569183
9,5;23,5;0,0813251093818998
9,5;24;0,0443286592121644
9,5;24,5;0,0424952658427691
9,5;25;0,0791933236257139
9,5;25,5;0,0786733605383818
9,5;26;0,0512026101181684
9,5;26,5;0,034409936028406
9,5;27;0,0399152570495972
9,5;27,5;0,071012739903838
9,5;28;0,248510551179661
9,5;28,5;0,135629025967673
9,5;29;0,0570105393688796
9,5;29,5;0,0602280494526982
9,5;30;0,038609811535574
9,5;30,5;0,0407528085325046
9,5;31;0,0286602194007762
9,5;31,5;0,0300291121583085
9,5;32;0,0547380297588303
9,5;32,5;0,121815648312986
9,5;33;0,0913808629574373
9,5;33,5;0,0952151964447935
9,5;34;0,0663128620439366
9,5;34,5;0,0851210692816036
9,5;35;0,0348488755509475
9,5;35,5;0,0366578541640085
9,5;36;0,405687749291296
9,5;36,5;0,305835046998443
9,5;37;0,0317164641173924
9,5;37,5;0,0938245638246915
9,5;38;0,122809841740453
9,5;38,5;0,031955316097494
9,5;39;0,0315528090968896
9,5;39,5;0,0379594948504287
9,5;40;0,034770878700462
9,5;40,5;0,0313499437265278
9,5;41;0,0339255851624956
9,5;41,5;0,0397187088988651
9,5;42;0,0652298130642477
9,5;42,5;0,249373641681045
9,5;43;0,185612755572309
9,5;43,5;0,0876884246631432
9,5;44;0,0744592636941628
9,5;44,5;0,0623580625008384
9,5;45;0,0910335193715777
9,5;45,5;0,0799990034308977
9,5;46;0,0341672792437865
9,5;46,5;0,0627630930764879
9,5;47;0,124919618080355
9,5;47,5;0,0801226591361662
9,5;48;0,0721555814970434
9,5;48,5;0,0475586141378351
9,5;49;0,023245336677578
9,5;49,5;0,0290261732369661
9,5;50;0,0243887845108639
9,5;50,5;0,106092628715517
9,5;51;0,0241471315809028
9,5;51,5;0,0300748209854758
9,5;52;0,0455865027904502
9,5;52,5;0,0523421531804473
9,5;53;0,0944770431184052
9,5;53,5;0,0466352247188376
9,5;54;0,0629268482866742
9,5;54,5;0,0399209267447145
9,5;55;0,0491939379578192
9,5;55,5;0,0482601218322927
9,5;56;0,0756686428984111
9,5;56,5;0,0742595067545856
9,5;57;0,0297188894841877
9,5;57,5;0,106238882246615
9,5;58;0,177146096166461
9,5;58,5;0,298932382682939
9,5;59;0,0293661225795039
9,5;59,5;0,051511974254854
9,5;60;0,0626600003273671
9,5;60,5;0,0313262114169449
9,5;61;0,0361332760258966
9,5;61,5;0,0262194362907788
9,5;62;0,0367259271563047
9,5;62,5;0,0541857844024314
9,5;63;0,120235493609487
9,5;63,5;0,329440749207523
9,5;64;0,160890441428476
9,5;64,5;0,0531372151732064
9,5;65;0,0407159147543772
9,5;65,5;0,0483519295469073
9,5;66;0,0689495588576654
9,5;66,5;0,0441700178423156
9,5;67;0,0481889826493618
9,5;67,5;0,0548334751771215
9,5;68;0,0531626292757906
9,5;68,5;0,0596330445306962
9,5;69;0,0745034543218122
9,5;69,5;0,295907967538093
9,5;70;0,140389125884688
9,5;70,5;0
9,5;71;0
9,5;71,5;0
9,5;72;0,100664586495743
9,5;72,5;0,0980965214865519
9,5;73;0,0599168527191314
9,5;73,5;0
9,5;74;0,130920777571782
9,5;74,5;0,106534637312793
9,5;75;0,0431335136523794
9,5;75,5;0
9,5;76;0
9,5;76,5;0
9,5;77;0
10;-24,5;0,0874058557862744
10;-24;0,0372066302335126
10;-23,5;0
10;-23;0
10;-22,5;0
10;-22;0
10;-21,5;0
10;-21;0
10;-20,5;0,074864919004571
10;-20;0,0356467713501841
10;-19,5;0
10;-19;0
10;-18,5;0
10;-18;0,0427050417191611
10;-17,5;0,0426093364833995
10;-17;0
10;-16,5;0,0257471681290713
10;-16;0,0750079995733788
10;-15,5;0,036972211787293
10;-15;0,153367309005639
10;-14,5;0,180621492556423
10;-14;0,0867532934739162
10;-13,5;0,0793997571065014
10;-13;0,210094955856133
10;-12,5;0,327573941989867
10;-12;0,319549640715423
10;-11,5;0,0465738527001394
10;-11;0,0395490684284639
10;-10,5;0,036393186946289
10;-10;0,273690249992901
10;-9,5;0,0541203305215626
10;-9;0,153654280267787
10;-8,5;0,248693288796766
10;-8;0,179410070995364
10;-7,5;0,17689548075378
10;-7;0,136617663444052
10;-6,5;0,097810543527139
10;-6;0,164199530335955
10;-5,5;0,0539663289683211
10;-5;0,0574188247814283
10;-4,5;0,053250002003636
10;-4;0,0655328939012032
10;-3,5;0,0518489899709021
10;-3;0,0643134884249675
10;-2,5;0,059247803679937
10;-2;0,073275780828473
10;-1,5;0,0705762813174075
10;-1;0,0748450233787735
10;-0,5;0,0605448277790836
10;0;0,103989399359085
10;0,5;0,0317874591935793
10;1;0,0874190605575256
10;1,5;0,0431313697305742
10;2;0,0542727311062995
10;2,5;0,0302828351241021
10;3;0,0369831211849249
10;3,5;0,0527563545673215
10;4;0,0721815406620254
10;4,5;0,0571748416590779
10;5;0,0429874220865656
10;5,5;0,0628236035036039
10;6;0,0355709681919251
10;6,5;0,0384449679495345
10;7;0,0332570898011021
10;7,5;0,0602546606298397
10;8;0,029389987385901
10;8,5;0,039158203659075
10;9;0,101447453946228
10;9,5;0,0615028100304896
10;10;0,278639747891481
10;10,5;0,234314188407123
10;11;0,189168945987576
10;11,5;0,070134590018121
10;12;0,111061810584503
10;12,5;0,171425840329813
10;13;0,045056906167517
10;13,5;0,0558051205947432
10;14;0,0881000159473161
10;14,5;0,0714572267983301
10;15;0,0506895536969353
10;15,5;0,0328588872883608
10;16;0,0282420981681274
10;16,5;0,0312362556647507
10;17;0,15068664036813
10;17,5;0,1395795968813
10;18;0,0647695284386052
10;18,5;0,0668542857130886
10;19;0,0695197649673986
10;19,5;0,0528105885638743
10;20;0,0367611417491313
10;20,5;0,0290970365331936
10;21;0,021852539236308
10;21,5;0,0544557836152048
10;22;0,0493297570552448
10;22,5;0,170133615453966
10;23;0,18840665678144
10;23,5;0,0606368531623509
10;24;0,0750931570211625
10;24,5;0,0449672102759333
10;25;0,050599667079339
10;25,5;0,0535783354091006
10;26;0,051083044256077
10;26,5;0,0448399573897153
10;27;0,0636564416377751
10;27,5;0,0924442487040557
10;28;0,083031126129519
10;28,5;0,0542328410690438
10;29;0,0519764737461908
10;29,5;0,0460723671864696
10;30;0,0383423464280423
10;30,5;0,0380110225834275
10;31;0,0748625746137887
10;31,5;0,138385284505501
10;32;0,0883132569859487
10;32,5;0,0745295839408889
10;33;0,128909543662341
10;33,5;0,148348183231559
10;34;0,0445278022079077
10;34,5;0,0450914256069685
10;35;0,050057364308758
10;35,5;0,0575784056439325
10;36;0,0277584162958185
10;36,5;0,0278327843031178
10;37;0,0302774659242111
10;37,5;0,143933856526267
10;38;0,101126968579626
10;38,5;0,0642843171919276
10;39;0,0697442198203343
10;39,5;0,0755820691272323
10;40;0,0586023393190875
10;40,5;0,0512938962793645
10;41;0,0286311578350318
10;41,5;0,0530891325696842
10;42;0,0424677304164205
10;42,5;0,0421553050979252
10;43;0,0424277866484902
10;43,5;0,0296171886949978
10;44;0,056826892124679
10;44,5;0,0417925867974251
10;45;0,0698603676603794
10;45,5;0,0664330082816478
10;46;0,0302639764721735
10;46,5;0,0533235616018446
10;47;0,125835734605433
10;47,5;0,0761472460515316
10;48;0,0543452520235175
10;48,5;0,0361363580828079
10;49;0,0264454371740618
10;49,5;0,0162100919149093
10;50;0,0220740906084594
10;50,5;0,0824186116041229
10;51;0,0488353695597758
10;51,5;0,0340771767171738
10;52;0,0418919869126915
10;52,5;0,0419292119580967
10;53;0,0839396763164285
10;53,5;0,0290191504921418
10;54;0,115652074006071
10;54,5;0,102024266625113
10;55;0,0555739624729053
10;55,5;0,0390624209090108
10;56;0,14026340862459
10;56,5;0,0815382818772944
10;57;0,170473183301698
10;57,5;0,122985557609266
10;58;0,233384291080642
10;58,5;0,0464851942845379
10;59;0,0167761666592637
10;59,5;0,02176765438366
10;60;0,0421319894241889
10;60,5;0,170772933536878
10;61;0,0963305194608222
10;61,5;0,0220761536988908
10;62;0,0433898521572429
10;62,5;0,0488705077793575
10;63;0,0481724007418845
10;63,5;0,116464248843398
10;64;0,115762066838803
10;64,5;0,0434649460883312
10;65;0,0363660197843809
10;65,5;0,0626607459429395
10;66;0,079949389382154
10;66,5;0,0979254556884719
10;67;0,0586385516060163
10;67,5;0,0475359513070546
10;68;0,018
10;68,5;0,0660034434363431
10;69;0,083708678505534
10;69,5;0,296805417042322
10;70;0,271443934402317
10;70,5;0,10036006604792
10;71;0
10;71,5;0,100134053006101
10;72;0,145555248234001
10;72,5;0,200868787882426
10;73;0,201522059939609
10;73,5;0,0529067576024084
10;74;0
10;74,5;0,0744314816092321
10;75;0,0459619407771256
10;75,5;0
10;76;0
10;76,5;0
10;77;0
10,5;-24,5;0,0629671160806169
10,5;-24;0,0266333124739176
10,5;-23,5;0,0665684693463137
10,5;-23;0
10,5;-22,5;0
10,5;-22;0
10,5;-21,5;0
10,5;-21;0
10,5;-20,5;0,0454957262950171
10,5;-20;0,0481756934137687
10,5;-19,5;0,0594748066964404
10,5;-19;0,0615196445590079
10,5;-18,5;0,0806765145503944
10,5;-18;0,0378021163428716
10,5;-17,5;0,0648069806181565
10,5;-17;0,0377313469870153
10,5;-16,5;0,0185189735393834
10,5;-16;0,0345202600171023
10,5;-15,5;0,0817962837458526
10,5;-15;0,0697639691818878
10,5;-14,5;0,0428681288440286
10,5;-14;0,134031706926154
10,5;-13,5;0,206028795886156
10,5;-13;0,357478963964901
10,5;-12,5;0,272723294444628
10,5;-12;0,264407933954287
10,5;-11,5;0,0484791626406894
10,5;-11;0,0353726611452195
10,5;-10,5;0,0584446722135126
10,5;-10;0,17620347059123
10,5;-9,5;0,330338905908068
10,5;-9;0,196207643112307
10,5;-8,5;0,0759535540503626
10,5;-8;0,0564742551242731
10,5;-7,5;0,0668943243699448
10,5;-7;0,238946199750941
10,5;-6,5;0,0603960792581742
10,5;-6;0,0661898086953366
10,5;-5,5;0,051368584949622
10,5;-5;0,0286660939632519
10,5;-4,5;0,0983013158023649
10,5;-4;0,0259889316203765
10,5;-3,5;0,0270479692561341
10,5;-3;0,0416817933974349
10,5;-2,5;0,0326288446632615
10,5;-2;0,0469271914220939
10,5;-1,5;0,0374318462401691
10,5;-1;0,0664809742710648
10,5;-0,5;0,0734952632419822
10,5;0;0,0773286768010679
10,5;0,5;0,0331514382364153
10,5;1;0,160277795565738
10,5;1,5;0,0993044980518674
10,5;2;0,110956072389032
10,5;2,5;0,187596339208935
10,5;3;0,0401581877332233
10,5;3,5;0,0873717984235062
10,5;4;0,168793908173509
10,5;4,5;0,0791794345234017
10,5;5;0,0530849246056713
10,5;5,5;0,0544862198906503
10,5;6;0,0485349538804329
10,5;6,5;0,0283206133912587
10,5;7;0,0638994044126979
10,5;7,5;0,0848731175950343
10,5;8;0,0572474078232311
10,5;8,5;0,0448312738269577
10,5;9;0,114865152104736
10,5;9,5;0,11451135957008
10,5;10;0,177283256703346
10,5;10,5;0,159349556737673
10,5;11;0,0809338207014431
10,5;11,5;0,0451264582796041
10,5;12;0,0842960062320076
10,5;12,5;0,167205722745988
10,5;13;0,13565951849641
10,5;13,5;0,0412725231246673
10,5;14;0,0374646316222318
10,5;14,5;0,044414991388664
10,5;15;0,173162488780513
10,5;15,5;0,074162189406454
10,5;16;0,0251992149598684
10,5;16,5;0,0448687819190861
10,5;17;0,0912072531392657
10,5;17,5;0,0626770979013773
10,5;18;0,0959132778229641
10,5;18,5;0,0421298737707961
10,5;19;0,0620841593119015
10,5;19,5;0,0571736432466365
10,5;20;0,0270576926729233
10,5;20,5;0,0484196929633663
10,5;21;0,0477675414536788
10,5;21,5;0,0470904264629533
10,5;22;0,0435577084675279
10,5;22,5;0,0365707755638892
10,5;23;0,0638266624340139
10,5;23,5;0,0464050884214755
10,5;24;0,0480887637718202
10,5;24,5;0,0367968306965599
10,5;25;0,0617965358716007
10,5;25,5;0,0388213281355402
10,5;26;0,0469355031937988
10,5;26,5;0,140791550683277
10,5;27;0,117391554198951
10,5;27,5;0,0832173860039676
10,5;28;0,108979066681588
10,5;28,5;0,0810419886328601
10,5;29;0,0857808838291554
10,5;29,5;0,0732631709103422
10,5;30;0,0477877570594252
10,5;30,5;0,0704277706677278
10,5;31;0,0406791434565087
10,5;31,5;0,133579126987487
10,5;32;0,0505341145962055
10,5;32,5;0,0400334487476852
10,5;33;0,0553845297589331
10,5;33,5;0,0966031986677803
10,5;34;0,0432817374867426
10,5;34,5;0,0604767882678298
10,5;35;0,0491760080799547
10,5;35,5;0,0546485193694599
10,5;36;0,0499200350065229
10,5;36,5;0,0311781196667625
10,5;37;0,0520023718874649
10,5;37,5;0,05058959425096
10,5;38;0,126505978956982
10,5;38,5;0,111377856503177
10,5;39;0,119792737676372
10,5;39,5;0,130395589571175
10,5;40;0,053020397343242
10,5;40,5;0,0397098506723658
10,5;41;0,0267180265209927
10,5;41,5;0,0292479212314062
10,5;42;0,0289132975973316
10,5;42,5;0,0268092537783928
10,5;43;0,026647148117151
10,5;43,5;0,10679670056415
10,5;44;0,0539215476767951
10,5;44,5;0,0450284900066691
10,5;45;0,0604917634106752
10,5;45,5;0,0836682756000166
10,5;46;0,0210844886778329
10,5;46,5;0,0254499420475742
10,5;47;0,0245334629186605
10,5;47,5;0,0393948725736673
10,5;48;0,0461641792637643
10,5;48,5;0,0314909006962784
10,5;49;0,0295807392769802
10,5;49,5;0,0391080516758679
10,5;50;0,0213109181913821
10,5;50,5;0,0916253969207312
10,5;51;0,0440499400521795
10,5;51,5;0,0353784325922495
10,5;52;0,046065506488379
10,5;52,5;0,0426816901857403
10,5;53;0,139495143926458
10,5;53,5;0,147611991382814
10,5;54;0,0303319069600303
10,5;54,5;0,0337996123217922
10,5;55;0,0271127912298948
10,5;55,5;0,0395981362111557
10,5;56;0,0603809868105507
10,5;56,5;0,0602441385290405
10,5;57;0,143415421759874
10,5;57,5;0,0901914718102637
10,5;58;0,0668539531288244
10,5;58,5;0,0240536513252459
10,5;59;0,0451103746563841
10,5;59,5;0,0256503640611705
10,5;60;0,025310515215047
10,5;60,5;0,0329691874370819
10,5;61;0,0278120041665029
10,5;61,5;0,0244746662820453
10,5;62;0,0490687314288886
10,5;62,5;0,0762407598951358
10,5;63;0,0988041652269887
10,5;63,5;0,0398450810992383
10,5;64;0,0486996668471193
10,5;64,5;0,0505725551394562
10,5;65;0,0814202914852693
10,5;65,5;0,0602287626151646
10,5;66;0,0739368203880239
10,5;66,5;0,116889691589977
10,5;67;0,0619690783106112
10,5;67,5;0,0295719461652425
10,5;68;0,137134605406513
10,5;68,5;0,234672894998674
10,5;69;0,0787640831667674
10,5;69,5;0,262321327121669
10,5;70;0,163018204204195
10,5;70,5;0,0716617717043719
10,5;71;0
10,5;71,5;0,0933122175855816
10,5;72;0,107694390863661
10,5;72,5;0,158401683492737
10,5;73;0,214635164347971
10,5;73,5;0,0629730100916257
10,5;74;0
10,5;74,5;0
10,5;75;0
10,5;75,5;0
10,5;76;0,0967468058617154
10,5;76,5;0
10,5;77;0
11;-24,5;0,0739886091619128
11;-24;0,0643912889701557
11;-23,5;0,0765644672616405
11;-23;0
11;-22,5;0
11;-22;0
11;-21,5;0
11;-21;0
11;-20,5;0,0566452717637299
11;-20;0,140714249456123
11;-19,5;0,058320379514083
11;-19;0,0756395693036683
11;-18,5;0,0646274883521884
11;-18;0,0842119003064638
11;-17,5;0,115997413764273
11;-17;0,0879835127860185
11;-16,5;0,0444370852493111
11;-16;0,0374477413649119
11;-15,5;0,0328255462028659
11;-15;0,0451458420989523
11;-14,5;0,0284998625477767
11;-14;0,0610454228488398
11;-13,5;0,0310145318483248
11;-13;0,0484886414704346
11;-12,5;0,293864000246756
11;-12;0,093618223482367
11;-11,5;0,0526290867576748
11;-11;0,063768303282246
11;-10,5;0,0820229659716028
11;-10;0,097119283813574
11;-9,5;0,146802210999439
11;-9;0,112197128538006
11;-8,5;0,0641126426400563
11;-8;0,0852434811148807
11;-7,5;0,036287767984035
11;-7;0,0647479772021405
11;-6,5;0,11866061250738
11;-6;0,0938044658472883
11;-5,5;0,0349995221221218
11;-5;0,043814810423121
11;-4,5;0,0841981933126919
11;-4;0,0611215192219179
11;-3,5;0,0479246249632811
11;-3;0,0243927747606624
11;-2,5;0,139085463318215
11;-2;0,0600470648741468
11;-1,5;0,0394711538822406
11;-1;0,0403695258633344
11;-0,5;0,0513989987531774
11;0;0,0582617149763869
11;0,5;0,0422492697777729
11;1;0,191758292747577
11;1,5;0,137399080356868
11;2;0,117809276377141
11;2,5;0,113797114880225
11;3;0,141806052317344
11;3,5;0,116759526602079
11;4;0,139109211462229
11;4,5;0,0749671552269298
11;5;0,0456435833844495
11;5,5;0,081381091847105
11;6;0,0785004054477567
11;6,5;0,0609088075530018
11;7;0,0532445650065614
11;7,5;0,0859208051652751
11;8;0,05290804491144
11;8,5;0,0331343486296078
11;9;0,0715723872144156
11;9,5;0,036946282273341
11;10;0,0302764425357505
11;10,5;0,0323809665891119
11;11;0,0436203853321922
11;11,5;0,0404725449009116
11;12;0,0907815527116515
11;12,5;0,0571511962136414
11;13;0,0638199360991335
11;13,5;0,0727688933936062
11;14;0,0507205117099902
11;14,5;0,0261952248923832
11;15;0,0698563948136357
11;15,5;0,0585168125238904
11;16;0,0346641024692693
11;16,5;0,0321637682646284
11;17;0,0682124844002817
11;17,5;0,282009516721276
11;18;0,294171493031304
11;18,5;0,188048695754025
11;19;0,02533775545679
11;19,5;0,041733246525357
11;20;0,166645074909928
11;20,5;0,197962841909434
11;21;0,0429120007359542
11;21,5;0,0692058920227956
11;22;0,0331215358106139
11;22,5;0,0406295618332987
11;23;0,0454554727178147
11;23,5;0,0593301381193083
11;24;0,0597435151569255
11;24,5;0,0378114103786269
11;25;0,0374165139772171
11;25,5;0,0491853213982412
11;26;0,0411123787435173
11;26,5;0,0696272335576573
11;27;0,0352151494290638
11;27,5;0,0435239397726508
11;28;0,155085906612278
11;28,5;0,113496932641408
11;29;0,371378281416283
11;29,5;0,254275176319581
11;30;0,0406403905960715
11;30,5;0,0382050684706013
11;31;0,0492102511444152
11;31,5;0,296432683982747
11;32;0,387758943904263
11;32,5;0,0734793546558537
11;33;0,0954101210855242
11;33,5;0,0402263823113116
11;34;0,0446824592024578
11;34,5;0,0180201514242597
11;35;0,0394881630152001
11;35,5;0,050326205351953
11;36;0,0501755088018135
11;36,5;0,0604316277638035
11;37;0,0343359929210478
11;37,5;0,0516067554396849
11;38;0,0779862668387362
11;38,5;0,1105566888188
11;39;0,044225141321549
11;39,5;0,0351787114132209
11;40;0,0431559412098495
11;40,5;0,037132580201175
11;41;0,0362005733739818
11;41,5;0,0274430765729835
11;42;0,0299660919485118
11;42,5;0,143517180127452
11;43;0,0480907747811118
11;43,5;0,083565267851054
11;44;0,138674964819785
11;44,5;0,0423451042813454
11;45;0,0376080671750315
11;45,5;0,0532415975638622
11;46;0,0306135791665285
11;46,5;0,060422745160615
11;47;0,0304547988264128
11;47,5;0,0230036411404983
11;48;0,0597779742877057
11;48,5;0,0168758125559381
11;49;0,0274701964057288
11;49,5;0,0411725753481811
11;50;0,0273972686700429
11;50,5;0,0404705296988399
11;51;0,0272439444076487
11;51,5;0,0457876897695796
11;52;0,0527360146240884
11;52,5;0,077529794962742
11;53;0,088324254692254
11;53,5;0,0804026728856854
11;54;0,0373157696780686
11;54,5;0,071516350786041
11;55;0,0420178445804746
11;55,5;0,0549397388914405
11;56;0,0550903836437256
11;56,5;0,0394079432906332
11;57;0,0623536273424994
11;57,5;0,0692040668835907
11;58;0,0672533536313293
11;58,5;0,0921763816297165
11;59;0,0369946243541171
11;59,5;0,108938265277769
11;60;0,0957064882025141
11;60,5;0,0433428893892188
11;61;0,0232679535159135
11;61,5;0,0485354760662218
11;62;0,0627082135313771
11;62,5;0,0460239855551082
11;63;0,0561933364102059
11;63,5;0,0435251680246306
11;64;0,0457725907781685
11;64,5;0,0709245521905086
11;65;0,0669938335772311
11;65,5;0,0530926336023857
11;66;0,0682705360815784
11;66,5;0,0318198051533946
11;67;0,0405174859371441
11;67,5;0,135906155603432
11;68;0,137855743789626
11;68,5;0,168432693381452
11;69;0
11;69,5;0,0476507440297988
11;70;0,170640384453862
11;70,5;0,085289213854977
11;71;0
11;71,5;0
11;72;0,0761921755762862
11;72,5;0,107409026575512
11;73;0,142944229095053
11;73,5;0,131404336335766
11;74;0,135057395206631
11;75;0
11;75,5;0,0784528976065074
11;76;0,0806049350570767
11;76,5;0
11;77;0
11,5;-24,5;0,0361021698332201
11,5;-24;0
11,5;-23,5;0,0575007246331151
11,5;-23;0,0561481882843876
11,5;-22,5;0,0505130817568224
11,5;-22;0
11,5;-21,5;0
11,5;-21;0
11,5;-20,5;0
11,5;-19,5;0,0275771644662754
11,5;-19;0
11,5;-18,5;0,0435967633864921
11,5;-18;0,0697728543756773
11,5;-17,5;0,062803264246375
11,5;-17;0,0690123589412097
11,5;-16,5;0,0525868695222852
11,5;-16;0,0554636302969278
11,5;-15,5;0,0365050146138037
11,5;-15;0,0404871505493522
11,5;-14,5;0,0447954668036158
11,5;-14;0,0282995036133481
11,5;-13,5;0,0209031379575074
11,5;-13;0,0362732446282666
11,5;-12,5;0,034732870517311
11,5;-12;0,0668637088079592
11,5;-11,5;0,0699858522811541
11,5;-11;0,0352452715504742
11,5;-10,5;0,103915959310043
11,5;-10;0,14242626909801
11,5;-9,5;0,15163351987819
11,5;-9;0,115637919136614
11,5;-8,5;0,0791869768342676
11,5;-8;0,0737537621698753
11,5;-7,5;0,0965650341638644
11,5;-7;0,0497652568674102
11,5;-6,5;0,117792781529816
11,5;-6;0,118847369565957
11,5;-5,5;0,0351589412770468
11,5;-5;0,070945626927937
11,5;-4,5;0,0953292682818834
11,5;-4;0,0922428850479656
11,5;-3,5;0,204612234889966
11,5;-3;0,380775727091075
11,5;-2,5;0,16015836300259
11,5;-2;0,0617130623621588
11,5;-1,5;0,0568814427507932
11,5;-1;0,0556718772196992
11,5;-0,5;0,0572707947215331
11,5;0;0,060336832311063
11,5;0,5;0,0422080166161201
11,5;1;0,079931450486398
11,5;1,5;0,0567536979535691
11,5;2;0,094832941817306
11,5;2,5;0,0630978011256102
11,5;3;0,119493897261303
11,5;3,5;0,11992728649855
11,5;4;0,0877364044081854
11,5;4,5;0,0704043273368652
11,5;5;0,0974547968085004
11,5;5,5;0,161689443462834
11,5;6;0,0719253782184717
11,5;6,5;0,0592563485424027
11,5;7;0,0483451352344818
11,5;7,5;0,0774853027905364
11,5;8;0,0774038845571578
11,5;8,5;0,0467717639292071
11,5;9;0,0570951341069738
11,5;9,5;0,0410230301855219
11,5;10;0,0490649115582459
11,5;10,5;0,057892080418712
11,5;11;0,0346058065319973
11,5;11,5;0,0551585720194685
11,5;12;0,0401339673775155
11,5;12,5;0,0285790690701842
11,5;13;0,0515940463943484
11,5;13,5;0,0442921537967526
11,5;14;0,0485368373488831
11,5;14,5;0,0442304537463601
11,5;15;0,0429334115077228
11,5;15,5;0,0441966585626015
11,5;16;0,0325560914367166
11,5;16,5;0,0740448043947125
11,5;17;0,0509349828604231
11,5;17,5;0,26225691722738
11,5;18;0,278933872511317
11,5;18,5;0,0590716076633502
11,5;19;0,0425383662714263
11,5;19,5;0,0400222338344817
11,5;20;0,170345645498562
11,5;20,5;0,195102604213267
11,5;21;0,0489532954974027
11,5;21,5;0,0435977410562759
11,5;22;0,026502703207615
11,5;22,5;0,0401358111084519
11,5;23;0,0388381805698008
11,5;23,5;0,0638992357147562
11,5;24;0,0850504735898116
11,5;24,5;0,0331749287160772
11,5;25;0,0612605898922756
11,5;25,5;0,0749229771141265
11,5;26;0,0436375373258568
11,5;26,5;0,0632857681389655
11,5;27;0,0582574961214584
11,5;27,5;0,0478162259076884
11,5;28;0,0420612165584324
11,5;28,5;0,227122418477804
11,5;29;0,170782275901406
11,5;29,5;0,345016549748231
11,5;30;0,0382927727985077
11,5;30,5;0,0376016338307436
11,5;31;0,076632031702339
11,5;31,5;0,204477689747979
11,5;32;0,120868505509895
11,5;32,5;0,0752070821954636
11,5;33;0,109537730859725
11,5;33,5;0,0515801660933599
11,5;34;0,135381605997099
11,5;34,5;0,073367035330694
11,5;35;0,060498459700443
11,5;35,5;0,0436505164049359
11,5;36;0,0430718987885485
11,5;36,5;0,0378714796417002
11,5;37;0,0476617423009317
11,5;37,5;0,294834661922828
11,5;38;0,294031425517612
11,5;38,5;0,186427726230403
11,5;39;0,0305277345545131
11,5;39,5;0,0751294667681031
11,5;40;0,0856213719098865
11,5;40,5;0,0321716760007103
11,5;41;0,0371743931248606
11,5;41,5;0,0361724394829995
11,5;42;0,0338743525854798
11,5;42,5;0,0323220088941447
11,5;43;0,0648495781567995
11,5;43,5;0,22229907633376
11,5;44;0,169556164727794
11,5;44,5;0,0207981127750133
11,5;45;0,041087657220828
11,5;45,5;0,0668167216451951
11,5;46;0,0479962758895228
11,5;46,5;0,1044415476141
11,5;47;0,0849189390300974
11,5;47,5;0,0563009403208052
11,5;48;0,0238062079548609
11,5;48,5;0,035038433280081
11,5;49;0,0242429690763488
11,5;49,5;0,0321320760008321
11,5;50;0,0423029092906597
11,5;50,5;0,0430306812830153
11,5;51;0,0493209006372493
11,5;51,5;0,0589340608307555
11,5;52;0,0468347138504757
11,5;52,5;0,0620364559189392
11,5;53;0,23500907530602
11,5;53,5;0,061306749848861
11,5;54;0,105430703940234
11,5;54,5;0,108167625582194
11,5;55;0,0385008179116214
11,5;55,5;0,0441355006354377
11,5;56;0,0779460418152686
11,5;56,5;0,0816226205961464
11,5;57;0,0609150876414424
11,5;57,5;0,0650496726207708
11,5;58;0,170853280136301
11,5;58,5;0,0928912106738194
11,5;59;0,0429697227726378
11,5;59,5;0,141551759291149
11,5;60;0,158046414937314
11,5;60,5;0,0361241246392543
11,5;61;0,0683252724629976
11,5;61,5;0,0321728393461254
11,5;62;0,0374056093098767
11,5;62,5;0,0402460192254099
11,5;63;0,0240106663125827
11,5;63,5;0,0338772751192233
11,5;64;0,107134224519955
11,5;64,5;0,0915305961965518
11,5;65;0,0938110575240899
11,5;65,5;0,0732852202173409
11,5;66;0,0539039524405185
11,5;66,5;0,0783587935658821
11,5;67;0,0620410205855297
11,5;67,5;0,0913045799277861
11,5;68;0,15478669188927
11,5;68,5;0,246552699474643
11,5;69;0,0262311404112122
11,5;69,5;0,0603321255051185
11,5;70;0,0895374613737027
11,5;70,5;0,0681080840364131
11,5;71;0,0852296363308615
11,5;71,5;0
11,5;72;0
11,5;72,5;0,0664933580642959
11,5;73;0,22316107904701
11,5;73,5;0,129461276467933
11,5;74;0,220116635748717
11,5;75;0,048523926351558
11,5;75,5;0,0908224152459684
11,5;76;0
11,5;76,5;0
11,5;77;0
12;-24,5;0,0586426776022688
12;-24;0,0634143421307735
12;-23,5;0,0659096329085888
12;-23;0,0335961307295944
12;-22,5;0,0703938917804663
12;-21,5;0
12;-21;0
12;-20,5;0
12;-20;0
12;-19;0
12;-18,5;0,0805055796305346
12;-18;0,0586264335613315
12;-17,5;0,0574688321324409
12;-17;0,0807196868927438
12;-16,5;0,0744483946202903
12;-16;0,0830166366946114
12;-15,5;0,0540040359365473
12;-15;0,0546501694932507
12;-14,5;0,0483438446084095
12;-14;0,0584702365412345
12;-13,5;0,0551571274825041
12;-13;0,0364300172089742
12;-12,5;0,0656040464383936
12;-12;0,0459550163831781
12;-11,5;0,0634695437097464
12;-11;0,0532656929228673
12;-10,5;0,06186270512768
12;-10;0,0482458678864412
12;-9,5;0,0587408950699867
12;-9;0,0722533794486517
12;-8,5;0,0769903942973476
12;-8;0,0624124608626832
12;-7,5;0,24866790102464
12;-7;0,250785992769164
12;-6,5;0,07891051070843
12;-6;0,0459402456655365
12;-5,5;0,0240413984019026
12;-5;0,0268218211111643
12;-4,5;0,0280871292135429
12;-4;0,194941447307027
12;-3,5;0,310998586376677
12;-3;0,283992176297776
12;-2,5;0,107040079000329
12;-2;0,0724721690668645
12;-1,5;0,0705076744364442
12;-1;0,0716619213532622
12;-0,5;0,0522315815987652
12;0;0,0447613175282373
12;0,5;0,0551328393245695
12;1;0,0871335881556243
12;1,5;0,0673981937933847
12;2;0,0597773574536883
12;2,5;0,0308067347128038
12;3;0,233028255340666
12;3,5;0,104695254080919
12;4;0,11703021725316
12;4,5;0,0888688029788006
12;5;0,0636832592092012
12;5,5;0,0826570560050553
12;6;0,0584265542530783
12;6,5;0,0421629264735691
12;7;0,0886773990677355
12;7,5;0,0501112025748438
12;8;0,0396171465685775
12;8,5;0,0512302706384141
12;9;0,0494492493782574
12;9,5;0,0447458652285831
12;10;0,0479253853608239
12;10,5;0,0518063427214114
12;11;0,0521052942206812
12;11,5;0,0553233918089084
12;12;0,0403922980913198
12;12,5;0,0449481037051499
12;13;0,0460071537184959
12;13,5;0,0684569298148071
12;14;0,0359071639671446
12;14,5;0,0763605221415929
12;15;0,0697766616203946
12;15,5;0,0545301342121041
12;16;0,0616650699666715
12;16,5;0,0474152376552597
12;17;0,0351987509169814
12;17,5;0,0315959403013452
12;18;0,0374416994004611
12;18,5;0,0347795972615401
12;19;0,0240326167253311
12;19,5;0,0462894355736817
12;20;0,0476827281306709
12;20,5;0,0287259581610241
12;21;0,037229496363086
12;21,5;0,0677713858778294
12;22;0,0408504680977055
12;22,5;0,0336946710029122
12;23;0,0454430045955004
12;23,5;0,0592265471245583
12;24;0,0463393980017278
12;24,5;0,0760288702958113
12;25;0,0524391684829629
12;25,5;0,0547784858031605
12;26;0,0477182704352676
12;26,5;0,0651737928790163
12;27;0,0696895644946145
12;27,5;0,0626095040708677
12;28;0,0573080867278582
12;28,5;0,0806519953418208
12;29;0,19597565205491
12;29,5;0,0803795717912837
12;30;0,107703779047509
12;30,5;0,12123681548081
12;31;0,101445193885876
12;31,5;0,099033731839292
12;32;0,113700868803818
12;32,5;0,0727807675658948
12;33;0,0948654378198085
12;33,5;0,0774049154866941
12;34;0,089279565765185
12;34,5;0,0656327173350109
12;35;0,0544895801533444
12;35,5;0,0604398142172761
12;36;0,0358846139634909
12;36,5;0,0637352124590957
12;37;0,045770108679964
12;37,5;0,340926152106188
12;38;0,315256585168109
12;38,5;0,221296169172352
12;39;0,0625553121636349
12;39,5;0,0507106273417638
12;40;0,0666135642852018
12;40,5;0,0507302947943076
12;41;0,038088339011139
12;41,5;0,0223921810167732
12;42;0,0264462670714944
12;42,5;0,0390523879628665
12;43;0,123388166092541
12;43,5;0,268164158381057
12;44;0,247673099943762
12;44,5;0,029950909480849
12;45;0,0513247617008779
12;45,5;0,0383717583143282
12;46;0,0295587612415122
12;46,5;0,0684648382049799
12;47;0,0595156198873465
12;47,5;0,0296477463471173
12;48;0,0308922587821134
12;48,5;0,0275553043779704
12;49;0,035325997778954
12;49,5;0,0271606687762775
12;50;0,0396964947404411
12;50,5;0,0543787097781382
12;51;0,0669795546700756
12;51,5;0,0379995249477806
12;52;0,0321986491934553
12;52,5;0,0749370001507709
12;53;0,0798590034634397
12;53,5;0,0378993701656527
12;54;0,107915880215461
12;54,5;0,0921548029865976
12;55;0,081735913184672
12;55,5;0,0697427822981344
12;56;0,0432840205648069
12;56,5;0,0379210540282771
12;57;0,0535774753382485
12;57,5;0,364758066905738
12;58;0,344365260611533
12;58,5;0,0596842807719587
12;59;0,0309093523015526
12;59,5;0,053986678169277
12;60;0,0700205431061232
12;60,5;0,0281880357506004
12;61;0,0380415959866313
12;61,5;0,0683540051316205
12;62;0,104859285047982
12;62,5;0,0935421473632786
12;63;0,0638056524950774
12;63,5;0,05549348555259
12;64;0,055623250048392
12;64,5;0,0930459860471182
12;65;0,0592576120657747
12;65,5;0,0925094208575502
12;66;0,11952430968661
12;66,5;0,076883745938985
12;67;0,0398036849215413
12;67,5;0,055123076578041
12;68;0,0692025208275601
12;68,5;0,0433967484701075
12;69;0,0521854640690156
12;69,5;0,067218233457083
12;70;0
12;70,5;0,101544592902951
12;71;0,118231411505854
12;71,5;0,0569033508854386
12;72;0,0724895217892267
12;72,5;0
12;73;0,0403050865276332
12;73,5;0,0524811077118868
12;74;0
12;75;0,0372357355238217
12;75,5;0,098535651987713
12;76;0
12;76,5;0
12;77;0
12,5;-24,5;0,0863674321334919
12,5;-24;0,0808770078296683
12,5;-23,5;0,0599839978660976
12,5;-23;0,0763974569509446
12,5;-22,5;0
12,5;-22;0
12,5;-21,5;0,0459619407771256
12,5;-21;0
12,5;-20,5;0
12,5;-20;0
12,5;-19,5;0
12,5;-19;0
12,5;-18,5;0,0508413654856402
12,5;-18;0,0733549560686388
12,5;-17,5;0,0183111987592293
12,5;-17;0
12,5;-16,5;0,0527235979214031
12,5;-16;0,0710489353861984
12,5;-15,5;0,0661272917444098
12,5;-15;0,0512317509723444
12,5;-14,5;0,0768712520643406
12,5;-14;0,0802684903067856
12,5;-13,5;0,0586650538626762
12,5;-13;0,0544371827223369
12,5;-12,5;0,0571227576951048
12,5;-12;0,0651608184710307
12,5;-11,5;0,059526287437601
12,5;-11;0,0669332673690875
12,5;-10,5;0,104845476676831
12,5;-10;0,0632226704640516
12,5;-9,5;0,0353412941289233
12,5;-9;0,0674829720385188
12,5;-8,5;0,0758012453538233
12,5;-8;0,249939401972809
12,5;-7,5;0,300319584627999
12,5;-7;0,256554731852984
12,5;-6,5;0,0720231207162994
12,5;-6;0,0625385823940395
12,5;-5,5;0,0382637042150828
12,5;-5;0,0243426073725212
12,5;-4,5;0,0313609203628868
12,5;-4;0,0514354073430818
12,5;-3,5;0,288361548762275
12,5;-3;0,166416809703289
12,5;-2,5;0,0881942953222557
12,5;-2;0,059344314125682
12,5;-1,5;0,116005662169836
12,5;-1;0,0731967971650792
12,5;-0,5;0,11119474488192
12,5;0;0,0695374025265544
12,5;0,5;0,0560749741960925
12,5;1;0,0673141961221064
12,5;1,5;0,107760710828759
12,5;2;0,0967665221026011
12,5;2,5;0,0362830808094414
12,5;3;0,0608444859505628
12,5;3,5;0,0987124299285243
12,5;4;0,154257588001954
12,5;4,5;0,105030266451579
12,5;5;0,0716232039959143
12,5;5,5;0,0743486795484004
12,5;6;0,0746308724115383
12,5;6,5;0,048909426951392
12,5;7;0,11362713703994
12,5;7,5;0,0932315591906124
12,5;8;0,154272000669902
12,5;8,5;0,106967675277986
12,5;9;0,041967676332096
12,5;9,5;0,0257690027687151
12,5;10;0,0211695622262289
12,5;10,5;0,0423521683003438
12,5;11;0,140510771938711
12,5;11,5;0,047199784201278
12,5;12;0,040337563729346
12,5;12,5;0,0253988451066948
12,5;13;0,0462684093404055
12,5;13,5;0,0481410670240857
12,5;14;0,0236319394970513
12,5;14,5;0,0313022166962654
12,5;15;0,0554270398750582
12,5;15,5;0,0597603752580286
12,5;16;0,0630153190960051
12,5;16,5;0,0433266884076623
12,5;17;0,0432285584360942
12,5;17,5;0,0293611530925536
12,5;18;0,0502490382019436
12,5;18,5;0,0331340161346325
12,5;19;0,0286985664014533
12,5;19,5;0,0287852889194742
12,5;20;0,0272913118497323
12,5;20,5;0,0436033840019182
12,5;21;0,0395194427493614
12,5;21,5;0,13907401954774
12,5;22;0,108761193021399
12,5;22,5;0,107272877503747
12,5;23;0,0536324793149223
12,5;23,5;0,0497781483141627
12,5;24;0,040685368052332
12,5;24,5;0,0694035301695814
12,5;25;0,0476120918965533
12,5;25,5;0,0536412157538232
12,5;26;0,0500196531623255
12,5;26,5;0,0688972695145205
12,5;27;0,102769316952518
12,5;27,5;0,0533256924623021
12,5;28;0,0936503108177087
12,5;28,5;0,0390860923993128
12,5;29;0,056680677127782
12,5;29,5;0,0372026775338318
12,5;30;0,0570628461000789
12,5;30,5;0,0772868287944248
12,5;31;0,06616314940452
12,5;31,5;0,072569698210742
12,5;32;0,0901278298426403
12,5;32,5;0,0849494728660098
12,5;33;0,0723623844088021
12,5;33,5;0,0304758253537284
12,5;34;0,0512527344212454
12,5;34,5;0,111394701869847
12,5;35;0,0588612021524953
12,5;35,5;0,0661218645722634
12,5;36;0,0551430265473781
12,5;36,5;0,0495446938050183
12,5;37;0,0404381743843494
12,5;37,5;0,0471302601845293
12,5;38;0,072324794471307
12,5;38,5;0,0356254466889979
12,5;39;0,0474678925811242
12,5;39,5;0,0414808779474846
12,5;40;0,0497618737301459
12,5;40,5;0,0666507468737112
12,5;41;0,0405251227247477
12,5;41,5;0,0332928622196873
12,5;42;0,0271558630199547
12,5;42,5;0,0291433523505086
12,5;43;0,0349604400593872
12,5;43,5;0,122357331887659
12,5;44;0,070577729433965
12,5;44,5;0,0467469268531724
12,5;45;0,0356607179237792
12,5;45,5;0,0280963538334191
12,5;46;0,0479106051616604
12,5;46,5;0,0504729995676321
12,5;47;0,0311439172884658
12,5;47,5;0,0461842395378918
12,5;48;0,0231030358821471
12,5;48,5;0,0380019796434721
12,5;49;0,0625006572320292
12,5;49,5;0,0483141514291109
12,5;50;0,056487845424235
12,5;50,5;0,113605772910779
12,5;51;0,226718457019938
12,5;51,5;0,0544381040338044
12,5;52;0,063910900115328
12,5;52,5;0,0888089020188419
12,5;53;0,0251200688124626
12,5;53,5;0,0248949860529889
12,5;54;0,052347565613831
12,5;54,5;0,0843743492557124
12,5;55;0,266127607443358
12,5;55,5;0,314157458551136
12,5;56;0,0180252740011071
12,5;56,5;0,028372772086404
12,5;57;0,0471900691487375
12,5;57,5;0,22277068253947
12,5;58;0,265521168284086
12,5;58,5;0,0653025235379122
12,5;59;0,0315625380848874
12,5;59,5;0,0472277524985109
12,5;60;0,051401060101829
12,5;60,5;0,041626752871463
12,5;61;0,0180815147725678
12,5;61,5;0,148580797323656
12,5;62;0,110231891391887
12,5;62,5;0,0903893811787926
12,5;63;0,0359985665669037
12,5;63,5;0,0500548458059006
12,5;64;0,0601165534607565
12,5;64,5;0,0370295713375021
12,5;65;0,0382507187358785
12,5;65,5;0,0527077821020544
12,5;66;0,0230771222518877
12,5;66,5;0,0238620548322795
12,5;67;0,0409558794066373
12,5;67,5;0,071562348826066
12,5;68;0,0567460743934268
12,5;68,5;0,119052229434536
12,5;69;0,0931392326931389
12,5;69,5;0,0937642930280969
12,5;70;0
12,5;70,5;0
12,5;71;0,0113137084989848
12,5;71,5;0,0753102895086877
12,5;72;0,113122616287767
12,5;72,5;0
12,5;73;0,0903857474015308
12,5;73,5;0,0982064754889258
12,5;74;0
12,5;74,5;0,0240901086202062
12,5;75;0,121799242625571
12,5;75,5;0,187439641078452
12,5;76;0
12,5;76,5;0
12,5;77;0
13;-24,5;0,0554887375960203
13;-24;0,0706186236059582
13;-23,5;0,052486733017565
13;-23;0,0284077454226836
13;-22,5;0,00707106781186548
13;-22;0
13;-21,5;0,0725674070876766
13;-21;0,171826947828331
13;-20,5;0,0365130113795069
13;-20;0,0660928639617521
13;-19,5;0,0699736685169092
13;-19;0,0339852909359329
13;-18,5;0,0332320520137675
13;-18;0,0529393183614167
13;-17,5;0
13;-17;0
13;-16,5;0,0535656260332605
13;-16;0,0518296766786692
13;-15,5;0,0662725448136589
13;-15;0,0605440248692505
13;-14,5;0,0660993014112768
13;-14;0,0377872770503288
13;-13,5;0,0590877710248465
13;-13;0,0461259936201855
13;-12,5;0,0709954052103065
13;-12;0,0742335051199786
13;-11,5;0,0732607576174062
13;-11;0,0808075385734776
13;-10,5;0,156463057639166
13;-10;0,107659958511355
13;-9,5;0,0626211753345426
13;-9;0,056749007256175
13;-8,5;0,0600941910975894
13;-8;0,0546473407620002
13;-7,5;0,15587299047418
13;-7;0,0557916606152339
13;-6,5;0,0687914835329599
13;-6;0,0586602651313196
13;-5,5;0,0277656562217059
13;-5;0,0314072764527344
13;-4,5;0,0365799670168134
13;-4;0,0838397610570637
13;-3,5;0,123097439007077
13;-3;0,0511499187421429
13;-2,5;0,0642262980045705
13;-2;0,0522978990776292
13;-1,5;0,116710971138277
13;-1;0,0859529571095053
13;-0,5;0,0882275748167618
13;0;0,0530064613529757
13;0,5;0,309298976610259
13;1;0,293785805851624
13;1,5;0,0531181963842415
13;2;0,0579565622744137
13;2,5;0,0677709883879472
13;3;0,0514085263522419
13;3,5;0,1245505395603
13;4;0,151282773923373
13;4,5;0,166119053118972
13;5;0,128280177999921
13;5,5;0,0979916661704745
13;6;0,0459273313667587
13;6,5;0,035763120148786
13;7;0,0428215569086334
13;7,5;0,0320083476008106
13;8;0,0561843886204374
13;8,5;0,0730118931201942
13;9;0,0391445949461882
13;9,5;0,0911693867086377
13;10;0,0584689470991268
13;10,5;0,0596379377017813
13;11;0,0418854881953805
13;11,5;0,0468013017348659
13;12;0,0404596966417396
13;12,5;0,0254566536285691
13;13;0,0419619187322048
13;13,5;0,102030055321476
13;14;0,106673123365448
13;14,5;0,0942376008829176
13;15;0,0500138128834458
13;15,5;0,0572134529781298
13;16;0,0593513466817829
13;16,5;0,0293192234497203
13;17;0,0453687343753772
13;17,5;0,0579461776490239
13;18;0,076830810330088
13;18,5;0,0813611773296736
13;19;0,0335330599027673
13;19,5;0,0294432179157186
13;20;0,0512043063788148
13;20,5;0,0542115080338648
13;21;0,0430053603552365
13;21,5;0,120666495842527
13;22;0,151914936162089
13;22,5;0,129544359378678
13;23;0,0528855828553452
13;23,5;0,04704631188717
13;24;0,0420336101252948
13;24,5;0,0623044378452018
13;25;0,0449426953772089
13;25,5;0,0480352072821111
13;26;0,0383939955992031
13;26,5;0,0649109193509104
13;27;0,0712042835790095
13;27,5;0,0913618264557651
13;28;0,0801982417712089
13;28,5;0,0797938099155588
13;29;0,0685108585926205
13;29,5;0,0393614696063967
13;30;0,0250725319799026
13;30,5;0,0553065219001785
13;31;0,0568311981692705
13;31,5;0,0309668583050616
13;32;0,0415702685985154
13;32,5;0,0735914327314103
13;33;0,0725711999064696
13;33,5;0,0380867599311267
13;34;0,0764388620231035
13;34,5;0,125704067458802
13;35;0,0818142418317054
13;35,5;0,0357241438728144
13;36;0,0492278209694266
13;36,5;0,03836549614909
13;37;0,0514164716450355
13;37,5;0,0540842293823581
13;38;0,0356632230202274
13;38,5;0,0486183044920372
13;39;0,0352736947797841
13;39,5;0,0305094484755295
13;40;0,028849652527897
13;40,5;0,0574495202083464
13;41;0,0595332398972294
13;41,5;0,0469660917482462
13;42;0,0366274032203577
13;42,5;0,0636681771127422
13;43;0,0635063596303443
13;43,5;0,093762168584686
13;44;0,0781081224469955
13;44,5;0,0549531129973469
13;45;0,0680700357511857
13;45,5;0,0375962778224227
13;46;0,0567677623196981
13;46,5;0,023678186715795
13;47;0,135436467040721
13;47,5;0,330134612112765
13;48;0,155165396140219
13;48,5;0,0421614696884835
13;49;0,0267809032378805
13;49,5;0,0327856069976917
13;50;0,0859319824177291
13;50,5;0,312972438513214
13;51;0,223920753502894
13;51,5;0,150261548181077
13;52;0,0671951510512052
13;52,5;0,140129150757063
13;53;0,0352273025115819
13;53,5;0,0238635590136188
13;54;0,0378566964847257
13;54,5;0,0466845902129307
13;55;0,306754659257829
13;55,5;0,265588129430974
13;56;0,0416221051089398
13;56,5;0,0367640930093282
13;57;0,0508163188606599
13;57,5;0,10239588299308
13;58;0,0339414333616244
13;58,5;0,0272872873058738
13;59;0,022865381699681
13;59,5;0,0866485814289855
13;60;0,0403387896288169
13;60,5;0,0231797062209124
13;61;0,0191943554313053
13;61,5;0,0699276282557416
13;62;0,0492941797945372
13;62,5;0,0481995339786348
13;63;0,041014491411538
13;63,5;0,0522559025166161
13;64;0,0433751473667918
13;64,5;0,0888361177680892
13;65;0,0208929675238828
13;65,5;0,037617104441285
13;66;0,0601817480888542
13;66,5;0,0299686110298563
13;67;0,0508749031373109
13;67,5;0,0987477683363651
13;68;0,066011293799553
13;68,5;0,0904092915578924
13;69;0,0727938325924117
13;69,5;0
13;70;0,0567524385882606
13;70,5;0,123700354800533
13;71;0,104727763328378
13;71,5;0
13;72;0
13;72,5;0,0760675537090074
13;73;0,0332340187157677
13;73,5;0
13;74;0,0764767938658519
13;74,5;0,0514230817175841
13;75;0,1079849755323
13;75,5;0,13126845185197
13;76;0
13;76,5;0
13;77;0
13,5;-24,5;0
13,5;-24;0
13,5;-23,5;0
13,5;-23;0,0405822210662091
13,5;-22,5;0
13,5;-22;0
13,5;-21,5;0,303842777787206
13,5;-21;0,217885775648496
13,5;-20,5;0
13,5;-20;0,0653950813644777
13,5;-19,5;0,0809894039352281
13,5;-19;0,0826728492311714
13,5;-18,5;0,0892904396265112
13,5;-18;0,0881986394452885
13,5;-17,5;0
13,5;-17;0,0526830143404874
13,5;-16,5;0,0685024134258151
13,5;-16;0,0546142280339411
13,5;-15,5;0,0468880937268016
13,5;-15;0,0738218576484408
13,5;-14,5;0,0318926771711447
13,5;-14;0,0511286583618459
13,5;-13,5;0,0583116956206373
13,5;-13;0,0715093234014512
13,5;-12,5;0,0643471333582823
13,5;-12;0,0708349563309446
13,5;-11,5;0,0495952774192116
13,5;-11;0,0978516694229626
13,5;-10,5;0,0928357453234265
13,5;-10;0,0899449503761229
13,5;-9,5;0,0843065498252321
13,5;-9;0,103352722049658
13,5;-8,5;0,109151689034556
13,5;-8;0,0519804134293071
13,5;-7,5;0,0234777260499054
13,5;-7;0,0203162912384513
13,5;-6,5;0,0296111069472111
13,5;-6;0,031390639324435
13,5;-5,5;0,0311793600224401
13,5;-5;0,0667890070349384
13,5;-4,5;0,0333446702090247
13,5;-4;0,0678957787329923
13,5;-3,5;0,0720224594405491
13,5;-3;0,0473867200771421
13,5;-2,5;0,0503053226020236
13,5;-2;0,0378974958818983
13,5;-1,5;0,0901704990023762
13,5;-1;0,093846101186808
13,5;-0,5;0,0896678359082017
13,5;0;0,0585106893679106
13,5;0,5;0,333475566823049
13,5;1;0,250958220651161
13,5;1,5;0,0404642664921174
13,5;2;0,0512549086445617
13,5;2,5;0,0486463802160371
13,5;3;0,0556030962773167
13,5;3,5;0,0669196829695074
13,5;4;0,160049146833494
13,5;4,5;0,204032074673941
13,5;5;0,0806912762547436
13,5;5,5;0,0981966245243546
13,5;6;0,0814946685322482
13,5;6,5;0,0780365320064178
13,5;7;0,0868474160206726
13,5;7,5;0,0921280263458455
13,5;8;0,0428381168300454
13,5;8,5;0,103410104022284
13,5;9;0,055096353989187
13,5;9,5;0,0572177148187013
13,5;10;0,0477750448159058
13,5;10,5;0,219013573685505
13,5;11;0,128275045337633
13,5;11,5;0,0307637097168688
13,5;12;0,0704640169586606
13,5;12,5;0,135451159709567
13,5;13;0,148983124408583
13,5;13,5;0,150627663808636
13,5;14;0,150315015622421
13,5;14,5;0,162190813962703
13,5;15;0,0618392651626169
13,5;15,5;0,0519913028345276
13,5;16;0,0273362914297396
13,5;16,5;0,0428622108348025
13,5;17;0,0483790915724697
13,5;17,5;0,0969531851472289
13,5;18;0,0225859454335982
13,5;18,5;0,0591276073385338
13,5;19;0,0436394317103236
13,5;19,5;0,116137649877239
13,5;20;0,0283850225318253
13,5;20,5;0,0591566020950204
13,5;21;0,0410208801105244
13,5;21,5;0,0311772260069366
13,5;22;0,0276057173471747
13,5;22,5;0,0300597201726747
13,5;23;0,0382431704052453
13,5;23,5;0,0381462460558607
13,5;24;0,122187624997294
13,5;24,5;0,0426910694462943
13,5;25;0,0393479690984974
13,5;25,5;0,0424320377037382
13,5;26;0,0589399201503346
13,5;26,5;0,0426410735913719
13,5;27;0,0472702636304417
13,5;27,5;0,0627242335671312
13,5;28;0,108235699594296
13,5;28,5;0,0707488457400806
13,5;29;0,0399306112085026
13,5;29,5;0,0682218308702054
13,5;30;0,0348179803280279
13,5;30,5;0,0552894814735967
13,5;31;0,0630546037924152
13,5;31,5;0,125760900338913
13,5;32;0,0265479459223644
13,5;32,5;0,0487648432412664
13,5;33;0,051850631606154
13,5;33,5;0,268107512637295
13,5;34;0,361540568834488
13,5;34,5;0,304485807095649
13,5;35;0,135261240243475
13,5;35,5;0,0494688414916721
13,5;36;0,0354541802021329
13,5;36,5;0,0678560567999972
13,5;37;0,0524714363223097
13,5;37,5;0,044638164636653
13,5;38;0,0263879625781901
13,5;38,5;0,0482106605131567
13,5;39;0,038484300520532
13,5;39,5;0,030536188619849
13,5;40;0,0527783271876657
13,5;40,5;0,0440797444715716
13,5;41;0,0594976166460021
13,5;41,5;0,0316887671175845
13,5;42;0,0266568335865216
13,5;42,5;0,0446872865731096
13,5;43;0,0482148643106653
13,5;43,5;0,0431896840774591
13,5;44;0,0414426650971933
13,5;44,5;0,0709938149635966
13,5;45;0,0679188335683337
13,5;45,5;0,0908143960339837
13,5;46;0,0600090462089785
13,5;46,5;0,106625509730727
13,5;47;0,246256063370877
13,5;47,5;0,167836609440006
13,5;48;0,26803882629277
13,5;48,5;0,0514884246543666
13,5;49;0,0558983323355692
13,5;49,5;0,034426505838237
13,5;50;0,114197673441163
13,5;50,5;0,296215474887834
13,5;51;0,33440124571371
13,5;51,5;0,0543996186240593
13,5;52;0,0478744671737462
13,5;52,5;0,0603164623486167
13,5;53;0,0629635781394217
13,5;53,5;0,0467830513696626
13,5;54;0,0234870487727832
13,5;54,5;0,0352453482462971
13,5;55;0,0488318622932338
13,5;55,5;0,0509775656844479
13,5;56;0,0356590038448835
13,5;56,5;0,0301478488099582
13,5;57;0,0606665333306268
13,5;57,5;0,0336270938370416
13,5;58;0,0744701974362809
13,5;58,5;0,0473259353404046
13,5;59;0,0576526592367038
13,5;59,5;0,0750886914731308
13,5;60;0,0422879527140004
13,5;60,5;0,0341634422115887
13,5;61;0,0539757325031177
13,5;61,5;0,0762508165538672
13,5;62;0,108787311461442
13,5;62,5;0,0410989438843116
13,5;63;0,0916719359584193
13,5;63,5;0,0471129872288032
13,5;64;0,082194355757612
13,5;64,5;0,0727516695253051
13,5;65;0,032729428729794
13,5;65,5;0,052405980502733
13,5;66;0,049220857473814
13,5;66,5;0,0454347207850324
13,5;67;0,0506833574370171
13,5;67,5;0,117535649737754
13,5;68;0,153250048102091
13,5;68,5;0,126232769601289
13,5;69;0,100299671674094
13,5;69,5;0,143542676580869
13,5;70;0
13,5;70,5;0,0888023487462868
13,5;71;0,108794122594518
13,5;71,5;0
13,5;72;0
13,5;72,5;0,0613297100379036
13,5;73;0
13,5;73,5;0,14206246369025
13,5;74;0,151605592397039
13,5;74,5;0
13,5;75;0
13,5;75,5;0
13,5;76;0
13,5;76,5;0
13,5;77;0
14;-24,5;0
14;-24;0
14;-23,5;0
14;-23;0,042696213727527
14;-22,5;0,0421585631212028
14;-22;0
14;-21,5;0,0806646349606402
14;-21;0,375722979538038
14;-20,5;0,0685893577750951
14;-20;0,0726736712984833
14;-19,5;0,154141513219382
14;-19;0,0855385312951681
14;-18,5;0,0854602664567408
14;-18;0,0526070337502505
14;-17,5;0,0257080680313547
14;-17;0
14;-16,5;0
14;-16;0,0696354293679289
14;-15,5;0,0465073083812508
14;-15;0,0479696752499925
14;-14,5;0
14;-14;0,0629488681391493
14;-13,5;0,0436946279629489
14;-13;0,0189490088148413
14;-12,5;0,0636396103067893
14;-12;0,0862247750241019
14;-11,5;0,14216815909687
14;-11;0,0964961475578507
14;-10,5;0,065427313358668
14;-10;0,0953759406155933
14;-9,5;0,104027012348936
14;-9;0,0528060332050907
14;-8,5;0,116930542049999
14;-8;0,128579853063617
14;-7,5;0,102708949614899
14;-7;0,0278871734753532
14;-6,5;0,0331662074075001
14;-6;0,0259183982908545
14;-5,5;0,0637622157318796
14;-5;0,0869606260639658
14;-4,5;0,0795446645994894
14;-4;0,0847876969198171
14;-3,5;0,112247418587834
14;-3;0,0643219789506458
14;-2,5;0,0569692518299429
14;-2;0,0574910085673182
14;-1,5;0,206295984772689
14;-1;0,213723387289529
14;-0,5;0,0822277274501787
14;0;0,0836878392336826
14;0,5;0,0785093088719234
14;1;0,0589809300422468
14;1,5;0,0818092260438152
14;2;0,0767993278104487
14;2,5;0,0456306376946316
14;3;0,0726868017487314
14;3,5;0,100539616290008
14;4;0,127706327755782
14;4,5;0,10738879836943
14;5;0,0810585028151559
14;5,5;0,0649587527623457
14;6;0,108667880589935
14;6,5;0,0752579014502973
14;7;0,0667885205950018
14;7,5;0,0718445807515882
14;8;0,0844189454769347
14;8,5;0,0562351935846042
14;9;0,0628169207457314
14;9,5;0,0338598121808009
14;10;0,0313790751209521
14;10,5;0,0353543470535807
14;11;0,0275957199178871
14;11,5;0,0521384906545612
14;12;0,132452642558173
14;12,5;0,17534500605509
14;13;0,0572028216954143
14;13,5;0,082996148791891
14;14;0,152904583804787
14;14,5;0,139880284805025
14;15;0,142548590172699
14;15,5;0,105606677099196
14;16;0,105054119372821
14;16,5;0,0284968752817997
14;17;0,04249878561455
14;17,5;0,0617196775351372
14;18;0,0315911205573912
14;18,5;0,0480760834919149
14;19;0,108216262103962
14;19,5;0,147063876884494
14;20;0,0481229972571719
14;20,5;0,0531419509124262
14;21;0,0374917052350584
14;21,5;0,0376026840229528
14;22;0,0324392807616608
14;22,5;0,0588078289329036
14;23;0,0445177604079039
14;23,5;0,0658681220631971
14;24;0,143826399987392
14;24,5;0,0740676938903657
14;25;0,0360489432374923
14;25,5;0,040287140864155
14;26;0,042432731407227
14;26,5;0,0652759421424887
14;27;0,0632408778500829
14;27,5;0,0606119349027983
14;28;0,0383160014102932
14;28,5;0,0460469792681332
14;29;0,028884575424939
14;29,5;0,0509777234811101
14;30;0,0651298847746279
14;30,5;0,0619519325986515
14;31;0,0432509872841011
14;31,5;0,0788055568930871
14;32;0,0336108728003941
14;32,5;0,0712514751681899
14;33;0,0528617604732524
14;33,5;0,0600211875384288
14;34;0,262634035519527
14;34,5;0,258534208136679
14;35;0,124234854568418
14;35,5;0,0513874718571372
14;36;0,0412459993079664
14;36,5;0,0651206490983624
14;37;0,0417938717851101
14;37,5;0,0493250137981157
14;38;0,0403166380359401
14;38,5;0,0447641743196611
14;39;0,0400308669419393
14;39,5;0,0428388951379365
14;40;0,0447211732106095
14;40,5;0,0246134188132192
14;41;0,0393787324961426
14;41,5;0,0313048614853521
14;42;0,034757411957026
14;42,5;0,0652362373736152
14;43;0,107352513985249
14;43,5;0,077494732359157
14;44;0,0398445848448861
14;44,5;0,0471739688104927
14;45;0,0569932254336901
14;45,5;0,0379779000796447
14;46;0,0333745862197486
14;46,5;0,0651056004940149
14;47;0,323787412966468
14;47,5;0,372197735444444
14;48;0,295903740502474
14;48,5;0,0468143158130681
14;49;0,0377721883656433
14;49,5;0,0317560554670055
14;50;0,0373718951006952
14;50,5;0,226772277367612
14;51;0,298693207726128
14;51,5;0,0336833371358929
14;52;0,0526303862771469
14;52,5;0,113524705173059
14;53;0,0978741775027956
14;53,5;0,0558414347972935
14;54;0,0415800160577811
14;54,5;0,0822816101014166
14;55;0,0613685516464084
14;55,5;0,0360685321578763
14;56;0,0308060855321624
14;56,5;0,0240602178085919
14;57;0,0665893794425617
14;57,5;0,0560168942589096
14;58;0,0860019668594479
14;58,5;0,111072847354134
14;59;0,113688393693991
14;59,5;0,0787916703871949
14;60;0,0360847314405588
14;60,5;0,0481355765052232
14;61;0,023306269247454
14;61,5;0,0920654637269323
14;62;0,111215231720298
14;62,5;0,0349880932127869
14;63;0,0799855828845909
14;63,5;0,0819025292130712
14;64;0,0684984676448051
14;64,5;0,0432197606705347
14;65;0,0358350563066978
14;65,5;0,0479997569438291
14;66;0,0552361833195634
14;66,5;0,040430449071476
14;67;0,0563393671759393
14;67,5;0,14879013518713
14;68;0,106962087504243
14;68,5;0,116926871085385
14;69;0,0865346017589918
14;69,5;0,0834259305365297
14;70;0,0841722440396278
14;70,5;0,112641811854115
14;71;0,12364661456796
14;71,5;0,0347982279242301
14;72;0
14;72,5;0
14;73;0,0946360509682074
14;73,5;0,104318332012832
14;74;0,109578436346396
14;74,5;0
14;75;0
14;75,5;0
14;76;0
14;76,5;0
14;77;0
14,5;-24,5;0,00923760430703401
14,5;-24;0
14,5;-23,5;0
14,5;-23;0
14,5;-22,5;0
14,5;-22;0
14,5;-21,5;0,101006600444393
14,5;-21;0,0492946437735572
14,5;-20,5;0,074710913448005
14,5;-20;0,0935975204443651
14,5;-19,5;0,0602773868325707
14,5;-19;0,0685308453740122
14,5;-18,5;0,0714446172453414
14,5;-18;0,0679471348278434
14,5;-17,5;0,0537209897232181
14,5;-17;0,257123152175403
14,5;-16,5;0
14,5;-16;0,0756749428126442
14,5;-15,5;0,0450618622403849
14,5;-14,5;0,0592002252247968
14,5;-14;0,0493701064147872
14,5;-13,5;0,0754174016407801
14,5;-13;0,0361546353550642
14,5;-12,5;0,0508215364922055
14,5;-12;0,137018246960031
14,5;-11,5;0,162439826173334
14,5;-11;0,100565925488785
14,5;-10,5;0,0767470888454963
14,5;-10;0,0284672858494863
14,5;-9,5;0,0852297903782463
14,5;-9;0,086734206519949
14,5;-8,5;0,0759197755399021
14,5;-8;0,0952810558959133
14,5;-7,5;0,101179165445507
14,5;-7;0,0469085677194497
14,5;-6,5;0,0409997121638132
14,5;-6;0,0424643870662565
14,5;-5,5;0,040620982487048
14,5;-5;0,0508005220297296
14,5;-4,5;0,0628798880162073
14,5;-4;0,0578692640029847
14,5;-3,5;0,0476784160754761
14,5;-3;0,0735908287497508
14,5;-2,5;0,0767722455445353
14,5;-2;0,066180721930046
14,5;-1,5;0,137009522401365
14,5;-1;0,108128318831532
14,5;-0,5;0,153862027439435
14,5;0;0,146674209985616
14,5;0,5;0,13034640501847
14,5;1;0,0412374042020531
14,5;1,5;0,084297683239187
14,5;2;0,121460413251824
14,5;2,5;0,116368539332175
14,5;3;0,253608721204683
14,5;3,5;0,217643251740087
14,5;4;0,0747536292663813
14,5;4,5;0,0625983030010402
14,5;5;0,106792168671604
14,5;5,5;0,143266736496501
14,5;6;0,26901174536754
14,5;6,5;0,0617977477312067
14,5;7;0,0681501736985835
14,5;7,5;0,0633267425193313
14,5;8;0,0753002227893354
14,5;8,5;0,0406334492057636
14,5;9;0,0660805537220285
14,5;9,5;0,0460509202554283
14,5;10;0,0853990595366711
14,5;10,5;0,0543183575192166
14,5;11;0,0535889637034747
14,5;11,5;0,0523612350789402
14,5;12;0,0697172354693796
14,5;12,5;0,0670635134971223
14,5;13;0,0649886385493331
14,5;13,5;0,0365550120717122
14,5;14;0,0565240556800679
14,5;14,5;0,0708697344266442
14,5;15;0,0455147950520207
14,5;15,5;0,0915972529572328
14,5;16;0,0385167156937931
14,5;16,5;0,0560332663496708
14,5;17;0,0772650133172393
14,5;17,5;0,0696791184776381
14,5;18;0,119668888919412
14,5;18,5;0,0694595240560549
14,5;19;0,130959170240088
14,5;19,5;0,173985640694984
14,5;20;0,120400298819907
14,5;20,5;0,157276044806488
14,5;21;0,0645213446974614
14,5;21,5;0,0942181572576369
14,5;22;0,0724127060673747
14,5;22,5;0,0861040628650779
14,5;23;0,0550902765240211
14,5;23,5;0,0590435031286931
14,5;24;0,0898355859717465
14,5;24,5;0,0682896470580776
14,5;25;0,0644159049880307
14,5;25,5;0,0707997249569581
14,5;26;0,0646257332604361
14,5;26,5;0,056806920096049
14,5;27;0,0573243016549185
14,5;27,5;0,0320021434418689
14,5;28;0,0366335864381274
14,5;28,5;0,0381071429227736
14,5;29;0,0289423764923476
14,5;29,5;0,0384036092402483
14,5;30;0,094587565230594
14,5;30,5;0,0729695907458853
14,5;31;0,0461098311275442
14,5;31,5;0,0573009904693796
14,5;32;0,0459704805721412
14,5;32,5;0,0464781292660584
14,5;33;0,0460321620712244
14,5;33,5;0,0447236545703608
14,5;34;0,204651621442114
14,5;34,5;0,158946607349783
14,5;35;0,0655927867838001
14,5;35,5;0,0355788635864826
14,5;36;0,0388085828238517
14,5;36,5;0,0469202155930654
14,5;37;0,0704413751061789
14,5;37,5;0,0812857339250261
14,5;38;0,105614594455423
14,5;38,5;0,0798413759157697
14,5;39;0,0306883853802245
14,5;39,5;0,0271536129728438
14,5;40;0,0405930112455761
14,5;40,5;0,0339034903810794
14,5;41;0,0411058098485577
14,5;41,5;0,0360937599057265
14,5;42;0,0393695355646788
14,5;42,5;0,0579811751059485
14,5;43;0,0370049096547439
14,5;43,5;0,0697278695137385
14,5;44;0,0530865549083593
14,5;44,5;0,0559738033116506
14,5;45;0,0569760158887459
14,5;45,5;0,0456897751751478
14,5;46;0,0346151106072614
14,5;46,5;0,0364058685915404
14,5;47;0,0390879194409763
14,5;47,5;0,0387803634973366
14,5;48;0,0230222761459199
14,5;48,5;0,029479326025887
14,5;49;0,0301625660738085
14,5;49,5;0,0370993216092363
14,5;50;0,0286435097021268
14,5;50,5;0,0379294435970707
14,5;51;0,0357805043334792
14,5;51,5;0,072141574557678
14,5;52;0,0499624109080829
14,5;52,5;0,0706730174986489
14,5;53;0,0552662715841986
14,5;53,5;0,0638245636971337
14,5;54;0,0719992581740258
14,5;54,5;0,114287987259511
14,5;55;0,060162736271309
14,5;55,5;0,0240790801101397
14,5;56;0,0272461723153311
14,5;56,5;0,0364179320760945
14,5;57;0,12179599752308
14,5;57,5;0,0907876947520679
14,5;58;0,0358868423262762
14,5;58,5;0,046144292980258
14,5;59;0,0509773334393843
14,5;59,5;0,0306488924747547
14,5;60;0,0284794385755482
14,5;60,5;0,0479546288544852
14,5;61;0,0967622441040821
14,5;61,5;0,0311502364307278
14,5;62;0,0692504169195479
14,5;62,5;0,0805032034503334
14,5;63;0,0545435749190061
14,5;63,5;0,0625590091803701
14,5;64;0,0493493268505869
14,5;64,5;0,0564114350109975
14,5;65;0,0335256376441469
14,5;65,5;0,0364648299533868
14,5;66;0,0454351797130325
14,5;66,5;0,101910715346518
14,5;67;0,118171826782704
14,5;67,5;0,0696186388695497
14,5;68;0,120410516039428
14,5;68,5;0,0738497224951119
14,5;69;0,139164291396895
14,5;69,5;0,0736484215716807
14,5;70;0
14,5;70,5;0,185433276409602
14,5;71;0,132719587434896
14,5;72;0,104762912603377
14,5;72,5;0,0824014562978107
14,5;73;0,096174182259759
14,5;73,5;0,105914929175363
14,5;74;0
14,5;74,5;0
14,5;75;0
14,5;75,5;0
14,5;76;0
14,5;76,5;0
14,5;77;0
15;-24,5;0
15;-24;0,0637410124383561
15;-23,5;0
15;-23;0
15;-22,5;0
15;-22;0
15;-21,5;0,344310799186987
15;-21;0,284462114251519
15;-20,5;0
15;-20;0
15;-19,5;0,0508670280776708
15;-19;0,0475714038213974
15;-18,5;0,0622800636167841
15;-18;0,115513192660055
15;-17,5;0,214014083342318
15;-17;0,288929193345227
15;-16,5;0,0538606507291705
15;-16;0,0637478325423395
15;-15,5;0
15;-15;0,0275771644662754
15;-14,5;0,0737718490637568
15;-14;0,0519771964169714
15;-13,5;0,0593579457359948
15;-13;0,0542900786855035
15;-12,5;0,0705242131928081
15;-12;0,0764738894605915
15;-11,5;0,180174533752932
15;-11;0,141110907695463
15;-10,5;0,0551802627264298
15;-10;0,0292034605015083
15;-9,5;0,0505486883358324
15;-9;0,0657272084761397
15;-8,5;0,0993329489490875
15;-8;0,0953864224490512
15;-7,5;0,0678824086691672
15;-7;0,0790190847680214
15;-6,5;0,0473985453550694
15;-6;0,060277687447018
15;-5,5;0,0444159021444301
15;-5;0,0611881073048266
15;-4,5;0,0538721543835387
15;-4;0,0706510241689193
15;-3,5;0,0601198106428672
15;-3;0,0614176225754351
15;-2,5;0,0737766553357177
15;-2;0,0644471487827498
15;-1,5;0,0798820704480258
15;-1;0,180428387681186
15;-0,5;0,136316981068872
15;0;0,110533988141364
15;0,5;0,0845800463684992
15;1;0,160050026006461
15;1,5;0,121628963992691
15;2;0,122079438493562
15;2,5;0,0566862438227017
15;3;0,270271625689588
15;3,5;0,23687960699344
15;4;0,104065687694705
15;4,5;0,0871517555841565
15;5;0,114910558283695
15;5,5;0,111254187125355
15;6;0,0761156453333369
15;6,5;0,0364742920193835
15;7;0,0595923799375658
15;7,5;0,0577337593766282
15;8;0,0545184241057846
15;8,5;0,0274312796383832
15;9;0,0664736201002921
15;9,5;0,048199986129942
15;10;0,120506053264472
15;10,5;0,108009013587268
15;11;0,0377235376436758
15;11,5;0,0564333771241793
15;12;0,0495689629098494
15;12,5;0,0710752234065961
15;13;0,102437785643617
15;13,5;0,10840760497044
15;14;0,141598508237248
15;14,5;0,0691839485067637
15;15;0,0680331127030575
15;15,5;0,0607396081646894
15;16;0,0667283384212389
15;16,5;0,0688396801419029
15;17;0,0995161118241918
15;17,5;0,1658593022019
15;18;0,166889294161929
15;18,5;0,109903211811059
15;19;0,155386494940575
15;19,5;0,0880749086385018
15;20;0,0615244447376446
15;20,5;0,0597460004770424
15;21;0,0397293751435851
15;21,5;0,0748163390833683
15;22;0,0546445036459431
15;22,5;0,0407161358555581
15;23;0,0406087646091998
15;23,5;0,0478292388414688
15;24;0,0526040435655762
15;24,5;0,0630147321967586
15;25;0,112130058414325
15;25,5;0,0655390857663227
15;26;0,070706336973105
15;26,5;0,0505010241829428
15;27;0,267215977277551
15;27,5;0,04274196394755
15;28;0,0402421698148218
15;28,5;0,0300818107190118
15;29;0,0236741772120314
15;29,5;0,0488918581473792
15;30;0,0595492462764684
15;30,5;0,0452615001971118
15;31;0,0304831459811081
15;31,5;0,0392107361165474
15;32;0,0404484902044574
15;32,5;0,0464876229725274
15;33;0,0508838284423342
15;33,5;0,0770133664301961
15;34;0,087523449829017
15;34,5;0,144475780151097
15;35;0,0422618296168414
15;35,5;0,0481201385375164
15;36;0,0461638871826385
15;36,5;0,0393143473344794
15;37;0,0538231069653306
15;37,5;0,109677606306699
15;38;0,113930470314643
15;38,5;0,0469013148358693
15;39;0,0277840650368597
15;39,5;0,0400252072778
15;40;0,0296757476738161
15;40,5;0,0374067545940061
15;41;0,0461230373349669
15;41,5;0,0497313201280709
15;42;0,0914369222130844
15;42,5;0,115789303521169
15;43;0,0939739765278814
15;43,5;0,0433774372930871
15;44;0,0563259760840942
15;44,5;0,0560423381374461
15;45;0,0370485628385685
15;45,5;0,0560600928575714
15;46;0,0438455421047054
15;46,5;0,0365117157767383
15;47;0,0305434254826534
15;47,5;0,0291575097704659
15;48;0,0321132050792866
15;48,5;0,0275866879363315
15;49;0,0724665304759079
15;49,5;0,169264333206374
15;50;0,221363770631699
15;50,5;0,0457925836166263
15;51;0,060342545192348
15;51,5;0,0783086948854691
15;52;0,0460161429407179
15;52,5;0,0656736316592649
15;53;0,0520046472282366
15;53,5;0,0799460317789375
15;54;0,119441261949221
15;54,5;0,148071137625645
15;55;0,0791915146142312
15;55,5;0,0349875877953132
15;56;0,0281046914982272
15;56,5;0,0225902320499546
15;57;0,133059845953562
15;57,5;0,292397715686336
15;58;0,111632097924077
15;58,5;0,0643575799829812
15;59;0,0722474342539055
15;59,5;0,0875107245826198
15;60;0,0277441169788484
15;60,5;0,0642032339119709
15;61;0,0478740022488636
15;61,5;0,0547619331696204
15;62;0,0861292472353411
15;62,5;0,0701725476285276
15;63;0,155021264319784
15;63,5;0,14073310360968
15;64;0,0488946501489357
15;64,5;0
15;65;0,0234139762901197
15;65,5;0,050874900119655
15;66;0,0479250476898921
15;66,5;0,0549005664134112
15;67;0,0788850149789888
15;67,5;0,0708217077294405
15;68;0,0674008167724733
15;68,5;0,062763209867091
15;69;0,0465759236802306
15;69,5;0,0606908376756968
15;70;0,0455375303092588
15;70,5;0,0642559984229747
15;71;0,1091044211416
15;71,5;0
15;72;0
15;72,5;0
15;73;0,051938837656833
15;73,5;0,0775474764973762
15;74;0,144310718012673
15;74,5;0
15;75;0
15;75,5;0
15;76;0
15;76,5;0
15;77;0
15,5;-24,5;0
15,5;-24;0,0686599760245538
15,5;-23,5;0,0379881560489582
15,5;-23;0
15,5;-22,5;0
15,5;-22;0
15,5;-21,5;0,280275537451879
15,5;-21;0,206353822353743
15,5;-20,5;0,0729730870154979
15,5;-20;0,111216006042296
15,5;-19,5;0
15,5;-19;0
15,5;-18,5;0,243963624337728
15,5;-18;0,298429896583106
15,5;-17,5;0,173273383379832
15,5;-17;0,325343873338561
15,5;-16,5;0,0420864733831437
15,5;-16;0,0516109530641556
15,5;-15,5;0,0669818738807107
15,5;-15;0,0587286131285253
15,5;-14,5;0,0714322645661793
15,5;-14;0,0383888004501313
15,5;-13,5;0,0434112078504269
15,5;-13;0,0458824585217488
15,5;-12,5;0,0900150749901937
15,5;-12;0,0808245557177003
15,5;-11,5;0,0636088537013207
15,5;-11;0,0808135003516149
15,5;-10,5;0,0569860494863925
15,5;-10;0,0622592063375719
15,5;-9,5;0,0211817531537563
15,5;-9;0,0642417137470707
15,5;-8,5;0,0801999757550532
15,5;-8;0,107693717360361
15,5;-7,5;0,0691510618731054
15,5;-7;0,0630527962411615
15,5;-6,5;0,0772112440087129
15,5;-6;0,0727333572208622
15,5;-5,5;0,122524534677501
15,5;-5;0,0553335467247153
15,5;-4,5;0,0683831786811622
15,5;-4;0,0612632665540462
15,5;-3,5;0,0614399361273664
15,5;-3;0,0580738766022318
15,5;-2,5;0,0511714616499759
15,5;-2;0,0598971546015672
15,5;-1,5;0,0856148286195319
15,5;-1;0,0670194001763668
15,5;-0,5;0,127438547281948
15,5;0;0,128729725297098
15,5;0,5;0,0609293640726444
15,5;1;0,188926171120279
15,5;1,5;0,163285960690678
15,5;2;0,139768682382166
15,5;2,5;0,0384538575394442
15,5;3;0,120257585111541
15,5;3,5;0,137319571511585
15,5;4;0,113361097274815
15,5;4,5;0,115404170210209
15,5;5;0,0698694452646035
15,5;5,5;0,116935029302017
15,5;6;0,0361195371648323
15,5;6,5;0,118864979600697
15,5;7;0,111142754439535
15,5;7,5;0,109409142684821
15,5;8;0,0370480154172318
15,5;8,5;0,0345321580945927
15,5;9;0,0672905949513961
15,5;9,5;0,0228165184166697
15,5;10;0,0877658625160452
15,5;10,5;0,0558174279578992
15,5;11;0,0825936280770624
15,5;11,5;0,230620180674966
15,5;12;0,166959618456162
15,5;12,5;0,120316276867015
15,5;13;0,0889356581020868
15,5;13,5;0,107307506779591
15,5;14;0,141299703461639
15,5;14,5;0,142799135877228
15,5;15;0,0918800838427448
15,5;15,5;0,157706128436865
15,5;16;0,0645022826556325
15,5;16,5;0,054473018822297
15,5;17;0,0499082491511507
15,5;17,5;0,123674381927638
15,5;18;0,143157260520273
15,5;18,5;0,111352574341873
15,5;19;0,11594143696025
15,5;19,5;0,104447752765922
15,5;20;0,0904067918716781
15,5;20,5;0,133484206306714
15,5;21;0,224781192658556
15,5;21,5;0,278988421118973
15,5;22;0,249342132768519
15,5;22,5;0,0357008422877671
15,5;23;0,0628607089745444
15,5;23,5;0,0627221078242541
15,5;24;0,0250586831917758
15,5;24,5;0,0607817925742565
15,5;25;0,0517071497845605
15,5;25,5;0,223337845232168
15,5;26;0,259154147562565
15,5;26,5;0,041528310234877
15,5;27;0,200513406657652
15,5;27,5;0,0671518201300509
15,5;28;0,278509547986347
15,5;28,5;0,215182549191574
15,5;29;0,0315634570465323
15,5;29,5;0,0410727180712608
15,5;30;0,0427196569827268
15,5;30,5;0,0447167548606348
15,5;31;0,0216856055189996
15,5;31,5;0,0647691770034352
15,5;32;0,0349581525061297
15,5;32,5;0,0251252226659124
15,5;33;0,0709550872654541
15,5;33,5;0,0647364669641854
15,5;34;0,095556231448819
15,5;34,5;0,184396208865795
15,5;35;0,0289335829991632
15,5;35,5;0,105397377919
15,5;36;0,329412738443545
15,5;36,5;0,0658476021372741
15,5;37;0,040692763622688
15,5;37,5;0,0456722706083353
15,5;38;0,0453855430799407
15,5;38,5;0,0421499177310976
15,5;39;0,0481757214553248
15,5;39,5;0,0387070636558691
15,5;40;0,0481094624595958
15,5;40,5;0,0439358598369751
15,5;41;0,0586321527733971
15,5;41,5;0,0710102085936797
15,5;42;0,124165382863608
15,5;42,5;0,0412005539314425
15,5;43;0,0601431130393741
15,5;43,5;0,0711971151178327
15,5;44;0,0532648949666914
15,5;44,5;0,126288338605697
15,5;45;0,0722196919513529
15,5;45,5;0,077541538591624
15,5;46;0,0274430423827468
15,5;46,5;0,053935569731737
15,5;47;0,0231671071588881
15,5;47,5;0,022227422528556
15,5;48;0,0828580815812561
15,5;48,5;0,040178742078532
15,5;49;0,0835637751019173
15,5;49,5;0,260221941337585
15,5;50;0,207357662023857
15,5;50,5;0,258792519206408
15,5;51;0,0430499501668282
15,5;51,5;0,0623580169597238
15,5;52;0,0547550581515433
15,5;52,5;0,103154299250111
15,5;53;0,105616191514583
15,5;53,5;0,0490108583465321
15,5;54;0,115776108503765
15,5;54,5;0,0961285252916178
15,5;55;0,103884639439156
15,5;55,5;0,0480875681716273
15,5;56;0,0272697818931093
15,5;56,5;0,0533461510369877
15,5;57;0,248984274149401
15,5;57,5;0,255334942885753
15,5;58;0,298625011613186
15,5;58,5;0,0920555807644202
15,5;59;0,033750521494481
15,5;59,5;0,0869973801075045
15,5;60;0,0970618311950203
15,5;60,5;0,0351552314081226
15,5;61;0,0515655304806167
15,5;61,5;0,0600690398351431
15,5;62;0,0680737152918839
15,5;62,5;0,067428291303318
15,5;63;0,0812177848222209
15,5;63,5;0,0727440850017953
15,5;64;0,0563102798700878
15,5;64,5;0,0445477272147525
15,5;65;0
15,5;65,5;0,0787689206295405
15,5;66;0,0452249797944654
15,5;66,5;0,0457984667509469
15,5;67;0,0532053493119094
15,5;67,5;0,0539499902620507
15,5;68;0,0961933108964677
15,5;68,5;0,262937456409135
15,5;69;0,317490500931631
15,5;69,5;0,0779176916153621
15,5;70;0,0834512779379303
15,5;70,5;0,0967134474056783
15,5;71;0
15,5;71,5;0
15,5;72;0
15,5;72,5;0
15,5;73;0,0396179673044104
15,5;73,5;0,0583025591702208
15,5;74;0,0471221816133336
15,5;74,5;0
15,5;75;0
15,5;75,5;0
15,5;76;0
15,5;76,5;0,0687701485626819
15,5;77;0
16;-24,5;0
16;-24;0,0620257562988509
16;-23,5;0,0939299150823018
16;-23;0,103905405698324
16;-22,5;0
16;-22;0
16;-21,5;0
16;-21;0
16;-20,5;0,0815156466796085
16;-20;0,0742409630071923
16;-19,5;0
16;-19;0,0837703570917107
16;-18,5;0,19914146774548
16;-18;0,324880760188488
16;-17,5;0,0753568703732972
16;-17;0,0525126257032561
16;-16,5;0,0670024143550944
16;-16;0,0303746305626617
16;-15,5;0,0601289063605597
16;-15;0,0948437311230075
16;-14,5;0,0793432123457662
16;-14;0
16;-13,5;0,05517159379522
16;-13;0,0240069434400411
16;-12,5;0,0560437852872598
16;-12;0,0886647581864536
16;-11,5;0,0712238941482639
16;-11;0,0815330004137727
16;-10,5;0,0998943886756853
16;-10;0,15242406032182
16;-9,5;0,0865583295098193
16;-9;0,0819391664429539
16;-8,5;0,0790024081057981
16;-8;0,0377775879834348
16;-7,5;0,0461330153148568
16;-7;0,0700309221319041
16;-6,5;0,0807518458368637
16;-6;0,0384228704100433
16;-5,5;0,0613733579168751
16;-5;0,0734948018904791
16;-4,5;0,0435127451148258
16;-4;0,0665075183719856
16;-3,5;0,0633025497592819
16;-3;0,0512428064227949
16;-2,5;0,0781893416041846
16;-2;0,0958623338561168
16;-1,5;0,0667913213092906
16;-1;0,0694265582381521
16;-0,5;0,0424504096875487
16;0;0,0628912407391412
16;0,5;0,0576636630749009
16;1;0,0441308504374845
16;1,5;0,149214715391971
16;2;0,150790781097074
16;2,5;0,0856528145667918
16;3;0,0726945836532711
16;3,5;0,134138311285858
16;4;0,0972782084383848
16;4,5;0,0529889105281715
16;5;0,0807805593110857
16;5,5;0,063491569962019
16;6;0,0774873012231911
16;6,5;0,0696100975797647
16;7;0,132076404314232
16;7,5;0,113437178311742
16;8;0,0455202343322523
16;8,5;0,0362015250994634
16;9;0,0263256989316984
16;9,5;0,0407305292588551
16;10;0,0544777824254374
16;10,5;0,0824094017994943
16;11;0,108067056113588
16;11,5;0,259768674748383
16;12;0,32861168752263
16;12,5;0,153143393881799
16;13;0,112117370642939
16;13,5;0,079989270113768
16;14;0,155971194056307
16;14,5;0,209289213099691
16;15;0,121819574845043
16;15,5;0,136929202917311
16;16;0,0615861055697363
16;16,5;0,0373933881346753
16;17;0,0407003310386399
16;17,5;0,131631705007722
16;18;0,103199731558941
16;18,5;0,10332193929895
16;19;0,229023033776081
16;19,5;0,241141060417515
16;20;0,0551532500559626
16;20,5;0,0678234051468539
16;21;0,0756480197966851
16;21,5;0,298572900697321
16;22;0,205008847823577
16;22,5;0,0688660128880164
16;23;0,0916235500901896
16;23,5;0,0674922156515381
16;24;0,0672435870548263
16;24,5;0,0688570773954139
16;25;0,126844385801526
16;25,5;0,244761601559142
16;26;0,211021653609318
16;26,5;0,074667177494251
16;27;0,349140397573284
16;27,5;0,28038637495018
16;28;0,275113169801715
16;28,5;0,279022197148143
16;29;0,0471973422817143
16;29,5;0,0382936511579696
16;30;0,0286862024214846
16;30,5;0,0452535449808447
16;31;0,0344171792924915
16;31,5;0,0951713671145755
16;32;0,0568875944717795
16;32,5;0,0424588445039651
16;33;0,0392399491996792
16;33,5;0,040596959289525
16;34;0,0356333828258906
16;34,5;0,0343465164882426
16;35;0,0453449369694491
16;35,5;0,101745484190815
16;36;0,307140577627404
16;36,5;0,0402887956179084
16;37;0,0273096724125888
16;37,5;0,044461936479625
16;38;0,0458077794819223
16;38,5;0,0549293636065984
16;39;0,0503014316102292
16;39,5;0,0285312436242288
16;40;0,0329336985684961
16;40,5;0,0425595454910604
16;41;0,272651403083325
16;41,5;0,283496288967926
16;42;0,0873103358938969
16;42,5;0,0412961054289703
16;43;0,0291727096580951
16;43,5;0,0221039544860545
16;44;0,0419616183013515
16;44,5;0,084274400950985
16;45;0,132384499791796
16;45,5;0,367712452374766
16;46;0,347778953166019
16;46,5;0,0560947073430644
16;47;0,0275584599721734
16;47,5;0,0395737940686908
16;48;0,0653063614872925
16;48,5;0,0650178816264367
16;49;0,262192441182504
16;49,5;0,154608127666355
16;50;0,115242693965373
16;50,5;0,302363433533844
16;51;0,0431859326956646
16;51,5;0,0494744528561069
16;52;0,0424120158834443
16;52,5;0,0513152835514452
16;53;0,0613561804739583
16;53,5;0,0432956728698862
16;54;0,132198859411691
16;54,5;0,142489547639259
16;55;0,073531899550959
16;55,5;0,0377833667237688
16;56;0,0190527532486088
16;56,5;0,034109685793456
16;57;0,0880425907612227
16;57,5;0,282308095570677
16;58;0,279253580516431
16;58,5;0,059294993056956
16;59;0,0324178322966828
16;59,5;0,0487820658154912
16;60;0,0340756116295069
16;60,5;0,0827287938588091
16;61;0,101544265457101
16;61,5;0,0589383173540376
16;62;0,053358969827171
16;62,5;0,0584436875811754
16;63;0,0567574012565991
16;63,5;0,0473601129175861
16;64;0,101630313333352
16;64,5;0
16;65;0
16;65,5;0,139351969589853
16;66;0,0790102704958213
16;66,5;0,0600365060592359
16;67;0,0599873443442988
16;67,5;0,0680291508690603
16;68;0,0542793011377789
16;68,5;0,280478601261782
16;69;0,295605480328089
16;69,5;0
16;70;0
16;70,5;0
16;71;0
16;71,5;0
16;72;0
16;72,5;0
16;73;0,0481317635939788
16;73,5;0,0659715273753945
16;74;0
16;74,5;0
16;75;0
16;75,5;0
16;76;0
16;76,5;0,0780811543630514
16;77;0,047533847589551
16,5;-24,5;0
16,5;-24;0,0462741828669075
16,5;-23,5;0,0961485098569521
16,5;-23;0,0606239008390352
16,5;-22,5;0
16,5;-22;0
16,5;-21,5;0
16,5;-21;0
16,5;-20,5;0,0633313077826011
16,5;-20;0
16,5;-19,5;0
16,5;-19;0,110299031403283
16,5;-18,5;0,052668157197767
16,5;-18;0,0808769780938036
16,5;-17,5;0,0649553672154539
16,5;-17;0,0652994386718317
16,5;-16,5;0,0494756223740776
16,5;-16;0,0696764840486267
16,5;-15,5;0,0686028156881795
16,5;-15;0,0299583043578905
16,5;-14,5;0,0755049667240507
16,5;-14;0,0531152313491008
16,5;-13,5;0,0439931359577379
16,5;-13;0,0586033526445072
16,5;-12,5;0,0948661377103763
16,5;-12;0,0845838924332224
16,5;-11,5;0,0505173399205962
16,5;-11;0,0727151651177059
16,5;-10,5;0,0617340228828866
16,5;-10;0,0621806041803381
16,5;-9,5;0,103648681187016
16,5;-9;0,0886804566554145
16,5;-8,5;0,0306830167460937
16,5;-8;0,0543612897729991
16,5;-7,5;0,0493288960171369
16,5;-7;0,0560504587273043
16,5;-6,5;0,0760846221915587
16,5;-6;0,108771346047583
16,5;-5,5;0,06275834326305
16,5;-5;0,0549152447164056
16,5;-4,5;0,0683344927074506
16,5;-4;0,0956438729705588
16,5;-3,5;0,0621413648691371
16,5;-3;0,066830412597679
16,5;-2,5;0,0672832475394064
16,5;-2;0,0878068353611178
16,5;-1,5;0,052984118416821
16,5;-1;0,0859834078057458
16,5;-0,5;0,0505581411061686
16,5;0;0,0679377209163204
16,5;0,5;0,060263560515963
16,5;1;0,0872072974704267
16,5;1,5;0,0954017882990343
16,5;2;0,0982384418649599
16,5;2,5;0,0303692391454661
16,5;3;0,0481957151549083
16,5;3,5;0,0842710874290263
16,5;4;0,0408288049852872
16,5;4,5;0,0587602032034924
16,5;5;0,0568205157260211
16,5;5,5;0,053114283308514
16,5;6;0,0649631037724647
16,5;6,5;0,0526107165210779
16,5;7;0,109340907580073
16,5;7,5;0,0546143240115017
16,5;8;0,0417783020133957
16,5;8,5;0,0359165648928128
16,5;9;0,0533478799667746
16,5;9,5;0,0987135503277793
16,5;10;0,0934451964567167
16,5;10,5;0,0835771084652877
16,5;11;0,0470764029987237
16,5;11,5;0,0362423301335123
16,5;12;0,0602670797175655
16,5;12,5;0,0724833019379571
16,5;13;0,114049117098524
16,5;13,5;0,122389299506161
16,5;14;0,283235671003173
16,5;14,5;0,352255123229767
16,5;15;0,0561503135654524
16,5;15,5;0,0686782713722301
16,5;16;0,0317369969403206
16,5;16,5;0,0441683728064458
16,5;17;0,0760825884887369
16,5;17,5;0,0609254424251998
16,5;18;0,163682429555215
16,5;18,5;0,0868059137770386
16,5;19;0,204105500641597
16,5;19,5;0,0766157877047534
16,5;20;0,0423597881592031
16,5;20,5;0,0354404370716831
16,5;21;0,0384403172330916
16,5;21,5;0,20003974536206
16,5;22;0,0842085895536901
16,5;22,5;0,067789880559978
16,5;23;0,0967857372014071
16,5;23,5;0,0682950463861146
16,5;24;0,0864609738552603
16,5;24,5;0,136695585363432
16,5;25;0,267784341296361
16,5;25,5;0,0710255230883377
16,5;26;0,0372847895716176
16,5;26,5;0,0606047530161972
16,5;27;0,302839036573605
16,5;27,5;0,304024951854058
16,5;28;0,28080939561679
16,5;28,5;0,24403455559627
16,5;29;0,0431520647096432
16,5;29,5;0,0354728313373122
16,5;30;0,039417594785977
16,5;30,5;0,0280865496274009
16,5;31;0,0213557872296542
16,5;31,5;0,0372036525721048
16,5;32;0,0713410945616317
16,5;32,5;0,0647433859472095
16,5;33;0,0364596204254601
16,5;33,5;0,0542388877674981
16,5;34;0,0564415899201606
16,5;34,5;0,0782303783616656
16,5;35;0,154499777040028
16,5;35,5;0,167096672958391
16,5;36;0,155535091332645
16,5;36,5;0,02952106652376
16,5;37;0,0329884071949214
16,5;37,5;0,0336319582160388
16,5;38;0,0373312733099495
16,5;38,5;0,0373410036148493
16,5;39;0,043424945541898
16,5;39,5;0,025847867590058
16,5;40;0,0305842421480179
16,5;40,5;0,0492927836663555
16,5;41;0,263872269845447
16,5;41,5;0,305017884834268
16,5;42;0,104756668393211
16,5;42,5;0,0310411084406331
16,5;43;0,041934983456126
16,5;43,5;0,0361240802450902
16,5;44;0,0540875107157558
16,5;44,5;0,0392791187980805
16,5;45;0,199534523756664
16,5;45,5;0,255359481664639
16,5;46;0,331937432935416
16,5;46,5;0,111764679363488
16,5;47;0,0555128218369941
16,5;47,5;0,0642501740203664
16,5;48;0,0285883612951915
16,5;48,5;0,0275164273797255
16,5;49;0,139162497915542
16,5;49,5;0,292737384340429
16,5;50;0,312255854601291
16,5;50,5;0,198847113772484
16,5;51;0,0718876102078832
16,5;51,5;0,0896399995507073
16,5;52;0,0444276467667329
16,5;52,5;0,0434525738109827
16,5;53;0,0422377160325624
16,5;53,5;0,045850412545347
16,5;54;0,139385197683733
16,5;54,5;0,17636624947762
16,5;55;0,0258238599839711
16,5;55,5;0,0367702569898614
16,5;56;0,0181171803351052
16,5;56,5;0,0341390607155201
16,5;57;0,0445787807848947
16,5;57,5;0,0435895679831059
16,5;58;0,16031532099935
16,5;58,5;0,0366574096169459
16,5;59;0,0375213771268673
16,5;59,5;0,0602064054725129
16,5;60;0,0572904449949492
16,5;60,5;0,0607797145542713
16,5;61;0,0733946498655038
16,5;61,5;0,0414390714019446
16,5;62;0,0586099997179495
16,5;62,5;0,165300889487543
16,5;63;0,0623942189936679
16,5;63,5;0,115042379798315
16,5;64;0,12957964796782
16,5;64,5;0,146067792480067
16,5;65;0,276038886149518
16,5;65,5;0,404376428713755
16,5;66;0,328500632405964
16,5;66,5;0,0900124521713175
16,5;67;0,116643285818268
16,5;67,5;0,0610264327172749
16,5;68;0,0931219630377281
16,5;68,5;0,324094951948943
16,5;69;0,0406528593183829
16,5;69,5;0
16,5;70;0
16,5;70,5;0
16,5;71;0,0627402050788275
16,5;71,5;0
16,5;72;0
16,5;72,5;0,308214169627184
16,5;73;0
16,5;73,5;0,113858666044062
16,5;74;0
16,5;74,5;0
16,5;75;0
16,5;75,5;0
16,5;76;0
16,5;76,5;0,0522494019104525
16,5;77;0,0578779846842572
17;-24,5;0,230696556322155
17;-24;0,0734839992661542
17;-23,5;0
17;-23;0,0286697119091277
17;-22,5;0,0158954920234218
17;-22;0
17;-21,5;0
17;-21;0,309738329485734
17;-20,5;0,332923414616635
17;-20;0
17;-19,5;0,0617573452875826
17;-19;0,0871246813538512
17;-18,5;0,0946195679411116
17;-18;0,0863996092185507
17;-17,5;0,0717313852202491
17;-17;0,056583271968548
17;-16,5;0,0645305435131248
17;-16;0,0766120890925313
17;-15,5;0,0807580692405414
17;-15;0,0555778018951097
17;-14,5;0,0217091159259357
17;-14;0,0900296247539294
17;-13,5;0,0858991107053677
17;-13;0,0603050217823849
17;-12,5;0,055414945291105
17;-12;0,0723041525514992
17;-11,5;0,0956654658480907
17;-11;0,0612218031045923
17;-10,5;0,0490502108905334
17;-10;0,0514081967550185
17;-9,5;0,127550072228726
17;-9;0,0557246803490159
17;-8,5;0,0398162662876429
17;-8;0,0319029779174296
17;-7,5;0,0388588966152392
17;-7;0,102897705587278
17;-6,5;0,207394699352082
17;-6;0,0955315371097958
17;-5,5;0,0285800233050233
17;-5;0,112186781343324
17;-4,5;0,105243726927774
17;-4;0,0958784078579736
17;-3,5;0,142913267965203
17;-3;0,0724095234225339
17;-2,5;0,07697205602661
17;-2;0,0986225147378789
17;-1,5;0,0825155891440559
17;-1;0,0767990867125902
17;-0,5;0,0728911351059291
17;0;0,0646647451293163
17;0,5;0,0758939638037925
17;1;0,0533505873057637
17;1,5;0,0522675336086584
17;2;0,0830969515767248
17;2,5;0,0401062230391588
17;3;0,0336353786687639
17;3,5;0,0404186044468902
17;4;0,0540447008024982
17;4,5;0,0623456408035322
17;5;0,0636648475622619
17;5,5;0,0558404882987652
17;6;0,042790789289031
17;6,5;0,0399623444866157
17;7;0,104308893991004
17;7,5;0,231479028121562
17;8;0,0612193477218572
17;8,5;0,0540153732682961
17;9;0,0476213660607768
17;9,5;0,039265527483809
17;10;0,0609680855436935
17;10,5;0,0647261133820611
17;11;0,0410824779074397
17;11,5;0,0675822601256538
17;12;0,347614880052642
17;12,5;0,347620388488512
17;13;0,0796587678742593
17;13,5;0,117619745405624
17;14;0,15605394366479
17;14,5;0,0827849619498462
17;15;0,0424221646786489
17;15,5;0,0483237653566867
17;16;0,0256996555890061
17;16,5;0,0489979797798227
17;17;0,0620323332928924
17;17,5;0,0867657588804194
17;18;0,0687618790348501
17;18,5;0,0678049040285093
17;19;0,0561288695770724
17;19,5;0,0493428481815416
17;20;0,0524372995650513
17;20,5;0,0350417508084269
17;21;0,0789610305949529
17;21,5;0,0553052542572528
17;22;0,0668234850277992
17;22,5;0,0563637589176568
17;23;0,108452536443665
17;23,5;0,052742461239791
17;24;0,0650645885924535
17;24,5;0,221019616633092
17;25;0,344607748626207
17;25,5;0,111258885180827
17;26;0,035471750704458
17;26,5;0,0310593473506969
17;27;0,0466028695573609
17;27,5;0,0461018229708164
17;28;0,0345653969551438
17;28,5;0,0649037506523274
17;29;0,0324789272645117
17;29,5;0,0385788341747258
17;30;0,032490284625428
17;30,5;0,0282754529525067
17;31;0,0479154423251173
17;31,5;0,0823283385131683
17;32;0,104589497346445
17;32,5;0,080394098099141
17;33;0,0518908225774812
17;33,5;0,0526462402427196
17;34;0,0403052706550733
17;34,5;0,137839789234647
17;35;0,278946952343821
17;35,5;0,192952340965793
17;36;0,116827551659114
17;36,5;0,027543334556923
17;37;0,0321299704213321
17;37,5;0,0316931750107012
17;38;0,0388538704545599
17;38,5;0,040901435805854
17;39;0,0331455758903346
17;39,5;0,0371786692005802
17;40;0,0350644025320548
17;40,5;0,0355987225893413
17;41;0,0520105484630213
17;41,5;0,0622257503208961
17;42;0,0430153200732333
17;42,5;0,0334397729861754
17;43;0,0726603062902493
17;43,5;0,141130293628315
17;44;0,0432629174645933
17;44,5;0,0418927069795164
17;45;0,0542333520430851
17;45,5;0,372981949946946
17;46;0,384975109567133
17;46,5;0,108673463298748
17;47;0,0575123674855513
17;47,5;0,0801513679393791
17;48;0,027554601058611
17;48,5;0,0359003643183755
17;49;0,0371416585505024
17;49,5;0,104910425151742
17;50;0,313584914942591
17;50,5;0,0654045054783692
17;51;0,062493193023497
17;51,5;0,0736665220695887
17;52;0,0537418785050111
17;52,5;0,0437405663624254
17;53;0,0486522840974518
17;53,5;0,0576392887126983
17;54;0,139591600198359
17;54,5;0,150474156568069
17;55;0,0336459884890444
17;55,5;0,0224538547968516
17;56;0,0245000972927286
17;56,5;0,0301859352465337
17;57;0,0434057630235143
17;57,5;0,0584027976014571
17;58;0,345421930504217
17;58,5;0,286296093507918
17;59;0,156381823832486
17;59,5;0,139450630402961
17;60;0,189086723515157
17;60,5;0,0405197035118531
17;61;0,106939714625122
17;61,5;0,0777751553512815
17;62;0,303814873716876
17;62,5;0,232384004194362
17;63;0,200403167583411
17;63,5;0,0977744235449301
17;64;0,144321828218224
17;64,5;0,165909696740508
17;65;0,273975911349885
17;65,5;0,340278215931023
17;66;0,343720077506406
17;66,5;0,0898630862423823
17;67;0
17;67,5;0,113137084989848
17;68;0,0419959819506581
17;68,5;0,0661815815473695
17;69;0,0419205597927
17;69,5;0,0735070453377478
17;70;0,0969925957811401
17;70,5;0,0957809618194494
17;71;0,0783124389560056
17;71,5;0
17;72;0,601040764008565
17;72,5;0,262580676247247
17;73;0
17;73,5;0
17;74;0
17;74,5;0,0390358809302416
17;75;0
17;75,5;0
17;76;0,0801047391280268
17;76,5;0,122329473145273
17;77;0,0876378135489263
17,5;-24,5;0,217159531001432
17,5;-24;0,121947217309473
17,5;-23,5;0
17,5;-23;0
17,5;-22,5;0,0677388542931779
17,5;-22;0,0738072564935936
17,5;-21,5;0,0412708821602557
17,5;-21;0,301230744676671
17,5;-20,5;0,142889817691815
17,5;-20;0,254545157396777
17,5;-19,5;0,084880622052386
17,5;-19;0,0493202320971591
17,5;-18,5;0,216423932476025
17,5;-18;0,0106207344378814
17,5;-17,5;0,0644477865854771
17,5;-17;0,0490178538901899
17,5;-16,5;0,0626877672088859
17,5;-16;0,078286979884986
17,5;-15,5;0,0536027720298838
17,5;-15;0,064892996618287
17,5;-14,5;0,0849255362203695
17,5;-14;0,0903716060160106
17,5;-13,5;0,114704206309337
17,5;-13;0,0820164520855323
17,5;-12,5;0,0624223923961888
17,5;-12;0,0812220087530612
17,5;-11,5;0,0906766411307413
17,5;-11;0,160792805043777
17,5;-10,5;0,0547954969977285
17,5;-10;0,0590204248719161
17,5;-9,5;0,0363510527195077
17,5;-9;0,0736505829647039
17,5;-8,5;0,0754534639710148
17,5;-8;0,0630173183940924
17,5;-7,5;0,0534710005225191
17,5;-7;0,0824469914387808
17,5;-6,5;0,186067840132145
17,5;-6;0,0536240246314005
17,5;-5,5;0,0878668952855893
17,5;-5;0,0823411375289002
17,5;-4,5;0,0509170064453199
17,5;-4;0,0361781841736289
17,5;-3,5;0,082327912048342
17,5;-3;0,0356704023299334
17,5;-2,5;0,10582716529684
17,5;-2;0,0962314096839689
17,5;-1,5;0,127823389371912
17,5;-1;0,166708984572488
17,5;-0,5;0,107546912292491
17,5;0;0,0600612146880491
17,5;0,5;0,0693048217719343
17,5;1;0,101543946708503
17,5;1,5;0,0864785090859754
17,5;2;0,0541512688307353
17,5;2,5;0,0330513182165907
17,5;3;0,0353642616918594
17,5;3,5;0,0527561169972887
17,5;4;0,0318291918099465
17,5;4,5;0,0493768896859203
17,5;5;0,0505478776288664
17,5;5,5;0,0359637495715612
17,5;6;0,0632156522975042
17,5;6,5;0,0789629351464668
17,5;7;0,10269685585987
17,5;7,5;0,16779669178038
17,5;8;0,349967191777461
17,5;8,5;0,195532824500176
17,5;9;0,0425075916867589
17,5;9,5;0,0252399474059465
17,5;10;0,0244877633378515
17,5;10,5;0,0320454209652338
17,5;11;0,0522543285430513
17,5;11,5;0,0614656377482818
17,5;12;0,329110039077787
17,5;12,5;0,288802959005899
17,5;13;0,360287336381707
17,5;13,5;0,355242387661716
17,5;14;0,0289440382970514
17,5;14,5;0,0342016129143823
17,5;15;0,0255369337671126
17,5;15,5;0,0731671792555296
17,5;16;0,126681532972185
17,5;16,5;0,102628858922129
17,5;17;0,103088192098514
17,5;17,5;0,0875289380351721
17,5;18;0,227218018324821
17,5;18,5;0,116853949836052
17,5;19;0,0369179848218424
17,5;19,5;0,0651467278015611
17,5;20;0,0460414802795923
17,5;20,5;0,0580195939165116
17,5;21;0,063215637340833
17,5;21,5;0,0452151710676613
17,5;22;0,0745953962419657
17,5;22,5;0,0679920257437465
17,5;23;0,0450556448678052
17,5;23,5;0,0495479176479768
17,5;24;0,0405496006169338
17,5;24,5;0,159363002816421
17,5;25;0,284803983145298
17,5;25,5;0,0825831611915934
17,5;26;0,0548909311732719
17,5;26,5;0,0790648886141646
17,5;27;0,0337353171816177
17,5;27,5;0,0652753680148016
17,5;28;0,0468987186089613
17,5;28,5;0,0381401197269013
17,5;29;0,0300266410634576
17,5;29,5;0,0390236936932908
17,5;30;0,0249566980359883
17,5;30,5;0,0294629827982827
17,5;31;0,0425950597893383
17,5;31,5;0,242686064660483
17,5;32;0,119678249207336
17,5;32,5;0,0698078430819361
17,5;33;0,0342094620226486
17,5;33,5;0,0380095638639402
17,5;34;0,0802815299829433
17,5;34,5;0,136398546896725
17,5;35;0,36302483110501
17,5;35,5;0,0727307992417033
17,5;36;0,024225388908893
17,5;36,5;0,0464268196178882
17,5;37;0,0311860751961765
17,5;37,5;0,0288668815208622
17,5;38;0,0159957897353084
17,5;38,5;0,0419003218936313
17,5;39;0,0374311655824761
17,5;39,5;0,0353570123109862
17,5;40;0,0354156580841725
17,5;40,5;0,0284150904792995
17,5;41;0,0369980521242465
17,5;41,5;0,0312778278843412
17,5;42;0,048698042661545
17,5;42,5;0,0319234233546104
17,5;43;0,0359092251627717
17,5;43,5;0,056007029870883
17,5;44;0,0402350309245392
17,5;44,5;0,0715793381702609
17,5;45;0,0516914400262635
17,5;45,5;0,121500345670315
17,5;46;0,0493441013307006
17,5;46,5;0,0523080183290536
17,5;47;0,0789798148707934
17,5;47,5;0,0575812742439829
17,5;48;0,047949002295218
17,5;48,5;0,039597291103223
17,5;49;0,0343224942777383
17,5;49,5;0,0443459273723056
17,5;50;0,0262358513765135
17,5;50,5;0,0317107821954786
17,5;51;0,026138543558962
17,5;51,5;0,0498557555207362
17,5;52;0,0286223999506801
17,5;52,5;0,0365202687222891
17,5;53;0,0521135308536969
17,5;53,5;0,0590890489217701
17,5;54;0,120533831388884
17,5;54,5;0,122489400394931
17,5;55;0,0326476168973208
17,5;55,5;0,0271536167043439
17,5;56;0,0158887169851322
17,5;56,5;0,0178853849926971
17,5;57;0,105282619767086
17,5;57,5;0,093434452972618
17,5;58;0,354613709176074
17,5;58,5;0,249998284350549
17,5;59;0,163956070651404
17,5;59,5;0,137853528245726
17,5;60;0,0979830131289761
17,5;60,5;0,0688672636308428
17,5;61;0,0537401153701776
17,5;61,5;0,161888646706144
17,5;62;0,215958665102569
17,5;62,5;0,322544610638913
17,5;63;0,255033735934379
17,5;63,5;0,176656375486423
17,5;64;0,204783606825404
17,5;64,5;0,22718362617055
17,5;65;0,0165
17,5;65,5;0,122516504532976
17,5;66;0,181896909648709
17,5;66,5;0,0619989247218584
17,5;67;0
17,5;67,5;0,0212132034355964
17,5;68;0,056890245209526
17,5;68,5;0,0524546022205645
17,5;69;0,0639698589739172
17,5;69,5;0,060669569829501
17,5;70;0,0862843743232903
17,5;70,5;0,0949645468136144
17,5;71;0
17,5;71,5;0
17,5;72;0,0484179718699575
17,5;72,5;0,150689723794102
17,5;73;0
17,5;73,5;0
17,5;74;0
17,5;74,5;0
17,5;75;0
17,5;75,5;0
17,5;76;0
17,5;76,5;0,0569558574421428
17,5;77;0,0871085803001332
18;-24,5;0,0532105879188218
18;-24;0,037476659402887
18;-23,5;0
18;-23;0
18;-22,5;0
18;-22;0,292860029249514
18;-21,5;0,331450747938013
18;-21;0,0553857683284554
18;-20,5;0,0732725505674988
18;-20;0,131430123907557
18;-19,5;0,0373077293153398
18;-19;0
18;-18,5;0,354404481406031
18;-18;0,299419377523172
18;-17,5;0,0327246812345783
18;-17;0,0827314933988261
18;-16,5;0,121594956035739
18;-16;0,0650606174319056
18;-15,5;0,0834322693612478
18;-15;0,13348508409844
18;-14,5;0,364080889960407
18;-14;0,233965168347769
18;-13,5;0,059331305216365
18;-13;0,0456051141516125
18;-12,5;0,0580544089104298
18;-12;0,0379204953021973
18;-11,5;0,123209598795407
18;-11;0,0853725200411445
18;-10,5;0,0811052757705611
18;-10;0,113181899085948
18;-9,5;0,0589867553064864
18;-9;0,0557720284358042
18;-8,5;0,0639046069759962
18;-8;0,0503596574550883
18;-7,5;0,0462487735912342
18;-7;0,08136730402472
18;-6,5;0,147225305648112
18;-6;0,127128956416833
18;-5,5;0,102952502185413
18;-5;0,0645624323403572
18;-4,5;0,0696559484538049
18;-4;0,0820333533525911
18;-3,5;0,0525339013837988
18;-3;0,0394790680864699
18;-2,5;0,0499456590282653
18;-2;0,100893621503004
18;-1,5;0,0659051318028347
18;-1;0,0766833358560123
18;-0,5;0,153999585060738
18;0;0,0425960161865599
18;0,5;0,0843095900978731
18;1;0,104039287186317
18;1,5;0,0903878468861909
18;2;0,052381875587533
18;2,5;0,0303232356879923
18;3;0,0510982905205022
18;3,5;0,0326976633221765
18;4;0,0311197999154672
18;4,5;0,0726508457294348
18;5;0,045753912703402
18;5,5;0,0473580050079751
18;6;0,0459430315441697
18;6,5;0,0522918279478975
18;7;0,0294006329536149
18;7,5;0,0355062301521387
18;8;0,0482963371086008
18;8,5;0,037447884748874
18;9;0,0589193244927322
18;9,5;0,0341397640263299
18;10;0,0346589445841531
18;10,5;0,0455751973540586
18;11;0,0491284556190722
18;11,5;0,0370822130719809
18;12;0,0499326576929187
18;12,5;0,0563699792942756
18;13;0,228564212858213
18;13,5;0,266592984957683
18;14;0,0758772192607636
18;14,5;0,0791588241500771
18;15;0,0367422232096338
18;15,5;0,162767955331856
18;16;0,148993008784529
18;16,5;0,113831362994132
18;17;0,115610981699992
18;17,5;0,142906005198834
18;18;0,140134663687976
18;18,5;0,159984892106972
18;19;0,071415482554271
18;19,5;0,0320651196914411
18;20;0,0317989471400499
18;20,5;0,0384552743680469
18;21;0,0317255773620145
18;21,5;0,0475768551173482
18;22;0,0666948891028804
18;22,5;0,101117456182914
18;23;0,0803256294672584
18;23,5;0,0860976022165427
18;24;0,0577102408661275
18;24,5;0,0479956006937137
18;25;0,143051142870597
18;25,5;0,148056650984772
18;26;0,0931620599895022
18;26,5;0,0745334515465978
18;27;0,0688453411040685
18;27,5;0,103581791852168
18;28;0,0603399255184347
18;28,5;0,039646183103935
18;29;0,0381261065413189
18;29,5;0,0388326501785283
18;30;0,0945070500380107
18;30,5;0,113061278759887
18;31;0,0317164520924604
18;31,5;0,097654738231996
18;32;0,146083853888603
18;32,5;0,119599853593242
18;33;0,0481908976116093
18;33,5;0,0324930104351141
18;34;0,029505574651788
18;34,5;0,0261418182337123
18;35;0,0377943569635846
18;35,5;0,0317916870481883
18;36;0,0286288913213707
18;36,5;0,0766813772271037
18;37;0,0550160149843835
18;37,5;0,0353399040098724
18;38;0,0389126732986914
18;38,5;0,0310867886690161
18;39;0,03226693716732
18;39,5;0,0470179747001461
18;40;0,0560749203674412
18;40,5;0,0567755365859439
18;41;0,0544613303305879
18;41,5;0,0363324827079005
18;42;0,0408105472924356
18;42,5;0,0477333632477552
18;43;0,0462051480084129
18;43,5;0,0367543123535732
18;44;0,0723899801674937
18;44,5;0,0769807281524867
18;45;0,0667476748721657
18;45,5;0,0365600029109295
18;46;0,0472123390511176
18;46,5;0,0662664147417774
18;47;0,0514448373128109
18;47,5;0,0713863559910283
18;48;0,0472834052434395
18;48,5;0,0442385618000863
18;49;0,0375134998189407
18;49,5;0,0375833629904173
18;50;0,0331850757456311
18;50,5;0,0375159592289858
18;51;0,0704362057460731
18;51,5;0,0607843135447728
18;52;0,0351272107969783
18;52,5;0,0263115962970873
18;53;0,029322478972782
18;53,5;0,158317626740168
18;54;0,107398478399614
18;54,5;0,124930784382454
18;55;0,0377513640517655
18;55,5;0,0318033629990757
18;56;0,0562267126292811
18;56,5;0,111941321654997
18;57;0,114438232181059
18;57,5;0,0661398861208762
18;58;0,184039535672548
18;58,5;0,0675686504417731
18;59;0,127379310674374
18;59,5;0,0951525361429146
18;60;0,0942339907190603
18;60,5;0,0713805953599393
18;61;0,152930703261314
18;61,5;0,118082831321028
18;62;0,160816892125152
18;62,5;0,331318198248973
18;63;0,2805294456933
18;63,5;0,225225904592342
18;64;0,196717195307318
18;64,5;0,107890464736011
18;65;0,190770251582601
18;65,5;0,0767954611754032
18;66;0,0293225088252954
18;66,5;0,0147507061977837
18;67;0
18;67,5;0,0150111069989303
18;68;0,040932760829083
18;68,5;0,0584610981764797
18;69;0,100584564151039
18;69,5;0,0513443514346264
18;70;0,0952326485662411
18;70,5;0
18;71;0
18;71,5;0
18;72;0,0817402972252743
18;72,5;0,274730777307531
18;73;0,0496564866524673
18;73,5;0,173021845845503
18;74;0,112429978208661
18;74,5;0
18;75;0
18;75,5;0
18;76;0
18;76,5;0
18;77;0,087343220087412
18,5;-24,5;0,0692964645562817
18,5;-24;0,0811338400422413
18,5;-23,5;0,0816546264578929
18,5;-23;0
18,5;-22,5;0
18,5;-22;0,260292603570836
18,5;-21,5;0,318360182970783
18,5;-21;0,0453107787029385
18,5;-20,5;0
18,5;-20;0,0606382717431821
18,5;-19,5;0,0202558633486702
18,5;-19;0
18,5;-18,5;0,0828670243398647
18,5;-18;0,126709746710371
18,5;-17,5;0,069944876254703
18,5;-17;0,0347735531690393
18,5;-16,5;0,0452806065919322
18,5;-16;0,310082820295122
18,5;-15,5;0,121681233190753
18,5;-15;0,090065737309129
18,5;-14,5;0,214499832396306
18,5;-14;0,163515550895367
18,5;-13,5;0,0610292098910867
18,5;-13;0,0703137205810974
18,5;-12,5;0,0841173527416196
18,5;-12;0,0572919285708299
18,5;-11,5;0,0780412630291045
18,5;-11;0,273683436645289
18,5;-10,5;0,300354420331872
18,5;-10;0,0582346078337405
18,5;-9,5;0,0510122578771074
18,5;-9;0,0657120195412919
18,5;-8,5;0,0738956547241774
18,5;-8;0,0640823186001317
18,5;-7,5;0,0542879702339405
18,5;-7;0,0926159413116015
18,5;-6,5;0,215504408953258
18,5;-6;0,220579434992674
18,5;-5,5;0,0977714511842116
18,5;-5;0,0823885462247005
18,5;-4,5;0,0528812993238803
18,5;-4;0,0666358946141435
18,5;-3,5;0,0715639823185665
18,5;-3;0,0589483431641952
18,5;-2,5;0,0690629975847619
18,5;-2;0,111188608900873
18,5;-1,5;0,0695061455554288
18,5;-1;0,0606492251590793
18,5;-0,5;0,0449400152646703
18,5;0;0,0608878988849539
18,5;0,5;0,0886445621968976
18,5;1;0,105920923279212
18,5;1,5;0,0917942164258766
18,5;2;0,0729478613544666
18,5;2,5;0,0521284445667049
18,5;3;0,0516928134762236
18,5;3,5;0,0287309431006758
18,5;4;0,0325516802742099
18,5;4,5;0,0380437276050078
18,5;5;0,052262952271663
18,5;5,5;0,0428542226254635
18,5;6;0,104456397198551
18,5;6,5;0,0584957047949872
18,5;7;0,0450278546269717
18,5;7,5;0,026615905665944
18,5;8;0,0480174019610506
18,5;8,5;0,0415933477727793
18,5;9;0,0575701875602859
18,5;9,5;0,0442079692527778
18,5;10;0,0429734250036106
18,5;10,5;0,0480413611050886
18,5;11;0,0605384462953376
18,5;11,5;0,0527418726270231
18,5;12;0,0272274531851605
18,5;12,5;0,0495548531236268
18,5;13;0,0557937326834401
18,5;13,5;0,0331580930951878
18,5;14;0,0335884688203866
18,5;14,5;0,0278208263539317
18,5;15;0,0351459738211858
18,5;15,5;0,334162199068119
18,5;16;0,338495925526137
18,5;16,5;0,0735106673026637
18,5;17;0,0763812831341759
18,5;17,5;0,0747738030686172
18,5;18;0,104350519844108
18,5;18,5;0,14826502079447
18,5;19;0,0265782798291704
18,5;19,5;0,0301441760521375
18,5;20;0,0433442145894392
18,5;20,5;0,18890666110713
18,5;21;0,346202469264039
18,5;21,5;0,078465914412042
18,5;22;0,0791447096090976
18,5;22,5;0,0981490061613887
18,5;23;0,111016873236687
18,5;23,5;0,0763155656779028
18,5;24;0,0644942616022102
18,5;24,5;0,106865445378653
18,5;25;0,145043614130371
18,5;25,5;0,330064619059391
18,5;26;0,200396535961439
18,5;26,5;0,0447440778973827
18,5;27;0,0387020173020824
18,5;27,5;0,028847609485064
18,5;28;0,0342827772420351
18,5;28,5;0,0286141245576172
18,5;29;0,0352808487994694
18,5;29,5;0,0280793322226798
18,5;30;0,180506463411517
18,5;30,5;0,200498268501922
18,5;31;0,0882323101036037
18,5;31,5;0,0791553997584774
18,5;32;0,210998304717923
18,5;32,5;0,0610955675648273
18,5;33;0,0458123366554544
18,5;33,5;0,0424398015091583
18,5;34;0,0256783377735461
18,5;34,5;0,0212198608234998
18,5;35;0,0279041663423796
18,5;35,5;0,0677532361887745
18,5;36;0,043978560272376
18,5;36,5;0,054506796681601
18,5;37;0,0470585335224679
18,5;37,5;0,0440349237515398
18,5;38;0,0333403787320194
18,5;38,5;0,108881980346877
18,5;39;0,117941484066938
18,5;39,5;0,0384018085260528
18,5;40;0,0392699248438952
18,5;40,5;0,0370456776345765
18,5;41;0,0488470373497845
18,5;41,5;0,0748640149089756
18,5;42;0,122515006798173
18,5;42,5;0,0337364644829993
18,5;43;0,0529771599520399
18,5;43,5;0,0450421259816592
18,5;44;0,0552512692598182
18,5;44,5;0,0310577774026102
18,5;45;0,0421913400316874
18,5;45,5;0,13320931650949
18,5;46;0,101964015388634
18,5;46,5;0,0318697614928749
18,5;47;0,0331865543015871
18,5;47,5;0,0309846434411063
18,5;48;0,0315016883166132
18,5;48,5;0,0315985674958077
18,5;49;0,0258046298475415
18,5;49,5;0,0322507409855595
18,5;50;0,0367000510534991
18,5;50,5;0,0386040708715554
18,5;51;0,0370964158349107
18,5;51,5;0,0439745841320504
18,5;52;0,0503667472510399
18,5;52,5;0,0511993997139951
18,5;53;0,0358347406816606
18,5;53,5;0,133699386968001
18,5;54;0,105316277029161
18,5;54,5;0,137324325590809
18,5;55;0,0373943890363625
18,5;55,5;0,0337812273252965
18,5;56;0,147493397278985
18,5;56,5;0,125139369790846
18,5;57;0,127206642471643
18,5;57,5;0,0838089634358916
18,5;58;0,154688980851033
18,5;58,5;0,11928189899801
18,5;59;0,0650403993485853
18,5;59,5;0,0850739463844358
18,5;60;0,0931638748429753
18,5;60,5;0,110079816197457
18,5;61;0,133660443982931
18,5;61,5;0,160573355546353
18,5;62;0,104229278671914
18,5;62,5;0,0715086721739289
18,5;63;0,132524303605412
18,5;63,5;0,177501372747337
18,5;64;0,221572640027582
18,5;64,5;0,298891263246181
18,5;65;0,283664708179686
18,5;65,5;0,0379170146504178
18,5;66;0,0379945171483115
18,5;66,5;0,0512164687055508
18,5;67;0,00919238815542512
18,5;67,5;0,0241911370363427
18,5;68;0,128671728802808
18,5;68,5;0,108294708284221
18,5;69;0,0835907306847491
18,5;69,5;0,0746378390465845
18,5;70;0,0329292170167062
18,5;70,5;0,005
18,5;71;0
18,5;71,5;0
18,5;72;0
18,5;72,5;0
18,5;73;0,0475642753977988
18,5;73,5;0,343345126154317
18,5;74;0,288716239007553
18,5;74,5;0
18,5;75;0,200327232297559
18,5;75,5;0,102118884965841
18,5;76;0,022722969289539
18,5;76,5;0,0821800868012846
18,5;77;0
19;-24,5;0
19;-24;0
19;-23,5;0,0940324937992707
19;-23;0,142856571427429
19;-22,5;0,0851780488154078
19;-22;0
19;-21,5;0,121179861460267
19;-21;0,0579655069847578
19;-20,5;0
19;-20;0
19;-19,5;0
19;-19;0,303038660219257
19;-18,5;0,0685893577750951
19;-18;0,132216880287659
19;-17,5;0,105426890149841
19;-17;0,058254613551203
19;-16,5;0,492211675332202
19;-16;0,234373941843765
19;-15,5;0
19;-15;0,144000319664548
19;-14,5;0,213111104970989
19;-14;0,0354024481262713
19;-13,5;0,0681568534093723
19;-13;0,0716362382217716
19;-12,5;0,0885544732740368
19;-12;0,0641253797453503
19;-11,5;0,0473443862468499
19;-11;0,295874277752045
19;-10,5;0,243901581656129
19;-10;0,0700983933053507
19;-9,5;0,109853727710267
19;-9;0,0526402628952112
19;-8,5;0,0564467465106505
19;-8;0,041564756072524
19;-7,5;0,0449558587924431
19;-7;0,0386721119285565
19;-6,5;0,121616291819383
19;-6;0,0717277840170739
19;-5,5;0,0633137901054249
19;-5;0,0776289797083927
19;-4,5;0,062888290408046
19;-4;0,0686015703747039
19;-3,5;0,0703781991037772
19;-3;0,0770092498779764
19;-2,5;0,0888508407853967
19;-2;0,141455140360657
19;-1,5;0,113250018395878
19;-1;0,0656885149149799
19;-0,5;0,0544952748981588
19;0;0,0394410134425519
19;0,5;0,0254554246135832
19;1;0,0518707849934053
19;1,5;0,0261386084123281
19;2;0,0799653838367797
19;2,5;0,0597993751314045
19;3;0,0607297077958028
19;3,5;0,0502059949741942
19;4;0,0510652400177606
19;4,5;0,0506056423186462
19;5;0,0364355071529335
19;5,5;0,052042501709314
19;6;0,0906433018620691
19;6,5;0,0510203155907214
19;7;0,0468355854098428
19;7,5;0,0722504130416199
19;8;0,0486378730940719
19;8,5;0,0455391755937837
19;9;0,0622584388460486
19;9,5;0,0433406753686897
19;10;0,0640993995280276
19;10,5;0,0441535922368613
19;11;0,047641493272022
19;11,5;0,0463779063997094
19;12;0,0536613960689826
19;12,5;0,110088257361302
19;13;0,040657613999426
19;13,5;0,0468869977161178
19;14;0,0335970487240841
19;14,5;0,031028781506668
19;15;0,086332332669562
19;15,5;0,374277431967471
19;16;0,177831891677541
19;16,5;0,0375702592507064
19;17;0,0741497600441198
19;17,5;0,0619433484337246
19;18;0,0668253286928445
19;18,5;0,0619191966566149
19;19;0,0680529205839103
19;19,5;0,0315549065621569
19;20;0,0512519689872386
19;20,5;0,0815734234660895
19;21;0,181111525235151
19;21,5;0,0558961034434896
19;22;0,0378657589713892
19;22,5;0,0356147797190332
19;23;0,052719437766893
19;23,5;0,0529489501530866
19;24;0,090093953102719
19;24,5;0,075375829696789
19;25;0,140397655439443
19;25,5;0,348551235903112
19;26;0,262434811005606
19;26,5;0,0435592389772306
19;27;0,0424796272674604
19;27,5;0,0346249344859203
19;28;0,0565043756516884
19;28,5;0,0420905855424268
19;29;0,0279908823962376
19;29,5;0,0333372821352505
19;30;0,0874490247674216
19;30,5;0,196684688439814
19;31;0,186972877041862
19;31,5;0,179491025656762
19;32;0,224985920978542
19;32,5;0,102556436622934
19;33;0,0581971522702283
19;33,5;0,0378194544092301
19;34;0,0239710669739334
19;34,5;0,0275393295993036
19;35;0,0303477837121957
19;35,5;0,0427137486217465
19;36;0,0323933586531491
19;36,5;0,0340820360359584
19;37;0,0577069870859969
19;37,5;0,0627597437389101
19;38;0,0605509624004363
19;38,5;0,0957887114481469
19;39;0,0877766574767811
19;39,5;0,0427250139933071
19;40;0,0410046342203928
19;40,5;0,0478688621280317
19;41;0,0678027563901696
19;41,5;0,0796343376383105
19;42;0,0325953019848658
19;42,5;0,028806416678811
19;43;0,041016450035976
19;43,5;0,032115989426756
19;44;0,0419246339415084
19;44,5;0,0385311171495912
19;45;0,0408838238468664
19;45,5;0,0563861967419676
19;46;0,0559134463980455
19;46,5;0,172103534388242
19;47;0,26375595085352
19;47,5;0,0818998237125632
19;48;0,0310559944280644
19;48,5;0,0424315134461798
19;49;0,0481865440559777
19;49,5;0,0255317180669649
19;50;0,0377956465202512
19;50,5;0,12259134672566
19;51;0,175376786820183
19;51,5;0,06544479145273
19;52;0,0513792583699079
19;52,5;0,0304523688144168
19;53;0,0296394286093932
19;53,5;0,109883110454943
19;54;0,141456572729255
19;54,5;0,141205041678823
19;55;0,0484420049437142
19;55,5;0,0268655602205728
19;56;0,132933335413537
19;56,5;0,128988729612113
19;57;0,234661174425071
19;57,5;0,0832942132583408
19;58;0,127001050014321
19;58,5;0,155409283125504
19;59;0,126320367573227
19;59,5;0,117466211924589
19;60;0,0313793987620328
19;60,5;0,0635594210168721
19;61;0,113076014510024
19;61,5;0,118339263055827
19;62;0,087758662977628
19;62,5;0,063457632746945
19;63;0,374521752365826
19;63,5;0,129869808524411
19;64;0,209932131890285
19;64,5;0,342298345828512
19;65;0,40140549775305
19;65,5;0
19;66;0
19;66,5;0,0134039795085887
19;67;0,0420883424647321
19;67,5;0,0578161385977388
19;68;0,195196454273699
19;68,5;0,157659293297044
19;69;0,103606836968738
19;69,5;0,0712271458525912
19;70;0,0993008056362082
19;70,5;0,25044144358845
19;71;0,05939696961967
19;71,5;0
19;72;0
19;72,5;0
19;73;0,067755499351032
19;73,5;0,286258973658469
19;74;0
19;74,5;0
19;75;0,105708719287168
19;75,5;0,252731250476312
19;76;0,126064798152908
19;76,5;0,021221058723196
19;77;0,0337083075813663
19,5;-24,5;0
19,5;-24;0,0612275226006207
19,5;-23,5;0,0589584599527498
19,5;-23;0
19,5;-22,5;0,0440945952848343
19,5;-22;0,0688523719475736
19,5;-21,5;0,0410423284825889
19,5;-21;0,0565186604083906
19,5;-20,5;0
19,5;-20;0
19,5;-19,5;0
19,5;-19;0,262804757528684
19,5;-18,5;0,0431358319729665
19,5;-18;0,258762291851441
19,5;-17,5;0,0951017486305725
19,5;-17;0,0469183688264344
19,5;-16,5;0,0687946857773825
19,5;-16;0
19,5;-15,5;0,0768809035673576
19,5;-15;0,0673794851667563
19,5;-14,5;0,0625522390382283
19,5;-14;0
19,5;-13,5;0,0664810981516949
19,5;-13;0,0644724552703282
19,5;-12,5;0,060748167620769
19,5;-12;0,0268079590171775
19,5;-11,5;0,0387313230424082
19,5;-11;0,233115969149399
19,5;-10,5;0,170574140495059
19,5;-10;0,0781800654360109
19,5;-9,5;0,0948695964680976
19,5;-9;0,114543289463399
19,5;-8,5;0,0518153399613922
19,5;-8;0,0286565826660205
19,5;-7,5;0,058570827823424
19,5;-7;0,0396590106608862
19,5;-6,5;0,0809900319878026
19,5;-6;0,0599211728276988
19,5;-5,5;0,0596830545782693
19,5;-5;0,0699845552947076
19,5;-4,5;0,109716054601697
19,5;-4;0,117717195905932
19,5;-3,5;0,058847918701339
19,5;-3;0,0723715787017256
19,5;-2,5;0,12538306142941
19,5;-2;0,136124195162184
19,5;-1,5;0,107065181866207
19,5;-1;0,114891435480538
19,5;-0,5;0,0704524150552332
19,5;0;0,0661398245144829
19,5;0,5;0,0493764804383667
19,5;1;0,0503799097692784
19,5;1,5;0,059168615475682
19,5;2;0,102020209911435
19,5;2,5;0,0425350803202632
19,5;3;0,0946725638853046
19,5;3,5;0,0508301091873704
19,5;4;0,0300790555009949
19,5;4,5;0,036484185679952
19,5;5;0,036538945150271
19,5;5,5;0,045980338112184
19,5;6;0,0335359143002935
19,5;6,5;0,0310379280366552
19,5;7;0,0348865175013142
19,5;7,5;0,0686491089218443
19,5;8;0,0514582398616212
19,5;8,5;0,0531251875879785
19,5;9;0,0569987196789325
19,5;9,5;0,0407876874364259
19,5;10;0,0345834423083884
19,5;10,5;0,116470753611739
19,5;11;0,0388143691748486
19,5;11,5;0,0691301520132897
19,5;12;0,034712017012437
19,5;12,5;0,0871215382208816
19,5;13;0,0696115293490598
19,5;13,5;0,0667382838766366
19,5;14;0,0477522176223898
19,5;14,5;0,0352891120399965
19,5;15;0,03521401035382
19,5;15,5;0,0320561188216087
19,5;16;0,137976053281553
19,5;16,5;0,040269334436495
19,5;17;0,121041164838389
19,5;17,5;0,104866540500422
19,5;18;0,0694316894806127
19,5;18,5;0,0399964275365472
19,5;19;0,0311263155651477
19,5;19,5;0,0355890172842761
19,5;20;0,0256363099075302
19,5;20,5;0,0992790788847362
19,5;21;0,057198136514473
19,5;21,5;0,0693671332372451
19,5;22;0,0288562529330011
19,5;22,5;0,0361679450333287
19,5;23;0,0443910620641653
19,5;23,5;0,066363180778843
19,5;24;0,0725924783041335
19,5;24,5;0,0490349765536789
19,5;25;0,171364311951084
19,5;25,5;0,115580356171723
19,5;26;0,0569880950305115
19,5;26,5;0,0518111132871616
19,5;27;0,0528066917560159
19,5;27,5;0,0507471721585909
19,5;28;0,21338039823896
19,5;28,5;0,335644469155577
19,5;29;0,135885747916714
19,5;29,5;0,0254848557215547
19,5;30;0,0495499351580872
19,5;30,5;0,0305807003742934
19,5;31;0,0200145917844337
19,5;31,5;0,245144615039599
19,5;32;0,0772277016771578
19,5;32,5;0,165031173525774
19,5;33;0,0560432885428231
19,5;33,5;0,0600470631692325
19,5;34;0,0538887327574817
19,5;34,5;0,0493528393194978
19,5;35;0,0656452925414708
19,5;35,5;0,0331119210689483
19,5;36;0,0370082292207112
19,5;36,5;0,0372588213617076
19,5;37;0,0449769025510361
19,5;37,5;0,0330566813094184
19,5;38;0,0435475536659048
19,5;38,5;0,0517566157018363
19,5;39;0,0608704637807331
19,5;39,5;0,0356264809271234
19,5;40;0,0427664633290494
19,5;40,5;0,0995438556672481
19,5;41;0,0652658571052961
19,5;41,5;0,0352231621019377
19,5;42;0,0609414721286751
19,5;42,5;0,0270423143370881
19,5;43;0,0229562195609148
19,5;43,5;0,0266195416940262
19,5;44;0,0435527104258067
19,5;44,5;0,0298617360218209
19,5;45;0,0369492895736846
19,5;45,5;0,0566448312272347
19,5;46;0,0495947226931897
19,5;46,5;0,29909030713428
19,5;47;0,296673390735179
19,5;47,5;0,296653037958441
19,5;48;0,0444386409414582
19,5;48,5;0,0289940242727044
19,5;49;0,068623061911588
19,5;49,5;0,0475447809512108
19,5;50;0,029112513284704
19,5;50,5;0,165919190643191
19,5;51;0,218274862420615
19,5;51,5;0,336494766413523
19,5;52;0,284363586769001
19,5;52,5;0,029140745080946
19,5;53;0,0250055665249957
19,5;53,5;0,0897851176719834
19,5;54;0,1007588149282
19,5;54,5;0,0303655120995657
19,5;55;0,0339274733266078
19,5;55,5;0,0562090769652541
19,5;56;0,0613862946307603
19,5;56,5;0,07275148711805
19,5;57;0,177172018413428
19,5;57,5;0,0950671524216328
19,5;58;0,161661986112439
19,5;58,5;0,224561682018118
19,5;59;0,175494103642537
19,5;59,5;0,143679071808234
19,5;60;0,150932735019646
19,5;60,5;0,139096734639249
19,5;61;0,0384669420113638
19,5;61,5;0,0514992473136025
19,5;62;0,114820375681667
19,5;62,5;0,0850152148117171
19,5;63;0,294870228047677
19,5;63,5;0,301395924961459
19,5;64;0,0699970520921224
19,5;64,5;0,270877856297281
19,5;65;0,220098346316555
19,5;65,5;0,0842184659086117
19,5;66;0,201700868610656
19,5;66,5;0,408045515668464
19,5;67;0,0390353037737823
19,5;67,5;0,0465444544858595
19,5;68;0,336536700285113
19,5;68,5;0,200821272113622
19,5;69;0,0866410483798979
19,5;69,5;0,0747174678371798
19,5;70;0
19,5;70,5;0,160681244934102
19,5;71;0,186704071343959
19,5;71,5;0
19,5;72;0
19,5;72,5;0
19,5;73;0
19,5;73,5;0
19,5;74;0
19,5;74,5;0
19,5;75;0
19,5;75,5;0
19,5;76;0
19,5;76,5;0
19,5;77;0,0134752860204648
20;-24,5;0
20;-24;0,0557452999053594
20;-23,5;0,0594138031100518
20;-23;0,0799030662740799
20;-22,5;0
20;-22;0,0549437039710703
20;-21,5;0,0498333486468914
20;-21;0,0690430852370288
20;-20,5;0,0660712513610137
20;-20;0
20;-19,5;0
20;-19;0
20;-18,5;0
20;-18;0,0594170207343079
20;-17,5;0,0472000096301993
20;-17;0,357316141078632
20;-16,5;0,210987635778449
20;-16;0,336091505396968
20;-15,5;0,0770811132750132
20;-15;0,0788726117793045
20;-14,5;0
20;-14;0
20;-13,5;0,0761445669361355
20;-13;0,0623823814639501
20;-12,5;0,0652401776574894
20;-12;0,0901687051288605
20;-11,5;0,0945398477121148
20;-11;0,0737453826650437
20;-10,5;0,0581019299497427
20;-10;0,052907062016425
20;-9,5;0,0535454674178346
20;-9;0,058722534951338
20;-8,5;0,0518679016423377
20;-8;0,0552953523245902
20;-7,5;0,118219553275505
20;-7;0,087307078154148
20;-6,5;0,0959848141169362
20;-6;0,0676856750889352
20;-5,5;0,0565133870985302
20;-5;0,0669171041338082
20;-4,5;0,0914681621305704
20;-4;0,16931620516865
20;-3,5;0,0866081617644118
20;-3;0,0758074410328038
20;-2,5;0,100837650710269
20;-2;0,0925689467102898
20;-1,5;0,089361279601464
20;-1;0,130469695562054
20;-0,5;0,0780341015736285
20;0;0,0702213471921557
20;0,5;0,0625633790692305
20;1;0,100246737468962
20;1,5;0,0764947053371507
20;2;0,0683933735929835
20;2,5;0,0378094292627708
20;3;0,042707119303644
20;3,5;0,0303337767930049
20;4;0,0491944668680489
20;4,5;0,0322711461635452
20;5;0,0297887567813939
20;5,5;0,0230628565516902
20;6;0,0349569097671555
20;6,5;0,0552583808776039
20;7;0,0302193978303305
20;7,5;0,05487906103612
20;8;0,0524290418602109
20;8,5;0,0570900761447454
20;9;0,0571325627792919
20;9,5;0,0774118903191009
20;10;0,0470475253479692
20;10,5;0,0695182527238257
20;11;0,0432839149950336
20;11,5;0,0394487394388706
20;12;0,0265874428422052
20;12,5;0,0348336224987305
20;13;0,0354848571488623
20;13,5;0,0294547080809175
20;14;0,129005599446864
20;14,5;0,0777064632412897
20;15;0,0391112809296408
20;15,5;0,0349117574692997
20;16;0,0517351342894541
20;16,5;0,0286747387520665
20;17;0,0598179023585501
20;17,5;0,0817531879901724
20;18;0,0274749497727252
20;18,5;0,0387766579413689
20;19;0,0923529401059787
20;19,5;0,0988457078832569
20;20;0,055168942884137
20;20,5;0,06621862113578
20;21;0,0451271242409589
20;21,5;0,039018159063373
20;22;0,0508917963048022
20;22,5;0,0369870854536841
20;23;0,0397625874520452
20;23,5;0,05703403845687
20;24;0,0897445556103989
20;24,5;0,0637165133786759
20;25;0,0819756691377296
20;25,5;0,205654628371935
20;26;0,340064234128397
20;26,5;0,209772566072363
20;27;0,0446777025756475
20;27,5;0,0407478015766904
20;28;0,312438275808961
20;28,5;0,231501048085609
20;29;0,275133683259451
20;29,5;0,0313858598556667
20;30;0,0492249501052202
20;30,5;0,019280744473127
20;31;0,0189876563176442
20;31,5;0,108911548607887
20;32;0,156577280050776
20;32,5;0,19135064228697
20;33;0,0798610769035699
20;33,5;0,0346351401124621
20;34;0,0717121302280774
20;34,5;0,048732999950214
20;35;0,0278989195629064
20;35,5;0,021789260635044
20;36;0,0365628119225843
20;36,5;0,0380226033540195
20;37;0,0445448621941876
20;37,5;0,128503620341107
20;38;0,0989543425260453
20;38,5;0,047509273014949
20;39;0,0512633588045386
20;39,5;0,054862642154131
20;40;0,0348377486755727
20;40,5;0,0486648624526466
20;41;0,0699863612163293
20;41,5;0,054122546133751
20;42;0,03960009982735
20;42,5;0,0861840860844673
20;43;0,0534072984870087
20;43,5;0,0503643392358787
20;44;0,159999615615929
20;44,5;0,0454123991784779
20;45;0,0233587056930101
20;45,5;0,0523223980082463
20;46;0,0506957991315531
20;46,5;0,31317294501185
20;47;0,31304876243337
20;47,5;0,0770889534040518
20;48;0,049650409162196
20;48,5;0,106361102015909
20;49;0,0624067956346727
20;49,5;0,0382410327335981
20;50;0,0529674064728431
20;50,5;0,103469899536981
20;51;0,323070171176792
20;51,5;0,16549987628814
20;52;0,349052115702776
20;52,5;0,153063005255476
20;53;0,0224879812493123
20;53,5;0,252103564221148
20;54;0,153910120027173
20;54,5;0,0187034932614934
20;55;0,0543574032904583
20;55,5;0,052747318318584
20;56;0,047920598995588
20;56,5;0,0423191791824356
20;57;0,0496833970720352
20;57,5;0,0958663786021363
20;58;0,11034358816038
20;58,5;0,0335697952508526
20;59;0,23774901744645
20;59,5;0,161618240789874
20;60;0,210421957029204
20;60,5;0,112774155288391
20;61;0,0302834647174678
20;61,5;0,134622709499711
20;62;0,191353578182162
20;62,5;0,0921756405887625
20;63;0,156923422111678
20;63,5;0,32695415832349
20;64;0,0898324197401118
20;64,5;0,197641731504908
20;65;0,124194425339515
20;65,5;0,198223986493938
20;66;0,23286146285797
20;66,5;0
20;67;0,0542129330073845
20;67,5;0,0864856413160367
20;68;0,12450930156607
20;68,5;0,0541045164593373
20;69;0,110945759793521
20;69,5;0,136104126804933
20;70;0
20;70,5;0,16527023325451
20;71;0
20;71,5;0
20;72;0
20;72,5;0
20;73;0
20;73,5;0
20;74;0
20;74,5;0
20;75;0
20;75,5;0
20;76;0
20;76,5;0,105039913362538
20;77;0,0349399484830759
20,5;-24,5;0
20,5;-24;0,0655528329902185
20,5;-23,5;0,304012092491322
20,5;-23;0,352059052010338
20,5;-22,5;0,0520122027102221
20,5;-22;0,101653988280506
20,5;-21,5;0,0416286493228455
20,5;-21;0,0653972224432866
20,5;-20,5;0,0674802915197448
20,5;-20;0
20,5;-19,5;0
20,5;-19;0
20,5;-18,5;0
20,5;-18;0,0414933299286937
20,5;-17,5;0,0983012229566988
20,5;-17;0,0582902771502796
20,5;-16,5;0,351272963835749
20,5;-16;0,0919037540038491
20,5;-15,5;0,0648734468219787
20,5;-15;0,0847149230172476
20,5;-14,5;0,144384455716783
20,5;-14;0
20,5;-13,5;0,0398620388697962
20,5;-13;0,0698528688059644
20,5;-12,5;0,11867752833298
20,5;-12;0,0658249186358777
20,5;-11,5;0,0582384934161643
20,5;-11;0,0460727817644235
20,5;-10,5;0,0810994836576486
20,5;-10;0,0758912536214656
20,5;-9,5;0,0555159530929187
20,5;-9;0,063663082358796
20,5;-8,5;0,0584607114809795
20,5;-8;0,059265846654799
20,5;-7,5;0,100005427045718
20,5;-7;0,0656283317026871
20,5;-6,5;0,0755199478091707
20,5;-6;0,0374942685678571
20,5;-5,5;0,0578020919932499
20,5;-5;0,0443600578994449
20,5;-4,5;0,0434601811510147
20,5;-4;0,167532954602361
20,5;-3,5;0,0717826266328653
20,5;-3;0,141231740216017
20,5;-2,5;0,0913340372792111
20,5;-2;0,101185085639363
20,5;-1,5;0,0783619845760134
20,5;-1;0,0688794982034071
20,5;-0,5;0,0781438488207711
20,5;0;0,141912960844921
20,5;0,5;0,0890481675991781
20,5;1;0,0884289547717082
20,5;1,5;0,0578353249778861
20,5;2;0,0661343223112676
20,5;2,5;0,0455969786378769
20,5;3;0,0336296533028103
20,5;3,5;0,0436576180532199
20,5;4;0,0423477004822214
20,5;4,5;0,0429143039237428
20,5;5;0,0388323569343929
20,5;5,5;0,0416641263762896
20,5;6;0,0592719834814391
20,5;6,5;0,107697280230497
20,5;7;0,115930442863027
20,5;7,5;0,336718305461716
20,5;8;0,230492892010419
20,5;8,5;0,0819736240344496
20,5;9;0,0727970827898957
20,5;9,5;0,101802919311551
20,5;10;0,109760918264542
20,5;10,5;0,0495179510130162
20,5;11;0,0502522862499308
20,5;11,5;0,0515249516139573
20,5;12;0,0578788817555335
20,5;12,5;0,0597751953224128
20,5;13;0,047976104384506
20,5;13,5;0,0220680229621288
20,5;14;0,113689538570351
20,5;14,5;0,0455276065511977
20,5;15;0,0187600228897942
20,5;15,5;0,0344750239486072
20,5;16;0,0381959460894959
20,5;16,5;0,0253925062992459
20,5;17;0,0356009196804474
20,5;17,5;0,028291635984274
20,5;18;0,0265544116270631
20,5;18,5;0,070479443303524
20,5;19;0,0977996800120958
20,5;19,5;0,0560974506278329
20,5;20;0,0372578850714852
20,5;20,5;0,0297745639035634
20,5;21;0,0232656209557643
20,5;21,5;0,0358733025735715
20,5;22;0,0216980340859625
20,5;22,5;0,0353391887918046
20,5;23;0,0483127024459495
20,5;23,5;0,0247907913010725
20,5;24;0,0594649895840056
20,5;24,5;0,0635487557125793
20,5;25;0,0662580739921257
20,5;25,5;0,0601154800083898
20,5;26;0,231225812077283
20,5;26,5;0,056593439154834
20,5;27;0,0370400636679611
20,5;27,5;0,0282796954805137
20,5;28;0,14332973456306
20,5;28,5;0,195326249295664
20,5;29;0,0256276742204675
20,5;29,5;0,0311830086352842
20,5;30;0,0461446020648124
20,5;30,5;0,0611171895160579
20,5;31;0,10125696849831
20,5;31,5;0,143094067564379
20,5;32;0,289125274074161
20,5;32,5;0,309660992461273
20,5;33;0,081386856680844
20,5;33,5;0,0352771535925931
20,5;34;0,0577789550688512
20,5;34,5;0,0291473363646142
20,5;35;0,18626160019184
20,5;35,5;0,0292610222174121
20,5;36;0,0443616301933282
20,5;36,5;0,0498313801672183
20,5;37;0,0653502264644165
20,5;37,5;0,141751516277417
20,5;38;0,136358256661135
20,5;38,5;0,0581902390574968
20,5;39;0,0730496406562004
20,5;39,5;0,0476136698293867
20,5;40;0,0416191137610125
20,5;40,5;0,0539881070466389
20,5;41;0,050637272175082
20,5;41,5;0,0289116303439638
20,5;42;0,0448544166997966
20,5;42,5;0,0434729404540818
20,5;43;0,049624352898151
20,5;43,5;0,172050065187809
20,5;44;0,238347814871449
20,5;44,5;0,281001041695887
20,5;45;0,0438252066680329
20,5;45,5;0,0414730441179112
20,5;46;0,045157117031868
20,5;46,5;0,2121775017862
20,5;47;0,246558004281472
20,5;47,5;0,030879735105166
20,5;48;0,11902578399814
20,5;48,5;0,0452241764277153
20,5;49;0,043405261624539
20,5;49,5;0,0701712009036659
20,5;50;0,040523710941366
20,5;50,5;0,0551523761395421
20,5;51;0,215757619962963
20,5;51,5;0,345962513148754
20,5;52;0,300509322930328
20,5;52,5;0,0305204267797566
20,5;53;0,0456521105700841
20,5;53,5;0,278304307607855
20,5;54;0,0922729967647535
20,5;54,5;0,0310191004369013
20,5;55;0,0232712118231924
20,5;55,5;0,0437270853016836
20,5;56;0,0497416659686156
20,5;56,5;0,0486035864867452
20,5;57;0,07196057251526
20,5;57,5;0,104315163935026
20,5;58;0,0880695870327144
20,5;58,5;0,053541006021952
20,5;59;0,0796556096095615
20,5;59,5;0,0892622441757663
20,5;60;0,106497674270952
20,5;60,5;0,108901621902578
20,5;61;0,0558376768306683
20,5;61,5;0,155894208604155
20,5;62;0,176814127938291
20,5;62,5;0,0786215309560309
20,5;63;0,0704784397016326
20,5;63,5;0,0784761692007204
20,5;64;0,236450441295446
20,5;64,5;0,219902926190788
20,5;65;0,111588893179747
20,5;65,5;0,123542493171571
20,5;66;0,11532345815141
20,5;66,5;0,0824777481953067
20,5;67;0,0612842285312189
20,5;67,5;0,0962897323218176
20,5;68;0,0796229414671536
20,5;68,5;0,0723168448280478
20,5;69;0,171029043475432
20,5;69,5;0
20,5;70;0,106571865424229
20,5;70,5;0,19177545675747
20,5;71;0,242220776899722
20,5;71,5;0,0627045984491302
20,5;72;0,0451017368475613
20,5;72,5;0
20,5;73;0
20,5;73,5;0
20,5;74;0
20,5;74,5;0
20,5;75;0
20,5;75,5;0
20,5;76;0
20,5;76,5;0,0877123738495076
20,5;77;0,11882024238319
21;-24,5;0
21;-24;0,154047719879263
21;-23,5;0,278862707302015
21;-23;0,311557064267881
21;-22,5;0,075727939346854
21;-22;0,0884644091757881
21;-21,5;0,0596369719306122
21;-21;0,0553519582825602
21;-20,5;0,139613275395525
21;-20;0,0381346299313367
21;-19,5;0,0363959704729338
21;-19;0,0376651917115348
21;-18,5;0,0268576494379782
21;-18;0,327657869563939
21;-17,5;0,3844303288995
21;-17;0,0707316802305395
21;-16,5;0,0608758299053628
21;-16;0
21;-15,5;0
21;-15;0,0275771644662754
21;-14,5;0,118587806355004
21;-14;0,116501310656213
21;-13,5;0,0491993031309533
21;-13;0,0987669852679395
21;-12,5;0,0960034721594311
21;-12;0,0634197598076966
21;-11,5;0,0897518244939901
21;-11;0,061479979495669
21;-10,5;0,0654620417613492
21;-10;0,0664892395525746
21;-9,5;0,0623377895020348
21;-9;0,0476109854764409
21;-8,5;0,0589922168643515
21;-8;0,0710234251713963
21;-7,5;0,0727358570793202
21;-7;0,0555195793159826
21;-6,5;0,0401902552352944
21;-6;0,0370886805470227
21;-5,5;0,0588360935966412
21;-5;0,0614937186075178
21;-4,5;0,0451794503341662
21;-4;0,07192228728463
21;-3,5;0,076120392594325
21;-3;0,127469634757019
21;-2,5;0,084275580691305
21;-2;0,0683927905483365
21;-1,5;0,0523520007719794
21;-1;0,056108901273906
21;-0,5;0,0641755272752265
21;0;0,0765847501215634
21;0,5;0,232977836342549
21;1;0,219068798269745
21;1,5;0,0449341267210034
21;2;0,0838439618440603
21;2,5;0,0364411382766063
21;3;0,0413795575993128
21;3,5;0,0626513242457976
21;4;0,0566896751689331
21;4,5;0,0383435517581836
21;5;0,0458543903289944
21;5,5;0,047267410443303
21;6;0,061539453498934
21;6,5;0,180230519396811
21;7;0,168733588454341
21;7,5;0,243552126122572
21;8;0,258672592427687
21;8,5;0,114069689908058
21;9;0,0848689049390063
21;9,5;0,0437620509416057
21;10;0,0362265506274469
21;10,5;0,0484046291353692
21;11;0,0361633007689895
21;11,5;0,0737929559149201
21;12;0,056540125127079
21;12,5;0,0715897305887199
21;13;0,0516006604466684
21;13,5;0,0718528127454082
21;14;0,109129241388846
21;14,5;0,14315012606078
21;15;0,0865837893536589
21;15,5;0,045898155338528
21;16;0,0236597618930027
21;16,5;0,0366493104194718
21;17;0,0318562905020666
21;17,5;0,0270632670681716
21;18;0,0287380142113915
21;18,5;0,103685177177775
21;19;0,0474912635143859
21;19,5;0,173298692738179
21;20;0,108889737492242
21;20,5;0,0227471731056305
21;21;0,0338275029712665
21;21,5;0,0759858783688429
21;22;0,0418066815543823
21;22,5;0,0676254532581827
21;23;0,0567130105420114
21;23,5;0,0430701218880216
21;24;0,151703800588343
21;24,5;0,0951395212958143
21;25;0,162151342852844
21;25,5;0,0984568545295692
21;26;0,0452485194497753
21;26,5;0,0425078213512885
21;27;0,0434695517388281
21;27,5;0,0530487197457834
21;28;0,0458094929231189
21;28,5;0,0304628118928244
21;29;0,0271007176670956
21;29,5;0,0169883054189758
21;30;0,0569924116547624
21;30,5;0,0549521730445125
21;31;0,070515776911188
21;31,5;0,17313179175513
21;32;0,222164691757028
21;32,5;0,141875861338393
21;33;0,0538844644985374
21;33,5;0,0246838286140062
21;34;0,0746825354093982
21;34,5;0,0302029996968299
21;35;0,035216391402316
21;35,5;0,0617866916963974
21;36;0,0582954331462891
21;36,5;0,0447835879301688
21;37;0,0361969568761321
21;37,5;0,0570215115036086
21;38;0,081262119975159
21;38,5;0,0647522211206382
21;39;0,0597979174347672
21;39,5;0,0673668912687507
21;40;0,0279639010494738
21;40,5;0,0429216773399518
21;41;0,0523615108996242
21;41,5;0,0637619324802303
21;42;0,0278501263902262
21;42,5;0,0403460208764164
21;43;0,0305014016760161
21;43,5;0,0694649226739198
21;44;0,265763390023126
21;44,5;0,271739026124934
21;45;0,22772533565987
21;45,5;0,0310633986955627
21;46;0,0367958245332433
21;46,5;0,0352157326933808
21;47;0,0391834407014804
21;47,5;0,0403881237159461
21;48;0,0360034810589203
21;48,5;0,0423023752962445
21;49;0,0333175039876041
21;49,5;0,0760865001961333
21;50;0,0870992800994218
21;50,5;0,13439277734067
21;51;0,261088184580384
21;51,5;0,252547587323058
21;52;0,0250085685596069
21;52,5;0,0429686946955944
21;53;0,0335837580154587
21;53,5;0,107222847813833
21;54;0,0239836283470741
21;54,5;0,0367461060323396
21;55;0,0334233962364383
21;55,5;0,0424083955430269
21;56;0,0998005574157991
21;56,5;0,095847107760052
21;57;0,0971529749902212
21;57,5;0,0381343504844214
21;58;0,0703514452068799
21;58,5;0,037614358198247
21;59;0,120743535057962
21;59,5;0,0554823009101616
21;60;0,0666089235794304
21;60,5;0,0995015988907625
21;61;0,0887278551566629
21;61,5;0,115822611735694
21;62;0,131745124303626
21;62,5;0,0982051430249461
21;63;0,0696041645738773
21;63,5;0,135340799744466
21;64;0,288188095182865
21;64,5;0,319845666334912
21;65;0,236068187056393
21;65,5;0,180430162329531
21;66;0,105685286960295
21;66,5;0,122531118496486
21;67;0,291908272511143
21;67,5;0,121095176066872
21;68;0,0712730406279003
21;68,5;0,113278626897698
21;69;0,192315217435186
21;69,5;0
21;70;0,169813868691577
21;70,5;0,211994470189957
21;71;0,230727306020743
21;71,5;0
21;72;0,0569590496175396
21;72,5;0
21;73;0
21;73,5;0
21;74;0
21;74,5;0
21;75;0
21;75,5;0
21;76,5;0
21;77;0
21,5;-24,5;0,0947523086789974
21,5;-24;0,0509224901197889
21,5;-23,5;0,102275770998479
21,5;-23;0,0855516997688143
21,5;-22,5;0,297286049526595
21,5;-22;0,165361677542859
21,5;-21,5;0,0582698948442615
21,5;-21;0,0551981871919816
21,5;-20,5;0,224839978469949
21,5;-20;0,050353912296032
21,5;-19,5;0,065366658167601
21,5;-19;0,0735844186405428
21,5;-18,5;0,0657609306503489
21,5;-18;0,245964665924024
21,5;-17,5;0,486372628067548
21,5;-17;0,0529764098443826
21,5;-16,5;0,066369576536657
21,5;-16;0,061467127736765
21,5;-15,5;0
21,5;-15;0,149581320453362
21,5;-14,5;0,10125205262571
21,5;-14;0,0746128397936238
21,5;-13,5;0,0665565996155224
21,5;-13;0,0762796980493157
21,5;-12,5;0,0782798524150221
21,5;-12;0,0326147159572132
21,5;-11,5;0,0474467404762243
21,5;-11;0,0630074581692218
21,5;-10,5;0,0598248960034047
21,5;-10;0,0759013100276938
21,5;-9,5;0,0678112594453013
21,5;-9;0,0691225272610502
21,5;-8,5;0,0718277001655099
21,5;-8;0,0566265040233813
21,5;-7,5;0,0834549538572053
21,5;-7;0,0599867080986684
21,5;-6,5;0,0929586165854847
21,5;-6;0,061688934454212
21,5;-5,5;0,0477165189244373
21,5;-5;0,0647124601544959
21,5;-4,5;0,0431468828700355
21,5;-4;0,0681240831483317
21,5;-3,5;0,0874778380732638
21,5;-3;0,0249690424227137
21,5;-2,5;0,107466009260684
21,5;-2;0,0777717174386752
21,5;-1,5;0,158572350255291
21,5;-1;0,0501763014782614
21,5;-0,5;0,107435364409088
21,5;0;0,122350745387624
21,5;0,5;0,313071239947159
21,5;1;0,284021948371711
21,5;1,5;0,0463446576369107
21,5;2;0,118342766461497
21,5;2,5;0,0437747956063793
21,5;3;0,0257186171732308
21,5;3,5;0,039720946569207
21,5;4;0,0244638064023459
21,5;4,5;0,0402660076795314
21,5;5;0,0434761478281532
21,5;5,5;0,0434881844747001
21,5;6;0,0838116067247575
21,5;6,5;0,0878999142817543
21,5;7;0,0910552719378375
21,5;7,5;0,113967678799597
21,5;8;0,0873326768788091
21,5;8,5;0,0697797322077482
21,5;9;0,0469070682372667
21,5;9,5;0,0653769282522645
21,5;10;0,0677050189864798
21,5;10,5;0,0711447219055403
21,5;11;0,041831948315825
21,5;11,5;0,0772079691542761
21,5;12;0,0312577605060291
21,5;12,5;0,0362710540871637
21,5;13;0,0417322524706735
21,5;13,5;0,0636393534975434
21,5;14;0,061243745353786
21,5;14,5;0,0787477963274885
21,5;15;0,0767162192625575
21,5;15,5;0,0604121942776975
21,5;16;0,0301270933040041
21,5;16,5;0,0487689101446982
21,5;17;0,0585130614242323
21,5;17,5;0,0705898739032142
21,5;18;0,10131763385098
21,5;18,5;0,200995123839268
21,5;19;0,254361249619755
21,5;19,5;0,156083488025351
21,5;20;0,102760042373191
21,5;20,5;0,11100076998219
21,5;21;0,109036387890912
21,5;21,5;0,0343107850680919
21,5;22;0,0287727272727273
21,5;22,5;0,0351993515937024
21,5;23;0,0264182178297496
21,5;23,5;0,0337548445660833
21,5;24;0,0650136868404186
21,5;24,5;0,189245678939428
21,5;25;0,28928627380048
21,5;25,5;0,160462675130987
21,5;26;0,0491973467335367
21,5;26,5;0,0292023080147517
21,5;27;0,047400323138232
21,5;27,5;0,0428086346558954
21,5;28;0,0334035802505318
21,5;28,5;0,0416964549166602
21,5;29;0,0257970597551546
21,5;29,5;0,0441262697941987
21,5;30;0,0664162390113119
21,5;30,5;0,0980641199692546
21,5;31;0,0801414357527859
21,5;31,5;0,164716493643584
21,5;32;0,24424339483558
21,5;32,5;0,0893044950923029
21,5;33;0,0293350573245612
21,5;33,5;0,272799160570231
21,5;34;0,151083179336966
21,5;34,5;0,0319017657018838
21,5;35;0,0304611864275431
21,5;35,5;0,0286472648344195
21,5;36;0,0705801533022224
21,5;36,5;0,0477071514125852
21,5;37;0,0433734819616006
21,5;37,5;0,0458145509719099
21,5;38;0,0627181269703873
21,5;38,5;0,0853010210216022
21,5;39;0,0720528769716366
21,5;39,5;0,0456280718239918
21,5;40;0,0779122793803192
21,5;40,5;0,0340122656920504
21,5;41;0,0676991361777659
21,5;41,5;0,0461515495106796
21,5;42;0,0492502618769101
21,5;42,5;0,0402725579218483
21,5;43;0,0459622302618602
21,5;43,5;0,028738833862309
21,5;44;0,0384462919791594
21,5;44,5;0,148275247258535
21,5;45;0,135635707312047
21,5;45,5;0,090515670451866
21,5;46;0,0942616658225416
21,5;46,5;0,0479689178519779
21,5;47;0,0466522619324869
21,5;47,5;0,0651630659919141
21,5;48;0,0376375036834388
21,5;48,5;0,0594544226448023
21,5;49;0,0318703623590146
21,5;49,5;0,129637164159402
21,5;50;0,104042179548767
21,5;50,5;0,302570425071424
21,5;51;0,261152846918776
21,5;51,5;0,0428505308858464
21,5;52;0,0387896232115959
21,5;52,5;0,0429898166147584
21,5;53;0,0189546069831926
21,5;53,5;0,093304422078035
21,5;54;0,021608136065563
21,5;54,5;0,0292603258127224
21,5;55;0,0456596403273278
21,5;55,5;0,0520861227903155
21,5;56;0,124060028347606
21,5;56,5;0,300085844228693
21,5;57;0,318173803627266
21,5;57,5;0,34694092868232
21,5;58;0,0237017878747214
21,5;58,5;0,0352682197642283
21,5;59;0,0747898305332336
21,5;59,5;0,0598739377260759
21,5;60;0,0520826828416062
21,5;60,5;0,030738539884659
21,5;61;0,0709943975188552
21,5;61,5;0,0703857503061085
21,5;62;0,0219842907967339
21,5;62,5;0,074803808017223
21,5;63;0,0715214652759727
21,5;63,5;0,101135232064969
21,5;64;0,212457482377491
21,5;64,5;0,210598001603932
21,5;65;0,16038082414024
21,5;65,5;0,196132430074788
21,5;66;0,153591227356798
21,5;66,5;0,237367182835327
21,5;67;0,310377537555811
21,5;67,5;0,0968417953847063
21,5;68;0,096082008924795
21,5;68,5;0,0802084623708586
21,5;69;0
21,5;69,5;0
21,5;70;0
21,5;70,5;0,367874314285615
21,5;71;0,285350677998077
21,5;71,5;0
21,5;72;0
21,5;72,5;0
21,5;73;0
21,5;73,5;0
21,5;74;0
21,5;74,5;0
21,5;75;0
22;-24,5;0
22;-24;0
22;-23,5;0,0273130005674953
22;-23;0
22;-22,5;0,250647793663248
22;-22;0,332362486972464
22;-21,5;0,0575970752462577
22;-21;0,0508625599041181
22;-20,5;0,330035971573505
22;-20;0,0681570082807174
22;-19,5;0,0658181541200048
22;-19;0,0812066091459553
22;-18,5;0,0389979486640003
22;-18;0,484587060338614
22;-17,5;0
22;-17;0
22;-16,5;0,0668183879609271
22;-16;0,0683173408291849
22;-15,5;0,307446768283057
22;-15;0,0421521055227375
22;-14,5;0,0633573020832858
22;-14;0,071866063162544
22;-13,5;0,089489291724392
22;-13;0,0799191543065317
22;-12,5;0,0694738575517214
22;-12;0,0619220169433795
22;-11,5;0,061043648678836
22;-11;0,0549820633829285
22;-10,5;0,058007553988758
22;-10;0,0633608285504111
22;-9,5;0,0341974657930477
22;-9;0,046748081928629
22;-8,5;0,0664513560888405
22;-8;0,0775112650659323
22;-7,5;0,0780168080986915
22;-7;0,0631774289185028
22;-6,5;0,0687486088013511
22;-6;0,0517262161534763
22;-5,5;0,0637881152458918
22;-5;0,0457595780318533
22;-4,5;0,0386382332580946
22;-4;0,0362398710604413
22;-3,5;0,0429317700426388
22;-3;0,0325132198031294
22;-2,5;0,0338699081748191
22;-2;0,0601845090823701
22;-1,5;0,163203509482016
22;-1;0,0563171613626642
22;-0,5;0,150398148678971
22;0;0,29814118180331
22;0,5;0,365151750701282
22;1;0,0433462467514549
22;1,5;0,0761701878733482
22;2;0,0772519609860518
22;2,5;0,0713660123132757
22;3;0,0462237634777838
22;3,5;0,0440869086248536
22;4;0,0374885835849295
22;4,5;0,0441728874122883
22;5;0,0254268941593236
22;5,5;0,038757887333989
22;6;0,123029173825447
22;6,5;0,129320576981573
22;7;0,101890569216381
22;7,5;0,102768776352006
22;8;0,0899068628295607
22;8,5;0,0717389722797561
22;9;0,0667977237444203
22;9,5;0,062280797587406
22;10;0,0631986485323791
22;10,5;0,076012118752561
22;11;0,0318983760380038
22;11,5;0,0600061040620702
22;12;0,0274041620057628
22;12,5;0,0351516877277895
22;13;0,0337904934719326
22;13,5;0,0365097438008686
22;14;0,0285105690756885
22;14,5;0,0596911673076131
22;15;0,0607310253642397
22;15,5;0,034179410119439
22;16;0,0425694640136479
22;16,5;0,0360327561154339
22;17;0,0248355113434001
22;17,5;0,07898336972174
22;18;0,107505206016312
22;18,5;0,125942140941838
22;19;0,148880302097413
22;19,5;0,177070210662698
22;20;0,146161311316025
22;20,5;0,120342361138119
22;21;0,0477372832214653
22;21,5;0,0403615154370429
22;22;0,0586238065013287
22;22,5;0,067168242712845
22;23;0,0297925772366575
22;23,5;0,0396411624840317
22;24;0,0476604525029124
22;24,5;0,101128583873159
22;25;0,101175517106205
22;25,5;0,144544975699607
22;26;0,204029191923668
22;26,5;0,0395064262304074
22;27;0,0376685102793655
22;27,5;0,0410948090801421
22;28;0,0418025118862491
22;28,5;0,0298407227255368
22;29;0,0310570123567758
22;29,5;0,0500184566486176
22;30;0,0587369363003418
22;30,5;0,10458252043849
22;31;0,203871843393588
22;31,5;0,129456312764579
22;32;0,157657510719517
22;32,5;0,0261603590760746
22;33;0,0305638013346506
22;33,5;0,367491094780423
22;34;0,338706984912147
22;34,5;0,0443580193910585
22;35;0,0293298329170571
22;35,5;0,0330517422764592
22;36;0,0513930799764695
22;36,5;0,0276611617023691
22;37;0,0292387317182924
22;37,5;0,0738909243430156
22;38;0,133312419726681
22;38,5;0,0524286935228152
22;39;0,0461129228404854
22;39,5;0,0400695290173946
22;40;0,17410081093133
22;40,5;0,0705443420954556
22;41;0,0435078464541884
22;41,5;0,051443194310777
22;42;0,0473983181159848
22;42,5;0,0692647919641396
22;43;0,0312905856975492
22;43,5;0,0237080993719994
22;44;0,023611321334204
22;44,5;0,0677209769292606
22;45;0,0832191897546315
22;45,5;0,0811568875272234
22;46;0,161875518017189
22;46,5;0,143296952258625
22;47;0,170635105460999
22;47,5;0,165408238713111
22;48;0,126738965010723
22;48,5;0,142640819407856
22;49;0,129930760994154
22;49,5;0,0584438928686842
22;50;0,0473757545366799
22;50,5;0,0789096826538349
22;51;0,137848226164766
22;51,5;0,0280460070669016
22;52;0,0398384594151896
22;52,5;0,0374499985349146
22;53;0,040557871094909
22;53,5;0,11448479829427
22;54;0,0219496281841882
22;54,5;0,0172882585675227
22;55;0,0264487315281666
22;55,5;0,0901085398260333
22;56;0,132940578909004
22;56,5;0,302199911680184
22;57;0,297384165605619
22;57,5;0,337257394131664
22;58;0,0189694767819968
22;58,5;0,0261151752097822
22;59;0,041305846923447
22;59,5;0,0596293375339425
22;60;0,0485282821918742
22;60,5;0,035285872363618
22;61;0,109017139802381
22;61,5;0,0342446341755743
22;62;0,0342911474320675
22;62,5;0,0413760343151059
22;63;0,082822320789299
22;63,5;0,0379377357636403
22;64;0,0482791243308518
22;64,5;0,0439749116786249
22;65;0,179510296263603
22;65,5;0,237057664863611
22;66;0,135996925098929
22;66,5;0,347977441797597
22;67;0,28527032518538
22;67,5;0,0754291294622215
22;68;0,0680732595147952
22;68,5;0,126168670173436
22;69;0
22;69,5;0
22;70;0
22;70,5;0,420961184482108
22;71;0,258650408765289
22;71,5;0,0120208152801713
22;72;0
22;72,5;0
22;73;0
22;73,5;0
22;74;0
22;75;0
22,5;-24;0
22,5;-23,5;0,0633305900522302
22,5;-23;0,302915267553836
22,5;-22,5;0,351633100919606
22,5;-22;0,27914038113636
22,5;-21,5;0
22,5;-21;0,0890366731558781
22,5;-20,5;0,118172190750052
22,5;-20;0,0583669426987571
22,5;-19,5;0,000707106781186548
22,5;-19;0,0876549828098552
22,5;-18,5;0,0959608470309424
22,5;-18;0,0677329314292538
22,5;-17,5;0,0318198051533946
22,5;-17;0,0120208152801713
22,5;-16,5;0,0705273784505784
22,5;-16;0,247453178004528
22,5;-15,5;0,284514655338814
22,5;-15;0
22,5;-14,5;0,0744741642314977
22,5;-14;0,0926017042513371
22,5;-13,5;0,0598252032596208
22,5;-13;0,063662176582903
22,5;-12,5;0,0958749185136551
22,5;-12;0,0680403612299532
22,5;-11,5;0,0597588712165452
22,5;-11;0,0677411408574018
22,5;-10,5;0,0491471270433823
22,5;-10;0,0455550566330877
22,5;-9,5;0,0522122750357159
22,5;-9;0,0673981784307433
22,5;-8,5;0,0480002807867052
22,5;-8;0,0735555012538551
22,5;-7,5;0,090173181911132
22,5;-7;0,123965875302594
22,5;-6,5;0,0914753953184352
22,5;-6;0,0429608967824344
22,5;-5,5;0,0515207283968837
22,5;-5;0,0631271799028821
22,5;-4,5;0,0958359391028213
22,5;-4;0,0534902800786562
22,5;-3,5;0,0702042895438093
22,5;-3;0,0407903232064876
22,5;-2,5;0,0677896054040616
22,5;-2;0,0764239603804316
22,5;-1,5;0,0511897529079921
22,5;-1;0,0917054046655989
22,5;-0,5;0,148651209775711
22,5;0;0,299044779992514
22,5;0,5;0,328234748846218
22,5;1;0,0436433395214655
22,5;1,5;0,152763505977412
22,5;2;0,0796137031967153
22,5;2,5;0,0595176166711577
22,5;3;0,0410211225223933
22,5;3,5;0,0288860215484299
22,5;4;0,03437825512981
22,5;4,5;0,0386711398513055
22,5;5;0,0392271115878407
22,5;5,5;0,0536733942740326
22,5;6;0,0476509151733701
22,5;6,5;0,0767357980521653
22,5;7;0,100870006731151
22,5;7,5;0,0739655533773645
22,5;8;0,116333968526006
22,5;8,5;0,0639829023537679
22,5;9;0,0559946640151194
22,5;9,5;0,0673980277099719
22,5;10;0,0540444901746607
22,5;10,5;0,0486720662557814
22,5;11;0,048198771747862
22,5;11,5;0,0507663436686604
22,5;12;0,0452707701848721
22,5;12,5;0,0321430418289304
22,5;13;0,0353077264155531
22,5;13,5;0,0979233692960753
22,5;14;0,086582195001213
22,5;14,5;0,0928678242305398
22,5;15;0,0858875788517256
22,5;15,5;0,043159266882592
22,5;16;0,0427473285260008
22,5;16,5;0,0448549185501538
22,5;17;0,0407501375144806
22,5;17,5;0,0281126373389488
22,5;18;0,0723674630481047
22,5;18,5;0,116693260511708
22,5;19;0,0890738979643074
22,5;19,5;0,202144099381111
22,5;20;0,184724562659076
22,5;20,5;0,0773761989942573
22,5;21;0,0480748533706619
22,5;21,5;0,0416083007187897
22,5;22;0,0542906777075992
22,5;22,5;0,0438482199317666
22,5;23;0,0584669563619135
22,5;23,5;0,0430032732777988
22,5;24;0,0720548335353894
22,5;24,5;0,107012193893375
22,5;25;0,278467862442371
22,5;25,5;0,167956489511855
22,5;26;0,16880437558793
22,5;26,5;0,0203005244948459
22,5;27;0,0296900216052483
22,5;27,5;0,0370715895912346
22,5;28;0,0238371079096988
22,5;28,5;0,0506374571450394
22,5;29;0,0222136135758947
22,5;29,5;0,0276888357527786
22,5;30;0,041397926180076
22,5;30,5;0,0321006895560275
22,5;31;0,060853410777916
22,5;31,5;0,0997935147807036
22,5;32;0,0616012841366388
22,5;32,5;0,0606155682625798
22,5;33;0,0428889268742662
22,5;33,5;0,030376826838095
22,5;34;0,0478567421176676
22,5;34,5;0,0465629975799259
22,5;35;0,0360153078846031
22,5;35,5;0,03910890731406
22,5;36;0,0450063222278799
22,5;36,5;0,0473072984549963
22,5;37;0,0427965473816185
22,5;37,5;0,0596531492850699
22,5;38;0,0378740676956395
22,5;38,5;0,123384005171236
22,5;39;0,0757436071037947
22,5;39,5;0,0441944067986719
22,5;40;0,0459733513659019
22,5;40,5;0,029260865491296
22,5;41;0,0429866542391006
22,5;41,5;0,0371189284050385
22,5;42;0,0733660768509057
22,5;42,5;0,0893092955044167
22,5;43;0,0536974379830023
22,5;43,5;0,0319795147000073
22,5;44;0,0363362409855998
22,5;44,5;0,0374004500495896
22,5;45;0,044838889152076
22,5;45,5;0,0647440332844531
22,5;46;0,16128278638737
22,5;46,5;0,16392803658905
22,5;47;0,208394120666964
22,5;47,5;0,179938867794734
22,5;48;0,15913990243496
22,5;48,5;0,20240708886264
22,5;49;0,211898215051327
22,5;49,5;0,209527348582283
22,5;50;0,305458772839743
22,5;50,5;0,135775664210254
22,5;51;0,243123840070537
22,5;51,5;0,174689392082132
22,5;52;0,0579708776176638
22,5;52,5;0,125726602736581
22,5;53;0,0516076443285351
22,5;53,5;0,224869340276867
22,5;54;0,0306227039955651
22,5;54,5;0,025137789194823
22,5;55;0,0599236042150045
22,5;55,5;0,0432611127073616
22,5;56;0,0741588284038976
22,5;56,5;0,259873940924429
22,5;57;0,234457785927009
22,5;57,5;0,0484917550234089
22,5;58;0,0178732308481813
22,5;58,5;0,0340270276965442
22,5;59;0,0542140662511139
22,5;59,5;0,0476298509707611
22,5;60;0,0517375579435364
22,5;60,5;0,0391521815951228
22,5;61;0,0473022857526415
22,5;61,5;0,0391369216872911
22,5;62;0,088368928442775
22,5;62,5;0,105838159573121
22,5;63;0,0476688577584989
22,5;63,5;0,041329801100615
22,5;64;0,124449864937084
22,5;64,5;0,0384251653650747
22,5;65;0,323667466115453
22,5;65,5;0,304074961219789
22,5;66;0,206184188680252
22,5;66,5;0,109949993667211
22,5;67;0,116505536648206
22,5;67,5;0,144186342478981
22,5;68;0,0942210489254183
22,5;68,5;0,0407667581667781
22,5;69;0
22,5;69,5;0
22,5;70;0
22,5;70,5;0
22,5;71;0,332921011652914
22,5;71,5;0
22,5;72;0
22,5;72,5;0
22,5;73;0
22,5;73,5;0
22,5;74;0
22,5;74,5;0
22,5;75;0
22,5;77;0
22,5;77,5;0
23;-24,5;0
23;-24;0
23;-23,5;0
23;-23;0,267739361601033
23;-22,5;0,0960850317860869
23;-22;0
23;-21,5;0
23;-21;0,0844492303968478
23;-20,5;0,112973613880211
23;-20;0,034554305086342
23;-19,5;0
23;-19;0,0426168328767454
23;-18,5;0,0782938980751786
23;-18;0,075572763923644
23;-17,5;0,267310037459281
23;-17;0,301122830315468
23;-16,5;0,063608175575157
23;-16;0,117231152216177
23;-15,5;0,073831339325971
23;-15;0,0742462120245875
23;-14,5;0,0728955659334883
23;-14;0,0909474901606111
23;-13,5;0,0744637714655225
23;-13;0,0578108116799094
23;-12,5;0,0778989342761033
23;-12;0,37106183098634
23;-11,5;0,315835009279243
23;-11;0,0791300633288079
23;-10,5;0,0744175886711498
23;-10;0,0753422519704103
23;-9,5;0,0483474791638261
23;-9;0,0576025686404564
23;-8,5;0,0692753643254094
23;-8;0,0460669802208335
23;-7,5;0,0587379412465132
23;-7;0,375187380092331
23;-6,5;0,283940627537506
23;-6;0,0618869265933308
23;-5,5;0,0617521456394377
23;-5;0,0621180093296272
23;-4,5;0,0791731887850541
23;-4;0,0502615094794888
23;-3,5;0,0618535504699806
23;-3;0,111283028371243
23;-2,5;0,109667927839634
23;-2;0,0635219657085705
23;-1,5;0,038223463812699
23;-1;0,0504730904717974
23;-0,5;0,13370510932568
23;0;0,332501037716643
23;0,5;0,0840284781838193
23;1;0,0383985797703764
23;1,5;0,0702068611762172
23;2;0,0878187925778707
23;2,5;0,0737824186925534
23;3;0,0646919719877932
23;3,5;0,0372326954134157
23;4;0,0403913662771347
23;4,5;0,0434624752404145
23;5;0,143042068301115
23;5,5;0,342104949665748
23;6;0,249442688331217
23;6,5;0,0636818552242886
23;7;0,0916493509816275
23;7,5;0,0942537250440782
23;8;0,0515448199615487
23;8,5;0,0436524289322456
23;9;0,0485437229179854
23;9,5;0,0581118281460444
23;10;0,0804035285507682
23;10,5;0,0396740074195712
23;11;0,0407546974538346
23;11,5;0,0465260029926563
23;12;0,0595058797642067
23;12,5;0,0522593606865917
23;13;0,0739966055666936
23;13,5;0,0890863785965378
23;14;0,0724018924669683
23;14,5;0,075145063663503
23;15;0,0484827361177876
23;15,5;0,0323062286052149
23;16;0,0294171672973583
23;16,5;0,0440318254272614
23;17;0,0277854452677326
23;17,5;0,027127806884009
23;18;0,0274505265119387
23;18,5;0,0189602839363439
23;19;0,0475063130063778
23;19,5;0,0378742061391502
23;20;0,0389940060379419
23;20,5;0,0369127349298315
23;21;0,0429185066068985
23;21,5;0,0400213217966012
23;22;0,0600865204925662
23;22,5;0,103731359568759
23;23;0,165628102445084
23;23,5;0,0590870220166738
23;24;0,123138320621607
23;24,5;0,174802730214256
23;25;0,144859797802164
23;25,5;0,173295260628275
23;26;0,0347016147479581
23;26,5;0,0409203267398474
23;27;0,0256688248171418
23;27,5;0,0400020161337631
23;28;0,0459840522121663
23;28,5;0,0526827175910883
23;29;0,0229720215502398
23;29,5;0,0401554760767839
23;30;0,0231210343930577
23;30,5;0,0243518119202997
23;31;0,0368312546937251
23;31,5;0,0375969728721077
23;32;0,0355951234007884
23;32,5;0,0457763848558219
23;33;0,0788032359741654
23;33,5;0,076884115476786
23;34;0,0942525122446387
23;34,5;0,106740531730259
23;35;0,069220976261091
23;35,5;0,214891680977842
23;36;0,136057958694811
23;36,5;0,0724337831483105
23;37;0,0533196752515996
23;37,5;0,0614800006968591
23;38;0,153832506499837
23;38,5;0,100650689389143
23;39;0,0427385298534353
23;39,5;0,12047859624064
23;40;0,104194813592635
23;40,5;0,0497843282453723
23;41;0,0836353598424611
23;41,5;0,109011537628521
23;42;0,0862192042125552
23;42,5;0,116660441877769
23;43;0,0964710947334416
23;43,5;0,145917896833926
23;44;0,094078938632485
23;44,5;0,0327767324077283
23;45;0,0422435399400508
23;45,5;0,175806171673738
23;46;0,116948706405723
23;46,5;0,0677155044701638
23;47;0,177446250985462
23;47,5;0,172785857490495
23;48;0,197624888928487
23;48,5;0,132679021154296
23;49;0,301459723615371
23;49,5;0,223458212713544
23;50;0,318295533575661
23;50,5;0,136440611022285
23;51;0,13989898018087
23;51,5;0,137309386755438
23;52;0,157529351307584
23;52,5;0,206034854513769
23;53;0,160200887576085
23;53,5;0,22111174424604
23;54;0,143917762659665
23;54,5;0,119760051594775
23;55;0,0706778286465061
23;55,5;0,101637375991055
23;56;0,100064750423344
23;56,5;0,0814731705565563
23;57;0,0337509046450082
23;57,5;0,0777614016286152
23;58;0,0412181181924495
23;58,5;0,0191565215486215
23;59;0,0278383437397662
23;59,5;0,0490126482728861
23;60;0,053486878333346
23;60,5;0,0319745960086436
23;61;0,0426333171779975
23;61,5;0,15782197900888
23;62;0,166033690037062
23;62,5;0,210573808469998
23;63;0,148396506926922
23;63,5;0,141516618347958
23;64;0,311793780701041
23;64,5;0,35659639055238
23;65;0,328544307165143
23;65,5;0,323345134269389
23;66;0,13081475719051
23;66,5;0,176977360447915
23;67;0,198113593848972
23;67,5;0,19755992693657
23;68;0,073154516834802
23;68,5;0
23;69;0,274916850543294
23;69,5;0,418379970839905
23;70;0
23;70,5;0
23;71;0,0157162336455017
23;71,5;0,0389529096046324
23;72;0,0697374394247189
23;72,5;0
23;73;0
23;73,5;0
23;74;0
23;74,5;0
23;75;0
23;75,5;0
23;77;0
23;77,5;0
23,5;-24;0
23,5;-23,5;0
23,5;-23;0
23,5;-22,5;0
23,5;-22;0,00778888096369861
23,5;-21,5;0,12928366743973
23,5;-21;0,0927998259282187
23,5;-20,5;0,322828069315018
23,5;-20;0,0549972401904989
23,5;-19,5;0,00353553390593273
23,5;-19;0
23,5;-18,5;0,0339060326139619
23,5;-18;0,0657714658061208
23,5;-17,5;0,296827533755414
23,5;-17;0,262529508354402
23,5;-16,5;0,0542385676638149
23,5;-16;0,0424036876612486
23,5;-15,5;0,0840811777060981
23,5;-15;0,0725214254055803
23,5;-14,5;0,072994448529522
23,5;-14;0,0837118610214567
23,5;-13,5;0,0929632933637975
23,5;-13;0,0483347416745683
23,5;-12,5;0,0330605505096331
23,5;-12;0,29440372387519
23,5;-11,5;0,335221286104562
23,5;-11;0,0633712574817412
23,5;-10,5;0,0629773470111209
23,5;-10;0,073681852146924
23,5;-9,5;0,0863153352118372
23,5;-9;0,0466271796633363
23,5;-8,5;0,0378521245550806
23,5;-8;0,0505136039399936
23,5;-7,5;0,0712796345831424
23,5;-7;0,237265500207716
23,5;-6,5;0,168164550654254
23,5;-6;0,0532411607600928
23,5;-5,5;0,0491562367729884
23,5;-5;0,0695177606631503
23,5;-4,5;0,0379943082925406
23,5;-4;0,0368348142500245
23,5;-3,5;0,149480552411629
23,5;-3;0,160909240023388
23,5;-2,5;0,0898042654822009
23,5;-2;0,154028566732759
23,5;-1,5;0,157532162775878
23,5;-1;0,0645590843636925
23,5;-0,5;0,0788559432104792
23,5;0;0,130205870048325
23,5;0,5;0,0680340583876775
23,5;1;0,100038920997208
23,5;1,5;0,0908909564699227
23,5;2;0,0452650457065779
23,5;2,5;0,0854512978234964
23,5;3;0,0275809848440543
23,5;3,5;0,0276624866595132
23,5;4;0,0396236644268131
23,5;4,5;0,0431780109964414
23,5;5;0,0652554123236917
23,5;5,5;0,318894031934754
23,5;6;0,207946495813068
23,5;6,5;0,0730248899116058
23,5;7;0,0337932392827836
23,5;7,5;0,0428001203882688
23,5;8;0,0288399226635667
23,5;8,5;0,0438498690203073
23,5;9;0,0280554468859416
23,5;9,5;0,0542287571148705
23,5;10;0,0540884721591655
23,5;10,5;0,0443674141032642
23,5;11;0,0469807729853717
23,5;11,5;0,0481045505850166
23,5;12;0,130273405240114
23,5;12,5;0,307369093785588
23,5;13;0,0997477327807632
23,5;13,5;0,0634339706107932
23,5;14;0,119037217165325
23,5;14,5;0,0720434050428986
23,5;15;0,0407355576836954
23,5;15,5;0,0409173501720443
23,5;16;0,0434309524369752
23,5;16,5;0,0515665814741483
23,5;17;0,0326832313499335
23,5;17,5;0,0439536947024374
23,5;18;0,0622656348543852
23,5;18,5;0,0709361797939539
23,5;19;0,0715553961619105
23,5;19,5;0,0401105342606863
23,5;20;0,0538096507366169
23,5;20,5;0,0574379375210032
23,5;21;0,0494218516598438
23,5;21,5;0,0250946939393938
23,5;22;0,0579736985582075
23,5;22,5;0,0578120923036775
23,5;23;0,0471857358097958
23,5;23,5;0,0449572907210912
23,5;24;0,0699943533731988
23,5;24,5;0,157432068519559
23,5;25;0,15409855706416
23,5;25,5;0,100868286068783
23,5;26;0,0865225764323566
23,5;26,5;0,100944931527551
23,5;27;0,0333659482313542
23,5;27,5;0,0301703200076895
23,5;28;0,073742429223403
23,5;28,5;0,0788024677635151
23,5;29;0,0680964566660287
23,5;29,5;0,0328526120368999
23,5;30;0,0378839217427479
23,5;30,5;0,0284797714688884
23,5;31;0,0281281257828369
23,5;31,5;0,029381432828256
23,5;32;0,0197816037198713
23,5;32,5;0,0349861277030291
23,5;33;0,070349603173484
23,5;33,5;0,0576654792141468
23,5;34;0,066296277109227
23,5;34,5;0,0849988367031947
23,5;35;0,150413754928454
23,5;35,5;0,142936067604857
23,5;36;0,211038346934723
23,5;36,5;0,0737442430817459
23,5;37;0,0686505683439224
23,5;37,5;0,300991856050896
23,5;38;0,246852202692745
23,5;38,5;0,114932597327193
23,5;39;0,0469013626148116
23,5;39,5;0,053414487669519
23,5;40;0,0678800237287926
23,5;40,5;0,0482998222474126
23,5;41;0,0577793086805998
23,5;41,5;0,0843027008947594
23,5;42;0,0606261701486005
23,5;42,5;0,054430424841805
23,5;43;0,0434575888447704
23,5;43,5;0,181155310241161
23,5;44;0,129878881037279
23,5;44,5;0,0459236820497089
23,5;45;0,0830947989965799
23,5;45,5;0,0735881562256772
23,5;46;0,0480146853994234
23,5;46,5;0,0426648157312019
23,5;47;0,0472671237937696
23,5;47,5;0,0542367818127197
23,5;48;0,0431460586320341
23,5;48,5;0,0264908607349655
23,5;49;0,0416669019277105
23,5;49,5;0,0367489022897116
23,5;50;0,0736316507838267
23,5;50,5;0,0783964601157328
23,5;51;0,0706892376501489
23,5;51,5;0,0385838124417235
23,5;52;0,234776165973558
23,5;52,5;0,190840973695107
23,5;53;0,190265479906605
23,5;53,5;0,318157602108789
23,5;54;0,203930440542436
23,5;54,5;0,168376421531434
23,5;55;0,101666834448177
23,5;55,5;0,115754736549367
23,5;56;0,0872868929488974
23,5;56,5;0,109647244397128
23,5;57;0,117280409509931
23,5;57,5;0,060563793448917
23,5;58;0,0894000760534856
23,5;58,5;0,0578979706034676
23,5;59;0,107067188079906
23,5;59,5;0,0698898551565131
23,5;60;0,121786518317735
23,5;60,5;0,0303603359665205
23,5;61;0,0318051959874999
23,5;61,5;0,351581238169739
23,5;62;0,274346544874832
23,5;62,5;0,13432449973978
23,5;63;0,114610530246618
23,5;63,5;0,145914371849942
23,5;64;0,346570542405664
23,5;64,5;0,277131951412877
23,5;65;0,377030149103932
23,5;65,5;0,245573748726016
23,5;66;0,24751077663502
23,5;66,5;0,142796261822824
23,5;67;0,238294204764181
23,5;67,5;0,142793247079165
23,5;68;0
23,5;68,5;0
23,5;69;0,304829169662119
23,5;69,5;0,328436066837977
23,5;70;0,04305787909757
23,5;70,5;0,0524050161175981
23,5;71;0,106676692237183
23,5;71,5;0,095575044350312
23,5;72;0,0523450093132096
23,5;72,5;0
23,5;73;0
23,5;73,5;0
23,5;74;0
23,5;74,5;0
23,5;75;0
23,5;75,5;0,0673998782620829
23,5;76;0
23,5;76,5;0
23,5;77,5;0
24;-24;0,0506951674225463
24;-23,5;0
24;-23;0
24;-22,5;0,11908260438312
24;-22;0
24;-21,5;0,101830625012695
24;-21;0
24;-20,5;0,339212533461166
24;-20;0
24;-19,5;0,0768643285276077
24;-19;0,0646837328400089
24;-18,5;0,148125959912501
24;-18;0,0683094701496155
24;-17,5;0,133583556872344
24;-17;0,109012384617529
24;-16,5;0,0509308588279481
24;-16;0,0593660682996565
24;-15,5;0,0744869460254958
24;-15;0,07616168698304
24;-14,5;0,0819550079820223
24;-14;0,0842150842058679
24;-13,5;0,068195122918842
24;-13;0,0654566797437582
24;-12,5;0,0418648619568567
24;-12;0,162428022021024
24;-11,5;0,132044204101258
24;-11;0,0623633698884702
24;-10,5;0,0574409571740984
24;-10;0,0589917741025366
24;-9,5;0,0953886785735079
24;-9;0,110943875352634
24;-8,5;0,135946958810251
24;-8;0,217368805399891
24;-7,5;0,100744430076246
24;-7;0,0844225280479632
24;-6,5;0,0628236048164132
24;-6;0,0589692830555538
24;-5,5;0,0589263189644043
24;-5;0,0634917332501896
24;-4,5;0,0495621292806638
24;-4;0,0429435633558702
24;-3,5;0,0915094233292432
24;-3;0,102738622539936
24;-2,5;0,085197674753314
24;-2;0,0751300591533632
24;-1,5;0,0752904622876271
24;-1;0,0434350997537
24;-0,5;0,0518021202641894
24;0;0,0540532276765256
24;0,5;0,0838429755123997
24;1;0,0398412018432908
24;1,5;0,0919820074460291
24;2;0,0539811435252567
24;2,5;0,0273271035463932
24;3;0,037192654488859
24;3,5;0,302067591819361
24;4;0,341863852647994
24;4,5;0,073187805213251
24;5;0,0543333089236356
24;5,5;0,0897556879947036
24;6;0,065548262033767
24;6,5;0,0800820728821777
24;7;0,0371854572836
24;7,5;0,0502391442176478
24;8;0,0698773258108707
24;8,5;0,227696774378275
24;9;0,0351944211010269
24;9,5;0,0249542606273316
24;10;0,029786944644627
24;10,5;0,028779371457048
24;11;0,0429561145563443
24;11,5;0,0682504724355954
24;12;0,353690184949801
24;12,5;0,177052844342307
24;13;0,200579837579268
24;13,5;0,0934955207669058
24;14;0,0826983803586444
24;14,5;0,131819542277506
24;15;0,0903717301156658
24;15,5;0,0510822563528186
24;16;0,0571123163919669
24;16,5;0,0291818107942686
24;17;0,025225296577558
24;17,5;0,0439972234742754
24;18;0,0469310163565003
24;18,5;0,0466289411056163
24;19;0,0528568796328151
24;19,5;0,0486711968154579
24;20;0,036343964375897
24;20,5;0,0379617449168895
24;21;0,0502355882325356
24;21,5;0,0588304779859557
24;22;0,047129500802983
24;22,5;0,0359708176793065
24;23;0,0246167091453347
24;23,5;0,0191927765624547
24;24;0,0296572709298793
24;24,5;0,0852750451969
24;25;0,121853742548199
24;25,5;0,137462834947252
24;26;0,0729013636047159
24;26,5;0,223804731190119
24;27;0,0299254399453519
24;27,5;0,0281011724900724
24;28;0,0516212072293226
24;28,5;0,0433904195923097
24;29;0,0619722089584968
24;29,5;0,0431723785535665
24;30;0,0391886920076087
24;30,5;0,0730597598709214
24;31;0,114003889305846
24;31,5;0,0693359987038006
24;32;0,0475699875867996
24;32,5;0,05778550541316
24;33;0,0528459828774256
24;33,5;0,0354928473573247
24;34;0,122237989104828
24;34,5;0,0939016635047728
24;35;0,131980007452215
24;35,5;0,0553744910393862
24;36;0,0816640574115371
24;36,5;0,0436906049382354
24;37;0,0498492708768123
24;37,5;0,061619562864051
24;38;0,260828369893918
24;38,5;0,0389831592861339
24;39;0,0427994267430679
24;39,5;0,124122191084267
24;40;0,0688610130513435
24;40,5;0,0497183657852764
24;41;0,0467815113471291
24;41,5;0,0980630206673696
24;42;0,0766417468025173
24;42,5;0,0826428158644513
24;43;0,0354566488769008
24;43,5;0,250902404660244
24;44;0,170151575201105
24;44,5;0,157236832357867
24;45;0,100267992827596
24;45,5;0,0352721297981263
24;46;0,018141968537316
24;46,5;0,0188319882895276
24;47;0,0641853527226596
24;47,5;0,0399282721081827
24;48;0,0481472860816141
24;48,5;0,020508029213295
24;49;0,0280223487740112
24;49,5;0,0200074022114489
24;50;0,0276218023533425
24;50,5;0,0362665655129443
24;51;0,0323335195683955
24;51,5;0,0296377567755499
24;52;0,112612251312592
24;52,5;0,11284449131209
24;53;0,141614640599008
24;53,5;0,178663168367441
24;54;0,0886175033769396
24;54,5;0,138427303517796
24;55;0,0662472691864553
24;55,5;0,146055066096628
24;56;0,0957803740563081
24;56,5;0,122501857144021
24;57;0,211282766068778
24;57,5;0,086372000682553
24;58;0,0720109951207499
24;58,5;0,11165686459531
24;59;0,107692853131464
24;59,5;0,0522346658595642
24;60;0,0577253120824102
24;60,5;0,0297552763487123
24;61;0,0309505328527793
24;61,5;0,181162443833982
24;62;0,20275008659174
24;62,5;0,195234032089494
24;63;0,0320583412686614
24;63,5;0,392349696706334
24;64;0,352114859831052
24;64,5;0,367944260087141
24;65;0,226495186593382
24;65,5;0,332881611152885
24;66;0,188455299739753
24;66,5;0,203048495930417
24;67;0,104426145627595
24;67,5;0,0922163217657265
24;68;0
24;68,5;0
24;69;0,195541555685742
24;69,5;0,01796292478041
24;70;0,0337971892322424
24;70,5;0,0685089565252822
24;71;0,0742676364117091
24;71,5;0,0929074786647272
24;72;0,122378156161192
24;72,5;0
24;73;0
24;73,5;0,230414081867422
24;74;0,301227488785469
24;74,5;0
24;75;0
24;75,5;0,0813623959436066
24;76;0
24;76,5;0
24;77;0
24;77,5;0
24,5;-24;0
24,5;-23,5;0,0539376293244601
24,5;-23;0
24,5;-22,5;0,137565000678823
24,5;-22;0,108194972694678
24,5;-21,5;0,0335440009539709
24,5;-21;0,0326603735434854
24,5;-20,5;0
24,5;-20;0
24,5;-19,5;0,0300055550412475
24,5;-19;0,0445682996459741
24,5;-18,5;0
24,5;-18;0,0663979880000706
24,5;-17,5;0,138615400178576
24,5;-17;0,0122882057274445
24,5;-16,5;0,0270231382337433
24,5;-16;0,0539956273949824
24,5;-15,5;0,0713724581178046
24,5;-15;0,0728920434615466
24,5;-14,5;0,0631260737395472
24,5;-14;0,08344179608166
24,5;-13,5;0,0588876654559946
24,5;-13;0,0875049386361381
24,5;-12,5;0,0613496488316331
24,5;-12;0,0672775209273825
24,5;-11,5;0,0725287868706276
24,5;-11;0,0796226889532993
24,5;-10,5;0,0778399437835643
24,5;-10;0,0672085065207609
24,5;-9,5;0,0528326277001968
24,5;-9;0,0463468546506955
24,5;-8,5;0,0843543792006235
24,5;-8;0,108304792684319
24,5;-7,5;0,297345359337082
24,5;-7;0,0931772256044599
24,5;-6,5;0,111866002092872
24,5;-6;0,162609829317724
24,5;-5,5;0,0210615551787048
24,5;-5;0,0368860004568531
24,5;-4,5;0,0244988430236917
24,5;-4;0,0618226122574757
24,5;-3,5;0,0899124615586569
24,5;-3;0,0836550486598664
24,5;-2,5;0,117365265780538
24,5;-2;0,0568709052998271
24,5;-1,5;0,0548648139001945
24,5;-1;0,0706274804259063
24,5;-0,5;0,0832143123429587
24,5;0;0,131403477692106
24,5;0,5;0,358235480224999
24,5;1;0,0318097412190375
24,5;1,5;0,090750179149004
24,5;2;0,0423710209790066
24,5;2,5;0,0666226039609937
24,5;3;0,0515515254829023
24,5;3,5;0,126507090863808
24,5;4;0,132202726307409
24,5;4,5;0,0509849002002176
24,5;5;0,0415052526310027
24,5;5,5;0,0505764777945321
24,5;6;0,036666516268026
24,5;6,5;0,0443160770732291
24,5;7;0,0313013003501604
24,5;7,5;0,0379739836756276
24,5;8;0,039839612441287
24,5;8,5;0,170058627661478
24,5;9;0,0547358209448047
24,5;9,5;0,0480702892361198
24,5;10;0,0535920078702052
24,5;10,5;0,045758885629297
24,5;11;0,0357580335668645
24,5;11,5;0,063685970861842
24,5;12;0,125741261482218
24,5;12,5;0,200386938780063
24,5;13;0,0850130077803726
24,5;13,5;0,0614830839935791
24,5;14;0,0784300289795831
24,5;14,5;0,182411968431923
24,5;15;0,163311125064382
24,5;15,5;0,157506523198719
24,5;16;0,0234147690814267
24,5;16,5;0,0317730606595679
24,5;17;0,0345356649586465
24,5;17,5;0,0476831421787664
24,5;18;0,052867293524803
24,5;18,5;0,21749918137594
24,5;19;0,284013739523702
24,5;19,5;0,259045606884736
24,5;20;0,0326576804080733
24,5;20,5;0,0367176332820831
24,5;21;0,0289406988441326
24,5;21,5;0,0697899338651183
24,5;22;0,0543514795873427
24,5;22,5;0,0544136716129522
24,5;23;0,0411671272879953
24,5;23,5;0,0328193947563984
24,5;24;0,0522318733633145
24,5;24,5;0,140849749842917
24,5;25;0,213991100391656
24,5;25,5;0,153005773311554
24,5;26;0,193603841699128
24,5;26,5;0,218431321052652
24,5;27;0,0220710223494112
24,5;27,5;0,0181099108369814
24,5;28;0,0437546959305851
24,5;28,5;0,0239097822229817
24,5;29;0,0224039855269796
24,5;29,5;0,0244753853975403
24,5;30;0,0483505747766507
24,5;30,5;0,172236866020399
24,5;31;0,121084633334507
24,5;31,5;0,0446964987134919
24,5;32;0,0530995180338485
24,5;32,5;0,0687281034501662
24,5;33;0,0946340641230048
24,5;33,5;0,0720266043890955
24,5;34;0,0940601069185436
24,5;34,5;0,0482924902978157
24,5;35;0,06117820490996
24,5;35,5;0,0765380330474816
24,5;36;0,0529903246247738
24,5;36,5;0,0466143734310204
24,5;37;0,0508490307835256
24,5;37,5;0,0428492050878173
24,5;38;0,0367539699853943
24,5;38,5;0,0615411828041664
24,5;39;0,0420114034636967
24,5;39,5;0,0993033492993707
24,5;40;0,0637734303077946
24,5;40,5;0,0410193607359022
24,5;41;0,057608463041515
24,5;41,5;0,063688182528924
24,5;42;0,0537702950345186
24,5;42,5;0,105867926712183
24,5;43;0,0965282071356574
24,5;43,5;0,197094165887623
24,5;44;0,141863643559033
24,5;44,5;0,0453513561589111
24,5;45;0,0476739267453031
24,5;45,5;0,0593071994581014
24,5;46;0,0341601619824419
24,5;46,5;0,0288713828784022
24,5;47;0,067106986428153
24,5;47,5;0,0252980213894284
24,5;48;0,0389208162652733
24,5;48,5;0,0286727344348342
24,5;49;0,0181353146058827
24,5;49,5;0,0296109743831838
24,5;50;0,0408124734484534
24,5;50,5;0,0455628655802942
24,5;51;0,0294883243760951
24,5;51,5;0,0374712700634105
24,5;52;0,166631006354942
24,5;52,5;0,0897498382788202
24,5;53;0,124699050436549
24,5;53,5;0,0284708854187328
24,5;54;0,117048047306016
24,5;54,5;0,123488626587061
24,5;55;0,0837102562232242
24,5;55,5;0,193943966912916
24,5;56;0,0375174828552088
24,5;56,5;0,11336125462801
24,5;57;0,065401881170239
24,5;57,5;0,0368814393383782
24,5;58;0,104204641455575
24,5;58,5;0,0719512626481547
24,5;59;0,102441349128163
24,5;59,5;0,0967834583225772
24,5;60;0,0266648116741302
24,5;60,5;0,0329189201376701
24,5;61;0,0227768927227852
24,5;61,5;0,0475291540142553
24,5;62;0,0322962671555158
24,5;62,5;0,0444699644417113
24,5;63;0,30404342342871
24,5;63,5;0,339194421519668
24,5;64;0,271846674057026
24,5;64,5;0,403736659400611
24,5;65;0,267946615744422
24,5;65,5;0,104480784825143
24,5;66;0,127260635039942
24,5;66,5;0,103885578729742
24,5;67;0,11024587468298
24,5;67,5;0,0945538782781325
24,5;68;0,103791600953889
24,5;68,5;0
24,5;69;0,301727907490723
24,5;69,5;0,0323032506104262
24,5;70;0,0367459036888263
24,5;70,5;0,0602590576012313
24,5;71;0,0598351903147303
24,5;71,5;0,0784450009995422
24,5;72;0,0692663638909007
24,5;72,5;0
24,5;73;0,052016343585454
24,5;73,5;0,310476295479453
24,5;74;0,298699210212913
24,5;74,5;0
24,5;75;0
24,5;75,5;0,0555442503117115
24,5;76;0
24,5;76,5;0
24,5;77;0
24,5;77,5;0
25;-24;0,07296802952892
25;-23,5;0,0289410320018712
25;-23;0
25;-22,5;0,103987445823469
25;-22;0,119339903992711
25;-21,5;0,129395066881753
25;-21;0,052429847309418
25;-20,5;0,0523752486072063
25;-20;0
25;-19,5;0
25;-19;0,0366229176232328
25;-18,5;0
25;-18;0,084236973159408
25;-17,5;0,123945016272634
25;-17;0,071669379793605
25;-16,5;0
25;-16;0,0098488578017961
25;-15,5;0,0530188645672462
25;-15;0,0424132599004676
25;-14,5;0,0113137084989848
25;-14;0,0732293906214824
25;-13,5;0,0653680985197946
25;-13;0,0539851831524169
25;-12,5;0,0534680590009899
25;-12;0,0551959182164325
25;-11,5;0,076244567298616
25;-11;0,0597324070792944
25;-10,5;0,0439478116405305
25;-10;0,0629310218260002
25;-9,5;0,0208492424104788
25;-9;0,0589804749774994
25;-8,5;0,0765354344553732
25;-8;0,185209913668821
25;-7,5;0,206687552566788
25;-7;0,224593378194365
25;-6,5;0,120307379986701
25;-6;0,105838997223771
25;-5,5;0,0671536154105642
25;-5;0,0397106551006987
25;-4,5;0,030261897124642
25;-4;0,0618206941210969
25;-3,5;0,0653899223228774
25;-3;0,0289423020964751
25;-2,5;0,102354298096424
25;-2;0,0605618049870933
25;-1,5;0,0591908695423052
25;-1;0,110391668098978
25;-0,5;0,179771131935888
25;0;0,0668785348953763
25;0,5;0,0807374605435049
25;1;0,0753044963312165
25;1,5;0,389311381363694
25;2;0,31919366536384
25;2,5;0,0706253355144521
25;3;0,066945418950495
25;3,5;0,0270955242978391
25;4;0,0182932092334629
25;4,5;0,062554914772535
25;5;0,0352838215908968
25;5,5;0,0308930121895312
25;6;0,0449822112099587
25;6,5;0,038624458733409
25;7;0,0453837411497384
25;7,5;0,0324057488975821
25;8;0,040594439123607
25;8,5;0,0354978788826944
25;9;0,0542298850707118
25;9,5;0,0761379102693326
25;10;0,0553281784085409
25;10,5;0,0528289153612452
25;11;0,0543862471963994
25;11,5;0,0498982038912999
25;12;0,0790957389644353
25;12,5;0,089178383596459
25;13;0,0644769851046246
25;13,5;0,0675923951431529
25;14;0,0643497821430654
25;14,5;0,145232742077204
25;15;0,157630008816957
25;15,5;0,11915855457373
25;16;0,0355098835748842
25;16,5;0,0391658116429426
25;17;0,0393296140887106
25;17,5;0,0373250436859609
25;18;0,0648769598461261
25;18,5;0,193587766075516
25;19;0,341686151117585
25;19,5;0,176005567467664
25;20;0,0282690122279078
25;20,5;0,0377443152452569
25;21;0,0428878253673265
25;21,5;0,0516022975015456
25;22;0,146018081216049
25;22,5;0,106665665456734
25;23;0,069730920255432
25;23,5;0,0561169614366418
25;24;0,0632309782588428
25;24,5;0,0906919808993554
25;25;0,0789389039128628
25;25,5;0,143926500698467
25;26;0,238107762602504
25;26,5;0,0575602355472373
25;27;0,0241044073105031
25;27,5;0,0216477465600805
25;28;0,0344198914237078
25;28,5;0,0241420383673153
25;29;0,031129764839349
25;29,5;0,019750039230006
25;30;0,0230929222458146
25;30,5;0,0331434065758038
25;31;0,0369237953989926
25;31,5;0,0447254295629095
25;32;0,0664475193602564
25;32,5;0,0618286766938125
25;33;0,058404961533079
25;33,5;0,0929779632649186
25;34;0,105038144717669
25;34,5;0,0605014454914751
25;35;0,0459032643145228
25;35,5;0,0546929985979679
25;36;0,0842420617901099
25;36,5;0,0564084014243674
25;37;0,0436359321365155
25;37,5;0,189869122983959
25;38;0,109689529166297
25;38,5;0,0794940192067042
25;39;0,0759884979502049
25;39,5;0,0732801615229465
25;40;0,0255006988974362
25;40,5;0,0327464307688855
25;41;0,0433801426560529
25;41,5;0,054398722488707
25;42;0,0459806088605248
25;42,5;0,0770604740879958
25;43;0,118320927176513
25;43,5;0,178931083669331
25;44;0,110968195064193
25;44,5;0,0339564795546907
25;45;0,0518593760852865
25;45,5;0,0327838127609994
25;46;0,084921481282378
25;46,5;0,243401722719026
25;47;0,183289336608543
25;47,5;0,0369983507934138
25;48;0,04042755578527
25;48,5;0,0641252625703777
25;49;0,0490012797809207
25;49,5;0,0282642903712943
25;50;0,0626431641504178
25;50,5;0,0389744416042492
25;51;0,0403688452139994
25;51,5;0,0221788744927041
25;52;0,0547608526032578
25;52,5;0,157733592237569
25;53;0,112753715237459
25;53,5;0,0308656936878463
25;54;0,0814672815331683
25;54,5;0,153356386607155
25;55;0,14241729881813
25;55,5;0,124130172686447
25;56;0,107469049622143
25;56,5;0,139085260544647
25;57;0,106037663467632
25;57,5;0,0277010383334718
25;58;0,0441914801196125
25;58,5;0,0569987869798272
25;59;0,0613481956343863
25;59,5;0,0997923627546737
25;60;0,0598845611366225
25;60,5;0,0490079934712434
25;61;0,0572978038630289
25;61,5;0,0393359203000304
25;62;0,0365873013314764
25;62,5;0,0387734761936604
25;63;0,281613660221212
25;63,5;0,261101114868535
25;64;0,339571364203702
25;64,5;0,335837348116977
25;65;0,0212800530859455
25;65,5;0,0484038074063247
25;66;0,0769501659668648
25;66,5;0,0994932586360189
25;67;0,138352267580365
25;67,5;0,0888393246477298
25;68;0,129378412490409
25;68,5;0
25;69;0,375991772059764
25;69,5;0,0557344896211792
25;70;0,05060391694579
25;70,5;0,0901692621314677
25;71;0,0959247799361411
25;71,5;0,111476339906611
25;72;0
25;72,5;0
25;73;0,0522982897532138
25;73,5;0,358283872555455
25;74;0
25;74,5;0
25;75;0,0625059997120276
25;75,5;0,0555532402295312
25;76;0
25;76,5;0
25;77;0
25;77,5;0
25,5;-24;0,143743708383319
25,5;-23,5;0,455376767084137
25,5;-23;0
25,5;-22,5;0,0445477272147525
25,5;-22;0,113320863841652
25,5;-21,5;0,100651386415198
25,5;-21;0,0894273750663375
25,5;-20,5;0,0945282793043187
25,5;-20;0,0700554725254868
25,5;-19,5;0,372140341569588
25,5;-19;0,227730182961952
25,5;-18,5;0,0796511142420494
25,5;-18;0
25,5;-17,5;0,090186050011818
25,5;-17;0,244920123033341
25,5;-16,5;0
25,5;-16;0,0763203773575577
25,5;-15,5;0,0575018941971246
25,5;-15;0,0605180445166664
25,5;-14,5;0,30653693861726
25,5;-14;0,347232755012896
25,5;-13,5;0,0488811483771266
25,5;-13;0,0171243290980646
25,5;-12,5;0,0541349453467195
25,5;-12;0,0435107669675595
25,5;-11,5;0,0452579452604225
25,5;-11;0,0912242829290446
25,5;-10,5;0,0828393784073322
25,5;-10;0,0455842247115512
25,5;-9,5;0,0419622637490802
25,5;-9;0,0758470760634082
25,5;-8,5;0,0778377157938232
25,5;-8;0,0796135579816006
25,5;-7,5;0,198420741878363
25,5;-7;0,0896122403758047
25,5;-6,5;0,0701433157596838
25,5;-6;0,0721619681054116
25,5;-5,5;0,0470867794888499
25,5;-5;0,329734759372532
25,5;-4,5;0,242329807886557
25,5;-4;0,0353227699195167
25,5;-3,5;0,0663175543503567
25,5;-3;0,0458379663435864
25,5;-2,5;0,0593804116132443
25,5;-2;0,0560843403728103
25,5;-1,5;0,0498246453515635
25,5;-1;0,0318065787725086
25,5;-0,5;0,369020350117362
25,5;0;0,0489757153051915
25,5;0,5;0,0718466899138312
25,5;1;0,0501117422160524
25,5;1,5;0,0621643852587854
25,5;2;0,102950047833664
25,5;2,5;0,0330144311031468
25,5;3;0,0944869107789007
25,5;3,5;0,161450432073769
25,5;4;0,224401830869565
25,5;4,5;0,0249677381925246
25,5;5;0,0295512586512293
25,5;5,5;0,036180564443995
25,5;6;0,02695512620688
25,5;6,5;0,0355555604153257
25,5;7;0,0356550311299997
25,5;7,5;0,0342200156005898
25,5;8;0,0378178059501929
25,5;8,5;0,038407063888922
25,5;9;0,0459829888153411
25,5;9,5;0,0685914032081237
25,5;10;0,0298373250294372
25,5;10,5;0,0488824083233411
25,5;11;0,0363625998652676
25,5;11,5;0,0460549239757158
25,5;12;0,0371261854862174
25,5;12,5;0,0778831916512898
25,5;13;0,0584235094085669
25,5;13,5;0,0476574262925547
25,5;14;0,0481579537448585
25,5;14,5;0,209652356096149
25,5;15;0,170237387242552
25,5;15,5;0,0522494242690635
25,5;16;0,048279212009091
25,5;16,5;0,0789684911719684
25,5;17;0,0471353851301034
25,5;17,5;0,0335906416123778
25,5;18;0,0362116464841921
25,5;18,5;0,0377277724152503
25,5;19;0,0303448911661124
25,5;19,5;0,0291690687716073
25,5;20;0,0218684710076648
25,5;20,5;0,0283719733279766
25,5;21;0,0495712498876818
25,5;21,5;0,125314204001454
25,5;22;0,125913197613806
25,5;22,5;0,0683946476245873
25,5;23;0,0859884193625096
25,5;23,5;0,0946966215751177
25,5;24;0,0892244484648504
25,5;24,5;0,0595597010484498
25,5;25;0,0393744858727203
25,5;25,5;0,0834375841019582
25,5;26;0,208826694724961
25,5;26,5;0,0383357341444858
25,5;27;0,0409799672217856
25,5;27,5;0,0649083948693688
25,5;28;0,0582331946459894
25,5;28,5;0,0324505408784782
25,5;29;0,0292102217099014
25,5;29,5;0,0667772416321609
25,5;30;0,0365950816367446
25,5;30,5;0,0523545096230606
25,5;31;0,0366496433617493
25,5;31,5;0,129460317994885
25,5;32;0,112404534946701
25,5;32,5;0,056635230199231
25,5;33;0,0618012944848245
25,5;33,5;0,0760647302284805
25,5;34;0,0687310958588437
25,5;34,5;0,0886154143239303
25,5;35;0,0642183300599512
25,5;35,5;0,027378388425386
25,5;36;0,0324614668755488
25,5;36,5;0,0387623480554213
25,5;37;0,0353783828555631
25,5;37,5;0,151284547440031
25,5;38;0,103696467154265
25,5;38,5;0,0465005526909114
25,5;39;0,0509725186586086
25,5;39,5;0,0759424581078026
25,5;40;0,335907972413248
25,5;40,5;0,0520287547085899
25,5;41;0,0344681032268389
25,5;41,5;0,0370285795363438
25,5;42;0,0490725667191733
25,5;42,5;0,084852657094389
25,5;43;0,0984173108751189
25,5;43,5;0,0824786178895087
25,5;44;0,0597721972791947
25,5;44,5;0,0485713825382876
25,5;45;0,0416335554712358
25,5;45,5;0,0241183342629429
25,5;46;0,0903887635241714
25,5;46,5;0,348200018807939
25,5;47;0,316215496562244
25,5;47,5;0,0720873293849289
25,5;48;0,0825808819649906
25,5;48,5;0,0698871925827084
25,5;49;0,0527657970549387
25,5;49,5;0,128716857779329
25,5;50;0,0828497112586844
25,5;50,5;0,0552487093781853
25,5;51;0,0628667920560399
25,5;51,5;0,0251294072567787
25,5;52;0,0414588959817119
25,5;52,5;0,0525100547236095
25,5;53;0,184163069284138
25,5;53,5;0,352475054702213
25,5;54;0,171229659835436
25,5;54,5;0,137504952039677
25,5;55;0,0888418919746844
25,5;55,5;0,085835206853674
25,5;56;0,0898750195408396
25,5;56,5;0,160617408245501
25,5;57;0,0551997977964383
25,5;57,5;0,0265823062584541
25,5;58;0,0442873294869067
25,5;58,5;0,0579588918992
25,5;59;0,0900905636764294
25,5;59,5;0,0237064822558023
25,5;60;0,0311482356895268
25,5;60,5;0,0426036054070062
25,5;61;0,0417949128912807
25,5;61,5;0,0370170722284142
25,5;62;0,0261795856932593
25,5;62,5;0,0312381072941263
25,5;63;0,0467907796726475
25,5;63,5;0,046765584266583
25,5;64;0,106317414877014
25,5;64,5;0,149310435979931
25,5;65;0,0726313588315287
25,5;65,5;0,0362047418625424
25,5;66;0,0830301543453476
25,5;66,5;0,0709524082578502
25,5;67;0,114373948082594
25,5;67,5;0,13500288885798
25,5;68;0,146171132580958
25,5;68,5;0,0897816796456827
25,5;69;0,0536731561612292
25,5;69,5;0,0462153774312307
25,5;70;0,0515087211222367
25,5;70,5;0,0673945799880429
25,5;71;0,0484825999715362
25,5;71,5;0,235627369256751
25,5;72;0,304926035941436
25,5;72,5;0
25,5;73;0
25,5;73,5;0
25,5;74;0
25,5;74,5;0
25,5;75;0,0807322735961276
25,5;75,5;0,115656517880339
25,5;76;0,118695829749827
25,5;77;0
25,5;77,5;0
26;-24;0,131429110592407
26;-23,5;0
26;-23;0
26;-22,5;0,0856074989393095
26;-22;0,290952346368169
26;-21,5;0,0162634559672906
26;-21;0,129173859928043
26;-20,5;0,135256516707858
26;-20;0,0867722703436115
26;-19,5;0,183724018983679
26;-19;0,33051720872637
26;-18,5;0,0597399124778162
26;-18;0,0442505492746826
26;-17,5;0,0900181910096158
26;-17;0,134616501826866
26;-16,5;0,0200957529272801
26;-16;0,0759659014414901
26;-15,5;0,0554425173244571
26;-15;0,0558602664634655
26;-14,5;0,357575840181466
26;-14;0,359713082415874
26;-13,5;0,0291983139660758
26;-13;0,0289649213129721
26;-12,5;0,0616983483262412
26;-12;0,0542610215674057
26;-11,5;0,0523350541677072
26;-11;0,0598894567981137
26;-10,5;0,0844614656732493
26;-10;0,0631559257129469
26;-9,5;0,055462728797944
26;-9;0,112854425568958
26;-8,5;0,0597591258874025
26;-8;0,0615591082580296
26;-7,5;0,0639483560917358
26;-7;0,074737162668309
26;-6,5;0,0398881493670779
26;-6;0,0761400256683167
26;-5,5;0,0526357696183377
26;-5;0,332340140760155
26;-4,5;0,268680278916895
26;-4;0,0336228963420205
26;-3,5;0,0682032020338984
26;-3;0,0693744604529357
26;-2,5;0,0295021407180137
26;-2;0,0405447950165049
26;-1,5;0,0623188626721756
26;-1;0,0686312027311248
26;-0,5;0,0399352111835999
26;0;0,0433202115751596
26;0,5;0,0446420124118912
26;1;0,0502214956667191
26;1,5;0,0382018881353126
26;2;0,0419567025184293
26;2,5;0,143189551017737
26;3;0,167360984621726
26;3,5;0,114704593037558
26;4;0,165164669031579
26;4,5;0,170461665665965
26;5;0,150590020364597
26;5,5;0,0471120454363747
26;6;0,0325834896801046
26;6,5;0,174999731741548
26;7;0,0396000565333114
26;7,5;0,0509007026685069
26;8;0,040188165412233
26;8,5;0,0470761933726182
26;9;0,0887055268574033
26;9,5;0,0922136193267951
26;10;0,0986350285700979
26;10,5;0,24529152387143
26;11;0,0427293921977875
26;11,5;0,0319840011600088
26;12;0,0641054917304817
26;12,5;0,0408067296571617
26;13;0,0566051395364959
26;13,5;0,0820926630653045
26;14;0,092991348078567
26;14,5;0,256246193159081
26;15;0,21830214476113
26;15,5;0,0649364702901626
26;16;0,0570432420552554
26;16,5;0,0712391514378725
26;17;0,0306690693396342
26;17,5;0,0340422774865752
26;18;0,0339232851008073
26;18,5;0,0589069398011342
26;19;0,0414179613291282
26;19,5;0,0319448452883383
26;20;0,0505393377048748
26;20,5;0,069485133327219
26;21;0,158039876363557
26;21,5;0,208225390768949
26;22;0,0924204594357443
26;22,5;0,0370719481393004
26;23;0,1248325368602
26;23,5;0,103574489770066
26;24;0,101881885509846
26;24,5;0,106760747937973
26;25;0,0873135621007513
26;25,5;0,154411205505543
26;26;0,157348418027152
26;26,5;0,0463580671046036
26;27;0,0337829769511279
26;27,5;0,0366708706580705
26;28;0,0539925117244424
26;28,5;0,0671235190109079
26;29;0,0470122236610195
26;29,5;0,0625312748197133
26;30;0,0509353287365324
26;30,5;0,0436738443830583
26;31;0,0393784631604833
26;31,5;0,061653935101489
26;32;0,0457183918118547
26;32,5;0,0694547794363687
26;33;0,0415446294061338
26;33,5;0,0681926316694524
26;34;0,0661903305478432
26;34,5;0,103367790970321
26;35;0,0677805006498022
26;35,5;0,041525637545181
26;36;0,0314186164601477
26;36,5;0,0342048944021321
26;37;0,0359746235314685
26;37,5;0,0245135059832565
26;38;0,064254245253086
26;38,5;0,0433827185771763
26;39;0,0534981978812365
26;39,5;0,0627890018514501
26;40;0,35452839862862
26;40,5;0,0402809845150118
26;41;0,0473480998772229
26;41,5;0,0786744066323551
26;42;0,0756889049371076
26;42,5;0,071431185666446
26;43;0,0464816249721876
26;43,5;0,0291514450638608
26;44;0,0367832526813662
26;44,5;0,0403664350832154
26;45;0,0384049092218898
26;45,5;0,0622077995960194
26;46;0,0800129638256532
26;46,5;0,076256687373279
26;47;0,0695759053539625
26;47,5;0,0450647829670303
26;48;0,0358257306922347
26;48,5;0,0423204113594239
26;49;0,0445420009197878
26;49,5;0,110724134154653
26;50;0,290602946435621
26;50,5;0,321465172191566
26;51;0,0241476217123317
26;51,5;0,0396282024110521
26;52;0,0572486084376212
26;52,5;0,0697009292464249
26;53;0,317546684925915
26;53,5;0,253406575793461
26;54;0,0771015966368357
26;54,5;0,0228480580329102
26;55;0,0587691835372795
26;55,5;0,0421273191966185
26;56;0,278215945460158
26;56,5;0,243537554668224
26;57;0,0328262073671311
26;57,5;0,0386915055371667
26;58;0,060156359969563
26;58,5;0,0640530894151841
26;59;0,0909035179205413
26;59,5;0,0462294072620213
26;60;0,054387560987081
26;60,5;0,0364452522320317
26;61;0,0743428637769478
26;61,5;0,0675413048143507
26;62;0,0350760053861062
26;62,5;0,0455236698200935
26;63;0,092020614944947
26;63,5;0,0309616382657108
26;64;0,109919966646643
26;64,5;0,107559071704625
26;65;0,0434064900288353
26;65,5;0,0567865678282663
26;66;0,05836140212628
26;66,5;0,040408802816085
26;67;0,0371601774468151
26;67,5;0,0463208273632828
26;68;0,0433407918989056
26;68,5;0,0632842168732707
26;69;0,0374080135415419
26;69,5;0,0830274194525663
26;70;0,060277574311781
26;70,5;0,0618764898810526
26;71;0,04602890967985
26;71,5;0,26386960381236
26;72;0,229534373398471
26;72,5;0
26;73;0,0883252646809076
26;73,5;0,100244284957631
26;74;0,0412835721968598
26;74,5;0
26;75;0,0360970912955601
26;75,5;0,102586621622844
26;76;0,0825983816249376
26;76,5;0
26;77;0
26;77,5;0
26,5;-24;0
26,5;-23,5;0
26,5;-23;0,105899952785636
26,5;-22,5;0,290631208165372
26,5;-22;0,317172766290918
26,5;-21,5;0
26,5;-21;0,203339412477431
26,5;-20,5;0,097268495836309
26,5;-20;0,122400803551107
26,5;-19,5;0,0322155131220083
26,5;-19;0,118839878267637
26,5;-18,5;0,0835468930202275
26,5;-18;0,0572756492761104
26,5;-17,5;0,0724893095566512
26,5;-17;0,144851097351868
26,5;-16,5;0,374508752158809
26,5;-16;0,203771113425497
26,5;-15,5;0,0726126066415113
26,5;-15;0,0695766483814793
26,5;-14,5;0,045155112553545
26,5;-14;0,0477690874340898
26,5;-13,5;0,0230766038287434
26,5;-13;0,0366022243325041
26,5;-12,5;0,0727785819956733
26,5;-12;0,0564853178534469
26,5;-11,5;0,395607700315628
26,5;-11;0,0789466675407485
26,5;-10,5;0,0307586611882773
26,5;-10;0,0921967021322236
26,5;-9,5;0,0599494525831702
26,5;-9;0,217424230977636
26,5;-8,5;0,0814360474370007
26,5;-8;0,0764892384823094
26,5;-7,5;0,0851700301728523
26,5;-7;0,109043293416121
26,5;-6,5;0,0356789393194845
26,5;-6;0,070462107618563
26,5;-5,5;0,205301605856088
26,5;-5;0,125678617571348
26,5;-4,5;0,0942285539916635
26,5;-4;0,0329139682206401
26,5;-3,5;0,0524253654997
26,5;-3;0,0753212757037705
26,5;-2,5;0,11620177597721
26,5;-2;0,055840883352116
26,5;-1,5;0,0696833668670331
26,5;-1;0,0883186403858549
26,5;-0,5;0,0839242024870383
26,5;0;0,0570278717055135
26,5;0,5;0,0317171035191958
26,5;1;0,0586548549011653
26,5;1,5;0,034481273704704
26,5;2;0,0404752765353132
26,5;2,5;0,0862780720197033
26,5;3;0,153362889563665
26,5;3,5;0,209771382079131
26,5;4;0,203898513779695
26,5;4,5;0,154853173953747
26,5;5;0,154232953226248
26,5;5,5;0,148650098421938
26,5;6;0,0560333333416025
26,5;6,5;0,215160380563047
26,5;7;0,19559962126243
26,5;7,5;0,251101845808661
26,5;8;0,127992938807261
26,5;8,5;0,142688056003454
26,5;9;0,121815560654664
26,5;9,5;0,0571395337379425
26,5;10;0,331485576224962
26,5;10,5;0,357520994201501
26,5;11;0,0406786601233904
26,5;11,5;0,0318051407056885
26,5;12;0,0732432299632146
26,5;12,5;0,0662287908590678
26,5;13;0,0605029633046725
26,5;13,5;0,0553816889411951
26,5;14;0,0283924752894358
26,5;14,5;0,187359636350344
26,5;15;0,218186784982081
26,5;15,5;0,168376152217831
26,5;16;0,0369397295019381
26,5;16,5;0,0299838251507568
26,5;17;0,027676829597187
26,5;17,5;0,0250930251247216
26,5;18;0,0405903877241499
26,5;18,5;0,0615660802218483
26,5;19;0,0465289712842139
26,5;19,5;0,0497173941540767
26,5;20;0,0436483914117019
26,5;20,5;0,0683452017089616
26,5;21;0,0503674842639016
26,5;21,5;0,0908285850530828
26,5;22;0,0621513071964371
26,5;22,5;0,0334036303567203
26,5;23;0,0288431184529978
26,5;23,5;0,0411792828171319
26,5;24;0,129666590360229
26,5;24,5;0,137668822480602
26,5;25;0,120497198851797
26,5;25,5;0,0641557183604635
26,5;26;0,0634236770450701
26,5;26,5;0,060446688940394
26,5;27;0,0738930673300888
26,5;27,5;0,0509152336662
26,5;28;0,216870130997812
26,5;28,5;0,318757489405883
26,5;29;0,0616576424787151
26,5;29,5;0,0258202223905512
26,5;30;0,0695077042845407
26,5;30,5;0,0625141835145902
26,5;31;0,0669032369392368
26,5;31,5;0,0359308641316234
26,5;32;0,059436550886363
26,5;32,5;0,0555915451121408
26,5;33;0,0685656668934373
26,5;33,5;0,0725222070693335
26,5;34;0,032832425584493
26,5;34,5;0,0531558940440102
26,5;35;0,0940111203863805
26,5;35,5;0,0555928478706418
26,5;36;0,0474890138030481
26,5;36,5;0,0701150148839969
26,5;37;0,0749793061411834
26,5;37,5;0,0335621896151815
26,5;38;0,0965067376897959
26,5;38,5;0,0624867033285023
26,5;39;0,0417946781089454
26,5;39,5;0,0225145946335759
26,5;40;0,0900673635230253
26,5;40,5;0,0413920755890379
26,5;41;0,038191376415272
26,5;41,5;0,0427615481478395
26,5;42;0,0413394484723732
26,5;42,5;0,059298497837045
26,5;43;0,0458245245730013
26,5;43,5;0,0355605728544507
26,5;44;0,118315094365097
26,5;44,5;0,040988199435901
26,5;45;0,0355947270510329
26,5;45,5;0,0561041841272469
26,5;46;0,103903729414424
26,5;46,5;0,0689298221793364
26,5;47;0,0739032981604448
26,5;47,5;0,03325317980197
26,5;48;0,0450564468568189
26,5;48,5;0,0324016885592033
26,5;49;0,0470431180798816
26,5;49,5;0,0530907919408194
26,5;50;0,335989221567219
26,5;50,5;0,340479168273646
26,5;51;0,0324096756861588
26,5;51,5;0,0401904500214269
26,5;52;0,0404046110552264
26,5;52,5;0,13633970993283
26,5;53;0,240578771669803
26,5;53,5;0,338887111099324
26,5;54;0,133641435404801
26,5;54,5;0,0246901465389217
26,5;55;0,0469668929540101
26,5;55,5;0,315641047103702
26,5;56;0,380790560511304
26,5;56,5;0,366153239034486
26,5;57;0,0175262293197571
26,5;57,5;0,0593832027078905
26,5;58;0,0523198583308248
26,5;58,5;0,0750907698145398
26,5;59;0,0511855219056382
26,5;59,5;0,0376876439952293
26,5;60;0,0408349243316929
26,5;60,5;0,0258988851546211
26,5;61;0,06518182117217
26,5;61,5;0,0414822094553641
26,5;62;0,0341111098630923
26,5;62,5;0,0355455907869069
26,5;63;0,0404380927376934
26,5;63,5;0,0327577658742354
26,5;64;0,0285837088057325
26,5;64,5;0,0526102992744157
26,5;65;0,0388635363660393
26,5;65,5;0,101840721467494
26,5;66;0,120474710392496
26,5;66,5;0,0226808967398354
26,5;67;0,039322291986338
26,5;67,5;0,0713832046406009
26,5;68;0,0766487349630023
26,5;68,5;0,0442018099176945
26,5;69;0,0435996768128138
26,5;69,5;0,0591505433164302
26,5;70;0,140334052909191
26,5;70,5;0
26,5;71;0
26,5;71,5;0
26,5;72;0
26,5;72,5;0
26,5;73;0
26,5;73,5;0
26,5;74;0
26,5;74,5;0
26,5;75;0,0378834211070125
26,5;75,5;0,0922519277945897
26,5;76;0,0701345345830175
26,5;76,5;0,0906706911985579
26,5;77;0
26,5;77,5;0
27;-24;0
27;-23,5;0
27;-23;0
27;-22,5;0,0977106271941116
27;-22;0,303713269384135
27;-21,5;0
27;-21;0
27;-20,5;0,174096801890705
27;-20;0,166850107129598
27;-19,5;0,203397928140178
27;-19;0,12149728914606
27;-18,5;0,0735071115916375
27;-18;0
27;-17,5;0,367820707311691
27;-17;0,184585978691264
27;-16,5;0,35109038247532
27;-16;0,129639496312919
27;-15,5;0,0649913583999186
27;-15;0,333222386298038
27;-14,5;0,306323772540083
27;-14;0,0586867479704897
27;-13,5;0,0631680253783465
27;-13;0,064261414641795
27;-12,5;0,0454251375528256
27;-12;0,0554782699385458
27;-11,5;0,315696389266774
27;-11;0,153849056368094
27;-10,5;0,0595342387319713
27;-10;0,125629609174345
27;-9,5;0,21718696710134
27;-9;0,209019809549989
27;-8,5;0,149552834934527
27;-8;0,0892581515606302
27;-7,5;0,107254094401962
27;-7;0,0339897749663025
27;-6,5;0,0205713539648925
27;-6;0,0988713976458841
27;-5,5;0,183331216458708
27;-5;0,24125982638327
27;-4,5;0,0896341973278894
27;-4;0,0373707597035929
27;-3,5;0,0539710212430765
27;-3;0,0372747012129603
27;-2,5;0,0869758633606362
27;-2;0,0574522054539069
27;-1,5;0,0421327919081107
27;-1;0,0944672248433679
27;-0,5;0,097717364543531
27;0;0,0402323246271401
27;0,5;0,0637828173634215
27;1;0,0348440479417804
27;1,5;0,0214420972439403
27;2;0,034255695369998
27;2,5;0,0651278560702719
27;3;0,11338748634141
27;3,5;0,190557510625689
27;4;0,116179274030815
27;4,5;0,152552847796772
27;5;0,197533902877273
27;5,5;0,320068022521771
27;6;0,125084926432559
27;6,5;0,257448605363614
27;7;0,175688985171972
27;7,5;0,227671265865915
27;8;0,176829354347955
27;8,5;0,0776082144811679
27;9;0,0290076344630661
27;9,5;0,0400249536097409
27;10;0,0412475379114136
27;10,5;0,0556686430747344
27;11;0,0529118770863198
27;11,5;0,0494571179937437
27;12;0,0801114226124021
27;12,5;0,0797390013786302
27;13;0,0711468212010195
27;13,5;0,0615355275742896
27;14;0,114449975510744
27;14,5;0,193744467247129
27;15;0,181141889086134
27;15,5;0,178849650987644
27;16;0,0305996177972309
27;16,5;0,055515764336333
27;17;0,0285417569393269
27;17,5;0,0333970257000728
27;18;0,0279902431480077
27;18,5;0,031106448063241
27;19;0,0350375319795053
27;19,5;0,045030147853258
27;20;0,0379536962343754
27;20,5;0,0533069481048526
27;21;0,0575440246244194
27;21,5;0,0411849385050393
27;22;0,146743627285005
27;22,5;0,246358986034608
27;23;0,0498970814054527
27;23,5;0,0457400262352352
27;24;0,0365917993492302
27;24,5;0,0425962740387404
27;25;0,019016253740842
27;25,5;0,0253578167538812
27;26;0,0298464366317711
27;26,5;0,0275493521594921
27;27;0,0664534158176177
27;27,5;0,0467913809727105
27;28;0,0671627376849197
27;28,5;0,245603199373908
27;29;0,082988666291141
27;29,5;0,025814145544504
27;30;0,22952237446086
27;30,5;0,340354140413127
27;31;0,0370591160341486
27;31,5;0,0486694803707542
27;32;0,106607317338881
27;32,5;0,0547126389878406
27;33;0,0692760816017597
27;33,5;0,0845948724035611
27;34;0,0721206898137022
27;34,5;0,072706226348559
27;35;0,136780837045692
27;35,5;0,176741890134431
27;36;0,146369780127031
27;36,5;0,0758518467311106
27;37;0,0868524619113127
27;37,5;0,0628402590912457
27;38;0,0453093665517187
27;38,5;0,0446529318260311
27;39;0,047421413421875
27;39,5;0,033855915954974
27;40;0,0830402841443269
27;40,5;0,0292915909665099
27;41;0,0499992548153836
27;41,5;0,0593127305053477
27;42;0,0566831838672929
27;42,5;0,0468328588350814
27;43;0,0441335751077412
27;43,5;0,247961847516289
27;44;0,232398833938381
27;44,5;0,265423652986576
27;45;0,0440171499375883
27;45,5;0,0435108336746014
27;46;0,0315703421168889
27;46,5;0,0571599539063715
27;47;0,0296673429829741
27;47,5;0,0401426622601607
27;48;0,035076520051926
27;48,5;0,0535268003826876
27;49;0,0643019727339604
27;49,5;0,0449304404701666
27;50;0,0734693813775508
27;50,5;0,0563182676305616
27;51;0,0234794728275084
27;51,5;0,0422596466421386
27;52;0,0502160332961495
27;52,5;0,102115003069815
27;53;0,106311337180221
27;53,5;0,0399653745591343
27;54;0,045934175036765
27;54,5;0,0237046386652249
27;55;0,0286350194402527
27;55,5;0,245428507416404
27;56;0,368286660046439
27;56,5;0,0941849553293813
27;57;0,0229244301919718
27;57,5;0,0476465293789098
27;58;0,0298889409993576
27;58,5;0,0456136563949604
27;59;0,0359230286014893
27;59,5;0,0226373740576365
27;60;0,0269028910382971
27;60,5;0,0531102788565519
27;61;0,0572595809920455
27;61,5;0,0557240223482357
27;62;0,107146016208431
27;62,5;0,0476736114850559
27;63;0,0826720582644891
27;63,5;0,0763126973561922
27;64;0,115044073460894
27;64,5;0,0882951223920283
27;65;0,0740716796934387
27;65,5;0,0920357733534129
27;66;0,0803997722423601
27;66,5;0,0263628526529281
27;67;0,160858098549164
27;67,5;0,103006801811881
27;68;0,0556419605853153
27;68,5;0,0362432259680541
27;69;0,0564559051895303
27;69,5;0,203567839485854
27;70;0,298089346108353
27;70,5;0
27;71;0,0458527664429987
27;71,5;0,0451464284301649
27;72;0,0579729474614034
27;72,5;0,0353702494400951
27;73;0
27;73,5;0
27;74;0
27;74,5;0
27;75;0,0619903986421246
27;75,5;0,107071627116306
27;76;0,119709370282085
27;76,5;0
27;77;0
27;77,5;0
27,5;-24;0
27,5;-23,5;0
27,5;-23;0
27,5;-22,5;0
27,5;-22;0
27,5;-21,5;0,0646799389725632
27,5;-21;0
27,5;-20,5;0
27,5;-20;0,265241776498349
27,5;-19,5;0,181100820182315
27,5;-19;0,118979697204078
27,5;-18,5;0,158092271232354
27,5;-18;0,254832019148288
27,5;-17,5;0,0503281611975225
27,5;-17;0,0762218483198244
27,5;-16,5;0,136019972691566
27,5;-16;0,130198096510569
27,5;-15,5;0,0561336631825546
27,5;-15;0,32097240856314
27,5;-14,5;0,315362304975102
27,5;-14;0,0342189379479509
27,5;-13,5;0,0408694921012653
27,5;-13;0,0715748412134938
27,5;-12,5;0,259205995754909
27,5;-12;0,132703556267923
27,5;-11,5;0,0938442646553761
27,5;-11;0,0468218523617537
27,5;-10,5;0,0426161684707348
27,5;-10;0,0557295697653998
27,5;-9,5;0,074944910486591
27,5;-9;0,296853465194496
27,5;-8,5;0,193382746643819
27,5;-8;0,214119872968391
27,5;-7,5;0,138230986187193
27,5;-7;0,120488701261915
27,5;-6,5;0,0347614437418024
27,5;-6;0,0513672941384285
27,5;-5,5;0,0622280203221506
27,5;-5;0,319314936138414
27,5;-4,5;0,0444446816810485
27,5;-4;0,0309335511300816
27,5;-3,5;0,0278353504140556
27,5;-3;0,0487082594178762
27,5;-2,5;0,106996543302236
27,5;-2;0,0380177564793045
27,5;-1,5;0,036542398011173
27,5;-1;0,0942264328032248
27,5;-0,5;0,0820210927985329
27,5;0;0,0765433476018616
27,5;0,5;0,0564889369699944
27,5;1;0,0508805559003256
27,5;1,5;0,0248193472919817
27,5;2;0,0310535048641683
27,5;2,5;0,0264454337985533
27,5;3;0,152269703963389
27,5;3,5;0,211435491533209
27,5;4;0,178484061540771
27,5;4,5;0,274324927741115
27,5;5;0,174059847296185
27,5;5,5;0,22446575345666
27,5;6;0,221432899397385
27,5;6,5;0,19789222656116
27,5;7;0,167830129637742
27,5;7,5;0,124210839768715
27,5;8;0,043775370209008
27,5;8,5;0,0365806639793341
27,5;9;0,0549545881500561
27,5;9,5;0,0538076534497052
27,5;10;0,0506038181783583
27,5;10,5;0,0393480598309776
27,5;11;0,0683399365658512
27,5;11,5;0,0480566711170352
27,5;12;0,0935733217566126
27,5;12,5;0,100224591691585
27,5;13;0,0546038307830947
27,5;13,5;0,0411139038090492
27,5;14;0,363965905435771
27,5;14,5;0,249850209845381
27,5;15;0,101905442269382
27,5;15,5;0,116695620767602
27,5;16;0,0653529394457748
27,5;16,5;0,0542300037549115
27,5;17;0,0343006708280125
27,5;17,5;0,0394960837259235
27,5;18;0,0340068351365288
27,5;18,5;0,0548033280185133
27,5;19;0,0401487992212238
27,5;19,5;0,0449038427800866
27,5;20;0,0505496150869042
27,5;20,5;0,0495991600803105
27,5;21;0,0975539731940756
27,5;21,5;0,0567081589302298
27,5;22;0,334241180387257
27,5;22,5;0,334075009310379
27,5;23;0,237007717150688
27,5;23,5;0,0851741822521006
27,5;24;0,0316402927175034
27,5;24,5;0,037707868321258
27,5;25;0,0235971673838184
27,5;25,5;0,0505743787615315
27,5;26;0,0310980321452304
27,5;26,5;0,0294017365957513
27,5;27;0,128331760034719
27,5;27,5;0,240925644942967
27,5;28;0,0429508211704466
27,5;28,5;0,0443030603573251
27,5;29;0,036895466958607
27,5;29,5;0,0296181250813304
27,5;30;0,0977163912194247
27,5;30,5;0,103438102490484
27,5;31;0,0519634791757064
27,5;31,5;0,0672988288839115
27,5;32;0,0632226225333939
27,5;32,5;0,0741963657378529
27,5;33;0,111601254226391
27,5;33,5;0,12030137202124
27,5;34;0,06045535656781
27,5;34,5;0,0494055929445819
27,5;35;0,153620229115141
27,5;35,5;0,110193553930033
27,5;36;0,131696678226986
27,5;36,5;0,0667549272077606
27,5;37;0,0739641283248885
27,5;37,5;0,0894440288510568
27,5;38;0,0237270746036096
27,5;38,5;0,0396159977533707
27,5;39;0,0446048916436686
27,5;39,5;0,0526518230640565
27,5;40;0,0449062016516506
27,5;40,5;0,0364633886451135
27,5;41;0,0281742464897663
27,5;41,5;0,0276211413772203
27,5;42;0,038174846044528
27,5;42,5;0,0516056448175082
27,5;43;0,0722677823732402
27,5;43,5;0,265604122708967
27,5;44;0,357806356251271
27,5;44,5;0,208996599715148
27,5;45;0,0549247546296701
27,5;45,5;0,0513277361801337
27,5;46;0,0448813366974904
27,5;46,5;0,0518661003637904
27,5;47;0,0267666505425542
27,5;47,5;0,0391311667263626
27,5;48;0,0467986299447525
27,5;48,5;0,0462587708391806
27,5;49;0,0451028866667637
27,5;49,5;0,0771659476134025
27,5;50;0,0476385105345498
27,5;50,5;0,0359186512804131
27,5;51;0,0248028618494492
27,5;51,5;0,0274172717226005
27,5;52;0,0377791102949212
27,5;52,5;0,0612647317416138
27,5;53;0,0693935117672431
27,5;53,5;0,0632682435030038
27,5;54;0,0659635167133324
27,5;54,5;0,0485815398559595
27,5;55;0,0474858084932849
27,5;55,5;0,052490705629355
27,5;56;0,0313894648716244
27,5;56,5;0,0336063535114567
27,5;57;0,0821541656320181
27,5;57,5;0,0798464308653169
27,5;58;0,0705399301595947
27,5;58,5;0,0283479709892518
27,5;59;0,0272226266827573
27,5;59,5;0,0331171205101844
27,5;60;0,391515980044637
27,5;60,5;0,294813069976996
27,5;61;0,0683864552203273
27,5;61,5;0,182367739841484
27,5;62;0,15122705622742
27,5;62,5;0,0778269126978642
27,5;63;0,0743201728687312
27,5;63,5;0,109562225953712
27,5;64;0,0861551234022768
27,5;64,5;0,118832741754201
27,5;65;0,111632048649634
27,5;65,5;0,0678920712111019
27,5;66;0
27,5;66,5;0,013228756555323
27,5;67;0,151060356252828
27,5;67,5;0,156671625468527
27,5;68;0,0690371276922787
27,5;68,5;0
27,5;69;0,0791728067794324
27,5;69,5;0,118240562785495
27,5;70;0,356219570423835
27,5;70,5;0
27,5;71;0,0494606944362657
27,5;71,5;0,0436968925789081
27,5;72;0,0823806496003244
27,5;72,5;0,286348237268912
27,5;73;0,301370923984928
27,5;73,5;0
27,5;74;0
27,5;74,5;0
27,5;75;0
27,5;75,5;0,0916642423921855
27,5;76;0,081824812862603
27,5;77;0
27,5;77,5;0
28;-24;0
28;-23,5;0
28;-23;0
28;-22,5;0
28;-22;0,136517398158623
28;-21,5;0,0557888877824249
28;-21;0
28;-20,5;0
28;-20;0,0191724628916927
28;-19,5;0,26907681678906
28;-19;0,0945477384912044
28;-18,5;0,279300925950031
28;-18;0,328927156926458
28;-17,5;0,0505343505769619
28;-17;0,0812389479662721
28;-16,5;0,126314954787746
28;-16;0,0833576926630552
28;-15,5;0,0427225013454517
28;-15;0,0608897898047206
28;-14,5;0,0625563019134836
28;-14;0,0569972298495841
28;-13,5;0,178579935416422
28;-13;0,33979745998729
28;-12,5;0,299633510352757
28;-12;0,357316101936782
28;-11,5;0,0665644640093531
28;-11;0,0574163006379492
28;-10,5;0,0407763921106505
28;-10;0,0267105541631712
28;-9,5;0,169302597827009
28;-9;0,35501609292336
28;-8,5;0,358831311002952
28;-8;0,028891578706573
28;-7,5;0,145534607757529
28;-7;0,122782949270568
28;-6,5;0,0944763197144104
28;-6;0,152674672221606
28;-5,5;0,113308120199878
28;-5;0,112549155570188
28;-4,5;0,0960046101814136
28;-4;0,126257286926676
28;-3,5;0,0684389390586567
28;-3;0,052855336289681
28;-2,5;0,0691155692684151
28;-2;0,0468524234147171
28;-1,5;0,0259927537844631
28;-1;0,0813215415062187
28;-0,5;0,0423731986599713
28;0;0,0670143019561248
28;0,5;0,0522793961490374
28;1;0,0460719797811523
28;1,5;0,381393369385602
28;2;0,0337565417174677
28;2,5;0,0329123951015036
28;3;0,298713530889602
28;3,5;0,110302994656773
28;4;0,256082792324497
28;4,5;0,199499624586324
28;5;0,250994457821568
28;5,5;0,191198251452631
28;6;0,211299740157059
28;6,5;0,149991897976628
28;7;0,109019346526813
28;7,5;0,129682834227934
28;8;0,0401270968725688
28;8,5;0,0561666696402859
28;9;0,0508548429725571
28;9,5;0,0698486841114599
28;10;0,0906288789047196
28;10,5;0,0493764289585923
28;11;0,0320196710701881
28;11,5;0,0446067905790785
28;12;0,0490337230666671
28;12,5;0,067096717091408
28;13;0,0864689841076757
28;13,5;0,0416239101655641
28;14;0,0464883175649094
28;14,5;0,112140812522049
28;15;0,149940037519954
28;15,5;0,122735384954332
28;16;0,0595608085570234
28;16,5;0,0638082975880378
28;17;0,0572269320395837
28;17,5;0,0338331613763288
28;18;0,0518757857909091
28;18,5;0,0360612893971577
28;19;0,030982167094494
28;19,5;0,0380374109016265
28;20;0,0177284770375694
28;20,5;0,0486197337754609
28;21;0,0408969729314773
28;21,5;0,0256274974870934
28;22;0,127755560870489
28;22,5;0,226059513056908
28;23;0,0423274002913833
28;23,5;0,0375872410360914
28;24;0,0255938419917596
28;24,5;0,0581765894904324
28;25;0,0779981069205887
28;25,5;0,0948374511928717
28;26;0,0452170582075081
28;26,5;0,101240820418487
28;27;0,128323827417965
28;27,5;0,0334232808455325
28;28;0,0380635524096026
28;28,5;0,0419022754597556
28;29;0,0301285720536917
28;29,5;0,0300810635728681
28;30;0,0293807624322775
28;30,5;0,0297556717282605
28;31;0,0497490368415979
28;31,5;0,0755519314949464
28;32;0,0764247086232867
28;32,5;0,0715851474352979
28;33;0,0868425279206414
28;33,5;0,0654376324950443
28;34;0,0621102700385186
28;34,5;0,03881618048918
28;35;0,153701039820404
28;35,5;0,176607225148888
28;36;0,0528597610828567
28;36,5;0,0689756484757094
28;37;0,0663362511725439
28;37,5;0,0272496692350082
28;38;0,0285965976883895
28;38,5;0,0525414981709953
28;39;0,0306328520602368
28;39,5;0,047721828143481
28;40;0,0441066045165967
28;40,5;0,0344016484485549
28;41;0,0438628544442789
28;41,5;0,0344895241387426
28;42;0,0256277844015696
28;42,5;0,0331990884902586
28;43;0,0300171622167754
28;43,5;0,0408237235019079
28;44;0,044210666788132
28;44,5;0,0368315875332626
28;45;0,0501373177409013
28;45,5;0,0591316328203441
28;46;0,143737492209467
28;46,5;0,163636094275873
28;47;0,0744270160375481
28;47,5;0,0600488689874061
28;48;0,0690982541197983
28;48,5;0,0516465560988556
28;49;0,0847302487664376
28;49,5;0,0445374080549536
28;50;0,0491929313047934
28;50,5;0,050800114693695
28;51;0,0569427919523973
28;51,5;0,0490709771825512
28;52;0,021239696993577
28;52,5;0,064765664642051
28;53;0,0396002999168112
28;53,5;0,0396303923422274
28;54;0,061904072186462
28;54,5;0,0384156237503317
28;55;0,0789644461355957
28;55,5;0,0825499648347283
28;56;0,0410182380912446
28;56,5;0,0348459472659019
28;57;0,0471797660405879
28;57,5;0,0499807846849096
28;58;0,0291152272719355
28;58,5;0,0221987646967489
28;59;0,0251236079350812
28;59,5;0,0245029396872111
28;60;0,333231628196303
28;60,5;0,0884163816294667
28;61;0,045325481566987
28;61,5;0,156266981861982
28;62;0,119358979375022
28;62,5;0,09147924594696
28;63;0,0904625693271828
28;63,5;0,0699646792975309
28;64;0,0820043976269488
28;64,5;0,102418454898744
28;65;0,102174822800993
28;65,5;0,096873629022557
28;66;0
28;66,5;0,0404112195642085
28;67;0,0651155013840722
28;67,5;0,0374765613024838
28;68;0,0399540013293065
28;68,5;0,0502480112776878
28;69;0,222352264365801
28;69,5;0,363122674280437
28;70;0,0523259018078045
28;70,5;0
28;71;0,0579986145154717
28;71,5;0,0401963040234156
28;72;0,067175144212722
28;72,5;0,166070173529842
28;73;0,316599762355896
28;73,5;0,0430155010819743
28;74;0
28;74,5;0
28;75;0
28;75,5;0
28;76;0
28;77,5;0
28,5;-24;0
28,5;-23,5;0
28,5;-23;0
28,5;-22,5;0
28,5;-22;0
28,5;-21,5;0
28,5;-21;0
28,5;-20,5;0
28,5;-20;0
28,5;-19,5;0
28,5;-19;0,107911074501184
28,5;-18,5;0,274567354032581
28,5;-18;0,306384089012468
28,5;-17,5;0,0751627645611215
28,5;-17;0,0233345237791561
28,5;-16,5;0,0902749372324452
28,5;-16;0,0713655953507551
28,5;-15,5;0,0691791973395024
28,5;-15;0,0458278262104195
28,5;-14,5;0,0306730364462856
28,5;-14;0,0732546349281842
28,5;-13,5;0,0516353612005938
28,5;-13;0,306716618528623
28,5;-12,5;0,20421862626075
28,5;-12;0,294023198283796
28,5;-11,5;0,0817323557649225
28,5;-11;0,346106949025943
28,5;-10,5;0,0390070130276308
28,5;-10;0,0304459832282822
28,5;-9,5;0,0609368171228456
28,5;-9;0,0313965316538983
28,5;-8,5;0,0395377778889845
28,5;-8;0,0658488270754376
28,5;-7,5;0,064821083663604
28,5;-7;0,0369998894275442
28,5;-6,5;0,0358141587679226
28,5;-6;0,253564451127472
28,5;-5,5;0,250287950618208
28,5;-5;0,271115287745591
28,5;-4,5;0,156747682623249
28,5;-4;0,0514989929157719
28,5;-3,5;0,0334480846267452
28,5;-3;0,0352139386843226
28,5;-2,5;0,0279201159680154
28,5;-2;0,0298016391119069
28,5;-1,5;0,0360904403956946
28,5;-1;0,0373585391474257
28,5;-0,5;0,0218621861229116
28,5;0;0,022812455517146
28,5;0,5;0,0666979210483828
28,5;1;0,0458221125876363
28,5;1,5;0,166778346126512
28,5;2;0,0307332766238063
28,5;2,5;0,0360457712442452
28,5;3;0,302648145800817
28,5;3,5;0,160784948237989
28,5;4;0,243950635447039
28,5;4,5;0,24962078666505
28,5;5;0,228884949977386
28,5;5,5;0,12163944077243
28,5;6;0,122479461591105
28,5;6,5;0,0839401735882218
28,5;7;0,096191543535343
28,5;7,5;0,0747022968938459
28,5;8;0,112955711524643
28,5;8,5;0,0552171550383241
28,5;9;0,0598342993110047
28,5;9,5;0,102827005990486
28,5;10;0,0322952057044054
28,5;10,5;0,0317062417477342
28,5;11;0,0372982283471727
28,5;11,5;0,0324567003242381
28,5;12;0,0580416158530168
28,5;12,5;0,182660505430795
28,5;13;0,161576214340949
28,5;13,5;0,0556558249229255
28,5;14;0,0746206255819245
28,5;14,5;0,109551848925944
28,5;15;0,105244897656712
28,5;15,5;0,20136208946948
28,5;16;0,0862457345900598
28,5;16,5;0,0327888712229492
28,5;17;0,0880029853114587
28,5;17,5;0,117298296987597
28,5;18;0,0304446465403973
28,5;18,5;0,0392005258326225
28,5;19;0,0336272080086542
28,5;19,5;0,0301712653380802
28,5;20;0,0642395965920407
28,5;20,5;0,0433608553202619
28,5;21;0,230190454144092
28,5;21,5;0,223509427821443
28,5;22;0,218659020120117
28,5;22,5;0,0451441133082327
28,5;23;0,0248577883544228
28,5;23,5;0,0880241718616697
28,5;24;0,0452625673156086
28,5;24,5;0,102514567264255
28,5;25;0,0711067321381872
28,5;25,5;0,0487082730936809
28,5;26;0,0717507767689113
28,5;26,5;0,0764569247651108
28,5;27;0,159593962207564
28,5;27,5;0,100141226721347
28,5;28;0,143776736644007
28,5;28,5;0,0368013597934183
28,5;29;0,0327411902225634
28,5;29,5;0,0330848625011766
28,5;30;0,0342101349505279
28,5;30,5;0,267540363718239
28,5;31;0,0198245649473107
28,5;31,5;0,0491256344634093
28,5;32;0,122062995184406
28,5;32,5;0,0699620548473049
28,5;33;0,0618486337876639
28,5;33,5;0,0452982768358524
28,5;34;0,0422146048780961
28,5;34,5;0,0706476397737549
28,5;35;0,0506377783264386
28,5;35,5;0,0916394545548296
28,5;36;0,0588474526982743
28,5;36,5;0,027239874151722
28,5;37;0,0417591952279855
28,5;37,5;0,108366856499223
28,5;38;0,0443263268193939
28,5;38,5;0,0229202673514552
28,5;39;0,0277311882316758
28,5;39,5;0,0275205538162469
28,5;40;0,0338338959733506
28,5;40,5;0,0475222754786286
28,5;41;0,0413776180102298
28,5;41,5;0,0363053225613131
28,5;42;0,0394900151274451
28,5;42,5;0,0437746262843681
28,5;43;0,057443425275988
28,5;43,5;0,0568524824603531
28,5;44;0,0381165689580221
28,5;44,5;0,0363168733408618
28,5;45;0,0806721575822358
28,5;45,5;0,0689788620039599
28,5;46;0,0968971480502676
28,5;46,5;0,168536666601012
28,5;47;0,0856488812185804
28,5;47,5;0,0480175905851412
28,5;48;0,0561931745411645
28,5;48,5;0,0369541559485977
28,5;49;0,059004854284471
28,5;49,5;0,0591808201006637
28,5;50;0,0449331903679079
28,5;50,5;0,0449553279668277
28,5;51;0,0824437006332484
28,5;51,5;0,0499718222988984
28,5;52;0,0299782962426826
28,5;52,5;0,0240092419180405
28,5;53;0,0491673519868679
28,5;53,5;0,200779937919789
28,5;54;0,0957449284115175
28,5;54,5;0,0452338456883335
28,5;55;0,117384452887145
28,5;55,5;0,0653809079928803
28,5;56;0,058113744725386
28,5;56,5;0,0597795528312889
28,5;57;0,0355470608539375
28,5;57,5;0,0496695418426208
28,5;58;0,0393578659003273
28,5;58,5;0,0918751683364552
28,5;59;0,0705874213863279
28,5;59,5;0,0282847622895752
28,5;60;0,0317356114521299
28,5;60,5;0,0359929545035244
28,5;61;0,0387433464136368
28,5;61,5;0,038589887981056
28,5;62;0,0815699327175231
28,5;62,5;0,0926253460821718
28,5;63;0,0860386628623381
28,5;63,5;0,0632505391626433
28,5;64;0,0714013437727323
28,5;64,5;0,0681846030759024
28,5;65;0,064218849305018
28,5;65,5;0,0631954639722399
28,5;66;0,0481482086894206
28,5;66,5;0,0420543865556428
28,5;67;0,0481351474937226
28,5;67,5;0,0410885960732747
28,5;68;0,0286419467060308
28,5;68,5;0,0885326305192987
28,5;69;0,332594918722938
28,5;69,5;0,312473805798734
28,5;70;0
28,5;70,5;0,031005913414487
28,5;71;0,0557250193160826
28,5;71,5;0,0345494814239905
28,5;72;0,0720453535422859
28,5;72,5;0
28,5;73;0
28,5;73,5;0
28,5;74;0
28,5;74,5;0
28,5;75;0
28,5;75,5;0,0432567088108059
28,5;76;0,0462460809150354
28,5;76,5;0
28,5;77;0
28,5;77,5;0
29;-24;0
29;-23,5;0
29;-23;0
29;-22,5;0
29;-22;0
29;-21,5;0,084257074156741
29;-21;0,0551543289325507
29;-20,5;0
29;-20;0
29;-19,5;0
29;-19;0,110207380273132
29;-18,5;0,254782081778531
29;-18;0,240849825342156
29;-17,5;0,267316510276987
29;-17;0,244628006696043
29;-16,5;0,0966103119804112
29;-16;0,171616007754659
29;-15,5;0,184019993483997
29;-15;0,0443669488904314
29;-14,5;0,0462659355956064
29;-14;0,076308395765917
29;-13,5;0,0577005724460864
29;-13;0,0181911150473704
29;-12,5;0,187716951733864
29;-12;0,362987168242912
29;-11,5;0,0593152265383079
29;-11;0,236240126234109
29;-10,5;0,0540030350650292
29;-10;0,0540028717794508
29;-9,5;0,0601971037870413
29;-9;0,0427810849577092
29;-8,5;0,0701860814652902
29;-8;0,0885376456309832
29;-7,5;0,0544656717732316
29;-7;0,0264030632959971
29;-6,5;0,0334846679617067
29;-6;0,171302035785882
29;-5,5;0,253347190047984
29;-5;0,247197415308317
29;-4,5;0,294066998749826
29;-4;0,150012883758926
29;-3,5;0,0949037970524926
29;-3;0,0219918755451945
29;-2,5;0,0354369602033957
29;-2;0,0374476896519647
29;-1,5;0,0162527222455857
29;-1;0,0449434557603916
29;-0,5;0,0561566850716539
29;0;0,0414250742529148
29;0,5;0,037929893575686
29;1;0,0404099441404486
29;1,5;0,0184395099050792
29;2;0,0258365382104565
29;2,5;0,0304536608287979
29;3;0,339566935347462
29;3,5;0,225496378389247
29;4;0,219415517662629
29;4,5;0,28360058006389
29;5;0,12222299842721
29;5,5;0,093142715498436
29;6;0,09350050765248
29;6,5;0,237938058909616
29;7;0,0931726617912891
29;7,5;0,0957357798616551
29;8;0,0724872235346173
29;8,5;0,0552424743664222
29;9;0,0526106517904709
29;9,5;0,133204886805338
29;10;0,0624811586720624
29;10,5;0,0265354187271404
29;11;0,0783217240159471
29;11,5;0,0841498663100542
29;12;0,0712888428256126
29;12,5;0,148505528970579
29;13;0,0745364805504618
29;13,5;0,0825951367878555
29;14;0,112406998595876
29;14,5;0,139823975777211
29;15;0,0784392476552113
29;15,5;0,04804981546879
29;16;0,0472160997710286
29;16,5;0,0381697925263142
29;17;0,0610502754658305
29;17,5;0,071942149249428
29;18;0,0536835462734707
29;18,5;0,0577261864758276
29;19;0,0260736943108184
29;19,5;0,0362657290698919
29;20;0,113827083956398
29;20,5;0,109542681971703
29;21;0,276279118393888
29;21,5;0,2488717400092
29;22;0,0385122641551769
29;22,5;0,037277305705498
29;23;0,0383618734335712
29;23,5;0,18042306763087
29;24;0,0659614819862727
29;24,5;0,108531715794662
29;25;0,107490872185994
29;25,5;0,115798680708294
29;26;0,0426735381002617
29;26,5;0,0474962909962684
29;27;0,051145706890543
29;27,5;0,0687202056651948
29;28;0,107698894740729
29;28,5;0,0293696510118902
29;29;0,0298436144311317
29;29,5;0,0329398462515292
29;30;0,042924374525142
29;30,5;0,343794248041217
29;31;0,0663227318640054
29;31,5;0,111486379393183
29;32;0,10925731437209
29;32,5;0,0931779097480394
29;33;0,0896514823748666
29;33,5;0,0836568864807159
29;34;0,037322212161944
29;34,5;0,0745310248786892
29;35;0,0443403116684453
29;35,5;0,0303189106753164
29;36;0,0346619111463646
29;36,5;0,0310395450067015
29;37;0,207480792078589
29;37,5;0,0753260368111706
29;38;0,041032225117305
29;38,5;0,0341000248486401
29;39;0,0296434826635767
29;39,5;0,0177023049201863
29;40;0,0257641132523602
29;40,5;0,0358794657767611
29;41;0,0278016587887298
29;41,5;0,0487431749831504
29;42;0,078609215842845
29;42,5;0,0340335875868768
29;43;0,053961196649089
29;43,5;0,0454620069633423
29;44;0,0521176236432061
29;44,5;0,0988175039638011
29;45;0,0810142923485621
29;45,5;0,079018340968198
29;46;0,0314947588450959
29;46,5;0,0467586367443795
29;47;0,0502522699348877
29;47,5;0,048038438752692
29;48;0,0994225621665857
29;48,5;0,072751897469648
29;49;0,101080098310745
29;49,5;0,0992977643530288
29;50;0,0533761321621737
29;50,5;0,0646299297825045
29;51;0,050851954104942
29;51,5;0,0695275649143069
29;52;0,0696636618933276
29;52,5;0,0327386688854058
29;53;0,022094116863998
29;53,5;0,231704816309084
29;54;0,163122131970972
29;54,5;0,0588413503841164
29;55;0,0752337010894341
29;55,5;0,060799478095882
29;56;0,0603466864211412
29;56,5;0,0710202763331498
29;57;0,0937870383740642
29;57,5;0,0804085065211523
29;58;0,0327181901378943
29;58,5;0,0392463146240221
29;59;0,0423119464751167
29;59,5;0,0479061372678654
29;60;0,0435277878697239
29;60,5;0,0449901783998473
29;61;0,0579646869936482
29;61,5;0,0483002197912603
29;62;0,0525343109847761
29;62,5;0,0320640634771494
29;63;0,159347204699579
29;63,5;0,147745947105902
29;64;0,230997092115153
29;64,5;0,194072033335854
29;65;0,0233345237791561
29;65,5;0,0775659355579133
29;66;0
29;66,5;0,031391252193656
29;67;0,0439738558691412
29;67,5;0,0771130239423825
29;68;0,0513456360231747
29;68,5;0,0509116882454314
29;69;0,239347246475919
29;69,5;0,308584672334839
29;70;0,03585154575933
29;70,5;0,0283390965911829
29;71;0,0223297793902906
29;71,5;0,352965125330036
29;72;0,0240062491864098
29;72,5;0
29;73;0
29;73,5;0,240416305603426
29;74;0,309971518844417
29;74,5;0,178108955417744
29;75;0,0481307247677268
29;75,5;0,322072700371088
29;76;0,300887484493993
29;77;0
29;77,5;0
29,5;-24;0
29,5;-23,5;0,0332340187157677
29,5;-23;0
29,5;-22,5;0
29,5;-22;0
29,5;-21,5;0
29,5;-21;0
29,5;-20,5;0
29,5;-20;0
29,5;-19,5;0
29,5;-19;0,0574804314527997
29,5;-18,5;0,312296078920455
29,5;-18;0,181353163015483
29,5;-17,5;0,258701075275284
29,5;-17;0,21611913501465
29,5;-16,5;0,0799030662740799
29,5;-16;0,0842272809040209
29,5;-15,5;0,118281424459145
29,5;-15;0,06764799992564
29,5;-14,5;0,0668108878615013
29,5;-14;0,0680837719284118
29,5;-13,5;0,0569409050390549
29,5;-13;0,111545058160369
29,5;-12,5;0,155419156752681
29,5;-12;0,235522745946891
29,5;-11,5;0,182570199494974
29,5;-11;0,0611693332197556
29,5;-10,5;0,0501318117638355
29,5;-10;0,0547782913668727
29,5;-9,5;0,047727666264356
29,5;-9;0,0648110629256381
29,5;-8,5;0,0437768576454058
29,5;-8;0,156694059090223
29,5;-7,5;0,224921519375613
29,5;-7;0,0449963429819561
29,5;-6,5;0,0220953613727587
29,5;-6;0,310342276558526
29,5;-5,5;0,368259917991887
29,5;-5;0,102073279456253
29,5;-4,5;0,373646815708548
29,5;-4;0,163003358792116
29,5;-3,5;0,125346435951692
29,5;-3;0,07584330807607
29,5;-2,5;0,13098082305519
29,5;-2;0,0798167839062375
29,5;-1,5;0,0453893137992032
29,5;-1;0,0642536329069158
29,5;-0,5;0,0803129436753878
29,5;0;0,0266526035221665
29,5;0,5;0,0413772471626769
29,5;1;0,040210117407666
29,5;1,5;0,0409978086148554
29,5;2;0,0332433307669337
29,5;2,5;0,0875224409872839
29,5;3;0,323573879097432
29,5;3,5;0,284087723376078
29,5;4;0,270668339338617
29,5;4,5;0,343977703080952
29,5;5;0,106915290650064
29,5;5,5;0,138229404765862
29,5;6;0,0687912327236088
29,5;6,5;0,32425643263935
29,5;7;0,17105840678281
29,5;7,5;0,104421384805367
29,5;8;0,0787244913139872
29,5;8,5;0,0560044363815041
29,5;9;0,0390915168858905
29,5;9,5;0,0413060899784394
29,5;10;0,0533272162747507
29,5;10,5;0,0594943749961786
29,5;11;0,0505442325537192
29,5;11,5;0,104352512907796
29,5;12;0,049525243328791
29,5;12,5;0,0394564085555266
29,5;13;0,0382015195713597
29,5;13,5;0,116972315663062
29,5;14;0,138782479286027
29,5;14,5;0,141565449922268
29,5;15;0,0865324279883124
29,5;15,5;0,0965210481776526
29,5;16;0,0375878563448767
29,5;16,5;0,0439987690641502
29,5;17;0,051954774141794
29,5;17,5;0,0440705968490478
29,5;18;0,0397132975904752
29,5;18,5;0,046731520561668
29,5;19;0,0374094462224004
29,5;19,5;0,0623423201046693
29,5;20;0,0899954146367879
29,5;20,5;0,103032951614798
29,5;21;0,0322806371015264
29,5;21,5;0,0264328324323091
29,5;22;0,0309132517159334
29,5;22,5;0,0604195227785057
29,5;23;0,0396623889398853
29,5;23,5;0,0337645917849188
29,5;24;0,036966029336811
29,5;24,5;0,0824090773058949
29,5;25;0,0975719802110936
29,5;25,5;0,141964941060665
29,5;26;0,0329922737326547
29,5;26,5;0,0209415854223122
29,5;27;0,0303904441567608
29,5;27,5;0,0497429065225515
29,5;28;0,0491714546858527
29,5;28,5;0,0412865315320918
29,5;29;0,0339514419903359
29,5;29,5;0,0290230126228824
29,5;30;0,0166347324916534
29,5;30,5;0,0387664157000089
29,5;31;0,0704423713822186
29,5;31,5;0,0781128192708166
29,5;32;0,0320997841620577
29,5;32,5;0,114346402324332
29,5;33;0,0871079465526371
29,5;33,5;0,0723423573480065
29,5;34;0,0569516226716147
29,5;34,5;0,0740638238278311
29,5;35;0,0689885794145368
29,5;35,5;0,0531076791095379
29,5;36;0,0333706699160244
29,5;36,5;0,0529861663747261
29,5;37;0,159822103632455
29,5;37,5;0,0681938242376127
29,5;38;0,0350666999492199
29,5;38,5;0,0427722429575092
29,5;39;0,056801052400613
29,5;39,5;0,0384365789642923
29,5;40;0,0271274242450022
29,5;40,5;0,0219165705443568
29,5;41;0,0197305366661677
29,5;41,5;0,103702330812658
29,5;42;0,0641648213565649
29,5;42,5;0,0363906301323913
29,5;43;0,0448761101935812
29,5;43,5;0,0427913542669544
29,5;44;0,0786368456984419
29,5;44,5;0,0656966901481249
29,5;45;0,12714294085976
29,5;45,5;0,0572035850077689
29,5;46;0,0649072340792047
29,5;46,5;0,147013270329221
29,5;47;0,0966654372012629
29,5;47,5;0,0993007224096299
29,5;48;0,0866460780270265
29,5;48,5;0,064094071488711
29,5;49;0,128912796993356
29,5;49,5;0,0713879508858494
29,5;50;0,0405107627776428
29,5;50,5;0,0620518855585986
29,5;51;0,0945152867306147
29,5;51,5;0,0443972425092909
29,5;52;0,0392161256281625
29,5;52,5;0,0536487069136004
29,5;53;0,0525689882859825
29,5;53,5;0,0957198612554856
29,5;54;0,107360242293618
29,5;54,5;0,0468092828783505
29,5;55;0,0518515281488559
29,5;55,5;0,0494131552312733
29,5;56;0,0422231887909592
29,5;56,5;0,0766547334304378
29,5;57;0,113164195894213
29,5;57,5;0,0839644269914349
29,5;58;0,0346058985550739
29,5;58,5;0,0409630647973956
29,5;59;0,0447261397771491
29,5;59,5;0,0322502034845851
29,5;60;0,184336655011835
29,5;60,5;0,312833553739067
29,5;61;0,216563016763909
29,5;61,5;0,0218239710934036
29,5;62;0,0393599881777782
29,5;62,5;0,0240683385668621
29,5;63;0,118082452887059
29,5;63,5;0,165606721658276
29,5;64;0,31147893847566
29,5;64,5;0,284758481370706
29,5;65;0
29,5;65,5;0,0202113829314077
29,5;66;0,0518298498293535
29,5;66,5;0,0484657954988189
29,5;67;0,0477550568478926
29,5;67,5;0,064214669737715
29,5;68;0,0404624008476133
29,5;68,5;0,0197716126470925
29,5;69;0,356534295800043
29,5;69,5;0,225865587625626
29,5;70;0,0169518927163508
29,5;70,5;0,0290857721722691
29,5;71;0
29,5;71,5;0,310795546613641
29,5;72;0,334924245165978
29,5;72,5;0
29,5;73;0
29,5;73,5;0,195161471607487
29,5;74;0,325852120736376
29,5;74,5;0,155039779841605
29,5;75;0,0120208152801713
29,5;75,5;0,259624318703649
29,5;76;0,28367837231435
30;-24;0,108331310004415
30;-23,5;0,125267713318317
30;-23;0,157505555457577
30;-22,5;0,0882201790975285
30;-22;0,029698484809835
30;-21,5;0
30;-21;0,184774573080667
30;-20,5;0,274756466328772
30;-20;0
30;-19,5;0
30;-19;0,0172240142436851
30;-18,5;0,399501689608442
30;-18;0,147314178951863
30;-17,5;0,0691246014550232
30;-17;0,0787511973385236
30;-16,5;0,05742360654152
30;-16;0,0731632551542228
30;-15,5;0,110077171546385
30;-15;0,0693009998643751
30;-14,5;0,0522043340166176
30;-14;0,0760382109456129
30;-13,5;0
30;-13;0,0440192508392004
30;-12,5;0,0642778469148588
30;-12;0,196963335470032
30;-11,5;0,0582879168114541
30;-11;0,0545028026511367
30;-10,5;0,0770493495931489
30;-10;0,0518758630708007
30;-9,5;0,0917607617940604
30;-9;0,0573648026949914
30;-8,5;0,0951314879522022
30;-8;0,19587250230308
30;-7,5;0,353515346261062
30;-7;0,0874316026420782
30;-6,5;0,039908385058719
30;-6;0,216532647164661
30;-5,5;0,118582191374216
30;-5;0,10048373157626
30;-4,5;0,110960102389752
30;-4;0,199816090689761
30;-3,5;0,246366282221363
30;-3;0,145542899152886
30;-2,5;0,141907452235603
30;-2;0,108692127406019
30;-1,5;0,0305471679331595
30;-1;0,0489861508510988
30;-0,5;0,0489942559614877
30;0;0,0290685022608916
30;0,5;0,0239663837829327
30;1;0,0353245235308755
30;1,5;0,0492308706131843
30;2;0,066131571914794
30;2,5;0,371669313531907
30;3;0,259258570685386
30;3,5;0,219796517780992
30;4;0,100223682254215
30;4,5;0,154576931432515
30;5;0,0479419335512137
30;5,5;0,0308454296083916
30;6;0,0789394934090856
30;6,5;0,0979387033321843
30;7;0,0972738434581363
30;7,5;0,0666889271342277
30;8;0,0749249089109132
30;8,5;0,0276507387611483
30;9;0,0543148522886303
30;9,5;0,0420554025887055
30;10;0,0433038287471029
30;10,5;0,0449995488207038
30;11;0,0522425244163059
30;11,5;0,0483373635726477
30;12;0,169931906777911
30;12,5;0,0581819156674517
30;13;0,0910747844811419
30;13,5;0,12992619388244
30;14;0,137181156803445
30;14,5;0,12254729485321
30;15;0,102772037802716
30;15,5;0,0466667795251293
30;16;0,0377158381113882
30;16,5;0,037917012139971
30;17;0,0328187302946692
30;17,5;0,0346445324808428
30;18;0,0386472364810583
30;18,5;0,0225236491265467
30;19;0,061783104265272
30;19,5;0,0543010278328166
30;20;0,0856919646753262
30;20,5;0,0653414024914665
30;21;0,0348806505044606
30;21,5;0,0549004383108347
30;22;0,0384716363624907
30;22,5;0,0412532359528804
30;23;0,0535209054943017
30;23,5;0,0251764489407704
30;24;0,039122675694556
30;24,5;0,0477584256192649
30;25;0,0459158894889669
30;25,5;0,0652501596422057
30;26;0,043389706920728
30;26,5;0,0391901119676004
30;27;0,0241489637829583
30;27,5;0,0307174664498562
30;28;0,0321321908053344
30;28,5;0,0504050262044041
30;29;0,0378886980975352
30;29,5;0,0853121928444808
30;30;0,121261013245533
30;30,5;0,0461733364318107
30;31;0,0710192277925735
30;31,5;0,089939637700805
30;32;0,0524075428823389
30;32,5;0,0661376819612436
30;33;0,0721334449773302
30;33,5;0,0839337206835674
30;34;0,0587951561412582
30;34,5;0,0877566138717585
30;35;0,0778156092952621
30;35,5;0,0383027706686652
30;36;0,0477879758266535
30;36,5;0,0688845812732435
30;37;0,0354538392827625
30;37,5;0,0476855271978011
30;38;0,0578984006116614
30;38,5;0,205169624776987
30;39;0,315409361358969
30;39,5;0,136482960960969
30;40;0,0505882040257867
30;40,5;0,0324034569458039
30;41;0,0427597941996918
30;41,5;0,0390739357089945
30;42;0,0534961238007763
30;42,5;0,033823205475681
30;43;0,0246407521530222
30;43,5;0,0233809628006976
30;44;0,0608972685013406
30;44,5;0,0381425014022827
30;45;0,11543729350943
30;45,5;0,064310304689499
30;46;0,0545493710715121
30;46,5;0,0773389244084125
30;47;0,109973445955953
30;47,5;0,0972160823458067
30;48;0,0524038631785201
30;48,5;0,0882269870259062
30;49;0,041658258278968
30;49,5;0,0606785278871898
30;50;0,0412541140781699
30;50,5;0,067317226350953
30;51;0,0426705813458956
30;51,5;0,0775631981549162
30;52;0,0449853067531149
30;52,5;0,0322920088889025
30;53;0,0487825105271688
30;53,5;0,0528786815614798
30;54;0,045586347554081
30;54,5;0,0397750317568761
30;55;0,0536581977051112
30;55,5;0,0456335421380724
30;56;0,0680390700615131
30;56,5;0,0459227198947498
30;57;0,119881657890711
30;57,5;0,0748277132002838
30;58;0,0540056117422658
30;58,5;0,0294269291682432
30;59;0,0332685257442347
30;59,5;0,03487130550523
30;60;0,243577016961295
30;60,5;0,228505891671825
30;61;0,314679552224537
30;61,5;0,0714177848998413
30;62;0,0350471473337258
30;62,5;0,0734952655750837
30;63;0,154682457869616
30;63,5;0,169165078661005
30;64;0,0881443085268871
30;64,5;0,0639205764728257
30;65;0,0519760082613374
30;65,5;0,0770216419802469
30;66;0,127591423804939
30;66,5;0,376180807591243
30;67;0,0410121933088198
30;67,5;0
30;68;0,0549869448375167
30;68,5;0,0515234574409236
30;69;0,367610847316745
30;69,5;0,153326831041136
30;70;0
30;70,5;0
30;71;0
30;71,5;0
30;72;0,0730610845657391
30;72,5;0,191545344625285
30;73;0
30;73,5;0
30;74;0
30;74,5;0
30;75;0
30;75,5;0,328486681617383
30;76;0,231376111044128
30,5;-24;0,0557211310406065
30,5;-23,5;0,0950261573896119
30,5;-23;0,145582613482809
30,5;-22,5;0,18432801789695
30,5;-22;0,0708589614956529
30,5;-21,5;0
30,5;-21;0,179802576918871
30,5;-20,5;0,297789032189414
30,5;-20;0
30,5;-19,5;0,298822116221101
30,5;-19;0,0353553390593274
30,5;-18,5;0,118969472109939
30,5;-18;0,06006006253003
30,5;-17,5;0
30,5;-17;0,0182825052987822
30,5;-16,5;0,0870083329342656
30,5;-16;0,063585463048649
30,5;-15,5;0,112746465639435
30,5;-15;0,0718129175145476
30,5;-14,5;0,0431500396978488
30,5;-14;0,104178281705377
30,5;-13,5;0,0691538140669045
30,5;-13;0,0769303632396035
30,5;-12,5;0,0589398498723971
30,5;-12;0,0513788166046954
30,5;-11,5;0,0550027026363005
30,5;-11;0,0437420122578241
30,5;-10,5;0,0872757695740985
30,5;-10;0,0610830306765851
30,5;-9,5;0,108797848726665
30,5;-9;0,101051007848524
30,5;-8,5;0,0726970556815192
30,5;-8;0,0856241518767654
30,5;-7,5;0,188777405889473
30,5;-7;0,0876983613149048
30,5;-6,5;0,0396486970982109
30,5;-6;0,0557242101586831
30,5;-5,5;0,137073184635325
30,5;-5;0,188495616165993
30,5;-4,5;0,0785406157146204
30,5;-4;0,206491130612647
30,5;-3,5;0,190436612837661
30,5;-3;0,0423168180491177
30,5;-2,5;0,108735641425947
30,5;-2;0,130482253265978
30,5;-1,5;0,0672115386636494
30,5;-1;0,0318997894762246
30,5;-0,5;0,0269509345134535
30,5;0;0,0507426630868233
30,5;0,5;0,0842248650988094
30,5;1;0,0500697703364455
30,5;1,5;0,0340639760385435
30,5;2;0,0354646251668923
30,5;2,5;0,160616068873883
30,5;3;0,0182894253937212
30,5;3,5;0,0279123166723878
30,5;4;0,024891422481756
30,5;4,5;0,0259526911618464
30,5;5;0,0935019470175938
30,5;5,5;0,0696394105722416
30,5;6;0,112779742230841
30,5;6,5;0,158865152567631
30,5;7;0,117839645820417
30,5;7,5;0,0630729235362484
30,5;8;0,0452347811609144
30,5;8,5;0,0481333395171323
30,5;9;0,0706402308180019
30,5;9,5;0,038189187559172
30,5;10;0,043810673716526
30,5;10,5;0,0495754175436153
30,5;11;0,0384284548616972
30,5;11,5;0,0495985661644343
30,5;12;0,0447878913007395
30,5;12,5;0,0626660903080041
30,5;13;0,0681854681744977
30,5;13,5;0,0807596866492309
30,5;14;0,0428514261809149
30,5;14,5;0,083528270627527
30,5;15;0,086315694870627
30,5;15,5;0,0277799703114417
30,5;16;0,0244276347835315
30,5;16,5;0,0368885779195358
30,5;17;0,0498843228180053
30,5;17,5;0,0284158804682223
30,5;18;0,0364800226482137
30,5;18,5;0,0311217206304885
30,5;19;0,0327609102574449
30,5;19,5;0,061082027222308
30,5;20;0,0889667068690838
30,5;20,5;0,0651641559266354
30,5;21;0,0551539081232438
30,5;21,5;0,0771756993327117
30,5;22;0,259910137045178
30,5;22,5;0,250185586487212
30,5;23;0,031751145832993
30,5;23,5;0,0321052617047681
30,5;24;0,0421541020490204
30,5;24,5;0,06320825866598
30,5;25;0,0391253453283012
30,5;25,5;0,0619243086126232
30,5;26;0,0356059838812842
30,5;26,5;0,041629121376225
30,5;27;0,223291945303599
30,5;27,5;0,103127776529949
30,5;28;0,0428711391614773
30,5;28,5;0,0298261745570101
30,5;29;0,0238053284772936
30,5;29,5;0,0957090214046551
30,5;30;0,143244103335865
30,5;30,5;0,0568705043935119
30,5;31;0,035339582002584
30,5;31,5;0,0388461160000754
30,5;32;0,0481468649004195
30,5;32,5;0,194516905719385
30,5;33;0,167757027827972
30,5;33,5;0,124119885061857
30,5;34;0,0922371255239991
30,5;34,5;0,066140459104685
30,5;35;0,0677546653587127
30,5;35,5;0,103122568165014
30,5;36;0,0359821296682421
30,5;36,5;0,0351970354223336
30,5;37;0,0295708538843408
30,5;37,5;0,0290030135225364
30,5;38;0,0448372398931122
30,5;38,5;0,312077187244309
30,5;39;0,276226056177322
30,5;39,5;0,183962682615364
30,5;40;0,0583765612138953
30,5;40,5;0,0628365220345665
30,5;41;0,0326367152463729
30,5;41,5;0,0202567276233256
30,5;42;0,0272403393546092
30,5;42,5;0,0330522168063304
30,5;43;0,0315963282903648
30,5;43,5;0,0198791735919712
30,5;44;0,0530392744657611
30,5;44,5;0,0429025987930018
30,5;45;0,073219289984063
30,5;45,5;0,0890740607136052
30,5;46;0,0996436184043174
30,5;46,5;0,0529099408970567
30,5;47;0,0863256790590944
30,5;47,5;0,0576036855924821
30,5;48;0,0598922747355847
30,5;48,5;0,076542984664831
30,5;49;0,0425996870098048
30,5;49,5;0,0432921642401236
30,5;50;0,0391633806721908
30,5;50,5;0,0470550744080616
30,5;51;0,0572911864252854
30,5;51,5;0,0669968434391675
30,5;52;0,0238256318298056
30,5;52,5;0,0647698614770189
30,5;53;0,0576482588552213
30,5;53,5;0,0371168181998041
30,5;54;0,0807462671822391
30,5;54,5;0,0519427609318482
30,5;55;0,0641821497834451
30,5;55,5;0,0489246868216147
30,5;56;0,0899734946489985
30,5;56,5;0,0866665783235921
30,5;57;0,128625667497296
30,5;57,5;0,154017098289951
30,5;58;0,0787809758898819
30,5;58,5;0,0643923919185046
30,5;59;0,0302160757574046
30,5;59,5;0,0341106461109667
30,5;60;0,0474593099442681
30,5;60,5;0,210226657130872
30,5;61;0,0388131685587692
30,5;61,5;0,0347260927135708
30,5;62;0,0260093474321474
30,5;62,5;0,0323754384384908
30,5;63;0,0486431848960787
30,5;63,5;0,107209047692276
30,5;64;0,0809340281937047
30,5;64,5;0,0595651898069224
30,5;65;0,0721793731253043
30,5;65,5;0,0964710664741852
30,5;66;0,123023363994532
30,5;66,5;0,14412190607095
30,5;67;0,0197989898732233
30,5;67,5;0,0494186199726378
30,5;68;0,391798481365102
30,5;68,5;0,182505472846837
30,5;69;0,196175799844029
30,5;69,5;0,174995952334142
30,5;70;0,0537401153701776
30,5;70,5;0,0538485530601024
30,5;71;0
30,5;71,5;0,0658118530357564
30,5;72;0,104235763857404
30,5;72,5;0,119084788458078
30,5;73;0
30,5;73,5;0
30,5;74;0
30,5;74,5;0
30,5;75;0
30,5;75,5;0
30,5;76;0
30,5;77;0
30,5;77,5;0
31;-24;0,132002525228371
31;-23,5;0,0965019626115386
31;-23;0,0895942048263253
31;-22,5;0,13563943583601
31;-22;0,139669527539392
31;-21,5;0
31;-21;0
31;-20,5;0
31;-20;0
31;-19,5;0,261469731856982
31;-19;0,0562660347515859
31;-18,5;0
31;-18;0,0234093998214393
31;-17,5;0
31;-17;0,341592636647462
31;-16,5;0,373662717790612
31;-16;0,046314864424574
31;-15,5;0,254480631785649
31;-15;0,114116017567498
31;-14,5;0,0659629188761888
31;-14;0,0796994353806851
31;-13,5;0,0014142135623731
31;-13;0,0780508207503066
31;-12,5;0,190769005761738
31;-12;0,0266081208442396
31;-11,5;0,0564166209185248
31;-11;0,0217954606572827
31;-10,5;0,0535365751999086
31;-10;0,0727744978425264
31;-9,5;0,147713632452464
31;-9;0,149870394688483
31;-8,5;0,0586106657949518
31;-8;0,0748398094460567
31;-7,5;0,112471732537241
31;-7;0,0818263484705064
31;-6,5;0,0287061054996624
31;-6;0,0293045652800245
31;-5,5;0,32230489368338
31;-5;0,386417616935599
31;-4,5;0,0436090193154646
31;-4;0,157668930519636
31;-3,5;0,280583700609836
31;-3;0,282717525153865
31;-2,5;0,155023730902263
31;-2;0,0902578738402152
31;-1,5;0,0556234081835836
31;-1;0,0407185452831015
31;-0,5;0,0245313893081347
31;0;0,0646620843988909
31;0,5;0,0821331047015009
31;1;0,0695412962748402
31;1,5;0,0249787118322405
31;2;0,0254662164220407
31;2,5;0,0378538900591724
31;3;0,0356934433870767
31;3,5;0,0416368646922479
31;4;0,0182913330573191
31;4,5;0,0188879747556942
31;5;0,159663437950869
31;5,5;0,352200926507192
31;6;0,14763941287387
31;6,5;0,165262983895831
31;7;0,172125272232516
31;7,5;0,0972858810791302
31;8;0,0544175474283467
31;8,5;0,0307707482821471
31;9;0,0380102096309356
31;9,5;0,0512103395458817
31;10;0,0597446345408636
31;10,5;0,0495318549134069
31;11;0,0504111659010068
31;11,5;0,0840979938190543
31;12;0,11411726048628
31;12,5;0,0457525552177603
31;13;0,0533431719703582
31;13,5;0,0755097826293208
31;14;0,0334085737589743
31;14,5;0,0559459516404046
31;15;0,0319528476907298
31;15,5;0,0310761686108223
31;16;0,0218757774378815
31;16,5;0,0269233540679276
31;17;0,0554410574785667
31;17,5;0,0309683556390604
31;18;0,0353513805981158
31;18,5;0,0593816400645473
31;19;0,0477183150619461
31;19,5;0,387203680002092
31;20;0,242737667718809
31;20,5;0,060972607624255
31;21;0,0358165014862072
31;21,5;0,0523505733849509
31;22;0,331300290547989
31;22,5;0,32677385398581
31;23;0,0361286078965125
31;23,5;0,0367224306739158
31;24;0,0252510628780372
31;24,5;0,0281462385373544
31;25;0,027629881117705
31;25,5;0,0747242044917981
31;26;0,0857243146763027
31;26,5;0,0791841395825736
31;27;0,403755396726378
31;27,5;0,203423376508682
31;28;0,034574322169804
31;28,5;0,0282616391586526
31;29;0,0406375194737661
31;29,5;0,0250639732448975
31;30;0,0312953274573243
31;30,5;0,0368715288789776
31;31;0,0365984302674202
31;31,5;0,0465579351165196
31;32;0,057575779505578
31;32,5;0,160068078663931
31;33;0,160873253584952
31;33,5;0,0280603478818296
31;34;0,0351085192897929
31;34,5;0,0419247785008054
31;35;0,0565995539216718
31;35,5;0,0750009375515321
31;36;0,033887927021229
31;36,5;0,0287261428544275
31;37;0,0286179474211648
31;37,5;0,0561491630605185
31;38;0,0605554261967768
31;38,5;0,0334833847205087
31;39;0,0475160823430604
31;39,5;0,0446851412186426
31;40;0,038958952757999
31;40,5;0,0724756459626479
31;41;0,0593745175418995
31;41,5;0,0587145649540303
31;42;0,0200162434037958
31;42,5;0,0238026667997246
31;43;0,0325137838962291
31;43,5;0,0605621314278601
31;44;0,0675189464278121
31;44,5;0,0516838209496563
31;45;0,0465669650224809
31;45,5;0,0481545997407358
31;46;0,0306042296181985
31;46,5;0,0662344134167515
31;47;0,0705360838043714
31;47,5;0,0982861784027326
31;48;0,0744344174887333
31;48,5;0,0482798511293029
31;49;0,064365898638666
31;49,5;0,0499221266852923
31;50;0,0562399681902343
31;50,5;0,0698442018669786
31;51;0,0569503684605035
31;51,5;0,0545246018178018
31;52;0,0585769568512191
31;52,5;0,152302934564442
31;53;0,139742463833822
31;53,5;0,0434002561214212
31;54;0,0658081755284748
31;54,5;0,0462753566301667
31;55;0,0409101115067353
31;55,5;0,0652815282291088
31;56;0,0408480375422447
31;56,5;0,0410223335801142
31;57;0,144193855350331
31;57,5;0,0630357194811159
31;58;0,103990367521168
31;58,5;0,0580016287710282
31;59;0,0706143740015285
31;59,5;0,0438109378440342
31;60;0,06002218522595
31;60,5;0,06036517722867
31;61;0,0442876958082039
31;61,5;0,0240307301319787
31;62;0,026475317731419
31;62,5;0,028526502908861
31;63;0,0514620942486495
31;63,5;0,108706045952189
31;64;0,0822287928598505
31;64,5;0,0936531616864991
31;65;0,122525411442996
31;65,5;0,144910461163978
31;66;0,114100954324571
31;66,5;0,0558614357137373
31;67;0
31;67,5;0,0728601399943755
31;68;0,246529562237067
31;68,5;0,170584358579012
31;69;0,235928126072897
31;69,5;0,294859270625301
31;70;0,216194613973408
31;70,5;0,0728319984622144
31;71;0
31;71,5;0,0828422968890056
31;72;0,0859903271515835
31;72,5;0,0913333333333333
31;73;0
31;73,5;0
31;74;0
31;74,5;0,0106066017177982
31;75;0
31;75,5;0
31;76,5;0
31;77;0,110604043983276
31;77,5;0,120494236837747
31,5;-24;0
31,5;-23,5;0,0615182899632297
31,5;-23;0,119464867410693
31,5;-22,5;0,124240890693756
31,5;-22;0,0952554979521387
31,5;-21,5;0
31,5;-21;0
31,5;-20,5;0,0532259335286851
31,5;-20;0,0560074399819643
31,5;-19,5;0
31,5;-19;0
31,5;-18,5;0
31,5;-18;0
31,5;-17,5;0,236814649379889
31,5;-17;0,29291040504397
31,5;-16,5;0,362011858759286
31,5;-16;0,0773198925857614
31,5;-15,5;0,042166337284616
31,5;-15;0,0383598209337448
31,5;-14,5;0,0455324060422904
31,5;-14;0,0613383846860792
31,5;-13,5;0,0403835259315809
31,5;-13;0,0631911322253304
31,5;-12,5;0,338012843885523
31,5;-12;0,142534763233952
31,5;-11,5;0,052005211887772
31,5;-11;0,0867567014848147
31,5;-10,5;0,0629861022334588
31,5;-10;0,0207317704575925
31,5;-9,5;0,0303472513586425
31,5;-9;0,03415098519501
31,5;-8,5;0,0374622233966189
31,5;-8;0,0596799377497909
31,5;-7,5;0,0432532117459539
31,5;-7;0,0415799885433615
31,5;-6,5;0,0281179821949451
31,5;-6;0,031375607913311
31,5;-5,5;0,0428270405650072
31,5;-5;0,120891883795264
31,5;-4,5;0,0254150966380202
31,5;-4;0,09989292984912
31,5;-3,5;0,360619036004038
31,5;-3;0,351375409483075
31,5;-2,5;0,224825613762697
31,5;-2;0,0778791781322493
31,5;-1,5;0,0505804338426264
31,5;-1;0,0294180702906606
31,5;-0,5;0,0246542082616233
31,5;0;0,033778745116031
31,5;0,5;0,0771647712908854
31,5;1;0,0846886532966423
31,5;1,5;0,0338160647941445
31,5;2;0,0298570669096019
31,5;2,5;0,0322277738196705
31,5;3;0,0283038594292584
31,5;3,5;0,0268147442602969
31,5;4;0,021250804554531
31,5;4,5;0,0266513783740195
31,5;5;0,0508033473907064
31,5;5,5;0,201770773954029
31,5;6;0,122445445839996
31,5;6,5;0,141617467136189
31,5;7;0,150945505214811
31,5;7,5;0,0348098231131133
31,5;8;0,041424101214802
31,5;8,5;0,0394393037039725
31,5;9;0,0417836347287732
31,5;9,5;0,0382083688984423
31,5;10;0,0726862459292895
31,5;10,5;0,0805468548614143
31,5;11;0,0740124566783054
31,5;11,5;0,0574949522591679
31,5;12;0,0815865694635562
31,5;12,5;0,0465536231088559
31,5;13;0,0707590121083882
31,5;13,5;0,0442316175668362
31,5;14;0,0349715681504414
31,5;14,5;0,036837941334611
31,5;15;0,243956737145523
31,5;15,5;0,211011285175452
31,5;16;0,0348318449742225
31,5;16,5;0,0306766276360893
31,5;17;0,0239987902712246
31,5;17,5;0,0148463670068791
31,5;18;0,0265236858456534
31,5;18,5;0,0357148447811417
31,5;19;0,0293053744557
31,5;19,5;0,0464667006572712
31,5;20;0,0435454333071192
31,5;20,5;0,0443393313948231
31,5;21;0,0876635466369208
31,5;21,5;0,0744148868121611
31,5;22;0,220916649281704
31,5;22,5;0,198496347276493
31,5;23;0,0434789229017311
31,5;23,5;0,0565111420311912
31,5;24;0,0273962731977174
31,5;24,5;0,0224360308899249
31,5;25;0,0206352459483802
31,5;25,5;0,096184947248179
31,5;26;0,0804572658331387
31,5;26,5;0,215561918938291
31,5;27;0,179177946877402
31,5;27,5;0,0376763305319526
31,5;28;0,0398156114252345
31,5;28,5;0,0558653660012829
31,5;29;0,078732461862717
31,5;29,5;0,0340310100037198
31,5;30;0,0441304430694916
31,5;30,5;0,0287894680582046
31,5;31;0,0724665385142966
31,5;31,5;0,0525037096944629
31,5;32;0,0630002339407087
31,5;32,5;0,163852182607062
31,5;33;0,144615835257286
31,5;33,5;0,0418912123179526
31,5;34;0,0230096055328793
31,5;34,5;0,0309507784830242
31,5;35;0,0367743116862845
31,5;35,5;0,0438340900553484
31,5;36;0,0341939096826285
31,5;36,5;0,0331922293562191
31,5;37;0,0362119620891648
31,5;37,5;0,0484426686791751
31,5;38;0,0490622124318221
31,5;38,5;0,0269465060319111
31,5;39;0,0360040918243909
31,5;39,5;0,0318039037228297
31,5;40;0,0413947934602872
31,5;40,5;0,034236340301574
31,5;41;0,0306905397256245
31,5;41,5;0,0419697069625344
31,5;42;0,123609222176837
31,5;42,5;0,0353476535511234
31,5;43;0,0881111986828765
31,5;43,5;0,0799857227273742
31,5;44;0,176897391310165
31,5;44,5;0,30525304726573
31,5;45;0,102752777740231
31,5;45,5;0,178657540189791
31,5;46;0,17326627821952
31,5;46,5;0,145680129522667
31,5;47;0,0319038295779158
31,5;47,5;0,0330896228521249
31,5;48;0,0442586313195629
31,5;48,5;0,102601644824346
31,5;49;0,119568655428091
31,5;49,5;0,048473053388062
31,5;50;0,0337103710815722
31,5;50,5;0,0679668599217225
31,5;51;0,0552859189132385
31,5;51,5;0,0558783166756999
31,5;52;0,0501950102646893
31,5;52,5;0,128069402134489
31,5;53;0,143704581518166
31,5;53,5;0,21918099637895
31,5;54;0,107478957515134
31,5;54,5;0,0686134199742312
31,5;55;0,0885922484453004
31,5;55,5;0,0956898698425084
31,5;56;0,0630498069647741
31,5;56,5;0,0717173157764105
31,5;57;0,162359605983074
31,5;57,5;0,146352620688401
31,5;58;0,130906519524173
31,5;58,5;0,041439255559267
31,5;59;0,052119508361914
31,5;59,5;0,0493929487677962
31,5;60;0,0315553099913863
31,5;60,5;0,0215462117552382
31,5;61;0,0281277779308474
31,5;61,5;0,0454214457924322
31,5;62;0,0264871453427427
31,5;62,5;0,0348635939962506
31,5;63;0,0543344056135607
31,5;63,5;0,0485347189892805
31,5;64;0,0896354546997394
31,5;64,5;0,156884090502142
31,5;65;0,0949358535931939
31,5;65,5;0,134301982845205
31,5;66;0
31,5;66,5;0,138083635801606
31,5;67;0,0573410215606871
31,5;67,5;0,0475601830788397
31,5;68;0,325957593037831
31,5;68,5;0,138107618492661
31,5;69;0,243459436202468
31,5;69,5;0,174109051759987
31,5;70;0,122206564653641
31,5;70,5;0,0278442094518771
31,5;71;0,16004122732735
31,5;71,5;0,279742703912286
31,5;72;0,303181249513385
31,5;72,5;0,10719770342245
31,5;73;0
31,5;73,5;0,0479463986432468
31,5;74;0
31,5;74,5;0
31,5;75,5;0
31,5;77;0
31,5;77,5;0
32;-24;0
32;-23,5;0
32;-23;0,163341666454092
32;-22,5;0,106975612856537
32;-22;0,131122764946364
32;-21,5;0,0114127122105133
32;-21;0,00212132034355964
32;-20,5;0,0335310801098523
32;-20;0
32;-19,5;0
32;-19;0
32;-18,5;0,0311287648325468
32;-18;0
32;-17,5;0,270060735279969
32;-17;0,303125969223604
32;-16,5;0,0617434243108754
32;-16;0,0494921641100932
32;-15,5;0,0913318734676515
32;-15;0,0610349344843855
32;-14,5;0,0269366540857125
32;-14;0,0571939814591668
32;-13,5;0,0542553047658761
32;-13;0,0534426261116937
32;-12,5;0,092032007889595
32;-12;0,0603479675961209
32;-11,5;0,0763476498417838
32;-11;0,125849517145516
32;-10,5;0,143774755808526
32;-10;0,0330873828212626
32;-9,5;0,0448471358856722
32;-9;0,0272321404535929
32;-8,5;0,0926309883354377
32;-8;0,0779735404856867
32;-7,5;0,0408674569266509
32;-7;0,0586429742816808
32;-6,5;0,0843125901576812
32;-6;0,0580590795896851
32;-5,5;0,0230812531185873
32;-5;0,0537581021270636
32;-4,5;0,0631560116358336
32;-4;0,0453079002279769
32;-3,5;0,219923594907184
32;-3;0,339615821814748
32;-2,5;0,200777756604585
32;-2;0,10705643819743
32;-1,5;0,0446284609687687
32;-1;0,0262857993872722
32;-0,5;0,0326439368278113
32;0;0,0381375137886988
32;0,5;0,0285606977841377
32;1;0,0399649092784489
32;1,5;0,0275565859265608
32;2;0,032428370934515
32;2,5;0,0273457575342155
32;3;0,0630846430512652
32;3,5;0,0459060047761707
32;4;0,0333845870326562
32;4,5;0,016197510259667
32;5;0,0265898310532857
32;5,5;0,0856229627735629
32;6;0,0856637310089085
32;6,5;0,0653471597576677
32;7;0,0830136991555709
32;7,5;0,0676952989608626
32;8;0,0598465006617478
32;8,5;0,0475074411435331
32;9;0,0559346646971459
32;9,5;0,0973385965392846
32;10;0,108227876428775
32;10,5;0,210864115798053
32;11;0,0541538898751209
32;11,5;0,0371424813932865
32;12;0,0445390710673294
32;12,5;0,0691632228845362
32;13;0,0745807260758409
32;13,5;0,151176558825722
32;14;0,0551414774351679
32;14,5;0,0277658940199232
32;15;0,356199220609404
32;15,5;0,302611205515267
32;16;0,0371857141764365
32;16,5;0,0270729967204277
32;17;0,0283648026293347
32;17,5;0,033802688927236
32;18;0,0278502284387334
32;18,5;0,0187047231112002
32;19;0,0206275879084325
32;19,5;0,0338263247772188
32;20;0,0341882045935924
32;20,5;0,0454489709848907
32;21;0,0438911061731409
32;21,5;0,0786130448759546
32;22;0,057379032534496
32;22,5;0,0427909646674545
32;23;0,0489595499878625
32;23,5;0,0457744515338321
32;24;0,0374052135403609
32;24,5;0,0208847561445109
32;25;0,0243719937045574
32;25,5;0,0657649426818758
32;26;0,0837095756827615
32;26,5;0,172545411038727
32;27;0,0918094850366765
32;27,5;0,0573980913999633
32;28;0,0289784571775683
32;28,5;0,0344903228333109
32;29;0,0436413144287483
32;29,5;0,058036042520187
32;30;0,0407288774710904
32;30,5;0,0834773042843294
32;31;0,0722606717599248
32;31,5;0,0469224395799542
32;32;0,058837056125827
32;32,5;0,0325074350469755
32;33;0,0571705823137535
32;33,5;0,0377587729028563
32;34;0,0252629504742947
32;34,5;0,0219256601497596
32;35;0,325417828562693
32;35,5;0,262955628713622
32;36;0,0335809084223211
32;36,5;0,0167719310658309
32;37;0,0829832503262601
32;37,5;0,0386622123871186
32;38;0,0278846724685388
32;38,5;0,0250119145162579
32;39;0,0378522937647204
32;39,5;0,364174540389315
32;40;0,0862319485433319
32;40,5;0,0283505991793683
32;41;0,0408458737138653
32;41,5;0,0217761337247915
32;42;0,0440265087313811
32;42,5;0,0325681337097067
32;43;0,0893755386814566
32;43,5;0,0554723568017982
32;44;0,315436387129115
32;44,5;0,335520418269506
32;45;0,085040578549302
32;45,5;0,054119397896227
32;46;0,211571744782777
32;46,5;0,192348408608227
32;47;0,0424896746491502
32;47,5;0,0439939061019215
32;48;0,101025489406406
32;48,5;0,100773531659834
32;49;0,089965353753726
32;49,5;0,111442011148128
32;50;0,128708969765404
32;50,5;0,0979860077434458
32;51;0,0539412632175993
32;51,5;0,126890331516995
32;52;0,0520240951784875
32;52,5;0,12185295693149
32;53;0,171305289078054
32;53,5;0,222404396460003
32;54;0,0486215964554156
32;54,5;0,0964182728186589
32;55;0,0738924838772775
32;55,5;0,15139088129406
32;56;0,18227520845184
32;56,5;0,133589289238009
32;57;0,133955764753724
32;57,5;0,137291811306757
32;58;0,0312715515746852
32;58,5;0,0415394796575659
32;59;0,0334029942529507
32;59,5;0,0191819486619985
32;60;0,026219949947491
32;60,5;0,0390973713882672
32;61;0,0322469476751775
32;61,5;0,0527435876589063
32;62;0,0876966370438999
32;62,5;0,0567312993535343
32;63;0,0544443146320652
32;63,5;0,0622576195660407
32;64;0,114790428943492
32;64,5;0,12519618364382
32;65;0,100040940342137
32;65,5;0,112752690511966
32;66;0,111863926319864
32;66,5;0,0794107361165405
32;67;0,0651025126893728
32;67,5;0,0783863899944604
32;68;0,0848497801589348
32;68,5;0,0799491671280819
32;69;0,21258488500675
32;69,5;0,203615598194139
32;70;0,368694111180322
32;70,5;0,115071902987405
32;71;0,167584307141212
32;71,5;0,269341420541387
32;72;0,296886307958922
32;72,5;0,064980540073435
32;73;0,07626073694897
32;73,5;0,0601956516994084
32;74;0,0390558208575513
32;74,5;0,0700113086103476
32;75;0
32;75,5;0,0910628598521068
32;76,5;0,128387127647029
32;77;0,0507969815376203
32;77,5;0,0376563407675255
32,5;-24;0
32,5;-23,5;0
32,5;-23;0
32,5;-22,5;0
32,5;-22;0,142881802633539
32,5;-21,5;0,0342576025625456
32,5;-21;0
32,5;-20,5;0
32,5;-20;0
32,5;-19,5;0
32,5;-19;0
32,5;-18,5;0,0779951158421993
32,5;-18;0
32,5;-17,5;0,184004274739827
32,5;-17;0,14604630707253
32,5;-16,5;0,0580628111900383
32,5;-16;0,0705110966464879
32,5;-15,5;0,0573442403800234
32,5;-15;0,0583421832367249
32,5;-14,5;0,0801729083799212
32,5;-14;0,0617720062694817
32,5;-13,5;0,0672893503213299
32,5;-13;0,0396149045100535
32,5;-12,5;0,0644742842793414
32,5;-12;0,109559607941557
32,5;-11,5;0,0567741138195921
32,5;-11;0,0876634589362516
32,5;-10,5;0,173598551835255
32,5;-10;0,0694774522293848
32,5;-9,5;0,0683431726459332
32,5;-9;0,062011178374437
32,5;-8,5;0,0443652767125122
32,5;-8;0,0815197484524768
32,5;-7,5;0,0297704602421646
32,5;-7;0,144320916510241
32,5;-6,5;0,0962890166502979
32,5;-6;0,0469606448850703
32,5;-5,5;0,0377409854591383
32,5;-5;0,0509605200691712
32,5;-4,5;0,0460448361164386
32,5;-4;0,0598372560957523
32,5;-3,5;0,0310400584066014
32,5;-3;0,0970837087859127
32,5;-2,5;0,158028642100532
32,5;-2;0,153482524924733
32,5;-1,5;0,0457523550462486
32,5;-1;0,0425292368183892
32,5;-0,5;0,0349288755834318
32,5;0;0,020421399154254
32,5;0,5;0,0731771667623538
32,5;1;0,040138593930145
32,5;1,5;0,0427813535140511
32,5;2;0,0318615435079236
32,5;2,5;0,0263445695807877
32,5;3;0,0571116627039235
32,5;3,5;0,0688750324802896
32,5;4;0,0853971522954082
32,5;4,5;0,0312027861502397
32,5;5;0,0382723403906857
32,5;5,5;0,0613017091949718
32,5;6;0,0653530117132578
32,5;6,5;0,0311087638377339
32,5;7;0,0707014314331217
32,5;7,5;0,0893394432372181
32,5;8;0,148740428866037
32,5;8,5;0,0635431712726444
32,5;9;0,0799952690112496
32,5;9,5;0,0904465766277763
32,5;10;0,0917111651606611
32,5;10,5;0,0867328112540329
32,5;11;0,0471908489597481
32,5;11,5;0,0555627815095288
32,5;12;0,0479052749579025
32,5;12,5;0,0528709909480162
32,5;13;0,251947016035286
32,5;13,5;0,199046951775175
32,5;14;0,214567276350171
32,5;14,5;0,0427904865598154
32,5;15;0,0385907914522257
32,5;15,5;0,0558740626079179
32,5;16;0,0436425533598587
32,5;16,5;0,04035436472177
32,5;17;0,033904064940196
32,5;17,5;0,0704623473938274
32,5;18;0,156726105671262
32,5;18,5;0,0337728187811637
32,5;19;0,0342178927949666
32,5;19,5;0,0326060484260355
32,5;20;0,0244866567449176
32,5;20,5;0,0454614614904007
32,5;21;0,130148279495533
32,5;21,5;0,14806530315373
32,5;22;0,0607581746362081
32,5;22,5;0,050508317712008
32,5;23;0,0721973344135276
32,5;23,5;0,0519961166170195
32,5;24;0,0403532149391206
32,5;24,5;0,0473674880653369
32,5;25;0,0268830862735041
32,5;25,5;0,137641708942319
32,5;26;0,0692045723137688
32,5;26,5;0,15177715770906
32,5;27;0,111132841245787
32,5;27,5;0,123219403301032
32,5;28;0,0933982681926031
32,5;28,5;0,0822830901994639
32,5;29;0,0728994237315506
32,5;29,5;0,0282849968504852
32,5;30;0,0583160643466407
32,5;30,5;0,0230443338440071
32,5;31;0,045756203755041
32,5;31,5;0,0418730420783177
32,5;32;0,0339507238934984
32,5;32,5;0,0454370875565307
32,5;33;0,088400593188242
32,5;33,5;0,0855024019767963
32,5;34;0,0282243301980056
32,5;34,5;0,0168509007390869
32,5;35;0,279582681080614
32,5;35,5;0,313867116701923
32,5;36;0,0873108744402334
32,5;36,5;0,0466391551829885
32,5;37;0,0583603593434767
32,5;37,5;0,0335627834688017
32,5;38;0,0401892758691516
32,5;38,5;0,038505240958436
32,5;39;0,0333999142210343
32,5;39,5;0,381252534652641
32,5;40;0,112094119372053
32,5;40,5;0,0225696308187378
32,5;41;0,0216255256787331
32,5;41,5;0,0292009306806663
32,5;42;0,0409152503780512
32,5;42,5;0,0591118144838259
32,5;43;0,0895162160794147
32,5;43,5;0,0325202501015393
32,5;44;0,0669122716759813
32,5;44,5;0,0658695877641824
32,5;45;0,0364608903444716
32,5;45,5;0,0243134238031342
32,5;46;0,0439970978960322
32,5;46,5;0,133239428019875
32,5;47;0,128442982387197
32,5;47,5;0,111442125710703
32,5;48;0,113345110391171
32,5;48,5;0,0829054268665301
32,5;49;0,0318490663161431
32,5;49,5;0,0513388254637755
32,5;50;0,0698609418092556
32,5;50,5;0,0671270039839821
32,5;51;0,0614234033798081
32,5;51,5;0,112228245895387
32,5;52;0,0720325006724175
32,5;52,5;0,205583756558736
32,5;53;0,181788831276169
32,5;53,5;0,222744051253486
32,5;54;0,0838047719709173
32,5;54,5;0,13111477244909
32,5;55;0,179500075678242
32,5;55,5;0,10227070921458
32,5;56;0,128178301525733
32,5;56,5;0,105887930949832
32,5;57;0,174105790271721
32,5;57,5;0,117373905531143
32,5;58;0,053318526985142
32,5;58,5;0,0263606547148151
32,5;59;0,0373538634027474
32,5;59,5;0,0415969636707929
32,5;60;0,0528789801193398
32,5;60,5;0,0549759892023291
32,5;61;0,0424468965350935
32,5;61,5;0,0299331621197086
32,5;62;0,0214549712065452
32,5;62,5;0,0459736581456517
32,5;63;0,0769715992671376
32,5;63,5;0,0931858552504998
32,5;64;0,102178864804042
32,5;64,5;0,119434206410965
32,5;65;0,0907528612120952
32,5;65,5;0,106145556293606
32,5;66;0,0659425369683195
32,5;66,5;0,0975091898503067
32,5;67;0,0781807277433268
32,5;67,5;0,0379786505370213
32,5;68;0,0584759175427794
32,5;68,5;0,0911380872269998
32,5;69;0,0636396103067893
32,5;69,5;0
32,5;70;0
32,5;70,5;0,109636019020515
32,5;71;0,149355634018625
32,5;71,5;0,20072959596532
32,5;72;0,275944519383476
32,5;72,5;0,0995670419030983
32,5;73;0
32,5;73,5;0
32,5;74;0
32,5;74,5;0,0727753392297143
32,5;75;0,0489114846772548
32,5;75,5;0,140293867581751
32,5;76;0,0293325757477928
32,5;77;0,0463567943342978
32,5;77,5;0
33;-24;0
33;-23,5;0
33;-23;0
33;-22,5;0,0116985957643276
33;-22;0,02446970916596
33;-21,5;0
33;-21;0,0292161485027259
33;-20,5;0,0205060966544099
33;-20;0
33;-19,5;0,0541451752236522
33;-19;0,0334634128564317
33;-18,5;0,0335521981396152
33;-18;0,0952203584674342
33;-17,5;0,0944804401525976
33;-17;0,055659680200303
33;-16,5;0,0666734758427396
33;-16;0,069139542101834
33;-15,5;0,0648687036863596
33;-15;0,0513887795794633
33;-14,5;0,0801113242641908
33;-14;0,0760922841967943
33;-13,5;0,0425713069622086
33;-13;0,0670418232195848
33;-12,5;0,0717649602787427
33;-12;0,146624693228841
33;-11,5;0,166819597664437
33;-11;0,0710741617649356
33;-10,5;0,0901391531046367
33;-10;0,0495499613391857
33;-9,5;0,025189731650916
33;-9;0,0280660643527725
33;-8,5;0,0315895552358687
33;-8;0,0601159573109561
33;-7,5;0,0442489388544357
33;-7;0,13358517881861
33;-6,5;0,159219173721125
33;-6;0,183518024625968
33;-5,5;0,0246431771647499
33;-5;0,0274151816682652
33;-4,5;0,0967412524394568
33;-4;0,0554391713493421
33;-3,5;0,0688616558309832
33;-3;0,0892350898328269
33;-2,5;0,120800297120958
33;-2;0,0827433746981924
33;-1,5;0,0524797232294056
33;-1;0,0419535148280212
33;-0,5;0,0329386993241273
33;0;0,0307088433167262
33;0,5;0,0742184865552813
33;1;0,0627183166091465
33;1,5;0,0307119578279865
33;2;0,0342980469868861
33;2,5;0,0310218041730705
33;3;0,0316520122414772
33;3,5;0,0295761614368283
33;4;0,0443042574352709
33;4,5;0,041905536338682
33;5;0,0245895245469431
33;5,5;0,065297935054462
33;6;0,0295460516119369
33;6,5;0,0482009090351102
33;7;0,0820283704057896
33;7,5;0,119792645352892
33;8;0,22224742796933
33;8,5;0,0473811299091893
33;9;0,0689322686240462
33;9,5;0,0460609959020758
33;10;0,0336214310257568
33;10,5;0,0424921888246665
33;11;0,0525645830035604
33;11,5;0,0438326014228787
33;12;0,0425440589960569
33;12,5;0,053051961270706
33;13;0,112081628520869
33;13,5;0,352608674115469
33;14;0,114715361877188
33;14,5;0,0332165353223363
33;15;0,0381850204601986
33;15,5;0,0520902594295352
33;16;0,0391126524272236
33;16,5;0,0251761187427118
33;17;0,0433615985110193
33;17,5;0,131339966901758
33;18;0,160013174881879
33;18,5;0,16144531371684
33;19;0,105833083013088
33;19,5;0,0379887597555987
33;20;0,0282579908979173
33;20,5;0,0423034101745556
33;21;0,133416722718055
33;21,5;0,0663272461456619
33;22;0,0613024947923704
33;22,5;0,0616883596718884
33;23;0,0709657446561406
33;23,5;0,0912902806224981
33;24;0,0740380569997452
33;24,5;0,0848459331326258
33;25;0,0298423151599316
33;25,5;0,0337165982283008
33;26;0,103982037810998
33;26,5;0,13557714545613
33;27;0,128400105587363
33;27,5;0,1254523072701
33;28;0,117102106258298
33;28,5;0,0519328131328335
33;29;0,0443897867537576
33;29,5;0,0379734774049717
33;30;0,0296133439135307
33;30,5;0,0421882129050669
33;31;0,0232515232475925
33;31,5;0,0316570160733236
33;32;0,0365295495315877
33;32,5;0,0283274779235576
33;33;0,357186075219042
33;33,5;0,32246737963256
33;34;0,0480319338218509
33;34,5;0,0283347326232158
33;35;0,0282875936619231
33;35,5;0,0266694466338074
33;36;0,0522731131782347
33;36,5;0,0616352227926957
33;37;0,0953052294719754
33;37,5;0,0488342757148485
33;38;0,058398946092904
33;38,5;0,0236947472413604
33;39;0,0353511468168604
33;39,5;0,13783464561452
33;40;0,0300211690018109
33;40,5;0,0156909133547019
33;41;0,0290796782298294
33;41,5;0,0880185829051975
33;42;0,0981592538605368
33;42,5;0,0462732868930856
33;43;0,0724038575977919
33;43,5;0,0336602359557065
33;44;0,0596800792928996
33;44,5;0,0688697284428966
33;45;0,0582580442504548
33;45,5;0,0531404436311111
33;46;0,201407571306578
33;46,5;0,124499933065578
33;47;0,0948005031603158
33;47,5;0,153175811409967
33;48;0,103025660768857
33;48,5;0,0413941014959313
33;49;0,109309534717541
33;49,5;0,15967843374688
33;50;0,201407318608289
33;50,5;0,203153446598904
33;51;0,254371042644285
33;51,5;0,0514779439321793
33;52;0,0396902425684568
33;52,5;0,181719111663486
33;53;0,202440217110371
33;53,5;0,146560374201459
33;54;0,197721462211014
33;54,5;0,206903121199366
33;55;0,206636634232325
33;55,5;0,274509465299072
33;56;0,224246898226749
33;56,5;0,042783944723041
33;57;0,107059804826011
33;57,5;0,123776455914196
33;58;0,211636684500121
33;58,5;0,0868749537688468
33;59;0,0385613293487339
33;59,5;0,0285681487759883
33;60;0,0352326272556507
33;60,5;0,0381894148097188
33;61;0,0379033348229107
33;61,5;0,0391237135460941
33;62;0,0397807745658962
33;62,5;0,0349057073178778
33;63;0,0321478325436553
33;63,5;0,0811890417472562
33;64;0,102250087926789
33;64,5;0,0900020061504804
33;65;0,0723695665778556
33;65,5;0,0838022946071929
33;66;0,0961809511406434
33;66,5;0,0247487373415292
33;67;0,0497225636239055
33;67,5;0,0501222315468704
33;68;0,0627659604361606
33;68,5;0,105787072754211
33;69;0,101910091093408
33;69,5;0
33;70;0
33;70,5;0,381712369898243
33;71;0,280605352182508
33;71,5;0,259901190431823
33;72;0,0553345883391814
33;72,5;0
33;73;0
33;73,5;0
33;74;0
33;74,5;0,0277896863362411
33;75;0,139990242006873
33;75,5;0,114401828925671
33;76;0,121969941652305
33;77;0,184554869889689
33;77,5;0
33,5;-24;0
33,5;-23,5;0,0728319984622144
33,5;-23;0
33,5;-22,5;0,0370675059857013
33,5;-22;0,0432137544241249
33,5;-21,5;0,029698484809835
33,5;-21;0
33,5;-20,5;0,0404233156042951
33,5;-20;0,0594515831642921
33,5;-19,5;0,0476700516417741
33,5;-19;0,0570228024565612
33,5;-18,5;0,053721762608628
33,5;-18;0,0556767592012279
33,5;-17,5;0,0763541985509876
33,5;-17;0,0647478626232999
33,5;-16,5;0,0388552983584776
33,5;-16;0,0689893711620372
33,5;-15,5;0,0503612405075028
33,5;-15;0,083439119003538
33,5;-14,5;0,0475335794620034
33,5;-14;0,0372174661274278
33,5;-13,5;0,0599533151710562
33,5;-13;0
33,5;-12,5;0
33,5;-12;0,252698733144075
33,5;-11,5;0,28502627200004
33,5;-11;0,0718447845047124
33,5;-10,5;0,0610776402792094
33,5;-10;0,0574113622563429
33,5;-9,5;0,0555472576775653
33,5;-9;0,0452624810653613
33,5;-8,5;0,138324497709793
33,5;-8;0,107829354591124
33,5;-7,5;0,130266475308776
33,5;-7;0,291339771220961
33,5;-6,5;0,294277810104531
33,5;-6;0,138702941964522
33,5;-5,5;0,0847092112477707
33,5;-5;0,0524855782374052
33,5;-4,5;0,0298827384358651
33,5;-4;0,0291413162375473
33,5;-3,5;0,0917432501812747
33,5;-3;0,0940306980733377
33,5;-2,5;0,0613683502090034
33,5;-2;0,062636539674998
33,5;-1,5;0,118457005149402
33,5;-1;0,0533382970794611
33,5;-0,5;0,0367606755774097
33,5;0;0,0448269076882687
33,5;0,5;0,0339206724738708
33,5;1;0,0374969108079136
33,5;1,5;0,0291736559577504
33,5;2;0,0549504985078227
33,5;2,5;0,0834014098360185
33,5;3;0,0776357438545108
33,5;3,5;0,0446031788135234
33,5;4;0,0271225911794209
33,5;4,5;0,0350172317829255
33,5;5;0,0554518470017666
33,5;5,5;0,0431273433511762
33,5;6;0,0288764690931859
33,5;6,5;0,0332706421118623
33,5;7;0,088339028611253
33,5;7,5;0,12675258261281
33,5;8;0,0719497825875298
33,5;8,5;0,0873858375428516
33,5;9;0,0706793432709826
33,5;9,5;0,0561533493063255
33,5;10;0,0363754851980371
33,5;10,5;0,0350341155902251
33,5;11;0,044295017095819
33,5;11,5;0,0438457669798497
33,5;12;0,0589656024378776
33,5;12,5;0,050184931414519
33,5;13;0,0359940030278414
33,5;13,5;0,0538169687988343
33,5;14;0,0392265885220722
33,5;14,5;0,0371864906615198
33,5;15;0,0397977957361277
33,5;15,5;0,0476165064608174
33,5;16;0,337505370864404
33,5;16,5;0,0374538581724813
33,5;17;0,0319891969865329
33,5;17,5;0,0440314480917064
33,5;18;0,0533762824178724
33,5;18,5;0,138060494178823
33,5;19;0,0990988946938119
33,5;19,5;0,169265964695823
33,5;20;0,0808802468163202
33,5;20,5;0,0308717376791107
33,5;21;0,0516829108916759
33,5;21,5;0,0422869786990406
33,5;22;0,0322951625016565
33,5;22,5;0,0535676203027872
33,5;23;0,0706342116329785
33,5;23,5;0,0628540119700269
33,5;24;0,0434936777014775
33,5;24,5;0,067319005187122
33,5;25;0,046946828520124
33,5;25,5;0,0444274973525226
33,5;26;0,0718332564812057
33,5;26,5;0,0979956652404844
33,5;27;0,130945238409745
33,5;27,5;0,153140600702541
33,5;28;0,141766170114014
33,5;28,5;0,170073987302658
33,5;29;0,092905136160865
33,5;29,5;0,140486268360278
33,5;30;0,141330121234095
33,5;30,5;0,0458484883534618
33,5;31;0,0330943814701322
33,5;31,5;0,0412815400175246
33,5;32;0,0476131984502897
33,5;32,5;0,0706805805563814
33,5;33;0,270305952814069
33,5;33,5;0,305168672593997
33,5;34;0,023457787344821
33,5;34,5;0,0370848787957318
33,5;35;0,0608286608466121
33,5;35,5;0,0607129859804858
33,5;36;0,0318970859113471
33,5;36,5;0,04013107376127
33,5;37;0,0983932312785413
33,5;37,5;0,0611693433632658
33,5;38;0,0462784943122902
33,5;38,5;0,0448648782487536
33,5;39;0,0312529139137325
33,5;39,5;0,04913566702615
33,5;40;0,039580938451548
33,5;40,5;0,0475413869283846
33,5;41;0,040025757891211
33,5;41,5;0,0570530901566141
33,5;42;0,169540025097889
33,5;42,5;0,046645102258847
33,5;43;0,0396084868608353
33,5;43,5;0,0653008422610306
33,5;44;0,0567581185561904
33,5;44,5;0,0641630477316569
33,5;45;0,0510384706088815
33,5;45,5;0,0380328805114732
33,5;46;0,121021349686284
33,5;46,5;0,0619843546718818
33,5;47;0,0383973211301577
33,5;47,5;0,125611752073415
33,5;48;0,121833045791493
33,5;48,5;0,065081275738807
33,5;49;0,0397276419787292
33,5;49,5;0,241996569256013
33,5;50;0,0843910523960799
33,5;50,5;0,0987952846266602
33,5;51;0,161733672604051
33,5;51,5;0,23819835155432
33,5;52;0,158620547097255
33,5;52,5;0,155908219363232
33,5;53;0,0854008357969694
33,5;53,5;0,190492548006107
33,5;54;0,171216775767534
33,5;54,5;0,135619243476366
33,5;55;0,159519328518089
33,5;55,5;0,16314121310597
33,5;56;0,0402407233175262
33,5;56,5;0,091214078182088
33,5;57;0,160436462627592
33,5;57,5;0,263853313087953
33,5;58;0,206049262515706
33,5;58,5;0,0736477016715907
33,5;59;0,02676917115994
33,5;59,5;0,027509303256544
33,5;60;0,0307452191825291
33,5;60,5;0,0388076891340223
33,5;61;0,0410928903951236
33,5;61,5;0,0677885483171146
33,5;62;0,0516139310907203
33,5;62,5;0,0253432569388567
33,5;63;0,0450785458974355
33,5;63,5;0,151643993949318
33,5;64;0,0451002822717653
33,5;64,5;0,0532334006944414
33,5;65;0,0535765834334148
33,5;65,5;0,0764754622511732
33,5;66;0,0610225683346239
33,5;66,5;0,0436383206631858
33,5;67;0,0795368737486852
33,5;67,5;0,0781715424134003
33,5;68;0,0562345636939254
33,5;68,5;0,0634057230404773
33,5;69;0,0724658677882353
33,5;69,5;0
33,5;70;0
33,5;70,5;0
33,5;71;0,0486441157798145
33,5;71,5;0,13717871555019
33,5;72;0,0403883421523858
33,5;72,5;0
33,5;73;0
33,5;73,5;0
33,5;74;0
33,5;74,5;0,0172143351115671
33,5;75;0,117000618531878
33,5;75,5;0,151277151832875
33,5;76;0,139000859408337
33,5;76,5;0,0610481181304774
33,5;77;0,0483063819380805
33,5;77,5;0,0877858356523219
34;-23,5;0,0806443495299647
34;-23;0
34;-22,5;0,0226274169979695
34;-22;0
34;-21,5;0
34;-21;0
34;-20,5;0,0489492367435671
34;-20;0,0636458953900407
34;-19,5;0,0940802303546805
34;-19;0,0794020010942909
34;-18,5;0,0518767770779951
34;-18;0,0418319505630814
34;-17,5;0,0416884244267254
34;-17;0,0472743323591143
34;-16,5;0,0464052798720146
34;-16;0,0734319913453338
34;-15,5;0,0649461175776181
34;-15;0,0454301203314864
34;-14,5;0,0478660986366427
34;-14;0,0426526390631063
34;-13,5;0,0716353100576721
34;-13;0,0630896797607001
34;-12,5;0,0586017633409326
34;-12;0,278946659625557
34;-11,5;0,354897239316797
34;-11;0,0664368923688808
34;-10,5;0,0589201366559531
34;-10;0,0948415817287534
34;-9,5;0,0422645683826672
34;-9;0,0464404742337847
34;-8,5;0,159940509773686
34;-8;0,0837923111772756
34;-7,5;0,112161300179984
34;-7;0,260577737638773
34;-6,5;0,304872720885043
34;-6;0,163255546610107
34;-5,5;0,280521872483238
34;-5;0,126518619863486
34;-4,5;0,028892404678565
34;-4;0,0260228328371857
34;-3,5;0,0231069189901081
34;-3;0,0246220256509734
34;-2,5;0,0820241361070605
34;-2;0,147470473210921
34;-1,5;0,310303062410881
34;-1;0,0947197547123783
34;-0,5;0,0713418621481514
34;0;0,0280982669401872
34;0,5;0,0237799554637739
34;1;0,0478994582074668
34;1,5;0,0326774798776531
34;2;0,0556741510357586
34;2,5;0,0853797802723919
34;3;0,0626277357355215
34;3,5;0,349620131008309
34;4;0,0668713762741422
34;4,5;0,045914226647775
34;5;0,0570803636642408
34;5,5;0,049271040644634
34;6;0,0268416875489637
34;6,5;0,0419555047703037
34;7;0,0560507318977312
34;7,5;0,0678670510177426
34;8;0,064261970158293
34;8,5;0,0600118826919056
34;9;0,0602675714546166
34;9,5;0,0470780967224806
34;10;0,0744471583264882
34;10,5;0,0541167205625437
34;11;0,0415063171931383
34;11,5;0,0471731086342401
34;12;0,0446334580411122
34;12,5;0,0435077777430419
34;13;0,0398413678884677
34;13,5;0,0378054280750435
34;14;0,0390537346887743
34;14,5;0,0263932276087223
34;15;0,0637225874691602
34;15,5;0,0332299351860324
34;16;0,248190502747576
34;16,5;0,0469762781559177
34;17;0,052496167740782
34;17,5;0,0414738359709054
34;18;0,0307878955548201
34;18,5;0,0329077807079425
34;19;0,077420003527869
34;19,5;0,185678836117832
34;20;0,183632930510963
34;20,5;0,188399913509716
34;21;0,0294222208524409
34;21,5;0,0463843432666183
34;22;0,0470878998058233
34;22,5;0,0498856842321084
34;23;0,0733033827621191
34;23,5;0,044582312221611
34;24;0,0323480427192836
34;24,5;0,053230447662264
34;25;0,046990108620041
34;25,5;0,06362820875665
34;26;0,0491966961533561
34;26,5;0,131501290988646
34;27;0,171473531452512
34;27,5;0,0740450521500199
34;28;0,11566967329135
34;28,5;0,101886075848423
34;29;0,0774754822517424
34;29,5;0,107049465279042
34;30;0,109733866011648
34;30,5;0,0604423968198924
34;31;0,0440836740485474
34;31,5;0,0290287427618918
34;32;0,0416277008275797
34;32,5;0,115140457403684
34;33;0,0505767956572297
34;33,5;0,0314653337323912
34;34;0,0268495656120117
34;34,5;0,0637653292756405
34;35;0,0837932463073353
34;35,5;0,0496760937042586
34;36;0,0346283145426864
34;36,5;0,0294891421396458
34;37;0,0400628476503766
34;37,5;0,0464005200882793
34;38;0,0797459801486085
34;38,5;0,0590211559420814
34;39;0,0349101897712152
34;39,5;0,0437372397763129
34;40;0,316646843369673
34;40,5;0,0709320145541154
34;41;0,0511336645752342
34;41,5;0,0349144191798556
34;42;0,0253090675069554
34;42,5;0,0367962467393712
34;43;0,141676156544894
34;43,5;0,0470965320733208
34;44;0,159733534569657
34;44,5;0,129053151221582
34;45;0,0910122702350256
34;45,5;0,0682699450669842
34;46;0,056307924567915
34;46,5;0,025560528820993
34;47;0,0258712509427811
34;47,5;0,0298989989421226
34;48;0,0529630959412348
34;48,5;0,0913812865508056
34;49;0,0716154974609827
34;49,5;0,169956357224087
34;50;0,181893589665586
34;50,5;0,133012219037287
34;51;0,114774060780295
34;51,5;0,11045746771456
34;52;0,060724102847771
34;52,5;0,120274954341062
34;53;0,200927863690735
34;53,5;0,140269442518919
34;54;0,181023454697016
34;54,5;0,183654743570655
34;55;0,121989011966159
34;55,5;0,188403309440377
34;56;0,0889677198864133
34;56,5;0,0591493686479223
34;57;0,0708727854118074
34;57,5;0,154129204373777
34;58;0,162093765289429
34;58,5;0,179167977201107
34;59;0,0660220356516187
34;59,5;0,0481556045293339
34;60;0,0312066426495153
34;60,5;0,0354662240250493
34;61;0,0413569711131418
34;61,5;0,128991399158883
34;62;0,0795452572001498
34;62,5;0,067004225064324
34;63;0,0590360170999065
34;63,5;0,051476857630199
34;64;0,0509794833619868
34;64,5;0,0457197727361764
34;65;0,0510088602611018
34;65,5;0,0537692616966363
34;66;0,0497128928191557
34;66,5;0,0546387028086459
34;67;0,0730757705077005
34;67,5;0,063542535723355
34;68;0,101156363759667
34;68,5;0,141374422271949
34;69;0,164598720523017
34;69,5;0,0619483655958735
34;70;0
34;70,5;0,0695402107351632
34;71;0,123036579926459
34;71,5;0
34;72;0,0603920524572563
34;72,5;0
34;73;0
34;73,5;0,0837277333583881
34;74;0,0602137857969419
34;74,5;0
34;75;0
34;75,5;0,276239630272945
34;76;0
34;76,5;0
34;77,5;0,0584674864321784
34;78;0,0339411254969543
34,5;-23,5;0,0657609306503489
34,5;-23;0,0157631275601065
34,5;-22,5;0,0636590621237557
34,5;-22;0,0966952654423905
34,5;-21,5;0,0198578280114753
34,5;-21;0
34,5;-20,5;0,0261151297144012
34,5;-20;0,0619248924721901
34,5;-19,5;0,0798187269171005
34,5;-19;0,0311394712008195
34,5;-18,5;0,0707103414003382
34,5;-18;0,0269480982631428
34,5;-17,5;0,0561094709231225
34,5;-17;0,0540613463268042
34,5;-16,5;0,0435400299784729
34,5;-16;0,0648209581366753
34,5;-15,5;0,0855092840710157
34,5;-15;0,0616955474869147
34,5;-14,5;0,0698747047147561
34,5;-14;0,0526544949015118
34,5;-13,5;0,0718663574514065
34,5;-13;0,0406817517581086
34,5;-12,5;0,0477738413878203
34,5;-12;0,0574158219735921
34,5;-11,5;0,070495187761893
34,5;-11;0,0390090716623412
34,5;-10,5;0,0441353472428242
34,5;-10;0,0544126072668268
34,5;-9,5;0,0518321970888006
34,5;-9;0,0357603988015931
34,5;-8,5;0,0832967455912112
34,5;-8;0,117081258648686
34,5;-7,5;0,0906503085012541
34,5;-7;0,0490040407660023
34,5;-6,5;0,254191858754529
34,5;-6;0,291948980738833
34,5;-5,5;0,158029240418588
34,5;-5;0,191779347453475
34,5;-4,5;0,0776553499076029
34,5;-4;0,0435568457345213
34,5;-3,5;0,0176727631757341
34,5;-3;0,0234841879499264
34,5;-2,5;0,045447862824275
34,5;-2;0,0532645127343871
34,5;-1,5;0,178213135775917
34,5;-1;0,075324832333333
34,5;-0,5;0,0534410758015121
34,5;0;0,0321373060877391
34,5;0,5;0,023601724228425
34,5;1;0,0203472111026022
34,5;1,5;0,0389060813796099
34,5;2;0,0328644447388443
34,5;2,5;0,0293359123851404
34,5;3;0,0305004969948159
34,5;3,5;0,184161045166726
34,5;4;0,0638671826651592
34,5;4,5;0,0519727388174082
34,5;5;0,048727953972838
34,5;5,5;0,0233283104542503
34,5;6;0,0245867837739158
34,5;6,5;0,0312840227163897
34,5;7;0,02720836873907
34,5;7,5;0,0353352378452308
34,5;8;0,05939214943294
34,5;8,5;0,0582736513115559
34,5;9;0,0980923524728446
34,5;9,5;0,069731966569484
34,5;10;0,0572012110000265
34,5;10,5;0,0392398916054096
34,5;11;0,047405081565606
34,5;11,5;0,0359222354928131
34,5;12;0,0417150820468501
34,5;12,5;0,0411441611231748
34,5;13;0,0386921125499371
34,5;13,5;0,0454953167391272
34,5;14;0,0764556085140918
34,5;14,5;0,147081116652286
34,5;15;0,0345730216562202
34,5;15,5;0,0418641723207735
34,5;16;0,0425130248808014
34,5;16,5;0,0475023437441603
34,5;17;0,0537544782137822
34,5;17,5;0,0176313978998844
34,5;18;0,0204462417231065
34,5;18,5;0,0456710179472921
34,5;19;0,0371664223933813
34,5;19,5;0,0389628999744362
34,5;20;0,15494350624034
34,5;20,5;0,20155865308542
34,5;21;0,194622106724211
34,5;21,5;0,185143498625584
34,5;22;0,0492827092819953
34,5;22,5;0,0548146940947884
34,5;23;0,0530338150352215
34,5;23,5;0,0507711903947966
34,5;24;0,0776364665388574
34,5;24,5;0,0741060443710561
34,5;25;0,093212647688367
34,5;25,5;0,0984172974418246
34,5;26;0,0660246166213784
34,5;26,5;0,0818206127584994
34,5;27;0,0922702738888651
34,5;27,5;0,0766310945742483
34,5;28;0,0366913024237458
34,5;28,5;0,137853560962249
34,5;29;0,166466530606981
34,5;29,5;0,0938202644251588
34,5;30;0,0631367334238794
34,5;30,5;0,0555218133987481
34,5;31;0,050072467792314
34,5;31,5;0,075279757882041
34,5;32;0,0845079861308264
34,5;32,5;0,0487810225934851
34,5;33;0,0736591593970865
34,5;33,5;0,0276028779391464
34,5;34;0,183516962382483
34,5;34,5;0,146356027940774
34,5;35;0,0931821108642854
34,5;35,5;0,0471814240656162
34,5;36;0,047503840645079
34,5;36,5;0,0543719525918477
34,5;37;0,0307595513621379
34,5;37,5;0,0207496357298173
34,5;38;0,0275388255849909
34,5;38,5;0,034771580515779
34,5;39;0,0370809461668314
34,5;39,5;0,0422281942033392
34,5;40;0,056222453922511
34,5;40,5;0,0441923824506743
34,5;41;0,0258492797135237
34,5;41,5;0,0262508716895803
34,5;42;0,0650447790236612
34,5;42,5;0,0678760913290142
34,5;43;0,122950695060979
34,5;43,5;0,136490017193157
34,5;44;0,195164232951869
34,5;44,5;0,161403143264459
34,5;45;0,122055709179254
34,5;45,5;0,109006500804451
34,5;46;0,0403176966934703
34,5;46,5;0,0551015016319307
34,5;47;0,0471636109553447
34,5;47,5;0,0503971021620895
34,5;48;0,112683171358628
34,5;48,5;0,104837147092375
34,5;49;0,142481683672228
34,5;49,5;0,0297979141262356
34,5;50;0,212272097516686
34,5;50,5;0,155552957603022
34,5;51;0,164979408537607
34,5;51,5;0,161279494769891
34,5;52;0,0596187797432288
34,5;52,5;0,143532396670487
34,5;53;0,165779542198578
34,5;53,5;0,089194993013686
34,5;54;0,171096300775891
34,5;54,5;0,121601010723877
34,5;55;0,144324620243406
34,5;55,5;0,119799444583167
34,5;56;0,102035900259296
34,5;56,5;0,0797453565689148
34,5;57;0,05277964370355
34,5;57,5;0,132007764489758
34,5;58;0,11762400449916
34,5;58,5;0,112913177255477
34,5;59;0,0454382395504643
34,5;59,5;0,0743151214621112
34,5;60;0,0680304345895379
34,5;60,5;0,0733549506201715
34,5;61;0,0442615748117149
34,5;61,5;0,0726513216723105
34,5;62;0,0550226437687263
34,5;62,5;0,0284057338276221
34,5;63;0,0188761754600872
34,5;63,5;0,0272500277317254
34,5;64;0,0313799124776317
34,5;64,5;0,0468590589730251
34,5;65;0,0723343163329626
34,5;65,5;0,0764510019997143
34,5;66;0,108633024836893
34,5;66,5;0,069076580870963
34,5;67;0,0628685009579393
34,5;67,5;0,0608728420857813
34,5;68;0,0747004587441427
34,5;68,5;0,0685931130035308
34,5;69;0,211557578665736
34,5;69,5;0,14132171254546
34,5;70;0,0728335586987707
34,5;70,5;0,0548174476710651
34,5;71;0,114823052273197
34,5;71,5;0
34,5;72;0,0100166528008778
34,5;72,5;0,0722458764682571
34,5;73;0,124192365263504
34,5;73,5;0,109644030882053
34,5;74;0,128351945470712
34,5;74,5;0
34,5;75;0,0982878425849301
34,5;75,5;0
34,5;76;0
35;-23,5;0,00794984276574072
35;-23;0
35;-22,5;0,0905096679918781
35;-22;0,09789390650708
35;-21,5;0,0426895771822584
35;-21;0,0479730985221737
35;-20,5;0,225044867321368
35;-20;0,356799658116072
35;-19,5;0,0502862154392579
35;-19;0,0637515859087627
35;-18,5;0,0636972003571062
35;-18;0,0748445054763541
35;-17,5;0,0572472706772995
35;-17;0,0278273446651151
35;-16,5;0,0440274639562351
35;-16;0,0725777087646325
35;-15,5;0,067135826589256
35;-15;0,0726504436085681
35;-14,5;0,0669345597887791
35;-14;0,0543081834337956
35;-13,5;0,0319685047213292
35;-13;0,0255333581996646
35;-12,5;0,0204100815424983
35;-12;0,0305760246047849
35;-11,5;0,0736509825249518
35;-11;0,047530635282127
35;-10,5;0,0581252728895516
35;-10;0,0572132110194098
35;-9,5;0,0502849897408433
35;-9;0,064248279647257
35;-8,5;0,065408983449252
35;-8;0,208978191544148
35;-7,5;0,0882754698988263
35;-7;0,0619944868563371
35;-6,5;0,257807737168557
35;-6;0,269487825124137
35;-5,5;0,131686682236591
35;-5;0,208551000833177
35;-4,5;0,110316311055294
35;-4;0,0360659571802376
35;-3,5;0,0202437033619722
35;-3;0,0313185573598278
35;-2,5;0,0341573157935781
35;-2;0,045209959036031
35;-1,5;0,0499525280330236
35;-1;0,0434226315413056
35;-0,5;0,0560533489041711
35;0;0,0286644444357918
35;0,5;0,0272305353300586
35;1;0,0331651020912645
35;1,5;0,030129235525206
35;2;0,0264623563297188
35;2,5;0,0456252458959189
35;3;0,0267958968865575
35;3,5;0,019966740416856
35;4;0,0425233432881075
35;4,5;0,0763604914507994
35;5;0,02249946263741
35;5,5;0,0204415578780371
35;6;0,0491634656574001
35;6,5;0,110527335447789
35;7;0,221262472796748
35;7,5;0,147659967574222
35;8;0,0440284954970918
35;8,5;0,0743208220745541
35;9;0,035428414279954
35;9,5;0,0490982356724054
35;10;0,0569468426617116
35;10,5;0,055542744760841
35;11;0,0531822972800748
35;11,5;0,0529022018643106
35;12;0,0574125226789273
35;12,5;0,0596215036934225
35;13;0,0365901516467323
35;13,5;0,0552148390560255
35;14;0,0433238267389794
35;14,5;0,0794988167790877
35;15;0,0258452144979255
35;15,5;0,0365691713792751
35;16;0,039262049603233
35;16,5;0,0397702939095331
35;17;0,025107239103047
35;17,5;0,0283442443208047
35;18;0,0220107536953398
35;18,5;0,0365638225270484
35;19;0,0370695020821372
35;19,5;0,0888212444064867
35;20;0,323973616652867
35;20,5;0,221976510826131
35;21;0,145318723339889
35;21,5;0,172420836004947
35;22;0,108260884299975
35;22,5;0,0733698919641562
35;23;0,0754419038333106
35;23,5;0,0718283920628611
35;24;0,0414143635687417
35;24,5;0,0759126119669675
35;25;0,107802120567638
35;25,5;0,105648452512128
35;26;0,0637295999105746
35;26,5;0,084470842598495
35;27;0,116338032238379
35;27,5;0,0614797887583416
35;28;0,0601774190463948
35;28,5;0,0395219109175788
35;29;0,0552645079614429
35;29,5;0,0497203690139794
35;30;0,0456133196679377
35;30,5;0,0501103781666034
35;31;0,046688213563107
35;31,5;0,0591748331177985
35;32;0,0740870197900915
35;32,5;0,0558644389320262
35;33;0,0482272046395065
35;33,5;0,0337448271721984
35;34;0,130548221039311
35;34,5;0,0980410274692533
35;35;0,135285567611337
35;35,5;0,0689448116419328
35;36;0,0720728100250266
35;36,5;0,0757637721708319
35;37;0,0631179584640716
35;37,5;0,0225830493434137
35;38;0,0566272793623512
35;38,5;0,0319239467383051
35;39;0,0495140983799094
35;39,5;0,0664928028997542
35;40;0,0323223348991581
35;40,5;0,0353405997258212
35;41;0,0326550149287977
35;41,5;0,0320405304620024
35;42;0,104237075488216
35;42,5;0,0852684748891251
35;43;0,0637323929123651
35;43,5;0,088154142017383
35;44;0,103060581558006
35;44,5;0,119349876309976
35;45;0,079634973005708
35;45,5;0,167176319796873
35;46;0,12038927677095
35;46,5;0,0977971540144872
35;47;0,0618752788902082
35;47,5;0,184444496940924
35;48;0,158969929758722
35;48,5;0,0630992542026341
35;49;0,0508533406862634
35;49,5;0,0470277378439763
35;50;0,0992528243451836
35;50,5;0,0761307496799549
35;51;0,0895178699244607
35;51,5;0,0726157497202777
35;52;0,0951934559218398
35;52,5;0,225616164048265
35;53;0,185179386227666
35;53,5;0,178465848260955
35;54;0,107385893556521
35;54,5;0,260089607539249
35;55;0,124140202375936
35;55,5;0,116251851260498
35;56;0,118863670446014
35;56,5;0,0562830815468954
35;57;0,0751859583468684
35;57,5;0,192284179478333
35;58;0,0702979037832965
35;58,5;0,0512292946396392
35;59;0,0405329506861294
35;59,5;0,0546552793552783
35;60;0,0557139936124587
35;60,5;0,0624739671810784
35;61;0,0550276448264593
35;61,5;0,0841682379358611
35;62;0,0912532585394101
35;62,5;0,0430112128040755
35;63;0,0537298064882348
35;63,5;0,0401791442960603
35;64;0,0477601112415628
35;64,5;0,0392297887899287
35;65;0,0425067366437195
35;65,5;0,0213953711059637
35;66;0,0418100236555551
35;66,5;0,0361692194946746
35;67;0,0674187570259225
35;67,5;0,0561381084839697
35;68;0,0534817613529118
35;68,5;0,0408550704516489
35;69;0,0823462717574036
35;69,5;0,100705794981506
35;70;0,0516274151977416
35;70,5;0,097661106381224
35;71;0
35;71,5;0,0600446593054795
35;72;0,0720710433816359
35;72,5;0,0992970808050783
35;73;0,0727454148700479
35;73,5;0,0934301302969862
35;74;0,0993635939845365
35;74,5;0,124277548619648
35;75;0,102862755352686
35;75,5;0
35;76;0,0473557961454712
35;76,5;0
35;77;0,0613675984771862
35;77,5;0,0898025612106915
35,5;-23,5;0
35,5;-23;0
35,5;-22,5;0
35,5;-22;0,108309741020833
35,5;-21,5;0,0544573792414412
35,5;-21;0,0777817459305202
35,5;-20,5;0,513170861734504
35,5;-20;0,335940998703536
35,5;-19,5;0,0642289014280653
35,5;-19;0,0610717813980475
35,5;-18,5;0,0911902199454799
35,5;-18;0,0559513969756735
35,5;-17,5;0,0501500526198904
35,5;-17;0,0495493796695885
35,5;-16,5;0,0286879765755621
35,5;-16;0,0546754058055356
35,5;-15,5;0,0638642286877588
35,5;-15;0,0518152363060354
35,5;-14,5;0,0388990964661437
35,5;-14;0,0592031763671006
35,5;-13,5;0,0600377607587713
35,5;-13;0,0491655367101794
35,5;-12,5;0,0252487623459052
35,5;-12;0,0612788911089591
35,5;-11,5;0,0537179367133426
35,5;-11;0,0436703930118158
35,5;-10,5;0,0603223021928372
35,5;-10;0,0495722926151489
35,5;-9,5;0,0569170673221359
35,5;-9;0,0557959223083243
35,5;-8,5;0,0338696606355101
35,5;-8;0,0770472901624003
35,5;-7,5;0,0731135119615368
35,5;-7;0,0699485545248223
35,5;-6,5;0,0829553367755407
35,5;-6;0,191384003572109
35,5;-5,5;0,0651166507748803
35,5;-5;0,162950000521335
35,5;-4,5;0,169261711397253
35,5;-4;0,0551874882704666
35,5;-3,5;0,0314582615893222
35,5;-3;0,0610563714527891
35,5;-2,5;0,0353516529180049
35,5;-2;0,0365653477408149
35,5;-1,5;0,0558085017131172
35,5;-1;0,035331672771613
35,5;-0,5;0,0368426693078318
35,5;0;0,0342396349326143
35,5;0,5;0,0306029419483151
35,5;1;0,0478409104868453
35,5;1,5;0,0607651390963777
35,5;2;0,0750632735219252
35,5;2,5;0,0379301498882303
35,5;3;0,0352565211261919
35,5;3,5;0,027020077220518
35,5;4;0,0465544340724681
35,5;4,5;0,0351880379785671
35,5;5;0,0450287122887712
35,5;5,5;0,0603214677808553
35,5;6;0,0534559015402443
35,5;6,5;0,0357348950159587
35,5;7;0,0766430207623561
35,5;7,5;0,0343811449517913
35,5;8;0,0910923885932478
35,5;8,5;0,0621156637061513
35,5;9;0,0517495216114409
35,5;9,5;0,0498237141470699
35,5;10;0,0521594937555524
35,5;10,5;0,0700908977325453
35,5;11;0,0848682810107152
35,5;11,5;0,0431728503646198
35,5;12;0,0466199987832079
35,5;12,5;0,054141590697011
35,5;13;0,0397039568980286
35,5;13,5;0,0375623979183137
35,5;14;0,0316836334971062
35,5;14,5;0,0317521185073212
35,5;15;0,0293151833657946
35,5;15,5;0,0312462678876716
35,5;16;0,0381840798132193
35,5;16,5;0,0341281357429929
35,5;17;0,0279395618333982
35,5;17,5;0,0236120597766374
35,5;18;0,0307267527300451
35,5;18,5;0,0258637208948225
35,5;19;0,0319365469025485
35,5;19,5;0,0870900645242784
35,5;20;0,327122391091624
35,5;20,5;0,156144209004376
35,5;21;0,0473120134148167
35,5;21,5;0,0666685992229255
35,5;22;0,0676729920832779
35,5;22,5;0,133365525650992
35,5;23;0,0903892544296159
35,5;23,5;0,078325864481868
35,5;24;0,133059718049803
35,5;24,5;0,102045986365625
35,5;25;0,0427367151373183
35,5;25,5;0,0706931884325237
35,5;26;0,0842448669815087
35,5;26,5;0,129933166831902
35,5;27;0,107583184444755
35,5;27,5;0,084004461666223
35,5;28;0,0393695817255799
35,5;28,5;0,0784791780340818
35,5;29;0,0695176533813726
35,5;29,5;0,174926925711404
35,5;30;0,0967849383929126
35,5;30,5;0,0317693716526879
35,5;31;0,0518956586214444
35,5;31,5;0,0340725638856574
35,5;32;0,0219815098857996
35,5;32,5;0,0218547830622892
35,5;33;0,0470185459570141
35,5;33,5;0,0405614810695625
35,5;34;0,0865568810893267
35,5;34,5;0,130955245441105
35,5;35;0,0942150140398196
35,5;35,5;0,0617620756742893
35,5;36;0,0430705881109614
35,5;36,5;0,0264356383544376
35,5;37;0,0406391226776738
35,5;37,5;0,0448563086951219
35,5;38;0,0906528958206033
35,5;38,5;0,036511585391059
35,5;39;0,0963496201327223
35,5;39,5;0,0607388280604736
35,5;40;0,044138418639548
35,5;40,5;0,0260326825399168
35,5;41;0,0292808242142646
35,5;41,5;0,0339968540920225
35,5;42;0,110321727103388
35,5;42,5;0,0702875636069152
35,5;43;0,0917182068979983
35,5;43,5;0,107768462270068
35,5;44;0,0546602491529774
35,5;44,5;0,0860306147058515
35,5;45;0,207272037478916
35,5;45,5;0,0716425874084578
35,5;46;0,138129022369408
35,5;46,5;0,103947333825194
35,5;47;0,0521144626531911
35,5;47,5;0,138673176930508
35,5;48;0,135365466438572
35,5;48,5;0,0448601554100893
35,5;49;0,0459561280187892
35,5;49,5;0,0566236110940775
35,5;50;0,112458765629639
35,5;50,5;0,186644898690757
35,5;51;0,0656588404811822
35,5;51,5;0,10327206969046
35,5;52;0,0935067872280033
35,5;52,5;0,17416184377207
35,5;53;0,272751761042171
35,5;53,5;0,276673236369113
35,5;54;0,213745493179018
35,5;54,5;0,168317400518814
35,5;55;0,122671459849459
35,5;55,5;0,191913311639856
35,5;56;0,167930948581289
35,5;56,5;0,197430143152107
35,5;57;0,0448662563173847
35,5;57,5;0,0474693793955432
35,5;58;0,0440010260453128
35,5;58,5;0,0301243499378539
35,5;59;0,256142012358476
35,5;59,5;0,113234274941161
35,5;60;0,0912769747321483
35,5;60,5;0,0471440708171097
35,5;61;0,0729241061240471
35,5;61,5;0,0830929634660112
35,5;62;0,0918726998050711
35,5;62,5;0,0319961132093291
35,5;63;0,0570564937431391
35,5;63,5;0,0458201984602036
35,5;64;0,0595956104223222
35,5;64,5;0,0792571806681701
35,5;65;0,0559222283706818
35,5;65,5;0,029593918294136
35,5;66;0,0465633260553124
35,5;66,5;0,0310697390972726
35,5;67;0,122690406099223
35,5;67,5;0,0199630813098734
35,5;68;0,053365467469887
35,5;68,5;0,0336239710410806
35,5;69;0,103170441157818
35,5;69,5;0,0920044521153164
35,5;70;0,107519109810112
35,5;70,5;0,0752117717253131
35,5;71;0,0585950320230118
35,5;71,5;0,0609562416713236
35,5;72;0,0901585904313695
35,5;72,5;0,0604072266623211
35,5;73;0,0702530225647778
35,5;73,5;0,0994481329257117
35,5;74;0,0956458589440155
35,5;74,5;0,0972196093338396
35,5;75;0,11579378748237
35,5;75,5;0,140714249456123
35,5;77,5;0,0830558045332574
35,5;78;0,114077459064737
36;-23,5;0
36;-23;0,0365011415346607
36;-22,5;0,0798999374217527
36;-22;0,0325269119345812
36;-21,5;0,0346746785613556
36;-21;0
36;-20,5;0
36;-20;0,0526782687642637
36;-19,5;0,0722769543359349
36;-19;0,0725949665380918
36;-18,5;0,0998463308097225
36;-18;0,0862686676544151
36;-17,5;0,0951230658716313
36;-17;0,0350480027961651
36;-16,5;0,0307478222225343
36;-16;0
36;-15,5;0,0495852800738284
36;-15;0,0575
36;-14,5;0,0317330882343476
36;-14;0,0837900816193526
36;-13,5;0,0408167349006901
36;-13;0,0777074975302499
36;-12,5;0,161646191230231
36;-12;0,0776908361951919
36;-11,5;0,0626287067622691
36;-11;0,0854335210840727
36;-10,5;0,084640861714057
36;-10;0,0844135690173652
36;-9,5;0,041482870819515
36;-9;0,073164153335724
36;-8,5;0,0736996821424413
36;-8;0,083434035408701
36;-7,5;0,151308682138708
36;-7;0,0583147820946086
36;-6,5;0,0628474006992166
36;-6;0,0426087955326179
36;-5,5;0,0900183871401283
36;-5;0,104976334909774
36;-4,5;0,161695174446402
36;-4;0,0506261498002182
36;-3,5;0,0612835896762282
36;-3;0,0503626535633118
36;-2,5;0,0279217243700163
36;-2;0,0374856656696203
36;-1,5;0,123535186891219
36;-1;0,108018855802793
36;-0,5;0,0502891426010844
36;0;0,0310890617439629
36;0,5;0,045280074490758
36;1;0,119621148034595
36;1,5;0,12589756986209
36;2;0,0581963659877357
36;2,5;0,0587014675358486
36;3;0,0498152148022082
36;3,5;0,026469616233606
36;4;0,048410412074252
36;4,5;0,0847605799385417
36;5;0,11483251801083
36;5,5;0,19006279526818
36;6;0,0691539202985172
36;6,5;0,0477314496650658
36;7;0,0546313394829636
36;7,5;0,0548806522774444
36;8;0,109091578189784
36;8,5;0,14690455768397
36;9;0,132631304074539
36;9,5;0,0784767350120042
36;10;0,0546513671359149
36;10,5;0,0628473505701252
36;11;0,0608286333683163
36;11,5;0,0526324659367983
36;12;0,0380629289749233
36;12,5;0,0398256813360757
36;13;0,0455234065080243
36;13,5;0,0436031777901802
36;14;0,0436343594659911
36;14,5;0,0565745863973203
36;15;0,0487854891456702
36;15,5;0,0402494601710723
36;16;0,0467960743973361
36;16,5;0,0576425498608758
36;17;0,0350937133140498
36;17,5;0,0323461923867252
36;18;0,0225881895808395
36;18,5;0,0335528754543195
36;19;0,0316753213147421
36;19,5;0,0318653469020575
36;20;0,0480290171104285
36;20,5;0,02888036499239
36;21;0,0420820649246673
36;21,5;0,0641867401861495
36;22;0,0374158334771132
36;22,5;0,0546809849379108
36;23;0,312320975354189
36;23,5;0,0854879052841796
36;24;0,148680262259908
36;24,5;0,125256479512246
36;25;0,121073547963714
36;25,5;0,128725761792419
36;26;0,122047184845443
36;26,5;0,113858417038157
36;27;0,0849085910702504
36;27,5;0,0964887462415203
36;28;0,0932584957927154
36;28,5;0,0509660285329922
36;29;0,11657519303116
36;29,5;0,0900242292148621
36;30;0,164813766676059
36;30,5;0,142643670264988
36;31;0,0516737740601539
36;31,5;0,0224078400290131
36;32;0,0275984538633486
36;32,5;0,0234468031688498
36;33;0,0976097736209653
36;33,5;0,107610418658496
36;34;0,079184406595831
36;34,5;0,0708359429408893
36;35;0,0781763942797922
36;35,5;0,0543399664696516
36;36;0,0395644903678997
36;36,5;0,0407883571947269
36;37;0,0295264997473087
36;37,5;0,049627949114721
36;38;0,0366961165791259
36;38,5;0,0365115679826575
36;39;0,107170748304393
36;39,5;0,0858757390767816
36;40;0,0673527851254156
36;40,5;0,0361244539169646
36;41;0,0344156004810818
36;41,5;0,0269579920122648
36;42;0,0631777445819991
36;42,5;0,093888386934178
36;43;0,106258200137301
36;43,5;0,0784821741091094
36;44;0,0776275010909139
36;44,5;0,0583345237973763
36;45;0,0489319846159677
36;45,5;0,072070895690301
36;46;0,0563263121775798
36;46,5;0,0925386033660961
36;47;0,0235270461559977
36;47,5;0,0560068460494582
36;48;0,057773536698905
36;48,5;0,0577281782319819
36;49;0,0567030955665734
36;49,5;0,0372423897230898
36;50;0,0313655884328837
36;50,5;0,145355114215669
36;51;0,136308581815614
36;51,5;0,2049882928433
36;52;0,199602570912279
36;52,5;0,345562102980769
36;53;0,404216397799201
36;53,5;0,168824839189716
36;54;0,107553948667926
36;54,5;0,178622373394902
36;55;0,0651797058166363
36;55,5;0,0811861190374916
36;56;0,0690976547896953
36;56,5;0,163323191610455
36;57;0,102769805454842
36;57,5;0,0611217006542054
36;58;0,0444278087314606
36;58,5;0,0783149284833536
36;59;0,285420728723245
36;59,5;0,106808461672798
36;60;0,0479231155080719
36;60,5;0,0534656950906275
36;61;0,064401461298768
36;61,5;0,0510853797267418
36;62;0,0385241233747327
36;62,5;0,0381197566882286
36;63;0,0401191460820509
36;63,5;0,182657908183334
36;64;0,0700547327007283
36;64,5;0,0843106267355326
36;65;0,0592351769407549
36;65,5;0,0755497153003315
36;66;0,0716683064809414
36;66,5;0,0435123369543678
36;67;0,113783940377011
36;67,5;0,139877140153665
36;68;0,0522796304127866
36;68,5;0,0749698037310454
36;69;0,0648675252598196
36;69,5;0,0388501394248892
36;70;0,0318941702390593
36;70,5;0
36;71;0,107465387561808
36;71,5;0,0816454588595162
36;72;0,0343201504552752
36;72,5;0,0501026219600604
36;73;0,0402740611312045
36;73,5;0,0819937933191113
36;74;0,103394520650684
36;74,5;0,113816612776314
36;75;0,17165610596029
36;75,5;0,101040802858868
36;76;0,108201751592195
36;76,5;0,131243920494119
36,5;-23,5;0
36,5;-23;0
36,5;-22,5;0
36,5;-22;0,0759190158635962
36,5;-21,5;0,0492699480188256
36,5;-21;0
36,5;-20,5;0
36,5;-20;0,0733424994271549
36,5;-19,5;0,0940945408017684
36,5;-19;0,0607210836530443
36,5;-18,5;0,0659575704441961
36,5;-18;0,0985781096262197
36,5;-17,5;0,0945435979809946
36,5;-17;0,0800196148653415
36,5;-16,5;0,0735528132695771
36,5;-16;0,0368695353559363
36,5;-15,5;0,0600513669009013
36,5;-15;0,057252573242232
36,5;-14,5;0,0666493200875438
36,5;-14;0,0926309883354377
36,5;-13,5;0,0578322064473084
36,5;-13;0,0904847338440222
36,5;-12,5;0,125929353570136
36,5;-12;0,0643982284186537
36,5;-11,5;0,0701528791781511
36,5;-11;0,0747616504439567
36,5;-10,5;0,0924726277621973
36,5;-10;0,0627993660322321
36,5;-9,5;0,0497106428353208
36,5;-9;0,0677983487406148
36,5;-8,5;0,0736924900197942
36,5;-8;0,0226545002474492
36,5;-7,5;0,0448693632236692
36,5;-7;0,058319884123584
36,5;-6,5;0,0421796586473101
36,5;-6;0,0526818114674664
36,5;-5,5;0,0760496489154059
36,5;-5;0,0558169737301909
36,5;-4,5;0,0346449553819281
36,5;-4;0,0429885675813862
36,5;-3,5;0,0547917298811266
36,5;-3;0,0323598202246367
36,5;-2,5;0,0270383982356443
36,5;-2;0,0373386626290758
36,5;-1,5;0,0829333434174452
36,5;-1;0,0544516108427725
36,5;-0,5;0,0181451478259534
36,5;0;0,0248994407774502
36,5;0,5;0,0435453052747741
36,5;1;0,263164754328523
36,5;1,5;0,283637991981063
36,5;2;0,0725077189752838
36,5;2,5;0,0490021510835066
36,5;3;0,043999086982948
36,5;3,5;0,0419684568985814
36,5;4;0,0681338765964188
36,5;4,5;0,0871640956379977
36,5;5;0,118171602600051
36,5;5,5;0,145117273991354
36,5;6;0,0879707276621654
36,5;6,5;0,118704150008994
36,5;7;0,0936537520919417
36,5;7,5;0,0286737537306413
36,5;8;0,0430923130117092
36,5;8,5;0,062570231337949
36,5;9;0,0973687662493812
36,5;9,5;0,080495898392703
36,5;10;0,0595007562255215
36,5;10,5;0,0601338296201791
36,5;11;0,060250279284383
36,5;11,5;0,045538440725936
36,5;12;0,0561858669483425
36,5;12,5;0,0605568051745902
36,5;13;0,0361678749028147
36,5;13,5;0,0484074693034842
36,5;14;0,0652330525626712
36,5;14,5;0,0561910008046535
36,5;15;0,0420455277920157
36,5;15,5;0,0479616686966573
36,5;16;0,0336225059734332
36,5;16,5;0,0546891435175414
36,5;17;0,0433892399340802
36,5;17,5;0,029064612919114
36,5;18;0,0266817478281768
36,5;18,5;0,0361847805527226
36,5;19;0,0327616637343749
36,5;19,5;0,0464508873928313
36,5;20;0,0738349846527897
36,5;20,5;0,0331707987657262
36,5;21;0,0327752447232155
36,5;21,5;0,0210092660697384
36,5;22;0,017562276145687
36,5;22,5;0,0314712317800252
36,5;23;0,39395554490138
36,5;23,5;0,104877658622973
36,5;24;0,0407974080230664
36,5;24,5;0,103930722943494
36,5;25;0,115851875095764
36,5;25,5;0,122386330090838
36,5;26;0,0973150593360386
36,5;26,5;0,115201289549638
36,5;27;0,100081192820475
36,5;27,5;0,0908398254046749
36,5;28;0,104270065433793
36,5;28,5;0,101150282132869
36,5;29;0,0967910086685001
36,5;29,5;0,111410235766777
36,5;30;0,11301930708558
36,5;30,5;0,193650158492828
36,5;31;0,0607972922407047
36,5;31,5;0,0376550566342638
36,5;32;0,0656784302366242
36,5;32,5;0,0329835191423536
36,5;33;0,0201676013163971
36,5;33,5;0,138473010567574
36,5;34;0,118902200708538
36,5;34,5;0,0885028540899831
36,5;35;0,0779278013733915
36,5;35,5;0,0910446976753172
36,5;36;0,0525029121585076
36,5;36,5;0,0591446400694002
36,5;37;0,0409923193773405
36,5;37,5;0,0443793920730259
36,5;38;0,0325025364553762
36,5;38,5;0,0520255916340598
36,5;39;0,0526934584196567
36,5;39,5;0,0370797926003335
36,5;40;0,0245857067262294
36,5;40,5;0,0218719919900645
36,5;41;0,0464888890674179
36,5;41,5;0,0271718465271957
36,5;42;0,0672939348639072
36,5;42,5;0,0571740805093852
36,5;43;0,0888367338957044
36,5;43,5;0,164330880772149
36,5;44;0,0482202076908848
36,5;44,5;0,0557931305447002
36,5;45;0,0352695210976461
36,5;45,5;0,0576947438773618
36,5;46;0,0344124152751426
36,5;46,5;0,0429480899430006
36,5;47;0,0270933799971399
36,5;47,5;0,0688694396994625
36,5;48;0,0797188370161445
36,5;48,5;0,0497282892810615
36,5;49;0,0672308581829134
36,5;49,5;0,0445587766102567
36,5;50;0,028319480489702
36,5;50,5;0,169541945694457
36,5;51;0,161346262402277
36,5;51,5;0,137915432026966
36,5;52;0,112557883023857
36,5;52,5;0,279454758107282
36,5;53;0,0326018754508566
36,5;53,5;0,117396846871284
36,5;54;0,0764845162924693
36,5;54,5;0,195621457641422
36,5;55;0,0569591306879636
36,5;55,5;0,0734765340840731
36,5;56;0,0536889552591682
36,5;56,5;0,0611811150553384
36,5;57;0,12487036689748
36,5;57,5;0,0574973399521177
36,5;58;0,041544858791475
36,5;58,5;0,031201715671134
36,5;59;0,245324857514043
36,5;59,5;0,0359373004055614
36,5;60;0,0579160842438642
36,5;60,5;0,0487392323015772
36,5;61;0,0368931986700545
36,5;61,5;0,0431300177529821
36,5;62;0,0499209932356943
36,5;62,5;0,0411749853948426
36,5;63;0,298366198696485
36,5;63,5;0,259706066593834
36,5;64;0,0602158491673552
36,5;64,5;0,0563877148875879
36,5;65;0,0445398525091682
36,5;65,5;0,0532601186996653
36,5;66;0,0727069313913084
36,5;66,5;0,0473606024736454
36,5;67;0,109583681875238
36,5;67,5;0,0943247688621919
36,5;68;0,0580353618564273
36,5;68,5;0,0790463648514894
36,5;69;0
36,5;69,5;0
36,5;70;0,0485498530924051
36,5;70,5;0,0417193000900063
36,5;71;0,0014142135623731
36,5;71,5;0,0365553130076998
36,5;72;0,0835213133434137
36,5;72,5;0,0318532382636175
36,5;73;0,0417556927710208
36,5;73,5;0,0441927595879687
36,5;74;0,0494247865327664
36,5;74,5;0,0483036033359634
36,5;75;0,03039407837063
36,5;75,5;0,0757533914474426
36,5;76;0,0743871934236972
36,5;76,5;0,0777581721321517
36,5;77;0
36,5;77,5;0
36,5;78;0
37;-23,5;0
37;-23;0
37;-22,5;0
37;-22;0,070844901016234
37;-21,5;0,0939383321994289
37;-21;0,0759842088857942
37;-20,5;0,0813379780094555
37;-20;0,14615407792037
37;-19,5;0,125096349759073
37;-19;0,061466932764938
37;-18,5;0,0646859077903887
37;-18;0,0837420517495913
37;-17,5;0,0542416031764504
37;-17;0,0871196930038835
37;-16,5;0,0840081071621395
37;-16;0,0714950426640975
37;-15,5;0,0867063252716044
37;-15;0,0650033370184132
37;-14,5;0,0437952363536575
37;-14;0,064449181295785
37;-13,5;0,049580237998622
37;-13;0,0707280021801667
37;-12,5;0,0671957428498477
37;-12;0,0619375881200938
37;-11,5;0,085753069524107
37;-11;0,0654967474021862
37;-10,5;0,065613742960649
37;-10;0,0585933657819825
37;-9,5;0,0548576108782033
37;-9;0,0929511138024153
37;-8,5;0,0936470026808713
37;-8;0,0555713855853623
37;-7,5;0,0417508236621391
37;-7;0,0615443856375931
37;-6,5;0,0602840804099821
37;-6;0,0670223068370656
37;-5,5;0,0750919664288568
37;-5;0,068270755428079
37;-4,5;0,0589620524423929
37;-4;0,0829698304568501
37;-3,5;0,0414289895141213
37;-3;0,0380760020414982
37;-2,5;0,0408606484602557
37;-2;0,0541405963389235
37;-1,5;0,0409710780510316
37;-1;0,0313803974120261
37;-0,5;0,0262520550204389
37;0;0,0256792601759284
37;0,5;0,0509354482453545
37;1;0,235197052422361
37;1,5;0,325901206690389
37;2;0,0733903204952932
37;2,5;0,0432685037676467
37;3;0,0309163335412508
37;3,5;0,0469800124374978
37;4;0,109951734966023
37;4,5;0,143041864260536
37;5;0,148583604759428
37;5,5;0,130985047557567
37;6;0,243653657416506
37;6,5;0,162589295069173
37;7;0,157645315679076
37;7,5;0,0475105197748327
37;8;0,0504584930790598
37;8,5;0,0946101922989384
37;9;0,101300937626762
37;9,5;0,127539786376031
37;10;0,0622345756795662
37;10,5;0,0751445468972411
37;11;0,0583421063493888
37;11,5;0,0495806908950618
37;12;0,0521631655241113
37;12,5;0,051450062929887
37;13;0,0624773032636749
37;13,5;0,0312043446342586
37;14;0,0297426894769049
37;14,5;0,0347643102183441
37;15;0,0375704691346168
37;15,5;0,0391790748095392
37;16;0,0349351922133903
37;16,5;0,0675419404849471
37;17;0,0659770680467637
37;17,5;0,05883386610827
37;18;0,0440951710275176
37;18,5;0,0367768667919724
37;19;0,0286222848074642
37;19,5;0,0330761620052448
37;20;0,0370261320391627
37;20,5;0,0235956112688029
37;21;0,0266987499576239
37;21,5;0,0226737339087851
37;22;0,0203794412422017
37;22,5;0,025451187696885
37;23;0,0349755727083133
37;23,5;0,115986587283841
37;24;0,173881326445005
37;24,5;0,0686927267924504
37;25;0,109725282575667
37;25,5;0,0977612683643369
37;26;0,0823471585667656
37;26,5;0,135771524780663
37;27;0,144697521044751
37;27,5;0,13485585095204
37;28;0,0779047672149846
37;28,5;0,09878512423593
37;29;0,0893968792660231
37;29,5;0,0724370367955502
37;30;0,0930195993743716
37;30,5;0,0525639345714422
37;31;0,0358126345608482
37;31,5;0,0618681982086098
37;32;0,0708292275588547
37;32,5;0,0912959542395182
37;33;0,0338430623784027
37;33,5;0,0553199385042828
37;34;0,105642992890105
37;34,5;0,101692288917815
37;35;0,0807459207576969
37;35,5;0,0453455330429225
37;36;0,0414934659133052
37;36,5;0,0351751907971947
37;37;0,0325539243253516
37;37,5;0,0264189262436146
37;38;0,0440158436288358
37;38,5;0,0550743805680825
37;39;0,0417273734207824
37;39,5;0,0360917355546964
37;40;0,0438300798004841
37;40,5;0,0647513580965692
37;41;0,0691687494202298
37;41,5;0,0875234632059898
37;42;0,135109031575329
37;42,5;0,0839438838168219
37;43;0,047763612428043
37;43,5;0,0319943994754729
37;44;0,0384975259481987
37;44,5;0,0464988447381596
37;45;0,0639794636042332
37;45,5;0,0313892056510667
37;46;0,0227622603371434
37;46,5;0,0549478540678948
37;47;0,0609322784900046
37;47,5;0,0436106805731703
37;48;0,0380608636113656
37;48,5;0,0264620680754917
37;49;0,0293089884575997
37;49,5;0,0275720843374371
37;50;0,066537912783127
37;50,5;0,02705355203797
37;51;0,204090572652756
37;51,5;0,105851392789003
37;52;0,145338874870558
37;52,5;0,208144249700013
37;53;0,0717048025691766
37;53,5;0,0945896866229453
37;54;0,1473165665932
37;54,5;0,157798363443109
37;55;0,0398265305848465
37;55,5;0,0437965470672518
37;56;0,0524916616930563
37;56,5;0,0604999692753249
37;57;0,0269217219237199
37;57,5;0,0255207506329905
37;58;0,0615509140331402
37;58,5;0,0431503007707984
37;59;0,0318669927633896
37;59,5;0,0558482271833595
37;60;0,0683446616984709
37;60,5;0,0450564847685259
37;61;0,0397220795944263
37;61,5;0,045068348494659
37;62;0,042110136187901
37;62,5;0,0305311788538457
37;63;0,111818785416755
37;63,5;0,165003114060825
37;64;0,0438314076051039
37;64,5;0,0763051277927803
37;65;0,0688763499853294
37;65,5;0,0617661615459566
37;66;0,0346550323094326
37;66,5;0,0450568159845618
37;67;0,0287691964897643
37;67,5;0,0442958613567152
37;68;0,0518861968095065
37;68,5;0,0687019109571922
37;69;0,0212132034355964
37;69,5;0,0591639049341642
37;70;0,0733946918864127
37;70,5;0,0402597124237673
37;71;0
37;71,5;0,0715326265886181
37;72;0,0908075671970654
37;72,5;0,0541408296688316
37;73;0,0513357296905103
37;73,5;0,0542334460150438
37;74;0
37;74,5;0,0329388321994977
37;75;0,0959465997313089
37;75,5;0,085297581556307
37;76;0,106402537563725
37;76,5;0,0205507501890645
37;77;0
37;77,5;0
37;78;0
37,5;-23,5;0
37,5;-23;0
37,5;-22,5;0
37,5;-22;0,0436222966142862
37,5;-21,5;0,0879259157852033
37,5;-21;0,0275680975041804
37,5;-20,5;0
37,5;-20;0,0764381452109485
37,5;-19,5;0,113903986748836
37,5;-19;0,0928767776859928
37,5;-18,5;0,061794012654949
37,5;-18;0,0691879639747721
37,5;-17,5;0,0659842684600695
37,5;-17;0,0745313804156791
37,5;-16,5;0,0709280723257743
37,5;-16;0,0503091581723586
37,5;-15,5;0,0320820262804021
37,5;-15;0,0527955486729461
37,5;-14,5;0,0681521407273043
37,5;-14;0,0700705272413358
37,5;-13,5;0,0528864912088234
37,5;-13;0,0847642416745804
37,5;-12,5;0,069641694346116
37,5;-12;0,0606889891915404
37,5;-11,5;0,0807370651201202
37,5;-11;0,0847037472511523
37,5;-10,5;0,0632363200375635
37,5;-10;0,0655738097741918
37,5;-9,5;0,0287772311430072
37,5;-9;0,0605854454015415
37,5;-8,5;0,0636910903283362
37,5;-8;0,0617694841979613
37,5;-7,5;0,0709252473410034
37,5;-7;0,0513537304166467
37,5;-6,5;0,0541926810299619
37,5;-6;0,0825121300272315
37,5;-5,5;0,0607163886729098
37,5;-5;0,0652349532543129
37,5;-4,5;0,0641776724131036
37,5;-4;0,0600155039714985
37,5;-3,5;0,0600955588248931
37,5;-3;0,0464342280142145
37,5;-2,5;0,0298288099554425
37,5;-2;0,0344017414003472
37,5;-1,5;0,0556471892488933
37,5;-1;0,0187645351454925
37,5;-0,5;0,030507124746603
37,5;0;0,0244190221470711
37,5;0,5;0,0279842692906406
37,5;1;0,064877076182621
37,5;1,5;0,0467433375973753
37,5;2;0,0326662372866966
37,5;2,5;0,0612745098440457
37,5;3;0,0523234971195981
37,5;3,5;0,0508630739938429
37,5;4;0,126454627551275
37,5;4,5;0,174979158422805
37,5;5;0,12301477527177
37,5;5,5;0,191330212435711
37,5;6;0,156866104691425
37,5;6,5;0,210007627109346
37,5;7;0,10917292562661
37,5;7,5;0,0894568182724112
37,5;8;0,0816870691623819
37,5;8,5;0,0633167270416704
37,5;9;0,0794771455618951
37,5;9,5;0,0776896288191131
37,5;10;0,0518348248605412
37,5;10,5;0,0633300698942374
37,5;11;0,0529738179096099
37,5;11,5;0,0503886305083502
37,5;12;0,0526164456618874
37,5;12,5;0,112753593020028
37,5;13;0,066557751113591
37,5;13,5;0,0306156757880729
37,5;14;0,0422994433629334
37,5;14,5;0,0517749443245774
37,5;15;0,055628588180978
37,5;15,5;0,0600177558515581
37,5;16;0,0388546317844961
37,5;16,5;0,0838160486361933
37,5;17;0,0374663703770407
37,5;17,5;0,0479635245154521
37,5;18;0,0227101463614114
37,5;18,5;0,027771425352612
37,5;19;0,0319580771868239
37,5;19,5;0,0298551000206862
37,5;20;0,0280741515133277
37,5;20,5;0,0299379505737738
37,5;21;0,0397789882517905
37,5;21,5;0,030093323623717
37,5;22;0,0306152035151575
37,5;22,5;0,0542480143306972
37,5;23;0,0758222511806705
37,5;23,5;0,0993148836297299
37,5;24;0,21140304487618
37,5;24,5;0,0438169983195642
37,5;25;0,0737585239882824
37,5;25,5;0,123872120515055
37,5;26;0,0576104610510708
37,5;26,5;0,0805866396442695
37,5;27;0,121172674213815
37,5;27,5;0,145005519068152
37,5;28;0,140313214806374
37,5;28,5;0,10722556005119
37,5;29;0,0653215747876965
37,5;29,5;0,126082394379187
37,5;30;0,0933009903130102
37,5;30,5;0,0530348240497079
37,5;31;0,0572206256519448
37,5;31,5;0,0354830521347237
37,5;32;0,0355449372201369
37,5;32,5;0,071592946579953
37,5;33;0,0542865097428083
37,5;33,5;0,0564856974997969
37,5;34;0,0426694849414017
37,5;34,5;0,0488009476649501
37,5;35;0,0472670975668773
37,5;35,5;0,0367857602458172
37,5;36;0,0552180812902568
37,5;36,5;0,049795266793555
37,5;37;0,0408100433946508
37,5;37,5;0,0414510612191109
37,5;38;0,0493053077807059
37,5;38,5;0,0564600434057344
37,5;39;0,0530161693795985
37,5;39,5;0,0436224693788734
37,5;40;0,0488981792378112
37,5;40,5;0,0366601565720853
37,5;41;0,310208264041901
37,5;41,5;0,0974016060699913
37,5;42;0,0610400773822573
37,5;42,5;0,0625984601857814
37,5;43;0,065976171714944
37,5;43,5;0,0933102544271915
37,5;44;0,0828564974733649
37,5;44,5;0,023876706377514
37,5;45;0,0359410674657628
37,5;45,5;0,0393333934490833
37,5;46;0,0594539013958258
37,5;46,5;0,068635379282526
37,5;47;0,0552259994865077
37,5;47,5;0,0477937243018854
37,5;48;0,0315266427185314
37,5;48,5;0,0285271800218669
37,5;49;0,0342463506732507
37,5;49,5;0,0928978778147237
37,5;50;0,109181037894923
37,5;50,5;0,160021728896448
37,5;51;0,103349329384847
37,5;51,5;0,129300174985917
37,5;52;0,0909747175366804
37,5;52,5;0,134100291014357
37,5;53;0,073164980497313
37,5;53,5;0,0471785897174883
37,5;54;0,0459906335610865
37,5;54,5;0,265753318675057
37,5;55;0,36668412190288
37,5;55,5;0,236698025302436
37,5;56;0,0427681841680333
37,5;56,5;0,0406173610047785
37,5;57;0,0641656053382566
37,5;57,5;0,0364854529006781
37,5;58;0,0577001395134672
37,5;58,5;0,0696967843199978
37,5;59;0,0374298398656892
37,5;59,5;0,059794527450917
37,5;60;0,312577892901009
37,5;60,5;0,249566406800893
37,5;61;0,0348633212871518
37,5;61,5;0,02159508440018
37,5;62;0,0351833841596773
37,5;62,5;0,0345895029180995
37,5;63;0,114123251317284
37,5;63,5;0,0454093322920241
37,5;64;0,0485110199053345
37,5;64,5;0,0480754016678415
37,5;65;0,0627503072807599
37,5;65,5;0,0493684498679524
37,5;66;0,0461302503786832
37,5;66,5;0,0510389037594823
37,5;67;0,0384905915910062
37,5;67,5;0,0382114858001992
37,5;68;0,0392430847976239
37,5;68,5;0,0444207158879728
37,5;69;0,021142374511866
37,5;69,5;0,0645129378950002
37,5;70;0,0792226164740405
37,5;70,5;0,0340440890610984
37,5;71;0,0426176802121686
37,5;71,5;0,323072542391115
37,5;72;0,0653767287852999
37,5;72,5;0,0387183562552843
37,5;73;0,053771119881711
37,5;73,5;0,0766315797486802
37,5;74;0
37,5;74,5;0
37,5;75;0,08747713987094
37,5;75,5;0,0914459128575738
37,5;76;0
37,5;76,5;0
37,5;77;0
37,5;77,5;0
37,5;78;0
38;-23;0
38;-22,5;0
38;-22;0,0532376746299085
38;-21,5;0,0817308299935133
38;-21;0,0750984538973858
38;-20,5;0,234219341643682
38;-20;0,0831426302789187
38;-19,5;0,0808882974642604
38;-19;0,0664153596692813
38;-18,5;0,0619653128774478
38;-18;0,0819234676112684
38;-17,5;0,0978686288783005
38;-17;0,134962291029754
38;-16,5;0,283854794054538
38;-16;0,0435419188002832
38;-15,5;0,0258050382677492
38;-15;0,0315733873361536
38;-14,5;0,0701940415078336
38;-14;0,0801768877753018
38;-13,5;0,119846261672117
38;-13;0,0850752256789587
38;-12,5;0,0770917833693258
38;-12;0,0550261087733188
38;-11,5;0,0518304495701658
38;-11;0,056061806395831
38;-10,5;0,0647646731481693
38;-10;0,0365173921239761
38;-9,5;0,0465270572766377
38;-9;0,0542391080738387
38;-8,5;0,045698611818872
38;-8;0,0444517528713248
38;-7,5;0,0233831048677024
38;-7;0,0198402047744018
38;-6,5;0,0344648048641962
38;-6;0,0462425475089505
38;-5,5;0,0411039409695443
38;-5;0,0899905752800842
38;-4,5;0,0675670066595156
38;-4;0,0488128967939699
38;-3,5;0,0417983360730137
38;-3;0,0330273324718213
38;-2,5;0,0372860845215816
38;-2;0,0471326105751902
38;-1,5;0,0287116788611791
38;-1;0,0357330379341024
38;-0,5;0,0140355690614792
38;0;0,0236462105006611
38;0,5;0,0283876423386637
38;1;0,045049540113366
38;1,5;0,0507470549434563
38;2;0,0260301779958719
38;2,5;0,102317185245306
38;3;0,0612532188776281
38;3,5;0,0360631992720653
38;4;0,110555375476871
38;4,5;0,110651634618281
38;5;0,113180721762352
38;5,5;0,110511142186697
38;6;0,171654716108631
38;6,5;0,0812420864075106
38;7;0,0344762783058552
38;7,5;0,0518499099792328
38;8;0,0839366583388121
38;8,5;0,103559743146451
38;9;0,0733767214858619
38;9,5;0,0846004845151493
38;10;0,14791367261161
38;10,5;0,313836082302343
38;11;0,138578148818403
38;11,5;0,0380078048572015
38;12;0,0472320368338366
38;12,5;0,0875427080357956
38;13;0,0422634342549952
38;13,5;0,0353715634207937
38;14;0,0398411342713152
38;14,5;0,0603539451038512
38;15;0,103415801233357
38;15,5;0,112667948102862
38;16;0,0406726261342583
38;16,5;0,0524718495125132
38;17;0,0452591905088699
38;17,5;0,0387220764454081
38;18;0,0379016113490857
38;18,5;0,037233223167375
38;19;0,0402975541771962
38;19,5;0,0361126379408597
38;20;0,0217336032402343
38;20,5;0,0145614400795417
38;21;0,0313223012344535
38;21,5;0,0293311576096595
38;22;0,0293294803460093
38;22,5;0,0636333289319692
38;23;0,109362166233855
38;23,5;0,0342836250530587
38;24;0,0219509751064332
38;24,5;0,0328490138892878
38;25;0,0476015679592957
38;25,5;0,169776845849614
38;26;0,113988720075502
38;26,5;0,154716056532792
38;27;0,119213864931039
38;27,5;0,15155813982726
38;28;0,211683394870419
38;28,5;0,183743481372207
38;29;0,163326134377811
38;29,5;0,105132521955708
38;30;0,0640784675222496
38;30,5;0,0409174233938317
38;31;0,0272858730943948
38;31,5;0,038341536432151
38;32;0,047022106635036
38;32,5;0,088851809644683
38;33;0,374526627395302
38;33,5;0,0773280532775232
38;34;0,0707589565974172
38;34,5;0,0677309385880397
38;35;0,0545593657880157
38;35,5;0,0224703130680812
38;36;0,0492903957475253
38;36,5;0,0599412973052144
38;37;0,0449057455164944
38;37,5;0,041290186201857
38;38;0,0468916267114651
38;38,5;0,22574501616853
38;39;0,184898364234027
38;39,5;0,0508468092937565
38;40;0,0578341289564262
38;40,5;0,0707216374244827
38;41;0,121827473639296
38;41,5;0,0887886523908795
38;42;0,130575299407763
38;42,5;0,084908866231615
38;43;0,0863662172766806
38;43,5;0,0905327612193204
38;44;0,0957865560768779
38;44,5;0,0652708459676549
38;45;0,0458889034523064
38;45,5;0,0416987953264892
38;46;0,0721288247191919
38;46,5;0,0667223813333944
38;47;0,043700587207886
38;47,5;0,114501954222018
38;48;0,0355300342433459
38;48,5;0,0354720857932462
38;49;0,029247923803784
38;49,5;0,0861956396345605
38;50;0,187948422823585
38;50,5;0,082219039070491
38;51;0,0823930235552654
38;51,5;0,0667334414207506
38;52;0,0519740240269475
38;52,5;0,162390854079523
38;53;0,0775287960417694
38;53,5;0,0308022960601484
38;54;0,0257698571433775
38;54,5;0,359102591397583
38;55;0,380300989486833
38;55,5;0,044683981701732
38;56;0,0335190378041614
38;56,5;0,0351380900513114
38;57;0,0336595835556423
38;57,5;0,0303294974923384
38;58;0,021390779565565
38;58,5;0,0321466517151452
38;59;0,0276342412077609
38;59,5;0,031007404512719
38;60;0,415864354913747
38;60,5;0,212346165882481
38;61;0,0287466616390895
38;61,5;0,0343737004416353
38;62;0,032120077375428
38;62,5;0,326216916186965
38;63;0,400485056497004
38;63,5;0,0573657366625513
38;64;0,0597886282118806
38;64,5;0,0932626588700907
38;65;0,0997118930527428
38;65,5;0
38;66;0
38;66,5;0,0328239281075598
38;67;0,021822111388556
38;67,5;0,049017489590087
38;68;0,029184756295025
38;68,5;0,0249246483473307
38;69;0,0756920871920709
38;69,5;0,0462165597787182
38;70;0,0490957895518968
38;70,5;0,0837997613361757
38;71;0,152230400173034
38;71,5;0,332874444976963
38;72;0,0791998588828214
38;72,5;0
38;73;0
38;73,5;0,0620393349816656
38;74;0,0415502876876491
38;74,5;0,061845604434582
38;75;0,0773261490915805
38;75,5;0,0820081296783028
38;76;0,0570338593390901
38;76,5;0,121004132160848
38;77;0
38;77,5;0
38;78;0
38,5;-23,5;0
38,5;-23;0
38,5;-22,5;0
38,5;-22;0,134527864073289
38,5;-21,5;0,0708740079295647
38,5;-21;0,133135838582823
38,5;-20,5;0,237457832210104
38,5;-20;0,306885526403233
38,5;-19,5;0,0546342819290669
38,5;-19;0,0565707521604583
38,5;-18,5;0
38,5;-18;0,0608117704771982
38,5;-17,5;0,0526273790497021
38,5;-17;0,0167062862420108
38,5;-16,5;0,32647805070487
38,5;-16;0,072494317959159
38,5;-15,5;0,061663342563406
38,5;-15;0,066428925469538
38,5;-14,5;0,0569717422216023
38,5;-14;0,0432111399338074
38,5;-13,5;0,0638401581253813
38,5;-13;0,0528603542767504
38,5;-12,5;0,0621019432912064
38,5;-12;0,0734154429289835
38,5;-11,5;0,0654859106005214
38,5;-11;0,0645247130678721
38,5;-10,5;0,0475403337528601
38,5;-10;0,0535727982790441
38,5;-9,5;0,0452822866716324
38,5;-9;0,0478998856848927
38,5;-8,5;0,0325822566479957
38,5;-8;0,0300800464862895
38,5;-7,5;0,0332286665865725
38,5;-7;0,0438271935631623
38,5;-6,5;0,0449850540151478
38,5;-6;0,0477873627493986
38,5;-5,5;0,0414520034080536
38,5;-5;0,0562540182193799
38,5;-4,5;0,046316865037584
38,5;-4;0,0476565897799092
38,5;-3,5;0,0589197100022742
38,5;-3;0,0313594964851475
38,5;-2,5;0,0357788659840459
38,5;-2;0,0399370079897092
38,5;-1,5;0,0395144395067832
38,5;-1;0,0441942678901086
38,5;-0,5;0,0375603546372389
38,5;0;0,049094905841791
38,5;0,5;0,0729590345899075
38,5;1;0,0538238784839264
38,5;1,5;0,0422214906518418
38,5;2;0,0230341361585675
38,5;2,5;0,112425987705089
38,5;3;0,114006335106627
38,5;3,5;0,0653423016979397
38,5;4;0,0511719330139704
38,5;4,5;0,0773611342861467
38,5;5;0,0885842223888285
38,5;5,5;0,0793515769778945
38,5;6;0,0749855899417732
38,5;6,5;0,0885818385493815
38,5;7;0,0655906057914096
38,5;7,5;0,040598292180433
38,5;8;0,130786853739629
38,5;8,5;0,110867163460186
38,5;9;0,0903510266975867
38,5;9,5;0,0506933727635302
38,5;10;0,129449029687861
38,5;10,5;0,324034396502596
38,5;11;0,168214569072929
38,5;11,5;0,0389103521427906
38,5;12;0,0293392826789418
38,5;12,5;0,157109860921128
38,5;13;0,0470914831480993
38,5;13,5;0,0440874128734801
38,5;14;0,0342939409038397
38,5;14,5;0,0439793177926015
38,5;15;0,364671836854642
38,5;15,5;0,372178006167295
38,5;16;0,0422040936954265
38,5;16,5;0,0448908988949676
38,5;17;0,0603937316370279
38,5;17,5;0,0545865736357762
38,5;18;0,0515308102871302
38,5;18,5;0,0299413922132626
38,5;19;0,0312131362402047
38,5;19,5;0,0246955734872114
38,5;20;0,0237024948995419
38,5;20,5;0,0217804788925556
38,5;21;0,0376100430222361
38,5;21,5;0,0268894485870133
38,5;22;0,0211683992119348
38,5;22,5;0,0191277660146295
38,5;23;0,119999211692809
38,5;23,5;0,0399429587492382
38,5;24;0,0350895666252864
38,5;24,5;0,0404165607024598
38,5;25;0,029313251195314
38,5;25,5;0,087342793112079
38,5;26;0,0676256712299061
38,5;26,5;0,0734742563084231
38,5;27;0,15935964067042
38,5;27,5;0,133555997288646
38,5;28;0,0805120631190898
38,5;28,5;0,0559349107702744
38,5;29;0,149260487997698
38,5;29,5;0,134617815695104
38,5;30;0,128786294464408
38,5;30,5;0,0420594833270815
38,5;31;0,0672203695410289
38,5;31,5;0,034029629534782
38,5;32;0,0395868686317474
38,5;32,5;0,0581892963131359
38,5;33;0,0563697723932732
38,5;33,5;0,0504499656671109
38,5;34;0,051418665882167
38,5;34,5;0,0785147290142194
38,5;35;0,115106945436072
38,5;35,5;0,0580443582156023
38,5;36;0,151907110788545
38,5;36,5;0,0281174557264097
38,5;37;0,0262093920929704
38,5;37,5;0,0274029788398948
38,5;38;0,040010961383255
38,5;38,5;0,345369672661921
38,5;39;0,375776064183475
38,5;39,5;0,0518967546394967
38,5;40;0,109190015456499
38,5;40,5;0,152216927433183
38,5;41;0,110907895456139
38,5;41,5;0,0666971373202911
38,5;42;0,103559844469537
38,5;42,5;0,0430463697064408
38,5;43;0,0535197679809834
38,5;43,5;0,0430521636566411
38,5;44;0,115622727057039
38,5;44,5;0,0526795342930567
38,5;45;0,0824384627327623
38,5;45,5;0,0494806985771264
38,5;46;0,0269101044035185
38,5;46,5;0,101522011075344
38,5;47;0,143216536916241
38,5;47,5;0,0929037632641979
38,5;48;0,0401671473286056
38,5;48,5;0,0398636398189418
38,5;49;0,0718783407416212
38,5;49,5;0,164029257703984
38,5;50;0,104623802658117
38,5;50,5;0,120390144590828
38,5;51;0,0797857383846686
38,5;51,5;0,174265219325793
38,5;52;0,212549946051052
38,5;52,5;0,188260811995841
38,5;53;0,167434976482999
38,5;53,5;0,0642123167729085
38,5;54;0,0673158573862606
38,5;54,5;0,281581264050829
38,5;55;0,0482163783024739
38,5;55,5;0,0394814483850931
38,5;56;0,0313573453629769
38,5;56,5;0,0801375732808337
38,5;57;0,0469947969408416
38,5;57,5;0,0573139909029496
38,5;58;0,026548727623181
38,5;58,5;0,0353179480737535
38,5;59;0,0226483997544866
38,5;59,5;0,0224340901417553
38,5;60;0,0272890726892408
38,5;60,5;0,0284846341509953
38,5;61;0,034001838185604
38,5;61,5;0,0380740151629774
38,5;62;0,0375105838999919
38,5;62,5;0,168123003785913
38,5;63;0,263736915721493
38,5;63,5;0,0446128179945155
38,5;64;0,0461156591949904
38,5;64,5;0,0947627092387668
38,5;65;0,0663300505785733
38,5;65,5;0
38,5;66;0
38,5;66,5;0,0175594229214212
38,5;67;0,0210984088770423
38,5;67,5;0,0924680458093406
38,5;68;0,0642711888351672
38,5;68,5;0,0531999950534228
38,5;69;0,114412220053458
38,5;69,5;0,0696863688249
38,5;70;0,115830456373339
38,5;70,5;0,131779384836196
38,5;71;0,383965797087883
38,5;71,5;0,422647656644003
38,5;72;0,189803325935643
38,5;72,5;0
38,5;73;0
38,5;73,5;0
38,5;74;0,0916812037535128
38,5;74,5;0,0800893251313807
38,5;75;0,0476546286982035
38,5;75,5;0
38,5;76;0,108936416579319
38,5;76,5;0,0764048064224002
38,5;77;0
38,5;77,5;0
38,5;78;0,029365512652316
39;-23,5;0
39;-23;0
39;-22,5;0
39;-22;0,142577286440357
39;-21,5;0,0982878425849301
39;-21;0,0735894661198838
39;-20,5;0,274334756863817
39;-20;0,0381813852789312
39;-19,5;0,0544089453429612
39;-19;0,0663152823010403
39;-18,5;0,0289913780286484
39;-18;0
39;-17,5;0
39;-17;0,148921654204179
39;-16,5;0,136939134058828
39;-16;0,11992624163627
39;-15,5;0,113089236378249
39;-15;0,0569454442930336
39;-14,5;0,0531603090805392
39;-14;0,061372712572322
39;-13,5;0,0560182793295869
39;-13;0,0710066209405243
39;-12,5;0,077637242218605
39;-12;0,0673605110110527
39;-11,5;0,0465530690212162
39;-11;0,0483324590285316
39;-10,5;0,0761835354485884
39;-10;0,0539605646047883
39;-9,5;0,0488734367577401
39;-9;0,0413999359163459
39;-8,5;0,060452761234307
39;-8;0,0338284740502089
39;-7,5;0,0232127838342008
39;-7;0,066933012747737
39;-6,5;0,0504749871651762
39;-6;0,0681907850791107
39;-5,5;0,0539047388688442
39;-5;0,074526396201046
39;-4,5;0,0238350025631336
39;-4;0,0596466202378191
39;-3,5;0,0473502061262886
39;-3;0,0370348964890073
39;-2,5;0,0218882130530651
39;-2;0,0417531315798468
39;-1,5;0,0352044801861561
39;-1;0,0412218728783422
39;-0,5;0,0335005487224595
39;0;0,0411136474177132
39;0,5;0,135002953747913
39;1;0,0857426325201005
39;1,5;0,0431243583184009
39;2;0,0354244091310579
39;2,5;0,0915327252344989
39;3;0,151458095565276
39;3,5;0,0525236651372411
39;4;0,0441848287270173
39;4,5;0,0499941144995472
39;5;0,0420759033849697
39;5,5;0,0627812430807054
39;6;0,0585841358604251
39;6,5;0,0738300714923084
39;7;0,084818566672259
39;7,5;0,136370460074579
39;8;0,180836834886482
39;8,5;0,361890570601492
39;9;0,0568656975907244
39;9,5;0,0439947462460357
39;10;0,0566237803670199
39;10,5;0,0651956176501342
39;11;0,0449043533330354
39;11,5;0,0422941470158091
39;12;0,0510881578194349
39;12,5;0,0550146368218052
39;13;0,0490805141979804
39;13,5;0,0592040723110989
39;14;0,0431819928563082
39;14,5;0,0327904556425292
39;15;0,0900615467047331
39;15,5;0,097389526395691
39;16;0,0537320744897947
39;16,5;0,0377031132995042
39;17;0,0372333115329809
39;17,5;0,17528595307952
39;18;0,328014446324007
39;18,5;0,104907884295356
39;19;0,0263947595808966
39;19,5;0,022224236019865
39;20;0,0249139068558293
39;20,5;0,113124340915737
39;21;0,0310150365628867
39;21,5;0,0383605590808737
39;22;0,0314993288998263
39;22,5;0,0294621902160842
39;23;0,0176302753989907
39;23,5;0,0221437482878417
39;24;0,018540046745716
39;24,5;0,0678049106690578
39;25;0,0964339022723729
39;25,5;0,0881439015837862
39;26;0,0676151704903891
39;26,5;0,0576369576795542
39;27;0,0656038917746048
39;27,5;0,0453825829893555
39;28;0,0446963580817309
39;28,5;0,0376295329105543
39;29;0,165572643915664
39;29,5;0,123744858139506
39;30;0,175020660331001
39;30,5;0,0860199973547057
39;31;0,0661580460136301
39;31,5;0,0682630200682983
39;32;0,0434841804519739
39;32,5;0,0291748599275238
39;33;0,0710670945851391
39;33,5;0,056308463954788
39;34;0,0924968907228153
39;34,5;0,102918340804492
39;35;0,0826631611382385
39;35,5;0,207228896548571
39;36;0,350223226138304
39;36,5;0,0562715719272399
39;37;0,0500640528445605
39;37,5;0,0214210374639822
39;38;0,0550443701359019
39;38,5;0,0728405629735243
39;39;0,142664143018073
39;39,5;0,0397415982076611
39;40;0,0390689818104769
39;40,5;0,0363446270930123
39;41;0,0465445292948904
39;41,5;0,0629266769078637
39;42;0,0577670383199056
39;42,5;0,0425858623520636
39;43;0,0278446299307059
39;43,5;0,0293113734166492
39;44;0,0248750814646133
39;44,5;0,040776598579768
39;45;0,0465592593997622
39;45,5;0,085206914081446
39;46;0,0796819849952445
39;46,5;0,231150825804219
39;47;0,251116314051923
39;47,5;0,100709169962822
39;48;0,0437602471273888
39;48,5;0,0257493239901636
39;49;0,0622772183737734
39;49,5;0,116192237641567
39;50;0,0408615936389018
39;50,5;0,0495631744792725
39;51;0,156162164331273
39;51,5;0,123306509070135
39;52;0,0916309795537736
39;52,5;0,0308849937271906
39;53;0,0519602716958903
39;53,5;0,0831164845262358
39;54;0,17055120289789
39;54,5;0,130066290578703
39;55;0,0969026223044255
39;55,5;0,0595298129259809
39;56;0,0339295278992203
39;56,5;0,0308212189741254
39;57;0,0362538094300605
39;57,5;0,0512972273964791
39;58;0,0298284176809248
39;58,5;0,0314666612621677
39;59;0,0209129548195748
39;59,5;0,0328383194695676
39;60;0,0251541349713313
39;60,5;0,0471956304781691
39;61;0,229349557998114
39;61,5;0,352545811986967
39;62;0,0677055878564253
39;62,5;0,0323740525058869
39;63;0,0474595849521456
39;63,5;0,051050628464953
39;64;0,0397007136795633
39;64,5;0,0609601629827928
39;65;0,0850086516791939
39;65,5;0,0465469402545304
39;66;0,0346482322781408
39;66,5;0,12288802491157
39;67;0,139381846592962
39;67,5;0,11406656748663
39;68;0,0717246016249715
39;68,5;0,0759778163112666
39;69;0,29176090045503
39;69,5;0,170265412052215
39;70;0,0842824526586839
39;70,5;0,0898300337022922
39;71;0,100570051033273
39;71,5;0,312953054175298
39;72;0,383918858690843
39;72,5;0,0812403840463596
39;73;0
39;73,5;0
39;74;0,0466002503569813
39;74,5;0,0469510383271765
39;75;0,0364360169795401
39;75,5;0
39;76;0,0876397784640672
39;76,5;0,00848528137423857
39;77;0
39;77,5;0,0842008652822862
39;78;0,037637008973143
39,5;-23,5;0
39,5;-23;0
39,5;-22,5;0,05525525185123
39,5;-22;0,0452743154157369
39,5;-21,5;0
39,5;-21;0,231234188648651
39,5;-20,5;0,0808622097750054
39,5;-20;0,0667030733924607
39,5;-19,5;0,0593608817801276
39,5;-19;0,0233345237791561
39,5;-18,5;0,041891725515508
39,5;-18;0
39,5;-17,5;0,250710194324965
39,5;-17;0,283007963409055
39,5;-16,5;0,281439925034649
39,5;-16;0,0889288461779398
39,5;-15,5;0,0228108161479008
39,5;-15;0,0318794604722226
39,5;-14,5;0,0713373547436277
39,5;-14;0,0538486340088157
39,5;-13,5;0,0665285749287574
39,5;-13;0,0889338973352573
39,5;-12,5;0,057635939440175
39,5;-12;0,0711010662097385
39,5;-11,5;0,0484236157349548
39,5;-11;0,0713238986281567
39,5;-10,5;0,0526611868916635
39,5;-10;0,0737323194428978
39,5;-9,5;0,0665503172636401
39,5;-9;0,0433967868164313
39,5;-8,5;0,0837641392268085
39,5;-8;0,0668752183100479
39,5;-7,5;0,0596672478109198
39,5;-7;0,0784726448255409
39,5;-6,5;0,0441157385786757
39,5;-6;0,0752586336595245
39,5;-5,5;0,0514332395907184
39,5;-5;0,049181831025822
39,5;-4,5;0,052087374930908
39,5;-4;0,0585612457273049
39,5;-3,5;0,0515100268858897
39,5;-3;0,0683907813881771
39,5;-2,5;0,0453267821600448
39,5;-2;0,0409560296446587
39,5;-1,5;0,0366865292487518
39,5;-1;0,0411069036120352
39,5;-0,5;0,0759033485398321
39,5;0;0,0373497614878006
39,5;0,5;0,112402319368381
39,5;1;0,044755532653307
39,5;1,5;0,06706054484143
39,5;2;0,0654250181215667
39,5;2,5;0,177058876593164
39,5;3;0,210444095917731
39,5;3,5;0,0244724533815624
39,5;4;0,057157675994021
39,5;4,5;0,0314757449875698
39,5;5;0,030724687712106
39,5;5,5;0,0468646396846664
39,5;6;0,0618973424774959
39,5;6,5;0,0432940260613525
39,5;7;0,0600989687310854
39,5;7,5;0,109214216691035
39,5;8;0,150512280535988
39,5;8,5;0,271694282943719
39,5;9;0,045955168926035
39,5;9,5;0,0389659290722075
39,5;10;0,0345415715796073
39,5;10,5;0,0352024038271428
39,5;11;0,062956111139623
39,5;11,5;0,0654197231035119
39,5;12;0,0937642402686896
39,5;12,5;0,118419931341222
39,5;13;0,0843925657845829
39,5;13,5;0,0723461889961804
39,5;14;0,0602414974897037
39,5;14,5;0,0499983403184106
39,5;15;0,0455266870992991
39,5;15,5;0,0344359748000584
39,5;16;0,0245035195435051
39,5;16,5;0,0245766894305628
39,5;17;0,0403537626698696
39,5;17,5;0,19910467655697
39,5;18;0,222025558291829
39,5;18,5;0,212082282033689
39,5;19;0,040829191334311
39,5;19,5;0,0326818771862745
39,5;20;0,0607100581207496
39,5;20,5;0,196054564948064
39,5;21;0,0682329394210638
39,5;21,5;0,025660382632641
39,5;22;0,0697508089568863
39,5;22,5;0,0545403255164288
39,5;23;0,0279575287888247
39,5;23,5;0,365178008737934
39,5;24;0,318114015111947
39,5;24,5;0,0247769582152895
39,5;25;0,0195065438276708
39,5;25,5;0,0361670652883289
39,5;26;0,0390972706032972
39,5;26,5;0,0590698796049374
39,5;27;0,0425008500055603
39,5;27,5;0,0310156541423855
39,5;28;0,0532057893692873
39,5;28,5;0,0433964641168991
39,5;29;0,121309726421742
39,5;29,5;0,0730699556409264
39,5;30;0,0512769700846728
39,5;30,5;0,0316128885090868
39,5;31;0,0319146416651837
39,5;31,5;0,0776248244787075
39,5;32;0,0554876396259609
39,5;32,5;0,055879055445981
39,5;33;0,193707834773953
39,5;33,5;0,331213048887723
39,5;34;0,0498656520086648
39,5;34,5;0,0528860060852819
39,5;35;0,0433767806324906
39,5;35,5;0,20250574977638
39,5;36;0,0627446045445267
39,5;36,5;0,049603367301213
39,5;37;0,0327952479990093
39,5;37,5;0,0340571185646991
39,5;38;0,107793879411978
39,5;38,5;0,126938675946224
39,5;39;0,048952566794353
39,5;39,5;0,0432032786635576
39,5;40;0,0454460125426028
39,5;40,5;0,0483260519831228
39,5;41;0,079899863361999
39,5;41,5;0,0964786791845229
39,5;42;0,0636581337220996
39,5;42,5;0,0506263264514816
39,5;43;0,0349672869554501
39,5;43,5;0,0221575574678523
39,5;44;0,0415725510071872
39,5;44,5;0,0598143443090699
39,5;45;0,146985198096216
39,5;45,5;0,127982768834157
39,5;46;0,0792922456744014
39,5;46,5;0,276131065497118
39,5;47;0,350978580104026
39,5;47,5;0,0463479343920413
39,5;48;0,0403292697677506
39,5;48,5;0,0155456494760063
39,5;49;0,137635265797631
39,5;49,5;0,154328275655068
39,5;50;0,057274980715649
39,5;50,5;0,0682517399045621
39,5;51;0,184911728997003
39,5;51,5;0,154135270274846
39,5;52;0,148511352356348
39,5;52,5;0,0340942872693239
39,5;53;0,0279036344429547
39,5;53,5;0,0367483681540211
39,5;54;0,312587705265151
39,5;54,5;0,322511065781673
39,5;55;0,0456017838365522
39,5;55,5;0,0159519686853968
39,5;56;0,0421192170025483
39,5;56,5;0,0300917708291626
39,5;57;0,0161174429071733
39,5;57,5;0,0258579629724433
39,5;58;0,0411904982768625
39,5;58,5;0,0250171341775393
39,5;59;0,0274746244109526
39,5;59,5;0,0478808579369309
39,5;60;0,0213555873511152
39,5;60,5;0,0267399805414315
39,5;61;0,168231163894587
39,5;61,5;0,275660567477585
39,5;62;0,0546569050320144
39,5;62,5;0,0557008966502376
39,5;63;0,062256920098544
39,5;63,5;0,0353340324072111
39,5;64;0,0476202522153404
39,5;64,5;0,361626556143555
39,5;65;0,337294675932927
39,5;65,5;0,0414173596188109
39,5;66;0,0418625456377503
39,5;66,5;0,0961590562691008
39,5;67;0,0938350981297811
39,5;67,5;0,0559642743185329
39,5;68;0,0698037009525044
39,5;68,5;0,0871765450106851
39,5;69;0,114379029983647
39,5;69,5;0,139542351794181
39,5;70;0,0753995494913071
39,5;70,5;0,108109965934226
39,5;71;0,316066923015781
39,5;71,5;0,271471435705564
39,5;72;0
39,5;72,5;0
39,5;73;0
39,5;73,5;0
39,5;74;0
39,5;74,5;0,0759119306309701
39,5;75;0,071123366999414
39,5;75,5;0,0611415220147954
39,5;76;0,00777817459305202
39,5;76,5;0
39,5;77;0
39,5;77,5;0,070173254978558
39,5;78;0
40;-23,5;0
40;-23;0
40;-22,5;0
40;-22;0
40;-21,5;0
40;-21;0,258978672881608
40;-20,5;0,161162523479744
40;-20;0,103304911605909
40;-19,5;0,120453033724076
40;-19;0
40;-18,5;0
40;-18;0
40;-17,5;0,227767194162904
40;-17;0,297742002411484
40;-16,5;0,281149867095571
40;-16;0,0896375065235395
40;-15,5;0,108006432645253
40;-15;0,0325393534632992
40;-14,5;0,0554569857883321
40;-14;0,0584951224276528
40;-13,5;0,0916413681198464
40;-13;0,0356064345563858
40;-12,5;0,0679048704333601
40;-12;0,0698855937380603
40;-11,5;0,0798510997939156
40;-11;0,0897329370966982
40;-10,5;0,0738672917113519
40;-10;0,0538828891899839
40;-9,5;0,0516116574258051
40;-9;0,0794712334810413
40;-8,5;0,0745971941785369
40;-8;0,0742437110009218
40;-7,5;0,0754806665339421
40;-7;0,075916856841106
40;-6,5;0,0824779477204348
40;-6;0,0672794774793
40;-5,5;0,0425079106980114
40;-5;0,0558797728445445
40;-4,5;0,0729691804028234
40;-4;0,076731067958966
40;-3,5;0,0716653902723748
40;-3;0,058244759000939
40;-2,5;0,0489339545201867
40;-2;0,0515099774585252
40;-1,5;0,0463270971459684
40;-1;0,0465026722824803
40;-0,5;0,0449343428578546
40;0;0,0311007547087743
40;0,5;0,0544149379504835
40;1;0,0463876243698454
40;1,5;0,0521179975910035
40;2;0,0496476730058171
40;2,5;0,117625598585414
40;3;0,065616148329269
40;3,5;0,0458448542710081
40;4;0,0432541634350064
40;4,5;0,0378229035526243
40;5;0,0349194362549676
40;5,5;0,0201607955390574
40;6;0,0240388805433568
40;6,5;0,0267767189428716
40;7;0,0797308104148085
40;7,5;0,127713215804376
40;8;0,07813525066968
40;8,5;0,0575720280678177
40;9;0,0425200796297134
40;9,5;0,0394388464607782
40;10;0,0596960720442693
40;10,5;0,0421616189927992
40;11;0,0459313513681233
40;11,5;0,0697018446611634
40;12;0,0581252413690517
40;12,5;0,0430823459341193
40;13;0,0733155059015861
40;13,5;0,0900718123484333
40;14;0,108791019360133
40;14,5;0,0736059151942134
40;15;0,0827527182265428
40;15,5;0,0837179533830972
40;16;0,0760641821084878
40;16,5;0,0590614217823484
40;17;0,0309357837082428
40;17,5;0,0483963652920124
40;18;0,105855075341464
40;18,5;0,0453961060287888
40;19;0,0498835275068495
40;19,5;0,0424403852273764
40;20;0,0728520886504175
40;20,5;0,169699052205837
40;21;0,0368904797067915
40;21,5;0,0398602460565195
40;22;0,0848072045138402
40;22,5;0,0908064250101301
40;23;0,0465682716188676
40;23,5;0,354980288320941
40;24;0,223339439535656
40;24,5;0,028438285187855
40;25;0,0237855112041358
40;25,5;0,0235606613214647
40;26;0,0373282725286342
40;26,5;0,0505914268136738
40;27;0,0316676508758589
40;27,5;0,0286580182690557
40;28;0,0704739611607058
40;28,5;0,0537621564651858
40;29;0,043156623102915
40;29,5;0,053394150373591
40;30;0,0917138178256978
40;30,5;0,0681150238481145
40;31;0,0430616797682442
40;31,5;0,0705772879988117
40;32;0,108667186183048
40;32,5;0,0766485151358151
40;33;0,339585085716042
40;33,5;0,289096621936986
40;34;0,110245383079556
40;34,5;0,0378067818627946
40;35;0,0441758849987977
40;35,5;0,107617455516546
40;36;0,0261549683453451
40;36,5;0,0221526858375292
40;37;0,0520588047413089
40;37,5;0,0623140184014159
40;38;0,0528109117002447
40;38,5;0,0529520860399093
40;39;0,0598159900115715
40;39,5;0,0739122545152113
40;40;0,0543062891313307
40;40,5;0,18036114078826
40;41;0,0871416510939051
40;41,5;0,0344704687738706
40;42;0,0600433162732054
40;42,5;0,0748160284580032
40;43;0,0436590755288412
40;43,5;0,06710626210141
40;44;0,0467679032762802
40;44,5;0,0553472460657152
40;45;0,0578560577293161
40;45,5;0,0756437651171723
40;46;0,0786372315594072
40;46,5;0,0747251778442631
40;47;0,0383635286512921
40;47,5;0,0384163486060347
40;48;0,0276163229769251
40;48,5;0,0225688661436117
40;49;0,0842220140960913
40;49,5;0,171211323677413
40;50;0,129577454314656
40;50,5;0,200479740394235
40;51;0,0607253163811172
40;51,5;0,100165893388654
40;52;0,143180410767494
40;52,5;0,0317671351624684
40;53;0,0571285161313674
40;53,5;0,0383244683724779
40;54;0,217680156222893
40;54,5;0,037140264281219
40;55;0,029716923094548
40;55,5;0,0323292441536793
40;56;0,0308417479772281
40;56,5;0,0363634681581408
40;57;0,0472768537542517
40;57,5;0,0233613203535201
40;58;0,036292579031311
40;58,5;0,0255749066985268
40;59;0,0343653074913401
40;59,5;0,0316142968942209
40;60;0,020996908630131
40;60,5;0,0433549116672986
40;61;0,0451456160989445
40;61,5;0,0344334396920687
40;62;0,0329414480596605
40;62,5;0,0492628677414932
40;63;0,0704495114235609
40;63,5;0,10756265314062
40;64;0,104350577666439
40;64,5;0,349875178894648
40;65;0,399824711592468
40;65,5;0,0638955684312955
40;66;0,0603443112267917
40;66,5;0,0759181408002337
40;67;0,0677745957814086
40;67,5;0,0772460509084599
40;68;0,0552443662286029
40;68,5;0,0425617198900608
40;69;0,0561426592566276
40;69,5;0,0622558066447854
40;70;0,053586472173488
40;70,5;0,0779270000458905
40;71;0,348495959385278
40;71,5;0,233757206474896
40;72;0
40;72,5;0
40;73;0
40;73,5;0,0819445224643158
40;74;0,0564210362660359
40;74,5;0,0914766088678957
40;75;0,0854107721543366
40;75,5;0,053393975939863
40;76;0
40;76,5;0
40;77;0
40;77,5;0,0429697568063865
40;78;0
40,5;-23,5;0
40,5;-23;0
40,5;-22,5;0
40,5;-22;0
40,5;-21,5;0
40,5;-21;0,131521861300698
40,5;-20,5;0,162286125596937
40,5;-20;0,0936470161636965
40,5;-19,5;0,0683619465143094
40,5;-19;0,0677112215501207
40,5;-18,5;0,0788474265063018
40,5;-18;0
40,5;-17,5;0,0312521999225654
40,5;-17;0,0266383182652359
40,5;-16,5;0,0491381071209359
40,5;-16;0,0616629818718924
40,5;-15,5;0,121167879286386
40,5;-15;0,0660185159212508
40,5;-14,5;0,0466350046200703
40,5;-14;0,0437736058764705
40,5;-13,5;0,0920391533377314
40,5;-13;0,0472615546237589
40,5;-12,5;0,0448516071804196
40,5;-12;0,0878797503927983
40,5;-11,5;0,0960752410975479
40,5;-11;0,143408645098426
40,5;-10,5;0,330433113943719
40,5;-10;0,0700190756341389
40,5;-9,5;0,0726005654610428
40,5;-9;0,0413095090939037
40,5;-8,5;0,027563276483871
40,5;-8;0,0394739214696295
40,5;-7,5;0,0920712457052379
40,5;-7;0,0736869371454829
40,5;-6,5;0,19667250307196
40,5;-6;0,302295047591454
40,5;-5,5;0,0698241273956555
40,5;-5;0,056648192175635
40,5;-4,5;0,0461535793908519
40,5;-4;0,0312551177679691
40,5;-3,5;0,0249126223924913
40,5;-3;0,0749501242381967
40,5;-2,5;0,0853792526607847
40,5;-2;0,0523579884967457
40,5;-1,5;0,101075872969146
40,5;-1;0,137248761203118
40,5;-0,5;0,0724144883757509
40,5;0;0,0531781208245953
40,5;0,5;0,0287003685869153
40,5;1;0,0483596867086197
40,5;1,5;0,0423389726575545
40,5;2;0,0485580403574765
40,5;2,5;0,0813609225604525
40,5;3;0,0644977439931216
40,5;3,5;0,0476012826531695
40,5;4;0,0704428300658932
40,5;4,5;0,0637963160896117
40,5;5;0,0512384634325868
40,5;5,5;0,0715015181221224
40,5;6;0,0656698006243061
40,5;6,5;0,047039549644626
40,5;7;0,0373875648977668
40,5;7,5;0,0339598443464834
40,5;8;0,0369450768262061
40,5;8,5;0,0450463273050892
40,5;9;0,0516655082455214
40,5;9,5;0,0375771389873425
40,5;10;0,0334140438260687
40,5;10,5;0,0367680231281541
40,5;11;0,0599604000592336
40,5;11,5;0,0500371404702108
40,5;12;0,0494614908388405
40,5;12,5;0,0896017076905733
40,5;13;0,119676451427158
40,5;13,5;0,0400274944087433
40,5;14;0,0484481965256894
40,5;14,5;0,0499262866856348
40,5;15;0,0700765167384781
40,5;15,5;0,0770317010094746
40,5;16;0,0596629914144839
40,5;16,5;0,0756133497995474
40,5;17;0,050032328360402
40,5;17,5;0,0341762659710092
40,5;18;0,0533142815219873
40,5;18,5;0,037353948601761
40,5;19;0,0596773766658211
40,5;19,5;0,0563737767598306
40,5;20;0,0912103760713727
40,5;20,5;0,069554318112135
40,5;21;0,0393053911582709
40,5;21,5;0,0994426312240475
40,5;22;0,109784391380556
40,5;22,5;0,061846471913556
40,5;23;0,0672934727878282
40,5;23,5;0,176497123841717
40,5;24;0,135494259990444
40,5;24,5;0,0697299383720829
40,5;25;0,0314422139030643
40,5;25,5;0,0270921776192736
40,5;26;0,0610326635546145
40,5;26,5;0,0653908611770917
40,5;27;0,0362312969594233
40,5;27,5;0,0351925777488769
40,5;28;0,040096744232813
40,5;28,5;0,0354882716852422
40,5;29;0,0578721470091532
40,5;29,5;0,100504637860175
40,5;30;0,132531146087233
40,5;30,5;0,077695023435653
40,5;31;0,0622205277793028
40,5;31,5;0,0477543660473471
40,5;32;0,086438882409231
40,5;32,5;0,0897406413450216
40,5;33;0,0413360214179675
40,5;33,5;0,067737508886826
40,5;34;0,0834032596425839
40,5;34,5;0,0610868234564542
40,5;35;0,0262314659743319
40,5;35,5;0,0238728467074489
40,5;36;0,0511892845929972
40,5;36,5;0,0420731123012249
40,5;37;0,0258102100248959
40,5;37,5;0,0387771949038224
40,5;38;0,130680275578587
40,5;38,5;0,0829106621303121
40,5;39;0,0621170282526377
40,5;39,5;0,0873039183522931
40,5;40;0,148229547063295
40,5;40,5;0,132251210614557
40,5;41;0,109347791133476
40,5;41,5;0,0538469545698793
40,5;42;0,0460492504941653
40,5;42,5;0,05052082786313
40,5;43;0,0341156738333266
40,5;43,5;0,0238249554333384
40,5;44;0,0819213894510266
40,5;44,5;0,0675772601409251
40,5;45;0,038432967296406
40,5;45,5;0,0647506671631391
40,5;46;0,128860488444262
40,5;46,5;0,0820999169216597
40,5;47;0,0447348483026495
40,5;47,5;0,0453331737103797
40,5;48;0,0211990500852728
40,5;48,5;0,175360847456689
40,5;49;0,292510655076586
40,5;49,5;0,0302134190171393
40,5;50;0,141266701150676
40,5;50,5;0,119440431457135
40,5;51;0,10528519186165
40,5;51,5;0,0953981775373794
40,5;52;0,0951116230857669
40,5;52,5;0,0302706269235002
40,5;53;0,0512714297063407
40,5;53,5;0,0445692530738314
40,5;54;0,0727722051166173
40,5;54,5;0,0291893798135418
40,5;55;0,0532609656520127
40,5;55,5;0,0320835573204517
40,5;56;0,049759871363517
40,5;56,5;0,0422904347113551
40,5;57;0,0324313840193729
40,5;57,5;0,0279539835925218
40,5;58;0,0458481425350367
40,5;58,5;0,0420408399324065
40,5;59;0,0336576282424039
40,5;59,5;0,0419230684202408
40,5;60;0,321374648087058
40,5;60,5;0,263013760624648
40,5;61;0,0582253392486819
40,5;61,5;0,0379402548365577
40,5;62;0,0276624948208512
40,5;62,5;0,0589674214515571
40,5;63;0,0624609618194631
40,5;63,5;0,0389765444903491
40,5;64;0,0336540181531583
40,5;64,5;0,0660236939087014
40,5;65;0,0483228663802622
40,5;65,5;0,0525118049125377
40,5;66;0,0649543185020326
40,5;66,5;0,0685693697435172
40,5;67;0,0827840031435457
40,5;67,5;0,0883647987738198
40,5;68;0,0889254028538936
40,5;68,5;0,0573843318202934
40,5;69;0,0519583038975999
40,5;69,5;0,0608676230229794
40,5;70;0,0714373917823808
40,5;70,5;0,0808640834981761
40,5;71;0,301935042504962
40,5;71,5;0,138604833970537
40,5;72;0
40,5;72,5;0,0105356537528527
40,5;73;0,0589859361148118
40,5;73,5;0,0799375450655767
40,5;74;0,0478937315711516
40,5;74,5;0,0403050865276332
40,5;75;0
40,5;75,5;0
40,5;76;0
40,5;76,5;0
40,5;77;0
40,5;77,5;0,0282842712474619
40,5;78;0
41;-23,5;0,0482162596258533
41;-23;0,0604883400806658
41;-22,5;0,0346506373197762
41;-22;0
41;-21,5;0
41;-21;0
41;-20,5;0,0460991778574651
41;-20;0,0845869046865083
41;-19,5;0,0532483698237691
41;-19;0,11440571081317
41;-18,5;0,135381867323508
41;-18;0,0776659513557904
41;-17,5;0,0247107071452649
41;-17;0,0896048423790689
41;-16,5;0,0755268673539933
41;-16;0,0480312398340913
41;-15,5;0,034955209435314
41;-15;0
41;-14,5;0,0846824132338652
41;-14;0,0664745951087466
41;-13,5;0,106013420745447
41;-13;0,0887566286563138
41;-12,5;0,0483694383273422
41;-12;0,0928473059502656
41;-11,5;0,0595438213979139
41;-11;0,269001930218983
41;-10,5;0,305993996472468
41;-10;0,0779086358369512
41;-9,5;0,0651410350660173
41;-9;0,0328543584170361
41;-8,5;0,0657266852583468
41;-8;0,0345478112259547
41;-7,5;0,249946502340517
41;-7;0,104137872210697
41;-6,5;0,176396121237166
41;-6;0,25014438681096
41;-5,5;0,149322818091614
41;-5;0,0630700057353197
41;-4,5;0,0692646359838828
41;-4;0,0522520010307893
41;-3,5;0,0639805321541894
41;-3;0,0245259573853862
41;-2,5;0,0349954339312946
41;-2;0,0628950590221551
41;-1,5;0,111341994519542
41;-1;0,0902470835437593
41;-0,5;0,0891785839465437
41;0;0,0458670828123425
41;0,5;0,0522470264664962
41;1;0,0357989235740655
41;1,5;0,0351971607099812
41;2;0,0573168429449425
41;2,5;0,0565613410488042
41;3;0,103320026005714
41;3,5;0,0887073047971234
41;4;0,0779750512243844
41;4,5;0,0669912226872855
41;5;0,0933640730691202
41;5,5;0,0853106477169165
41;6;0,084337433049394
41;6,5;0,0926247020366319
41;7;0,065969017124035
41;7,5;0,0599681225896554
41;8;0,0512333982489603
41;8,5;0,0313365810478742
41;9;0,0385100280894579
41;9,5;0,0304849010585008
41;10;0,0408672588380092
41;10,5;0,0417147458391995
41;11;0,0259838960323504
41;11,5;0,0501803578013404
41;12;0,100794570560846
41;12,5;0,144792334618753
41;13;0,0970401334009043
41;13,5;0,03894587208397
41;14;0,0420491241218477
41;14,5;0,112701232316101
41;15;0,0817588028992922
41;15,5;0,078931546980606
41;16;0,0375886539782251
41;16,5;0,0327230371702816
41;17;0,0444114798749411
41;17,5;0,0317462817871505
41;18;0,0328942415736664
41;18,5;0,0217925471619872
41;19;0,0325206185920381
41;19,5;0,042821750566816
41;20;0,0697325061255233
41;20,5;0,0636993923895592
41;21;0,0329626050750443
41;21,5;0,09420599831336
41;22;0,092761868811352
41;22,5;0,064914474762979
41;23;0,0585270651525591
41;23,5;0,0591411522995351
41;24;0,072032066273539
41;24,5;0,0337760217259701
41;25;0,0719469439594069
41;25,5;0,0624508888374944
41;26;0,0462813440807131
41;26,5;0,0273710758490312
41;27;0,0208941719241737
41;27,5;0,0219202718807895
41;28;0,0217050252994393
41;28,5;0,0296974087784485
41;29;0,0702387320257422
41;29,5;0,0594448513960539
41;30;0,0301429262930732
41;30,5;0,0968428279912009
41;31;0,11146806328116
41;31,5;0,119563807783345
41;32;0,0765660916541035
41;32,5;0,0383697766259587
41;33;0,0381960507384078
41;33,5;0,0462478106337028
41;34;0,0395284184830179
41;34,5;0,0578758729235825
41;35;0,0282074516852996
41;35,5;0,0594014509010176
41;36;0,0441658754572657
41;36,5;0,0849079656240008
41;37;0,0374566471166753
41;37,5;0,0564179218990618
41;38;0,154860953264334
41;38,5;0,0631519807966904
41;39;0,0661316097270999
41;39,5;0,0500661366308134
41;40;0,0554556740178981
41;40,5;0,105629422561747
41;41;0,075880984044066
41;41,5;0,0709232241159993
41;42;0,120606354880104
41;42,5;0,0469011446229917
41;43;0,0521151985095407
41;43,5;0,132948743204136
41;44;0,122236129478409
41;44,5;0,0563641496604604
41;45;0,0448556230504301
41;45,5;0,0241915963370203
41;46;0,0689677460846735
41;46,5;0,0668645180503433
41;47;0,0362645392140547
41;47,5;0,0279846893401654
41;48;0,0225542810190549
41;48,5;0,217400225682316
41;49;0,316908951172625
41;49,5;0,0262400000629913
41;50;0,0422384840125737
41;50,5;0,0421646533127063
41;51;0,109462345564211
41;51,5;0,109886316350164
41;52;0,0292141917393918
41;52,5;0,0293644162387085
41;53;0,0512169306218805
41;53,5;0,058361953763208
41;54;0,0494214354247969
41;54,5;0,042312804397463
41;55;0,0806939370993499
41;55,5;0,0590541673201066
41;56;0,0703318628833271
41;56,5;0,0834480389655413
41;57;0,111600019828718
41;57,5;0,129852852790866
41;58;0,0515473346279341
41;58,5;0,047390660554664
41;59;0,0451853459904646
41;59,5;0,0830863145757587
41;60;0,291187421866854
41;60,5;0,173754112740827
41;61;0,0265517735328709
41;61,5;0,0309332240170326
41;62;0,0377085905205042
41;62,5;0,345162132143779
41;63;0,121894427978998
41;63,5;0,0640637067402696
41;64;0,0372428914966731
41;64,5;0,0474184674406688
41;65;0,0458681906018856
41;65,5;0,0639432592541263
41;66;0,057921159066737
41;66,5;0,0480851517433586
41;67;0,068092315321166
41;67,5;0,057873593744063
41;68;0,0226892044814268
41;68,5;0,0514638527369273
41;69;0,0422394359661551
41;69,5;0,0619331964668237
41;70;0,0776778668033189
41;70,5;0,0888647302074419
41;71;0,136546896504662
41;71,5;0
41;72;0
41;72,5;0
41;73;0,0669944505929888
41;73,5;0,0541510233821424
41;74;0,0618121561430988
41;74,5;0,0471324375209544
41;75;0
41;75,5;0
41;76;0
41;76,5;0
41;77;0,00404145188432738
41;77,5;0,0622105312437409
41;78;0
41,5;-23,5;0,0967145037628547
41,5;-23;0,071020543383007
41,5;-22,5;0,0432978059490316
41,5;-22;0
41,5;-21,5;0,243951591683611
41,5;-21;0,232872694308255
41,5;-20,5;0,232494142540816
41,5;-20;0,0862497732855737
41,5;-19,5;0,047452049162254
41,5;-19;0
41,5;-18,5;0,0672129699785193
41,5;-18;0,0937927004205227
41,5;-17,5;0,0992897123054396
41,5;-17;0,0749119996549798
41,5;-16,5;0,0870084047664362
41,5;-16;0,0811682555823748
41,5;-15,5;0,0791406510401502
41,5;-15;0,0270246800782791
41,5;-14,5;0,0877701543806322
41,5;-14;0,08422113748935
41,5;-13,5;0,0758677254483478
41,5;-13;0,0778794856538889
41,5;-12,5;0,0896806742466477
41,5;-12;0,230546326072676
41,5;-11,5;0
41,5;-11;0,0995493177609303
41,5;-10,5;0,284790378186349
41,5;-10;0,114529853518368
41,5;-9,5;0,0793886446021525
41,5;-9;0,0761009991325049
41,5;-8,5;0,111247589384179
41,5;-8;0,278459850565312
41,5;-7,5;0,340648738281946
41,5;-7;0,0724130174240853
41,5;-6,5;0,0769732736569012
41,5;-6;0,146485917363134
41,5;-5,5;0,0525770292411264
41,5;-5;0,0623470564748055
41,5;-4,5;0,0582337960294535
41,5;-4;0,0458087795369355
41,5;-3,5;0,0594202379239779
41,5;-3;0,079130008837243
41,5;-2,5;0,0327848989011648
41,5;-2;0,0363420663631801
41,5;-1,5;0,0340947209990051
41,5;-1;0,126027220055441
41,5;-0,5;0,0836365522066386
41,5;0;0,0548917549537703
41,5;0,5;0,0569007071677539
41,5;1;0,021700329146096
41,5;1,5;0,0379021181307721
41,5;2;0,0822492760418502
41,5;2,5;0,0445004220693474
41,5;3;0,0585861541618443
41,5;3,5;0,0646188371734362
41,5;4;0,108591757335781
41,5;4,5;0,112048966725758
41,5;5;0,164480672661442
41,5;5,5;0,163426078039915
41,5;6;0,146422441415633
41,5;6,5;0,109451168996765
41,5;7;0,0667427193896312
41,5;7,5;0,0597481409139994
41,5;8;0,0475376576200975
41,5;8,5;0,0373889454717042
41,5;9;0,0322428632983638
41,5;9,5;0,0431499796418476
41,5;10;0,0534690138884679
41,5;10,5;0,0447543253071659
41,5;11;0,0328463349619118
41,5;11,5;0,0382790880625837
41,5;12;0,0642924235842535
41,5;12,5;0,0431600901861862
41,5;13;0,0430345652214098
41,5;13,5;0,0236356104325061
41,5;14;0,0766453798485628
41,5;14,5;0,0895269387887172
41,5;15;0,0749077768471007
41,5;15,5;0,0987320025793731
41,5;16;0,100617603497909
41,5;16,5;0,0608967291088907
41,5;17;0,0565629868488729
41,5;17,5;0,132143466360027
41,5;18;0,0358268464850283
41,5;18,5;0,0438727717159426
41,5;19;0,0384299996881741
41,5;19,5;0,0286755783815812
41,5;20;0,0197454316951829
41,5;20,5;0,0355457796507601
41,5;21;0,0304090501426551
41,5;21,5;0,0294039055159795
41,5;22;0,0363417152562744
41,5;22,5;0,0453550310195654
41,5;23;0,0264899709061729
41,5;23,5;0,0420009035059581
41,5;24;0,0406575007734859
41,5;24,5;0,0239671319931685
41,5;25;0,0425047655730358
41,5;25,5;0,0401781655408245
41,5;26;0,0446424254320863
41,5;26,5;0,0204720483075036
41,5;27;0,140229216755739
41,5;27,5;0,118398273891574
41,5;28;0,113252770142295
41,5;28,5;0,0328492183842992
41,5;29;0,0340378393821335
41,5;29,5;0,0316761635752023
41,5;30;0,0490652962012513
41,5;30,5;0,0700685496702519
41,5;31;0,138846774614063
41,5;31,5;0,113920831216788
41,5;32;0,0942880706457951
41,5;32,5;0,0482722525773691
41,5;33;0,0228194434034921
41,5;33,5;0,0476994882202167
41,5;34;0,0382354007141104
41,5;34,5;0,0561629099298695
41,5;35;0,0416215336828871
41,5;35,5;0,0234471035880056
41,5;36;0,0254241539349058
41,5;36,5;0,0262938653562366
41,5;37;0,030729910681099
41,5;37,5;0,0326255902804529
41,5;38;0,0949734863562879
41,5;38,5;0,0802730820991161
41,5;39;0,104707068120748
41,5;39,5;0,0480406361682854
41,5;40;0,0437785023905258
41,5;40,5;0,0426262154689381
41,5;41;0,0647983764899126
41,5;41,5;0,160263045222259
41,5;42;0,0507861529684355
41,5;42,5;0,0350030000715025
41,5;43;0,0334976562643808
41,5;43,5;0,0690459544482214
41,5;44;0,0528458436707875
41,5;44,5;0,0561066355418032
41,5;45;0,0323775399994924
41,5;45,5;0,0345145954673596
41,5;46;0,0173435786355629
41,5;46,5;0,0210540724550418
41,5;47;0,192574657269822
41,5;47,5;0,0258821949712331
41,5;48;0,0299152038516806
41,5;48,5;0,0266645832519468
41,5;49;0,0310045517852614
41,5;49,5;0,0223758557728778
41,5;50;0,0516943986747282
41,5;50,5;0,0623317310403615
41,5;51;0,0419528923801847
41,5;51,5;0,0272693710056049
41,5;52;0,0364456234831342
41,5;52,5;0,0247337419122282
41,5;53;0,0890130934881208
41,5;53,5;0,241304243368395
41,5;54;0,131521752415878
41,5;54,5;0,0599454527072361
41,5;55;0,10684922888584
41,5;55,5;0,0922115247095297
41,5;56;0,0678615913156792
41,5;56,5;0,0919196598779233
41,5;57;0,160515807870853
41,5;57,5;0,138577866116989
41,5;58;0,0569134066309665
41,5;58,5;0,0998150788003558
41,5;59;0,0896851841211237
41,5;59,5;0,110824185086108
41,5;60;0,119266515637106
41,5;60,5;0,04749769442865
41,5;61;0,028573804350873
41,5;61,5;0,0450581506023551
41,5;62;0,0438546240540477
41,5;62,5;0,340110241280348
41,5;63;0,0627687414550121
41,5;63,5;0,038716421649751
41,5;64;0,038949668376851
41,5;64,5;0,0502656170564384
41,5;65;0,0594917929629936
41,5;65,5;0,0898102942530987
41,5;66;0,0796818059790416
41,5;66,5;0,0885240387396701
41,5;67;0,0696379117036026
41,5;67,5;0,0616576394469047
41,5;68;0,0430346236881286
41,5;68,5;0,0352128038991722
41,5;69;0,0410657196860512
41,5;69,5;0,0744809819126109
41,5;70;0,0858175582132393
41,5;70,5;0
41,5;71;0,127540897000928
41,5;71,5;0,094142934441535
41,5;72;0
41,5;72,5;0
41,5;73;0,0770334441340352
41,5;73,5;0,0947170475063443
41,5;74;0,123203876058173
41,5;74,5;0,15139276479003
41,5;75;0
41,5;75,5;0
41,5;76;0
41,5;76,5;0,07222464953186
41,5;77;0,339777020645695
41,5;77,5;0,240198929308658
42;-23,5;0,0272564976962681
42;-23;0,0812025009088153
42;-22,5;0
42;-22;0
42;-21,5;0,0939128268535191
42;-21;0,27838872572124
42;-20,5;0,25682581538134
42;-20;0,0704674772069736
42;-19,5;0,103112231829891
42;-19;0,0501821681476598
42;-18,5;0,0515897276596805
42;-18;0,0377412241454885
42;-17,5;0,0676504604220964
42;-17;0,0297961326988843
42;-16,5;0,0739521241524993
42;-16;0,00919238815542513
42;-15,5;0,0851886108303491
42;-15;0,0884546965024093
42;-14,5;0,0910086338133445
42;-14;0,108277201575181
42;-13,5;0,0921368129885786
42;-13;0,091540664916382
42;-12,5;0,181361015143181
42;-12;0,136038930743983
42;-11,5;0,218238513513284
42;-11;0,123993870846122
42;-10,5;0,181600629081606
42;-10;0,0487693426292359
42;-9,5;0,0471727322366075
42;-9;0,0488009922245979
42;-8,5;0,127822048921445
42;-8;0,28334157410985
42;-7,5;0,307736607710788
42;-7;0,0683851527950842
42;-6,5;0,0678117083045935
42;-6;0,328708636296276
42;-5,5;0,0370362816619902
42;-5;0,0468796868805329
42;-4,5;0,0742445427032326
42;-4;0,0182800119131929
42;-3,5;0,0530381944300468
42;-3;0,0534278193564749
42;-2,5;0,0703202664209369
42;-2;0,0287424070377893
42;-1,5;0,078284402979197
42;-1;0,0677129626358534
42;-0,5;0,031289022833136
42;0;0,0358006675044135
42;0,5;0,0374129001194383
42;1;0,0305257348840837
42;1,5;0,120408436047014
42;2;0,0821465479387827
42;2,5;0,0603784459426813
42;3;0,052588500769875
42;3,5;0,112461700581606
42;4;0,11376040234259
42;4,5;0,137138353356865
42;5;0,0468761345481044
42;5,5;0,0251826858676647
42;6;0,0292128023850159
42;6,5;0,0584721709210294
42;7;0,0707263424257712
42;7,5;0,0679313959946705
42;8;0,0658552708815536
42;8,5;0,0625528988018529
42;9;0,0282910546852778
42;9,5;0,0307690725362704
42;10;0,0481196637862415
42;10,5;0,0282704424644054
42;11;0,0465974450158106
42;11,5;0,0306867279898864
42;12;0,0290769030915099
42;12,5;0,0486741530000916
42;13;0,042541809818143
42;13,5;0,0558805216567696
42;14;0,0523463124866642
42;14,5;0,0408801190631263
42;15;0,0484316705506714
42;15,5;0,0459135477832306
42;16;0,0538775357787349
42;16,5;0,0719426850091022
42;17;0,0507093288856798
42;17,5;0,152098480693042
42;18;0,0427279846502138
42;18,5;0,0460884395234107
42;19;0,0362845855489543
42;19,5;0,0278114618542125
42;20;0,0207930409263337
42;20,5;0,0265139601463951
42;21;0,049571203351146
42;21,5;0,0640106934076129
42;22;0,0608416515530813
42;22,5;0,0367371765325162
42;23;0,0368507520055255
42;23,5;0,0329771124403514
42;24;0,0267559061217649
42;24,5;0,0207210849349532
42;25;0,0404531800927235
42;25,5;0,0455004798206771
42;26;0,0334143406310269
42;26,5;0,0508649823412083
42;27;0,15165116516307
42;27,5;0,113066827553431
42;28;0,0556899278795268
42;28,5;0,0315966835795015
42;29;0,0322384096201331
42;29,5;0,0335190419134989
42;30;0,0509888633657176
42;30,5;0,0504508496984354
42;31;0,071983472046949
42;31,5;0,134232586456386
42;32;0,106294521407733
42;32,5;0,103094375938458
42;33;0,0335081233627286
42;33,5;0,0338874558482272
42;34;0,0398794401653178
42;34,5;0,0614343823386655
42;35;0,0324799345513408
42;35,5;0,0379219765906255
42;36;0,0386454606046344
42;36,5;0,0420892849173855
42;37;0,0282286532223041
42;37,5;0,0371009289264173
42;38;0,0366422734549769
42;38,5;0,0744175589545756
42;39;0,328442655760141
42;39,5;0,297642279484504
42;40;0,0562230357441125
42;40,5;0,0619430777379262
42;41;0,0821628413152637
42;41,5;0,123509064289575
42;42;0,0287323954964459
42;42,5;0,0472792070151135
42;43;0,0886388179976606
42;43,5;0,0684932656998681
42;44;0,0495981801741155
42;44,5;0,0717384501795221
42;45;0,0246392603201487
42;45,5;0,0541274018428014
42;46;0,0255916872007594
42;46,5;0,111204541274176
42;47;0,193382886092872
42;47,5;0,130653431863473
42;48;0,189030905762347
42;48,5;0,174782065400529
42;49;0,0425947574342376
42;49,5;0,0173443411751181
42;50;0,0457654443364948
42;50,5;0,0527362557656145
42;51;0,021466252583998
42;51,5;0,026420414304303
42;52;0,0250595379201483
42;52,5;0,123578321766579
42;53;0,0682089720311501
42;53,5;0,311839400726929
42;54;0,336621348653269
42;54,5;0,20167380312032
42;55;0,25292248891597
42;55,5;0,0829430282686577
42;56;0,064031287852985
42;56,5;0,028968059840895
42;57;0,082216083381397
42;57,5;0,205463877915815
42;58;0,0674583813268093
42;58,5;0,226661301306362
42;59;0,274675078185025
42;59,5;0,0293821751404662
42;60;0,0352573134584814
42;60,5;0,0224100823894575
42;61;0,0499884808159411
42;61,5;0,0321767217070997
42;62;0,0400048912926911
42;62,5;0,0487548115556983
42;63;0,0517056634859593
42;63,5;0,0608200744296987
42;64;0,0420744395273242
42;64,5;0,052835038663195
42;65;0,0490214841812246
42;65,5;0,0661160865326716
42;66;0,0539977552844336
42;66,5;0,0462396265722282
42;67;0,0329759082712787
42;67,5;0,046339740660496
42;68;0,105185814177401
42;68,5;0
42;69;0,0437475966968332
42;69,5;0,111359482744682
42;70;0,146342893316493
42;70,5;0,18970962479996
42;71;0,144556884903394
42;71,5;0,0929227007080525
42;72;0,137885822331377
42;72,5;0,0673687980080908
42;73;0,309437218057544
42;73,5;0,141569496532568
42;74;0,0895885834563439
42;74,5;0,0639613993441404
42;75;0
42;75,5;0
42;76;0
42;76,5;0,173725508722675
42;77;0,237388063671897
42;77,5;0
42;78;0
42,5;-23,5;0
42,5;-23;0,0641355335727915
42,5;-22,5;0,0478495907331853
42,5;-22;0,0882285815861031
42,5;-21,5;0,0853654957060688
42,5;-21;0,240839602818378
42,5;-20,5;0,0493997300937296
42,5;-20;0,0587310253046321
42,5;-19,5;0,0807546790088239
42,5;-19;0,0898909524553686
42,5;-18,5;0
42,5;-18;0,0590457096945522
42,5;-17,5;0,1518036952935
42,5;-17;0,352563469463301
42,5;-16,5;0,0417193000900063
42,5;-16;0
42,5;-15,5;0,0837830322393984
42,5;-15;0,0956810329757223
42,5;-14,5;0
42,5;-14;0,0169705627484772
42,5;-13,5;0,346831493876965
42,5;-13;0,0922812570859149
42,5;-12,5;0,112966423420912
42,5;-12;0,107185621919412
42,5;-11,5;0,187190388241673
42,5;-11;0,176635707030732
42,5;-10,5;0,0944051527151721
42,5;-10;0,0775361055389151
42,5;-9,5;0,0482004828783655
42,5;-9;0,106602479279746
42,5;-8,5;0,0729565185214539
42,5;-8;0,286646779975963
42,5;-7,5;0,271492533150249
42,5;-7;0,115613273820359
42,5;-6,5;0,0618817022262844
42,5;-6;0,269286648216063
42,5;-5,5;0,0263846651875882
42,5;-5;0,0500423406514675
42,5;-4,5;0,0451327098455351
42,5;-4;0,0314719708966627
42,5;-3,5;0,019706257363485
42,5;-3;0,061048423918174
42,5;-2,5;0,0670975108077508
42,5;-2;0,114379771584589
42,5;-1,5;0,111775989944186
42,5;-1;0,0742486781633233
42,5;-0,5;0,0850385487178682
42,5;0;0,0769467835341535
42,5;0,5;0,0429381537862179
42,5;1;0,0341083550537347
42,5;1,5;0,181606618722898
42,5;2;0,0577439930450118
42,5;2,5;0,0587254714049665
42,5;3;0,0776292715596191
42,5;3,5;0,078276948554915
42,5;4;0,0810146768872681
42,5;4,5;0,0575867503110425
42,5;5;0,0569343406538647
42,5;5,5;0,0545871223669009
42,5;6;0,0863641025973539
42,5;6,5;0,0707841984544403
42,5;7;0,0579879764815431
42,5;7,5;0,030117781447689
42,5;8;0,0306480526717739
42,5;8,5;0,0500223311266357
42,5;9;0,0335263543446579
42,5;9,5;0,0337958816449818
42,5;10;0,0398494143517295
42,5;10,5;0,0304636746672903
42,5;11;0,041736594382599
42,5;11,5;0,0386522111053155
42,5;12;0,0367135432315551
42,5;12,5;0,0439781403622717
42,5;13;0,0859344370583032
42,5;13,5;0,066706299574556
42,5;14;0,12496036485024
42,5;14,5;0,073621827874068
42,5;15;0,0590786008215157
42,5;15,5;0,0555611038643606
42,5;16;0,0496205006162174
42,5;16,5;0,0540018806357993
42,5;17;0,184852082398189
42,5;17,5;0,22445951124625
42,5;18;0,0298656461987786
42,5;18,5;0,0182536175344193
42,5;19;0,0272956309798516
42,5;19,5;0,0321263132027315
42,5;20;0,0272567043219504
42,5;20,5;0,0169840735249645
42,5;21;0,046006229366205
42,5;21,5;0,0729224175418887
42,5;22;0,0907058387399361
42,5;22,5;0,0309735473006976
42,5;23;0,0375088671090908
42,5;23,5;0,041155801535142
42,5;24;0,0185234466109411
42,5;24,5;0,0314446428623111
42,5;25;0,0431328127824661
42,5;25,5;0,0287152237607554
42,5;26;0,0301226019536723
42,5;26,5;0,0500584575626709
42,5;27;0,0448935287721943
42,5;27,5;0,0479344725167826
42,5;28;0,0404517686663426
42,5;28,5;0,0321265867628482
42,5;29;0,0242384874425834
42,5;29,5;0,0285455993047864
42,5;30;0,0364698788881414
42,5;30,5;0,113743822438219
42,5;31;0,078366392414447
42,5;31,5;0,0752427183630859
42,5;32;0,0921529876916417
42,5;32,5;0,0539380817851976
42,5;33;0,0308202578186981
42,5;33,5;0,0396686830102123
42,5;34;0,0445842085596746
42,5;34,5;0,0529178211788744
42,5;35;0,0270833577028922
42,5;35,5;0,0467759903936937
42,5;36;0,0267527728346378
42,5;36,5;0,0365015166025429
42,5;37;0,0377811905758958
42,5;37,5;0,0791613712222149
42,5;38;0,0307612082093979
42,5;38,5;0,112633083349345
42,5;39;0,236140323139419
42,5;39,5;0,0632012030512421
42,5;40;0,0357605645605723
42,5;40,5;0,0250177207804941
42,5;41;0,0440320447591797
42,5;41,5;0,0336943160834859
42,5;42;0,0289277812251587
42,5;42,5;0,0353987057082189
42,5;43;0,0746636617985107
42,5;43,5;0,0577641969647323
42,5;44;0,0738094523872653
42,5;44,5;0,0587218697674105
42,5;45;0,0487823182164808
42,5;45,5;0,16911834133337
42,5;46;0,0239036099069985
42,5;46,5;0,207784095735866
42,5;47;0,346776617510164
42,5;47,5;0,370435136665234
42,5;48;0,33172185276982
42,5;48,5;0,186645797485527
42,5;49;0,0885936618195712
42,5;49,5;0,0524376320222495
42,5;50;0,0583633012357036
42,5;50,5;0,0475832806250402
42,5;51;0,0360362786001848
42,5;51,5;0,0238887462810327
42,5;52;0,0611786662252613
42,5;52,5;0,101164943077419
42,5;53;0,0551103781652114
42,5;53,5;0,312271269680335
42,5;54;0,292436209756691
42,5;54,5;0,330155067081454
42,5;55;0,0782764948236268
42,5;55,5;0,305096466238933
42,5;56;0,199088583411867
42,5;56,5;0,0508109135799236
42,5;57;0,0905881883821368
42,5;57,5;0,122829606687579
42,5;58;0,0470637143158386
42,5;58,5;0,0548726302768393
42,5;59;0,0300169248965558
42,5;59,5;0,0613406952237911
42,5;60;0,0625827058602323
42,5;60,5;0,0285621183913138
42,5;61;0,0589968621069465
42,5;61,5;0,0330252980020355
42,5;62;0,0467328516173564
42,5;62,5;0,040610326350225
42,5;63;0,0856757406068591
42,5;63,5;0,066569935476627
42,5;64;0,0656487431049854
42,5;64,5;0,0564479498363225
42,5;65;0,0652900283724708
42,5;65,5;0,053235153885336
42,5;66;0,0370427680751138
42,5;66,5;0,0261937227425029
42,5;67;0,0392268365917354
42,5;67,5;0,0442106395018359
42,5;68;0,0558900706744946
42,5;68,5;0,0663042929172709
42,5;69;0,0550837745821964
42,5;69,5;0,136095554666565
42,5;70;0,346770818124133
42,5;70,5;0,341496480441375
42,5;71;0,216107565730354
42,5;71,5;0,118695997221337
42,5;72;0,152452982144351
42,5;72,5;0,157633045987045
42,5;73;0,264298075149011
42,5;73,5;0,222640752697939
42,5;74;0,149026904221413
42,5;74,5;0,169739941142465
42,5;75;0
42,5;75,5;0
42,5;76;0
42,5;76,5;0
42,5;77;0,0445757781760453
42,5;77,5;0
42,5;78;0
43;-23,5;0
43;-23;0
43;-22,5;0,0653171748725657
43;-22;0,0771862238867451
43;-21,5;0,135219888262852
43;-21;0,222888785528312
43;-20,5;0,229888256103085
43;-20;0,0658280996966905
43;-19,5;0,0592916056916534
43;-19;0,0526056759566603
43;-18,5;0,0546148854643651
43;-18;0,0839313280977807
43;-17,5;0,318163569043765
43;-17;0,374230026391605
43;-16,5;0,0141774468787578
43;-16;0
43;-15,5;0,0871096260841576
43;-15;0,109471733720952
43;-14,5;0,0692762585594805
43;-14;0,260946320424062
43;-13,5;0,268502778756374
43;-13;0
43;-12,5;0,0996562215819966
43;-12;0,119261594706879
43;-11,5;0,0957105185723315
43;-11;0,0747302894522439
43;-10,5;0,0630395236217846
43;-10;0,0519134536191406
43;-9,5;0,158776572579206
43;-9;0,0862894420893539
43;-8,5;0,0846828603798033
43;-8;0,238379865611845
43;-7,5;0,1046541014769
43;-7;0,0685596468184218
43;-6,5;0,0505868260024571
43;-6;0,0772479792955797
43;-5,5;0,0348354475120005
43;-5;0,0575517183072065
43;-4,5;0,0550974485590694
43;-4;0,0529674087694742
43;-3,5;0,331138060365309
43;-3;0,0654541964392034
43;-2,5;0,0580681098395148
43;-2;0,0384058745817595
43;-1,5;0,102167085420542
43;-1;0,0930414025747434
43;-0,5;0,0660552912434049
43;0;0,0854641588725393
43;0,5;0,037760626530374
43;1;0,05203372875906
43;1,5;0,0909018095190421
43;2;0,0826892305536672
43;2,5;0,0592861355442282
43;3;0,0527189204461051
43;3,5;0,0569295598956813
43;4;0,0281375703466695
43;4,5;0,042873197866331
43;5;0,0565748085598655
43;5,5;0,0733294780354649
43;6;0,0674594462888963
43;6,5;0,0637579764916144
43;7;0,0461444928264799
43;7,5;0,0497221397821438
43;8;0,0238304172829346
43;8,5;0,030558105795542
43;9;0,035082393536975
43;9,5;0,0262995877692348
43;10;0,0602517303928844
43;10,5;0,0492200417556238
43;11;0,0276946900792527
43;11,5;0,0460304100817178
43;12;0,0362510469716018
43;12,5;0,0444414118739164
43;13;0,0402825153413762
43;13,5;0,0773339620679587
43;14;0,10749553870971
43;14,5;0,105679240748441
43;15;0,105016089761156
43;15,5;0,0873421591195782
43;16;0,0812761235350256
43;16,5;0,065365615864717
43;17;0,0538537202838002
43;17,5;0,0308181394962078
43;18;0,034656411455755
43;18,5;0,043242144464067
43;19;0,046766209610621
43;19,5;0,0557833226986125
43;20;0,062182890297332
43;20,5;0,0707346721031137
43;21;0,0256222371352049
43;21,5;0,0676171356300481
43;22;0,0859789206340044
43;22,5;0,0337727372827901
43;23;0,043757031705451
43;23,5;0,0626023816901347
43;24;0,0643565502861853
43;24,5;0,0339766489250531
43;25;0,0227913197885309
43;25,5;0,0794115695784947
43;26;0,0498783051153437
43;26,5;0,0355526401501037
43;27;0,0435260679942643
43;27,5;0,0390634152785332
43;28;0,0450370459089146
43;28,5;0,0284263262207582
43;29;0,0492862387825784
43;29,5;0,0617406611861055
43;30;0,0629707757220865
43;30,5;0,0478971651536087
43;31;0,0968619242486231
43;31,5;0,103808305001709
43;32;0,0746424452178462
43;32,5;0,0246991066188353
43;33;0,0482945165684316
43;33,5;0,048109273574403
43;34;0,0328257900589948
43;34,5;0,0353583777347471
43;35;0,0307676599381823
43;35,5;0,0418983288208873
43;36;0,0293781474375714
43;36,5;0,0425019080982895
43;37;0,0422645312086932
43;37,5;0,0830578347994253
43;38;0,0255751980696635
43;38,5;0,0537114004912238
43;39;0,102370705917248
43;39,5;0,109160587660131
43;40;0,0512256473534372
43;40,5;0,0380180717207457
43;41;0,0386735126870365
43;41,5;0,032924154202834
43;42;0,0321340580860188
43;42,5;0,0394171132305119
43;43;0,0270264526186472
43;43,5;0,0626708779284437
43;44;0,0698049299393668
43;44,5;0,0478866476422078
43;45;0,0250464224638353
43;45,5;0,361174028581193
43;46;0,312949829075217
43;46,5;0,189974215963884
43;47;0,181165660566862
43;47,5;0,3616765894853
43;48;0,313468843272309
43;48,5;0,0450078153605146
43;49;0,101741631566618
43;49,5;0,066557064667418
43;50;0,0279440174269171
43;50,5;0,131532317816771
43;51;0,159397794054094
43;51,5;0,191026395986485
43;52;0,0694661772320438
43;52,5;0,056560616668344
43;53;0,0482851752521471
43;53,5;0,0595275649740147
43;54;0,289364242566412
43;54,5;0,182395957833976
43;55;0,111269073023775
43;55,5;0,367717649865876
43;56;0,218018927942453
43;56,5;0,0345565630568045
43;57;0,0444318008906338
43;57,5;0,0519346579592118
43;58;0,032361764042305
43;58,5;0,0483873159517396
43;59;0,0495929077305933
43;59,5;0,0192984921082273
43;60;0,0279329915091817
43;60,5;0,0288464640362551
43;61;0,0294234434670881
43;61,5;0,0393710576333851
43;62;0,036146961078261
43;62,5;0,0482567308349298
43;63;0,0864212517119259
43;63,5;0,0640091062223025
43;64;0,0345729522081966
43;64,5;0,0602556072524823
43;65;0,0753589665942537
43;65,5;0,0957242634622206
43;66;0,0587152188370011
43;66,5;0,0388597431424446
43;67;0,0385441471828251
43;67,5;0,020914624989742
43;68;0,0250611751520155
43;68,5;0,0639765308995408
43;69;0,0342575050002383
43;69,5;0,0242643032097856
43;70;0,361864615567756
43;70,5;0,0318198051533946
43;71;0,157170204295469
43;71,5;0,148851801269782
43;72;0,112163571032072
43;72,5;0,2564673685113
43;73;0,279946294881212
43;73,5;0,0495153131239845
43;74;0,128544970822703
43;74,5;0,206063655708816
43;75;0,208805178489669
43;75,5;0
43;76;0
43;76,5;0
43;77;0
43;77,5;0,0634055728360423
43;78;0,0211660104885167
43,5;-23,5;0
43,5;-23;0
43,5;-22,5;0
43,5;-22;0,153483983963583
43,5;-21,5;0,147867760896835
43,5;-21;0,321436513686338
43,5;-20,5;0,32352119761957
43,5;-20;0,0626738471063578
43,5;-19,5;0,0425455638110485
43,5;-19;0,0938637817467926
43,5;-18,5;0,0858345117408907
43,5;-18;0,0275372475022468
43,5;-17,5;0,244252406529062
43,5;-17;0,359668902877313
43,5;-16,5;0,0113137084989848
43,5;-16;0,0539845656955146
43,5;-15,5;0,0809155938823496
43,5;-15;0,0965910254796405
43,5;-14,5;0,0638846731383068
43,5;-14;0,0471345591542625
43,5;-13,5;0,299356532137405
43,5;-13;0,0740557037151579
43,5;-12,5;0,0591664804918554
43,5;-12;0,107190281323711
43,5;-11,5;0,136543722888238
43,5;-11;0,256144337440412
43,5;-10,5;0,228647476367437
43,5;-10;0,0676677037341668
43,5;-9,5;0,0771793441458963
43,5;-9;0,0719827045622597
43,5;-8,5;0,116393309296452
43,5;-8;0,140761984119522
43,5;-7,5;0,0907460636899901
43,5;-7;0,0388810150759125
43,5;-6,5;0,036337201558484
43,5;-6;0,0313936682289697
43,5;-5,5;0,0529245801128759
43,5;-5;0,0584289924136258
43,5;-4,5;0,0846445694351516
43,5;-4;0,0692779733763147
43,5;-3,5;0,295448990782162
43,5;-3;0,136252545091664
43,5;-2,5;0,0628180400518096
43,5;-2;0,0425727499737638
43,5;-1,5;0,0579758754086743
43,5;-1;0,0635289473325212
43,5;-0,5;0,0334229580770598
43,5;0;0,029025736459422
43,5;0,5;0,0347670847365822
43,5;1;0,0400073825262491
43,5;1,5;0,0608910952610779
43,5;2;0,0824721269050771
43,5;2,5;0,0626407522070117
43,5;3;0,04872682185454
43,5;3,5;0,0447496818093556
43,5;4;0,02780844842708
43,5;4,5;0,022801243260289
43,5;5;0,0499501100424551
43,5;5,5;0,0757152877403315
43,5;6;0,0982526899575334
43,5;6,5;0,0916696327283753
43,5;7;0,0806213448841777
43,5;7,5;0,105839195269476
43,5;8;0,0626602435556149
43,5;8,5;0,0403592088943064
43,5;9;0,0296984786428469
43,5;9,5;0,0360661734103975
43,5;10;0,0629376248401312
43,5;10,5;0,0423072306662496
43,5;11;0,0396600673597821
43,5;11,5;0,0664350959975074
43,5;12;0,0452605026637417
43,5;12,5;0,0785943057196481
43,5;13;0,0348745696790993
43,5;13,5;0,0629152394575481
43,5;14;0,130983713678655
43,5;14,5;0,124904660408291
43,5;15;0,0805981438657411
43,5;15,5;0,0850469157062645
43,5;16;0,0628136054992282
43,5;16,5;0,103667445718282
43,5;17;0,0719158955044508
43,5;17,5;0,0397013851838137
43,5;18;0,0436540543566015
43,5;18,5;0,0487161799806188
43,5;19;0,0623607496787926
43,5;19,5;0,020865297943784
43,5;20;0,0544741606054602
43,5;20,5;0,0629202411733402
43,5;21;0,055209680450325
43,5;21,5;0,0804309828335618
43,5;22;0,0399890411985329
43,5;22,5;0,033931464125544
43,5;23;0,0697637601581577
43,5;23,5;0,123625093996107
43,5;24;0,0475540536287804
43,5;24,5;0,0438183138436336
43,5;25;0,0480833298719031
43,5;25,5;0,0829591045233927
43,5;26;0,256284276111651
43,5;26,5;0,257238503653405
43,5;27;0,0735743131250352
43,5;27,5;0,024757846844832
43,5;28;0,0252245045591009
43,5;28,5;0,0255319008581912
43,5;29;0,0515584466016768
43,5;29,5;0,034670473488936
43,5;30;0,0304061465259325
43,5;30,5;0,0304529759885052
43,5;31;0,0551263377868464
43,5;31,5;0,0959215420377026
43,5;32;0,053863945786095
43,5;32,5;0,0351870437013131
43,5;33;0,0444677491700833
43,5;33,5;0,0394120826518108
43,5;34;0,0644758918791265
43,5;34,5;0,0434290450726569
43,5;35;0,0514026012033275
43,5;35,5;0,0516981491215066
43,5;36;0,0688933715146491
43,5;36,5;0,110922805998382
43,5;37;0,0444098361111293
43,5;37,5;0,063466261245851
43,5;38;0,042251214646025
43,5;38,5;0,0714523659897545
43,5;39;0,105988295912914
43,5;39,5;0,0553451887336775
43,5;40;0,0615129030746902
43,5;40,5;0,138121660422647
43,5;41;0,215434973683608
43,5;41,5;0,0409123977280246
43,5;42;0,0423080595256559
43,5;42,5;0,0421732704976727
43,5;43;0,0429040492470341
43,5;43,5;0,0936638975570004
43,5;44;0,0517023989377448
43,5;44,5;0,0368277952282975
43,5;45;0,0499739912414268
43,5;45,5;0,2616009683978
43,5;46;0,257805076953657
43,5;46,5;0,164819108890511
43,5;47;0,19409413452717
43,5;47,5;0,306407722751865
43,5;48;0,188424853674067
43,5;48,5;0,0716206441374738
43,5;49;0,137716023643017
43,5;49,5;0,175536068358517
43,5;50;0,282460753752567
43,5;50,5;0,281797203275875
43,5;51;0,263915302539661
43,5;51,5;0,23569040778012
43,5;52;0,135964361113482
43,5;52,5;0,097909392347279
43,5;53;0,0706169193587478
43,5;53,5;0,037449477444706
43,5;54;0,0304954158141012
43,5;54,5;0,0471107157429722
43,5;55;0,0426345835384682
43,5;55,5;0,0443281227201904
43,5;56;0,036493542743218
43,5;56,5;0,0568257428080116
43,5;57;0,0345993266128382
43,5;57,5;0,0558003247189363
43,5;58;0,0328081881912028
43,5;58,5;0,031559252430691
43,5;59;0,0424265531073223
43,5;59,5;0,0351131061217743
43,5;60;0,051531679343551
43,5;60,5;0,0334311522944396
43,5;61;0,0313346341022221
43,5;61,5;0,0553499553014735
43,5;62;0,0940165631143831
43,5;62,5;0,103392221013576
43,5;63;0,108246869599138
43,5;63,5;0,0871240214978121
43,5;64;0,0521038877120494
43,5;64,5;0,0935643885524552
43,5;65;0,0506057479010937
43,5;65,5;0,0546170540779512
43,5;66;0,0340986502477437
43,5;66,5;0,048615143534202
43,5;67;0,0471515930512716
43,5;67,5;0,0292921311510177
43,5;68;0,032867387354567
43,5;68,5;0,0873363053145065
43,5;69;0,0503616159272514
43,5;69,5;0,0306849089352345
43,5;70;0,0549410939964232
43,5;70,5;0,0492097127946642
43,5;71;0,0890020654089489
43,5;71,5;0,105236222710645
43,5;72;0,113797339524079
43,5;72,5;0,000707106781186548
43,5;73;0,0682324726920425
43,5;73,5;0,0836669956066677
43,5;74;0,274318731891693
43,5;74,5;0,188100080767169
43,5;75;0,17920471301466
43,5;75,5;0
43,5;76;0,112276105247394
43,5;76,5;0,031288975694324
43,5;77;0
43,5;77,5;0
43,5;78;0,0566415735758008
44;-23,5;0,0636396103067893
44;-23;0,239076605272046
44;-22,5;0,0701841116194365
44;-22;0,152678550507091
44;-21,5;0,130867983984596
44;-21;0,0874597242563877
44;-20,5;0,0633817217110645
44;-20;0
44;-19,5;0,123066377753363
44;-19;0,0680586172693465
44;-18,5;0,0551482849536895
44;-18;0,00636396103067893
44;-17,5;0,0461116657071257
44;-17;0,0510795947517206
44;-16,5;0
44;-16;0
44;-15,5;0,0899038076148942
44;-15;0,0940433284132778
44;-14,5;0,0563864640967434
44;-14;0,0409387608857076
44;-13,5;0,0545244593431853
44;-13;0,0261597655443112
44;-12,5;0,0527717058770746
44;-12;0,0797273175347717
44;-11,5;0,0963379616195135
44;-11;0,361714571281963
44;-10,5;0,361060795466081
44;-10;0,0414536994175707
44;-9,5;0,0510784125470811
44;-9;0,0805828169314984
44;-8,5;0,12420692351268
44;-8;0,0716775880131065
44;-7,5;0,0357430510796587
44;-7;0,0335234564565884
44;-6,5;0,0330206316081513
44;-6;0,0543247198963405
44;-5,5;0,218198852825808
44;-5;0,0612542075322057
44;-4,5;0,0438689649449725
44;-4;0,0375362902387294
44;-3,5;0,0751658817914311
44;-3;0,0711197351725717
44;-2,5;0,0456259194326662
44;-2;0,0466623247279817
44;-1,5;0,0361968516489174
44;-1;0,0321881395460133
44;-0,5;0,0412138163902779
44;0;0,0247163729061498
44;0,5;0,0332256381136417
44;1;0,0308782248132271
44;1,5;0,0474137788031805
44;2;0,0677687111090645
44;2,5;0,0523714356791733
44;3;0,103855701510325
44;3,5;0,0960891567785885
44;4;0,0343391298715639
44;4,5;0,0352473965799901
44;5;0,0282444062963735
44;5,5;0,0379141894618395
44;6;0,0597402724857599
44;6,5;0,0828197752910045
44;7;0,119414246004129
44;7,5;0,094474670164824
44;8;0,0554597593222937
44;8,5;0,0408984803152711
44;9;0,0534893082509822
44;9,5;0,0453957656203912
44;10;0,0546213858076284
44;10,5;0,0488190293201573
44;11;0,0651066798494262
44;11,5;0,0520038861952524
44;12;0,0321249707502508
44;12,5;0,0886087802312273
44;13;0,0883820746442459
44;13,5;0,0367637791566027
44;14;0,053080704234962
44;14,5;0,114400814559935
44;15;0,0725533029501675
44;15,5;0,118414732309041
44;16;0,0641421603681594
44;16,5;0,0708557695790867
44;17;0,0605732986643631
44;17,5;0,0847188542053719
44;18;0,179388032803187
44;18,5;0,0579708102922357
44;19;0,0724820058805673
44;19,5;0,0748684226911015
44;20;0,0726237280945625
44;20,5;0,0650729342880702
44;21;0,0295375550251328
44;21,5;0,0838149102633454
44;22;0,0413503841574955
44;22,5;0,0373532069698181
44;23;0,0414233102686014
44;23,5;0,0618591798096432
44;24;0,037310474397766
44;24,5;0,0594733604418053
44;25;0,216196105881552
44;25,5;0,06516681708958
44;26;0,32138095102203
44;26,5;0,363780031009168
44;27;0,068365831484745
44;27,5;0,0452548309011088
44;28;0,0387499314268567
44;28,5;0,045289294188221
44;29;0,0366410591772516
44;29,5;0,0291879041138016
44;30;0,0411247195976273
44;30,5;0,0407586391660304
44;31;0,0846783216149701
44;31,5;0,344544785954681
44;32;0,196205214697545
44;32,5;0,039988597814653
44;33;0,0430399231670538
44;33,5;0,0582747470904798
44;34;0,101746417485209
44;34,5;0,0295681101948682
44;35;0,0522234893267921
44;35,5;0,0749399989560059
44;36;0,0885460126631539
44;36,5;0,0526415332452329
44;37;0,0859367143339994
44;37,5;0,108992772928049
44;38;0,0427633043839226
44;38,5;0,0295447683954968
44;39;0,126281899087459
44;39,5;0,0661838534008136
44;40;0,0482059816482007
44;40,5;0,342238520329903
44;41;0,360695815765355
44;41,5;0,0340122027918681
44;42;0,0249422849200071
44;42,5;0,030662900926908
44;43;0,0685474550683962
44;43,5;0,111020718402207
44;44;0,0866768978181881
44;44,5;0,0282225612555893
44;45;0,206931423564319
44;45,5;0,314359292268981
44;46;0,219054939439468
44;46,5;0,120716408328236
44;47;0,106023138098836
44;47,5;0,297360287086447
44;48;0,164096449163592
44;48,5;0,170546140642802
44;49;0,137142629296321
44;49,5;0,232083113021741
44;50;0,273391813101772
44;50,5;0,289253053918367
44;51;0,144178215407755
44;51,5;0,257101362780911
44;52;0,0477348078836768
44;52,5;0,0919680114281614
44;53;0,03266802611074
44;53,5;0,0469862942327869
44;54;0,0236047494220425
44;54,5;0,0462771668406667
44;55;0,0325721779853832
44;55,5;0,0400181983395943
44;56;0,0304719348275593
44;56,5;0,0382564547626538
44;57;0,0213662537998021
44;57,5;0,0332011001790204
44;58;0,163319158698474
44;58,5;0,120186206914814
44;59;0,0271618387950018
44;59,5;0,0678651842429035
44;60;0,0434653082337364
44;60,5;0,0516376559948364
44;61;0,0300709313573493
44;61,5;0,0450280146715704
44;62;0,131622177426
44;62,5;0,112692395434211
44;63;0,0664452284174465
44;63,5;0,0314133729484753
44;64;0,0227770352182485
44;64,5;0,0658475632601662
44;65;0,0566024814746749
44;65,5;0,0524700911159709
44;66;0,0565685424949238
44;66,5;0,0597725809875105
44;67;0,0254060360282093
44;67,5;0,0229153626668627
44;68;0,0472302490843678
44;68,5;0,0624348387593745
44;69;0,0877264888280915
44;69,5;0,0434579046168152
44;70;0,0529550232061003
44;70,5;0,0423204227509388
44;71;0,0772089322023214
44;71,5;0,0655411156802471
44;72;0,0797784592738075
44;72,5;0,0682395223537445
44;73;0,107371263545206
44;73,5;0,080563149470658
44;74;0,181801402634853
44;74,5;0,129184498222911
44;75;0,109711157188756
44;75,5;0,0474584028386965
44;76;0,0613754384460465
44;76,5;0
44;77;0
44;77,5;0
44;78;0
44,5;-23,5;0,181606488503761
44,5;-23;0,229992838247545
44,5;-22,5;0
44,5;-22;0,111152489592833
44,5;-21,5;0,142132305513319
44,5;-21;0,0588489726420748
44,5;-20,5;0,0906473018535761
44,5;-20;0,0473761543394987
44,5;-19,5;0,0377081524594452
44,5;-19;0,0612454079911302
44,5;-18,5;0
44,5;-18;0,0399870812471562
44,5;-17,5;0,0383927076409049
44,5;-17;0,0526848597269125
44,5;-16,5;0,0413550773695616
44,5;-16;0,0330226563639773
44,5;-15,5;0,0596852746982895
44,5;-15;0,0886467038035713
44,5;-14,5;0,0523259018078045
44,5;-14;0,0468849063606236
44,5;-13,5;0,0610326317870788
44,5;-13;0
44,5;-12,5;0,0381837661840736
44,5;-12;0,0579803888413667
44,5;-11,5;0,0504077674564448
44,5;-11;0,0623516104054907
44,5;-10,5;0,0448946479189302
44,5;-10;0,0559520789170084
44,5;-9,5;0,056232872227353
44,5;-9;0,0517768731031928
44,5;-8,5;0,0455035495962243
44,5;-8;0,0328506722407117
44,5;-7,5;0,0735245459615961
44,5;-7;0,117416497684829
44,5;-6,5;0,0676977984811317
44,5;-6;0,0876165560692492
44,5;-5,5;0,377211842349362
44,5;-5;0,338800618517353
44,5;-4,5;0,0437359860839864
44,5;-4;0,0840879611762898
44,5;-3,5;0,0904468161498877
44,5;-3;0,0767284592815454
44,5;-2,5;0,0317709113153346
44,5;-2;0,05398127400027
44,5;-1,5;0,0643854613487209
44,5;-1;0,0455300457068304
44,5;-0,5;0,0601654708165201
44,5;0;0,0550150657202445
44,5;0,5;0,027584506507963
44,5;1;0,0228738786625459
44,5;1,5;0,0408018725501441
44,5;2;0,0258353910934244
44,5;2,5;0,0602284632637663
44,5;3;0,0382651291673351
44,5;3,5;0,048093018513627
44,5;4;0,0452416860318564
44,5;4,5;0,061341848757301
44,5;5;0,0947429867769502
44,5;5,5;0,355231036045077
44,5;6;0,0991015166466846
44,5;6,5;0,0768054401084461
44,5;7;0,0999059150051306
44,5;7,5;0,0857688033791287
44,5;8;0,047792882928114
44,5;8,5;0,0529627216595175
44,5;9;0,0697870805323032
44,5;9,5;0,0406493630517245
44,5;10;0,051995058278102
44,5;10,5;0,0653998631899422
44,5;11;0,129022921098207
44,5;11,5;0,113330179521313
44,5;12;0,0551616045212703
44,5;12,5;0,10596087120393
44,5;13;0,116313393821899
44,5;13,5;0,0782784065280549
44,5;14;0,0384781487350888
44,5;14,5;0,0331152762843392
44,5;15;0,0410201942246963
44,5;15,5;0,0393064037290115
44,5;16;0,0723759181748683
44,5;16,5;0,0534887946831175
44,5;17;0,0955527951274669
44,5;17,5;0,114109086902442
44,5;18;0,108356025148152
44,5;18,5;0,0591290040374206
44,5;19;0,124174555557626
44,5;19,5;0,131392273275806
44,5;20;0,077811349434358
44,5;20,5;0,0732150714963448
44,5;21;0,023940387397875
44,5;21,5;0,0229096500653262
44,5;22;0,0157245750007168
44,5;22,5;0,0426046873448627
44,5;23;0,0373378248598671
44,5;23,5;0,0697098976811094
44,5;24;0,0974959602186325
44,5;24,5;0,0602761990180803
44,5;25;0,0359575315773342
44,5;25,5;0,054108427262548
44,5;26;0,252942747560426
44,5;26,5;0,232698752099469
44,5;27;0,0404101520927212
44,5;27,5;0,0261540951798733
44,5;28;0,0391641186629005
44,5;28,5;0,0546734070876969
44,5;29;0,0403115588722575
44,5;29,5;0,0373932585518295
44,5;30;0,0330664682467609
44,5;30,5;0,0333808786261123
44,5;31;0,18323408651827
44,5;31,5;0,307126523808772
44,5;32;0,253798516375885
44,5;32,5;0,0470314735483828
44,5;33;0,035464345964796
44,5;33,5;0,0521552700855114
44,5;34;0,0707776724791698
44,5;34,5;0,0717249778793318
44,5;35;0,0827708684663068
44,5;35,5;0,0822897353924789
44,5;36;0,0585137748374691
44,5;36,5;0,148653177160429
44,5;37;0,108644164450151
44,5;37,5;0,108425319152889
44,5;38;0,0610438841307918
44,5;38,5;0,0491921740123863
44,5;39;0,0744200582327239
44,5;39,5;0,0519629216529731
44,5;40;0,0618053200239239
44,5;40,5;0,177437169019289
44,5;41;0,114829293591255
44,5;41,5;0,0867612144460093
44,5;42;0,0258582763699143
44,5;42,5;0,0430525697001523
44,5;43;0,0590743134518203
44,5;43,5;0,0662228813818599
44,5;44;0,0940215419472583
44,5;44,5;0,0999102610528743
44,5;45;0,123911021241018
44,5;45,5;0,105473418352732
44,5;46;0,288302183029362
44,5;46,5;0,170706446998442
44,5;47;0,192145448344028
44,5;47,5;0,2563227011032
44,5;48;0,180851712665592
44,5;48,5;0,27086079477603
44,5;49;0,277819605739648
44,5;49,5;0,145765784035617
44,5;50;0,143490221492309
44,5;50,5;0,13933150723208
44,5;51;0,329103574494563
44,5;51,5;0,0360583033387516
44,5;52;0,213761689223337
44,5;52,5;0,325421717164985
44,5;53;0,24452777648168
44,5;53,5;0,0350540059527201
44,5;54;0,0201331683494455
44,5;54,5;0,0301984133274831
44,5;55;0,0282090777253653
44,5;55,5;0,0330836535149313
44,5;56;0,0374431561824532
44,5;56,5;0,0269860324527162
44,5;57;0,0402698273587341
44,5;57,5;0,0367676378280806
44,5;58;0,235711181206668
44,5;58,5;0,360503104679097
44,5;59;0,21131215115375
44,5;59,5;0,0551408278056207
44,5;60;0,0616573675233847
44,5;60,5;0,122221505761418
44,5;61;0,0261122931174543
44,5;61,5;0,024045845851263
44,5;62;0,144890045173085
44,5;62,5;0,132541874847615
44,5;63;0,0340343708418021
44,5;63,5;0,0320021824652583
44,5;64;0,0296696699428243
44,5;64,5;0,0471732055382578
44,5;65;0,101119795526451
44,5;65,5;0,0927487139255154
44,5;66;0,0495783330812071
44,5;66,5;0,0215136999540824
44,5;67;0
44,5;67,5;0,0595272800993241
44,5;68;0,0464761075331032
44,5;68,5;0,0585414048913475
44,5;69;0,059590768704515
44,5;69,5;0,0564903940098192
44,5;70;0,038617327455405
44,5;70,5;0,0632958939906723
44,5;71;0,0730230030494431
44,5;71,5;0,0722406011425798
44,5;72;0,0688670216189626
44,5;72,5;0,0664009157255787
44,5;73;0,0658011827566489
44,5;73,5;0,112780873934925
44,5;74;0,118982358097583
44,5;74,5;0,195230725634783
44,5;75;0,137624471799514
44,5;75,5;0
44,5;76;0,0295465734053883
44,5;76,5;0
44,5;77;0
44,5;77,5;0,246440662229268
44,5;78;0
45;-23,5;0
45;-23;0,494357158337977
45;-22,5;0,0993089066358001
45;-22;0,119193468797382
45;-21,5;0,0911603504061168
45;-21;0,0800301728814112
45;-20,5;0,0313204357723467
45;-20;0,0674005576003282
45;-19,5;0,0545783458281151
45;-19;0
45;-18,5;0
45;-18;0,0190918830920368
45;-17,5;0,0201237836071318
45;-17;0
45;-16,5;0,0745861308092256
45;-16;0,0108128010555391
45;-15,5;0,036396379333272
45;-15;0,0241657224774502
45;-14,5;0
45;-14;0,172737276424826
45;-13,5;0,146018247391991
45;-13;0
45;-12,5;0,0661110177403636
45;-12;0,0704652602355933
45;-11,5;0,0542199820325764
45;-11;0,0557814561498929
45;-10,5;0,072501998489326
45;-10;0,0953359775562237
45;-9,5;0,0668193576759925
45;-9;0,0526289564671724
45;-8,5;0,0496731539387446
45;-8;0,0506804675976689
45;-7,5;0,0874157927039563
45;-7;0,139092954893518
45;-6,5;0,0754386076847377
45;-6;0,0790317395153102
45;-5,5;0,226408584234179
45;-5;0,142090527596976
45;-4,5;0,071281710700157
45;-4;0,101975515715858
45;-3,5;0,0623790629845562
45;-3;0,279024928746989
45;-2,5;0,166193797765866
45;-2;0,0586343565461761
45;-1,5;0,0996234349217452
45;-1;0,0978142182909586
45;-0,5;0,166436045834252
45;0;0,212306846586345
45;0,5;0,203886921308534
45;1;0,0557793172368124
45;1,5;0,040684381405369
45;2;0,030245069728446
45;2,5;0,0445058764571117
45;3;0,0557098247439601
45;3,5;0,0378865219918614
45;4;0,0918154807583506
45;4,5;0,0921893602931515
45;5;0,0880869757072872
45;5,5;0,313462546175067
45;6;0,160847042703551
45;6,5;0,0835455237906529
45;7;0,107360339096176
45;7,5;0,0645700000438313
45;8;0,0413766789589469
45;8,5;0,0966621738460208
45;9;0,119652318088842
45;9,5;0,0503065370236331
45;10;0,0710435690107746
45;10,5;0,137107064687072
45;11;0,267745483718401
45;11,5;0,305638549659098
45;12;0,070032932899953
45;12,5;0,0918180738555289
45;13;0,0464940953337185
45;13,5;0,0914675235075161
45;14;0,0393968617457896
45;14,5;0,0408035183032248
45;15;0,0285416717630034
45;15,5;0,0242674859670481
45;16;0,0705572682640889
45;16,5;0,0416212670629812
45;17;0,0621607728863128
45;17,5;0,0469682782001653
45;18;0,0754983433061427
45;18,5;0,0772284816330746
45;19;0,192228180578047
45;19,5;0,169947937081529
45;20;0,0848447601996336
45;20,5;0,10711332725685
45;21;0,0803757883654767
45;21,5;0,0292414664625689
45;22;0,0383633634917769
45;22,5;0,0581765480567699
45;23;0,0220626549581335
45;23,5;0,061779020572684
45;24;0,0869937254315667
45;24,5;0,0507791284678576
45;25;0,0325581150252052
45;25,5;0,0493669050734053
45;26;0,0492631811729992
45;26,5;0,0208733609866632
45;27;0,0316755081273537
45;27,5;0,0166137514335167
45;28;0,0356914134946373
45;28,5;0,164977653549803
45;29;0,0997816514266651
45;29,5;0,0507575802804159
45;30;0,0358189124675517
45;30,5;0,054012980533532
45;31;0,116482970296718
45;31,5;0,119242113125773
45;32;0,0366676890666374
45;32,5;0,0382774589745221
45;33;0,0461123916216067
45;33,5;0,0686322758307947
45;34;0,0346719116873457
45;34,5;0,119526758533433
45;35;0,095492775893959
45;35,5;0,150255014630087
45;36;0,0374313200275954
45;36,5;0,039742085165896
45;37;0,0724834357586873
45;37,5;0,123305632556192
45;38;0,0531720682081769
45;38,5;0,0660546995300862
45;39;0,0371868967414088
45;39,5;0,042447132218955
45;40;0,0488872943651051
45;40,5;0,0557161657566288
45;41;0,115103545431055
45;41,5;0,134151242204923
45;42;0,0277913280209001
45;42,5;0,0491425461890038
45;43;0,0491096746896887
45;43,5;0,0726003912298184
45;44;0,0659820401461545
45;44,5;0,178484421716625
45;45;0,191186920492729
45;45,5;0,176271458260392
45;46;0,161127434039024
45;46,5;0,160437957926573
45;47;0,211883284290949
45;47,5;0,0885170599634443
45;48;0,222190582230509
45;48,5;0,199691784546653
45;49;0,116043652136176
45;49,5;0,0544418903188308
45;50;0,0455102022891208
45;50,5;0,0245435942055952
45;51;0,025408331966765
45;51,5;0,199898397746174
45;52;0,370662029458973
45;52,5;0,35597967703534
45;53;0,276664432721905
45;53,5;0,0349351181489504
45;54;0,0339054816146426
45;54,5;0,0446577357339302
45;55;0,0338354634286893
45;55,5;0,0420086392341876
45;56;0,0347638335047769
45;56,5;0,0531940623045731
45;57;0,0490661370323153
45;57,5;0,0895200676035721
45;58;0,170463060140793
45;58,5;0,377362433922949
45;59;0,081167541325567
45;59,5;0,0415538745125422
45;60;0,08362318726048
45;60,5;0,102868816168912
45;61;0,09267955545858
45;61,5;0,0397110352198808
45;62;0,0473281943270022
45;62,5;0,0555085677431527
45;63;0,0389576967098481
45;63,5;0,0505289333871565
45;64;0,0360397507810978
45;64,5;0,0679319901006491
45;65;0,106290351948154
45;65,5;0,0468764052420944
45;66;0,0412350983184633
45;66,5;0,0269313943196412
45;67;0
45;67,5;0,0262619935970655
45;68;0,0226851687918976
45;68,5;0,0455900385271084
45;69;0,0455620554946866
45;69,5;0,122616329604642
45;70;0,202689828720305
45;70,5;0,0721389329074505
45;71;0,0904143088938209
45;71,5;0,0883228838873699
45;72;0,102966273487661
45;72,5;0,100106495999563
45;73;0,0587065584070468
45;73,5;0,0690314468872025
45;74;0,0521155367109144
45;74,5;0,0297713508819021
45;75;0,0739987129875211
45;75,5;0
45;76;0
45;76,5;0
45;77;0,268371683107808
45;77,5;0,191504445517751
45;78;0
45,5;-23,5;0,0226274169979695
45,5;-23;0,0988468164469303
45,5;-22,5;0,111727006478327
45,5;-22;0
45,5;-21,5;0
45,5;-21;0,0607056805717525
45,5;-20,5;0,0576046873092807
45,5;-20;0,0648804027936531
45,5;-19,5;0,0554749192578652
45,5;-19;0
45,5;-18,5;0
45,5;-18;0
45,5;-17,5;0
45,5;-17;0
45,5;-16,5;0
45,5;-16;0,0317227573412737
45,5;-15,5;0,0431076310778365
45,5;-15;0,0904925411290898
45,5;-14,5;0,263835162283466
45,5;-14;0,249220175413896
45,5;-13,5;0,112267339665441
45,5;-13;0,0667366894165849
45,5;-12,5;0,1015535050064
45,5;-12;0,0437851157773548
45,5;-11,5;0,143355710207591
45,5;-11;0,12151801628906
45,5;-10,5;0,0422089622145353
45,5;-10;0,0719254326170017
45,5;-9,5;0,0468771862235277
45,5;-9;0,107656416129033
45,5;-8,5;0,0809227060162001
45,5;-8;0,0534598738355875
45,5;-7,5;0,100207940744883
45,5;-7;0,119747071108069
45,5;-6,5;0,0557099317108545
45,5;-6;0,0906226093149621
45,5;-5,5;0,278816828195473
45,5;-5;0,148699829238928
45,5;-4,5;0,0416270323775477
45,5;-4;0,0314334520019979
45,5;-3,5;0,0422017373408925
45,5;-3;0,36568163985685
45,5;-2,5;0,265551973647064
45,5;-2;0,0627344201904785
45,5;-1,5;0,05631160158693
45,5;-1;0,0598128721981985
45,5;-0,5;0,132604113798543
45,5;0;0,216636266038458
45,5;0,5;0,148286659323532
45,5;1;0,18585918126826
45,5;1,5;0,0863918270741844
45,5;2;0,0728046248528967
45,5;2,5;0,0829221053774209
45,5;3;0,0536882814257962
45,5;3,5;0,0851326597017805
45,5;4;0,027468985766922
45,5;4,5;0,0334246387239892
45,5;5;0,0804721845049058
45,5;5,5;0,136441016488416
45,5;6;0,133670865025528
45,5;6,5;0,0918421120087669
45,5;7;0,0471872597345869
45,5;7,5;0,0492126484020809
45,5;8;0,0470724788514586
45,5;8,5;0,11350852622007
45,5;9;0,0954571901218288
45,5;9,5;0,0478522467193288
45,5;10;0,0705855865239159
45,5;10,5;0,0705103266177419
45,5;11;0,312764440922586
45,5;11,5;0,289126849389523
45,5;12;0,0617673506169796
45,5;12,5;0,0367964031671737
45,5;13;0,0485240619890232
45,5;13,5;0,0462424925360001
45,5;14;0,031250658652983
45,5;14,5;0,0317241313393716
45,5;15;0,0529213273555589
45,5;15,5;0,0554351156137925
45,5;16;0,10331746119944
45,5;16,5;0,0574706902288076
45,5;17;0,0785947042010148
45,5;17,5;0,066091037404668
45,5;18;0,077083813696371
45,5;18,5;0,0527852176166936
45,5;19;0,0439281893976384
45,5;19,5;0,0555376027779704
45,5;20;0,13487372780416
45,5;20,5;0,166544201149842
45,5;21;0,0576995089522722
45,5;21,5;0,0482545819917196
45,5;22;0,0574148657092195
45,5;22,5;0,0465318457851857
45,5;23;0,0436915733439209
45,5;23,5;0,0502064072936247
45,5;24;0,0348541135111788
45,5;24,5;0,0312722493797171
45,5;25;0,029193384850138
45,5;25,5;0,0402211089268531
45,5;26;0,0457760914775845
45,5;26,5;0,0284795006262902
45,5;27;0,0441267559224026
45,5;27,5;0,0687947129873656
45,5;28;0,0840037947655581
45,5;28,5;0,038298136624483
45,5;29;0,0367435573346164
45,5;29,5;0,0445230175261724
45,5;30;0,0403538515303475
45,5;30,5;0,0547196549112731
45,5;31;0,118726894518865
45,5;31,5;0,0945577424998433
45,5;32;0,156957030938599
45,5;32,5;0,0507285403291044
45,5;33;0,069863278522772
45,5;33,5;0,0567778510490482
45,5;34;0,0703824274102156
45,5;34,5;0,0839100873245937
45,5;35;0,0484915033311693
45,5;35,5;0,136051279122852
45,5;36;0,0719786144516227
45,5;36,5;0,0466799105567564
45,5;37;0,0342587405880347
45,5;37,5;0,0857964522478108
45,5;38;0,0600451884470969
45,5;38,5;0,0394413068799241
45,5;39;0,052261838128006
45,5;39,5;0,0618692169014608
45,5;40;0,0401712501888688
45,5;40,5;0,0379848169429351
45,5;41;0,0231875059929624
45,5;41,5;0,110899361222503
45,5;42;0,0274345282286376
45,5;42,5;0,0695162010171496
45,5;43;0,0511819124815213
45,5;43,5;0,0455323147636603
45,5;44;0,0811946359531406
45,5;44,5;0,156440495547716
45,5;45;0,0479821143260122
45,5;45,5;0,375081186613944
45,5;46;0,144222156195082
45,5;46,5;0,290454270640549
45,5;47;0,386089806703856
45,5;47,5;0,100557243541428
45,5;48;0,0780850820708847
45,5;48,5;0,066100445063063
45,5;49;0,0639889646994369
45,5;49,5;0,0247870934157275
45,5;50;0,0521005742263053
45,5;50,5;0,0256950301226279
45,5;51;0,0213283073452835
45,5;51,5;0,344462907477858
45,5;52;0,367389194517114
45,5;52,5;0,206515456768489
45,5;53;0,0519496200680052
45,5;53,5;0,183994357022105
45,5;54;0,111157686799284
45,5;54,5;0,106956028726296
45,5;55;0,0477202721047135
45,5;55,5;0,0305084779510672
45,5;56;0,0307302702526991
45,5;56,5;0,0418892182050142
45,5;57;0,0272043070914207
45,5;57,5;0,08057079647731
45,5;58;0,164616936238085
45,5;58,5;0,202727343929955
45,5;59;0,0498067974347585
45,5;59,5;0,0599965929403789
45,5;60;0,094490986690036
45,5;60,5;0,142584285057121
45,5;61;0,0487322168770171
45,5;61,5;0,0579198085748918
45,5;62;0,0468203037695231
45,5;62,5;0,0504565781545852
45,5;63;0,0498712963419882
45,5;63,5;0,080619836088983
45,5;64;0,105187876495831
45,5;64,5;0,0452493334433582
45,5;65;0,0473710375207461
45,5;65,5;0,0552273224306334
45,5;66;0
45,5;66,5;0,0478330429724056
45,5;67;0,0486109621487339
45,5;67,5;0,0746545377053532
45,5;68;0,0616674817620949
45,5;68,5;0,108542046875161
45,5;69;0,0397777157044829
45,5;69,5;0,148371053484819
45,5;70;0,278641094688351
45,5;70,5;0,0747815867328697
45,5;71;0,0771217651941828
45,5;71,5;0,148060155085052
45,5;72;0,100224954458463
45,5;72,5;0,101853212630122
45,5;73;0,0473212425872356
45,5;73,5;0,075713780865198
45,5;74;0,0796617427148168
45,5;74,5;0,0924006893640842
45,5;75;0,0627995677874117
45,5;75,5;0
45,5;76;0
45,5;76,5;0
45,5;77;0,292619776046209
45,5;77,5;0,228092618083625
45,5;78;0
46;-23,5;0,104576181694389
46;-23;0,0878171487404552
46;-22,5;0,061269506126232
46;-22;0
46;-21,5;0
46;-21;0,0710332272080393
46;-20,5;0,0978479546144028
46;-20;0,0516554519318698
46;-19,5;0,06308724118235
46;-19;0
46;-18,5;0
46;-17;0
46;-16,5;0
46;-16;0
46;-15,5;0
46;-15;0,0684375627853593
46;-14,5;0,232212692037783
46;-14;0,10430128096787
46;-13,5;0,167741567100505
46;-13;0,0529559565425206
46;-12,5;0,0724011193140139
46;-12;0,0219299584341393
46;-11,5;0,140336980996793
46;-11;0,127264093334566
46;-10,5;0,0658974026557017
46;-10;0,0746066159743702
46;-9,5;0,0460969079757517
46;-9;0,0546474848938628
46;-8,5;0,0542520239738865
46;-8;0,0515281058030051
46;-7,5;0,0857126669720484
46;-7;0,0356395874448164
46;-6,5;0,0654068837909259
46;-6;0,0681382787991258
46;-5,5;0,0898300865214124
46;-5;0,0531766391349779
46;-4,5;0,0270375278643454
46;-4;0,0519613461479444
46;-3,5;0,0444155829519164
46;-3;0,0662184202219498
46;-2,5;0,0540067487378161
46;-2;0,0630189303048996
46;-1,5;0,0418525145749443
46;-1;0,0387098317710653
46;-0,5;0,0760136564871079
46;0;0,282268868643492
46;0,5;0,301477702486301
46;1;0,135550697518663
46;1,5;0,123361720915881
46;2;0,0482363764249563
46;2,5;0,0533050776429508
46;3;0,0346702372722467
46;3,5;0,0743685952212496
46;4;0,0264960493962556
46;4,5;0,0298215468352563
46;5;0,0641368078712526
46;5,5;0,0806488910491086
46;6;0,0934647662728328
46;6,5;0,0729507502758674
46;7;0,0244458576560659
46;7,5;0,030612290422802
46;8;0,0477135204912065
46;8,5;0,0434644420318429
46;9;0,0583674176912247
46;9,5;0,0826599148237011
46;10;0,110685658115248
46;10,5;0,124551030194985
46;11;0,0712314013229788
46;11,5;0,051383318092074
46;12;0,0848376475097039
46;12,5;0,058137445256466
46;13;0,0361464011080054
46;13,5;0,0472070378054885
46;14;0,026152211865226
46;14,5;0,0389323183132261
46;15;0,0486928967016043
46;15,5;0,04745654170303
46;16;0,0259551588373154
46;16,5;0,0762466320925027
46;17;0,0690947219564628
46;17,5;0,130313313187247
46;18;0,128618194990618
46;18,5;0,103530253597495
46;19;0,0960124539023341
46;19,5;0,210745333324862
46;20;0,23692876787514
46;20,5;0,247914773634461
46;21;0,0532784113732504
46;21,5;0,0697828696606239
46;22;0,0592460387954136
46;22,5;0,0856393014036405
46;23;0,0346912215696491
46;23,5;0,0393638778073637
46;24;0,0363168183458551
46;24,5;0,0563570108520343
46;25;0,0485252511585463
46;25,5;0,0353610558379194
46;26;0,025060230213341
46;26,5;0,0280777698014781
46;27;0,0323792639924795
46;27,5;0,0839069855936022
46;28;0,115007613833474
46;28,5;0,0778217726045644
46;29;0,097754614396735
46;29,5;0,0408317506696088
46;30;0,0241198111364123
46;30,5;0,0226763216756663
46;31;0,0290882740283849
46;31,5;0,0916141484916863
46;32;0,290752152743654
46;32,5;0,114515324921485
46;33;0,0335700144141851
46;33,5;0,0726410577995455
46;34;0,100625333306684
46;34,5;0,129966958610943
46;35;0,0754339274495788
46;35,5;0,114593945964831
46;36;0,0965740577100783
46;36,5;0,0936101449024097
46;37;0,0492613832966302
46;37,5;0,0997355173244615
46;38;0,115555362215237
46;38,5;0,0708991883963014
46;39;0,0829614401451915
46;39,5;0,0291299209766031
46;40;0,0416466987966772
46;40,5;0,0573177228251634
46;41;0,0392871744062758
46;41,5;0,0337424698262064
46;42;0,0375160805858102
46;42,5;0,0698196456104245
46;43;0,066901239452914
46;43,5;0,0766757221807675
46;44;0,0682747943171635
46;44,5;0,0297432468316666
46;45;0,0328853380928308
46;45,5;0,0389998375233718
46;46;0,0160815477013436
46;46,5;0,139026698512047
46;47;0,1346068121438
46;47,5;0,0456755747278758
46;48;0,0461119018583836
46;48,5;0,0528438927147232
46;49;0,0328537476215784
46;49,5;0,0353100552251055
46;50;0,040470771345915
46;50,5;0,0165003528338186
46;51;0,0311571397174372
46;51,5;0,102546526428956
46;52;0,240451110991111
46;52,5;0,097849752002456
46;53;0,0413591222978097
46;53,5;0,0758900677774628
46;54;0,0977369022739912
46;54,5;0,0961820673652039
46;55;0,0381333711019186
46;55,5;0,046367661331835
46;56;0,0346169424282566
46;56,5;0,315806437255995
46;57;0,224931481008016
46;57,5;0,109978717209257
46;58;0,0999757248132412
46;58,5;0,0851529604104676
46;59;0,0298014677778409
46;59,5;0,0772501145760976
46;60;0,154757648292431
46;60,5;0,157949496710153
46;61;0,102579062464557
46;61,5;0,180040558033455
46;62;0,137057783903657
46;62,5;0,109491768857058
46;63;0,0477483396662826
46;63,5;0,0938021058662068
46;64;0,105651511752004
46;64,5;0,0356104169870346
46;65;0,0716077453673404
46;65,5;0,0664517830737762
46;66;0,0271661554144122
46;66,5;0,0412287241169029
46;67;0,0757284537099412
46;67,5;0,0596410093811297
46;68;0,064009855709156
46;68,5;0,0634700843933835
46;69;0,0390564131621288
46;69,5;0,0378069257724512
46;70;0,0565963148724619
46;70,5;0,031954133796219
46;71;0,060120395081552
46;71,5;0,170277846396837
46;72;0,137827584173132
46;72,5;0,0622219529472631
46;73;0
46;73,5;0,0623384064849024
46;74;0,104826478897109
46;74,5;0,0869879117744057
46;75;0,0954654013616601
46;75,5;0
46;76;0
46;76,5;0,254988350149808
46;77;0,175051201301
46;77,5;0
46;78;0
46,5;-23,5;0
46,5;-23;0,0699357314678821
46,5;-22,5;0,0980334976763895
46,5;-22;0,0254558441227157
46,5;-21,5;0,0650538238691624
46,5;-21;0,0689543327137606
46,5;-20,5;0,0260394805142988
46,5;-20;0,0705216278881876
46,5;-19,5;0,0549613500561986
46,5;-19;0
46,5;-18,5;0,0193252856813726
46,5;-18;0,046643148835958
46,5;-17;0
46,5;-16,5;0
46,5;-16;0
46,5;-15,5;0
46,5;-15;0,192643017043988
46,5;-14,5;0,197558234851487
46,5;-14;0,102472990966162
46,5;-13,5;0,130146433858296
46,5;-13;0,148865466531046
46,5;-12,5;0,0620604543973052
46,5;-12;0,0815744040689816
46,5;-11,5;0,138657898026003
46,5;-11;0,118253053011212
46,5;-10,5;0,0802700889718225
46,5;-10;0,0573789919565403
46,5;-9,5;0,0697751546019792
46,5;-9;0,051162921044404
46,5;-8,5;0,062872622959997
46,5;-8;0,0672719987180536
46,5;-7,5;0,028472016278369
46,5;-7;0,0646709378630126
46,5;-6,5;0,0760621684504705
46,5;-6;0,0413804328827516
46,5;-5,5;0,0585857670720814
46,5;-5;0,0808556024467363
46,5;-4,5;0,0352810209367608
46,5;-4;0,0500026244925239
46,5;-3,5;0,047118240796986
46,5;-3;0,0588619221330138
46,5;-2,5;0,0337249164715833
46,5;-2;0,0526627464992819
46,5;-1,5;0,0286000750219142
46,5;-1;0,0374836515200178
46,5;-0,5;0,0567418223869846
46,5;0;0,163123343332755
46,5;0,5;0,139924629948111
46,5;1;0,0383986160100152
46,5;1,5;0,0377150728468139
46,5;2;0,0346094405524004
46,5;2,5;0,0495208724349914
46,5;3;0,0420772590183311
46,5;3,5;0,0742817833209013
46,5;4;0,0366388656187552
46,5;4,5;0,0486853293587076
46,5;5;0,0428406153032286
46,5;5,5;0,0370811249513803
46,5;6;0,0395866921874903
46,5;6,5;0,0305141501746574
46,5;7;0,0181476774350458
46,5;7,5;0,0229630455979161
46,5;8;0,0251212102208978
46,5;8,5;0,0344075454364872
46,5;9;0,0441860441180392
46,5;9,5;0,0527838458598225
46,5;10;0,0328280939571644
46,5;10,5;0,0655616568887219
46,5;11;0,0522637534892498
46,5;11,5;0,0448261807941948
46,5;12;0,0504056152986931
46,5;12,5;0,0540904930886845
46,5;13;0,0385821901847088
46,5;13,5;0,0571485519167748
46,5;14;0,0359537122073313
46,5;14,5;0,0599769272367823
46,5;15;0,0515293574884379
46,5;15,5;0,0485056660908042
46,5;16;0,0662456767220248
46,5;16,5;0,127102765000106
46,5;17;0,0664467415889381
46,5;17,5;0,140032290210745
46,5;18;0,101891737049214
46,5;18,5;0,17303131122391
46,5;19;0,214976574096966
46,5;19,5;0,13086498046822
46,5;20;0,180860281979754
46,5;20,5;0,137399920001901
46,5;21;0,041339029211321
46,5;21,5;0,0618557461626107
46,5;22;0,0525513575377778
46,5;22,5;0,0325697260096182
46,5;23;0,0308979503095809
46,5;23,5;0,0438794052359048
46,5;24;0,0238980559855777
46,5;24,5;0,0367196136628398
46,5;25;0,0519696934358158
46,5;25,5;0,0906737347350317
46,5;26;0,0641772285679794
46,5;26,5;0,0421548029347584
46,5;27;0,0304803732139307
46,5;27,5;0,0425514855865202
46,5;28;0,0391166106488041
46,5;28,5;0,0652785850330094
46,5;29;0,0558615725634017
46,5;29,5;0,0457097412021918
46,5;30;0,0417921147346541
46,5;30,5;0,0281603045938949
46,5;31;0,0378957574109829
46,5;31,5;0,0428201923223544
46,5;32;0,0335022120070659
46,5;32,5;0,0581614145094585
46,5;33;0,0444702534682024
46,5;33,5;0,0742022021533574
46,5;34;0,0310077325289035
46,5;34,5;0,0485499821864862
46,5;35;0,0921102600148322
46,5;35,5;0,0488453341340467
46,5;36;0,0884175621087587
46,5;36,5;0,0529105058125922
46,5;37;0,0309513503446016
46,5;37,5;0,0302040056271162
46,5;38;0,0513497638680035
46,5;38,5;0,0476769966074798
46,5;39;0,0827744953466332
46,5;39,5;0,100186226807964
46,5;40;0,0676918272103389
46,5;40,5;0,0275458245799728
46,5;41;0,0276701199345085
46,5;41,5;0,0454380168509822
46,5;42;0,0217731990961262
46,5;42,5;0,0480305103503198
46,5;43;0,0434606860599017
46,5;43,5;0,084238491716571
46,5;44;0,103209161586872
46,5;44,5;0,0365541275922683
46,5;45;0,0325253850809282
46,5;45,5;0,0284941851282323
46,5;46;0,0433472690124956
46,5;46,5;0,0452940652069461
46,5;47;0,0390247643350342
46,5;47,5;0,0464911422589287
46,5;48;0,0776736400113776
46,5;48,5;0,0524141815596831
46,5;49;0,031472809615572
46,5;49,5;0,028776420367134
46,5;50;0,0282899562626801
46,5;50,5;0,0468405139441966
46,5;51;0,0549107465132703
46,5;51,5;0,0789534036308985
46,5;52;0,247801961773819
46,5;52,5;0,0321833855913769
46,5;53;0,0309163686214842
46,5;53,5;0,0381373891604735
46,5;54;0,0562352202805324
46,5;54,5;0,0131554700100214
46,5;55;0,0957045118124909
46,5;55,5;0,101565213345828
46,5;56;0,0441676433178571
46,5;56,5;0,36251390814245
46,5;57;0,148128779508589
46,5;57,5;0,107776542969271
46,5;58;0,0496960161511365
46,5;58,5;0,0359154940189149
46,5;59;0,0458962187231341
46,5;59,5;0,132034402896025
46,5;60;0,181404628357972
46,5;60,5;0,339200242770115
46,5;61;0,252492018084122
46,5;61,5;0,167074629388175
46,5;62;0,0807215195318433
46,5;62,5;0,0858946002548541
46,5;63;0,0421795660180814
46,5;63,5;0,0627961649572116
46,5;64;0,0716404370223184
46,5;64,5;0,0521761416593265
46,5;65;0,0373201333615617
46,5;65,5;0,0496758498516083
46,5;66;0,0306832609088408
46,5;66,5;0,0617284951592415
46,5;67;0,0343802268753422
46,5;67,5;0,0493183535816029
46,5;68;0,0741697155032802
46,5;68,5;0,0749523223160388
46,5;69;0,0509352769603189
46,5;69,5;0,0555034145999871
46,5;70;0,0473909003490906
46,5;70,5;0,0426912689486322
46,5;71;0,0836827862354093
46,5;71,5;0,0909955519582714
46,5;72;0
46,5;72,5;0
46,5;73;0
46,5;73,5;0,093235610798016
46,5;74;0,0596405902049938
46,5;74,5;0,126565833685123
46,5;75;0,113998647797264
46,5;75,5;0,100806046318457
46,5;76;0,0546186781238799
46,5;76,5;0,276797029787035
46,5;77;0
46,5;77,5;0
46,5;78;0
47;-23,5;0
47;-23;0,0904769413888253
47;-22,5;0,0775400255065444
47;-22;0,0565950527873241
47;-21,5;0,042499411760635
47;-21;0
47;-20,5;0,0564590032467723
47;-20;0,0426710461767483
47;-19,5;0,087021070245468
47;-19;0,0576572947367776
47;-18,5;0,0457638867813185
47;-17;0
47;-16,5;0
47;-16;0
47;-15,5;0,119892451805775
47;-15;0,188449462721442
47;-14,5;0,130519324690434
47;-14;0,142036741364465
47;-13,5;0,179657818694823
47;-13;0,0874698594705026
47;-12,5;0
47;-12;0,129046503245923
47;-11,5;0,120557035383622
47;-11;0,131480148722903
47;-10,5;0,0749696272288981
47;-10;0,0669601287479387
47;-9,5;0,0383786272336581
47;-9;0,0456908620847624
47;-8,5;0,0726379700512197
47;-8;0,0436944749997258
47;-7,5;0,0428412520983681
47;-7;0,0370751143297509
47;-6,5;0,0513107419303495
47;-6;0,0276137568318221
47;-5,5;0,0286119483737754
47;-5;0,0375811122773129
47;-4,5;0,115219829399797
47;-4;0,090589138476903
47;-3,5;0,0838931197760527
47;-3;0,0359417003666037
47;-2,5;0,0278743759639716
47;-2;0,0381712742374622
47;-1,5;0,0245268742341364
47;-1;0,042626310684165
47;-0,5;0,0725977618499161
47;0;0,0727305325143443
47;0,5;0,0223925410643099
47;1;0,0241042538988953
47;1,5;0,0436207108497855
47;2;0,0341006329566487
47;2,5;0,0520436555981769
47;3;0,0952805715913217
47;3,5;0,0753690799972166
47;4;0,0242188370099743
47;4,5;0,0258405153084252
47;5;0,0485959957025199
47;5,5;0,126972516270078
47;6;0,0784756519002962
47;6,5;0,0338722100053164
47;7;0,0280487970153018
47;7,5;0,0274559091586537
47;8;0,028890167685892
47;8,5;0,0242823032700945
47;9;0,0202634395518478
47;9,5;0,0460393651182971
47;10;0,0316043812564105
47;10,5;0,0217123801316298
47;11;0,0695764558419031
47;11,5;0,0537074859551166
47;12;0,0577744375086117
47;12,5;0,0455050918632692
47;13;0,0404085900747629
47;13,5;0,108006508518482
47;14;0,0683507390553443
47;14,5;0,0467254062094079
47;15;0,0230593044068232
47;15,5;0,0307086280173951
47;16;0,0316361293090854
47;16,5;0,0201135847716571
47;17;0,0227952934218426
47;17,5;0,0565201245762005
47;18;0,0745764526653246
47;18,5;0,115891979568829
47;19;0,204514898986756
47;19,5;0,218116065218351
47;20;0,201350110702452
47;20,5;0,144692542848354
47;21;0,0380773611766056
47;21,5;0,0539828319306304
47;22;0,0502570361031284
47;22,5;0,0225621852633283
47;23;0,027580443324836
47;23,5;0,045954543823644
47;24;0,0265754241366733
47;24,5;0,0375266223222942
47;25;0,0363572368238813
47;25,5;0,034920413252251
47;26;0,0353890342699045
47;26,5;0,0386926363820409
47;27;0,0503801963804015
47;27,5;0,050132177531897
47;28;0,0534800843444324
47;28,5;0,0316335900908918
47;29;0,0176302277673738
47;29,5;0,0267457264679335
47;30;0,020285652898012
47;30,5;0,0412002149690827
47;31;0,0766618114404645
47;31,5;0,0341595369837202
47;32;0,0329410003511161
47;32,5;0,0225843292655473
47;33;0,0632837613751072
47;33,5;0,0654089477118486
47;34;0,0617385672712384
47;34,5;0,0488246920211914
47;35;0,0474348676256893
47;35,5;0,023670860606942
47;36;0,0679333573940811
47;36,5;0,0427705003767707
47;37;0,035865531858442
47;37,5;0,037144184957951
47;38;0,0438823069442013
47;38,5;0,0653072954383013
47;39;0,20408622421565
47;39,5;0,159520796678686
47;40;0,0708963858081719
47;40,5;0,0456119396190589
47;41;0,0175725924527271
47;41,5;0,0345219377690162
47;42;0,0213841841867613
47;42,5;0,0356939604895141
47;43;0,0530159296392906
47;43,5;0,0720699657640581
47;44;0,0780861041665817
47;44,5;0,0578662729681668
47;45;0,0600345255474138
47;45,5;0,036544908662132
47;46;0,0481553057416769
47;46,5;0,0737219390664671
47;47;0,0595892422773261
47;47,5;0,0656076061823682
47;48;0,0343450366530555
47;48,5;0,022445517139719
47;49;0,0288032432328079
47;49,5;0,0621640070628067
47;50;0,125354430848428
47;50,5;0,138223136266868
47;51;0,328977550164744
47;51,5;0,32791504331191
47;52;0,0282562677412759
47;52,5;0,034829065383932
47;53;0,0261647655824239
47;53,5;0,03492746262806
47;54;0,0390067293057169
47;54,5;0,116240225158521
47;55;0,0797569646863392
47;55,5;0,0514243165563322
47;56;0,0355112658180471
47;56,5;0,0563234058844116
47;57;0,0733081705095958
47;57,5;0,0620444808020692
47;58;0,113926751566892
47;58,5;0,0452825507420839
47;59;0,0459654797532601
47;59,5;0,244944344486206
47;60;0,370732943438909
47;60,5;0,141976870947552
47;61;0,0323888213554039
47;61,5;0,042317240813367
47;62;0,0509671281633052
47;62,5;0,0699005346600633
47;63;0,0366910524969417
47;63,5;0,0581089885082725
47;64;0,0574465522946638
47;64,5;0,0515106125528994
47;65;0,0416539086234146
47;65,5;0,0486837198164171
47;66;0,0586708420935207
47;66,5;0,0646562003401394
47;67;0,0353628726708219
47;67,5;0,0452660583967806
47;68;0,0460847375945484
47;68,5;0,0563336027463813
47;69;0,05270736586133
47;69,5;0,31582015308987
47;70;0,214411023402533
47;70,5;0,059549772783752
47;71;0,0910702194679994
47;71,5;0,0948135597428507
47;72;0
47;72,5;0
47;73;0
47;73,5;0
47;74;0,0608766903549415
47;74,5;0,0500288488203128
47;75;0,0440292110827735
47;75,5;0,0722820863008256
47;76;0,0397202719023926
47;76,5;0
47;77;0
47;77,5;0
47;78;0
47;78,5;0
47,5;-23,5;0
47,5;-23;0,100144617650897
47,5;-22,5;0,0733857104619149
47,5;-22;0,00919238815542512
47,5;-21,5;0,0501896403653184
47,5;-21;0,0864825883934917
47,5;-20,5;0,0380106501366331
47,5;-20;0
47,5;-19,5;0,0236579796263333
47,5;-19;0,04081244363617
47,5;-18,5;0
47,5;-17;0
47,5;-16,5;0,0579247737308028
47,5;-16;0,0451774279923061
47,5;-15;0,0373188960179692
47,5;-14,5;0,0287489130229301
47,5;-14;0,0521581843096191
47,5;-13,5;0,290773353072703
47,5;-13;0,102143116497434
47,5;-12,5;0,145256849686865
47,5;-12;0,0425602318289425
47,5;-11,5;0,117872375770139
47,5;-11;0,0800751667074901
47,5;-10,5;0,058895884852214
47,5;-10;0,0443572316275733
47,5;-9,5;0,0365781263243051
47,5;-9;0,0507399673909495
47,5;-8,5;0,047912272525793
47,5;-8;0,0569545596273747
47,5;-7,5;0,0499670663207467
47,5;-7;0,0711598994695538
47,5;-6,5;0,0467293860719804
47,5;-6;0,0413081264241928
47,5;-5,5;0,150454689844567
47,5;-5;0,0640407718140987
47,5;-4,5;0,0891950044652099
47,5;-4;0,0956862595690819
47,5;-3,5;0,0580100107150597
47,5;-3;0,0253998733322057
47,5;-2,5;0,0588916718390058
47,5;-2;0,0696864318182355
47,5;-1,5;0,0247868318427223
47,5;-1;0,0368178746717527
47,5;-0,5;0,0444617440269969
47,5;0;0,053341020333689
47,5;0,5;0,0463571282606738
47,5;1;0,119202203077921
47,5;1,5;0,0492399836142005
47,5;2;0,0363750297197796
47,5;2,5;0,0567975320051257
47,5;3;0,0832692949537443
47,5;3,5;0,0856214782342258
47,5;4;0,021868886788458
47,5;4,5;0,0364757589603772
47,5;5;0,0239246074049618
47,5;5,5;0,145768186088839
47,5;6;0,138645104190398
47,5;6,5;0,03313891373153
47,5;7;0,0279435676893022
47,5;7,5;0,0335515385626813
47,5;8;0,0562898399007986
47,5;8,5;0,0230011321201004
47,5;9;0,0442832561885635
47,5;9,5;0,0429705980398613
47,5;10;0,0342519489723338
47,5;10,5;0,118641960730335
47,5;11;0,0279603510795733
47,5;11,5;0,0358852337319962
47,5;12;0,0308676750158081
47,5;12,5;0,0370714576892602
47,5;13;0,0587815705644956
47,5;13,5;0,060742083873503
47,5;14;0,0545460441887321
47,5;14,5;0,116603734896167
47,5;15;0,0424168976621689
47,5;15,5;0,0337176413594275
47,5;16;0,257020896436373
47,5;16,5;0,334783727729735
47,5;17;0,0361447145943414
47,5;17,5;0,0417452181129063
47,5;18;0,026263157531534
47,5;18,5;0,362881761246515
47,5;19;0,339272819221365
47,5;19,5;0,0809550601450298
47,5;20;0,0817222948226148
47,5;20,5;0,0561924918761456
47,5;21;0,0504685913364401
47,5;21,5;0,046368034550746
47,5;22;0,0526674739276278
47,5;22,5;0,0407320512618748
47,5;23;0,0408949571544116
47,5;23,5;0,082908390646963
47,5;24;0,0727605274349841
47,5;24,5;0,0275272392017729
47,5;25;0,0369830092773237
47,5;25,5;0,0330852226216307
47,5;26;0,0289053528172137
47,5;26,5;0,0448738966063641
47,5;27;0,0484798671683531
47,5;27,5;0,0558369650560152
47,5;28;0,0364526335174583
47,5;28,5;0,0264376416889182
47,5;29;0,0425099777624782
47,5;29,5;0,039042096020936
47,5;30;0,0207475379401632
47,5;30,5;0,0285995964062529
47,5;31;0,0718729250508973
47,5;31,5;0,046798382103371
47,5;32;0,0763372528376473
47,5;32,5;0,04354774619136
47,5;33;0,0321488317504713
47,5;33,5;0,0759805733109534
47,5;34;0,0962655604394519
47,5;34,5;0,0414183354614438
47,5;35;0,0849901185311203
47,5;35,5;0,0606814220847361
47,5;36;0,0552487600050324
47,5;36,5;0,0928120423380638
47,5;37;0,0717548800425264
47,5;37,5;0,119651721980934
47,5;38;0,140150624894797
47,5;38,5;0,0542765556235667
47,5;39;0,181359509369251
47,5;39,5;0,094922983860674
47,5;40;0,112867946805007
47,5;40,5;0,103483625980313
47,5;41;0,0481288531068154
47,5;41,5;0,0452743319461692
47,5;42;0,0328993518989645
47,5;42,5;0,0246308447357514
47,5;43;0,0603429275687137
47,5;43,5;0,0509754595760705
47,5;44;0,0987445105377739
47,5;44,5;0,0748480122055989
47,5;45;0,072254544893059
47,5;45,5;0,0610968373110406
47,5;46;0,0583646318595504
47,5;46,5;0,0235189947265536
47,5;47;0,0648913225828883
47,5;47,5;0,330595308688314
47,5;48;0,0505088119306387
47,5;48,5;0,0229515779660022
47,5;49;0,0211457815446719
47,5;49,5;0,044994115011576
47,5;50;0,28478837171954
47,5;50,5;0,277867820162921
47,5;51;0,215731623396602
47,5;51,5;0,314168925538642
47,5;52;0,244180318256184
47,5;52,5;0,26545699433283
47,5;53;0,0144198554571451
47,5;53,5;0,0351152451332943
47,5;54;0,0447897844757979
47,5;54,5;0,0689176315967372
47,5;55;0,0832633314799859
47,5;55,5;0,0896659149763161
47,5;56;0,0699970369398332
47,5;56,5;0,0586279009451197
47,5;57;0,0705994706249647
47,5;57,5;0,0539372059253768
47,5;58;0,115676967680523
47,5;58,5;0,084282693806306
47,5;59;0,063230833042296
47,5;59,5;0,159291842005331
47,5;60;0,269535509176656
47,5;60,5;0,0457128001346871
47,5;61;0,0462173203794068
47,5;61,5;0,0485999317425921
47,5;62;0,0462071877707427
47,5;62,5;0,0463206437867213
47,5;63;0,355633625785686
47,5;63,5;0,158578533731852
47,5;64;0,171287002143112
47,5;64,5;0,200698000737426
47,5;65;0,0528088376442176
47,5;65,5;0,0972815777529415
47,5;66;0,0708377191624656
47,5;66,5;0,0441894809572677
47,5;67;0,0380892959557296
47,5;67,5;0,0401412945657183
47,5;68;0,0452079610274533
47,5;68,5;0,0472117493359685
47,5;69;0,117680544208178
47,5;69,5;0,221043814179712
47,5;70;0,288943477748388
47,5;70,5;0,0792709426772583
47,5;71;0,0793510475330272
47,5;71,5;0
47,5;72;0
47,5;72,5;0
47,5;73,5;0
47,5;74;0,0454742208498921
47,5;74,5;0
47,5;75;0,0717952562745577
47,5;75,5;0,0538410727150854
47,5;76;0,0948555292461722
47,5;76,5;0,0693744104373465
47,5;77;0
47,5;77,5;0
47,5;78;0
47,5;78,5;0
48;-23,5;0
48;-23;0
48;-22,5;0,0913740177025784
48;-22;0
48;-21,5;0,138080235787572
48;-21;0,0592987859445095
48;-20,5;0,070230572639936
48;-20;0
48;-19,5;0
48;-19;0,0544472221513642
48;-18,5;0
48;-17;0
48;-16,5;0,0914568863944401
48;-16;0,0430661635677529
48;-14,5;0
48;-14;0
48;-13,5;0,0899216325474577
48;-13;0,0865827157501234
48;-12,5;0,209429489592825
48;-12;0,0736734133592786
48;-11,5;0,110976116406632
48;-11;0,0774383126787471
48;-10,5;0,0530715089051674
48;-10;0,0516221914427376
48;-9,5;0,0380023343934927
48;-9;0,0456141037908942
48;-8,5;0,0592411236959948
48;-8;0,0544417208951552
48;-7,5;0,0609677974593475
48;-7;0,102930797755021
48;-6,5;0,0697407433040095
48;-6;0,0545811799512675
48;-5,5;0,0953991038404331
48;-5;0,044813883731319
48;-4,5;0,0347482581065791
48;-4;0,0722504195603939
48;-3,5;0,0467782524919957
48;-3;0,0427898833227448
48;-2,5;0,115012341056458
48;-2;0,0844237096059406
48;-1,5;0,0255744733418743
48;-1;0,0541914158245715
48;-0,5;0,0485269681434378
48;0;0,160514697325093
48;0,5;0,0461695336426023
48;1;0,107087136304529
48;1,5;0,109375886754498
48;2;0,0496630658557528
48;2,5;0,0284004866693116
48;3;0,0483283406749776
48;3,5;0,0602676742705696
48;4;0,020084484095376
48;4,5;0,0338488476961643
48;5;0,0280390273073371
48;5,5;0,108065168311722
48;6;0,0995523721133175
48;6,5;0,0180392021754303
48;7;0,0376754820377751
48;7,5;0,0345418339410492
48;8;0,0338426537092474
48;8,5;0,0305700658425826
48;9;0,0488097289057657
48;9,5;0,0344162107185566
48;10;0,07688982076852
48;10,5;0,147817946739059
48;11;0,0603536581292864
48;11,5;0,0360112717725696
48;12;0,0477664830687995
48;12,5;0,022867721860326
48;13;0,0587629430089608
48;13,5;0,0367399917970211
48;14;0,0797072769576279
48;14,5;0,185674634333047
48;15;0,0595633283375319
48;15,5;0,0409432180884456
48;16;0,194614959761641
48;16,5;0,367884768310433
48;17;0,0269984031769415
48;17,5;0,0272490831958436
48;18;0,0478901491598702
48;18,5;0,347772345443566
48;19;0,22325640806078
48;19,5;0,0935218260938208
48;20;0,0767642826867986
48;20,5;0,0728332286878862
48;21;0,0717743460388968
48;21,5;0,0631766021391721
48;22;0,0442182229365838
48;22,5;0,0951961538797583
48;23;0,0362506179295675
48;23,5;0,0791053269686747
48;24;0,0565415946748467
48;24,5;0,0333874966286704
48;25;0,0471990801609955
48;25,5;0,0365865685360786
48;26;0,0290839290868596
48;26,5;0,0390047093999161
48;27;0,0834481875177646
48;27,5;0,0403981101077202
48;28;0,0577590749908761
48;28,5;0,0810352157913281
48;29;0,1169838066541
48;29,5;0,0468074936314165
48;30;0,0562078982322899
48;30,5;0,024813433334168
48;31;0,0169248704476407
48;31,5;0,121747542273291
48;32;0,126103243182626
48;32,5;0,0425425358361711
48;33;0,0486103612168317
48;33,5;0,05476452472216
48;34;0,0896885351275922
48;34,5;0,0996317575617631
48;35;0,0350638063850359
48;35,5;0,0281408597768568
48;36;0,0867547308988584
48;36,5;0,0558809953764042
48;37;0,0409095702187065
48;37,5;0,345848195252865
48;38;0,201303514521425
48;38,5;0,0526179627123666
48;39;0,0593002352974766
48;39,5;0,0975341886745592
48;40;0,114971274686325
48;40,5;0,107884526918643
48;41;0,0559754558078142
48;41,5;0,0432152868703165
48;42;0,0314445989043086
48;42,5;0,0498816077318681
48;43;0,0489422018145618
48;43,5;0,0332598183585145
48;44;0,0608153971822536
48;44,5;0,0762493108809635
48;45;0,0666647684483678
48;45,5;0,0430465789298021
48;46;0,0506171685411624
48;46,5;0,0254281356501932
48;47;0,0206923239126871
48;47,5;0,0217997807505339
48;48;0,0257451190912917
48;48,5;0,0272475103583482
48;49;0,140225847243988
48;49,5;0,0237194402490874
48;50;0,103218637136622
48;50,5;0,228840519430745
48;51;0,19811886162941
48;51,5;0,190850952547149
48;52;0,19932955566871
48;52,5;0,337496117516695
48;53;0,0290970235051543
48;53,5;0,0520547854544156
48;54;0,0384687254463358
48;54,5;0,075037212990178
48;55;0,0675995877943975
48;55,5;0,0995717517499641
48;56;0,123968537336292
48;56,5;0,0874847113927991
48;57;0,0587416148874682
48;57,5;0,070790748692971
48;58;0,0343713442114689
48;58,5;0,0451906925107227
48;59;0,0770624931111149
48;59,5;0,0636776101009532
48;60;0,0512400894681838
48;60,5;0,0427597603927283
48;61;0,0285935986430012
48;61,5;0,0602821014430151
48;62;0,0921978008187096
48;62,5;0,154655925175966
48;63;0,405054274615903
48;63,5;0,0607599100284609
48;64;0,144390221361575
48;64,5;0,116787877831599
48;65;0,0522787401021358
48;65,5;0,035400420104707
48;66;0,188066049417303
48;66,5;0,270685366675252
48;67;0,151002317863005
48;67,5;0,0701631864104869
48;68;0,050792213998299
48;68,5;0,0459666768933255
48;69;0,0464015242128463
48;69,5;0,323389848792435
48;70;0,121190515411236
48;70,5;0,110522421588377
48;71;0,0939161860384034
48;71,5;0,0747573853653715
48;72;0,0307228076368503
48;72,5;0,0960404562190811
48;73;0,172066603139354
48;73,5;0,206894339838341
48;74;0,0369920358223999
48;74,5;0
48;75;0,0753558226018401
48;75,5;0,0695701712672804
48;76;0,104411671289417
48;76,5;0,0979289956726638
48;77;0
48;77,5;0
48;78;0,038629189555494
48;78,5;0
48,5;-23,5;0
48,5;-23;0
48,5;-22,5;0,0872417458687194
48,5;-22;0
48,5;-21,5;0,0780108661539868
48,5;-21;0,0843494541141597
48,5;-20,5;0,0636934934754808
48,5;-20;0,0348590813928818
48,5;-19,5;0,0542924181324305
48,5;-19;0,0240416305603426
48,5;-18,5;0,0417652167878168
48,5;-16,5;0,0897631514105796
48,5;-16;0,0762575276698359
48,5;-15,5;0,0465732398128654
48,5;-15;0,0431547602627257
48,5;-14,5;0
48,5;-14;0,0559213733736932
48,5;-13,5;0,0997020561473032
48,5;-13;0,101846765468343
48,5;-12,5;0,155659338124812
48,5;-12;0,108110458999253
48,5;-11,5;0,296967482092649
48,5;-11;0,347706613618901
48,5;-10,5;0,0893907305189006
48,5;-10;0,0516154652211912
48,5;-9,5;0,0415528714896126
48,5;-9;0,0581013221567602
48,5;-8,5;0,0388692013657962
48,5;-8;0,0796318275376702
48,5;-7,5;0,0620610695579749
48,5;-7;0,0674240535936768
48,5;-6,5;0,089309830561232
48,5;-6;0,103625820942686
48,5;-5,5;0,0876950060684591
48,5;-5;0,0401969341201319
48,5;-4,5;0,0312995412020892
48,5;-4;0,0449536329684653
48,5;-3,5;0,0433134391324746
48,5;-3;0,0834376973695523
48,5;-2,5;0,0266563023560825
48,5;-2;0,0416053394831033
48,5;-1,5;0,0362842746913078
48,5;-1;0,0305464770739989
48,5;-0,5;0,0536528056852364
48,5;0;0,130632321493585
48,5;0,5;0,0922579044763935
48,5;1;0,0378856096887407
48,5;1,5;0,123901695638409
48,5;2;0,0869008770209179
48,5;2,5;0,0250969974161241
48,5;3;0,05922696457977
48,5;3,5;0,0474200298254877
48,5;4;0,0510638489213912
48,5;4,5;0,0294919819144997
48,5;5;0,020086493413009
48,5;5,5;0,0519222214460226
48,5;6;0,0578964961804465
48,5;6,5;0,0421090231982498
48,5;7;0,0216929804187676
48,5;7,5;0,0385216854243669
48,5;8;0,0504231499176623
48,5;8,5;0,0547908008952698
48,5;9;0,0491543893421192
48,5;9,5;0,0484584696233477
48,5;10;0,0417091562970083
48,5;10,5;0,0661029493634141
48,5;11;0,148519207965152
48,5;11,5;0,14134122837115
48,5;12;0,0339795538460351
48,5;12,5;0,0309431754366095
48,5;13;0,0648849766502428
48,5;13,5;0,0449162350354666
48,5;14;0,0417717881220467
48,5;14,5;0,0336346993029353
48,5;15;0,0691733150908727
48,5;15,5;0,0406765190386534
48,5;16;0,0415826191537555
48,5;16,5;0,0224474593161914
48,5;17;0,0449701492666955
48,5;17,5;0,0267911192952377
48,5;18;0,0327270648039114
48,5;18,5;0,105667402327028
48,5;19;0,134552842241894
48,5;19,5;0,17242939386244
48,5;20;0,040252458734513
48,5;20,5;0,0355933065487653
48,5;21;0,0536981813274076
48,5;21,5;0,0497782257928645
48,5;22;0,0763455110163106
48,5;22,5;0,095516216729947
48,5;23;0,037354190356506
48,5;23,5;0,0388071785554943
48,5;24;0,036305288415631
48,5;24,5;0,031229195829805
48,5;25;0,0378143769066784
48,5;25,5;0,0365385659872923
48,5;26;0,0404986786847005
48,5;26,5;0,0235944850445587
48,5;27;0,0356289610431426
48,5;27,5;0,0403003581934878
48,5;28;0,0341426254193115
48,5;28,5;0,0372491055968945
48,5;29;0,0411989963503419
48,5;29,5;0,0423942258529971
48,5;30;0,0520493223387477
48,5;30,5;0,0350397137930624
48,5;31;0,0255593270862503
48,5;31,5;0,0782277859930691
48,5;32;0,117507155750878
48,5;32,5;0,0262870465329789
48,5;33;0,0473740435259647
48,5;33,5;0,0778066350113577
48,5;34;0,0533485020612229
48,5;34,5;0,0664134236240353
48,5;35;0,0484557322644083
48,5;35,5;0,0608212003939987
48,5;36;0,0926553650182582
48,5;36,5;0,0791567316484587
48,5;37;0,0408896751268031
48,5;37,5;0,0254539231525663
48,5;38;0,0393626027569103
48,5;38,5;0,0763112778981834
48,5;39;0,0350922007362519
48,5;39,5;0,0870366982340297
48,5;40;0,0498874197335978
48,5;40,5;0,107743081563105
48,5;41;0,12812647096515
48,5;41,5;0,0480199071697753
48,5;42;0,0611487931512949
48,5;42,5;0,0460564743773902
48,5;43;0,0649000789516768
48,5;43,5;0,059909576738514
48,5;44;0,059964323644921
48,5;44,5;0,0630300576333713
48,5;45;0,0587156737943419
48,5;45,5;0,151476779917291
48,5;46;0,255395719439554
48,5;46,5;0,0199737643048125
48,5;47;0,0242592091513746
48,5;47,5;0,0189037470595795
48,5;48;0,0208527181523593
48,5;48,5;0,0760839806545026
48,5;49;0,0658195766217519
48,5;49,5;0,0186719726323565
48,5;50;0,0468700507029016
48,5;50,5;0,231797034636137
48,5;51;0,192750399913117
48,5;51,5;0,143147727543354
48,5;52;0,183947661438683
48,5;52,5;0,227412985205815
48,5;53;0,0485811014282093
48,5;53,5;0,0646068188880397
48,5;54;0,0275710776914663
48,5;54,5;0,106120084191955
48,5;55;0,0655517617694168
48,5;55,5;0,0640198101227602
48,5;56;0,109268353568905
48,5;56,5;0,0912450780287374
48,5;57;0,0751303070066989
48,5;57,5;0,0616202277278645
48,5;58;0,0623168487621096
48,5;58,5;0,0579046188057404
48,5;59;0,0535831365443441
48,5;59,5;0,0862017248884114
48,5;60;0,0551606052621013
48,5;60,5;0,0448742516543559
48,5;61;0,0456754443013006
48,5;61,5;0,0792276986022341
48,5;62;0,0406179945267379
48,5;62,5;0,0280302242122277
48,5;63;0,179403970727517
48,5;63,5;0,0561702379237911
48,5;64;0,0792811114501327
48,5;64,5;0,0395783649194477
48,5;65;0,0224604330463947
48,5;65,5;0,0722824487953068
48,5;66;0,293742930084043
48,5;66,5;0,158792155719194
48,5;67;0,120149906367005
48,5;67,5;0,0443484578569054
48,5;68;0,0520975777622689
48,5;68,5;0,154353260517095
48,5;69;0,153737966419621
48,5;69,5;0,0761821481514514
48,5;70;0,121963968137354
48,5;70,5;0,0921566348416941
48,5;71;0,0248495472795784
48,5;71,5;0
48,5;72;0
48,5;72,5;0,0799030662740799
48,5;73;0,101562438203082
48,5;73,5;0,069279145491266
48,5;74;0
48,5;74,5;0,0177857620959388
48,5;75;0,0544495179042019
48,5;75,5;0,0628787933015482
48,5;76;0,0810701856418252
48,5;76,5;0,172222870842926
48,5;77;0,157622703525433
48,5;77,5;0,0459619407771256
48,5;78;0,105069683836673
48,5;78,5;0
49;-23,5;0,314800099371176
49;-23;0,194922267385183
49;-22,5;0,0520323083392531
49;-22;0,0760295272311292
49;-21,5;0,0115902257671425
49;-21;0,0581609461079676
49;-20,5;0,0769003191860027
49;-20;0,058489315263559
49;-19,5;0,0630498668855511
49;-19;0,0641336495141201
49;-18,5;0,0815531131006674
49;-18;0,0695149863938225
49;-17;0,0433227093203685
49;-16,5;0,0454430045955004
49;-16;0,0339411254969543
49;-15,5;0,0480794329015211
49;-15;0,0294210808774933
49;-14,5;0
49;-14;0,0648393376422242
49;-13,5;0,0983209031691634
49;-13;0,0127279220613578
49;-12,5;0,220980684453279
49;-12;0,199551981191064
49;-11,5;0,218257354348651
49;-11;0,285743287726652
49;-10,5;0,067067002787535
49;-10;0,0907869588068734
49;-9,5;0,0451087842814993
49;-9;0,0341062764786497
49;-8,5;0,0811418245969656
49;-8;0,0884433320451985
49;-7,5;0,06263446983566
49;-7;0,0657177849631197
49;-6,5;0,10318795532788
49;-6;0,0551997389497833
49;-5,5;0,0568834101216353
49;-5;0,0612800801806783
49;-4,5;0,0257801141524681
49;-4;0,0678470883962323
49;-3,5;0,0227529070475943
49;-3;0,113650116985901
49;-2,5;0,0497034005071889
49;-2;0,0324983929534132
49;-1,5;0,0329812192488564
49;-1;0,153208097254903
49;-0,5;0,169220556721032
49;0;0,093649270054747
49;0,5;0,0837305335041904
49;1;0,0714859731179277
49;1,5;0,0812519819635358
49;2;0,0608712048613071
49;2,5;0,0207861172212477
49;3;0,0285471671168678
49;3,5;0,0606777855884
49;4;0,0374329722366301
49;4,5;0,0267397749567623
49;5;0,0302086021171665
49;5,5;0,0303656265102403
49;6;0,0384618858958667
49;6,5;0,0365421998399933
49;7;0,0302351832226181
49;7,5;0,0488832077220683
49;8;0,261117982069838
49;8,5;0,26537419437363
49;9;0,117369097116947
49;9,5;0,0315450813418312
49;10;0,0446703525070756
49;10,5;0,0894347693094386
49;11;0,0911074608442558
49;11,5;0,138990878567872
49;12;0,0219066781764291
49;12,5;0,0238604223562923
49;13;0,0467492161404877
49;13,5;0,0499445411684299
49;14;0,0452931451655319
49;14,5;0,0497305793547696
49;15;0,0385443467536637
49;15,5;0,0336141655473754
49;16;0,0490379152311241
49;16,5;0,0557124499823568
49;17;0,0373938792298519
49;17,5;0,0267160844254698
49;18;0,0519077175435749
49;18,5;0,0956452394093811
49;19;0,0898369520934037
49;19,5;0,0722132078149151
49;20;0,0243541365468404
49;20,5;0,0385466087591627
49;21;0,0512487599796233
49;21,5;0,0418042022087977
49;22;0,0379181189743963
49;22,5;0,0452747230909719
49;23;0,0473131485111546
49;23,5;0,0473325772065474
49;24;0,0450101396595957
49;24,5;0,0450543519329617
49;25;0,0614881396881874
49;25,5;0,0302876726234892
49;26;0,0328399805887408
49;26,5;0,0270668491899015
49;27;0,0503905190662361
49;27,5;0,0364537576428136
49;28;0,0281704840355805
49;28,5;0,0246301540871779
49;29;0,0380593906628949
49;29,5;0,0374120069558265
49;30;0,058188592171947
49;30,5;0,0403723543683692
49;31;0,0344260076105261
49;31,5;0,0313221134885312
49;32;0,0500624348480985
49;32,5;0,0360782840089549
49;33;0,0223797890668721
49;33,5;0,0355338138731921
49;34;0,0590608501635268
49;34,5;0,0651198587645093
49;35;0,053581931805208
49;35,5;0,0763135107852774
49;36;0,132733346136043
49;36,5;0,253601750997984
49;37;0,290329061668974
49;37,5;0,0381857952474174
49;38;0,0196899710000597
49;38,5;0,0489193022657613
49;39;0,0664652156210767
49;39,5;0,0253233986329909
49;40;0,108697664040136
49;40,5;0,107096004568607
49;41;0,125401623662343
49;41,5;0,0873029439166965
49;42;0,0579366786938249
49;42,5;0,0825011263822606
49;43;0,0558630754011745
49;43,5;0,0365137365305094
49;44;0,074083055347602
49;44,5;0,0695183187271921
49;45;0,0462722390877385
49;45,5;0,0601780610838591
49;46;0,0502965651688772
49;46,5;0,0382862838583277
49;47;0,0288711705747815
49;47,5;0,0281244867335147
49;48;0,0282193371951847
49;48,5;0,106592232979953
49;49;0,107361739520872
49;49,5;0,0433828145126768
49;50;0,0337174949809015
49;50,5;0,0443086292029977
49;51;0,211177705876789
49;51,5;0,198354250812598
49;52;0,130570028602072
49;52,5;0,27471878351144
49;53;0,039730174486225
49;53,5;0,104799674441696
49;54;0,0761874880366411
49;54,5;0,0344927628453453
49;55;0,105662514387926
49;55,5;0,09518193951924
49;56;0,0415944572035325
49;56,5;0,0473417657640134
49;57;0,0246682394787409
49;57,5;0,0357756667574943
49;58;0,0497176414042599
49;58,5;0,0476975816935846
49;59;0,0541128611003501
49;59,5;0,092442207640579
49;60;0,0838406090829346
49;60,5;0,0844305349946185
49;61;0,0945088950069317
49;61,5;0,125711672116745
49;62;0,094455352757778
49;62,5;0,0455550418195846
49;63;0,113591314502941
49;63,5;0,0911742836549868
49;64;0,0376068938033768
49;64,5;0,0197688482038625
49;65;0,0262529336306731
49;65,5;0,0702753781343781
49;66;0,377492231135822
49;66,5;0,206226481359394
49;67;0,0591805148113239
49;67,5;0
49;68;0,0719508430077356
49;68,5;0,406798112760439
49;69;0,364017695713008
49;69,5;0,296683140890597
49;70;0,165799863126586
49;70,5;0,0505773934408717
49;71;0
49;71,5;0
49;72;0
49;72,5;0
49;73;0,0533984628368021
49;73,5;0,0148492424049175
49;74;0,0588750783761786
49;74,5;0,0766941500184911
49;75;0,0263470428448178
49;75,5;0,074953318805774
49;76;0,217839855634139
49;76,5;0,289712267949039
49;77;0,0828185768210651
49;77,5;0,036226141573915
49;78;0,132819844568164
49;78,5;0
49,5;-23,5;0,235237884916524
49,5;-23;0,210231883781628
49,5;-22,5;0,0901803132002151
49,5;-22;0,0870882420580523
49,5;-21,5;0
49,5;-21;0,0978104159604473
49,5;-20,5;0,0312025639972102
49,5;-20;0
49,5;-19,5;0
49,5;-19;0
49,5;-18,5;0,0715289588490074
49,5;-18;0,0601327895656969
49,5;-17,5;0
49,5;-16;0
49,5;-15,5;0
49,5;-15;0
49,5;-14,5;0
49,5;-14;0,0677495387438173
49,5;-13,5;0,0752520362881779
49,5;-13;0,0696449456998745
49,5;-12,5;0,108163890798766
49,5;-12;0,247319437928167
49,5;-11,5;0,0532105373993026
49,5;-11;0,0799987499902342
49,5;-10,5;0,064298133720972
49,5;-10;0,0641871696963123
49,5;-9,5;0,0854030424146567
49,5;-9;0,0388758708369772
49,5;-8,5;0,111539252694664
49,5;-8;0,113811801699737
49,5;-7,5;0,0503896330950801
49,5;-7;0,02877318877409
49,5;-6,5;0,0313478942863867
49,5;-6;0,0496494486888026
49,5;-5,5;0,023120084391659
49,5;-5;0,0189871769911954
49,5;-4,5;0,0219451951823535
49,5;-4;0,0522522004592169
49,5;-3,5;0,0628095910399613
49,5;-3;0,0915661792271708
49,5;-2,5;0,155837524981757
49,5;-2;0,0240630050500666
49,5;-1,5;0,0256487536755192
49,5;-1;0,191524310344683
49,5;-0,5;0,363742450517015
49,5;0;0,0524448761412496
49,5;0,5;0,0395027524962315
49,5;1;0,055796416396079
49,5;1,5;0,0564218992613103
49,5;2;0,214697239401658
49,5;2,5;0,0633494626874499
49,5;3;0,0455211328750822
49,5;3,5;0,0454617920185977
49,5;4;0,0354778051131603
49,5;4,5;0,0638263398049157
49,5;5;0,120871810725658
49,5;5,5;0,0612503364807759
49,5;6;0,0472196125219457
49,5;6,5;0,0237332164853037
49,5;7;0,0272574563478266
49,5;7,5;0,0712111708663009
49,5;8;0,306283857858448
49,5;8,5;0,324125104763706
49,5;9;0,0842611981270378
49,5;9,5;0,0514083897313086
49,5;10;0,034068243681764
49,5;10,5;0,064922798806514
49,5;11;0,0571365006816564
49,5;11,5;0,0387474558206562
49,5;12;0,035659798294337
49,5;12,5;0,0475544780432176
49,5;13;0,0350929010997333
49,5;13,5;0,0909264325234493
49,5;14;0,119696179346461
49,5;14,5;0,0750917347479134
49,5;15;0,0196947724561472
49,5;15,5;0,0355631100622161
49,5;16;0,0360388209879958
49,5;16,5;0,0497088386187464
49,5;17;0,0278167311981511
49,5;17,5;0,0284293800317873
49,5;18;0,326833816535276
49,5;18,5;0,187925425540926
49,5;19;0,0744101562279119
49,5;19,5;0,0299808272067333
49,5;20;0,038423664081299
49,5;20,5;0,0618391586512925
49,5;21;0,0500965706529356
49,5;21,5;0,0578820616240579
49,5;22;0,0534719282188142
49,5;22,5;0,0580925056757434
49,5;23;0,0462260659536772
49,5;23,5;0,0779327339394926
49,5;24;0,267453754402143
49,5;24,5;0,082067806903633
49,5;25;0,0803202345778735
49,5;25,5;0,0942398703736591
49,5;26;0,0806592260302667
49,5;26,5;0,0514004190764287
49,5;27;0,0727782368781039
49,5;27,5;0,035137959115448
49,5;28;0,0359568094908368
49,5;28,5;0,0253285409415129
49,5;29;0,0282018916779509
49,5;29,5;0,110043970675788
49,5;30;0,153668908154296
49,5;30,5;0,0707582379927589
49,5;31;0,0405449033735947
49,5;31,5;0,0342442732136906
49,5;32;0,0394076509726484
49,5;32,5;0,0394241027031635
49,5;33;0,0336507770101736
49,5;33,5;0,0324828032485968
49,5;34;0,0562649221100954
49,5;34,5;0,0304464462319376
49,5;35;0,0277535032645493
49,5;35,5;0,0369807142850278
49,5;36;0,0382929552289722
49,5;36,5;0,352323488868821
49,5;37;0,311236506030463
49,5;37,5;0,0413703291218799
49,5;38;0,0530149752904028
49,5;38,5;0,0292772306151555
49,5;39;0,0328479552676587
49,5;39,5;0,0497702340759165
49,5;40;0,0522480180691752
49,5;40,5;0,073028226262781
49,5;41;0,0754122488917627
49,5;41,5;0,0871114323891678
49,5;42;0,109273055051207
49,5;42,5;0,0694863185050392
49,5;43;0,057948910871443
49,5;43,5;0,0373237948253171
49,5;44;0,0433788966103273
49,5;44,5;0,0295267327135465
49,5;45;0,040561449230173
49,5;45,5;0,0605540261472731
49,5;46;0,0414888879543844
49,5;46,5;0,090430299780866
49,5;47;0,0678275899315527
49,5;47,5;0,063319981822796
49,5;48;0,0500613566113655
49,5;48,5;0,0537417698228432
49,5;49;0,0431526073448773
49,5;49,5;0,0451210218365037
49,5;50;0,0391996338600993
49,5;50,5;0,0571080625859863
49,5;51;0,177374555835529
49,5;51,5;0,209260489129994
49,5;52;0,232027892963212
49,5;52,5;0,130334620730186
49,5;53;0,034501962255052
49,5;53,5;0,110568262325175
49,5;54;0,0668639309471705
49,5;54,5;0,0474191351688882
49,5;55;0,0592411656070282
49,5;55,5;0,133921606056034
49,5;56;0,066057745725298
49,5;56,5;0,0948380489578401
49,5;57;0,0644886617202225
49,5;57,5;0,0394192812224025
49,5;58;0,0333841608821039
49,5;58,5;0,0227881321979702
49,5;59;0,0228764699150051
49,5;59,5;0,114220559644003
49,5;60;0,0630882309497289
49,5;60,5;0,0752610247654089
49,5;61;0,123663866565539
49,5;61,5;0,125463062157351
49,5;62;0,0932510429225955
49,5;62,5;0,0309610167186798
49,5;63;0,0728475850633289
49,5;63,5;0,0660129139052344
49,5;64;0,045887132399624
49,5;64,5;0,0369724429604204
49,5;65;0,0399197811770005
49,5;65,5;0,0471578083394603
49,5;66;0,0719308241058272
49,5;66,5;0,0354085400134255
49,5;67;0
49,5;67,5;0
49,5;68;0,0570702915869385
49,5;68,5;0,164737070922825
49,5;69;0,126336905038317
49,5;69,5;0,258599270741978
49,5;70;0,143255220025366
49,5;70,5;0,149126791690829
49,5;71;0
49,5;71,5;0
49,5;72;0
49,5;72,5;0
49,5;73;0,0504593188335203
49,5;73,5;0,045706721558261
49,5;74;0,067028186442554
49,5;74,5;0,125547858228973
49,5;75;0,0294414673547362
49,5;75,5;0,0875252344565079
49,5;76;0,310767882624232
49,5;76,5;0,28016427353977
49,5;77;0
49,5;77,5;0,118457873765921
49,5;78;0,229101478800667
49,5;78,5;0
50;-23,5;0
50;-23;0,0469361268108053
50;-22,5;0,102628780888534
50;-22;0,0705453248425639
50;-21,5;0,0443950072267892
50;-21;0,0654921471924193
50;-20,5;0,0897319902005939
50;-20;0,0403050865276332
50;-19,5;0
50;-18,5;0,0832754465613965
50;-18;0,0358980036585137
50;-17,5;0
50;-17;0
50;-16,5;0
50;-16;0,0785838844839373
50;-15,5;0,0329646275068696
50;-15;0
50;-14,5;0,0627402050788275
50;-14;0,116537178524686
50;-13,5;0,135057395206631
50;-13;0,0554160104169031
50;-12,5;0,091729261804859
50;-12;0,0753506600781065
50;-11,5;0,0902458097023411
50;-11;0,160365745558348
50;-10,5;0,0469341091964107
50;-10;0,0498442017133833
50;-9,5;0,060261928279802
50;-8,5;0,12655180873507
50;-8;0,143787183320858
50;-7,5;0,0579155535258551
50;-7;0,0309323021470911
50;-6,5;0,0193730543225848
50;-6;0,022804415216871
50;-5,5;0,0232456949569624
50;-5;0,0260758695218942
50;-4,5;0,0387785818344471
50;-4;0,0640757772112459
50;-3,5;0,0431992018242394
50;-3;0,0674860396863264
50;-2,5;0,181688945250963
50;-2;0,0636558411023103
50;-1,5;0,02133012329228
50;-1;0,0262055464577142
50;-0,5;0,0501617707761663
50;0;0,0580861519677467
50;0,5;0,0353495883206215
50;1;0,0485796962193337
50;1,5;0,0279855792696671
50;2;0,166652754743147
50;2,5;0,0425451185783509
50;3;0,0109235952729403
50;3,5;0,0756404420306243
50;4;0,0527762011750403
50;4,5;0,0633569601628935
50;5;0,0829862645875378
50;5,5;0,0515695510455668
50;6;0,0706920830254582
50;6,5;0,0405237342703716
50;7;0,0214594479159381
50;7,5;0,0383875392179554
50;8;0,0945138693798042
50;8,5;0,0938931851687343
50;9;0,105089867335026
50;9,5;0,0490907092571021
50;10;0,035394201561771
50;10,5;0,0343376666379656
50;11;0,0345455183412489
50;11,5;0,0316594264236076
50;12;0,102604921982293
50;12,5;0,102591818545598
50;13;0,0267023391773311
50;13,5;0,0739434584983523
50;14;0,0911558693851608
50;14,5;0,113672347785296
50;15;0,0248814219332676
50;15,5;0,0404595791623504
50;16;0,0389933548529628
50;16,5;0,11491069649846
50;17;0,0237415012267833
50;17,5;0,0549452433055379
50;18;0,0536999757444823
50;18,5;0,0554033333088966
50;19;0,0543780565965324
50;19,5;0,074929183279194
50;20;0,0881643562842051
50;20,5;0,0213109052645727
50;21;0,0376532095222681
50;21,5;0,0562915056953123
50;22;0,0569319914713385
50;22,5;0,0462671336739397
50;23;0,0356612760658429
50;23,5;0,104485016786056
50;24;0,283613220836589
50;24,5;0,126041659779614
50;25;0,054619414504106
50;25,5;0,170377154956671
50;26;0,0815329456016854
50;26,5;0,0906460337992026
50;27;0,0330460151676008
50;27,5;0,0404850582919623
50;28;0,0266540354037768
50;28,5;0,0383973605899609
50;29;0,0492983551824141
50;29,5;0,115529451959111
50;30;0,0903210549938751
50;30,5;0,146571242512481
50;31;0,0593513673298397
50;31,5;0,0436837341289751
50;32;0,0480344329550302
50;32,5;0,0472707530047476
50;33;0,0280938902017265
50;33,5;0,0261662308836306
50;34;0,0450153723360862
50;34,5;0,0360307796181238
50;35;0,0247418211435339
50;35,5;0,024224346671406
50;36;0,0300439442389673
50;36,5;0,115067371260428
50;37;0,13349517423465
50;37,5;0,0407050788419108
50;38;0,0409139020739908
50;38,5;0,0306015277625245
50;39;0,0308802204740984
50;39,5;0,0368499268089556
50;40;0,0506016016727151
50;40,5;0,0895438571137392
50;41;0,0644796805288451
50;41,5;0,19907803443755
50;42;0,0904356945345054
50;42,5;0,0193129083711404
50;43;0,041294697369182
50;43,5;0,0328182062865347
50;44;0,0337205977332045
50;44,5;0,0322331275212928
50;45;0,0385671050555491
50;45,5;0,0422079856139425
50;46;0,0782422889818797
50;46,5;0,0667776933607212
50;47;0,0544915453294976
50;47,5;0,0899173564543328
50;48;0,158503680293761
50;48,5;0,0355970523743336
50;49;0,0385713302941596
50;49,5;0,0526162218750806
50;50;0,0541236290138684
50;50,5;0,0467955711803335
50;51;0,0598371584986293
50;51,5;0,0560016024465731
50;52;0,0333382985282742
50;52,5;0,0537658836803961
50;53;0,0545649472745496
50;53,5;0,0417435401049775
50;54;0,0337320404210031
50;54,5;0,0360927142514742
50;55;0,0424765759464229
50;55,5;0,111980300892248
50;56;0,111493993968303
50;56,5;0,0897847736666306
50;57;0,0567115184233503
50;57,5;0,0365751746705351
50;58;0,0482522725448818
50;58,5;0,0268778351025893
50;59;0,0322326312073293
50;59,5;0,0694352898084152
50;60;0,0506653576079204
50;60,5;0,0952344958268919
50;61;0,0500863357178485
50;61,5;0,0384567862532013
50;62;0,0718102644381355
50;62,5;0,0395235090797067
50;63;0,0356489543049719
50;63,5;0,0439888752032721
50;64;0,0627445042901328
50;64,5;0,0406072483258936
50;65;0,0603758251267861
50;65,5;0,051580889516034
50;66;0,0548454102535043
50;66,5;0,0368740366827499
50;67;0
50;67,5;0
50;68;0,0480788614993837
50;68,5;0,0602692440088559
50;69;0,216010952881343
50;69,5;0,228112061626951
50;70;0,0784326250145095
50;70,5;0,0489401967419713
50;71;0
50;71,5;0
50;72;0,0595973093831784
50;72,5;0,0321403173599764
50;73;0,308804344815003
50;73,5;0,0205993527406405
50;74;0,0509803883861235
50;74,5;0,0855599205235723
50;75;0
50;75,5;0,0810371999625961
50;76;0
50;76,5;0
50;77;0
50;77,5;0,110130878253229
50;78;0,253511340969196
50;78,5;0
50,5;-23;0,0439624840062524
50,5;-22,5;0,0821344270240202
50,5;-22;0,0391709217546781
50,5;-21,5;0,0465980447849239
50,5;-21;0,0578987725011753
50,5;-20,5;0,0232980685894775
50,5;-20;0
50,5;-19,5;0,0268700576850888
50,5;-19;0,0768601079265193
50,5;-18,5;0,0770818468325138
50,5;-18;0
50,5;-17,5;0
50,5;-17;0
50,5;-16,5;0
50,5;-16;0,0786478052632575
50,5;-15,5;0,0968438032205583
50,5;-15;0,0530330085889911
50,5;-14,5;0
50,5;-14;0,120931109865631
50,5;-13,5;0
50,5;-13;0,0425910788780937
50,5;-12,5;0,0423904751206256
50,5;-12;0,110880672872842
50,5;-11,5;0,142297059351123
50,5;-11;0,111522561350342
50,5;-10,5;0,0683267636214692
50,5;-10;0,046111387338523
50,5;-9,5;0,0380098671399941
50,5;-9;0,0305995642670502
50,5;-8,5;0,0657525664898337
50,5;-8;0,0497743479544003
50,5;-7,5;0,0355393659286747
50,5;-7;0,037892714635008
50,5;-6,5;0,0441028868199162
50,5;-6;0,0310425679614465
50,5;-5,5;0,0278322501128001
50,5;-5;0,0441360311685569
50,5;-4,5;0,0851235236918344
50,5;-4;0,0559584232253745
50,5;-3,5;0,0200347125230774
50,5;-3;0,143062309066233
50,5;-2,5;0,293516588965525
50,5;-2;0,156607065341333
50,5;-1,5;0,0532670736819226
50,5;-1;0,0681286675059365
50,5;-0,5;0,0488891725280372
50,5;0;0,0361864443334987
50,5;0,5;0,0547335670081217
50,5;1;0,0758158713181841
50,5;1,5;0,0202146331193109
50,5;2;0,158882035687558
50,5;2,5;0,0339968321147359
50,5;3;0,0318481153442459
50,5;3,5;0,0729336634052005
50,5;4;0,0790207151067235
50,5;4,5;0,0341567525762692
50,5;5;0,0602087209849589
50,5;5,5;0,0550055894980961
50,5;6;0,0595315198158765
50,5;6,5;0,036106463191969
50,5;7;0,0425974974763798
50,5;7,5;0,0546864342633251
50,5;8;0,0529273461739156
50,5;8,5;0,0866102564138274
50,5;9;0,10935900756991
50,5;9,5;0,0377845282888322
50,5;10;0,0589176607067452
50,5;10,5;0,0690408690399834
50,5;11;0,0317712185881894
50,5;11,5;0,0388811089764315
50,5;12;0,20522994226258
50,5;12,5;0,304807164093814
50,5;13;0,0276459260939172
50,5;13,5;0,0207410818877923
50,5;14;0,0604985831298522
50,5;14,5;0,0698021230654151
50,5;15;0,0223842255533856
50,5;15,5;0,0263384420164037
50,5;16;0,0268531290605914
50,5;16,5;0,359762144080427
50,5;17;0,0405806017488921
50,5;17,5;0,0537063962414644
50,5;18;0,0168114614297775
50,5;18,5;0,0317682617055235
50,5;19;0,0734229096236225
50,5;19,5;0,0608398951138606
50,5;20;0,0537561951071381
50,5;20,5;0,0735085572500285
50,5;21;0,319450385875198
50,5;21,5;0,123606903798561
50,5;22;0,0191023558756505
50,5;22,5;0,0512621429543819
50,5;23;0,0464567321432804
50,5;23,5;0,0875217839864814
50,5;24;0,154388738277398
50,5;24,5;0,0615979398872
50,5;25;0,0555678983075125
50,5;25,5;0,128340346844237
50,5;26;0,162786567832443
50,5;26,5;0,110640808157533
50,5;27;0,0577969121826698
50,5;27,5;0,0420627859447339
50,5;28;0,037413168524777
50,5;28,5;0,0262087597882054
50,5;29;0,0450249226974555
50,5;29,5;0,120152669756384
50,5;30;0,159437642499286
50,5;30,5;0,0949045279293228
50,5;31;0,0254466870986681
50,5;31,5;0,0185112578358864
50,5;32;0,01596682265732
50,5;32,5;0,0385020821590016
50,5;33;0,0496125914325198
50,5;33,5;0,0412651729161325
50,5;34;0,0220861417726638
50,5;34,5;0,0324506952012991
50,5;35;0,0440344562057184
50,5;35,5;0,0694088140733897
50,5;36;0,0348478887472406
50,5;36,5;0,0200453411664491
50,5;37;0,0223260976458432
50,5;37,5;0,0355010777963065
50,5;38;0,0676969893654511
50,5;38,5;0,051306509461912
50,5;39;0,0489567808498943
50,5;39,5;0,0389593278510538
50,5;40;0,0547015624227612
50,5;40,5;0,031064670642587
50,5;41;0,0332379724098411
50,5;41,5;0,0296357896393568
50,5;42;0,0802381514351759
50,5;42,5;0,0618194875084926
50,5;43;0,0331246061362311
50,5;43,5;0,0433831494753689
50,5;44;0,0509965334956351
50,5;44,5;0,0342188769935503
50,5;45;0,0487076679240605
50,5;45,5;0,0471778854035284
50,5;46;0,0506671170416405
50,5;46,5;0,038549541590825
50,5;47;0,04756167748583
50,5;47,5;0,0721667415464643
50,5;48;0,0768055207425152
50,5;48,5;0,0375151135751509
50,5;49;0,0630727585017
50,5;49,5;0,0449410955153043
50,5;50;0,024773950484118
50,5;50,5;0,0253629955387711
50,5;51;0,0242522839798011
50,5;51,5;0,0375451812302034
50,5;52;0,0367673030422787
50,5;52,5;0,0485625026812526
50,5;53;0,0386280900232328
50,5;53,5;0,0295265417322562
50,5;54;0,0326182316475414
50,5;54,5;0,0243354230521282
50,5;55;0,0276315037592962
50,5;55,5;0,0760762557846722
50,5;56;0,0827862891901259
50,5;56,5;0,115036759075946
50,5;57;0,107670934668618
50,5;57,5;0,0315975537883141
50,5;58;0,0633222779998407
50,5;58,5;0,0488716592310994
50,5;59;0,0866603132984765
50,5;59,5;0,0634318726162631
50,5;60;0,0408854645579723
50,5;60,5;0,0637042445150303
50,5;61;0,0309182035495994
50,5;61,5;0,0299994482260196
50,5;62;0,0522576125265122
50,5;62,5;0,0333683279467866
50,5;63;0,0514261336136909
50,5;63,5;0,0624723509610259
50,5;64;0,0393527745576423
50,5;64,5;0,0414664461202808
50,5;65;0,0349502102392417
50,5;65,5;0,0274179846515556
50,5;66;0,0438959280821685
50,5;66,5;0,0652209960451629
50,5;67;0,0461377853618402
50,5;67,5;0,0304510731689847
50,5;68;0,087405718862798
50,5;68,5;0,0948377457848492
50,5;69;0,276128634953847
50,5;69,5;0,25318429199752
50,5;70;0,0975535932567953
50,5;70,5;0,0647681763419866
50,5;71;0,0665873770911483
50,5;71,5;0,0470770644794256
50,5;72;0,0568567889037399
50,5;72,5;0,387729754468238
50,5;73;0,20277505190451
50,5;73,5;0
50,5;74;0,0592137371449115
50,5;74,5;0,0209503381038748
50,5;75;0
50,5;75,5;0
50,5;76;0,258163901426981
50,5;76,5;0,35850313806158
50,5;77;0
50,5;77,5;0,116138893774045
50,5;78;0,105520929993375
50,5;78,5;0
51;-23;0
51;-22,5;0
51;-22;0,107361871390971
51;-21,5;0,102792806708987
51;-21;0,105191888153666
51;-20,5;0
51;-20;0
51;-19,5;0,054322340401226
51;-19;0,0292112991837063
51;-18,5;0,0583178074576425
51;-18;0
51;-17,5;0
51;-17;0
51;-16,5;0
51;-16;0
51;-15,5;0
51;-15;0
51;-14,5;0
51;-14;0
51;-13,5;0
51;-13;0,0542970226316938
51;-12,5;0,0769947550661232
51;-12;0,104707239771689
51;-11,5;0,12287905142377
51;-11;0,0918747410614734
51;-10,5;0,0429906072031125
51;-10;0,0261756305819676
51;-9,5;0,0666105597234152
51;-9;0,0582875522426422
51;-8,5;0,0360550174832059
51;-8;0,0191049731745428
51;-7,5;0,0668634652744363
51;-7;0,0353165247015621
51;-6,5;0,0335813288176822
51;-6;0,0603235602472529
51;-5,5;0,0254497493816686
51;-5;0,0277552351425185
51;-4,5;0,0550387351380044
51;-4;0,0980006641776146
51;-3,5;0,0254222928346948
51;-3;0,0664432843209
51;-2,5;0,196272358197055
51;-2;0,087687007368602
51;-1,5;0,12679628181141
51;-1;0,0811667215962174
51;-0,5;0,025264803464853
51;0;0,122463357293322
51;0,5;0,0610639699974323
51;1;0,0353771506358956
51;1,5;0,0199093028979003
51;2;0,301900608679427
51;2,5;0,115672090440551
51;3;0,0603232237394028
51;3,5;0,0756895582537653
51;4;0,0801711466907818
51;4,5;0,110068021793287
51;5;0,0584955048669199
51;5,5;0,069595596896916
51;6;0,115429481789127
51;6,5;0,0311229256558154
51;7;0,0350639406835512
51;7,5;0,0819873323178018
51;8;0,0617004728573824
51;8,5;0,0470562285209849
51;9;0,102901197630685
51;9,5;0,0266475620270124
51;10;0,0583238397936938
51;10,5;0,0797150382608575
51;11;0,0511260872566726
51;11,5;0,0448175214278725
51;12;0,183979507632372
51;12,5;0,330180664249151
51;13;0,0499046183898757
51;13,5;0,0645651643475779
51;14;0,0749915532433569
51;14,5;0,0467456441664899
51;15;0,0275283017562519
51;15,5;0,0316611579955603
51;16;0,0352847576765632
51;16,5;0,0420345962620454
51;17;0,0974117394814173
51;17,5;0,0511057147209095
51;18;0,0341611264894062
51;18,5;0,0189070001757916
51;19;0,064040401616602
51;19,5;0,0451314547667853
51;20;0,0199132692446775
51;20,5;0,0697066838883581
51;21;0,342472049491919
51;21,5;0,2747134139055
51;22;0,0320267729771175
51;22,5;0,0418140874148425
51;23;0,0428636154760706
51;23,5;0,083442694906944
51;24;0,0808836902586811
51;24,5;0,0402444664505545
51;25;0,063379818558909
51;25,5;0,072560589292379
51;26;0,066758796984292
51;26,5;0,153535586905059
51;27;0,0534261919752916
51;27,5;0,0310030449394605
51;28;0,0326263384619314
51;28,5;0,0518717360153406
51;29;0,016625149391404
51;29,5;0,0287320958743586
51;30;0,0433116871167166
51;30,5;0,0492980897489199
51;31;0,0568788161314729
51;31,5;0,0395810411109536
51;32;0,0446394216072801
51;32,5;0,0289106369893414
51;33;0,0452095579678972
51;33,5;0,0436344344015849
51;34;0,0233225648471541
51;34,5;0,0239773280194681
51;35;0,0336775096414118
51;35,5;0,0254895472067811
51;36;0,0294829268426086
51;36,5;0,0250442954920812
51;37;0,0399966376387936
51;37,5;0,0419564397615618
51;38;0,0368991319460953
51;38,5;0,051592412531421
51;39;0,0259116131238075
51;39,5;0,0284138089283209
51;40;0,0536746016726858
51;40,5;0,0572023381777109
51;41;0,0516210578489571
51;41,5;0,044310209634701
51;42;0,0907976688393852
51;42,5;0,0734285981999755
51;43;0,046799999411363
51;43,5;0,0766751196082676
51;44;0,277250436307782
51;44,5;0,291244482762328
51;45;0,0479361547386675
51;45,5;0,0487848060391295
51;46;0,0514115343844997
51;46,5;0,044285028780669
51;47;0,0940620450530352
51;47,5;0,0612949323580863
51;48;0,111831203427779
51;48,5;0,351368711790541
51;49;0,0544160340515988
51;49,5;0,0694453022169247
51;50;0,0466365275559763
51;50,5;0,0240011937260521
51;51;0,0221300719078052
51;51,5;0,0399241015465285
51;52;0,0444294717663007
51;52,5;0,0479557087321207
51;53;0,0534372395197685
51;53,5;0,075778505896612
51;54;0,0915256034569249
51;54,5;0,0214252785742326
51;55;0,0404475734543756
51;55,5;0,0394703815446943
51;56;0,101910197945928
51;56,5;0,128513576814943
51;57;0,105368775496927
51;57,5;0,11566110235637
51;58;0,11808297396584
51;58,5;0,100291851466111
51;59;0,127876464353599
51;59,5;0,0548036341532255
51;60;0,0240217121774368
51;60,5;0,0481776979983019
51;61;0,0560022422903986
51;61,5;0,021856359734171
51;62;0,087969153648713
51;62,5;0,0322488506305044
51;63;0,0390275298799602
51;63,5;0,0414695987620254
51;64;0,0523548814898784
51;64,5;0,0434119403027158
51;65;0,0451963919594678
51;65,5;0,0456920015009349
51;66;0,0494263186532211
51;66,5;0,0614764831719681
51;67;0,0467649216265444
51;67,5;0,0497549050316915
51;68;0,0755860681593413
51;68,5;0,0998726365398039
51;69;0,210602064875275
51;69,5;0
51;70;0
51;70,5;0,0600307064283414
51;71;0,1441666303831
51;71,5;0,12694999119555
51;72;0,0530330085889911
51;72,5;0
51;73;0
51;73,5;0,0275257455242663
51;74;0,0455364041461785
51;74,5;0,0453754706128028
51;75;0,0382834043368539
51;75,5;0,0233345237791561
51;76;0,280258862042337
51;76,5;0,378698208780202
51;77;0,0910670082960893
51;77,5;0,0598957427535547
51;78;0,0542005205562772
51,5;-23;0
51,5;-22,5;0,0178736304836669
51,5;-22;0,039603992102769
51,5;-21,5;0,0216718787757391
51,5;-21;0,0213205690980955
51,5;-20,5;0,0546577228456022
51,5;-20;0,0562698853739725
51,5;-19,5;0,0250599281722833
51,5;-19;0,0463454934368463
51,5;-18,5;0,0517976833458795
51,5;-18;0,015556349186104
51,5;-17,5;0
51,5;-17;0
51,5;-16,5;0
51,5;-16;0
51,5;-15,5;0
51,5;-15;0,0242280828791714
51,5;-14,5;0,0780600002329211
51,5;-14;0
51,5;-13,5;0,109406276480526
51,5;-13;0,0883740089928338
51,5;-12,5;0,132542689784781
51,5;-12;0,168980738631626
51,5;-11,5;0,171383989318932
51,5;-11;0,147731518130951
51,5;-10,5;0,0496836992379792
51,5;-10;0,0379950435364053
51,5;-9,5;0,0353922464829673
51,5;-9;0,0483719168768651
51,5;-8,5;0,181655013307228
51,5;-8;0,335494854025993
51,5;-7,5;0,0810916354091674
51,5;-7;0,0471912078782701
51,5;-6,5;0,0398589651543364
51,5;-6;0,0195827254807624
51,5;-5,5;0,0194002379049647
51,5;-5;0,0691226550520265
51,5;-4,5;0,0540552730917124
51,5;-4;0,0413959286609081
51,5;-3,5;0,0387995034143669
51,5;-3;0,0723650692494687
51,5;-2,5;0,0629828045828595
51,5;-2;0,0394125377366279
51,5;-1,5;0,044982133011335
51,5;-1;0,0788893771421274
51,5;-0,5;0,0175616062478807
51,5;0;0,0221721754454694
51,5;0,5;0,0231661752773742
51,5;1;0,0273345939707948
51,5;1,5;0,0968501376037128
51,5;2;0,395791574037998
51,5;2,5;0,337675023643096
51,5;3;0,0674640798211589
51,5;3,5;0,0351251893321564
51,5;4;0,0539727076219461
51,5;4,5;0,123534046901256
51,5;5;0,109783499691018
51,5;5,5;0,108534863830323
51,5;6;0,129325961314705
51,5;6,5;0,0422375236414417
51,5;7;0,0543398435316235
51,5;7,5;0,0447906040299346
51,5;8;0,0277097261917153
51,5;8,5;0,0582528770883948
51,5;9;0,0876680676338006
51,5;9,5;0,028444850650991
51,5;10;0,0223204319105225
51,5;10,5;0,0672414182876397
51,5;11;0,0219413568517507
51,5;11,5;0,0206359631519009
51,5;12;0,0279085069960188
51,5;12,5;0,032202941042158
51,5;13;0,074289235264542
51,5;13,5;0,132970468857695
51,5;14;0,080409000119859
51,5;14,5;0,0326189098118089
51,5;15;0,0242102108902764
51,5;15,5;0,0214828459980587
51,5;16;0,0250613686553538
51,5;16,5;0,0381697455661421
51,5;17;0,042643431603861
51,5;17,5;0,0283088072425016
51,5;18;0,0289063286598763
51,5;18,5;0,034636783004951
51,5;19;0,3551052392131
51,5;19,5;0,362122051919991
51,5;20;0,0351924754823884
51,5;20,5;0,0282807111400957
51,5;21;0,239453921330955
51,5;21,5;0,0774842890915469
51,5;22;0,0316749112074525
51,5;22,5;0,0256804397591999
51,5;23;0,0460879339784526
51,5;23,5;0,038837245688399
51,5;24;0,0386255689019949
51,5;24,5;0,0396453103185244
51,5;25;0,0799302898760502
51,5;25,5;0,0441396419217546
51,5;26;0,045335925525467
51,5;26,5;0,0543134751352481
51,5;27;0,0434750268709808
51,5;27,5;0,0394948666329958
51,5;28;0,0851058650415047
51,5;28,5;0,085739558552785
51,5;29;0,306121490268827
51,5;29,5;0,0335738239241907
51,5;30;0,0324960095028423
51,5;30,5;0,0635256840578203
51,5;31;0,0400012930231783
51,5;31,5;0,364421758684269
51,5;32;0,317844113814034
51,5;32,5;0,0532442110046683
51,5;33;0,0498970677189229
51,5;33,5;0,0910258743650484
51,5;34;0,129953032414056
51,5;34,5;0,029925929801926
51,5;35;0,0225858472423748
51,5;35,5;0,0290551816595116
51,5;36;0,0152502835534092
51,5;36,5;0,0292927845533803
51,5;37;0,0474062357762794
51,5;37,5;0,0219074593885166
51,5;38;0,0294812308970744
51,5;38,5;0,0314577802533857
51,5;39;0,0403547634458822
51,5;39,5;0,046518542468444
51,5;40;0,0389052054628495
51,5;40,5;0,0311544848837957
51,5;41;0,0502417543911189
51,5;41,5;0,0575872170353266
51,5;42;0,0453107779301863
51,5;42,5;0,0643087047306368
51,5;43;0,0440655832850548
51,5;43,5;0,117554885863907
51,5;44;0,252943609630399
51,5;44,5;0,325427143701886
51,5;45;0,0325197015935807
51,5;45,5;0,0271807713520393
51,5;46;0,0458854694706281
51,5;46,5;0,0840748248335903
51,5;47;0,0891484840244451
51,5;47,5;0,0549257086533654
51,5;48;0,154012726210241
51,5;48,5;0,288776268646392
51,5;49;0,0586294522588802
51,5;49,5;0,0503892567615408
51,5;50;0,0465341812815935
51,5;50,5;0,0249178484936746
51,5;51;0,0364285159848642
51,5;51,5;0,28839532025295
51,5;52;0,10166531069863
51,5;52,5;0,0254509169491733
51,5;53;0,0419894549270275
51,5;53,5;0,115697293719882
51,5;54;0,053145969528601
51,5;54,5;0,0293881002137544
51,5;55;0,0312799055784572
51,5;55,5;0,0185977056554668
51,5;56;0,0571526771149048
51,5;56,5;0,110074255223667
51,5;57;0,106821324905402
51,5;57,5;0,0283511115534434
51,5;58;0,040255748709708
51,5;58,5;0,043911598949899
51,5;59;0,0660918720336858
51,5;59,5;0,162362820696594
51,5;60;0,0348718455782754
51,5;60,5;0,0938309740192079
51,5;61;0,0585570186283576
51,5;61,5;0,0298813889000729
51,5;62;0,0817141667155507
51,5;62,5;0,0534945061277906
51,5;63;0,0658042841569031
51,5;63,5;0,0690804669605885
51,5;64;0,0601729245589276
51,5;64,5;0,0348314236024805
51,5;65;0,0709055038497751
51,5;65,5;0,0640225604285836
51,5;66;0,071252624035814
51,5;66,5;0,0511078078319778
51,5;67;0,0626294215560422
51,5;67,5;0,0790084343112031
51,5;68;0,064530297706069
51,5;68,5;0,0580458498917465
51,5;69;0,0416050592161693
51,5;69,5;0
51,5;70;0,00602494813255683
51,5;70,5;0,0672680639251824
51,5;71;0,063499145966395
51,5;71,5;0,117679920276841
51,5;72;0
51,5;72,5;0
51,5;73;0,0905096679918781
51,5;73,5;0,0639344030607688
51,5;74;0,0786104025216471
51,5;74,5;0,0484350325792435
51,5;75;0,0376685102793655
51,5;75,5;0,0448170885775887
51,5;76;0,2786000717875
51,5;76,5;0,0777289245666355
51,5;77;0,161964212357718
51,5;77,5;0,177203301229908
51,5;78;0,15000363631956
52;-23;0
52;-22,5;0,029698484809835
52;-22;0,0950171037234876
52;-21,5;0
52;-21;0
52;-20,5;0,102431277775232
52;-20;0,149332452329296
52;-19,5;0,103722839993089
52;-19;0,0486621002423858
52;-18,5;0,00565685424949238
52;-18;0,0505097821737344
52;-17,5;0
52;-17;0
52;-16,5;0
52;-16;0
52;-15,5;0,0678822509939086
52;-15;0,274891535083578
52;-14,5;0,108336644638038
52;-14;0
52;-13,5;0,0464500926921692
52;-13;0,0530942558098331
52;-12,5;0,121190732757475
52;-12;0,108266970226867
52;-11,5;0
52;-11;0
52;-10,5;0,0393759664499929
52;-10;0,0331266223639492
52;-9,5;0,0218738809237562
52;-9;0,0400414368706552
52;-8,5;0,112870561424862
52;-8;0,333537285218401
52;-7,5;0,124181982654076
52;-7;0,0419120702735547
52;-6,5;0,0788405830458781
52;-6;0,0348190598721411
52;-5,5;0,018192110734743
52;-5;0,0239729786155935
52;-4,5;0,0505832742539719
52;-4;0,0354730423659133
52;-3,5;0,0629244385148252
52;-3;0,0593051860103254
52;-2,5;0,0797929795840529
52;-2;0,0487144129475698
52;-1,5;0,0431113812695505
52;-1;0,125721472963233
52;-0,5;0,0274961438510038
52;0;0,0136100362833127
52;0,5;0,0189957207364409
52;1;0,0334666582979367
52;1,5;0,322926077080469
52;2;0,178145855257113
52;2,5;0,0475286487477883
52;3;0,0324266193775685
52;3,5;0,0355688057840516
52;4;0,0305846806273276
52;4,5;0,0736875402036682
52;5;0,0494228765683597
52;5,5;0,151754853422189
52;6;0,112160926422609
52;6,5;0,0666797803906676
52;7;0,0318820225343616
52;7,5;0,0356301003082508
52;8;0,0275876466799339
52;8,5;0,0560479086784413
52;9;0,0797274126670276
52;9,5;0,0435078829583998
52;10;0,0480144752185055
52;10,5;0,112814265691079
52;11;0,131756136676136
52;11,5;0,0203824649892524
52;12;0,0583283279978977
52;12,5;0,0724605325781739
52;13;0,110749678655579
52;13,5;0,110136277924852
52;14;0,116743725240032
52;14,5;0,0310933254566825
52;15;0,0325147144022682
52;15,5;0,0195603689393561
52;16;0,0490708839628202
52;16,5;0,0235308425468403
52;17;0,0505071756279835
52;17,5;0,0307539175313678
52;18;0,0186180841681062
52;18,5;0,0565968974605935
52;19;0,0678875492458249
52;19,5;0,182775630307989
52;20;0,0349418367565711
52;20,5;0,030133799424709
52;21;0,0311021975785454
52;21,5;0,0367321610158259
52;22;0,0186082829786565
52;22,5;0,0119895385988232
52;23;0,0281696723582535
52;23,5;0,0340977955865998
52;24;0,0699299349228878
52;24,5;0,0983694475402113
52;25;0,0551959769165163
52;25,5;0,0368293024731824
52;26;0,0311482138086992
52;26,5;0,0122117734366602
52;27;0,0163677562153818
52;27,5;0,138593215342032
52;28;0,12593469983523
52;28,5;0,0424659805506977
52;29;0,239144144033142
52;29,5;0,0480487298559634
52;30;0,0416842816759864
52;30,5;0,0504896342633226
52;31;0,0402861395422258
52;31,5;0,173448021429796
52;32;0,279974005565792
52;32,5;0,0384765821269146
52;33;0,0457626319981156
52;33,5;0,0587866811408147
52;34;0,0864696559525954
52;34,5;0,0211344220530917
52;35;0,0167195121944885
52;35,5;0,0170213163440444
52;36;0,0218927804888967
52;36,5;0,0203902692875079
52;37;0,0276994485940062
52;37,5;0,0397641979487201
52;38;0,0625079132245372
52;38,5;0,0419940763796561
52;39;0,0339455994056411
52;39,5;0,0357551032786695
52;40;0,0464757632387834
52;40,5;0,15413797975972
52;41;0,087976985626924
52;41,5;0,0662945532235858
52;42;0,0291921863956175
52;42,5;0,0489060466666467
52;43;0,0395378732023733
52;43,5;0,0649731391840274
52;44;0,0760318097124767
52;44,5;0,0762805076033215
52;45;0,044686018687129
52;45,5;0,0307537249229854
52;46;0,0311168834264241
52;46,5;0,0784533068127932
52;47;0,0666931999019785
52;47,5;0,0780393404345666
52;48;0,0674928421875718
52;48,5;0,0716136625698384
52;49;0,0438487303923933
52;49,5;0,0490365566113437
52;50;0,0329095596819116
52;50,5;0,0386367557912362
52;51;0,302741297336435
52;51,5;0,132490375626683
52;52;0,203677498235031
52;52,5;0,0284355827994786
52;53;0,0551678855158189
52;53,5;0,221383741542336
52;54;0,197460201032349
52;54,5;0,102527941449889
52;55;0,0486499527886316
52;55,5;0,0411508931313725
52;56;0,0873681655898956
52;56,5;0,0455560274823155
52;57;0,035641472230095
52;57,5;0,0203727530152545
52;58;0,091383352435305
52;58,5;0,0289183579853945
52;59;0,0606324451642304
52;59,5;0,135063438648014
52;60;0,0638218392127164
52;60,5;0,14238683261106
52;61;0,0655499628372514
52;61,5;0,0657817469244944
52;62;0,0747553858054384
52;62,5;0,0504144015055249
52;63;0,0796572033673615
52;63,5;0,0712115925189917
52;64;0,0522643030858461
52;64,5;0,0790149026368424
52;65;0,0475465102286239
52;65,5;0,046896782781915
52;66;0,0680579448796157
52;66,5;0,034872533134997
52;67;0,0466710779405086
52;67,5;0,0600710891260702
52;68;0,0618199204472358
52;68,5;0,0601040764008565
52;69;0,0484138566440592
52;69,5;0,0626777963384655
52;70;0,0377576860671156
52;70,5;0,0447432179839085
52;71;0,0595868763515368
52;71,5;0,0600982528864192
52;72;0,0592842225859381
52;72,5;0,0655100305492533
52;73;0,0596847037820095
52;73,5;0,0700300048623993
52;74;0,0727500286368787
52;74,5;0,0769591728497278
52;75;0,134472301980742
52;75,5;0
52;76;0
52;76,5;0,11565850468462
52;77;0,188189605414876
52;77,5;0,184336305479378
52;78;0,156335110153371
52,5;-23;0
52,5;-22,5;0
52,5;-22;0
52,5;-21,5;0
52,5;-21;0
52,5;-20,5;0
52,5;-20;0,172178202259558
52,5;-19,5;0,0946395538941849
52,5;-19;0,0378714932369982
52,5;-18,5;0
52,5;-18;0,0106066017177982
52,5;-17,5;0
52,5;-17;0
52,5;-16,5;0
52,5;-16;0
52,5;-15,5;0
52,5;-15;0,267206715056768
52,5;-14,5;0,250070395471978
52,5;-14;0,189389185901053
52,5;-13,5;0,0930898183783505
52,5;-13;0,151983551741628
52,5;-12,5;0,0773852048859803
52,5;-12;0,0850891220534972
52,5;-11,5;0,0786817553658469
52,5;-11;0,049452514689385
52,5;-10,5;0,030405622735596
52,5;-10;0,0667394669457508
52,5;-9,5;0,0819655190939844
52,5;-9;0,10097102241941
52,5;-8,5;0,0601145883813882
52,5;-8;0,0855821431480099
52,5;-7,5;0,0598372329548368
52,5;-7;0,044487830010324
52,5;-6,5;0,0369701880600411
52,5;-6;0,0330471762458819
52,5;-5,5;0,0225457654219487
52,5;-5;0,0370078791638295
52,5;-4,5;0,0247004324584887
52,5;-4;0,0229254645116936
52,5;-3,5;0,0733593658078104
52,5;-3;0,0593943480315137
52,5;-2,5;0,069266635905688
52,5;-2;0,040207315013248
52,5;-1,5;0,0493052744652141
52,5;-1;0,0379346762867569
52,5;-0,5;0,0492662592659469
52,5;0;0,0872321120441401
52,5;0,5;0,0359848151937115
52,5;1;0,0271900955629078
52,5;1,5;0,0637264284417439
52,5;2;0,0495914413608952
52,5;2,5;0,0412676241952779
52,5;3;0,0316740047520173
52,5;3,5;0,0481582584521373
52,5;4;0,059262045886424
52,5;4,5;0,0568303041613749
52,5;5;0,035108735980879
52,5;5,5;0,0717884320580527
52,5;6;0,051741406964844
52,5;6,5;0,0406142763283427
52,5;7;0,048262812141572
52,5;7,5;0,0308187516173689
52,5;8;0,0468436452556837
52,5;8,5;0,139931423530658
52,5;9;0,0553204561726353
52,5;9,5;0,0562324590067682
52,5;10;0,0664797052711427
52,5;10,5;0,090086000100946
52,5;11;0,0915631994321675
52,5;11,5;0,0203819554620893
52,5;12;0,0192944826691276
52,5;12,5;0,0432981795290789
52,5;13;0,057994035649492
52,5;13,5;0,0656213034172964
52,5;14;0,0425841380730783
52,5;14,5;0,0330918102607894
52,5;15;0,0242419024565058
52,5;15,5;0,0338269429734652
52,5;16;0,0249794531717115
52,5;16,5;0,0489173277957585
52,5;17;0,0781418837341157
52,5;17,5;0,0965655677775314
52,5;18;0,0365355953081089
52,5;18,5;0,0514322587574798
52,5;19;0,0449669989184906
52,5;19,5;0,0404078290317461
52,5;20;0,0373044857309062
52,5;20,5;0,0291636401420688
52,5;21;0,0321044181369457
52,5;21,5;0,0537650246084614
52,5;22;0,0303130711560733
52,5;22,5;0,0244391440743206
52,5;23;0,031913081140798
52,5;23,5;0,021559220765139
52,5;24;0,0815624917227423
52,5;24,5;0,125835973534042
52,5;25;0,0567940897228838
52,5;25,5;0,0478073397784763
52,5;26;0,0233219826780027
52,5;26,5;0,0347584612756678
52,5;27;0,0365844625375263
52,5;27,5;0,036660810902412
52,5;28;0,115932437339807
52,5;28,5;0,056459240765074
52,5;29;0,0195598181124937
52,5;29,5;0,0365368488284643
52,5;30;0,183424331911527
52,5;30,5;0,30701697276963
52,5;31;0,155533634866153
52,5;31,5;0,052256316546879
52,5;32;0,227753780589923
52,5;32,5;0,199616620871862
52,5;33;0,0662527103245169
52,5;33,5;0,044344925750568
52,5;34;0,0386805619266131
52,5;34,5;0,0254538289646879
52,5;35;0,0299121970386737
52,5;35,5;0,0416459634839897
52,5;36;0,047694287897391
52,5;36,5;0,0459585784318778
52,5;37;0,0278453154016119
52,5;37,5;0,0224786701819283
52,5;38;0,0831188545629296
52,5;38,5;0,0679123417273043
52,5;39;0,0676295547397322
52,5;39,5;0,0482509517184552
52,5;40;0,0363642518887299
52,5;40,5;0,0536730254775324
52,5;41;0,0452467492706297
52,5;41,5;0,0652103863687229
52,5;42;0,0808611005183012
52,5;42,5;0,123379902793053
52,5;43;0,0245611481816303
52,5;43,5;0,076382701444043
52,5;44;0,0397769019454087
52,5;44,5;0,0441565397195025
52,5;45;0,0409432500483035
52,5;45,5;0,0467927424265949
52,5;46;0,0400081241749723
52,5;46,5;0,0370389718293269
52,5;47;0,0304238696705404
52,5;47,5;0,0558598736312003
52,5;48;0,0310248767154136
52,5;48,5;0,0308004101613346
52,5;49;0,0416572314386047
52,5;49,5;0,0631593223522862
52,5;50;0,0573978803325233
52,5;50,5;0,0409026642307866
52,5;51;0,130571985215588
52,5;51,5;0,234761256070981
52,5;52;0,0692352717911286
52,5;52,5;0,0434847428992489
52,5;53;0,0485836063339036
52,5;53,5;0,243618558259371
52,5;54;0,178149239130943
52,5;54,5;0,093230882182022
52,5;55;0,0796638527831204
52,5;55,5;0,0438631272863307
52,5;56;0,145755325383292
52,5;56,5;0,116426899636782
52,5;57;0,100111750153219
52,5;57,5;0,0637926197294271
52,5;58;0,102481569996295
52,5;58,5;0,0621799910103828
52,5;59;0,038038392518792
52,5;59,5;0,402851733414566
52,5;60;0,156177511585245
52,5;60,5;0,0691621283651682
52,5;61;0,101955415710229
52,5;61,5;0,0787210012912933
52,5;62;0,057289159016654
52,5;62,5;0,0619636922694562
52,5;63;0,0686450497642973
52,5;63,5;0,0473402168907759
52,5;64;0,064429356744698
52,5;64,5;0,0707111870970664
52,5;65;0,0597406942498206
52,5;65,5;0,0535105006539962
52,5;66;0,0705676979927785
52,5;66,5;0,0462102682191836
52,5;67;0,0883210770327295
52,5;67,5;0,0732243663211178
52,5;68;0,0850156568213285
52,5;68,5;0,0712456640512109
52,5;69;0,192818284685584
52,5;69,5;0,0573527099040083
52,5;70;0,0415712793207981
52,5;70,5;0,0581172187145179
52,5;71;0
52,5;71,5;0,0469861681774541
52,5;72;0,0341097936372829
52,5;72,5;0,0672513082515014
52,5;73;0,0593721731542222
52,5;73,5;0,0808098971270488
52,5;74;0,0709601978097765
52,5;74,5;0,0695418339322934
52,5;75;0,0697729236134277
52,5;75,5;0,0310631078076014
52,5;76;0
52,5;76,5;0,0802589558865551
52,5;77;0,200372731682062
52,5;77,5;0,130182453325501
52,5;78;0,133774561607704
53;-23;0,050361195378982
53;-22,5;0,0365972286226313
53;-22;0,0636396103067893
53;-21,5;0
53;-21;0,0103923048454133
53;-20,5;0
53;-20;0
53;-19,5;0
53;-19;0,113137084989848
53;-18,5;0
53;-18;0,00565685424949239
53;-17,5;0
53;-17;0
53;-16,5;0
53;-16;0
53;-15,5;0
53;-15;0
53;-14,5;0,269862245230722
53;-14;0,0977743213895466
53;-13,5;0,0332665998663324
53;-13;0
53;-12,5;0,0610279502710497
53;-12;0,102439129282421
53;-11,5;0,0946021869223529
53;-11;0,0598729838370228
53;-10,5;0,0622677662409989
53;-10;0,0624776778319483
53;-9,5;0,0320989076026124
53;-9;0,0895196330749984
53;-8,5;0,0568977308744042
53;-8;0,0676902695825171
53;-7,5;0,044424183012614
53;-7;0,0786456631120898
53;-6,5;0,06584034711214
53;-6;0,0540209333262626
53;-5,5;0,0494258244079841
53;-5;0,0558326069604492
53;-4,5;0,0415929167989948
53;-4;0,034509669561343
53;-3,5;0,0533205437814067
53;-3;0,0396563538981382
53;-2,5;0,0232339834344143
53;-2;0,0181232713359792
53;-1,5;0,0341767087861066
53;-1;0,0254345128848321
53;-0,5;0,0736458610388807
53;0;0,0483640671076451
53;0,5;0,0645225830188341
53;1;0,0190945612512603
53;1,5;0,0146808935587095
53;2;0,0216598882391739
53;2,5;0,0343697078889174
53;3;0,0996856746347702
53;3,5;0,170109560697362
53;4;0,354941284054209
53;4,5;0,0790475098622784
53;5;0,0196370789496983
53;5,5;0,0328884460804022
53;6;0,049030352864988
53;6,5;0,0450881210016805
53;7;0,0355173170633195
53;7,5;0,0290033853868777
53;8;0,0403288184847091
53;8,5;0,0576274213842363
53;9;0,0275142382024451
53;9,5;0,118580271851537
53;10;0,147574642555074
53;10,5;0,0537957059778137
53;11;0,0578959147686834
53;11,5;0,023197852290184
53;12;0,103492428772484
53;12,5;0,0664789322982171
53;13;0,0193300554198752
53;13,5;0,086440785187107
53;14;0,0940183994648151
53;14,5;0,0321310830007535
53;15;0,1865184386634
53;15,5;0,041862083345655
53;16;0,0531591237416005
53;16,5;0,0324364354891838
53;17;0,0329457484375753
53;17,5;0,0217321461762088
53;18;0,0318042008657283
53;18,5;0,0305846834154982
53;19;0,0361873340390137
53;19,5;0,0722089638049288
53;20;0,0392864156139324
53;20,5;0,0309499707383583
53;21;0,0402291276193731
53;21,5;0,0537414922068375
53;22;0,0276127231558411
53;22,5;0,0332135934086459
53;23;0,0326731961261527
53;23,5;0,0320323764415921
53;24;0,0415738299093713
53;24,5;0,0618181206606672
53;25;0,159844821012154
53;25,5;0,0357670705165147
53;26;0,0273947120432737
53;26,5;0,056486655299201
53;27;0,0367861980877054
53;27,5;0,166367182856717
53;28;0,315098936974793
53;28,5;0,301180939182283
53;29;0,181686345005431
53;29,5;0,321443456719481
53;30;0,0248995087740719
53;30,5;0,0829038861678793
53;31;0,0508545865759188
53;31,5;0,0310552401564771
53;32;0,394990396463719
53;32,5;0,250650581971953
53;33;0,0368553371596959
53;33,5;0,028723715301616
53;34;0,0302263203313164
53;34,5;0,0555531996286507
53;35;0,04353891301243
53;35,5;0,032091196516954
53;36;0,0310675239894002
53;36,5;0,0441695358721332
53;37;0,0352084859268241
53;37,5;0,168938406845058
53;38;0,163556043119506
53;38,5;0,0218725026153015
53;39;0,0689343923580611
53;39,5;0,0394833587940901
53;40;0,0538880691500818
53;40,5;0,0443965583873248
53;41;0,052194424419322
53;41,5;0,040044706421657
53;42;0,0467957405448768
53;42,5;0,045180608616507
53;43;0,118521264263611
53;43,5;0,117345032912822
53;44;0,0383341388105577
53;44,5;0,0247227602834525
53;45;0,0249162951316081
53;45,5;0,0261451210624832
53;46;0,0307934982046607
53;46,5;0,0464501883435514
53;47;0,0641568304864854
53;47,5;0,0361060054208573
53;48;0,0214461739093513
53;48,5;0,0357991546909144
53;49;0,0467456602190117
53;49,5;0,0490511834214152
53;50;0,0405839435470384
53;50,5;0,0377074719853529
53;51;0,0390974281458876
53;51,5;0,043644402995018
53;52;0,0500490682096094
53;52,5;0,0631112649362797
53;53;0,0464944974379874
53;53,5;0,0237305831842625
53;54;0,0524873905885871
53;54,5;0,0574092575494317
53;55;0,0493773034745251
53;55,5;0,0393980779111986
53;56;0,111510146667993
53;56,5;0,166796992534087
53;57;0,0713209745862268
53;57,5;0,0605052062811952
53;58;0,103201946133635
53;58,5;0,0657496830337192
53;59;0,0574385316898022
53;59,5;0,0665500316717183
53;60;0,0788663085969564
53;60,5;0,0441659575129524
53;61;0,0613572109097072
53;61,5;0,0573853034904582
53;62;0,0660219155533474
53;62,5;0,0840786454665023
53;63;0,0821940801729431
53;63,5;0,0554716712592325
53;64;0,0539269209164814
53;64,5;0,0387700122021369
53;65;0,0403050865276332
53;65,5;0,0372994277681033
53;66;0,05135547308111
53;66,5;0,0549420907259028
53;67;0,0758426065877616
53;67,5;0,0666270442478884
53;68;0,0728597525630134
53;68,5;0,285872890704466
53;69;0,303591018905215
53;69,5;0,113249969340197
53;70;0,0545387586077662
53;70,5;0
53;71;0
53;71,5;0,055712568802566
53;72;0,0605446491892929
53;72,5;0,0356202189774291
53;73;0,039344631145812
53;73,5;0,0273800413927128
53;74;0,0358311823189471
53;74,5;0,0842971905811177
53;75;0,0925715448131385
53;75,5;0
53;76;0,147604032971496
53;76,5;0,184291737320056
53;77;0,119318866499955
53;77,5;0,132552985137724
53;78;0,03731398308052
53,5;-23;0
53,5;-22,5;0,112429978208661
53,5;-22;0,304122058829455
53,5;-21,5;0,326004057889995
53,5;-21;0,0968307802302553
53,5;-20,5;0
53,5;-20;0
53,5;-19;0,0337223961189
53,5;-18,5;0
53,5;-18;0
53,5;-17,5;0
53,5;-17;0
53,5;-16,5;0
53,5;-16;0
53,5;-15,5;0
53,5;-15;0,0981646575912125
53,5;-14,5;0,0471517307665977
53,5;-14;0,0502692749102272
53,5;-13,5;0
53,5;-13;0
53,5;-12,5;0
53,5;-12;0,132202736386447
53,5;-11,5;0,0516713934438863
53,5;-11;0,051574903149891
53,5;-10,5;0,0622290519127584
53,5;-10;0,0488419515568743
53,5;-9,5;0,0174298594371842
53,5;-9;0,0299627219371397
53,5;-8,5;0,0581682140480617
53,5;-8;0,0780485434921302
53,5;-7,5;0,199150901754653
53,5;-7;0,265824166276119
53,5;-6,5;0,188329507242729
53,5;-6;0,0380727124557785
53,5;-5,5;0,0793407495896941
53,5;-5;0,0727151978612449
53,5;-4,5;0,0465426615839635
53,5;-4;0,0246184759940448
53,5;-3,5;0,0519044454828046
53,5;-3;0,0391638717840654
53,5;-2,5;0,0584877271108756
53,5;-2;0,0464807889187424
53,5;-1,5;0,0346034517989823
53,5;-1;0,0312933715441334
53,5;-0,5;0,0280781881876081
53,5;0;0,0247985656316714
53,5;0,5;0,0287683254246819
53,5;1;0,338836412528886
53,5;1,5;0,298865398165267
53,5;2;0,0232730014444333
53,5;2,5;0,0219515964538479
53,5;3;0,0875816983592131
53,5;3,5;0,0239265965362734
53,5;4;0,31581805894446
53,5;4,5;0,0409806030881969
53,5;5;0,0948936037200954
53,5;5,5;0,0312324199891079
53,5;6;0,021477401742464
53,5;6,5;0,0409164543001101
53,5;7;0,0243457696545505
53,5;7,5;0,0383820883004475
53,5;8;0,0233143411401627
53,5;8,5;0,0330886324610996
53,5;9;0,0269209120900914
53,5;9,5;0,0379831116395197
53,5;10;0,0251198338959558
53,5;10,5;0,0387763106726018
53,5;11;0,117953634513958
53,5;11,5;0,0925076820317933
53,5;12;0,128402725951867
53,5;12,5;0,15395708434375
53,5;13;0,028891420963267
53,5;13,5;0,0528459731564984
53,5;14;0,0986023928775976
53,5;14,5;0,0572466289434082
53,5;15;0,356771057860685
53,5;15,5;0,236717916046228
53,5;16;0,0357362910829056
53,5;16,5;0,0291472966039586
53,5;17;0,0267509517268237
53,5;17,5;0,0241057390816308
53,5;18;0,0173471395134679
53,5;18,5;0,0275885841150792
53,5;19;0,0442457111045417
53,5;19,5;0,0599310522384595
53,5;20;0,0690219369028528
53,5;20,5;0,034010770249984
53,5;21;0,0374186666193525
53,5;21,5;0,024538542255448
53,5;22;0,036300411677489
53,5;22,5;0,0417461306682465
53,5;23;0,0299211797435392
53,5;23,5;0,0240074903694146
53,5;24;0,0226735927175798
53,5;24,5;0,0914280257049091
53,5;25;0,140438128392314
53,5;25,5;0,0301738100913192
53,5;26;0,0236464751099179
53,5;26,5;0,054107238030442
53,5;27;0,0238481450439771
53,5;27,5;0,0827513343296248
53,5;28;0,370197874259757
53,5;28,5;0,31649047072559
53,5;29;0,249569951092228
53,5;29,5;0,393713625641591
53,5;30;0,0553098698028908
53,5;30,5;0,0395249505400866
53,5;31;0,0417448797314132
53,5;31,5;0,021024882455963
53,5;32;0,238462000536711
53,5;32,5;0,0448415528921916
53,5;33;0,03039002156224
53,5;33,5;0,0372716058966244
53,5;34;0,0427053865011914
53,5;34,5;0,0584282043972656
53,5;35;0,0650861949588282
53,5;35,5;0,0521327767828872
53,5;36;0,0725851244745454
53,5;36,5;0,0896238810586911
53,5;37;0,0325911319674948
53,5;37,5;0,0978120443860904
53,5;38;0,140405436195007
53,5;38,5;0,0402952977739808
53,5;39;0,0348773871179437
53,5;39,5;0,0428398956417455
53,5;40;0,0320828006694806
53,5;40,5;0,0292740951247455
53,5;41;0,0500517542060285
53,5;41,5;0,0551136301872405
53,5;42;0,078990690987226
53,5;42,5;0,0804383822147943
53,5;43;0,0983931143865143
53,5;43,5;0,0672068698934978
53,5;44;0,0622149291485861
53,5;44,5;0,0688687076840536
53,5;45;0,0473270136231666
53,5;45,5;0,0284484672567117
53,5;46;0,0371205411194766
53,5;46,5;0,0403843500417094
53,5;47;0,0540170796497715
53,5;47,5;0,0450413568680436
53,5;48;0,0395641485279223
53,5;48,5;0,0303601817123814
53,5;49;0,0321358685830456
53,5;49,5;0,0318841389930437
53,5;50;0,0344787993309771
53,5;50,5;0,0602169374164838
53,5;51;0,0340828333869184
53,5;51,5;0,0250611520991716
53,5;52;0,0688740866158132
53,5;52,5;0,0372278295736649
53,5;53;0,053261310701398
53,5;53,5;0,0542962171896158
53,5;54;0,0585188303146992
53,5;54,5;0,114672775589849
53,5;55;0,0635042022495063
53,5;55,5;0,0425814658707041
53,5;56;0,0532993564029057
53,5;56,5;0,113639011495556
53,5;57;0,0590093501813986
53,5;57,5;0,0557755319688246
53,5;58;0,0568435841576014
53,5;58,5;0,132228088053753
53,5;59;0,0529609606772996
53,5;59,5;0,0255595914890445
53,5;60;0,024735315445982
53,5;60,5;0,109095464050976
53,5;61;0,0707751245154036
53,5;61,5;0,0254486295791357
53,5;62;0,0280467297134452
53,5;62,5;0,0365628988131446
53,5;63;0,0742170729215554
53,5;63,5;0,0750393835989415
53,5;64;0,0765931737183514
53,5;64,5;0,0450333209967908
53,5;65;0,043721043494738
53,5;65,5;0,0627177738431791
53,5;66;0,0534034261628028
53,5;66,5;0,065175690003067
53,5;67;0,0445182291569726
53,5;67,5;0,0705173737457657
53,5;68;0,106481218380496
53,5;68,5;0,0450856472007227
53,5;69;0,135434647928989
53,5;69,5;0
53,5;70;0,0425793377120875
53,5;70,5;0,0463396878136513
53,5;71;0,068950292654512
53,5;71,5;0,075484804199419
53,5;72;0,0677901172738328
53,5;72,5;0,0655921743299712
53,5;73;0,0680600187617235
53,5;73,5;0,0672764817748372
53,5;74;0,0861764099181071
53,5;74,5;0,0708952950282517
53,5;75;0,0742849244463505
53,5;75,5;0,0452415738010958
53,5;76;0,13957627644343
53,5;76,5;0,150290979274135
53,5;77;0,156620849124724
53,5;77,5;0,233204488235826
53,5;78;0
54;-23;0
54;-22,5;0
54;-22;0
54;-21,5;0,25783386431441
54;-21;0,0912577559551955
54;-20,5;0,0772156072306629
54;-20;0,0320247300274855
54;-19,5;0,0559213733736932
54;-19;0,117986781809736
54;-18,5;0,0127279220613579
54;-18;0
54;-17,5;0
54;-17;0
54;-16,5;0,0415692193816531
54;-16;0
54;-15,5;0,056467394721792
54;-15;0,0465048384579497
54;-14,5;0,0565735509462387
54;-14;0,0282394523081923
54;-13,5;0
54;-13;0,0619570639861007
54;-12,5;0,0530845761235994
54;-12;0,0340484948272314
54;-11,5;0,0653554384373124
54;-11;0,061908908591276
54;-10,5;0,048307349337342
54;-10;0,0663419266491944
54;-9,5;0,00707106781186548
54;-9;0,0190918830920368
54;-8,5;0
54;-8;0,175386240433317
54;-7,5;0,083827242206503
54;-7;0,24949955560432
54;-6,5;0,310805421604916
54;-6;0,03739800705293
54;-5,5;0,0289207491211713
54;-5;0,0414349748745808
54;-4,5;0,0689691471986288
54;-4;0,0268586315494605
54;-3,5;0,0633136233520147
54;-3;0,0451213946102326
54;-2,5;0,0299944629593393
54;-2;0,0387837225794522
54;-1,5;0,0421056940767423
54;-1;0,0402046192341998
54;-0,5;0,0219159477067828
54;0;0,0286274505996439
54;0,5;0,017836518492727
54;1;0,0271527774677547
54;1,5;0,107725231446473
54;2;0,0651929907711599
54;2,5;0,0256471509939408
54;3;0,0437575023949784
54;3,5;0,0804700620389827
54;4;0,0233727440587357
54;4,5;0,0664535907454145
54;5;0,049253335330333
54;5,5;0,0229862439709615
54;6;0,0224317923346826
54;6,5;0,0499381829259238
54;7;0,0955081936590909
54;7,5;0,0472670196697378
54;8;0,0417997016259974
54;8,5;0,0639015650356515
54;9;0,0918105405176337
54;9,5;0,0997980344967294
54;10;0,078697611664296
54;10,5;0,10055478508755
54;11;0,124169306515609
54;11,5;0,0661243807154755
54;12;0,0599007378530911
54;12,5;0,0890743835904919
54;13;0,131534397115707
54;13,5;0,0346971038532108
54;14;0,162863941473137
54;14,5;0,113477850971845
54;15;0,0618468814162037
54;15,5;0,040389413884849
54;16;0,040630240343353
54;16,5;0,0273913576178425
54;17;0,0369518169628978
54;17,5;0,0385841889668316
54;18;0,0407157966920778
54;18,5;0,0317423127374053
54;19;0,0946549419743376
54;19,5;0,114897818481784
54;20;0,0402443846362772
54;20,5;0,0337587824448226
54;21;0,0314287576020388
54;21,5;0,0333569950453769
54;22;0,0440549634793009
54;22,5;0,0509005485257319
54;23;0,0488376111102209
54;23,5;0,0232289420025208
54;24;0,025279321136751
54;24,5;0,0264811773684807
54;25;0,0295342216409013
54;25,5;0,0316416444565046
54;26;0,0172628281043339
54;26,5;0,0316940718010139
54;27;0,0339542128092099
54;27,5;0,163777388497904
54;28;0,327052803842709
54;28,5;0,0225981566556437
54;29;0,0260514267003293
54;29,5;0,0235060068409946
54;30;0,0303738728839796
54;30,5;0,167849848450077
54;31;0,156121034739233
54;31,5;0,145262227979573
54;32;0,0591731842943536
54;32,5;0,0323416397270092
54;33;0,0282111582759278
54;33,5;0,0290881031078145
54;34;0,0318941639804202
54;34,5;0,0518316070243405
54;35;0,038023526334254
54;35,5;0,0369782928107037
54;36;0,0573931078005095
54;36,5;0,0797311825625283
54;37;0,0486277240500578
54;37,5;0,0313645356431406
54;38;0,0421581118709351
54;38,5;0,0679643433199695
54;39;0,149837495875418
54;39,5;0,0748682154157078
54;40;0,0804702199731119
54;40,5;0,0674591489485267
54;41;0,0351502537136569
54;41,5;0,0177775505809281
54;42;0,0881588102948113
54;42,5;0,146169194200876
54;43;0,0891281091166572
54;43,5;0,0813796268356635
54;44;0,14571411593002
54;44,5;0,0518883628943596
54;45;0,0563860915679926
54;45,5;0,0643427664760861
54;46;0,0535982594491459
54;46,5;0,0407355858578476
54;47;0,0472779018146956
54;47,5;0,076189388760459
54;48;0,0534350072518008
54;48,5;0,0371171900841595
54;49;0,0371004054242623
54;49,5;0,0528782673413643
54;50;0,0606159590401581
54;50,5;0,0251343196056422
54;51;0,0451906750053373
54;51,5;0,0200841297772038
54;52;0,0761992982766327
54;52,5;0,0412576597780112
54;53;0,0714697377634615
54;53,5;0,0541754699351997
54;54;0,0853496745557868
54;54,5;0,0913576957427702
54;55;0,0717567453954339
54;55,5;0,0265012552478034
54;56;0,0532965818526987
54;56,5;0,0902884207056246
54;57;0,0741030096821718
54;57,5;0,0206223715865474
54;58;0,0528524379950462
54;58,5;0,109459107327401
54;59;0,152428145643542
54;59,5;0,194237454683158
54;60;0,396961028222659
54;60,5;0,0961689135462179
54;61;0,0420565973070716
54;61,5;0,034428361828414
54;62;0,102962171382179
54;62,5;0,0562232953249635
54;63;0,0655514473283042
54;63,5;0
54;64;0
54;64,5;0,0252998682473513
54;65;0,0355185851699236
54;65,5;0,0440142576678147
54;66;0,0555111456900844
54;66,5;0,0580469213288489
54;67;0,0586104803409518
54;67,5;0,0860238096885585
54;68;0,111950220899118
54;68,5;0,0843233668648863
54;69;0
54;69,5;0
54;70;0
54;70,5;0,0297377425729213
54;71;0,0580855280722193
54;71,5;0,0971601242464713
54;72;0,0627259394370532
54;72,5;0,103340682711586
54;73;0,0793263302231149
54;73,5;0,0715186455874737
54;74;0,100465748723964
54;74,5;0,0756367415127507
54;75;0,079213003982932
54;75,5;0,123377588774318
54;76;0,127003188758201
54;76,5;0,125271867489527
54;77;0,223892660293573
54;77,5;0
54,5;-23;0
54,5;-22,5;0
54,5;-22;0,0417193000900063
54,5;-21,5;0,11436794422681
54,5;-21;0,0547052709221576
54,5;-20,5;0,0391289078377027
54,5;-20;0,0541913277194793
54,5;-19,5;0
54,5;-19;0,158291266341514
54,5;-18,5;0
54,5;-18;0
54,5;-17,5;0,0424264068711928
54,5;-17;0,058767905072979
54,5;-16,5;0,0414237107164944
54,5;-16;0
54,5;-15,5;0
54,5;-15;0,0637050495120546
54,5;-14,5;0,0361825294665325
54,5;-14;0,0942552259508597
54,5;-13,5;0,0476419104779282
54,5;-13;0,0644163540311516
54,5;-12,5;0,0750029999400024
54,5;-12;0,0289638526771692
54,5;-11,5;0,0153297097167559
54,5;-11;0,0671735878831175
54,5;-10,5;0,065510560964501
54,5;-10;0,0819356732165822
54,5;-9,5;0
54,5;-9;0
54,5;-8,5;0
54,5;-8;0,0212132034355964
54,5;-7,5;0,0726500182879034
54,5;-7;0,109937554005585
54,5;-6,5;0,0520109132975072
54,5;-6;0,0659179049733715
54,5;-5,5;0,0464600240484921
54,5;-5;0,0273300717732181
54,5;-4,5;0,0235294052494406
54,5;-4;0,0382171700789303
54,5;-3,5;0,0253292355873326
54,5;-3;0,0197107531083592
54,5;-2,5;0,0290742692309391
54,5;-2;0,0352024326944266
54,5;-1,5;0,0218061872852998
54,5;-1;0,0396991965427558
54,5;-0,5;0,0246687883098537
54,5;0;0,0346166746741783
54,5;0,5;0,0343672511372074
54,5;1;0,0418020900635001
54,5;1,5;0,0466403939134217
54,5;2;0,0781702441500073
54,5;2,5;0,0316100990640694
54,5;3;0,0639856721236356
54,5;3,5;0,0322161755127305
54,5;4;0,0253291410161376
54,5;4,5;0,0471603159917351
54,5;5;0,0582217050723288
54,5;5,5;0,0294030078058078
54,5;6;0,034957874941505
54,5;6,5;0,0431564025552302
54,5;7;0,164449237529816
54,5;7,5;0,213325933213739
54,5;8;0,188218519873769
54,5;8,5;0,196368018983621
54,5;9;0,281967479301698
54,5;9,5;0,121583206477494
54,5;10;0,110073983178789
54,5;10,5;0,128613404244086
54,5;11;0,144043137489696
54,5;11,5;0,188991617894516
54,5;12;0,14466545028551
54,5;12,5;0,172617822619944
54,5;13;0,156109410689568
54,5;13,5;0,0433994937385078
54,5;14;0,0544426994623933
54,5;14,5;0,042281356432188
54,5;15;0,0365646248163504
54,5;15,5;0,033410780363982
54,5;16;0,0436941539235889
54,5;16,5;0,0430323402057691
54,5;17;0,066605539953505
54,5;17,5;0,0337208889510397
54,5;18;0,0329157382370546
54,5;18,5;0,0362552397136249
54,5;19;0,125105924303996
54,5;19,5;0,283058603721024
54,5;20;0,202674385920979
54,5;20,5;0,0304486055022363
54,5;21;0,0389566443573013
54,5;21,5;0,0372499801246087
54,5;22;0,063428278220704
54,5;22,5;0,0560630151893963
54,5;23;0,0542044006567523
54,5;23,5;0,0409846104289283
54,5;24;0,0798127811039573
54,5;24,5;0,139474304238092
54,5;25;0,365053093759276
54,5;25,5;0,284513886573033
54,5;26;0,0470109469342265
54,5;26,5;0,0267760070178645
54,5;27;0,0643690162107041
54,5;27,5;0,330222935173498
54,5;28;0,326573181442484
54,5;28,5;0,0736857796161991
54,5;29;0,032824169250059
54,5;29,5;0,040744043952125
54,5;30;0,0228676706251444
54,5;30,5;0,0351086972873157
54,5;31;0,0702152035697656
54,5;31,5;0,116998038002176
54,5;32;0,0519037982381679
54,5;32,5;0,0976754847239348
54,5;33;0,0724011170539732
54,5;33,5;0,0671143182364907
54,5;34;0,0879167113007364
54,5;34,5;0,0688834816279204
54,5;35;0,0475399965234672
54,5;35,5;0,0311562526502775
54,5;36;0,0790212177065265
54,5;36,5;0,0800278308558004
54,5;37;0,0517840338979525
54,5;37,5;0,0248500878213376
54,5;38;0,0357112498534197
54,5;38,5;0,183736944537772
54,5;39;0,364064010673787
54,5;39,5;0,32488375097112
54,5;40;0,0564341799503339
54,5;40,5;0,305941703167572
54,5;41;0,245956192486771
54,5;41,5;0,0729253042503081
54,5;42;0,029167716267629
54,5;42,5;0,130532091152821
54,5;43;0,0698565511967062
54,5;43,5;0,153722330076923
54,5;44;0,142422628939926
54,5;44,5;0,0360986005765519
54,5;45;0,0512108181848295
54,5;45,5;0,0550399237579679
54,5;46;0,0752217934330398
54,5;46,5;0,0654761506851154
54,5;47;0,0248370086211117
54,5;47,5;0,0291409162038341
54,5;48;0,0174398967886854
54,5;48,5;0,0563111049990895
54,5;49;0,0355363850703127
54,5;49,5;0,0554129140799503
54,5;50;0,0687674800798067
54,5;50,5;0,0474427159294853
54,5;51;0,0424668300284006
54,5;51,5;0,047121715096212
54,5;52;0,0405184293001056
54,5;52,5;0,0834728441020152
54,5;53;0,0706550141885695
54,5;53,5;0,0779059244079116
54,5;54;0,0514868169829026
54,5;54,5;0,058325441833187
54,5;55;0,0384540270883651
54,5;55,5;0,0238095449711141
54,5;56;0,0643251194392481
54,5;56,5;0,105343721928701
54,5;57;0,0537384322052811
54,5;57,5;0,0983050715719906
54,5;58;0,0245051617153375
54,5;58,5;0,0846583387602969
54,5;59;0,0483258978712583
54,5;59,5;0,129348045888391
54,5;60;0,366035600022554
54,5;60,5;0,0268038724934507
54,5;61;0,0364223099640944
54,5;61,5;0,089294155354959
54,5;62;0,0621423392677676
54,5;62,5;0,0807473767449974
54,5;63;0,0668711225834674
54,5;63,5;0,0213287755547914
54,5;64;0,0384349393809512
54,5;64,5;0,0285156598581
54,5;65;0,0422826294678676
54,5;65,5;0,0757504741130919
54,5;66;0,0582026493133841
54,5;66,5;0,0317823480419371
54,5;67;0,0705925011563707
54,5;67,5;0,0669698561492636
54,5;68;0,123474031056662
54,5;68,5;0,0812444940663178
54,5;69;0
54,5;69,5;0,0545579202927189
54,5;70;0
54,5;70,5;0,0381837661840736
54,5;71;0,0664552480997551
54,5;71,5;0,0963198585521965
54,5;72;0,0816139995330832
54,5;72,5;0,0626606468739884
54,5;73;0,066342724867593
54,5;73,5;0
54,5;74;0,0877448320732085
54,5;74,5;0,073637429698704
54,5;75;0,123330923399878
54,5;75,5;0,125219682128656
54,5;76;0,120090105060048
54,5;76,5;0,0639251794790486
54,5;77;0,101650539880832
54,5;77,5;0
55;-22,5;0
55;-22;0
55;-21,5;0,0448803966114383
55;-21;0,0848411617510789
55;-20,5;0,0618263697785985
55;-20;0,0464919347844333
55;-19,5;0,062185207244167
55;-19;0,0543507129668048
55;-18,5;0
55;-18;0
55;-17,5;0
55;-17;0,0588076763954359
55;-16,5;0,0404651525565958
55;-16;0,28570942008844
55;-15,5;0
55;-15;0
55;-14,5;0
55;-14;0,0520943200533243
55;-13,5;0,0463981218831723
55;-13;0,0442040722106007
55;-12,5;0,0454969278451826
55;-12;0,0567890834580027
55;-11,5;0,0854730255416181
55;-11;0,0777229511975526
55;-10,5;0,0680399139113026
55;-10;0,0748683368129869
55;-9,5;0
55;-9;0
55;-8,5;0
55;-8;0
55;-7,5;0,0898425571852509
55;-7;0,0554938161993175
55;-6,5;0,0736966813748486
55;-6;0,0909757419119974
55;-5,5;0,0614765100328094
55;-5;0,0434365109994447
55;-4,5;0,0549571793317516
55;-4;0,0277053656921469
55;-3,5;0,0286146378756186
55;-3;0,0234457355949025
55;-2,5;0,0354245876256973
55;-2;0,0946838319070736
55;-1,5;0,0917160967609464
55;-1;0,0207523125115316
55;-0,5;0,0178873428159896
55;0;0,0209068273999489
55;0,5;0,0857871846987678
55;1;0,0432964371432367
55;1,5;0,0385806742791654
55;2;0,107616764391609
55;2,5;0,0394263525315074
55;3;0,052649042524015
55;3,5;0,0301122654424553
55;4;0,023078772023398
55;4,5;0,0717473898010402
55;5;0,0424282804450594
55;5,5;0,0267519656756187
55;6;0,0463260566330227
55;6,5;0,0743945285055267
55;7;0,102130524726924
55;7,5;0,310644099488663
55;8;0,200249222219286
55;8,5;0,125886626555396
55;9;0,211340803342182
55;9,5;0,140876861617032
55;10;0,132171126203219
55;10,5;0,144939976012429
55;11;0,144638164420265
55;11,5;0,138153131101281
55;12;0,156998208982658
55;12,5;0,0872549888827264
55;13;0,0557202361652377
55;13,5;0,0196453572108033
55;14;0,0319763650340698
55;14,5;0,0601773219220503
55;15;0,0421841783001898
55;15,5;0,0864467967744692
55;16;0,127245257034067
55;16,5;0,0385502772351205
55;17;0,0372157000919415
55;17,5;0,0364137836843913
55;18;0,0269519096384481
55;18,5;0,0368900797621435
55;19;0,256418538975276
55;19,5;0,304274809396091
55;20;0,102997238275776
55;20,5;0,0323440377327801
55;21;0,0407756206533931
55;21,5;0,0328925540235604
55;22;0,045641072434784
55;22,5;0,0464743764480178
55;23;0,0625510885649456
55;23,5;0,0660773483607398
55;24;0,0624368807327068
55;24,5;0,157935774520467
55;25;0,221517348184055
55;25,5;0,255849040490142
55;26;0,0622040851501442
55;26,5;0,0353370644893115
55;27;0,122746799932236
55;27,5;0,126831691318228
55;28;0,33239439161777
55;28,5;0,0294054925155813
55;29;0,0330861690784352
55;29,5;0,0256353992088561
55;30;0,0274231429787026
55;30,5;0,049220571468921
55;31;0,0513323447290752
55;31,5;0,094783913683425
55;32;0,0544284386266576
55;32,5;0,25290830585839
55;33;0,336484315667559
55;33,5;0,168395300070896
55;34;0,0563654826973011
55;34,5;0,0777734595422777
55;35;0,054583179823089
55;35,5;0,0459234150684201
55;36;0,0497095832975303
55;36,5;0,0847640716302013
55;37;0,0778778498775976
55;37,5;0,0548801446356454
55;38;0,042973651766605
55;38,5;0,0398410392838208
55;39;0,207820052831709
55;39,5;0,322053490950251
55;40;0,351186309384878
55;40,5;0,347678160042153
55;41;0,336009227227867
55;41,5;0,0904607089665155
55;42;0,180285288915788
55;42,5;0,11167848257867
55;43;0,0285290726975259
55;43,5;0,0289950313972934
55;44;0,0418520670720967
55;44,5;0,0366318667816949
55;45;0,0599252168909503
55;45,5;0,0399909093311424
55;46;0,0761904309541479
55;46,5;0,0692559071290594
55;47;0,037032795755013
55;47,5;0,0619786297925679
55;48;0,0647701062733933
55;48,5;0,0550961943659343
55;49;0,0255708570990956
55;49,5;0,0166179024908558
55;50;0,0287515349503242
55;50,5;0,0276417085142503
55;51;0,0503825827366285
55;51,5;0,0512962581364141
55;52;0,0407701251527488
55;52,5;0,0281264774311491
55;53;0,156274032642141
55;53,5;0,127644145082418
55;54;0,0775670194042751
55;54,5;0,0465221055661317
55;55;0,0396011146533395
55;55,5;0,0460273738734931
55;56;0,0602357030159484
55;56,5;0,061914538427173
55;57;0,368098143929518
55;57,5;0,19500316739509
55;58;0,0254772826365248
55;58,5;0,0294700029603167
55;59;0,0314791393817591
55;59,5;0,0431297088817741
55;60;0,0411020546457704
55;60,5;0,0503463968186309
55;61;0,0588220895629472
55;61,5;0,0461257339598335
55;62;0,0326131729155421
55;62,5;0,145646831468825
55;63;0,130006265874636
55;63,5;0,068245206422455
55;64;0,0667124686691763
55;64,5;0,0676201047871753
55;65;0,0786110169949897
55;65,5;0,0667239215184686
55;66;0,100836501327644
55;66,5;0,0542420117006489
55;67;0,0522738507910902
55;67,5;0,0822545546745339
55;68;0,0603815250836593
55;68,5;0,0591339004448225
55;69;0,00989949493661166
55;69,5;0,0735391052434009
55;70;0
55;70,5;0,101423753518482
55;71;0,0735214578331031
55;71,5;0,0803863027633295
55;72;0,0709062518521755
55;72,5;0,0677471233874378
55;73;0,0890174764364342
55;73,5;0,0647422085770062
55;74;0,0724208763640246
55;74,5;0,115886290616885
55;75;0,122669715958139
55;75,5;0,142374816014961
55;76;0,0810127855870382
55;76,5;0,108478815485287
55;77;0,0920254981387893
55,5;-22,5;0,0888085956800729
55,5;-22;0,13423061861721
55,5;-21,5;0,0671697919632103
55,5;-21;0,0686621357728471
55,5;-20,5;0,0487044659143286
55,5;-20;0,037949472987118
55,5;-19,5;0,0475636415763133
55,5;-19;0,066758270399005
55,5;-18,5;0,0640114573077872
55,5;-18;0,029227555491351
55,5;-17,5;0,0721572357194112
55,5;-17;0,0609049317730979
55,5;-16,5;0
55,5;-16;0,321554410839651
55,5;-15,5;0,306607729843851
55,5;-15;0,0226274169979695
55,5;-14,5;0
55,5;-14;0
55,5;-13,5;0,0551386132094984
55,5;-13;0,0421373415814946
55,5;-12,5;0,062096315357293
55,5;-12;0
55,5;-11,5;0,266457236098693
55,5;-11;0,320303123695949
55,5;-10,5;0,0614063514630205
55,5;-10;0,0902148319795083
55,5;-9,5;0,0740666366636603
55,5;-9;0
55,5;-8,5;0
55,5;-8;0,032305830227169
55,5;-7,5;0,0691415397952094
55,5;-7;0,0583456027443878
55,5;-6,5;0,32683902135815
55,5;-6;0,301091422641936
55,5;-5,5;0,0317077110949608
55,5;-5;0,0257789112729762
55,5;-4,5;0,0340406655827885
55,5;-4;0,0275758352861581
55,5;-3,5;0,0235440617790458
55,5;-3;0,0327760581052244
55,5;-2,5;0,0998392963375028
55,5;-2;0,0818458911024303
55,5;-1,5;0,0833582091723099
55,5;-1;0,0781548559097393
55,5;-0,5;0,017217453756395
55,5;0;0,0303782817157258
55,5;0,5;0,0449897840878227
55,5;1;0,0424926556442294
55,5;1,5;0,0580557056391959
55,5;2;0,0614224616392806
55,5;2,5;0,0261524162654296
55,5;3;0,0824234730341324
55,5;3,5;0,10222365162592
55,5;4;0,0450908163285132
55,5;4,5;0,0607539076168387
55,5;5;0,120645914795142
55,5;5,5;0,0284634838452576
55,5;6;0,0965819223393916
55,5;6,5;0,163568695491375
55,5;7;0,0246832206804848
55,5;7,5;0,375208453036194
55,5;8;0,307081152506302
55,5;8,5;0,142485145230286
55,5;9;0,0532761258748728
55,5;9,5;0,118157536219171
55,5;10;0,105315188497693
55,5;10,5;0,097332354664874
55,5;11;0,0942316170995084
55,5;11,5;0,0794548815689018
55,5;12;0,142428784194867
55,5;12,5;0,192645689142978
55,5;13;0,145041173449521
55,5;13,5;0,13568929602037
55,5;14;0,023610613371263
55,5;14,5;0,15558525676044
55,5;15;0,119858131665894
55,5;15,5;0,110585174229328
55,5;16;0,167905568658125
55,5;16,5;0,096711883058879
55,5;17;0,0505379902229216
55,5;17,5;0,0268533300123816
55,5;18;0,0493269252227719
55,5;18,5;0,032220062096083
55,5;19;0,0538343693735024
55,5;19,5;0,166437625898322
55,5;20;0,0406724939099112
55,5;20,5;0,0294786381121572
55,5;21;0,0367090042404064
55,5;21,5;0,0432957554742372
55,5;22;0,0340274892774239
55,5;22,5;0,0320368658707184
55,5;23;0,0260640848746598
55,5;23,5;0,0410012256040174
55,5;24;0,0379413365880316
55,5;24,5;0,173951000053254
55,5;25;0,132973171827141
55,5;25,5;0,298212632953442
55,5;26;0,141593926101528
55,5;26,5;0,0866079767952256
55,5;27;0,149893609485049
55,5;27,5;0,0395290812257035
55,5;28;0,041222207432255
55,5;28,5;0,0609657104049253
55,5;29;0,0332486249681256
55,5;29,5;0,0565986787490404
55,5;30;0,0329390546112259
55,5;30,5;0,0439025125827598
55,5;31;0,271207743881733
55,5;31,5;0,136651908037595
55,5;32;0,0424360975613642
55,5;32,5;0,0811046545606905
55,5;33;0,257616878750843
55,5;33,5;0,135514605271012
55,5;34;0,236513631793296
55,5;34,5;0,072643336095297
55,5;35;0,0746348817093292
55,5;35,5;0,0480686577572732
55,5;36;0,0771534397636784
55,5;36,5;0,0569334572919874
55,5;37;0,0660502417854362
55,5;37,5;0,052619551196341
55,5;38;0,0478708612113271
55,5;38,5;0,0414138187256778
55,5;39;0,0844956066993274
55,5;39,5;0,0740006553621344
55,5;40;0,25907687616382
55,5;40,5;0,13594303812095
55,5;41;0,0314890569064793
55,5;41,5;0,0874613046516936
55,5;42;0,038900215814966
55,5;42,5;0,080276454665546
55,5;43;0,03805009203842
55,5;43,5;0,0367353726441666
55,5;44;0,0252140260061343
55,5;44,5;0,044104134952269
55,5;45;0,0368934881616885
55,5;45,5;0,0274339428170177
55,5;46;0,0348304788791823
55,5;46,5;0,0926090549154973
55,5;47;0,0900889444179256
55,5;47,5;0,0928787740372722
55,5;48;0,0585077169369688
55,5;48,5;0,0305157503477097
55,5;49;0,0283209517590766
55,5;49,5;0,0533926112551083
55,5;50;0,0349847465761466
55,5;50,5;0,0271342387684836
55,5;51;0,0343151392465863
55,5;51,5;0,0650130944578121
55,5;52;0,065219995107656
55,5;52,5;0,0225963287973738
55,5;53;0,245480193251644
55,5;53,5;0,173801897453031
55,5;54;0,0288047544302
55,5;54,5;0,033675060129552
55,5;55;0,0368272890827414
55,5;55,5;0,0813986026706571
55,5;56;0,0768950695184492
55,5;56,5;0,0931206291861282
55,5;57;0,233543479472228
55,5;57,5;0,0441843530726841
55,5;58;0,0488954708359894
55,5;58,5;0,0333203483480453
55,5;59;0,0330658922816558
55,5;59,5;0,022903727918851
55,5;60;0,0351709461880185
55,5;60,5;0,0867966030664813
55,5;61;0,0402868109564664
55,5;61,5;0,0285853130142057
55,5;62;0,0260560293726167
55,5;62,5;0,0152654173553482
55,5;63;0,0465903423468856
55,5;63,5;0,146836551060261
55,5;64;0,254171846564892
55,5;64,5;0,0765402943988764
55,5;65;0,0768630888413256
55,5;65,5;0,0644906320958487
55,5;66;0
55,5;66,5;0,0615171816354068
55,5;67;0,0525517432088196
55,5;67,5;0,0577829780213828
55,5;68;0,301308597474782
55,5;68,5;0,294827148714374
55,5;69;0
55,5;69,5;0,0746750367332425
55,5;70;0,116465369686368
55,5;70,5;0,113934887571693
55,5;71;0,138829807696253
55,5;71,5;0,137625630307901
55,5;72;0,12409150844173
55,5;72,5;0,145996715734605
55,5;73;0,110268821579256
55,5;73,5;0,0766407778113545
55,5;74;0,060419505680423
55,5;74,5;0,0911655195128726
55,5;75;0,110782850068416
55,5;76;0
55,5;76,5;0,11768933119643
55,5;77;0
56;-22,5;0,0677382919069871
56;-22;0,10031495855101
56;-21,5;0,102716629044926
56;-21;0,0589936065521942
56;-20,5;0,0445004596503329
56;-20;0,0511999348957919
56;-19,5;0,0702058481261434
56;-19;0,105358910396796
56;-18,5;0,0763259821787807
56;-18;0,0393982002357745
56;-17,5;0,0658775724010421
56;-17;0,0511789577295759
56;-16,5;0,0282842712474619
56;-16;0,0412267250353804
56;-15,5;0,0428645152389091
56;-15;0,0468241390737726
56;-14,5;0,0647015124574821
56;-14;0
56;-13,5;0
56;-13;0,108283629623524
56;-12,5;0,0725713200322832
56;-12;0
56;-11,5;0
56;-11;0,281394128778402
56;-10,5;0,142460952977028
56;-10;0,0434593157011488
56;-9,5;0,0356955173722739
56;-9;0,00754983443527075
56;-8,5;0
56;-8;0,0469432281236247
56;-7,5;0,0597717882170733
56;-7;0,0419256930325992
56;-6,5;0,196553353824021
56;-6;0,326540396329126
56;-5,5;0,047667316736797
56;-5;0,0378963803352931
56;-4,5;0,0335471755444924
56;-4;0,052006785242542
56;-3,5;0,0579966212878654
56;-3;0,0184398636499452
56;-2,5;0,0667901420639534
56;-2;0,0876398345588566
56;-1,5;0,0394664401015819
56;-1;0,0485953587569195
56;-0,5;0,0403595003855499
56;0;0,0165587403843675
56;0,5;0,0412231681642245
56;1;0,0950050671843227
56;1,5;0,105344395035091
56;2;0,0643916888031297
56;2,5;0,0288646277071655
56;3;0,0309970181652225
56;3,5;0,0690731465856496
56;4;0,0193444749292463
56;4,5;0,0392729155860044
56;5;0,0282720879688464
56;5,5;0,016805231613393
56;6;0,120573234571794
56;6,5;0,14822782269663
56;7;0,0816471020289001
56;7,5;0,0952238859182248
56;8;0,0955193004522818
56;8,5;0,165520557469624
56;9;0,363315674339519
56;9,5;0,0664713439042687
56;10;0,144303679637129
56;10,5;0,0824075394064185
56;11;0,081351401086371
56;11,5;0,132728319243726
56;12;0,1470080320618
56;12,5;0,175423555098815
56;13;0,110293299089796
56;13,5;0,119274304321183
56;14;0,128018532658049
56;14,5;0,156159998099133
56;15;0,181403166631753
56;15,5;0,102566406270205
56;16;0,188398234735587
56;16,5;0,191561047347149
56;17;0,0529328979290603
56;17,5;0,0294844282833722
56;18;0,0276420042081573
56;18,5;0,0310417638854704
56;19;0,037492238601162
56;19,5;0,0350785488762776
56;20;0,0273306418206919
56;20,5;0,0293115330205943
56;21;0,0367106316210284
56;21,5;0,0258982597145906
56;22;0,0393620404093545
56;22,5;0,0732249881526886
56;23;0,0236274243639215
56;23,5;0,0814698095464831
56;24;0,100324494148448
56;24,5;0,174891035317536
56;25;0,183006617678004
56;25,5;0,200187824871023
56;26;0,120208569506767
56;26,5;0,101384993820175
56;27;0,0866668610874123
56;27,5;0,0879695197113672
56;28;0,0503633693816148
56;28,5;0,0344263286351588
56;29;0,0172706159653956
56;29,5;0,0278296265294898
56;30;0,0169208895463212
56;30,5;0,0477282978544415
56;31;0,34608386652893
56;31,5;0,0648879513355812
56;32;0,0266325842804363
56;32,5;0,0295241560609024
56;33;0,0547191514126975
56;33,5;0,0731520808363854
56;34;0,251192720417583
56;34,5;0,218338092305366
56;35;0,0512377914827089
56;35,5;0,0492746096061843
56;36;0,0749582614712558
56;36,5;0,070613021436207
56;37;0,068531510649916
56;37,5;0,0438533666389226
56;38;0,0292907318054187
56;38,5;0,0268296618790667
56;39;0,111817684225236
56;39,5;0,0822329112622525
56;40;0,0398251490612881
56;40,5;0,0450050811852453
56;41;0,0294279450640938
56;41,5;0,0323159328443907
56;42;0,0528158506186976
56;42,5;0,0499648168405183
56;43;0,0473252927442962
56;43,5;0,0584704205786535
56;44;0,127974530437784
56;44,5;0,0654573652591263
56;45;0,0787823552842401
56;45,5;0,0486172477301986
56;46;0,0350253169740354
56;46,5;0,110175922158743
56;47;0,123290163131812
56;47,5;0,0379055194917386
56;48;0,0246997206456169
56;48,5;0,0318176352712961
56;49;0,0294407639714849
56;49,5;0,0328554085524508
56;50;0,0281935753206373
56;50,5;0,0447219702366604
56;51;0,0203093579050614
56;51,5;0,030980759106877
56;52;0,0249124831927535
56;52,5;0,0341231849473077
56;53;0,097775269033132
56;53,5;0,0319973230220274
56;54;0,0389536721995186
56;54,5;0,0408350053697976
56;55;0,0459332372230014
56;55,5;0,0257395849348225
56;56;0,0487362834465249
56;56,5;0,0677465760200753
56;57;0,054898329271268
56;57,5;0,0560601034509743
56;58;0,0748164757958102
56;58,5;0,0464784896484384
56;59;0,0699870398186283
56;59,5;0,0794442222579579
56;60;0,0385787440376877
56;60,5;0,0619930270572966
56;61;0,0506472881677009
56;61,5;0,068348698329082
56;62;0,0225574535282115
56;62,5;0,0818083028566758
56;63;0,0513490296288337
56;63,5;0,135356293250255
56;64;0,16640635679383
56;64,5;0,103209873855288
56;65;0,0815111399384522
56;65,5;0,0222834820310599
56;66;0
56;66,5;0,0439317652729776
56;67;0,0484458968965213
56;67,5;0,221174601288935
56;68;0,170837221452288
56;68,5;0,158671568551731
56;69;0
56;69,5;0
56;70;0,0627859611941788
56;70,5;0,0863170788154818
56;71;0,107159317978373
56;71,5;0,0913147646516501
56;72;0,129114030883613
56;72,5;0,0936333274000235
56;73;0,136320664352151
56;73,5;0,0894406460546136
56;74;0,110464887763359
56;74,5;0,0753626276149236
56;75,5;0
56;76;0,0990601087135479
56;76,5;0,119919880661122
56;77;0
56,5;-22,5;0,0571690475694672
56,5;-22;0,118167754407953
56,5;-21,5;0,0854698533597276
56,5;-21;0,0864076716170834
56,5;-20,5;0,0654591839385793
56,5;-20;0,0442063343877323
56,5;-19,5;0,0914055067633601
56,5;-19;0,0586211944986149
56,5;-18,5;0
56,5;-18;0,0411815199138835
56,5;-17,5;0,0503288135533137
56,5;-17;0,0551713240732901
56,5;-16,5;0,0526642729089241
56,5;-16;0,0386729879890344
56,5;-15,5;0
56,5;-15;0,0585960749538738
56,5;-14,5;0,0912167747730646
56,5;-14;0
56,5;-13,5;0,262093113225052
56,5;-13;0,229201822876163
56,5;-12,5;0,021920310216783
56,5;-12;0
56,5;-11,5;0,0574671790387058
56,5;-11;0,132843023056175
56,5;-10,5;0,0442456024180181
56,5;-10;0,0383475946011729
56,5;-9,5;0,0341083413165815
56,5;-9;0,0368950219820889
56,5;-8,5;0,023322546526282
56,5;-8;0,0351326490646952
56,5;-7,5;0,051618795026618
56,5;-7;0,0900675504072562
56,5;-6,5;0,0603577666916197
56,5;-6;0,0607660948191497
56,5;-5,5;0,0882487891162695
56,5;-5;0,0350428436526718
56,5;-4,5;0,0309570250246044
56,5;-4;0,109541173851519
56,5;-3,5;0,0802454233449288
56,5;-3;0,0573211868469108
56,5;-2,5;0,0427288845601845
56,5;-2;0,0297530275276118
56,5;-1,5;0,0376618929664745
56,5;-1;0,0356577799747443
56,5;-0,5;0,0310281028971948
56,5;0;0,0318607697323336
56,5;0,5;0,0503877288557585
56,5;1;0,0779867258689882
56,5;1,5;0,0293360373332826
56,5;2;0,144916472663683
56,5;2,5;0,147099329618522
56,5;3;0,0251204267936257
56,5;3,5;0,0460434914764794
56,5;4;0,0221879712785547
56,5;4,5;0,368200970371838
56,5;5;0,195788669380564
56,5;5,5;0,0226245881464286
56,5;6;0,0185019559424638
56,5;6,5;0,0266934524563685
56,5;7;0,0854061145499298
56,5;7,5;0,105583596255855
56,5;8;0,0866772685357744
56,5;8,5;0,104301042405187
56,5;9;0,341508649683808
56,5;9,5;0,181902542631073
56,5;10;0,162291799080485
56,5;10,5;0,123024146427434
56,5;11;0,146249534158409
56,5;11,5;0,143076962089448
56,5;12;0,100426414864973
56,5;12,5;0,130978120732167
56,5;13;0,1051928283744
56,5;13,5;0,156671123843156
56,5;14;0,11570458688358
56,5;14,5;0,13202554071839
56,5;15;0,145986645392349
56,5;15,5;0,144387556053863
56,5;16;0,160273360231824
56,5;16,5;0,131246919331275
56,5;17;0,0367171594978057
56,5;17,5;0,016170806096757
56,5;18;0,0307536108292636
56,5;18,5;0,0216750725934153
56,5;19;0,0436098802003668
56,5;19,5;0,0440122810651495
56,5;20;0,05608945764194
56,5;20,5;0,0813942289820538
56,5;21;0,0465772390694508
56,5;21,5;0,0825759291436419
56,5;22;0,0641227713920458
56,5;22,5;0,0509819558015539
56,5;23;0,0268079781250736
56,5;23,5;0,0323719029176213
56,5;24;0,0261261316591789
56,5;24,5;0,222459780735839
56,5;25;0,264404043654883
56,5;25,5;0,127686372530324
56,5;26;0,0906036370551373
56,5;26,5;0,0889739010449416
56,5;27;0,0469663783905688
56,5;27,5;0,0185754868811368
56,5;28;0,0314745037220013
56,5;28,5;0,034070367434281
56,5;29;0,0575594708030549
56,5;29,5;0,0801563776704317
56,5;30;0,06560422032516
56,5;30,5;0,0269272962664566
56,5;31;0,0600075205665438
56,5;31,5;0,0289769702113865
56,5;32;0,0299337864655467
56,5;32,5;0,058493256618732
56,5;33;0,0778252128067744
56,5;33,5;0,092921179598931
56,5;34;0,166555878663181
56,5;34,5;0,0471457947493726
56,5;35;0,0637787520792541
56,5;35,5;0,0714206481961908
56,5;36;0,0245795959544282
56,5;36,5;0,0352312256138526
56,5;37;0,0543671000897137
56,5;37,5;0,055083654725552
56,5;38;0,0762412471999572
56,5;38,5;0,0771404611355296
56,5;39;0,132565298783499
56,5;39,5;0,114070467773377
56,5;40;0,0782525541522621
56,5;40,5;0,0351727406486512
56,5;41;0,029944690393434
56,5;41,5;0,0251310970508752
56,5;42;0,0219507263399662
56,5;42,5;0,0911556575571324
56,5;43;0,0720428205805331
56,5;43,5;0,0795145065902854
56,5;44;0,07970345711931
56,5;44,5;0,226825835529962
56,5;45;0,118190832406806
56,5;45,5;0,130577830563656
56,5;46;0,105993023064612
56,5;46,5;0,0614201053307708
56,5;47;0,102763563581651
56,5;47,5;0,0337592991572483
56,5;48;0,0271109175718583
56,5;48,5;0,0245321685034663
56,5;49;0,0239697156618005
56,5;49,5;0,0175607469070303
56,5;50;0,0175192141665594
56,5;50,5;0,0451312550465066
56,5;51;0,124027339002066
56,5;51,5;0,0280837570307747
56,5;52;0,0403526610816662
56,5;52,5;0,026561562429923
56,5;53;0,0298082272392219
56,5;53,5;0,0216201829049982
56,5;54;0,019793098508489
56,5;54,5;0,0274251563228503
56,5;55;0,0822236781532658
56,5;55,5;0,0906869496029215
56,5;56;0,032070846704826
56,5;56,5;0,0290512191367821
56,5;57;0,0596488681765838
56,5;57,5;0,0644902092414456
56,5;58;0,0880343751559801
56,5;58,5;0,0858613641060625
56,5;59;0,0664570545559358
56,5;59,5;0,0784895205165497
56,5;60;0,0662151040171349
56,5;60,5;0,0176349220636349
56,5;61;0,0503107884911029
56,5;61,5;0,0699332334649067
56,5;62;0,0321120015751322
56,5;62,5;0,038414630164002
56,5;63;0,0355029203062541
56,5;63,5;0,12100451654073
56,5;64;0,136778580756413
56,5;64,5;0,0776514967061902
56,5;65;0,0404296125560037
56,5;65,5;0,0519774413737797
56,5;66;0,0530243654684649
56,5;66,5;0,03202150601222
56,5;67;0,0316911976829846
56,5;67,5;0,155961482686055
56,5;68;0,388830119595643
56,5;68,5;0
56,5;69;0
56,5;69,5;0,080785162153965
56,5;70;0,0562805472610208
56,5;70,5;0,289597286305128
56,5;71;0,233452486357556
56,5;71,5;0,171691328495943
56,5;72;0,0562012181636388
56,5;72,5;0,0652298701561726
56,5;73;0,0929334954744799
56,5;73,5;0,107758113462278
56,5;74;0,189111739455804
56,5;74,5;0
56,5;75;0
56,5;75,5;0,0605169397772227
56,5;76;0,124724320858865
56,5;76,5;0,108500384023898
56,5;77;0
57;-22,5;0
57;-22;0,0828508700417
57;-21,5;0,0511937496184837
57;-21;0,0964351351640969
57;-20,5;0,108720808890085
57;-20;0,0726634856228157
57;-19,5;0,082196411113868
57;-19;0,0391407715815619
57;-18,5;0
57;-18;0,0626376433063566
57;-17,5;0,102219278770597
57;-17;0,0774402995861974
57;-16,5;0,0381837661840736
57;-16;0,128524576119381
57;-15,5;0,077366936459594
57;-15;0,0682640618690182
57;-14,5;0,0518899476456343
57;-14;0
57;-13,5;0
57;-13;0,384968829907046
57;-12,5;0
57;-12;0,0151767365837763
57;-11,5;0,0569554425485171
57;-11;0,0399447319329521
57;-10,5;0,0577163114428567
57;-10;0,0333687783632864
57;-9,5;0,0308873054996003
57;-9;0,0343317151722233
57;-8,5;0,0277766602949825
57;-8;0,0483856407597239
57;-7,5;0,0454479535679714
57;-7;0,0787356167721118
57;-6,5;0,0518916771153733
57;-6;0,0414991976284542
57;-5,5;0,0334859838008548
57;-5;0,0605194183712963
57;-4,5;0,0605327992101784
57;-4;0,0465030967968361
57;-3,5;0,0458412969535976
57;-3;0,0760207275001864
57;-2,5;0,0307967597544492
57;-2;0,0411524488179725
57;-1,5;0,0312837914862649
57;-1;0,0154103361916105
57;-0,5;0,0275819923926432
57;0;0,0299588474358167
57;0,5;0,0239663348070086
57;1;0,0260660429772382
57;1,5;0,0230382044710135
57;2;0,130193691997337
57;2,5;0,108266283926688
57;3;0,0245023767390728
57;3,5;0,0223937138735993
57;4;0,0161326830235538
57;4,5;0,110406205908139
57;5;0,116062552348231
57;5,5;0,0578157604997302
57;6;0,0246553328632264
57;6,5;0,0830075636190915
57;7;0,0749291364923919
57;7,5;0,0808593255977969
57;8;0,0734184243742263
57;8,5;0,0404402851951698
57;9;0,11082161960804
57;9,5;0,108654773880422
57;10;0,114007583812072
57;10,5;0,131443192370365
57;11;0,141860298297031
57;11,5;0,135459534574892
57;12;0,106213577708483
57;12,5;0,121281600693043
57;13;0,0934252344716898
57;13,5;0,130621016685677
57;14;0,104125446180651
57;14,5;0,161944877490902
57;15;0,126828628042984
57;15,5;0,157353002626418
57;16;0,150740619495992
57;16,5;0,0734362907545456
57;17;0,0865639966890288
57;17,5;0,0315987758519565
57;18;0,0227802069029514
57;18,5;0,0192955989203142
57;19;0,047581635581019
57;19,5;0,0538012616727132
57;20;0,089910014413434
57;20,5;0,33067623129975
57;21;0,173243768092892
57;21,5;0,0203864954619157
57;22;0,047151635797815
57;22,5;0,0316541841426592
57;23;0,0324015196826291
57;23,5;0,0254304712832438
57;24;0,0221002814969453
57;24,5;0,0216240557354358
57;25;0,226494743051293
57;25,5;0,229747329260681
57;26;0,113447893240392
57;26,5;0,0811393981884694
57;27;0,0966285246117703
57;27,5;0,0623130376147063
57;28;0,0261071656551268
57;28,5;0,0597349118771401
57;29;0,0570384564484234
57;29,5;0,0297799794232161
57;30;0,061209101179248
57;30,5;0,068005015671313
57;31;0,0377231742936339
57;31,5;0,0259736075914865
57;32;0,0526615708052056
57;32,5;0,0522315061550653
57;33;0,0775192091554405
57;33,5;0,0487903308205524
57;34;0,0771667841516839
57;34,5;0,0320300902076662
57;35;0,0560900565559034
57;35,5;0,0518034384063963
57;36;0,160909096858249
57;36,5;0,212677403641764
57;37;0,0828309979930447
57;37,5;0,0853756997102226
57;38;0,292955559001062
57;38,5;0,292219078605402
57;39;0,0696336722917274
57;39,5;0,0503829165772316
57;40;0,0400060732568931
57;40,5;0,0870894431749096
57;41;0,0293035881669756
57;41,5;0,0708564735697684
57;42;0,113432874425652
57;42,5;0,0767522751278936
57;43;0,0690080484360319
57;43,5;0,070495067165325
57;44;0,174963766649498
57;44,5;0,312235277836872
57;45;0,106175848510363
57;45,5;0,171661372602161
57;46;0,117529483348826
57;46,5;0,0907100505434372
57;47;0,10271158542859
57;47,5;0,0631564887297085
57;48;0,0590287155610645
57;48,5;0,0514964604043197
57;49;0,033910918790607
57;49,5;0,0432306510426819
57;50;0,0259697508940048
57;50,5;0,0676094048149178
57;51;0,103140248986663
57;51,5;0,0451611002693489
57;52;0,0264844355080492
57;52,5;0,043575726005206
57;53;0,0250206665753579
57;53,5;0,0262585638935654
57;54;0,0623918491268336
57;54,5;0,0690568679191913
57;55;0,0345561263434017
57;55,5;0,0281809184685929
57;56;0,0574351366458773
57;56,5;0,074710712628716
57;57;0,0608059456850163
57;57,5;0,0490393911725123
57;58;0,0292793981174795
57;58,5;0,063230524381434
57;59;0,0935941847434865
57;59,5;0,0851244505460835
57;60;0,0514327791318996
57;60,5;0,0310407438341574
57;61;0,352925983741634
57;61,5;0,0344110623509535
57;62;0,0402363529978066
57;62,5;0,0525852808750308
57;63;0,0386975566575669
57;63,5;0,0842944187859525
57;64;0,0762299722727212
57;64,5;0,0521753567993824
57;65;0,0317109339713187
57;65,5;0,0585100723929527
57;66;0,0502873361441088
57;66,5;0,0361571977442659
57;67;0,0774789483641429
57;67,5;0,0693168922471438
57;68;0,030279354116531
57;68,5;0,0426915849854679
57;69;0,13111272332801
57;69,5;0,11680100960784
57;70;0,0959824277499877
57;70,5;0,213493166204003
57;71;0,186830209743305
57;71,5;0,169403943737583
57;72;0,119875994128324
57;72,5;0,0933609326017245
57;73;0,0828829391925468
57;73,5;0,0856292218600849
57;74;0
57;74,5;0
57;75;0
57;75,5;0,118240817440894
57;76;0,0971914683118073
57;76,5;0
57;77;0
57,5;-22,5;0
57,5;-22;0
57,5;-21,5;0,0803411287554324
57,5;-21;0,0867471071913099
57,5;-20,5;0,0841457069611992
57,5;-20;0,0438406204335659
57,5;-19,5;0,0986997079678617
57,5;-19;0
57,5;-18,5;0
57,5;-18;0,059810812846285
57,5;-17,5;0,0915620570657827
57,5;-17;0,0550573127959192
57,5;-16,5;0,158247696139101
57,5;-16;0,0567479808745063
57,5;-15,5;0,103845113954907
57,5;-15;0,0682613382092502
57,5;-14,5;0,0557774347045669
57,5;-14;0,029698484809835
57,5;-13,5;0
57,5;-13;0,015556349186104
57,5;-12,5;0
57,5;-12;0
57,5;-11,5;0,0525125312098544
57,5;-11;0,0454150698714487
57,5;-10,5;0,0441664324896776
57,5;-10;0,0534796504838337
57,5;-9,5;0,0433316741763817
57,5;-9;0,029227555491351
57,5;-8,5;0,0274286954362276
57,5;-8;0,0575364555994173
57,5;-7,5;0,0734737582236196
57,5;-7;0,0753971258255056
57,5;-6,5;0,0454573965594246
57,5;-6;0,142609243295419
57,5;-5,5;0,050560742091795
57,5;-5;0,0481053902533653
57,5;-4,5;0,0592535576223832
57,5;-4;0,0988309566036537
57,5;-3,5;0,0432539186413499
57,5;-3;0,0759864561646866
57,5;-2,5;0,0650664354766805
57,5;-2;0,0366819315544329
57,5;-1,5;0,0265529896606886
57,5;-1;0,035432091445153
57,5;-0,5;0,0339003558533554
57,5;0;0,0691292654807785
57,5;0,5;0,0296773945579417
57,5;1;0,0223173701535558
57,5;1,5;0,0255351065528747
57,5;2;0,0327154397800182
57,5;2,5;0,377895810000013
57,5;3;0,285646584846919
57,5;3,5;0,0387957525596123
57,5;4;0,100268034345371
57,5;4,5;0,0170360594978306
57,5;5;0,0188009147503008
57,5;5,5;0,047956791375549
57,5;6;0,020855100562227
57,5;6,5;0,0282943480198808
57,5;7;0,0361713808166233
57,5;7,5;0,0347352236567311
57,5;8;0,0665276257270315
57,5;8,5;0,0543748732059045
57,5;9;0,100867147836176
57,5;9,5;0,113195595400428
57,5;10;0,137121424005766
57,5;10,5;0,134147508161926
57,5;11;0,110778848506927
57,5;11,5;0,117749761757134
57,5;12;0,101985517826773
57,5;12,5;0,116761277693613
57,5;13;0,166549959804526
57,5;13,5;0,0813452932724976
57,5;14;0,135838203670095
57,5;14,5;0,109377478591935
57,5;15;0,055878800417819
57,5;15,5;0,095301540336255
57,5;16;0,0808775095953801
57,5;16,5;0,116388189843561
57,5;17;0,118330386051757
57,5;17,5;0,121408314662619
57,5;18;0,0393429139821354
57,5;18,5;0,0312025223755613
57,5;19;0,0336284590710557
57,5;19,5;0,0337769950593521
57,5;20;0,0596915268108956
57,5;20,5;0,173637829734636
57,5;21;0,0308074830211916
57,5;21,5;0,0214966698749329
57,5;22;0,0383146785039287
57,5;22,5;0,0280281337713506
57,5;23;0,0284291423679758
57,5;23,5;0,0332403699858521
57,5;24;0,0224853974635831
57,5;24,5;0,0470494611651154
57,5;25;0,243699082117872
57,5;25,5;0,235019302599811
57,5;26;0,167047544321615
57,5;26,5;0,0938172270549937
57,5;27;0,127836489563681
57,5;27,5;0,0355635417056891
57,5;28;0,049230168837914
57,5;28,5;0,0328489069957288
57,5;29;0,0596610362995519
57,5;29,5;0,0307832669450389
57,5;30;0,0960049432189794
57,5;30,5;0,0621054264389897
57,5;31;0,0455057893974697
57,5;31,5;0,0366304014653753
57,5;32;0,0289332158776227
57,5;32,5;0,0811578775775721
57,5;33;0,0971286680693169
57,5;33,5;0,0924827659873017
57,5;34;0,076313357430641
57,5;34,5;0,0627183105177807
57,5;35;0,0533349663479121
57,5;35,5;0,0497757433274784
57,5;36;0,162464805863701
57,5;36,5;0,197150978918728
57,5;37;0,123792373593184
57,5;37,5;0,0475739822149017
57,5;38;0,283567366391218
57,5;38,5;0,234874064415604
57,5;39;0,0541698139406879
57,5;39,5;0,056631658007202
57,5;40;0,109411550219618
57,5;40,5;0,104632815476738
57,5;41;0,0486121318822622
57,5;41,5;0,0460637150875377
57,5;42;0,148069839557702
57,5;42,5;0,123506607435614
57,5;43;0,0494630019140812
57,5;43,5;0,0389924574412523
57,5;44;0,0932907628488082
57,5;44,5;0,108048179012131
57,5;45;0,0612510458834335
57,5;45,5;0,0781104914129868
57,5;46;0,0576103360489429
57,5;46,5;0,0851166868205804
57,5;47;0,0673551017218368
57,5;47,5;0,056941283660723
57,5;48;0,0529246628726104
57,5;48,5;0,0275564734436418
57,5;49;0,0342152985954352
57,5;49,5;0,0398351812226963
57,5;50;0,0187606360774165
57,5;50,5;0,0122754634394193
57,5;51;0,0352752930130825
57,5;51,5;0,020700384229463
57,5;52;0,0703262215083197
57,5;52,5;0,0492514239718626
57,5;53;0,0476311345605475
57,5;53,5;0,0625593459325353
57,5;54;0,0835525272186373
57,5;54,5;0,0731999667637683
57,5;55;0,0507245455867229
57,5;55,5;0,0500041734539964
57,5;56;0,0346552408295333
57,5;56,5;0,0427867452668475
57,5;57;0,0798863389839411
57,5;57,5;0,0987394705117245
57,5;58;0,0295977539625398
57,5;58,5;0,0590083310636781
57,5;59;0,0460312189527887
57,5;59,5;0,0332255437712204
57,5;60;0,0318305960061269
57,5;60,5;0,31864632003638
57,5;61;0,401930316328183
57,5;61,5;0,0356692437471689
57,5;62;0,0580011677833417
57,5;62,5;0,0629038060151277
57,5;63;0,282312284193323
57,5;63,5;0,0901999240598855
57,5;64;0,0355387112878337
57,5;64,5;0,0406009797965463
57,5;65;0,16474353856081
57,5;65,5;0,0506744382584598
57,5;66;0,0573571714953869
57,5;66,5;0,0339450914090569
57,5;67;0,0633812866704361
57,5;67,5;0,0382215203175464
57,5;68;0,0340210351112297
57,5;68,5;0,100698845950475
57,5;69;0,139565876080917
57,5;69,5;0,109405103984865
57,5;70;0,137681199323689
57,5;70,5;0,275636557495476
57,5;71;0,228418151863726
57,5;71,5;0,167511374557254
57,5;72;0,0841338741050822
57,5;72,5;0,0785827069403018
57,5;73;0,0854907402393187
57,5;73,5;0
57,5;74;0
57,5;74,5;0
57,5;75;0
57,5;75,5;0,172909004057656
57,5;76;0,089584756356361
57,5;76,5;0
58;-22;0
58;-21,5;0,0141421356237309
58;-21;0,112126635341212
58;-20,5;0
58;-20;0,124885280691254
58;-19,5;0,264222382145969
58;-19;0,056518433571122
58;-18,5;0
58;-18;0
58;-17,5;0,0601232860363564
58;-17;0
58;-16,5;0
58;-16;0,0808949936646267
58;-15,5;0,0289301292937377
58;-15;0,0612951786418082
58;-14,5;0,0569963561588337
58;-14;0,0405016460570843
58;-13,5;0,0515341026531338
58;-13;0,0461808040928985
58;-12,5;0,0417193000900063
58;-12;0,0837197706638044
58;-11,5;0,0474282740195191
58;-11;0,0557782107207536
58;-10,5;0,0527415080052388
58;-10;0,0229377354131212
58;-9,5;0,0341002723072496
58;-9;0,0300329977255177
58;-8,5;0,0315435005071159
58;-8;0,0469636384166872
58;-7,5;0,0757563413571033
58;-7;0,091003984816739
58;-6,5;0,0849682418926378
58;-6;0,155854950239588
58;-5,5;0,0355159769031434
58;-5;0,0694191352145667
58;-4,5;0,087645321978921
58;-4;0,0802957811771521
58;-3,5;0,0305721398941081
58;-3;0,0282723620880355
58;-2,5;0,0367450892096844
58;-2;0,0392864934987659
58;-1,5;0,0356668674758531
58;-1;0,0273463247873295
58;-0,5;0,0404135671558007
58;0;0,0353740518070447
58;0,5;0,0285423661714769
58;1;0,0299227037093728
58;1,5;0,0197309967636183
58;2;0,000408248290463863
58;2,5;0,0839301958640499
58;3;0,0331836601813348
58;3,5;0,0264233133683439
58;4;0,0305031099449229
58;4,5;0,0410795839707644
58;5;0,0260715467595467
58;5,5;0,0256564718044891
58;6;0,0206976622940952
58;6,5;0,043472126869252
58;7;0,0609093290494012
58;7,5;0,0494746950930014
58;8;0,0783918562722271
58;8,5;0,0771912542068556
58;9;0,119991796256374
58;9,5;0,107422848946594
58;10;0,148003950051238
58;10,5;0,130338103701856
58;11;0,121235550284268
58;11,5;0,0917505265532957
58;12;0,112063777593982
58;12,5;0,10777006253131
58;13;0,145199861991575
58;13,5;0,160798027969777
58;14;0,147744140276071
58;14,5;0,082093924599451
58;15;0,0822825164769585
58;15,5;0,136905179350499
58;16;0,068149420668227
58;16,5;0,0354259791678367
58;17;0,0653766829377015
58;17,5;0,107615474863989
58;18;0,0332423248358749
58;18,5;0,039095210497847
58;19;0,0500815019089664
58;19,5;0,0315632609682046
58;20;0,0525951640059528
58;20,5;0,0316584957368812
58;21;0,0324452471700701
58;21,5;0,0222805989691597
58;22;0,019425067790837
58;22,5;0,0355044713681247
58;23;0,0279422552198212
58;23,5;0,0289775235763224
58;24;0,0341415096284291
58;24,5;0,0393221177047217
58;25;0,220586226990906
58;25,5;0,157540491138059
58;26;0,22525417741841
58;26,5;0,152510299993181
58;27;0,1806210756611
58;27,5;0,167032929571996
58;28;0,216297158025054
58;28,5;0,099514832055832
58;29;0,0457149233604763
58;29,5;0,0328947038056514
58;30;0,0410262740281011
58;30,5;0,0417785340772736
58;31;0,0383770907397004
58;31,5;0,0327488422882934
58;32;0,0513510845299958
58;32,5;0,0254818096834522
58;33;0,0271705970886517
58;33,5;0,0837047388773988
58;34;0,0568611466644844
58;34,5;0,0306371074506256
58;35;0,0671958557870432
58;35,5;0,0947497695464951
58;36;0,123863262601992
58;36,5;0,051396868535331
58;37;0,0891273873535547
58;37,5;0,0939553091354858
58;38;0,0550967988164376
58;38,5;0,0180783720570156
58;39;0,0403124813655294
58;39,5;0,0506870842372549
58;40;0,0591594684813635
58;40,5;0,0447449009566024
58;41;0,056084851110215
58;41,5;0,0631906767966458
58;42;0,203227892476214
58;42,5;0,0923075091134992
58;43;0,0404999402020445
58;43,5;0,0251212692969811
58;44;0,0295839384636748
58;44,5;0,0282270570298561
58;45;0,0698499911791197
58;45,5;0,0709444193167011
58;46;0,0230007145494457
58;46,5;0,057321325288531
58;47;0,266133302038248
58;47,5;0,343568372541252
58;48;0,0449936150443138
58;48,5;0,0555970191495612
58;49;0,0327068466093271
58;49,5;0,0366937173509176
58;50;0,0415849960127411
58;50,5;0,0279436075408813
58;51;0,0153547772315048
58;51,5;0,0245950327692073
58;52;0,0343156923735894
58;52,5;0,0215172383947012
58;53;0,0232470316531673
58;53,5;0,0310207140794601
58;54;0,0398626404084633
58;54,5;0,0566328993113614
58;55;0,0837133016107161
58;55,5;0,0747819744797757
58;56;0,0708240674827317
58;56,5;0,0344271014517367
58;57;0,0651827556601873
58;57,5;0,0763675812056887
58;58;0,0527053805873475
58;58,5;0,0557879694258182
58;59;0,0696016553028723
58;59,5;0,0376578147045952
58;60;0,0434236006211955
58;60,5;0,0324339449391178
58;61;0,0336656165452786
58;61,5;0,0349453126932219
58;62;0,0623764347157093
58;62,5;0,076124925775493
58;63;0,0463726390495694
58;63,5;0,167806600990451
58;64;0,0460452346759536
58;64,5;0,396806670959105
58;65;0,363097439202783
58;65,5;0,0477746011786696
58;66;0,272955047416263
58;66,5;0,105626643642701
58;67;0,0452272042027804
58;67,5;0,0546396378876181
58;68;0,0669414651475269
58;68,5;0,0638975942196992
58;69;0,0679241658593781
58;69,5;0,121183644151165
58;70;0,152256111284321
58;70,5;0,154724784344556
58;71;0,165785755318926
58;71,5;0,139896930847336
58;72;0,133221244552061
58;72,5;0
58;73;0,0958692686248657
58;73,5;0
58;74;0
58;74,5;0
58;75;0,021920310216783
58;75,5;0,168790647278502
58;76;0
58;76,5;0
58,5;-22;0,080151419201409
58,5;-21,5;0,0527920448552621
58,5;-21;0
58,5;-20,5;0
58,5;-20;0
58,5;-19,5;0,229491623601016
58,5;-19;0,218404235893927
58,5;-18,5;0
58,5;-18;0
58,5;-17,5;0,0509378706530482
58,5;-17;0
58,5;-16,5;0
58,5;-16;0
58,5;-15,5;0
58,5;-15;0,0710818837618573
58,5;-14,5;0,0730835138728291
58,5;-14;0,0605368142732415
58,5;-13,5;0,0615441529198403
58,5;-13;0,058446946137677
58,5;-12,5;0,0703458524792966
58,5;-12;0,0487820756947766
58,5;-11,5;0,0285164305828554
58,5;-11;0,0936154901712318
58,5;-10,5;0,03561903164068
58,5;-10;0,0465487688213972
58,5;-9,5;0,0302704476346155
58,5;-9;0,0308285581887963
58,5;-8,5;0,0252586618806302
58,5;-8;0
58,5;-7,5;0,320762305661421
58,5;-7;0,171427070795437
58,5;-6,5;0,122115523016275
58,5;-6;0,0532237968301737
58,5;-5,5;0,0733779842420639
58,5;-5;0,088029310280375
58,5;-4,5;0,100098752260364
58,5;-4;0,0868948447130117
58,5;-3,5;0,0783101726294541
58,5;-3;0,0845153863315898
58,5;-2,5;0,0837269933856637
58,5;-2;0,0941786018135119
58,5;-1,5;0,0865729972389294
58,5;-1;0,0243259632765372
58,5;-0,5;0,0695911218649638
58,5;0;0,0496220896240387
58,5;0,5;0,0422276406552365
58,5;1;0,0265065371141382
58,5;1,5;0,0292369097958375
58,5;2;0,0392600248027343
58,5;2,5;0,0420627519551541
58,5;3;0,0292108113133569
58,5;3,5;0,0267987206517667
58,5;4;0,145941579645301
58,5;4,5;0,088264861444211
58,5;5;0,0462782629458286
58,5;5,5;0,0544830129609101
58,5;6;0,0820226787393963
58,5;6,5;0,093359186252118
58,5;7;0,0887063621242506
58,5;7,5;0,099355937888065
58,5;8;0,0850572620092654
58,5;8,5;0,0697878953697277
58,5;9;0,106006648034967
58,5;9,5;0,103515028431195
58,5;10;0,0373234976691744
58,5;10,5;0,135419850641302
58,5;11;0,136332952326514
58,5;11,5;0,118075310295477
58,5;12;0,151121083205039
58,5;12,5;0,10964310312774
58,5;13;0,153198819693298
58,5;13,5;0,103420293889546
58,5;14;0,101810497056661
58,5;14,5;0,123594359861094
58,5;15;0,056151408220643
58,5;15,5;0,0843959611644394
58,5;16;0,133559196708406
58,5;16,5;0,0555738714798315
58,5;17;0,0390169319529481
58,5;17,5;0,0247481764673085
58,5;18;0,0239593523487542
58,5;18,5;0,0620056810035098
58,5;19;0,167948307194138
58,5;19,5;0,333714912906894
58,5;20;0,133025398539806
58,5;20,5;0,0348046199179923
58,5;21;0,0279147366081624
58,5;21,5;0,0353364079891374
58,5;22;0,0251138395764488
58,5;22,5;0,0339390752286339
58,5;23;0,0394205645455631
58,5;23,5;0,0315468439612328
58,5;24;0,0385507925802141
58,5;24,5;0,25124011086527
58,5;25;0,343909841824902
58,5;25,5;0,12983372124
58,5;26;0,0824879339101134
58,5;26,5;0,0820326171301638
58,5;27;0,206965783059966
58,5;27,5;0,0508607556791478
58,5;28;0,364184995893814
58,5;28,5;0,259092095559175
58,5;29;0,0435317033098193
58,5;29,5;0,0413842940475542
58,5;30;0,0462338745020618
58,5;30,5;0,0459291388820114
58,5;31;0,0610969908990514
58,5;31,5;0,0544773010966617
58,5;32;0,036830625311095
58,5;32,5;0,0779601085848595
58,5;33;0,0223344606397141
58,5;33,5;0,074468579997239
58,5;34;0,0231238544295314
58,5;34,5;0,0256798892123138
58,5;35;0,214829965986392
58,5;35,5;0,101899836353359
58,5;36;0,0689674954344239
58,5;36,5;0,0592268885247598
58,5;37;0,0587739663531322
58,5;37,5;0,0738488262043962
58,5;38;0,143702329849017
58,5;38,5;0,0544953149145359
58,5;39;0,0241168675271008
58,5;39,5;0,0362070829538233
58,5;40;0,0207327962588414
58,5;40,5;0,026752361461466
58,5;41;0,0466046318697156
58,5;41,5;0,041933951813534
58,5;42;0,0207380742300793
58,5;42,5;0,0365260042461348
58,5;43;0,066787122050484
58,5;43,5;0,0319458599279776
58,5;44;0,0386266633475551
58,5;44,5;0,0309687108566623
58,5;45;0,0313495165936195
58,5;45,5;0,035776889789162
58,5;46;0,0382006738550984
58,5;46,5;0,0641114401523612
58,5;47;0,183402368516799
58,5;47,5;0,134329245779561
58,5;48;0,0491182929041647
58,5;48,5;0,0454976500009221
58,5;49;0,0984869522328716
58,5;49,5;0,0439088046210472
58,5;50;0,0260984527392393
58,5;50,5;0,0305538321110735
58,5;51;0,0297210390896873
58,5;51,5;0,0275711306646077
58,5;52;0,0310689005721357
58,5;52,5;0,0292427135495852
58,5;53;0,0183213087761443
58,5;53,5;0,0217809890878019
58,5;54;0,0367569192276925
58,5;54,5;0,0353006279735201
58,5;55;0,0789184475134026
58,5;55,5;0,0792732620017585
58,5;56;0,0657925991768267
58,5;56,5;0,0469312245372729
58,5;57;0,0348480430211417
58,5;57,5;0,0520904076496402
58,5;58;0,0260790356741754
58,5;58,5;0,0330535038633888
58,5;59;0,0372021160137086
58,5;59,5;0,032406740170999
58,5;60;0,0275880789853535
58,5;60,5;0,0328255293005982
58,5;61;0,0466633752340665
58,5;61,5;0,0421826033313441
58,5;62;0,0344357224877027
58,5;62,5;0,0453244392631674
58,5;63;0,0664691518536843
58,5;63,5;0,0600240217819765
58,5;64;0,0377433226486276
58,5;64,5;0,0449632418948314
58,5;65;0,0469828660884194
58,5;65,5;0,0517451843417733
58,5;66;0,324005400806814
58,5;66,5;0,199356288802379
58,5;67;0,0441361529814278
58,5;67,5;0,0523602403665399
58,5;68;0,0604894907783464
58,5;68,5;0,0582560409257943
58,5;69;0,0646616192188225
58,5;69,5;0,136282844264687
58,5;70;0,132839657612915
58,5;70,5;0,114057578366348
58,5;71;0,0714438610009655
58,5;71,5;0,0925630955979038
58,5;72;0,0602245168037272
58,5;72,5;0,0963677696928445
58,5;73;0
58,5;73,5;0
58,5;74;0
58,5;74,5;0,145274125117212
58,5;75;0,10501812709025
58,5;75,5;0,168497427471508
58,5;76;0
59;-22;0
59;-21,5;0,065363088462322
59;-21;0
59;-20,5;0,0459601276470522
59;-20;0
59;-19,5;0,118356805183873
59;-19;0,0640663718342158
59;-18,5;0,0429331404098809
59;-18;0,0561629123823963
59;-17,5;0,0374873311933512
59;-17;0,0806765145503944
59;-16,5;0
59;-16;0
59;-15,5;0
59;-15;0,0291947483861967
59;-14,5;0
59;-14;0,0391821144814582
59;-13,5;0,0768346709934172
59;-13;0,0709992524337675
59;-12,5;0,0593951764667997
59;-12;0,0864474285027429
59;-11,5;0,0442503492256661
59;-11;0,0378202987825321
59;-10,5;0,0358138072240133
59;-10;0,0401043510651771
59;-9,5;0
59;-9;0
59;-8,5;0
59;-8;0
59;-7,5;0,126923451339774
59;-7;0,347796396377727
59;-6,5;0,0863721644183412
59;-6;0,0807660643021383
59;-5,5;0,0558614357137373
59;-5;0,0778618993440189
59;-4,5;0,106628483989428
59;-4;0,0811598899154776
59;-3,5;0,0505415120909975
59;-3;0,0616290475003331
59;-2,5;0,0790875412670888
59;-2;0,271022616864827
59;-1,5;0,304284550466965
59;-1;0,124048238761972
59;-0,5;0,0289563935474141
59;0;0,0361087372957143
59;0,5;0,0274691385272376
59;1;0,0450604532205841
59;1,5;0,0330333078906644
59;2;0,04733575699261
59;2,5;0,0326426088558692
59;3;0,218735985689244
59;3,5;0,180206267592312
59;4;0,100983930448137
59;4,5;0,074564928561815
59;5;0,0295513688483244
59;5,5;0,0196201826431755
59;6;0,0956336624970382
59;6,5;0,0883327130952343
59;7;0,0771421898209127
59;7,5;0,0640972529155915
59;8;0,0502321410494267
59;8,5;0,0558155953279922
59;9;0,0417739644104328
59;9,5;0,0787872360946148
59;10;0
59;10,5;0,113535803990982
59;11;0,14160154085162
59;11,5;0,12792513303666
59;12;0,146262178980077
59;12,5;0,134052542289836
59;13;0,10786121700622
59;13,5;0,170596955818397
59;14;0,144302456777641
59;14,5;0,038815953590237
59;15;0,0764918714234519
59;15,5;0,0898817035397629
59;16;0,0783903878913283
59;16,5;0,0512770791974582
59;17;0,0320452948075909
59;17,5;0,0270877791510515
59;18;0,0330848337929364
59;18,5;0,035187399540457
59;19;0,0235564042998027
59;19,5;0,115152913764208
59;20;0,0439496465124741
59;20,5;0,0348514200047823
59;21;0,0323589443902498
59;21,5;0,0468698775524902
59;22;0,0912869993769095
59;22,5;0,050760352254733
59;23;0,0350034086034687
59;23,5;0,0292561519647268
59;24;0,0509567763610578
59;24,5;0,155141907361464
59;25;0,248192906803039
59;25,5;0,0448889840430681
59;26;0,0460262160980675
59;26,5;0,0265411096099096
59;27;0,0271344758825514
59;27,5;0,115807524317257
59;28;0,36436337174127
59;28,5;0,0311979615981842
59;29;0,053060768772458
59;29,5;0,0673583237951002
59;30;0,0689392343788058
59;30,5;0,0592123177162036
59;31;0,247448606912755
59;31,5;0,176658876460238
59;32;0,199576541503172
59;32,5;0,109764077953531
59;33;0,197364987665402
59;33,5;0,122481802246061
59;34;0,02770040102949
59;34,5;0,0688894073014143
59;35;0,0296225690756129
59;35,5;0,402319845159119
59;36;0,209813014280665
59;36,5;0,0508211224908312
59;37;0,0839427906687832
59;37,5;0,0864368261690934
59;38;0,130993226215588
59;38,5;0,034194579954221
59;39;0,0338122331308537
59;39,5;0,0543702388238866
59;40;0,0306722286293154
59;40,5;0,0543329255970542
59;41;0,0638304702750358
59;41,5;0,0281352382732523
59;42;0,0444421224398587
59;42,5;0,030894176474799
59;43;0,0670661860485042
59;43,5;0,0493692805089163
59;44;0,0314956125187759
59;44,5;0,0627171637882131
59;45;0,0548445062432644
59;45,5;0,0385932414546956
59;46;0,0369485819321623
59;46,5;0,0236843942787341
59;47;0,0762493134679362
59;47,5;0,0204103635803923
59;48;0,0710059703282307
59;48,5;0,0259218219763333
59;49;0,0325700572354208
59;49,5;0,121214158230379
59;50;0,344282975530257
59;50,5;0,180790602965941
59;51;0,033797616352204
59;51,5;0,0362434180878553
59;52;0,0474252351239738
59;52,5;0,0477428038143512
59;53;0,0527179955425707
59;53,5;0,0381875881916087
59;54;0,0270940680010446
59;54,5;0,0481537844344505
59;55;0,0331525479694249
59;55,5;0,0585266502559405
59;56;0,0411973978453201
59;56,5;0,0661895086957775
59;57;0,0661974342454999
59;57,5;0,0316290624325389
59;58;0,0328975742454715
59;58,5;0,0295618149121616
59;59;0,0280463069772312
59;59,5;0,0336569175459334
59;60;0,0412197429916974
59;60,5;0,0396839085054443
59;61;0,0415082807851322
59;61,5;0,0378390005944448
59;62;0,0395635618180266
59;62,5;0,268061400908023
59;63;0,341936832054379
59;63,5;0,0518139788647533
59;64;0,0618298462318763
59;64,5;0,0630058060954036
59;65;0,0327426836611377
59;65,5;0,0296008365390156
59;66;0,0652121828179274
59;66,5;0,0599701848998573
59;67;0
59;67,5;0,0595700972907387
59;68;0,0467491130385644
59;68,5;0,0760132331531942
59;69;0,0824353089124919
59;69,5;0,147709593663209
59;70;0,179158687438846
59;70,5;0,165653687887784
59;71;0,325876766073721
59;71,5;0,106373163908948
59;72;0,133760576747754
59;72,5;0,120165808283415
59;73;0,159099025766973
59;73,5;0
59;74;0
59;74,5;0,132701105245334
59;75;0,165085836259
59;75,5;0,205843144165649
59;76;0
59,5;-21,5;0,0848031052890557
59,5;-21;0,0377133928465738
59,5;-20,5;0,0593198051725921
59,5;-20;0,044078236229356
59,5;-19,5;0,0952836117423488
59,5;-19;0,0615085359929823
59,5;-18,5;0,0693958852446519
59,5;-18;0,05042309997401
59,5;-17,5;0,136652796686
59,5;-17;0
59,5;-16,5;0,0659955355632918
59,5;-16;0
59,5;-15,5;0
59,5;-15;0
59,5;-14,5;0
59,5;-14;0,0478654822978354
59,5;-13,5;0,0684322896070968
59,5;-13;0,0688099464478699
59,5;-12,5;0,0995120523711533
59,5;-12;0,0790764720721287
59,5;-11,5;0,0257837157911733
59,5;-11;0,035599487768952
59,5;-10,5;0,0338224120304208
59,5;-10;0,0379667092923887
59,5;-9,5;0,0349518120655663
59,5;-9;0,0625326581342368
59,5;-8,5;0
59,5;-8;0
59,5;-7,5;0,0836620184631792
59,5;-7;0,0624155429360348
59,5;-6,5;0,0550773732621169
59,5;-6;0,0503835290546425
59,5;-5,5;0,144284276277605
59,5;-5;0,0766572438250489
59,5;-4,5;0,0914063546171996
59,5;-4;0,049036186832253
59,5;-3,5;0,121614966184265
59,5;-3;0,0369537999850263
59,5;-2,5;0,0841435847652265
59,5;-2;0,178376608011573
59,5;-1,5;0,232329227587652
59,5;-1;0,239348495920169
59,5;-0,5;0,0443314202927768
59,5;0;0,0344458165552757
59,5;0,5;0,036710345884362
59,5;1;0,0273119888847756
59,5;1,5;0,0307766144986742
59,5;2;0,0463477195891137
59,5;2,5;0,0410488903140072
59,5;3;0,31462846370829
59,5;3,5;0,358065965662527
59,5;4;0,0400492893598787
59,5;4,5;0,0721893907685533
59,5;5;0,0394332889044337
59,5;5,5;0,0351856429328644
59,5;6;0,139157965173593
59,5;6,5;0,114899941856624
59,5;7;0,0779839682287283
59,5;7,5;0,142773351452775
59,5;8;0,0693661781177734
59,5;8,5;0,0989985409544561
59,5;9;0,0752057995150757
59,5;9,5;0,0853145264363147
59,5;10;0,116478658035615
59,5;10,5;0,14220783615201
59,5;11;0,120202210581051
59,5;11,5;0,15829263135995
59,5;12;0,208208789439831
59,5;12,5;0,126516202076078
59,5;13;0,26960995792397
59,5;13,5;0,330319477764555
59,5;14;0,237845138197756
59,5;14,5;0,107598538557798
59,5;15;0,334361701524522
59,5;15,5;0,357213175643593
59,5;16;0,0540412076813571
59,5;16,5;0,051457796907556
59,5;17;0,0299773399934292
59,5;17,5;0,0453269010690817
59,5;18;0,0394686658997481
59,5;18,5;0,0327941666206215
59,5;19;0,0755899484825009
59,5;19,5;0,0869452270604377
59,5;20;0,0750239928178164
59,5;20,5;0,0336157737712228
59,5;21;0,0359778450092636
59,5;21,5;0,0302358499302495
59,5;22;0,0653659358006418
59,5;22,5;0,0465181285117268
59,5;23;0,0399151705202432
59,5;23,5;0,0244463829309478
59,5;24;0,0235791537450176
59,5;24,5;0,0282996543957909
59,5;25;0,0533092068906807
59,5;25,5;0,155248776800736
59,5;26;0,0399004643935823
59,5;26,5;0,0377419865802054
59,5;27;0,019250221457348
59,5;27,5;0,0228683076258582
59,5;28;0,0265477686646376
59,5;28,5;0,0335818201457974
59,5;29;0,0180069431053691
59,5;29,5;0,0288551240132179
59,5;30;0,0538595010170199
59,5;30,5;0,229258493387101
59,5;31;0,355905223930547
59,5;31,5;0,0404330214719617
59,5;32;0,322845211167568
59,5;32,5;0,353657921343418
59,5;33;0,315761532769126
59,5;33,5;0,146187272637938
59,5;34;0,04839299754653
59,5;34,5;0,0316396391165458
59,5;35;0,0293432900563088
59,5;35,5;0,418367032579743
59,5;36;0,345562584780239
59,5;36,5;0,0615752119055685
59,5;37;0,0950064195361893
59,5;37,5;0,0686888835785874
59,5;38;0,0947939223753203
59,5;38,5;0,0664393299778169
59,5;39;0,0750590189503138
59,5;39,5;0,081651563189608
59,5;40;0,047038291180043
59,5;40,5;0,0656971687177468
59,5;41;0,0646161977529489
59,5;41,5;0,0994351409652137
59,5;42;0,0494883399150324
59,5;42,5;0,0370806481029999
59,5;43;0,0704683333217655
59,5;43,5;0,125430985162499
59,5;44;0,24528380802255
59,5;44,5;0,063566807455134
59,5;45;0,0678236922841365
59,5;45,5;0,11746015310199
59,5;46;0,0622008477740652
59,5;46,5;0,0541817605234481
59,5;47;0,0361753290072367
59,5;47,5;0,0313189943374301
59,5;48;0,0653111240853572
59,5;48,5;0,0419223384831555
59,5;49;0,0557691342829774
59,5;49,5;0,039433443871515
59,5;50;0,0431704433296735
59,5;50,5;0,0293165651621707
59,5;51;0,0287853704835118
59,5;51,5;0,0256082005028158
59,5;52;0,0335457604297988
59,5;52,5;0,0740107629232786
59,5;53;0,0699442581587258
59,5;53,5;0,0373216341908784
59,5;54;0,0741980433921354
59,5;54,5;0,0535102997534758
59,5;55;0,0478670868433279
59,5;55,5;0,0261098254160619
59,5;56;0,0378379154695722
59,5;56,5;0,0646604085937373
59,5;57;0,0718855127432217
59,5;57,5;0,0707386010996442
59,5;58;0,0954774498586449
59,5;58,5;0,0463896220951844
59,5;59;0,0746197293773281
59,5;59,5;0,0513186055858816
59,5;60;0,0463061506912066
59,5;60,5;0,0520501116007167
59,5;61;0,0499017930369901
59,5;61,5;0,0424629942697514
59,5;62;0,0507943143889695
59,5;62,5;0,319946894665603
59,5;63;0,184362640828703
59,5;63,5;0,0223935867442607
59,5;64;0,0484070046092308
59,5;64,5;0,0543594139726128
59,5;65;0,0526003802267626
59,5;65,5;0,101013563445708
59,5;66;0,078069380980979
59,5;66,5;0,0487846648199481
59,5;67;0,056702577861878
59,5;67,5;0,077174823987145
59,5;68;0,065874741667149
59,5;68,5;0,0854017910180513
59,5;69;0,142922618439394
59,5;69,5;0,110443519023136
59,5;70;0,184363482632063
59,5;70,5;0,349433758227348
59,5;71;0,260424383831233
59,5;71,5;0,181146785808244
59,5;72;0,114664728665793
59,5;72,5;0,119329056165379
59,5;73;0,0672850486941771
59,5;73,5;0
59,5;74;0,15860748195887
59,5;74,5;0,107166703695469
59,5;75;0,139185990380413
59,5;75,5;0,130023180519965
59,5;76;0
60;-21,5;0,0539620236833275
60;-21;0,0748194941840474
60;-20,5;0,0817740790226341
60;-20;0,0797351643164509
60;-19,5;0,0761068328075739
60;-19;0,0728465385712882
60;-18,5;0,0941110824150553
60;-18;0,106124372096805
60;-17,5;0,158584663786368
60;-17;0,0397946115838704
60;-16,5;0,0281602556806574
60;-16;0,0334701359423591
60;-15,5;0,107246036060603
60;-15;0,0339411254969543
60;-14,5;0
60;-14;0,0694216584839823
60;-13,5;0
60;-13;0,113614846447695
60;-12,5;0,0847879708449259
60;-12;0,0713890047556344
60;-11,5;0,0555032076605133
60;-11;0,0374957775400555
60;-10,5;0,036970401756819
60;-10;0,0504310998624195
60;-9,5;0,0640534412294401
60;-9;0,0195021366350801
60;-8,5;0
60;-8;0
60;-7,5;0,0495075751779463
60;-7;0,0563850484101107
60;-6,5;0,136032833603442
60;-6;0,135108884660801
60;-5,5;0,0521240507507491
60;-5;0,0338050785139354
60;-4,5;0,0751503005766955
60;-4;0,0624978954652932
60;-3,5;0,0417243810811879
60;-3;0,0529187815042772
60;-2,5;0
60;-2;0
60;-1,5;0,0796248254033428
60;-1;0,110834199506379
60;-0,5;0,0598075246102027
60;0;0,0423231501481345
60;0,5;0,0482429421202078
60;1;0,0401672290897649
60;1,5;0,0321569820969652
60;2;0,0302985148150862
60;2,5;0,0381187740578381
60;3;0,0385836753044601
60;3,5;0,178837320034262
60;4;0,0437941847714566
60;4,5;0,0710665657459068
60;5;0,0849944109778458
60;5,5;0,108929005343518
60;6;0,151385143454838
60;6,5;0,0761577646752299
60;7;0,117232608281333
60;7,5;0,109497421204297
60;8;0,0525440150520167
60;8,5;0,0775521712159817
60;9;0,103836602745306
60;9,5;0,0757561878660747
60;10;0,0831948222618358
60;10,5;0,169515717185799
60;11;0,142025434827467
60;12;0,00784750491132904
60;12,5;0
60;13;0,0588580083889622
60;13,5;0,161164436553962
60;14;0,194599938264279
60;14,5;0,0864149333024936
60;15;0,332635643088097
60;15,5;0,353011555662662
60;16;0,0476869036981195
60;16,5;0,0262541900459683
60;17;0,0256686712125537
60;17,5;0,0543072096122883
60;18;0,0493332608261653
60;18,5;0,0291242530442347
60;19;0,0480006358182997
60;19,5;0,19354624130877
60;20;0,170739736154904
60;20,5;0,0555233962325825
60;21;0,0369947127564173
60;21,5;0,0502782348626212
60;22;0,0256182443669437
60;22,5;0,0695252160940651
60;23;0,0470882588554546
60;23,5;0,0286741612595697
60;24;0,0415978875746109
60;24,5;0,0429695935803595
60;25;0,0573321313651928
60;25,5;0,0542789093479226
60;26;0,0323684128984032
60;26,5;0,0443483892746455
60;27;0,0321310581074588
60;27,5;0,0591759288590786
60;28;0,0426727708604346
60;28,5;0,0248017162245137
60;29;0,0356279264317298
60;29,5;0,0415193592101838
60;30;0,0395040685065656
60;30,5;0,0606225944539933
60;31;0,369676876815905
60;31,5;0,335135632312433
60;32;0,343295372868003
60;32,5;0,336258570914131
60;33;0,30702527824028
60;33,5;0,295007448463305
60;34;0,0416974681024381
60;34,5;0,0322339431903089
60;35;0,0844237968114464
60;35,5;0,132310098981935
60;36;0,196087431709217
60;36,5;0,100855884236435
60;37;0,0606139649604524
60;37,5;0,107639744163526
60;38;0,0699939787181628
60;38,5;0,0728428847492043
60;39;0,0699391134619015
60;39,5;0,0491069417034538
60;40;0,215749831582451
60;40,5;0,180519465424813
60;41;0,0476230846140116
60;41,5;0,111020955242929
60;42;0,150915305665229
60;42,5;0,0796530881876612
60;43;0,032400507726258
60;43,5;0,327903525598799
60;44;0,325972722843385
60;44,5;0,0531121609969697
60;45;0,089156755597788
60;45,5;0,113157158524119
60;46;0,0771873860372702
60;46,5;0,0883372925275312
60;47;0,0665309471651582
60;47,5;0,0753349316001012
60;48;0,0394386302033924
60;48,5;0,204143556286317
60;49;0,160315801280943
60;49,5;0,0323330775743341
60;50;0,0246638636650075
60;50,5;0,0370276476654331
60;51;0,0253005912878949
60;51,5;0,0280224314075632
60;52;0,031017842676034
60;52,5;0,122235502288828
60;53;0,0758657310706835
60;53,5;0,0686331921987518
60;54;0,0683992481161682
60;54,5;0,041533991386862
60;55;0,0675785902341957
60;55,5;0,0678823000704846
60;56;0,0950455946648895
60;56,5;0,0535524562813928
60;57;0,0386713203096656
60;57,5;0,0554640708738075
60;58;0,120452408065159
60;58,5;0,0466244633181997
60;59;0,0693674317879901
60;59,5;0,0840383491088482
60;60;0,0304200925815139
60;60,5;0,0253253200717127
60;61;0,0258859306594424
60;61,5;0,04832188417059
60;62;0,0475458156770295
60;62,5;0,0589797269164117
60;63;0,0527343973765384
60;63,5;0
60;64;0
60;64,5;0,0553431287944755
60;65;0,0756211505106766
60;65,5;0,0624044579635784
60;66;0,0480338601836031
60;66,5;0,0656331482174026
60;67;0,0701812509520386
60;67,5;0,121326633353045
60;68;0,0745165884298222
60;68,5;0,0887501622778676
60;69;0,100134720714692
60;69,5;0,0908348373520186
60;70;0,0926407037969812
60;70,5;0,254034847940699
60;71;0
60;71,5;0
60;72;0
60;72,5;0,121795853316348
60;73;0,0828733497263243
60;73,5;0
60;74;0,0753016157418507
60;74,5;0,145174764510614
60;75;0,13487557083417
60;75,5;0
60,5;-21,5;0
60,5;-21;0,0758864282991366
60,5;-20,5;0,0543348670540177
60,5;-20;0,0635626799758654
60,5;-19,5;0
60,5;-19;0
60,5;-18,5;0,0546760154607728
60,5;-18;0,0922321675299498
60,5;-17,5;0,0552608689432553
60,5;-17;0,0599874986976453
60,5;-16,5;0
60,5;-16;0
60,5;-15,5;0,242024338914045
60,5;-15;0,30495304978488
60,5;-14,5;0
60,5;-14;0
60,5;-13,5;0
60,5;-13;0,0692820323027551
60,5;-12,5;0,0750312662101001
60,5;-12;0,0671982142619876
60,5;-11,5;0,0400439097227325
60,5;-11;0,0514003891035856
60,5;-10,5;0
60,5;-10;0,0638550441755909
60,5;-9,5;0,067906326883209
60,5;-9;0,0654504901942427
60,5;-8,5;0,0109696551146029
60,5;-8;0,0636396103067893
60,5;-7,5;0
60,5;-7;0,0835762795624124
60,5;-6,5;0,154578679583629
60,5;-6;0,160110870618672
60,5;-5,5;0,124248598727367
60,5;-5;0,0375271330411173
60,5;-4,5;0,127875916419004
60,5;-4;0,0560829370961733
60,5;-3,5;0,0452971143830219
60,5;-3;0,003
60,5;-2,5;0
60,5;-2;0
60,5;-1,5;0,0601656981334386
60,5;-1;0,0834437112140662
60,5;-0,5;0,122683822067314
60,5;0;0,0494084426277387
60,5;0,5;0,0758360168341888
60,5;1;0,0960386379850514
60,5;1,5;0,204609197151294
60,5;2;0,218483397789274
60,5;2,5;0,130083329160348
60,5;3;0,0999136168787301
60,5;3,5;0,0372203418328452
60,5;4;0,0685893577750951
60,5;4,5;0
60,5;5;0,110100181346461
60,5;5,5;0,323730391446577
60,5;6;0,156809835213324
60,5;6,5;0,133118722521343
60,5;7;0,104530594379303
60,5;7,5;0,148624720999932
60,5;8;0,0541858299435071
60,5;8,5;0,0655959624402412
60,5;9;0,0897479269703776
60,5;9,5;0,0774225675643347
60,5;10;0,0792315130049984
60,5;10,5;0,0783608729615126
60,5;11;0,107659594255664
60,5;11,5;0,0394560233396344
60,5;12;0,0647540596047392
60,5;12,5;0,0705251728108482
60,5;13;0,0872352922395587
60,5;13,5;0,225482192049561
60,5;14;0,0862758694017374
60,5;14,5;0,168913349917109
60,5;15;0,0955150446544118
60,5;15,5;0,212718556741729
60,5;16;0,370277108784804
60,5;16,5;0,0315463733302407
60,5;17;0,124902797743638
60,5;17,5;0,0307109710476575
60,5;18;0,0459518945518379
60,5;18,5;0,0205846070131042
60,5;19;0,0495497935496842
60,5;19,5;0,352602352393572
60,5;20;0,285573817345899
60,5;20,5;0,0793285441236166
60,5;21;0,0378009803445784
60,5;21,5;0,0313386766468427
60,5;22;0,0319019438120523
60,5;22,5;0,115129902435824
60,5;23;0,0706069876056446
60,5;23,5;0,0535684079929419
60,5;24;0,0429662135359631
60,5;24,5;0,110863878482
60,5;25;0,345780102675541
60,5;25,5;0,0448102904681202
60,5;26;0,0342621428822306
60,5;26,5;0,0260600761335052
60,5;27;0,0629580525905388
60,5;27,5;0,0555542485900841
60,5;28;0,0273682449808776
60,5;28,5;0,0440296855263261
60,5;29;0,360151079409739
60,5;29,5;0,159262168996659
60,5;30;0,0812807734504684
60,5;30,5;0,0389701406084176
60,5;31;0,136795758596137
60,5;31,5;0,098648227187683
60,5;32;0,0756569760298283
60,5;32,5;0,254267877070826
60,5;33;0,190431292581753
60,5;33,5;0,137746242521629
60,5;34;0,0401939559929183
60,5;34,5;0,0280692436363433
60,5;35;0,111848611496003
60,5;35,5;0,0831447140728794
60,5;36;0,109795348870252
60,5;36,5;0,122785222879226
60,5;37;0,0602617043890481
60,5;37,5;0,0603176775267601
60,5;38;0,0797116268331098
60,5;38,5;0,0391696216379385
60,5;39;0,204842589293303
60,5;39,5;0,129172004281659
60,5;40;0,137819312110813
60,5;40,5;0,153656329879256
60,5;41;0,0609394199449405
60,5;41,5;0,0775514857725593
60,5;42;0,187918680038839
60,5;42,5;0,120659228203438
60,5;43;0,023060673838185
60,5;43,5;0,0401954577679472
60,5;44;0,0646232912148697
60,5;44,5;0,0432345791898024
60,5;45;0,0776688336642973
60,5;45,5;0,149798697074633
60,5;46;0,117845224208225
60,5;46,5;0,0576581817790349
60,5;47;0,0753582934630382
60,5;47,5;0,0852459709441971
60,5;48;0,154090432188997
60,5;48,5;0,176141655920407
60,5;49;0,328813584723875
60,5;49,5;0,0316220599557689
60,5;50;0,0289425446546966
60,5;50,5;0,0328682487349797
60,5;51;0,0357131599334166
60,5;51,5;0,0397309919853246
60,5;52;0,0409921645324893
60,5;52,5;0,0535694235292382
60,5;53;0,0453786450720097
60,5;53,5;0,0377899788774245
60,5;54;0,0365413790860338
60,5;54,5;0,0543795258477817
60,5;55;0,0586597068364349
60,5;55,5;0,152258126869027
60,5;56;0,0600989876774663
60,5;56,5;0,0450286417483332
60,5;57;0,0275051510327308
60,5;57,5;0,0271287562705187
60,5;58;0,021061714871618
60,5;58,5;0,0545338427034076
60,5;59;0,0808752166269237
60,5;59,5;0,0920820660869492
60,5;60;0,0753611800545046
60,5;60,5;0,0511128666897381
60,5;61;0,0700484243533426
60,5;61,5;0,0723267159917678
60,5;62;0,0480153093840407
60,5;62,5;0,031952061131112
60,5;63;0,0316869903821288
60,5;63,5;0,0746206278132133
60,5;64;0,0231365511690917
60,5;64,5;0,0634644616438042
60,5;65;0,0493672341692727
60,5;65,5;0,0688865978501142
60,5;66;0,117494389021829
60,5;66,5;0,0989381661154365
60,5;67;0,109684112110515
60,5;67,5;0,150545592378573
60,5;68;0,197595490894853
60,5;68,5;0,138348723658656
60,5;69;0,15522561078605
60,5;69,5;0,122185447373178
60,5;70;0
60,5;70,5;0
60,5;71;0
60,5;71,5;0
60,5;72;0
60,5;72,5;0,0821936061314315
60,5;73;0
60,5;73,5;0
60,5;74;0
60,5;74,5;0,177718957283059
60,5;75;0,140106248502932
60,5;75,5;0
61;-21;0,0974541650506241
61;-20,5;0,102116669969767
61;-20;0
61;-19,5;0
61;-19;0
61;-18,5;0,0756604255869606
61;-18;0,0819738857729579
61;-17,5;0,101896597915076
61;-17;0,0653016079434496
61;-16,5;0
61;-16;0
61;-15,5;0,144613277398723
61;-15;0,281224838027884
61;-14,5;0,462137335287538
61;-14;0
61;-13,5;0
61;-13;0,0545646405651132
61;-12,5;0,0664382407149902
61;-12;0,0678241671313318
61;-11,5;0,0581291665173345
61;-11;0,0302621876274667
61;-10,5;0,0508349726511626
61;-10;0,0384717678704388
61;-9,5;0,0629977071893185
61;-9;0,0394164231224081
61;-8,5;0,0313315602335196
61;-8;0,0418358470123182
61;-7,5;0
61;-7;0,12239417197454
61;-6,5;0,0671999946853739
61;-6;0,229091541522517
61;-5,5;0,0503056503937526
61;-5;0,0629585859893911
61;-4,5;0,0501724802832965
61;-4;0,0333414838520205
61;-3,5;0,0413726963104896
61;-3;0
61;-2,5;0
61;-2;0,011060440015358
61;-1,5;0,0561270643673563
61;-1;0,0749843889476909
61;-0,5;0,0492460145670583
61;0;0,0421750321082668
61;0,5;0,0671583948587219
61;1;0,0453825179853346
61;1,5;0,196205569328549
61;2;0,136704321177392
61;2,5;0
61;3;0
61;3,5;0,0309100076258252
61;4;0,0327928563649376
61;4,5;0,106291700715652
61;5;0,126005904316843
61;5,5;0,178226455035547
61;6;0,0704350426854079
61;6,5;0,110109036868006
61;7;0
61;7,5;0,0469103072157593
61;8;0,0391162456310534
61;8,5;0,0763144022397069
61;9;0,0737365179139487
61;9,5;0,126340283943558
61;10;0,0704424612778202
61;10,5;0,0820123974368103
61;11;0,0594348382684768
61;11,5;0,0549949789746146
61;12;0,043642888932631
61;12,5;0,0814248736092559
61;13;0,0952789763449069
61;13,5;0,0471995762692844
61;14;0
61;14,5;0,127538667971549
61;15;0,106748655084356
61;15,5;0,0813723572616389
61;16;0,364936788509795
61;16,5;0,0391176950231854
61;17;0,0308529029691149
61;17,5;0,0370587553939869
61;18;0,0874243587969989
61;18,5;0,117492864285006
61;19;0,0387644494309224
61;19,5;0,0601883555028557
61;20;0,0742684125415999
61;20,5;0,0656660789611241
61;21;0,0469769730542103
61;21,5;0,0328721778469753
61;22;0,0935078464171293
61;22,5;0,0534113417596996
61;23;0,062347523313812
61;23,5;0,0547010969927479
61;24;0,0631868570752495
61;24,5;0,0666748099994409
61;25;0,0540209936515614
61;25,5;0,0407759202921979
61;26;0,0445902906145948
61;26,5;0,157583247118594
61;27;0,0864992104129388
61;27,5;0,0344920412335313
61;28;0,028149450862656
61;28,5;0,0361173391782648
61;29;0,0482909290124428
61;29,5;0,0742948148405736
61;30;0,108379587109201
61;30,5;0,335160202192007
61;31;0,288224187371974
61;31,5;0
61;32;0
61;32,5;0,223812771519314
61;33;0,154540710393188
61;33,5;0,191545856496154
61;34;0,0879738073144825
61;34,5;0,0508822230898613
61;35;0,032776243624933
61;35,5;0,0805250994554768
61;36;0,0850328317945086
61;36,5;0,0649758140407368
61;37;0,0834328745955685
61;37,5;0,0837931580341339
61;38;0,0449482074236704
61;38,5;0,0285152525561171
61;39;0,229476555917306
61;39,5;0,100907812158533
61;40;0,0307945882691532
61;40,5;0,0300609423739552
61;41;0,0619705438790727
61;41,5;0,0869979770951487
61;42;0,0603961787921919
61;42,5;0,0539258477875845
61;43;0,0248781412372772
61;43,5;0,0625369358777897
61;44;0,0950916257922501
61;44,5;0,0846020784801905
61;45;0,102023259129832
61;45,5;0,0875970811148196
61;46;0,0540949452479118
61;46,5;0,220258157400664
61;47;0,291181712089071
61;47,5;0,118420689908615
61;48;0,0886573396630187
61;48,5;0,160654687362145
61;49;0,0785710635368801
61;49,5;0,0499978970733869
61;50;0,0519994840035328
61;50,5;0,0470506167009057
61;51;0,0316266459941946
61;51,5;0,0394998043813622
61;52;0,0962473587271468
61;52,5;0,0394828671055155
61;53;0,0290176942239229
61;53,5;0,0306140633601761
61;54;0,0488600500857502
61;54,5;0,128910091534953
61;55;0,271928648847275
61;55,5;0,283503937355718
61;56;0,0365628316646928
61;56,5;0,045446644589632
61;57;0,0536283465784429
61;57,5;0,0308828737966432
61;58;0,0297248930034956
61;58,5;0,0343649758759055
61;59;0,0454081131421515
61;59,5;0,0651142673773725
61;60;0,0667696050514765
61;60,5;0,0539384815170003
61;61;0,0670456619350852
61;61,5;0,0458961277827939
61;62;0,0463344255559151
61;62,5;0,0436249051911999
61;63;0,0478820362342642
61;63,5;0,0457735829870341
61;64;0,0279508785712225
61;64,5;0,0528362327166191
61;65;0,0528106394239233
61;65,5;0,0975350364399036
61;66;0,0593963282495123
61;66,5;0,0708277432488993
61;67;0,101875700937753
61;67,5;0,110350382780518
61;68;0,147358160738494
61;68,5;0,134955331740948
61;69;0,116398167224975
61;69,5;0,119233664150133
61;70;0
61;70,5;0
61;71;0,0535574457942124
61;71,5;0
61;72;0
61;72,5;0
61;73;0
61;73,5;0
61;74,5;0,182433549546129
61;75;0,181899138819558
61,5;-21;0
61,5;-20,5;0,073824416316314
61,5;-20;0,0197568553503166
61,5;-19,5;0
61,5;-19;0,0612399651643707
61,5;-18,5;0,0766633727882665
61,5;-18;0,090277627350302
61,5;-17,5;0,0449177310658337
61,5;-17;0,0319854877807331
61,5;-16,5;0
61,5;-16;0
61,5;-15,5;0,0880017045289465
61,5;-15;0,0645059950067656
61,5;-14,5;0,0571188818751441
61,5;-14;0,0553687261306718
61,5;-13,5;0,04552761399814
61,5;-13;0
61,5;-12,5;0,0784339849810017
61,5;-12;0,036318957400601
61,5;-11,5;0,0456106712659804
61,5;-11;0,0646088229269037
61,5;-10,5;0,0288010416478293
61,5;-10;0,0315737986613072
61,5;-9,5;0,047496867064601
61,5;-9;0,0401553800312554
61,5;-8,5;0,0610551757245741
61,5;-8;0
61,5;-7,5;0
61,5;-7;0
61,5;-6,5;0
61,5;-6;0,0451046162485217
61,5;-5,5;0,04789405922545
61,5;-5;0,0819867644528954
61,5;-4,5;0,0689554578870577
61,5;-4;0,0575501535016826
61,5;-3,5;0,0447213595499958
61,5;-3;0
61,5;-2,5;0
61,5;-2;0
61,5;-1,5;0,072481032001483
61,5;-1;0,0605125629127561
61,5;-0,5;0,0389547283434826
61,5;0;0,0721714084324392
61,5;0,5;0,0736218407715842
61,5;1;0,027560841786854
61,5;1,5;0,0587741439750508
61,5;2;0,0871619182900422
61,5;2,5;0,050670431684157
61,5;3;0,0947417845890948
61,5;3,5;0,0756709294398421
61,5;4;0,0557920414928455
61,5;4,5;0,0348731126647465
61,5;5;0,0441361529814278
61,5;5,5;0
61,5;6;0
61,5;6,5;0,0586898628384834
61,5;7;0,0901940870197893
61,5;7,5;0,116221508996567
61,5;8;0,129835299023982
61,5;8,5;0,0580016774005786
61,5;9;0,0801063529177167
61,5;9,5;0,160501870796264
61,5;10;0,0581115196664888
61,5;10,5;0,104667705484684
61,5;11;0,0751662267259149
61,5;11,5;0,047906017937435
61,5;12;0,0828438521598482
61,5;12,5;0,0670769458656748
61,5;13;0,0509737187185711
61,5;13,5;0,345316750338752
61,5;14;0,375733209131751
61,5;14,5;0,040303586502535
61,5;15;0,0450756939138843
61,5;15,5;0,0348673771618655
61,5;16;0,0336455958848848
61,5;16,5;0,0263559837795317
61,5;17;0,0273949359127048
61,5;17,5;0,0344868611175849
61,5;18;0,0264599171637414
61,5;18,5;0,113227235149769
61,5;19;0,140114065521228
61,5;19,5;0,0861459649242335
61,5;20;0,057821116224797
61,5;20,5;0,0774883966339685
61,5;21;0,0827261109875503
61,5;21,5;0,035381990160157
61,5;22;0,0903340901793836
61,5;22,5;0,114514643687028
61,5;23;0,138311689516071
61,5;23,5;0,138425036330968
61,5;24;0,124000260987302
61,5;24,5;0,0695352790945696
61,5;25;0,0342033260681515
61,5;25,5;0,048960800932506
61,5;26;0,0957882058025564
61,5;26,5;0,273396031195439
61,5;27;0,31022307404528
61,5;27,5;0,227278435725167
61,5;28;0,345509319942279
61,5;28,5;0,0351065796757046
61,5;29;0,0461722037875322
61,5;29,5;0,0431082499310887
61,5;30;0,175659711187897
61,5;30,5;0,162802189586195
61,5;31;0,143762608377727
61,5;31,5;0,0384771718506336
61,5;32;0,0182279220663559
61,5;32,5;0,0285197007931944
61,5;33;0,110493880928164
61,5;33,5;0,11414287753175
61,5;34;0,0664943755665243
61,5;34,5;0,0781453710123286
61,5;35;0,116660937988125
61,5;35,5;0,0987289861105273
61,5;36;0,0417848886928866
61,5;36,5;0,0389182786241529
61,5;37;0,0428268323150051
61,5;37,5;0,0331103374257111
61,5;38;0,194297255987342
61,5;38,5;0,0791674466898145
61,5;39;0,0288151166887844
61,5;39,5;0,0397422948507003
61,5;40;0,04428411625872
61,5;40,5;0,0368296521898223
61,5;41;0,034215622034515
61,5;41,5;0,126654906013906
61,5;42;0,134574737469116
61,5;42,5;0,0469984452897021
61,5;43;0,0277863186317582
61,5;43,5;0,0741847016801305
61,5;44;0,12747778560015
61,5;44,5;0,10186771295387
61,5;45;0,0845384401982839
61,5;45,5;0,0639133962657456
61,5;46;0,0680769903962991
61,5;46,5;0,314449860728671
61,5;47;0,354365306759734
61,5;47,5;0,064981368376873
61,5;48;0,0791080484738015
61,5;48,5;0,0295426679697219
61,5;49;0,0457791905314444
61,5;49,5;0,0432918599445328
61,5;50;0,0676132180327726
61,5;50,5;0,048803977417557
61,5;51;0,0244106843944417
61,5;51,5;0,0606797079901562
61,5;52;0,0424301112113071
61,5;52,5;0,0593229277438122
61,5;53;0,0274601907908996
61,5;53,5;0,0443458256168171
61,5;54;0,0459025036249027
61,5;54,5;0,164936558113563
61,5;55;0,240134559873237
61,5;55,5;0
61,5;56;0
61,5;56,5;0,0309716537067902
61,5;57;0,0490624509466073
61,5;57,5;0,0374689064394958
61,5;58;0,0299718358895331
61,5;58,5;0,0435876625053334
61,5;59;0,0364095425247604
61,5;59,5;0,0631654678483617
61,5;60;0,0438267822467639
61,5;60,5;0,0689643456552726
61,5;61;0,0613498988102964
61,5;61,5;0,0483201532417099
61,5;62;0,0521997247847691
61,5;62,5;0,0568164908839294
61,5;63;0,0277591449772887
61,5;63,5;0,0568717245046107
61,5;64;0,0404772292116949
61,5;64,5;0,0572544076353593
61,5;65;0,0554914407814394
61,5;65,5;0,118850647660311
61,5;66;0,0891662551228411
61,5;66,5;0,0965353522063242
61,5;67;0,0913483412243728
61,5;67,5;0,0759062812470979
61,5;68;0,0312143129562919
61,5;68,5;0,0776401957751267
61,5;69;0
61,5;69,5;0
61,5;70;0
61,5;70,5;0
61,5;71;0,0259422435421457
61,5;71,5;0
61,5;72,5;0
61,5;73;0
61,5;73,5;0
61,5;74;0,0494263762243062
61,5;74,5;0
62;-20,5;0,0391126577977002
62;-20;0,133738194850629
62;-19,5;0,113485211726605
62;-19;0,0666295372796123
62;-18,5;0,0540786464327649
62;-18;0,0967575806423698
62;-17,5;0,0852530991172222
62;-17;0,0611091009770412
62;-16,5;0,0106066017177982
62;-16;0
62;-15,5;0,0900198670882613
62;-15;0,252464702788026
62;-14,5;0,359594687365215
62;-14;0,0498843359151645
62;-13,5;0,0502156460787981
62;-13;0,0798747829567064
62;-12,5;0,0609137915418175
62;-12;0,0625366559174164
62;-11,5;0,0435803119509669
62;-11;0,0375014814522188
62;-10,5;0,0532096912397551
62;-10;0,097906361159812
62;-9,5;0,0392300904918661
62;-9;0,0403264835402899
62;-8,5;0,0705665101371832
62;-8;0,05063238188391
62;-7,5;0
62;-7;0,0100166528008778
62;-6,5;0,0320944628472661
62;-6;0
62;-5,5;0,0834386001800126
62;-5;0,114132963395039
62;-4,5;0,0561449018166387
62;-4;0,0846419195520432
62;-3,5;0,0528577816007972
62;-3;0,032553545633822
62;-2,5;0,0247963931068837
62;-2;0,0401251310750613
62;-1,5;0,0796583545741026
62;-1;0,109400923351109
62;-0,5;0,0988723568482008
62;0;0,0579773222257903
62;0,5;0,117197007050259
62;1;0,0288121451107402
62;1,5;0,14371164661828
62;2;0,0968554572124707
62;2,5;0,0724342402172077
62;3;0,0632044094904166
62;3,5;0
62;4;0
62;4,5;0
62;5;0
62;5,5;0,0388887301584062
62;6;0,0698895933824049
62;6,5;0,0427684797151226
62;7;0,0311440585176753
62;7,5;0,124767807738828
62;8;0,104884380788244
62;8,5;0,0333026525470069
62;9;0,100333491536025
62;9,5;0,0511495983391503
62;10;0,0548395188007668
62;10,5;0,0800090184117446
62;11;0,0463239591939452
62;11,5;0,0566992975690844
62;12;0,179722507766779
62;12,5;0,303988944149166
62;13;0,0774776533887603
62;13,5;0,411342922632686
62;14;0,376960997778489
62;14,5;0,0513954324448241
62;15;0,0555782681671582
62;15,5;0,044235700910272
62;16;0,0665014149072299
62;16,5;0,0345074888981822
62;17;0,0618600053868223
62;17,5;0,0912429973636401
62;18;0,0372196618174649
62;18,5;0,340188987694318
62;19;0,350177356603328
62;19,5;0,0677834257251011
62;20;0,0622808959473128
62;20,5;0,0964666971338502
62;21;0,0655956402395249
62;21,5;0,0585588131540646
62;22;0,0956326337027838
62;22,5;0,108166833065918
62;23;0,17429785050737
62;23,5;0,129720581242897
62;24;0,0631109625163774
62;24,5;0,0472369318551961
62;25;0,0368081880971808
62;25,5;0,0435802278324485
62;26;0,0292699362258729
62;26,5;0,061431325008563
62;27;0,176688484380903
62;27,5;0,161023362085304
62;28;0,283902470613612
62;28,5;0,0371906918593297
62;29;0,0341470675493844
62;29,5;0,0708592582712988
62;30;0,130746885407716
62;30,5;0,191771258742869
62;31;0,0916643454876375
62;31,5;0,0634764040573651
62;32;0,0618018500667998
62;32,5;0,0573599459837908
62;33;0,0723116037070852
62;33,5;0,0694568179113268
62;34;0,0820783582611231
62;34,5;0,124798910164674
62;35;0,0554689709440211
62;35,5;0,0346273496360392
62;36;0,0270800214937611
62;36,5;0,0533410891796539
62;37;0,0378563008878075
62;37,5;0,102963897972611
62;38;0,0510980839601365
62;38,5;0,041095127738085
62;39;0,0407642613081606
62;39,5;0,169849220034274
62;40;0,0531472022758055
62;40,5;0,031560875920812
62;41;0,050338657550382
62;41,5;0,048189470543108
62;42;0,137429892865241
62;42,5;0,0578376445343574
62;43;0,0373009159851783
62;43,5;0,0727971285279984
62;44;0,0886900181738142
62;44,5;0,0817286402365819
62;45;0,0351022163317055
62;45,5;0,0207428702610479
62;46;0,0601558285427512
62;46,5;0,0430501483265268
62;47;0,0211119198059944
62;47,5;0,0643433868285734
62;48;0,0126372465355393
62;48,5;0,0493110605019877
62;49;0,0470887855597296
62;49,5;0,0790711253059096
62;50;0,129607030890073
62;50,5;0,0351869084322841
62;51;0,081533769048982
62;51,5;0,0689712097746428
62;52;0,0512855682140917
62;52,5;0,0512159269422613
62;53;0,0786818950876705
62;53,5;0,0400197493822061
62;54;0,0395585414063537
62;54,5;0,0415059433495172
62;55;0
62;55,5;0
62;56;0
62;56,5;0,043263398790165
62;57;0,0376757430737818
62;57,5;0,0286422751944641
62;58;0,0445981644090507
62;58,5;0,0416978087865758
62;59;0,0465916998104606
62;59,5;0,0432666430850159
62;60;0,0272852496504036
62;60,5;0,0465316513921523
62;61;0,0590804536204657
62;61,5;0,0356253654952011
62;62;0,0570731682222046
62;62,5;0,0552752807922915
62;63;0,0542809695557658
62;63,5;0,0349898673379384
62;64;0,0618861390207739
62;64,5;0,0293504684800771
62;65;0,0675869809948632
62;65,5;0,0733069416379356
62;66;0,156521260097724
62;66,5;0,0964921649836183
62;67;0,10243414285866
62;67,5;0,123039830949169
62;68;0
62;68,5;0,0524908650061219
62;69;0
62;69,5;0
62;70;0
62;70,5;0
62;71;0,0662661301118452
62;71,5;0
62;72;0
62;72,5;0,311126983722081
62;73;0,05939696961967
62;73,5;0,0980559856193872
62;74;0,0888453712919249
62;74,5;0
62,5;-20,5;0
62,5;-20;0
62,5;-19,5;0
62,5;-19;0,0972595937243652
62,5;-18,5;0,0226053091109146
62,5;-18;0,0955356826880233
62,5;-17,5;0,0274307668448582
62,5;-17;0,0406301553505463
62,5;-16,5;0,030199337741083
62,5;-16;0
62,5;-15,5;0,325723921024036
62,5;-15;0,100984541723676
62,5;-14,5;0,296048269844764
62,5;-14;0,0912874580651691
62,5;-13,5;0,0843005915969143
62,5;-13;0,354997751328478
62,5;-12,5;0,0645948345230393
62,5;-12;0,0523052382143895
62,5;-11,5;0,0524454364985535
62,5;-11;0,163413664180893
62,5;-10,5;0,109458157463453
62,5;-10;0,0551094365785026
62,5;-9,5;0,299303222455643
62,5;-9;0,0427423064644944
62,5;-8,5;0,036354406296113
62,5;-8;0,0577951008668601
62,5;-7,5;0,106531638492985
62,5;-7;0,0722699415002146
62,5;-6,5;0,055732338612797
62,5;-6;0,0729177618965366
62,5;-5,5;0,120035887490843
62,5;-5;0,0675405029610373
62,5;-4,5;0,0484250156722447
62,5;-4;0,0395718153668564
62,5;-3,5;0,0548390752641233
62,5;-3;0,0550097998367389
62,5;-2,5;0,0418855277619542
62,5;-2;0,0322939225845582
62,5;-1,5;0,0609958104207895
62,5;-1;0,104443764773202
62,5;-0,5;0,0703262432368236
62,5;0;0,0728630408868085
62,5;0,5;0,0605128435359324
62,5;1;0,0482649725552349
62,5;1,5;0,0810140566978707
62,5;2;0,0739596216933648
62,5;2,5;0,0990168335856754
62,5;3;0
62,5;3,5;0,029698484809835
62,5;4;0
62,5;4,5;0
62,5;5;0
62,5;5,5;0
62,5;6;0,029698484809835
62,5;6,5;0,0686279423150888
62,5;7;0,0610649160861471
62,5;7,5;0,0696986245803909
62,5;8;0,078983635608128
62,5;8,5;0,0729472338387905
62,5;9;0,16402133604275
62,5;9,5;0,100422288804377
62,5;10;0,0690038971400371
62,5;10,5;0,0783083755699042
62,5;11;0,0589708521517942
62,5;11,5;0,126058391028594
62,5;12;0,32163212619762
62,5;12,5;0,315315530415059
62,5;13;0,111077678410316
62,5;13,5;0,0446593497079824
62,5;14;0,0378340027581788
62,5;14,5;0,0648045458796423
62,5;15;0,0517101146836007
62,5;15,5;0,0419980789603958
62,5;16;0,0372578520715246
62,5;16,5;0,0492828546049813
62,5;17;0,0729447851358863
62,5;17,5;0,0486915590685727
62,5;18;0,0601505341455158
62,5;18,5;0,0699656706946884
62,5;19;0,0772398860693101
62,5;19,5;0,00565685424949238
62,5;20;0,0520389530215487
62,5;20,5;0,055036575453794
62,5;21;0,0446492869319255
62,5;21,5;0,0526911267549829
62,5;22;0,0608052925867262
62,5;22,5;0,0597194294715736
62,5;23;0,205076137622645
62,5;23,5;0,0224037624391211
62,5;24;0,0543315701245153
62,5;24,5;0,0465907295331525
62,5;25;0,0529763871564855
62,5;25,5;0,0455384365821797
62,5;26;0,0474420161666764
62,5;26,5;0,0572181732916974
62,5;27;0,0556704531953384
62,5;27,5;0,0526720352759483
62,5;28;0,0476432348613557
62,5;28,5;0,0455234171894536
62,5;29;0,0691873416444919
62,5;29,5;0,0822022617747716
62,5;30;0,339875823008709
62,5;30,5;0,257250565342959
62,5;31;0,328595462915563
62,5;31,5;0,082969119106296
62,5;32;0,0382927885210938
62,5;32,5;0,212142447664241
62,5;33;0,0948661246279573
62,5;33,5;0,12467489540984
62,5;34;0,0620233151775666
62,5;34,5;0,0533510032281919
62,5;35;0,0251713206768216
62,5;35,5;0,0319475470223196
62,5;36;0,0354115146450717
62,5;36,5;0,0525639319189072
62,5;37;0,0560508784411625
62,5;37,5;0,071007210533511
62,5;38;0,0852912702702552
62,5;38,5;0,0572697719151634
62,5;39;0,116472920471136
62,5;39,5;0,0631537549250526
62,5;40;0,031537872039866
62,5;40,5;0,0338482153797975
62,5;41;0,032399020845145
62,5;41,5;0,0240416305603426
62,5;42;0,183678328025232
62,5;42,5;0,0664746359183762
62,5;43;0,0494669362077113
62,5;43,5;0,0443602477331605
62,5;44;0,0350174210960742
62,5;44,5;0,0378473008524806
62,5;45;0,0345874323445739
62,5;45,5;0,0876257080192928
62,5;46;0
62,5;46,5;0,104033994336649
62,5;47;0,028432082817362
62,5;47,5;0,0167992346764454
62,5;48;0,0201466055276246
62,5;48,5;0,0731594712617178
62,5;49;0,0872388289515406
62,5;49,5;0,0812846951469025
62,5;50;0,0397316861466761
62,5;50,5;0,0324640255425769
62,5;51;0,0646160590543814
62,5;51,5;0,0927194693686283
62,5;52;0,0366021964184484
62,5;52,5;0,0425324789391106
62,5;53;0,0549040397135269
62,5;53,5;0,0480862840151172
62,5;54;0,0422866604750876
62,5;54,5;0,0398853515697338
62,5;55;0,0378978891232744
62,5;55,5;0,0313654091140047
62,5;56;0
62,5;56,5;0,0240416305603426
62,5;57;0,0345594117596997
62,5;57,5;0,0266725153842505
62,5;58;0,0512290583424173
62,5;58,5;0,0542557570888155
62,5;59;0,0500268076955073
62,5;59,5;0,0485663030541725
62,5;60;0,0541027357065145
62,5;60,5;0,090403806414806
62,5;61;0,117862328303627
62,5;61,5;0,0656227691132198
62,5;62;0,0975854326560408
62,5;62,5;0,0608513087237983
62,5;63;0,0526130790650925
62,5;63,5;0,0560882140480693
62,5;64;0,066538603486484
62,5;64,5;0,0511871539664279
62,5;65;0,0657486415162838
62,5;65,5;0,0724390564640957
62,5;66;0,136180082618424
62,5;66,5;0,0825136467133734
62,5;67;0,0613525332267
62,5;67,5;0,102241381054835
62,5;68;0,0873585205409931
62,5;68,5;0,053264434663291
62,5;69;0
62,5;69,5;0
62,5;70;0
62,5;70,5;0
62,5;71;0
62,5;71,5;0
62,5;72;0,14050880853073
62,5;72,5;0,317607045410075
62,5;73;0,147181433811723
62,5;73,5;0,0514328040586291
62,5;74;0
63;-20;0
63;-19,5;0
63;-19;0,139294802027646
63;-18,5;0,104701804360084
63;-18;0,133643181644257
63;-17,5;0,0715367552586863
63;-17;0,0589024213262514
63;-16,5;0
63;-16;0,0511377225408667
63;-15,5;0,268751042778726
63;-15;0,365605198903681
63;-14,5;0,141828225731111
63;-14;0,0614118124979691
63;-13,5;0
63;-13;0,285362443796174
63;-12,5;0,277028365722754
63;-12;0,0547055755842126
63;-11,5;0,065089408005318
63;-11;0,289661698551678
63;-10,5;0,311340560230183
63;-10;0,325515556542265
63;-9,5;0,258025310248326
63;-9;0,236531869387969
63;-8,5;0,0538429253111363
63;-8;0,0321225950245479
63;-7,5;0,0605718122928846
63;-7;0,0484473549208872
63;-6,5;0,0740592065976361
63;-6;0,0797733097745164
63;-5,5;0,110524132111345
63;-5;0,115447158240517
63;-4,5;0,0791450960992476
63;-4;0,0507526358848591
63;-3,5;0,0516165201414736
63;-3;0,0489429332415387
63;-2,5;0,043840620433566
63;-2;0,109510273490664
63;-1,5;0,0852060850120279
63;-1;0,0694311698514347
63;-0,5;0,0658269905492133
63;0;0,0727764566910038
63;0,5;0,0902823895560235
63;1;0,0960937042682818
63;1,5;0
63;2;0
63;2,5;0
63;3;0,0463388874501598
63;3,5;0,122872965967969
63;4;0,0845014673233428
63;4,5;0,0357287621454263
63;5;0,0463971981912701
63;5,5;0
63;6;0
63;6,5;0,0517667279016847
63;7;0,043928316262941
63;7,5;0,0890294534957033
63;8;0,101702473805766
63;8,5;0,0729504943703598
63;9;0,0854347845075187
63;9,5;0,121547196307577
63;10;0,0989415441898228
63;10,5;0,107480230740355
63;11;0,0593035974175822
63;11,5;0,0614688455425349
63;12;0,336038606021454
63;12,5;0,273544886146391
63;13;0,129295867620152
63;13,5;0,0464257208988251
63;14;0,0344175230293069
63;14,5;0,085882924773652
63;15;0,0979745995751842
63;15,5;0,0812121372453346
63;16;0,0471185133013924
63;16,5;0,0458122711115391
63;17;0,063386327059051
63;17,5;0,0886314703090134
63;18;0,122694418690777
63;18,5;0,0349597617138892
63;19;0,0748415982067085
63;19,5;0,038681485363692
63;20;0,0442364767247107
63;20,5;0,0443312812808292
63;21;0,036411569199109
63;21,5;0,0421350200119381
63;22;0,0385008980276587
63;22,5;0,0983623060753662
63;23;0,205368703578887
63;23,5;0,0633245607959503
63;24;0,0687491275604468
63;24,5;0,0757153631202998
63;25;0,0381503509205658
63;25,5;0,0319777471969098
63;26;0,0563343475343525
63;26,5;0,18799898389711
63;27;0,0526051874545319
63;27,5;0,158846036788028
63;28;0,199466754108041
63;28,5;0,04278552425157
63;29;0,0678047021821892
63;29,5;0,20370914792702
63;30;0,348856444265652
63;30,5;0,286521181162758
63;31;0,26186468236711
63;31,5;0,0863296239257896
63;32;0,161850559868058
63;32,5;0,264924326493807
63;33;0,129972130434777
63;33,5;0,0891134675624852
63;34;0,0483037789487401
63;34,5;0,0474863004613021
63;35;0,0432961937690793
63;35,5;0,0351622838691765
63;36;0,047682301243248
63;36,5;0,122515902402355
63;37;0,0514844039325369
63;37,5;0,034653508426399
63;38;0,0366531787678021
63;38,5;0,242316574144781
63;39;0,358563492406045
63;39,5;0,080943944047236
63;40;0,0374037225625801
63;40,5;0,0295639607931308
63;41;0,0823392156796896
63;41,5;0,0489172771114665
63;42;0,072593882627063
63;42,5;0,0825499400080646
63;43;0,0503089744260546
63;43,5;0,0489532017537672
63;44;0,0442910283826781
63;44,5;0,0471274832271433
63;45;0,0493510180377919
63;45,5;0,0282715820735447
63;46;0,101540074352481
63;46,5;0,158728430307043
63;47;0,0269040509401326
63;47,5;0,0134541626552388
63;48;0,0171119990889584
63;48,5;0,0514228846700063
63;49;0,0818684739363904
63;49,5;0,0656481720611459
63;50;0,0466500420584015
63;50,5;0,0414398576456336
63;51;0,0548357721269784
63;51,5;0,0402645457192219
63;52;0,0475903292609727
63;52,5;0,0329890775101802
63;53;0,14797754496762
63;53,5;0,0444234730561657
63;54;0,0504714238148002
63;54,5;0,0488180630370412
63;55;0,0461270623642233
63;55,5;0,0387634251511039
63;56;0,0455979875716926
63;56,5;0,0285987761975928
63;57;0,0437068352708442
63;57,5;0,0452884018735735
63;58;0,0611938240725955
63;58,5;0,317840290685354
63;59;0,08791101364645
63;59,5;0,0398547515299267
63;60;0,0985547696843394
63;60,5;0,213353541656504
63;61;0,133225064489454
63;61,5;0,0931820952876974
63;62;0,0538055483852459
63;62,5;0,0482576486538121
63;63;0,0613110914315152
63;63,5;0,0698497648898865
63;64;0,0907822974588928
63;64,5;0,0716199377842196
63;65;0,0669934652674385
63;65,5;0,0456216322958017
63;66;0,103141246195044
63;66,5;0,0459277636852066
63;67;0
63;67,5;0
63;68;0
63;68,5;0
63;69;0
63;70,5;0
63;71;0
63;71,5;0
63;72;0,330450931941571
63;72,5;0,15782255600412
63;73;0,181517920358447
63;73,5;0,0377133928465737
63,5;-19,5;0
63,5;-19;0,0806381836766346
63,5;-18,5;0,0772878208152928
63,5;-18;0,0879517810477632
63,5;-17,5;0
63,5;-17;0,0889178531869985
63,5;-16,5;0,0211974841274462
63,5;-16;0
63,5;-15,5;0
63,5;-15;0,304881142596769
63,5;-14,5;0,0649039803607349
63,5;-14;0,0614518781920727
63,5;-13,5;0,193040151263927
63,5;-13;0,252782037398571
63,5;-12,5;0,0587894548367307
63,5;-12;0
63,5;-11,5;0,0869741340859453
63,5;-11;0,338704148188356
63,5;-10,5;0,286622283385876
63,5;-10;0,291421516021038
63,5;-9,5;0,0594385770728442
63,5;-9;0,0688064919417734
63,5;-8,5;0,0399028582339423
63,5;-8;0,0753358828055744
63,5;-7,5;0,289761188254202
63,5;-7;0,306437167894816
63,5;-6,5;0,114274437687715
63,5;-6;0,025579009251449
63,5;-5,5;0,0550878086936363
63,5;-5;0,0162634559672906
63,5;-4,5;0,0904464324495839
63,5;-4;0,0667115028715784
63,5;-3,5;0,0924084622025476
63,5;-3;0,0836300811681447
63,5;-2,5;0,0665094531096233
63,5;-2;0,0312471332018368
63,5;-1,5;0,0888380804917269
63,5;-1;0,0651279303511785
63,5;-0,5;0,0555199234938405
63,5;0;0
63,5;0,5;0,0578653609683721
63,5;1;0,0428221126677951
63,5;1,5;0,0827421078427206
63,5;2;0
63,5;2,5;0
63,5;3;0,0247487373415292
63,5;3,5;0,0922619808928877
63,5;4;0,0858917801532714
63,5;4,5;0,0788122572774256
63,5;5;0,093660739558341
63,5;5,5;0,0669319048887583
63,5;6;0,0394940693345854
63,5;6,5;0,0688821922579153
63,5;7;0
63,5;7,5;0,0977987504431181
63,5;8;0,0835341390148506
63,5;8,5;0,0594534996002642
63,5;9;0,134965674648532
63,5;9,5;0,213061923070711
63,5;10;0,105308949771426
63,5;10,5;0,0630687984135843
63,5;11;0,0848764222646761
63,5;11,5;0
63,5;12;0,0354562104171167
63,5;12,5;0,195151634075296
63,5;13;0,214806830898998
63,5;13,5;0,108535658874454
63,5;14;0,0374883276853433
63,5;14,5;0,315755075619364
63,5;15;0,289150100327633
63,5;15,5;0,0711602272273079
63,5;16;0,0538924918091627
63,5;16,5;0,0554628253878217
63,5;17;0,0838737778215612
63,5;17,5;0,0597505528964257
63,5;18;0,0333046909462374
63,5;18,5;0,109155095209187
63,5;19;0,0391314169579733
63,5;19,5;0,0355096648050159
63,5;20;0,0401525260457221
63,5;20,5;0,0489270351044012
63,5;21;0,0279232353194803
63,5;21,5;0,0359936287492844
63,5;22;0,0429774670968716
63,5;22,5;0,0648584156799027
63,5;23;0,312796374160316
63,5;23,5;0,055603582900498
63,5;24;0,0359365747634847
63,5;24,5;0,215652633116965
63,5;25;0,053868358059254
63,5;25,5;0,0324856307547444
63,5;26;0,044745188212051
63,5;26,5;0,0414640550012038
63,5;27;0,0261638002676302
63,5;27,5;0,375799616522764
63,5;28;0,290085457572481
63,5;28,5;0,0888567433194202
63,5;29;0,0619796850260809
63,5;29,5;0,0646614178496987
63,5;30;0,134821720823908
63,5;30,5;0,179895374498982
63,5;31;0,0735744756230275
63,5;31,5;0,0517046832405523
63,5;32;0,324825016866761
63,5;32,5;0,307114766454994
63,5;33;0,0912650122483813
63,5;33,5;0,110664316331376
63,5;34;0,0504432731840808
63,5;34,5;0,0518214689724698
63,5;35;0,03997610397336
63,5;35,5;0,0490924709815131
63,5;36;0,105959734983568
63,5;36,5;0,0946787197726395
63,5;37;0,0403586709968103
63,5;37,5;0,0855387627819786
63,5;38;0,0581390824983755
63,5;38,5;0,102737603922518
63,5;39;0,136746029542889
63,5;39,5;0,0437463125319136
63,5;40;0,0394650179086957
63,5;40,5;0,0372905613381226
63,5;41;0,0558645561503874
63,5;41,5;0,0277637222893891
63,5;42;0,0395057861946468
63,5;42,5;0,26083034191195
63,5;43;0,125181505245516
63,5;43,5;0,326907456527104
63,5;44;0,0539104167320121
63,5;44,5;0,0235389339520778
63,5;45;0,0308974189340389
63,5;45,5;0,0286568275603352
63,5;46;0,0597325397617917
63,5;46,5;0,0223485820466726
63,5;47;0,0335474582920639
63,5;47,5;0,0389109293112728
63,5;48;0,0190212175221059
63,5;48,5;0,0561604843283959
63,5;49;0,0327640699376469
63,5;49,5;0,0834545122955611
63,5;50;0,0778588319017575
63,5;50,5;0,0668078088395452
63,5;51;0,0635571506350304
63,5;51,5;0,0457049900480048
63,5;52;0,0473387932306878
63,5;52,5;0,0492237781847146
63,5;53;0,144608389521872
63,5;53,5;0,0702916814449869
63,5;54;0,0620205018530447
63,5;54,5;0,0646689471637874
63,5;55;0,0331580162567357
63,5;55,5;0,0404248273548158
63,5;56;0,0360344864057519
63,5;56,5;0,0532131383705011
63,5;57;0,0350452847138717
63,5;57,5;0,0350907593722857
63,5;58;0,114753803927683
63,5;58,5;0,118489576011889
63,5;59;0,0849715843737612
63,5;59,5;0,0819414150637241
63,5;60;0,267557739832254
63,5;60,5;0,265336876574244
63,5;61;0,110740116608993
63,5;61,5;0,107149108496585
63,5;62;0,0937664451979453
63,5;62,5;0,0588031835357525
63,5;63;0,0646497168002532
63,5;63,5;0,0746784636029258
63,5;64;0,170227748329612
63,5;64,5;0,0947739943233375
63,5;65;0,0237977589981354
63,5;65,5;0,0826941839746974
63,5;66;0,0740848712703687
63,5;66,5;0,0732315581638894
63,5;67;0,121984971751988
63,5;67,5;0,0772256630292225
63,5;68;0,0429059047995339
63,5;68,5;0,0299878763381592
63,5;69;0,146696171274736
63,5;69,5;0,0879218402901122
63,5;70;0
63,5;70,5;0
63,5;71;0
63,5;71,5;0
63,5;72;0,274327371025034
63,5;72,5;0,114163479274241
63,5;73;0
63,5;73,5;0
64;-19,5;0
64;-19;0
64;-18,5;0
64;-18;0,0438406204335659
64;-17,5;0
64;-17;0
64;-16,5;0
64;-16;0
64;-15,5;0,019919839356782
64;-15;0,0533510387277824
64;-14,5;0,1148287407659
64;-14;0,0479164078667959
64;-13,5;0,0453120714989881
64;-13;0,38651333589351
64;-12,5;0,0482574938666081
64;-12;0,347336429975658
64;-11,5;0,061323498176241
64;-11;0
64;-10,5;0,0383844586605916
64;-10;0,0980425077878638
64;-9,5;0
64;-9;0
64;-8,5;0,0535754919093921
64;-8;0,0303095144577848
64;-7,5;0,191218025649606
64;-7;0,198490602553261
64;-6,5;0,22341099474699
64;-6;0,0887407869737883
64;-5,5;0,0504310310115596
64;-5;0,0843237148665124
64;-4,5;0,114722412919812
64;-4;0,111599495041184
64;-3,5;0,0889600498886465
64;-3;0,0647389554514218
64;-2,5;0,0573106216415524
64;-2;0,140981956604071
64;-1,5;0,0613915554202944
64;-1;0,0602760317207429
64;-0,5;0
64;0;0
64;0,5;0,0557793271143829
64;1;0,05560412496794
64;1,5;0,0655110677672101
64;2;0,0421804124223345
64;2,5;0,0429359434284987
64;3;0,0651604354876575
64;3,5;0,0471034078860836
64;4;0,188237868767406
64;4,5;0,0689493924308078
64;5;0,141768504822632
64;5,5;0,149943396727639
64;6;0,0899112780903741
64;6,5;0,0676601890757833
64;7;0,146744975047233
64;7,5;0,120853498839786
64;8;0,125523504562406
64;8,5;0,0365912978305372
64;9;0
64;9,5;0,197255326002528
64;10;0,12839707755167
64;10,5;0,0538340279386799
64;11;0,288319682771892
64;11,5;0,387301357361605
64;12;0,0738982607452738
64;12,5;0,196110285050119
64;13;0,125421086662458
64;13,5;0,22961846838972
64;14;0,130976333740107
64;14,5;0,333382310749937
64;15;0,229137673317448
64;15,5;0,0806101825978675
64;16;0,0727159520779979
64;16,5;0,0367652529371064
64;17;0,0466283175763398
64;17,5;0,0387817715744345
64;18;0,0444697477116574
64;18,5;0,149590320093067
64;19;0,0607163710901769
64;19,5;0,0633780513842156
64;20;0,0425055062016151
64;20,5;0,0457762907798861
64;21;0,0497951512246403
64;21,5;0,0333956440666673
64;22;0,125838739257322
64;22,5;0,0653991492793854
64;23;0,0944631722370729
64;23,5;0,0273387393028038
64;24;0,227194924780801
64;24,5;0,342725981426406
64;25;0,0841946068912608
64;25,5;0,0491492152878204
64;26;0,0369755628070481
64;26,5;0,0385614074283751
64;27;0,0290457319662381
64;27,5;0,0239951383964891
64;28;0
64;28,5;0
64;29;0
64;29,5;0,0985631272762768
64;30;0,068956934557225
64;30,5;0,030408332191468
64;31;0,0285213370420579
64;31,5;0,0197989898732233
64;32;0,0762625597654447
64;32,5;0,102092533397375
64;33;0,0716130666368318
64;33,5;0,197507531682276
64;34;0,0446136651809636
64;34,5;0,0499711431879955
64;35;0,0742821310836933
64;35,5;0,115938837591333
64;36;0,0920663048415623
64;36,5;0,0743170375308619
64;37;0,0673453804351675
64;37,5;0,100315835742868
64;38;0,0456349907521891
64;38,5;0,115035773831166
64;39;0,119090175875592
64;39,5;0,0807940661338998
64;40;0,037604156552323
64;40,5;0,327854271808564
64;41;0,366700145021165
64;41,5;0,0298284116749439
64;42;0,0734403388639851
64;42,5;0,130618110889195
64;43;0,275835381675396
64;43,5;0,298440740580784
64;44;0,163518139424664
64;44,5;0,0284464607257133
64;45;0,0311422802342962
64;45,5;0,037400120635755
64;46;0,063590847416891
64;46,5;0,046160946345535
64;47;0,0784447441490849
64;47,5;0,068781547813087
64;48;0,0394248496193328
64;48,5;0,0613068147619944
64;49;0,0593406501043331
64;49,5;0,0710914085314716
64;50;0,044392653859641
64;50,5;0,0784518733273555
64;51;0
64;51,5;0,0639585940619864
64;52;0,0299821515532943
64;52,5;0,0516583912617795
64;53;0,0401621177096618
64;53,5;0,0599986694530342
64;54;0,0580214931804248
64;54,5;0,0735077431150783
64;55;0,0331359273680349
64;55,5;0,026706574222827
64;56;0,0257190705165504
64;56,5;0,0897241892033867
64;57;0,0439600441537276
64;57,5;0,0596688645753839
64;58;0,0449075865742515
64;58,5;0,0179045086101638
64;59;0
64;59,5;0
64;60;0,237820214071006
64;60,5;0,0739989119678869
64;61;0,0836004539308005
64;61,5;0,138262517731755
64;62;0,112061303375812
64;62,5;0,0915818108041954
64;63;0,0742991462754109
64;63,5;0,0458164557669798
64;64;0,14830349296276
64;64,5;0,101121983688545
64;65;0,0427122152707318
64;65,5;0,109021136423789
64;66;0,0751483445207579
64;66,5;0,0922444991262223
64;67;0,108411108192134
64;67,5;0,0464848433292042
64;68;0,0938571017854033
64;68,5;0,061038735838214
64;69;0,0844748958057385
64;69,5;0,0607037432490324
64;70;0,0909280196743818
64;70,5;0
64;71;0
64;71,5;0
64;72;0,116145089513857
64;72,5;0
64;73;0
64,5;-19;0
64,5;-18,5;0
64,5;-16,5;0
64,5;-16;0
64,5;-15,5;0,0997020561473032
64,5;-15;0,0276799165059756
64,5;-14,5;0
64,5;-14;0,0113137084989848
64,5;-13,5;0,069793982548641
64,5;-13;0,39172145716057
64,5;-12,5;0,018475208614068
64,5;-12;0,309108426801211
64,5;-11,5;0,289631928528242
64,5;-11;0
64,5;-10,5;0,0475078940808788
64,5;-10;0,103221733737568
64,5;-9,5;0,102980709140239
64,5;-9;0,0844455968273622
64,5;-8,5;0,0162634559672906
64,5;-8;0
64,5;-7,5;0
64,5;-7;0,334857183487727
64,5;-6,5;0,248078608173565
64,5;-6;0,076510493107518
64,5;-5,5;0,0416163679088178
64,5;-5;0,0455720256715622
64,5;-4,5;0,0659493448940475
64,5;-4;0,125990456932639
64,5;-3,5;0,0815259234260869
64,5;-3;0,0437291941869779
64,5;-2,5;0,0908366666055068
64,5;-2;0,065363088462322
64,5;-1,5;0,0807086792674178
64,5;-1;0,0814336140517965
64,5;-0,5;0,0742896272567626
64,5;0;0,0673062651863356
64,5;0,5;0,0590022598437269
64,5;1;0,0574082537823542
64,5;1,5;0,0193390796058137
64,5;2;0,0678724293558634
64,5;2,5;0,0332540724323102
64,5;3;0,212781668768317
64,5;3,5;0,0971314237850629
64,5;4;0,136295028896731
64,5;4,5;0,103872826584069
64,5;5;0,104470692587711
64,5;5,5;0,0683358973877922
64,5;6;0,064145056203063
64,5;6,5;0,0419396391655118
64,5;7;0,0510312044099433
64,5;7,5;0,241394652899677
64,5;8;0,203866271691104
64,5;8,5;0,0777142915499531
64,5;9;0,0448996897857562
64,5;9,5;0,0773659422768846
64,5;10;0
64,5;10,5;0,0780384520605067
64,5;11;0,473500087997176
64,5;11,5;0,324180518235383
64,5;12;0,0597426718694876
64,5;12,5;0,0545994400207064
64,5;13;0,196550171070643
64,5;13,5;0,188061359992669
64,5;14;0,132812492269239
64,5;14,5;0,139479782102585
64,5;15;0,043840620433566
64,5;15,5;0,038776281410161
64,5;16;0,040352294758882
64,5;16,5;0,0436847836653295
64,5;17;0,0661248118760063
64,5;17,5;0,0612763331357021
64,5;18;0,0468832792360046
64,5;18,5;0,0546221937090048
64,5;19;0,0472234974575286
64,5;19,5;0,0514749001350692
64,5;20;0,0601426083017135
64,5;20,5;0,0422611515000287
64,5;21;0,112345150813875
64,5;21,5;0,106838808018793
64,5;22;0,10540495638687
64,5;22,5;0,113677970279717
64,5;23;0,0468120145462931
64,5;23,5;0,0335777322427245
64,5;24;0,0449953872519126
64,5;24,5;0,0797399862068672
64,5;25;0,061303022813403
64,5;25,5;0,0725676628280796
64,5;26;0,0375302969010887
64,5;26,5;0,0764647014949555
64,5;27;0,0330045012301243
64,5;27,5;0,0432624328400299
64,5;28;0,0489470957444687
64,5;28,5;0,0716707750760378
64,5;29;0,0333816316757185
64,5;29,5;0
64,5;30;0
64,5;30,5;0,0270037034497122
64,5;31;0,023809608058459
64,5;31,5;0,308829693841087
64,5;32;0,284763049272143
64,5;32,5;0,104571381062764
64,5;33;0,0597270474495796
64,5;33,5;0,206455105064612
64,5;34;0,215690828115925
64,5;34,5;0,0907168547781252
64,5;35;0,0671490261412011
64,5;35,5;0,0922625455258179
64,5;36;0,124365571924974
64,5;36,5;0,0492018017002689
64,5;37;0,0645807077701379
64,5;37,5;0,0560834412367178
64,5;38;0,101520262196094
64,5;38,5;0,0654649932705667
64,5;39;0,0683095196600772
64,5;39,5;0,0705601455713488
64,5;40;0,0549559977006874
64,5;40,5;0,35646124166131
64,5;41;0,281441355160463
64,5;41,5;0,0655580532882984
64,5;42;0,0821894737119121
64,5;42,5;0,0962482088609556
64,5;43;0,176142996868771
64,5;43,5;0,175576271011649
64,5;44;0,085483001035923
64,5;44,5;0,0247014481045452
64,5;45;0,0385302249685992
64,5;45,5;0,0343167746975299
64,5;46;0,105192238571251
64,5;46,5;0,0589400315876227
64,5;47;0,0908111593729904
64,5;47,5;0,0741840599284964
64,5;48;0,0985036042267596
64,5;48,5;0,325620068993898
64,5;49;0,344833192291804
64,5;49,5;0,0545308053320206
64,5;50;0,0576572254771032
64,5;50,5;0,0275015151097777
64,5;51;0,0283385149323571
64,5;51,5;0,0526043394048107
64,5;52;0,0440090317070811
64,5;52,5;0,0256181336176833
64,5;53;0,0275213250649988
64,5;53,5;0,066987113188533
64,5;54;0,07015168547055
64,5;54,5;0,065592574721426
64,5;55;0,0690428353614921
64,5;55,5;0,0602622297813898
64,5;56;0,054875644290854
64,5;56,5;0,321953044265564
64,5;57;0,0500952639105718
64,5;57,5;0,0539965588291015
64,5;58;0,0713256429830028
64,5;58,5;0,0508248950857187
64,5;59;0,00424264068711929
64,5;59,5;0
64,5;60;0,0840509296528611
64,5;60,5;0,101509874972739
64,5;61;0,0757583497979105
64,5;61,5;0,0724168488682019
64,5;62;0,101531369771214
64,5;62,5;0,0870705163800872
64,5;63;0,0716581709882952
64,5;63,5;0,0851330783282328
64,5;64;0,0469220901035167
64,5;64,5;0,0863517830434474
64,5;65;0,0700108541901432
64,5;65,5;0,127050104945516
64,5;66;0,0726112938873837
64,5;66,5;0,105454571577844
64,5;67;0
64,5;67,5;0,0903300818344062
64,5;68;0,0925724697853642
64,5;68,5;0,0715101391412435
64,5;69;0,0585228486108102
64,5;69,5;0,0875475034451418
64,5;70;0,0979969619855869
64,5;70,5;0,0768957240745699
64,5;71;0,0865988837495419
64,5;71,5;0,0907254341163733
64,5;72;0,14649194679637
64,5;72,5;0
65;-18,5;0,0452268356915081
65;-18;0,0782133833389998
65;-16,5;0
65;-16;0
65;-15,5;0
65;-15;0,0226274169979695
65;-14,5;0
65;-14;0
65;-13,5;0,0601040764008565
65;-13;0
65;-12,5;0
65;-12;0,23369895164506
65;-11,5;0,142350155133975
65;-11;0
65;-10,5;0
65;-10;0
65;-9,5;0,0875069521047709
65;-9;0
65;-8,5;0,376123640106626
65;-8;0
65;-7,5;0
65;-7;0,340078912411027
65;-6,5;0,349336274172081
65;-6;0,0678641691509257
65;-5,5;0,0942001415427104
65;-5;0
65;-4,5;0,242468097540941
65;-4;0,279934900266288
65;-3,5;0
65;-3;0,0293375943874825
65;-2,5;0,0500109571327458
65;-2;0,0969293557184819
65;-1,5;0,102592728090946
65;-1;0,05998271545909
65;-0,5;0,0829478097392225
65;0;0,0881834365648278
65;0,5;0,116181601628494
65;1;0,106411693188319
65;1,5;0,0629763936236917
65;2;0,0405819037144749
65;2,5;0
65;3;0,269564063545532
65;3,5;0,236380775152788
65;4;0,1273759348852
65;4,5;0,0665260600566926
65;5;0,062910550139389
65;5,5;0,0622253967444162
65;6;0,056700244698923
65;6,5;0,0535375368983562
65;7;0,142536258746577
65;7,5;0,289688331282404
65;8;0,250341972561148
65;8,5;0,0634861607819959
65;9;0,0977378293086272
65;9,5;0,0997715546745261
65;10;0,17083622344069
65;10,5;0,0726856244383991
65;11;0
65;11,5;0,0395141324929027
65;12;0,0502820615556454
65;12,5;0,054951493761923
65;13;0,0377107751723902
65;13,5;0,0544084348036017
65;14;0,0548960740615248
65;14,5;0,0379789077765203
65;15;0,0628849621256025
65;15,5;0,049327978494619
65;16;0,0618044858113322
65;16,5;0,0643789914914372
65;17;0,0485399879973472
65;17,5;0,0598473838994313
65;18;0,0378691177050321
65;18,5;0,0504028113920882
65;19;0,0575872576608572
65;19,5;0,0513848636097723
65;20;0,0360966332393609
65;20,5;0,0531201468371465
65;21;0,139968409134188
65;21,5;0,0750632788607941
65;22;0,0464967023920335
65;22,5;0,0961333558312972
65;23;0,0465621333066314
65;23,5;0,0413410760212672
65;24;0,046620980858802
65;24,5;0,209438427700693
65;25;0,218608406188807
65;25,5;0,0657712425700347
65;26;0,0553903112474247
65;26,5;0,0928912757074856
65;27;0,0736432453535753
65;27,5;0,0550995024697482
65;28;0,0488420952104869
65;28,5;0,0615460237828429
65;29;0,0467507899787411
65;29,5;0,053852527673658
65;30;0,0811356888181767
65;30,5;0,0542567458147202
65;31;0,0347936177097659
65;31,5;0,0660302960768767
65;32;0,21905167455119
65;32,5;0,276721443001514
65;33;0,0654904768962829
65;33,5;0,146771773859805
65;34;0,172135307157382
65;34,5;0,105108787181934
65;35;0,030836666486506
65;35,5;0,0514276785636779
65;36;0,0640167254796834
65;36,5;0,0418767536946216
65;37;0,159307435401989
65;37,5;0,132183242411692
65;38;0,164817925516094
65;38,5;0,233433169938606
65;39;0,118402003065873
65;39,5;0,134642595655126
65;40;0,15737693914302
65;40,5;0,0679713771238167
65;41;0,110342620050474
65;41,5;0,0417236337842429
65;42;0,132502839615858
65;42,5;0,0805146381217208
65;43;0,159308774756087
65;43,5;0,242010787660124
65;44;0,0660731498384034
65;44,5;0,0308145819627407
65;45;0,0228998677045676
65;45,5;0,0308073034699557
65;46;0,0322102468168128
65;46,5;0,0222289226009719
65;47;0,0389849787922037
65;47,5;0,0445031365935781
65;48;0,027670859592507
65;48,5;0,324838892194812
65;49;0,28537927978978
65;49,5;0,031054100258374
65;50;0,0275119021862314
65;50,5;0,0498395640315718
65;51;0,0394564393484841
65;51,5;0,0602546068534085
65;52;0,0537403807999955
65;52,5;0,0412482921196436
65;53;0,0338525797399517
65;53,5;0,0322017811641674
65;54;0,0508936800267643
65;54,5;0,0664127039285992
65;55;0,0729392005997254
65;55,5;0,0571298874654226
65;56;0,0624008568489558
65;56,5;0,0523835064312398
65;57;0,0490853216308417
65;57,5;0,0694212991104771
65;58;0,0677318867935394
65;58,5;0,0871885078289329
65;59;0,0676623207935732
65;59,5;0,0810673983603956
65;60;0,0667771562474117
65;60,5;0,159009191800107
65;61;0,152796978591419
65;61,5;0
65;62;0,190211724139181
65;62,5;0,0898885736065749
65;63;0,0643863810180853
65;63,5;0,0837728504719188
65;64;0,213727425528822
65;64,5;0,16841042757319
65;65;0,0390429627612515
65;65,5;0,0726293823043611
65;66;0,0706645971765045
65;66,5;0,109278586757926
65;67;0,0507219804251137
65;67,5;0,0719237750105256
65;68;0,0962704523724699
65;68,5;0
65;69;0
65;69,5;0
65;70;0,0498515219669795
65;70,5;0
65;71;0,0320039060116105
65;71,5;0,129137910777587
65;72;0,15556349186104
65,5;-18,5;0,0621409687726221
65,5;-18;0,0530269847446667
65,5;-17,5;0
65,5;-17;0,0830676978388256
65,5;-16,5;0,0806740354761059
65,5;-16;0,0975807358037436
65,5;-15,5;0,105383163318962
65,5;-15;0,0647701647552655
65,5;-14,5;0,065451848288986
65,5;-14;0,0490679028582748
65,5;-13,5;0,0258907963055085
65,5;-13;0,0169705627484771
65,5;-12,5;0
65,5;-12;0
65,5;-11,5;0
65,5;-11;0
65,5;-10,5;0
65,5;-10;0
65,5;-9,5;0
65,5;-9;0
65,5;-8,5;0
65,5;-8;0
65,5;-7,5;0
65,5;-7;0,37567446013803
65,5;-6,5;0,26305619964396
65,5;-6;0,412096735848477
65,5;-5,5;0
65,5;-5;0
65,5;-4,5;0,231741235001456
65,5;-4;0,36857672408667
65,5;-3,5;0,110660355528592
65,5;-3;0,0899521477725179
65,5;-2,5;0,081610340147849
65,5;-2;0,070670736101844
65,5;-1,5;0,100850384233279
65,5;-1;0,0626969278506113
65,5;-0,5;0,0698158291507019
65,5;0;0,0728900019272354
65,5;0,5;0,0684464617687063
65,5;1;0,103619394704975
65,5;1,5;0,0805155617369598
65,5;2;0,0417370738472803
65,5;2,5;0
65,5;3;0
65,5;3,5;0,324169176466178
65,5;4;0
65,5;4,5;0,0572817597495049
65,5;5;0,0604482868625355
65,5;5,5;0,0735980510494644
65,5;6;0,0917006360093444
65,5;6,5;0,109114513810872
65,5;7;0,106019947022561
65,5;7,5;0,115271204337643
65,5;8;0
65,5;8,5;0,0501338209196147
65,5;9;0,131479137646866
65,5;9,5;0,215189479372878
65,5;10;0,160786235984591
65,5;10,5;0,128513181076642
65,5;11;0,124978775975941
65,5;11,5;0,130302997097655
65,5;12;0,0597034337370976
65,5;12,5;0,123931943689537
65,5;13;0,0848920883632077
65,5;13,5;0,0585474166808408
65,5;14;0,0325166623953525
65,5;14,5;0,0561502055938827
65,5;15;0,0596095319248214
65,5;15,5;0,0814454931938037
65,5;16;0,0647538585346229
65,5;16,5;0,0440637967249553
65,5;17;0
65,5;17,5;0
65,5;18;0,0590982925906875
65,5;18,5;0,104883702365169
65,5;19;0,212180943484041
65,5;19,5;0,318958252609269
65,5;20;0,0516485255001089
65,5;20,5;0,042997687569957
65,5;21;0,0620385915548158
65,5;21,5;0,078949280483668
65,5;22;0,0388539466034876
65,5;22,5;0,0587151941661954
65,5;23;0,0540307747065005
65,5;23,5;0,0639330620579068
65,5;24;0,105040253651722
65,5;24,5;0,339108900322103
65,5;25;0,328650978067334
65,5;25,5;0,0289298000914858
65,5;26;0,0253820802929941
65,5;26,5;0,0527602316660432
65,5;27;0,0803084677976115
65,5;27,5;0,0863117717997928
65,5;28;0,0945720107504927
65,5;28,5;0,0920405089537294
65,5;29;0,0585087326377165
65,5;29,5;0,0521533354800183
65,5;30;0,0506108177966804
65,5;30,5;0,041714306099147
65,5;31;0,0561673324163542
65,5;31,5;0
65,5;32;0,0632485648246737
65,5;32,5;0,220796822510092
65,5;33;0,0886808019472016
65,5;33,5;0,0657670573474892
65,5;34;0,0574659319365251
65,5;34,5;0
65,5;35,5;0,0767613249631676
65,5;36;0,0808038627024864
65,5;36,5;0,0547101072319671
65,5;37;0,0552016783842909
65,5;37,5;0,146018422813197
65,5;38;0,315401405545452
65,5;38,5;0,21693333177847
65,5;39;0,133446499594288
65,5;39,5;0,141648619732881
65,5;40;0,162235835474339
65,5;40,5;0,113974978184573
65,5;41;0,19150906719335
65,5;41,5;0,043685492125215
65,5;42;0,0585094989882965
65,5;42,5;0
65,5;43;0
65,5;43,5;0
65,5;44;0,0330951010617238
65,5;44,5;0,0362924899612331
65,5;45;0,0562063844919566
65,5;45,5;0,0235153266665657
65,5;46;0,046636505404711
65,5;46,5;0,0317364144162506
65,5;47;0,0290061245801278
65,5;47,5;0,0362531503333284
65,5;48;0
65,5;49,5;0
65,5;50;0,0586162188401053
65,5;50,5;0,0672458177138177
65,5;51;0,029310786789546
65,5;51,5;0,0264911503289614
65,5;52;0,0563663288250183
65,5;52,5;0,043154487186268
65,5;53;0,0631276086892762
65,5;53,5;0,0376356672902309
65,5;54;0,043717605360909
65,5;54,5;0,049940597715108
65,5;55;0,0506383445176071
65,5;55,5;0,0347004603891578
65,5;56;0,0340054175250449
65,5;56,5;0,0599087008624323
65,5;57;0,081315631540148
65,5;57,5;0,0559430365044063
65,5;58;0,0501671908280015
65,5;58,5;0,103333294042745
65,5;59;0,0703389109141718
65,5;59,5;0,0719352329589874
65,5;60;0,0725698938455447
65,5;60,5;0,0246762368822044
65,5;61;0,0847938677028003
65,5;61,5;0
65,5;62;0,202305668070208
65,5;62,5;0,086824660892689
65,5;63;0,0614910463440638
65,5;63,5;0,131972445060677
65,5;64;0,157730313073943
65,5;64,5;0,0675301734362079
65,5;65;0,0639887389477337
65,5;65,5;0,0984120361223918
65,5;66;0,0611176833013262
65,5;66,5;0,0771013762667193
65,5;67;0,0759268786997787
65,5;67,5;0,0397523584206019
65,5;68;0,0311126983722081
65,5;68,5;0
65,5;69;0
65,5;69,5;0
65,5;70;0
65,5;70,5;0
65,5;71;0
65,5;71,5;0
66;-17;0,0491258022269809
66;-16,5;0,0593997755326847
66;-16;0,110230944435359
66;-15,5;0,0971815311671925
66;-15;0,0549526058425703
66;-14,5;0,0859740535207447
66;-14;0,0608053735067341
66;-13,5;0,0668055458205451
66;-13;0,0836583486464179
66;-12,5;0,0594978991225741
66;-12;0,0303685692781204
66;-11,5;0,089095454429505
66;-11;0
66;-10,5;0
66;-10;0
66;-9,5;0
66;-9;0
66;-8,5;0
66;-8;0
66;-7,5;0
66;-7;0
66;-6,5;0
66;-6;0,0481828115963912
66;-5,5;0,0304055915910215
66;-5;0
66;-4,5;0
66;-4;0
66;-3,5;0
66;-3;0
66;-2,5;0,0628457105404445
66;-2;0,0959363741173695
66;-1,5;0,0501406355497548
66;-1;0,0436362807764365
66;-0,5;0,0650330364763428
66;0;0,123430734417447
66;1;0
66;1,5;0,0474063990054788
66;2;0,052348193219378
66;2,5;0
66;3;0
66;3,5;0
66;4;0,0422784421031176
66;4,5;0,138916333161539
66;5;0,0997479515887612
66;5,5;0,0756604255869606
66;6;0,0648580501300083
66;6,5;0,0367994565177259
66;7;0,0260576284415908
66;7,5;0,0694040104508858
66;8;0
66;8,5;0
66;9;0,0536935044883683
66;9,5;0,157512558264187
66;10;0,25430886157962
66;10,5;0,261406465094764
66;11;0,25774780796961
66;11,5;0,173891405725999
66;12;0,165276549444598
66;12,5;0,111837167217907
66;13;0,128037828366471
66;13,5;0
66;14;0
66;14,5;0,0975807358037436
66;15;0,0533241768455671
66;15,5;0,0966859933945001
66;16;0,0594792845054922
66;16,5;0,0592134579237759
66;17;0,0558278127894248
66;17,5;0,0495543820626309
66;18;0,064010343551903
66;18,5;0,0481138005657218
66;19;0,182588813151455
66;19,5;0,234505522210224
66;20;0,0557216513805483
66;20,5;0,0600726585958782
66;21;0,0774141164188197
66;21,5;0,0483495367128624
66;22;0,0399461375158979
66;22,5;0,0425528759632913
66;23;0,0427712130604998
66;23,5;0,0503204950069247
66;24;0,046851784849563
66;24,5;0,0302277072520277
66;25;0,0406000234576521
66;25,5;0,0457499985310535
66;26;0,0416722035536832
66;26,5;0,0436198848251513
66;27;0,0306749471222426
66;27,5;0,0335947326318585
66;28;0,0730545458316364
66;28,5;0,0788299785938963
66;29;0,060979432828374
66;29,5;0,0759581356062659
66;30;0,107248518911653
66;30,5;0,0414534328708033
66;31;0,046335437724442
66;31,5;0,104768744475652
66;32;0,0855678129939487
66;32,5;0,224213943231781
66;33;0,241439860325188
66;33,5;0,0551543289325507
66;35;0,060139506432279
66;35,5;0,0561944496945258
66;36;0,0971191617496124
66;36,5;0,10247099718046
66;37;0,117353495238108
66;37,5;0,16308657021483
66;38;0,0846003459651021
66;38,5;0,124834685946069
66;39;0,147295821850504
66;39,5;0,155004823022752
66;40;0,143868906283192
66;40,5;0,148405073364335
66;41;0,1412213008801
66;41,5;0,111133496316397
66;42;0,101817413610275
66;42,5;0,0426705444342914
66;43;0,0281186081889238
66;43,5;0,0372853113765253
66;44;0,0554375683051831
66;44,5;0,0474450876366788
66;45;0,0744236112604292
66;45,5;0,0665042043438029
66;46;0,0278011584608395
66;46,5;0,0228207299244725
66;47;0,0306124780036476
66;47,5;0,0707103414003382
66;48;0
66;48,5;0,0664472579963846
66;49;0,0756703376495705
66;49,5;0
66;50;0,0409074941413316
66;50,5;0,0497055616319025
66;51;0,0518313657565617
66;51,5;0,0443831031867404
66;52;0,0398275046695764
66;52,5;0,0490345297791667
66;53;0,100054824309353
66;53,5;0,335825268516596
66;54;0,217960803236536
66;54,5;0,0548404053276157
66;55;0,0492608538909517
66;55,5;0,0431773997955799
66;56;0,0545014691997155
66;56,5;0,0454634432849589
66;57;0,0821865888367158
66;57,5;0,055345970680694
66;58;0,137950217469926
66;58,5;0,0380970420818286
66;59;0,0732020864084177
66;59,5;0,0852022838113314
66;60;0,161596307713594
66;60,5;0,310903057416795
66;61;0,0710123043452404
66;61,5;0,223412819249205
66;62;0,144717390182581
66;62,5;0,110904205996894
66;63;0,13205420107085
66;63,5;0,105737040583763
66;64;0,127231263004477
66;64,5;0,031585484912264
66;65;0,16635664389207
66;65,5;0,0650541654657443
66;66;0,116766470915921
66;66,5;0,0787966792870529
66;67;0,0814387202227242
66;67,5;0,0924243552204098
66;68;0,021377558326432
66;68,5;0,0402988833592198
66;69;0,0401189204463153
66;69,5;0
66;70;0
66;70,5;0,0623670013480114
66;71;0,0417193000900063
66;71,5;0
66,5;-17;0
66,5;-16,5;0
66,5;-16;0
66,5;-15,5;0,0852289982509307
66,5;-15;0,129400540957138
66,5;-14,5;0,0709341635289763
66,5;-14;0,0815146147084509
66,5;-13,5;0,0876978715059075
66,5;-13;0,0933765013034382
66,5;-12,5;0,0727751277004902
66,5;-12;0,046934469683213
66,5;-11,5;0,0500249937531231
66,5;-11;0,0711073132666395
66,5;-10,5;0,0216333076527839
66,5;-10;0,067339933669901
66,5;-9,5;0
66,5;-9;0
66,5;-8,5;0
66,5;-8;0
66,5;-7,5;0
66,5;-7;0
66,5;-6,5;0
66,5;-6;0
66,5;-5,5;0
66,5;-5;0
66,5;-4,5;0
66,5;-4;0
66,5;-3,5;0
66,5;-3;0
66,5;-2,5;0
66,5;-2;0
66,5;-1,5;0
66,5;-1;0,0176776695296637
66,5;-0,5;0,0600274937008035
66,5;0;0,0730790488377637
66,5;0,5;0,0507296215784674
66,5;1;0,0885927009785042
66,5;1,5;0,0415083659572916
66,5;2;0
66,5;2,5;0
66,5;3;0
66,5;3,5;0
66,5;4;0,0456535869346539
66,5;4,5;0,0127279220613579
66,5;5;0
66,5;5,5;0
66,5;6;0
66,5;6,5;0,0611010092660779
66,5;7;0,0468926078040736
66,5;7,5;0,089257094661256
66,5;8;0,0798553132398313
66,5;8,5;0
66,5;9;0
66,5;9,5;0,144680398058678
66,5;10;0,136492279814573
66,5;10,5;0,20459195357068
66,5;11;0,184149523533307
66,5;11,5;0,134656363992336
66,5;12;0,117666194522188
66,5;12,5;0,154754195159744
66,5;13;0,164649520460091
66,5;13,5;0,10299526999346
66,5;14;0,017202574558146
66,5;14,5;0
66,5;15;0,0211378694245547
66,5;15,5;0
66,5;16;0
66,5;16,5;0,0362349738972354
66,5;17;0,062291920830953
66,5;17,5;0,0695753904879869
66,5;18;0,306200867307673
66,5;18,5;0,299153462319532
66,5;19;0,0706757919486409
66,5;19,5;0,0346741978998794
66,5;20;0,0515535026585356
66,5;20,5;0,0446186577048729
66,5;21;0,075109245055522
66,5;21,5;0,291043795228039
66,5;22;0,106802349859373
66,5;22,5;0,0566096957919547
66,5;23;0,0682608110670107
66,5;23,5;0,140714249456123
66,5;24;0,134788652906619
66,5;24,5;0,129315174549046
66,5;25;0,0539642738961885
66,5;25,5;0,0464245983648037
66,5;26;0,0603799462009185
66,5;26,5;0,0591764914713363
66,5;27;0,0524191491324229
66,5;27,5;0,0351797903214164
66,5;28;0,130588885985206
66,5;28,5;0,097340419465886
66,5;29;0,0829620103221659
66,5;29,5;0,044803611867389
66,5;30;0,0420509894566788
66,5;30,5;0,0556404741894256
66,5;31;0,0681231811323104
66,5;31,5;0,113236633718241
66,5;32;0,108170041178229
66,5;32,5;0,117027999011145
66,5;33;0,125561644092976
66,5;33,5;0,0401041735588966
66,5;34;0,0324802970579041
66,5;34,5;0,0418449519058154
66,5;35;0,0646804715953517
66,5;35,5;0,041360609279845
66,5;36;0,118516826211463
66,5;36,5;0,0697695130141852
66,5;37;0,117833858384669
66,5;37,5;0,0572830898341944
66,5;38;0,0551935986626469
66,5;38,5;0,112649631869969
66,5;39;0,119427084748095
66,5;39,5;0,113268793618733
66,5;40;0,139739449105697
66,5;40,5;0,131656593532909
66,5;41;0,108521904514243
66,5;41,5;0,0953020560892643
66,5;42;0,0908795507357705
66,5;42,5;0,0466424691406473
66,5;43;0,0352501423541968
66,5;43,5;0,150935759578931
66,5;44;0,0817010514456921
66,5;44,5;0,14591072820118
66,5;45;0,068676726784056
66,5;45,5;0,0767688299165309
66,5;46;0,0398775819033895
66,5;46,5;0,0521361257647334
66,5;47;0,0467806320631935
66,5;47,5;0,021092314104567
66,5;48;0,00788669766125214
66,5;48,5;0,0208083850620102
66,5;49;0
66,5;49,5;0
66,5;50;0
66,5;50,5;0
66,5;51;0,0423854629858808
66,5;51,5;0,0413677410550782
66,5;52;0,0398030915414454
66,5;52,5;0,0676984649374131
66,5;53;0,0732204361466356
66,5;53,5;0,234310029114397
66,5;54;0,0651289109097064
66,5;54,5;0,0667063320595737
66,5;55;0,0763613403407937
66,5;55,5;0,0529562263077903
66,5;56;0,0513518758324869
66,5;56,5;0,016391054470859
66,5;57;0,0528501925932428
66,5;57,5;0,0620305929876796
66,5;58;0,0466021073585349
66,5;58,5;0,0501499727103201
66,5;59;0,0686140575165825
66,5;59,5;0,0562416660492912
66,5;60;0,302501930872876
66,5;60,5;0,316996884842738
66,5;61;0,34762451359866
66,5;61,5;0,329122440741586
66,5;62;0,269618152172076
66,5;62,5;0,190694642400662
66,5;63;0,24644533516747
66,5;63,5;0,142894416944608
66,5;64;0,140027980623963
66,5;64,5;0,0926342869088499
66,5;65;0,0841610178353192
66,5;65,5;0,0747172129081506
66,5;66;0
66,5;66,5;0
66,5;67;0
66,5;67,5;0,0722851857362425
66,5;68;0,0780161765887294
66,5;68,5;0,243715118167769
66,5;69;0,340314007248323
66,5;69,5;0,0493860521084359
66,5;70;0,05790484805758
66,5;70,5;0,0813519044211085
66,5;71;0
67;-16,5;0
67;-16;0
67;-15,5;0
67;-15;0
67;-14,5;0
67;-14;0
67;-13,5;0
67;-13;0
67;-12,5;0,0571608007541632
67;-12;0,0425096627670866
67;-11,5;0,0451575021452693
67;-11;0,0702436236726627
67;-10,5;0,0411083933035579
67;-10;0,139078591254925
67;-9,5;0,0809543455325658
67;-9;0
67;-8,5;0,021920310216783
67;-8;0
67;-7,5;0
67;-7;0,026615784790233
67;-6,5;0,0410121933088198
67;-6;0,021920310216783
67;-5,5;0,0471224763544721
67;-5;0,030556505035753
67;-4,5;0
67;-4;0
67;-3,5;0
67;-3;0
67;-2,5;0
67;-2;0
67;-1,5;0
67;-1;0
67;-0,5;0
67;0;0,0667531433181775
67;0,5;0,0652717638956949
67;1;0,0880429660972994
67;1,5;0,0961812396822146
67;2;0,103797668779005
67;2,5;0,173325320327604
67;3;0,089095454429505
67;3,5;0,0189208879284245
67;4;0
67;4,5;0,105614737263664
67;5;0,0885827565720596
67;5,5;0,0748097587217069
67;6;0,0904733846682732
67;6,5;0,0407647723735417
67;7;0
67;7,5;0,0539761852248616
67;8;0,0591002129000832
67;8,5;0,0586898628384834
67;9;0,118294457827249
67;9,5;0,147504130557312
67;10;0,10396379651184
67;10,5;0,32838651007616
67;11;0,0921985012696174
67;11,5;0,0429301758673313
67;12;0
67;12,5;0,0559285258164383
67;13;0,0812357176989615
67;13,5;0,111226932436911
67;14;0,143464126753083
67;14,5;0,0595000090945462
67;15;0,0426612487259473
67;15,5;0,0501622820997465
67;16;0,051618795026618
67;16,5;0,0225514227193467
67;17;0,0516746040708814
67;17,5;0,0618469529083332
67;18;0,256236557559517
67;18,5;0,328068019998827
67;19;0,085474332828844
67;19,5;0,0495163242412678
67;20;0,34375361469961
67;20,5;0,365154626857105
67;21;0,359460276050747
67;21,5;0,324249779219156
67;22;0,20327678962924
67;22,5;0,0571562694770597
67;23;0,0531369001610948
67;23,5;0,0576024705666746
67;24;0,0565520486854925
67;24,5;0,12354320328097
67;25;0
67;25,5;0
67;26;0,0379243265656036
67;26,5;0
67;27;0,0430731407555272
67;27,5;0,0370056120416977
67;28;0,199725343667812
67;28,5;0,0878546240066486
67;29;0,0434114451663219
67;29,5;0
67;30;0,0526402887530074
67;30,5;0,110341031454787
67;31;0,153718304107038
67;31,5;0,114929340017817
67;32;0,135654605453248
67;32,5;0,11938203414148
67;33;0,122030763524518
67;33,5;0,0596121039821316
67;34;0,0626549507791911
67;34,5;0,0742245967069039
67;35;0,00777817459305203
67;35,5;0,0898025612106915
67;36;0,0444833302110652
67;36,5;0,0502267082558893
67;37;0,034763829040021
67;37,5;0,0621158133570337
67;38;0,0869679744010896
67;38,5;0,107669021698993
67;39;0,168406272826379
67;39,5;0,197370191890921
67;40;0,197174493665841
67;40,5;0,12086354982839
67;41;0,0905378441289177
67;41,5;0,120710193611604
67;42;0,140061883869707
67;42,5;0,0640822408849593
67;43;0,165853166673016
67;43,5;0,150803210678524
67;44;0,0694748292113007
67;44,5;0,107993574902425
67;45;0,107421405813582
67;45,5;0,116027668436068
67;46;0,0309557273610492
67;46,5;0,0460293352081007
67;47;0,0514208850537607
67;47,5;0,0600788518410448
67;48;0,0738455464466669
67;48,5;0,070897076119533
67;49;0,0593839404296514
67;49,5;0,0664853167886327
67;50;0,0337126748337245
67;50,5;0,0441297046221649
67;51;0,0309866616887715
67;51,5;0,0600759266184412
67;52;0,0367311402854127
67;52,5;0,0281228987819079
67;53;0,0431133610933073
67;53,5;0,0448938748606088
67;54;0,0741530876484683
67;54,5;0,0579098725850481
67;55;0,0683390177268705
67;55,5;0,0452532871734198
67;56;0,0250066657780147
67;56,5;0,0418652600612966
67;57;0,0145454951298135
67;57,5;0,0407778176139519
67;58;0,0471518954844006
67;58,5;0,0458786611831341
67;59;0,0565400709539464
67;59,5;0,0858928146573163
67;60;0,173489287758734
67;60,5;0,144166424297535
67;61;0,296913615094473
67;61,5;0,251593683333876
67;62;0,212562281894532
67;62,5;0,139583905471464
67;63;0,32057247207387
67;63,5;0,105052927836681
67;64;0,0462980681142433
67;64,5;0,119664381093808
67;65;0,0947228461482106
67;65,5;0,0819026716233825
67;66;0,0424264068711929
67;66,5;0,0359212100761282
67;67;0
67;67,5;0,0531456255616572
67;68;0,0962110774732901
67;68,5;0,329596645489527
67;69;0,265234198026868
67;69,5;0,124408935906282
67;70;0
67;70,5;0
67,5;-16,5;0
67,5;-16;0,0691761037738707
67,5;-15,5;0
67,5;-15;0,0371124417592447
67,5;-14,5;0
67,5;-14;0
67,5;-13,5;0
67,5;-13;0
67,5;-12,5;0
67,5;-12;0
67,5;-11,5;0
67,5;-11;0
67,5;-10,5;0
67,5;-10;0
67,5;-9,5;0
67,5;-9;0
67,5;-8,5;0
67,5;-8;0
67,5;-7,5;0,0540357906083243
67,5;-7;0,0564907072003883
67,5;-6,5;0,0783517708797957
67,5;-6;0,0378103034584364
67,5;-5,5;0,149283784623945
67,5;-5;0,114084155098087
67,5;-4,5;0,0206478408879314
67,5;-4;0,0470233984309939
67,5;-3,5;0,0124498995979887
67,5;-3;0
67,5;-2,5;0
67,5;-2;0
67,5;-1,5;0
67,5;-1;0
67,5;1,5;0,0690387701125688
67,5;2;0,0764204798701876
67,5;2,5;0,115195993676275
67,5;3;0,116658652086844
67,5;3,5;0,105821122655167
67,5;4;0,138580373529357
67,5;4,5;0,0446654228682546
67,5;5;0,0402036482589992
67,5;5,5;0,0656277380381192
67,5;6;0,0155563491861041
67,5;6,5;0,0481801739999625
67,5;7;0,116107377357871
67,5;7,5;0,106998566260573
67,5;8;0,0410121933088198
67,5;8,5;0
67,5;9;0,108002911015763
67,5;9,5;0,159536232636381
67,5;10;0,181589968518822
67,5;10,5;0
67,5;11;0,0888561656938796
67,5;11,5;0
67,5;12;0
67,5;12,5;0
67,5;13;0,0388908729652601
67,5;13,5;0,0378583849357249
67,5;14;0,0607187177482317
67,5;14,5;0,0839488127495281
67,5;15;0,0888711990344752
67,5;15,5;0,045760115190988
67,5;16;0,0558650447579383
67,5;16,5;0,0469114379073585
67,5;17;0,0577464678179934
67,5;17,5;0,0468574332162897
67,5;18;0,0438356434464425
67,5;18,5;0,0651543532205619
67,5;19;0,0573543864148649
67,5;19,5;0,0552068378871218
67,5;20;0,0678249220898718
67,5;20,5;0,0546051987551775
67,5;21;0,0529612951171684
67,5;21,5;0,0719721673278999
67,5;22;0,257597678637461
67,5;22,5;0,0837153839756134
67,5;23;0,0494180418181746
67,5;23,5;0,050543152791626
67,5;24;0,0509985269757331
67,5;24,5;0,0424850384797243
67,5;25;0,061698696636693
67,5;25,5;0,0395270729090028
67,5;26;0,0473007366094278
67,5;26,5;0,0350377347604387
67,5;27;0
67,5;27,5;0,0234840371316348
67,5;28;0,192481770633335
67,5;28,5;0,158129475037313
67,5;29;0,06825065601724
67,5;29,5;0,101879262158552
67,5;30;0,0792382891515314
67,5;30,5;0,0933137736853892
67,5;31;0,250119871843185
67,5;31,5;0,144690437448629
67,5;32;0,179859468951258
67,5;32,5;0,194456512432144
67,5;33;0,0889361845793726
67,5;33,5;0,0618091226847528
67,5;34;0,0747901290665894
67,5;34,5;0,0465594346226514
67,5;35;0
67,5;35,5;0,0482012825178297
67,5;36;0,0741329367264801
67,5;36,5;0,0489287050903474
67,5;37;0,0548720041743079
67,5;37,5;0,0542805163836386
67,5;38;0,0354763502712924
67,5;38,5;0,125013319487409
67,5;39;0,111312399544694
67,5;39,5;0,1963465165096
67,5;40;0,129975755992713
67,5;40,5;0,0731082314658515
67,5;41;0,14223384805477
67,5;41,5;0,0912940304729723
67,5;42;0,0685050606403157
67,5;42,5;0,0764372291491522
67,5;43;0,158909158423487
67,5;43,5;0,147128779570068
67,5;44;0,16515242165231
67,5;44,5;0,15860342102644
67,5;45;0,0900350174742289
67,5;45,5;0,111897654119467
67,5;46;0,115798023807327
67,5;46,5;0,099647030420391
67,5;47;0,0693633029284128
67,5;47,5;0,0671263715573403
67,5;48;0,0687651152335287
67,5;48,5;0,0600058077997203
67,5;49;0,053769026633446
67,5;49,5;0,0721969366442837
67,5;50;0,0506612682684129
67,5;50,5;0,0480917325908492
67,5;51;0,0585282191684011
67,5;51,5;0,0494234685679083
67,5;52;0,0860529137374439
67,5;52,5;0,0442559728511862
67,5;53;0,0496465537880557
67,5;53,5;0,0856147158489268
67,5;54;0,103698963350653
67,5;54,5;0,0393718303567541
67,5;55;0,0190918830920368
67,5;55,5;0,0424876452630644
67,5;56;0,0865716328773324
67,5;56,5;0,0886246767742108
67,5;57;0,0411478171613375
67,5;57,5;0,0737420484247783
67,5;58;0,0723537338492794
67,5;58,5;0,0755272515188875
67,5;59;0,0974940870991004
67,5;59,5;0,109662633930762
67,5;60;0,0688397033833293
67,5;60,5;0,0426755199148177
67,5;61;0,0727799841543973
67,5;61,5;0,169692970170181
67,5;62;0,0772188771334768
67,5;62,5;0,0982987810825691
67,5;63;0,227874294025349
67,5;63,5;0,0931698806839778
67,5;64;0,070432809436805
67,5;64,5;0,239736800123246
67,5;65;0,0401596812736356
67,5;65,5;0,0916746966179872
67,5;66;0,0635475075379492
67,5;66,5;0,0721443043739058
67,5;67;0,100846916309328
67,5;67,5;0,0814383087882961
67,5;68;0,0933102025634873
67,5;68,5;0,0818006578154945
67,5;69;0,101199183666543
67,5;69,5;0
68;-16,5;0,0169705627484771
68;-16;0,0390056975895118
68;-15,5;0,0535754919093921
68;-15;0,0775189448663152
68;-14,5;0,150248524277675
68;-14;0
68;-13,5;0,115413170825517
68;-13;0,058987892220111
68;-12,5;0,0746644876382723
68;-12;0,0422338726616445
68;-11,5;0,0544450793613772
68;-11;0,06000833275471
68;-10,5;0,0839340018506604
68;-10;0
68;-9,5;0,00707106781186546
68;-9;0
68;-8,5;0
68;-8;0
68;-7,5;0,0226274169979695
68;-7;0
68;-6,5;0
68;-6;0
68;-5,5;0,00984885780179611
68;-5;0,0115036226178249
68;-4,5;0,0471431263173578
68;-4;0,0466643953081328
68;-3,5;0,0354875565045928
68;-3;0,021090507907813
68;-2,5;0,0847736481966621
68;-2;0,0233345237791561
68;-1,5;0,0842393415612128
68;-1;0
68;-0,5;0,115965512114594
68;0;0,0846853653892519
68;0,5;0,0437569042171252
68;1,5;0,0780500449955637
68;2;0,072940214242907
68;2,5;0,0872946942051098
68;3;0,0538821465263376
68;3,5;0,0900014550146935
68;4;0,252607359672911
68;4,5;0,166260628205321
68;5;0,0491416059556201
68;5,5;0,0622253967444162
68;6;0,05844940832321
68;6,5;0,0870270893786198
68;7;0,0611862586023875
68;7,5;0,057767349486251
68;8;0,13629233287313
68;8,5;0,101433229269308
68;9;0
68;9,5;0,160380883454911
68;10;0,220023798246626
68;10,5;0,143718706738777
68;11;0,144863809761383
68;11,5;0,178638251782758
68;12;0,0815021216492757
68;12,5;0,0640383575045774
68;13;0,0478116343681366
68;13,5;0,0776380726813226
68;14;0,0495052185801322
68;14,5;0,0538234487594732
68;15;0,0362851362283664
68;15,5;0,0498440843886013
68;16;0,0359041935031427
68;16,5;0,0563449469376288
68;17;0,0523849048211355
68;17,5;0,0495731782317818
68;18;0,0275771644662754
68;18,5;0
68;19;0
68;19,5;0,0330389380666423
68;20;0,065504437354513
68;20,5;0,328452209219997
68;21;0,295427718257742
68;21,5;0,0416483292982244
68;22;0,0807426407696797
68;22,5;0,233167852323801
68;23;0,0480416485978573
68;23,5;0,0770486144135691
68;24;0,0711351831776252
68;24,5;0,0605086019429544
68;25;0,0456043463965488
68;25,5;0,04379207933087
68;26;0,0376688282374529
68;26,5;0,0587825765371664
68;27;0,0570304847469859
68;27,5;0,0499583755311788
68;28;0,193617048036382
68;28,5;0,147010521302028
68;29;0,108981953881141
68;29,5;0,0670689440615826
68;30;0,111373620455354
68;30,5;0
68;31;0,0601040764008565
68;31,5;0
68;32;0
68;32,5;0,0496449297272042
68;33;0,0226274169979695
68;33,5;0,0725329279777512
68;34;0,0686186278786892
68;34,5;0,0566066046703712
68;35;0,0523730210445544
68;35,5;0,102430232691183
68;36;0,0757225951180453
68;36,5;0,0491954408238148
68;37;0,0620689624334174
68;37,5;0,0800020352641176
68;38;0,143798657741489
68;38,5;0,122223840664949
68;39;0,0793526262055282
68;39,5;0,0988664322637943
68;40;0,0341223289552946
68;40,5;0
68;41;0,0732958778805856
68;41,5;0,16644420502708
68;42;0,0650058126771613
68;42,5;0,0639271695489167
68;43;0,178694512352616
68;43,5;0,120442028847596
68;44;0,0766897037677412
68;44,5;0,0793472251742753
68;45;0,127648024590348
68;45,5;0,109539644300451
68;46;0,0916175271255219
68;46,5;0,109502461171234
68;47;0,160091894693466
68;47,5;0,0704571305573596
68;48;0,0732651930028655
68;48,5;0,0849005835722529
68;49;0,144170271532226
68;49,5;0,0657943255959996
68;50;0,0563922993729767
68;50,5;0,0967021597086006
68;51;0,0487512146199069
68;51,5;0,0710556554317189
68;52;0,0851943357805821
68;52,5;0,0541218387525007
68;53;0,0589840297330286
68;53,5;0,0716793111387114
68;54;0,124845263910765
68;54,5;0,031165457068455
68;55;0,0848453830469887
68;55,5;0,0983493517115332
68;56;0,0662601551708514
68;56,5;0,0429955959850391
68;57;0,0986878854882319
68;57,5;0,0627327192307035
68;58;0,0237574868582134
68;58,5;0,0727224665619721
68;59;0,0817674248384152
68;59,5;0,134875588015119
68;60;0,071477693066163
68;60,5;0,0682505921830231
68;61;0,358388746963954
68;61,5;0,247945534533772
68;62;0,102547815898022
68;62,5;0,0602752021979188
68;63;0,118049908735166
68;63,5;0,094165853124882
68;64;0,268901237658057
68;64,5;0,223988021774168
68;65;0,116242562486093
68;65,5;0,0605314844197679
68;66;0,0745406988796972
68;66,5;0,0759751344364166
68;67;0,0726413355904449
68;67,5;0,100604908523628
68;68;0
68;68,5;0
68;69;0,0670721005088306
68,5;-16;0
68,5;-15,5;0
68,5;-15;0,0834403122854038
68,5;-14,5;0,0979895710979288
68,5;-14;0,0988520473876352
68,5;-13,5;0,0955259127148231
68,5;-13;0,0935442557176964
68,5;-12,5;0,0901900110613038
68,5;-12;0,0243264830540253
68,5;-11,5;0,0739627787948697
68,5;-11;0,0946990048266164
68,5;-10,5;0,0562499122806334
68,5;-10;0,10438851248323
68,5;-9,5;0,0551144264235781
68,5;-9;0,0450796825385647
68,5;-8,5;0,062044914606851
68,5;-8;0,053237831160432
68,5;-7,5;0
68,5;-7;0
68,5;-6,5;0
68,5;-6;0
68,5;-5,5;0
68,5;-5;0
68,5;-4,5;0,0318198051533946
68,5;-4;0,0547810518004505
68,5;-3,5;0,0614983287939148
68,5;-3;0,0291410363576864
68,5;-2,5;0,0597399124778162
68,5;-2;0,0634605580202571
68,5;-1,5;0,0499366265046676
68,5;-0,5;0
68,5;0;0,0802530224916646
68,5;0,5;0
68,5;1;0,0520800665642176
68,5;1,5;0,100329509748208
68,5;2;0,0689489459154898
68,5;2,5;0,0205060966544099
68,5;3;0,0226274169979695
68,5;3,5;0
68,5;4;0,0318198051533946
68,5;4,5;0,188595961685167
68,5;5;0,237205840720796
68,5;5,5;0,0593686297562458
68,5;6;0,0464860450130185
68,5;6,5;0,128711045887031
68,5;7;0,100768341361212
68,5;7,5;0,0154164414397962
68,5;8;0,107223216617569
68,5;8,5;0,117038843590882
68,5;9;0,0233345237791561
68,5;9,5;0
68,5;10;0,156338606045531
68,5;10,5;0,192247580155048
68,5;11;0,2304452588743
68,5;11,5;0,264144548111292
68,5;12;0,143053928317004
68,5;12,5;0,0766370065257691
68,5;13;0,0414580683169323
68,5;13,5;0,056242332810793
68,5;14;0,044812538829703
68,5;14,5;0,0520219733793876
68,5;15;0,0367871642634419
68,5;15,5;0,0395521084273108
68,5;16;0,0326960114794858
68,5;16,5;0,0784087743650919
68,5;17;0,060413638297223
68,5;17,5;0,0287496859886233
68,5;18;0,0623977692645771
68,5;18,5;0,0709714441690874
68,5;19;0,0463128361027349
68,5;19,5;0
68,5;20;0,0676748017202769
68,5;20,5;0,0441927595879687
68,5;21;0,0886598368296867
68,5;21,5;0,05089271246277
68,5;22;0,0770706073456285
68,5;22,5;0,112597711253771
68,5;23;0,125731900535983
68,5;23,5;0,112590868651519
68,5;24;0,0907675191464749
68,5;24,5;0,161185733811382
68,5;25;0,113378789903579
68,5;25,5;0,0572756492761103
68,5;26;0,0321086696495926
68,5;26,5;0,0564093124077558
68,5;27;0,0623421544196788
68,5;27,5;0,0399337143083578
68,5;28;0,143207236746757
68,5;28,5;0,135356980908639
68,5;29;0,104152612385224
68,5;29,5;0,0285341900182921
68,5;30;0
68,5;30,5;0,0610027321792502
68,5;31;0,331171057356722
68,5;31,5;0,341365566554717
68,5;32;0,296321794778255
68,5;32,5;0,137544744234982
68,5;33;0,0608296936864467
68,5;33,5;0,185365919781723
68,5;34;0,0403050865276332
68,5;34,5;0,0809073544246751
68,5;35;0,061201371252099
68,5;35,5;0,0767495175009768
68,5;36;0,0695079669625315
68,5;36,5;0,0948296400577592
68,5;37;0,06632528363725
68,5;37,5;0,305495207982256
68,5;38;0,312334953946545
68,5;38,5;0,114630925799541
68,5;39;0,333620516126463
68,5;39,5;0,285679118634053
68,5;40;0,058040503099129
68,5;40,5;0,0920499864204227
68,5;41;0,0933279302465375
68,5;41,5;0,125470520649102
68,5;42;0,144458121738344
68,5;42,5;0,118383904178199
68,5;43;0,109386219057915
68,5;43,5;0,067483155561851
68,5;44;0,0978670137531149
68,5;44,5;0,0773609219872168
68,5;45;0,0323295530436163
68,5;45,5;0
68,5;46;0
68,5;46,5;0,167594536221885
68,5;47;0,110636583706245
68,5;47,5;0,0875638515860007
68,5;48;0,0973831060534058
68,5;48,5;0,072447094705504
68,5;49;0,149905453359137
68,5;49,5;0,0536814549567332
68,5;50;0,062224976596366
68,5;50,5;0,0925454330774852
68,5;51;0,0580512385654607
68,5;51,5;0,0715657754186148
68,5;52;0,0722851955447967
68,5;52,5;0,0582298904567276
68,5;53;0,0542501761213307
68,5;53,5;0,0403093613864648
68,5;54;0,0893107920825786
68,5;54,5;0,158352688435773
68,5;55;0,0919763494670431
68,5;55,5;0,0841329812882842
68,5;56;0,0686918964542238
68,5;56,5;0,0736208232075416
68,5;57;0,0522893473416013
68,5;57,5;0,0648086606866706
68,5;58;0,0536480298903055
68,5;58,5;0,0568673609298905
68,5;59;0,194721793652064
68,5;59,5;0,112265380547681
68,5;60;0,0598896871663218
68,5;60,5;0,0487897443469337
68,5;61;0,27120021304482
68,5;61,5;0
68,5;62;0
68,5;62,5;0
68,5;63;0
68,5;63,5;0,197024617751184
68,5;64;0,209634536488835
68,5;64,5;0
68,5;65;0
68,5;65,5;0
68,5;66;0,0612907436988481
68,5;66,5;0,0543669360573477
68,5;67;0,107480230740355
68,5;67,5;0,0545833871598873
68,5;68;0
68,5;68,5;0
69;-15,5;0
69;-15;0,0183847763108502
69;-14,5;0,0598922108715058
69;-14;0,108474420947982
69;-13,5;0,0625756875045466
69;-13;0,0528456873043266
69;-12,5;0,0235159520326097
69;-12;0,0700035713374682
69;-11,5;0,0355621521658443
69;-11;0,0992421281513048
69;-10,5;0,119356484714278
69;-10;0,137796525993065
69;-9,5;0,275434716652159
69;-9;0,089124509186036
69;-8,5;0,0492788848974084
69;-8;0,0781175853624339
69;-7,5;0,0787274814780028
69;-7;0,0608838179298431
69;-6,5;0,118742672288534
69;-6;0,0214631467093403
69;-5,5;0,0405010287935175
69;-5;0,0651204013091648
69;-4,5;0
69;-4;0
69;-3,5;0,0304055915910215
69;-3;0,0501617384068774
69;-2,5;0,074676763773071
69;-2;0,0510415754482796
69;-1,5;0,0644301023997176
69;-1;0,0832521270999526
69;-0,5;0,0325269119345812
69;0;0,104105373798642
69;0,5;0,0993826052070579
69;1;0,060877381313223
69;1,5;0,0868320765835387
69;2;0,0800616104750677
69;2,5;0,070469733455813
69;3;0,0558614357137373
69;3,5;0
69;4,5;0,114232390157253
69;5;0,227598172454383
69;5,5;0,0640115046477797
69;6;0,0664950862186678
69;6,5;0,132131292514447
69;7;0,298437331209319
69;7,5;0
69;8;0,0825610884941165
69;8,5;0
69;9;0
69;9,5;0
69;10;0,165167385253612
69;10,5;0,176230759355416
69;11;0,204752970298733
69;11,5;0,194352147106792
69;12;0,19013751745943
69;12,5;0,0731849839237612
69;13;0,0616802687701307
69;13,5;0,0404941696763593
69;14;0,0552506033149564
69;14,5;0,0421367696073296
69;15;0,0512355670734045
69;15,5;0,0602076047109053
69;16;0,040395182274476
69;16,5;0,0552449092677325
69;17;0
69;17,5;0
69;18;0
69;18,5;0,0407389137178336
69;19;0,0561198954964905
69;19,5;0,064686414121461
69;20;0,0701463261383451
69;20,5;0,0627726871848757
69;21;0,0504122905035709
69;21,5;0,0775381551574867
69;22;0,0648125502249886
69;22,5;0,12678604024103
69;23;0,0629512076568396
69;23,5;0,0851391671193569
69;24;0,0691752433007235
69;24,5;0,219393625848754
69;25;0,154120955014896
69;25,5;0,0547278983439238
69;26;0,028329691642717
69;26,5;0,0442104275568774
69;27;0,0911703755270174
69;27,5;0,0693419418181009
69;28;0,189626258876653
69;28,5;0,126397620354865
69;29;0,048425200051213
69;29,5;0
69;30;0
69;30,5;0,0582915088156071
69;31;0,293314340252573
69;31,5;0,215638547883567
69;32;0,10693682534742
69;32,5;0,175703075806462
69;33;0,166240432450657
69;33,5;0,278736393612644
69;34;0,235698076643263
69;34,5;0,0386103799244257
69;35;0,145638250470129
69;35,5;0,103189146716115
69;36;0
69;36,5;0,0555817715922526
69;37;0,0405503801872847
69;37,5;0,317710045052517
69;38;0,247768757398622
69;38,5;0,088615593059762
69;39;0,2938182613993
69;39,5;0,327694756230352
69;40;0,0850697507930992
69;40,5;0,0941172773977334
69;41;0,165258290370655
69;41,5;0,113789246463967
69;42;0,131336175694663
69;42,5;0,0947663489717521
69;43;0,0427609635064506
69;43,5;0,0829913937018257
69;44;0,107304388931944
69;44,5;0,191520183388491
69;45;0,212945835911994
69;45,5;0,319050152797331
69;46;0
69;46,5;0,20598362898846
69;47;0,18359808504067
69;47,5;0,123654786275466
69;48;0,105050322208351
69;48,5;0,0906631287241562
69;49;0,172290196047643
69;49,5;0,0467246605385103
69;50;0,102269467107436
69;50,5;0,0744234899467625
69;51;0,0770641971098803
69;51,5;0,0773464400304494
69;52;0,354127303786113
69;52,5;0,352657141984491
69;53;0,0611487257975722
69;53,5;0,0453590958975723
69;54;0,0740822297698764
69;54,5;0,0880328601213938
69;55;0,0931890636342466
69;55,5;0,106773123959169
69;56;0,0323198302682955
69;56,5;0,0433716497265207
69;57;0,0487396387035479
69;57,5;0,0965142476528725
69;58;0,0492028841585919
69;58,5;0,0578727051380873
69;59;0
69;59,5;0,085841607268629
69;60;0,0573050317744146
69;60,5;0
69;61;0,0288270706107991
69;61,5;0
69;62;0,0526814325292444
69;62,5;0
69;63;0
69;63,5;0,0643920284921459
69;64;0,103787632824305
69;64,5;0
69;65;0
69;65,5;0
69;66;0,0629325035256027
69;66,5;0
69;67;0,101102807961885
69;67,5;0,082225456161858
69;68;0
69,5;-15;0
69,5;-14,5;0
69,5;-14;0,168215140024117
69,5;-13,5;0,162217018561898
69,5;-13;0
69,5;-12,5;0
69,5;-12;0
69,5;-11,5;0
69,5;-11;0
69,5;-10,5;0
69,5;-10;0,111481184714976
69,5;-9,5;0,253851001906298
69,5;-9;0,292234506066528
69,5;-8,5;0,0470367468640802
69,5;-8;0,061994239363716
69,5;-7,5;0,0796021057390773
69,5;-7;0,0845235893354642
69,5;-6,5;0,117714750562536
69,5;-6;0,0889868169717922
69,5;-5,5;0,068927969178447
69,5;-5;0,079939453372747
69,5;-4,5;0,0810063891783809
69,5;-4;0,0562711688562131
69,5;-3,5;0,0655504168015516
69,5;-3;0
69,5;-2,5;0
69,5;-2;0
69,5;-1,5;0,0656426110156534
69,5;-1;0
69,5;0;0,182154696160525
69,5;0,5;0,135701271787832
69,5;1;0,0729665908250028
69,5;1,5;0,137008034731645
69,5;2;0,148813489124657
69,5;4;0
69,5;4,5;0,0984597165823347
69,5;5;0
69,5;5,5;0
69,5;6;0
69,5;6,5;0,0262678510731274
69,5;7;0,216042899568075
69,5;7,5;0,297107597646248
69,5;8;0,0614593883003761
69,5;8,5;0
69,5;9;0
69,5;9,5;0
69,5;10;0
69,5;10,5;0
69,5;11;0
69,5;11,5;0,110433536274385
69,5;12;0,17007264084666
69,5;12,5;0,0812900539702978
69,5;13;0,0549714698730169
69,5;13,5;0,0775290091046394
69,5;14;0,0594932355462163
69,5;14,5;0,0565875093857946
69,5;15;0,060608793770813
69,5;15,5;0,0500774139384172
69,5;16;0,0387964522331921
69,5;16,5;0,0419141980717752
69,5;17;0,0195627196473292
69,5;17,5;0
69,5;18;0
69,5;18,5;0
69,5;19;0,108010801928943
69,5;19,5;0,0708221967308523
69,5;20;0,0689759696226306
69,5;20,5;0,0620224736207978
69,5;21;0,0521018660843553
69,5;21,5;0,0760326883450118
69,5;22;0,0520480547186924
69,5;22,5;0,0466690475583121
69,5;23,5;0,0747256888320782
69,5;24;0,0755850899325113
69,5;24,5;0,0512500871079399
69,5;25;0,0691654463902242
69,5;25,5;0,057537971651929
69,5;26;0,0839941942841276
69,5;26,5;0,0931950450187138
69,5;27;0,0843103751723483
69,5;27,5;0,0473924396220888
69,5;28;0,119391792012684
69,5;28,5;0,194578411593523
69,5;29;0,144157848534576
69,5;29,5;0,21663256141833
69,5;30;0,0448085058644249
69,5;30,5;0,0430383549871507
69,5;31;0
69,5;31,5;0,0823024908493054
69,5;32;0,137850643814238
69,5;32,5;0,289342405057028
69,5;33;0,236815933926045
69,5;33,5;0,276170873893866
69,5;34;0,0283132982385108
69,5;34,5;0,103237590053236
69,5;35;0
69,5;35,5;0,0559341086094062
69,5;36;0,00959166304662544
69,5;36,5;0
69,5;37;0
69,5;37,5;0
69,5;38;0,00858292879305582
69,5;38,5;0
69,5;39;0,0466669047612974
69,5;39,5;0,131015569952172
69,5;40;0,0993519514474188
69,5;40,5;0,132085720798305
69,5;41;0,158416030252222
69,5;41,5;0,137804881160904
69,5;42;0,125081264589557
69,5;42,5;0,0204205778566621
69,5;43,5;0,0920330904815748
69,5;44;0,0880123843443626
69,5;44,5;0,145947601723973
69,5;45;0,125195260765935
69,5;45,5;0,176616661376433
69,5;46;0,100919791405495
69,5;46,5;0,0827139927001113
69,5;47;0,162371863047861
69,5;47,5;0,265843383680062
69,5;48;0,201583301045644
69,5;48,5;0,0668992571875421
69,5;49;0,12755621611452
69,5;49,5;0,0375300456834831
69,5;50;0,0823530546116216
69,5;50,5;0,070654827261728
69,5;51;0,119705564708673
69,5;51,5;0,0752107831681196
69,5;52;0,306718111626946
69,5;52,5;0,146120302686324
69,5;53;0,0460850662724199
69,5;53,5;0,0669297165429657
69,5;54;0,0691801389534291
69,5;54,5;0,0275771644662753
69,5;55;0,0495176736125598
69,5;55,5;0,0525532043334589
69,5;56;0
69,5;56,5;0,0190918830920368
69,5;57;0,0882541783713383
69,5;57,5;0,0676292819732679
69,5;58;0,0815597531465939
69,5;58,5;0,074953318805774
69,5;59;0,0393996615890712
69,5;59,5;0,0575174028793628
69,5;60;0,196131843411517
69,5;60,5;0,241287518671536
69,5;61;0
69,5;61,5;0
69,5;62;0,0430116263352131
69,5;62,5;0,0675142909847944
69,5;63;0,0254558441227157
69,5;63,5;0
69,5;64;0,112305705236072
69,5;64,5;0
69,5;65;0
69,5;65,5;0
69,5;66;0,0462096670982743
69,5;66,5;0,0882233907003504
69,5;67;0,093502406386146
70;-14,5;0
70;-14;0
70;-13,5;0,0708321960693017
70;-13;0
70;-12,5;0
70;-12;0
70;-11,5;0
70;-11;0
70;-10,5;0
70;-10;0
70;-9,5;0
70;-9;0
70;-8,5;0
70;-8;0,0268700576850888
70;-7,5;0,0342198772645373
70;-7;0,0681483675519818
70;-6,5;0,110216196133372
70;-6;0,0639814751835769
70;-5,5;0,187172665383241
70;-5;0,278874064322737
70;-4,5;0,202805777540497
70;-4;0,0669064942959873
70;-3,5;0,0405133722779693
70;-3;0,0471083856653993
70;-2,5;0,0732186224035024
70;-2;0,0690626010018654
70;-1,5;0
70;-1;0
70;-0,5;0
70;0;0
70;0,5;0,0700035713374682
70;1;0,0696488813023344
70;1,5;0
70;2;0,149483555394342
70;2,5;0,105577933300477
70;3;0,151951957657338
70;4;0,0698794881001776
70;4,5;0,0294505234814822
70;5;0
70;5,5;0
70;6;0
70;6,5;0
70;7;0
70;7,5;0,427358943590358
70;8;0,347083589617571
70;8,5;0,0928919278323486
70;9;0
70;9,5;0
70;10;0
70;10,5;0
70;11;0
70;11,5;0
70;12;0,126874974517245
70;12,5;0,118220413857286
70;13;0,111904856774391
70;13,5;0,106873265468006
70;14;0,0576797875753443
70;14,5;0,0790739522376403
70;15;0,0957116542800683
70;15,5;0,0920395890153872
70;16;0,0547785917822561
70;16,5;0,0417438073796037
70;17;0,0287655096505267
70;17,5;0,0488401181699752
70;18;0,0584616415503664
70;18,5;0,066688714302981
70;19;0,0636259156543711
70;19,5;0,071893974641437
70;20;0,0803645539927992
70;20,5;0,0684318884085384
70;21;0,065045179564787
70;21,5;0,0600592263681173
70;22;0,0647557014154033
70;22,5;0,050300265075511
70;23;0,0554019253576384
70;23,5;0,0655478196942253
70;24;0
70;25;0,0895992339658812
70;25,5;0,0664316513107632
70;26;0,106948056515548
70;26,5;0,094055819072768
70;27;0,050438080851674
70;27,5;0
70;28;0,231561677757915
70;28,5;0,214293668428403
70;29;0,1049136900168
70;29,5;0
70;30;0,059587720451209
70;30,5;0,0536682933796643
70;31;0,0843559344931376
70;31,5;0,120984423663672
70;32;0,265015775490564
70;32,5;0,260452802537573
70;33;0,239320390839265
70;33,5;0,236484776386062
70;34;0,130826675596451
70;34,5;0,0590105379550432
70;35;0
70;35,5;0,0697381497016484
70;36;0,0742255290763674
70;36,5;0
70;37;0
70;37,5;0
70;38;0
70;38,5;0
70;39;0,0484129065829508
70;39,5;0
70;40;0,0901143141566961
70;40,5;0,135910558824545
70;41;0,197254070733794
70;41,5;0,0846884940569912
70;42;0,083832938266898
70;42,5;0,121504821519237
70;43;0
70;43,5;0
70;44;0,0886899177762135
70;44,5;0,117880277214204
70;45;0,123663024099412
70;45,5;0,116972066613427
70;46;0,0977044753435814
70;46,5;0
70;47;0,281475897021306
70;47,5;0,249500439654432
70;48;0,329386706278088
70;48,5;0,0773525576940943
70;49;0,0856837547492936
70;49,5;0,0870195969676386
70;50;0,0960395079263143
70;50,5;0,0841908235572134
70;51;0,0738300911074961
70;51,5;0,0708895855068524
70;52;0
70;52,5;0,0359293287811875
70;53;0,069485969806861
70;53,5;0,10324685525752
70;54;0,09239559978648
70;54,5;0,10025015414748
70;55;0,118737946756713
70;55,5;0,061598160145684
70;56;0
70;56,5;0,0431486908701704
70;57;0,0431941354043964
70;57,5;0,0792263480746715
70;58;0,0471039040608926
70;58,5;0,0779288442228214
70;59;0,0498053353424252
70;59,5;0,128254434621186
70;60;0,0762989733439011
70;60,5;0,0636827703393566
70;61;0,0638671784527584
70;61,5;0,0564114350109976
70;62;0,0755947529043297
70;62,5;0,0752798699755081
70;63;0,0571979020594287
70;63,5;0
70;64;0
70;64,5;0
70;65;0
70;65,5;0
70;66;0,0805176434645905
70;66,5;0
70,5;-13,5;0
70,5;-13;0
70,5;-12,5;0
70,5;-12;0
70,5;-11,5;0
70,5;-11;0
70,5;-10,5;0
70,5;-10;0
70,5;-9,5;0
70,5;-9;0,0586379630809744
70,5;-8,5;0
70,5;-8;0
70,5;-7,5;0
70,5;-7;0,124450793488832
70,5;-6,5;0,0736044231762678
70,5;-6;0,0278702350187436
70,5;-5,5;0
70,5;-5;0,189007715891883
70,5;-4,5;0,246245530850825
70,5;-4;0,0685673413190748
70,5;-3,5;0,0585667755103172
70,5;-3;0,0941987039896693
70,5;-2,5;0,0411738860066534
70,5;-2;0,0750978755298105
70,5;-1,5;0,0487720082753293
70,5;-1;0,0439181056057749
70,5;-0,5;0,0948198291498144
70,5;1,5;0
70,5;2;0,0624518481178366
70,5;2,5;0,134645294248102
70,5;3;0,158190860772852
70,5;4,5;0,0304138126514911
70,5;5;0,0611182824075124
70,5;5,5;0,108793472710607
70,5;6;0,103184301131519
70,5;6,5;0
70,5;7;0
70,5;7,5;0
70,5;8;0,0746813744671835
70,5;8,5;0
70,5;9;0
70,5;9,5;0
70,5;10;0
70,5;10,5;0
70,5;11;0
70,5;11,5;0
70,5;12;0,229355115989963
70,5;12,5;0,169860281265266
70,5;13;0,125246621732655
70,5;13,5;0,163714884496789
70,5;14;0,0253146038220365
70,5;14,5;0,153260252114006
70,5;15;0,13648543217456
70,5;15,5;0,0857371998255722
70,5;16;0,0606187548872072
70,5;16,5;0,0633595967685543
70,5;17;0,0835888363793363
70,5;17,5;0,0187860764042593
70,5;18;0,085742239309057
70,5;18,5;0,072504921968632
70,5;19;0,0734853078934182
70,5;19,5;0,0625375696605458
70,5;20;0,0664426729435141
70,5;20,5;0,0806494036914686
70,5;21;0,0924973571716719
70,5;21,5;0,0823933128879887
70,5;22;0,0737179087153147
70,5;22,5;0,0607178420993891
70,5;23;0,0769301660314912
70,5;23,5;0,0676150756972028
70,5;24;0,0668247368460621
70,5;24,5;0,0877808911351716
70,5;25;0,0856980387532518
70,5;25,5;0,104815409100557
70,5;26;0,118023623100446
70,5;26,5;0,0356961382465147
70,5;27;0
70,5;27,5;0,297112132111126
70,5;28;0,274354512726142
70,5;28,5;0,15777243817445
70,5;29;0,162096254840552
70,5;29,5;0,119871041818559
70,5;30;0,058626790199537
70,5;30,5;0,0960243024794592
70,5;31;0,00565685424949239
70,5;31,5;0,0834805716796023
70,5;32;0,306004176483541
70,5;32,5;0,258503143114354
70,5;33;0,282385069694215
70,5;33,5;0,0687899329702303
70,5;34;0,0644629348538365
70,5;34,5;0,0515117493146983
70,5;35;0,0546790636349965
70,5;35,5;0,0523036567996912
70,5;36;0,0538865229249501
70,5;36,5;0
70,5;37;0,0975512075539718
70,5;37,5;0,194856132263529
70,5;38;0,0455353342654544
70,5;38,5;0,0634089898989094
70,5;39;0,0855599205235722
70,5;39,5;0
70,5;40;0,144609340887307
70,5;40,5;0,10269162808488
70,5;41;0,0791959594928933
70,5;41,5;0,139579858296623
70,5;42;0,191252321683818
70,5;42,5;0,31906384217679
70,5;43;0,344284828787638
70,5;43,5;0,257873538589678
70,5;44;0,0519711458407451
70,5;44,5;0,0999467987136127
70,5;45;0,117535101140042
70,5;45,5;0,236803495333787
70,5;46;0
70,5;46,5;0,0585901671981544
70,5;47;0,304604273831415
70,5;47,5;0,0403650013419216
70,5;48;0,293172702230841
70,5;48,5;0,0851076301639354
70,5;49;0,12851637453489
70,5;49,5;0,140436824780347
70,5;50;0,0691980890879811
70,5;50,5;0,0605209526881866
70,5;51;0,065358571412959
70,5;51,5;0,150850685005626
70,5;52;0,0866701957196761
70,5;52,5;0,0360970912955601
70,5;53;0,0668998006972617
70,5;53,5;0,1193001583309
70,5;54;0,21920310216783
70,5;54,5;0,10683331476116
70,5;55;0,0818312966481108
70,5;55,5;0,0519978789160164
70,5;56;0,0798684524513258
70,5;56,5;0,0705773661692232
70,5;57;0,294602471641818
70,5;57,5;0,233115458164011
70,5;58;0,0751320640814566
70,5;58,5;0,0703843910252834
70,5;59;0,0800699433828533
70,5;59,5;0,0385031847786029
70,5;60;0,053207658706759
70,5;60,5;0,0551543289325507
70,5;61;0
70,5;61,5;0,0353828269707841
70,5;62;0,0818544709332649
70,5;62,5;0,0730953063440041
70,5;63;0,0975991803244269
70,5;63,5;0
70,5;64;0
70,5;64,5;0
70,5;65;0
70,5;65,5;0
71;-13;0
71;-12;0
71;-11,5;0
71;-11;0
71;-10,5;0
71;-10;0
71;-9,5;0
71;-9;0
71;-8,5;0
71;-8;0,081087606944588
71;-7,5;0,038655530005421
71;-7;0,0880473357537486
71;-6,5;0,0395094925302768
71;-6;0,0216564078277077
71;-5,5;0
71;-5;0
71;-4,5;0,0963498832381233
71;-4;0,0950248771255574
71;-3,5;0,0829981927514088
71;-3;0,0810261907641202
71;-2,5;0,045419648220175
71;-2;0,0787706682834301
71;-1,5;0,0470392797625528
71;-1;0,0534852571020532
71;-0,5;0,0221198036674315
71;0;0
71;0,5;0
71;3;0,0279105714739057
71;3,5;0,082706307699796
71;5;0
71;5,5;0
71;6;0
71;6,5;0
71;7;0
71;7,5;0
71;8;0
71;8,5;0
71;9;0
71;9,5;0
71;10;0
71;10,5;0
71;11;0
71;11,5;0
71;12;0,0942532355614018
71;12,5;0,0770555683001599
71;13;0,132101013538041
71;13,5;0,11515435571886
71;14;0,0497249578036164
71;14,5;0,241677498189867
71;15;0,182010072499376
71;15,5;0,307119787558168
71;16;0,0722161041630126
71;16,5;0,0728614391466167
71;17;0,133131469391322
71;17,5;0,0955159409394315
71;18;0,0565714886964567
71;18,5;0,0401098491645132
71;19;0,0576987249178251
71;19,5;0,0707915217014578
71;20;0,0765489791709936
71;20,5;0,0954512091769053
71;21;0,0985777991385139
71;21,5;0,0783857980334023
71;22;0,124911290159684
71;23;0
71;23,5;0,0723348099547016
71;24;0,0716950472346577
71;24,5;0,0803612995261927
71;25;0,0918391012195814
71;25,5;0,124652182759335
71;26;0,18024990821569
71;26,5;0
71;27;0
71;27,5;0,0630238050263549
71;28;0,303814550418099
71;28,5;0,128112692207923
71;29;0,198802035324715
71;29,5;0,017058722109232
71;30;0,014142135623731
71;30,5;0
71;31;0,0930067940328218
71;31,5;0,0674484988713611
71;32;0
71;32,5;0,284710427403928
71;33;0,065694514464826
71;33,5;0,0820620155141458
71;34;0,0723882518521561
71;34,5;0,0951169894365222
71;35;0,0843696459287948
71;35,5;0,0506676975963004
71;36;0,0552057290017973
71;36,5;0,0413673572005542
71;37;0,160990495627971
71;37,5;0,256871363983948
71;38;0,119888346304844
71;38,5;0,0810648862916225
71;39;0,00636396103067893
71;39,5;0
71;40;0,0813921616784072
71;40,5;0,119079267285129
71;41;0,0751005582279775
71;41,5;0,131972473819937
71;42;0,139121517758026
71;42,5;0,425844553015925
71;43;0,143848264964626
71;43,5;0,321829924028205
71;44;0,0946575699854774
71;44,5;0,217408984788271
71;45;0,296962458211979
71;45,5;0,361836926103119
71;46;0,0424850814152114
71;46,5;0,0418493329297692
71;47;0,0612492176820787
71;47,5;0,0940939619965624
71;48;0,0571595782988674
71;48,5;0,0901285715361036
71;49;0,069405592306285
71;49,5;0,146320091799005
71;50;0,0859017029173611
71;50,5;0,0754924310302506
71;51;0,0715295085138665
71;51,5;0,164766976037961
71;52;0,182510730278158
71;52,5;0,0517746950509518
71;53;0,0374403228855973
71;53,5;0,139997723456846
71;54;0,112546017524416
71;54,5;0,090778904618912
71;55;0
71;55,5;0,0923602636454314
71;56;0,0826616741964036
71;56,5;0,215892288643125
71;57;0,209056278379201
71;57,5;0,272396887588342
71;58;0,114085723826219
71;58,5;0,0293300187521249
71;59;0,054004115069543
71;59,5;0,0779206903648069
71;60;0,0360999934045634
71;60,5;0,0662300407719457
71;61;0,0677505930390492
71;61,5;0,0806466777968945
71;62;0,0931799179085777
71;62,5;0,0756058746121098
71;63;0,0788860981638494
71;63,5;0,0634904790946841
71,5;-12,5;0
71,5;-12;0
71,5;-11,5;0
71,5;-11;0
71,5;-10,5;0
71,5;-10;0,0496017472810518
71,5;-9,5;0
71,5;-9;0
71,5;-8,5;0
71,5;-8;0
71,5;-7,5;0
71,5;-7;0
71,5;-6,5;0
71,5;-6;0
71,5;-5,5;0
71,5;-5;0
71,5;-4,5;0
71,5;-4;0,108193627867408
71,5;-3,5;0,0444045793434266
71,5;-3;0,0920383977841133
71,5;-2,5;0,0684543643604993
71,5;-2;0,0624519946357755
71,5;-1,5;0,0661432392960548
71,5;-1;0,0534875374892756
71,5;-0,5;0,0457840340924408
71,5;0;0,081647016443454
71,5;0,5;0,0663972891012879
71,5;1;0,0391085181319389
71,5;1,5;0,0619892463792444
71,5;2;0,026229754097208
71,5;2,5;0,0336390150470155
71,5;5;0
71,5;5,5;0
71,5;6;0,0727325659095762
71,5;6,5;0
71,5;7;0
71,5;7,5;0
71,5;8;0
71,5;8,5;0
71,5;9,5;0
71,5;10;0
71,5;10,5;0
71,5;11;0
71,5;11,5;0
71,5;12;0,0968385008046657
71,5;12,5;0,159939400696518
71,5;13;0,0625274697697456
71,5;13,5;0,0691104476056549
71,5;14;0,0491810713362141
71,5;14,5;0,129310102328096
71,5;15;0
71,5;15,5;0,209876886989272
71,5;16;0
71,5;16,5;0,051135115136274
71,5;17;0,0658370314176023
71,5;17,5;0,0714827661649006
71,5;18;0,0665009398429827
71,5;18,5;0,0721380725771871
71,5;19;0,0723389014753934
71,5;19,5;0,0654690766698294
71,5;20;0,143493362393104
71,5;20,5;0,0768136892561661
71,5;21;0,0975102546322904
71,5;21,5;0,0981471439442166
71,5;22;0,0739872803058662
71,5;22,5;0,0749523504548702
71,5;23;0,0677085785768925
71,5;23,5;0,0990141404042877
71,5;24;0,10169903047262
71,5;24,5;0,0937001632241657
71,5;25;0
71,5;25,5;0
71,5;26;0
71,5;26,5;0
71,5;27;0
71,5;27,5;0,180845127739933
71,5;28;0,188902317916657
71,5;28,5;0,226484560159515
71,5;29;0,172898520069919
71,5;29,5;0,24960943130675
71,5;30;0,0304055915910216
71,5;30,5;0
71,5;31;0,0363120941535762
71,5;31,5;0
71,5;32;0
71,5;32,5;0,302106265544943
71,5;33;0,321359073512341
71,5;33,5;0,125778264564012
71,5;34;0,0484530332236428
71,5;34,5;0,0964574156456259
71,5;35;0,0910294772147863
71,5;35,5;0,0631578709795277
71,5;36;0,0538108761275115
71,5;36,5;0,0597799297423475
71,5;37;0,305505971492394
71,5;37,5;0,223207625912722
71,5;38;0,294804127658027
71,5;38,5;0,0943310963109477
71,5;39;0,117711913020461
71,5;39,5;0,106263138225137
71,5;40;0,0645083973861801
71,5;40,5;0,105662337455927
71,5;41;0
71,5;41,5;0,109760952376821
71,5;42;0,0438406204335659
71,5;42,5;0,0714454655345918
71,5;43;0,0231797325264982
71,5;43,5;0,0375277674973257
71,5;44;0
71,5;44,5;0,112762286839765
71,5;45;0,0429029913487005
71,5;45,5;0,0601574931044187
71,5;46;0,0921004092288246
71,5;46,5;0
71,5;47;0
71,5;47,5;0,0409511904588865
71,5;48;0,0860316289307054
71,5;48,5;0,166722959165143
71,5;49;0,0840590857324769
71,5;49,5;0,125932270522266
71,5;50;0,0660389495460282
71,5;50,5;0,0662985671036713
71,5;51;0,0955042027778199
71,5;51,5;0,154275123956578
71,5;52;0,0497320187023463
71,5;52,5;0,0580989751122247
71,5;53;0,0980227308802952
71,5;53,5;0,174180835499057
71,5;54;0,109598464231135
71,5;54,5;0,0986432167486762
71,5;55;0,0583999567213448
71,5;55,5;0,125866331214242
71,5;56;0
71,5;56,5;0
71,5;57;0
71,5;57,5;0
71,5;58;0
71,5;58,5;0
71,5;59;0
71,5;59,5;0
71,5;60;0,0537481378174219
71,5;60,5;0,0835919795651416
71,5;61;0,0867724994838034
71,5;61,5;0,192095649251977
71,5;62;0,0996406173785517
71,5;62,5;0,0698226434508286
71,5;63;0,0635302702504502
71,5;63,5;0
72;-11,5;0
72;-11;0,0965863171814034
72;-10,5;0,0801673844141713
72;-10;0
72;-9,5;0,0632097038963692
72;-9;0
72;-8,5;0
72;-8;0
72;-7,5;0
72;-7;0
72;-6,5;0
72;-6;0
72;-5,5;0
72;-5;0
72;-4,5;0,0574920284329344
72;-4;0,0688033775472161
72;-3,5;0,0376139538444116
72;-3;0,0758734849225058
72;-2,5;0,0308593583860715
72;-2;0,047500877184883
72;-1,5;0,0793074187366268
72;-1;0,0779836521329952
72;-0,5;0,105414201349504
72;0;0,145102313278188
72;0,5;0,0856351433570224
72;1;0,0817512959545223
72;1,5;0,0769012510909597
72;2;0,0835265456219124
72;2,5;0,0852086438515071
72;3;0,0703781908235054
72;6;0,103096637513872
72;6,5;0,0431335136523794
72;7;0
72;7,5;0
72;8;0
72;8,5;0
72;9,5;0
72;10;0
72;10,5;0
72;11;0
72;11,5;0
72;12;0
72;12,5;0
72;13;0,0258639603395235
72;13,5;0,0953153879784575
72;14;0,0879378568459948
72;14,5;0
72;15;0
72;15,5;0
72;16;0
72;16,5;0
72;17;0,0611391854705311
72;17,5;0,0614456399321113
72;18;0,0929327117781447
72;18,5;0,0898977546578167
72;19;0,0666758165763947
72;19,5;0,0701280366220803
72;20;0,131674740000314
72;20,5;0,106110791157167
72;21;0,053439774735767
72;21,5;0,0635232990627024
72;22;0,0794930577884581
72;22,5;0,0957242429158788
72;23;0,0954508017543884
72;23,5;0,10335469775674
72;24;0
72;24,5;0
72;25;0
72;25,5;0
72;26;0
72;26,5;0,0473761543394987
72;27;0,0481410305615637
72;27,5;0,0503036235817515
72;28;0
72;28,5;0,125776035519932
72;29;0,121198969648683
72;29,5;0,161797444217965
72;30;0,185439130316747
72;30,5;0
72;31;0
72;31,5;0
72;32;0
72;32,5;0,353887855233825
72;33;0,284389670300281
72;33,5;0,174793563353431
72;34;0,100185383719937
72;34,5;0,0530211099019824
72;35;0,0535583793630838
72;35,5;0,0281128677536343
72;36;0
72;36,5;0
72;37;0,104572303535241
72;37,5;0
72;38;0,168013687508737
72;38,5;0,0945587729322961
72;39;0,0972124915765382
72;39,5;0,0635424492535727
72;40;0,0358859303906141
72;40,5;0,14142135623731
72;41;0
72;41,5;0,0483840695045196
72;42;0
72;42,5;0
72;43;0,0523259018078045
72;43,5;0,0217385985442178
72;44;0,0222658183471137
72;44,5;0
72;45;0
72;45,5;0,0646459792375284
72;46;0,0983258563449819
72;46,5;0,0415212979303174
72;47;0,0632252210073525
72;47,5;0,0805782391938354
72;48;0,282886631068892
72;48,5;0,143207205095493
72;49;0,172836516796832
72;49,5;0,0722291861782229
72;50;0,0713806696522245
72;50,5;0,0959909717976991
72;51;0,0942389214219738
72;51,5;0,103561751014142
72;52;0,0952537302066411
72;52,5;0,0597240529435168
72;53;0,0761519742909256
72;53,5;0,0744433907143719
72;54;0,0659353940647676
72;54,5;0,0733168197660405
72;55;0,0898754957876896
72;55,5;0,0900018518328003
72;56;0,0740500129086059
72;56,5;0,279919750404766
72;57;0,0304055915910215
72;57,5;0
72;58;0
72;58,5;0
72;59;0
72;59,5;0
72;60;0
72;60,5;0,0719646077034035
72;61;0,11641217664744
72;61,5;0,155012846100381
72;62;0,035618707271493
72,5;-11;0
72,5;-10,5;0
72,5;-10;0,0539008348729405
72,5;-9,5;0,0788056681548563
72,5;-9;0,070212602314752
72,5;-8,5;0
72,5;-8;0,103051766926466
72,5;-7,5;0,033248558866012
72,5;-7;0,103465292087089
72,5;-6,5;0
72,5;-6;0,0964399640536363
72,5;-5,5;0,0791980639494005
72,5;-5;0,0540030863315545
72,5;-4,5;0
72,5;-4;0
72,5;-3,5;0,0326642370330669
72,5;-3;0
72,5;-2,5;0,0784888527117068
72,5;-2;0,066395280956807
72,5;-1,5;0,0985786488038865
72,5;-1;0,0781892909380262
72,5;-0,5;0,111650987545758
72,5;0;0,13792645722391
72,5;0,5;0,165850484875183
72,5;1;0,112649283668877
72,5;1,5;0,0571432619033284
72,5;2;0,0882515344531376
72,5;2,5;0,124536846078959
72,5;3;0,0976824843372075
72,5;3,5;0,101342709342321
72,5;4;0,124166017895397
72,5;4,5;0
72,5;7;0
72,5;7,5;0
72,5;8;0
72,5;10;0
72,5;10,5;0
72,5;11;0
72,5;11,5;0,0871494442955642
72,5;12;0,0830654026121051
72,5;12,5;0
72,5;13;0
72,5;13,5;0
72,5;14;0
72,5;14,5;0
72,5;15;0,0274043792120894
72,5;15,5;0,0716100551598726
72,5;16;0,0405051437062834
72,5;16,5;0,123294701156754
72,5;17;0,0715156548518497
72,5;17,5;0
72,5;18;0
72,5;18,5;0,0929331044610149
72,5;19;0,0875611993771421
72,5;19,5;0,090275638513892
72,5;20;0,0561278302924078
72,5;20,5;0
72,5;21;0
72,5;21,5;0
72,5;22;0,0906590683090592
72,5;22,5;0,0792628615400188
72,5;23;0,0792809350768939
72,5;23,5;0,0919513705469067
72,5;24;0
72,5;24,5;0
72,5;25;0
72,5;25,5;0
72,5;26;0
72,5;26,5;0,0791995370356839
72,5;27;0,086562770521848
72,5;27,5;0,092788357824816
72,5;28;0,119134637720362
72,5;28,5;0
72,5;29;0,124459851138648
72,5;29,5;0,168291413922398
72,5;30;0,242651063178257
72,5;30,5;0
72,5;31;0,0564291591289468
72,5;31,5;0
72,5;32;0
72,5;32,5;0
72,5;33;0,05351136950842
72,5;33,5;0,152906086420285
72,5;34;0,121737634789485
72,5;34,5;0,0777954639456975
72,5;35;0,0649779226721093
72,5;35,5;0,0887410904377193
72,5;36;0,0899386864494998
72,5;36,5;0,0162634559672906
72,5;37;0
72,5;37,5;0
72,5;38;0,0761160663431549
72,5;38,5;0,132522043275913
72,5;39;0,0479993872509909
72,5;39,5;0,0414450774452702
72,5;40;0,0551362957688591
72,5;40,5;0
72,5;41;0
72,5;41,5;0,0431100474422865
72,5;42;0,113561804280336
72,5;42,5;0,141563627130403
72,5;43;0,051733290377989
72,5;43,5;0,0763165119748014
72,5;44;0,264841902525513
72,5;44,5;0,037476659402887
72,5;45;0
72,5;45,5;0,0758027974586961
72,5;46;0,107601409378048
72,5;46,5;0,0818145268685378
72,5;47;0,0631220284543397
72,5;47,5;0,0764978308754893
72,5;48;0,224014954857929
72,5;48,5;0
72,5;49;0
72,5;49,5;0,0971616678833909
72,5;50;0,0722925983778407
72,5;50,5;0,0490156437612864
72,5;51;0,153725944046592
72,5;51,5;0,16854138957538
72,5;52;0,0259935889531759
72,5;52,5;0,013630847369111
72,5;53;0,150570182971264
72,5;53,5;0,126305599225072
72,5;54;0,051618795026618
72,5;54,5;0,0484237249998092
72,5;55;0,0982900469698399
72,5;55,5;0,0438605931786943
72,5;56;0,297539171627417
72,5;56,5;0,273460157980529
72,5;57;0,278583274849085
72,5;57,5;0
72,5;58;0
72,5;58,5;0
72,5;59;0
72,5;59,5;0
72,5;60;0,0146207614940764
72,5;60,5;0,0485857121854916
72,5;61;0
73;-10;0
73;-9,5;0
73;-9;0
73;-8,5;0,0964631683967661
73;-8;0,365802403575398
73;-7,5;0,108024247718918
73;-7;0,0924100592339332
73;-6,5;0,0688309263962896
73;-6;0,129400540957138
73;-5,5;0,0261629509039023
73;-5;0
73;-4,5;0
73;-4;0
73;-3,5;0
73;-3;0,0707226979123393
73;-2,5;0,0334065861769801
73;-2;0
73;-1,5;0,0937920699257266
73;-1;0,102001633973841
73;-0,5;0,0690042269236699
73;0;0
73;0,5;0,0956966561589275
73;1;0
73;1,5;0
73;2;0,102179743589422
73;2,5;0,114129500380677
73;3;0,110338573447883
73;3,5;0,101886457404452
73;4;0,0649810498692139
73;4,5;0,105677857301374
73;5;0,100759880763271
73;10;0
73;10,5;0,0465438861004679
73;11;0
73;11,5;0
73;12;0,117646504410458
73;12,5;0
73;13;0
73;13,5;0
73;14;0
73;14,5;0
73;15;0
73;15,5;0,0866737176618918
73;16;0,0906378116639287
73;16,5;0,0793671882752101
73;17;0,0645775352929804
73;17,5;0,0423170269422459
73;18;0,0424189423096176
73;18,5;0
73;19;0,0372424488990721
73;19,5;0
73;20;0
73;20,5;0
73;21;0,0875741444104981
73;21,5;0,0857221424970568
73;22;0,0283366130009152
73;22,5;0
73;23;0
73;23,5;0
73;24;0
73;24,5;0
73;25;0
73;25,5;0
73;26;0,136033609292494
73;26,5;0,107480230740355
73;27;0,124503069382704
73;27,5;0,115411104387199
73;28;0,129280170842629
73;28,5;0,0920163029033443
73;29;0
73;29,5;0
73;30;0,257835974991854
73;30,5;0
73;31;0,0615763619552857
73;31,5;0,0727893241779707
73;32;0,0746894236153955
73;32,5;0,111997153172929
73;33;0,0705794603781633
73;33,5;0,0711551307466928
73;34;0,0821029937779469
73;34,5;0,0713703217457155
73;35;0,0913717343939243
73;35,5;0,0721809862168828
73;36;0,111172920182112
73;36,5;0,0240416305603426
73;37;0
73;37,5;0,0665836983719656
73;38;0
73;38,5;0,126841219939567
73;39;0,0909800893968931
73;39,5;0
73;40;0
73;40,5;0,0562698853739725
73;41;0
73;41,5;0,125315964818561
73;42;0,0712774682313947
73;42,5;0,0922734869634631
73;43;0,0316438514301488
73;43,5;0,346079859614467
73;44;0,321699626981444
73;44,5;0,0625898914002453
73;45;0,0630840708895677
73;45,5;0,0734258980197042
73;46;0,0697356628853751
73;46,5;0,0758893291800686
73;47;0,0853651433098293
73;47,5;0,0890433122836892
73;48;0,0367559518989782
73;48,5;0,081317279836453
73;49;0,125750829984657
73;49,5;0,174994957910557
73;50;0
73;50,5;0,0580307347572869
73;51;0,0612279075803401
73;51,5;0
73;52;0
73;52,5;0,00288675134594813
73;53;0,34827634268414
73;53,5;0,319808067440457
73;54;0,0517033663820654
73;54,5;0,0904472855449548
73;55;0,0944956308112933
73;55,5;0,0548474574592441
73;56;0,279064070926048
73;56,5;0,313577578018419
73;57;0
73;57,5;0
73;58;0
73;58,5;0
73,5;-9;0
73,5;-8,5;0
73,5;-8;0,211428095120322
73,5;-7,5;0,321267681744263
73,5;-7;0,0470093775639219
73,5;-6,5;0,137891157905688
73,5;-6;0,089358727289824
73,5;-5,5;0,168998520703585
73,5;-5;0,0474622657135821
73,5;-4,5;0,0474130783645188
73,5;-4;0
73,5;-3,5;0
73,5;-3;0,102632028788938
73,5;-2,5;0,0484176276439343
73,5;-2;0
73,5;-1,5;0,0636215372338644
73,5;-1;0,0650538238691624
73,5;-0,5;0
73,5;0;0
73,5;0,5;0
73,5;1;0
73,5;1,5;0
73,5;2;0
73,5;2,5;0
73,5;3;0,102753750945322
73,5;3,5;0,0683881081280462
73,5;4;0,0958349275229722
73,5;4,5;0,0744848977981443
73,5;5;0,109686345752078
73,5;5,5;0,0840347875157694
73,5;6;0,105832723481337
73,5;6,5;0,112578776651645
73,5;7;0,0827385793606579
73,5;7,5;0,138592929112563
73,5;10;0
73,5;10,5;0,0565584171052775
73,5;11;0
73,5;11,5;0
73,5;12;0,0284657689163669
73,5;12,5;0
73,5;13;0
73,5;13,5;0
73,5;14;0
73,5;14,5;0
73,5;15;0
73,5;15,5;0
73,5;16;0
73,5;16,5;0,0778730652132962
73,5;17;0,0668126734484808
73,5;17,5;0,0848981223377207
73,5;18;0,0665508268094365
73,5;18,5;0,0856317924914071
73,5;19;0,0747253745843092
73,5;19,5;0,0850619151663346
73,5;20;0,0330807093837683
73,5;20,5;0,0541664102558034
73,5;21;0,107506123856582
73,5;21,5;0,079788261459106
73,5;22;0
73,5;22,5;0
73,5;23;0
73,5;23,5;0
73,5;24;0,146527983675474
73,5;24,5;0,169174030606293
73,5;25;0,0567080241235753
73,5;25,5;0,0763211416755978
73,5;26;0
73,5;26,5;0
73,5;27;0
73,5;27,5;0,0803616824114578
73,5;28;0
73,5;28,5;0,0871147822939233
73,5;29;0,0876249108416094
73,5;29,5;0
73,5;30;0
73,5;30,5;0
73,5;31;0
73,5;31,5;0,0773420972045625
73,5;32;0,0956578498735166
73,5;32,5;0,195551256044478
73,5;33;0,24396689798378
73,5;33,5;0,0763588418408289
73,5;34;0,0700955099281761
73,5;34,5;0,0998937967789824
73,5;35;0,0747104782179552
73,5;35,5;0
73,5;36;0,0473316565766054
73,5;36,5;0,0624453700639546
73,5;37;0,0697405985223176
73,5;37,5;0,0694137440075296
73,5;38;0
73,5;38,5;0
73,5;39;0,0601040764008566
73,5;39,5;0,0371913968546491
73,5;40;0,103171216916347
73,5;40,5;0,0794886434935484
73,5;41;0
73,5;41,5;0,0732865380998903
73,5;42;0,0870569736819898
73,5;42,5;0,0914524949005188
73,5;43;0,0659977001763806
73,5;43,5;0
73,5;44;0,0850209778035202
73,5;44,5;0,304833474693065
73,5;45;0,383747005819906
73,5;45,5;0,195156178030647
73,5;46;0,0864917231983395
73,5;46,5;0,101153126160158
73,5;47;0,1065612138993
73,5;47,5;0,123309317527445
73,5;48;0,105955061977059
73,5;48,5;0,0630283382977168
73,5;49;0,0946229359087954
73,5;49,5;0
73,5;50;0
73,5;50,5;0,0744373768809936
73,5;51;0,0855795925829673
73,5;51,5;0
73,5;52;0
73,5;52,5;0
73,5;53;0
73,5;53,5;0
73,5;54;0,0509116882454314
73,5;54,5;0,134350288425444
73,5;55;0
73,5;55,5;0
73,5;56;0,17493689338349
74;-7,5;0
74;-7;0
74;-6,5;0,124625694125905
74;-6;0
74;-5,5;0,0916065863716505
74;-5;0,0811473407394901
74;-4,5;0,0467307892793035
74;-4;0,0862167810425171
74;-3,5;0
74;-3;0,0871537103671968
74;-2,5;0,110185896639188
74;-2;0,00424264068711929
74;-1,5;0,00565685424949237
74;-1;0
74;-0,5;0
74;0;0,0265141471671257
74;0,5;0,0773252869377153
74;1;0
74;1,5;0
74;2;0
74;2,5;0
74;4;0
74;5;0,139177344899712
74;5,5;0,0910902221505062
74;6;0,0920844826670159
74;6,5;0,0556319752180944
74;7;0
74;7,5;0,164755880016466
74;8,5;0,053483419771703
74;9;0,00212132034355964
74;10;0
74;10,5;0,12700524923535
74;11;0
74;11,5;0
74;12;0
74;12,5;0
74;13;0
74;13,5;0
74;14;0
74;14,5;0
74;15;0
74;15,5;0
74;16;0
74;16,5;0
74;17;0
74;17,5;0,0247857485933617
74;18;0,0995346036313216
74;18,5;0,0795192963021115
74;19;0,0910168210057301
74;19,5;0,0886227367760904
74;20;0,0551279503436407
74;20,5;0,101025739294499
74;21;0
74;21,5;0
74;22;0
74;22,5;0
74;23;0
74;23,5;0
74;24;0,0706753139363385
74;24,5;0,132758427227804
74;25;0
74;25,5;0
74;26;0,120486939392212
74;26,5;0,0810459785479335
74;27;0,0796248076920755
74;27,5;0,0656972221634979
74;28;0
74;28,5;0
74;29;0
74;29,5;0
74;30;0,0949119474975505
74;30,5;0,0736628684061256
74;31;0
74;31,5;0
74;32;0,0530371986858699
74;32,5;0,150365001239928
74;33;0,120125501408775
74;33,5;0,082207224608168
74;34;0,0887405707040973
74;34,5;0,103571312662931
74;35;0,108969924494993
74;36;0,104718650838011
74;36,5;0,117159544956265
74;37;0,101672939697181
74;37,5;0
74;38;0,0212132034355964
74;38,5;0,0830135266931546
74;39;0,103711351569847
74;39,5;0
74;40;0,0475464684983719
74;40,5;0
74;41;0
74;41,5;0
74;42;0
74;42,5;0
74;43;0
74;43,5;0
74;44;0
74;44,5;0
74;45;0
74;45,5;0
74;46;0,0503024187622557
74,5;-6,5;0,0106066017177982
74,5;-6;0
74,5;-5,5;0,0923374246987645
74,5;-5;0,0803588071015734
74,5;-4,5;0,0900802672368069
74,5;-4;0,0932501117068142
74,5;-3,5;0
74,5;-3;0,0691830904195527
74,5;-2,5;0,299558332290131
74,5;-2;0,0799699943728896
74,5;-1,5;0,0936995197426326
74,5;-1;0
74,5;-0,5;0
74,5;0;0
74,5;0,5;0
74,5;1;0
74,5;1,5;0
74,5;2;0
74,5;2,5;0
74,5;3,5;0
74,5;4;0,0557428444365943
74,5;4,5;0
74,5;5;0
74,5;6;0,0721248916810278
74,5;6,5;0,0438406204335659
74,5;7;0,0563382640840131
74,5;7,5;0
74,5;8;0
74,5;10;0
74,5;10,5;0
74,5;11;0
74,5;11,5;0,0711231326644152
74,5;12;0,0550299918226416
74,5;12,5;0,0162634559672906
74,5;13;0
74,5;13,5;0
74,5;14,5;0
74,5;15;0
74,5;15,5;0
74,5;16;0
74,5;16,5;0
74,5;17;0
74,5;17,5;0,081814322299542
74,5;18;0,0850175159715809
74,5;18,5;0,0864884755921644
74,5;19;0,0860024277704855
74,5;19,5;0,0663418994229711
74,5;20;0
74,5;20,5;0
74,5;21;0
74,5;21,5;0,0721234281554121
74,5;22;0,0788061450442288
74,5;22,5;0
74,5;23;0,0861503945213861
74,5;23,5;0,0558614357137372
74,5;24;0
74,5;24,5;0
74,5;25;0
74,5;25,5;0
74,5;26;0
74,5;26,5;0
74,5;27;0
74,5;27,5;0,0899825600386603
74,5;28;0
74,5;28,5;0
74,5;29;0
74,5;29,5;0
74,5;30;0,0806074663809975
74,5;30,5;0,118379333781985
74,5;31;0
74,5;31,5;0
74,5;32;0
74,5;32,5;0,0962838066788566
74,5;33;0,0883570677907061
74,5;33,5;0,0655159013777063
74,5;34;0,0751154666718735
74,5;34,5;0
75;-5;0
75;-4,5;0,0128937969582276
75;-4;0
75;-3,5;0
75;-3;0
75;-2,5;0,318499661668201
75;-2;0,282367196002938
75;-1,5;0,304357684312389
75;-1;0
75;-0,5;0
75;0;0
75;0,5;0
75;1;0
75;1,5;0
75;2;0
75;2,5;0
75;3;0
75;3,5;0,0438786204584116
75;4;0,0671058864780132
75;4,5;0
75;5;0
75;6;0
75;6,5;0
75;7;0,0598129027328831
75;8;0,144800897787272
75;8,5;0,111124104795794
75;9;0,0786994282063091
75;9,5;0
75;10;0
75;10,5;0
75;12;0,0255799400572662
75;12,5;0,0685237185213996
75;15;0
75;15,5;0
75;16;0
75;18,5;0,120271914150118
75;19;0,0922002296794383
75;19,5;0,079153348833634
75;20;0,0975551126287085
75;20,5;0
75;21;0
75;21,5;0
75;22;0,0474738524523412
75;22,5;0
75;23;0
75;23,5;0
75;24;0
75,5;-3;0
75,5;-2,5;0
75,5;-2;0,249177814689296
75,5;-1,5;0,296605046436214
75,5;-1;0
75,5;-0,5;0
75,5;0;0
75,5;0,5;0
75,5;1;0
75,5;2,5;0
75,5;3;0
75,5;3,5;0
75,5;4;0
75,5;4,5;0
75,5;5;0
75,5;5,5;0
75,5;6;0
75,5;6,5;0
75,5;8;0
75,5;8,5;0
75,5;9;0,0857063091526606
75,5;9,5;0,114023535582206
