"x";"y";"roughness"
-25,5;43;0
-25,5;43,5;0
-25,5;44;0
-25,5;49;0,0559672523296734
-25;1,5;0
-25;2;0
-25;2,5;0
-25;4;0
-25;4,5;0
-25;5,5;0
-25;6;0,089095454429505
-25;6,5;0,0294448637286709
-25;8,5;0
-25;9;0
-25;9,5;0
-25;10;0
-25;10,5;0,0440945952848343
-25;11;0,0491395970679451
-25;11,5;0,0362644494528408
-25;12;0
-25;12,5;0
-25;13;0
-25;13,5;0,0612183870180431
-25;14;0
-25;14,5;0
-25;16;0
-25;16,5;0
-25;17;0
-25;17,5;0
-25;18;0
-25;18,5;0
-25;19;0
-25;19,5;0
-25;20;0
-25;21;0
-25;21,5;0,0414803835833545
-25;22;0,0648938046530864
-25;22,5;0,0710240600944459
-25;23;0,0752060247177455
-25;23,5;0,0570297802322027
-25;24;0,0638537459026553
-25;24,5;0,0931668867305803
-25;25;0,0825051176863862
-25;25,5;0,0560466942180635
-25;26;0,066991842613442
-25;26,5;0,0690537230471078
-25;27;0,0637371030142851
-25;27,5;0,0696091343068377
-25;28;0,0662313405888064
-25;28,5;0,0725328648511589
-25;29;0,0846087711364833
-25;29,5;0,070396197449753
-25;30;0,113021979291775
-25;30,5;0,0908547180240743
-25;31;0,0861349975612587
-25;31,5;0,0898377903302868
-25;32;0,0696000954052743
-25;32,5;0,0737252522580481
-25;33;0,0779537255898224
-25;33,5;0
-25;34;0,0825560415717711
-25;34,5;0,113639680231321
-25;35;0,0420321305669841
-25;35,5;0,0282347303865293
-25;36;0,0565685424949238
-25;36,5;0,101517869253535
-25;37;0
-25;37,5;0
-25;38;0,102184636810041
-25;38,5;0,0716683959242773
-25;39;0,24117720398691
-25;39,5;0,270739550881959
-25;40;0
-25;40,5;0
-25;41;0
-25;41,5;0,0855803715813387
-25;42;0
-25;42,5;0
-25;43;0
-25;43,5;0
-25;44;0
-25;44,5;0
-25;49;0,0365964479150641
-25;52,5;0,0674042530804499
-25;53;0,101536692875039
-25;53,5;0
-25;54;0
-25;55;0
-25;55,5;0,0953601784623101
-25;56;0,0927196491221431
-25;56,5;0,0770554208267522
-25;57;0,0906179841290847
-25;57,5;0
-24,5;-3,5;0
-24,5;-1,5;0
-24,5;-1;0,075817214404118
-24,5;-0,5;0
-24,5;0;0
-24,5;0,5;0
-24,5;1;0
-24,5;1,5;0
-24,5;2;0
-24,5;2,5;0
-24,5;3;0
-24,5;3,5;0
-24,5;4;0
-24,5;4,5;0
-24,5;5;0,0181879080710235
-24,5;5,5;0,0602756535573419
-24,5;6;0,0621771662268393
-24,5;6,5;0,0875852641408568
-24,5;7;0,0940348524534166
-24,5;7,5;0,0753192699396537
-24,5;8;0,0635760103412371
-24,5;8,5;0,0498747522208473
-24,5;9;0
-24,5;9,5;0,0573110396272646
-24,5;10;0,0720069441095788
-24,5;10,5;0,0614552682851519
-24,5;11;0,0527468847056757
-24,5;11,5;0,0569405417645695
-24,5;12;0,0338744339100637
-24,5;12,5;0
-24,5;13;0,0605663744522133
-24,5;13,5;0,0643712060933539
-24,5;14;0,0385097390279394
-24,5;14,5;0
-24,5;15;0,0413795440606426
-24,5;15,5;0,0384360941477322
-24,5;16;0
-24,5;16,5;0
-24,5;17;0
-24,5;17,5;0,0509116882454314
-24,5;18;0,0301755972048055
-24,5;18,5;0
-24,5;19;0,00777817459305201
-24,5;19,5;0
-24,5;20;0
-24,5;21;0
-24,5;21,5;0
-24,5;22;0
-24,5;22,5;0,0466690475583121
-24,5;23;0,0155884572681199
-24,5;23,5;0
-24,5;24;0
-24,5;24,5;0,0690551618969602
-24,5;25;0,0676798758228607
-24,5;25,5;0,0537392911323867
-24,5;26;0,0643381869409651
-24,5;26,5;0,108630598286385
-24,5;27;0,0775731086104404
-24,5;27,5;0,0775521974758506
-24,5;28;0,0800410051161278
-24,5;28,5;0,0792492690207058
-24,5;29;0,0658932217050181
-24,5;29,5;0,0673681644155426
-24,5;30;0,0774441170770335
-24,5;30,5;0,0974461273077218
-24,5;31;0,0861155742045022
-24,5;31,5;0,0667812357588369
-24,5;32;0,0850494355860549
-24,5;32,5;0,076751352413402
-24,5;33;0,0802052108370187
-24,5;33,5;0,0912584210646047
-24,5;34;0,102290248555251
-24,5;34,5;0,0743705339216378
-24,5;35;0,0692791892317315
-24,5;35,5;0
-24,5;36;0
-24,5;36,5;0
-24,5;37,5;0
-24,5;38;0
-24,5;38,5;0,389615836433788
-24,5;39;0,214492527457195
-24,5;39,5;0,290606841516741
-24,5;40;0,0622828094392694
-24,5;40,5;0,0706852176908298
-24,5;41;0,200547935314663
-24,5;41,5;0,0532261944701834
-24,5;42;0,0583240285619255
-24,5;42,5;0,0440132211541445
-24,5;43;0,464867274964945
-24,5;43,5;0
-24,5;44;0
-24,5;44,5;0,267867149019452
-24,5;45;0,109104307889285
-24,5;45,5;0
-24,5;46;0
-24,5;46,5;0,0826012509994048
-24,5;52;0
-24,5;52,5;0,079245429491158
-24,5;53;0,0772975851282992
-24,5;53,5;0
-24,5;54;0
-24,5;54,5;0
-24,5;55;0,0573689811657833
-24,5;55,5;0,0860397127604059
-24,5;56;0,108693628170214
-24,5;56,5;0,0964149706261769
-24,5;57;0,105358910396796
-24,5;57,5;0
-24,5;58;0
-24,5;58,5;0
-24,5;59;0
-24,5;59,5;0
-24;-6;0
-24;-5,5;0,0835002994006608
-24;-5;0,0656549421488697
-24;-4,5;0,0494090795588943
-24;-4;0
-24;-3,5;0
-24;-3;0
-24;-2,5;0
-24;-1,5;0
-24;-1;0
-24;-0,5;0
-24;0;0
-24;0,5;0
-24;1;0
-24;1,5;0
-24;2;0
-24;2,5;0
-24;3;0
-24;4;0
-24;4,5;0
-24;5;0
-24;5,5;0
-24;6;0,0384710635058706
-24;6,5;0,0499970573846745
-24;7;0,0464898596608126
-24;7,5;0,0628599799069844
-24;8;0,0518360710400544
-24;8,5;0,0621432954854277
-24;9;0,0861269983715028
-24;9,5;0,0512270674434322
-24;10;0,0565652029117825
-24;10,5;0,0414330191484711
-24;11;0,055231354900116
-24;11,5;0,0481142894417537
-24;12;0,0583636412225608
-24;12,5;0,0545463028963821
-24;13;0,0673059764577899
-24;13,5;0,0637612438093958
-24;14;0,0631729228532144
-24;14,5;0,0580130891999256
-24;15;0,0549942003211749
-24;15,5;0,0466518838676239
-24;16;0,0381837661840736
-24;16,5;0
-24;17;0
-24;17,5;0
-24;18;0,0465439057754629
-24;18,5;0,0559710759637316
-24;19;0,049019910372248
-24;19,5;0,0753300585746999
-24;20;0,0683642684639745
-24;20,5;0,0717691190667191
-24;21;0
-24;22,5;0,0558076060128804
-24;23;0
-24;23,5;0
-24;24;0
-24;24,5;0,0488453341340467
-24;25;0,0515913429430429
-24;25,5;0,0487719181496894
-24;26;0
-24;26,5;0
-24;27;0,0466690475583121
-24;27,5;0,0315647482697603
-24;28;0,0490306026885251
-24;28,5;0,0803935631751697
-24;29;0,0805357063668035
-24;29,5;0,0452883921279886
-24;30;0,0712816011791729
-24;30,5;0,0723431365905896
-24;31;0,0577858874744413
-24;31,5;0,0656985733196078
-24;32;0,063871018908826
-24;32,5;0,0659273103987282
-24;33;0,0771521067803411
-24;33,5;0,0666378379696953
-24;34;0,0880938235015965
-24;34,5;0,0977875473246195
-24;35;0,0928273573876252
-24;35,5;0,0979006917980943
-24;36,5;0,0346746785613556
-24;37;0
-24;37,5;0
-24;38;0,167672682841984
-24;38,5;0,298343046041074
-24;39;0,276881491973443
-24;39,5;0
-24;40;0
-24;40,5;0,215069475102533
-24;41;0,330342197374128
-24;41,5;0,317692169065771
-24;42;0,0517630245859505
-24;42,5;0,124952744008662
-24;43;0,303445470338708
-24;43,5;0,274788251810978
-24;44;0,352221594948481
-24;44,5;0,362437371737595
-24;45;0,181548546245556
-24;45,5;0,0501248441394086
-24;46;0
-24;48;0
-24;48,5;0,073220520452839
-24;49;0,0375131722897184
-24;50,5;0
-24;52;0
-24;52,5;0,0488938243606088
-24;53;0,0848978377648268
-24;53,5;0,0541267032064581
-24;54;0,105450243461805
-24;54,5;0,0889521005399883
-24;55;0,0552468486496224
-24;55,5;0,026229754097208
-24;56;0,0566063404379561
-24;56,5;0,0658076061382043
-24;57;0,0423292302819663
-24;57,5;0,0675188862467384
-24;58;0
-24;58,5;0
-24;59;0
-24;59,5;0
-24;60;0
-23,5;-7,5;0
-23,5;-7;0,0645041694682435
-23,5;-6,5;0,0675885310079271
-23,5;-6;0,0659620529110672
-23,5;-5,5;0,0651307708845621
-23,5;-5;0,0706978288672004
-23,5;-4,5;0,0110264832713487
-23,5;-4;0
-23,5;-3,5;0
-23,5;-3;0
-23,5;-2,5;0,0552589574725436
-23,5;-2;0
-23,5;-1,5;0
-23,5;-1;0
-23,5;-0,5;0
-23,5;0;0
-23,5;0,5;0
-23,5;1;0
-23,5;1,5;0,0301167425499203
-23,5;2;0,0839813140592067
-23,5;2,5;0,0339411254969543
-23,5;3;0
-23,5;3,5;0,150460293765498
-23,5;4;0
-23,5;4,5;0
-23,5;5;0
-23,5;5,5;0
-23,5;6;0
-23,5;6,5;0
-23,5;7;0,0176729548557488
-23,5;7,5;0
-23,5;8;0,0226274169979695
-23,5;8,5;0,0618932867714134
-23,5;9;0,0853483474007576
-23,5;9,5;0,054772845138486
-23,5;10;0,0529326718226919
-23,5;10,5;0,0629780576771964
-23,5;11;0,0691087463794208
-23,5;11,5;0,0536323153441042
-23,5;12;0,0549499937659872
-23,5;12,5;0,0798269719740481
-23,5;13;0,0648203394876201
-23,5;13,5;0,0654853391004183
-23,5;14;0,051802094586475
-23,5;14,5;0,0441968001427382
-23,5;15;0,0449416288089339
-23,5;15,5;0,0697011477667334
-23,5;16;0
-23,5;16,5;0
-23,5;17;0
-23,5;17,5;0
-23,5;18;0,0581234318784889
-23,5;18,5;0,0435646915855165
-23,5;19;0,0693673252075616
-23,5;19,5;0,0633591426108415
-23,5;20;0,0635888817510808
-23,5;20,5;0,0633187156857873
-23,5;21;0,0437550837382489
-23,5;21,5;0,0567920182185255
-23,5;22;0,0705682562337967
-23,5;22,5;0,0466949319162869
-23,5;23;0,0829903467929777
-23,5;23,5;0,0712893674613787
-23,5;24;0,0582482832365041
-23,5;24,5;0,0588293199764275
-23,5;25;0,0680474974173327
-23,5;25,5;0,0765090348329346
-23,5;26;0,058338039389637
-23,5;26,5;0,0685480019506664
-23,5;27;0,0268700576850888
-23,5;27,5;0,0506589906466101
-23,5;28,5;0
-23,5;29;0,0867611664283048
-23,5;29,5;0,0660578693666633
-23,5;30;0,0801763680893566
-23,5;30,5;0
-23,5;31;0
-23,5;31,5;0
-23,5;32;0,0200499376557634
-23,5;32,5;0,0733507555062205
-23,5;33;0,0772299326686227
-23,5;33,5;0,0245316122584717
-23,5;34;0,0995665606516565
-23,5;34,5;0,072741619486886
-23,5;35;0,106613440875759
-23,5;35,5;0,0921095383704833
-23,5;36;0,0702705561255997
-23,5;36,5;0,0891325599341684
-23,5;37;0,101399190915743
-23,5;37,5;0,071482996863448
-23,5;38;0,0604240018535681
-23,5;38,5;0,210672648282352
-23,5;39;0,234541193764722
-23,5;39,5;0,0486757982300582
-23,5;40;0
-23,5;40,5;0,224414980189232
-23,5;41;0,266211440381183
-23,5;41,5;0,0329133060370075
-23,5;42;0
-23,5;42,5;0,0750886143166859
-23,5;43;0,046518813398452
-23,5;43,5;0,0769234566424194
-23,5;44;0,164368089863931
-23,5;44,5;0,0832636089262805
-23,5;45;0,0709299571657097
-23,5;45,5;0,0183738945245694
-23,5;46;0,0275771644662754
-23,5;46,5;0,267742913738427
-23,5;47;0
-23,5;47,5;0
-23,5;48;0
-23,5;48,5;0,0505261208573238
-23,5;49;0,169045358804474
-23,5;49,5;0,117729714661532
-23,5;50;0
-23,5;50,5;0
-23,5;52,5;0,0612034079349928
-23,5;53;0,0629584722715635
-23,5;53,5;0,0776224774911089
-23,5;54;0,0791195599198122
-23,5;54,5;0
-23,5;55;0
-23,5;55,5;0
-23,5;56;0
-23,5;56,5;0
-23,5;57;0
-23,5;57,5;0
-23,5;58;0
-23,5;58,5;0
-23,5;59;0
-23,5;59,5;0
-23,5;60;0
-23,5;60,5;0
-23,5;61;0,015556349186104
-23,5;61,5;0
-23,5;62;0
-23;-8,5;0,0918616000918151
-23;-8;0,0801384912372187
-23;-7,5;0,0680987033929832
-23;-7;0,0757986723840059
-23;-6,5;0,0682579008294353
-23;-6;0,0653036300871866
-23;-5,5;0,0705973201275757
-23;-5;0,0734395118772034
-23;-4,5;0,0560479118348992
-23;-4;0,18944466486484
-23;-3,5;0,173359339310912
-23;-3;0,331106952014166
-23;-2,5;0,325048932028026
-23;-2;0
-23;-1,5;0
-23;-1;0
-23;-0,5;0
-23;0;0,0542048583308421
-23;0,5;0,0368620336363788
-23;1;0,057966123111447
-23;1,5;0,0692672651617523
-23;2;0,0470560173492059
-23;2,5;0,0217523248496255
-23;3;0,036432128677858
-23;3,5;0,245642334980544
-23;4;0,234599664602443
-23;4,5;0,329402671641707
-23;5;0,295864957779172
-23;5,5;0,238321059610286
-23;6;0,0439392782503328
-23;6,5;0,0510142582564379
-23;7;0
-23;7,5;0
-23;8;0,0257014915261093
-23;8,5;0
-23;9;0
-23;9,5;0
-23;10;0,0190918830920368
-23;10,5;0,037599202119194
-23;11;0,0872843260352543
-23;11,5;0,0319195703974689
-23;12;0,0538410528719394
-23;12,5;0
-23;13;0
-23;13,5;0,0530330085889911
-23;14;0,0315684441597407
-23;14,5;0,0205060966544099
-23;15;0
-23;15,5;0
-23;16;0
-23;16,5;0
-23;17;0
-23;17,5;0
-23;18;0
-23;18,5;0
-23;19,5;0,0176162803489651
-23;20;0,0639272745279464
-23;20,5;0,0600805831412132
-23;21;0,0627356446616364
-23;21,5;0,0614097064541399
-23;22;0,0676574976211268
-23;22,5;0,0585148699050079
-23;23;0,126979450294532
-23;23,5;0,0779996648224741
-23;24;0,0639606956515898
-23;24,5;0,054925254899099
-23;25;0,0447875939455177
-23;25,5;0,0609697817423868
-23;26;0,055298575455409
-23;26,5;0,0642584797341326
-23;27;0,0878223413281816
-23;27,5;0,051802831325453
-23;28;0,0700894369121815
-23;28,5;0,0673272038699988
-23;29;0,0808290376865476
-23;29,5;0,0569658767255548
-23;30;0,0774374280510264
-23;30,5;0,0570419834752253
-23;31;0
-23;31,5;0
-23;32;0
-23;32,5;0
-23;33;0
-23;33,5;0
-23;34;0
-23;34,5;0,0486449723335653
-23;35;0,0559602856624997
-23;35,5;0,0526977478795721
-23;36;0,0776868635515227
-23;36,5;0,0778537909543103
-23;37;0,0760146367484579
-23;37,5;0,0655081378840237
-23;38;0,0851462954309567
-23;38,5;0,0927969009295806
-23;39;0,0567866430253361
-23;39,5;0,0816196124765363
-23;40;0,0319718214748715
-23;40,5;0,430418804908716
-23;41;0,404114010315571
-23;41,5;0,416232192526285
-23;42;0,292597619037932
-23;42,5;0
-23;43;0,404022983787521
-23;43,5;0,0589906419132165
-23;44;0,0653265150718188
-23;44,5;0
-23;45;0
-23;45,5;0
-23;46;0,11242710769852
-23;46,5;0,283244921662659
-23;47;0,229072935054467
-23;47,5;0,172425286811894
-23;48;0
-23;48,5;0,0364508801905615
-23;49;0,0633587668230162
-23;49,5;0,0922651458724103
-23;50;0,0563622213898636
-23;50,5;0,0882299692424715
-23;51;0,0926102946041457
-23;51,5;0,0873759900451127
-23;52;0
-23;52,5;0,0611147951139344
-23;53;0,0579827560572969
-23;54;0
-23;54,5;0
-23;55;0
-23;55,5;0
-23;56;0
-23;56,5;0
-23;57;0
-23;57,5;0
-23;58;0
-23;58,5;0,0458715598165138
-23;59;0,10839881470894
-23;59,5;0,277892965006313
-23;60;0,113832186426628
-23;60,5;0
-23;61;0,0931123233621885
-23;61,5;0,133577284405287
-23;62;0
-23;62,5;0
-23;63;0
-22,5;-9,5;0,0130511813003013
-22,5;-9;0,0516528622809829
-22,5;-8,5;0,0743559649511021
-22,5;-8;0,0860791681442484
-22,5;-7,5;0,0424294066120956
-22,5;-7;0,0709177927838517
-22,5;-6,5;0,046817172266676
-22,5;-6;0,0644000119445761
-22,5;-5,5;0,085162143252004
-22,5;-5;0,0855626656194111
-22,5;-4,5;0,0710352542963082
-22,5;-4;0,341939710998075
-22,5;-3,5;0,346072495059539
-22,5;-3;0,244228782951509
-22,5;-2,5;0,100787048605794
-22,5;-2;0
-22,5;-1,5;0
-22,5;-1;0
-22,5;-0,5;0,0537859146560195
-22,5;0;0,0598602205868661
-22,5;0,5;0,0634512936563682
-22,5;1;0
-22,5;1,5;0,0527320269538984
-22,5;2;0,0544420141107298
-22,5;2,5;0,0608216468641941
-22,5;3;0,0766798069428503
-22,5;3,5;0,238034693657491
-22,5;4;0,241149062012578
-22,5;4,5;0,350218503223345
-22,5;5;0,295999461777465
-22,5;5,5;0,203709151585579
-22,5;6;0,0715174474028462
-22,5;6,5;0,0470228149088421
-22,5;7;0,0455320592665501
-22,5;7,5;0,0447134860342306
-22,5;8;0,0471232531264733
-22,5;8,5;0,0470207901905628
-22,5;9;0,04890088652874
-22,5;9,5;0,040359692291998
-22,5;10;0
-22,5;10,5;0
-22,5;11;0
-22,5;11,5;0
-22,5;12;0
-22,5;12,5;0
-22,5;13;0
-22,5;13,5;0
-22,5;14;0
-22,5;14,5;0
-22,5;15;0
-22,5;15,5;0
-22,5;16;0
-22,5;16,5;0
-22,5;17;0
-22,5;17,5;0
-22,5;18;0
-22,5;18,5;0
-22,5;19;0
-22,5;19,5;0
-22,5;20;0
-22,5;20,5;0
-22,5;21;0
-22,5;21,5;0
-22,5;22;0
-22,5;22,5;0
-22,5;23;0
-22,5;23,5;0
-22,5;24;0
-22,5;24,5;0
-22,5;25;0
-22,5;25,5;0,0254558441227157
-22,5;26;0,0604629575092819
-22,5;26,5;0,0583550142859008
-22,5;27;0,05174962214174
-22,5;27,5;0,0611344671762425
-22,5;28;0,0787420472174809
-22,5;28,5;0,0683982570873019
-22,5;29;0,0895429931320571
-22,5;29,5;0,067134123038813
-22,5;30;0,0758019424087172
-22,5;30,5;0,075626388578
-22,5;31;0,0750958211416666
-22,5;31,5;0,0509465756594942
-22,5;32;0
-22,5;32,5;0,0347159905519056
-22,5;33;0,048391083576388
-22,5;33,5;0
-22,5;34;0
-22,5;34,5;0
-22,5;35,5;0
-22,5;36;0,00282842712474619
-22,5;36,5;0
-22,5;37;0,0473761543394987
-22,5;37,5;0,0714622777614676
-22,5;38;0,0892200945680135
-22,5;38,5;0,0865050063813202
-22,5;39;0,116678359063214
-22,5;39,5;0,0321084186694167
-22,5;40;0,0671936168311927
-22,5;40,5;0,268857355818616
-22,5;41;0,47487735258696
-22,5;41,5;0,300323280842283
-22,5;42;0,296709557490157
-22,5;42,5;0,235624163099966
-22,5;43;0,0491237504384881
-22,5;43,5;0,0483861723519938
-22,5;44;0,074859232977
-22,5;44,5;0,0774329817756405
-22,5;45;0,0461356694976891
-22,5;45,5;0,0747977069815444
-22,5;46;0,0729162712204598
-22,5;46,5;0,185520935439478
-22,5;47;0,298246485007299
-22,5;47,5;0,1283244714015
-22,5;48;0,0739121099685295
-22,5;48,5;0,0462784661432445
-22,5;49;0,0684960593386768
-22,5;49,5;0,0736930571130461
-22,5;50;0,103608800908663
-22,5;50,5;0,088071237399862
-22,5;51;0,076951348266291
-22,5;51,5;0
-22,5;52;0
-22,5;52,5;0,087284401050054
-22,5;53;0,0574656419088833
-22,5;53,5;0
-22,5;54;0
-22,5;54,5;0
-22,5;55;0
-22,5;55,5;0
-22,5;56;0,0263590591637866
-22,5;56,5;0,0838189659183353
-22,5;57;0,208522638840705
-22,5;57,5;0
-22,5;58;0,128249406456366
-22,5;58,5;0,129023361364436
-22,5;59;0,0906973989804458
-22,5;59,5;0,182433549546129
-22,5;60;0,0286356421265527
-22,5;60,5;0,0438216080642111
-22,5;61;0,0294448637286709
-22,5;61,5;0,195855601928366
-22,5;62;0,0801316930764234
-22,5;62,5;0
-22,5;63;0
-22,5;63,5;0,0841025015634539
-22,5;64;0
-22;-10,5;0,104651122646938
-22;-10;0,287027450155655
-22;-9,5;0,106066017177982
-22;-9;0,0397263302946713
-22;-8,5;0,0846090739950441
-22;-8;0,0487515943197548
-22;-7,5;0,0762890925429425
-22;-7;0,0820366413641843
-22;-6,5;0,0587180916389002
-22;-6;0,0773495823824333
-22;-5,5;0
-22;-5;0,0300044441152751
-22;-4,5;0,0433044321767859
-22;-4;0,182981445397084
-22;-3,5;0,0512370456650737
-22;-3;0,0709271126088628
-22;-2,5;0,0543332310837484
-22;-2;0,0659302661908778
-22;-1,5;0,0343409376692018
-22;-1;0,0432410555940635
-22;-0,5;0,0546465355019376
-22;0;0,0392116965057257
-22;0,5;0,0547461675110035
-22;1;0,0918908514022401
-22;1,5;0,0598468752203114
-22;2;0,0663901291237175
-22;2,5;0,0562098796895407
-22;3;0,190327369486781
-22;3,5;0,265682448867748
-22;4;0,0450138730667881
-22;4,5;0,0406810084000439
-22;5;0,402307638378189
-22;5,5;0,122935191155705
-22;6;0,0523173062102831
-22;6,5;0,0275157877785663
-22;7;0,02872308104322
-22;7,5;0,0688350133142358
-22;8;0,0399300670724488
-22;8,5;0,0434853574871988
-22;9;0,0548770206457856
-22;9,5;0,0511228359428417
-22;10;0,065773420597859
-22;10,5;0
-22;11;0
-22;11,5;0,0150702060739431
-22;12;0,0636885651693719
-22;12,5;0,00777817459305203
-22;13;0
-22;13,5;0,04403155434206
-22;14;0,0594749831318877
-22;14,5;0,0401807135774085
-22;15;0,34638789317179
-22;15,5;0,240148501007672
-22;16;0,306559590937388
-22;16,5;0,0424723617797682
-22;17;0
-22;17,5;0
-22;18;0,0736122028624087
-22;18,5;0,0551543289325507
-22;19;0,0580437027469081
-22;19,5;0
-22;20;0,0601358646917314
-22;20,5;0,0614509412606364
-22;21;0
-22;21,5;0
-22;22;0
-22;22,5;0
-22;23;0
-22;23,5;0
-22;24;0
-22;24,5;0
-22;25;0
-22;25,5;0
-22;26;0
-22;26,5;0
-22;27;0
-22;27,5;0
-22;28;0
-22;28,5;0
-22;29;0
-22;29,5;0
-22;30;0,0610122938431264
-22;30,5;0,031316130029108
-22;31;0,0500133315560295
-22;31,5;0
-22;32;0,044265971021499
-22;32,5;0,0618868014238593
-22;33;0,0620367996928358
-22;33,5;0,0573994926317817
-22;34;0,0477190807951784
-22;34,5;0,0724071531917485
-22;35,5;0
-22;36;0,0393125009033097
-22;36,5;0
-22;37;0,0994899492411168
-22;37,5;0,0441644653539472
-22;38;0
-22;38,5;0
-22;39;0,128117133904876
-22;39,5;0
-22;40;0
-22;40,5;0
-22;41;0
-22;41,5;0,31842947937233
-22;42;0,240178425112099
-22;42,5;0,0704445419996251
-22;43;0,0602670595063212
-22;43,5;0,0648283718986549
-22;44;0,0754068997821775
-22;44,5;0,0905281489078444
-22;45;0,0648303725731791
-22;45,5;0,30228181428607
-22;46;0,100544907424946
-22;46,5;0,0668526215006435
-22;47;0,242157012840687
-22;47,5;0,324753586655259
-22;48;0,0977285014721908
-22;48,5;0,092589841709978
-22;49;0,0830869146413284
-22;49,5;0,351298875044944
-22;50;0,265375997407452
-22;50,5;0
-22;51;0,0939315860461371
-22;51,5;0,0984852306660276
-22;52;0
-22;52,5;0,0712217975373021
-22;53;0,0628718350858222
-22;53,5;0,0734307106330128
-22;54;0,0630964869597878
-22;54,5;0,0650538238691624
-22;55;0,0754643805200356
-22;55,5;0
-22;56;0,0492964791556441
-22;56,5;0,21768842181415
-22;57;0,247716864377216
-22;57,5;0,238024746313062
-22;58;0,0879065447282545
-22;58,5;0,0552351682311533
-22;59;0,0876812408671319
-22;59,5;0
-22;60;0,0176776695296637
-22;60,5;0,0599332962550868
-22;61;0,128880748414292
-22;61,5;0,241421314473787
-22;62;0,297103445188468
-22;62,5;0,066127150248593
-22;63;0,107701546824573
-22;63,5;0,0462446393289716
-22;64;0,0763675323681471
-22;64,5;0
-22;65;0
-21,5;-11,5;0
-21,5;-11;0,338783892239619
-21,5;-10,5;0,0961045771209142
-21,5;-10;0,14859425256025
-21,5;-9,5;0,0645710959856003
-21,5;-9;0,284722719806328
-21,5;-8,5;0,218098683966026
-21,5;-8;0,0379499670619093
-21,5;-7,5;0,0484561657583429
-21,5;-7;0,0776600085183933
-21,5;-6,5;0,0579238005198784
-21,5;-6;0,0762642648639459
-21,5;-5,5;0
-21,5;-5;0,0731479474915204
-21,5;-4,5;0,0619474815968371
-21,5;-4;0,0389628614858226
-21,5;-3,5;0,0777426952624275
-21,5;-3;0,0616778275538682
-21,5;-2,5;0,0310416387024483
-21,5;-2;0
-21,5;-1,5;0
-21,5;-1;0,0190918830920368
-21,5;-0,5;0
-21,5;0;0
-21,5;0,5;0,0911799657482177
-21,5;1;0,0821756808461148
-21,5;1,5;0,08905468542367
-21,5;2;0,0514095227014436
-21,5;2,5;0,0440575362731855
-21,5;3;0,277095800292394
-21,5;3,5;0,363483881188778
-21,5;4;0,0855832093011574
-21,5;4,5;0,0295111886648142
-21,5;5;0,053955135947903
-21,5;5,5;0,249078790551181
-21,5;6;0,0425942093090911
-21,5;6,5;0,0154878541565198
-21,5;7;0,0375873585638779
-21,5;7,5;0
-21,5;8;0
-21,5;8,5;0,0460858412303037
-21,5;9;0,0412840768335686
-21,5;9,5;0,00707106781186547
-21,5;10;0,028661821295933
-21,5;10,5;0
-21,5;11;0,0277308492477241
-21,5;11,5;0,0430538774518203
-21,5;12;0,0392695811029351
-21,5;12,5;0,0221937747209355
-21,5;13;0,0394235555711426
-21,5;13,5;0,0379397448913964
-21,5;14;0,0692615642742372
-21,5;14,5;0,050506184894958
-21,5;15;0,276015342537674
-21,5;15,5;0,344379890747448
-21,5;16;0,299411604106236
-21,5;16,5;0,0760389624437617
-21,5;17;0,0507711843262961
-21,5;17,5;0,0612596460778925
-21,5;18;0,0757957602882704
-21,5;18,5;0,0973111018818025
-21,5;19;0,0645099229477928
-21,5;19,5;0,0487969554085381
-21,5;20;0,0639864448220695
-21,5;20,5;0,0841788568446268
-21,5;21;0,0113137084989848
-21,5;21,5;0,119917564277391
-21,5;22;0,123098299735819
-21,5;22,5;0,0141539158303748
-21,5;23;0
-21,5;23,5;0
-21,5;24;0
-21,5;24,5;0
-21,5;25;0
-21,5;25,5;0
-21,5;26;0
-21,5;26,5;0,0631103530862145
-21,5;27;0
-21,5;27,5;0
-21,5;28;0
-21,5;28,5;0
-21,5;29;0
-21,5;29,5;0
-21,5;30;0
-21,5;30,5;0
-21,5;31;0
-21,5;31,5;0
-21,5;32;0
-21,5;32,5;0,0376873099774093
-21,5;33;0,0549512771202168
-21,5;33,5;0,0418817780584031
-21,5;34;0,0617264781335109
-21,5;34,5;0,0395576763232822
-21,5;35;0,0680973942382586
-21,5;35,5;0,0688649322667488
-21,5;36;0,0549984651497764
-21,5;36,5;0,0662786685500086
-21,5;37;0,055223526970255
-21,5;37,5;0
-21,5;38;0
-21,5;38,5;0,0806866366465559
-21,5;39;0,060540895269231
-21,5;39,5;0
-21,5;40;0,0619596642986387
-21,5;40,5;0
-21,5;41;0
-21,5;41,5;0
-21,5;42;0
-21,5;42,5;0,0317227573412737
-21,5;43;0,0542611864344704
-21,5;43,5;0,0739806956802471
-21,5;44;0,0649236864131363
-21,5;44,5;0,0763151361133556
-21,5;45;0,0591305117297104
-21,5;45,5;0,0715742744823639
-21,5;46;0,0759613219730768
-21,5;46,5;0,0690706457641753
-21,5;47;0,104544537074974
-21,5;47,5;0,305578974676449
-21,5;48;0,0968352129214289
-21,5;48,5;0,0491689991375712
-21,5;49;0,0532233600068632
-21,5;49,5;0,275493288432452
-21,5;50;0,274124054829009
-21,5;50,5;0,144545441351101
-21,5;51;0,123944680178527
-21,5;51,5;0,0970080391873531
-21,5;52;0,0500451969636491
-21,5;52,5;0,0518376586772865
-21,5;53;0,0173781471969828
-21,5;53,5;0,144383170764463
-21,5;54;0,115226360397414
-21,5;54,5;0,13043610150789
-21,5;55;0,0927641924575364
-21,5;55,5;0,11879393923934
-21,5;56;0
-21,5;56,5;0,0863346203250276
-21,5;57;0,332441960818614
-21,5;57,5;0,351279694377253
-21,5;58;0,119977378820224
-21,5;58,5;0,100381652658622
-21,5;59;0,100833505509495
-21,5;59,5;0,075765913735733
-21,5;60;0,0886923337462685
-21,5;60,5;0,108698797470021
-21,5;61;0,112633318854276
-21,5;61,5;0,126652241369438
-21,5;62;0,16389386809762
-21,5;62,5;0,0791913370081782
-21,5;63;0,113439017601025
-21,5;63,5;0,19281370542573
-21,5;64;0,0688639963986988
-21,5;64,5;0
-21,5;65;0
-21,5;65,5;0
-21,5;66;0
-21;-12,5;0
-21;-12;0,0293035833986221
-21;-11,5;0,0401570634333456
-21;-11;0,0923349750584664
-21;-10,5;0,0610583289996532
-21;-10;0,0848891714447221
-21;-9,5;0,0538182782213169
-21;-9;0,082799600519289
-21;-8,5;0,0922365618035133
-21;-8;0
-21;-7,5;0
-21;-7;0,0557460227067281
-21;-6,5;0,0181842422626478
-21;-6;0,0504489841324878
-21;-5,5;0,055522040395657
-21;-5;0,0882872135446107
-21;-4,5;0,0768956512194974
-21;-4;0,0420780454009202
-21;-3,5;0,0455383645628477
-21;-3;0,0493725465380139
-21;-2,5;0,0505955706036199
-21;-2;0,0586898628384834
-21;-1,5;0,0325905332442238
-21;-1;0,231616998131677
-21;-0,5;0,203717707653912
-21;0;0,0299388265189759
-21;0,5;0,0841754809101365
-21;1;0,083882104652931
-21;1,5;0,085505971699545
-21;2;0,047616768754995
-21;2,5;0,0482017585136634
-21;3;0,0872949031510089
-21;3,5;0,0677813950440996
-21;4;0,0654401987148812
-21;4,5;0,393734112418585
-21;5;0,185785565513784
-21;5,5;0,0485796351610523
-21;6;0
-21;6,5;0
-21;7;0
-21;7,5;0
-21;8;0,0370037140541483
-21;8,5;0,0469561368500304
-21;9;0,0285890421898554
-21;9,5;0,109657041117598
-21;10;0,043820657229211
-21;10,5;0
-21;11;0,0427193684930436
-21;11,5;0,0480725146696807
-21;12;0,0848528137423857
-21;12,5;0,0703206939669967
-21;13;0,0528619873432919
-21;13,5;0,0294990583653859
-21;14;0,0982019561058054
-21;14,5;0,0367919837889146
-21;15;0,047505033038541
-21;15,5;0,0536722077275841
-21;16;0,0417221579204439
-21;16,5;0,0988771758619387
-21;17;0,0813856893733942
-21;17,5;0,107291349201347
-21;18;0,0647814304063301
-21;18,5;0,0654646884721642
-21;19;0,0668452432840782
-21;19,5;0,0476197238047229
-21;20;0,0604109304636216
-21;20,5;0,0627371390533613
-21;21;0,0597899712271269
-21;21,5;0,132526504737576
-21;22;0,132089115427481
-21;22,5;0,117446419489589
-21;23;0,0694339450648797
-21;23,5;0
-21;24;0
-21;24,5;0
-21;25;0
-21;25,5;0
-21;26;0
-21;26,5;0
-21;27;0,0801332224070225
-21;27,5;0
-21;28;0,0680477773332825
-21;28,5;0
-21;29;0
-21;29,5;0
-21;30;0
-21;30,5;0
-21;31;0
-21;31,5;0
-21;32;0
-21;32,5;0
-21;33;0
-21;33,5;0
-21;34;0,0363730669589464
-21;34,5;0,0365366679457112
-21;35;0,0490740257162585
-21;35,5;0,0517797208933992
-21;36;0,0338547046308342
-21;36,5;0,0540537089224769
-21;37;0,0568465675394284
-21;37,5;0,0725666166095254
-21;38;0,0829417416764036
-21;38,5;0,0796677027228905
-21;39;0,0665946892145233
-21;39,5;0,0705157192877352
-21;40;0,0857471365619367
-21;40,5;0,088996254602839
-21;41;0
-21;41,5;0
-21;42;0,0175214154679352
-21;42,5;0
-21;43;0
-21;43,5;0,0367559518989782
-21;44;0,0318198051533946
-21;44,5;0,0643039656630911
-21;45;0,056241401459203
-21;45,5;0,0543961415671305
-21;46;0,0655651526903722
-21;46,5;0,0583552502117224
-21;47;0,054615586775577
-21;47,5;0,0569177297244826
-21;48;0,0612231684354571
-21;48,5;0,0857118200247435
-21;49;0,063062625514976
-21;49,5;0,0591792911899689
-21;50;0,0787151925517656
-21;50,5;0,0688168323178015
-21;51;0,0610782003558099
-21;51,5;0,0715838778799182
-21;52;0,101883613074468
-21;52,5;0,0906704396327072
-21;53;0,0816921425465519
-21;53,5;0,115314318217916
-21;54;0,154628072836374
-21;54,5;0,0245586033804856
-21;55;0,0234726791540009
-21;55,5;0
-21;56;0,0455770540638912
-21;56,5;0,0734025106616155
-21;57;0,0347562943939655
-21;57,5;0,0388908729652601
-21;58;0,0785360368933211
-21;58,5;0,114967807555826
-21;59;0,0908936878996556
-21;59,5;0,0597101331433786
-21;60;0,0727322963208544
-21;60,5;0,0862339840202226
-21;61;0,0266333124739176
-21;61,5;0,0723982811336782
-21;62;0
-21;62,5;0,103348462794106
-21;63;0,177939847908455
-21;63,5;0,195062836029829
-21;64;0,173015672922782
-21;64,5;0,158052432529751
-21;65;0
-21;65,5;0,0431335136523794
-21;66;0
-20,5;-13;0
-20,5;-12,5;0
-20,5;-12;0,0255147016443461
-20,5;-11,5;0,107266607105846
-20,5;-11;0,0713016387203725
-20,5;-10,5;0,0453731876094919
-20,5;-10;0,0534648863381027
-20,5;-9,5;0,0806604653590392
-20,5;-9;0,0867454137025063
-20,5;-8,5;0
-20,5;-8;0
-20,5;-7,5;0
-20,5;-7;0,0410365690573664
-20,5;-6,5;0,0642722075757996
-20,5;-6;0,0599257115860205
-20,5;-5,5;0,0407432339304468
-20,5;-5;0,0425150492386485
-20,5;-4,5;0
-20,5;-4;0,045850299889968
-20,5;-3,5;0
-20,5;-3;0,0617548918440205
-20,5;-2,5;0
-20,5;-2;0,0304055915910216
-20,5;-1,5;0,201074691275733
-20,5;-1;0,268289081656019
-20,5;-0,5;0,0614239785290722
-20,5;0;0
-20,5;0,5;0,0554870212194665
-20,5;1;0,056357972396384
-20,5;1,5;0,0599996510663089
-20,5;2;0,0665868569900211
-20,5;2,5;0,0330996940105153
-20,5;3;0,0414627487817907
-20,5;3,5;0,0476793431023614
-20,5;4;0,0600374882885685
-20,5;4,5;0,321104562217013
-20,5;5;0,184610337812091
-20,5;5,5;0
-20,5;6;0
-20,5;6,5;0
-20,5;7;0
-20,5;7,5;0
-20,5;8;0,246921852289302
-20,5;8,5;0,184289906554115
-20,5;9;0,047595609708166
-20,5;9,5;0,225620831444886
-20,5;10;0,0379014294913519
-20,5;10,5;0,0775134412241678
-20,5;11;0,0765430473344124
-20,5;11,5;0
-20,5;12;0,079666723555731
-20,5;12,5;0,109273669511392
-20,5;13;0
-20,5;13,5;0
-20,5;14;0,0829839341880905
-20,5;14,5;0,0394715087119811
-20,5;15;0
-20,5;15,5;0,0620949094352973
-20,5;16;0,104303464276257
-20,5;16,5;0,0926953521605032
-20,5;17;0,0670994801014513
-20,5;17,5;0,0575439729557267
-20,5;18;0,100695399406023
-20,5;18,5;0,0870833633909898
-20,5;19;0,0503888502734887
-20,5;19,5;0,0108857705285386
-20,5;20;0
-20,5;20,5;0,0939865576339139
-20,5;21;0,0798397203926777
-20,5;21,5;0,189794507750919
-20,5;22;0,142180906792756
-20,5;22,5;0,0727945281826411
-20,5;23;0,277310458649129
-20,5;23,5;0,190244360406995
-20,5;24;0,0676153775831673
-20,5;24,5;0,0378725934328946
-20,5;25;0,0608111831820431
-20,5;25,5;0
-20,5;26;0
-20,5;26,5;0
-20,5;27;0,0870650459267221
-20,5;27,5;0,0929695290583605
-20,5;28;0
-20,5;28,5;0,0489734622014821
-20,5;29;0,30506921572237
-20,5;29,5;0,270461369479917
-20,5;30;0,0431335136523794
-20,5;30,5;0
-20,5;31;0
-20,5;31,5;0
-20,5;32;0
-20,5;32,5;0
-20,5;33;0
-20,5;33,5;0
-20,5;34;0
-20,5;34,5;0
-20,5;35;0
-20,5;35,5;0
-20,5;36,5;0,0619469819396278
-20,5;37;0,02229136070106
-20,5;37,5;0,0482904497024777
-20,5;38;0,0593857891352764
-20,5;38,5;0,0821436903151171
-20,5;39;0,073890355361066
-20,5;39,5;0,0862798544089879
-20,5;40;0,0939042847471698
-20,5;40,5;0,0456386026438371
-20,5;41;0,0560041207275102
-20,5;41,5;0,0822906868537208
-20,5;42;0,0608270172288222
-20,5;42,5;0,0588490401264925
-20,5;43;0
-20,5;43,5;0
-20,5;44;0,104581706494651
-20,5;44,5;0,0162634559672906
-20,5;45;0,0678021017373356
-20,5;45,5;0,0599212395153417
-20,5;46;0,0356968308994473
-20,5;46,5;0,0648119186208959
-20,5;47;0,0466949481402237
-20,5;47,5;0,0562609696263467
-20,5;48;0,0219431082574917
-20,5;48,5;0,0127279220613579
-20,5;49;0,0480832611206852
-20,5;49,5;0,0715677833878318
-20,5;50;0,0813805288517498
-20,5;50,5;0,0688898844277633
-20,5;51;0,0517610857691374
-20,5;51,5;0,0985659240270711
-20,5;52;0,0702027988830538
-20,5;52,5;0,0654879211465134
-20,5;53;0,0775950211133891
-20,5;53,5;0,100087025624767
-20,5;54;0,122915129933897
-20,5;54,5;0,0247487373415292
-20,5;55;0,0466690475583121
-20,5;55,5;0
-20,5;56;0,0821066379776934
-20,5;56,5;0,0349257716279759
-20,5;57;0,0416893271713517
-20,5;57,5;0
-20,5;58;0,0599801554484402
-20,5;58,5;0,116158081940087
-20,5;59;0,029
-20,5;59,5;0
-20,5;60;0,0622115566255802
-20,5;60,5;0,107977826941975
-20,5;61;0,0775962334046988
-20,5;61,5;0,1094090466817
-20,5;62;0,110208892563168
-20,5;62,5;0
-20,5;63;0,106425091026506
-20,5;63,5;0,245694254443743
-20,5;64;0,0598327298019701
-20,5;64,5;0,135905538461887
-20,5;65;0,153002964490421
-20,5;65,5;0,12415031212204
-20,5;66;0
-20,5;66,5;0
-20;-14;0
-20;-13,5;0,0515604130169279
-20;-13;0,0539672299155877
-20;-12,5;0,0805450184679351
-20;-12;0
-20;-11,5;0,0614356031412839
-20;-11;0,0825484114316263
-20;-10,5;0,0703423208691834
-20;-10;0,060706434929339
-20;-9,5;0,0646181089169282
-20;-9;0,081580842258029
-20;-8,5;0
-20;-8;0
-20;-7,5;0
-20;-7;0
-20;-6,5;0,059928910454808
-20;-6;0,0700573574532563
-20;-5,5;0
-20;-5;0,0260432332862108
-20;-4,5;0
-20;-4;0,0311126983722081
-20;-3,5;0,0344652657824446
-20;-3;0,0247718157821113
-20;-2,5;0
-20;-2;0,0325518691169422
-20;-1,5;0,0322136551282151
-20;-1;0,0627196376039951
-20;-0,5;0,0557310292301122
-20;0;0,0518167418315987
-20;0,5;0,0705541351753259
-20;1;0,0587885482606384
-20;1,5;0,0762204275206363
-20;2;0,0410957553904428
-20;2,5;0,0435029180167146
-20;3;0,049739387255155
-20;3,5;0,0464132550453256
-20;4;0,0484534610914214
-20;4,5;0,0556667526171482
-20;5;0,0519579789728909
-20;5,5;0,0339411254969543
-20;6;0,30250662251704
-20;6,5;0,0473719596818895
-20;7;0,244965708455955
-20;7,5;0,0483149390285586
-20;8;0,0404247684565033
-20;8,5;0,0541909762300136
-20;9;0,0695753044442189
-20;9,5;0,0815245661015671
-20;10;0,0545139446498813
-20;10,5;0,0790702125678158
-20;11;0,0246098122126695
-20;11,5;0
-20;12;0
-20;12,5;0,0647855995807979
-20;13;0,0552010015734556
-20;13,5;0,0518626588656558
-20;14;0,0558300994088314
-20;14,5;0
-20;15;0,0379170146504178
-20;15,5;0,0271477439209965
-20;16;0,0731531158145468
-20;16,5;0,0923281672957418
-20;17;0,0468515385730999
-20;17,5;0,0603431851993247
-20;18;0,0538057998970752
-20;18,5;0,0523969753631914
-20;19;0,0645975980451488
-20;19,5;0,0756749120098088
-20;20;0,0460633266857646
-20;20,5;0,086256885969028
-20;21;0,0972556767837573
-20;21,5;0,054672554680517
-20;22;0,0315946291042527
-20;22,5;0,081317279836453
-20;23;0,280721439002776
-20;23,5;0,229170762319885
-20;24;0,276559305506731
-20;24,5;0,0726910909877869
-20;25;0,0514948598234357
-20;25,5;0,0698326754757582
-20;26;0,0525534648397864
-20;26,5;0,0397201750712696
-20;27;0
-20;27,5;0,0512324256492751
-20;28;0,0667745793280979
-20;28,5;0,0742305717193245
-20;29;0,339017505569267
-20;29,5;0,346917144988929
-20;30;0,135343052389346
-20;30,5;0
-20;31;0
-20;31,5;0
-20;32;0
-20;32,5;0,0328613247856301
-20;33;0,0681574733721152
-20;33,5;0,107010442707639
-20;34;0,113133086398698
-20;34,5;0
-20;35;0,0504148246595636
-20;35,5;0
-20;36;0
-20;37,5;0
-20;38;0
-20;38,5;0
-20;39;0,0472009382473333
-20;39,5;0,0704142504516427
-20;40;0,045459404651451
-20;40,5;0,0543200894650212
-20;41;0,0652220323270954
-20;41,5;0,0865536596837231
-20;42;0,0392650146989702
-20;42,5;0,0759764891304198
-20;43;0,0754378732950017
-20;43,5;0,0431995370345563
-20;44;0,159553638412849
-20;44,5;0,108478724171533
-20;45;0,0372756782698342
-20;45,5;0,0393156418867821
-20;46;0,0524627408861427
-20;46,5;0,0566302964515503
-20;47;0,0595664894606579
-20;47,5;0,0821609583495901
-20;48;0,0323367695768558
-20;48,5;0,0532381442200984
-20;49;0,0452548339959391
-20;49,5;0
-20;50;0
-20;50,5;0
-20;51;0,0477828421088574
-20;51,5;0,0705716117213741
-20;52;0,0310343428282702
-20;52,5;0,0679902180481227
-20;53;0,0811830962821154
-20;53,5;0,0882695960944899
-20;54;0,127762169920931
-20;54,5;0,0694436683717319
-20;55;0,0801339949263553
-20;55,5;0
-20;56;0,0824678869679124
-20;56,5;0,0522645514027752
-20;57;0,0609605974744707
-20;57,5;0,0645054445837898
-20;58;0
-20;58,5;0,147785881147918
-20;59;0
-20;59,5;0
-20;60;0,102650499268148
-20;60,5;0,0396908889629178
-20;61;0,0523282906275372
-20;61,5;0,152657568870113
-20;62;0,115650129186925
-20;62,5;0,109508968973844
-20;63;0,160936881807727
-20;63,5;0,14903461468306
-20;64;0,135237796264438
-20;64,5;0,0614232002081422
-20;65;0,224382485947544
-20;65,5;0,105358910396796
-20;66;0
-20;66,5;0
-20;67;0
-20;67,5;0
-19,5;-14,5;0,0662338030515134
-19,5;-14;0,0520305999709146
-19,5;-13,5;0,0517780812407113
-19,5;-13;0,0758583243956585
-19,5;-12,5;0,0521943483530545
-19,5;-12;0
-19,5;-11,5;0,0967674076473877
-19,5;-11;0,121803232864452
-19,5;-10,5;0,0967675292138067
-19,5;-10;0,0869625824176165
-19,5;-9,5;0,10767564462052
-19,5;-9;0,0498065702939325
-19,5;-8,5;0
-19,5;-8;0
-19,5;-7,5;0
-19,5;-7;0,0730978035845735
-19,5;-6,5;0,0748457236783851
-19,5;-6;0,066315176350358
-19,5;-5,5;0,0352325606979302
-19,5;-5;0
-19,5;-4,5;0
-19,5;-4;0
-19,5;-3,5;0,0384169378153844
-19,5;-3;0,0572533356621642
-19,5;-2,5;0,0651212137999015
-19,5;-2;0,0578426538670468
-19,5;-1,5;0,0737103149248176
-19,5;-1;0,0560750412965542
-19,5;-0,5;0,0668442117811905
-19,5;0;0,0683007772639769
-19,5;0,5;0,0615432589913203
-19,5;1;0,0483777407192755
-19,5;1,5;0
-19,5;2;0,055986392904671
-19,5;2,5;0,0375794118517301
-19,5;3;0,0473236190178173
-19,5;3,5;0,03930056593433
-19,5;4;0,0405440342522829
-19,5;4,5;0,055545004824697
-19,5;5;0,0467116735300142
-19,5;5,5;0,0672467767226938
-19,5;6;0,0844596662783756
-19,5;6,5;0,0755272228625127
-19,5;7;0,304384163773091
-19,5;7,5;0,231103542778793
-19,5;8;0,16644836796021
-19,5;8,5;0,0364065557501297
-19,5;9;0,0770290074862068
-19,5;9,5;0,0594886101438091
-19,5;10;0
-19,5;10,5;0
-19,5;11;0
-19,5;11,5;0
-19,5;12;0
-19,5;12,5;0,0446787918865813
-19,5;13;0,0463822732402796
-19,5;13,5;0,0471605321160998
-19,5;14;0,0368578349879642
-19,5;14,5;0,0422255846614348
-19,5;15;0,0341289222410162
-19,5;15,5;0,0613713855937518
-19,5;16;0,075590886638914
-19,5;16,5;0,0898101716704955
-19,5;17;0,0575328382102558
-19,5;17,5;0,0405908739450021
-19,5;18;0,0512633257936761
-19,5;18,5;0,0565416256993035
-19,5;19;0
-19,5;19,5;0
-19,5;20;0
-19,5;20,5;0,0706401243905547
-19,5;21;0,0629012655972199
-19,5;21,5;0,0727882605075146
-19,5;22;0,0713174220513967
-19,5;22,5;0,0817972041618517
-19,5;23;0,327760391954491
-19,5;23,5;0,275101154783851
-19,5;24;0,18226607970087
-19,5;24,5;0,0530158426311652
-19,5;25;0,0462011646936267
-19,5;25,5;0,0406048816062356
-19,5;26;0
-19,5;26,5;0,0670771919000983
-19,5;27;0,0582965598375143
-19,5;27,5;0
-19,5;28;0
-19,5;28,5;0,0365760785734272
-19,5;29;0,0615474072023618
-19,5;29,5;0,0540485069795584
-19,5;30;0,0466654761752912
-19,5;30,5;0,0496146177463623
-19,5;31;0,0554565424866639
-19,5;31,5;0,029698484809835
-19,5;32;0,0738428511547778
-19,5;32,5;0,075878599781242
-19,5;33;0,079043680634671
-19,5;33,5;0,0513962998385757
-19,5;34;0,069209957244736
-19,5;34,5;0,066089081296888
-19,5;35;0,0548133097407115
-19,5;35,5;0,0561919734373859
-19,5;36;0,021420534207024
-19,5;36,5;0,0678090009221534
-19,5;37;0
-19,5;37,5;0,0459782557302906
-19,5;38;0,0551479827373586
-19,5;38,5;0
-19,5;39;0
-19,5;39,5;0
-19,5;40;0
-19,5;40,5;0
-19,5;41;0,053149945123835
-19,5;41,5;0,0451017368475613
-19,5;42;0,0645832795698701
-19,5;42,5;0,0470386872184811
-19,5;43;0,0614552459335023
-19,5;43,5;0,013980939405729
-19,5;44;0,0127279220613579
-19,5;44,5;0,117489006577921
-19,5;45;0,0656404346928528
-19,5;45,5;0,0416193064174148
-19,5;46;0,0498926215407702
-19,5;46,5;0,0490205997863545
-19,5;47;0,0531236127028366
-19,5;47,5;0,057574978601121
-19,5;48;0,032598793208972
-19,5;48,5;0,116570028002791
-19,5;49;0,058111897637737
-19,5;49,5;0,0484676295181754
-19,5;50;0
-19,5;50,5;0,0281839197652373
-19,5;51;0,050637280836616
-19,5;51,5;0,0276097808756245
-19,5;52;0,0395769293065207
-19,5;52,5;0,137553222022928
-19,5;53;0,080602184345166
-19,5;53,5;0,0479557087321207
-19,5;54;0,0458475735453906
-19,5;54,5;0,0671469194469023
-19,5;55;0,0886980669150579
-19,5;55,5;0,10188471542923
-19,5;56;0,245941049847316
-19,5;56,5;0,0917087069372618
-19,5;57;0,0998659541145469
-19,5;57,5;0,0677768133550953
-19,5;58;0,0901789886836174
-19,5;58,5;0,0553014466356894
-19,5;59;0,0268871096748361
-19,5;59,5;0
-19,5;60;0,0282842712474619
-19,5;60,5;0,0377319493267973
-19,5;61;0,130622580213141
-19,5;61,5;0,0805884404367409
-19,5;62;0
-19,5;62,5;0,124680792426099
-19,5;63;0,14859621485571
-19,5;63,5;0,158228281100732
-19,5;64;0,117789585123798
-19,5;64,5;0
-19,5;65;0,0176776695296637
-19,5;65,5;0
-19,5;66;0
-19,5;66,5;0
-19,5;67;0
-19,5;67,5;0
-19;-15;0,0777890921475682
-19;-14,5;0,0972856047362038
-19;-14;0,0641952072240745
-19;-13,5;0,0595216223687809
-19;-13;0,0783165619199907
-19;-12,5;0,0674446510286839
-19;-12;0
-19;-11,5;0,00777817459305201
-19;-11;0,0608692979142312
-19;-10,5;0,0715214174768281
-19;-10;0,0570351342239826
-19;-9,5;0,067993347013478
-19;-9;0,0433899264148456
-19;-8,5;0,0500547069136413
-19;-8;0,25148008026329
-19;-7,5;0,225091734881694
-19;-7;0,247569944543108
-19;-6,5;0,0717624961651687
-19;-6;0,0791685246990892
-19;-5,5;0,0495498971511779
-19;-5;0,0476098229160248
-19;-4,5;0
-19;-4;0
-19;-3,5;0
-19;-3;0,0483579247785602
-19;-2,5;0,0576251996644145
-19;-2;0,0417034674576945
-19;-1,5;0,0798664893837347
-19;-1;0,071242526768123
-19;-0,5;0,0755705896573794
-19;0;0,0571066751657357
-19;0,5;0,0373319235322784
-19;1;0,0502257964658663
-19;1,5;0,0717172357579536
-19;2;0,101358593093725
-19;2,5;0,062584076782091
-19;3;0,0392731839646775
-19;3,5;0,0372209040584015
-19;4;0,0455905692002195
-19;4,5;0,0425159412827459
-19;5;0,0464264666620527
-19;5,5;0,0541593974868116
-19;6;0,0385681215513538
-19;6,5;0,0424369279889916
-19;7;0,0845547767661449
-19;7,5;0,143556229262834
-19;8;0,0470874656061068
-19;8,5;0,0330050941058164
-19;9;0,0326025694728481
-19;9,5;0,00212132034355964
-19;10;0,0537401153701776
-19;10,5;0,0303124470217177
-19;11;0,243096885188263
-19;11,5;0,276813761329776
-19;12;0,0784803584769251
-19;12,5;0,066614592741797
-19;13;0,0464695529872917
-19;13,5;0,0530277396884931
-19;14;0,0971673541463011
-19;14,5;0,116830389760329
-19;15;0,0463413027424703
-19;15,5;0,0344770455037358
-19;16;0,0447718191441188
-19;16,5;0,051035997086793
-19;17;0,0530618371200862
-19;17,5;0,0269238343692509
-19;18;0,0366374125723965
-19;18,5;0,0493389636426763
-19;19;0,036226141573915
-19;19,5;0
-19;20;0,0691758628424684
-19;20,5;0,0665799681350385
-19;21;0,0478664809652851
-19;21,5;0,0885983572509278
-19;22;0,086875385183956
-19;22,5;0,0814185880508037
-19;23;0,371109165206143
-19;23,5;0,269969983663384
-19;24;0,250215284498152
-19;24,5;0,0566220402630317
-19;25;0,0148492424049175
-19;25,5;0
-19;26;0
-19;26,5;0,0569384342436429
-19;27;0,316839860301736
-19;27,5;0,0605867147153565
-19;28;0,0878584720508564
-19;28,5;0,068794702638438
-19;29;0,0466991383626028
-19;29,5;0,0538333462332286
-19;30;0,0529308408495792
-19;30,5;0,136762485177465
-19;31;0,131877970254556
-19;31,5;0,139258747748396
-19;32;0,11365467631332
-19;32,5;0,120539686072129
-19;33;0,0930887487912215
-19;33,5;0,0454951593448086
-19;34;0,0275771644662753
-19;34,5;0,0704491542414338
-19;35;0,0502918968798642
-19;35,5;0,0651545415586227
-19;36;0,0618898452185532
-19;36,5;0,0435201102939779
-19;37;0,041798458238446
-19;37,5;0,0302476559365378
-19;38;0,0525085404995875
-19;38,5;0,0534104843817881
-19;39;0,0737915274007052
-19;39,5;0,053519021985512
-19;40;0
-19;40,5;0
-19;41;0
-19;41,5;0
-19;42;0
-19;42,5;0
-19;43;0
-19;43,5;0
-19;44;0
-19;44,5;0
-19;45;0,0502045814642449
-19;45,5;0,0274519782731793
-19;46;0,0468623871920043
-19;46,5;0,0377519467864375
-19;47;0,0524205280849581
-19;47,5;0,059218801041233
-19;48;0,0669227100677118
-19;48,5;0,0430414176853369
-19;49;0,0469044621696974
-19;49,5;0,0908283310112308
-19;50;0,0492256708097174
-19;50,5;0,0305502175028867
-19;51;0,056995499191643
-19;51,5;0
-19;52;0,0592705660509498
-19;52,5;0,0577952049419821
-19;53;0,0938309650382005
-19;53,5;0,0949539010959178
-19;54;0,115047358669559
-19;54,5;0,108297276050693
-19;55;0,109851109387963
-19;55,5;0,0702167100029357
-19;56;0,0925070460636841
-19;56,5;0,105196773292298
-19;57;0,105198361385029
-19;57,5;0,122330563093066
-19;58;0,194008489808171
-19;58,5;0,0550313042226372
-19;59;0
-19;59,5;0
-19;60;0,0346376043681378
-19;60,5;0,0809293121892715
-19;61;0,106535387965168
-19;61,5;0,00723417813807024
-19;62;0,114827551862202
-19;62,5;0
-19;63;0,197367170522354
-19;63,5;0,209271990159659
-19;64;0,220611644803559
-19;64,5;0,0847368475536666
-19;65;0
-19;65,5;0
-19;66;0
-19;66,5;0
-19;67;0
-19;67,5;0
-19;68;0,0454967293434636
-19;68,5;0
-18,5;-15;0
-18,5;-14,5;0,316099351470388
-18,5;-14;0,052040368945656
-18,5;-13,5;0,0469126848517541
-18,5;-13;0,0861029603452737
-18,5;-12,5;0,0311126983722081
-18,5;-12;0
-18,5;-11,5;0
-18,5;-11;0
-18,5;-10,5;0,0493570325958385
-18,5;-10;0,0488892054728312
-18,5;-9,5;0,0431091637589968
-18,5;-9;0
-18,5;-8,5;0,0511662207208735
-18,5;-8;0,149293766741545
-18,5;-7,5;0,262166520954463
-18,5;-7;0,0969384916973389
-18,5;-6,5;0,0635213616665933
-18,5;-6;0,0516819470987112
-18,5;-5,5;0,0660550275654069
-18,5;-5;0,0374488758262994
-18,5;-4,5;0,0176328292303495
-18,5;-4;0
-18,5;-3,5;0
-18,5;-3;0,266233731897369
-18,5;-2,5;0,0591316686117028
-18,5;-2;0,057287601460052
-18,5;-1,5;0,0457702596307544
-18,5;-1;0,0479419727226364
-18,5;-0,5;0,0491080889019762
-18,5;0;0,0311165244723458
-18,5;0,5;0,0842897727454149
-18,5;1;0,0745310730141835
-18,5;1,5;0,0621350585512358
-18,5;2;0,0694493452208607
-18,5;2,5;0,0703220802348271
-18,5;3;0,0452282746232578
-18,5;3,5;0,0210060597317666
-18,5;4;0,0651203250505852
-18,5;4,5;0,047756268751589
-18,5;5;0,0337651618365166
-18,5;5,5;0,0529114153505284
-18,5;6;0,0442382917281675
-18,5;6,5;0,0310805405358401
-18,5;7;0,0568161397612838
-18,5;7,5;0,04694423596484
-18,5;8;0,0400829403270663
-18,5;8,5;0,0442368624565531
-18,5;9;0
-18,5;9,5;0,0642598889925382
-18,5;10;0,0415173426845908
-18,5;10,5;0,0236084125442001
-18,5;11;0,333121506686882
-18,5;11,5;0,353877686361582
-18,5;12;0,0746163264632037
-18,5;12,5;0,0425022684000388
-18,5;13;0,0667059939274601
-18,5;13,5;0,0595954005331442
-18,5;14;0,0604276405627724
-18,5;14,5;0,0832845837206496
-18,5;15;0,0343875872059404
-18,5;15,5;0,0843425554904917
-18,5;16;0
-18,5;16,5;0,0317995208110047
-18,5;17;0,0629959938257604
-18,5;17,5;0,0560404120057818
-18,5;18;0,0786252102331722
-18,5;18,5;0,10869520372044
-18,5;19;0,0634136333045891
-18,5;19,5;0,0406332450840516
-18,5;20;0,0450298602228378
-18,5;20,5;0,0516159358765814
-18,5;21;0,0511459796258128
-18,5;21,5;0,0436803773960131
-18,5;22;0,0576007600728984
-18,5;22,5;0,071888271561082
-18,5;23;0,0677241521490947
-18,5;23,5;0,0783782023851465
-18,5;24;0,0539630886438927
-18,5;24,5;0,0678404992119997
-18,5;25;0,0440874131697472
-18,5;25,5;0,36047894067014
-18,5;26;0,185417304118754
-18,5;26,5;0,330903697686891
-18,5;27;0,0908110109286443
-18,5;27,5;0,214709519736812
-18,5;28;0,157840274901409
-18,5;28,5;0,0739152668037305
-18,5;29;0,101599401875889
-18,5;29,5;0,127357965508429
-18,5;30;0,125125308345121
-18,5;30,5;0,177173518069939
-18,5;31;0,113982250607072
-18,5;31,5;0,0729500161135304
-18,5;32;0,0705138716980122
-18,5;32,5;0,0816529163730737
-18,5;33;0,0650402911562072
-18,5;33,5;0,0710832083605018
-18,5;34;0,0483563800940302
-18,5;34,5;0,0679634790366019
-18,5;35;0,0551551530601712
-18,5;35,5;0,0405194911945679
-18,5;36;0,0296352830254749
-18,5;36,5;0
-18,5;37;0,0308205250102065
-18,5;37,5;0,0385993751854338
-18,5;38;0,0432046471859398
-18,5;38,5;0,0561945545136648
-18,5;39;0,0656397510893888
-18,5;39,5;0,0623217458035315
-18,5;40;0,0469041575982343
-18,5;40,5;0
-18,5;41;0,0453556317708544
-18,5;41,5;0,0574653518797777
-18,5;42;0,0633175874707564
-18,5;42,5;0,0551425047792838
-18,5;43;0,0679070443081325
-18,5;43,5;0
-18,5;44;0
-18,5;44,5;0
-18,5;45;0
-18,5;45,5;0
-18,5;46;0
-18,5;46,5;0
-18,5;47;0
-18,5;47,5;0,0566418573141807
-18,5;48;0,0553559907714216
-18,5;48,5;0,0721419540798663
-18,5;49;0,0493236067397568
-18,5;49,5;0,0784431853849226
-18,5;50;0,0810626511353466
-18,5;50,5;0,0515240024268977
-18,5;51;0,0310376115919594
-18,5;51,5;0,032077094631528
-18,5;52;0,0569407023994575
-18,5;52,5;0,0752828001604616
-18,5;53;0,0364824158556786
-18,5;53,5;0,0698328628512189
-18,5;54;0,117222736492282
-18,5;54,5;0,114590575528706
-18,5;55;0,106183802907977
-18,5;55,5;0,125566956664803
-18,5;56;0,0905333690364548
-18,5;56,5;0,00848528137423857
-18,5;57;0,056289677364307
-18,5;57,5;0,0615789079536322
-18,5;58;0,248079466406274
-18,5;58,5;0,196157406656351
-18,5;59;0,183499138481709
-18,5;59,5;0,0606654761787955
-18,5;60;0,0575360756395498
-18,5;60,5;0,0627079812232136
-18,5;61;0,0987221560874969
-18,5;61,5;0,0671220281775414
-18,5;62;0,0948024847306815
-18,5;62,5;0,105879112027049
-18,5;63;0
-18,5;63,5;0,105450155495939
-18,5;64;0,159700506147106
-18,5;64,5;0,163231397136057
-18,5;65;0,178053447883017
-18,5;65,5;0,205839265035374
-18,5;66;0
-18,5;67;0
-18,5;67,5;0
-18,5;68;0
-18,5;68,5;0
-18,5;69;0
-18;-16;0,0340558365041882
-18;-15,5;0,0714411596050504
-18;-15;0,108227984843555
-18;-14,5;0,239061704894086
-18;-14;0,13934648607632
-18;-13,5;0,0591957205660454
-18;-13;0,0639444361073808
-18;-12,5;0,0491772305035572
-18;-12;0,0409597363272763
-18;-11,5;0,0319374388453426
-18;-11;0
-18;-10,5;0,116550832479756
-18;-10;0,090468502018934
-18;-9,5;0,0485875498456137
-18;-9;0
-18;-8,5;0,0506556594403166
-18;-8;0,0470819653630835
-18;-7,5;0,178477422875249
-18;-7;0,0680617366807518
-18;-6,5;0,04973807002444
-18;-6;0,0677536289271965
-18;-5,5;0,0478646902364214
-18;-5;0,0651429197994686
-18;-4,5;0,0670190804387612
-18;-4;0,0581182315283151
-18;-3,5;0,305852547601482
-18;-3;0,330864831238387
-18;-2,5;0,0489150075046879
-18;-2;0,0444078310907533
-18;-1,5;0,00919238815542511
-18;-1;0,117705664165423
-18;-0,5;0,0481412804950236
-18;0;0,0495505439955649
-18;0,5;0,082009088441053
-18;1;0,0684213051614773
-18;1,5;0,0530534986368452
-18;2;0,0390398288049203
-18;2,5;0,0469248171177945
-18;3;0,0378615748559765
-18;3,5;0,0304341600054625
-18;4;0,0244711929769328
-18;4,5;0,0129215582135695
-18;5;0,0156182128116046
-18;5,5;0,0542844968233603
-18;6;0,0412169627964675
-18;6,5;0,0552773434551042
-18;7;0,0798934126862069
-18;7,5;0,0469203443782922
-18;8;0,0346340108258104
-18;8,5;0
-18;9;0
-18;9,5;0
-18;10;0,0552703704783481
-18;10,5;0,0134350288425444
-18;11;0,0610237770098198
-18;11,5;0,0589753091787727
-18;12;0,0404332489301518
-18;12,5;0,0688780533611238
-18;13;0,0790590298706076
-18;13,5;0,032824739025063
-18;14;0,0430637300809492
-18;14,5;0,0561938470582409
-18;15;0,0808519214737331
-18;15,5;0,0836267400255449
-18;16;0,0648141459697384
-18;16,5;0,0293354977556446
-18;17;0,0533914427024233
-18;17,5;0
-18;18;0,0699467144127789
-18;18,5;0,0733437384393103
-18;19;0
-18;19,5;0,0543953540796872
-18;20;0,0565193409147338
-18;20,5;0,0568084311476947
-18;21;0,0804387312975138
-18;21,5;0,0992379471320685
-18;22;0,396374376257909
-18;22,5;0,069430015317779
-18;23;0,0697778404987819
-18;23,5;0,0690548325062998
-18;24;0,0570337770460447
-18;24,5;0,0454105562465229
-18;25;0,0786196251234096
-18;25,5;0,0527101613648745
-18;26;0,294847995854374
-18;26,5;0,288171438843138
-18;27;0,244425346476179
-18;27,5;0,266947336305048
-18;28;0,188388526582144
-18;28,5;0,173443400787796
-18;29;0,120164852144916
-18;29,5;0,156004869013259
-18;30;0,217161443513851
-18;30,5;0,185510724906293
-18;31;0,145597100466185
-18;31,5;0,0689840189594291
-18;32;0,0561347779945072
-18;32,5;0,0591760736472748
-18;33;0,0581419718352318
-18;33,5;0,0674105889308201
-18;34;0,0628594924372897
-18;34,5;0,0654382660731981
-18;35;0,0428875350112438
-18;35,5;0,0709685082742104
-18;36;0,0801227423778907
-18;36,5;0,052704838487562
-18;37;0,0231393295371446
-18;37,5;0,0147986485869487
-18;38;0,0275771644662754
-18;38,5;0,0401053557575489
-18;39;0,0468489419498814
-18;39,5;0,052453335270051
-18;40;0,0515459226598685
-18;40,5;0,155940663318425
-18;41;0,0465056972231773
-18;41,5;0,0623171906049844
-18;42;0,0524542223185625
-18;42,5;0,0616948789962107
-18;43;0,116557640744051
-18;43,5;0,0971567968894518
-18;44;0,246957736889379
-18;44,5;0,294569276781421
-18;45;0,0738229864834344
-18;45,5;0,0284456596962622
-18;46;0,0187574227731559
-18;46,5;0
-18;47;0
-18;47,5;0
-18;48;0
-18;48,5;0
-18;49;0
-18;49,5;0
-18;50;0,0228880123888273
-18;50,5;0,0290913680033733
-18;51;0,0410955435233432
-18;51,5;0,0383857155449099
-18;52;0,0583596936776903
-18;52,5;0,0724008578024205
-18;53;0,040397271695494
-18;53,5;0,0747569099698168
-18;54;0,114332475577814
-18;54,5;0,110386680588452
-18;55;0,0873850160247226
-18;55,5;0,121524483129944
-18;56;0,072636538096654
-18;56,5;0,0881788105588806
-18;57;0,143818778012786
-18;57,5;0,154358060088502
-18;58;0,210612777237004
-18;58,5;0,300756614001063
-18;59;0,270323962024169
-18;59,5;0,063297215968849
-18;60;0,072450628480721
-18;60,5;0,0973860280612084
-18;61;0,145487542422023
-18;61,5;0
-18;62;0
-18;62,5;0
-18;63;0
-18;63,5;0
-18;64;0,261926289009555
-18;64,5;0,215813818932185
-18;65;0,261645473066607
-18;65,5;0,124854369712732
-18;66;0,0634682454603732
-18;66,5;0
-18;67;0
-18;68;0
-18;68,5;0
-18;69;0
-17,5;-16,5;0
-17,5;-16;0,127235698909241
-17,5;-15,5;0,241654071440773
-17,5;-15;0,28345704125291
-17,5;-14,5;0,254567425947812
-17,5;-14;0,124732833986139
-17,5;-13,5;0,052084973307514
-17,5;-13;0,0295784670712617
-17,5;-12,5;0,0645693425706039
-17,5;-12;0,0683064880943932
-17,5;-11,5;0,0522281624449966
-17,5;-11;0,0763675323681471
-17,5;-10,5;0,0954164556038423
-17,5;-10;0,0554677083235522
-17,5;-9,5;0,050840272750383
-17,5;-9;0,050166010120684
-17,5;-8,5;0,0659562354899065
-17,5;-8;0,0605628323864288
-17,5;-7,5;0,0657759357629384
-17,5;-7;0,0597328709590948
-17,5;-6,5;0,0612439733799361
-17,5;-6;0,0637433469917786
-17,5;-5,5;0,0668517549721557
-17,5;-5;0,0501045345998183
-17,5;-4,5;0,0476583026744954
-17,5;-4;0,0623050738080152
-17,5;-3,5;0,165007234286315
-17,5;-3;0,0469366747001869
-17,5;-2,5;0,0433536389671721
-17,5;-2;0,0465226600135551
-17,5;-1,5;0,0579772774962946
-17,5;-1;0,100920219108958
-17,5;-0,5;0,0764592139379643
-17,5;0;0,03654859778432
-17,5;0,5;0,0785792873632468
-17,5;1;0,0604272472325728
-17,5;1,5;0,0393713221787256
-17,5;2;0,0367722803867085
-17,5;2,5;0,0353272885460704
-17,5;3;0,0330258892326295
-17,5;3,5;0,0429523603909948
-17,5;4;0,0299958330439413
-17,5;4,5;0
-17,5;5;0,0447412667721976
-17,5;5,5;0,077416243920091
-17,5;6;0,0532406581173418
-17,5;6,5;0,0534629089330065
-17,5;7;0,0582301138058836
-17,5;7,5;0,0713849996975428
-17,5;8;0,0345029789374129
-17,5;8,5;0
-17,5;9;0,00636396103067892
-17,5;9,5;0,0162634559672906
-17,5;10;0,0762858401786643
-17,5;10,5;0
-17,5;11;0
-17,5;11,5;0,0245543614591515
-17,5;12;0
-17,5;12,5;0,0275919674301538
-17,5;13;0,0258642203581868
-17,5;13,5;0,0549879033260509
-17,5;14;0,0338526217596215
-17,5;14,5;0,0398154521184039
-17,5;15;0,0815134996015013
-17,5;15,5;0,0603551549848241
-17,5;16;0,0551018063155234
-17,5;16,5;0,0417362254855532
-17,5;17;0,0418022332581658
-17,5;17,5;0,0352815883456297
-17,5;18;0,0448025429762961
-17,5;18,5;0,0329389489658422
-17,5;19;0,0373616930009348
-17,5;19,5;0
-17,5;20;0,063908267592438
-17,5;20,5;0,0587392767369411
-17,5;21;0,0619589306791934
-17,5;21,5;0,221167038625467
-17,5;22;0,349049155072236
-17,5;22,5;0,0509520686576376
-17,5;23;0,0837511575234845
-17,5;23,5;0,0841206384793994
-17,5;24;0,0653681879816169
-17,5;24,5;0,055373364750659
-17,5;25;0,0591320203724964
-17,5;25,5;0,10826278238278
-17,5;26;0,142879018029602
-17,5;26,5;0,293674177774802
-17,5;27;0,192365448620028
-17,5;27,5;0,245432733996625
-17,5;28;0,284026097646227
-17,5;28,5;0,321083268324705
-17,5;29;0,289079906275586
-17,5;29,5;0,171968048648863
-17,5;30;0,197598387090192
-17,5;30,5;0,131416748950664
-17,5;31;0,0266764381606911
-17,5;31,5;0,0491385795480496
-17,5;32;0,0797399045707504
-17,5;32,5;0
-17,5;33;0,343404452769352
-17,5;33,5;0,0218314248529754
-17,5;34;0,0287749891398763
-17,5;34,5;0,059224244284846
-17,5;35;0,0289967157417788
-17,5;35,5;0,0532108044092772
-17,5;36;0,0893991442520956
-17,5;36,5;0,0652606889048826
-17,5;37;0,0420746690750834
-17,5;37,5;0,0437778482796951
-17,5;38;0,0346669871780055
-17,5;38,5;0,0415105408300109
-17,5;39;0,0526793233737024
-17,5;39,5;0,0805009953752763
-17,5;40;0,124271785299069
-17,5;40,5;0,190104139627259
-17,5;41;0,0562469580497921
-17,5;41,5;0,0508444452098324
-17,5;42;0,0602399698560181
-17,5;42,5;0,0532228863389811
-17,5;43;0,0651611160778674
-17,5;43,5;0,0890041943054974
-17,5;44;0,0987010895974269
-17,5;44,5;0,348247401818827
-17,5;45;0,153962709957917
-17,5;45,5;0,0722883261813559
-17,5;46;0,095401034959084
-17,5;46,5;0,0423035853484469
-17,5;47;0,0477296307031473
-17,5;47,5;0,0510724974913113
-17,5;48;0
-17,5;48,5;0
-17,5;49;0
-17,5;49,5;0
-17,5;50;0
-17,5;50,5;0
-17,5;51;0,0231434450248671
-17,5;51,5;0,0373126430762193
-17,5;52;0,0400669893598663
-17,5;52,5;0,054162563947189
-17,5;53;0,0374418066990482
-17,5;53,5;0,0332061609164176
-17,5;54;0,0477895186755223
-17,5;54,5;0,143402485080534
-17,5;55;0,119287295381387
-17,5;55,5;0,117935397447138
-17,5;56;0,135347682188841
-17,5;56,5;0,039707262140151
-17,5;57,5;0,0268700576850888
-17,5;58;0,118506821182017
-17,5;58,5;0,123120183339104
-17,5;59;0,0367695526217005
-17,5;59,5;0,0591123224604369
-17,5;60;0,0585103979363213
-17,5;60,5;0,132416104120843
-17,5;61;0,310357502533016
-17,5;61,5;0,45004592358262
-17,5;62;0,0869819967212939
-17,5;62,5;0
-17,5;63;0
-17,5;63,5;0,0666133119829162
-17,5;64;0,0927844449052441
-17,5;64,5;0,182546433662693
-17,5;65;0,146661834357886
-17,5;65,5;0,114172554026891
-17,5;66;0,0898621479139333
-17,5;66,5;0
-17,5;67;0,0301164406927512
-17,5;67,5;0,120208152801713
-17,5;68;0,0304055915910215
-17,5;68,5;0
-17,5;69;0,0554256258422041
-17,5;69,5;0
-17,5;70;0
-17;-17;0
-17;-16,5;0,044808481340032
-17;-16;0,103164343734557
-17;-15,5;0,177095120144366
-17;-15;0,368845118631739
-17;-14,5;0,200877662731861
-17;-14;0,0566882661915984
-17;-13,5;0,0268886593194975
-17;-13;0,0364087901474356
-17;-12,5;0,0701070609853244
-17;-12;0,0709564152525836
-17;-11,5;0,0435036944243984
-17;-11;0,00494974746830582
-17;-10,5;0
-17;-10;0,0568291612768354
-17;-9,5;0,118913036900197
-17;-9;0,0578550210716707
-17;-8,5;0,0651719992999572
-17;-8;0,0736535002239411
-17;-7,5;0,0494077072779292
-17;-7;0,0690918967468576
-17;-6,5;0,0542306521845684
-17;-6;0,0502592111368013
-17;-5,5;0,0602295262585829
-17;-5;0,0467021463766975
-17;-4,5;0,0662071407837094
-17;-4;0,0464470337633342
-17;-3,5;0,0738163370325514
-17;-3;0,0607844326513562
-17;-2,5;0,0193304595565306
-17;-2;0,0476678249814436
-17;-1,5;0,0400719940342673
-17;-1;0,0793168559409892
-17;-0,5;0,414480088291034
-17;0;0,0662314963677487
-17;0,5;0,0663427421845031
-17;1;0,0417142925553081
-17;1,5;0,0443952925275009
-17;2;0,0380529288862946
-17;2,5;0,0327010680022052
-17;3;0,0354735714159971
-17;3,5;0
-17;4;0,055502120501085
-17;4,5;0,318808413949201
-17;5;0,388495350845482
-17;5,5;0,0505845180800189
-17;6;0,0402938556754601
-17;6,5;0,0352482374601571
-17;7;0,0283934444491627
-17;7,5;0,0413833264751026
-17;8;0,0389983974029703
-17;8,5;0,0201461327968091
-17;9;0
-17;9,5;0,065734885436872
-17;10;0,0560797915468934
-17;10,5;0
-17;11;0,0433362220149396
-17;11,5;0,0384304709690253
-17;12;0,0448943203534701
-17;12,5;0,0538347799824842
-17;13;0,0416967610617532
-17;13,5;0,37222880828099
-17;14;0,0395840212313265
-17;14,5;0,0389407444580528
-17;15;0,0513198060469559
-17;15,5;0,0521598068875399
-17;16;0,063089958244542
-17;16,5;0,0496095756885704
-17;17;0,0534269150935206
-17;17,5;0,0502431566476069
-17;18;0,0465986038960125
-17;18,5;0,0471481117802659
-17;19;0,0596088037639241
-17;19,5;0,0746518057736258
-17;20;0,0721574282000436
-17;20,5;0,109711691733517
-17;21;0,0588087949117677
-17;21,5;0
-17;22;0,0629325035256027
-17;22,5;0,0463093397173286
-17;23;0,0827521180603751
-17;23,5;0,0826075976522342
-17;24;0,0504530144457858
-17;24,5;0,0827788217682115
-17;25;0,124903145272346
-17;25,5;0,110266903497777
-17;26;0,214725707781504
-17;26,5;0,337583300606657
-17;27;0,104464750443454
-17;27,5;0,351580705170324
-17;28;0,347604792480367
-17;28,5;0,258154879479242
-17;29;0,361615993920102
-17;29,5;0,128662013998514
-17;30;0,0832602346061232
-17;30,5;0,063386995763201
-17;31;0,0592795455121666
-17;31,5;0,0907143514955129
-17;32;0,0385342560443158
-17;32,5;0,278884611742324
-17;33;0,304901561007421
-17;33,5;0,214491789425825
-17;34;0,0353217239529236
-17;34,5;0,0538265733629775
-17;35;0,0512103505162775
-17;35,5;0,0485632546879053
-17;36;0,104651803615609
-17;36,5;0,0441059330853949
-17;37;0,123621734874307
-17;37,5;0,0720464593695784
-17;38;0
-17;38,5;0
-17;39;0,0261629509039023
-17;39,5;0,0520448524511951
-17;40;0,0567975495968941
-17;40,5;0,0435023383428471
-17;41;0,0368368753372946
-17;41,5;0,0421303610269534
-17;42;0,0568749207802228
-17;42,5;0,043323683135992
-17;43;0,07042378514211
-17;43,5;0,074968631313791
-17;44;0,059458226279203
-17;44,5;0,0566363207732058
-17;45;0,0529725113291954
-17;45,5;0,0443828481431997
-17;46;0,0463714362466083
-17;46,5;0,0456614476668262
-17;47;0,0506977368954058
-17;47,5;0,0820402126473845
-17;48;0,114651282882777
-17;48,5;0,310579789134321
-17;49;0,216325950053771
-17;49,5;0
-17;50;0,00777817459305202
-17;50,5;0
-17;51;0,0601639426899534
-17;51,5;0,0186793111935817
-17;52;0,0855581348817542
-17;52,5;0
-17;53;0,0323934149686836
-17;53,5;0,056323047807143
-17;54;0,066420031265874
-17;54,5;0,0903937399702349
-17;55;0,0940800481621097
-17;55,5;0,182635600308374
-17;56;0,130278785321179
-17;56,5;0,152377108954506
-17;57;0,113739712599524
-17;57,5;0,0212132034355964
-17;58;0,0937599225518189
-17;58,5;0,0988724341854606
-17;59;0,100722928001067
-17;59,5;0
-17;60;0,0505880257733819
-17;60,5;0,0304970724590317
-17;61;0,381776829011153
-17;61,5;0,330881776470086
-17;62;0,244364298244261
-17;62,5;0,142454671153084
-17;63;0,0753032331515515
-17;63,5;0,111052674117157
-17;64;0,149637200143102
-17;64,5;0,104964279638361
-17;65;0,0764689479462089
-17;65,5;0,0865508241514217
-17;66;0,148325629319642
-17;66,5;0,116158061442567
-17;67;0,0544988531989435
-17;67,5;0,0649341546833748
-17;68;0,0803914036310959
-17;68,5;0
-17;69;0,0908735385026906
-17;69,5;0,0480034720966446
-17;70;0
-17;70,5;0
-16,5;-17,5;0,0180254449783262
-16,5;-17;0
-16,5;-16,5;0
-16,5;-16;0,094443069271034
-16,5;-15,5;0,31896711856753
-16,5;-15;0,315827133611289
-16,5;-14,5;0,357689726183729
-16,5;-14;0,0526199310419269
-16,5;-13,5;0,0247487373415292
-16,5;-13;0,0675984013098618
-16,5;-12,5;0,068044103344816
-16,5;-12;0,0738053390357055
-16,5;-11,5;0,0536826245243671
-16,5;-11;0
-16,5;-10,5;0
-16,5;-10;0,2778043161926
-16,5;-9,5;0,354014774942277
-16,5;-9;0,0555825370152589
-16,5;-8,5;0,0302997149701565
-16,5;-8;0,0672978258818296
-16,5;-7,5;0,0520969848775659
-16,5;-7;0,0342033280114498
-16,5;-6,5;0,0821773334346813
-16,5;-6;0,073711888731212
-16,5;-5,5;0,0561666774179665
-16,5;-5;0,0423077855476828
-16,5;-4,5;0,0556584197932132
-16,5;-4;0,0501928635362146
-16,5;-3,5;0,0434986218407068
-16,5;-3;0,0592212339068897
-16,5;-2,5;0,0645599141392025
-16,5;-2;0,0489021270783479
-16,5;-1,5;0,0545404182233049
-16,5;-1;0,260696453164673
-16,5;-0,5;0,249799940291209
-16,5;0;0,319277568249664
-16,5;0,5;0,0520754104249531
-16,5;1;0,052027073015216
-16,5;1,5;0,0432039175842152
-16,5;2;0,0347504786460422
-16,5;2,5;0,0443622288996076
-16,5;3;0,0304055915910215
-16,5;3,5;0
-16,5;4;0,0680424004130384
-16,5;4,5;0,354271830738269
-16,5;5;0,331257472014364
-16,5;5,5;0,0511155582998005
-16,5;6;0,0435341952245146
-16,5;6,5;0,0462936156567481
-16,5;7;0,0491071076463517
-16,5;7,5;0,0449978864237943
-16,5;8;0,0299492568053579
-16,5;8,5;0,0423294154432199
-16,5;9;0,054237572638479
-16,5;9,5;0,0278168613933668
-16,5;10;0
-16,5;10,5;0,0449577579512146
-16,5;11;0,0675005290984554
-16,5;11,5;0,0789204944513429
-16,5;12;0,0489390681926712
-16,5;12,5;0,0419822769978107
-16,5;13;0,121006391814248
-16,5;13,5;0,362354983881048
-16,5;14;0,203155999970187
-16,5;14,5;0,0362368068244315
-16,5;15;0,0430014926510851
-16,5;15,5;0,0435224735148657
-16,5;16;0,0540195465755242
-16,5;16,5;0,0703772131654594
-16,5;17;0,0673841372373314
-16,5;17,5;0,0659540721853242
-16,5;18;0,0635840194369744
-16,5;18,5;0,0470402574612546
-16,5;19;0,104539785090016
-16,5;19,5;0,0459749486833074
-16,5;20;0,229982663783655
-16,5;20,5;0,359955771246412
-16,5;21;0,248209887036352
-16,5;21,5;0,131474572207917
-16,5;22;0,077022723919633
-16,5;22,5;0,0724284147574045
-16,5;23;0,0825548223988078
-16,5;23,5;0,0646410692691366
-16,5;24;0,0714641772022067
-16,5;24,5;0,0713426977306053
-16,5;25;0,100107683956312
-16,5;25,5;0,094240601171103
-16,5;26;0,0463669250424453
-16,5;26,5;0,0497327924949992
-16,5;27;0,113624923114207
-16,5;27,5;0,108471634947738
-16,5;28;0,0649497974629343
-16,5;28,5;0
-16,5;29;0,310641675749167
-16,5;29,5;0,0669726312259966
-16,5;30;0,0605237556666802
-16,5;30,5;0,0496100232993768
-16,5;31;0,041205973642357
-16,5;31,5;0,0434072131545686
-16,5;32;0,165168727879568
-16,5;32,5;0,321028466860355
-16,5;33;0,318749483167979
-16,5;33,5;0,0517781030090859
-16,5;34;0,0435083314086025
-16,5;34,5;0,0287576076890968
-16,5;35;0,0349854391480363
-16,5;35,5;0,0706369827592695
-16,5;36;0
-16,5;36,5;0
-16,5;37;0,0434919943372176
-16,5;37,5;0,0622253967444162
-16,5;38;0
-16,5;38,5;0
-16,5;39;0,0634497724690454
-16,5;39,5;0,0481459091868517
-16,5;40;0,0426803278995182
-16,5;40,5;0,0448091252705281
-16,5;41;0,0981534161578102
-16,5;41,5;0,054972931388856
-16,5;42;0,040626072924521
-16,5;42,5;0,0466857579996298
-16,5;43;0,0432500948793261
-16,5;43,5;0,056685151046869
-16,5;44;0,0570082054082653
-16,5;44,5;0,0515598084379087
-16,5;45;0,0450825769720271
-16,5;45,5;0,0471648348350935
-16,5;46;0,0763951714588181
-16,5;46,5;0,0793763188866805
-16,5;47;0,0696833276605398
-16,5;47,5;0,0677096711489545
-16,5;48;0,0601139755670803
-16,5;48,5;0,32367948973433
-16,5;49;0,281319491124823
-16,5;49,5;0,182247162462976
-16,5;50;0,0551666565961723
-16,5;50,5;0,0403979018785688
-16,5;51;0,0292389580297703
-16,5;51,5;0,0919238815542512
-16,5;52;0,103500082345158
-16,5;52,5;0
-16,5;53;0
-16,5;54,5;0,0176776695296637
-16,5;55;0,0113137084989848
-16,5;55,5;0,0655600869432004
-16,5;56;0
-16,5;56,5;0,101548505280635
-16,5;57;0,116141263569191
-16,5;57,5;0,0960923091826707
-16,5;58;0,083648615703375
-16,5;58,5;0,0763526631275338
-16,5;59;0,0794573744782343
-16,5;59,5;0,129023196728796
-16,5;60;0,0318616802235329
-16,5;60,5;0,131507921180944
-16,5;61;0,0587054795852426
-16,5;61,5;0,11679843918831
-16,5;62;0,130357327394473
-16,5;62,5;0,0817276590660118
-16,5;63;0,0810358887835258
-16,5;63,5;0,0670627928274552
-16,5;64;0,0540760047129435
-16,5;64,5;0,119047855730471
-16,5;65;0,110364602967778
-16,5;65,5;0,0963132908792966
-16,5;66;0,127443254998767
-16,5;66,5;0,0877758257621954
-16,5;67;0,114048347822429
-16,5;67,5;0
-16,5;68;0,0788205640596495
-16,5;68,5;0,189295984500198
-16,5;69;0
-16,5;69,5;0
-16,5;70;0
-16,5;70,5;0
-16,5;71;0
-16,5;71,5;0
-16;-18;0
-16;-17,5;0,0651237283944954
-16;-17;0
-16;-16,5;0,23970919882224
-16;-16;0,265026803076984
-16;-15,5;0,366470706072247
-16;-15;0,209648948432725
-16;-14,5;0,0521248501196886
-16;-14;0
-16;-13,5;0
-16;-13;0,0162634559672906
-16;-12,5;0,0763613419568733
-16;-12;0,105982845953313
-16;-11,5;0,067664332589348
-16;-11;0,0538216108034095
-16;-10,5;0,0769396516758427
-16;-10;0,308086243931198
-16;-9,5;0,29051616834509
-16;-9;0,0632225043593756
-16;-8,5;0,0443750045142648
-16;-8;0,052884880694397
-16;-7,5;0,0604249117539638
-16;-7;0,0513986551077027
-16;-6,5;0,0668271422064708
-16;-6;0,0519407285828211
-16;-5,5;0,052223160255036
-16;-5;0,0330795697751337
-16;-4,5;0,0487385639822063
-16;-4;0,049297636018333
-16;-3,5;0,0311710163142705
-16;-3;0,0762608097984221
-16;-2,5;0,0759703269995304
-16;-2;0,0508712348529205
-16;-1,5;0,0406225123022583
-16;-1;0,285971723796621
-16;-0,5;0,378253271718198
-16;0;0,0565771026798039
-16;0,5;0,0574481566944265
-16;1;0,0445393692792472
-16;1,5;0,043523486405868
-16;2;0,0298355678865195
-16;2,5;0,0455252938590448
-16;3;0,0343030610878971
-16;3,5;0
-16;4;0,295758769946049
-16;4,5;0,0533473720781408
-16;5;0,046079150214219
-16;5,5;0,0259401408841762
-16;6;0,0538335819489521
-16;6,5;0,0420745953917676
-16;7;0,0537947448759745
-16;7,5;0,0381354260384175
-16;8;0,0452029294506216
-16;8,5;0,0634192900402263
-16;9;0,0607170375911585
-16;9,5;0,0479869525917996
-16;10;0
-16;10,5;0,0265557080061072
-16;11;0,0847363708747289
-16;11,5;0,0663260868555567
-16;12;0,0572343560098573
-16;12,5;0,0249626085067465
-16;13;0,0476237452972649
-16;13,5;0,361242575592984
-16;14;0,331516050962023
-16;14,5;0,0337635777676695
-16;15;0,036984054039066
-16;15,5;0,04045439729257
-16;16;0,0811155905203243
-16;16,5;0,0769302224521661
-16;17;0,0597412667037486
-16;17,5;0,0648894594193388
-16;18;0,055550980938716
-16;18,5;0,056194998739307
-16;19;0,0560901472219909
-16;19,5;0,0375765884561119
-16;20;0,0735574137778995
-16;20,5;0,369636838947192
-16;21;0,270123557910934
-16;21,5;0,06334599895422
-16;22;0,046216266703478
-16;22,5;0,0619268798153932
-16;23;0,111461677921882
-16;23,5;0,139806336933237
-16;24;0,0628180154536827
-16;24,5;0,0671920068867844
-16;25;0,0593872414281422
-16;25,5;0,000707106781186548
-16;26;0,0544934717332128
-16;26,5;0,049428783905358
-16;27;0,0491230234062545
-16;27,5;0,0511914706437182
-16;28;0,065626899972496
-16;28,5;0,0865767482256832
-16;29;0,0281839197652373
-16;29,5;0
-16;30;0
-16;30,5;0,0443347117580194
-16;31;0,0315869171229693
-16;31,5;0,0379871389719301
-16;32;0,055333010612943
-16;32,5;0,0702128325910949
-16;33;0,136463328708779
-16;33,5;0,0471850768672553
-16;34;0,0579954291750204
-16;34,5;0,0524627903090857
-16;35;0,0865202103906335
-16;35,5;0,078622415445764
-16;36;0,187369688050122
-16;36,5;0,224238971904105
-16;37;0,32465193188533
-16;37,5;0
-16;38;0,0394033275526601
-16;38,5;0,0431335136523794
-16;39;0,0729132472064674
-16;39,5;0,0569876841309301
-16;40;0,0389996963550933
-16;40,5;0,0601153436774219
-16;41;0,0403266424989497
-16;41,5;0,0603129202712682
-16;42;0,033720350961482
-16;42,5;0,057022205454486
-16;43;0,0317979733805649
-16;43,5;0,052897346185906
-16;44;0,0607836828232789
-16;44,5;0,0651774135578824
-16;45;0,046903635874003
-16;45,5;0,0583614598857842
-16;46;0,0531018998220015
-16;46,5;0,0668002471243409
-16;47;0,0599818779321897
-16;47,5;0,0700400783002561
-16;48;0,0752723821625308
-16;48,5;0,0501021309867331
-16;49;0,118702389492735
-16;49,5;0,0627415953909987
-16;50;0,0592757830951094
-16;50,5;0,0511921869038626
-16;51;0,0413297961135018
-16;51,5;0
-16;52;0,0705261362718524
-16;52,5;0,0574655176108744
-16;53;0,0387282685887039
-16;53,5;0
-16;57,5;0
-16;58;0
-16;58,5;0,0780677361563113
-16;59;0,0715592703055772
-16;59,5;0,130429291188751
-16;60;0
-16;60,5;0
-16;61;0
-16;61,5;0,0781408983823452
-16;62;0,0627967242093771
-16;62,5;0,0476721005061311
-16;63;0,0694180418336595
-16;63,5;0,0502528573635631
-16;64;0,0399634448349604
-16;64,5;0,11827176131186
-16;65;0,111223370274588
-16;65,5;0
-16;66;0,0910121354062676
-16;66,5;0,122169054092179
-16;67;0,128269235329545
-16;67,5;0
-16;68;0,069906485154574
-16;68,5;0,293416786447377
-16;69;0,323803824354603
-16;69,5;0
-16;70;0
-16;70,5;0
-16;71;0,0466690475583121
-16;71,5;0,0729191332916128
-15,5;-18,5;0
-15,5;-18;0,10367979552449
-15,5;-17,5;0,0414935451090201
-15,5;-17;0,0634481415540807
-15,5;-16,5;0,159030241297241
-15,5;-16;0,3655724430412
-15,5;-15,5;0,0520903061999063
-15,5;-15;0,0614356031412839
-15,5;-14,5;0
-15,5;-14;0
-15,5;-13,5;0,0696484343812889
-15,5;-13;0,0487331167345848
-15,5;-12,5;0
-15,5;-12;0
-15,5;-11,5;0,0423955463809723
-15,5;-11;0,0477335860594533
-15,5;-10,5;0,0276444259429326
-15,5;-10;0,0519254272972308
-15,5;-9,5;0,0577308101318775
-15,5;-9;0,0424169164979587
-15,5;-8,5;0,114002658129563
-15,5;-8;0,0775659490322613
-15,5;-7,5;0,0717245689642221
-15,5;-7;0,0332782387825827
-15,5;-6,5;0,0349770783713564
-15,5;-6;0,0654369279790882
-15,5;-5,5;0,0523978892496082
-15,5;-5;0,0537851693726481
-15,5;-4,5;0,0396397008358154
-15,5;-4;0,0463569907159135
-15,5;-3,5;0,0169705627484771
-15,5;-3;0,0245383852961269
-15,5;-2,5;0,0365944960732778
-15,5;-2;0,0411558163509387
-15,5;-1,5;0,0377093135361243
-15,5;-1;0,0496829305066093
-15,5;-0,5;0,0380543774422495
-15,5;0;0,0416013372906186
-15,5;0,5;0,0422738422271655
-15,5;1;0,0328244660778303
-15,5;1,5;0,0454849803919722
-15,5;2;0,0295704743868878
-15,5;2,5;0,0268085883284306
-15,5;3;0,0785619961870748
-15,5;3,5;0,27158154418252
-15,5;4;0,312814430060515
-15,5;4,5;0,0508867852421501
-15,5;5;0,0316206855337323
-15,5;5,5;0
-15,5;6;0,0637517169200674
-15,5;6,5;0,0534748383198429
-15,5;7;0,0560772148290953
-15,5;7,5;0,0346304621332581
-15,5;8;0,0398822746760178
-15,5;8,5;0,0675269409576803
-15,5;9;0,0837122400275777
-15,5;9,5;0,0710847481436826
-15,5;10;0,0545670760575797
-15,5;10,5;0,0410515523442742
-15,5;11;0,052688065171711
-15,5;11,5;0,0605184528132055
-15,5;12;0,0518538775347092
-15,5;12,5;0,0544637854135078
-15,5;13;0,0512961457363458
-15,5;13,5;0,0572541890359314
-15,5;14;0,0943805261275927
-15,5;14,5;0,0348237626405368
-15,5;15;0,0420556399031348
-15,5;15,5;0,0323447027808233
-15,5;16;0,0364636016601727
-15,5;16,5;0,0352048065312652
-15,5;17;0,0511575280670537
-15,5;17,5;0,0543679403801217
-15,5;18;0,0732615381778903
-15,5;18,5;0,0616023343401356
-15,5;19;0,053150937381406
-15,5;19,5;0,0402664116080982
-15,5;20;0,0567724782417879
-15,5;20,5;0,0367464283978729
-15,5;21;0,0414834313385487
-15,5;21,5;0,0476918540337495
-15,5;22;0,0542867073507141
-15,5;22,5;0,0905812999751051
-15,5;23;0,0984938853662777
-15,5;23,5;0,0516875226723046
-15,5;24;0,0649392428594444
-15,5;24,5;0,0787704319677184
-15,5;25;0,0384240902857272
-15,5;25,5;0,0621192401756493
-15,5;26;0
-15,5;26,5;0
-15,5;27;0,0456193185199234
-15,5;27,5;0,0563847526919685
-15,5;28;0,0431082616469537
-15,5;28,5;0,0811649160028124
-15,5;29;0
-15,5;29,5;0,0388908729652601
-15,5;30;0,0154045447839266
-15,5;30,5;0,0513176382932808
-15,5;31;0,036240250154011
-15,5;31,5;0,0435033751655392
-15,5;32;0,0359329503809098
-15,5;32,5;0,0483296676965714
-15,5;33;0,0594491794053777
-15,5;33,5;0,0434886847407816
-15,5;34;0,0522145819967891
-15,5;34,5;0,0480574477013698
-15,5;35;0,0681713527321655
-15,5;35,5;0,0888495783195822
-15,5;36;0,207034613334326
-15,5;36,5;0,309100542259675
-15,5;37;0,297718827083542
-15,5;37,5;0,0162634559672906
-15,5;38;0
-15,5;38,5;0
-15,5;39;0,0543761509255085
-15,5;39,5;0,0384539551498499
-15,5;40;0,0395537608831322
-15,5;40,5;0,0554515725109703
-15,5;41;0,113137084989848
-15,5;41,5;0,00565685424949239
-15,5;42;0,0400138864784603
-15,5;42,5;0,0417915774733668
-15,5;43;0,0432926534894068
-15,5;43,5;0,0360265351079459
-15,5;44;0,0274588224092836
-15,5;44,5;0,0566773195236604
-15,5;45;0,05639499447911
-15,5;45,5;0,0632534019412621
-15,5;46;0,0365767685833508
-15,5;46,5;0,0566710390470006
-15,5;47;0,0736347496409121
-15,5;47,5;0,0609108427887086
-15,5;48;0,0549461789625319
-15,5;48,5;0,0554986776942158
-15,5;49;0,0503170916945643
-15,5;49,5;0,0535915098921799
-15,5;50;0,0590544503367457
-15,5;50,5;0,0488515779342558
-15,5;51;0,045699304228034
-15,5;51,5;0,0477612013347778
-15,5;52;0,0841069574741977
-15,5;52,5;0,053746914043792
-15,5;53;0,0449442114499425
-15,5;53,5;0,0763552552218903
-15,5;54;0,0551401289763582
-15,5;54,5;0,122329473145273
-15,5;55;0
-15,5;55,5;0
-15,5;56;0,0155563491861041
-15,5;56,5;0
-15,5;58;0,0513906606301184
-15,5;58,5;0,0920014492639473
-15,5;59;0,141634258418981
-15,5;59,5;0,119072376180333
-15,5;60;0,0900166651237425
-15,5;60,5;0
-15,5;61;0
-15,5;61,5;0
-15,5;62;0
-15,5;62,5;0,0373001340480165
-15,5;63;0,0597797472545525
-15,5;63,5;0,0803553491863307
-15,5;64;0,0888180370053234
-15,5;64,5;0,0991121050104674
-15,5;65;0,0798051681588659
-15,5;65,5;0,0897191377812478
-15,5;66;0,108303861341421
-15,5;66,5;0,137203737924603
-15,5;67;0,0869741340859453
-15,5;67,5;0
-15,5;68;0,125326828144711
-15,5;68,5;0,301278413898687
-15,5;69;0,218931583226414
-15,5;69,5;0,174442312182911
-15,5;70;0,103850888568426
-15,5;70,5;0,079307315944488
-15,5;71;0,0452699311537655
-15,5;71,5;0
-15,5;72;0
-15;-19;0,0293527397926213
-15;-18,5;0,270247201616387
-15;-18;0,0745522589497872
-15;-17,5;0,0732425845425746
-15;-17;0,0736434729701901
-15;-16,5;0,079768806559958
-15;-16;0
-15;-15,5;0
-15;-15;0
-15;-14,5;0
-15;-14;0,0630594957163471
-15;-13,5;0,0401989205871783
-15;-13;0,0798957654280459
-15;-12,5;0
-15;-12;0,059570686303472
-15;-11,5;0,0860215528060835
-15;-11;0,078546779938171
-15;-10,5;0,0502910370324286
-15;-10;0,0592783211202773
-15;-9,5;0,04826267413111
-15;-9;0,0748989283125306
-15;-8,5;0,0827828016441943
-15;-8;0,104411520040853
-15;-7,5;0,0572165970310881
-15;-7;0,0426346473879489
-15;-6,5;0,0345158467687078
-15;-6;0,053195442215135
-15;-5,5;0,0524293810758815
-15;-5;0,0479022787232331
-15;-4,5;0,0490354061126405
-15;-4;0,0464596599212693
-15;-3,5;0
-15;-3;0,0344021963123157
-15;-2,5;0,0382546522798552
-15;-2;0,0670228223228567
-15;-1,5;0,0452068312565314
-15;-1;0,0341561130407889
-15;-0,5;0,0292609599753231
-15;0;0,0626994501780644
-15;0,5;0,0688657134319139
-15;1;0,0366998621234451
-15;1,5;0,0266051729419812
-15;2;0,0293168669238956
-15;2,5;0,0299032817501165
-15;3;0,0788784422630553
-15;3,5;0,127516549072766
-15;4;0,0615008848909523
-15;4,5;0,0544546041748417
-15;5;0,0731007094732342
-15;5,5;0,111841616493586
-15;6;0,0913357682510612
-15;6,5;0,0502576680684573
-15;7;0,0486747173397865
-15;7,5;0,0411363236168322
-15;8;0,0462150958856443
-15;8,5;0,0683467828660678
-15;9;0,0578224022281174
-15;9,5;0,0974705893563473
-15;10;0,058767096938904
-15;10,5;0,0580242494701142
-15;11;0,0653267881047985
-15;11,5;0,0620521602221493
-15;12;0,0557740422271546
-15;12,5;0,0345121358340914
-15;13;0,0342454095940893
-15;13,5;0,0920183889138746
-15;14;0,065817448354798
-15;14,5;0,0390052055577978
-15;15;0,036903472452735
-15;15,5;0,0486066187020092
-15;16;0,0314934819638577
-15;16,5;0,0330062263157992
-15;17;0,0510799273661822
-15;17,5;0,0647996781673975
-15;18;0,052833671692413
-15;18,5;0,0604410974866429
-15;19;0,0437088953471434
-15;19,5;0,04554866464633
-15;20;0,0605033230561788
-15;20,5;0,0457892138045669
-15;21;0,0383880690877859
-15;21,5;0,0498168102926898
-15;22;0,0458857708462599
-15;22,5;0,0562285200289539
-15;23;0,0470540792996478
-15;23,5;0,0578132398942553
-15;24;0,0713289065051877
-15;24,5;0,0546774272678551
-15;25;0,0511428858321647
-15;25,5;0,0406957085285499
-15;26;0,039080422359088
-15;26,5;0,0553978038072509
-15;27;0,0581657688564904
-15;27,5;0,0769700718073135
-15;28;0,0601046646032628
-15;28,5;0,0759051616253349
-15;29;0,293248503258818
-15;29,5;0,214482390736721
-15;30;0,0558609205883647
-15;30,5;0,0639811916757091
-15;31;0,0635922001069196
-15;31,5;0,0351584730413735
-15;32;0,0465497635633617
-15;32,5;0,0463184737453752
-15;33;0,060766022691485
-15;33,5;0,0540198065138919
-15;34;0,0546600251548504
-15;34,5;0,0437249737945414
-15;35;0,0526491000026823
-15;35,5;0,0746767211121132
-15;36;0,104748247490831
-15;36,5;0,076472605176114
-15;37;0,0881042584689319
-15;37,5;0,0728105418191624
-15;38;0,0727231049942176
-15;38,5;0,0475453668064713
-15;39;0,0569108464569316
-15;39,5;0,0450129610964072
-15;40;0,0366468610421469
-15;40,5;0,0266371920442077
-15;41;0,0439043968084439
-15;41,5;0,048911109025044
-15;42;0,0496233247472835
-15;42,5;0,0420268084867141
-15;43;0,0460652246939964
-15;43,5;0,0287959983992485
-15;44;0,0399514411136673
-15;44,5;0,034321696286443
-15;45;0,0451305416483525
-15;45,5;0,0545626224816932
-15;46;0,070475933075463
-15;46,5;0,0747002342700476
-15;47;0,0701697940712384
-15;47,5;0,0309405343629787
-15;48;0,0522841799015753
-15;48,5;0,069251864160145
-15;49;0,0643362062597527
-15;49,5;0,0552066366234416
-15;50;0,0638570173910176
-15;50,5;0,0674238768291076
-15;51;0,0328624679374784
-15;51,5;0,0561262313553462
-15;52;0,0671355441598606
-15;52,5;0,0470630074120499
-15;53;0,0505601951473027
-15;53,5;0,112545382659151
-15;54;0,156049781773428
-15;54,5;0,106123679233796
-15;55;0,0971832498200387
-15;55,5;0,0993562054204746
-15;56;0,0913033405741542
-15;56,5;0,0630671910602913
-15;57;0,0320767309223784
-15;58,5;0,070620110450211
-15;59;0,225361931124136
-15;59,5;0
-15;60;0,0862623904143631
-15;60,5;0
-15;61;0
-15;61,5;0
-15;62;0
-15;62,5;0,0799225319363139
-15;63;0,110983482254493
-15;63,5;0
-15;64;0,055292052874813
-15;64,5;0,112178429299041
-15;65;0
-15;65,5;0,0698361719246617
-15;66;0,0522525916422653
-15;66,5;0,0333159478471254
-15;67;0,0800745988395218
-15;67,5;0,0657116405550303
-15;68;0,0661171399145198
-15;68,5;0,0927995218764849
-15;69;0,277438241816045
-15;69,5;0,315349390510332
-15;70;0,0749990842434935
-15;70,5;0,0768416429759157
-15;71;0,0484039713705853
-15;71,5;0,0599200022251891
-15;72;0,08957016162101
-15;72,5;0
-14,5;-19;0,295017301547825
-14,5;-18,5;0,267650053874991
-14,5;-18;0,0781283794277999
-14,5;-17,5;0,0505628921305542
-14,5;-17;0,0568983438991113
-14,5;-16,5;0,0612834727444566
-14,5;-16;0,0754838935258256
-14,5;-15,5;0,110787634689075
-14,5;-15;0
-14,5;-14,5;0
-14,5;-14;0,301410334122984
-14,5;-13,5;0,0526682516972237
-14,5;-13;0,0271845544381364
-14,5;-12,5;0,0592257622077666
-14,5;-12;0,0699326550926896
-14,5;-11,5;0,0770914219873296
-14,5;-11;0,07555455298121
-14,5;-10,5;0,0392664557281982
-14,5;-10;0,0642743684873251
-14,5;-9,5;0,0571994560968702
-14,5;-9;0,049768081184248
-14,5;-8,5;0,0514913087622443
-14,5;-8;0,366276713261774
-14,5;-7,5;0,113800471787389
-14,5;-7;0,0654824138533711
-14,5;-6,5;0,045251508635806
-14,5;-6;0,0558148176465871
-14,5;-5,5;0,038953640682855
-14,5;-5;0,0453511551421491
-14,5;-4,5;0
-14,5;-4;0
-14,5;-3,5;0
-14,5;-3;0,0656287100757504
-14,5;-2,5;0,0561454492849584
-14,5;-2;0,0419624216125119
-14,5;-1,5;0,0385877831288961
-14,5;-1;0,0281237991196616
-14,5;-0,5;0,0262202951159782
-14,5;0;0,0457383569987453
-14,5;0,5;0,0530374211770593
-14,5;1;0,024077577322682
-14,5;1,5;0,0501979327505754
-14,5;2;0,0280027356722197
-14,5;2,5;0,0276806703711294
-14,5;3;0,0374781786850831
-14,5;3,5;0,198325053719705
-14,5;4;0,0414745718701221
-14,5;4,5;0,035990210913288
-14,5;5;0,0366045528085154
-14,5;5,5;0,0557982083936398
-14,5;6;0,0385227016702106
-14,5;6,5;0,0372227642339361
-14,5;7;0,0492805742661345
-14,5;7,5;0,0364153247112777
-14,5;8;0,044713387302954
-14,5;8,5;0,075832923850111
-14,5;9;0,066554563773959
-14,5;9,5;0,0450915242097177
-14,5;10;0,0730338670510751
-14,5;10,5;0,0776192382972556
-14,5;11;0,0466733890615927
-14,5;11,5;0,0588752950139225
-14,5;12;0,0558697320717634
-14,5;12,5;0,0327384177188242
-14,5;13;0,0437739242952121
-14,5;13,5;0,0403614289856297
-14,5;14;0,0611122386373129
-14,5;14,5;0,0434087916026903
-14,5;15;0,360083961006817
-14,5;15,5;0,02166234389112
-14,5;16;0,0421841202349889
-14,5;16,5;0,030678233700598
-14,5;17;0,0483062520702138
-14,5;17,5;0,0408708486012938
-14,5;18;0,0439988501525867
-14,5;18,5;0,0438638942683273
-14,5;19;0,0752715823608825
-14,5;19,5;0,071079875732708
-14,5;20;0,0488420193802719
-14,5;20,5;0,0414871773244811
-14,5;21;0,0897856763452149
-14,5;21,5;0,0555478031192283
-14,5;22;0,0325832267687942
-14,5;22,5;0,0322294165959865
-14,5;23;0,0571178606041928
-14,5;23,5;0,107849090661856
-14,5;24;0,0788032644044432
-14,5;24,5;0,120219605818637
-14,5;25;0,0810357945601819
-14,5;25,5;0,0475858227449709
-14,5;26;0,052820450584977
-14,5;26,5;0,340732694690089
-14,5;27;0,0447413294534798
-14,5;27,5;0,049832527411093
-14,5;28;0,0547452186134914
-14,5;28,5;0,0634257031480126
-14,5;29;0,238130223840468
-14,5;29,5;0,314065713370604
-14,5;30;0,213442097500721
-14,5;30,5;0,043212281214625
-14,5;31;0,0559905239796004
-14,5;31,5;0,0466143055693129
-14,5;32;0,0408600981282182
-14,5;32,5;0,0417943307384069
-14,5;33;0,034191439651681
-14,5;33,5;0,0411076745765424
-14,5;34;0,02862148062975
-14,5;34,5;0,0730500909614333
-14,5;35;0,0378456514454875
-14,5;35,5;0,0326273895147397
-14,5;36;0,0989074645322522
-14,5;36,5;0,116185585958911
-14,5;37;0,0823700767848953
-14,5;37,5;0,0713366651834717
-14,5;38;0,0553528078179719
-14,5;38,5;0,0582012229505633
-14,5;39;0,0554550439974751
-14,5;39,5;0
-14,5;40;0
-14,5;40,5;0,0293887126048663
-14,5;41;0,0320412680326927
-14,5;41,5;0,0361532685040981
-14,5;42;0,0519610210871409
-14,5;42,5;0,0519183381281806
-14,5;43;0,0629751966795293
-14,5;43,5;0,037590219878871
-14,5;44;0,0407454272228454
-14,5;44,5;0,0280920633126871
-14,5;45;0,0397273854100059
-14,5;45,5;0,046117018678192
-14,5;46;0,0430923973589881
-14,5;46,5;0,0299808762576492
-14,5;47;0,0668226508503417
-14,5;47,5;0,0360257844169581
-14,5;48;0,0729289092641019
-14,5;48,5;0,0923270094103923
-14,5;49;0,0711375508178602
-14,5;49,5;0,0297225360593199
-14,5;50;0,0522595956525021
-14,5;50,5;0,0546520186018312
-14,5;51;0,0336669358101524
-14,5;51,5;0,0354730554412453
-14,5;52;0,050430662539153
-14,5;52,5;0,0420837944063269
-14,5;53;0,113448592828619
-14,5;53,5;0,12529103241266
-14,5;54;0,126177916161681
-14,5;54,5;0,0692986846362014
-14,5;55;0,0686145660144757
-14,5;55,5;0,086939945990058
-14,5;56;0,0903731245042079
-14,5;56,5;0,106785699033018
-14,5;57;0,050328090234646
-14,5;58,5;0,0459273793703078
-14,5;60;0
-14,5;60,5;0
-14,5;61;0
-14,5;61,5;0
-14,5;62;0
-14,5;62,5;0,08325502987808
-14,5;63;0,0819374370464661
-14,5;63,5;0,0754507164052178
-14,5;64;0,0955655679508984
-14,5;64,5;0,0508118044718372
-14,5;65;0,0895421067927759
-14,5;65,5;0,131082479474264
-14,5;66;0,0897180769596258
-14,5;66,5;0,0634140803626079
-14,5;67;0,0642434088425431
-14,5;67,5;0,0480288374913367
-14,5;68;0,0691195784784041
-14,5;68,5;0,0933532729496536
-14,5;69;0,048733586980644
-14,5;69,5;0
-14,5;70;0
-14,5;70,5;0,0764555063055922
-14,5;71;0,0914055067633601
-14,5;71,5;0,0864266400050592
-14,5;72;0,128047505804252
-14,5;72,5;0,088115454565776
-14;-19,5;0
-14;-19;0,0564799269020166
-14;-18,5;0,0532962382442608
-14;-18;0,0853680268016076
-14;-17,5;0
-14;-17;0,0650711149435754
-14;-16,5;0,0612037940961564
-14;-16;0,0665299431333992
-14;-15,5;0,0498708331592726
-14;-15;0
-14;-14,5;0,330599575092563
-14;-14;0,318862393370045
-14;-13,5;0,0565467585051159
-14;-13;0,0289873535643851
-14;-12,5;0,0391732747488062
-14;-12;0,0336250059574868
-14;-11,5;0
-14;-11;0
-14;-10,5;0
-14;-10;0
-14;-9,5;0
-14;-9;0,0430827553613254
-14;-8,5;0,0344774695479925
-14;-8;0,0919062021846186
-14;-7,5;0,0288466397209173
-14;-7;0,0482744481945143
-14;-6,5;0,066459571821648
-14;-6;0,0659695918513119
-14;-5,5;0,0526809124942442
-14;-5;0,0385017852103959
-14;-4,5;0,0665856467389809
-14;-4;0,0575186098249121
-14;-3,5;0,0324144478369049
-14;-3;0,193262909998148
-14;-2,5;0,264522311953315
-14;-2;0,0388034698600906
-14;-1,5;0,0308563023474593
-14;-1;0,0260082775155379
-14;-0,5;0,0465774796400656
-14;0;0,0455111428585768
-14;0,5;0,0523527081711722
-14;1;0,0259534122581817
-14;1,5;0,0397866157132768
-14;2;0,0286753484679105
-14;2,5;0,0467085011082656
-14;3;0,0607352017800611
-14;3,5;0,0297875813049667
-14;4;0,0361003037767428
-14;4,5;0,0359507867548805
-14;5;0,0442578114446916
-14;5,5;0,0359643842670011
-14;6;0,0340713358261558
-14;6,5;0,0472326100112629
-14;7;0,0301264404711034
-14;7,5;0,0377834078626151
-14;8;0,0463050274895458
-14;8,5;0,0906469484006007
-14;9;0,0805435002557961
-14;9,5;0,0673042999296013
-14;10;0,0582974703611147
-14;10,5;0,0646877329302428
-14;11;0,139027676987546
-14;11,5;0,335210468926335
-14;12;0,232682806566596
-14;12,5;0,0316854424287363
-14;13;0,0441042390640687
-14;13,5;0,0814781244140293
-14;14;0,0494883739128937
-14;14,5;0,197583208861389
-14;15;0,303943877787735
-14;15,5;0,363416336084846
-14;16;0,252239144769098
-14;16,5;0,274868784161463
-14;17;0,036520634368722
-14;17,5;0,0348016328179797
-14;18;0,0444247353693729
-14;18,5;0,0858470367892229
-14;19;0,0757949269469151
-14;19,5;0,0550776681902303
-14;20;0,0499285367047409
-14;20,5;0,0487692348884513
-14;21;0,0458163292608217
-14;21,5;0,0541448177605445
-14;22;0,241046228743647
-14;22,5;0,246508120805762
-14;23;0,308896455803823
-14;23,5;0,359588059576527
-14;24;0,102004836486642
-14;24,5;0,110849946462011
-14;25;0,127907909580813
-14;25,5;0,0167431578064991
-14;26;0,182056166111032
-14;26,5;0,290356679175032
-14;27;0,367894320110043
-14;27,5;0,0399077534807309
-14;28;0,0208048229826802
-14;28,5;0,0566672433650009
-14;29;0,0792983208158314
-14;29,5;0,0464679879936144
-14;30;0,0545184301466058
-14;30,5;0,040185153487906
-14;31;0,0369585972203591
-14;31,5;0,0310363423336988
-14;32;0,0439020374115927
-14;32,5;0,0482390149578385
-14;33;0,0445724326729646
-14;33,5;0,0489225757810505
-14;34;0,0701944269565439
-14;34,5;0,059523624761618
-14;35;0,0540772375315864
-14;35,5;0,0663673173808203
-14;36;0,0722491305485524
-14;36,5;0,0875759126667891
-14;37;0,10952839037605
-14;37,5;0,06903863472953
-14;38;0,0472309112166913
-14;38,5;0,0661019054548498
-14;39;0,0843822043458004
-14;39,5;0,0727428823925442
-14;40;0,0488388457095532
-14;40,5;0,0599739475959679
-14;41;0,045725417590371
-14;41,5;0,0447755577822616
-14;42;0,0558906675043562
-14;42,5;0,0547416614193385
-14;43;0,0432408030158385
-14;43,5;0,0484214631670512
-14;44;0,0783661278869895
-14;44,5;0,0277102353446726
-14;45;0,0395514374648204
-14;45,5;0,325004180264369
-14;46;0,319298607561188
-14;46,5;0
-14;47;0,0835264429187947
-14;47,5;0,0556949172683092
-14;48;0,0357168690794995
-14;48,5;0,0469780567406321
-14;49;0,0518750253394469
-14;49,5;0,0612154790483227
-14;50;0,063626377913461
-14;50,5;0,0678663968845183
-14;51;0,0509118608608861
-14;51,5;0,0550144176906941
-14;52;0,0760190295724883
-14;52,5;0,0725609816575913
-14;53;0,133155675273491
-14;53,5;0,0973184053702563
-14;54;0,0796973555985726
-14;54,5;0,141634694431367
-14;55;0,0679348676053699
-14;55,5;0,0964506575650438
-14;56;0,0999576801477146
-14;56,5;0,109916516288479
-14;57;0,0901954975471491
-14;57,5;0,0779324493819273
-14;58;0,0297335388632657
-14;58,5;0,0744101592181591
-14;59;0,0595175044279692
-14;62,5;0,0334464746522958
-14;63;0,0665842511409417
-14;63,5;0,0880304871431862
-14;64;0,0658901095457256
-14;64,5;0,0912571731852023
-14;65;0,062978832422754
-14;65,5;0,139217802350231
-14;66;0,127007873771668
-14;66,5;0,0525039681040078
-14;67;0,065067510728327
-14;67,5;0,0917576518153482
-14;68;0,0581184244496029
-14;68,5;0,0663309577768628
-14;69;0,0953012617324917
-14;69,5;0,0779037794370383
-14;70;0,121234356643524
-14;70,5;0,0730773562740197
-14;71;0,0542670864029631
-14;71,5;0
-14;72;0
-14;72,5;0
-14;73;0
-13,5;-19,5;0,0557711231894982
-13,5;-19;0
-13,5;-18,5;0
-13,5;-18;0
-13,5;-17,5;0
-13,5;-17;0,158391918985787
-13,5;-16,5;0,064389440128021
-13,5;-16;0,053416601664027
-13,5;-15,5;0,0674755687708698
-13,5;-15;0
-13,5;-14,5;0,183062535887206
-13,5;-14;0,0889093182488752
-13,5;-13,5;0,0547138103708393
-13,5;-13;0,0487349436938436
-13,5;-12,5;0,0533005508221887
-13,5;-12;0,0295014123955673
-13,5;-11,5;0
-13,5;-11;0
-13,5;-10,5;0
-13,5;-10;0,0254558441227157
-13,5;-9,5;0
-13,5;-9;0
-13,5;-8,5;0,0217370651192842
-13,5;-8;0,0336744797767582
-13,5;-7,5;0,0376821291482164
-13,5;-7;0,0526183775616464
-13,5;-6,5;0,0318646318556533
-13,5;-6;0,0644296231754105
-13,5;-5,5;0,0397386014877595
-13,5;-5;0,0410540223186232
-13,5;-4,5;0,0365360938504126
-13,5;-4;0,0473960568707625
-13,5;-3,5;0,143844726853466
-13,5;-3;0,332894868559901
-13,5;-2,5;0,314401264560457
-13,5;-2;0,035575590393533
-13,5;-1,5;0,0424013668071179
-13,5;-1;0,0278585998804963
-13,5;-0,5;0,0459012803332531
-13,5;0;0,0302883706202363
-13,5;0,5;0,0360079710563069
-13,5;1;0,029230900777323
-13,5;1,5;0,0302222790974829
-13,5;2;0,0264811611138823
-13,5;2,5;0,0494326813503598
-13,5;3;0,0450178102406858
-13,5;3,5;0,0588749307537968
-13,5;4;0,077182057991204
-13,5;4,5;0,040588011886033
-13,5;5;0,0517328447478517
-13,5;5,5;0,0374273367549535
-13,5;6;0,0389176407358438
-13,5;6,5;0,039187549446483
-13,5;7;0,0296964118518867
-13,5;7,5;0,0285616638333751
-13,5;8;0,035794045344059
-13,5;8,5;0,0343290633987811
-13,5;9;0,0555005615477207
-13,5;9,5;0,0680124637986212
-13,5;10;0,0879987395267414
-13,5;10,5;0,0704419478076553
-13,5;11;0,0952864643290511
-13,5;11,5;0,126217117358486
-13,5;12;0,0288757069456819
-13,5;12,5;0,0316371139130008
-13,5;13;0,031976961244311
-13,5;13,5;0,0419296910788022
-13,5;14;0,0320063113646084
-13,5;14,5;0,0494947627327985
-13,5;15;0,0912484630210864
-13,5;15,5;0,26631285281456
-13,5;16;0,342356551315789
-13,5;16,5;0,0910435793086659
-13,5;17;0,0474621611438276
-13,5;17,5;0,0350551462247151
-13,5;18;0,061434903389664
-13,5;18,5;0,0904864228620624
-13,5;19;0,183327714199602
-13,5;19,5;0,0786094745293684
-13,5;20;0,0461749084671069
-13,5;20,5;0,0482098952728732
-13,5;21;0,0671852631835367
-13,5;21,5;0,068653183398826
-13,5;22;0,264537765235666
-13,5;22,5;0,364678817222278
-13,5;23;0,319721313199857
-13,5;23,5;0,357210065997586
-13,5;24;0,0520809393389198
-13,5;24,5;0,0962816118502791
-13,5;25;0,12813050398543
-13,5;25,5;0,143000864883027
-13,5;26;0,0574871579862262
-13,5;26,5;0,15665662163295
-13,5;27;0,23507465219641
-13,5;27,5;0,0555523776868881
-13,5;28;0,0467556510925782
-13,5;28,5;0,0557337874249431
-13,5;29;0,0412558730221956
-13,5;29,5;0,0512523188257261
-13,5;30;0,047105016861376
-13,5;30,5;0,0297269180234415
-13,5;31;0,0349065980616171
-13,5;31,5;0,0920119557448922
-13,5;32;0,0326790304069763
-13,5;32,5;0,0319183584978207
-13,5;33;0,0545486753569074
-13,5;33,5;0,0495549786240772
-13,5;34;0,0365116419789634
-13,5;34,5;0
-13,5;35;0,0591825263787499
-13,5;35,5;0,0593493946061272
-13,5;36;0,0536818358087568
-13,5;36,5;0,0576618755495509
-13,5;37;0,0437934787186465
-13,5;37,5;0,0292042934566567
-13,5;38;0,0469305160139257
-13,5;38,5;0,0744178280475393
-13,5;39;0,073707964158997
-13,5;39,5;0,101312555071501
-13,5;40;0,0444271553348573
-13,5;40,5;0,0712302984395907
-13,5;41;0,0967548133295653
-13,5;41,5;0,0966389697595668
-13,5;42;0,10324490834596
-13,5;42,5;0,0262856775089641
-13,5;43;0,0524986909752287
-13,5;43,5;0,0360845460957537
-13,5;44;0,0479357208492094
-13,5;44,5;0,0704983395053804
-13,5;45;0,0633683487164343
-13,5;45,5;0,344191413557437
-13,5;46;0,308020804253928
-13,5;46,5;0,247031571972127
-13,5;47;0,0499901808540255
-13,5;47,5;0,0555198572175266
-13,5;48;0,0307727012104064
-13,5;48,5;0,0504118782755053
-13,5;49;0,0451740239183404
-13,5;49,5;0,0370497586413814
-13,5;50;0,0528974479535639
-13,5;50,5;0,0530427024465033
-13,5;51;0,0621527565708866
-13,5;51,5;0,0550620702384806
-13,5;52;0,0669694352907197
-13,5;52,5;0,0624946526448096
-13,5;53;0,0191898410623955
-13,5;53,5;0,0784998126636955
-13,5;54;0,0943883024649148
-13,5;54,5;0,0686254766391902
-13,5;55;0,0595557361996787
-13,5;55,5;0,0608441237028077
-13,5;56;0,0829846371324235
-13,5;56,5;0,08383202676854
-13,5;57;0,0893667679232026
-13,5;57,5;0,0801765453943518
-13,5;58;0,0786078138978378
-13,5;58,5;0,0856906944886737
-13,5;59;0,110467667024833
-13,5;59,5;0,039159016476778
-13,5;60,5;0,0635164020811423
-13,5;61;0,0360069437747777
-13,5;61,5;0
-13,5;62;0,0637449938616692
-13,5;62,5;0
-13,5;63;0,0381182371050918
-13,5;63,5;0,0511760923111801
-13,5;64;0,0614466958311953
-13,5;64,5;0,100304735680824
-13,5;65;0,0346482322781408
-13,5;65,5;0,10625014509794
-13,5;66;0,0447417498073575
-13,5;66,5;0,0601738222891723
-13,5;67;0,0385305262003436
-13,5;67,5;0,0367219280539571
-13,5;68;0,0566118135718812
-13,5;68,5;0,0875781620778518
-13,5;69;0,0745606122579804
-13,5;69,5;0,0777930958746711
-13,5;70;0,0889407717637674
-13,5;70,5;0,0975130983397927
-13,5;71;0,0732791952455842
-13,5;71,5;0,0437377317369017
-13,5;72;0,0965770274041515
-13,5;72,5;0
-13;-20;0
-13;-19,5;0,0876812408671319
-13;-19;0
-13;-18,5;0
-13;-18;0
-13;-17,5;0
-13;-17;0
-13;-16,5;0,0510631961396856
-13;-16;0
-13;-15,5;0,0613315875904386
-13;-15;0,0492996404191202
-13;-14,5;0,0580637804263777
-13;-14;0,0580132267914708
-13;-13,5;0,0390875939397656
-13;-13;0,0844866853415377
-13;-12,5;0
-13;-12;0,0127279220613579
-13;-11,5;0
-13;-11;0
-13;-10,5;0
-13;-10;0
-13;-9,5;0
-13;-9;0
-13;-8,5;0,0803898210803665
-13;-8;0,0559077425378245
-13;-7,5;0,0465840106507499
-13;-7;0,0504956696820787
-13;-6,5;0,0300850666743887
-13;-6;0,0430253589480093
-13;-5,5;0,0392283809634794
-13;-5;0,0389252894776589
-13;-4,5;0,0758527379506497
-13;-4;0,0592088775140231
-13;-3,5;0,0486727428591804
-13;-3;0,0710769500128505
-13;-2,5;0,057565512811979
-13;-2;0,0559951258871043
-13;-1,5;0,0481889975739223
-13;-1;0,0387040049607273
-13;-0,5;0,024875980260874
-13;0;0,0245931832147342
-13;0,5;0,0327951215884314
-13;1;0,030945435199354
-13;1,5;0,0207642383624163
-13;2;0,029478733564634
-13;2,5;0,0254969433000715
-13;3;0,0371940462698276
-13;3,5;0,0578080740604064
-13;4;0,0595854855050943
-13;4,5;0,0415972755518115
-13;5;0,0286103925784332
-13;5,5;0,0199567969550876
-13;6;0,0307605352085394
-13;6,5;0,0365591053202644
-13;7;0,0334042716744944
-13;7,5;0,0432845352215489
-13;8;0,0336627561733166
-13;8,5;0,0386222002932931
-13;9;0,0377669083197856
-13;9,5;0,0544079321140133
-13;10;0,0705834284813054
-13;10,5;0,0935734933258273
-13;11;0,0985030382008521
-13;11,5;0,0973031141182425
-13;12;0,0530557424282546
-13;12,5;0,0708814380012104
-13;13;0,0388591933840367
-13;13,5;0,0470322805366149
-13;14;0,0269196072452272
-13;14,5;0,0233733718941169
-13;15;0,0562555265699551
-13;15,5;0,230786429472287
-13;16;0,332145293246876
-13;16,5;0,176447762316617
-13;17;0,0396481179741134
-13;17,5;0,106764368293353
-13;18;0,0932541496114414
-13;18,5;0,0605042053146679
-13;19;0,0583192833770303
-13;19,5;0,0414393121306538
-13;20;0,0535516642630424
-13;20,5;0,0516083252755749
-13;21;0,0544066994713741
-13;21,5;0,0884187807003691
-13;22;0,135711830725076
-13;22,5;0,187112311105801
-13;23;0,126408224113903
-13;23,5;0,0700407804380402
-13;24;0,327439753166935
-13;24,5;0,349551207330981
-13;25;0,0656270901837526
-13;25,5;0,143553341670481
-13;26;0,110952324687571
-13;26,5;0,287358926821354
-13;27;0,381221468100007
-13;27,5;0,0572460324851786
-13;28;0,0567737056464927
-13;28,5;0,055142815438341
-13;29;0,0348837084937879
-13;29,5;0,0307039253920856
-13;30;0,0356406603006547
-13;30,5;0,0344362573475374
-13;31;0,0571504361180634
-13;31,5;0,0784999473674644
-13;32;0,0356133236799012
-13;32,5;0,0327127633251355
-13;33;0,0539749961687492
-13;33,5;0,0685241415197191
-13;34;0,065878170385442
-13;34,5;0,0688174039060134
-13;35;0,0558742365817096
-13;35,5;0,0433720469171275
-13;36;0,0363924332162924
-13;36,5;0,0325776324958925
-13;37;0,0487433198693324
-13;37,5;0,0391216963142848
-13;38;0,0393573038764224
-13;38,5;0,0764774440011588
-13;39;0,0831624638385917
-13;39,5;0,0523427450843282
-13;40;0,0384798585874248
-13;40,5;0,0409227607632336
-13;41;0,0225546328378582
-13;41,5;0,0507307708507481
-13;42;0,0491116183626752
-13;42,5;0,0791967081201933
-13;43;0,0724579245463365
-13;43,5;0,0385026672402755
-13;44;0,0584273658915088
-13;44,5;0,0673458027115064
-13;45;0,0563287078968916
-13;45,5;0,17981922294676
-13;46;0,189526523626364
-13;46,5;0,157721429136502
-13;47;0,0524523252923207
-13;47,5;0,0425085179873389
-13;48;0,0464328266333481
-13;48,5;0,0421542227377478
-13;49;0,0282586691291784
-13;49,5;0,0304796882531859
-13;50;0,0416412620965637
-13;50,5;0,0429567726176617
-13;51;0,0686298162906493
-13;51,5;0,0392117133206197
-13;52;0,00907377172587747
-13;52,5;0,0795725002478804
-13;53;0,0209499403340439
-13;53,5;0,0471128922417698
-13;54;0,0831021281898209
-13;54,5;0,0945929802302048
-13;55;0,0437267489236116
-13;55,5;0,0498515186633615
-13;56;0,078778428419928
-13;56,5;0,0613014498613372
-13;57;0,0515309916554663
-13;57,5;0,013208943579113
-13;58;0,0494540190480005
-13;58,5;0,0289473213843659
-13;59;0,0917849560848282
-13;59,5;0,0772462440450095
-13;60;0,0466690475583121
-13;60,5;0,0502045814642449
-13;61;0,0821291665609727
-13;61,5;0,0803924402194911
-13;62;0,0410426607324623
-13;62,5;0,0805932172497578
-13;63;0
-13;63,5;0,0341540627158761
-13;64;0,057909158068783
-13;64,5;0,0982084578117931
-13;65;0,0594338822864228
-13;65,5;0,0596280135506793
-13;66;0,0571749044334111
-13;66,5;0,0425296513250469
-13;67;0,037211493360187
-13;67,5;0,0562568091116851
-13;68;0,05939696961967
-13;68,5;0,0882492411946333
-13;69;0,0738156921681048
-13;69,5;0,0930048467293588
-13;70;0,078462498280157
-13;70,5;0,0673119965388695
-13;71;0,0660543676616428
-13;71,5;0,0813025040573284
-13;72;0,107287535252161
-13;72,5;0
-12,5;-20;0
-12,5;-19,5;0
-12,5;-19;0
-12,5;-18,5;0
-12,5;-18;0
-12,5;-17,5;0
-12,5;-17;0
-12,5;-16,5;0
-12,5;-16;0
-12,5;-15,5;0,0601444900534909
-12,5;-15;0,0602903232444733
-12,5;-14,5;0,0442585379539155
-12,5;-14;0,0453031271915453
-12,5;-13,5;0,0489348306123442
-12,5;-13;0,0415107338605453
-12,5;-12,5;0,0014142135623731
-12,5;-12;0,0765593451730965
-12,5;-11,5;0
-12,5;-11;0,0212132034355964
-12,5;-10,5;0
-12,5;-10;0
-12,5;-9,5;0
-12,5;-9;0,1100784843976
-12,5;-8,5;0,0707770899109092
-12,5;-8;0,0716837771729032
-12,5;-7,5;0,0426293757105284
-12,5;-7;0,0375329768423629
-12,5;-6,5;0,0477201117525926
-12,5;-6;0,020653804421868
-12,5;-5,5;0,0367696355375053
-12,5;-5;0,049257140419973
-12,5;-4,5;0,0506784458922014
-12,5;-4;0,0769714797548558
-12,5;-3,5;0,0278497430353406
-12,5;-3;0,0626178888178131
-12,5;-2,5;0,0649487761964132
-12,5;-2;0,0967202548192864
-12,5;-1,5;0,0825488714427435
-12,5;-1;0,0673751653298588
-12,5;-0,5;0,0457961039527917
-12,5;0;0,0440326436408733
-12,5;0,5;0,0314344821281768
-12,5;1;0,0261629509039023
-12,5;1,5;0,0293799560616046
-12,5;2;0,0297823461515793
-12,5;2,5;0,027719816653328
-12,5;3;0,0312252572584489
-12,5;3,5;0,0373655889425906
-12,5;4;0,049469946217781
-12,5;4,5;0,0388155218081908
-12,5;5;0,034004449696756
-12,5;5,5;0,0480087123985367
-12,5;6;0,0479695904630778
-12,5;6,5;0,0393342717170008
-12,5;7;0,0326093265433882
-12,5;7,5;0,0267493833236716
-12,5;8;0,0247361270904896
-12,5;8,5;0,22208662630978
-12,5;9;0,0304742256894666
-12,5;9,5;0,036318795877917
-12,5;10;0,0555040019781364
-12,5;10,5;0,0322391630841068
-12,5;11;0,0297286165233784
-12,5;11,5;0,0536728483699869
-12,5;12;0,0528326722978871
-12,5;12,5;0,0860064260593668
-12,5;13;0,0562723140925743
-12,5;13,5;0,0367521268587728
-12,5;14;0,0497194934065802
-12,5;14,5;0,025921675771494
-12,5;15;0,0247648436092699
-12,5;15,5;0,0320377697137302
-12,5;16;0,302905889580728
-12,5;16,5;0,14535155252145
-12,5;17;0,033448520076547
-12,5;17,5;0,0843223021087031
-12,5;18;0,0605520960391617
-12,5;18,5;0,0407350907578174
-12,5;19;0,0560270556876851
-12,5;19,5;0,0407944877180067
-12,5;20;0,0344494061185517
-12,5;20,5;0,0483975115649871
-12,5;21;0,057409237263169
-12,5;21,5;0,0636255625933548
-12,5;22;0,0450610350402804
-12,5;22,5;0,0758446371786697
-12,5;23;0,057507577252406
-12,5;23,5;0,0467539296559295
-12,5;24;0,338163563471322
-12,5;24,5;0,343834749632005
-12,5;25;0,0579978773290937
-12,5;25,5;0,0621060920253937
-12,5;26;0,0896839477561789
-12,5;26,5;0,0628479733926468
-12,5;27;0,0523365834510825
-12,5;27,5;0,0638880748740413
-12,5;28;0,0514621242314651
-12,5;28,5;0,0446821314383638
-12,5;29;0,0309908305623997
-12,5;29,5;0,0463589279171602
-12,5;30;0,0458371130817868
-12,5;30,5;0,0398608107851961
-12,5;31;0,0537107309850724
-12,5;31,5;0,0626445546361686
-12,5;32;0,0297996084985469
-12,5;32,5;0,0400644876743304
-12,5;33;0,0511861101705935
-12,5;33,5;0,0756489816260115
-12,5;34;0,088186720086368
-12,5;34,5;0,0777167813403135
-12,5;35;0,0672909991858389
-12,5;35,5;0,0583689143185836
-12,5;36;0,0304974628140644
-12,5;36,5;0,0426511286682007
-12,5;37;0,0517501981054427
-12,5;37,5;0,0417648563484475
-12,5;38;0,0776468687835128
-12,5;38,5;0,0919585280053361
-12,5;39;0,115999122775719
-12,5;39,5;0,0456179731187037
-12,5;40;0,0412841658864652
-12,5;40,5;0,042267265574324
-12,5;41;0,0251897130793831
-12,5;41,5;0,0717795405322742
-12,5;42;0,0757805711812299
-12,5;42,5;0,0572367554271671
-12,5;43;0,0829856078552848
-12,5;43,5;0,0499149168558977
-12,5;44;0,0702341193327808
-12,5;44,5;0,0856910585553701
-12,5;45;0,0123459741180304
-12,5;45,5;0,0285674640106538
-12,5;46;0,0435177507449363
-12,5;46,5;0,0505242706337946
-12,5;47;0,0500425181539499
-12,5;47,5;0,0560118267081408
-12,5;48;0,0339255985438598
-12,5;48,5;0,0626347982252513
-12,5;49;0,070104711232628
-12,5;49,5;0,0307327891510733
-12,5;50;0,0307074700675376
-12,5;50,5;0,0417027532465081
-12,5;51;0,0439025179497848
-12,5;51,5;0,0472311721824792
-12,5;52;0,0546967396956467
-12,5;52,5;0,0533781080200075
-12,5;53;0,0980193710521001
-12,5;53,5;0,0613341460204705
-12,5;54;0,0783206674387543
-12,5;54,5;0,105142886904758
-12,5;55;0,0672741006285823
-12,5;55,5;0,067197038214847
-12,5;56;0,0742109471055075
-12,5;56,5;0,0539771158201146
-12,5;57;0,0581254694267361
-12,5;57,5;0,0581769713890299
-12,5;58;0,0854454016706965
-12,5;58,5;0,0329747378053766
-12,5;59;0,0937281739299091
-12,5;59,5;0,100774317304406
-12,5;60;0,122117917253308
-12,5;60,5;0,0601820430600217
-12,5;61;0,0805790810576391
-12,5;61,5;0,0425226736903711
-12,5;62;0,13187812284725
-12,5;62,5;0,0723941756404938
-12,5;63;0,0538607662668955
-12,5;63,5;0,0256580071972344
-12,5;64;0,0631202555972856
-12,5;64,5;0,0400276690017579
-12,5;65;0,0681615727518079
-12,5;65,5;0,0272357830580998
-12,5;66;0,0686367248635889
-12,5;66,5;0
-12,5;67;0
-12,5;67,5;0,0314631303501189
-12,5;68;0
-12,5;68,5;0
-12,5;69;0,0582329179010697
-12,5;69,5;0,0346729618826296
-12,5;70;0,0573172986738971
-12,5;70,5;0,0853647957395105
-12,5;71;0,0783456678573504
-12,5;71,5;0,0863958096827383
-12,5;72;0,121587600065944
-12,5;72,5;0,0801686967776073
-12,5;73;0
-12;-20,5;0,0617488191520021
-12;-20;0
-12;-19,5;0
-12;-19;0
-12;-18,5;0
-12;-18;0,0976218502233267
-12;-17,5;0
-12;-17;0,0477598157450382
-12;-16,5;0,0470316704144986
-12;-16;0,0715201550316942
-12;-15,5;0,0629204789132018
-12;-15;0,0572441263362452
-12;-14,5;0,0490925995780763
-12;-14;0,0322138686489737
-12;-13,5;0,0397374718202689
-12;-13;0,0806856726921067
-12;-12,5;0,058194961936333
-12;-12;0,0388146483054648
-12;-11,5;0,0680843349579524
-12;-11;0,0492817416339919
-12;-10,5;0,0555957775032464
-12;-10;0
-12;-9,5;0
-12;-9;0,214777234498537
-12;-8,5;0,0530456633954491
-12;-8;0,0585577093058543
-12;-7,5;0,0500518649921178
-12;-7;0,0500301130852301
-12;-6,5;0,0316200144203471
-12;-6;0,0482369399064814
-12;-5,5;0,0504990431395649
-12;-5;0,0376050311099442
-12;-4,5;0,0623294068233844
-12;-4;0,0455895836595252
-12;-3,5;0,0560613227645617
-12;-3;0,0720454256732071
-12;-2,5;0,120129820067574
-12;-2;0,22664021428788
-12;-1,5;0,302980330298895
-12;-1;0,101216876650051
-12;-0,5;0,0487307922148831
-12;0;0,0393860439634298
-12;0,5;0,0494548054063281
-12;1;0
-12;1,5;0
-12;2;0,066206746886804
-12;2,5;0,0339039137778831
-12;3;0,0444198378188717
-12;3,5;0,0381535687085075
-12;4;0,0303492068447105
-12;4,5;0,0616769321225039
-12;5;0,0505005271847985
-12;5,5;0,0285761486506811
-12;6;0,0476459404580877
-12;6,5;0,0283660369683806
-12;7;0,0307054090629935
-12;7,5;0,0305214287180934
-12;8;0,0538679330284188
-12;8,5;0,0587987050413852
-12;9;0,0349983442590816
-12;9,5;0,0664140515682071
-12;10;0,0901127209543323
-12;10,5;0,346349372519442
-12;11;0,347077586414211
-12;11,5;0,0391413351961919
-12;12;0,0626105375937089
-12;12,5;0,0418021322934059
-12;13;0,0350190413729247
-12;13,5;0,0606258891283409
-12;14;0,0417329659794053
-12;14,5;0,0345488837991689
-12;15;0,0214272228063504
-12;15,5;0,0319884498506132
-12;16;0,0267414263134661
-12;16,5;0,0437367984552832
-12;17;0,0505597161808183
-12;17,5;0,129267484126641
-12;18;0,0277670231706169
-12;18,5;0,0397320591565891
-12;19;0,0313596002573675
-12;19,5;0,0726669206443496
-12;20;0,0281364532235319
-12;20,5;0,0295116962811578
-12;21;0,0485190353868643
-12;21,5;0,0300409153661393
-12;22;0,0407253231792204
-12;22,5;0,0425133555337356
-12;23;0,0436988447797847
-12;23,5;0,0457830376718446
-12;24;0,0550570462957324
-12;24,5;0,0545427639738187
-12;25;0,0426768077646784
-12;25,5;0,0851096625222698
-12;26;0,0728538945096754
-12;26,5;0,0915460592568251
-12;27;0,0633821201751309
-12;27,5;0,047374427317239
-12;28;0,0211390896471705
-12;28,5;0,022128413107737
-12;29;0
-12;29,5;0
-12;30;0,0247547975148253
-12;30,5;0,0244891132274459
-12;31;0,0267230802093063
-12;31,5;0,0304390171693136
-12;32;0,033888434771537
-12;32,5;0,0441889386055149
-12;33;0,0572867367089649
-12;33,5;0,0590484946665414
-12;34;0,079126817566141
-12;34,5;0,126052140120608
-12;35;0,0787050119202918
-12;35,5;0,0589626724003987
-12;36;0,0508339819664332
-12;36,5;0,0700858538099006
-12;37;0,32498383354175
-12;37,5;0,044673026653058
-12;38;0,0612082642533116
-12;38,5;0,0492565304330029
-12;39;0,0569538323942318
-12;39,5;0,0648611639444999
-12;40;0,0391342516879065
-12;40,5;0,0369290870624277
-12;41;0,0434016128732562
-12;41,5;0,0536377274454767
-12;42;0,0611851928128765
-12;42,5;0,05556033934244
-12;43;0,0291034467416644
-12;43,5;0,0535218555768599
-12;44;0,0644780498579236
-12;44,5;0,0580937009186
-12;45;0,0730236221555227
-12;45,5;0,0324368211824317
-12;46;0,0267733076029093
-12;46,5;0,0403581789566335
-12;47;0,0626417456980053
-12;47,5;0,0256536525685893
-12;48;0,0729725613432522
-12;48,5;0,0493344310670517
-12;49;0,032163723165728
-12;49,5;0,0347082420898195
-12;50;0,0296523718763733
-12;50,5;0,0428296519360982
-12;51;0,0615778985110243
-12;51,5;0,320450225517202
-12;52;0,323903442402207
-12;52,5;0,0815504229265605
-12;53;0,0833923353614624
-12;53,5;0,0663554472379718
-12;54;0,0488156085321451
-12;54,5;0,10133398282083
-12;55;0,16891058810693
-12;55,5;0,0900848989808516
-12;56;0,0606275060080862
-12;56,5;0,0542267203976201
-12;57;0,0561927778795466
-12;57,5;0,0465511152069027
-12;58;0,05713945553571
-12;58,5;0,0551271138120678
-12;59;0
-12;59,5;0,0865522584759834
-12;60;0,0770471589734648
-12;60,5;0,0624249876649353
-12;61;0,0860054471352655
-12;61,5;0,0677047048080124
-12;62;0,0903612035030273
-12;62,5;0,107036483609699
-12;63;0,061080093138254
-12;63,5;0
-12;64;0,0684960895651298
-12;64,5;0,0445164496081424
-12;65;0,0648327763472218
-12;65,5;0
-12;66;0,0772057030810244
-12;66,5;0,0523100825543423
-12;67;0,108282039138539
-12;67,5;0,0379547976765345
-12;68;0,0145716619962629
-12;68,5;0
-12;69;0,0150194318578744
-12;69,5;0,0795047168412038
-12;70;0,0437166199190063
-12;70,5;0,0616220824522479
-12;71;0,0677433328068892
-12;71,5;0,101786504376161
-12;72;0,137807649554958
-12;72,5;0,103027393941801
-12;73;0,163577120524156
-12;73,5;0,0572756492761104
-12;74;0
-11,5;-21;0,0397375317372812
-11,5;-20,5;0,0447643831634035
-11,5;-20;0,0530330085889911
-11,5;-19,5;0
-11,5;-19;0
-11,5;-18,5;0,0240208242989286
-11,5;-18;0,230535187611941
-11,5;-17,5;0,330808245420357
-11,5;-17;0,0990479681770404
-11,5;-16,5;0,0533453528122804
-11,5;-16;0,0684875487587004
-11,5;-15,5;0,265857945261795
-11,5;-15;0,0473945030172926
-11,5;-14,5;0,0537237377701887
-11,5;-14;0,0368003971550475
-11,5;-13,5;0,0376257415683921
-11,5;-13;0,0647606327983256
-11,5;-12,5;0,0585402588375035
-11,5;-12;0,0285160242033078
-11,5;-11,5;0,0512400795435954
-11,5;-11;0,0378645390855098
-11,5;-10,5;0,0449674742160791
-11,5;-10;0,0788593359837304
-11,5;-9,5;0,2790682526021
-11,5;-9;0,324562692436128
-11,5;-8,5;0,0442015531095605
-11,5;-8;0,0641460192413511
-11,5;-7,5;0,0635256942818581
-11,5;-7;0,0680990521542115
-11,5;-6,5;0,0379600129746292
-11,5;-6;0,0443271119873927
-11,5;-5,5;0,0533693451866305
-11,5;-5;0,0328579445229373
-11,5;-4,5;0,0335163791339532
-11,5;-4;0,0430991616606293
-11,5;-3,5;0,0357345165865676
-11,5;-3;0,0407241394408672
-11,5;-2,5;0,0597950735401515
-11,5;-2;0,150466296501837
-11,5;-1,5;0,0333449165338079
-11,5;-1;0,0325718458372094
-11,5;-0,5;0,0441214690341784
-11,5;0;0,0308365365445395
-11,5;0,5;0,0157480157480236
-11,5;1;0,0532248897498988
-11,5;1,5;0,254004745456233
-11,5;2;0,246285367436717
-11,5;2,5;0,219598365572611
-11,5;3;0,0418440622377232
-11,5;3,5;0,0390681369882298
-11,5;4;0,0536778174807887
-11,5;4,5;0,0482628664037298
-11,5;5;0,0466895649473677
-11,5;5,5;0,0351100207632199
-11,5;6;0,0310775508284983
-11,5;6,5;0,0343669103212019
-11,5;7;0,0409903791166198
-11,5;7,5;0,0767830187988677
-11,5;8;0,0652192550905628
-11,5;8,5;0,0600026414027636
-11,5;9;0,0564479294781371
-11,5;9,5;0,0294373831005666
-11,5;10;0,0654826484856036
-11,5;10,5;0,283609505233668
-11,5;11;0,256988442443672
-11,5;11,5;0,0954493834788777
-11,5;12;0,0458867409738247
-11,5;12,5;0,0328694236510294
-11,5;13;0,024588142349231
-11,5;13,5;0,0871204569890105
-11,5;14;0,0832737308647239
-11,5;14,5;0,0291622982917557
-11,5;15;0,0464456700513016
-11,5;15,5;0,0292700191149125
-11,5;16;0,081561068085579
-11,5;16,5;0,056497257425634
-11,5;17;0,342785643749816
-11,5;17,5;0,408350117156611
-11,5;18;0,018967516091114
-11,5;18,5;0,0433148080784165
-11,5;19;0,0447848744984039
-11,5;19,5;0,0306461052207878
-11,5;20;0,0381739535621727
-11,5;20,5;0,0691837757013592
-11,5;21;0,0856173185527749
-11,5;21,5;0,0284180137947102
-11,5;22;0,0417666544440645
-11,5;22,5;0,037983089967205
-11,5;23;0,0604237051507448
-11,5;23,5;0,0444352765221865
-11,5;24;0,0315541711075686
-11,5;24,5;0,0297369160318311
-11,5;25;0,0557509099442663
-11,5;25,5;0,0974551236395271
-11,5;26;0,0854174474249509
-11,5;26,5;0,0436254773093184
-11,5;27;0,0283769073152499
-11,5;27,5;0,0518158051756023
-11,5;28;0,0829055881015359
-11,5;28,5;0,0813855969113416
-11,5;29;0,0490622178413511
-11,5;29,5;0,0589870694218179
-11,5;30;0,125042221440828
-11,5;30,5;0,0306459200187089
-11,5;31;0,0450845260899305
-11,5;31,5;0,0732551803591034
-11,5;32;0,0293834107765277
-11,5;32,5;0,0439399930417125
-11,5;33;0,0751686574233139
-11,5;33,5;0,123734757429263
-11,5;34;0,0751996803130965
-11,5;34,5;0,0655665483057388
-11,5;35;0,074514450570226
-11,5;35,5;0,048213819394441
-11,5;36;0,0586283074237398
-11,5;36,5;0,141830916321192
-11,5;37;0,354357799238388
-11,5;37,5;0,137813754075292
-11,5;38;0,0619131136511104
-11,5;38,5;0,0479658185908092
-11,5;39;0,301098654054152
-11,5;39,5;0,166492573469353
-11,5;40;0,11251565547635
-11,5;40,5;0,0888897236958435
-11,5;41;0,0802283793750245
-11,5;41,5;0,0455033090704801
-11,5;42;0,0298394691923839
-11,5;42,5;0,0368334325631751
-11,5;43;0,0299935972003338
-11,5;43,5;0,0544178509102236
-11,5;44;0,0430178544981802
-11,5;44,5;0,0804532419354934
-11,5;45;0,0514163474368275
-11,5;45,5;0,042194887092301
-11,5;46;0,0551392177432119
-11,5;46,5;0,027621247859815
-11,5;47;0,0235894447743457
-11,5;47,5;0,0308433831755579
-11,5;48;0,0381176232466092
-11,5;48,5;0,0276410819572011
-11,5;49;0,0583923510972684
-11,5;49,5;0,00141421356237309
-11,5;50;0,0325985684757271
-11,5;50,5;0
-11,5;51;0,070380215349512
-11,5;51,5;0,246018659552793
-11,5;52;0,340476137196133
-11,5;52,5;0,0315408449151126
-11,5;53;0,118469324661622
-11,5;53,5;0,0857643869965167
-11,5;54;0,0823605381342196
-11,5;54,5;0,0594112358859412
-11,5;55;0,0753059624995789
-11,5;55,5;0,0689044917229047
-11,5;56;0,0472690320751722
-11,5;56,5;0,0457612910953337
-11,5;57;0,0419562361701993
-11,5;57,5;0,0530807319331987
-11,5;58;0,0431972745076223
-11,5;58,5;0,0691307250277121
-11,5;59;0,0683858000396195
-11,5;59,5;0
-11,5;60;0,0949014526458142
-11,5;60,5;0,0399364077837087
-11,5;61;0,0374566416006561
-11,5;61,5;0,0350386586835053
-11,5;62;0,0318982758154732
-11,5;62,5;0,0426730478286824
-11,5;63;0,101262669739783
-11,5;63,5;0,015
-11,5;64,5;0
-11,5;65;0,058769323063426
-11,5;65,5;0
-11,5;66;0,0328369479628535
-11,5;66,5;0,0626381477169234
-11,5;67;0,0807112135951381
-11,5;67,5;0,0796942072340686
-11,5;68;0,0849314786201563
-11,5;68,5;0,0727994963352541
-11,5;69;0,0435463628135085
-11,5;69,5;0,0483701009577887
-11,5;70;0,0205060966544099
-11,5;70,5;0,0391076810139097
-11,5;71;0,0766245408562943
-11,5;71,5;0,0552826503396086
-11,5;72;0,109572806845494
-11,5;72,5;0,051878821188536
-11,5;73;0,0862653211186606
-11,5;73,5;0
-11,5;74;0
-11,5;74,5;0
-11;-21,5;0
-11;-21;0,0992862472373159
-11;-20,5;0,184734915516772
-11;-20;0,0464101795073534
-11;-19,5;0,490328767257235
-11;-19;0
-11;-18,5;0,0499132580917469
-11;-18;0,220644409753693
-11;-17,5;0,237586063493079
-11;-17;0,31061274856305
-11;-16,5;0,33314676872543
-11;-16;0,0814230112639236
-11;-15,5;0,0679302366067905
-11;-15;0,0436730729579143
-11;-14,5;0,0608785415840165
-11;-14;0,0367094646558846
-11;-13,5;0,0469240625591905
-11;-13;0,0442661792303776
-11;-12,5;0,0488410119105291
-11;-12;0,0480138868800822
-11;-11,5;0,0431335136523794
-11;-11;0,0289671467051088
-11;-10,5;0,0361053288482716
-11;-10;0,0559273425710432
-11;-9,5;0,291782724133501
-11;-9;0,0544770709611319
-11;-8,5;0,0737014071017536
-11;-8;0,0614623200279389
-11;-7,5;0,045579805221916
-11;-7;0,0593875411261623
-11;-6,5;0,0438450121811786
-11;-6;0,0458732363654902
-11;-5,5;0,0406956234284937
-11;-5;0,0298207583887991
-11;-4,5;0,392593670560205
-11;-4;0,0404325015239866
-11;-3,5;0,0270752536510623
-11;-3;0,0268217335591961
-11;-2,5;0,033751094258355
-11;-2;0,0383243674815011
-11;-1,5;0,0323503840546731
-11;-1;0,0261280440916851
-11;-0,5;0,0302441370270966
-11;0;0,0215263279659798
-11;0,5;0,0323614261855361
-11;1;0,0448730987349811
-11;1,5;0,209129265755058
-11;2;0,306223137135096
-11;2,5;0,123512891948566
-11;3;0,0360263243769048
-11;3,5;0,0366897681061623
-11;4;0,0317449307650051
-11;4,5;0,023658376821517
-11;5;0,0370969671147739
-11;5,5;0,0241067745514804
-11;6;0,0252513715886741
-11;6,5;0,0402474290248843
-11;7;0,0634812687046324
-11;7,5;0,34809114341066
-11;8;0,112335135534998
-11;8,5;0,0776684071505155
-11;9;0,0574064932717151
-11;9,5;0,0532698353097262
-11;10;0,0642150783126886
-11;10,5;0,0442879840579236
-11;11;0,0673633226522345
-11;11,5;0,071335751826674
-11;12;0,0595233360893723
-11;12,5;0,0295976005392012
-11;13;0,0529015638509436
-11;13,5;0,344911274533189
-11;14;0,306473701819083
-11;14,5;0,0186925420343848
-11;15;0,0694704652680148
-11;15,5;0,143103232545024
-11;16;0,143915462811114
-11;16,5;0,111759371764633
-11;17;0,183631424326012
-11;17,5;0,330199628948888
-11;18;0,351296118842096
-11;18,5;0,0412967267813945
-11;19;0,0898020106493266
-11;19,5;0,126287134135922
-11;20;0,0367833672771733
-11;20,5;0,0866177898716897
-11;21;0,10874163242872
-11;21,5;0,0317154754825419
-11;22;0,0329646539563633
-11;22,5;0,0317101767692087
-11;23;0,0287171335419336
-11;23,5;0,0539823573212655
-11;24;0,0459885471030176
-11;24,5;0,0678611581216324
-11;25;0,0565437514968129
-11;25,5;0,0240495636676644
-11;26;0,0305552077648658
-11;26,5;0,0494433867929186
-11;27;0,030159994434194
-11;27,5;0,0377026977188179
-11;28;0,0806407206763558
-11;28,5;0,110193795840722
-11;29;0,107117597049697
-11;29,5;0,0880447763736818
-11;30;0,124669505319615
-11;30,5;0,0337548515031543
-11;31;0,0185880258737272
-11;31,5;0,0499344625429227
-11;32;0,0340007739849984
-11;32,5;0,0255216964414067
-11;33;0,0376619782913663
-11;33,5;0,0660957460191793
-11;34;0,0342148481668466
-11;34,5;0,0292142923793655
-11;35;0,0237787833189702
-11;35,5;0,0212568811566029
-11;36;0,0316063823185034
-11;36,5;0,0466349309339768
-11;37;0,0532451866131667
-11;37,5;0,0449702978628496
-11;38;0,0453025765595037
-11;38,5;0,0875659876767355
-11;39;0,293239867296754
-11;39,5;0,285308962129196
-11;40;0,115449998364431
-11;40,5;0,0814243491695277
-11;41;0,0350695280103938
-11;41,5;0,0172699160391705
-11;42;0,0248481651864139
-11;42,5;0,0408805934525692
-11;43;0,0376378450568077
-11;43,5;0,0249427148560505
-11;44;0,0516873440144516
-11;44,5;0,017735429358926
-11;45;0,0608930914779632
-11;45,5;0,144339851083606
-11;46;0,354043661734558
-11;46,5;0,193588065699533
-11;47;0,0274133623799561
-11;47,5;0,0305197715662561
-11;48;0,0346488723458457
-11;48,5;0,0499789782648492
-11;49;0
-11;49,5;0,0300844050725858
-11;50;0
-11;50,5;0,0438509597006344
-11;51;0,0848576215906915
-11;51,5;0,0330499004290081
-11;52;0,0341173512674311
-11;52,5;0,028041272103392
-11;53;0,0558030365111186
-11;53,5;0,0915196291651279
-11;54;0,127157347123237
-11;54,5;0,0462654270875104
-11;55;0,0702329304253285
-11;55,5;0,0243933050924497
-11;56;0,0495130901811913
-11;56,5;0,0485231857645146
-11;57;0,0500257843531227
-11;57,5;0,0571106647150385
-11;58;0,0397329977614465
-11;58,5;0,0955383243969216
-11;59;0,0516379336387136
-11;59,5;0,0282901631902917
-11;60;0
-11;60,5;0,0272344319880971
-11;61;0,0456412642243836
-11;61,5;0,043058100283222
-11;62;0,247009801638039
-11;62,5;0,00353553390593274
-11;63;0,0723205825935236
-11;63,5;0,0699979591539231
-11;64;0,0635859089428779
-11;64,5;0
-11;65;0
-11;65,5;0
-11;66;0
-11;66,5;0
-11;67;0
-11;67,5;0,0302379452564709
-11;68;0,0330106043567821
-11;68,5;0,0743433476064492
-11;69;0,0531088841101804
-11;69,5;0,0737381628918613
-11;70;0,0485386443980464
-11;70,5;0,0570488512467291
-11;71;0,0796513234876442
-11;71,5;0,0794413830023958
-11;72;0,0613592077927378
-11;72,5;0,022781571499789
-11;73;0,0907825764696959
-11;73,5;0,120104121494643
-11;74;0
-11;74,5;0
-10,5;-21,5;0,269378859038659
-10,5;-21;0,315990793882008
-10,5;-20,5;0,159919021403313
-10,5;-20;0,0461227459319986
-10,5;-19,5;0,0665601231970014
-10,5;-19;0
-10,5;-18,5;0
-10,5;-18;0,276174298828355
-10,5;-17,5;0,27706780880505
-10,5;-17;0,260300825139205
-10,5;-16,5;0,33839851978413
-10,5;-16;0,0578537593529095
-10,5;-15,5;0,0413774665348436
-10,5;-15;0,0519332707942088
-10,5;-14,5;0,0319530906173409
-10,5;-14;0,0354818615633397
-10,5;-13,5;0,0426879743943741
-10,5;-13;0
-10,5;-12,5;0
-10,5;-12;0
-10,5;-11,5;0,037853885753865
-10,5;-11;0,0427395211328656
-10,5;-10,5;0,163147617700322
-10,5;-10;0,0289806448820204
-10,5;-9,5;0
-10,5;-9;0
-10,5;-8,5;0,0605000089442232
-10,5;-8;0,0558930924781822
-10,5;-7,5;0,0333236181920836
-10,5;-7;0,0381745862906403
-10,5;-6,5;0,0312188974765576
-10,5;-6;0,0493812817675988
-10,5;-5,5;0,0456834080112901
-10,5;-5;0,367540808827872
-10,5;-4,5;0,206526295494287
-10,5;-4;0,0352111806824661
-10,5;-3,5;0,0380573564410361
-10,5;-3;0,0505590239605766
-10,5;-2,5;0,0398258276966611
-10,5;-2;0,0449703606093317
-10,5;-1,5;0,0719711051899962
-10,5;-1;0,0558811655079379
-10,5;-0,5;0,0438487660683204
-10,5;0;0,0318002580218528
-10,5;0,5;0,0336729626029961
-10,5;1;0,0404375648318936
-10,5;1,5;0,0355945739308604
-10,5;2;0,0508031056848534
-10,5;2,5;0,136976692905933
-10,5;3;0,0282445496753279
-10,5;3,5;0,0368277778286885
-10,5;4;0,0322991138530374
-10,5;4,5;0,0414484668725583
-10,5;5;0,0275545357123782
-10,5;5,5;0,0178201441722773
-10,5;6;0,0378818612139822
-10,5;6,5;0,0339319515508856
-10,5;7;0,0232674464778321
-10,5;7,5;0,104154680769694
-10,5;8;0,0480856388773744
-10,5;8,5;0,0493452890148252
-10,5;9;0,0764155545010109
-10,5;9,5;0,0274280894312247
-10,5;10;0,086169141214726
-10,5;10,5;0,0627553114512353
-10,5;11;0,029571840965874
-10,5;11,5;0,0355714444613151
-10,5;12;0,0869491108567988
-10,5;12,5;0,0183222045260432
-10,5;13;0,0284725250844509
-10,5;13,5;0,0334266849938581
-10,5;14;0,0246818696343022
-10,5;14,5;0,0292434972632926
-10,5;15;0,060469980226022
-10,5;15,5;0,205015006672196
-10,5;16;0,145635733028074
-10,5;16,5;0,0480102857619157
-10,5;17;0,0703516131536906
-10,5;17,5;0,221419875869344
-10,5;18;0,202157412933487
-10,5;18,5;0,117012701775617
-10,5;19;0,236015268378753
-10,5;19,5;0,179804692357764
-10,5;20;0,102912602762688
-10,5;20,5;0,0362552911534046
-10,5;21;0,0366630034800182
-10,5;21,5;0,047384828915192
-10,5;22;0,0366429872723597
-10,5;22,5;0,0383706493203396
-10,5;23;0,0351115870208617
-10,5;23,5;0,0451414985527923
-10,5;24;0,319594298079111
-10,5;24,5;0,370029742759032
-10,5;25;0,365711233953565
-10,5;25,5;0,0444034461009619
-10,5;26;0,0401621147067964
-10,5;26,5;0,316519722717267
-10,5;27;0,313600743394303
-10,5;27,5;0,0251688416148875
-10,5;28;0,0598528321986415
-10,5;28,5;0,0501102387226874
-10,5;29;0,071496543135311
-10,5;29,5;0,0528319035370482
-10,5;30;0,0594267144602021
-10,5;30,5;0
-10,5;31;0
-10,5;31,5;0,0503069151736192
-10,5;32;0,0294383439064432
-10,5;32,5;0,0263415121864826
-10,5;33;0,0504446258658506
-10,5;33,5;0,0812117298819729
-10,5;34;0,0308950688465763
-10,5;34,5;0,0303919181176293
-10,5;35;0,0362244646735886
-10,5;35,5;0,0330187800713227
-10,5;36;0,0364121504784783
-10,5;36,5;0,0514708168525493
-10,5;37;0,0359702719633349
-10,5;37,5;0,0300852893900185
-10,5;38;0,0442745408516291
-10,5;38,5;0,0632849601667769
-10,5;39;0,154608541395755
-10,5;39,5;0,115278480260647
-10,5;40;0,0472142069511728
-10,5;40,5;0,0181809090681807
-10,5;41;0,0466742507265877
-10,5;41,5;0,0900498569914803
-10,5;42;0,0320301290454264
-10,5;42,5;0,024512686406671
-10,5;43;0,0319312448176452
-10,5;43,5;0,0244201322097743
-10,5;44;0,0314818284191842
-10,5;44,5;0,043429837466439
-10,5;45;0,064839935183266
-10,5;45,5;0,126623383005639
-10,5;46;0,290141397695331
-10,5;46,5;0,367694476551416
-10,5;47;0,0297391720391851
-10,5;47,5;0,0279047906263688
-10,5;48;0,0225989183615303
-10,5;48,5;0,0588345360445627
-10,5;49;0,0836986728464515
-10,5;49,5;0,0873589908212711
-10,5;50;0,052821582144327
-10,5;50,5;0,113223849334207
-10,5;51;0,0848647491071861
-10,5;51,5;0,0348728866972751
-10,5;52;0,050383752210137
-10,5;52,5;0,077333516196231
-10,5;53;0,0765115883895684
-10,5;53,5;0,110500265214343
-10,5;54;0,0805622758396356
-10,5;54,5;0,043096505931797
-10,5;55;0,0306299825878719
-10,5;55,5;0,0197989898732233
-10,5;56;0,0114663067496117
-10,5;56,5;0,0212727025684199
-10,5;57;0,081659464057606
-10,5;57,5;0,0936208680731786
-10,5;58;0,0572405140549538
-10,5;58,5;0,0732932291272355
-10,5;59;0
-10,5;59,5;0,161220346110533
-10,5;60;0,0360624458405139
-10,5;60,5;0,0225650910331276
-10,5;61;0,0679001509521535
-10,5;61,5;0,0668530249533431
-10,5;62;0,0897428334324378
-10,5;62,5;0,0359476471181819
-10,5;63;0,0464972669447714
-10,5;63,5;0,039159016476778
-10,5;64;0,0807043988887843
-10,5;64,5;0,0251903231609358
-10,5;65;0
-10,5;65,5;0
-10,5;66;0,0233345237791561
-10,5;66,5;0
-10,5;67;0
-10,5;67,5;0
-10,5;68;0
-10,5;68,5;0
-10,5;69;0
-10,5;69,5;0,0867250718952604
-10,5;70;0,04127145906475
-10,5;70,5;0,042200880153313
-10,5;71;0,104826348814585
-10,5;71,5;0,0346482322781408
-10,5;72;0,0582057579317567
-10,5;72,5;0,13188814822241
-10,5;73;0,158318244895106
-10,5;73,5;0,157602030443773
-10,5;74;0,157455813907691
-10,5;74,5;0
-10,5;75;0
-10;-22;0
-10;-21,5;0,3249931162498
-10;-21;0,363267147108113
-10;-20,5;0,0534585212296739
-10;-20;0,0635428294654132
-10;-19,5;0,0640151062135291
-10;-19;0,103944696834422
-10;-18,5;0,453519937084725
-10;-18;0,375007885631375
-10;-17,5;0,10800955560766
-10;-17;0,0549373380417282
-10;-16,5;0,483006004103469
-10;-16;0,45124916567658
-10;-15,5;0,0603757465314572
-10;-15;0,0435717798580687
-10;-14,5;0,0467730659351052
-10;-14;0,042994524845225
-10;-13,5;0,0377774584062555
-10;-13;0
-10;-12,5;0
-10;-12;0
-10;-11,5;0,0491104019424334
-10;-11;0,14392574757953
-10;-10,5;0,116893861953024
-10;-10;0,0478389343146734
-10;-9,5;0
-10;-9;0
-10;-8,5;0,0451990564484786
-10;-8;0,0490842180220833
-10;-7,5;0,0382615075369722
-10;-7;0,050418702720772
-10;-6,5;0,0414249802113078
-10;-6;0,0329921625876176
-10;-5,5;0,0300078209170437
-10;-5;0,228604675781393
-10;-4,5;0,0423301094002621
-10;-4;0,0500925903615194
-10;-3,5;0,0540694919445521
-10;-3;0,0418646383364048
-10;-2,5;0,0490364891603241
-10;-2;0,0622470054345713
-10;-1,5;0,0742324381555488
-10;-1;0,0352694519688247
-10;-0,5;0,0451300193227058
-10;0;0,0442120739503724
-10;0,5;0,0312329819207815
-10;1;0,0260179266117803
-10;1,5;0,0253438477602992
-10;2;0,0245144616750466
-10;2,5;0,0287265473291195
-10;3;0,0242733496991655
-10;3,5;0,0483367420217268
-10;4;0,0306807253482498
-10;4,5;0,0321473628524329
-10;5;0,0507788576251585
-10;5,5;0,0179746463689251
-10;6;0,0206802349691695
-10;6,5;0,0308205739808294
-10;7;0,0408353574610212
-10;7,5;0,0269638420276786
-10;8;0,0226521735160602
-10;8,5;0,025411488847908
-10;9;0,0177534790246349
-10;9,5;0,0311186167977227
-10;10;0,0497563147655329
-10;10,5;0,0286423346348257
-10;11;0,035887966624753
-10;11,5;0,0257823058297442
-10;12;0,0993416061489858
-10;12,5;0,0544828913651342
-10;13;0,0230284340748033
-10;13,5;0,0236747772794739
-10;14;0,0333195393122558
-10;14,5;0,0531613236915115
-10;15;0,0604786525621259
-10;15,5;0,0971597112679473
-10;16;0,0693765565004877
-10;16,5;0,0303343762729442
-10;17;0,0401585681039568
-10;17,5;0,0349898252442042
-10;18;0,0430697223441362
-10;18,5;0,174366262084294
-10;19;0,210945977155595
-10;19,5;0,201289343166497
-10;20;0,159039839865306
-10;20,5;0,0300528025343884
-10;21;0,0392440316111128
-10;21,5;0,0383691032964584
-10;22;0,0382631936565091
-10;22,5;0,168925627948449
-10;23;0,356554590226897
-10;23,5;0,0490551139943487
-10;24;0,241399482395903
-10;24,5;0,345342889713122
-10;25;0,0668589775673838
-10;25,5;0,0649087448753273
-10;26;0,0369503270170464
-10;26,5;0,211880104566785
-10;27;0,216695390447926
-10;27,5;0,0704957071252782
-10;28;0,0574987442854676
-10;28,5;0,10200120758397
-10;29;0,0429323027140417
-10;29,5;0,0559927901303717
-10;30;0,0736647747465608
-10;30,5;0,317833148454358
-10;31;0,0404098343246409
-10;31,5;0,115735642376306
-10;32;0,106029248560893
-10;32,5;0,0414337091297925
-10;33;0,0377408456260777
-10;33,5;0,0326328743722633
-10;34;0,0291597234843578
-10;34,5;0,025894705033892
-10;35;0,0431186172263809
-10;35,5;0,0505375447993216
-10;36;0,0247209658760768
-10;36,5;0,0416904693916396
-10;37;0,0311453246892692
-10;37,5;0,0352101929630052
-10;38;0,0388163965828638
-10;38,5;0,223127190387552
-10;39;0,0726188316608902
-10;39,5;0,0433946132157017
-10;40;0,04307843522868
-10;40,5;0,0405045254016657
-10;41;0,0547962189366757
-10;41,5;0,0827539336264772
-10;42;0,0555233219981864
-10;42,5;0,0213248681121361
-10;43;0,0551754776448137
-10;43,5;0,101429778664848
-10;44;0,0806101730552664
-10;44,5;0,0743681974225461
-10;45;0,0951044964669229
-10;45,5;0,0530185200691196
-10;46;0,109890699248888
-10;46,5;0,0708224058138814
-10;47;0,0495453956413806
-10;47,5;0,084759053394224
-10;48;0
-10;48,5;0,0282856310355085
-10;49;0,0614182374725607
-10;49,5;0,0676728005030672
-10;50;0,103420784308182
-10;50,5;0,288907344934984
-10;51;0,0483327658012657
-10;51,5;0,029005948542994
-10;52;0,0388522477477145
-10;52,5;0,059435869212283
-10;53;0,059414689139913
-10;53,5;0,0319302003948154
-10;54;0,056263967912093
-10;54,5;0,0400541300409001
-10;55;0,0196809720120897
-10;55,5;0,0402066092647891
-10;56;0
-10;56,5;0,0308781784560214
-10;57;0,0708746455695927
-10;57,5;0,0750445341464864
-10;58;0,0541812994265288
-10;58,5;0,150587170803619
-10;59;0,297049721821184
-10;59,5;0,129618696706716
-10;60;0,204145046474314
-10;60,5;0,0629336385182269
-10;61;0,0766416908770142
-10;61,5;0,0933057910042063
-10;62;0,0418641795641956
-10;62,5;0,0665258123747558
-10;63;0,0508928613199664
-10;63,5;0,0479671183671111
-10;64;0,076
-10;64,5;0,0755645419492502
-10;65;0
-10;65,5;0,0438520238985614
-10;66;0,0345686113242764
-10;66,5;0,0291433239925259
-10;67;0,0675403583052385
-10;67,5;0,0352467492590924
-10;68;0
-10;68,5;0,0432366825078626
-10;69;0,0323465608681974
-10;69,5;0,0644696310935105
-10;70;0
-10;70,5;0,0277976817578573
-10;71;0,0228965062837106
-10;71,5;0,157940679502648
-10;72;0,097292072484972
-10;72,5;0,121006577299105
-10;73;0,097541764559256
-10;73,5;0,0900519792917345
-10;74;0,113027651484051
-10;74,5;0,0719284366575557
-10;75;0,0365622756403373
-9,5;-22;0,143364957751576
-9,5;-21,5;0,214395731199691
-9,5;-21;0,3996718459131
-9,5;-20,5;0,0479146969292114
-9,5;-20;0
-9,5;-19,5;0,0398580815728337
-9,5;-19;0
-9,5;-18,5;0,00989949493661166
-9,5;-18;0,0473761543394987
-9,5;-17,5;0,0344286702231343
-9,5;-17;0,0433298133768509
-9,5;-16,5;0,0655878545667311
-9,5;-16;0,104966576312925
-9,5;-15,5;0
-9,5;-15;0
-9,5;-14,5;0,0393111519376712
-9,5;-14;0,0498838732429289
-9,5;-13,5;0,0510908138941612
-9,5;-13;0
-9,5;-12,5;0
-9,5;-12;0,0831384387633061
-9,5;-11,5;0,117921282541553
-9,5;-11;0,110379617067399
-9,5;-10,5;0,0282842712474619
-9,5;-10;0,0352109290392844
-9,5;-9,5;0,0585687630055476
-9,5;-9;0,0223638948050127
-9,5;-8,5;0,0583929019158326
-9,5;-8;0,0538442486004274
-9,5;-7,5;0,0866040304740898
-9,5;-7;0,0472801209396251
-9,5;-6,5;0,0449937598012506
-9,5;-6;0,0348105380812756
-9,5;-5,5;0,0415931676677631
-9,5;-5;0,0419026173355258
-9,5;-4,5;0,0600764685449231
-9,5;-4;0,0335421575601411
-9,5;-3,5;0,0378728841729154
-9,5;-3;0,0327560801121521
-9,5;-2,5;0,0219939130565359
-9,5;-2;0,038614860052573
-9,5;-1,5;0,0541603347338486
-9,5;-1;0,0421503622134969
-9,5;-0,5;0,0402515233347382
-9,5;0;0,0388379539454213
-9,5;0,5;0,083382909984117
-9,5;1;0,0960426182043858
-9,5;1,5;0,0417663125120405
-9,5;2;0,0460272145687303
-9,5;2,5;0,0206784673793271
-9,5;3;0,0293245728044964
-9,5;3,5;0,0375702565667499
-9,5;4;0,0293411447932383
-9,5;4,5;0,0304586875221113
-9,5;5;0,0430205817189446
-9,5;5,5;0,0384191198744821
-9,5;6;0,0313629322680306
-9,5;6,5;0,0255812572676981
-9,5;7;0,0200148323165154
-9,5;7,5;0,022478931767718
-9,5;8;0,0217416457170398
-9,5;8,5;0,0402345586720976
-9,5;9;0,059305259553784
-9,5;9,5;0,0364861356577823
-9,5;10;0,0708432296819053
-9,5;10,5;0,0469716193911039
-9,5;11;0,0507640678413791
-9,5;11,5;0,136191350332595
-9,5;12;0,153914902512386
-9,5;12,5;0,0424910825909687
-9,5;13;0,0492373297584724
-9,5;13,5;0,0373406825938758
-9,5;14;0,0311908235366442
-9,5;14,5;0,0579289243696726
-9,5;15;0,142031806363882
-9,5;15,5;0,2319134606642
-9,5;16;0,0997939666503768
-9,5;16,5;0,0411989540948376
-9,5;17;0,046110373954557
-9,5;17,5;0,0494056763004913
-9,5;18;0,0288164403299954
-9,5;18,5;0,364829761531131
-9,5;19;0,349742851596088
-9,5;19,5;0,256685666148958
-9,5;20;0,251301959593448
-9,5;20,5;0,0335860273437559
-9,5;21;0,0312744449845382
-9,5;21,5;0,0382382376940738
-9,5;22;0,0289398650562452
-9,5;22,5;0,0742405678204893
-9,5;23;0,384477203303683
-9,5;23,5;0,386829109059006
-9,5;24;0,164743041010188
-9,5;24,5;0,060852816321328
-9,5;25;0,211499953515547
-9,5;25,5;0,0800634202730734
-9,5;26;0,0811666307741027
-9,5;26,5;0,046402397607998
-9,5;27;0,0329535758947524
-9,5;27,5;0,0545296287020741
-9,5;28;0,104004434151782
-9,5;28,5;0,137364593590069
-9,5;29;0,0724539006403126
-9,5;29,5;0,0788912382416889
-9,5;30;0,0663070319797217
-9,5;30,5;0,292550810854612
-9,5;31;0,373581380595886
-9,5;31,5;0,0702027838778316
-9,5;32;0,186659294726227
-9,5;32,5;0,12098621531346
-9,5;33;0,0304061586320703
-9,5;33,5;0,0273134699557863
-9,5;34;0,0215656976507652
-9,5;34,5;0,0306174270009449
-9,5;35;0,0601416317787926
-9,5;35,5;0,0611702557213379
-9,5;36;0,061426214257268
-9,5;36,5;0,039294089512971
-9,5;37;0,0505387332579877
-9,5;37,5;0,0544003655033656
-9,5;38;0,031815925373068
-9,5;38,5;0,344654538430274
-9,5;39;0,339778897543867
-9,5;39,5;0,0559376068971905
-9,5;40;0,0225497748755675
-9,5;40,5;0,0418651056947183
-9,5;41;0,0568442560373908
-9,5;41,5;0,117951529324027
-9,5;42;0,122097493374705
-9,5;42,5;0,119622952620518
-9,5;43;0,0818843682179579
-9,5;43,5;0,0206605628882385
-9,5;44;0,0614284423455511
-9,5;44,5;0,0995738594630744
-9,5;45;0,0713777436823168
-9,5;45,5;0,0891284545487938
-9,5;46;0,0468638490830319
-9,5;46,5;0,0408038948856336
-9,5;47;0,0366124804607691
-9,5;47,5;0,079506317966103
-9,5;48;0,079776381606783
-9,5;48,5;0,0949056760522719
-9,5;49;0,0789869138822382
-9,5;49,5;0,084140078852785
-9,5;50;0,129987106775741
-9,5;50,5;0,0558766001510869
-9,5;51;0,0578967378879373
-9,5;51,5;0,0777711615976534
-9,5;52;0,0417442378700203
-9,5;52,5;0,0319565707765334
-9,5;53;0,0343937136150181
-9,5;53,5;0,044631578403252
-9,5;54;0,0876252363836016
-9,5;54,5;0,0843915942287535
-9,5;55;0,0427879688309674
-9,5;55,5;0,0260207018175322
-9,5;56;0,0551543289325507
-9,5;56,5;0,0492812722121667
-9,5;57;0,0793860684676133
-9,5;57,5;0,088726334873024
-9,5;58;0,0495926069759059
-9,5;58,5;0,0667142155362847
-9,5;59;0,268664110333302
-9,5;59,5;0,216123793004007
-9,5;60;0,185088078056517
-9,5;60,5;0,027883555136654
-9,5;61;0,0489356234056054
-9,5;61,5;0,0644191746715175
-9,5;62;0,0448259259398357
-9,5;62,5;0,0661942733035254
-9,5;63;0,0767270624047549
-9,5;63,5;0,0893099864752566
-9,5;64;0,0891277453195972
-9,5;64,5;0,107163426596951
-9,5;65;0
-9,5;65,5;0,0692964645562817
-9,5;66;0
-9,5;66,5;0,0106066017177982
-9,5;67;0,0385958300239559
-9,5;67,5;0,0415173567209054
-9,5;68;0,00989949493661166
-9,5;68,5;0
-9,5;69;0,0480832611206852
-9,5;69,5;0,110308657865101
-9,5;70;0
-9,5;70,5;0,0713617210981857
-9,5;71;0,0409918691124634
-9,5;72;0
-9,5;72,5;0,0587503565572533
-9,5;73;0,0420333201163077
-9,5;73,5;0,133935432205223
-9,5;74;0,128604396927519
-9,5;74,5;0,0713946776727789
-9,5;75;0
-9,5;75,5;0
-9;-22;0,228866401571465
-9;-21,5;0,236771875826218
-9;-21;0,281489406042724
-9;-20,5;0,190918830920368
-9;-20;0
-9;-19,5;0
-9;-19;0
-9;-18,5;0
-9;-18;0
-9;-17,5;0,0910312936773472
-9;-17;0,0403710567389835
-9;-16,5;0,417159841467672
-9;-16;0
-9;-15,5;0
-9;-15;0
-9;-14,5;0,228978220887982
-9;-14;0,345194605198686
-9;-13,5;0,0483254016480406
-9;-13;0
-9;-12,5;0
-9;-12;0,213246232218897
-9;-11,5;0,145360099584817
-9;-11;0,0501665073683475
-9;-10,5;0
-9;-10;0,0462921552356729
-9;-9,5;0,0541252446639189
-9;-9;0,0445669292202663
-9;-8,5;0,040384867215332
-9;-8;0,0543843245973025
-9;-7,5;0,187827924352761
-9;-7;0,0893266723099261
-9;-6,5;0,0338731890711977
-9;-6;0,0356142806206581
-9;-5,5;0,0283372452997688
-9;-5;0,0468715329779185
-9;-4,5;0,050970808233002
-9;-4;0,0232206110617032
-9;-3,5;0,0245015054430224
-9;-3;0,0482802233414408
-9;-2,5;0,0316851139825539
-9;-2;0,0340467878837872
-9;-1,5;0,0215049038435806
-9;-1;0,0400734459891625
-9;-0,5;0,0437912968935132
-9;0;0,0318263133542753
-9;0,5;0,0795609944099609
-9;1;0,0823042508257605
-9;1,5;0,0537856417324225
-9;2;0,0499396850105461
-9;2,5;0,160326842021442
-9;3;0,0221994348084564
-9;3,5;0,0216365115960704
-9;4;0,0385200148207596
-9;4,5;0,0420760250164879
-9;5;0,0156735530897649
-9;5,5;0,056185636562017
-9;6;0,070292654955179
-9;6,5;0,0173249717594184
-9;7;0,0218614239938719
-9;7,5;0,0375629434296771
-9;8;0,0423993805877728
-9;8,5;0,0466715122495364
-9;9;0,0450810664106966
-9;9,5;0,0518080003486568
-9;10;0,0462453814459006
-9;10,5;0,054756581295801
-9;11;0,023959312896854
-9;11,5;0,0421959402823523
-9;12;0,108549560562736
-9;12,5;0,12056820196928
-9;13;0,0427255482944832
-9;13,5;0,0212565122265933
-9;14;0,0834597634667863
-9;14,5;0,133041966326432
-9;15;0,135707651098761
-9;15,5;0,119586415258112
-9;16;0,0803478127105586
-9;16,5;0,0656295194344401
-9;17;0,0878667583622266
-9;17,5;0,0363378701643452
-9;18;0,0895494417734127
-9;18,5;0,41952488954068
-9;19;0,365219693747658
-9;19,5;0,278552673347583
-9;20;0,314133461230242
-9;20,5;0,0230867140068994
-9;21;0,0374039663809993
-9;21,5;0,0331223132206619
-9;22;0,217097678167226
-9;22,5;0,297583545588165
-9;23;0,324530543441405
-9;23,5;0,401963288203637
-9;24;0,0497923984336698
-9;24,5;0,167736244799133
-9;25;0,270495602776208
-9;25,5;0,12944253035071
-9;26;0,159193094829648
-9;26,5;0,402976790486606
-9;27;0,361968401601444
-9;27,5;0,0417295942892814
-9;28;0,0792983109239069
-9;28,5;0,0838050666301654
-9;29;0,0531095424003625
-9;29,5;0,0672787083277999
-9;30;0,0469241847739012
-9;30,5;0,14844835143402
-9;31;0,199765805610913
-9;31,5;0,0373843189263534
-9;32;0,0645302234375669
-9;32,5;0,0727835354129688
-9;33;0,0418598647377422
-9;33,5;0,0270859602942905
-9;34;0,0228004640637971
-9;34,5;0,0662836874576409
-9;35;0,0668255419822727
-9;35,5;0,0941542182781625
-9;36;0,0531703805142966
-9;36,5;0,0609727035568354
-9;37;0,0749842605207433
-9;37,5;0,0976023497159609
-9;38;0,0553877650864936
-9;38,5;0,0338842613819293
-9;39;0,0343084062082148
-9;39,5;0,25551297042871
-9;40;0,376207603149181
-9;40,5;0,285987066914456
-9;41;0,235189706690349
-9;41,5;0,179985071415106
-9;42;0,103928190174136
-9;42,5;0,117493943870322
-9;43;0,119258815315213
-9;43,5;0,0825430911994572
-9;44;0,0763801606922139
-9;44,5;0,0900457550246379
-9;45;0,120093329335893
-9;45,5;0,0968033486825286
-9;46;0,0762042291797502
-9;46,5;0,0486026034119495
-9;47;0,030092367059287
-9;47,5;0,0586428438508966
-9;48;0,0756729398606959
-9;48,5;0,0874594512561969
-9;49;0,0832571171791073
-9;49,5;0,0658703706070167
-9;50;0,08676687799699
-9;50,5;0,0781458725542192
-9;51;0,0809364811518556
-9;51,5;0,109124939009758
-9;52;0,025281586302572
-9;52,5;0,0431734796395675
-9;53;0,0421035164943556
-9;53,5;0,0199449000614578
-9;54;0,11390252737571
-9;54,5;0,0962429789619543
-9;55;0,0478414391851176
-9;55,5;0,0339894429193118
-9;56;0,0303105454696326
-9;56,5;0,0514725106716071
-9;57;0,0766069462746518
-9;57,5;0,104456925329292
-9;58;0,063759874822861
-9;58,5;0,0466347509910796
-9;59;0,0699263682003933
-9;59,5;0,0146182914338319
-9;60;0,0339503759065131
-9;60,5;0,0317310938803026
-9;61;0,0201764939741995
-9;61,5;0,0861655383549595
-9;62;0,0345814658130302
-9;62,5;0,043073193519868
-9;63;0
-9;63,5;0,0813498617085487
-9;64;0,0786651439498253
-9;64,5;0,0917453475180556
-9;65;0,173602087388841
-9;65,5;0,110831674173045
-9;66;0,0283689971623954
-9;66,5;0,0472088204393281
-9;67;0,047775516742365
-9;67,5;0,0170977581376429
-9;68;0,0409617707950556
-9;68,5;0
-9;69;0
-9;69,5;0
-9;70;0
-9;70,5;0
-9;71;0
-9;71,5;0
-9;72,5;0,0423949682548924
-9;73;0,063602420214508
-9;73,5;0,0495196930523605
-9;74;0,10980902844153
-9;74,5;0,0205020324195757
-9;75;0,0594670777265314
-9;75,5;0,00919238815542512
-8,5;-22,5;0
-8,5;-22;0,241938726964546
-8,5;-21,5;0,242720694861987
-8,5;-21;0,242388618594691
-8,5;-20,5;0
-8,5;-20;0
-8,5;-19,5;0
-8,5;-19;0
-8,5;-18,5;0
-8,5;-18;0
-8,5;-17,5;0
-8,5;-17;0,0707503435405872
-8,5;-16,5;0,0390368005204294
-8,5;-16;0
-8,5;-15,5;0,00636396103067891
-8,5;-15;0,241311750479624
-8,5;-14,5;0,350990617717184
-8,5;-14;0,106507108115598
-8,5;-13,5;0,0407798041221684
-8,5;-13;0
-8,5;-12,5;0
-8,5;-12;0,0784942248406425
-8,5;-11,5;0,0597333957801544
-8,5;-11;0,037135584186912
-8,5;-10,5;0,0459577899984155
-8,5;-10;0,048773869259888
-8,5;-9,5;0,182104985217389
-8,5;-9;0,37718828094107
-8,5;-8,5;0,0297080236075486
-8,5;-8;0,025447986167868
-8,5;-7,5;0
-8,5;-7;0,0358608421540822
-8,5;-6,5;0,0374386828128372
-8,5;-6;0,042720675412035
-8,5;-5,5;0,0332343015120294
-8,5;-5;0,0261648518255875
-8,5;-4,5;0,0299981822491264
-8,5;-4;0,0363206069776934
-8,5;-3,5;0,0469586611587935
-8,5;-3;0,0563180148581667
-8,5;-2,5;0,0226014589340145
-8,5;-2;0,380961615270637
-8,5;-1,5;0,361877390713548
-8,5;-1;0,0993487969093357
-8,5;-0,5;0,0405830743149451
-8,5;0;0,0277805633635239
-8,5;0,5;0,0283699769133165
-8,5;1;0,0260550025502731
-8,5;1,5;0,025825071444248
-8,5;2;0,0193557203201027
-8,5;2,5;0,0228763368618928
-8,5;3;0,0167476777339463
-8,5;3,5;0,0258312731567222
-8,5;4;0,0260763471610116
-8,5;4,5;0,0572509972836866
-8,5;5;0,0269320229401566
-8,5;5,5;0,0574193883142156
-8,5;6;0,13847404620657
-8,5;6,5;0,0291000934814192
-8,5;7;0,0619610208193452
-8,5;7,5;0,0328334354394818
-8,5;8;0,0596607691117653
-8,5;8,5;0,0497755945527938
-8,5;9;0,0556392542243716
-8,5;9,5;0,0708217678896647
-8,5;10;0,0266011322612002
-8,5;10,5;0,0535446088229218
-8,5;11;0,0451799752837795
-8,5;11,5;0,0234758311419277
-8,5;12;0,0793269948519085
-8,5;12,5;0,109223181232811
-8,5;13;0,0598488192140364
-8,5;13,5;0,0457856237008875
-8,5;14;0,122381123464899
-8,5;14,5;0,298787885936275
-8,5;15;0,324185730024674
-8,5;15,5;0,129511000429376
-8,5;16;0,0670815810801563
-8,5;16,5;0,141915286126295
-8,5;17;0,106888880080856
-8,5;17,5;0,0504048832183178
-8,5;18;0,130599723033322
-8,5;18,5;0,402285793431379
-8,5;19;0,365882878996287
-8,5;19,5;0,319781684157768
-8,5;20;0,0420550830601749
-8,5;20,5;0,0264989950533956
-8,5;21;0,0406268379593693
-8,5;21,5;0,226876210881992
-8,5;22;0,249587271654245
-8,5;22,5;0,322652185452562
-8,5;23;0,233386769749941
-8,5;23,5;0,0372338323359102
-8,5;24;0,180621859396183
-8,5;24,5;0,0783229088698206
-8,5;25;0,17729977372308
-8,5;25,5;0,111712161720093
-8,5;26;0,0817718541092022
-8,5;26,5;0,260167267364836
-8,5;27;0,227157614104325
-8,5;27,5;0,04437821498114
-8,5;28;0,0449768682915861
-8,5;28,5;0,0467515521208401
-8,5;29;0,0399123634266445
-8,5;29,5;0,0491599158183472
-8,5;30;0,0599012040103935
-8,5;30,5;0,0433845792184924
-8,5;31;0,0315747442256922
-8,5;31,5;0,0480549551189531
-8,5;32;0,0413518439733949
-8,5;32,5;0,07971569438035
-8,5;33;0,0888247070603161
-8,5;33,5;0,0375497690431736
-8,5;34;0,0199912968076598
-8,5;34,5;0,0374620282452831
-8,5;35;0,0777855175889879
-8,5;35,5;0,0889401532955329
-8,5;36;0,0390826743385792
-8,5;36,5;0,0375249309879299
-8,5;37;0,0508349423721458
-8,5;37,5;0,113891895761287
-8,5;38;0,066658658087413
-8,5;38,5;0,0646169994033581
-8,5;39;0,0638496957227859
-8,5;39,5;0,0936112934376737
-8,5;40;0,26732933226994
-8,5;40,5;0,216480599857689
-8,5;41;0,130326513035529
-8,5;41,5;0,0622972728479353
-8,5;42;0,0842467526484421
-8,5;42,5;0,0403126214492118
-8,5;43;0,0425599733341486
-8,5;43,5;0,0532338717175373
-8,5;44;0,0862143304433056
-8,5;44,5;0,0950529433004322
-8,5;45;0,0248472010801937
-8,5;45,5;0,0517531021995409
-8,5;46;0,0792552337933875
-8,5;46,5;0,0320154589809636
-8,5;47;0,0285808912901396
-8,5;47,5;0,0330528848556206
-8,5;48;0,0555529438293446
-8,5;48,5;0,303099875377377
-8,5;49;0,102240733016175
-8,5;49,5;0,0620050744028316
-8,5;50;0,113735663244398
-8,5;50,5;0,0745757733132596
-8,5;51;0,046929898850972
-8,5;51,5;0,0233981942672755
-8,5;52;0,0178912491143518
-8,5;52,5;0,0207837610129957
-8,5;53;0,0783290866394567
-8,5;53,5;0,0390350957545255
-8,5;54;0,0267941445021904
-8,5;54,5;0,056078667799927
-8,5;55;0,0283922165246688
-8,5;55,5;0,0363744609915993
-8,5;56;0,0447532042515409
-8,5;56,5;0,0304453722206705
-8,5;57;0,0495095173445703
-8,5;57,5;0,034626441864426
-8,5;58;0,0791324331441201
-8,5;58,5;0,0581776640298162
-8,5;59;0,0574169932259702
-8,5;59,5;0,0472863616701476
-8,5;60;0,031243845243706
-8,5;60,5;0,0367776099358372
-8,5;61;0,0412408720059303
-8,5;61,5;0,080294458090207
-8,5;62;0,0394493345951487
-8,5;62,5;0
-8,5;63;0,0387341365378568
-8,5;63,5;0
-8,5;64;0,0252725147146065
-8,5;64,5;0
-8,5;65;0,16979353475455
-8,5;65,5;0,138411113584265
-8,5;66;0,0768681296741758
-8,5;66,5;0,0612437834404522
-8,5;67;0,0559916614670984
-8,5;67,5;0,0632329028275628
-8,5;68;0,0301930297853503
-8,5;68,5;0
-8,5;69;0
-8,5;69,5;0
-8,5;70;0,0274217501438617
-8,5;70,5;0,0472521604444354
-8,5;71;0
-8,5;71,5;0,0897742207667976
-8,5;72;0,0559610834164498
-8,5;72,5;0
-8,5;73;0,0168027775481714
-8,5;73,5;0,0475152607064299
-8,5;74;0,0572106156709972
-8,5;74,5;0,0606412316362306
-8,5;75;0,0515150463457037
-8,5;75,5;0,0661030340537491
-8,5;76;0
-8;-22,5;0,0296984848098349
-8;-22;0,23969235142852
-8;-21,5;0,16026358969466
-8;-21;0
-8;-20,5;0,0884040036262095
-8;-19,5;0
-8;-19;0
-8;-18,5;0
-8;-18;0,122963118744722
-8;-17,5;0,101520297312845
-8;-17;0,0566309476376945
-8;-16,5;0,0521459490277049
-8;-16;0,046083559372562
-8;-15,5;0,0558054656821355
-8;-15;0,0535674685253142
-8;-14,5;0,0591634764722687
-8;-14;0,0516349332329028
-8;-13,5;0,0433232039443068
-8;-13;0
-8;-12,5;0,065212598526174
-8;-12;0,0531043243443438
-8;-11,5;0
-8;-11;0,11792586448164
-8;-10,5;0,0457730339274188
-8;-10;0,0223862202513702
-8;-9,5;0,240075062616332
-8;-9;0,361546234863669
-8;-8,5;0,0344126703999845
-8;-8;0,026633422260133
-8;-7,5;0
-8;-7;0
-8;-6,5;0,259265685799979
-8;-6;0,211129438169871
-8;-5,5;0,0415168708093198
-8;-5;0,0280353691058983
-8;-4,5;0,0272246963032953
-8;-4;0,029617575310336
-8;-3,5;0,0279274679545726
-8;-3;0,026753348386686
-8;-2,5;0,0321631947351487
-8;-2;0,392361716862893
-8;-1,5;0,351415463787098
-8;-1;0,0276813605399957
-8;-0,5;0,0548284731266545
-8;0;0,026906915570874
-8;0,5;0,0178058921627058
-8;1;0,0267206075451122
-8;1,5;0,014728358782623
-8;2;0,0213794527455425
-8;2,5;0,0435530124117216
-8;3;0,0823430229495757
-8;3,5;0,01535873002027
-8;4;0,0392734077770092
-8;4,5;0,0468644808201555
-8;5;0,0393182323180081
-8;5,5;0,0484697713975029
-8;6;0,0541464437426283
-8;6,5;0,0757321863187528
-8;7;0,0693528690133886
-8;7,5;0,0648371971009081
-8;8;0,362073269793623
-8;8,5;0,0719009779505961
-8;9;0,0408957146335714
-8;9,5;0,0280757034066384
-8;10;0,0548374752197462
-8;10,5;0,0573166577985038
-8;11;0,0452784497805285
-8;11,5;0,0252573870919275
-8;12;0,0993874854743169
-8;12,5;0,112277252618832
-8;13;0,132959995561786
-8;13,5;0,12700804098035
-8;14;0,0889257385603753
-8;14,5;0,399285310753794
-8;15;0,381561536820547
-8;15,5;0,0810319640739423
-8;16;0,0585824339033425
-8;16,5;0,0449779079596206
-8;17;0,0880058323362659
-8;17,5;0,0628960273974567
-8;18;0,040794043341571
-8;18,5;0,0505475458910163
-8;19;0,212929940188774
-8;19,5;0,288267661892117
-8;20;0,0278227285294093
-8;20,5;0,0312453219915985
-8;21;0,0366274871583348
-8;21,5;0,0212899874202977
-8;22;0,206836779318783
-8;22,5;0,32605141770537
-8;23;0,0246116481855655
-8;23,5;0,148352586386758
-8;24;0,288823473478153
-8;24,5;0,324414323900645
-8;25;0,115498530737425
-8;25,5;0,397797731888209
-8;26;0,286686228366687
-8;26,5;0,0351732088684239
-8;27;0,0527264125366934
-8;27,5;0,0483029203779605
-8;28;0,0531625686883584
-8;28,5;0,0464329947440231
-8;29;0,0489368091228751
-8;29,5;0,0349928115323383
-8;30;0,0825100379694515
-8;30,5;0,0495127954098182
-8;31;0,0306542811385357
-8;31,5;0,0493064736714791
-8;32;0,0530866630032429
-8;32,5;0,0224391516762624
-8;33;0,0380063057354161
-8;33,5;0,0292310497955838
-8;34;0,0477684025242658
-8;34,5;0,0323231820632462
-8;35;0,0351398813304859
-8;35,5;0,0467238733250663
-8;36;0,0624942755244367
-8;36,5;0,04229476189162
-8;37;0,0822598438268997
-8;37,5;0,0440652465202249
-8;38;0,0323657531243851
-8;38,5;0,0564770161261682
-8;39;0,0423365659368055
-8;39,5;0,0498782809261376
-8;40;0,0412149664593623
-8;40,5;0,0598535696860604
-8;41;0,0516966269413528
-8;41,5;0,0314118915491103
-8;42;0,0386418187676049
-8;42,5;0,0296330600878627
-8;43;0,104291940380369
-8;43,5;0,053191281286228
-8;44;0,154554023310262
-8;44,5;0,0760091103582998
-8;45;0,0676598950141342
-8;45,5;0,0287034823175984
-8;46;0,0318160510183672
-8;46,5;0,0310666512666807
-8;47;0,0395569487157536
-8;47,5;0,0409277490849581
-8;48;0,127842047600971
-8;48,5;0,260360366120187
-8;49;0,0844045874256811
-8;49,5;0,110854745203629
-8;50;0,0283415488816221
-8;50,5;0,04309398953893
-8;51;0,0497785234674694
-8;51,5;0,0245412657678897
-8;52;0,0335509170011872
-8;52,5;0,0153989499503852
-8;53;0,0151178950876006
-8;53,5;0,0493258578564941
-8;54;0,0247139978583159
-8;54,5;0,0348324646736072
-8;55;0,0245866397334031
-8;55,5;0,0424828981428455
-8;56;0,122163485924531
-8;56,5;0,262558225661182
-8;57;0
-8;57,5;0
-8;58;0,0338738241211578
-8;58,5;0,151985293406187
-8;59;0,0264487429691046
-8;59,5;0,0469298203046489
-8;60;0,0336435310199031
-8;60,5;0,146025368201926
-8;61;0,154267544086766
-8;61,5;0,168897494464434
-8;62;0
-8;62,5;0
-8;63;0,0683461776546428
-8;63,5;0,0362172736286279
-8;64;0,044068527178921
-8;64,5;0,0374036491138628
-8;65;0,0294547675824022
-8;65,5;0
-8;66;0,0394013090885917
-8;66,5;0,0409887737056438
-8;67;0,0546694515533462
-8;67,5;0,101650030700913
-8;68;0,297176401417276
-8;68,5;0
-8;69;0
-8;69,5;0,0876489208908663
-8;70;0,0702384218034253
-8;70,5;0
-8;71;0,0283107753337841
-8;71,5;0,0454121863233501
-8;72;0,0732416093032733
-8;72,5;0
-8;73;0
-8;73,5;0
-8;74;0
-8;74,5;0,0617807330351379
-8;75;0,0307679486912382
-8;75,5;0,0510636857267471
-8;76;0,0494974746830583
-7,5;-22,5;0,118086832458153
-7,5;-22;0,105049194824774
-7,5;-21,5;0,164192975895235
-7,5;-21;0
-7,5;-20,5;0,0607769634459824
-7,5;-20;0
-7,5;-19,5;0
-7,5;-19;0,0525887005788451
-7,5;-18,5;0,158966977702918
-7,5;-18;0,129723209608424
-7,5;-17,5;0,15028138242124
-7,5;-17;0,0422990998267557
-7,5;-16,5;0,0525357021462548
-7,5;-16;0,0344588781842109
-7,5;-15,5;0,0372584282571135
-7,5;-15;0,0678326305384493
-7,5;-14,5;0,0969677781533639
-7,5;-14;0,0836192701246689
-7,5;-13,5;0,147553380171381
-7,5;-13;0,343837109536968
-7,5;-12,5;0,0760500317619401
-7,5;-12;0,0322225208460357
-7,5;-11,5;0,0586454629326144
-7,5;-11;0,0932219722549953
-7,5;-10,5;0,0350911592253991
-7,5;-10;0,0375043313006666
-7,5;-9,5;0,0394557785569929
-7,5;-9;0,0399007204976209
-7,5;-8,5;0,0308773302571567
-7,5;-8;0
-7,5;-7,5;0,0254344032168061
-7,5;-7;0,0414413085131497
-7,5;-6,5;0,261395346071907
-7,5;-6;0,35739797423281
-7,5;-5,5;0,0397190175450293
-7,5;-5;0,269857813660712
-7,5;-4,5;0,257478420949993
-7,5;-4;0,221783280233487
-7,5;-3,5;0,0361322421499913
-7,5;-3;0,0234137793465971
-7,5;-2,5;0,0229918626028983
-7,5;-2;0,0697512024826765
-7,5;-1,5;0,0424291029907469
-7,5;-1;0,0202750620733083
-7,5;-0,5;0,0314555704725397
-7,5;0;0,043955508846911
-7,5;0,5;0,0281227056072657
-7,5;1;0,0170643724523584
-7,5;1,5;0,0484000423141999
-7,5;2;0,068490715092122
-7,5;2,5;0,0651776447465958
-7,5;3;0,0807282293163117
-7,5;3,5;0,0390641297167823
-7,5;4;0,04765628588296
-7,5;4,5;0,0239266135295922
-7,5;5;0,0555671167810059
-7,5;5,5;0,0551594024777065
-7,5;6;0,0324997956672989
-7,5;6,5;0,231415570261901
-7,5;7;0,108267127205507
-7,5;7,5;0,0234017475612177
-7,5;8;0,0313585373333286
-7,5;8,5;0,030971457241336
-7,5;9;0,0284922785629413
-7,5;9,5;0,0347536380130619
-7,5;10;0,0145088691121385
-7,5;10,5;0,0180298420115802
-7,5;11;0,0402882189176238
-7,5;11,5;0,148064462591328
-7,5;12;0,320124602695503
-7,5;12,5;0,291338845385667
-7,5;13;0,214357346967347
-7,5;13,5;0,147487904873444
-7,5;14;0,0219887146379358
-7,5;14,5;0,0302091247342903
-7,5;15;0,279840795677979
-7,5;15,5;0,0454996000288068
-7,5;16;0,0643256330058042
-7,5;16,5;0,0506122052559951
-7,5;17;0,15841859572151
-7,5;17,5;0,126919074087606
-7,5;18;0,0924551709326931
-7,5;18,5;0,034633308482521
-7,5;19;0,0914549983927436
-7,5;19,5;0,196498171827454
-7,5;20;0,194700601238105
-7,5;20,5;0,0230881225635341
-7,5;21;0,0384675543847204
-7,5;21,5;0,10295058745238
-7,5;22;0,0256728347566926
-7,5;22,5;0,0205268315013702
-7,5;23;0,04347743569371
-7,5;23,5;0,148997401951471
-7,5;24;0,201561851280718
-7,5;24,5;0,28853518043672
-7,5;25;0,36898677188615
-7,5;25,5;0,0555893135887503
-7,5;26;0,0812820400825099
-7,5;26,5;0,0246307734348721
-7,5;27;0,0729604085732854
-7,5;27,5;0,065910253131739
-7,5;28;0,0610905474097087
-7,5;28,5;0,0290089743054446
-7,5;29;0,0379761862676298
-7,5;29,5;0,0483662826491482
-7,5;30;0,0508042589481702
-7,5;30,5;0,0440819122930135
-7,5;31;0,0500486077548451
-7,5;31,5;0,0404338256590413
-7,5;32;0,0480524819581338
-7,5;32,5;0,0401400586792912
-7,5;33;0,0291770885745533
-7,5;33,5;0,0926854253384826
-7,5;34;0,362938929325368
-7,5;34,5;0,366525102057375
-7,5;35;0,0240742964884216
-7,5;35,5;0,0321033552461452
-7,5;36;0,0596504245105339
-7,5;36,5;0,0276416316166801
-7,5;37;0,0335437376888403
-7,5;37,5;0,138946602657759
-7,5;38;0,0446579554382791
-7,5;38,5;0,0497064654185199
-7,5;39;0,0362970336856592
-7,5;39,5;0,0346344597283095
-7,5;40;0,0427215495168413
-7,5;40,5;0,0300029783768977
-7,5;41;0,0299987569067372
-7,5;41,5;0,0384038738244726
-7,5;42;0,0413866725730236
-7,5;42,5;0,0609657725150984
-7,5;43;0,0526563112511045
-7,5;43,5;0,0776411702732392
-7,5;44;0,0854182097843929
-7,5;44,5;0,0687186491641585
-7,5;45;0,0709449994707677
-7,5;45,5;0,0797238676313689
-7,5;46;0,0579725530006093
-7,5;46,5;0,0302402424219023
-7,5;47;0,0748669694924396
-7,5;47,5;0,0963936595204145
-7,5;48;0,0770954796584747
-7,5;48,5;0,0919317295873474
-7,5;49;0,165877100514952
-7,5;49,5;0,113545907238507
-7,5;50;0,0535663469315171
-7,5;50,5;0,0541013917930613
-7,5;51;0,042829468101919
-7,5;51,5;0,23468624158257
-7,5;52;0,25358052632908
-7,5;52,5;0,0430228738785274
-7,5;53;0,0787811812891661
-7,5;53,5;0,0518663268107961
-7,5;54;0,0434357718595051
-7,5;54,5;0,035907855932192
-7,5;55;0,0333099592113807
-7,5;55,5;0,0533234601606907
-7,5;56;0,19054788400155
-7,5;56,5;0,18158062542937
-7,5;57;0,34042015356377
-7,5;57,5;0,0413754327685114
-7,5;58;0,274991772892504
-7,5;58,5;0,112884528021632
-7,5;59;0,0219019855195133
-7,5;59,5;0,0344946999215654
-7,5;60;0,036364923481986
-7,5;60,5;0,164292949379204
-7,5;61;0,17737225202797
-7,5;61,5;0,181019335983756
-7,5;62;0
-7,5;62,5;0
-7,5;63;0,0806101730552664
-7,5;63,5;0,0438714029864558
-7,5;64;0,0532165387826003
-7,5;64,5;0,0556218451808197
-7,5;65;0,0578867618111642
-7,5;65,5;0,0372088699102781
-7,5;66;0,0629920629920945
-7,5;66,5;0,0527702567740579
-7,5;67;0,0314771441852752
-7,5;67,5;0,0690406934129342
-7,5;68;0,317867596049568
-7,5;68,5;0,24320729180431
-7,5;69;0,00919238815542513
-7,5;69,5;0,0318328970301689
-7,5;70;0,0462724848818697
-7,5;70,5;0
-7,5;71;0
-7,5;71,5;0,0399211027458466
-7,5;72;0,061744095534175
-7,5;72,5;0,0506117928098637
-7,5;73;0,123486648593896
-7,5;73,5;0
-7,5;74;0
-7,5;74,5;0,035421694321015
-7,5;75;0,0660807586719967
-7,5;75,5;0,0820375745397414
-7,5;76;0,121318353340057
-7;-22,5;0
-7;-22;0,0938489114578224
-7;-21;0
-7;-20,5;0,263616703252594
-7;-20;0,353852753648135
-7;-19,5;0
-7;-18,5;0
-7;-18;0,0666089968513148
-7;-17,5;0,0464793861118381
-7;-17;0,0268700576850888
-7;-16,5;0,0347599828863078
-7;-16;0,074700991260077
-7;-15,5;0,0445354287255069
-7;-15;0,0444348997687664
-7;-14,5;0,0400724245129891
-7;-14;0,0375981140726258
-7;-13,5;0,16008189868225
-7;-13;0,137732894952922
-7;-12,5;0,0805865958469486
-7;-12;0,0393304579255686
-7;-11,5;0,0354709344691992
-7;-11;0,0416009053703802
-7;-10,5;0,0314604092939233
-7;-10;0,035068937955928
-7;-9,5;0,0269452119020141
-7;-9;0,0449020982958764
-7;-8,5;0,0304761192764736
-7;-8;0,0456576937656733
-7;-7,5;0,0379337898274599
-7;-7;0,0594416194467225
-7;-6,5;0,202049090697153
-7;-6;0,0756743363234428
-7;-5,5;0,0617956879132641
-7;-5;0,0287157740451541
-7;-4,5;0,357050806034502
-7;-4;0,319568543004655
-7;-3,5;0,0549500842412339
-7;-3;0,0224178694251978
-7;-2,5;0,0246212730679418
-7;-2;0,0596827709733677
-7;-1,5;0,0375930396488051
-7;-1;0,0388127772391855
-7;-0,5;0,0407238323961599
-7;0;0,0643274137243414
-7;0,5;0,0491932332715926
-7;1;0,0260430725298352
-7;1,5;0,023710064393029
-7;2;0,0842395114039899
-7;2,5;0,0551392817500281
-7;3;0,0532519991389418
-7;3,5;0,0237187500223729
-7;4;0,0329722739498029
-7;4,5;0,362130110135386
-7;5;0,334552875230878
-7;5,5;0,0479417684828804
-7;6;0,0264399601107157
-7;6,5;0,0230915148941207
-7;7;0,148624116631313
-7;7,5;0,0379585766584877
-7;8;0,0316327125204362
-7;8,5;0,0297406735437389
-7;9;0,0386823950389633
-7;9,5;0,0344143237221648
-7;10;0,018784567826033
-7;10,5;0,0229532482722633
-7;11;0,0210308811810893
-7;11,5;0,0470746469086411
-7;12;0,261809652375796
-7;12,5;0,191308793163662
-7;13;0,146320942476745
-7;13,5;0,152187304010766
-7;14;0,0420940628445695
-7;14,5;0,0402985391601031
-7;15;0,0392430612611052
-7;15,5;0,0508702503157215
-7;16;0,0396916546767755
-7;16,5;0,255631312396699
-7;17;0,419683289331612
-7;17,5;0,293921019291871
-7;18;0,358981555171326
-7;18,5;0,118320530807675
-7;19;0,0865766540216519
-7;19,5;0,35405558242507
-7;20;0,327824093525389
-7;20,5;0,0259259809058402
-7;21;0,0645717292248387
-7;21,5;0,101918336838601
-7;22;0,134009978145003
-7;22,5;0,183787650395354
-7;23;0,0955776935292614
-7;23,5;0,196457471108921
-7;24;0,271441360457171
-7;24,5;0,190511644501736
-7;25;0,307958722904224
-7;25,5;0,217546128963988
-7;26;0,0291273490658835
-7;26,5;0,0205936908334821
-7;27;0,0290882651891991
-7;27,5;0,0278202234319619
-7;28;0,0284941462165354
-7;28,5;0,0358634044316692
-7;29;0,0325967230632792
-7;29,5;0,0311797179644656
-7;30;0,0312751860831757
-7;30,5;0,0433498988175169
-7;31;0,0602968448723284
-7;31,5;0,0452375185839485
-7;32;0,0516043799719861
-7;32,5;0,07424480018217
-7;33;0,0643286380787686
-7;33,5;0,0470255717201226
-7;34;0,377135230169655
-7;34,5;0,146530451312005
-7;35;0,0481146995109011
-7;35,5;0,0224579199425869
-7;36;0,0436624209452605
-7;36,5;0,0359187421276976
-7;37;0,141816678351039
-7;37,5;0,37051274105598
-7;38;0,0944238420016312
-7;38,5;0,104148015509732
-7;39;0,133778552080211
-7;39,5;0,0637753695332582
-7;40;0,0230910085936312
-7;40,5;0,0275468021067112
-7;41;0,0454583135337117
-7;41,5;0,0373983080039518
-7;42;0,0448576590553207
-7;42,5;0,0447029036128507
-7;43;0,0533156227898876
-7;43,5;0,0991815766867094
-7;44;0,115766005986757
-7;44,5;0,0813159530383908
-7;45;0,072811588713476
-7;45,5;0,0857428883823417
-7;46;0,0809017901098181
-7;46,5;0,0660154640686639
-7;47;0,0504263377014491
-7;47,5;0,0845363047050604
-7;48;0,0663031260010317
-7;48,5;0,323940155446615
-7;49;0,0697743153656542
-7;49,5;0,0476150410567025
-7;50;0,0543359592833991
-7;50,5;0,154896410498591
-7;51;0,0667614342933919
-7;51,5;0,122906267110549
-7;52;0,363782349717732
-7;52,5;0,111395469393394
-7;53;0,031427785248387
-7;53,5;0,0591701400020004
-7;54;0,0606894643327794
-7;54,5;0,037199121601018
-7;55;0,0368655434639067
-7;55,5;0,0582136356438276
-7;56;0,0489422330767833
-7;56,5;0,28412027049278
-7;57;0,177952691468835
-7;57,5;0,0811458347581651
-7;58;0,213898660783384
-7;58,5;0,277630162079972
-7;59;0,326692177664799
-7;59,5;0,0383805782013349
-7;60;0,0999287394906514
-7;60,5;0,130410400463382
-7;61;0,221169985382795
-7;61,5;0,194530887409847
-7;62;0
-7;62,5;0
-7;63;0,026827224977623
-7;63,5;0,0246644143115812
-7;64;0,00989949493661166
-7;64,5;0,0496026636625922
-7;65;0,0393250556261526
-7;65,5;0,0370169101085832
-7;66;0,0634214187264551
-7;66,5;0,0390437982504031
-7;67;0,0337868846067312
-7;67,5;0,0559690414143207
-7;68;0,067604240498162
-7;68,5;0,208766057266661
-7;69;0,0399544879971088
-7;69,5;0,0653165860272596
-7;70;0,0657647321898295
-7;70,5;0,0325269119345812
-7;71;0,0401131732310804
-7;71,5;0,0678454125199339
-7;72;0,0799030662740799
-7;72,5;0,0176436957579754
-7;73;0,0310471990915215
-7;73,5;0,0101488915650922
-7;74;0
-7;74,5;0,0766428853066732
-7;75;0,0853036736247096
-7;75,5;0,104957406326839
-7;76;0,0985224170768596
-6,5;-22,5;0
-6,5;-22;0,0636684118434461
-6,5;-21;0
-6,5;-20,5;0,342074770325009
-6,5;-20;0,405302804871079
-6,5;-19;0
-6,5;-18,5;0,0754297491632017
-6,5;-18;0,0796245606089849
-6,5;-17,5;0
-6,5;-17;0
-6,5;-16,5;0
-6,5;-16;0,0417193000900063
-6,5;-15,5;0,0944753419888091
-6,5;-15;0,0510654418156358
-6,5;-14,5;0,0228007675309407
-6,5;-14;0
-6,5;-13,5;0,170401495040962
-6,5;-13;0,0530541469828447
-6,5;-12,5;0,0347294303629261
-6,5;-12;0,0311206856612028
-6,5;-11,5;0,0413057703797746
-6,5;-11;0,0242241516633612
-6,5;-10,5;0,00709459888459759
-6,5;-10;0,0148492424049175
-6,5;-9,5;0
-6,5;-9;0,0375219804218584
-6,5;-8,5;0,0445424232897972
-6,5;-8;0,0430163923264101
-6,5;-7,5;0,036413089961817
-6,5;-7;0,103249363570408
-6,5;-6,5;0,0684086496782802
-6,5;-6;0,0356977162452578
-6,5;-5,5;0,0588993110266542
-6,5;-5;0,0288139786769002
-6,5;-4,5;0,0832597447084681
-6,5;-4;0,0243700240085117
-6,5;-3,5;0,0456042663292882
-6,5;-3;0,039043410724757
-6,5;-2,5;0,044201543309894
-6,5;-2;0,0452295820712465
-6,5;-1,5;0,0461327254211966
-6,5;-1;0,0347978292033068
-6,5;-0,5;0,068650017191675
-6,5;0;0,0569539588146209
-6,5;0,5;0,034201395149281
-6,5;1;0,0565580666558375
-6,5;1,5;0,0325876318030475
-6,5;2;0,0869175339219955
-6,5;2,5;0,0460414282841093
-6,5;3;0,0155848889083168
-6,5;3,5;0,0218459510484528
-6,5;4;0,0323980979709728
-6,5;4,5;0,335831653025074
-6,5;5;0,243097683994697
-6,5;5,5;0,0301003946132809
-6,5;6;0,014515127225117
-6,5;6,5;0,0260256061296739
-6,5;7;0,0336103725486217
-6,5;7,5;0,0513104337472254
-6,5;8;0,0691357170110551
-6,5;8,5;0,103107477950528
-6,5;9;0,0716815069042638
-6,5;9,5;0,011143757594875
-6,5;10;0,0217072707229835
-6,5;10,5;0,0862698836637452
-6,5;11;0,0848104600788148
-6,5;11,5;0,146423706852322
-6,5;12;0,256425459717214
-6,5;12,5;0,278587981767761
-6,5;13;0,163189576306595
-6,5;13,5;0,085193779466699
-6,5;14;0,0459858141993204
-6,5;14,5;0,0510144017940503
-6,5;15;0,0550212369940323
-6,5;15,5;0,0347251341550316
-6,5;16;0,209067508343956
-6,5;16,5;0,42706295947851
-6,5;17;0,38198516360982
-6,5;17,5;0,0873855623472586
-6,5;18;0,113332935504082
-6,5;18,5;0,0310533506984146
-6,5;19;0,0210286785685366
-6,5;19,5;0,120492571831131
-6,5;20;0,0446378807297076
-6,5;20,5;0,0208688949062204
-6,5;21;0,0480038971427682
-6,5;21,5;0,0590619737795807
-6,5;22;0,192651687749661
-6,5;22,5;0,176779118142625
-6,5;23;0,108573107216668
-6,5;23,5;0,10644961282002
-6,5;24;0,130250717222094
-6,5;24,5;0,32739468473849
-6,5;25;0,3852902093262
-6,5;25,5;0,0507957919813542
-6,5;26;0,01669190036704
-6,5;26,5;0,0278140323584985
-6,5;27;0,0213005529879929
-6,5;27,5;0,0265787213386518
-6,5;28;0,0315906169181236
-6,5;28,5;0,0233193804600207
-6,5;29;0,0272890955665831
-6,5;29,5;0,0243506354919478
-6,5;30;0,0285351888456517
-6,5;30,5;0,0403089074402694
-6,5;31;0,0396595297241508
-6,5;31,5;0,0404182795699791
-6,5;32;0,0517871154198158
-6,5;32,5;0,0997693855732894
-6,5;33;0,117822804755545
-6,5;33,5;0,0686191905198051
-6,5;34;0,0425945582975643
-6,5;34,5;0,0412914052351151
-6,5;35;0,0370127112724233
-6,5;35,5;0,0887084578859915
-6,5;36;0,371042269246734
-6,5;36,5;0,0502077211297643
-6,5;37;0,0765855503766173
-6,5;37,5;0,203675604954966
-6,5;38;0,367025688953347
-6,5;38,5;0,212862135188465
-6,5;39;0,280699164558702
-6,5;39,5;0,369048159152304
-6,5;40;0,0209913214775203
-6,5;40,5;0,0476028514828497
-6,5;41;0,0680565296314178
-6,5;41,5;0,0953637857017884
-6,5;42;0,0484749574580516
-6,5;42,5;0,0825179133923045
-6,5;43;0,107756664073695
-6,5;43,5;0,138270964374452
-6,5;44;0,136044408086698
-6,5;44,5;0,0626183075388052
-6,5;45;0,0611674647074631
-6,5;45,5;0,0399468375358832
-6,5;46;0,0696117919942726
-6,5;46,5;0,0670261734010832
-6,5;47;0,0974875579436881
-6,5;47,5;0,109671266645775
-6,5;48;0,123052280369999
-6,5;48,5;0,289030372499338
-6,5;49;0,335325861832693
-6,5;49,5;0,0333698921048234
-6,5;50;0,024049862885831
-6,5;50,5;0,0471916113231124
-6,5;51;0,0311624096818394
-6,5;51,5;0,0223752891666699
-6,5;52;0,0251472370299717
-6,5;52,5;0,0197293373747512
-6,5;53;0,0196359247521847
-6,5;53,5;0,048925329834373
-6,5;54;0,0420751355022506
-6,5;54,5;0,0410621492635864
-6,5;55;0,036139882222027
-6,5;55,5;0,040993830829708
-6,5;56;0,0462119078326346
-6,5;56,5;0,0766267956237251
-6,5;57;0,0449168776732333
-6,5;57,5;0,126419684094662
-6,5;58;0,205389264227573
-6,5;58,5;0,241635576329835
-6,5;59;0,0625442245723758
-6,5;59,5;0,0846298802870548
-6,5;60;0,0882193278232571
-6,5;60,5;0,110986302407252
-6,5;61;0,146110025669492
-6,5;61,5;0,259856794353022
-6,5;62;0
-6,5;62,5;0,0277950834981057
-6,5;63;0,0344601218802256
-6,5;63,5;0,0226274169979695
-6,5;64;0,00282842712474619
-6,5;64,5;0,0631347764706584
-6,5;65;0,0448030822206529
-6,5;65,5;0,0637432349351678
-6,5;66;0,0169386146619689
-6,5;66,5;0,0406164478177663
-6,5;67;0,0615670366348747
-6,5;67,5;0,0512946669464074
-6,5;68;0
-6,5;68,5;0
-6,5;69;0
-6,5;69,5;0,0466690475583121
-6,5;70;0,0562427773140694
-6,5;70,5;0,0512567068782223
-6,5;71;0,0510025225840989
-6,5;71,5;0,0583583755771183
-6,5;72;0,0290568408468643
-6,5;72,5;0,0583881344317854
-6,5;73;0
-6,5;73,5;0
-6,5;74;0
-6,5;74,5;0,0840019841035516
-6,5;75;0,0930324674508851
-6,5;75,5;0,0972142276655329
-6,5;76;0,0975187030056155
-6,5;76,5;0,0190918830920368
-6;-21,5;0
-6;-21;0
-6;-20,5;0,0208374662567213
-6;-20;0
-6;-19,5;0
-6;-19;0,0450695890500774
-6;-18,5;0,132070440067417
-6;-18;0,0624597324827619
-6;-17,5;0
-6;-17;0
-6;-16,5;0
-6;-16;0,163811629623785
-6;-15,5;0,163368030814059
-6;-15;0,15478030457641
-6;-14,5;0,0452364160089339
-6;-14;0,0680960551520624
-6;-13,5;0,0864795280780125
-6;-13;0,0349553570161568
-6;-12,5;0,0295282505817324
-6;-12;0,0410773758467068
-6;-11,5;0,0169705627484771
-6;-11;0,0370255849298014
-6;-10,5;0,031744815849731
-6;-10;0,015556349186104
-6;-9,5;0
-6;-9;0
-6;-8,5;0,0820667846504123
-6;-8;0,0507925705954468
-6;-7,5;0,0253286963174747
-6;-7;0,0569712182068963
-6;-6,5;0,0438812384485021
-6;-6;0,0276271204631919
-6;-5,5;0,0260102543880934
-6;-5;0,020814443870974
-6;-4,5;0,0201765972165625
-6;-4;0,0358101916297777
-6;-3,5;0,0522673424589322
-6;-3;0,0487016049805714
-6;-2,5;0,038238973760015
-6;-2;0,0194940866343124
-6;-1,5;0,0251969753654594
-6;-1;0,0220927033675723
-6;-0,5;0,0609659915881454
-6;0;0,0577982891460642
-6;0,5;0,0310025719648957
-6;1;0,233575197361149
-6;1,5;0,0443480220395851
-6;2;0,0631916847650351
-6;2,5;0,0432399388030592
-6;3;0,0425538423872123
-6;3,5;0,0298519027910495
-6;4;0,0204391218764709
-6;4,5;0,0295248482920178
-6;5;0,0315539002753943
-6;5,5;0,090823929050412
-6;6;0,0465951738588645
-6;6,5;0,0286538845191924
-6;7;0,0313872221373383
-6;7,5;0,0422859538234188
-6;8;0,0743390931496216
-6;8,5;0,0815569060571809
-6;9;0,0621932018199504
-6;9,5;0,0224786718085057
-6;10;0,0534708250511684
-6;10,5;0,0739733467027751
-6;11;0,0994331973930319
-6;11,5;0,153068736247899
-6;12;0,293642654965907
-6;12,5;0,209133746893312
-6;13;0,310423559170618
-6;13,5;0,0924354696631356
-6;14;0,057919374940654
-6;14,5;0,0666435059812264
-6;15;0,0678153934081984
-6;15,5;0,0544128176318658
-6;16;0,162643470357556
-6;16,5;0,299647692811346
-6;17;0,421956140189591
-6;17,5;0,224442182968313
-6;18;0,263374281821384
-6;18,5;0,370397198131413
-6;19;0,0334371035982469
-6;19,5;0,0898146859098099
-6;20;0,191207354411258
-6;20,5;0,0957999476796829
-6;21;0,0844310258491334
-6;21,5;0,0828684679400036
-6;22;0,27850330089174
-6;22,5;0,237296202496581
-6;23;0,223776299631792
-6;23,5;0,271730141068703
-6;24;0,0582012426434472
-6;24,5;0,0957102667660124
-6;25;0,111891224296841
-6;25,5;0,0525184650249187
-6;26;0,0316645294334595
-6;26,5;0,0461304166598315
-6;27;0,0459707237637792
-6;27,5;0,0518158821431263
-6;28;0,0202907036343091
-6;28,5;0,0352749445844095
-6;29;0,0444774741904682
-6;29,5;0,0316414991114425
-6;30;0,115941315148451
-6;30,5;0,0882445393930125
-6;31;0,0276761725597441
-6;31,5;0,0256427483948231
-6;32;0,161905233982813
-6;32,5;0,234301895067105
-6;33;0,0434332271654746
-6;33,5;0,0171658287987155
-6;34;0,0299111980816511
-6;34,5;0,0390368250511451
-6;35;0,0368875954663142
-6;35,5;0,0400208171775657
-6;36;0,351286491472287
-6;36,5;0,0375805757372645
-6;37;0,0451384283683594
-6;37,5;0,0206170268892682
-6;38;0,144767794952626
-6;38,5;0,141720735007326
-6;39;0,0745413871441183
-6;39,5;0,0426338133227746
-6;40;0,0279356056530159
-6;40,5;0,0317593645140633
-6;41;0,0787126175522009
-6;41,5;0,0983421805992043
-6;42;0,0420189017072852
-6;42,5;0,0317635593744643
-6;43;0,0706142711638631
-6;43,5;0,0716766266169039
-6;44;0,062317754912381
-6;44,5;0,0586532599960155
-6;45;0,0622708745180293
-6;45,5;0,102916601803646
-6;46;0,0288727446970008
-6;46,5;0,0373977271411635
-6;47;0,0571605454883551
-6;47,5;0,0513576503300402
-6;48;0,0656701139656827
-6;48,5;0,161276823051556
-6;49;0,120434211571614
-6;49,5;0,021338977132939
-6;50;0,0182748974301277
-6;50,5;0,0715756893367385
-6;51;0,0695790257712472
-6;51,5;0,0174942407573072
-6;52;0,01380344769236
-6;52,5;0,0476928641958017
-6;53;0,0687629483376862
-6;53,5;0,040351966645025
-6;54;0,0439757281823001
-6;54,5;0,03167759045196
-6;55;0,0427064367497025
-6;55,5;0,0376754346404941
-6;56;0,0310465284472952
-6;56,5;0,0650172573244981
-6;57;0,0641798786083444
-6;57,5;0,12620859812364
-6;58;0,0957573372741952
-6;58,5;0,177307029142346
-6;59;0,0487982390127519
-6;59,5;0,0958780636683048
-6;60;0,0981520263092936
-6;60,5;0,0636024278401422
-6;61;0,0925857482786294
-6;61,5;0,123083305122994
-6;62;0
-6;62,5;0,0529393183614167
-6;63;0,0570847323429537
-6;63,5;0,0753935826691656
-6;64;0,0473190426821645
-6;64,5;0,0436143334700143
-6;65;0,074583457899136
-6;65,5;0,228350689621023
-6;66;0
-6;66,5;0,0533377602329407
-6;67;0,0330951010617238
-6;67,5;0,038418022391118
-6;68;0,00919238815542512
-6;68,5;0
-6;69;0,0358287593980032
-6;69,5;0,0376342043005207
-6;70;0
-6;70,5;0,049295030175465
-6;71;0,079884639046287
-6;71,5;0,0373396572024972
-6;72;0,0497520638480743
-6;72,5;0,0794932942047907
-6;73;0,015556349186104
-6;73,5;0
-6;74;0
-6;74,5;0
-6;75;0,0513682433860788
-6;75,5;0
-6;76;0,0498029450267083
-6;76,5;0
-5,5;-23;0
-5,5;-21;0
-5,5;-20,5;0
-5,5;-20;0
-5,5;-19,5;0
-5,5;-19;0,0272360055808483
-5,5;-18,5;0,0268700576850888
-5,5;-18;0,243121705618174
-5,5;-17,5;0,0459601276470522
-5,5;-17;0,0241850504788943
-5,5;-16,5;0
-5,5;-16;0,110635738650161
-5,5;-15,5;0,15424351168667
-5,5;-15;0,109899506093729
-5,5;-14,5;0
-5,5;-14;0,266317166801792
-5,5;-13,5;0,0814523959240726
-5,5;-13;0,0363013839431843
-5,5;-12,5;0,0718038222442851
-5,5;-12;0,0722430619506123
-5,5;-11,5;0
-5,5;-11;0,0420353026237075
-5,5;-10,5;0,0317846100795416
-5,5;-10;0,0229274217186902
-5,5;-9,5;0
-5,5;-9;0,014142135623731
-5,5;-8,5;0,0646303242569564
-5,5;-8;0,0414702401960467
-5,5;-7,5;0,0268070447281834
-5,5;-7;0,268896864633123
-5,5;-6,5;0,0816694005888472
-5,5;-6;0,0553901232854356
-5,5;-5,5;0,024593667576197
-5,5;-5;0,0240703663341669
-5,5;-4,5;0,0301372676591755
-5,5;-4;0,0347434179049687
-5,5;-3,5;0,0236402682028304
-5,5;-3;0,106565267505084
-5,5;-2,5;0,0767042174179293
-5,5;-2;0,0194596542640959
-5,5;-1,5;0,0410780603161526
-5,5;-1;0,0753498715674811
-5,5;-0,5;0,053170502877419
-5,5;0;0,0307226895476975
-5,5;0,5;0,196099081402173
-5,5;1;0,185672672322787
-5,5;1,5;0,327053481820699
-5,5;2;0,0574954255623597
-5,5;2,5;0,0367670153383733
-5,5;3;0,034369531092755
-5,5;3,5;0,0250225094743145
-5,5;4;0,0221212567454926
-5,5;4,5;0,0344731959596064
-5,5;5;0,0257318590744736
-5,5;5,5;0,0278665930559695
-5,5;6;0,044967732538977
-5,5;6,5;0,0493103167211228
-5,5;7;0,0226039380756745
-5,5;7,5;0,0342671605478338
-5,5;8;0,107440082603571
-5,5;8,5;0,135010381704683
-5,5;9;0,126587448322609
-5,5;9,5;0,0752723607396269
-5,5;10;0,0365892399345982
-5,5;10,5;0,0354532828057994
-5,5;11;0,0395109968302929
-5,5;11,5;0,036878000414889
-5,5;12;0,0767963838536865
-5,5;12,5;0,199992923428524
-5,5;13;0,273145118545296
-5,5;13,5;0,102360869569614
-5,5;14;0,214174162221042
-5,5;14,5;0,265266769894999
-5,5;15;0,18646006550228
-5,5;15,5;0,111643339531331
-5,5;16;0,204070553078118
-5,5;16,5;0,275196081609701
-5,5;17;0,232212905182579
-5,5;17,5;0,390821570636733
-5,5;18;0,188077825972929
-5,5;18,5;0,419575676484995
-5,5;19;0,097228755991916
-5,5;19,5;0,249360469702998
-5,5;20;0,244926657779741
-5,5;20,5;0,0667510586922068
-5,5;21;0,0736504634066009
-5,5;21,5;0,0881950152462468
-5,5;22;0,133359736071621
-5,5;22,5;0,111585132444039
-5,5;23;0,185853439855696
-5,5;23,5;0,211216125555473
-5,5;24;0,124751828005463
-5,5;24,5;0,0397698636806381
-5,5;25;0,031920556354905
-5,5;25,5;0,0272317360478932
-5,5;26;0,0317632205265433
-5,5;26,5;0,0320924346065293
-5,5;27;0,0625024418082509
-5,5;27,5;0,0542236458898229
-5,5;28;0,0355751460330669
-5,5;28,5;0,360857208815057
-5,5;29;0,305760876107952
-5,5;29,5;0,0326922818643612
-5,5;30;0,0941876359134563
-5,5;30,5;0,0603105165545748
-5,5;31;0,016869030739965
-5,5;31,5;0,027516874835187
-5,5;32;0,204541716293246
-5,5;32,5;0,283494388354878
-5,5;33;0,0942875791605002
-5,5;33,5;0,0539422108455426
-5,5;34;0,018628182260004
-5,5;34,5;0,0307236704388269
-5,5;35;0,0383082501704532
-5,5;35,5;0,0393927101278166
-5,5;36;0,0281415037904688
-5,5;36,5;0,0159193781667351
-5,5;37;0,0970148532283614
-5,5;37,5;0,0512034964274711
-5,5;38;0,0752123491591621
-5,5;38,5;0,0427681501169091
-5,5;39;0,0656689250922556
-5,5;39,5;0,0513007696174
-5,5;40;0,0228861288938618
-5,5;40,5;0,0584396381264277
-5,5;41;0,0402329834032133
-5,5;41,5;0,0287865555857829
-5,5;42;0,0295357138860464
-5,5;42,5;0,0586439348402924
-5,5;43;0,0814235931230439
-5,5;43,5;0,111584601725216
-5,5;44;0,0766270377067505
-5,5;44,5;0,0641366473609771
-5,5;45;0,0752751937411294
-5,5;45,5;0,0674395527981034
-5,5;46;0,149696290952647
-5,5;46,5;0,388811076179038
-5,5;47;0,0368648250870372
-5,5;47,5;0,0517280775111399
-5,5;48;0,0849705964994342
-5,5;48,5;0,0713347948774875
-5,5;49;0,0312018894196794
-5,5;49,5;0,0167367080757755
-5,5;50;0,0129509684235858
-5,5;50,5;0,0604408003146809
-5,5;51;0,0688487608934526
-5,5;51,5;0,0118887181144192
-5,5;52;0,0217759351641782
-5,5;52,5;0,0705836558543344
-5,5;53;0,0769429645857143
-5,5;53,5;0,0399100591394303
-5,5;54;0,0170711257195691
-5,5;54,5;0,0341589673665114
-5,5;55;0,0362801930482017
-5,5;55,5;0,04245549532684
-5,5;56;0,0685788928567278
-5,5;56,5;0,0549824293414984
-5,5;57;0,0455248778217361
-5,5;57,5;0,084605170066168
-5,5;58;0,062787157274749
-5,5;58,5;0,0297354353472119
-5,5;59;0,0423588133010011
-5,5;59,5;0,0639916479914233
-5,5;60;0,0833574368649958
-5,5;60,5;0,0969509041823859
-5,5;61;0,187396317026302
-5,5;61,5;0,183257560098713
-5,5;62;0,0403050865276332
-5,5;62,5;0,0218997716883076
-5,5;63;0
-5,5;63,5;0,0369161211396864
-5,5;64;0,0595970883896476
-5,5;64,5;0,075514880488161
-5,5;65;0,0406722173102862
-5,5;65,5;0,360212589735453
-5,5;66;0,177993736991399
-5,5;66,5;0,0601670074298929
-5,5;67;0
-5,5;67,5;0,0475604878023765
-5,5;68;0
-5,5;68,5;0
-5,5;69;0,0417190147352043
-5,5;69,5;0
-5,5;70;0,0579827560572969
-5,5;70,5;0,0755658393616545
-5,5;71;0,0771377682728613
-5,5;71,5;0
-5,5;72;0,00424264068711929
-5,5;72,5;0,0596788628131156
-5,5;73;0,060786104904415
-5,5;73,5;0,074072262014873
-5,5;74;0,0546049121285936
-5,5;74,5;0
-5,5;75;0,0664680374315355
-5,5;75,5;0
-5,5;76;0,0806101730552664
-5,5;76,5;0,0693104930327612
-5;-23,5;0
-5;-23;0
-5;-22,5;0,305560060461852
-5;-21;0
-5;-20,5;0
-5;-20;0
-5;-19,5;0
-5;-19;0,0375099986670221
-5;-18,5;0
-5;-18;0,201195969596357
-5;-17,5;0,0424452588636234
-5;-17;0,0555976618213392
-5;-16,5;0,0415812457725836
-5;-16;0,05850993153228
-5;-15,5;0,144054561422631
-5;-15;0,119464839287913
-5;-14,5;0,0328049792968486
-5;-14;0,0684482773097078
-5;-13,5;0,0663317345979911
-5;-13;0,0491201921546621
-5;-12,5;0,0487886598845811
-5;-12;0,0311126983722081
-5;-11,5;0
-5;-11;0
-5;-10,5;0
-5;-10;0,0397788477101361
-5;-9,5;0,0295552892215208
-5;-9;0,0458403367198392
-5;-8,5;0,059467394599126
-5;-8;0,0545796029237267
-5;-7,5;0,0433283806693554
-5;-7;0,192969498979066
-5;-6,5;0,0623996649817329
-5;-6;0,0726275011330863
-5;-5,5;0,165656012924633
-5;-5;0,051245938560356
-5;-4,5;0,138916871217443
-5;-4;0,347844897048379
-5;-3,5;0,045180477091373
-5;-3;0,0596828222413052
-5;-2,5;0,0827100513063282
-5;-2;0,0209410781618033
-5;-1,5;0,0983571444728468
-5;-1;0,191326857255529
-5;-0,5;0,115583427797901
-5;0;0,110743828820381
-5;0,5;0,0746995527992357
-5;1;0,267201138679475
-5;1,5;0,123604189218192
-5;2;0,0361963831240154
-5;2,5;0,0895505051644412
-5;3;0,0444229670328311
-5;3,5;0,0398139041776361
-5;4;0,0332446551043426
-5;4,5;0,0410327591678889
-5;5;0,0339846850129142
-5;5,5;0,0719364120869716
-5;6;0,105890679892776
-5;6,5;0,0528288811756837
-5;7;0,0640982845530567
-5;7,5;0,026786457867155
-5;8;0,073967046493301
-5;8,5;0,179525533225471
-5;9;0,18082040920669
-5;9,5;0,0929116904991237
-5;10;0,0458901566115131
-5;10,5;0,0265514107058047
-5;11;0,0309398599080454
-5;11,5;0,0469924925133481
-5;12;0,0931833000621266
-5;12,5;0,11740811599919
-5;13;0,23139238048509
-5;13,5;0,184245664470112
-5;14;0,0937196518372527
-5;14,5;0,301249187326728
-5;15;0,0448060713923174
-5;15,5;0,0924809277901417
-5;16;0,18392680639372
-5;16,5;0,0851690944864825
-5;17;0,0832491241195165
-5;17,5;0,394280686192124
-5;18;0,109335497348264
-5;18,5;0,408391087552308
-5;19;0,278297927938168
-5;19,5;0,271345566882281
-5;20;0,324648814090582
-5;20,5;0,0293558836438163
-5;21;0,0502341994401068
-5;21,5;0,0503698923010579
-5;22;0,0587528396644532
-5;22,5;0,0876039500600042
-5;23;0,0984062469529968
-5;23,5;0,056133037734011
-5;24;0,0536359705983553
-5;24,5;0,0251455625011878
-5;25;0,049240464948108
-5;25,5;0,107741078234612
-5;26;0,0911936487260671
-5;26,5;0,0439863098536971
-5;27;0,0718363124091633
-5;27,5;0,107466759337906
-5;28;0,083669048277703
-5;28,5;0,378933255563719
-5;29;0,32977751370143
-5;29,5;0,0369707149783312
-5;30;0,0278901625921272
-5;30,5;0,0241682498844493
-5;31;0,0293985645994101
-5;31,5;0,0162742834018009
-5;32;0,0397681739942287
-5;32,5;0,121677374464065
-5;33;0,170125283233517
-5;33,5;0,0600141451054007
-5;34;0,0389290095495058
-5;34,5;0,0397587925389896
-5;35;0,066513998294434
-5;35,5;0,238088898208494
-5;36;0,345257483351356
-5;36,5;0,0890776886879825
-5;37;0,0890917183874001
-5;37,5;0,106814645629051
-5;38;0,0606149616395276
-5;38,5;0,0600527688915873
-5;39;0,0174457141205647
-5;39,5;0,0163050243332703
-5;40;0,0214773366126368
-5;40,5;0,0275785741453911
-5;41;0,0403677833684347
-5;41,5;0,0285053770671277
-5;42;0,0227681299140521
-5;42,5;0,0206240303387366
-5;43;0,0493595068578309
-5;43,5;0,0890227013678505
-5;44;0,0935141807869851
-5;44,5;0,0610899779926346
-5;45;0,055966061014811
-5;45,5;0,0616670237168371
-5;46;0,0854015190492415
-5;46,5;0,127393002315545
-5;47;0,0482360558040418
-5;47,5;0,0420823883645917
-5;48;0,0484765584253856
-5;48,5;0,0840255596688363
-5;49;0,0293656243456748
-5;49,5;0,0425954464708382
-5;50;0,0317580946622523
-5;50,5;0,210813331811736
-5;51;0,0628178122468413
-5;51,5;0,0173867931041053
-5;52;0,0178334524612849
-5;52,5;0,0284108935054649
-5;53;0,0481940292591668
-5;53,5;0,0184536048416635
-5;54;0,0327983153212428
-5;54,5;0,0241433016209029
-5;55;0,0336835100564313
-5;55,5;0,048278927817637
-5;56;0,0563066682768648
-5;56,5;0,0452885583909089
-5;57;0,0517540522006917
-5;57,5;0,0601861230100849
-5;58;0,034794242711154
-5;58,5;0,0284111308139037
-5;59;0,113227493083056
-5;59,5;0,118068099896883
-5;60;0,0907589297718596
-5;60,5;0,157888598155818
-5;61;0,18650230086555
-5;61,5;0,155201436124956
-5;62;0,192047365189399
-5;62,5;0,332420033137855
-5;63;0,24229414880565
-5;63,5;0,053199794941505
-5;64;0,0393446552143921
-5;64,5;0,0619638769636322
-5;65;0,0343217175497745
-5;65,5;0,0537639548538801
-5;66;0,140831928678502
-5;66,5;0,0763058505508118
-5;67;0,0625486477338506
-5;67,5;0,0665820571150391
-5;68;0,25739127154328
-5;68,5;0,198145929869401
-5;69;0
-5;69,5;0
-5;70;0
-5;70,5;0,0631191277783365
-5;71;0,0482688918248966
-5;71,5;0,11921982497331
-5;72;0,0427866801703521
-5;72,5;0,070026383916667
-5;73;0,065075414127069
-5;73,5;0,0835411674964306
-5;74;0,0830606204327097
-5;74,5;0
-5;76;0,0424264068711928
-5;76,5;0,0695990138383636
-4,5;-23,5;0
-4,5;-23;0,213601542708893
-4,5;-22,5;0,316690895823148
-4,5;-21;0
-4,5;-20,5;0
-4,5;-20;0,135923374135443
-4,5;-19,5;0,0711430483837552
-4,5;-19;0
-4,5;-18,5;0
-4,5;-18;0
-4,5;-17,5;0
-4,5;-17;0,322786431940937
-4,5;-16,5;0,369517650617189
-4,5;-16;0,140453055849404
-4,5;-15,5;0,0899557029322126
-4,5;-15;0,0828531453686521
-4,5;-14,5;0,0690695016567609
-4,5;-14;0,0837921051359666
-4,5;-13,5;0,0773004893015465
-4,5;-13;0,0258134331953991
-4,5;-12,5;0,0943780223945761
-4,5;-12;0,0615201655494422
-4,5;-11,5;0,0148492424049175
-4,5;-11;0
-4,5;-10,5;0
-4,5;-10;0,353052698583665
-4,5;-9,5;0,0634939690413804
-4,5;-9;0,0508969842230657
-4,5;-8,5;0,0785769443433389
-4,5;-8;0,0676226159048745
-4,5;-7,5;0,0390922417751063
-4,5;-7;0,0445910769735186
-4,5;-6,5;0,0512390469532182
-4,5;-6;0,067654040525731
-4,5;-5,5;0,179476652820257
-4,5;-5;0,363064331108954
-4,5;-4,5;0,253287323093656
-4,5;-4;0,29157009145811
-4,5;-3,5;0,0625623366808314
-4,5;-3;0,0638436342926731
-4,5;-2,5;0,0848842943915035
-4,5;-2;0,138559568227418
-4,5;-1,5;0,0926701755768351
-4,5;-1;0,276631872073806
-4,5;-0,5;0,0651252019156221
-4,5;0;0,0492112372103018
-4,5;0,5;0,0592481284212883
-4,5;1;0,120334966371594
-4,5;1,5;0,118772779459335
-4,5;2;0,194653005530311
-4,5;2,5;0,289899754926313
-4,5;3;0,308420989252629
-4,5;3,5;0,0377542966376087
-4,5;4;0,0250859482556681
-4,5;4,5;0,0130230247467214
-4,5;5;0,0154924357264535
-4,5;5,5;0,047019947704072
-4,5;6;0,0329428575376378
-4,5;6,5;0,0467565142557094
-4,5;7;0,0320098555759705
-4,5;7,5;0,0575397203806866
-4,5;8;0,0937229013176873
-4,5;8,5;0,132013550101754
-4,5;9;0,21639160788125
-4,5;9,5;0,0728669217959083
-4,5;10;0,0510196972171752
-4,5;10,5;0,0848553444196889
-4,5;11;0,0309805124031274
-4,5;11,5;0,025340442311233
-4,5;12;0,0891374646448158
-4,5;12,5;0,200833929105343
-4,5;13;0,0863055618138252
-4,5;13,5;0,0424298675924383
-4,5;14;0,0393033130056887
-4,5;14,5;0,0441640562623749
-4,5;15;0,053036899329617
-4,5;15,5;0,0438853759393262
-4,5;16;0,152275090153421
-4,5;16,5;0,141635064859646
-4,5;17;0,127590285647989
-4,5;17,5;0,321890650308925
-4,5;18;0,146860123477303
-4,5;18,5;0,130503377514529
-4,5;19;0,177064053949699
-4,5;19,5;0,0901581301367329
-4,5;20;0,0859874657011304
-4,5;20,5;0,0431379058551598
-4,5;21;0,0857921771398897
-4,5;21,5;0,11133684385787
-4,5;22;0,120236390627408
-4,5;22,5;0,119590049704024
-4,5;23;0,0257826511057187
-4,5;23,5;0,032516879925757
-4,5;24;0,054729277116587
-4,5;24,5;0,0449552057892824
-4,5;25;0,0331563515587659
-4,5;25,5;0,0563434873565092
-4,5;26;0,0437645029576291
-4,5;26,5;0,03956813520242
-4,5;27;0,126883744317092
-4,5;27,5;0,370070536764224
-4,5;28;0,293310341163454
-4,5;28,5;0,110292693681165
-4,5;29;0,025977246621373
-4,5;29,5;0,329458698088163
-4,5;30;0,0243026776216378
-4,5;30,5;0,0218165278303184
-4,5;31;0,0244950117828283
-4,5;31,5;0,0213911718100005
-4,5;32;0,0245438893976773
-4,5;32,5;0,0928174746818932
-4,5;33;0,152440921905183
-4,5;33,5;0,0221304367894761
-4,5;34;0,042538063951745
-4,5;34,5;0,0431503259406502
-4,5;35;0,0584218204206924
-4,5;35,5;0,121821774031161
-4,5;36;0,337265182466813
-4,5;36,5;0,132822906169015
-4,5;37;0,0511622950773364
-4,5;37,5;0,146305802886559
-4,5;38;0,111489057412288
-4,5;38,5;0,101978794635769
-4,5;39;0,0460866741516603
-4,5;39,5;0,0418393947075594
-4,5;40;0,0490094330111678
-4,5;40,5;0,0567283553992737
-4,5;41;0,056699401346241
-4,5;41,5;0,0493124334904219
-4,5;42;0,0173586158536914
-4,5;42,5;0,0235526254000307
-4,5;43;0,0548788891147021
-4,5;43,5;0,0500335838539909
-4,5;44;0,0518400314582164
-4,5;44,5;0,052076116326832
-4,5;45;0,0487056122404741
-4,5;45,5;0,0460671499969944
-4,5;46;0,0574405629796425
-4,5;46,5;0,0335031917329434
-4,5;47;0,0239289307610038
-4,5;47,5;0,0396684521861683
-4,5;48;0,0562071698944098
-4,5;48,5;0,057930120658875
-4,5;49;0,0520230746866242
-4,5;49,5;0,0369843624688447
-4,5;50;0,0427659274486739
-4,5;50,5;0,330106844493586
-4,5;51;0,257012266576862
-4,5;51,5;0,0447473009575154
-4,5;52;0,0217688288187583
-4,5;52,5;0,0214572031640836
-4,5;53;0,0251699123582997
-4,5;53,5;0,0210374808704505
-4,5;54;0,0238559505517265
-4,5;54,5;0,0385048594491089
-4,5;55;0,0355904053341158
-4,5;55,5;0,0728146906849889
-4,5;56;0,0762949693524078
-4,5;56,5;0,0413463854945801
-4,5;57;0,0656578774240131
-4,5;57,5;0,0173525232428336
-4,5;58;0,0311452437161816
-4,5;58,5;0,032214659208391
-4,5;59;0,110501866467132
-4,5;59,5;0,293600033006543
-4,5;60;0,320724766130956
-4,5;60,5;0,0672457475684354
-4,5;61;0,0917197792344339
-4,5;61,5;0,107409362703087
-4,5;62;0,139973466873445
-4,5;62,5;0,398208997634535
-4,5;63;0,293075126691191
-4,5;63,5;0,0342946788875476
-4,5;64;0,0389425626465936
-4,5;64,5;0,0385170534412629
-4,5;65;0,030181396035748
-4,5;65,5;0,0373668197841243
-4,5;66;0,0674158852741814
-4,5;66,5;0,063664625507913
-4,5;67;0,0671565335615233
-4,5;67,5;0,0532063969590298
-4,5;68;0,068987140901447
-4,5;68,5;0,14974106279136
-4,5;69;0,0487571165088381
-4,5;69,5;0
-4,5;70;0
-4,5;70,5;0,0730821455623738
-4,5;71;0,100484451533558
-4,5;71,5;0,0650913111550135
-4,5;72;0,057837194137
-4,5;72,5;0,0670606069164305
-4,5;73;0,128479275130003
-4,5;73,5;0,285012703034966
-4,5;74;0,0933380951166243
-4,5;75;0
-4,5;75,5;0,109949837047022
-4,5;76;0,114870527530947
-4,5;76,5;0,117147529517332
-4;-23,5;0
-4;-23;0
-4;-22,5;0,0272274371422162
-4;-22;0
-4;-21,5;0
-4;-21;0
-4;-20,5;0,0608111831820431
-4;-20;0,0467787344848062
-4;-19,5;0
-4;-18,5;0
-4;-18;0
-4;-17,5;0,144182754401026
-4;-17;0,231436030278587
-4;-16,5;0,136474639717134
-4;-16;0,158011667898666
-4;-15,5;0,0786279714525107
-4;-15;0,0534631924273464
-4;-14,5;0,0442489312236861
-4;-14;0,0307756563803443
-4;-13,5;0,0215264694942968
-4;-13;0
-4;-12,5;0,0184282391996631
-4;-12;0,0659838446411179
-4;-11,5;0,00789514618821801
-4;-11;0,0536031291488235
-4;-10,5;0,206189370613306
-4;-10;0,342621514207736
-4;-9,5;0,137822903434263
-4;-9;0,0338822763970509
-4;-8,5;0,0335155337909305
-4;-8;0,0428757281365705
-4;-7,5;0,155011735111283
-4;-7;0,0601076251503544
-4;-6,5;0,0487340050267015
-4;-6;0,0177360710080915
-4;-5,5;0,384331930681249
-4;-5;0,281150168444049
-4;-4,5;0,386260212046395
-4;-4;0,303883267654473
-4;-3,5;0,0572611505073878
-4;-3;0,105454181441996
-4;-2,5;0,0521337459351798
-4;-2;0,0968465800290323
-4;-1,5;0,262491114291505
-4;-1;0,367091064620917
-4;-0,5;0,205196342102229
-4;0;0,051051598432168
-4;0,5;0,0804477974169815
-4;1;0,104512492827531
-4;1,5;0,284144624772518
-4;2;0,365879434285376
-4;2,5;0,299197710736885
-4;3;0,14965516147254
-4;3,5;0,0468567508094483
-4;4;0,027884539097162
-4;4,5;0,0234802713037109
-4;5;0,021556776848573
-4;5,5;0,0462008505878552
-4;6;0,063926156176687
-4;6,5;0,0437585568176767
-4;7;0,0609668292596265
-4;7,5;0,0691039102600073
-4;8;0,0765438422057211
-4;8,5;0,0774395996748184
-4;9;0,262477840334506
-4;9,5;0,0854066539501142
-4;10;0,125251315956202
-4;10,5;0,205613010493095
-4;11;0,0927513605077201
-4;11,5;0,027624753342703
-4;12;0,0365664420363206
-4;12,5;0,150230051319832
-4;13;0,124085291248126
-4;13,5;0,026723713490926
-4;14;0,0304094057147269
-4;14,5;0,0546456211197478
-4;15;0,0776712656691491
-4;15,5;0,0361838145664352
-4;16;0,197168558866605
-4;16,5;0,163843723414964
-4;17;0,239688843002871
-4;17,5;0,358099958872786
-4;18;0,10323828702358
-4;18,5;0,124532267482198
-4;19;0,0967568521074971
-4;19,5;0,0815342877729647
-4;20;0,256574307657918
-4;20,5;0,326969163092554
-4;21;0,0704827538837787
-4;21,5;0,112917429424197
-4;22;0,156006037973847
-4;22,5;0,0715401984900797
-4;23;0,0433502412607698
-4;23,5;0,0242282548552993
-4;24;0,0903270028118657
-4;24,5;0,0490447130542481
-4;25;0,114593628162474
-4;25,5;0,0232928577357502
-4;26;0,0304455425957726
-4;26,5;0,0395110105267391
-4;27;0,0654669531018543
-4;27,5;0,231075488127803
-4;28;0,250251030130212
-4;28,5;0,0204182396225487
-4;29;0,0215218609066552
-4;29,5;0,266916404892263
-4;30;0,0662782695082559
-4;30,5;0,0409257676488609
-4;31;0,0212849309071058
-4;31,5;0,024199959019158
-4;32;0,0256380961615701
-4;32,5;0,0914944686588294
-4;33;0,0965301902218681
-4;33,5;0,0295310259101446
-4;34;0,0507028453006153
-4;34,5;0,0361442087074604
-4;35;0,0352527650233556
-4;35,5;0,0585536543758914
-4;36;0,0465501077873511
-4;36,5;0,0426185503582529
-4;37;0,0800934880375282
-4;37,5;0,0934470748058683
-4;38;0,0695515023550619
-4;38,5;0,0739285099789394
-4;39;0,0857430080657619
-4;39,5;0,0583450010174898
-4;40;0,076751268209178
-4;40,5;0,12434873669174
-4;41;0,07607104049181
-4;41,5;0,0383196467812688
-4;42;0,0133769087289137
-4;42,5;0,0133305374727435
-4;43;0,0589251865688351
-4;43,5;0,0497851271204765
-4;44;0,0370366631390569
-4;44,5;0,036649082506116
-4;45;0,0366085258075262
-4;45,5;0,0283427390056384
-4;46;0,0296897578752181
-4;46,5;0,0209518520923759
-4;47;0,0214941987396182
-4;47,5;0,0451874089584107
-4;48;0,0205795637627721
-4;48,5;0,0648290490616737
-4;49;0,101357319411807
-4;49,5;0,0276396249555356
-4;50;0,0695840714229839
-4;50,5;0,0684465989189747
-4;51;0,0760273453604559
-4;51,5;0,0869268672191184
-4;52;0,0615871087759462
-4;52,5;0,0326510823466971
-4;53;0,0512423351203911
-4;53,5;0,0984220155277242
-4;54;0,0514453730134633
-4;54,5;0,065419934353616
-4;55;0,0626284939586468
-4;55,5;0,0790946367641909
-4;56;0,0871411295570645
-4;56,5;0,019062649747205
-4;57;0,0597154016816013
-4;57,5;0,0251215163637784
-4;58;0,0234921794427384
-4;58,5;0,0214548039478386
-4;59;0,0375023968306192
-4;59,5;0,115058005756421
-4;60;0,1371166957911
-4;60,5;0,0565319888999848
-4;61;0,0880033839902004
-4;61,5;0,0783365450202796
-4;62;0
-4;62,5;0,0786301468903626
-4;63;0,026522036517821
-4;63,5;0,0373061715851433
-4;64;0,0469973922243195
-4;64,5;0,0503931267822384
-4;65;0,136022057034879
-4;65,5;0,0383231870630127
-4;66;0,0600555298591784
-4;66,5;0
-4;67;0,0133166562369588
-4;67,5;0,0467083024444411
-4;68;0,053581966872382
-4;68,5;0,0517676627740804
-4;69;0,0429332039335524
-4;69,5;0,0415170647645841
-4;70;0,0642987817406624
-4;70,5;0,0300499584026334
-4;71;0
-4;71,5;0
-4;72;0,0600896479393388
-4;72,5;0,0829504170739688
-4;73;0,102328157044569
-4;73,5;0,211633996030558
-4;74;0,166115965329291
-4;74,5;0,15556349186104
-4;75;0
-4;75,5;0,0404474968323134
-4;76;0,096545079527402
-4;76,5;0,100707882138854
-4;77;0,125065316268474
-3,5;-23,5;0
-3,5;-23;0
-3,5;-22,5;0
-3,5;-22;0
-3,5;-21,5;0
-3,5;-21;0,0568568377594112
-3,5;-20,5;0,0444147122772023
-3,5;-20;0
-3,5;-19,5;0
-3,5;-19;0
-3,5;-18,5;0,171038981911532
-3,5;-18;0,0448883463313546
-3,5;-17,5;0,135708263331946
-3,5;-17;0,297379587108991
-3,5;-16,5;0,0868195670858786
-3,5;-16;0,0600312103169777
-3,5;-15,5;0,0722653490427391
-3,5;-15;0,0749590214848139
-3,5;-14,5;0,058567124806568
-3,5;-14;0,0258985700519533
-3,5;-13,5;0,0173205080756888
-3,5;-13;0,0607167336006346
-3,5;-12,5;0,0269983755196818
-3,5;-12;0,0434971590911734
-3,5;-11,5;0,00828653526310403
-3,5;-11;0,0733303581779015
-3,5;-10,5;0,246227568974862
-3,5;-10;0,0672067902303125
-3,5;-9,5;0,0376702826652314
-3,5;-9;0,0357912028867658
-3,5;-8,5;0,0306880105463311
-3,5;-8;0,0401188582272511
-3,5;-7,5;0,199078309364666
-3,5;-7;0,0350630840571336
-3,5;-6,5;0,0521931161995658
-3,5;-6;0,0326164401465299
-3,5;-5,5;0,343129511465222
-3,5;-5;0,340752324119055
-3,5;-4,5;0,328869896450266
-3,5;-4;0,114220412440233
-3,5;-3,5;0,103680037224753
-3,5;-3;0,155387807463738
-3,5;-2,5;0,0845371564320096
-3,5;-2;0,0552160824178586
-3,5;-1,5;0,121383930901498
-3,5;-1;0,275390589885067
-3,5;-0,5;0,147698419928243
-3,5;0;0,0378948596207313
-3,5;0,5;0,0650369886683914
-3,5;1;0,173524343129148
-3,5;1,5;0,160939864802493
-3,5;2;0,365826439564307
-3,5;2,5;0,390593596866571
-3,5;3;0,0391920449987567
-3,5;3,5;0,0655912855240289
-3,5;4;0,0657872154259369
-3,5;4,5;0,0520187333812496
-3,5;5;0,121944444967379
-3,5;5,5;0,265553787748034
-3,5;6;0,042796325567666
-3,5;6,5;0,0375027580685087
-3,5;7;0,0439922232045544
-3,5;7,5;0,143334955625389
-3,5;8;0,275487956269574
-3,5;8,5;0,337025676487075
-3,5;9;0,1960554374992
-3,5;9,5;0,113902506040705
-3,5;10;0,0466646821695324
-3,5;10,5;0,0329271296618548
-3,5;11;0,0239648560410629
-3,5;11,5;0,0208086369026878
-3,5;12;0,0822167874447855
-3,5;12,5;0,024589828016342
-3,5;13;0,0298818495265851
-3,5;13,5;0,0337226983747584
-3,5;14;0,0280195499439831
-3,5;14,5;0,0400543466892825
-3,5;15;0,0935686920809576
-3,5;15,5;0,0524240036807476
-3,5;16;0,0529975092278366
-3,5;16,5;0,0835051152323763
-3,5;17;0,0914988128822787
-3,5;17,5;0,0869836200218626
-3,5;18;0,132820728661281
-3,5;18,5;0,0956504555236057
-3,5;19;0,0430856456956812
-3,5;19,5;0,040585839039972
-3,5;20;0,0800074996484705
-3,5;20,5;0,141011279661364
-3,5;21;0,319208557479345
-3,5;21,5;0,16891121969171
-3,5;22;0,0879831625331347
-3,5;22,5;0,082306882245738
-3,5;23;0,0370179606645842
-3,5;23,5;0,0298843017428254
-3,5;24;0,323826126695451
-3,5;24,5;0,259027061908096
-3,5;25;0,0282316347195658
-3,5;25,5;0,023927317580762
-3,5;26;0,0406337574055902
-3,5;26,5;0,290474734685577
-3,5;27;0,0376802319805787
-3,5;27,5;0,0216955619646873
-3,5;28;0,0305409515981069
-3,5;28,5;0,0212575509190118
-3,5;29;0,319746927149286
-3,5;29,5;0,0337772858888456
-3,5;30;0,0311296890710577
-3,5;30,5;0,0461482766553276
-3,5;31;0,0500998575557296
-3,5;31,5;0,0264484298527337
-3,5;32;0,022097077951496
-3,5;32,5;0,0203772388400661
-3,5;33;0,0261917634873307
-3,5;33,5;0,0597908097414246
-3,5;34;0,0700189172151481
-3,5;34,5;0,0736212807224013
-3,5;35;0,0798331593595877
-3,5;35,5;0,073411994213885
-3,5;36;0,0277396266154169
-3,5;36,5;0,0261387644937159
-3,5;37;0,115717651613629
-3,5;37,5;0,100694070668379
-3,5;38;0,069016110143819
-3,5;38,5;0,0885127725013954
-3,5;39;0,068068198079588
-3,5;39,5;0,0641369850287314
-3,5;40;0,0990746933974306
-3,5;40,5;0,0588575135097612
-3,5;41;0,0453080053204924
-3,5;41,5;0,0557837799484285
-3,5;42;0,0227606212249489
-3,5;42,5;0,018010479461058
-3,5;43;0,0351591487685486
-3,5;43,5;0,0576386028898764
-3,5;44;0,0751683973923747
-3,5;44,5;0,0145952969747558
-3,5;45;0,0262431410273312
-3,5;45,5;0,0441278554395559
-3,5;46;0,0323886543402468
-3,5;46,5;0,0298905461291553
-3,5;47;0,0155741789234071
-3,5;47,5;0,0302911400915198
-3,5;48;0,0388509282784745
-3,5;48,5;0,0471465799395884
-3,5;49;0,0263869306701791
-3,5;49,5;0,0317287357481559
-3,5;50;0,157208582995628
-3,5;50,5;0,0532892219540742
-3,5;51;0,071762106992479
-3,5;51,5;0,117086952661507
-3,5;52;0,050205704953893
-3,5;52,5;0,0460031005662443
-3,5;53;0,0376528418765093
-3,5;53,5;0,0617957722361884
-3,5;54;0,113808627105346
-3,5;54,5;0,098025934976233
-3,5;55;0,0941757564110516
-3,5;55,5;0,0301496233015168
-3,5;56;0,0618425330083502
-3,5;56,5;0,0725753977334219
-3,5;57;0,0704592308678888
-3,5;57,5;0,0325452606237996
-3,5;58;0,0216215513928885
-3,5;58,5;0,0239334977032675
-3,5;59;0,0286935887246316
-3,5;59,5;0,0556867887135327
-3,5;60;0,0507323614779631
-3,5;60,5;0,0489470707180128
-3,5;61;0,176684975889319
-3,5;61,5;0,155886642216212
-3,5;62;0,061254115507994
-3,5;62,5;0,0313585760856205
-3,5;63;0,0254370223348402
-3,5;63,5;0,0417658241661625
-3,5;64;0,042586450410694
-3,5;64,5;0,0459919408232535
-3,5;65;0,0887273467623825
-3,5;65,5;0,0822524569035276
-3,5;66;0
-3,5;66,5;0
-3,5;67;0
-3,5;67,5;0,0598523182508414
-3,5;68;0,0462263026061092
-3,5;68,5;0
-3,5;69;0
-3,5;69,5;0,0292284108360342
-3,5;70;0,0440605643782888
-3,5;70,5;0,0284985379741956
-3,5;71;0
-3,5;71,5;0,0463716867639439
-3,5;72;0,0720897588658287
-3,5;72,5;0,0769001453375816
-3,5;73;0,0653907083372103
-3,5;73,5;0,0913667900420095
-3,5;74;0,223827061749531
-3,5;74,5;0
-3,5;75;0
-3,5;75,5;0
-3,5;76;0,0445570794973519
-3,5;76,5;0,0715270345160951
-3,5;77;0,0815434444534527
-3;-23;0
-3;-22,5;0
-3;-22;0
-3;-21,5;0
-3;-21;0,0491667231638094
-3;-20,5;0,0810203678095823
-3;-20;0
-3;-19,5;0
-3;-19;0,0534462346662513
-3;-18,5;0
-3;-18;0,0293995464817628
-3;-17,5;0,147105189718464
-3;-17;0,136423708221874
-3;-16,5;0,0945016622664543
-3;-16;0,113561222616047
-3;-15,5;0,086559555011699
-3;-15;0,0453122051564403
-3;-14,5;0,0358411397919667
-3;-14;0,0355350903623281
-3;-13,5;0,0344467258687516
-3;-13;0,0517769316332153
-3;-12,5;0,0534530110493684
-3;-12;0,0577173137948078
-3;-11,5;0,0243013428262287
-3;-11;0,0286850254981704
-3;-10,5;0,0302518115399603
-3;-10;0,0359765037702305
-3;-9,5;0,0325691571889725
-3;-9;0,0456759329370863
-3;-8,5;0,033037905067473
-3;-8;0,0355112486472639
-3;-7,5;0,0186874671523839
-3;-7;0,0149907378811792
-3;-6,5;0,0382842483727889
-3;-6;0,0543396104696497
-3;-5,5;0,018972938542177
-3;-5;0,0271238356870908
-3;-4,5;0,102192283375024
-3;-4;0,136683870605629
-3;-3,5;0,0547533898014143
-3;-3;0,0314830230696414
-3;-2,5;0,0821804797770375
-3;-2;0,0742783924826192
-3;-1,5;0,0187073866835165
-3;-1;0,0309916233239474
-3;-0,5;0,0454007257135478
-3;0;0,133329690893774
-3;0,5;0,18567421296691
-3;1;0,0720968739173214
-3;1,5;0,14968222538111
-3;2;0,0316908447642735
-3;2,5;0,296162968176321
-3;3;0,0285194631719169
-3;3,5;0,0533882061036348
-3;4;0,0262031242222805
-3;4,5;0,0315179842841089
-3;5;0,16374699753309
-3;5,5;0,131243892157502
-3;6;0,136915027135985
-3;6,5;0,148848578003129
-3;7;0,0384805825600364
-3;7,5;0,265272571240114
-3;8;0,204957617066037
-3;8,5;0,182883098415218
-3;9;0,115413370133229
-3;9,5;0,114044116607073
-3;10;0,0304105811112871
-3;10,5;0,115092172907035
-3;11;0,229249933382592
-3;11,5;0,10686399920024
-3;12;0,163373906525287
-3;12,5;0,108339902958249
-3;13;0,0401929968681757
-3;13,5;0,0190691903876008
-3;14;0,0154692309905185
-3;14,5;0,0199685013667014
-3;15;0,0661306599644055
-3;15,5;0,061091769248995
-3;16;0,0840145445591357
-3;16,5;0,0387996361414109
-3;17;0,0947168432336977
-3;17,5;0,0563855365151509
-3;18;0,0329958617216811
-3;18,5;0,0374193347291243
-3;19;0,0278079724779304
-3;19,5;0,0333330943517604
-3;20;0,0229308668751834
-3;20,5;0,0271879262418694
-3;21;0,233481665268451
-3;21,5;0,0657347673752123
-3;22;0,205713743043908
-3;22,5;0,0283469915224642
-3;23;0,0306546074624629
-3;23,5;0,0340813401306058
-3;24;0,370417294278799
-3;24,5;0,30400361790635
-3;25;0,144720671532711
-3;25,5;0,0442624638094101
-3;26;0,0263440392377734
-3;26,5;0,379270200627512
-3;27;0,215702367162552
-3;27,5;0,116044347549937
-3;28;0,03129866784298
-3;28,5;0,0212613000521437
-3;29;0,215099497529713
-3;29,5;0,0549212736442875
-3;30;0,0442790607859927
-3;30,5;0,0383333923655566
-3;31;0,0258962426737043
-3;31,5;0,0202361097481963
-3;32;0,024462141331932
-3;32,5;0,0262611618667098
-3;33;0,0290257492176698
-3;33,5;0,117067927637325
-3;34;0,0855332748492806
-3;34,5;0,0636971876861791
-3;35;0,0838074356755402
-3;35,5;0,0825858126170793
-3;36;0,0724868209793082
-3;36,5;0,249770316529574
-3;37;0,20519926551402
-3;37,5;0,0891983342751734
-3;38;0,0637579104775194
-3;38,5;0,044028530132213
-3;39;0,051694115165072
-3;39,5;0,0428616880176211
-3;40;0,102928105772832
-3;40,5;0,111596862917755
-3;41;0,0455163453718545
-3;41,5;0,0754783926102869
-3;42;0,0755490674254923
-3;42,5;0,107294442804856
-3;43;0,0895311392107304
-3;43,5;0,0531852905236561
-3;44;0,0609148618559604
-3;44,5;0,0164335177062515
-3;45;0,014178177890382
-3;45,5;0,0265982665695626
-3;46;0,0130173173489851
-3;46,5;0,0188656464030713
-3;47;0,0242892946523925
-3;47,5;0,0185770237746774
-3;48;0,0333956409960194
-3;48,5;0,0887749491503017
-3;49;0,0248580719183085
-3;49,5;0,0244729118818738
-3;50;0,178701662057292
-3;50,5;0,0307874388539315
-3;51;0,0308852180535426
-3;51,5;0,0240232455391642
-3;52;0,0289351892868072
-3;52,5;0,0354835339984109
-3;53;0,0208062894498819
-3;53,5;0,14446436324878
-3;54;0,0657584579608466
-3;54,5;0,101449297035316
-3;55;0,0418160770348475
-3;55,5;0,0583507881857446
-3;56;0,0408352349799615
-3;56,5;0,0913194570901692
-3;57;0,030610444565099
-3;57,5;0,0288704342782895
-3;58;0,0326685182537238
-3;58,5;0,0364329346904519
-3;59;0,0409943348991926
-3;59,5;0,0624917312177238
-3;60;0,0295806438867315
-3;60,5;0,0300500760516021
-3;61;0,110195795565547
-3;61,5;0,161560047086988
-3;62;0,0546616036088488
-3;62,5;0,031174143813823
-3;63;0,0491714931870724
-3;63,5;0,14200841869767
-3;64;0,223531025618189
-3;64,5;0,161994723606019
-3;65;0,0304055915910216
-3;65,5;0,0858821867444
-3;66;0
-3;66,5;0,0161967074843418
-3;67;0,0419759710174421
-3;67,5;0,0531945068174859
-3;68;0,0340870733772873
-3;68,5;0
-3;69;0,0935365115428015
-3;69,5;0
-3;70;0
-3;70,5;0
-3;71;0
-3;71,5;0,0318956632370818
-3;72;0,0463944783249862
-3;72,5;0,0516132654137158
-3;73;0,0488961971449528
-3;73,5;0,0695421716396867
-3;74;0,0560446250768082
-3;74,5;0
-3;75;0,0495075751779463
-3;75,5;0
-3;76;0
-3;76,5;0,0875670151532936
-3;77;0,049494388009596
-2,5;-23,5;0
-2,5;-23;0
-2,5;-22,5;0
-2,5;-22;0
-2,5;-21,5;0
-2,5;-21;0
-2,5;-20,5;0,0197989898732233
-2,5;-20;0,0465725240887801
-2,5;-19,5;0,0447995535692042
-2,5;-19;0
-2,5;-18,5;0
-2,5;-18;0
-2,5;-17,5;0
-2,5;-17;0,137581975563662
-2,5;-16,5;0,12350750003179
-2,5;-16;0,176001358358616
-2,5;-15,5;0,0977424901859734
-2,5;-15;0,0437792535808541
-2,5;-14,5;0,0611884395312965
-2,5;-14;0,0453449417541809
-2,5;-13,5;0,0482461940270446
-2,5;-13;0,0360846227637203
-2,5;-12,5;0,0477903654342597
-2,5;-12;0,0703512615380847
-2,5;-11,5;0,0325889089162674
-2,5;-11;0,0392300373863362
-2,5;-10,5;0,0267699302701121
-2,5;-10;0,0427755771439732
-2,5;-9,5;0,0295909731529282
-2,5;-9;0,0654501878265719
-2,5;-8,5;0,0454008654816113
-2,5;-8;0,046021460193991
-2,5;-7,5;0,0406618923902174
-2,5;-7;0,0401494004808834
-2,5;-6,5;0,0498335464616073
-2,5;-6;0,0803454398574204
-2,5;-5,5;0,352980055971184
-2,5;-5;0,0553779682508209
-2,5;-4,5;0,199195488285231
-2,5;-4;0,297104480683346
-2,5;-3,5;0,307449030366561
-2,5;-3;0,0852468795295785
-2,5;-2,5;0,120769598111717
-2,5;-2;0,0717096687956032
-2,5;-1,5;0,0361151277303624
-2,5;-1;0,0337551628537583
-2,5;-0,5;0,0478852651928496
-2,5;0;0,029788681511918
-2,5;0,5;0,309430386880586
-2,5;1;0,119390034930774
-2,5;1,5;0,0215337073204822
-2,5;2;0,0195800011818435
-2,5;2,5;0,0598543088842484
-2,5;3;0,0229063580621063
-2,5;3,5;0,0210798756406387
-2,5;4;0,0197954345405737
-2,5;4,5;0,0867893042565346
-2,5;5;0,0822060260337005
-2,5;5,5;0,164288633078122
-2,5;6;0,164565352053276
-2,5;6,5;0,134205960914199
-2,5;7;0,0490021194796574
-2,5;7,5;0,0572110442245832
-2,5;8;0,333855185797725
-2,5;8,5;0,233712535042117
-2,5;9;0,157490710732227
-2,5;9,5;0,248191891600073
-2,5;10;0,101590018977864
-2,5;10,5;0,0585237113774274
-2,5;11;0,0486180920082578
-2,5;11,5;0,0176772994148018
-2,5;12;0,0291583262376412
-2,5;12,5;0,0434970820084599
-2,5;13;0,039408079047511
-2,5;13,5;0,0157161503848783
-2,5;14;0,0221148797495281
-2,5;14,5;0,0157424519496942
-2,5;15;0,0643086126300529
-2,5;15,5;0,136258835706618
-2,5;16;0,0603627703935694
-2,5;16,5;0,0952479329580562
-2,5;17;0,302802747648985
-2,5;17,5;0,294779042711721
-2,5;18;0,3346995527837
-2,5;18,5;0,0385834429882707
-2,5;19;0,0277735931955445
-2,5;19,5;0,0414615038622697
-2,5;20;0,0422231462249675
-2,5;20,5;0,0282639467998585
-2,5;21;0,0291967322410183
-2,5;21,5;0,0236460731805411
-2,5;22;0,384333956094387
-2,5;22,5;0,40976950470819
-2,5;23;0,192284317970742
-2,5;23,5;0,0405821720771564
-2,5;24;0,051906885285726
-2,5;24,5;0,0406401594594406
-2,5;25;0,0402920792823175
-2,5;25,5;0,0307589378710184
-2,5;26;0,0936986707288772
-2,5;26,5;0,300551165640801
-2,5;27;0,279913558331391
-2,5;27,5;0,192512754447117
-2,5;28;0,0410040712073341
-2,5;28,5;0,0654516524116756
-2,5;29;0,017894109635963
-2,5;29,5;0,0231345665695451
-2,5;30;0,0330460188111629
-2,5;30,5;0,184467147675212
-2,5;31;0,367819883947958
-2,5;31,5;0,0152888673840821
-2,5;32;0,0625913330667655
-2,5;32,5;0,0331008523951209
-2,5;33;0,0337779758554677
-2,5;33,5;0,104672824256065
-2,5;34;0,204934181129067
-2,5;34,5;0,166310550397603
-2,5;35;0,0817885712411883
-2,5;35,5;0,0647670632265475
-2,5;36;0,0792499301382395
-2,5;36,5;0,0842493356114111
-2,5;37;0,0350234605076073
-2,5;37,5;0,0455201440508927
-2,5;38;0,0310667980064787
-2,5;38,5;0,0637886467959236
-2,5;39;0,0405352874488042
-2,5;39,5;0,0366794162379806
-2,5;40;0,331137395019296
-2,5;40,5;0,26383154472983
-2,5;41;0,215501975240957
-2,5;41,5;0,0197096556935106
-2,5;42;0,0346887915464515
-2,5;42,5;0,0747060270405974
-2,5;43;0,053605118149978
-2,5;43,5;0,0643676227543537
-2,5;44;0,0837655572558046
-2,5;44,5;0,0920358410270812
-2,5;45;0,0789744197838911
-2,5;45,5;0,312775567375757
-2,5;46;0,259391205882304
-2,5;46,5;0,0173805115582181
-2,5;47;0,019386722129585
-2,5;47,5;0,0134078119574971
-2,5;48;0,0377374721517978
-2,5;48,5;0,0973386616716216
-2,5;49;0,0229921189761624
-2,5;49,5;0,0257898799209319
-2,5;50;0,0262164018224833
-2,5;50,5;0,0411673012743716
-2,5;51;0,0418974204162382
-2,5;51,5;0,0276396205218077
-2,5;52;0,0371598287127584
-2,5;52,5;0,0259888774413811
-2,5;53;0,0193230660701903
-2,5;53,5;0,16604309158909
-2,5;54;0,0529934246547818
-2,5;54,5;0,03733261091969
-2,5;55;0,0315637266103832
-2,5;55,5;0,0471171529030565
-2,5;56;0,0606563626758646
-2,5;56,5;0,0528995275790943
-2,5;57;0,0219847394144959
-2,5;57,5;0,0499206793383169
-2,5;58;0,047143112223768
-2,5;58,5;0,0320351679706814
-2,5;59;0,0700370015360339
-2,5;59,5;0,0497517432819792
-2,5;60;0,0623578835360674
-2,5;60,5;0,0575318015717429
-2,5;61;0,0952410816631333
-2,5;61,5;0,0680287380112427
-2,5;62;0
-2,5;62,5;0,0609920295447216
-2,5;63;0,0851338197137702
-2,5;63,5;0,105001151557477
-2,5;64;0,24532273283013
-2,5;64,5;0,181608379541443
-2,5;65;0,22577823084569
-2,5;65,5;0
-2,5;66;0
-2,5;66,5;0
-2,5;67;0,0408044115262063
-2,5;67,5;0,0611347368028688
-2,5;68;0,0209344214154583
-2,5;68,5;0,0359856452862342
-2,5;69;0,12297459587869
-2,5;69,5;0,0856589166403592
-2,5;70;0,0710422409556455
-2,5;70,5;0
-2,5;71;0
-2,5;71,5;0,0566255644162117
-2,5;72;0,045077547561038
-2,5;72,5;0,0530705147154589
-2,5;73;0,0631745183032356
-2,5;73,5;0,0220138845075355
-2,5;74;0
-2,5;74,5;0,0514006593126759
-2,5;75;0,0589533360661917
-2,5;75,5;0
-2,5;76;0,115638084845204
-2,5;76,5;0,106073853988624
-2,5;77;0,0906796559322983
-2;-24;0
-2;-23,5;0
-2;-23;0
-2;-22,5;0
-2;-22;0,0596481349247401
-2;-21,5;0,057157676649773
-2;-21;0,0447142781074085
-2;-20,5;0,0491473973539461
-2;-20;0,0539790082655594
-2;-19,5;0,0506392469664916
-2;-19;0,0614704729737705
-2;-18,5;0,0546872928567506
-2;-18;0,0820243866176395
-2;-17,5;0,207319344146938
-2;-17;0,123126379960498
-2;-16,5;0,108966767085722
-2;-16;0,177434999041866
-2;-15,5;0,150141677043664
-2;-15;0,0487285617197217
-2;-14,5;0,0478330429724056
-2;-14;0,0486663154184725
-2;-13,5;0,0439372635800659
-2;-13;0,0305972687856753
-2;-12,5;0,0610219945882582
-2;-12;0,12596351180523
-2;-11,5;0,1255309169532
-2;-11;0
-2;-10,5;0
-2;-10;0,0560418582689261
-2;-9,5;0,0373804246329444
-2;-9;0,0410991777291912
-2;-8,5;0,0385821121574633
-2;-8;0,0301465787849775
-2;-7,5;0,0541209208538997
-2;-7;0,0393644232376935
-2;-6,5;0,0363361556240282
-2;-6;0,347537574644057
-2;-5,5;0,288043881081289
-2;-5;0
-2;-4,5;0,323550009122796
-2;-4;0,296894325761273
-2;-3,5;0,166846799610036
-2;-3;0,115857438025989
-2;-2,5;0,171701144413489
-2;-2;0,248106481102817
-2;-1,5;0,102714891316068
-2;-1;0,0245914580121337
-2;-0,5;0,0214314301516979
-2;0;0,0267191443009747
-2;0,5;0,0246105254196758
-2;1;0,0159284903367429
-2;1,5;0,0183248089373268
-2;2;0,0177707625047436
-2;2,5;0,0414494364874116
-2;3;0,0210610388008735
-2;3,5;0,0491519976249533
-2;4;0,0625263801076505
-2;4,5;0,0871476739786542
-2;5;0,0805509155751814
-2;5,5;0,10962463000682
-2;6;0,0626248867965523
-2;6,5;0,120009918093345
-2;7;0,126243904919849
-2;7,5;0,0496369866205771
-2;8;0,0483682855477838
-2;8,5;0,147418282448277
-2;9;0,293820523449265
-2;9,5;0,0844033197550602
-2;10;0,0776958531215566
-2;10,5;0,0326986490988934
-2;11;0,0437369169733772
-2;11,5;0,0295788645598532
-2;12;0,36151020945846
-2;12,5;0,185004090119331
-2;13;0,0347747355332137
-2;13,5;0,0485196276775951
-2;14;0,0659343314550604
-2;14,5;0,0506037161496492
-2;15;0,102266158711623
-2;15,5;0,139028628857057
-2;16;0,0985379085504031
-2;16,5;0,0914033432017636
-2;17;0,265554739808407
-2;17,5;0,335142736130842
-2;18;0,348020411397538
-2;18,5;0,14630288453082
-2;19;0,0411960758649009
-2;19,5;0,0560081630217317
-2;20;0,0283471860187581
-2;20,5;0,0399562260480141
-2;21;0,0272924499393415
-2;21,5;0,0261373807443728
-2;22;0,338855969874457
-2;22,5;0,333545035469387
-2;23;0,268809084513782
-2;23,5;0,0894963087826212
-2;24;0,224003460717068
-2;24,5;0,0480726607985604
-2;25;0,0453415884357096
-2;25,5;0,0375852841051816
-2;26;0,077254881183435
-2;26,5;0,0911917136731375
-2;27;0,22193260894507
-2;27,5;0,301417583418482
-2;28;0,241689018541432
-2;28,5;0,0594826852616656
-2;29;0,0588836935572312
-2;29,5;0,0479462085240942
-2;30;0,0348601693813348
-2;30,5;0,0453763563779743
-2;31;0,0715677745864784
-2;31,5;0,0188221339723403
-2;32;0,101506944875869
-2;32,5;0,358272542806751
-2;33;0,0722221066132675
-2;33,5;0,0349280974116186
-2;34;0,0347759427637494
-2;34,5;0,0681406562619753
-2;35;0,051870976560755
-2;35,5;0,0602346200600744
-2;36;0,0502741380998856
-2;36,5;0,0351808443150913
-2;37;0,0264568617181914
-2;37,5;0,036900683383559
-2;38;0,0682913887258466
-2;38,5;0,0516898876992215
-2;39;0,0532272746250984
-2;39,5;0,045091066122147
-2;40;0,13776144890501
-2;40,5;0,374914702328461
-2;41;0,0857736361982321
-2;41,5;0,0286904179586953
-2;42;0,0318932434875093
-2;42,5;0,0514141856630537
-2;43;0,0253595155079891
-2;43,5;0,0564240243000026
-2;44;0,0378123323664595
-2;44,5;0,0309485839084501
-2;45;0,0748252031021884
-2;45,5;0,264176960372066
-2;46;0,242585703328502
-2;46,5;0,0681481708830223
-2;47;0,0842920426812861
-2;47,5;0,349556467381401
-2;48;0,32710618316287
-2;48,5;0,0185000595636
-2;49;0,0197842529974388
-2;49,5;0,0160388775257654
-2;50;0,0242264512129893
-2;50,5;0,0247912330100739
-2;51;0,0224042250417168
-2;51,5;0,024219160295007
-2;52;0,0256684755284645
-2;52,5;0,0170054493426762
-2;53;0,0454046573950874
-2;53,5;0,1078849212471
-2;54;0,0190620308278983
-2;54,5;0,0283911555506045
-2;55;0,0280624864975609
-2;55,5;0,0344444743622682
-2;56;0,0512447381533538
-2;56,5;0,0697100543753177
-2;57;0,0837174129520755
-2;57,5;0,0620976723474647
-2;58;0,0459378579254643
-2;58,5;0,0401428532339456
-2;59;0,0745945025272437
-2;59,5;0,021294097691408
-2;60;0,0468642409119904
-2;60,5;0,0461304689773172
-2;61;0,0577591568122957
-2;61,5;0,0806858095344999
-2;62;0,099204474585463
-2;62,5;0,0271383310280682
-2;63;0,12364679762567
-2;63,5;0,114558179876326
-2;64;0,0908515099138433
-2;64,5;0,209432528206503
-2;65;0,191860119406611
-2;65,5;0,0502045814642449
-2;66;0
-2;66,5;0
-2;67;0,0499853658237768
-2;67,5;0,0561450502419106
-2;68;0,0599624485665424
-2;68,5;0,0571394493031449
-2;69;0,0407430975749267
-2;69,5;0,044899358357914
-2;70;0,0518988928002479
-2;70,5;0
-2;71;0
-2;71,5;0,0687855362703527
-2;72;0,0487903679018718
-2;72,5;0,0360624458405139
-2;73;0,0842665837853721
-2;73,5;0,0891149666034122
-2;74;0,0945959830013939
-2;74,5;0
-2;75;0,0672410376396523
-2;75,5;0
-2;76;0,0917125945549465
-2;76,5;0,14124120666979
-1,5;-24;0
-1,5;-23,5;0,0263881286440197
-1,5;-23;0
-1,5;-22,5;0
-1,5;-22;0
-1,5;-21,5;0
-1,5;-21;0,0558273628648573
-1,5;-20,5;0,0852340265722222
-1,5;-20;0,104557799007694
-1,5;-19,5;0,0723146563554687
-1,5;-19;0,0689461162906726
-1,5;-18,5;0,0373017994528983
-1,5;-18;0,0348458142282652
-1,5;-17,5;0,254109182570537
-1,5;-17;0,197743238174739
-1,5;-16,5;0,0957128075048885
-1,5;-16;0,0541769323605536
-1,5;-15,5;0,0340749174613821
-1,5;-15;0
-1,5;-14,5;0,111518309408515
-1,5;-14;0,0555711369373005
-1,5;-13,5;0,0357478587843455
-1,5;-13;0,0519445759999822
-1,5;-12,5;0,0214919697074224
-1,5;-12;0,0433106167562819
-1,5;-11,5;0,0476770653889537
-1,5;-11;0,0629609036197495
-1,5;-10,5;0,0542973016797057
-1,5;-10;0,0659685542501134
-1,5;-9,5;0,0405561507153088
-1,5;-9;0,0261453941001673
-1,5;-8,5;0,023050634800497
-1,5;-8;0,0240560938677482
-1,5;-7,5;0,0507048002429432
-1,5;-7;0,0397467802895466
-1,5;-6,5;0,0361381290027042
-1,5;-6;0,293240882654074
-1,5;-5,5;0,340148278851678
-1,5;-5;0,315320918242798
-1,5;-4,5;0,37407827686321
-1,5;-4;0,283285847977212
-1,5;-3,5;0,319700976050934
-1,5;-3;0,198402415061501
-1,5;-2,5;0,143110418692946
-1,5;-2;0,178628186834141
-1,5;-1,5;0,0353383763115417
-1,5;-1;0,0306191466709499
-1,5;-0,5;0,0356075856619462
-1,5;0;0,0398324417526463
-1,5;0,5;0,0112227018053886
-1,5;1;0,011166064290319
-1,5;1,5;0,0348829822662947
-1,5;2;0,0397743913071809
-1,5;2,5;0,0368467098605589
-1,5;3;0,045046240399224
-1,5;3,5;0,0249169971969195
-1,5;4;0,0366704574799747
-1,5;4,5;0,0296023996681976
-1,5;5;0,04797180502269
-1,5;5,5;0,0477412100862124
-1,5;6;0,0802701439235638
-1,5;6,5;0,0728197546457461
-1,5;7;0,071665839574957
-1,5;7,5;0,0613426058238171
-1,5;8;0,0764251213512528
-1,5;8,5;0,0479778487110682
-1,5;9;0,0415771164412619
-1,5;9,5;0,048885352468305
-1,5;10;0,0290946020383265
-1,5;10,5;0,0321164654869103
-1,5;11;0,0257953003599717
-1,5;11,5;0,0298945829232366
-1,5;12;0,363484973979035
-1,5;12,5;0,0685284622455593
-1,5;13;0,0225714781382246
-1,5;13,5;0,0613566741280449
-1,5;14;0,107865594613748
-1,5;14,5;0,0674654232428237
-1,5;15;0,0734279420396371
-1,5;15,5;0,0962433948218368
-1,5;16;0,0805823595253122
-1,5;16,5;0,051694152468621
-1,5;17;0,072731274511114
-1,5;17,5;0,138840967747524
-1,5;18;0,0603112933109574
-1,5;18,5;0,0426658698057475
-1,5;19;0,0365736981921303
-1,5;19,5;0,0353659304389503
-1,5;20;0,0411976779620865
-1,5;20,5;0,038918929299908
-1,5;21;0,0235602065638936
-1,5;21,5;0,0186525170200853
-1,5;22;0,0307462936465967
-1,5;22,5;0,390124982622384
-1,5;23;0,22140118846018
-1,5;23,5;0,241791783703803
-1,5;24;0,0358659150942259
-1,5;24,5;0,0467490881290358
-1,5;25;0,0420382827626302
-1,5;25,5;0,0457212569089404
-1,5;26;0,0809851833025158
-1,5;26,5;0,164621485029547
-1,5;27;0,309485812792056
-1,5;27,5;0,250623698584174
-1,5;28;0,211831450358254
-1,5;28,5;0,0635000694765715
-1,5;29;0,0317602925107964
-1,5;29,5;0,0819898495077562
-1,5;30;0,102888569170262
-1,5;30,5;0,139477791127671
-1,5;31;0,143697509880671
-1,5;31,5;0,03918201793674
-1,5;32;0,036112853057077
-1,5;32,5;0,0689703104054141
-1,5;33;0,356151825968218
-1,5;33,5;0,307176938980806
-1,5;34;0,0285747594554638
-1,5;34,5;0,0575435297705936
-1,5;35;0,0360880682259507
-1,5;35,5;0,0708433232300757
-1,5;36;0,0806217907299005
-1,5;36,5;0,030502318929142
-1,5;37;0,034736975922666
-1,5;37,5;0,02541427618827
-1,5;38;0,0320139042883966
-1,5;38,5;0,0355385772955316
-1,5;39;0,0221082758728257
-1,5;39,5;0,0405187962849715
-1,5;40;0,0391139766329643
-1,5;40,5;0,0334808610607069
-1,5;41;0,0313198498752362
-1,5;41,5;0,0276014032156952
-1,5;42;0,0368351164023768
-1,5;42,5;0,048963032724023
-1,5;43;0,060174102855483
-1,5;43,5;0,0812507398683129
-1,5;44;0,0263589807801553
-1,5;44,5;0,0458991866753592
-1,5;45;0,036128755806897
-1,5;45,5;0,0290177816675316
-1,5;46;0,0416795699908462
-1,5;46,5;0,035959285976419
-1,5;47;0,0581403474361824
-1,5;47,5;0,15905538867535
-1,5;48;0,163128630227805
-1,5;48,5;0,0536703795577531
-1,5;49;0,04713755294955
-1,5;49,5;0,0162333958399303
-1,5;50;0,0259702466581393
-1,5;50,5;0,0173738229678418
-1,5;51;0,0318300843538381
-1,5;51,5;0,265469974748553
-1,5;52;0,187713436109698
-1,5;52,5;0,0388177789319036
-1,5;53;0,0876206176055773
-1,5;53,5;0,0676580828975402
-1,5;54;0,0407328696100172
-1,5;54,5;0,0266075173064159
-1,5;55;0,0363043390564398
-1,5;55,5;0,0249677225261255
-1,5;56;0,0818617990124593
-1,5;56,5;0,061949920200587
-1,5;57;0,283411617104339
-1,5;57,5;0,391964288120357
-1,5;58;0,0325297062717058
-1,5;58,5;0,0400832598664204
-1,5;59;0,0397544037504634
-1,5;59,5;0,0696660059207673
-1,5;60;0,0858259309204018
-1,5;60,5;0,0680038860690998
-1,5;61;0,0460305399279718
-1,5;61,5;0,0796650066053369
-1,5;62;0,0358281441604013
-1,5;62,5;0,0335180680283596
-1,5;63;0,074435075544937
-1,5;63,5;0,0611043216764911
-1,5;64;0,0950463379052889
-1,5;64,5;0,156077613730766
-1,5;65;0,205619690552382
-1,5;65,5;0,0401248052954778
-1,5;66;0
-1,5;66,5;0,0488625989017016
-1,5;67;0,357899291031721
-1,5;67,5;0,377500866182124
-1,5;68;0,0596883573236858
-1,5;68,5;0
-1,5;69;0
-1,5;69,5;0,0529445202284639
-1,5;70;0,053354434231598
-1,5;70,5;0,0469746638904319
-1,5;71;0
-1,5;71,5;0,0966624095942752
-1,5;72;0,0919630058471582
-1,5;72,5;0
-1,5;73;0
-1,5;73,5;0
-1,5;74;0,0407492331216184
-1,5;74,5;0,0528797950759336
-1,5;75;0,0879112185840987
-1,5;75,5;0
-1,5;76;0,0300887575903914
-1,5;76,5;0,113043420042101
-1,5;77;0,0872314927840475
-1;-24;0
-1;-23,5;0,0514848953038116
-1;-23;0,0205020324195757
-1;-22,5;0,0305008196611173
-1;-22;0,0791959594928933
-1;-21,5;0,0403050865276332
-1;-21;0,0554062270868537
-1;-20,5;0,0551958053032739
-1;-20;0,0615631235547562
-1;-19,5;0,0917203229772924
-1;-19;0,0398973161169186
-1;-18,5;0,0344066589749453
-1;-18;0,0452682130320064
-1;-17,5;0,0434273634640177
-1;-17;0,125984794404137
-1;-16,5;0,0412553026894725
-1;-16;0,0102143689640297
-1;-15,5;0,0272534401498233
-1;-15;0,0484737042116651
-1;-14,5;0,0563047047787286
-1;-14;0,062113606854654
-1;-13,5;0,0433611900098561
-1;-13;0,0465235713133357
-1;-12,5;0,0278217540784186
-1;-12;0,111283124714189
-1;-11,5;0,155602287642628
-1;-11;0,0350757751161681
-1;-10,5;0,0680732189429507
-1;-10;0,0457991521500381
-1;-9,5;0,0305379944608525
-1;-9;0,0332956787010944
-1;-8,5;0,0303394608755078
-1;-8;0,0306523045709487
-1;-7,5;0,0246441530925709
-1;-7;0,0278022536712512
-1;-6,5;0,0439293805577825
-1;-6;0,040041675803635
-1;-5,5;0,185280247790551
-1;-5;0,276167857459602
-1;-4,5;0,345766286741173
-1;-4;0,147718083347107
-1;-3,5;0,167990690003949
-1;-3;0,248095533873619
-1;-2,5;0,189152477490099
-1;-2;0,075007740030118
-1;-1,5;0,0437174246438464
-1;-1;0,0275602795207872
-1;-0,5;0,0196623915603692
-1;0;0,0348090323448149
-1;0,5;0,0205899123445955
-1;1;0,0131767179265857
-1;1,5;0,0339319079947664
-1;2;0,27173374714754
-1;2,5;0,300809262255924
-1;3;0,0389556681002263
-1;3,5;0,0323435415994537
-1;4;0,0408975034094255
-1;4,5;0,027845626687504
-1;5;0,0287618822014241
-1;5,5;0,0493403427378408
-1;6;0,127435307954658
-1;6,5;0,150480824400974
-1;7;0,0446389464166672
-1;7,5;0,0534314782222406
-1;8;0,0657159437405261
-1;8,5;0,0483523696719464
-1;9;0,0372283179636443
-1;9,5;0,0256319037599263
-1;10;0,0331916008825426
-1;10,5;0,0311511079515744
-1;11;0,0262507168995638
-1;11,5;0,0254766786890441
-1;12;0,0291160544734202
-1;12,5;0,0433670874047641
-1;13;0,0273279844259025
-1;13,5;0,0732185480948917
-1;14;0,0548825304515046
-1;14,5;0,0721004904023089
-1;15;0,0749376490134927
-1;15,5;0,0490932855765963
-1;16;0,0705074493456056
-1;16,5;0,0374862049924808
-1;17;0,0468560276264428
-1;17,5;0,315631915683993
-1;18;0,289380995109524
-1;18,5;0,14294064440771
-1;19;0,0231896273240213
-1;19,5;0,0368866665720677
-1;20;0,0177249338006356
-1;20,5;0,029613632293774
-1;21;0,0225226944011013
-1;21,5;0,0159618303320205
-1;22;0,0278362587334484
-1;22,5;0,0418667159068686
-1;23;0,27329117031859
-1;23,5;0,336429767454891
-1;24;0,334716799829579
-1;24,5;0,028573282852994
-1;25;0,0370063950991841
-1;25,5;0,0426686068908466
-1;26;0,0501564219882825
-1;26,5;0,180673013328217
-1;27;0,145142689837357
-1;27,5;0,0686857639811153
-1;28;0,0819193244121552
-1;28,5;0,0763384225949069
-1;29;0,112932105418139
-1;29,5;0,20784677532045
-1;30;0,139151807326005
-1;30,5;0,199243743165011
-1;31;0,0848354803946497
-1;31,5;0,0822385686109242
-1;32;0,114732746711844
-1;32,5;0,0393286937039534
-1;33;0,167290648331829
-1;33,5;0,16464212026412
-1;34;0,0231068959975912
-1;34,5;0,0317835042256691
-1;35;0,0263522315610403
-1;35,5;0,0239946247481956
-1;36;0,0290498849380347
-1;36,5;0,0366777700443606
-1;37;0,0273141730533212
-1;37,5;0,0696723499283454
-1;38;0,0813494469356461
-1;38,5;0,027131734600076
-1;39;0,0272543779572905
-1;39,5;0,0175615668791002
-1;40;0,0261969899590233
-1;40,5;0,033910327786362
-1;41;0,0384955978413804
-1;41,5;0,0345829826458922
-1;42;0,0272434454931609
-1;42,5;0,0952262621575464
-1;43;0,0860458037435896
-1;43,5;0,0184606103632515
-1;44;0,0297863999477738
-1;44,5;0,0401064410119404
-1;45;0,0332646516942775
-1;45,5;0,0365042602895025
-1;46;0,0295805241054375
-1;46,5;0,0335743376509019
-1;47;0,0316562089445071
-1;47,5;0,0239936733024232
-1;48;0,0230357220498539
-1;48,5;0,0382219395984383
-1;49;0,0298623218196913
-1;49,5;0,0439155321832965
-1;50;0,0672207958852693
-1;50,5;0,0562138111319938
-1;51;0,0231720984906284
-1;51,5;0,292552901199082
-1;52;0,323380477630087
-1;52,5;0,048167565286181
-1;53;0,328089443891871
-1;53,5;0,0615896858037656
-1;54;0,0265837809380755
-1;54,5;0,0870120404258133
-1;55;0,341637383154032
-1;55,5;0,0371972453944518
-1;56;0,022918035045771
-1;56,5;0,0239619768746916
-1;57;0,0361713133563105
-1;57,5;0,121693186340615
-1;58;0,0295645916142873
-1;58,5;0,0356486775878114
-1;59;0,0585954095637497
-1;59,5;0,0315652906706447
-1;60;0,0720948013199183
-1;60,5;0,0829009736286096
-1;61;0,0847954401289755
-1;61,5;0,0309985632629925
-1;62;0,0361349808648803
-1;62,5;0,0332890065316656
-1;63;0,032890521970162
-1;63,5;0,0640476299881879
-1;64;0,0445680583821753
-1;64,5;0,144917836926513
-1;65;0,218229975535494
-1;65,5;0
-1;66;0
-1;66,5;0
-1;67;0,223435862822694
-1;67,5;0,368552544733201
-1;68;0,059613246266537
-1;68,5;0,367800762940362
-1;69;0,0616696266985852
-1;69,5;0,043676992269153
-1;70;0,0528488410468952
-1;70,5;0,0530285148935256
-1;71;0,0431376994183871
-1;71,5;0,0487606398645465
-1;72;0,0764689906821563
-1;72,5;0,0357995965216245
-1;73;0,0582312526731032
-1;73,5;0
-1;74;0
-1;74,5;0,0907089362252205
-1;75;0,0875994181745297
-1;75,5;0,0961665222413705
-1;76;0,0947523086789974
-1;76,5;0,101748054854462
-1;77;0,0556524932056058
-0,5;-24;0,107435251818634
-0,5;-23,5;0,16375663435146
-0,5;-23;0,178008537642677
-0,5;-22,5;0,0519900340100258
-0,5;-22;0,0413764559998934
-0,5;-21,5;0,140714249456123
-0,5;-21;0,0528025973387132
-0,5;-20,5;0,0447479871384309
-0,5;-20;0,0376145868361882
-0,5;-19,5;0,0426790346657466
-0,5;-19;0,0266270539113887
-0,5;-18,5;0,0774759819413589
-0,5;-18;0,0314570461365015
-0,5;-17,5;0,0543234108560293
-0,5;-17;0,0322609018701227
-0,5;-16,5;0,0419285105864733
-0,5;-16;0,0445477272147525
-0,5;-15,5;0,0331568243352707
-0,5;-15;0,051387178413133
-0,5;-14,5;0,0330561964117489
-0,5;-14;0,0261406452355969
-0,5;-13,5;0,0510610575853223
-0,5;-13;0,0362260758491528
-0,5;-12,5;0,039711649408233
-0,5;-12;0,143592074929935
-0,5;-11,5;0,185575084169203
-0,5;-11;0,0391003671297012
-0,5;-10,5;0,0360294697307028
-0,5;-10;0,0397515698002897
-0,5;-9,5;0,037242719665288
-0,5;-9;0,0417183013396599
-0,5;-8,5;0,0394835153403962
-0,5;-8;0,0242444286101864
-0,5;-7,5;0,0378548921163812
-0,5;-7;0,0410046208826304
-0,5;-6,5;0,0234234213270962
-0,5;-6;0,0269775426026547
-0,5;-5,5;0,0578550322023177
-0,5;-5;0,270808493929964
-0,5;-4,5;0,28369367706004
-0,5;-4;0,279837238878527
-0,5;-3,5;0,185963681345606
-0,5;-3;0,0606220677709158
-0,5;-2,5;0,0997728039365346
-0,5;-2;0,352058290777177
-0,5;-1,5;0,0393876282823425
-0,5;-1;0,0715771179891217
-0,5;-0,5;0,0479727456547518
-0,5;0;0,0352886464389485
-0,5;0,5;0,0141508548934287
-0,5;1;0,0109348118499057
-0,5;1,5;0,0176909651498691
-0,5;2;0,260455457188102
-0,5;2,5;0,228396638888683
-0,5;3;0,0290465144208389
-0,5;3,5;0,036340901984194
-0,5;4;0,0360257158687617
-0,5;4,5;0,0318418396896432
-0,5;5;0,0367092346193174
-0,5;5,5;0,0924891811110334
-0,5;6;0,103510063922951
-0,5;6,5;0,0274451544243681
-0,5;7;0,0379074703526883
-0,5;7,5;0,0430779852119079
-0,5;8;0,0399213896974028
-0,5;8,5;0,0596367470423743
-0,5;9;0,0470410743093343
-0,5;9,5;0,017689423463735
-0,5;10;0,0381670137244076
-0,5;10,5;0,113377801598535
-0,5;11;0,126221036281596
-0,5;11,5;0,0275663761930859
-0,5;12;0,0209823256332733
-0,5;12,5;0,0390163347864108
-0,5;13;0,0425312945874417
-0,5;13,5;0,0514308798237891
-0,5;14;0,10708524255729
-0,5;14,5;0,104068831852219
-0,5;15;0,053694422865247
-0,5;15,5;0,106364546098156
-0,5;16;0,0770017297934571
-0,5;16,5;0,036131186974362
-0,5;17;0,0410000419942001
-0,5;17,5;0,231516995966792
-0,5;18;0,197512095385805
-0,5;18,5;0,27352821934283
-0,5;19;0,0537428821605253
-0,5;19,5;0,0670401898292479
-0,5;20;0,0681232445372429
-0,5;20,5;0,0468521454088472
-0,5;21;0,0613297077919929
-0,5;21,5;0,0958582293689021
-0,5;22;0,0690061132357985
-0,5;22,5;0,0459904110259529
-0,5;23;0,0469450883726301
-0,5;23,5;0,0998825860284741
-0,5;24;0,0361780339440388
-0,5;24,5;0,0339768416764732
-0,5;25;0,0696462851989739
-0,5;25,5;0,0569942762096437
-0,5;26;0,134996149230683
-0,5;26,5;0,116609519915539
-0,5;27;0,0567174825704707
-0,5;27,5;0,0788739951267189
-0,5;28;0,120758870323901
-0,5;28,5;0,0632988858478554
-0,5;29;0,0981205215647407
-0,5;29,5;0,198679046048031
-0,5;30;0,196648015364454
-0,5;30,5;0,193406591160944
-0,5;31;0,053889398675289
-0,5;31,5;0,0425852177440497
-0,5;32;0,0838589047711369
-0,5;32,5;0,0639561211626664
-0,5;33;0,0357151456016121
-0,5;33,5;0,0738500923033644
-0,5;34;0,0569742681119359
-0,5;34,5;0,0431509337237619
-0,5;35;0,0448346052629602
-0,5;35,5;0,0240712039504934
-0,5;36;0,031031534470683
-0,5;36,5;0,0200874767626269
-0,5;37;0,0203545765841972
-0,5;37,5;0,0283488073415684
-0,5;38;0,0722985657486711
-0,5;38,5;0,0464188678738222
-0,5;39;0,0333918390859388
-0,5;39,5;0,0470545345230411
-0,5;40;0,0686096426011041
-0,5;40,5;0,0803719632157754
-0,5;41;0,281935421605592
-0,5;41,5;0,0363562994506472
-0,5;42;0,0515066261148324
-0,5;42,5;0,0841540216009089
-0,5;43;0,102394196264102
-0,5;43,5;0,0174950153534911
-0,5;44;0,0328516700229185
-0,5;44,5;0,0290670877847524
-0,5;45;0,0764890940762475
-0,5;45,5;0,0345511757622874
-0,5;46;0,0477470277813298
-0,5;46,5;0,0340684555544502
-0,5;47;0,0309061495926721
-0,5;47,5;0,10372232042825
-0,5;48;0,0714668959563157
-0,5;48,5;0,0329833353865727
-0,5;49;0,0124870511443251
-0,5;49,5;0,0300997949893717
-0,5;50;0,0368042173293108
-0,5;50,5;0,0491185469314908
-0,5;51;0,0314931646788252
-0,5;51,5;0,0512119340083339
-0,5;52;0,126139465021278
-0,5;52,5;0,0450269877056942
-0,5;53;0,162863030386477
-0,5;53,5;0,25451968151267
-0,5;54;0,0328030184057645
-0,5;54,5;0,185988780060895
-0,5;55;0,269427671606983
-0,5;55,5;0,267894734174257
-0,5;56;0,0254776957607038
-0,5;56,5;0,0215491941316989
-0,5;57;0,0296915862331451
-0,5;57,5;0,0319274519007382
-0,5;58;0,0165463791139531
-0,5;58,5;0,0491964014987761
-0,5;59;0,0697747436106961
-0,5;59,5;0,110384699576703
-0,5;60;0,0598735601468096
-0,5;60,5;0,0426094367783019
-0,5;61;0,0541609314313047
-0,5;61,5;0,0493252761056968
-0,5;62;0,038655530005421
-0,5;62,5;0,0239268851573566
-0,5;63;0,055269560435894
-0,5;63,5;0,101576893214442
-0,5;64;0,163309465522393
-0,5;64,5;0,151946255354086
-0,5;65;0,0841348124539817
-0,5;65,5;0,0905885517837972
-0,5;66;0
-0,5;66,5;0
-0,5;67;0,0990904468991167
-0,5;67,5;0,103944429597956
-0,5;68;0,0374998697315745
-0,5;68,5;0,326713059549849
-0,5;69;0,265623964423752
-0,5;69,5;0,0683951863448848
-0,5;70;0,0313953287395859
-0,5;70,5;0,0388945738990399
-0,5;71;0,0564981599872868
-0,5;71,5;0,287627015421014
-0,5;72;0
-0,5;72,5;0
-0,5;73;0,0617829628856044
-0,5;73,5;0
-0,5;74;0
-0,5;74,5;0,0672299123241367
-0,5;75;0,046656291363647
-0,5;75,5;0
-0,5;76;0,0938338957946434
-0,5;76,5;0,0855728521937971
-0,5;77;0,0982186858821185
0;-24;0,428708470153031
0;-23,5;0,258077496698171
0;-23;0,270468422921007
0;-22,5;0,278709816663787
0;-22;0,0773671295013117
0;-21,5;0,0482869960437394
0;-21;0,0512404034660972
0;-20,5;0,052406384789133
0;-20;0,0106066017177982
0;-19,5;0,0605742815866898
0;-19;0,0275479746821959
0;-18,5;0,0369677036223663
0;-18;0
0;-17,5;0
0;-17;0,037013897004079
0;-16,5;0,0258593480651184
0;-16;0,0503770369295612
0;-15,5;0,0482539578111935
0;-15;0,0307088949961417
0;-14,5;0,0274803626189745
0;-14;0,00707106781186548
0;-13,5;0,110745955531869
0;-13;0,0601949056537733
0;-12,5;0,0971119299508331
0;-12;0,0485288300753773
0;-11,5;0,0737259783861271
0;-11;0,02395296778519
0;-10,5;0,0249475266302558
0;-10;0,0195223518619613
0;-9,5;0,0317695168015221
0;-9;0,0177040485012139
0;-8,5;0,0289991306737277
0;-8;0,02233166951223
0;-7,5;0,0380952284226178
0;-7;0,0222454474591979
0;-6,5;0,0199221511203775
0;-6;0,111483608542689
0;-5,5;0,332026764569624
0;-5;0,18446592460371
0;-4,5;0,0645827185571487
0;-4;0,0487378043674662
0;-3,5;0,280879400286729
0;-3;0,313255684513084
0;-2,5;0,0531517895474413
0;-2;0,0270536875168789
0;-1,5;0,0300274372665321
0;-1;0,0350056328000379
0;-0,5;0,0507675372405001
0;0;0,0452570314765742
0;0,5;0,0293870719875254
0;1;0,04196220915592
0;1,5;0,0217687951152872
0;2;0,140340717825903
0;2,5;0,111043605710306
0;3;0,0308399092086861
0;3,5;0,0205390912645241
0;4;0,0279738268069618
0;4,5;0,0218134401413188
0;5;0,0558445007539938
0;5,5;0,173759139522194
0;6;0,267679936907101
0;6,5;0,0333674075153812
0;7;0,0264108563536538
0;7,5;0,0376707298084006
0;8;0,025246645578129
0;8,5;0,0278946414080509
0;9;0,0603316065990368
0;9,5;0,0167704687647523
0;10;0,0230892238707404
0;10,5;0,0241540225305789
0;11;0,18862817506871
0;11,5;0,0662169507981359
0;12;0,0328598325473719
0;12,5;0,0226724854790149
0;13;0,0303074239239098
0;13,5;0,0248529088818554
0;14;0,0367946033742119
0;14,5;0,0487539191050235
0;15;0,0691240789595856
0;15,5;0,0640256620383502
0;16;0,0891904569071478
0;16,5;0,0657009901766544
0;17;0,0342795628582406
0;17,5;0,257967458494038
0;18;0,228502501327551
0;18,5;0,0343581946148234
0;19;0,0357774764857929
0;19,5;0,0352838333811907
0;20;0,0362102522657052
0;20,5;0,0605119048915898
0;21;0,0774856976049989
0;21,5;0,0397549840083152
0;22;0,0564658152514512
0;22,5;0,0399088890034238
0;23;0,0247380908821976
0;23,5;0,033125337983618
0;24;0,0314781492396205
0;24,5;0,0358473039586233
0;25;0,153913395561703
0;25,5;0,281372930771243
0;26;0,370710074564684
0;26,5;0,0866548709921529
0;27;0,0864721547286603
0;27,5;0,0952584204501978
0;28;0,062681534122004
0;28,5;0,0626889078988757
0;29;0,048514510339677
0;29,5;0,161757321231656
0;30;0,119988653186893
0;30,5;0,0766157517484359
0;31;0,0442360329442442
0;31,5;0,0662672185752736
0;32;0,0891249123421729
0;32,5;0,0394277646156808
0;33;0,024134000911577
0;33,5;0,0655070671022305
0;34;0,0662597661599424
0;34,5;0,0448030986323359
0;35;0,0549433627405868
0;35,5;0,0313190049979804
0;36;0,0426954598155344
0;36,5;0,0261211570558882
0;37;0,220312762147966
0;37,5;0,0429615820794127
0;38;0,0352344488612299
0;38,5;0,0346891438950746
0;39;0,036639617282688
0;39,5;0,0952338107579687
0;40;0,136609348458707
0;40,5;0,339927459432704
0;41;0,296218058827193
0;41,5;0,284778978624945
0;42;0,225079003247929
0;42,5;0,0508746054735923
0;43;0,0674587681435782
0;43,5;0,0683815277200892
0;44;0,020196428602387
0;44,5;0,0248970137720539
0;45;0,125306615264844
0;45,5;0,0924788855393867
0;46;0,0489662541559688
0;46,5;0,04435758310665
0;47;0,0275548332881005
0;47,5;0,10614066761762
0;48;0,0788793967310231
0;48,5;0,0387926109802713
0;49;0,0275185987695034
0;49,5;0,0368996610584148
0;50;0,0169769816615348
0;50,5;0,0293984149982225
0;51;0,0212098916577203
0;51,5;0,0279178201727068
0;52;0,0292195569248928
0;52,5;0,0304667185078918
0;53;0,0563928028153096
0;53,5;0,038627986614141
0;54;0,0184072352225951
0;54,5;0,122791572942425
0;55;0,0861620674894873
0;55,5;0,055470116130886
0;56;0,0796437324287769
0;56,5;0,0482443519922335
0;57;0,0283200424544374
0;57,5;0,0311215426919534
0;58;0,0234431754296811
0;58,5;0,051767525710749
0;59;0,174331328295623
0;59,5;0,112508350387908
0;60;0,0962204338857559
0;60,5;0,0334667169236698
0;61;0,0710004979353716
0;61,5;0,0423649803505478
0;62;0,0630741311037477
0;62,5;0,0432690346507281
0;63;0,0585892895584538
0;63,5;0,0802426000424496
0;64;0,203141107373546
0;64,5;0,249211900655991
0;65;0,116236417537297
0;65,5;0
0;66;0,0140783521763025
0;66,5;0,0210902821223425
0;67;0
0;67,5;0,0677283175636306
0;68;0,0345903754120456
0;68,5;0,0618720804446487
0;69;0,0598538180249493
0;69,5;0,0328405237473461
0;70;0
0;70,5;0,052607542913812
0;71;0,180558175407634
0;71,5;0,31716198683211
0;72;0
0;72,5;0
0;73;0,0559398321604059
0;73,5;0,0534805260507661
0;74;0
0;74,5;0
0;75;0
0;75,5;0
0;76;0,0795861517825529
0;76,5;0,0907031789226082
0;77;0,125825937972529
0,5;-24;0,334461507501237
0,5;-23,5;0,233469333799027
0,5;-23;0,271682340610979
0,5;-22,5;0,158932462945044
0,5;-22;0,0623468456833757
0,5;-21,5;0,0809683382247147
0,5;-21;0,0713109319239183
0,5;-20,5;0,0568889527164675
0,5;-20;0,0494584963089544
0,5;-19,5;0,0666211247954119
0,5;-19;0,0466208108037602
0,5;-18,5;0,034039193096586
0,5;-18;0,0201328918273887
0,5;-17,5;0,0290607233396838
0,5;-17;0,0392579079082589
0,5;-16,5;0,0598255260507708
0,5;-16;0,0550036362434339
0,5;-15,5;0,041974538767709
0,5;-15;0,058803687183489
0,5;-14,5;0,0291676190320705
0,5;-14;0
0,5;-13,5;0
0,5;-13;0,014047538337137
0,5;-12,5;0,0526781396269631
0,5;-12;0,0475985369686308
0,5;-11,5;0,0553042297037871
0,5;-11;0,052100127958896
0,5;-10,5;0,0382824092390076
0,5;-10;0
0,5;-9,5;0,0444563115469967
0,5;-9;0,0456999366577933
0,5;-8,5;0,0453412184105867
0,5;-8;0,0605561931205432
0,5;-7,5;0,0459478801720786
0,5;-7;0,0513927576723179
0,5;-6,5;0,0214103035686349
0,5;-6;0,171758152192851
0,5;-5,5;0,199946822640566
0,5;-5;0,218210550528583
0,5;-4,5;0,124326034350665
0,5;-4;0,0612987432723825
0,5;-3,5;0,0450080989596608
0,5;-3;0,0843874909798827
0,5;-2,5;0,124515658644115
0,5;-2;0,0422353396711507
0,5;-1,5;0,0367899905452144
0,5;-1;0,124865832505618
0,5;-0,5;0,0393002166142981
0,5;0;0,046892225944121
0,5;0,5;0,0228319890617946
0,5;1;0,0297048312105149
0,5;1,5;0,0619917305424472
0,5;2;0,0656259309261008
0,5;2,5;0,237636980651166
0,5;3;0,0298602391868773
0,5;3,5;0,0294227639050561
0,5;4;0,0202530309264561
0,5;4,5;0,0171782704369972
0,5;5;0,0487380302462718
0,5;5,5;0,122533150065661
0,5;6;0,119997653787899
0,5;6,5;0,127038345873654
0,5;7;0,0217355125747486
0,5;7,5;0,0166824745969441
0,5;8;0,0214450479748735
0,5;8,5;0,0133698707370779
0,5;9;0,0530590865608019
0,5;9,5;0,133455513063126
0,5;10;0,0316290591532551
0,5;10,5;0,0313190350413748
0,5;11;0,0468215032655304
0,5;11,5;0,0630307568456856
0,5;12;0,0264877174092771
0,5;12,5;0,0219051455016632
0,5;13;0,0352687302483848
0,5;13,5;0,0317578497270163
0,5;14;0,0189843273042684
0,5;14,5;0,0267195412441442
0,5;15;0,0366752181362886
0,5;15,5;0,0431396508630288
0,5;16;0,0268176527939604
0,5;16,5;0,0375519639965741
0,5;17;0,0265031574604216
0,5;17,5;0,0797052075475175
0,5;18;0,114106514687878
0,5;18,5;0,0220356147987577
0,5;19;0,0392015347987615
0,5;19,5;0,0297338191290658
0,5;20;0,0224788544652886
0,5;20,5;0,358154296935306
0,5;21;0,325679290099939
0,5;21,5;0,0422555944427243
0,5;22;0,0540870204866562
0,5;22,5;0,0801701324543065
0,5;23;0,0200111057319949
0,5;23,5;0,0208995103215468
0,5;24;0,0252436037775996
0,5;24,5;0,0199661460676696
0,5;25;0,353005447752936
0,5;25,5;0,378773224019544
0,5;26;0,130887761835655
0,5;26,5;0,0406103876030163
0,5;27;0,0603248883700811
0,5;27,5;0,0395469842750002
0,5;28;0,0254788743710488
0,5;28,5;0,0435325627782074
0,5;29;0,0511844891385531
0,5;29,5;0,111502844568913
0,5;30;0,0776216308578402
0,5;30,5;0,0517791509477233
0,5;31;0,0602513022389359
0,5;31,5;0,0633764290812081
0,5;32;0,0223806691726829
0,5;32,5;0,0228420453027623
0,5;33;0,0213854039990289
0,5;33,5;0,0708835900144267
0,5;34;0,0721543828099006
0,5;34,5;0,055089116382473
0,5;35;0,0296741394453273
0,5;35,5;0,0375984730948394
0,5;36;0,126486105901897
0,5;36,5;0,042731137800684
0,5;37;0,348272843153521
0,5;37,5;0,125646432168054
0,5;38;0,0274894830250047
0,5;38,5;0,0481929881057826
0,5;39;0,0422579095151782
0,5;39,5;0,040610530795698
0,5;40;0,1512850064218
0,5;40,5;0,309334720685357
0,5;41;0,262924382387778
0,5;41,5;0,241939455913228
0,5;42;0,179085612135172
0,5;42,5;0,0748627086075305
0,5;43;0,0379292276290982
0,5;43,5;0,0469309263250794
0,5;44;0,0402435721331894
0,5;44,5;0,0227900194432979
0,5;45;0,0528622866499573
0,5;45,5;0,0441604210477532
0,5;46;0,0295543830018806
0,5;46,5;0,0273455517607879
0,5;47;0,0348736404511965
0,5;47,5;0,0280238387304467
0,5;48;0,0711817117534713
0,5;48,5;0,0677733349565261
0,5;49;0,0375466541740995
0,5;49,5;0,0228596779512105
0,5;50;0,0233995626386572
0,5;50,5;0,0180761131820033
0,5;51;0,0220497840172327
0,5;51,5;0,0277959110693697
0,5;52;0,0287307589980676
0,5;52,5;0,0240920983125573
0,5;53;0,0410347648753427
0,5;53,5;0,0362391063511733
0,5;54;0,0294321065856935
0,5;54,5;0,0325105283528508
0,5;55;0,0618766790962311
0,5;55,5;0,0584747257191314
0,5;56;0,092023004850693
0,5;56,5;0,0248020994558118
0,5;57;0,0633864965451992
0,5;57,5;0,0738318286086794
0,5;58;0,0528698588442068
0,5;58,5;0,0553224182711671
0,5;59;0,112565117499409
0,5;59,5;0,130380707378908
0,5;60;0,0354169496694258
0,5;60,5;0,0528882255207544
0,5;61;0,0382831555648173
0,5;61,5;0,0231777800094402
0,5;62;0,0393510228965271
0,5;62,5;0,0699764472130228
0,5;63;0,0518732691822713
0,5;63,5;0,192670908524345
0,5;64;0,15616441960116
0,5;64,5;0
0,5;65;0
0,5;65,5;0
0,5;66;0,0113137084989848
0,5;66,5;0,056849362353504
0,5;67;0,0639409067846207
0,5;67,5;0,0529592939264376
0,5;68;0,0448183174488665
0,5;68,5;0,0475117105286964
0,5;69;0,0561186243594762
0,5;69,5;0
0,5;70;0
0,5;70,5;0
0,5;71;0,0578692792858526
0,5;71,5;0,220117488467141
0,5;72;0,239882679658203
0,5;72,5;0
0,5;73;0,0678260934107842
0,5;73,5;0,0723784569166891
0,5;74;0,130563394563714
0,5;74,5;0,281375890983179
0,5;75;0,0419563264995082
0,5;75,5;0,0548361194834208
0,5;76;0
0,5;76,5;0,0869621222963522
1;-24;0
1;-23,5;0,19097506693408
1;-23;0,290026192451117
1;-22,5;0,356311222315517
1;-22;0,0693925086838479
1;-21,5;0,0704146400861464
1;-21;0,0591707979778314
1;-20,5;0,0287286152352203
1;-20;0
1;-19,5;0,0544453854793958
1;-19;0
1;-18,5;0
1;-18;0
1;-17,5;0,0768328973659529
1;-17;0,0484196041342361
1;-16,5;0,0295172467744344
1;-16;0,0359536738966502
1;-15,5;0,0385443467536637
1;-15;0,041158945850561
1;-14,5;0,0585979034242206
1;-14;0,0515108402830576
1;-13,5;0
1;-13;0,0388795647269833
1;-12,5;0,0477046751056542
1;-12;0,0364899203303362
1;-11,5;0,0359504237946438
1;-11;0,024409469929153
1;-10,5;0,0502705063583391
1;-10;0
1;-9,5;0
1;-9;0,0450980051150766
1;-8,5;0,057341705808872
1;-8;0,0508233039937402
1;-7,5;0,0418515818977474
1;-7;0,104589743568216
1;-6,5;0,0501623012887989
1;-6;0,0275702013557255
1;-5,5;0,0414417761026947
1;-5;0,224454079730751
1;-4,5;0,14152395468006
1;-4;0,0332921768660411
1;-3,5;0,0225399929470105
1;-3;0,0505908707648334
1;-2,5;0,107574333117644
1;-2;0,0188887647603984
1;-1,5;0,0506996062937023
1;-1;0,250934110167658
1;-0,5;0,235793008749637
1;0;0,0547603984615655
1;0,5;0,0231046725862282
1;1;0,0577489138628736
1;1,5;0,092728770041387
1;2;0,128806557290776
1;2,5;0,0391822663969301
1;3;0,0163092868472403
1;3,5;0,014196685097888
1;4;0,032552265666156
1;4,5;0,0268991510101875
1;5;0,0566335010707105
1;5,5;0,0262656827087032
1;6;0,0410494947506513
1;6,5;0,0318703684584118
1;7;0,226134510118793
1;7,5;0,222841186701108
1;8;0,0318003738044804
1;8,5;0,0315087595499197
1;9;0,0657692968886177
1;9,5;0,127652251773794
1;10;0,0285741724872888
1;10,5;0,0142094088643927
1;11;0,0355248739148595
1;11,5;0,300913858105605
1;12;0,0708129505594997
1;12,5;0,0278861543298065
1;13;0,0320713993403372
1;13,5;0,029506097329439
1;14;0,0257814078695392
1;14,5;0,0203935994388344
1;15;0,0322936061356607
1;15,5;0,171598189289669
1;16;0,07798938438746
1;16,5;0,0233195138139264
1;17;0,0357070013429241
1;17,5;0,173833582270713
1;18;0,216798128479922
1;18,5;0,0290639908604839
1;19;0,0494248100221946
1;19,5;0,0218306940132907
1;20;0,0286104018919471
1;20,5;0,0290844074173935
1;21;0,0313044038831494
1;21,5;0,0269614432382171
1;22;0,0361812661751709
1;22,5;0,0454044860710029
1;23;0,0228369414615181
1;23,5;0,0194011103092708
1;24;0,0346993382809382
1;24,5;0,244042153078093
1;25;0,355581898444476
1;25,5;0,350722397934924
1;26;0,105079619557177
1;26,5;0,0486177746974183
1;27;0,0504747229650862
1;27,5;0,269506459952119
1;28;0,0581110364903559
1;28,5;0,0369359862449862
1;29;0,0281595586577924
1;29,5;0,0341856482082374
1;30;0,0693225383628504
1;30,5;0,0569281505502231
1;31;0,0506248844104224
1;31,5;0,0183963217966903
1;32;0,015031470255408
1;32,5;0,0176926974398966
1;33;0,024048404044229
1;33,5;0,0309361126715509
1;34;0,0510986096321229
1;34,5;0,0582025495735325
1;35;0,0243672876184928
1;35,5;0,0730939837618998
1;36;0,0613606991440697
1;36,5;0,0420855386324504
1;37;0,0241608043696214
1;37,5;0,0281210250953657
1;38;0,0314658369993812
1;38,5;0,0199209018408404
1;39;0,0240539617923769
1;39,5;0,0252592926018346
1;40;0,0399969572265281
1;40,5;0,133869374780538
1;41;0,259956319969358
1;41,5;0,208514381521633
1;42;0,134633982499581
1;42,5;0,057822723520878
1;43;0,0924481651267029
1;43,5;0,104602402803073
1;44;0,0212343509060721
1;44,5;0,0265838400342048
1;45;0,0203956255775528
1;45,5;0,0570715099025603
1;46;0,0630862499371256
1;46,5;0,0416631381426052
1;47;0,0732501675925837
1;47,5;0,0263323691283531
1;48;0,0300993167783492
1;48,5;0,0309577246620846
1;49;0,0313274692654627
1;49,5;0,0290616709129644
1;50;0,0324209379511274
1;50,5;0,025053955550077
1;51;0,0167487386968059
1;51,5;0,033762811056965
1;52;0,0787626643802473
1;52,5;0,336536035876585
1;53;0,0459469525843731
1;53,5;0,0177465668118883
1;54;0,0200058806781403
1;54,5;0,0626765242671838
1;55;0,0731749830990486
1;55,5;0,0398594792977485
1;56;0,0296254451275081
1;56,5;0,0148972301195182
1;57;0,0546330820029225
1;57,5;0,0860754343129145
1;58;0,203405671848322
1;58,5;0,15192840954474
1;59;0,135659817798228
1;59,5;0,0919330886567435
1;60;0,044485711430509
1;60,5;0,147045772802864
1;61;0,0551231654320808
1;61,5;0,0565685424949238
1;62;0
1;62,5;0,0590980176210074
1;63;0,140800988851423
1;63,5;0,179230841670814
1;64;0,216235805690614
1;64,5;0,303402354153271
1;65;0
1;65,5;0
1;66;0,0489138698802974
1;66,5;0,0465719276436401
1;67;0,0548908913876041
1;67,5;0,0740139236727516
1;68;0,0537611464681067
1;68,5;0,0918526252314258
1;69;0
1;69,5;0
1;70;0
1;70,5;0
1;71;0,0603544205891837
1;71,5;0,0545845442803104
1;72;0,200041431878711
1;72,5;0,0441168901895861
1;73;0,0635053949297631
1;73,5;0,0260256283945908
1;74;0
1;74,5;0,277999090291495
1;75;0,266360712966017
1;75,5;0,0790246293598049
1;76;0,099853255967308
1;76,5;0
1;77;0
1,5;-24;0,0869741340859453
1,5;-23,5;0,124478625091118
1,5;-23;0,365237782951378
1,5;-22,5;0,341813265645774
1,5;-22;0,0770874159443012
1,5;-21,5;0,067465725987397
1,5;-21;0,0459048214415321
1,5;-20,5;0,0203641842458764
1,5;-20;0
1,5;-19,5;0,0524785670536077
1,5;-19;0,00989949493661167
1,5;-18,5;0,0714177848998413
1,5;-18;0,00777817459305202
1,5;-17,5;0,055645847261591
1,5;-17;0,0448745971413564
1,5;-16,5;0,0327489730845906
1,5;-16;0,0272213151776324
1,5;-15,5;0
1,5;-15;0,0218632111090754
1,5;-14,5;0,0601727231705248
1,5;-14;0,0587706599945115
1,5;-13,5;0,0489768430199909
1,5;-13;0,0350415060015568
1,5;-12,5;0,0535968102169696
1,5;-12;0,061929643158623
1,5;-11,5;0,0408349756715397
1,5;-11;0
1,5;-10,5;0
1,5;-10;0
1,5;-9,5;0
1,5;-9;0
1,5;-8,5;0,31681637035148
1,5;-8;0,219252687752924
1,5;-7,5;0,0791318088580709
1,5;-7;0,0368175982433531
1,5;-6,5;0,0398219003132363
1,5;-6;0,0782528216817898
1,5;-5,5;0,0476743858499225
1,5;-5;0,27809570873044
1,5;-4,5;0,215153786548487
1,5;-4;0,207019869905346
1,5;-3,5;0,0153062539375784
1,5;-3;0,0500155521572166
1,5;-2,5;0,0190002473765559
1,5;-2;0,0207289352264459
1,5;-1,5;0,0409505457457031
1,5;-1;0,116531345790825
1,5;-0,5;0,0923048503571131
1,5;0;0,0376590148644415
1,5;0,5;0,0563788580076974
1,5;1;0,0619807621446611
1,5;1,5;0,0392247304207948
1,5;2;0,0345230569338101
1,5;2,5;0,0189019982327288
1,5;3;0,0223828877473807
1,5;3,5;0,0237083402930073
1,5;4;0,0477374678865604
1,5;4,5;0,0219191979704875
1,5;5;0,0347039386940667
1,5;5,5;0,0281031477703219
1,5;6;0,0823300495101369
1,5;6,5;0,168307669947289
1,5;7;0,175098685673302
1,5;7,5;0,109981892449015
1,5;8;0,0300066934681674
1,5;8,5;0,0211559082005626
1,5;9;0,0279501277613051
1,5;9,5;0,0327557136521173
1,5;10;0,026956285395322
1,5;10,5;0,0194622506689727
1,5;11;0,0388082522251563
1,5;11,5;0,338064759347385
1,5;12;0,146429899831757
1,5;12,5;0,0388762995495542
1,5;13;0,0321198277288863
1,5;13,5;0,0304458060730541
1,5;14;0,0343778570062416
1,5;14,5;0,0311540516005459
1,5;15;0,0972401460586606
1,5;15,5;0,350826702920535
1,5;16;0,350338385025162
1,5;16,5;0,236763292656001
1,5;17;0,0454356415236008
1,5;17,5;0,288187298246337
1,5;18;0,257038369272443
1,5;18,5;0,0277480076469403
1,5;19;0,0519440165369842
1,5;19,5;0,0303086896230547
1,5;20;0,0863427813735277
1,5;20,5;0,0289198069523256
1,5;21;0,0299171675564474
1,5;21,5;0,0393065125440385
1,5;22;0,0279640486433729
1,5;22,5;0,0351602451280642
1,5;23;0,0315281216026365
1,5;23,5;0,0200191230890915
1,5;24;0,0394572125896439
1,5;24,5;0,161773187053933
1,5;25;0,281512361437066
1,5;25,5;0,115934176726854
1,5;26;0,0363375645171952
1,5;26,5;0,0563162202803656
1,5;27;0,154152305637423
1,5;27,5;0,164533049264006
1,5;28;0,349569068044261
1,5;28,5;0,0428157497861717
1,5;29;0,0324884594894864
1,5;29,5;0,0224510180028967
1,5;30;0,0362394688522324
1,5;30,5;0,0641510379671982
1,5;31;0,0568043995405509
1,5;31,5;0,0220864595324346
1,5;32;0,0265876687893591
1,5;32,5;0,0289704989111775
1,5;33;0,0315702655876995
1,5;33,5;0,0497363046476113
1,5;34;0,0313543540550158
1,5;34,5;0,0219273405697729
1,5;35;0,0330540417781419
1,5;35,5;0,0529863059911665
1,5;36;0,117217787224778
1,5;36,5;0,116170405117698
1,5;37;0,0214590771201066
1,5;37,5;0,0456427860950464
1,5;38;0,0725822222833983
1,5;38,5;0,042874077265609
1,5;39;0,0236596571436959
1,5;39,5;0,0154914790891557
1,5;40;0,0209508812647656
1,5;40,5;0,0247725776260949
1,5;41;0,107343641899289
1,5;41,5;0,0928511548475394
1,5;42;0,0529435704249128
1,5;42,5;0,025466889907873
1,5;43;0,200631634963167
1,5;43,5;0,219975747391049
1,5;44;0,0370874544348402
1,5;44,5;0,0552485857003512
1,5;45;0,0490360742545658
1,5;45,5;0,0532851841916844
1,5;46;0,0752531186247128
1,5;46,5;0,0333278584439412
1,5;47;0,0553462429761068
1,5;47,5;0,0386883055486525
1,5;48;0,0310963999227285
1,5;48,5;0,0292546504508728
1,5;49;0,0228199836304184
1,5;49,5;0,0242616192946575
1,5;50;0,0562414352218422
1,5;50,5;0,0792329906314769
1,5;51;0,0243840795055572
1,5;51,5;0,0420856062009295
1,5;52;0,0940304028847408
1,5;52,5;0,301985373553456
1,5;53;0,0312063880553675
1,5;53,5;0,0186562427127453
1,5;54;0,0151734598657498
1,5;54,5;0,0342294799883884
1,5;55;0,0856429323669314
1,5;55,5;0,0500359426796934
1,5;56;0,0961347322453583
1,5;56,5;0,0282580213380969
1,5;57;0,0453634366704577
1,5;57,5;0,0750932194289065
1,5;58;0,328861795180215
1,5;58,5;0,13411918429766
1,5;59;0,0972407608349789
1,5;59,5;0,046466834050392
1,5;60;0,123048943206524
1,5;60,5;0,306733279616936
1,5;61;0,281130360174359
1,5;61,5;0,034590461112856
1,5;62;0,0751039279931483
1,5;62,5;0,0603605378995178
1,5;63;0,12220755345906
1,5;63,5;0,237110572729085
1,5;64;0,158584692991884
1,5;64,5;0,182516477902359
1,5;65;0,0500502311785434
1,5;65,5;0,0695008245662209
1,5;66;0,0794666041584173
1,5;66,5;0,0875402764446172
1,5;67;0,104451995614038
1,5;67,5;0,176296545045193
1,5;68;0,286720315487759
1,5;68,5;0
1,5;69;0
1,5;69,5;0
1,5;70;0
1,5;70,5;0,0403658109395867
1,5;71;0,0516374213184903
1,5;71,5;0,0513848994816263
1,5;72;0,109535545437478
1,5;72,5;0,193178245522768
1,5;73;0,0584679399329239
1,5;73,5;0
1,5;74;0
1,5;74,5;0
1,5;75;0
1,5;75,5;0,0785483245251882
1,5;76;0,0717334683128488
1,5;76,5;0,103237590053236
1,5;77;0
2;-24;0
2;-23,5;0,085232036230516
2;-23;0,0585806359566957
2;-22,5;0,0886501316964751
2;-22;0,0582309032665482
2;-21,5;0,0426487592629219
2;-21;0
2;-20,5;0
2;-20;0
2;-19,5;0
2;-19;0,0639424964881952
2;-18,5;0,0330070699497345
2;-18;0,0322484671940177
2;-17,5;0,0629597476532539
2;-17;0,058978855828022
2;-16,5;0,063231716725074
2;-16;0,0307431757816732
2;-15,5;0
2;-15;0,0754334143466939
2;-14,5;0,0790558694076846
2;-14;0,0523263521223941
2;-13,5;0,0584384507430897
2;-13;0,0490068228603802
2;-12,5;0,0484748080712431
2;-12;0,0387397045146495
2;-11,5;0,0385279119600323
2;-11;0
2;-10,5;0,0145
2;-10;0,318475451677204
2;-9,5;0,287774770520953
2;-9;0,201076343296106
2;-8,5;0,246048587729154
2;-8;0,184588737615169
2;-7,5;0,0843945808057003
2;-7;0,0552195138654666
2;-6,5;0,0460418924914857
2;-6;0,0338107928262332
2;-5,5;0,0577003812754647
2;-5;0,0913677061113921
2;-4,5;0,0433920373884027
2;-4;0,0333735527396074
2;-3,5;0,070795687043981
2;-3;0,0595517792716088
2;-2,5;0,0251843934444215
2;-2;0,0154535943204749
2;-1,5;0,0227365987976985
2;-1;0,131901307059655
2;-0,5;0,0863456480469
2;0;0,0316547176614251
2;0,5;0,337627946895737
2;1;0,291630238141245
2;1,5;0,073525973184871
2;2;0,0377873800117747
2;2,5;0,0692423072076459
2;3;0,0746232843890079
2;3,5;0,0476041253970802
2;4;0,0248237977883949
2;4,5;0,0480314190674277
2;5;0,147864790072724
2;5,5;0,0235312522979705
2;6;0,110385230776376
2;6,5;0,168497541897039
2;7;0,074501579845323
2;7,5;0,0435296881054353
2;8;0,0212840231599498
2;8,5;0,0180577776410425
2;9;0,0205511288758459
2;9,5;0,0278989642075965
2;10;0,0297696528600009
2;10,5;0,0345235616433175
2;11;0,0257259235110397
2;11,5;0,0317676308393623
2;12;0,024766223777968
2;12,5;0,0182248732645701
2;13;0,0303444572888406
2;13,5;0,0299734800137093
2;14;0,0237509199473854
2;14,5;0,031717765789328
2;15;0,30140215851421
2;15,5;0,371856917112493
2;16;0,290602525494345
2;16,5;0,327424148261874
2;17;0,0483876122502831
2;17,5;0,0267945710137832
2;18;0,309362216267589
2;18,5;0,334772775411957
2;19;0,171721988464827
2;19,5;0,213889249746276
2;20;0,150014141206699
2;20,5;0,0308649885900053
2;21;0,0253769563968256
2;21,5;0,0292683791237049
2;22;0,0283488500697203
2;22,5;0,0221031671938661
2;23;0,0259236588496738
2;23,5;0,0412707114712644
2;24;0,0370865862008497
2;24,5;0,0358436135992779
2;25;0,0865741612691052
2;25,5;0,0600601317138716
2;26;0,0449266926614749
2;26,5;0,0601520811361816
2;27;0,0550016403461874
2;27,5;0,274755218380922
2;28;0,116465423873282
2;28,5;0,0314127524945482
2;29;0,0372755190617347
2;29,5;0,0466077515751088
2;30;0,0443587330621553
2;30,5;0,0239500649630898
2;31;0,0702838597164322
2;31,5;0,0716475197050799
2;32;0,017562530819133
2;32,5;0,0450582536111576
2;33;0,033826211804487
2;33,5;0,0445675579051719
2;34;0,0353797434957062
2;34,5;0,0334580468102749
2;35;0,0437532855909131
2;35,5;0,339503037696339
2;36;0,357801524680864
2;36,5;0,403081171010278
2;37;0,0239703233303229
2;37,5;0,0637292802805445
2;38;0,0823841531392796
2;38,5;0,0672732163959603
2;39;0,0240162160983399
2;39,5;0,0146059175099479
2;40;0,0236703822561951
2;40,5;0,0242338108065343
2;41;0,0890516133820066
2;41,5;0,0428378668648266
2;42;0,0191687767943776
2;42,5;0,0324702172454628
2;43;0,0571855247741723
2;43,5;0,0717973229656092
2;44;0,0573482646588696
2;44,5;0,0305369088134688
2;45;0,0488655371547829
2;45,5;0,0198471681615694
2;46;0,0444326586760774
2;46,5;0,0523989911159791
2;47;0,0438686761117959
2;47,5;0,0168349097808044
2;48;0,0377357602719991
2;48,5;0,0312109348112266
2;49;0,0354120364414414
2;49,5;0,0435079106831277
2;50;0,0472681976268088
2;50,5;0,0749690954067504
2;51;0,0293971827326545
2;51,5;0,0216492449559456
2;52;0,0556848820815576
2;52,5;0,0680009949071382
2;53;0,0426516448676643
2;53,5;0,0150115919282658
2;54;0,0144068251731687
2;54,5;0,017290995124535
2;55;0,0238744650755703
2;55,5;0,036121642255242
2;56;0,0741267280259839
2;56,5;0,0421694921103133
2;57;0,0234888390990038
2;57,5;0,0437937280652032
2;58;0,0682014129419085
2;58,5;0,0379609421976078
2;59;0,0375590890085678
2;59,5;0,0368909666592329
2;60;0,0665481581363674
2;60,5;0,346096736658898
2;61;0,311548974220576
2;61,5;0,0408431880232817
2;62;0,0452185872314673
2;62,5;0,0463255980960963
2;63;0,120588240759718
2;63,5;0,110780836181888
2;64;0,149163314673697
2;64,5;0,0339632153954834
2;65;0
2;65,5;0,112722052593181
2;66;0,123631261778277
2;66,5;0,0359091604333811
2;67;0,0460478020092295
2;67,5;0,224650646099211
2;68;0,207861536517868
2;68,5;0,287085353161738
2;69;0
2;69,5;0
2;70;0
2;70,5;0,0536852173703578
2;71;0,0542517061395088
2;71,5;0,0588420703860072
2;72;0,0530202240020335
2;72,5;0,0892405318835797
2;73;0,0813654308249722
2;73,5;0
2;74;0
2;74,5;0,0780465837226027
2;75;0,110515184751264
2;75,5;0,0667751201172013
2;76;0
2;76,5;0
2;77;0
2,5;-24;0
2,5;-23,5;0,0590818641096121
2,5;-23;0,0386691091182613
2,5;-22,5;0,0658657725985204
2,5;-22;0,0418557045096603
2,5;-21,5;0
2,5;-21;0,0205060966544099
2,5;-20,5;0,0762022163573854
2,5;-20;0
2,5;-19,5;0,0205060966544099
2,5;-19;0
2,5;-18,5;0,298363712837771
2,5;-18;0,0164620776331543
2,5;-17,5;0,0734923409819454
2,5;-17;0,0412492424172857
2,5;-16,5;0,0503370719880143
2,5;-16;0,0433054232607703
2,5;-15,5;0,0660989157752732
2,5;-15;0,0926454010173755
2,5;-14,5;0,051534777901271
2,5;-14;0,0722996668738201
2,5;-13,5;0,0463878479999637
2,5;-13;0,0496679370243416
2,5;-12,5;0,0364050020714761
2,5;-12;0,0432095468046696
2,5;-11,5;0,019776810213536
2,5;-11;0,0450743829685998
2,5;-10,5;0,0203360166067146
2,5;-10;0,175261859222837
2,5;-9,5;0,0499959998399872
2,5;-9;0,0680277613610023
2,5;-8,5;0,112872542805677
2,5;-8;0,101496939530855
2,5;-7,5;0,0756585380587115
2,5;-7;0,0335267720552463
2,5;-6,5;0,0294913477776041
2,5;-6;0,0434416322891936
2,5;-5,5;0,0562131876263348
2,5;-5;0,0731763337710754
2,5;-4,5;0,0443285773099366
2,5;-4;0,0448365923903917
2,5;-3,5;0,0521525314920012
2,5;-3;0,0574079743260829
2,5;-2,5;0,0569377028349945
2,5;-2;0,0428254107135155
2,5;-1,5;0,154383591931424
2,5;-1;0,0959230400990749
2,5;-0,5;0,168076812338699
2,5;0;0,1529624655354
2,5;0,5;0,346316736372964
2,5;1;0,311676156351076
2,5;1,5;0,0749085990348664
2,5;2;0,05808470825728
2,5;2,5;0,162845424348997
2,5;3;0,197140080386424
2,5;3,5;0,0291600409632894
2,5;4;0,0256570435611261
2,5;4,5;0,0288308045197528
2,5;5;0,0691572737490186
2,5;5,5;0,0423568176330564
2,5;6;0,0593626386291392
2,5;6,5;0,0859593551848875
2,5;7;0,0375867884590672
2,5;7,5;0,0387080226733909
2,5;8;0,0258002605321375
2,5;8,5;0,0351296692826996
2,5;9;0,0296790244172231
2,5;9,5;0,0353816383252459
2,5;10;0,027270287769683
2,5;10,5;0,0284913282442916
2,5;11;0,0476001510519167
2,5;11,5;0,0284175526792066
2,5;12;0,0220034933364742
2,5;12,5;0,0389271817897682
2,5;13;0,0372821920724899
2,5;13,5;0,043128814359998
2,5;14;0,0874998299880285
2,5;14,5;0,06097404835668
2,5;15;0,180480857176495
2,5;15,5;0,334136810493429
2,5;16;0,206794888465157
2,5;16,5;0,19837524651466
2,5;17;0,0255536517636384
2,5;17,5;0,063869217916342
2,5;18;0,185131809197824
2,5;18,5;0,236360735704812
2,5;19;0,30977844299847
2,5;19,5;0,252687530938927
2,5;20;0,273699330065378
2,5;20,5;0,0373021059383786
2,5;21;0,0216875318054562
2,5;21,5;0,0307767890430703
2,5;22;0,02654556091718
2,5;22,5;0,0350498857395873
2,5;23;0,0330046703431925
2,5;23,5;0,0236764927415347
2,5;24;0,0174675062359996
2,5;24,5;0,0276278844647939
2,5;25;0,0444216538788611
2,5;25,5;0,0489721009010913
2,5;26;0,0367259731993315
2,5;26,5;0,071996616656044
2,5;27;0,0372617323091382
2,5;27,5;0,0342077030327777
2,5;28;0,0296303953834321
2,5;28,5;0,0238741362182025
2,5;29;0,0337347680146574
2,5;29,5;0,0307931033107794
2,5;30;0,0424360351575145
2,5;30,5;0,0274134408739142
2,5;31;0,0444934153327891
2,5;31,5;0,0661893456425127
2,5;32;0,03629542655736
2,5;32,5;0,0217780755119169
2,5;33;0,022552476301458
2,5;33,5;0,028604598321778
2,5;34;0,023803361107205
2,5;34,5;0,0325257558465354
2,5;35;0,0562354529705141
2,5;35,5;0,242034874909111
2,5;36;0,352684818008933
2,5;36,5;0,30133460270456
2,5;37;0,203918840442454
2,5;37,5;0,0818307910345766
2,5;38;0,058918223760733
2,5;38,5;0,021455133609956
2,5;39;0,0194493092487137
2,5;39,5;0,0159482243250376
2,5;40;0,0205146596487537
2,5;40,5;0,0226967448113514
2,5;41;0,131788473246609
2,5;41,5;0,0511948350967513
2,5;42;0,0351451464325418
2,5;42,5;0,0611785988308588
2,5;43;0,0663983368047332
2,5;43,5;0,023832924391916
2,5;44;0,0373478660769398
2,5;44,5;0,159227841793579
2,5;45;0,0436735988804607
2,5;45,5;0,0267341459445963
2,5;46;0,0333374857357611
2,5;46,5;0,0259587908718687
2,5;47;0,0358599975706958
2,5;47,5;0,0321567763381656
2,5;48;0,0240175268875907
2,5;48,5;0,0243522559354571
2,5;49;0,0323207755318231
2,5;49,5;0,0867869997945161
2,5;50;0,0835261262965348
2,5;50,5;0,0281032212892393
2,5;51;0,019693409203201
2,5;51,5;0,0397640204854509
2,5;52;0,0337309662066252
2,5;52,5;0,0623483741168978
2,5;53;0,029136380053869
2,5;53,5;0,0169169250439073
2,5;54;0,0205226811301874
2,5;54,5;0,0304063594370466
2,5;55;0,0442669787352273
2,5;55,5;0,054120185609051
2,5;56;0,0626475037647868
2,5;56,5;0,0191070022630292
2,5;57;0,0228620974800927
2,5;57,5;0,0498311290217942
2,5;58;0,0646826560370324
2,5;58,5;0,0567623817546105
2,5;59;0,0363158721322857
2,5;59,5;0,0301247390516743
2,5;60;0,0335693629319887
2,5;60,5;0,0517300200676847
2,5;61;0,0567721942719809
2,5;61,5;0,0371061685746292
2,5;62;0,0618391321401054
2,5;62,5;0,1743174540358
2,5;63;0,202836390974991
2,5;63,5;0,0891452889371196
2,5;64;0,376555130979073
2,5;64,5;0,0338452360015409
2,5;65;0
2,5;65,5;0,0204776300712102
2,5;66;0,0408817108951458
2,5;66,5;0,0457114194495499
2,5;67;0,0591896124469419
2,5;67,5;0,0769901123031362
2,5;68;0,168127609017086
2,5;68,5;0
2,5;69;0,0284486120823453
2,5;69,5;0,0642354717685901
2,5;70;0,0620235170452843
2,5;70,5;0,0696313589109882
2,5;71;0,0464908593166442
2,5;71,5;0,0551617941097982
2,5;72;0,0294699200961962
2,5;72,5;0,0874777008622663
2,5;73;0,107562335015462
2,5;73,5;0,0212132034355964
2,5;74;0
2,5;74,5;0
2,5;75;0,0608111831820431
2,5;75,5;0,121687721299856
2,5;76;0,0723394774656273
2,5;76,5;0
2,5;77;0
3;-24;0
3;-23,5;0,00529150262212918
3;-23;0,0920470893981264
3;-22,5;0,0710401295043865
3;-22;0
3;-21;0
3;-20,5;0
3;-20;0
3;-19,5;0,0643739077577243
3;-19;0,05819722215593
3;-18,5;0,253192405274467
3;-18;0
3;-17,5;0
3;-17;0,237147721192228
3;-16,5;0,323277095579498
3;-16;0,0635898758014178
3;-15,5;0,0523002207492316
3;-15;0,060192471569405
3;-14,5;0,0732768437730047
3;-14;0,0360624458405139
3;-13,5;0,0479374592568275
3;-13;0,0326681729487513
3;-12,5;0,00939680796866681
3;-12;0,0845320680985042
3;-11,5;0,0608780515070705
3;-11;0,0446414064788935
3;-10,5;0,0305913931250823
3;-10;0,0668682784784136
3;-9,5;0,0230329474159663
3;-9;0,0506741564297831
3;-8,5;0,0397628354788421
3;-8;0,157275452757098
3;-7,5;0,0759529898363064
3;-7;0,0377864792276597
3;-6,5;0,0285433127045935
3;-6;0,0220880502368153
3;-5,5;0,0983073346320382
3;-5;0,0988797943337715
3;-4,5;0,050434480399691
3;-4;0,0709564258933717
3;-3,5;0,124578893583112
3;-3;0,0383532614152743
3;-2,5;0,0258359863212749
3;-2;0,0403474460565595
3;-1,5;0,10968251717712
3;-1;0,0928359441942358
3;-0,5;0,207270948291143
3;0;0,169602554187154
3;0,5;0,0739386085957767
3;1;0,0615329728626148
3;1,5;0,0750172211633728
3;2;0,0505460976632293
3;2,5;0,146598772164026
3;3;0,0770736276370522
3;3,5;0,0265302597649475
3;4;0,0170909534170927
3;4,5;0,309221691805726
3;5;0,284799031893532
3;5,5;0,0321068942917939
3;6;0,0378133574282951
3;6,5;0,0331281051354022
3;7;0,0461556177169362
3;7,5;0,0444740894015737
3;8;0,0508544931798953
3;8,5;0,0235384217881208
3;9;0,03893822542758
3;9,5;0,04864451220326
3;10;0,0382131671449867
3;10,5;0,0293217099122188
3;11;0,029039341131185
3;11,5;0,0444690361832069
3;12;0,0240141085711779
3;12,5;0,043908658006524
3;13;0,0283827320140966
3;13,5;0,0290875069033295
3;14;0,125306481026832
3;14,5;0,130525437395025
3;15;0,0325373995449238
3;15,5;0,191022838047306
3;16;0,322550939022758
3;16,5;0,207096118362697
3;17;0,0697685330888244
3;17,5;0,0250582489456144
3;18;0,113787577572938
3;18,5;0,202041783720957
3;19;0,177607586220847
3;19,5;0,0325633267332115
3;20;0,0381180546218491
3;20,5;0,0302290361754915
3;21;0,0272761639248869
3;21,5;0,0344770954431031
3;22;0,0199852355971422
3;22,5;0,0285166617962201
3;23;0,322831528828133
3;23,5;0,301989458977186
3;24;0,0379034737105682
3;24,5;0,0372527403913681
3;25;0,043777412506109
3;25,5;0,0661712435358017
3;26;0,0508044446657588
3;26,5;0,0320102388644143
3;27;0,0373638621301025
3;27,5;0,0219029697220406
3;28;0,0505110680663048
3;28,5;0,0267170383414975
3;29;0,046422101251385
3;29,5;0,0678357672788777
3;30;0,0525076801413774
3;30,5;0,0286707760615409
3;31;0,0531059343774916
3;31,5;0,0782928630022841
3;32;0,101656928096352
3;32,5;0,113748309311165
3;33;0,0108133488058369
3;33,5;0,0224822977358764
3;34;0,0305014003335013
3;34,5;0,0321792500169389
3;35;0,0555982080988376
3;35,5;0,0390534567298766
3;36;0,249291833614012
3;36,5;0,285236308440725
3;37;0,193604146914469
3;37,5;0,0641273292448475
3;38;0,0339836013015291
3;38,5;0,0311264427403098
3;39;0,0235437599785437
3;39,5;0,0192369353509755
3;40;0,0338668313071107
3;40,5;0,0196488723825833
3;41;0,0754725381918134
3;41,5;0,0532162671251919
3;42;0,342471990724773
3;42,5;0,30789515556554
3;43;0,0208022636640278
3;43,5;0,0288503804615054
3;44;0,401260459430681
3;44,5;0,349841134843585
3;45;0,262157154266761
3;45,5;0,0294796248911052
3;46;0,0657626293268294
3;46,5;0,0646928577218566
3;47;0,0416145949133705
3;47,5;0,0320552982946709
3;48;0,0213723612100175
3;48,5;0,0303466428585168
3;49;0,0708831365531961
3;49,5;0,197175002073227
3;50;0,0564559873919206
3;50,5;0,0502297668378425
3;51;0,109292901379783
3;51,5;0,0436425992648036
3;52;0,0578268635537099
3;52,5;0,0545309582924585
3;53;0,116895579241822
3;53,5;0,253206134787874
3;54;0,222526589227367
3;54,5;0,0989884937799664
3;55;0,0224731383384411
3;55,5;0,0186216569199032
3;56;0,0445390743981775
3;56,5;0,0540154497096845
3;57;0,0636639850118321
3;57,5;0,0389079901441169
3;58;0,0986806914547085
3;58,5;0,0915562003168311
3;59;0,0596498693032494
3;59,5;0,0607449144829807
3;60;0,0571677043219813
3;60,5;0,0478088213173605
3;61;0,06995577230213
3;61,5;0,0542810387596918
3;62;0,072170593823209
3;62,5;0,161576279733426
3;63;0,209430107414326
3;63,5;0,274747402871466
3;64;0
3;64,5;0
3;65;0
3;65,5;0,0267706306736817
3;66;0,0494010374384992
3;66,5;0,0445227781902452
3;67;0,0431459407097596
3;67,5;0,0727307254973615
3;68;0,0399588238357835
3;68,5;0
3;69;0,0270162502538339
3;69,5;0,0774875227147609
3;70;0,0593439971690482
3;70,5;0,061311210757614
3;71;0,0506104668506299
3;71,5;0,0602629392640244
3;72;0,0402775095776511
3;72,5;0,0698176706151443
3;73;0,115043698791281
3;73,5;0,120112413923831
3;74;0,0849903505334251
3;74,5;0,113540112483902
3;75;0,064896679016483
3;75,5;0,104198299958712
3;76;0,0341760149812701
3;76,5;0
3;77;0
3,5;-24;0
3,5;-23,5;0
3,5;-23;0,0634198133651679
3,5;-22,5;0,135336617365737
3,5;-22;0,209687627434003
3,5;-21,5;0,198102742102606
3,5;-21;0
3,5;-20,5;0
3,5;-20;0,0795671740429757
3,5;-19,5;0,0790078630532583
3,5;-19;0
3,5;-18,5;0
3,5;-18;0
3,5;-17,5;0
3,5;-17;0,27434943238934
3,5;-16,5;0,219999649915024
3,5;-16;0,0514907435218157
3,5;-15,5;0,0422246398772797
3,5;-15;0,0328516587325736
3,5;-14,5;0,0333493294951754
3,5;-14;0,0304236749916903
3,5;-13,5;0,0318198051533946
3,5;-13;0,0364410809520297
3,5;-12,5;0
3,5;-12;0,0890437494410255
3,5;-11,5;0,0386339853656653
3,5;-11;0,0567621870821847
3,5;-10,5;0,0480074950056715
3,5;-10;0,0383212169628741
3,5;-9,5;0,0546114151681374
3,5;-9;0,03817103179093
3,5;-8,5;0,0410481129205095
3,5;-8;0,0299994951880604
3,5;-7,5;0,0730048112441141
3,5;-7;0,0641188260938168
3,5;-6,5;0,048084774659299
3,5;-6;0,0364442767898399
3,5;-5,5;0,0756974725115229
3,5;-5;0,072981554217807
3,5;-4,5;0,0221063529893749
3,5;-4;0,0250803430111856
3,5;-3,5;0,111810450006289
3,5;-3;0,0483804625880289
3,5;-2,5;0,0293096102430675
3,5;-2;0,0266653057286248
3,5;-1,5;0,0779300213172815
3,5;-1;0,255540400267036
3,5;-0,5;0,34026715807663
3,5;0;0,264642956623369
3,5;0,5;0,0403179563384081
3,5;1;0,0299173862494704
3,5;1,5;0,0269721032293939
3,5;2;0,0384884745368832
3,5;2,5;0,0254635617148625
3,5;3;0,0334939861383804
3,5;3,5;0,0383313863441353
3,5;4;0,031403104284094
3,5;4,5;0,0184837505883593
3,5;5;0,0902872268559254
3,5;5,5;0,182602335171041
3,5;6;0,0429446148533618
3,5;6,5;0,033163708216961
3,5;7;0,0264124287255938
3,5;7,5;0,0423792109490155
3,5;8;0,0402709059715397
3,5;8,5;0,0352765286142838
3,5;9;0,0254762921174785
3,5;9,5;0,0226344620109119
3,5;10;0,0127213730915076
3,5;10,5;0,0256285260961738
3,5;11;0,0530203129118192
3,5;11,5;0,0267456620925964
3,5;12;0,0190726066668631
3,5;12,5;0,0208058253656519
3,5;13;0,0187111146735017
3,5;13,5;0,0139083085539528
3,5;14;0,0563104061939712
3,5;14,5;0,0281851366570158
3,5;15;0,0231619730861854
3,5;15,5;0,0239558564416144
3,5;16;0,0661618823275418
3,5;16,5;0,0576009761357447
3,5;17;0,334256239858432
3,5;17,5;0,0261166117723628
3,5;18;0,0320170366150401
3,5;18,5;0,037862699613717
3,5;19;0,319792658593593
3,5;19,5;0,0791533635335712
3,5;20;0,0286795633748476
3,5;20,5;0,0591764799994387
3,5;21;0,0386258559686552
3,5;21,5;0,260649012492851
3,5;22;0,34167976726883
3,5;22,5;0,0276623681482668
3,5;23;0,294351945647275
3,5;23,5;0,289701587464781
3,5;24;0,030395560245612
3,5;24,5;0,0354726624263576
3,5;25;0,030576679566842
3,5;25,5;0,0448415948361672
3,5;26;0,0441254863249955
3,5;26,5;0,0528963264306914
3,5;27;0,0608740209660199
3,5;27,5;0,0353010937172045
3,5;28;0,0434863834575662
3,5;28,5;0,0381726828898397
3,5;29;0,0634706337597338
3,5;29,5;0,0555705505475182
3,5;30;0,0521884997872262
3,5;30,5;0,0246284221907138
3,5;31;0,0400919930451965
3,5;31,5;0,0552624594618291
3,5;32;0,028981950004212
3,5;32,5;0,0296065125983337
3,5;33;0,0151109207088924
3,5;33,5;0,0279548707931374
3,5;34;0,0320021607397222
3,5;34,5;0,0397809609487931
3,5;35;0,0438319652362359
3,5;35,5;0,0327944440450527
3,5;36;0,0235625691614427
3,5;36,5;0,0212296904798268
3,5;37;0,0383939186012382
3,5;37,5;0,132853718970369
3,5;38;0,387292072016107
3,5;38,5;0,0359675140782
3,5;39;0,030998024186926
3,5;39,5;0,02386642512313
3,5;40;0,0236589615314464
3,5;40,5;0,0275325395171867
3,5;41;0,0937882142812334
3,5;41,5;0,0300196681014537
3,5;42;0,230858261778703
3,5;42,5;0,237281693919649
3,5;43;0,02233319387374
3,5;43,5;0,156639932219779
3,5;44;0,408173837405951
3,5;44,5;0,292683586755258
3,5;45;0,192159542141041
3,5;45,5;0,0385832919450825
3,5;46;0,0480484582659704
3,5;46,5;0,0417485043531413
3,5;47;0,018299945806721
3,5;47,5;0,0181194622548695
3,5;48;0,0209499403340439
3,5;48,5;0,0254643974440803
3,5;49;0,070559783572877
3,5;49,5;0,0320050723424801
3,5;50;0,0318057380355934
3,5;50,5;0,0449338402543117
3,5;51;0,0579449602413096
3,5;51,5;0,0354332735989439
3,5;52;0,0445421266939531
3,5;52,5;0,0502513295934345
3,5;53;0,166646663124644
3,5;53,5;0,119935260314332
3,5;54;0,104991082528319
3,5;54,5;0,21283720867457
3,5;55;0,119305946238085
3,5;55,5;0,18434679423906
3,5;56;0,146044257271202
3,5;56,5;0,159718058774148
3,5;57;0,0948667249651741
3,5;57,5;0,184808041811035
3,5;58;0,12326234648345
3,5;58,5;0,0550704107489314
3,5;59;0,0211771935457351
3,5;59,5;0,0376387192517725
3,5;60;0,0506154005898926
3,5;60,5;0,0576949822138364
3,5;61;0,129262975517883
3,5;61,5;0,231239909356089
3,5;62;0,119080070217159
3,5;62,5;0,115264791553227
3,5;63;0,198482878206601
3,5;63,5;0,174029062827457
3,5;64;0
3,5;64,5;0,0254558441227157
3,5;65;0
3,5;65,5;0,0159456938235735
3,5;66;0,0318849494275904
3,5;66,5;0,198727163166279
3,5;67;0,173581957775366
3,5;67,5;0,0464691751212909
3,5;68;0,0529615244958364
3,5;68,5;0,0332340187157677
3,5;69;0
3,5;69,5;0,0735391052434009
3,5;70;0,0612686190325922
3,5;70,5;0,0854330115660255
3,5;71;0,112958805609416
3,5;71,5;0,0570710960119043
3,5;72;0,0444275555517934
3,5;72,5;0,0431038796913276
3,5;73;0
3,5;73,5;0,0767989025219204
3,5;74;0,116530314878637
3,5;74,5;0,0770113627979664
3,5;75;0,0896069063232222
3,5;75,5;0,0913582691021088
3,5;76;0
3,5;76,5;0
3,5;77;0
4;-24;0
4;-23,5;0,130304040064546
4;-23;0,0754530215534041
4;-22,5;0,044010415433925
4;-22;0,310482147669015
4;-21,5;0,065131650279506
4;-21;0
4;-20,5;0
4;-20;0,0454730689529528
4;-19,5;0
4;-19;0
4;-18,5;0
4;-18;0
4;-17,5;0,0572756492761103
4;-17;0,0637457978063489
4;-16,5;0,0793346640406305
4;-16;0,0474051705626974
4;-15,5;0,0607546589542222
4;-15;0,0404405441532158
4;-14,5;0,0317701816873062
4;-14;0,0348429213279637
4;-13,5;0,0378543574896257
4;-13;0,0519021320672987
4;-12,5;0,045729640278489
4;-12;0,0543213940617677
4;-11,5;0,0521499150177988
4;-11;0,0471397077502993
4;-10,5;0,124940002514526
4;-10;0,106523882009734
4;-9,5;0,24996125033026
4;-9;0,0499930494494221
4;-8,5;0,141544149590349
4;-8;0,0600167419706384
4;-7,5;0,0623666074553538
4;-7;0,0787958092955629
4;-6,5;0,0674066840909914
4;-6;0,0448435652278562
4;-5,5;0,0422767657015774
4;-5;0,0396295305231996
4;-4,5;0,0339403386341274
4;-4;0,0296060206220269
4;-3,5;0,0355999503331081
4;-3;0,0873651061701508
4;-2,5;0,0190901470586684
4;-2;0,0304422997052257
4;-1,5;0,0390695544238452
4;-1;0,167271730896527
4;-0,5;0,244597350429354
4;0;0,041131270860223
4;0,5;0,0279964086638202
4;1;0,0569090993803847
4;1,5;0,0334906240734097
4;2;0,0281228194747008
4;2,5;0,0731590949099569
4;3;0,0650451644319388
4;3,5;0,0500028525357103
4;4;0,0620792426592497
4;4,5;0,245679873005503
4;5;0,312644123019132
4;5,5;0,182209521649156
4;6;0,273777686751651
4;6,5;0,0924525907841404
4;7;0,314858001358206
4;7,5;0,0492170027620694
4;8;0,0422893075988492
4;8,5;0,113876644149029
4;9;0,0180809398449011
4;9,5;0,0264852003998532
4;10;0,1372161492877
4;10,5;0,26651315795075
4;11;0,377750256931177
4;11,5;0,0258677527746191
4;12;0,0299204592928906
4;12,5;0,0262361074348565
4;13;0,0228021916688633
4;13,5;0,0233145162220164
4;14;0,064844523739119
4;14,5;0,219308379432379
4;15;0,260133190944201
4;15,5;0,0292754163078854
4;16;0,0473208714631616
4;16,5;0,0386827867271829
4;17;0,0460468021580296
4;17,5;0,0315877434646744
4;18;0,0203962772760561
4;18,5;0,0202742661462405
4;19;0,026443773189465
4;19,5;0,101023388040243
4;20;0,042042240663409
4;20,5;0,0892553970094627
4;21;0,142452497519653
4;21,5;0,268678720703143
4;22;0,197521657284508
4;22,5;0,032764454888373
4;23;0,0279791589103985
4;23,5;0,026606299612373
4;24;0,0537394079511688
4;24,5;0,0471075011719648
4;25;0,0335705806368838
4;25,5;0,03037219975911
4;26;0,0258521436893217
4;26,5;0,0440232423586518
4;27;0,0341238911161019
4;27,5;0,0487712827923368
4;28;0,0691786967960187
4;28,5;0,0575293385446802
4;29;0,0742578784162802
4;29,5;0,0713053979696792
4;30;0,062396157259653
4;30,5;0,0271063968337973
4;31;0,0522508874006919
4;31,5;0,0245032439400467
4;32;0,0380481782158649
4;32,5;0,0739993997071922
4;33;0,0301916103136837
4;33,5;0,118111007641253
4;34;0,0986179706323987
4;34,5;0,0267945735840994
4;35;0,0661497134826564
4;35,5;0,0556010933320826
4;36;0,0215232821277512
4;36,5;0,0238528448319451
4;37;0,0405589121219232
4;37,5;0,122021455885486
4;38;0,114293030442972
4;38,5;0,0180456525848026
4;39;0,0189495424066464
4;39,5;0,0287689366547869
4;40;0,0315693170453763
4;40,5;0,0351293516611657
4;41;0,0878962675121704
4;41,5;0,0211668686810888
4;42;0,0275453394812341
4;42,5;0,0690202315747868
4;43;0,0612714220905695
4;43,5;0,195550773336868
4;44;0,414832338210449
4;44,5;0,415802567456313
4;45;0,0784340072595997
4;45,5;0,0366595979121248
4;46;0,0313836099268574
4;46,5;0,223568494679219
4;47;0,178313684584759
4;47,5;0,0376729345817392
4;48;0,0489602976277887
4;48,5;0,0269894132762963
4;49;0,205428367197879
4;49,5;0,0337428127231314
4;50;0,0214055874377163
4;50,5;0,0626030346301486
4;51;0,10173836074765
4;51,5;0,036127682651694
4;52;0,026382602827375
4;52,5;0,0367672861839616
4;53;0,0430985528957527
4;53,5;0,051956184406086
4;54;0,0608013089789498
4;54,5;0,224737841457375
4;55;0,0827114653562456
4;55,5;0,105320093210642
4;56;0,163251155834227
4;56,5;0,245097701116692
4;57;0,125791143648829
4;57,5;0,0618000568970192
4;58;0,0259447249856065
4;58,5;0,032611346137939
4;59;0,022155904424717
4;59,5;0,0243720889795606
4;60;0,0348182786517047
4;60,5;0,195590937070862
4;61;0,174026962078414
4;61,5;0,165857299198676
4;62;0,121296133054353
4;62,5;0,0589550625169567
4;63;0,0690603270806523
4;63,5;0,061099487464471
4;64;0,10040897140426
4;64,5;0,101998960184837
4;65;0
4;65,5;0
4;66;0,0305268552079786
4;66,5;0,0339624792970125
4;67;0,0769295039073343
4;67,5;0,0491262240141239
4;68;0,0121655250605964
4;68,5;0,000707106781186548
4;69;0,0226274169979695
4;69,5;0,0246267373087908
4;70;0,050187705139072
4;70,5;0,108784786455025
4;71;0,0895797060997177
4;71,5;0,0803224859823572
4;72;0,103287127800277
4;72,5;0
4;73;0
4;73,5;0,065041012702243
4;74;0,0802133309465357
4;74,5;0,0717779696221405
4;75;0,102686233254512
4;75,5;0
4;76;0
4;76,5;0
4;77;0
4,5;-24;0
4,5;-23,5;0,0900677522757174
4,5;-23;0,094084356584111
4,5;-22,5;0,0335296599332307
4,5;-22;0,0581592282731927
4,5;-21,5;0,0373912097170253
4,5;-21;0
4,5;-20,5;0
4,5;-20;0
4,5;-19,5;0,233809261473938
4,5;-19;0,0136137185711081
4,5;-18,5;0
4,5;-18;0,142962874198896
4,5;-17,5;0,225145100919949
4,5;-17;0,0757434705656754
4,5;-16,5;0,0512653913559352
4,5;-16;0,0532621504134659
4,5;-15,5;0,0690177300323875
4,5;-15;0,0450250723803654
4,5;-14,5;0,0236035837674423
4,5;-14;0,0410906876966621
4,5;-13,5;0,0555289285396531
4,5;-13;0,058725629131651
4,5;-12,5;0,0340537339987841
4,5;-12;0,0397307905066803
4,5;-11,5;0,0356446972836696
4,5;-11;0,0736223471508481
4,5;-10,5;0,0967195936868826
4,5;-10;0,0621331201162843
4,5;-9,5;0,0936104516956663
4,5;-9;0,104677964206781
4,5;-8,5;0,0899176607707501
4,5;-8;0,104892241404362
4,5;-7,5;0,093604132412537
4,5;-7;0,0730359879809651
4,5;-6,5;0,056184882963818
4,5;-6;0,0587857981734503
4,5;-5,5;0,0326162505199448
4,5;-5;0,0980344082190075
4,5;-4,5;0,0417576068852073
4,5;-4;0,0524076293880169
4,5;-3,5;0,032938122897791
4,5;-3;0,0275924637049712
4,5;-2,5;0,033331047621118
4,5;-2;0,0826017420336062
4,5;-1,5;0,0636826105585836
4,5;-1;0,0574093360242487
4,5;-0,5;0,0339542852581962
4,5;0;0,0444847241901589
4,5;0,5;0,0439289512146709
4,5;1;0,0196889552459669
4,5;1,5;0,0368812348233307
4,5;2;0,0224607217613007
4,5;2,5;0,0687101379554083
4,5;3;0,0310612897190098
4,5;3,5;0,0335104317461395
4,5;4;0,0276870025498037
4,5;4,5;0,405240170599817
4,5;5;0,359426649911587
4,5;5,5;0,185836556940008
4,5;6;0,268204436945311
4,5;6,5;0,157877255125463
4,5;7;0,0523524871726766
4,5;7,5;0,0307572563052525
4,5;8;0,0262041597648296
4,5;8,5;0,0250908349801277
4,5;9;0,0349954857380001
4,5;9,5;0,0251388376227859
4,5;10;0,203776996555227
4,5;10,5;0,346128444367116
4,5;11;0,06477036146663
4,5;11,5;0,103787927449668
4,5;12;0,363317471726461
4,5;12,5;0,0207229228556312
4,5;13;0,0192645601620415
4,5;13,5;0,0230253244219987
4,5;14;0,0524035595914175
4,5;14,5;0,27924688174745
4,5;15;0,345035532058531
4,5;15,5;0,0308296840964614
4,5;16;0,0431590083296639
4,5;16,5;0,043920870181106
4,5;17;0,0329747900199456
4,5;17,5;0,177142646913079
4,5;18;0,378226442224491
4,5;18,5;0,0212051763523021
4,5;19;0,0190067879711622
4,5;19,5;0,124942201513373
4,5;20;0,249410803491091
4,5;20,5;0,0279508866785242
4,5;21;0,0243020875657853
4,5;21,5;0,32693703659163
4,5;22;0,105877869634012
4,5;22,5;0,0231106960079625
4,5;23;0,271034385302915
4,5;23,5;0,0233298187042109
4,5;24;0,0293334626461372
4,5;24,5;0,0294971761930078
4,5;25;0,0340405972179274
4,5;25,5;0,028536801429254
4,5;26;0,0197501052445637
4,5;26,5;0,0230538685255748
4,5;27;0,0221831345858762
4,5;27,5;0,0587144535216125
4,5;28;0,0837394029313906
4,5;28,5;0,0368206494251478
4,5;29;0,0486798177445991
4,5;29,5;0,0374230321237247
4,5;30;0,0611351717806545
4,5;30,5;0,0181195106630026
4,5;31;0,0311111816031568
4,5;31,5;0,0249158998656621
4,5;32;0,0228960872710804
4,5;32,5;0,055997366870405
4,5;33;0,0235130234196256
4,5;33,5;0,0809219702312446
4,5;34;0,0798383506067285
4,5;34,5;0,0310222960376189
4,5;35;0,086359286971819
4,5;35,5;0,0418488320035998
4,5;36;0,0208311031290043
4,5;36,5;0,0207510505949881
4,5;37;0,0517085909607704
4,5;37,5;0,0693110771254772
4,5;38;0,0249281236036122
4,5;38,5;0,0241857735036424
4,5;39;0,0163483273305076
4,5;39,5;0,0301386096284449
4,5;40;0,0443567679164235
4,5;40,5;0,0346652577018141
4,5;41;0,0919562598644816
4,5;41,5;0,0362923451451448
4,5;42;0,0211672574235384
4,5;42,5;0,126031220844087
4,5;43;0,100244557750251
4,5;43,5;0,0200720179334089
4,5;44;0,0155722262888433
4,5;44,5;0,0191841291070302
4,5;45;0,0155152349948899
4,5;45,5;0,0181870239753364
4,5;46;0,0224445894878152
4,5;46,5;0,391169996697761
4,5;47;0,351057716209447
4,5;47,5;0,0673807671900138
4,5;48;0,0442032916391476
4,5;48,5;0,0248542253296197
4,5;49;0,378889110312193
4,5;49,5;0,0939577340357034
4,5;50;0,0231348186660441
4,5;50,5;0,0438238444096701
4,5;51;0,121680955612116
4,5;51,5;0,0177815447397951
4,5;52;0,0186371285874051
4,5;52,5;0,0448413840611316
4,5;53;0,0638245752086156
4,5;53,5;0,017473376048246
4,5;54;0,0203671551377054
4,5;54,5;0,0303450927770436
4,5;55;0,0193505175526184
4,5;55,5;0,0329447032257555
4,5;56;0,0315869301103582
4,5;56,5;0,0308272779282856
4,5;57;0,034854234386071
4,5;57,5;0,0263394785587274
4,5;58;0,0235691960298533
4,5;58,5;0,0662644410433604
4,5;59;0,0414009842279378
4,5;59,5;0,0273011293115839
4,5;60;0,0445346082932163
4,5;60,5;0,116518290749598
4,5;61;0,167678113606572
4,5;61,5;0,176612681635595
4,5;62;0,0355351938224628
4,5;62,5;0,177244625727072
4,5;63;0,122349930815387
4,5;63,5;0,205400142960423
4,5;64;0,180499282345995
4,5;64,5;0
4,5;65;0
4,5;65,5;0
4,5;66;0,0224819462791088
4,5;66,5;0,0607180960844313
4,5;67;0,0244305739019056
4,5;67,5;0,0720486853621167
4,5;68;0,0388762006163022
4,5;68,5;0
4,5;69;0
4,5;69,5;0,0373981039869427
4,5;70;0,0640082991930843
4,5;70,5;0,0866774871951728
4,5;71;0,155989381538957
4,5;71,5;0,125633537378702
4,5;72;0,088940359929936
4,5;72,5;0
4,5;73;0,0714177848998413
4,5;73,5;0
4,5;74;0,0540674182321083
4,5;74,5;0,071978832867395
4,5;75;0,107431246512701
4,5;75,5;0
4,5;76;0
4,5;76,5;0
4,5;77;0
5;-24;0
5;-23,5;0
5;-23;0,0696895430539417
5;-22,5;0,0417021182515549
5;-22;0
5;-21,5;0,0790753106974912
5;-21;0,021920310216783
5;-20,5;0
5;-20;0,00565685424949239
5;-19,5;0,215432066095187
5;-19;0
5;-18,5;0
5;-18;0,312897670782242
5;-17,5;0,112565289696444
5;-17;0,0997425188961938
5;-16,5;0,115965512114594
5;-16;0,0712655704983938
5;-15,5;0,0734409832760091
5;-15;0,0371846145637372
5;-14,5;0,0849324125754258
5;-14;0,0400139242068906
5;-13,5;0,0365247114356095
5;-13;0,388832368908648
5;-12,5;0,370166238364815
5;-12;0,0482082071228435
5;-11,5;0,0280797597283869
5;-11;0,0374095735136902
5;-10,5;0,026151307980499
5;-10;0,04703424909824
5;-9,5;0,0788489911076408
5;-9;0,092220118023944
5;-8,5;0,0796919012372463
5;-8;0,0861947501272261
5;-7,5;0,067191086980096
5;-7;0,061718479630076
5;-6,5;0,0526545534473291
5;-6;0,0427960777817813
5;-5,5;0,0379729856487962
5;-5;0,0636011052091066
5;-4,5;0,0275964641212131
5;-4;0,0441946279457498
5;-3,5;0,0393427774509665
5;-3;0,0315661614875127
5;-2,5;0,0465053621961889
5;-2;0,0857034327305225
5;-1,5;0,038319666094204
5;-1;0,0738806849757265
5;-0,5;0,0693358505896564
5;0;0,0380616474367866
5;0,5;0,0342208835438744
5;1;0,0334147799732567
5;1,5;0,0312194180938035
5;2;0,0576825859012358
5;2,5;0,0277093906569328
5;3;0,0321127125690114
5;3,5;0,0285943896325363
5;4;0,0246191234545307
5;4,5;0,140071793378522
5;5;0,0350575716976138
5;5,5;0,109184428979962
5;6;0,0933223102010833
5;6,5;0,0496131911167017
5;7;0,0758006438185441
5;7,5;0,0289282621776193
5;8;0,0366606637961242
5;8,5;0,0269792084011079
5;9;0,178662750769142
5;9,5;0,299263977973288
5;10;0,336584271618307
5;10,5;0,262309695414676
5;11;0,158852739904626
5;11,5;0,0859297842641971
5;12;0,205685167895041
5;12,5;0,0373153931708231
5;13;0,0208997344019398
5;13,5;0,0193597947533687
5;14;0,0269824081605044
5;14,5;0,0692516411875021
5;15;0,140560292642583
5;15,5;0,0365058167371637
5;16;0,0245908166692936
5;16,5;0,0436470662380024
5;17;0,0230479856359136
5;17,5;0,0344805131215295
5;18;0,0303109595686519
5;18,5;0,0274374520337564
5;19;0,0632834347436014
5;19,5;0,343956001534696
5;20;0,353758604135645
5;20,5;0,0238266726711581
5;21;0,0258513071747761
5;21,5;0,115149338894906
5;22;0,0309798832800267
5;22,5;0,0231150047269338
5;23;0,0221158139947445
5;23,5;0,0407734738622906
5;24;0,0589865122824626
5;24,5;0,034226329014315
5;25;0,0418381803300924
5;25,5;0,0591882923594559
5;26;0,067672135143991
5;26,5;0,0569792433581692
5;27;0,0575744822677839
5;27,5;0,0410835309169628
5;28;0,0617315424506251
5;28,5;0,0295885676120581
5;29;0,0331325682658288
5;29,5;0,0437893152681412
5;30;0,0466963640257262
5;30,5;0,021664061085118
5;31;0,0237145688654463
5;31,5;0,028465753155185
5;32;0,0217256434028366
5;32,5;0,0297555050813228
5;33;0,0271395650324247
5;33,5;0,0328772063363355
5;34;0,0494694427935885
5;34,5;0,0321924317358044
5;35;0,0369728084880377
5;35,5;0,0219126352918624
5;36;0,0241064409578828
5;36,5;0,0674809398341217
5;37;0,0455844225749467
5;37,5;0,0310781508279682
5;38;0,0300439916604392
5;38,5;0,025246199223274
5;39;0,0404330246707995
5;39,5;0,0275668035895702
5;40;0,034263240363105
5;40,5;0,0468069163071831
5;41;0,220056659023939
5;41,5;0,250370008645974
5;42;0,0212304829685913
5;42,5;0,0713204798942921
5;43;0,0442514801399774
5;43,5;0,0482414256805061
5;44;0,137155495642747
5;44,5;0,0593986793200893
5;45;0,043834102037119
5;45,5;0,0359422616950915
5;46;0,0353483841846103
5;46,5;0,206135263435717
5;47;0,0499598466221605
5;47,5;0,0590900116481967
5;48;0,0778405970134953
5;48,5;0,0620530990028322
5;49;0,028913378755766
5;49,5;0,0199749843554382
5;50;0,0344166778393648
5;50,5;0,0416916217280409
5;51;0,0391460710165536
5;51,5;0,0425633084250935
5;52;0,0407547188364491
5;52,5;0,0401511983978358
5;53;0,0324943309317137
5;53,5;0,0380978248421492
5;54;0,0598018744466076
5;54,5;0,14714219152378
5;55;0,0336007836529151
5;55,5;0,024330623407186
5;56;0,0346648164601703
5;56,5;0,0652361228472227
5;57;0,0444347401188579
5;57,5;0,0401491419827822
5;58;0,0255341466376629
5;58,5;0,038976362231179
5;59;0,0433178362618662
5;59,5;0,0286904143675111
5;60;0,0635511138369156
5;60,5;0,145624749994056
5;61;0,185865136758648
5;61,5;0,125205473978919
5;62;0,0294043258566655
5;62,5;0,12921285549556
5;63;0,186043868515791
5;63,5;0,201354071239352
5;64;0,104660888182508
5;64,5;0
5;65;0,0371662929727103
5;65,5;0,0143626499743506
5;66;0,0924038566688248
5;66,5;0,0749991403459505
5;67;0,11024226568271
5;67,5;0,0589856604568846
5;68;0,0455301792747608
5;68,5;0
5;69;0
5;69,5;0,0383699100858993
5;70;0,0349433961668369
5;70,5;0,130386584526963
5;71;0,141876675448837
5;71,5;0,0893916563055762
5;72;0,0664614822524175
5;72,5;0,0589194365214061
5;73;0,0941582628426123
5;73,5;0,126422631748361
5;74;0,135655200170629
5;74,5;0
5;75;0
5;75,5;0
5;76;0
5;76,5;0
5;77;0
5,5;-23,5;0
5,5;-23;0,325245689567906
5,5;-22,5;0,230760558277211
5,5;-22;0,0705666745394422
5,5;-21,5;0,0632648752819797
5,5;-21;0,0386609191130613
5,5;-20,5;0
5,5;-20;0
5,5;-19,5;0,149695245972164
5,5;-19;0,113844191771034
5,5;-18,5;0,0296141857899217
5,5;-18;0
5,5;-17,5;0,0712930321179527
5,5;-17;0,0787277119671272
5,5;-16,5;0,0535209794201791
5,5;-16;0,0729735441524362
5,5;-15,5;0,0515920281994939
5,5;-15;0,0577288479275391
5,5;-14,5;0,0220989510240562
5,5;-14;0,0440973802778399
5,5;-13,5;0,0471215921255261
5,5;-13;0
5,5;-12,5;0,403222097494463
5,5;-12;0,436644994627074
5,5;-11,5;0,435812022771193
5,5;-11;0,0495018777162634
5,5;-10,5;0,0434640225478343
5,5;-10;0,0365526696992406
5,5;-9,5;0,0557926189251823
5,5;-9;0,0372636752549516
5,5;-8,5;0,0215851116221476
5,5;-8;0,0408332327898476
5,5;-7,5;0,0421074895709315
5,5;-7;0,0521312146949219
5,5;-6,5;0,0725705069640047
5,5;-6;0,0543782797980712
5,5;-5,5;0,0621173913662474
5,5;-5;0,0480290350501726
5,5;-4,5;0,0312022628930983
5,5;-4;0,0410770330173618
5,5;-3,5;0,0498596259601389
5,5;-3;0,0413154871030481
5,5;-2,5;0,0426895950205474
5,5;-2;0,0269735788692645
5,5;-1,5;0,0276000981525722
5,5;-1;0,0279519653837721
5,5;-0,5;0,124805455436453
5,5;0;0,0605250693683086
5,5;0,5;0,043575292224344
5,5;1;0,0327224049410181
5,5;1,5;0,0444821101873749
5,5;2;0,0467959273380387
5,5;2,5;0,0255097075456259
5,5;3;0,0282177215090541
5,5;3,5;0,0831921222298237
5,5;4;0,104580430249567
5,5;4,5;0,0484922120355338
5,5;5;0,0207830058782009
5,5;5,5;0,0233838610729213
5,5;6;0,0263519827953264
5,5;6,5;0,0286877509111746
5,5;7;0,0299480427024537
5,5;7,5;0,0248622208892973
5,5;8;0,0235535583339936
5,5;8,5;0,0244643863268039
5,5;9;0,0269123232088177
5,5;9,5;0,0749458270836021
5,5;10;0,199449119425656
5,5;10,5;0,0699682838420498
5,5;11;0,0814685391118177
5,5;11,5;0,0903112577602422
5,5;12;0,0663592298246454
5,5;12,5;0,0414102767351746
5,5;13;0,0217777086728912
5,5;13,5;0,0272170289830956
5,5;14;0,0616098729610847
5,5;14,5;0,0570771854283192
5,5;15;0,0847648708683812
5,5;15,5;0,143778651235029
5,5;16;0,0271662213284663
5,5;16,5;0,0246367018874241
5,5;17;0,0261758568550041
5,5;17,5;0,0409568374564646
5,5;18;0,0320806533530604
5,5;18,5;0,0252906438563091
5,5;19;0,187962941441583
5,5;19,5;0,320124909860456
5,5;20;0,0308326126041891
5,5;20,5;0,0268858698947979
5,5;21;0,0373522968120434
5,5;21,5;0,153399559299851
5,5;22;0,30942179570677
5,5;22,5;0,277913585029235
5,5;23;0,0254381603108401
5,5;23,5;0,0353822650941908
5,5;24;0,103120688072471
5,5;24,5;0,0527783543355441
5,5;25;0,0430421485165954
5,5;25,5;0,101981347211455
5,5;26;0,101720063654435
5,5;26,5;0,266203388553067
5,5;27;0,028744928885616
5,5;27,5;0,0361436443266321
5,5;28;0,0213979415090902
5,5;28,5;0,0206619618300554
5,5;29;0,0571198814248987
5,5;29,5;0,0583194099873037
5,5;30;0,0515336072109872
5,5;30,5;0,0451260598159179
5,5;31;0,128682330906086
5,5;31,5;0,10801138025441
5,5;32;0,0427721379536255
5,5;32,5;0,110147138668523
5,5;33;0,0804172452483504
5,5;33,5;0,0505346729290304
5,5;34;0,0172049982303887
5,5;34,5;0,0410926404167307
5,5;35;0,0309343991753775
5,5;35,5;0,030754349733789
5,5;36;0,0356734732569577
5,5;36,5;0,340996904082962
5,5;37;0,327530948061421
5,5;37,5;0,0593151739024043
5,5;38;0,400020678157421
5,5;38,5;0,0834432832084467
5,5;39;0,0581304048096824
5,5;39,5;0,0425635129139848
5,5;40;0,0684963900789817
5,5;40,5;0,121275721918808
5,5;41;0,311341470383795
5,5;41,5;0,287970270621151
5,5;42;0,0606874719284432
5,5;42,5;0,0193123487478683
5,5;43;0,0393746928601826
5,5;43,5;0,0634093819912945
5,5;44;0,160241613032627
5,5;44,5;0,0439715158417121
5,5;45;0,0361238434557879
5,5;45,5;0,0188557217905238
5,5;46;0,0278448327370672
5,5;46,5;0,0233287215284717
5,5;47;0,0758999277435558
5,5;47,5;0,0906693232069088
5,5;48;0,0209211940037709
5,5;48,5;0,0574432166621601
5,5;49;0,0282369646173044
5,5;49,5;0,0184815223038219
5,5;50;0,0255037565428339
5,5;50,5;0,0356932716611027
5,5;51;0,0240820709917293
5,5;51,5;0,0391407733411215
5,5;52;0,0183442028884965
5,5;52,5;0,0324516296118209
5,5;53;0,026988422168209
5,5;53,5;0,0359558920178446
5,5;54;0,220146966625935
5,5;54,5;0,303719807214772
5,5;55;0,0344926953389559
5,5;55,5;0,0903765198035849
5,5;56;0,0268170295281855
5,5;56,5;0,0473233058583328
5,5;57;0,0465064107294688
5,5;57,5;0,0253783799926755
5,5;58;0,0368221708196036
5,5;58,5;0,106787530061223
5,5;59;0,0977978718592668
5,5;59,5;0,0738828835915659
5,5;60;0,0816394199202229
5,5;60,5;0,163441444967593
5,5;61;0,165408520106722
5,5;61,5;0,105183023528221
5,5;62;0,233512307186699
5,5;62,5;0,141523641941295
5,5;63;0,0852000047906485
5,5;63,5;0,065597132332802
5,5;64;0,0990719368804743
5,5;64,5;0,159407330351201
5,5;65;0,145761448949988
5,5;65,5;0,0666217495742935
5,5;66;0,0829027933793893
5,5;66,5;0,0973312627712375
5,5;67;0,102519684521002
5,5;67,5;0,0613572054991642
5,5;68;0,0479167716650728
5,5;68,5;0,0680307172872935
5,5;69;0,0715187621071096
5,5;69,5;0,183147911832747
5,5;70;0,333963501231854
5,5;70,5;0,0443008824045095
5,5;71;0,0626870941733505
5,5;71,5;0,0859571035802974
5,5;72;0,0544792189198565
5,5;72,5;0,0388887301584062
5,5;73;0,106337208219192
5,5;73,5;0,169670022887565
5,5;74;0,129571642754349
5,5;74,5;0,106315411237819
5,5;75;0,0675081925443576
5,5;75,5;0
5,5;76;0
5,5;76,5;0
5,5;77;0
6;-23,5;0
6;-23;0,263148308607964
6;-22,5;0,148702818678155
6;-22;0,0746014067727487
6;-21,5;0,0584938336188403
6;-21;0,0628649345820068
6;-20,5;0
6;-20;0
6;-19,5;0,10041372748119
6;-19;0,0644222491882749
6;-18,5;0,0581201618749834
6;-18;0,0444935133168053
6;-17,5;0,0495216703407037
6;-17;0
6;-16,5;0,0558891760540447
6;-16;0,0351427289209503
6;-15,5;0,0372391410103456
6;-15;0,0645185466136897
6;-14,5;0,0900666419935816
6;-14;0,0476761439913334
6;-13,5;0,0502610925006096
6;-13;0
6;-12,5;0,419757255858852
6;-12;0,413810251950197
6;-11,5;0,114047236171095
6;-11;0,0361155552820849
6;-10,5;0,0541014101945043
6;-10;0,037036991633628
6;-9,5;0,0501485882042197
6;-9;0,046110261518949
6;-8,5;0,0419274539222818
6;-8;0,0319332908566446
6;-7,5;0,0548606100810184
6;-7;0,0938889315590408
6;-6,5;0,0298671732233205
6;-6;0,0375974763078468
6;-5,5;0,0258843419546694
6;-5;0,0396402041814341
6;-4,5;0,03653529943617
6;-4;0,0439550657524482
6;-3,5;0,0217399290437409
6;-3;0,027881661227398
6;-2,5;0,016901766705664
6;-2;0,0384334028382402
6;-1,5;0,0369461782861912
6;-1;0,0358474146247469
6;-0,5;0,0475696314334129
6;0;0,0234221758025964
6;0,5;0,0316645839796373
6;1;0,0370368844845909
6;1,5;0,0314368403490153
6;2;0,106330534217068
6;2,5;0,0274688353338934
6;3;0,0404401506565439
6;3,5;0,0529999922033364
6;4;0,0482178838717428
6;4,5;0,0338957504833046
6;5;0,0269401770687549
6;5,5;0,0168444348740436
6;6;0,0223112900548544
6;6,5;0,0205879253975797
6;7;0,022275596599345
6;7,5;0,0235186931103715
6;8;0,0241787050855567
6;8,5;0,0305561106051933
6;9;0,023464095424812
6;9,5;0,0368755370694418
6;10;0,0388996926485836
6;10,5;0,0699753452980393
6;11;0,094550535265583
6;11,5;0,0614944329940215
6;12;0,0824164340107076
6;12,5;0,040413455468694
6;13;0,0218452893472864
6;13,5;0,0366614790970956
6;14;0,0353213192319667
6;14,5;0,0417748738196135
6;15;0,0462023457122178
6;15,5;0,0503366709345319
6;16;0,0324114049919734
6;16,5;0,0236547917672872
6;17;0,0294952814081228
6;17,5;0,0258873087597173
6;18;0,0258551991350686
6;18,5;0,0521313291801932
6;19;0,0401040382542397
6;19,5;0,0333418494023446
6;20;0,0219904374409191
6;20,5;0,0352257497226982
6;21;0,0344647182551622
6;21,5;0,10718707289147
6;22;0,343209165075374
6;22,5;0,374308529065435
6;23;0,054092937318735
6;23,5;0,03999227370284
6;24;0,279611260605504
6;24,5;0,323175367846799
6;25;0,0597898695549719
6;25,5;0,142856477064275
6;26;0,268563903471658
6;26,5;0,39387447483732
6;27;0,0557076959038885
6;27,5;0,0440475646907076
6;28;0,0448368499445228
6;28,5;0,0355604556426045
6;29;0,206244213015455
6;29,5;0,183031970065657
6;30;0,0409143296309008
6;30,5;0,0392052942396653
6;31;0,0481662267512106
6;31,5;0,05426341222533
6;32;0,0193546429534815
6;32,5;0,124188816383948
6;33;0,142235774560194
6;33,5;0,0252768717988181
6;34;0,0235848681469633
6;34,5;0,0278351874145335
6;35;0,0328761795945259
6;35,5;0,0221852890975438
6;36;0,0368006580070529
6;36,5;0,316221200302354
6;37;0,304430991016546
6;37,5;0,0447444157979299
6;38;0,159260769061258
6;38,5;0,0309448773494688
6;39;0,0558205227021775
6;39,5;0,0262115932184142
6;40;0,0435376306348768
6;40,5;0,379865221403308
6;41;0,331992201659442
6;41,5;0,288824821579588
6;42;0,166368890877047
6;42,5;0,0175750925623034
6;43;0,0534230600112077
6;43,5;0,0886641102995221
6;44;0,0848693072690988
6;44,5;0,0242245563767979
6;45;0,0273711381144568
6;45,5;0,0283085266138154
6;46;0,0554895373527496
6;46,5;0,0568292290508133
6;47;0,0247522517549848
6;47,5;0,0294360328092664
6;48;0,0227783940206455
6;48,5;0,0695420356033129
6;49;0,0205834022037415
6;49,5;0,03425362541895
6;50;0,0358889797921788
6;50,5;0,043347120608107
6;51;0,0391903562377094
6;51,5;0,0364402639598777
6;52;0,0173166182064063
6;52,5;0,0268914894317282
6;53;0,0330085409266251
6;53,5;0,0264087727514346
6;54;0,0678722224878055
6;54,5;0,21389121295741
6;55;0,170265973257065
6;55,5;0,112399357492551
6;56;0,0514949973105214
6;56,5;0,0977039831304703
6;57;0,0344562908814691
6;57,5;0,0202836125344543
6;58;0,0515730562884587
6;58,5;0,0929932343456885
6;59;0,0854816603791035
6;59,5;0,0455968542891532
6;60;0,0404773889943357
6;60,5;0,224355311303661
6;61;0,147308160390547
6;61,5;0,069326722441238
6;62;0,10939347439604
6;62,5;0,100779196504474
6;63;0,122331880265202
6;63,5;0,190879298192808
6;64;0,142456653058888
6;64,5;0,0631808036787154
6;65;0,0891744824436246
6;65,5;0
6;66;0,0480304466929448
6;66,5;0,0294265447931207
6;67;0,0335375411541554
6;67,5;0,0573894382186097
6;68;0,0320238398039566
6;68,5;0,0480594752145166
6;69;0,0443520816068101
6;69,5;0,0541305433355339
6;70;0,2832493092157
6;70,5;0,101039162114013
6;71;0,37515025769792
6;71,5;0,321808031426981
6;72;0,0348062665403256
6;72,5;0,0262868788561898
6;73;0,0820502960521843
6;73,5;0,111645613208571
6;74;0,138698428139089
6;74,5;0
6;75;0,0837675354776539
6;75,5;0,0807761590990057
6;76;0
6;76,5;0
6;77;0,133643181644257
6,5;-23,5;0
6,5;-23;0,0162634559672906
6,5;-22,5;0,0566859771019253
6,5;-22;0,0812888171575389
6,5;-21,5;0,0643184860445177
6,5;-21;0
6,5;-20,5;0
6,5;-20;0,0480832611206852
6,5;-19,5;0,0487222855694508
6,5;-19;0,071860049169665
6,5;-18,5;0,0461388127642015
6,5;-18;0,0454077820055843
6,5;-17,5;0,0487300541946978
6,5;-17;0,017625738755203
6,5;-16,5;0,0238497279609123
6,5;-16;0,438739599190039
6,5;-15,5;0,0569764176595209
6,5;-15;0,0513365799839105
6,5;-14,5;0
6,5;-14;0,0747201150175459
6,5;-13,5;0,313772559897466
6,5;-13;0,0305723186341283
6,5;-12,5;0,0120208152801713
6,5;-12;0,272799263642788
6,5;-11,5;0,119861524634552
6,5;-11;0,0272129025186962
6,5;-10,5;0,0493766796896586
6,5;-10;0,0209667013166727
6,5;-9,5;0,062379241891141
6,5;-9;0,040055698575609
6,5;-8,5;0,0601954863369544
6,5;-8;0,0374072697179465
6,5;-7,5;0,0633997854144042
6,5;-7;0,0768523374585593
6,5;-6,5;0,0449372692555705
6,5;-6;0,0502919146471546
6,5;-5,5;0,0514381555613137
6,5;-5;0,0675073875424807
6,5;-4,5;0,0338714565548506
6,5;-4;0,0398891624185112
6,5;-3,5;0,0246988147710361
6,5;-3;0,0261597282922365
6,5;-2,5;0,0280239773692691
6,5;-2;0,0210508881810552
6,5;-1,5;0,0445249426733347
6,5;-1;0,0787216170156489
6,5;-0,5;0,0805008923174883
6,5;0;0,0388022765655144
6,5;0,5;0,052075574660204
6,5;1;0,0177820172573599
6,5;1,5;0,0143636891061556
6,5;2;0,0477276652220514
6,5;2,5;0,0408888421083746
6,5;3;0,034189826815927
6,5;3,5;0,0537937342096678
6,5;4;0,0632261616790167
6,5;4,5;0,0234310223831005
6,5;5;0,0241181121428136
6,5;5,5;0,0215745296722434
6,5;6;0,0494518799415357
6,5;6,5;0,0428960223421982
6,5;7;0,028705975995448
6,5;7,5;0,0273725219641466
6,5;8;0,0388993665023701
6,5;8,5;0,041308051229981
6,5;9;0,0304409784344077
6,5;9,5;0,0335847700134973
6,5;10;0,0280843524759694
6,5;10,5;0,0377018972712414
6,5;11;0,040348985533825
6,5;11,5;0,0297429089634625
6,5;12;0,0629420368275448
6,5;12,5;0,0485033106958626
6,5;13;0,0477805561154297
6,5;13,5;0,0342573593066755
6,5;14;0,0245001011972948
6,5;14,5;0,0325635276549291
6,5;15;0,0496454311849037
6,5;15,5;0,0310399399346787
6,5;16;0,0593559382915334
6,5;16,5;0,0361086323935611
6,5;17;0,0391750169868867
6,5;17,5;0,037244285157048
6,5;18;0,30234857922749
6,5;18,5;0,0915475489513961
6,5;19;0,103622954342494
6,5;19,5;0,0279621719086919
6,5;20;0,0246335092833791
6,5;20,5;0,0594191848789635
6,5;21;0,075464671646186
6,5;21,5;0,0405869878319052
6,5;22;0,0505803196192192
6,5;22,5;0,0310544332373247
6,5;23;0,0160757247307807
6,5;23,5;0,0426532724757733
6,5;24;0,34085111832382
6,5;24,5;0,351322591033223
6,5;25;0,0481394915247108
6,5;25,5;0,127107735683507
6,5;26;0,125640324127375
6,5;26,5;0,0544117059699149
6,5;27;0,0449467208314313
6,5;27,5;0,0655766657404587
6,5;28;0,0537131422734936
6,5;28,5;0,0506716228364707
6,5;29;0,274031993777087
6,5;29,5;0,264978753761323
6,5;30;0,036028235407198
6,5;30,5;0,0214490876468334
6,5;31;0,0384578156070677
6,5;31,5;0,045544032951346
6,5;32;0,0224582463503198
6,5;32,5;0,0261081613323166
6,5;33;0,0329725196541241
6,5;33,5;0,0758309732324293
6,5;34;0,0322112838056435
6,5;34,5;0,0255532837052941
6,5;35;0,0402065500468104
6,5;35,5;0,0360263964291382
6,5;36;0,0324004184362785
6,5;36,5;0,0503042574695147
6,5;37;0,0453712965631436
6,5;37,5;0,0302153510152503
6,5;38;0,0317257758614254
6,5;38,5;0,0233857671247438
6,5;39;0,0417967469711025
6,5;39,5;0,0480821035382154
6,5;40;0,0939310426386066
6,5;40,5;0,283952418174111
6,5;41;0,236598472210498
6,5;41,5;0,301339457905125
6,5;42;0,358012432188926
6,5;42,5;0,0886700853366762
6,5;43;0,0286398819387505
6,5;43,5;0,0404275258390074
6,5;44;0,0474574260038739
6,5;44,5;0,0426246406250051
6,5;45;0,0442832412138272
6,5;45,5;0,0270925030037511
6,5;46;0,0712671291913473
6,5;46,5;0,0662925757701486
6,5;47;0,0169448321307971
6,5;47,5;0,0195995608908681
6,5;48;0,0212484515721705
6,5;48,5;0,0175392240468411
6,5;49;0,0306252115301628
6,5;49,5;0,039631983007856
6,5;50;0,0470587523293903
6,5;50,5;0,0733092707203783
6,5;51;0,0621262067467369
6,5;51,5;0,0215089568340642
6,5;52;0,0244089159747696
6,5;52,5;0,0384013386474659
6,5;53;0,0416959280172913
6,5;53,5;0,0221587715594704
6,5;54;0,0542083433648191
6,5;54,5;0,148084210276901
6,5;55;0,105893152616749
6,5;55,5;0,0252671108509917
6,5;56;0,0204929260327496
6,5;56,5;0,0578307929361235
6,5;57;0,0421222147263333
6,5;57,5;0,018472649298286
6,5;58;0,0677247716027503
6,5;58,5;0,0466782683563511
6,5;59;0,0497044843632995
6,5;59,5;0,0389681015447942
6,5;60;0,0552644864405566
6,5;60,5;0,0927736671686504
6,5;61;0,101427736667487
6,5;61,5;0,0756342050069475
6,5;62;0,0576639189703614
6,5;62,5;0,11101602708923
6,5;63;0,112910227954422
6,5;63,5;0,211520086412284
6,5;64;0,190394271056611
6,5;64,5;0,0563283543313978
6,5;65;0,0568593716311787
6,5;65,5;0,0479300416115915
6,5;66;0,037982836035943
6,5;66,5;0,0694835369333046
6,5;67;0,0395334302238391
6,5;67,5;0,0435634231438156
6,5;68;0,0546911530525936
6,5;68,5;0,0320258397511245
6,5;69;0,0598853366534688
6,5;69,5;0,0614919544236431
6,5;70;0,0778003920947768
6,5;70,5;0,110568551656358
6,5;71;0,275594358365415
6,5;71,5;0,281908974583533
6,5;72;0,000707106781186548
6,5;72,5;0,0840628732953298
6,5;73;0,120059606843444
6,5;73,5;0,110541496047796
6,5;74;0,182929018039855
6,5;74,5;0
6,5;75;0,091104335791443
6,5;75,5;0,0472820234718201
6,5;76;0,0788156172033913
6,5;76,5;0
6,5;77;0,100971439534809
7;-23,5;0,0834386001800126
7;-23;0,065327427067601
7;-22,5;0,0479617903474561
7;-22;0,103108980969272
7;-21,5;0,0835446020683524
7;-21;0
7;-20,5;0
7;-20;0,103176286780666
7;-19,5;0,0699161487579433
7;-19;0,0712904855736958
7;-18,5;0,055407981775593
7;-18;0,0567798589374118
7;-17,5;0,0474582523307139
7;-17;0,0311961536090589
7;-16,5;0,0869741340859453
7;-16;0,350754783457713
7;-15,5;0,106497604463047
7;-15;0,0537894041610427
7;-14,5;0
7;-14;0,0942616040601899
7;-13,5;0,442078801421949
7;-13;0,0520615020912766
7;-12,5;0
7;-12;0,0400938032918965
7;-11,5;0,0391589354071612
7;-11;0
7;-10,5;0,0387805423918239
7;-10;0,0599009576816831
7;-9,5;0,0587341388597728
7;-9;0,0319798787314486
7;-8,5;0,091960047360574
7;-8;0,0541511780819959
7;-7,5;0,0775379366159173
7;-7;0,10117443384987
7;-6,5;0,0500809564385725
7;-6;0,037999647280905
7;-5,5;0,103445823151668
7;-5;0,0720661682796356
7;-4,5;0,0327403007342307
7;-4;0,337820044164615
7;-3,5;0,382244653941083
7;-3;0,151870846593537
7;-2,5;0,0274983663373418
7;-2;0,0479438983740825
7;-1,5;0,205886576257203
7;-1;0,147943517496087
7;-0,5;0,0715572176614563
7;0;0,0732724067592058
7;0,5;0,0918491306976683
7;1;0,0559786128482899
7;1,5;0,0714718345958453
7;2;0,148166854379428
7;2,5;0,265428500953566
7;3;0,0264003871329825
7;3,5;0,0287453146259988
7;4;0,0385094725565545
7;4,5;0,0280422300587287
7;5;0,0272295592706093
7;5,5;0,029747253480546
7;6;0,0424468911404959
7;6,5;0,0353587692373967
7;7;0,0452769971821145
7;7,5;0,0440416469567916
7;8;0,0421707894411957
7;8,5;0,0719527460101573
7;9;0,0286597859959444
7;9,5;0,0613515588563541
7;10;0,0669904427622896
7;10,5;0,0321333353337219
7;11;0,0662093931897618
7;11,5;0,0434792404788432
7;12;0,0431927928637626
7;12,5;0,0330900370347963
7;13;0,159891106194874
7;13,5;0,0935945383198496
7;14;0,102833449419725
7;14,5;0,0228361452894406
7;15;0,0284985210577556
7;15,5;0,0496901071573738
7;16;0,0771147413490659
7;16,5;0,0693686492886537
7;17;0,0470805534419116
7;17,5;0,0760737589738256
7;18;0,368370438590759
7;18,5;0,0348418307217643
7;19;0,132469596802946
7;19,5;0,0813751270030704
7;20;0,0298358147255297
7;20,5;0,0432381004824834
7;21;0,0864059202708428
7;21,5;0,024040782613096
7;22;0,0417239716130013
7;22,5;0,0502445726411302
7;23;0,0408213655369038
7;23,5;0,0327088184501934
7;24;0,0366742078395861
7;24,5;0,0673782117303358
7;25;0,0347854918144239
7;25,5;0,0834214952381495
7;26;0,0269789888657893
7;26,5;0,0385577149597861
7;27;0,0277350908004281
7;27,5;0,0354830829206499
7;28;0,0505616499015939
7;28,5;0,0827024496557591
7;29;0,101740627254602
7;29,5;0,018428994104168
7;30;0,015656897194274
7;30,5;0,0293219189537362
7;31;0,0254754660359315
7;31,5;0,0310748075442447
7;32;0,039259510614238
7;32,5;0,0367232164726781
7;33;0,049649450211821
7;33,5;0,0581898834372029
7;34;0,0396026110806815
7;34,5;0,022492628115879
7;35;0,0311947517129927
7;35,5;0,0271395282124918
7;36;0,0473519070890582
7;36,5;0,0337186626271919
7;37;0,0282911369469674
7;37,5;0,0444302049618011
7;38;0,0351001695270329
7;38,5;0,0443187949354274
7;39;0,0846859745513641
7;39,5;0,145966098999311
7;40;0,0489544824861746
7;40,5;0,138716236336635
7;41;0,282667671053754
7;41,5;0,277948763773488
7;42;0,261616851678992
7;42,5;0,100279006873245
7;43;0,0289070348992536
7;43,5;0,0309712009656745
7;44;0,0316307640464118
7;44,5;0,0337684242130011
7;45;0,100614790231494
7;45,5;0,151243046877039
7;46;0,0489009103781583
7;46,5;0,0327033793251362
7;47;0,0119125139656042
7;47,5;0,0222020461668399
7;48;0,0155334483141679
7;48,5;0,0414304721435632
7;49;0,0333145043238993
7;49,5;0,0227314026550644
7;50;0,0373458613621582
7;50,5;0,0398114166800382
7;51;0,0926012444635086
7;51,5;0,0363403182812475
7;52;0,0198483749707808
7;52,5;0,0239796401244028
7;53;0,0220413804420375
7;53,5;0,0213255011018541
7;54;0,0307293233984514
7;54,5;0,0295268566174591
7;55;0,0198457590389036
7;55,5;0,0180423896336228
7;56;0,0719114084351709
7;56,5;0,295179682097692
7;57;0,0449214243199652
7;57,5;0,0438599348055798
7;58;0,0505947381367604
7;58,5;0,0291308642559445
7;59;0,0348231113522196
7;59,5;0,0341861785696326
7;60;0,117850440503744
7;60,5;0,117130522589263
7;61;0,032344086456395
7;61,5;0,0948801656558207
7;62;0,0444492998790786
7;62,5;0,0626155739493786
7;63;0,0497723707380801
7;63,5;0,223017167820904
7;64;0,0915987042394806
7;64,5;0,139653861058173
7;65;0,140394788709185
7;65,5;0,0869486438460467
7;66;0,0410859725801537
7;66,5;0,0651151730012733
7;67;0,0374917638014161
7;67,5;0,0598525967133702
7;68;0,0327108544675923
7;68,5;0,0702849465956169
7;69;0,066997699697123
7;69,5;0,088198279506669
7;70;0,0794855754835851
7;70,5;0,0618081355003942
7;71;0,101716641373352
7;71,5;0,0848847635145618
7;72;0,0804238770515324
7;72,5;0,0896255290067258
7;73;0,0748514083590505
7;73,5;0,0537133596044783
7;74;0,162077519175925
7;74,5;0,126296913091375
7;75;0,0348418649838891
7;75,5;0
7;76;0,0529363253867752
7;76,5;0,071156652751301
7;77;0,0929059059099107
7;77,5;0
7,5;-23,5;0,375971630135396
7,5;-23;0,0697278382611381
7,5;-22,5;0
7,5;-22;0,092053569453459
7,5;-21,5;0,106928934818641
7,5;-21;0
7,5;-20,5;0,0785994448280185
7,5;-20;0,0758643372133357
7,5;-19,5;0,0667621286223097
7,5;-19;0
7,5;-18,5;0,039853302426345
7,5;-18;0,0531874575715292
7,5;-17,5;0,0736040323041379
7,5;-17;0
7,5;-16,5;0,416234208909679
7,5;-16;0,315864128309068
7,5;-15,5;0,122169312360734
7,5;-15;0,0287417769734187
7,5;-14,5;0,0468662399221918
7,5;-14;0,0389319461184697
7,5;-13,5;0,529720995745244
7,5;-13;0,117344791107232
7,5;-12,5;0,0498631460432786
7,5;-12;0,0474675964640972
7,5;-11,5;0,023308851027708
7,5;-11;0,040445024415866
7,5;-10,5;0,0573021277628837
7,5;-10;0,0911482309208467
7,5;-9,5;0,0630283076685989
7,5;-9;0,0437720360577653
7,5;-8,5;0,0497886643253847
7,5;-8;0,0305496440022319
7,5;-7,5;0,0613021181162168
7,5;-7;0,0999407450539059
7,5;-6,5;0,0396170640596433
7,5;-6;0,0307014900860934
7,5;-5,5;0,0258899685864499
7,5;-5;0,0366501178763572
7,5;-4,5;0,0652285644045299
7,5;-4;0,322109901734669
7,5;-3,5;0,357173685006917
7,5;-3;0,17966847185433
7,5;-2,5;0,0293743503349059
7,5;-2;0,078695997065624
7,5;-1,5;0,280183554806471
7,5;-1;0,0499674918453262
7,5;-0,5;0,159955963531193
7,5;0;0,317118954206313
7,5;0,5;0,0487473605149862
7,5;1;0,347013738590981
7,5;1,5;0,265648431374438
7,5;2;0,168678073743992
7,5;2,5;0,158196105429651
7,5;3;0,0325843185462893
7,5;3,5;0,056736395682501
7,5;4;0,0284268065975293
7,5;4,5;0,0275318948523304
7,5;5;0,0212260495397368
7,5;5,5;0,115154606218481
7,5;6;0,104355985755899
7,5;6,5;0,0926927845677557
7,5;7;0,0383517179533388
7,5;7,5;0,0551470673364656
7,5;8;0,0662457691356562
7,5;8,5;0,0439640004245898
7,5;9;0,0869137574821698
7,5;9,5;0,127024238406916
7,5;10;0,0768944502147535
7,5;10,5;0,112746655225168
7,5;11;0,0861755487947947
7,5;11,5;0,0837373065089713
7,5;12;0,0518761411637235
7,5;12,5;0,0944232199609138
7,5;13;0,0858024815504796
7,5;13,5;0,0993067637844137
7,5;14;0,0520769694183682
7,5;14,5;0,0331267143118953
7,5;15;0,0759548492096278
7,5;15,5;0,0265532444983364
7,5;16;0,0410451961467084
7,5;16,5;0,0407464584909145
7,5;17;0,0233473767263048
7,5;17,5;0,0495808394631765
7,5;18;0,024825737000759
7,5;18,5;0,0298698300850757
7,5;19;0,0339273165740728
7,5;19,5;0,027153108888561
7,5;20;0,0337373157472435
7,5;20,5;0,0602598299652266
7,5;21;0,0861678266675972
7,5;21,5;0,0300733401058806
7,5;22;0,0450146272523351
7,5;22,5;0,0325031530574756
7,5;23;0,0477932703862675
7,5;23,5;0,0495622504197163
7,5;24;0,0299445056058363
7,5;24,5;0,043047648019375
7,5;25;0,0206735248107132
7,5;25,5;0,0244752433085762
7,5;26;0,0249066383442008
7,5;26,5;0,0216586560737297
7,5;27;0,0513241937590234
7,5;27,5;0,0361399483642215
7,5;28;0,0597648053282437
7,5;28,5;0,048687025440881
7,5;29;0,069667010607222
7,5;29,5;0,0359948917404256
7,5;30;0,0241505693514666
7,5;30,5;0,153577732222841
7,5;31;0,290258389548142
7,5;31,5;0,0938927807127494
7,5;32;0,0503573305865358
7,5;32,5;0,0476743183864103
7,5;33;0,0466216941900013
7,5;33,5;0,0715464681688622
7,5;34;0,0703030169148368
7,5;34,5;0,0432858603065636
7,5;35;0,0345624041353365
7,5;35,5;0,0356761474189532
7,5;36;0,0589173979365546
7,5;36,5;0,0308820603731772
7,5;37;0,0352339112418783
7,5;37,5;0,0357443302197306
7,5;38;0,034843683543982
7,5;38,5;0,060053098634853
7,5;39;0,173130397599621
7,5;39,5;0,291328580282158
7,5;40;0,332290765765417
7,5;40,5;0,13331658637661
7,5;41;0,136822446853083
7,5;41,5;0,033730974814717
7,5;42;0,0242525583298447
7,5;42,5;0,032974305146372
7,5;43;0,0296220054082076
7,5;43,5;0,0314934660460331
7,5;44;0,027950085872417
7,5;44,5;0,0442623977890121
7,5;45;0,0715892140251469
7,5;45,5;0,130682516994179
7,5;46;0,0512246083850495
7,5;46,5;0,0200339622110375
7,5;47;0,0184519627988319
7,5;47,5;0,0157485449063292
7,5;48;0,0238080780373371
7,5;48,5;0,0496241826545509
7,5;49;0,0450486944755293
7,5;49,5;0,0193215754594938
7,5;50;0,0151429597057556
7,5;50,5;0,0229124185894862
7,5;51;0,0677544281537027
7,5;51,5;0,033658610579103
7,5;52;0,0187097672929639
7,5;52,5;0,0284355997533608
7,5;53;0,0318538285169079
7,5;53,5;0,0303373025889688
7,5;54;0,0234593873991385
7,5;54,5;0,0161643698833125
7,5;55;0,0315684812315056
7,5;55,5;0,0212706325049946
7,5;56;0,0501348529130373
7,5;56,5;0,246860398363179
7,5;57;0,0206139416549542
7,5;57,5;0,0275677648755147
7,5;58;0,0352503948316942
7,5;58,5;0,0353487123805845
7,5;59;0,0517431628012402
7,5;59,5;0,031659759705585
7,5;60;0,100021417333746
7,5;60,5;0,0845267169184742
7,5;61;0,0490307159963131
7,5;61,5;0,0739618969140324
7,5;62;0,071319271319458
7,5;62,5;0,0441778356126722
7,5;63;0,0229465146039117
7,5;63,5;0,0340598975831787
7,5;64;0,0518837051251527
7,5;64,5;0,350030336639035
7,5;65;0,273947395385677
7,5;65,5;0,0384230833397495
7,5;66;0
7,5;66,5;0,0387513440627118
7,5;67;0,048433865070984
7,5;67,5;0,0743370701601832
7,5;68;0,0236200295745253
7,5;68,5;0,0398452890417867
7,5;69;0,0632925812845863
7,5;69,5;0,0729083199856033
7,5;70;0,0644919623923262
7,5;70,5;0,0831612582384061
7,5;71;0,0577855060190906
7,5;71,5;0,0711341952746619
7,5;72;0,0789342201526759
7,5;72,5;0,317042781024896
7,5;73;0,234927132006802
7,5;73,5;0,037322915213043
7,5;74;0
7,5;74,5;0,0620493659075079
7,5;75;0
7,5;75,5;0
7,5;76;0
7,5;76,5;0,11127563375091
7,5;77;0,0881553687963419
7,5;77,5;0
8;-23,5;0,269037066124201
8;-23;0,147413209760064
8;-22,5;0,0924700552130857
8;-22;0,105576650818232
8;-21,5;0,0824732568487391
8;-21;0
8;-20,5;0,0663946533992008
8;-20;0
8;-19,5;0,0662319615236687
8;-19;0,0797353102268355
8;-18,5;0
8;-18;0,061492516174365
8;-17,5;0,0417828636202414
8;-17;0,0823423373867647
8;-16,5;0,0425167346732169
8;-16;0,350248041359535
8;-15,5;0,166010099922725
8;-15;0,182813821361057
8;-14,5;0,0285507067713368
8;-14;0
8;-13,5;0
8;-13;0
8;-12,5;0,0276256084534665
8;-12;0,246834558756221
8;-11,5;0,141327619151245
8;-11;0,0298202469211236
8;-10,5;0,00989949493661167
8;-10;0
8;-9,5;0,0724239358281241
8;-9;0,0326937690617187
8;-8,5;0,0532692182727006
8;-8;0,0459434676155249
8;-7,5;0,038795295526068
8;-7;0,0578855119714322
8;-6,5;0,0400030152372315
8;-6;0,0501713193998581
8;-5,5;0,0608130393573538
8;-5;0,0607458013442277
8;-4,5;0,0804539244384825
8;-4;0,282437135660419
8;-3,5;0,340489585616308
8;-3;0,173711691824597
8;-2,5;0,0156320317510766
8;-2;0,0500472021627337
8;-1,5;0,0905441515087902
8;-1;0,0816245778759752
8;-0,5;0,278679450276239
8;0;0,219742813795035
8;0,5;0,074153070510904
8;1;0,317120643247042
8;1,5;0,351692864655092
8;2;0,102116442295621
8;2,5;0,056784377822939
8;3;0,047800603117557
8;3,5;0,0402986628984754
8;4;0,0336942151969896
8;4,5;0,025809332136736
8;5;0,0189961428591746
8;5,5;0,0186359866924185
8;6;0,230573669528612
8;6,5;0,137216124693977
8;7;0,0228136872308899
8;7,5;0,0314731443523998
8;8;0,0243546794933364
8;8,5;0,0468008646996946
8;9;0,167053186820518
8;9,5;0,217285345455837
8;10;0,0556671965960161
8;10,5;0,159376814093278
8;11;0,10487078750934
8;11,5;0,070330962972343
8;12;0,0556158545581825
8;12,5;0,132313702390268
8;13;0,0550747613598368
8;13,5;0,0833601392148391
8;14;0,0704543059624473
8;14,5;0,0495597032610953
8;15;0,0266794124154179
8;15,5;0,051329201382844
8;16;0,0401389031078295
8;16,5;0,0290327235341894
8;17;0,026550904899159
8;17,5;0,0303384399176872
8;18;0,0297521927798038
8;18,5;0,0559700333044315
8;19;0,0219920534107923
8;19,5;0,0244125667634102
8;20;0,0325398230272481
8;20,5;0,025248366829326
8;21;0,0419825885945357
8;21,5;0,0579271925944394
8;22;0,0602625099891536
8;22,5;0,0319724980820832
8;23;0,0336257108438181
8;23,5;0,0618515061694297
8;24;0,0304126237926032
8;24,5;0,0381860928343083
8;25;0,0326424437144749
8;25,5;0,0627174514109478
8;26;0,0454426272253927
8;26,5;0,0648672813314064
8;27;0,0278580027920027
8;27,5;0,0291030893061636
8;28;0,0354071545967571
8;28,5;0,0695736237266487
8;29;0,0849134788951179
8;29,5;0,0232782279247542
8;30;0,138180322958418
8;30,5;0,376301514050348
8;31;0,338744092687354
8;31,5;0,326413158646739
8;32;0,122383260842467
8;32,5;0,0357193047634241
8;33;0,0484619856133318
8;33,5;0,0509259036090888
8;34;0,0348492226535862
8;34,5;0,0293925577619681
8;35;0,0265845213772884
8;35,5;0,036403824383601
8;36;0,0692655438492927
8;36,5;0,0320715883120793
8;37;0,0222005788771225
8;37,5;0,030799621209792
8;38;0,0379837057797407
8;38,5;0,0591658963535289
8;39;0,094707753343733
8;39,5;0,12207873713348
8;40;0,0930618338194017
8;40,5;0,0606530543105529
8;41;0,0920590040359423
8;41,5;0,0746338224000215
8;42;0,0147291259558837
8;42,5;0,243731468569059
8;43;0,364923047286372
8;43,5;0,0386298675465846
8;44;0,0255877903306558
8;44,5;0,0462874626772945
8;45;0,0550930905158672
8;45,5;0,0939642248955638
8;46;0,0471318877824597
8;46,5;0,0185660907171625
8;47;0,0291517262009622
8;47,5;0,316823164171075
8;48;0,313577169644593
8;48,5;0,053721294856029
8;49;0,0336218457613007
8;49,5;0,0217789609599693
8;50;0,034649677310778
8;50,5;0,0256419937939706
8;51;0,0356078677813469
8;51,5;0,0292729790126574
8;52;0,0685160096273647
8;52,5;0,0367689803117419
8;53;0,0322890441039373
8;53,5;0,0294216824714195
8;54;0,132148733821908
8;54,5;0,0460471418524532
8;55;0,0330331766002381
8;55,5;0,0279957089718672
8;56;0,0670625320689877
8;56,5;0,0304384452193015
8;57;0,0601762871181475
8;57,5;0,0260398304310669
8;58;0,0311781441920094
8;58,5;0,0310526893918477
8;59;0,0459568897368579
8;59,5;0,0241978212724732
8;60;0,111553477899044
8;60,5;0,115914855058307
8;61;0,126625229389521
8;61,5;0,227334498918139
8;62;0,0200249843945008
8;62,5;0,0120531231545097
8;63;0,0336800332605862
8;63,5;0,0422819981157208
8;64;0,047164854603944
8;64,5;0,282458380949698
8;65;0,36624835787908
8;65,5;0,0536003109443717
8;66;0,0601925481861572
8;66,5;0,0542176965638495
8;67;0,0504919135439858
8;67,5;0,0560193492258231
8;68;0,0541532561237967
8;68,5;0,0798571598844099
8;69;0,0667414930952612
8;69,5;0,036226141573915
8;70;0,058314774313426
8;70,5;0,0735590319593434
8;71;0,0532609300206696
8;71,5;0,0712086087628808
8;72;0,0511018976251049
8;72,5;0,300536559468621
8;73;0,290279429491907
8;73,5;0
8;74;0,0106066017177982
8;74,5;0
8;75;0,0645596807686685
8;75,5;0
8;76;0,0816918134267589
8;76,5;0
8;77;0,108118673775845
8;77,5;0,0277368587502863
8,5;-23,5;0,240101624407854
8,5;-23;0,0860188052026117
8,5;-22,5;0,0432434966208793
8,5;-22;0,103362620463308
8,5;-21,5;0,0311496388422081
8,5;-21;0,053078872130695
8,5;-20,5;0
8,5;-20;0
8,5;-19,5;0,0711980024688583
8,5;-19;0,0687904729353322
8,5;-18,5;0
8,5;-18;0
8,5;-17,5;0,0268197688282356
8,5;-17;0,0641332024249293
8,5;-16,5;0,0894659224624174
8,5;-16;0,029737029257996
8,5;-15,5;0,444376488079528
8,5;-15;0,245269250789867
8,5;-14,5;0,244434361860325
8,5;-14;0,383837291917639
8,5;-13,5;0,187598331139043
8,5;-13;0
8,5;-12,5;0,258815732391471
8,5;-12;0,0477059213098093
8,5;-11,5;0,0420127906270363
8,5;-11;0,0443161430939171
8,5;-10,5;0
8,5;-10;0
8,5;-9,5;0,0295920987375398
8,5;-9;0,0398858676515429
8,5;-8,5;0,116297609298607
8,5;-8;0,0695444488303354
8,5;-7,5;0,0331130480261155
8,5;-7;0,0299310598032158
8,5;-6,5;0,0310047814149404
8,5;-6;0,0551931003398355
8,5;-5,5;0,0603366098940477
8,5;-5;0,0684705347744737
8,5;-4,5;0,0757891710418116
8,5;-4;0,344205803168924
8,5;-3,5;0,280459175987905
8,5;-3;0,147282109040695
8,5;-2,5;0,0310980061792328
8,5;-2;0,0942766738564491
8,5;-1,5;0,0424038342301883
8,5;-1;0,30118775015447
8,5;-0,5;0,024553639516421
8,5;0;0,0345377563192841
8,5;0,5;0,0459509403370791
8,5;1;0,146754496636093
8,5;1,5;0,070327084964129
8,5;2;0,0250327224692681
8,5;2,5;0,0571462477629595
8,5;3;0,0419104203430762
8,5;3,5;0,0445735347487722
8,5;4;0,0441049790109203
8,5;4,5;0,0202517046862659
8,5;5;0,0289521905707146
8,5;5,5;0,107727589182504
8,5;6;0,0845627352818433
8,5;6,5;0,0549490966160017
8,5;7;0,0355452511038121
8,5;7,5;0,0325944188972696
8,5;8;0,0227140416031673
8,5;8,5;0,0273564321534313
8,5;9;0,0267307640473757
8,5;9,5;0,0336055182074982
8,5;10;0,0233846087132206
8,5;10,5;0,0436618660093378
8,5;11;0,038747771641251
8,5;11,5;0,0470492850539691
8,5;12;0,0213022554710592
8,5;12,5;0,0445886968915038
8,5;13;0,043670725107387
8,5;13,5;0,0329253391999613
8,5;14;0,0401122684117339
8,5;14,5;0,026917656363243
8,5;15;0,0261169195617507
8,5;15,5;0,0494055411163282
8,5;16;0,0484298497844052
8,5;16,5;0,0316453183077513
8,5;17;0,03081185462894
8,5;17,5;0,0333809921004277
8,5;18;0,164785003513427
8,5;18,5;0,175417476457826
8,5;19;0,0815535619766199
8,5;19,5;0,132601470580081
8,5;20;0,0997371953020625
8,5;20,5;0,05683184199428
8,5;21;0,0277987429606599
8,5;21,5;0,0435293922422622
8,5;22;0,0300352410091769
8,5;22,5;0,0241162531068125
8,5;23;0,0367202175941986
8,5;23,5;0,0409479731046289
8,5;24;0,033884362174903
8,5;24,5;0,0391091782538506
8,5;25;0,0611028352356026
8,5;25,5;0,0490672894917951
8,5;26;0,0479880896609908
8,5;26,5;0,0602499511333432
8,5;27;0,0497454179957335
8,5;27,5;0,167770599232828
8,5;28;0,344486579482461
8,5;28,5;0,0603125993625982
8,5;29;0,0459411154430786
8,5;29,5;0,16769665073181
8,5;30;0,218304816655993
8,5;30,5;0,128758787980059
8,5;31;0,29574743897184
8,5;31,5;0,235942432687933
8,5;32;0,0343980367336492
8,5;32,5;0,0317659853253674
8,5;33;0,020619950755179
8,5;33,5;0,0285397383776843
8,5;34;0,0260370180423939
8,5;34,5;0,0318619850002204
8,5;35;0,0389507335216332
8,5;35,5;0,0365923508091657
8,5;36;0,0356738033847512
8,5;36,5;0,0436979552698503
8,5;37;0,0363164428604808
8,5;37,5;0,0394966836143103
8,5;38;0,0568645168645344
8,5;38,5;0,0819356311893806
8,5;39;0,0581933390164403
8,5;39,5;0,0593568559185695
8,5;40;0,094719346931847
8,5;40,5;0,121753010608718
8,5;41;0,0920786098161507
8,5;41,5;0,0738583746377635
8,5;42;0,026287429041651
8,5;42,5;0,0359030106091244
8,5;43;0,152518355188704
8,5;43,5;0,0187849735546397
8,5;44;0,0148374927287662
8,5;44,5;0,0365709356365589
8,5;45;0,0522836207358019
8,5;45,5;0,140939325553214
8,5;46;0,0399781276288077
8,5;46,5;0,0496198399070039
8,5;47;0,0604054402982948
8,5;47,5;0,247481344428667
8,5;48;0,294923768457379
8,5;48,5;0,057362996442668
8,5;49;0,0207843479199445
8,5;49,5;0,0237601102157706
8,5;50;0,22977138326496
8,5;50,5;0,109877552058102
8,5;51;0,0188459500877707
8,5;51,5;0,0390681822588891
8,5;52;0,0963673905786711
8,5;52,5;0,0373695902373816
8,5;53;0,0298430582669029
8,5;53,5;0,0278028304839653
8,5;54;0,345124823371333
8,5;54,5;0,300870704361929
8,5;55;0,0510548108457278
8,5;55,5;0,10431165311869
8,5;56;0,101781423506033
8,5;56,5;0,0273901345733677
8,5;57;0,03353123013606
8,5;57,5;0,0437768376959953
8,5;58;0,0274544802945144
8,5;58,5;0,0384758121267359
8,5;59;0,0843390042713903
8,5;59,5;0,0703622076043535
8,5;60;0,14378556064639
8,5;60,5;0,072925066743042
8,5;61;0,124004772940888
8,5;61,5;0,199203631706969
8,5;62;0,145914123377301
8,5;62,5;0,353364517479385
8,5;63;0,0453041078636123
8,5;63,5;0,138140035400209
8,5;64;0,0935145278358104
8,5;64,5;0,0392562407653151
8,5;65;0,125744781203834
8,5;65,5;0,0688052040005767
8,5;66;0,0547402959436648
8,5;66,5;0,0610695718900783
8,5;67;0,0326031695800679
8,5;67,5;0,042564818057449
8,5;68;0,0643882222879224
8,5;68,5;0,191487877453218
8,5;69;0,076309078076107
8,5;69,5;0,0809604253706123
8,5;70;0,0543116280475597
8,5;70,5;0,0708441392317816
8,5;71;0,0640550749869122
8,5;71,5;0,0584347104434974
8,5;72;0,0526965734536406
8,5;72,5;0,267091192275386
8,5;73;0,329091217091351
8,5;73,5;0,106824409876463
8,5;74;0,0731794858833416
8,5;74,5;0,0856646032058997
8,5;75;0,0656320551763136
8,5;75,5;0,0535288084430555
8,5;76;0,0591976375720995
8,5;76,5;0
8,5;77;0,0585384489032636
8,5;77,5;0,0770746391493337
9;-23,5;0
9;-23;0,0498363990138399
9;-22,5;0,053601051550065
9;-22;0,0570103763058616
9;-21;0
9;-20,5;0
9;-20;0,0529267238286869
9;-19,5;0,27333489461718
9;-19;0,179824473967344
9;-18,5;0,0857880906141876
9;-18;0
9;-17,5;0,027264140062238
9;-17;0,0775573094130156
9;-16,5;0,0413516639805476
9;-16;0,0405051437062834
9;-15,5;0,42076282983928
9;-15;0,335796346369072
9;-14,5;0,189369629313253
9;-14;0,250906823809625
9;-13,5;0,239104332495632
9;-13;0
9;-12,5;0,296879702612235
9;-12;0,0999789620727424
9;-11,5;0,0711195445035302
9;-11;0,0615375520160109
9;-10,5;0,0770438919728396
9;-10;0,0692034090775663
9;-9,5;0,0306196326686312
9;-9;0,060873528680265
9;-8,5;0,374125779581371
9;-8;0,308186637751548
9;-7,5;0,0316860022088321
9;-7;0,0296062118106619
9;-6,5;0,0551693155443325
9;-6;0,0681549892825358
9;-5,5;0,0782187216648464
9;-5;0,042780731762103
9;-4,5;0,0397722801573163
9;-4;0,14721522521626
9;-3,5;0,156976350135463
9;-3;0,181209339622314
9;-2,5;0,0574998964802381
9;-2;0,0518393585597044
9;-1,5;0,0954148750406121
9;-1;0,0623398435102
9;-0,5;0,0623996869915156
9;0;0,0357040737501051
9;0,5;0,0297958685946682
9;1;0,0268196661119807
9;1,5;0,0592600246771602
9;2;0,0643993232039876
9;2,5;0,0544625413017175
9;3;0,0781920830492966
9;3,5;0,0829195401442932
9;4;0,0583801909402057
9;4,5;0,0430850560963257
9;5;0,060329868019138
9;5,5;0,094401290146201
9;6;0,0686132561945564
9;6,5;0,0246014708736288
9;7;0,0200704013015027
9;7,5;0,0223993006839381
9;8;0,0258295425067198
9;8,5;0,0345449976515428
9;9;0,0435454213323085
9;9,5;0,0828735827405419
9;10;0,0472217105249649
9;10,5;0,0705132629221899
9;11;0,0664947366338118
9;11,5;0,150062347465051
9;12;0,0377476961878882
9;12,5;0,05854223259493
9;13;0,0430820282371292
9;13,5;0,0434579956155379
9;14;0,0313129080311362
9;14,5;0,0264362699881685
9;15;0,0223131268595887
9;15,5;0,044238416958725
9;16;0,0368578219081469
9;16,5;0,0376603564903519
9;17;0,0367192347939979
9;17,5;0,052554464730272
9;18;0,0747783096377987
9;18,5;0,0712893849079947
9;19;0,0673960979733884
9;19,5;0,076497923052884
9;20;0,0775439056294915
9;20,5;0,0668176674892594
9;21;0,030465264961034
9;21,5;0,0354403992757763
9;22;0,0391142125747707
9;22,5;0,0243484942769305
9;23;0,0240769084531457
9;23,5;0,0249786217133717
9;24;0,0247479191879283
9;24,5;0,0250250664819982
9;25;0,0297644864838516
9;25,5;0,0330038398300284
9;26;0,0372540696096324
9;26,5;0,0578006822669371
9;27;0,0514141679565727
9;27,5;0,145843773258741
9;28;0,318708533520587
9;28,5;0,0419603430118836
9;29;0,041326395156596
9;29,5;0,164044865528721
9;30;0,171205334807846
9;30,5;0,280004931823941
9;31;0,171208363875396
9;31,5;0,293543688583894
9;32;0,0331020876889418
9;32,5;0,0226177756223879
9;33;0,0460978672053441
9;33,5;0,0358849132261063
9;34;0,0515316974319727
9;34,5;0,06579159328179
9;35;0,0251605286879419
9;35,5;0,0307633439881514
9;36;0,0385117674548053
9;36,5;0,0579684095122284
9;37;0,0560455172159201
9;37,5;0,0280458572732737
9;38;0,0510718448201485
9;38,5;0,0830606187743901
9;39;0,0732720956435668
9;39,5;0,0623514399682614
9;40;0,0726695057973366
9;40,5;0,190464844164862
9;41;0,0618676950813417
9;41,5;0,0526994803018933
9;42;0,259100516214335
9;42,5;0,0261270159394567
9;43;0,0330369502624656
9;43,5;0,021080738143176
9;44;0,031932767698597
9;44,5;0,0210075383295299
9;45;0,0381919439127145
9;45,5;0,046582241618022
9;46;0,0362512239747767
9;46,5;0,0478711079379474
9;47;0,0254394246214192
9;47,5;0,0316247684638506
9;48;0,0256936229238535
9;48,5;0,0240793826055957
9;49;0,0596376789858638
9;49,5;0,028120527192547
9;50;0,0261904552252072
9;50,5;0,0195059466810218
9;51;0,0288208798087022
9;51,5;0,0273642102023793
9;52;0,0507846232774499
9;52,5;0,042086397755487
9;53;0,0455391772726151
9;53,5;0,0277529504828622
9;54;0,279903728776378
9;54,5;0,269190077262617
9;55;0,143584009890764
9;55,5;0,173286469215641
9;56;0,0400250464978001
9;56,5;0,051829257261434
9;57;0,117061232500071
9;57,5;0,128464831805605
9;58;0,0329533128696641
9;58,5;0,0924300398168063
9;59;0,0953599924407258
9;59,5;0,126711456697597
9;60;0,208411787096324
9;60,5;0,0933374941000563
9;61;0,156327590054304
9;61,5;0,271261380043536
9;62;0,02935812522809
9;62,5;0,319920209060996
9;63;0,0497095053348444
9;63,5;0,182513153519765
9;64;0,0956786154108147
9;64,5;0,0424179286654701
9;65;0,0451879672142085
9;65,5;0,0539788920256217
9;66;0,0328005125931536
9;66,5;0,0943934957220678
9;67;0,0328510950265656
9;67,5;0,0303750065949133
9;68;0,0365149767593828
9;68,5;0,0511268186698682
9;69;0,0578931409024143
9;69,5;0,0587836788909541
9;70;0,0617969249766932
9;70,5;0,0595088847089858
9;71;0,0616075587223446
9;71,5;0,0836001023841722
9;72;0,0620657917052542
9;72,5;0,0620781975767587
9;73;0,0568530268909815
9;73,5;0,00424264068711927
9;74;0,0523641098463442
9;74,5;0,110968926119444
9;75;0,08685777647012
9;75,5;0,0311496388422081
9;76;0,0673637275903865
9;76,5;0
9;77;0
9,5;-23,5;0
9,5;-23;0,0247487373415292
9,5;-22,5;0,0698307477643862
9,5;-22;0,0339411254969543
9,5;-21,5;0
9,5;-21;0
9,5;-20,5;0
9,5;-20;0,0887444833966221
9,5;-19,5;0,235732494203768
9,5;-19;0,337176126858157
9,5;-18,5;0,0482254204385051
9,5;-18;0
9,5;-17,5;0,0542086401477354
9,5;-17;0,0518714147675362
9,5;-16,5;0,0518140907475949
9,5;-16;0,0560125901598048
9,5;-15,5;0,0446198778296954
9,5;-15;0,320197985627643
9,5;-14,5;0,172768518311468
9,5;-14;0,312303802583516
9,5;-13,5;0,29940373283928
9,5;-13;0
9,5;-12,5;0,333696614951425
9,5;-12;0,0286050694807756
9,5;-11,5;0,0891562566241881
9,5;-11;0,061262370221165
9,5;-10,5;0,0544464977112718
9,5;-10;0,0351166468357506
9,5;-9,5;0,0544983180168587
9,5;-9;0,0591776363760739
9,5;-8,5;0,345001212139136
9,5;-8;0,291767913979645
9,5;-7,5;0,0418434914625653
9,5;-7;0,0307646497374728
9,5;-6,5;0,0458061044659902
9,5;-6;0,0269251395029794
9,5;-5,5;0,0676775951619005
9,5;-5;0,0363460246060556
9,5;-4,5;0,0440120575931103
9,5;-4;0,0255778974452416
9,5;-3,5;0,0734412787781601
9,5;-3;0,0370911105916673
9,5;-2,5;0,0221794320033157
9,5;-2;0,0265381906357402
9,5;-1,5;0,0439360880695404
9,5;-1;0,0567811718584464
9,5;-0,5;0,0631945966294291
9,5;0;0,0568476950647401
9,5;0,5;0,0336213675888328
9,5;1;0,0292557013193018
9,5;1,5;0,339771528647061
9,5;2;0,138942497201579
9,5;2,5;0,0829080012044641
9,5;3;0,0627478832211852
9,5;3,5;0,0734078253010331
9,5;4;0,054634438303505
9,5;4,5;0,0609580637585388
9,5;5;0,0370975849931627
9,5;5,5;0,130054463080056
9,5;6;0,103409075543503
9,5;6,5;0,0386660207032582
9,5;7;0,028799216794128
9,5;7,5;0,0219114043793016
9,5;8;0,018809078727493
9,5;8,5;0,0423816554966731
9,5;9;0,0723578172106138
9,5;9,5;0,197551807905478
9,5;10;0,195955666262795
9,5;10,5;0,233541824405301
9,5;11;0,275064128510768
9,5;11,5;0,158077090026305
9,5;12;0,0281527880783418
9,5;12,5;0,0735338493297147
9,5;13;0,039130594724923
9,5;13,5;0,0347924126037548
9,5;14;0,152226599526186
9,5;14,5;0,0490557042029359
9,5;15;0,0355195073086471
9,5;15,5;0,0225810150546063
9,5;16;0,0291504527935953
9,5;16,5;0,0361715152073658
9,5;17;0,0272518581770984
9,5;17,5;0,0229489736623855
9,5;18;0,0725170582655957
9,5;18,5;0,0425826040244545
9,5;19;0,0627909942872816
9,5;19,5;0,0896186264644041
9,5;20;0,0399063072819516
9,5;20,5;0,0743505295184198
9,5;21;0,0520977426899518
9,5;21,5;0,0913218282150546
9,5;22;0,0643425759500644
9,5;22,5;0,0360803205595577
9,5;23;0,019551610577916
9,5;23,5;0,0282563286750568
9,5;24;0,0343273116493102
9,5;24,5;0,0257384169373833
9,5;25;0,027686888126055
9,5;25,5;0,0258017286456146
9,5;26;0,0346455746123569
9,5;26,5;0,0332015985044499
9,5;27;0,0395892512612577
9,5;27,5;0,0351202146431941
9,5;28;0,0375223643137191
9,5;28,5;0,030984780321478
9,5;29;0,0798024860318242
9,5;29,5;0,282086700766469
9,5;30;0,0344710023062864
9,5;30,5;0,0438772910133097
9,5;31;0,279406760864029
9,5;31,5;0,253640822713495
9,5;32;0,0457425482046359
9,5;32,5;0,0418636100417777
9,5;33;0,0421314566787487
9,5;33,5;0,0399280603085099
9,5;34;0,0321068528510659
9,5;34,5;0,0349877546465419
9,5;35;0,0738531554335569
9,5;35,5;0,0496718293765069
9,5;36;0,0420488368827913
9,5;36,5;0,0592633033036237
9,5;37;0,0672465628124147
9,5;37,5;0,0260610905522265
9,5;38;0,0483716842244587
9,5;38,5;0,0703343037622061
9,5;39;0,0561186255867074
9,5;39,5;0,0328572670805105
9,5;40;0,0329317093238659
9,5;40,5;0,184554595552856
9,5;41;0,186788306982381
9,5;41,5;0,13240314548937
9,5;42;0,346129044869799
9,5;42,5;0,0472320228729866
9,5;43;0,0370386572097587
9,5;43,5;0,0302882325468543
9,5;44;0,0274546940265164
9,5;44,5;0,0245222364935303
9,5;45;0,0185529879232846
9,5;45,5;0,0273368844622214
9,5;46;0,0360216647391332
9,5;46,5;0,0233098946903711
9,5;47;0,0163304419209443
9,5;47,5;0,0304370528686308
9,5;48;0,0173009378876012
9,5;48,5;0,0488921636247758
9,5;49;0,0875027714647119
9,5;49,5;0,021661908780415
9,5;50;0,0280073976846988
9,5;50,5;0,0321870501653554
9,5;51;0,0280458572732737
9,5;51,5;0,0270703984793206
9,5;52;0,0312996822698384
9,5;52,5;0,0765558259726726
9,5;53;0,0628719872189476
9,5;53,5;0,0331092835266392
9,5;54;0,0263950283322666
9,5;54,5;0,0406985372788644
9,5;55;0,141550892551311
9,5;55,5;0,0709594258220453
9,5;56;0,0407455332881163
9,5;56,5;0,0208451309490297
9,5;57;0,0394526835953977
9,5;57,5;0,029605731433526
9,5;58;0,0375705997005794
9,5;58,5;0,104624332281757
9,5;59;0,112125744866122
9,5;59,5;0,271521732321356
9,5;60;0,0682746634376119
9,5;60,5;0,06247710802298
9,5;61;0,224285654151988
9,5;61,5;0,245422274339424
9,5;62;0,0319405698133267
9,5;62,5;0,288239477847744
9,5;63;0,375414827188696
9,5;63,5;0,0508212553957495
9,5;64;0,0505081458063231
9,5;64,5;0,0591133618399647
9,5;65;0,0443556122874437
9,5;65,5;0,0595800521038347
9,5;66;0,0420099194635426
9,5;66,5;0,0440107858980309
9,5;67;0,0407500511247123
9,5;67,5;0,0527448877663406
9,5;68;0,102464079029018
9,5;68,5;0,0459433981474306
9,5;69;0,0568196524664129
9,5;69,5;0,0440855811069613
9,5;70;0,0675914941692637
9,5;70,5;0,0563687170163072
9,5;71;0,0619767799747506
9,5;71,5;0,0770061344104618
9,5;72;0,0129499034745437
9,5;72,5;0,062961628526164
9,5;73;0,103017613969063
9,5;73,5;0,0268700576850888
9,5;74;0,0768847127715973
9,5;74,5;0,07238055294376
9,5;75;0,0870947337504331
9,5;75,5;0,0833747230546791
9,5;76;0,110834510866067
9,5;76,5;0
9,5;77;0
9,5;77,5;0
10;-23,5;0,0720326314943443
10;-23;0,0602255944115309
10;-22,5;0
10;-22;0
10;-21,5;0
10;-21;0
10;-20;0
10;-19,5;0,304336878963815
10;-19;0,280245680117446
10;-18,5;0,0481910878937273
10;-18;0
10;-17,5;0,0632159505999586
10;-17;0,0583138515194691
10;-16,5;0,0515703403130133
10;-16;0,0701624305926374
10;-15,5;0,0414797139173677
10;-15;0,282501754165739
10;-14,5;0,307333934259052
10;-14;0,300414670678671
10;-13,5;0,255465155069229
10;-13;0,202680472331279
10;-12,5;0,39153069681662
10;-12;0
10;-11,5;0
10;-11;0,0691906110635009
10;-10,5;0,0616000788273721
10;-10;0,046419013328453
10;-9,5;0,076091126139151
10;-9;0,0518310428560539
10;-8,5;0,0499190773724263
10;-8;0,0581016540022932
10;-7,5;0,281196281035985
10;-7;0,0310733200593724
10;-6,5;0,0305258868547819
10;-6;0,117771635098722
10;-5,5;0,101937424020041
10;-5;0,0291139887772272
10;-4,5;0,104270415687427
10;-4;0,0400277681394082
10;-3,5;0,0595355428511744
10;-3;0,0608549349074131
10;-2,5;0,0587932594916064
10;-2;0,0738601718081198
10;-1,5;0,0265635114316849
10;-1;0,0389340383727684
10;-0,5;0,0276274300219341
10;0;0,0280077155829408
10;0,5;0,0276321168985932
10;1;0,141883361375794
10;1,5;0,261311845988647
10;2;0,189915948532189
10;2,5;0,130006474467087
10;3;0,0740940786635288
10;3,5;0,0395660639434599
10;4;0,0372739855663437
10;4,5;0,0434076501280115
10;5;0,0188639237447467
10;5,5;0,0275056895056654
10;6;0,0387412178805045
10;6,5;0,0290058989701459
10;7;0,0334473376397957
10;7,5;0,0230042879773928
10;8;0,0592624220215943
10;8,5;0,0268791874166681
10;9;0,0505196222413129
10;9,5;0,201882241761199
10;10;0,314003156622901
10;10,5;0,261869774872162
10;11;0,339000362839791
10;11,5;0,0490789772255865
10;12;0,0385615764597787
10;12,5;0,0482383958840421
10;13;0,191903773264825
10;13,5;0,0771112662515673
10;14;0,178402625244739
10;14,5;0,15946068325494
10;15;0,0639172146653663
10;15,5;0,0240329262200782
10;16;0,0269822842604522
10;16,5;0,0229247241031732
10;17;0,031320127924757
10;17,5;0,0379045092400402
10;18;0,0280425566991652
10;18,5;0,0319093002669468
10;19;0,0356657539596409
10;19,5;0,175620014610182
10;20;0,031197860084134
10;20,5;0,0866494337531867
10;21;0,096865112398634
10;21,5;0,0603716451423189
10;22;0,0581006678387244
10;22,5;0,0590319052735077
10;23;0,0647830156635001
10;23,5;0,0407840817269931
10;24;0,0374603518594328
10;24,5;0,026634776041218
10;25;0,0456885386282323
10;25,5;0,0379712465523361
10;26;0,0275297209791542
10;26,5;0,0422125997928014
10;27;0,0146662033485547
10;27,5;0,022747430454592
10;28;0,0602455718341177
10;28,5;0,0351249089486384
10;29;0,108414401750354
10;29,5;0,0572142486443184
10;30;0,0290570186113186
10;30,5;0,0504306072068411
10;31;0,0657909599658125
10;31,5;0,0506051165762066
10;32;0,06171322752693
10;32,5;0,0521762363712953
10;33;0,0492661728280568
10;33,5;0,0320784893126846
10;34;0,0376970744420254
10;34,5;0,0384373125653339
10;35;0,098621285679009
10;35,5;0,0607470141201846
10;36;0,0499657430855748
10;36,5;0,0435650759235008
10;37;0,0380779496835221
10;37,5;0,0484669448995824
10;38;0,0498714698948365
10;38,5;0,0360361076419321
10;39;0,0551831798044779
10;39,5;0,0295246966707301
10;40;0,0581315158971093
10;40,5;0,205913018877179
10;41;0,0659528224560251
10;41,5;0,0416489866112343
10;42;0,0583563126718107
10;42,5;0,0440838950997134
10;43;0,0324750800125304
10;43,5;0,0254586829552341
10;44;0,0313199122536285
10;44,5;0,0191214147332398
10;45;0,036515767000974
10;45,5;0,0250556790437138
10;46;0,028761254833792
10;46,5;0,0236067676013473
10;47;0,0336826728718288
10;47,5;0,0342727875572173
10;48;0,0319387499216308
10;48,5;0,0490012565195615
10;49;0,0829077468657672
10;49,5;0,0608523276886264
10;50;0,0334724630872
10;50,5;0,054752728651327
10;51;0,0495864425952921
10;51,5;0,0723382397950014
10;52;0,040508161610036
10;52,5;0,178938782702862
10;53;0,154041366398716
10;53,5;0,0344150709346649
10;54;0,048107719350063
10;54,5;0,0461624452327025
10;55;0,0482566986395198
10;55,5;0,0317090667785475
10;56;0,0327282411105243
10;56,5;0,0243813761431744
10;57;0,0339816498782064
10;57,5;0,0389848891771981
10;58;0,0572823416653568
10;58,5;0,216256938601409
10;59;0,164364751306838
10;59,5;0,143218858389556
10;60;0,106811233248299
10;60,5;0,0752589611400799
10;61;0,118853248495239
10;61,5;0,360114844310667
10;62;0,0275843963996166
10;62,5;0,301099644596029
10;63;0,246542888425794
10;63,5;0,216588769611795
10;64;0,0563350036303596
10;64,5;0,0616692028845483
10;65;0,0503920205114391
10;65,5;0,0288179838031079
10;66;0,0530521780593214
10;66,5;0,0454869655990468
10;67;0,0293058895929669
10;67,5;0,0396219271217786
10;68;0,100982962509791
10;68,5;0,13542950754969
10;69;0,175761306736758
10;69,5;0,138608243340543
10;70;0,102399620829909
10;70,5;0,312916634228306
10;71;0,341501619411396
10;71,5;0,0594516610365093
10;72;0
10;72,5;0,0887748740402912
10;73;0,054393155678039
10;73,5;0
10;74;0,0669105954074374
10;74,5;0,0530330085889911
10;75;0,0553383531859535
10;75,5;0,0874034387831
10;76;0,0863688351216578
10;76,5;0
10;77;0
10;77,5;0
10,5;-23,5;0,0742332232128676
10,5;-23;0,096873629022557
10,5;-22,5;0
10,5;-22;0
10,5;-21,5;0
10,5;-21;0
10,5;-20,5;0
10,5;-20;0,0714177848998413
10,5;-19,5;0,0240416305603426
10,5;-19;0,0318198051533946
10,5;-18,5;0,0819789752372667
10,5;-18;0,0850485890535522
10,5;-17,5;0,0818880187759334
10,5;-17;0,0726406646021783
10,5;-16,5;0
10,5;-16;0,0831443452247785
10,5;-15,5;0,0612311778659952
10,5;-15;0,0283948352111201
10,5;-14,5;0,136948806529141
10,5;-14;0,322686168572466
10,5;-13,5;0,367667613965351
10,5;-13;0,269810061669713
10,5;-12,5;0,407206692572937
10,5;-12;0,0475210479682425
10,5;-11,5;0,0631873631127527
10,5;-11;0,205385998569543
10,5;-10,5;0,182073012470441
10,5;-10;0,0340535928522555
10,5;-9,5;0,0877664116843284
10,5;-9;0,0648221407999473
10,5;-8,5;0,0829851326738589
10,5;-8;0,228068070401891
10,5;-7,5;0,242891236910755
10,5;-7;0,0392423953320621
10,5;-6,5;0,0414562687928162
10,5;-6;0,0981010367042242
10,5;-5,5;0,0488887294288626
10,5;-5;0,024911786913487
10,5;-4,5;0,250475576005442
10,5;-4;0,127791240783558
10,5;-3,5;0,028809686676499
10,5;-3;0,0671194918670457
10,5;-2,5;0,0711618755078054
10,5;-2;0,0537104272797722
10,5;-1,5;0,0260078604995632
10,5;-1;0,0306619585881479
10,5;-0,5;0,367330622831327
10,5;0;0,0257238540399114
10,5;0,5;0,0274715845043942
10,5;1;0,245735171792007
10,5;1,5;0,335267249327649
10,5;2;0,0796019877030781
10,5;2,5;0,0427487657308868
10,5;3;0,0381149408912436
10,5;3,5;0,0689748007644521
10,5;4;0,0243827655876662
10,5;4,5;0,0264303283928363
10,5;5;0,0390343488757897
10,5;5,5;0,0537565604100081
10,5;6;0,0170164198178514
10,5;6,5;0,0297709446512415
10,5;7;0,0192951351613913
10,5;7,5;0,0269722137774345
10,5;8;0,0597873896061943
10,5;8,5;0,0411232059300709
10,5;9;0,12484335048924
10,5;9,5;0,115453265919896
10,5;10;0,366868794688642
10,5;10,5;0,305274967205372
10,5;11;0,0692513875903984
10,5;11,5;0,0306534334650016
10,5;12;0,0574829191947088
10,5;12,5;0,227332650148476
10,5;13;0,323796945808397
10,5;13,5;0,314279764518295
10,5;14;0,165776381959032
10,5;14,5;0,267933884879585
10,5;15;0,125816419237961
10,5;15,5;0,174562204846529
10,5;16;0,0277070741133535
10,5;16,5;0,0331343711970191
10,5;17;0,0341405061424676
10,5;17,5;0,0631749848554362
10,5;18;0,0711315500250317
10,5;18,5;0,0290172694851644
10,5;19;0,0367885585368017
10,5;19,5;0,0253921475465309
10,5;20;0,0324513494733983
10,5;20,5;0,0598397458138265
10,5;21;0,109529173315435
10,5;21,5;0,0766603524768395
10,5;22;0,0964814695521485
10,5;22,5;0,0881325776297813
10,5;23;0,0326120277293069
10,5;23,5;0,0297138974636337
10,5;24;0,0264853096139039
10,5;24,5;0,0227015652417575
10,5;25;0,0334726811844365
10,5;25,5;0,0692429566984368
10,5;26;0,0605355495128353
10,5;26,5;0,0580596622463935
10,5;27;0,0423776101937099
10,5;27,5;0,0375346861058465
10,5;28;0,0622111484964325
10,5;28,5;0,290309887626988
10,5;29;0,168544803208836
10,5;29,5;0,0533467372963454
10,5;30;0,0363135119268212
10,5;30,5;0,029250925911271
10,5;31;0,0233612702903723
10,5;31,5;0,0230487001158593
10,5;32;0,0280298345579198
10,5;32,5;0,0229704295477646
10,5;33;0,0243690094708327
10,5;33,5;0,0245293381433757
10,5;34;0,0314576040726958
10,5;34,5;0,0669616846982724
10,5;35;0,0577415527553646
10,5;35,5;0,0421268336122339
10,5;36;0,0170378568926116
10,5;36,5;0,0261816523842294
10,5;37;0,0407047996709656
10,5;37,5;0,0557903308762705
10,5;38;0,0338731682399306
10,5;38,5;0,0475854588642035
10,5;39;0,0340103625664997
10,5;39,5;0,0456612180598541
10,5;40;0,0325342498064474
10,5;40,5;0,151996824663038
10,5;41;0,0280092217772688
10,5;41,5;0,0374222293470034
10,5;42;0,0237179844656928
10,5;42,5;0,04098631229064
10,5;43;0,0577429160383945
10,5;43,5;0,0428812634471156
10,5;44;0,0365790039423132
10,5;44,5;0,029616709976024
10,5;45;0,0333760050560073
10,5;45,5;0,0261312124882571
10,5;46;0,0321344165699537
10,5;46,5;0,024323587617795
10,5;47;0,0265114144552631
10,5;47,5;0,0358443393950379
10,5;48;0,0369501600141173
10,5;48,5;0,0229858652219141
10,5;49;0,0294677790136956
10,5;49,5;0,331677670111578
10,5;50;0,257981585019874
10,5;50,5;0,0622591734862871
10,5;51;0,0590684631028549
10,5;51,5;0,0521261779699228
10,5;52;0,0297307939717869
10,5;52,5;0,0344380727392589
10,5;53;0,0382396819839929
10,5;53,5;0,0290587914559698
10,5;54;0,0478832746267495
10,5;54,5;0,108177719737564
10,5;55;0,199197464403569
10,5;55,5;0,331652750954212
10,5;56;0,364467253111005
10,5;56,5;0,0660615400709135
10,5;57;0,0657057499403305
10,5;57,5;0,0543559541110025
10,5;58;0,0743497223498673
10,5;58,5;0,241616101267918
10,5;59;0,13211138069061
10,5;59,5;0,292834966076838
10,5;60;0,196215528061626
10,5;60,5;0,087896806127124
10,5;61;0,0600950223092496
10,5;61,5;0,122521252275508
10,5;62;0,0306674171750814
10,5;62,5;0,197173416211735
10,5;63;0,332191398568171
10,5;63,5;0,0761507612809626
10,5;64;0,0699783671524886
10,5;64,5;0,103979525330613
10,5;65;0,0591901775988466
10,5;65,5;0,0701219305561929
10,5;66;0,0454710116802541
10,5;66,5;0,0364777882040299
10,5;67;0,0480647335862648
10,5;67,5;0,0371303231528612
10,5;68;0,131197386049724
10,5;68,5;0,154714932969023
10,5;69;0,170699334905157
10,5;69,5;0,110857461488511
10,5;70;0,114602609827315
10,5;70,5;0,203193444748349
10,5;71;0,104375352865101
10,5;71,5;0,0848174510345601
10,5;72;0,0618174732579713
10,5;72,5;0,0298831055949679
10,5;73;0,0810691063229391
10,5;73,5;0,0408207463593371
10,5;74;0
10,5;74,5;0
10,5;75;0,0494579711380371
10,5;75,5;0,0747350876987064
10,5;76;0,08358117905404
10,5;76,5;0
10,5;77;0
11;-23,5;0
11;-22;0
11;-21,5;0
11;-21;0,0520864665724217
11;-20,5;0,0367258180887195
11;-20;0,0626777472473285
11;-19,5;0
11;-19;0,00707106781186548
11;-18,5;0,0903373065093731
11;-18;0,047938750604535
11;-17,5;0,051128555296103
11;-17;0,0702092111715645
11;-16,5;0
11;-16;0,040116081563383
11;-15,5;0,0520106826633828
11;-15;0
11;-14,5;0,0134350288425444
11;-14;0,383451684628513
11;-13,5;0,273001537148995
11;-13;0,336517879749955
11;-12,5;0,0270868972014146
11;-12;0,0557803728922638
11;-11,5;0,0415551314204205
11;-11;0,363531087755512
11;-10,5;0,309259026101463
11;-10;0,246545189797418
11;-9,5;0,109845087288312
11;-9;0,117211705240895
11;-8,5;0,0305731264895891
11;-8;0,0246553572206146
11;-7,5;0,0364874562631468
11;-7;0,0318404659346555
11;-6,5;0,0779649947350758
11;-6;0,172090060113159
11;-5,5;0,104767637978562
11;-5;0,271559137662917
11;-4,5;0,336640540166587
11;-4;0,369041841481229
11;-3,5;0,0940993365997596
11;-3;0,0421769805087969
11;-2,5;0,0320346286880443
11;-2;0,0372062575683298
11;-1,5;0,0381901421645274
11;-1;0,0708941099695545
11;-0,5;0,314616752410465
11;0;0,0216318169417569
11;0,5;0,0394922179487882
11;1;0,206592984063897
11;1,5;0,330530650650259
11;2;0,040629816095115
11;2,5;0,0743585825617978
11;3;0,0290829723630826
11;3,5;0,24471198549876
11;4;0,022560378208893
11;4,5;0,242015081595937
11;5;0,0391880507121186
11;5,5;0,0348169191219277
11;6;0,0169046100286397
11;6,5;0,0222199496380851
11;7;0,0928585261693989
11;7,5;0,0821236872041191
11;8;0,057756171861727
11;8,5;0,0735466464036173
11;9;0,0391836643210495
11;9,5;0,0410278696516681
11;10;0,0561105677650214
11;10,5;0,352093920407437
11;11;0,313724637101887
11;11,5;0,0899097737292758
11;12;0,16533396794037
11;12,5;0,0462184347105549
11;13;0,267112549421317
11;13,5;0,286008747980842
11;14;0,305116511413575
11;14,5;0,332024194112704
11;15;0,347637571664072
11;15,5;0,299773541708637
11;16;0,121048908677489
11;16,5;0,044231355506217
11;17;0,0595436721916916
11;17,5;0,0470603574242308
11;18;0,0479212594517091
11;18,5;0,0405898384602094
11;19;0,0303063717854661
11;19,5;0,0390396157485719
11;20;0,0397913653299423
11;20,5;0,0658251178749472
11;21;0,0823356882811961
11;21,5;0,0513754947426796
11;22;0,0362966371413192
11;22,5;0,025667249823435
11;23;0,0177052154928254
11;23,5;0,0235164746471901
11;24;0,0246717625590187
11;24,5;0,0264989162416781
11;25;0,0532534870623279
11;25,5;0,03340832817105
11;26;0,0326262371391838
11;26,5;0,0545018828496757
11;27;0,0390840068805328
11;27,5;0,0592122507054817
11;28;0,0343460332498529
11;28,5;0,0881079767372869
11;29;0,213830527176587
11;29,5;0,0397289124516873
11;30;0,0376512724826031
11;30,5;0,0194614367573712
11;31;0,0248701919228821
11;31,5;0,0339206374036998
11;32;0,0434896856141883
11;32,5;0,0528950986392416
11;33;0,0351609894494362
11;33,5;0,0323254584145065
11;34;0,0206347516390823
11;34,5;0,0286749883814743
11;35;0,0268027433734235
11;35,5;0,0235006212918282
11;36;0,0343121608204043
11;36,5;0,0381807106621481
11;37;0,0395802476686243
11;37,5;0,066521544602922
11;38;0,0373942033780771
11;38,5;0,108898974990693
11;39;0,0938131370501786
11;39,5;0,033005982608539
11;40;0,0384017672547933
11;40,5;0,0416029362302316
11;41;0,0291920349386583
11;41,5;0,0269796883093044
11;42;0,0354056753322123
11;42,5;0,0426514946983104
11;43;0,0450911840167572
11;43,5;0,0500085943027019
11;44;0,0445063000461918
11;44,5;0,0278902962955036
11;45;0,0384202683073234
11;45,5;0,0318156644025771
11;46;0,0295023975306262
11;46,5;0,0479052295609127
11;47;0,0194187542476062
11;47,5;0,0574991052751085
11;48;0,0737067779682256
11;48,5;0,0506920807655555
11;49;0,0552480556979357
11;49,5;0,229116585562055
11;50;0,118036504485623
11;50,5;0,0191347224517573
11;51;0,040485799979746
11;51,5;0,0144838265832271
11;52;0,0259670378045244
11;52,5;0,0394178470577309
11;53;0,0316589739822505
11;53,5;0,0248269603744097
11;54;0,0266333124739176
11;54,5;0,0319772229425078
11;55;0,093273618742295
11;55,5;0,126269242829508
11;56;0,136268508214646
11;56,5;0,0899404367285402
11;57;0,0392447658769829
11;57,5;0,0300056444509323
11;58;0,0326923634765851
11;58,5;0,05350961069432
11;59;0,270925552269556
11;59,5;0,201471697048341
11;60;0,202619119988928
11;60,5;0,0545677052426208
11;61;0,0548041806946717
11;61,5;0,0294604119993188
11;62;0,0369096279434057
11;62,5;0,0339562312547438
11;63;0,0345946729692515
11;63,5;0,0361075010764651
11;64;0,0371161198026727
11;64,5;0,0432427301649793
11;65;0,0278134875571204
11;65,5;0,0328275993951931
11;66;0,0401897184366035
11;66,5;0,0621096479975876
11;67;0,0440106147483345
11;67,5;0,0444884180951501
11;68;0,0484034567325094
11;68,5;0,0944749520409881
11;69;0,216499439397723
11;69,5;0,206708645290173
11;70;0,121866770516403
11;70,5;0,0649878896907079
11;71;0,0183847763108503
11;71,5;0
11;72;0,0600631748022052
11;72,5;0,0280059517483933
11;73;0,0815873764745503
11;73,5;0,0799849985934863
11;74;0
11;74,5;0,0747547099965391
11;75;0,0665810854197535
11;75,5;0,0827288329463462
11;76;0,0976897421139278
11;76,5;0
11;77;0
11;77,5;0
11,5;-22,5;0,0685932108260619
11,5;-22;0,114561155989011
11,5;-21,5;0,132738339098644
11,5;-21;0,052054778839219
11,5;-20,5;0,0459619407771256
11,5;-20;0
11,5;-19,5;0,0238047614284762
11,5;-19;0,059652364231475
11,5;-18,5;0,0648151216923952
11,5;-18;0,0197989898732233
11,5;-17,5;0,0502555288681572
11,5;-17;0,054490129770668
11,5;-16,5;0
11,5;-16;0,0417193000900063
11,5;-15,5;0
11,5;-15;0
11,5;-14,5;0
11,5;-14;0
11,5;-13,5;0,0321506868770586
11,5;-13;0,0385461761048705
11,5;-12,5;0,0484200371747069
11,5;-12;0,0765890252443442
11,5;-11,5;0
11,5;-11;0,119501699066812
11,5;-10,5;0,318178749446267
11,5;-10;0,247506006992291
11,5;-9,5;0,165517786600593
11,5;-9;0,0539303172882101
11,5;-8,5;0,0410841850542203
11,5;-8;0,0299949146016585
11,5;-7,5;0,0383868795977548
11,5;-7;0,0419245962259326
11,5;-6,5;0,0418108512504955
11,5;-6;0,373193099657909
11,5;-5,5;0,225752398095919
11,5;-5;0,145142401889542
11,5;-4,5;0,371415231069218
11,5;-4;0,105374188509143
11,5;-3,5;0,0352154598189721
11,5;-3;0,0226816517477746
11,5;-2,5;0,0544385963537351
11,5;-2;0,0327887811098044
11,5;-1,5;0,0371972744094714
11,5;-1;0,0329020030265931
11,5;-0,5;0,0310176835726796
11,5;0;0,0222607234640745
11,5;0,5;0,0212832044090162
11,5;1;0,0447945017041167
11,5;1,5;0,0396713424389713
11,5;2;0,0256694687390361
11,5;2,5;0,0727463263146531
11,5;3;0,0291452120275924
11,5;3,5;0,29208474929429
11,5;4;0,138011458745635
11,5;4,5;0,312204934858279
11,5;5;0,322056114840943
11,5;5,5;0,0195711244761311
11,5;6;0,0179126248188815
11,5;6,5;0,020081517560435
11,5;7;0,0564936567888001
11,5;7,5;0,0562066231418195
11,5;8;0,0490877991060876
11,5;8,5;0,0298963696144436
11,5;9;0,0297927842238686
11,5;9,5;0,0286539509675177
11,5;10;0,0523148465844092
11,5;10,5;0,319931493396721
11,5;11;0,262720490236581
11,5;11,5;0,0477614642548534
11,5;12;0,0332611648134241
11,5;12,5;0,0255166546036537
11,5;13;0,267360291411662
11,5;13,5;0,158821387144904
11,5;14;0,0993825496935558
11,5;14,5;0,323275817643175
11,5;15;0,362909033217946
11,5;15,5;0,306020932981511
11,5;16;0,172087068743268
11,5;16,5;0,135038877751878
11,5;17;0,0842556574344638
11,5;17,5;0,0849258038340688
11,5;18;0,0327674837145106
11,5;18,5;0,0211248029641813
11,5;19;0,0591980543757418
11,5;19,5;0,0387575034946136
11,5;20;0,115197250287623
11,5;20,5;0,103187231202294
11,5;21;0,12217323427639
11,5;21,5;0,119246296383166
11,5;22;0,0717579888485278
11,5;22,5;0,0229234683119513
11,5;23;0,0262720404649665
11,5;23,5;0,0323730493631488
11,5;24;0,0533055837760735
11,5;24,5;0,0422647923474883
11,5;25;0,027290726383819
11,5;25,5;0,0417348428466913
11,5;26;0,0307301258313209
11,5;26,5;0,0221255807226398
11,5;27;0,0171359657537604
11,5;27,5;0,0324563534001135
11,5;28;0,0428554846196315
11,5;28,5;0,0934186273978781
11,5;29;0,228505142174088
11,5;29,5;0,123665080778111
11,5;30;0,08236411465511
11,5;30,5;0,0581542489132709
11,5;31;0,050472045832008
11,5;31,5;0,030973455710942
11,5;32;0,0334322101000862
11,5;32,5;0,0471372081394791
11,5;33;0,125300712667731
11,5;33,5;0,0520422252337745
11,5;34;0,0365996432263693
11,5;34,5;0,0459005422583909
11,5;35;0,0377066299860327
11,5;35,5;0,0344892046031766
11,5;36;0,0436272338934075
11,5;36,5;0,0582128032496707
11,5;37;0,0413642191101141
11,5;37,5;0,0350786001675746
11,5;38;0,0554937814499456
11,5;38,5;0,0791810101548724
11,5;39;0,0814787318663986
11,5;39,5;0,0442310555436992
11,5;40;0,0427749951500177
11,5;40,5;0,070191799822234
11,5;41;0,0446042083154609
11,5;41,5;0,0269371038351418
11,5;42;0,0349618465795708
11,5;42,5;0,0494065302784943
11,5;43;0,0479659010242112
11,5;43,5;0,0486517510322839
11,5;44;0,0561804096616611
11,5;44,5;0,0354165355693571
11,5;45;0,0225856709981187
11,5;45,5;0,0238287912988855
11,5;46;0,0437567531191035
11,5;46,5;0,0372979016980095
11,5;47;0,0444759785971743
11,5;47,5;0,0513537239027287
11,5;48;0,0631864136109478
11,5;48,5;0,0955791524348552
11,5;49;0,0675691983719465
11,5;49,5;0,123059352631047
11,5;50;0,0306045244138926
11,5;50,5;0,0247619520630433
11,5;51;0,0349828529425489
11,5;51,5;0,0643352970053869
11,5;52;0,0255326831009999
11,5;52,5;0,0412337821863145
11,5;53;0,0235635270526832
11,5;53,5;0,0144551171985266
11,5;54;0,032109553344417
11,5;54,5;0,0515793939892426
11,5;55;0,0779318010662747
11,5;55,5;0,124039348748998
11,5;56;0,189347899197992
11,5;56,5;0,063658051361635
11,5;57;0,0547038245800639
11,5;57,5;0,0441446221362399
11,5;58;0,0608612614815373
11,5;58,5;0,0467834802178506
11,5;59;0,125006629229585
11,5;59,5;0,13475635446994
11,5;60;0,0563873361316391
11,5;60,5;0,0392095164105766
11,5;61;0,295961933111629
11,5;61,5;0,277673810753298
11,5;62;0,0412794562281712
11,5;62,5;0,0313353596102671
11,5;63;0,0245318063707001
11,5;63,5;0,0386463177908048
11,5;64;0,0395393791048873
11,5;64,5;0,0308791473187074
11,5;65;0,119877657987698
11,5;65,5;0,0611648328830317
11,5;66;0,0331066702176952
11,5;66,5;0,065762020447469
11,5;67;0,0591227439364473
11,5;67,5;0,0493612738240754
11,5;68;0,0464285193324901
11,5;68,5;0,0763830062014035
11,5;69;0,0390733317305455
11,5;69,5;0,259505853923474
11,5;70;0,276861305176792
11,5;70,5;0,073113643583457
11,5;71;0
11,5;71,5;0,0919238815542512
11,5;72;0,100033739267986
11,5;72,5;0,0690416341981217
11,5;73;0,257851261618553
11,5;73,5;0,274355330947018
11,5;74;0
11,5;74,5;0,0553805019840015
11,5;75;0,0925295482950841
11,5;75,5;0,0855018045766204
11,5;76;0
11,5;76,5;0
11,5;77;0
11,5;77,5;0
12;-23,5;0
12;-22,5;0,127875590581888
12;-22;0,0717005561198737
12;-21,5;0,105456468112045
12;-21;0,0901283564419136
12;-20,5;0,143704594659725
12;-20;0,0609541652096906
12;-19,5;0,0465220377885578
12;-19;0,077530597823453
12;-18,5;0,0575604995731544
12;-18;0
12;-17,5;0,0391329642231315
12;-17;0,0571007880856298
12;-16,5;0,0771427248676115
12;-16;0,0537357216177263
12;-15,5;0
12;-15;0
12;-14,5;0,0289913780286484
12;-14;0,037620473149603
12;-13,5;0,0204401565551734
12;-13;0,0798712198774119
12;-12,5;0,0723229505439143
12;-12;0,0394386805536078
12;-11,5;0,044104043654371
12;-11;0,0926777102167209
12;-10,5;0,297443017935807
12;-10;0,0824317899842045
12;-9,5;0,0488927208194374
12;-9;0,0476702803163224
12;-8,5;0,0638144775982667
12;-8;0,0278553254485414
12;-7,5;0,0529607889035872
12;-7;0,0431594302384898
12;-6,5;0,0388437389505231
12;-6;0,0422750365048286
12;-5,5;0,0223137539302071
12;-5;0,0293971165226967
12;-4,5;0,0391623908506983
12;-4;0,0421889782194184
12;-3,5;0,0382106513157886
12;-3;0,0346192360583929
12;-2,5;0,150551628739524
12;-2;0,0530507216340008
12;-1,5;0,0923454819370609
12;-1;0,0662937783223116
12;-0,5;0,054058474839877
12;0;0,0433605646583749
12;0,5;0,0280537249682433
12;1;0,0451816122026704
12;1,5;0,0282233288675634
12;2;0,0347803146662082
12;2,5;0,0637852543315727
12;3;0,17332064136442
12;3,5;0,341076594649013
12;4;0,0701658572288628
12;4,5;0,0298098126457043
12;5;0,0379005287342594
12;5,5;0,0481732753322153
12;6;0,39974836854465
12;6,5;0,142470106351559
12;7;0,0535550703790973
12;7,5;0,038602156386784
12;8;0,0370447899429388
12;8,5;0,0840738270557615
12;9;0,133848785736486
12;9,5;0,0338652103315429
12;10;0,0340729863615189
12;10,5;0,0460262248067704
12;11;0,147441328066481
12;11,5;0,342179091257762
12;12;0,0403381685389838
12;12,5;0,032310968926956
12;13;0,132426757943896
12;13,5;0,206387389687085
12;14;0,0350384044696604
12;14,5;0,0787838801479532
12;15;0,104567322476823
12;15,5;0,0348780096941338
12;16;0,0913245031524019
12;16,5;0,038160764960083
12;17;0,0268279929356737
12;17,5;0,0208290504072147
12;18;0,0381335029808012
12;18,5;0,0283964419103039
12;19;0,0627476119857748
12;19,5;0,0541881796651908
12;20;0,233008112392619
12;20,5;0,244246635049047
12;21;0,0591107519131295
12;21,5;0,0853782767320883
12;22;0,0499628250231862
12;22,5;0,0765304383169254
12;23;0,0388548652161372
12;23,5;0,0430158421070227
12;24;0,0483995694150188
12;24,5;0,0386806039050233
12;25;0,0473973110673879
12;25,5;0,0630102127801561
12;26;0,0319703310291855
12;26,5;0,0302227428822704
12;27;0,0287872503918656
12;27,5;0,0378853624597315
12;28;0,125505975953339
12;28,5;0,185000773209612
12;29;0,111445633387324
12;29,5;0,141860944805342
12;30;0,151938240497973
12;30,5;0,0497286164508691
12;31;0,0429042466448869
12;31,5;0,0305038610210262
12;32;0,0441130138279025
12;32,5;0,0579035913853088
12;33;0,098374306257542
12;33,5;0,039857431502022
12;34;0,0354034499727421
12;34,5;0,039518397222158
12;35;0,0480258983736957
12;35,5;0,0598097246946019
12;36;0,0340571792733206
12;36,5;0,0251909183863154
12;37;0,0348292450182307
12;37,5;0,037501248228779
12;38;0,0347253370870993
12;38,5;0,0405640058117183
12;39;0,0391871243682596
12;39,5;0,0424691900521888
12;40;0,0333342637611192
12;40,5;0,0312191124664568
12;41;0,0308274635169203
12;41,5;0,02369234919691
12;42;0,0226035889473353
12;42,5;0,0375741694157424
12;43;0,0436349368453608
12;43,5;0,0398744897287661
12;44;0,0413132046972023
12;44,5;0,0950036210706146
12;45;0,0658249954618168
12;45,5;0,0388502755146347
12;46;0,0443362465125425
12;46,5;0,052618456157271
12;47;0,0491206517643248
12;47,5;0,0495729503909977
12;48;0,0435860426392172
12;48,5;0,072353486420802
12;49;0,0631907329660162
12;49,5;0,053885333177523
12;50;0,0342772965365012
12;50,5;0,0444355136803105
12;51;0,0215432296511376
12;51,5;0,0723293393674609
12;52;0,0210677282485255
12;52,5;0,0421724617091609
12;53;0,0176436137862405
12;53,5;0,0622376167472321
12;54;0,332717714409438
12;54,5;0,0331550140804929
12;55;0,062623102533513
12;55,5;0,0828660215321645
12;56;0,0309212706647864
12;56,5;0,0215791725822367
12;57;0,0162991284693872
12;57,5;0,0401710863728049
12;58;0,0284276216382254
12;58,5;0,0608307989458144
12;59;0,136954188673621
12;59,5;0,10200365501897
12;60;0,100045503160825
12;60,5;0,0908707427480656
12;61;0,249527421806299
12;61,5;0,219246020837955
12;62;0,136335533804573
12;62,5;0
12;63;0
12;63,5;0
12;64;0,0383130588205964
12;64,5;0,0282337779704983
12;65;0,23410079341262
12;65,5;0,244777325742257
12;66;0,389925030501717
12;66,5;0,294751914627319
12;67;0,159820952260989
12;67,5;0,0504799046447877
12;68;0,0590427501545368
12;68,5;0,0367309017012235
12;69;0,0631775310275934
12;69,5;0,0539993173214851
12;70;0,304895746046174
12;70,5;0,290579826691581
12;71;0,140269664638274
12;71,5;0,110110429418228
12;72;0,133522318448301
12;72,5;0,0901323821961137
12;73;0,353466259515031
12;73,5;0,209708824108789
12;74;0
12;74,5;0
12;75;0,140833234713969
12;75,5;0,0941738163838956
12;76;0
12;76,5;0
12;77;0,0155884572681199
12,5;-23,5;0
12,5;-22;0,0968159293495868
12,5;-21,5;0,177826372101324
12,5;-21;0,194682426168423
12,5;-20,5;0,210710486428438
12,5;-20;0,0513015362250257
12,5;-19,5;0,0943450850542392
12,5;-19;0,0732992017620862
12,5;-18,5;0,0171925371406705
12,5;-18;0,0236431808350738
12,5;-17,5;0,0607289058027559
12,5;-17;0,044585889193236
12,5;-16,5;0
12,5;-16;0
12,5;-15,5;0
12,5;-15;0
12,5;-14,5;0,0538178143634349
12,5;-14;0,0574215821380611
12,5;-13,5;0,0612289579702092
12,5;-13;0,054799635035281
12,5;-12,5;0,0485096054218319
12,5;-12;0,0485372279801803
12,5;-11,5;0,0430468611871355
12,5;-11;0,0519484148447096
12,5;-10,5;0,214065677505093
12,5;-10;0
12,5;-9,5;0,0472021203881054
12,5;-9;0,0413250409099759
12,5;-8,5;0,0981142221115345
12,5;-8;0,0331830221168993
12,5;-7,5;0,05473496749489
12,5;-7;0,0505613724195891
12,5;-6,5;0,0392590714760537
12,5;-6;0,0445057571664335
12,5;-5,5;0,290991581824604
12,5;-5;0,044814650260901
12,5;-4,5;0,0392428915237829
12,5;-4;0,0333869760082563
12,5;-3,5;0,0301592361471494
12,5;-3;0,245628172835308
12,5;-2,5;0,29860225030994
12,5;-2;0,35489615665869
12,5;-1,5;0,038631772966464
12,5;-1;0,0282904975013795
12,5;-0,5;0,0300176655959111
12,5;0;0,0516487274463946
12,5;0,5;0,0195391779915129
12,5;1;0,0311059047597778
12,5;1,5;0,0498434671184981
12,5;2;0,0306451461005651
12,5;2,5;0,306507602990536
12,5;3;0,0872970907377906
12,5;3,5;0,18035829996202
12,5;4;0,167272128409901
12,5;4,5;0,0571358984867113
12,5;5;0,0667681744430481
12,5;5,5;0,169176575374554
12,5;6;0,268731619265909
12,5;6,5;0,132095587281303
12,5;7;0,0602537367270719
12,5;7,5;0,0284734798623608
12,5;8;0,044878629427717
12,5;8,5;0,0753896978895508
12,5;9;0,0751114431094996
12,5;9,5;0,0673470804869553
12,5;10;0,0260517160648764
12,5;10,5;0,026799102853391
12,5;11;0,0745185231850502
12,5;11,5;0,264327493599661
12,5;12;0,045579338820577
12,5;12,5;0,0626025946878191
12,5;13;0,0683155699050683
12,5;13,5;0,11752269284412
12,5;14;0,0504884816256095
12,5;14,5;0,0263993879843911
12,5;15;0,0284551908265881
12,5;15,5;0,034964214648036
12,5;16;0,0338835861290328
12,5;16,5;0,0305030906879664
12,5;17;0,0348250368740266
12,5;17,5;0,0376850096022975
12,5;18;0,0373926212871171
12,5;18,5;0,0538983726377964
12,5;19;0,038970446857732
12,5;19,5;0,0694765220405134
12,5;20;0,305081306509047
12,5;20,5;0,267088389843102
12,5;21;0,0345040261953799
12,5;21,5;0,0300185158654761
12,5;22;0,193947188623063
12,5;22,5;0,306053629908494
12,5;23;0,0748575699921121
12,5;23,5;0,0371151380311913
12,5;24;0,0442481653601711
12,5;24,5;0,0301939757368734
12,5;25;0,0364827971838526
12,5;25,5;0,0392485563244525
12,5;26;0,0300770933219905
12,5;26,5;0,0233430046859567
12,5;27;0,0217809436005934
12,5;27,5;0,0460535157022778
12,5;28;0,0539184761108444
12,5;28,5;0,146010026449184
12,5;29;0,127427522207638
12,5;29,5;0,0908693755748709
12,5;30;0,0323304860863321
12,5;30,5;0,0288303769245013
12,5;31;0,0319548773636799
12,5;31,5;0,0359439378291621
12,5;32;0,0498910300157559
12,5;32,5;0,0626267851297372
12,5;33;0,0793586065260225
12,5;33,5;0,0584703145703049
12,5;34;0,0338271982115424
12,5;34,5;0,0459147611259843
12,5;35;0,0243239896774604
12,5;35,5;0,0457348990567984
12,5;36;0,0427108019714219
12,5;36,5;0,0245806173500849
12,5;37;0,0325935589134514
12,5;37,5;0,105914430870711
12,5;38;0,0400758234518563
12,5;38,5;0,028550000367923
12,5;39;0,0348794513826778
12,5;39,5;0,03358550691161
12,5;40;0,0350965413912946
12,5;40,5;0,0226615109190669
12,5;41;0,0225112468000552
12,5;41,5;0,0296540777140155
12,5;42;0,0229110298602267
12,5;42,5;0,0429650499616524
12,5;43;0,0447982868129732
12,5;43,5;0,0436058100104409
12,5;44;0,0409590823697434
12,5;44,5;0,0521040546108175
12,5;45;0,0714568364579907
12,5;45,5;0,0173509393526325
12,5;46;0,0194137599947817
12,5;46,5;0,0169724091447357
12,5;47;0,0244518163397742
12,5;47,5;0,0208948073742404
12,5;48;0,0170215549622628
12,5;48,5;0,0398686686986367
12,5;49;0,0277848904576039
12,5;49,5;0,0262686717012425
12,5;50;0,0495342286420464
12,5;50,5;0,154214425779359
12,5;51;0,30218531408655
12,5;51,5;0,274391476487784
12,5;52;0,189830889653572
12,5;52,5;0,0535919667307669
12,5;53;0,0222627312138904
12,5;53,5;0,0318835317027072
12,5;54;0,232551194779294
12,5;54,5;0,0390090721947936
12,5;55;0,075571912238701
12,5;55,5;0,0438973408845187
12,5;56;0,035006677288462
12,5;56,5;0,0144972597317609
12,5;57;0,0338572522095457
12,5;57,5;0,0884424382071925
12,5;58;0,057640647472399
12,5;58,5;0,114462053235328
12,5;59;0,120639890681666
12,5;59,5;0,184237658387021
12,5;60;0,0865390799555355
12,5;60,5;0,0940893703400335
12,5;61;0,202895390614953
12,5;61,5;0,215988912576519
12,5;62;0,0627973727560529
12,5;62,5;0,0489910451727916
12,5;63;0,0302676257190198
12,5;63,5;0,0390061164970701
12,5;64;0,0328033769368573
12,5;64,5;0,0280232985773962
12,5;65;0,100687415284482
12,5;65,5;0,287662833534507
12,5;66;0,0437887490738722
12,5;66,5;0,0422253769212348
12,5;67;0,054875638623033
12,5;67,5;0,0451857722153245
12,5;68;0,059837201979544
12,5;68,5;0,0738864926295967
12,5;69;0,0761922210298043
12,5;69,5;0,0653799125651982
12,5;70;0,0458374457029559
12,5;70,5;0,347322239145261
12,5;71;0,314764106886538
12,5;71,5;0,222815895162923
12,5;72;0,326082732778969
12,5;72,5;0,247293156523099
12,5;73;0,0833202240771095
12,5;73,5;0,351557122974753
12,5;74;0
12,5;74,5;0
12,5;75;0,0786587566644681
12,5;75,5;0,077454053701421
12,5;76;0,0250339769113898
12,5;76,5;0
12,5;77;0
12,5;77,5;0
13;-23;0
13;-22,5;0
13;-22;0,068709735684092
13;-21,5;0,198370893453767
13;-21;0,167677281397966
13;-20;0,0548452368032084
13;-19,5;0,106569226327303
13;-19;0,0729911338979306
13;-18,5;0,0571433035696847
13;-18;0,0856318759681124
13;-17,5;0
13;-17;0,0558057931554386
13;-16,5;0,186827014463469
13;-16;0
13;-15,5;0
13;-15;0
13;-14,5;0,0325540110641321
13;-14;0,0588141357507068
13;-13,5;0,0720477169505499
13;-13;0,0426956281914983
13;-12,5;0,041651044690494
13;-12;0,0622960672916036
13;-11,5;0,0543548827981102
13;-11;0,0495681277512319
13;-10,5;0,342291470167532
13;-10;0,31992960838177
13;-9,5;0,170114809605763
13;-9;0,0407204861705606
13;-8,5;0,0444851905790125
13;-8;0,0746722487731694
13;-7,5;0,0507144426556928
13;-7;0,0512549381705674
13;-6,5;0,0738754475558812
13;-6;0,0426230510921003
13;-5,5;0,349410994247347
13;-5;0,0445342260056766
13;-4,5;0,0506660464565198
13;-4;0,046308113610237
13;-3,5;0,0683470693007498
13;-3;0,103402693231749
13;-2,5;0,299879826141677
13;-2;0,301416301184111
13;-1,5;0,0464478136167763
13;-1;0,0248870552362313
13;-0,5;0,0381148217656619
13;0;0,0431914773885805
13;0,5;0,0244445034017154
13;1;0,0258224769018326
13;1,5;0,0348843900128942
13;2;0,0258473161759863
13;2,5;0,0412692113360914
13;3;0,332746997664314
13;3,5;0,35024785301757
13;4;0,322641615612684
13;4,5;0,0382084788673061
13;5;0,0975157252276097
13;5,5;0,209264857814812
13;6;0,333371368883452
13;6,5;0,0232008905599756
13;7;0,0266182139651814
13;7,5;0,038859407759622
13;8;0,043667693423574
13;8,5;0,0358357326709784
13;9;0,0688718690213457
13;9,5;0,0558239400320486
13;10;0,0225397975515826
13;10,5;0,024387481121961
13;11;0,0446557830809179
13;11,5;0,0411044164009587
13;12;0,0538177958368923
13;12,5;0,0497063628035743
13;13;0,079793263683189
13;13,5;0,060764967094977
13;14;0,0257968360315652
13;14,5;0,0362768000502946
13;15;0,0632320675351434
13;15,5;0,0646211555285989
13;16;0,0446057073631172
13;16,5;0,0506617400793355
13;17;0,0851343719786069
13;17,5;0,0517097576460446
13;18;0,0501202442467108
13;18,5;0,0665483812901681
13;19;0,0319157832056626
13;19,5;0,113123677081885
13;20;0,0469502843559219
13;20,5;0,052924594208896
13;21;0,237623598692654
13;21,5;0,0223545657672937
13;22;0,0403608513206514
13;22,5;0,0727886568600707
13;23;0,0327129177271899
13;23,5;0,0328208265078908
13;24;0,0306270037855737
13;24,5;0,0462613783414461
13;25;0,122373406224409
13;25,5;0,0834227046936396
13;26;0,027748303003233
13;26,5;0,0296101040940894
13;27;0,0209621034157912
13;27,5;0,0423725800157376
13;28;0,0637543235718542
13;28,5;0,0381412699556425
13;29;0,0476255343971135
13;29,5;0,0376827749324628
13;30;0,0347297328198288
13;30,5;0,0214560284541383
13;31;0,0216675322988767
13;31,5;0,0297601129881738
13;32;0,0469850043482898
13;32,5;0,0341455239293192
13;33;0,0306100912437453
13;33,5;0,022619273699651
13;34;0,0212881322102893
13;34,5;0,0201758590710829
13;35;0,0257827461687075
13;35,5;0,05099449411213
13;36;0,0432716641071331
13;36,5;0,0367999880225157
13;37;0,0305338880517898
13;37,5;0,0365619610694664
13;38;0,0393049905598916
13;38,5;0,0517703065072474
13;39;0,0303201264804524
13;39,5;0,0231503110902422
13;40;0,0224094690751514
13;40,5;0,0283518040587972
13;41;0,0246748590566955
13;41,5;0,0238887400426738
13;42;0,0334032812924408
13;42,5;0,0512699608701123
13;43;0,0363223003695007
13;43,5;0,0397756277162798
13;44;0,033358572400765
13;44,5;0,0426834769097121
13;45;0,026916066868088
13;45,5;0,033161484014419
13;46;0,0246850184877599
13;46,5;0,0257274172819582
13;47;0,0213254397414283
13;47,5;0,0458492829748873
13;48;0,0302081666662069
13;48,5;0,0518201155939013
13;49;0,0321144925790338
13;49,5;0,0627007113285163
13;50;0,0489011286748571
13;50,5;0,063927982250346
13;51;0,210976143991053
13;51,5;0,257474712176688
13;52;0,0539825703939344
13;52,5;0,0322523046777249
13;53;0,0115980726526522
13;53,5;0,0313892824438788
13;54;0,175075885160516
13;54,5;0,318057915975734
13;55;0,0821918186456403
13;55,5;0,0620449780725991
13;56;0,0171630399413969
13;56,5;0,0177236107464487
13;57;0,0387991135936086
13;57,5;0,0416041701216866
13;58;0,101633453363379
13;58,5;0,195452618938253
13;59;0,0616395947557845
13;59,5;0,0678354436889434
13;60;0,0599438891069794
13;60,5;0,0543673158646345
13;61;0,094255372982508
13;61,5;0,153072605635868
13;62;0,241124124680781
13;62,5;0,374925534658865
13;63;0,215405729456828
13;63,5;0,0451255823432583
13;64;0,0419681151479981
13;64,5;0,0524216924048286
13;65;0,0442697413590818
13;65,5;0,140149439074648
13;66;0,0316634951178312
13;66,5;0,0335793185595038
13;67;0,0393977500556493
13;67,5;0,0537742085504425
13;68;0,0477229586709974
13;68,5;0,0592837552484965
13;69;0,0486385979774624
13;69,5;0,0644241642124516
13;70;0,0643816965371591
13;70,5;0,100198309372969
13;71;0,213624254298579
13;71,5;0,271017065883313
13;72;0,342409706449317
13;72,5;0,363603855365099
13;73;0,0693373455483027
13;73,5;0,0919238815542512
13;74;0
13;74,5;0
13;75;0,0454015418240394
13;75,5;0,0548069338678967
13;76;0,0417971290880127
13;76,5;0
13;77;0
13;77,5;0
13,5;-23;0
13,5;-22,5;0
13,5;-22;0,199655241315162
13,5;-21,5;0,135610447254755
13,5;-21;0
13,5;-20,5;0,095980206292756
13,5;-19,5;0,120113649885801
13,5;-19;0,131569162209252
13,5;-18,5;0,044438829010332
13,5;-18;0,066667416662448
13,5;-17,5;0,331906856939229
13,5;-17;0,282146279573067
13,5;-16,5;0,132451061844682
13,5;-16;0,0681224902966012
13,5;-15,5;0,0466297473007664
13,5;-15;0,0575007246331151
13,5;-14,5;0,0485183241443661
13,5;-14;0,0419040854923763
13,5;-13,5;0,0445977985596109
13,5;-13;0,320132536083636
13,5;-12,5;0,29408018752571
13,5;-12;0,0551113092772837
13,5;-11,5;0,0670792699609799
13,5;-11;0,0336527016598122
13,5;-10,5;0,231982937590964
13,5;-10;0,369885720295379
13,5;-9,5;0,239206779762119
13,5;-9;0,0490246189715547
13,5;-8,5;0,0326608445884482
13,5;-8;0,0715517408829207
13,5;-7,5;0,070666721029017
13,5;-7;0,0847665959629101
13,5;-6,5;0,0874388766102192
13,5;-6;0,0616109147170259
13,5;-5,5;0,0341052700391662
13,5;-5;0,0666957233794088
13,5;-4,5;0,0336273623798272
13,5;-4;0,0323983709989052
13,5;-3,5;0,0449077083068394
13,5;-3;0,0415970455184864
13,5;-2,5;0,0485392726787788
13,5;-2;0,0546198838551397
13,5;-1,5;0,110126736820151
13,5;-1;0,0258818417389638
13,5;-0,5;0,140453834109833
13,5;0;0,291753570445622
13,5;0,5;0,0386341600054632
13,5;1;0,0498368011544812
13,5;1,5;0,0302728845512116
13,5;2;0,0582295036456321
13,5;2,5;0,0539839651123749
13,5;3;0,074282962736503
13,5;3,5;0,133723691126866
13,5;4;0,0723582869619414
13,5;4,5;0,0666359713124299
13,5;5;0,252420847955866
13,5;5,5;0,250437476056397
13,5;6;0,351114740178591
13,5;6,5;0,356840828182293
13,5;7;0,0665435812148666
13,5;7,5;0,163409779276831
13,5;8;0,116155097945213
13,5;8,5;0,051453205039585
13,5;9;0,0926930724973623
13,5;9,5;0,0475433666850254
13,5;10;0,025115548607452
13,5;10,5;0,0272198179809777
13,5;11;0,0431414394825098
13,5;11,5;0,110889595923542
13,5;12;0,100930854430391
13,5;12,5;0,11242617775238
13,5;13;0,101057677951077
13,5;13,5;0,0394681927557346
13,5;14;0,064141087222946
13,5;14,5;0,0734515173579682
13,5;15;0,064729562552895
13,5;15,5;0,101979531916812
13,5;16;0,065044985491745
13,5;16,5;0,101864913577471
13,5;17;0,0984337616682242
13,5;17,5;0,190422792900489
13,5;18;0,0306501771986108
13,5;18,5;0,0279675670003947
13,5;19;0,0253808282110329
13,5;19,5;0,100750226435089
13,5;20;0,0579100899014731
13,5;20,5;0,239649312773785
13,5;21;0,384352192283976
13,5;21,5;0,0268724848268884
13,5;22;0,0314896633527833
13,5;22,5;0,0375218779156114
13,5;23;0,206941134947437
13,5;23,5;0,0488910085419952
13,5;24;0,0245070125456337
13,5;24,5;0,0522217498464461
13,5;25;0,325393261228662
13,5;25,5;0,362717102379449
13,5;26;0,0315781727105217
13,5;26,5;0,0246530889218457
13,5;27;0,0209703286382353
13,5;27,5;0,0518944122960094
13,5;28;0,0435233970199279
13,5;28,5;0,0303501103968656
13,5;29;0,0327304649116589
13,5;29,5;0,0282540764751843
13,5;30;0,0333307306146413
13,5;30,5;0,0372021726904836
13,5;31;0,0332579057069296
13,5;31,5;0,0538875410451229
13,5;32;0,357998999067502
13,5;32,5;0,104839749811299
13,5;33;0,0272718383693523
13,5;33,5;0,0249668463640674
13,5;34;0,03402787303448
13,5;34,5;0,0409064305999163
13,5;35;0,0389431686650551
13,5;35,5;0,0440637398011801
13,5;36;0,0617885379012804
13,5;36,5;0,04184578882051
13,5;37;0,036983083550173
13,5;37,5;0,0322048230899054
13,5;38;0,0331467230974774
13,5;38,5;0,0699062158582511
13,5;39;0,0484557681399156
13,5;39,5;0,0276114890531295
13,5;40;0,0228867441249742
13,5;40,5;0,0364533136646723
13,5;41;0,0370934212607363
13,5;41,5;0,0554969348668404
13,5;42;0,0358009610964147
13,5;42,5;0,0510071215251458
13,5;43;0,0546558138096331
13,5;43,5;0,0167837122591779
13,5;44;0,0394722325547611
13,5;44,5;0,035864250868492
13,5;45;0,0248989279200982
13,5;45,5;0,0782287298482435
13,5;46;0,0594635661769401
13,5;46,5;0,0226986607777183
13,5;47;0,0189191588872961
13,5;47,5;0,0315961691718488
13,5;48;0,0359271454420515
13,5;48,5;0,0281728920370279
13,5;49;0,0442269176852048
13,5;49,5;0,0248226574940894
13,5;50;0,0353502486928257
13,5;50,5;0,0330920454350344
13,5;51;0,080406647272597
13,5;51,5;0,0428521739871736
13,5;52;0,107319110724095
13,5;52,5;0,0863163084035614
13,5;53;0,0317587800488753
13,5;53,5;0,0333191739899401
13,5;54;0,117706771351688
13,5;54,5;0,267223050681312
13,5;55;0,0789610502566114
13,5;55,5;0,108225909641502
13,5;56;0,074631410814121
13,5;56,5;0,0343610684332237
13,5;57;0,0323817291949396
13,5;57,5;0,0703437696213807
13,5;58;0,101988193018366
13,5;58,5;0,115838685674955
13,5;59;0,0702439106025867
13,5;59,5;0,0861458213776782
13,5;60;0,0551366091217592
13,5;60,5;0,0498185422492657
13,5;61;0,0732565773381612
13,5;61,5;0,0983175565539034
13,5;62;0,350324964149645
13,5;62,5;0,419865902330553
13,5;63;0,0317969227565889
13,5;63,5;0,0223127527929224
13,5;64;0,0385554813384937
13,5;64,5;0,0438216840132753
13,5;65;0,0394130932456705
13,5;65,5;0,0430100871403304
13,5;66;0,0461451503623163
13,5;66,5;0,0497654419607735
13,5;67;0,0484169500486799
13,5;67,5;0,0550949353638646
13,5;68;0,057372921957253
13,5;68,5;0,03304708595489
13,5;69;0,0548053478580891
13,5;69,5;0,0317930291620145
13,5;70;0,0851031400386874
13,5;70,5;0,0941482819274945
13,5;71;0,162245778135246
13,5;71,5;0,234494592768572
13,5;72;0,0688896276452519
13,5;72,5;0,172184903593901
13,5;73;0,114525488131219
13,5;73,5;0,0817058716517093
13,5;74;0,0924037637521089
13,5;74,5;0,0254558441227157
13,5;75;0
13,5;75,5;0,0719597972363781
13,5;76;0,0579371306772359
13,5;76,5;0
13,5;77;0
13,5;77,5;0
14;-23;0
14;-22,5;0,104960309958892
14;-22;0,221954665700844
14;-21,5;0,128646688193965
14;-21;0,121411913054605
14;-20,5;0,0720891065675965
14;-20;0,0745427330302495
14;-19,5;0,0758438244966966
14;-19;0,0892307814206576
14;-18,5;0,0607165545794555
14;-18;0,315874975267114
14;-17,5;0,303371760805107
14;-17;0,286879226021301
14;-16,5;0,177983526621967
14;-16;0,14256141479814
14;-15,5;0,0760479837558717
14;-15;0,118686894589792
14;-14,5;0,364159992311072
14;-14;0,039448700865808
14;-13,5;0,403050865276332
14;-13;0,260825598143777
14;-12,5;0,261084080162782
14;-12;0,0656421140849045
14;-11,5;0,0399285075389215
14;-11;0,0888096923253572
14;-10,5;0,333836208909526
14;-10;0,345726548886455
14;-9,5;0,0488405882563313
14;-9;0,0439146599041522
14;-8,5;0,0205101600838869
14;-8;0,0503572733411468
14;-7,5;0,127266059890294
14;-7;0,139102723077471
14;-6,5;0,156376889862819
14;-6;0,307572736267762
14;-5,5;0,0703450009923887
14;-5;0,0875727083227374
14;-4,5;0,0685866652282399
14;-4;0,0256146897719323
14;-3,5;0,0256935100763755
14;-3;0,0286744501440488
14;-2,5;0,077650843887396
14;-2;0,103516426024196
14;-1,5;0,0564790413359411
14;-1;0,0532243617496553
14;-0,5;0,0797449100353233
14;0;0,185947448225031
14;0,5;0,0465505812162453
14;1;0,0802824392193078
14;1,5;0,0419979840422795
14;2;0,240286939458769
14;2,5;0,335825191073976
14;3;0,376971249438317
14;3,5;0,395086436300666
14;4;0,341945621391736
14;4,5;0,325294667857681
14;5;0,122008805289664
14;5,5;0,0340164029133948
14;6;0,237911976735048
14;6,5;0,152710519292885
14;7;0,0853285857823884
14;7,5;0,251211229110434
14;8;0,337520269593213
14;8,5;0,33472935922628
14;9;0,0584430394622735
14;9,5;0,0356188480341434
14;10;0,02826884693871
14;10,5;0,0640472038508069
14;11;0,0809378346938235
14;11,5;0,168230990607856
14;12;0,0979110514309227
14;12,5;0,0945659225936853
14;13;0,180310064216347
14;13,5;0,074595449075287
14;14;0,0594639976497692
14;14,5;0,0408922737296185
14;15;0,0235544991139558
14;15,5;0,340299089170034
14;16;0,376102712934302
14;16,5;0,0325534167606376
14;17;0,0638659700302282
14;17,5;0,102252709825543
14;18;0,11272739359227
14;18,5;0,0223088833093412
14;19;0,0376360268653226
14;19,5;0,0529235906054855
14;20;0,0342950783632729
14;20,5;0,206384285110315
14;21;0,0446537567174445
14;21,5;0,0334051141727216
14;22;0,038184747362389
14;22,5;0,040277294275729
14;23;0,0304978751009793
14;23,5;0,0412371459227812
14;24;0,0649706025914946
14;24,5;0,0532932140770912
14;25;0,262263512521281
14;25,5;0,178960247675102
14;26;0,0594782213539292
14;26,5;0,0722224086315317
14;27;0,0250453857998287
14;27,5;0,0930629715121254
14;28;0,0468351293553962
14;28,5;0,0434144721398818
14;29;0,044083469814936
14;29,5;0,0300399069306708
14;30;0,0314398853557797
14;30,5;0,0340084538185651
14;31;0,0300563884156736
14;31,5;0,0909713021985036
14;32;0,29820125975977
14;32,5;0,0807590977088346
14;33;0,0462516832400211
14;33,5;0,0322909566651863
14;34;0,0668019172123876
14;34,5;0,035040129055951
14;35;0,0391459588263843
14;35,5;0,109762425641221
14;36;0,161580932241866
14;36,5;0,0933970736980027
14;37;0,0280038837776352
14;37,5;0,0243859590748447
14;38;0,0397985156202388
14;38,5;0,0406247602206008
14;39;0,028333602831676
14;39,5;0,019567237878068
14;40;0,0392013028962091
14;40,5;0,0386444294956527
14;41;0,0487101521406845
14;41,5;0,0462144063960949
14;42;0,0438521765526662
14;42,5;0,0327798872542808
14;43;0,0347454167098151
14;43,5;0,0623320063858257
14;44;0,0443793967286002
14;44,5;0,0374661922903608
14;45;0,0242150830668384
14;45,5;0,0523629624060058
14;46;0,0874465472308057
14;46,5;0,0267365166451064
14;47;0,0302951982302917
14;47,5;0,0499668223257526
14;48;0,0666201383777125
14;48,5;0,0292813628331468
14;49;0,0254001447903728
14;49,5;0,0248349344058354
14;50;0,0284582653198289
14;50,5;0,0314589548494604
14;51;0,0434593648272104
14;51,5;0,0446616928072337
14;52;0,0397988329909059
14;52,5;0,0309386489685636
14;53;0,0290267592889895
14;53,5;0,0249360835830892
14;54;0,0373419460746105
14;54,5;0,0330204482101621
14;55;0,0833321284226617
14;55,5;0,0797205327586835
14;56;0,0350784154231618
14;56,5;0,0357118759453782
14;57;0,0365777836653762
14;57,5;0,0701864303939276
14;58;0,058646165199449
14;58,5;0,104541030433152
14;59;0,122551454525074
14;59,5;0,0443717756132155
14;60;0,0520016659299841
14;60,5;0,0843423290916956
14;61;0,0720292049236649
14;61,5;0,0324656938412803
14;62;0,361261659709931
14;62,5;0,290268096948859
14;63;0,0716292800424414
14;63,5;0,0568648326771679
14;64;0,0402109746290755
14;64,5;0,030082854619808
14;65;0,0339014425623425
14;65,5;0,0356313192162585
14;66;0,0386094939045614
14;66,5;0,0509316707729022
14;67;0,0652266695535855
14;67,5;0,0739960635264972
14;68;0,0757981270257126
14;68,5;0,0731365324646471
14;69;0,0664135850990916
14;69,5;0,0562254858863656
14;70;0,0621607746473763
14;70,5;0,0423944628010602
14;71;0,0841268350953725
14;71,5;0
14;72;0,066640808581687
14;72,5;0,0235141801189552
14;73;0,129553962373471
14;73,5;0,0956654358154297
14;74;0,0672978258818296
14;74,5;0,0712969143792352
14;75;0
14;75,5;0,0739340922714278
14;76;0,118778926992699
14;76,5;0
14;77;0
14;77,5;0
14,5;-23,5;0
14,5;-23;0
14,5;-22,5;0,0696586917285512
14,5;-22;0,0794052894963553
14,5;-21,5;0
14,5;-21;0,0658189337093213
14,5;-20,5;0,102540431050391
14,5;-20;0,0947523086789974
14,5;-19,5;0
14,5;-18;0,0476541358820687
14,5;-17,5;0,258829342980812
14,5;-17;0,322869472741805
14,5;-16,5;0,157252682672911
14,5;-16;0,139122232942563
14,5;-15,5;0,0844299512416457
14,5;-15;0,120688401773247
14,5;-14,5;0,149115982894792
14,5;-14;0,0579766910343864
14,5;-13,5;0,177852784717909
14,5;-13;0,161794892315818
14,5;-12,5;0,369430279148006
14,5;-12;0,159991743484448
14,5;-11,5;0,0405688714821269
14,5;-11;0,0395913787676973
14,5;-10,5;0,388219305504848
14,5;-10;0,318093877037541
14,5;-9,5;0,0526170652503117
14,5;-9;0,0473975277944498
14,5;-8,5;0,0378128746865865
14,5;-8;0,289144324246392
14,5;-7,5;0,195193160686686
14,5;-7;0,140384222813972
14,5;-6,5;0,112616519571866
14,5;-6;0,191123729814694
14,5;-5,5;0,068450563232742
14,5;-5;0,0619326167149257
14,5;-4,5;0,149645007704887
14,5;-4;0,378743007818815
14,5;-3,5;0,0319341751450647
14,5;-3;0,0248689900612523
14,5;-2,5;0,0439848744728223
14,5;-2;0,116058948542021
14,5;-1,5;0,049206086555201
14,5;-1;0,0421822555848669
14,5;-0,5;0,0744274334982932
14,5;0;0,0657229754662114
14,5;0,5;0,0481196305169064
14,5;1;0,0534895968837859
14,5;1,5;0,0276306827432364
14,5;2;0,187930879901082
14,5;2,5;0,371327019852136
14,5;3;0,307411451785234
14,5;3,5;0,378284264639635
14,5;4;0,12673940619408
14,5;4,5;0,0718225411028343
14,5;5;0,147119389384013
14,5;5,5;0,162447832475881
14,5;6;0,325519922887299
14,5;6,5;0,309668762825608
14,5;7;0,381784990428274
14,5;7,5;0,331219858836929
14,5;8;0,240892019299636
14,5;8,5;0,0794395263872989
14,5;9;0,0352955516436828
14,5;9,5;0,0290936951743447
14,5;10;0,360569319287151
14,5;10,5;0,242200382548479
14,5;11;0,051579244154652
14,5;11,5;0,0776263824309508
14,5;12;0,0738740794639317
14,5;12,5;0,101517543463418
14,5;13;0,0531986585122693
14,5;13,5;0,0424467021395364
14,5;14;0,0356221175465501
14,5;14,5;0,030248701585092
14,5;15;0,0357916400160981
14,5;15,5;0,373369748953473
14,5;16;0,258796567955284
14,5;16,5;0,232673181019923
14,5;17;0,0568598232128655
14,5;17,5;0,0823136308705318
14,5;18;0,361062812656185
14,5;18,5;0,0534655124288896
14,5;19;0,0209038598958043
14,5;19,5;0,0195162505008889
14,5;20;0,0272911268041629
14,5;20,5;0,25670744869537
14,5;21;0,231670836417278
14,5;21,5;0,169277126606894
14,5;22;0,217687099159541
14,5;22,5;0,0394516075571449
14,5;23;0,0342742243061843
14,5;23,5;0,0728056291908344
14,5;24;0,0656152758568484
14,5;24,5;0,145223431921517
14,5;25;0,330052028622452
14,5;25,5;0,0476372079499546
14,5;26;0,0336767918385933
14,5;26,5;0,014394200123622
14,5;27;0,048741429987693
14,5;27,5;0,064912631471216
14,5;28;0,0403750086354672
14,5;28,5;0,0276617233128943
14,5;29;0,0887979087312383
14,5;29,5;0,123601958225325
14,5;30;0,097064411236998
14,5;30,5;0,0289313545869687
14,5;31;0,0342352882078958
14,5;31,5;0,0823411259291719
14,5;32;0,0800498596347814
14,5;32,5;0,192016521040813
14,5;33;0,0502827323048785
14,5;33,5;0,0654460832071907
14,5;34;0,0514237861803657
14,5;34,5;0,0520502336279895
14,5;35;0,0457323636096741
14,5;35,5;0,149515977107693
14,5;36;0,224323681428392
14,5;36,5;0,253860302018997
14,5;37;0,0804222197017134
14,5;37,5;0,0282695384540978
14,5;38;0,157397872152381
14,5;38,5;0,308475772875246
14,5;39;0,237382299303063
14,5;39,5;0,0471182997748164
14,5;40;0,0449302888260747
14,5;40,5;0,0399952719544634
14,5;41;0,0356144533260625
14,5;41,5;0,049738368330169
14,5;42;0,029882812901182
14,5;42,5;0,0470066142017428
14,5;43;0,0592354886275758
14,5;43,5;0,0895707293971546
14,5;44;0,0414270276822937
14,5;44,5;0,0525189583989608
14,5;45;0,058267103859355
14,5;45,5;0,0497001809753316
14,5;46;0,0487142233872623
14,5;46,5;0,0248773492737279
14,5;47;0,0352183574727901
14,5;47,5;0,0536672099282942
14,5;48;0,0533741704021309
14,5;48,5;0,0262501213430227
14,5;49;0,0259233745847692
14,5;49,5;0,0230090382289305
14,5;50;0,0261138638331734
14,5;50,5;0,0251927664636829
14,5;51;0,0491462314538531
14,5;51,5;0,08274801105364
14,5;52;0,0307782457788474
14,5;52,5;0,0629401044590116
14,5;53;0,112248174538553
14,5;53,5;0,0250603459002289
14,5;54;0,0352548455060104
14,5;54,5;0,0472727899183734
14,5;55;0,0380971897620887
14,5;55,5;0,0349700862563007
14,5;56;0,0419410129655922
14,5;56,5;0,0220561207778729
14,5;57;0,0207135936235282
14,5;57,5;0,0626594237910828
14,5;58;0,159378862787762
14,5;58,5;0,092312528367414
14,5;59;0,0982836684305392
14,5;59,5;0,0694150368359448
14,5;60;0,0669013513134087
14,5;60,5;0,359912929030782
14,5;61;0,143094876388932
14,5;61,5;0,0199570968401147
14,5;62;0,0453008442579855
14,5;62,5;0,193199761963101
14,5;63;0,0229578321436844
14,5;63,5;0,0415442545805372
14,5;64;0,0541270961022992
14,5;64,5;0,0433958300719418
14,5;65;0,0498850127067602
14,5;65,5;0,03555909718641
14,5;66;0,0641099017555447
14,5;66,5;0,05449415821607
14,5;67;0,0709111940098137
14,5;67,5;0,0438800767301045
14,5;68;0,0664045670966598
14,5;68,5;0,0527423846615314
14,5;69;0,0716468508856465
14,5;69,5;0,0577969960605496
14,5;70;0,0680896968819836
14,5;70,5;0,126182270804838
14,5;71;0,063144573433908
14,5;71,5;0,0582444050041351
14,5;72;0,0818708041454863
14,5;72,5;0,0953757980681832
14,5;73;0,0669693426661996
14,5;73,5;0,0485328875760611
14,5;74;0,0604034329541267
14,5;74,5;0
14,5;75;0
14,5;75,5;0,0709459888459759
14,5;76;0,08933801421743
14,5;76,5;0,0418398306470214
14,5;77;0
14,5;77,5;0
15;-23,5;0
15;-23;0
15;-22,5;0,110528729296957
15;-22;0
15;-21,5;0,188619487127841
15;-21;0
15;-20,5;0,108605632143703
15;-20;0,0904146412883851
15;-19,5;0
15;-18,5;0
15;-18;0
15;-17,5;0,172135702281659
15;-17;0,320049806172996
15;-16,5;0,0602142998361843
15;-16;0,0611127373520993
15;-15,5;0,0658255269633294
15;-15;0
15;-14,5;0,037476659402887
15;-14;0
15;-13,5;0,0940968705783119
15;-13;0,121875043859641
15;-12,5;0,0761482182087252
15;-12;0,0536505788914213
15;-11,5;0,0484746827921016
15;-11;0,0389248789186352
15;-10,5;0,0573829242893737
15;-10;0,0447173595766864
15;-9,5;0,0515498211245298
15;-9;0,156871400719304
15;-8,5;0,112238177143111
15;-8;0,0850469916188112
15;-7,5;0,0554912715757315
15;-7;0,0864241841607032
15;-6,5;0,157428765942422
15;-6;0,209596319992018
15;-5,5;0,0511741899867279
15;-5;0,0472798378070723
15;-4,5;0,0930281460368645
15;-4;0,283225184416169
15;-3,5;0,0330425156407099
15;-3;0,0331536134970547
15;-2,5;0,228836082009577
15;-2;0,077963683678204
15;-1,5;0,261190141649155
15;-1;0,0246359852410285
15;-0,5;0,0617713068142064
15;0;0,025510440275017
15;0,5;0,0830981047867946
15;1;0,0511027058029109
15;1,5;0,0299826375242855
15;2;0,0264328035676759
15;2,5;0,0338658856279648
15;3;0,151172151991745
15;3,5;0,267922401910288
15;4;0,0820304751940471
15;4,5;0,0563375157978634
15;5;0,106337626358736
15;5,5;0,178131348678831
15;6;0,289616671249238
15;6,5;0,354985740052229
15;7;0,256142073022816
15;7,5;0,189969133348932
15;8;0,304414637187102
15;8,5;0,0383833116583416
15;9;0,0376798288869588
15;9,5;0,0466577838164103
15;10;0,128222634262742
15;10,5;0,0348295276549064
15;11;0,0386678337413344
15;11,5;0,0485742189039134
15;12;0,0621679671563328
15;12,5;0,113342751440175
15;13;0,0423607097462532
15;13,5;0,0390811235445788
15;14;0,0297410402740728
15;14,5;0,0207087539562731
15;15;0,0436115080725677
15;15,5;0,160904167722518
15;16;0,257950419746933
15;16,5;0,0235364845812321
15;17;0,0484333698654823
15;17,5;0,0343763080032446
15;18;0,0800677794697418
15;18,5;0,062052850042098
15;19;0,0175708640000425
15;19,5;0,0245146957583252
15;20;0,024879928148386
15;20,5;0,356010649072805
15;21;0,329532840301943
15;21,5;0,0348938729456334
15;22;0,029407587428198
15;22,5;0,0401608809482987
15;23;0,084885185267343
15;23,5;0,280854037951404
15;24;0,157173249762074
15;24,5;0,0386680137743872
15;25;0,0237754155731279
15;25,5;0,0137852478342335
15;26;0,01971750561172
15;26,5;0,0349882762734037
15;27;0,0503607714424182
15;27,5;0,0892839621394391
15;28;0,0418942407792326
15;28,5;0,0221870988498249
15;29;0,0803953154686969
15;29,5;0,10715113293501
15;30;0,0799243530086841
15;30,5;0,153732301048527
15;31;0,338995222708645
15;31,5;0,0748573271062199
15;32;0,207997589848825
15;32,5;0,0629341920932911
15;33;0,0551594907653035
15;33,5;0,0544932242080962
15;34;0,0354495684152353
15;34,5;0,0653870250084301
15;35;0,0492973708145857
15;35,5;0,0526849608182329
15;36;0,411651782631697
15;36,5;0,212414713732546
15;37;0,0501331477855426
15;37,5;0,0565842587283079
15;38;0,295874507806516
15;38,5;0,33250728083265
15;39;0,25473352089324
15;39,5;0,0478469760385806
15;40;0,047951087050361
15;40,5;0,0408374878417263
15;41;0,0249381742518173
15;41,5;0,0451012222443459
15;42;0,15977654506409
15;42,5;0,151151276222401
15;43;0,0645569901094281
15;43,5;0,062007850374346
15;44;0,0397397785600272
15;44,5;0,0960131278955712
15;45;0,290761171090054
15;45,5;0,30048379316654
15;46;0,0504098204718089
15;46,5;0,026410937190978
15;47;0,0216573762671915
15;47,5;0,0398049237648166
15;48;0,030408332191468
15;48,5;0,047046387049754
15;49;0,0238967591195696
15;49,5;0,0255945473488884
15;50;0,0324042178324571
15;50,5;0,0466305670093591
15;51;0,0554227119261154
15;51,5;0,0517571446517668
15;52;0,037406132288468
15;52,5;0,173414835680687
15;53;0,325510748783383
15;53,5;0,032544406206753
15;54;0,0326655822863521
15;54,5;0,0206149421618431
15;55;0,0244312663785467
15;55,5;0,0365226264238535
15;56;0,0402880868682397
15;56,5;0,0645994610192736
15;57;0,0226926012767764
15;57,5;0,0528525839017407
15;58;0,1133538422517
15;58,5;0,105653180990756
15;59;0,0569569892254398
15;59,5;0,017432866217619
15;60;0,0615671307293092
15;60,5;0,134397230430279
15;61;0,0657052152316844
15;61,5;0,0818584903764895
15;62;0,0966508474032962
15;62,5;0,0886346410040754
15;63;0,0279414432786085
15;63,5;0,0317511911294386
15;64;0,0418288482870328
15;64,5;0,0414930202769974
15;65;0,0552311233101155
15;65,5;0,0612863499554045
15;66;0,0925572326535612
15;66,5;0,0448111965175371
15;67;0,0807132474063478
15;67,5;0,0410792660299691
15;68;0,0751188625428002
15;68,5;0,158902748035814
15;69;0,587605735166021
15;69,5;0,040004106932021
15;70;0,0516089413598344
15;70,5;0,0483307174608122
15;71;0,0876143062899357
15;71,5;0
15;72;0,0499556469947759
15;72,5;0,0849982570627404
15;73;0,0764301735479609
15;73,5;0,373544043462638
15;74;0,316948395979986
15;74,5;0,101438131116678
15;75;0,045254833995939
15;75,5;0,124989041624919
15;76;0,243894388895015
15;76,5;0,0367622995290919
15;77;0
15;77,5;0
15,5;-23;0
15,5;-22,5;0,243250374337604
15,5;-22;0
15,5;-21,5;0,303811619264307
15,5;-21;0,0586898628384835
15,5;-20;0,0663630586663662
15,5;-19,5;0,10588043571249
15,5;-19;0
15,5;-18,5;0
15,5;-18;0
15,5;-17,5;0,233291662945764
15,5;-17;0,26540206044537
15,5;-16,5;0,124241889308009
15,5;-16;0,115073108333085
15,5;-15,5;0,139683968697596
15,5;-15;0,0858217144239537
15,5;-14,5;0
15,5;-14;0,0410850982001704
15,5;-13,5;0,0113137084989848
15,5;-13;0,0640798655325264
15,5;-12,5;0,0419402925871111
15,5;-12;0,0577583294026465
15,5;-11,5;0,31937820165164
15,5;-11;0,1411457252755
15,5;-10,5;0,342242186595566
15,5;-10;0,0803825340397784
15,5;-9,5;0,0796892863121585
15,5;-9;0,0228268847341609
15,5;-8,5;0,0843962598825952
15,5;-8;0,21663563758343
15,5;-7,5;0,0581187114050597
15,5;-7;0,372953776437163
15,5;-6,5;0,314997306753292
15,5;-6;0,04620995403578
15,5;-5,5;0,082403775006407
15,5;-5;0,0683880072836597
15,5;-4,5;0,100617198400845
15,5;-4;0,0932607060848669
15,5;-3,5;0,112068256082149
15,5;-3;0,0315616786695442
15,5;-2,5;0,313040403962004
15,5;-2;0,203099873222018
15,5;-1,5;0,307291491149182
15,5;-1;0,0545886000391775
15,5;-0,5;0,0492283793490435
15,5;0;0,030898296763966
15,5;0,5;0,362323261174652
15,5;1;0,029931692206541
15,5;1,5;0,0626848407574675
15,5;2;0,124632850350187
15,5;2,5;0,0559560342295619
15,5;3;0,0350874058662103
15,5;3,5;0,0408607475299368
15,5;4;0,0569499564175736
15,5;4,5;0,0627979012432758
15,5;5;0,0580783460437382
15,5;5,5;0,0746931408743062
15,5;6;0,391662074286984
15,5;6,5;0,228724868603597
15,5;7;0,12042729079883
15,5;7,5;0,329999295475014
15,5;8;0,174746031161555
15,5;8,5;0,0372631275057883
15,5;9;0,0257890036764259
15,5;9,5;0,0904609810512935
15,5;10;0,0475100717557761
15,5;10,5;0,0422486787172119
15,5;11;0,130603923422632
15,5;11,5;0,21756070082489
15,5;12;0,0963177456300203
15,5;12,5;0,0848828094497105
15,5;13;0,0344267647245879
15,5;13,5;0,033348960230055
15,5;14;0,0298553856667462
15,5;14,5;0,0276788663095133
15,5;15;0,0260732173329263
15,5;15,5;0,0280609678386541
15,5;16;0,0449094630779481
15,5;16,5;0,103767982224691
15,5;17;0,110315489260554
15,5;17,5;0,234777454993688
15,5;18;0,0262004260901193
15,5;18,5;0,0331744376666876
15,5;19;0,0176276430246414
15,5;19,5;0,027313149337302
15,5;20;0,0342171380222727
15,5;20,5;0,0476499286723426
15,5;21;0,0386156129659791
15,5;21,5;0,0327582303077038
15,5;22;0,0377289750751871
15,5;22,5;0,255607169715726
15,5;23;0,337154564778477
15,5;23,5;0,316040072539829
15,5;24;0,20245464512659
15,5;24,5;0,0316602052274037
15,5;25;0,0316687704100388
15,5;25,5;0,0269871819384818
15,5;26;0,029426525205585
15,5;26,5;0,0489585364569961
15,5;27;0,0179015020069458
15,5;27,5;0,0282482194971985
15,5;28;0,0746556179718971
15,5;28,5;0,03469041158083
15,5;29;0,0648035535365476
15,5;29,5;0,0429980315392861
15,5;30;0,206226414462451
15,5;30,5;0,0615913955029434
15,5;31;0,262668783989732
15,5;31,5;0,0671415767041112
15,5;32;0,042281968686818
15,5;32,5;0,0556533953431697
15,5;33;0,0235511939839894
15,5;33,5;0,0281624102282148
15,5;34;0,0558156573311269
15,5;34,5;0,0675244665381906
15,5;35;0,0603756103494521
15,5;35,5;0,0461826797495002
15,5;36;0,0953470132787413
15,5;36,5;0,037124960184028
15,5;37;0,0836869220714566
15,5;37,5;0,0958501470458196
15,5;38;0,0361628383453647
15,5;38,5;0,326764926065243
15,5;39;0,293398654641609
15,5;39,5;0,0369110554169615
15,5;40;0,0624483377517383
15,5;40,5;0,0532268485725351
15,5;41;0,0501966491039713
15,5;41,5;0,0625992168567287
15,5;42;0,0872767391754637
15,5;42,5;0,0454054514624845
15,5;43;0,0539527138831907
15,5;43,5;0,0533415480842994
15,5;44;0,0357035626583486
15,5;44,5;0,0974381360249716
15,5;45;0,250202532533662
15,5;45,5;0,369197655224012
15,5;46;0,0398157864262342
15,5;46,5;0,0457360058532111
15,5;47;0,0327806979740192
15,5;47,5;0,0191611334688915
15,5;48;0,0187382800837181
15,5;48,5;0,0308242328912389
15,5;49;0,0326544138486921
15,5;49,5;0,0821015631195087
15,5;50;0,0750659232772472
15,5;50,5;0,105318041877466
15,5;51;0,0910545623971327
15,5;51,5;0,0477443836571266
15,5;52;0,0678564478930422
15,5;52,5;0,264911727072427
15,5;53;0,331577486908884
15,5;53,5;0,0389784604384429
15,5;54;0,0265092328400938
15,5;54,5;0,0276391744982036
15,5;55;0,039082277059625
15,5;55,5;0,0315616586919565
15,5;56;0,0266260891343346
15,5;56,5;0,0677551877974039
15,5;57;0,0400110817580475
15,5;57,5;0,0345812849111545
15,5;58;0,119408745420647
15,5;58,5;0,168826358617472
15,5;59;0,0871540579925077
15,5;59,5;0,049063513594286
15,5;60;0,0663467730808787
15,5;60,5;0,105611074549969
15,5;61;0,0753303404623579
15,5;61,5;0,0555608401846599
15,5;62;0,100910197326773
15,5;62,5;0,122639927374905
15,5;63;0,0710206243144496
15,5;63,5;0,0354433920858768
15,5;64;0,0430018695444015
15,5;64,5;0,0262197140383971
15,5;65;0,041710546591596
15,5;65,5;0,0617408907261451
15,5;66;0,0499086909368167
15,5;66,5;0,0601807505471518
15,5;67;0,0475449842309946
15,5;67,5;0,0860113041666294
15,5;68;0,0604495066741066
15,5;68,5;0,367164653167296
15,5;69;0,276446157797354
15,5;69,5;0,0255408170059874
15,5;70;0,0740692503415138
15,5;70,5;0,0685233977846695
15,5;71;0,101406450942151
15,5;71,5;0,154856385079854
15,5;72;0,0197989898732233
15,5;72,5;0,0485161665947819
15,5;73;0,0900705014868644
15,5;73,5;0,155502407305958
15,5;74;0,229883246101377
15,5;74,5;0,0742913184699262
15,5;75;0,0765746296957646
15,5;75,5;0,309513533171511
15,5;76;0,290689557636526
15,5;76,5;0
15,5;77;0
15,5;77,5;0
16;-23,5;0
16;-23;0,340802484341493
16;-22,5;0,30662709903988
16;-22;0,0735391052434009
16;-21;0,0195021366350801
16;-20,5;0
16;-20;0
16;-19,5;0,0670130584289361
16;-19;0,0837627445134235
16;-18,5;0
16;-18;0,0957372396072659
16;-17,5;0,14218849609252
16;-17;0,201228342352982
16;-16,5;0,0691059620215803
16;-16;0,12561989879935
16;-15,5;0,148696745836021
16;-15;0,12465030469894
16;-14,5;0,0701968346026749
16;-14;0,125930026415368
16;-13,5;0,100316625724879
16;-13;0,0762539565029444
16;-12,5;0,123807339327219
16;-12;0,104418339711829
16;-11,5;0,212447572459115
16;-11;0,212063492216795
16;-10,5;0,373396094426995
16;-10;0,189504097660982
16;-9,5;0,0536611946337743
16;-9;0,0656882367280813
16;-8,5;0,141117037177721
16;-8;0,225092173427824
16;-7,5;0,136997391264672
16;-7;0,376088666380076
16;-6,5;0,344392110520112
16;-6;0,0606914534778376
16;-5,5;0,153111823542385
16;-5;0,342867947087465
16;-4,5;0,312997361865557
16;-4;0,101038212225229
16;-3,5;0,0794980076281858
16;-3;0,0485996683404654
16;-2,5;0,184136282898756
16;-2;0,190050890833068
16;-1,5;0,283479832778637
16;-1;0,0863993066737494
16;-0,5;0,0322790959760611
16;0;0,169101903357142
16;0,5;0,118290670843971
16;1;0,0298345124674247
16;1,5;0,0390157034988895
16;2;0,0735375529472297
16;2,5;0,0538189980059172
16;3;0,0245164166706361
16;3,5;0,0664470371786351
16;4;0,0407372361478241
16;4,5;0,174276852216487
16;5;0,131378433575393
16;5,5;0,163684842719575
16;6;0,304589829669908
16;6,5;0,257659236750622
16;7;0,313076047924278
16;7,5;0,183949260904571
16;8;0,0211799474029133
16;8,5;0,0370661741135087
16;9;0,0310341211318999
16;9,5;0,0350575423174288
16;10;0,040505406922924
16;10,5;0,0648938817767436
16;11;0,375623327833028
16;11,5;0,314918557650225
16;12;0,0693009229090203
16;12,5;0,0645861589647856
16;13;0,0482434127597633
16;13,5;0,0286880447459023
16;14;0,0350847212584409
16;14,5;0,0345052758046569
16;15;0,0241766389985973
16;15,5;0,0390201739595379
16;16;0,0406956181097343
16;16,5;0,0552769928485202
16;17;0,301394484889829
16;17,5;0,129664218093434
16;18;0,0412566114578102
16;18,5;0,0288591370265288
16;19;0,018886147161924
16;19,5;0,0802820295581299
16;20;0,0199121694036116
16;20,5;0,0200045242816603
16;21;0,0514874667142416
16;21,5;0,0221261814675757
16;22;0,0550085129900583
16;22,5;0,0962419206110994
16;23;0,0810306364876074
16;23,5;0,071756536642763
16;24;0,0861891139348905
16;24,5;0,0411362749036378
16;25;0,043051242771054
16;25,5;0,0273872092161676
16;26;0,0243652701849287
16;26,5;0,0472190385682066
16;27;0,0322462460710535
16;27,5;0,283235591713371
16;28;0,173656808252201
16;28,5;0,0332091481471771
16;29;0,0602676022776543
16;29,5;0,0507183129540757
16;30;0,0924440564950891
16;30,5;0,0764608643300917
16;31;0,0271241452898166
16;31,5;0,0191305108734971
16;32;0,0805304042303877
16;32,5;0,0492916518974432
16;33;0,0506128406817211
16;33,5;0,0346940166299027
16;34;0,0500472710429148
16;34,5;0,0386147800676039
16;35;0,0684759675121262
16;35,5;0,0689041061210153
16;36;0,075493912418982
16;36,5;0,250992887769489
16;37;0,103004023152531
16;37,5;0,0639774158191613
16;38;0,0378216776248293
16;38,5;0,0422547177800991
16;39;0,0199309966659767
16;39,5;0,062275357859696
16;40;0,0959194931885783
16;40,5;0,0833132778696057
16;41;0,0278693442275724
16;41,5;0,0354155025159773
16;42;0,0336764907009979
16;42,5;0,0546173814406885
16;43;0,082598695315284
16;43,5;0,0712422409568349
16;44;0,0619640237269462
16;44,5;0,146002291024831
16;45;0,253339951492868
16;45,5;0,240042551300766
16;46;0,0415540588530475
16;46,5;0,0618670172522602
16;47;0,0306398006344707
16;47,5;0,0448570839800502
16;48;0,0247227964976996
16;48,5;0,0316325080374335
16;49;0,0342083371501526
16;49,5;0,107084004510658
16;50;0,136245807679329
16;50,5;0,111447795040026
16;51;0,121573160415173
16;51,5;0,0313935145343897
16;52;0,0763493890028069
16;52,5;0,0698604005157721
16;53;0,206805719904271
16;53,5;0,114803719787884
16;54;0,0300387995196882
16;54,5;0,0360523456288818
16;55;0,0384808548563593
16;55,5;0,0253385466587709
16;56;0,0347346258305879
16;56,5;0,0239238143692444
16;57;0,0501483698189906
16;57,5;0,0501865300031948
16;58;0,0970856259720113
16;58,5;0,192795566349541
16;59;0,0966857048585103
16;59,5;0,0834470060640006
16;60;0,0714943019702345
16;60,5;0,10458895498799
16;61;0,0869481168400982
16;61,5;0,0927009528897447
16;62;0,044592545048378
16;62,5;0,0952541806809448
16;63;0,08205842897283
16;63,5;0,0496267627839615
16;64;0,0580663497563432
16;64,5;0,0381947606824515
16;65;0,0328101671849912
16;65,5;0,0793591878166442
16;66;0,0689082421018662
16;66,5;0,146156076218079
16;67;0,0559106111121817
16;67,5;0,0275771644662754
16;68;0,0821705543366966
16;68,5;0,179500430524287
16;69;0,111333946391241
16;69,5;0,0709137638597889
16;70;0,0853646483528504
16;70,5;0,0617164332139745
16;71;0,0886758198873979
16;71,5;0,077606485983239
16;72;0
16;72,5;0,130899645688517
16;73;0,172561910895073
16;73,5;0,0764030154702474
16;74;0,0726804963209151
16;74,5;0,0855330434110205
16;75;0,101889264912648
16;75,5;0,278958867751988
16;76;0,268343826452934
16;76,5;0
16;77;0
16;77,5;0
16,5;-23,5;0
16,5;-23;0
16,5;-22,5;0
16,5;-22;0
16,5;-21;0
16,5;-20,5;0
16,5;-20;0
16,5;-19,5;0
16,5;-19;0,0415086336400834
16,5;-18,5;0,0213853532431273
16,5;-18;0,1214811911489
16,5;-17,5;0,138753786400293
16,5;-17;0,214253354699524
16,5;-16,5;0,0641852601385055
16,5;-16;0,0563796653649759
16,5;-15;0,118089796341598
16,5;-14,5;0,0762036015480167
16,5;-14;0,0781732342010649
16,5;-13,5;0
16,5;-13;0,0365867290774776
16,5;-12,5;0,0675856550826199
16,5;-12;0,0881375349736142
16,5;-11,5;0,0805102192414034
16,5;-11;0,0853178425215963
16,5;-10,5;0,14370485994211
16,5;-10;0,051256443385254
16,5;-9,5;0,0433690516829068
16,5;-9;0,0744464961443945
16,5;-8,5;0,091792521474124
16,5;-8;0,0438898082809205
16,5;-7,5;0,0572372794063987
16,5;-7;0,0431063572321605
16,5;-6,5;0,053035643704075
16,5;-6;0,0978067133126049
16,5;-5,5;0,0799867238401223
16,5;-5;0,0471334634870141
16,5;-4,5;0,0891381304116547
16,5;-4;0,106140695820688
16,5;-3,5;0,0943369700563566
16,5;-3;0,0937281824591992
16,5;-2,5;0,12476900563177
16,5;-2;0,349774733329368
16,5;-1,5;0,209133744884224
16,5;-1;0,0602760751991916
16,5;-0,5;0,023738021482673
16,5;0;0,038708137354444
16,5;0,5;0,0521146040560884
16,5;1;0,056773201106682
16,5;1,5;0,0258273799217969
16,5;2;0,0780596879063263
16,5;2,5;0,0544770915284632
16,5;3;0,0598493884657136
16,5;3,5;0,0548914124145366
16,5;4;0,0221190057015034
16,5;4,5;0,259867030747395
16,5;5;0,232028311171016
16,5;5,5;0,201164980223781
16,5;6;0,280136798978744
16,5;6,5;0,207786942950531
16,5;7;0,0289657620352739
16,5;7,5;0,0256794024169997
16,5;8;0,0212800242577928
16,5;8,5;0,0246131952047174
16,5;9;0,0274195380753946
16,5;9,5;0,0284599128400935
16,5;10;0,0389674691711309
16,5;10,5;0,0733034711999465
16,5;11;0,224245266250027
16,5;11,5;0,244330282565441
16,5;12;0,0776986838375366
16,5;12,5;0,0646863150434781
16,5;13;0,0391558729243842
16,5;13,5;0,0304295261887731
16,5;14;0,0355997218854571
16,5;14,5;0,0308712055898004
16,5;15;0,0314867939774867
16,5;15,5;0,0380689282094881
16,5;16;0,31220081330145
16,5;16,5;0,340013069513274
16,5;17;0,0564112150338748
16,5;17,5;0,0896978943953155
16,5;18;0,0386835113399337
16,5;18,5;0,0332784018668614
16,5;19;0,0396030510553488
16,5;19,5;0,0613205513185066
16,5;20;0,0213205690980955
16,5;20,5;0,0247096472388148
16,5;21;0,0264204834698139
16,5;21,5;0,0190707360950387
16,5;22;0,0430936100675046
16,5;22,5;0,0880512161566589
16,5;23;0,0752271143457089
16,5;23,5;0,0632457635786323
16,5;24;0,0659984942227429
16,5;24,5;0,0464382598165555
16,5;25;0,0544611950207246
16,5;25,5;0,0349798702443855
16,5;26;0,0317852751916397
16,5;26,5;0,0367943057637879
16,5;27;0,0407423419767699
16,5;27,5;0,315933181989632
16,5;28;0,187302143173712
16,5;28,5;0,0360904129421663
16,5;29;0,0446969244582042
16,5;29,5;0,0215584061570668
16,5;30;0,0190433715502271
16,5;30,5;0,0421136694794552
16,5;31;0,0302704999635632
16,5;31,5;0,109935132388756
16,5;32;0,105714000964867
16,5;32,5;0,0278556251831069
16,5;33;0,0667354889252612
16,5;33,5;0,0287929912398454
16,5;34;0,0233256314819902
16,5;34,5;0,0223490104997347
16,5;35;0,0336191914866515
16,5;35,5;0,0558001379223821
16,5;36;0,0675031679348606
16,5;36,5;0,315510982419865
16,5;37;0,221500146090784
16,5;37,5;0,0373186586985867
16,5;38;0,0393578470889962
16,5;38,5;0,0441591422255646
16,5;39;0,0354439416155649
16,5;39,5;0,0458120628005247
16,5;40;0,03650875497157
16,5;40,5;0,0495675834454106
16,5;41;0,0209341768007716
16,5;41,5;0,0338463288383334
16,5;42;0,0480287636957792
16,5;42,5;0,0523591603698361
16,5;43;0,0599270894345373
16,5;43,5;0,0507215367260898
16,5;44;0,0394950126865994
16,5;44,5;0,130528113560842
16,5;45;0,336863155352695
16,5;45,5;0,0721471646006982
16,5;46;0,060606051574038
16,5;46,5;0,0498929248020893
16,5;47;0,0381030193376408
16,5;47,5;0,0489472519256636
16,5;48;0,0405667392155016
16,5;48,5;0,0298944631264693
16,5;49;0,0520323630484693
16,5;49,5;0,073712138341273
16,5;50;0,0515449561731024
16,5;50,5;0,087451889961574
16,5;51;0,128444557183138
16,5;51,5;0,0681458864916293
16,5;52;0,0729636980948021
16,5;52,5;0,0357997972353708
16,5;53;0,0354157292675419
16,5;53,5;0,0339390009446944
16,5;54;0,028748256624588
16,5;54,5;0,0422427378145833
16,5;55;0,0699992551981185
16,5;55,5;0,0174532393766399
16,5;56;0,0276436799145064
16,5;56,5;0,031881394903001
16,5;57;0,0165216397678052
16,5;57,5;0,0442461516122376
16,5;58;0,0589755905898622
16,5;58,5;0,141471742426178
16,5;59;0,0788877044380455
16,5;59,5;0,0917401117081676
16,5;60;0,0855296100630119
16,5;60,5;0,0470517085432204
16,5;61;0,0389160705799844
16,5;61,5;0,0562369382198123
16,5;62;0,0767345424173494
16,5;62,5;0,0251303480185689
16,5;63;0,0625385457240591
16,5;63,5;0,0484741650866837
16,5;64;0,0328430611646763
16,5;64,5;0,0538901071672697
16,5;65;0,0450481851249398
16,5;65,5;0,0690115106217479
16,5;66;0,0885610683117182
16,5;66,5;0,258533708995304
16,5;67;0,259331710165641
16,5;67,5;0,0190918830920368
16,5;68;0,0803990049689671
16,5;68,5;0,0475469692589789
16,5;69;0,0691115041074928
16,5;69,5;0,0685736095079486
16,5;70;0,0553213066521116
16,5;70,5;0,0895053941375052
16,5;71;0,0573329414601291
16,5;71,5;0,057548204431879
16,5;72;0,0604466707106355
16,5;72,5;0,088803347249744
16,5;73;0,0780406517997725
16,5;73,5;0,0924450579781783
16,5;74;0,0630672354751355
16,5;74,5;0,0205060966544099
16,5;75;0,0549851448470053
16,5;75,5;0,2333957229858
16,5;76;0,232002244960403
16,5;76,5;0,0700676296678625
16,5;77;0
16,5;77,5;0
17;-23,5;0
17;-23;0
17;-22,5;0
17;-22;0
17;-21,5;0
17;-21;0
17;-20,5;0
17;-20;0,277999710945379
17;-19,5;0,251457755595255
17;-19;0
17;-18,5;0,141210545996585
17;-18;0,0910666776869906
17;-17,5;0,10165058120513
17;-17;0,117711361454129
17;-16,5;0,0394149448659754
17;-16;0,0352993547312758
17;-15,5;0,0500233278914281
17;-15;0,0275342033286089
17;-14,5;0,0559658058869112
17;-14;0,058539445390836
17;-13,5;0,052595151867829
17;-13;0,0558438532670554
17;-12,5;0,0696206020212871
17;-12;0,0514766706290104
17;-11,5;0,0584525098386096
17;-11;0,0600579085629227
17;-10,5;0,0452586425928212
17;-10;0,0484398898109934
17;-9,5;0,0495327619409064
17;-9;0,027566801980436
17;-8,5;0,0671235920738992
17;-8;0,103005729769255
17;-7,5;0,168330416659361
17;-7;0,117795623960778
17;-6,5;0,145194775262988
17;-6;0,0728473000985806
17;-5,5;0,100349503458387
17;-5;0,0570671691759177
17;-4,5;0,0286535037745866
17;-4;0,0199109126974241
17;-3,5;0,0660388017254503
17;-3;0,373431119119615
17;-2,5;0,200142828123257
17;-2;0,274406632572903
17;-1,5;0,265866261844766
17;-1;0,0272028731194691
17;-0,5;0,0246089414644352
17;0;0,0317076279382073
17;0,5;0,0577548287845604
17;1;0,0546626065145469
17;1,5;0,0312458241049813
17;2;0,164405779807687
17;2,5;0,315812563947136
17;3;0,131669107633867
17;3,5;0,027196002663788
17;4;0,0289012806297328
17;4,5;0,036808855403737
17;5;0,0632289402058252
17;5,5;0,043813452406159
17;6;0,0355041373163502
17;6,5;0,0333056350892435
17;7;0,0212765170575238
17;7,5;0,0245276226902565
17;8;0,132762234128576
17;8,5;0,144378983660918
17;9;0,0337337748787112
17;9,5;0,0327375331869027
17;10;0,0259039145608398
17;10,5;0,0300460116714817
17;11;0,0328067744538108
17;11,5;0,0887099817921592
17;12;0,0555445119125031
17;12,5;0,0256088672468022
17;13;0,0272746956914567
17;13,5;0,0494207091693483
17;14;0,0288137312655837
17;14,5;0,0621372978441409
17;15;0,031315596699387
17;15,5;0,0537850159871429
17;16;0,282246523450688
17;16,5;0,365079017967957
17;17;0,0877943467154763
17;17,5;0,0334788270813823
17;18;0,0496233360637278
17;18,5;0,0377570054434286
17;19;0,0428667147581871
17;19,5;0,0347061282216045
17;20;0,0291158557808497
17;20,5;0,0318312375811939
17;21;0,0235780165623357
17;21,5;0,0209447423332195
17;22;0,0197015542450189
17;22,5;0,0225654603321093
17;23;0,0332526848063725
17;23,5;0,0290698313792621
17;24;0,0813899263434538
17;24,5;0,0510686312369808
17;25;0,0244198784228111
17;25,5;0,0338715284681892
17;26;0,0372981805182565
17;26,5;0,0325269883633391
17;27;0,0226904762730671
17;27,5;0,031716877692776
17;28;0,0469870036541669
17;28,5;0,0321418794289186
17;29;0,0212351909182219
17;29,5;0,0407815891859173
17;30;0,0335635945040614
17;30,5;0,0202131065863501
17;31;0,0266286290352605
17;31,5;0,331264671383604
17;32;0,198145813382169
17;32,5;0,0367172109679809
17;33;0,0340893292563231
17;33,5;0,0355394758224808
17;34;0,0265557708151248
17;34,5;0,0318930050968027
17;35;0,0349314294283066
17;35,5;0,031907752756065
17;36;0,0397606274220767
17;36,5;0,0454429730048355
17;37;0,0225606397049431
17;37,5;0,0313146413866511
17;38;0,0239845655318895
17;38,5;0,0239413748916992
17;39;0,0309981742037565
17;39,5;0,0427587476088834
17;40;0,0463152754182768
17;40,5;0,0597123708027973
17;41;0,278111435558186
17;41,5;0,335927604020481
17;42;0,0612592763505417
17;42,5;0,0243615557988409
17;43;0,0336104558894705
17;43,5;0,0422581692829737
17;44;0,0415680672458967
17;44,5;0,0670266232828878
17;45;0,0349951550149346
17;45,5;0,0342005116920785
17;46;0,0449441375717149
17;46,5;0,0288301118648551
17;47;0,0502124868686566
17;47,5;0,0587613607795221
17;48;0,0292411555699046
17;48,5;0,0770408812444413
17;49;0,0667660753334131
17;49,5;0,0427638866334668
17;50;0,0872562429192012
17;50,5;0,0887085114292873
17;51;0,0544129286512655
17;51,5;0,0662860058609866
17;52;0,122380571456308
17;52,5;0,197610070454174
17;53;0,0290399849912378
17;53,5;0,0431819154703848
17;54;0,0268370170118377
17;54,5;0,0471989882344752
17;55;0,046478774147787
17;55,5;0,0381661485149532
17;56;0,0647880864299193
17;56,5;0,0530938491999838
17;57;0,0390883266707801
17;57,5;0,0517032843281194
17;58;0,0592514605699198
17;58,5;0,106667718885576
17;59;0,154214595914007
17;59,5;0,117490539749773
17;60;0,1101906779836
17;60,5;0,0669407463423522
17;61;0,0701414504905842
17;61,5;0,0319414528513718
17;62;0,0443752328480942
17;62,5;0,0268529247921427
17;63;0,0389786226664934
17;63,5;0,0387430768228987
17;64;0,0894658299958264
17;64,5;0,0447857578094209
17;65;0,0409902673838805
17;65,5;0,0494278087087494
17;66;0,0866187118983741
17;66,5;0,256236247744714
17;67;0,283072739195557
17;67,5;0,0994426283659897
17;68;0,212436345964989
17;68,5;0,111326471844451
17;69;0,0743720013263109
17;69,5;0,141046091757269
17;70;0,153733083983608
17;70,5;0,137252105087234
17;71;0,0178018190616791
17;71,5;0
17;72;0,0406172684950625
17;72,5;0,0541473535589312
17;73;0,0696252348888916
17;73,5;0,0825984009126892
17;74;0,0506801018869608
17;74,5;0
17;75;0,0909411897876864
17;75,5;0,0417373615953522
17;76;0,0963301329049976
17;76,5;0,0991539165119758
17;77;0,0906519595914935
17;77,5;0
17,5;-22,5;0
17,5;-22;0
17,5;-21,5;0
17,5;-21;0
17,5;-20,5;0,280557767487261
17,5;-20;0,328622377002338
17,5;-19,5;0,321253674028676
17,5;-19;0
17,5;-18,5;0,183585681942735
17,5;-18;0,103524584016543
17,5;-17,5;0,13310500290726
17,5;-17;0,0981480235895483
17,5;-16,5;0,0662914290947825
17,5;-16;0,055500150149947
17,5;-15,5;0,0325938814980835
17,5;-15;0,0410121933088198
17,5;-14,5;0,0380460247594936
17,5;-14;0,0621277805100996
17,5;-13,5;0,0589045838623787
17,5;-13;0,0338232864441401
17,5;-12,5;0,0694006083867025
17,5;-12;0,0435299427288676
17,5;-11,5;0,0462017315692821
17,5;-11;0,0181190507477627
17,5;-10,5;0
17,5;-10;0,0466945749882503
17,5;-9,5;0,0526660986662003
17,5;-9;0,0284047279766692
17,5;-8,5;0,200285990925275
17,5;-8;0,117956857095069
17,5;-7,5;0,40419741924645
17,5;-7;0,365553145102762
17,5;-6,5;0,218866278645039
17,5;-6;0,130157135284041
17,5;-5,5;0,267879274820454
17,5;-5;0,355400954913444
17,5;-4,5;0,0318965636613993
17,5;-4;0,0257847679477857
17,5;-3,5;0,0513843187586029
17,5;-3;0,368997867010889
17,5;-2,5;0,272322328588854
17,5;-2;0,279485330913032
17,5;-1,5;0,382436965385143
17,5;-1;0,181783911488862
17,5;-0,5;0,0353322404841648
17,5;0;0,0323415080120867
17,5;0,5;0,0324723174094939
17,5;1;0,0362837315290127
17,5;1,5;0,0289098826436734
17,5;2;0,072342154345712
17,5;2,5;0,271127912947124
17,5;3;0,0819985716723317
17,5;3,5;0,0529896193016166
17,5;4;0,0852519699333512
17,5;4,5;0,355591515619246
17,5;5;0,0550542018598834
17,5;5,5;0,0617338826242775
17,5;6;0,0352767739178454
17,5;6,5;0,0314732833935001
17,5;7;0,0270157308392262
17,5;7,5;0,210847377012803
17,5;8;0,235215887563175
17,5;8,5;0,226844242085423
17,5;9;0,0464911841745256
17,5;9,5;0,0399190651642845
17,5;10;0,0559477755123243
17,5;10,5;0,0709829788452237
17,5;11;0,0220677839396129
17,5;11,5;0,113290409188772
17,5;12;0,0448953410299069
17,5;12,5;0,0494479068385729
17,5;13;0,0335788455064527
17,5;13,5;0,310538293259418
17,5;14;0,0316295049028854
17,5;14,5;0,0613634298113077
17,5;15;0,0471759367396549
17,5;15,5;0,0315236994381063
17,5;16;0,0403947301747858
17,5;16,5;0,0841447182742053
17,5;17;0,0336210015008046
17,5;17,5;0,0461141280945152
17,5;18;0,0258127875286649
17,5;18,5;0,0350382052858575
17,5;19;0,0234566683323996
17,5;19,5;0,0454872746695463
17,5;20;0,0482865571126804
17,5;20,5;0,0616919949498828
17,5;21;0,028412860355987
17,5;21,5;0,0397736744475961
17,5;22;0,0700209856382504
17,5;22,5;0,0291870758975447
17,5;23;0,0284401502942641
17,5;23,5;0,037085243551259
17,5;24;0,347824329691108
17,5;24,5;0,149110083763271
17,5;25;0,0437691319836315
17,5;25,5;0,0412340477544332
17,5;26;0,35106409769258
17,5;26,5;0,299993920278156
17,5;27;0,0452606607383092
17,5;27,5;0,0477077492535854
17,5;28;0,0642931882051806
17,5;28,5;0,0305583013208248
17,5;29;0,0648827773248682
17,5;29,5;0,118405821510148
17,5;30;0,147415795173606
17,5;30,5;0,0377246877537204
17,5;31;0,0286911812983976
17,5;31,5;0,114336912135076
17,5;32;0,0316026487888012
17,5;32,5;0,0181489209963935
17,5;33;0,0234772001230946
17,5;33,5;0,0384670217810774
17,5;34;0,0555289490925933
17,5;34,5;0,0470016821690646
17,5;35;0,173640880077705
17,5;35,5;0,355798048027799
17,5;36;0,0310033159878245
17,5;36,5;0,0300942310933182
17,5;37;0,0223984480754912
17,5;37,5;0,0750794297035992
17,5;38;0,0368024672048731
17,5;38,5;0,0375772347117237
17,5;39;0,0272854111919144
17,5;39,5;0,0378628869129633
17,5;40;0,0363807903262409
17,5;40,5;0,0356536701515765
17,5;41;0,055369847221835
17,5;41,5;0,0919319928889101
17,5;42;0,11040701469872
17,5;42,5;0,19923302236045
17,5;43;0,0418606598841726
17,5;43,5;0,039804797459935
17,5;44;0,0400885958622559
17,5;44,5;0,0987506641188395
17,5;45;0,0344510766257351
17,5;45,5;0,0562462473071267
17,5;46;0,0438978806802259
17,5;46,5;0,0844187234325035
17,5;47;0,117405853277226
17,5;47,5;0,105677043880427
17,5;48;0,0635893667449615
17,5;48,5;0,104018460297414
17,5;49;0,0806416015858818
17,5;49,5;0,0241691354300897
17,5;50;0,0315431118683
17,5;50,5;0,0638189296770478
17,5;51;0,091345482140268
17,5;51,5;0,0573677278471713
17,5;52;0,067298867771351
17,5;52,5;0,128780900673008
17,5;53;0,0549016764510428
17,5;53,5;0,0413518744558019
17,5;54;0,0431230796673892
17,5;54,5;0,0336805708680018
17,5;55;0,0456181784739693
17,5;55,5;0,0162096500523897
17,5;56;0,0281863534367917
17,5;56,5;0,0585062852276624
17,5;57;0,0732218135100007
17,5;57,5;0,0741372489727763
17,5;58;0,0200414470943173
17,5;58,5;0,0596491351932004
17,5;59;0,161385862304367
17,5;59,5;0,100992811867591
17,5;60;0,252745351637213
17,5;60,5;0,366043765055148
17,5;61;0,0346134329934166
17,5;61,5;0,0355222687753382
17,5;62;0,0293093818957281
17,5;62,5;0,0243289005567216
17,5;63;0,0270575144998407
17,5;63,5;0,0351167862886865
17,5;64;0,0483506873482605
17,5;64,5;0,0538913258326421
17,5;65;0,0505098049718372
17,5;65,5;0,0661274564219772
17,5;66;0,0650883889674524
17,5;66,5;0,0593675117499362
17,5;67;0,0761907163145567
17,5;67,5;0,0796352577886908
17,5;68;0,108384369249374
17,5;68,5;0,0533110129575879
17,5;69;0,103250203817688
17,5;69,5;0,0564141150861412
17,5;70;0,0569726101462651
17,5;70,5;0,063355722859483
17,5;71;0,0314933855489265
17,5;71,5;0,0268700576850888
17,5;72;0,0554366399832419
17,5;72,5;0,0656665128439976
17,5;73;0
17,5;73,5;0,0610421677617963
17,5;74;0,0487961747134616
17,5;74,5;0,0695232061291494
17,5;75;0,0323372849818905
17,5;75,5;0,080505634230513
17,5;76;0,0638983567863838
17,5;76,5;0,0749548612915215
17,5;77;0,0581480868128952
17,5;77,5;0
18;-23;0
18;-22,5;0
18;-22;0
18;-21,5;0
18;-21;0
18;-20,5;0,278075667621381
18;-20;0
18;-19,5;0
18;-19;0,241480765279556
18;-18,5;0,318015019112231
18;-18;0,114503898873108
18;-17,5;0,108007261919979
18;-17;0,0606855443587486
18;-16,5;0,0862156764001933
18;-16;0,0113724814061547
18;-15,5;0,0479200723427389
18;-15;0
18;-14,5;0,0480480764137215
18;-14;0,0359061276107575
18;-13,5;0,0296232483381763
18;-13;0,0378842735421729
18;-12,5;0,0419025826982253
18;-12;0,0294711319607445
18;-11,5;0,0306025350504685
18;-11;0,030142518616921
18;-10,5;0,0476518625029494
18;-10;0,0467038698823588
18;-9,5;0,0542398719548398
18;-9;0,0549919348925441
18;-8,5;0,0489520200252274
18;-8;0,0330397284479455
18;-7,5;0,390475497676505
18;-7;0,357897778450523
18;-6,5;0,0788536011286669
18;-6;0,0735207829879939
18;-5,5;0,0583997898598993
18;-5;0,0345344243897498
18;-4,5;0,0297456605965362
18;-4;0,0429661857073793
18;-3,5;0,0365959803903502
18;-3;0,353351905380779
18;-2,5;0,314424910519992
18;-2;0,116995211323768
18;-1,5;0,220628922783545
18;-1;0,113318644932139
18;-0,5;0,0375811950114335
18;0;0,026376193456737
18;0,5;0,0217312599359127
18;1;0,0229518296567798
18;1,5;0,0255456672216925
18;2;0,0317847660029496
18;2,5;0,0292555306510539
18;3;0,0344252204746638
18;3,5;0,0456544811892662
18;4;0,0300656133555026
18;4,5;0,169283014797535
18;5;0,0391565381194264
18;5,5;0,0596261118097522
18;6;0,0801472825240313
18;6,5;0,0308724618791644
18;7;0,0587983184847761
18;7,5;0,126239369685693
18;8;0,159336483878885
18;8,5;0,225600513805012
18;9;0,0515913343740339
18;9,5;0,154006596134401
18;10;0,317723302669555
18;10,5;0,234962283808154
18;11;0,0812811043946234
18;11,5;0,10541026866518
18;12;0,0333406818749573
18;12,5;0,0398670863370118
18;13;0,0270014492364681
18;13,5;0,365567623520563
18;14;0,0485249625326544
18;14,5;0,0645814009831095
18;15;0,0643816958057252
18;15,5;0,0424691014719164
18;16;0,0347731655046774
18;16,5;0,0279349105717226
18;17;0,0347233497704894
18;17,5;0,0267727324175537
18;18;0,0346869788447684
18;18,5;0,0297070559576251
18;19;0,0275125440961869
18;19,5;0,0282519337937317
18;20;0,0417065167979462
18;20,5;0,020581190428375
18;21;0,0265869642243462
18;21,5;0,0543899234611034
18;22;0,052954588372983
18;22,5;0,0500097406478364
18;23;0,0197605849167843
18;23,5;0,034463053638871
18;24;0,0520773648370831
18;24,5;0,0330163746001213
18;25;0,0390462870761774
18;25,5;0,0333833790979883
18;26;0,0356439115383268
18;26,5;0,0407334326375186
18;27;0,037486144364068
18;27,5;0,0310985747239686
18;28;0,0225484663188726
18;28,5;0,0536369157650062
18;29;0,0761446472201131
18;29,5;0,17749277174589
18;30;0,204716890110266
18;30,5;0,205977932836086
18;31;0,0243673419841373
18;31,5;0,0417368345814766
18;32;0,0296235796930283
18;32,5;0,0356984089359767
18;33;0,0702234685642206
18;33,5;0,0457043243217531
18;34;0,0488682267047539
18;34,5;0,0756260764784619
18;35;0,0420430743171716
18;35,5;0,115380716074539
18;36;0,0296782354327579
18;36,5;0,0346001938719707
18;37;0,0359687364248454
18;37,5;0,341988770660241
18;38;0,101658009053535
18;38,5;0,0627831799604831
18;39;0,0262574199197167
18;39,5;0,034599567337902
18;40;0,0369249723258829
18;40,5;0,026541580410195
18;41;0,0306567036420729
18;41,5;0,0615775731956137
18;42;0,218510802791622
18;42,5;0,32514241698418
18;43;0,0227349502183864
18;43,5;0,0359721866080781
18;44;0,0486327158076943
18;44,5;0,0259678652867002
18;45;0,0345253530032641
18;45,5;0,0383547113702805
18;46;0,0327512286060632
18;46,5;0,0224452014330306
18;47;0,0468071817027384
18;47,5;0,0378573933519591
18;48;0,0380845550496961
18;48,5;0,0795717644801178
18;49;0,101661502826905
18;49,5;0,0204205340127625
18;50;0,0229811966496315
18;50,5;0,0213858588482597
18;51;0,0521050234725442
18;51,5;0,0480219876178177
18;52;0,0550888650985954
18;52,5;0,0396077791702451
18;53;0,030441842669654
18;53,5;0,0277271907599385
18;54;0,0414784869062633
18;54,5;0,0488289732377303
18;55;0,0307495458991308
18;55,5;0,0223241549965742
18;56;0,0326491395985654
18;56,5;0,0339396753378622
18;57;0,0592202214623805
18;57,5;0,0778599377273873
18;58;0,0234007398855887
18;58,5;0,076673714066037
18;59;0,154041606809744
18;59,5;0,0678110064556061
18;60;0,297874985499778
18;60,5;0,226437598208321
18;61;0,164692740959434
18;61,5;0,0453695933417967
18;62;0,15066872053753
18;62,5;0,0539402962130869
18;63;0,0548629944606504
18;63,5;0,0311178494997853
18;64;0,048189501659339
18;64,5;0,0493241109856863
18;65;0,0306608151487462
18;65,5;0,0693422767967086
18;66;0,0676017751246223
18;66,5;0,055979157281561
18;67;0,0769676138038632
18;67,5;0,0665564174723445
18;68;0,087541969884325
18;68,5;0,0413590549767693
18;69;0,0788468303744578
18;69,5;0,0576014632750642
18;70;0,0677294859371169
18;70,5;0,146566754388789
18;71;0,343778766644306
18;71,5;0,0166975903593759
18;72;0,0789733966537609
18;72,5;0,0787053743254704
18;73;0,0601040764008565
18;73,5;0,0566415630669446
18;74;0
18;74,5;0,0751044986288153
18;75;0
18;75,5;0
18;76;0,0414967726800187
18;76,5;0,0345579223912549
18;77;0,0567442046547906
18;77,5;0
18,5;-22,5;0
18,5;-22;0
18,5;-21,5;0
18,5;-20,5;0
18,5;-20;0
18,5;-19,5;0
18,5;-19;0,211109651415171
18,5;-18,5;0
18,5;-18;0,0876557344260932
18,5;-17,5;0,10143539710055
18,5;-17;0,0907908489929991
18,5;-16,5;0,0637547023282637
18,5;-16;0,0265769323537035
18,5;-15,5;0
18,5;-15;0,000707106781186548
18,5;-14,5;0,0453965400642204
18,5;-14;0,0226222604234561
18,5;-13,5;0,0642128946032908
18,5;-13;0,0365069493787303
18,5;-12,5;0,0356083858502059
18,5;-12;0,0354426836389319
18,5;-11,5;0,0373015336382394
18,5;-11;0,0550459312343296
18,5;-10,5;0,0159351363793527
18,5;-10;0,365722985602221
18,5;-9,5;0,118021301829343
18,5;-9;0,0540431926024607
18,5;-8,5;0,0254919455066553
18,5;-8;0,202727937186361
18,5;-7,5;0,0244556682620804
18,5;-7;0,150236001336434
18,5;-6,5;0,0651509968192465
18,5;-6;0,111721642659766
18,5;-5,5;0,0612947898316341
18,5;-5;0,0270799901813978
18,5;-4,5;0,0285283971586986
18,5;-4;0,0379104856748392
18,5;-3,5;0,0451900303756266
18,5;-3;0,108171937847872
18,5;-2,5;0,0607324879098436
18,5;-2;0,0325566522036813
18,5;-1,5;0,0290897368534132
18,5;-1;0,0439026483205079
18,5;-0,5;0,025248233984335
18,5;0;0,0174899577640866
18,5;0,5;0,0260093699448866
18,5;1;0,0964663182202171
18,5;1,5;0,0357975630070174
18,5;2;0,0290222406255682
18,5;2,5;0,346603633498812
18,5;3;0,376522147375856
18,5;3,5;0,0265314053818134
18,5;4;0,0270393996170895
18,5;4,5;0,0478665729101733
18,5;5;0,0270403150070808
18,5;5,5;0,0589612907600907
18,5;6;0,108151600207537
18,5;6,5;0,118323236740035
18,5;7;0,0600927258343154
18,5;7,5;0,148248817556388
18,5;8;0,122949829533658
18,5;8,5;0,145519753704201
18,5;9;0,268012874390493
18,5;9,5;0,245626509303921
18,5;10;0,246578860228025
18,5;10,5;0,340488213956381
18,5;11;0,185948591876364
18,5;11,5;0,0370175777301535
18,5;12;0,0391380868967605
18,5;12,5;0,10215444786357
18,5;13;0,0549715733770812
18,5;13,5;0,0324623909027105
18,5;14;0,0324749572093401
18,5;14,5;0,129306236333832
18,5;15;0,0621175183676414
18,5;15,5;0,0591980013289683
18,5;16;0,0235074575448748
18,5;16,5;0,0222440477072453
18,5;17;0,0262400420571792
18,5;17,5;0,0235645412284174
18,5;18;0,0298554730063688
18,5;18,5;0,0267269686645248
18,5;19;0,0235108731659374
18,5;19,5;0,0271688928647414
18,5;20;0,04088082665897
18,5;20,5;0,051462036778438
18,5;21;0,0198739242479631
18,5;21,5;0,0233493367488382
18,5;22;0,0422846073238114
18,5;22,5;0,016763929695718
18,5;23;0,0206179700432713
18,5;23,5;0,0267699180498689
18,5;24;0,0301565132144981
18,5;24,5;0,0349766470694431
18,5;25;0,0273467102588862
18,5;25,5;0,0392010182866561
18,5;26;0,0222179381775066
18,5;26,5;0,0419321306549908
18,5;27;0,0233366664286054
18,5;27,5;0,0208145060933918
18,5;28;0,0336583629941956
18,5;28,5;0,0440221409982707
18,5;29;0,0673816245970171
18,5;29,5;0,186359419760133
18,5;30;0,309285205643193
18,5;30,5;0,234057606928041
18,5;31;0,0488267076805319
18,5;31,5;0,0242895866996243
18,5;32;0,289248470975099
18,5;32,5;0,300519414214056
18,5;33;0,0411756734997045
18,5;33,5;0,0276598136157169
18,5;34;0,0497800534251246
18,5;34,5;0,0586775812676133
18,5;35;0,0352502329867454
18,5;35,5;0,0331282922372475
18,5;36;0,0204882752199301
18,5;36,5;0,0261904289291549
18,5;37;0,0376826753567016
18,5;37,5;0,0462281033032289
18,5;38;0,0359752957017235
18,5;38,5;0,0361763350831625
18,5;39;0,0264270983388386
18,5;39,5;0,0311141388415997
18,5;40;0,023578564798323
18,5;40,5;0,214079989599165
18,5;41;0,0462757936866289
18,5;41,5;0,067043891096306
18,5;42;0,0546748276344746
18,5;42,5;0,0555121204621773
18,5;43;0,019437855427358
18,5;43,5;0,0270449376817236
18,5;44;0,0560096717838387
18,5;44,5;0,0380031914710261
18,5;45;0,0334515159831154
18,5;45,5;0,0295849616863567
18,5;46;0,0216950725004296
18,5;46,5;0,0273826723276172
18,5;47;0,0341888431691565
18,5;47,5;0,0190917351913617
18,5;48;0,0414107673545488
18,5;48,5;0,0645211140609325
18,5;49;0,351297855577476
18,5;49,5;0,148596233578139
18,5;50;0,0217768389867181
18,5;50,5;0,0551714420377873
18,5;51;0,0434490376248245
18,5;51,5;0,026977735438068
18,5;52;0,0284547874904993
18,5;52,5;0,02473640651272
18,5;53;0,0306404142632879
18,5;53,5;0,0439189443118546
18,5;54;0,0885171739418099
18,5;54,5;0,05199901353837
18,5;55;0,0267974023052258
18,5;55,5;0,0449984817619611
18,5;56;0,02859991577038
18,5;56,5;0,0458131848092294
18,5;57;0,0273693867913283
18,5;57,5;0,0561902850250607
18,5;58;0,0320014371397676
18,5;58,5;0,0410542134197081
18,5;59;0,0819631976301911
18,5;59,5;0,0669758589462481
18,5;60;0,197185474927985
18,5;60,5;0,263560724187342
18,5;61;0,133436734331164
18,5;61,5;0,0546605000916592
18,5;62;0,0262209421050817
18,5;62,5;0,0248503457227396
18,5;63;0,0606486093302794
18,5;63,5;0,046914231550258
18,5;64;0,035452140094614
18,5;64,5;0,0609893462385844
18,5;65;0,0276048162890634
18,5;65,5;0,0662462755448865
18,5;66;0,0787098804662977
18,5;66,5;0,0711968834438784
18,5;67;0,066904525853713
18,5;67,5;0,0632694916324493
18,5;68;0,0584382382134575
18,5;68,5;0,0494630164870684
18,5;69;0,065175304076298
18,5;69,5;0,03202386263051
18,5;70;0,0763940791944531
18,5;70,5;0,230224058002453
18,5;71;0,262724687278073
18,5;71,5;0
18,5;72;0,0897784309657206
18,5;72,5;0
18,5;73;0,0404748599221083
18,5;73,5;0,0783949365831196
18,5;74;0,032361058314556
18,5;74,5;0,0424588035629833
18,5;75;0,0149777612924406
18,5;75,5;0
18,5;76;0,0598642576562121
18,5;76,5;0,052253776350204
18,5;77;0,0776747492217816
18,5;77,5;0,0288957897740599
19;-22,5;0
19;-22;0
19;-21,5;0
19;-21;0
19;-20;0
19;-19,5;0
19;-19;0,18555663507979
19;-18,5;0,224959996443812
19;-18;0
19;-17,5;0,0757513876260543
19;-17;0,0565656776617063
19;-16,5;0,0399700645559406
19;-16;0,110742623101625
19;-15,5;0,0763697147653004
19;-15;0,100629630728952
19;-14,5;0,0397189472574718
19;-14;0,0279069883720906
19;-13,5;0,0382216422906439
19;-13;0,0331701752530159
19;-12,5;0,0238380291548385
19;-12;0,0272304976083802
19;-11,5;0,233803702769164
19;-11;0,0603415279886083
19;-10,5;0,0868980593987733
19;-10;0,348433078316246
19;-9,5;0,184815264676045
19;-9;0,126891424895937
19;-8,5;0,113637890141262
19;-8;0,191893389713854
19;-7,5;0,0704757247410609
19;-7;0,0667241792152891
19;-6,5;0,118949886463702
19;-6;0,135588457375482
19;-5,5;0,129998724644747
19;-5;0,231185137854154
19;-4,5;0,0918136049830186
19;-4;0,0536724920560688
19;-3,5;0,0342145030976956
19;-3;0,0389346267157391
19;-2,5;0,0307358474724269
19;-2;0,035012008246107
19;-1,5;0,0606929364174983
19;-1;0,02552011616612
19;-0,5;0,292185758303467
19;0;0,38671413636593
19;0,5;0,0862272232072828
19;1;0,106709319750285
19;1,5;0,0814637493600687
19;2;0,046989444507443
19;2,5;0,340489094746015
19;3;0,356731997274711
19;3,5;0,140398268042978
19;4;0,38664309158376
19;4,5;0,0223502151652265
19;5;0,0285585042547068
19;5,5;0,154235441284206
19;6;0,0671227946767519
19;6,5;0,0496524568739199
19;7;0,0551107499349697
19;7,5;0,173041482875243
19;8;0,187101592562561
19;8,5;0,135217627805584
19;9;0,29889759874168
19;9,5;0,324981251843221
19;10;0,404297631095959
19;10,5;0,359883543861662
19;11;0,154917597143649
19;11,5;0,0240516856625143
19;12;0,0202191664678263
19;12,5;0,0530263644643003
19;13;0,0640385716225946
19;13,5;0,0274923402077734
19;14;0,0334118881533572
19;14,5;0,0237866200061406
19;15;0,0228268968024752
19;15,5;0,0454846021837355
19;16;0,0333636528775453
19;16,5;0,0441774425309052
19;17;0,0351156991234686
19;17,5;0,0341667722151307
19;18;0,0330657121851934
19;18,5;0,0262831634929206
19;19;0,0203545129724862
19;19,5;0,0180991356557321
19;20;0,0248830316904199
19;20,5;0,0466430249583929
19;21;0,0509231696447277
19;21,5;0,0190215297765801
19;22;0,0258778589808773
19;22,5;0,0255509969184408
19;23;0,0310597730856526
19;23,5;0,0473853001116028
19;24;0,0411808181027809
19;24,5;0,0373830720665783
19;25;0,0386769928977723
19;25,5;0,0313066896274103
19;26;0,0257027964734671
19;26,5;0,0276526068692748
19;27;0,0259057547028023
19;27,5;0,0210700654579478
19;28;0,0373974152404503
19;28,5;0,0372023615175077
19;29;0,227912962157836
19;29,5;0,180084977645426
19;30;0,14494143445367
19;30,5;0,04474827512566
19;31;0,0223048593205896
19;31,5;0,0438854585378161
19;32;0,291969470601098
19;32,5;0,292098970924971
19;33;0,0672417670362683
19;33,5;0,0492589911525438
19;34;0,0449995500436641
19;34,5;0,0670080010064436
19;35;0,0247842286339663
19;35,5;0,0250327911669637
19;36;0,0234812010852876
19;36,5;0,0298105126870818
19;37;0,0313922179825233
19;37,5;0,0303343512377267
19;38;0,0321855820747576
19;38,5;0,037494287902884
19;39;0,0425302404162292
19;39,5;0,0444858576022835
19;40;0,228367419198231
19;40,5;0,392104410364702
19;41;0,254508903535514
19;41,5;0,0810399769937557
19;42;0,0223104411682953
19;42,5;0,0296583911914862
19;43;0,0263801855059403
19;43,5;0,0232559805987366
19;44;0,212496934348329
19;44,5;0,3183931289991
19;45;0,0211156297352006
19;45,5;0,0578979343182408
19;46;0,0341847171694484
19;46,5;0,223456183266922
19;47;0,0346849297623201
19;47,5;0,0390261073173023
19;48;0,0357761471246029
19;48,5;0,0435582741772412
19;49;0,106383363821789
19;49,5;0,0545269198307212
19;50;0,0571676091610458
19;50,5;0,0607256384737458
19;51;0,0576057501625544
19;51,5;0,081942065302967
19;52;0,0449642021677692
19;52,5;0,0442880456978578
19;53;0,0420720309127568
19;53,5;0,0410681403129035
19;54;0,0672138726989867
19;54,5;0,0499661593470001
19;55;0,0526472538061895
19;55,5;0,0606140418464692
19;56;0,0544105947450753
19;56,5;0,0425514372941412
19;57;0,016998776272379
19;57,5;0,0164329862125914
19;58;0,0480586192535504
19;58,5;0,0202972568511649
19;59;0,053146483931635
19;59,5;0,052496838951675
19;60;0,078527856381449
19;60,5;0,0701674639978478
19;61;0,0514826026435958
19;61,5;0,0375470666518182
19;62;0,0540439970121901
19;62,5;0,028112062970628
19;63;0,0676456466867921
19;63,5;0,0604360481696756
19;64;0,0405498244793504
19;64,5;0,0470029786290188
19;65;0,0491253913156895
19;65,5;0,0737409372746907
19;66;0,0814268976465373
19;66,5;0,0258046017282912
19;67;0,0543744731775245
19;67,5;0,0419795004917693
19;68;0,0721140743288857
19;68,5;0,0544894672465819
19;69;0,0491727566849775
19;69,5;0,0924976850893068
19;70;0,0731301801981504
19;70,5;0,0695448962931345
19;71;0,135990073574294
19;71,5;0,0820990255727801
19;72;0,00353553390593274
19;72,5;0
19;73;0
19;73,5;0,0596213049169506
19;74;0,105572385458644
19;74,5;0
19;75;0,0603651586674994
19;75,5;0
19;76;0,0707983050644576
19;76,5;0,0805909424191081
19;77;0,0386596257957403
19;77,5;0
19,5;-23;0
19,5;-22,5;0
19,5;-22;0
19,5;-21,5;0
19,5;-21;0,320224630979121
19,5;-20;0
19,5;-19,5;0
19,5;-19;0
19,5;-18,5;0
19,5;-18;0,0395979797464467
19,5;-17,5;0,0802499723645817
19,5;-17;0,0406055356301271
19,5;-16,5;0
19,5;-15,5;0,0405503801872847
19,5;-15;0,286599401934677
19,5;-14,5;0,354427377614717
19,5;-14;0,0451437873739182
19,5;-13,5;0,0832275595380921
19,5;-13;0,0599445965134706
19,5;-12,5;0,0615480503346775
19,5;-12;0
19,5;-11,5;0,15340279975389
19,5;-11;0,0522015325445528
19,5;-10,5;0,0686667677992783
19,5;-10;0,187101470101013
19,5;-9,5;0,0860671520144035
19,5;-9;0,0677557780159409
19,5;-8,5;0,0811634102269235
19,5;-8;0,157405121563348
19,5;-7,5;0,211846552090548
19,5;-7;0,183876655476501
19,5;-6,5;0,194315525733914
19,5;-6;0,158611782362796
19,5;-5,5;0,152030440588142
19,5;-5;0,0802481894253845
19,5;-4,5;0,106609334863112
19,5;-4;0,102962588365822
19,5;-3,5;0,0696198770832242
19,5;-3;0,0623673196095724
19,5;-2,5;0,0763193976445233
19,5;-2;0,0454939201085412
19,5;-1,5;0,0434876073013395
19,5;-1;0,0377314586057277
19,5;-0,5;0,195224549121856
19,5;0;0,362129972063438
19,5;0,5;0,171296138945485
19,5;1;0,03450782296724
19,5;1,5;0,0266353222827582
19,5;2;0,0402610782616239
19,5;2,5;0,0431515309328503
19,5;3;0,0335042108227778
19,5;3,5;0,0304729342945163
19,5;4;0,208316279245957
19,5;4,5;0,0465626774891202
19,5;5;0,272854894887213
19,5;5,5;0,390618675373087
19,5;6;0,0261513768795165
19,5;6,5;0,0665721988344809
19,5;7;0,322409124371909
19,5;7,5;0,321472822491273
19,5;8;0,0956105877590682
19,5;8,5;0,0533615282926182
19,5;9;0,229629340052283
19,5;9,5;0,404129638403142
19,5;10;0,386216220280638
19,5;10,5;0,0435612064971184
19,5;11;0,0562806194284436
19,5;11,5;0,0699171260084668
19,5;12;0,062040182218977
19,5;12,5;0,0260313436839993
19,5;13;0,0316857547226131
19,5;13,5;0,0296835975984474
19,5;14;0,0262451155919911
19,5;14,5;0,0584635531963427
19,5;15;0,0223983792931092
19,5;15,5;0,0255650876675415
19,5;16;0,0702122953266776
19,5;16,5;0,0830081910392843
19,5;17;0,0623078356754158
19,5;17,5;0,0338936901414549
19,5;18;0,0259131494906854
19,5;18,5;0,0368864703472407
19,5;19;0,0329115942976892
19,5;19,5;0,0354672415663668
19,5;20;0,0284832202802811
19,5;20,5;0,031762219466438
19,5;21;0,0625051945969793
19,5;21,5;0,0801360607672608
19,5;22;0,0611982473776305
19,5;22,5;0,0243539329387838
19,5;23;0,0236727778940947
19,5;23,5;0,110003338748009
19,5;24;0,0917375313361297
19,5;24,5;0,045827067440464
19,5;25;0,0869167756840807
19,5;25,5;0,111661243649412
19,5;26;0,0294080487848707
19,5;26,5;0,0392867521955127
19,5;27;0,0298842210316191
19,5;27,5;0,0338507256250786
19,5;28;0,0363913719983579
19,5;28,5;0,0486802251953385
19,5;29;0,0195966559805451
19,5;29,5;0,04370450802879
19,5;30;0,0643032684284284
19,5;30,5;0,0313947759336305
19,5;31;0,0218447628486062
19,5;31,5;0,0512602606808517
19,5;32;0,0569817125465556
19,5;32,5;0,0450434363367716
19,5;33;0,0920655765510374
19,5;33,5;0,05346567988551
19,5;34;0,0320205663077133
19,5;34,5;0,0372634005330129
19,5;35;0,0462090532122776
19,5;35,5;0,0283047674082077
19,5;36;0,0390768914260867
19,5;36,5;0,0337775496391649
19,5;37;0,035058247478353
19,5;37,5;0,026780354645859
19,5;38;0,0291081136955517
19,5;38,5;0,0345720453695885
19,5;39;0,052466877915852
19,5;39,5;0,0505777932028089
19,5;40;0,159285892163257
19,5;40,5;0,356989424070338
19,5;41;0,219302897253551
19,5;41,5;0,0407372939043305
19,5;42;0,0531373252014707
19,5;42,5;0,0467967145534513
19,5;43;0,0556500916718134
19,5;43,5;0,0634176135854895
19,5;44;0,102269425020959
19,5;44,5;0,28484059144447
19,5;45;0,0326854720425547
19,5;45,5;0,0523288667383276
19,5;46;0,0896036336150761
19,5;46,5;0,317813242801925
19,5;47;0,0295302105196244
19,5;47,5;0,0280802408961368
19,5;48;0,0361354137128501
19,5;48,5;0,0498135200207685
19,5;49;0,0289252527721692
19,5;49,5;0,0554346499332605
19,5;50;0,0342126452706997
19,5;50,5;0,026572441139255
19,5;51;0,0510996069917445
19,5;51,5;0,0683157452336718
19,5;52;0,0726361247009382
19,5;52,5;0,10006472905075
19,5;53;0,0756936476285595
19,5;53,5;0,0604626647074822
19,5;54;0,068130368466918
19,5;54,5;0,0644958227874084
19,5;55;0,0774664354581359
19,5;55,5;0,0606127469987352
19,5;56;0,0861278103743962
19,5;56,5;0,0823312645185277
19,5;57;0,0485820623851328
19,5;57,5;0,0262980179744738
19,5;58;0,0447672138120554
19,5;58,5;0,0421966754648972
19,5;59;0,110636402968526
19,5;59,5;0,0721629877761621
19,5;60;0,0524135060654534
19,5;60,5;0,0406857691492163
19,5;61;0,0367135796215611
19,5;61,5;0,0559530941011826
19,5;62;0,0439857596934687
19,5;62,5;0,0327351329494719
19,5;63;0,0428485099530288
19,5;63,5;0,0508386865992606
19,5;64;0,0422607956717557
19,5;64,5;0,0408108719917533
19,5;65;0,0538101685046513
19,5;65,5;0,0629046220803039
19,5;66;0,072588438294853
19,5;66,5;0,0737142477583584
19,5;67;0,0657722038227314
19,5;67,5;0,0723983848742787
19,5;68;0,0759808785316347
19,5;68,5;0,05652340861913
19,5;69;0,0386635182964358
19,5;69,5;0,0764069737721999
19,5;70;0,0568722198679861
19,5;70,5;0,0811877839143388
19,5;71;0,107606829880031
19,5;71,5;0,0707439936933035
19,5;72;0,058606546329973
19,5;72,5;0
19,5;73;0
19,5;73,5;0,0848650996872539
19,5;74;0,115355165594129
19,5;74,5;0
19,5;75;0
19,5;75,5;0,0190875177362939
19,5;76;0,05321197502174
19,5;76,5;0,0541009858197304
19,5;77;0,00777817459305202
19,5;77,5;0,0510245039172357
20;-22,5;0
20;-22;0
20;-21,5;0
20;-21;0,279191750116893
20;-20,5;0
20;-20;0
20;-19,5;0
20;-19;0
20;-18,5;0,268133417185857
20;-18;0,190135740985224
20;-17,5;0,0754529667914288
20;-17;0,0836830993158781
20;-15,5;0,0726408975715471
20;-15;0,132563152775137
20;-14,5;0,0518873780412925
20;-14;0,03102149792214
20;-13,5;0,0636512072978682
20;-13;0,0492377129947399
20;-12,5;0,0375732617695084
20;-12;0
20;-11,5;0,0205060966544099
20;-11;0,118086832458153
20;-10,5;0,0595057420198533
20;-10;0,0683744089602568
20;-9,5;0,060449677909167
20;-9;0,0780356074197541
20;-8,5;0,0990471268302788
20;-8;0,0357957166897568
20;-7,5;0,0733417317451982
20;-7;0,243935702036644
20;-6,5;0,30214890591319
20;-6;0,0991375250285092
20;-5,5;0,354161197937815
20;-5;0,141678841451786
20;-4,5;0,0947519724424578
20;-4;0,105879112420186
20;-3,5;0,171086815247839
20;-3;0,0766260952817053
20;-2,5;0,0564843989465386
20;-2;0,040181919223831
20;-1,5;0,0249903940557743
20;-1;0,0855816767837599
20;-0,5;0,232415012918174
20;0;0,309019302539076
20;0,5;0,240999911411344
20;1;0,0327762115263007
20;1,5;0,0309686426811293
20;2;0,0349669335326672
20;2,5;0,0368305255743226
20;3;0,0361799127715127
20;3,5;0,0318104969074459
20;4;0,0717368967334187
20;4,5;0,0676454356086032
20;5;0,0573699180145588
20;5,5;0,0307004284696192
20;6;0,0556500444831843
20;6,5;0,0634746912827053
20;7;0,134556763122137
20;7,5;0,162481294764842
20;8;0,171757976196938
20;8,5;0,139522062760703
20;9;0,316386123102603
20;9,5;0,43156507478491
20;10;0,0250913127562628
20;10,5;0,0391123832254968
20;11;0,139565539468604
20;11,5;0,0445120062171881
20;12;0,0599028816849388
20;12,5;0,0266065007536305
20;13;0,029054892477163
20;13,5;0,0311095172915894
20;14;0,0204161052939071
20;14,5;0,0288830023316736
20;15;0,0270284617597458
20;15,5;0,0805401084582382
20;16;0,0530867816019904
20;16,5;0,0518606723995813
20;17;0,0786573434966527
20;17,5;0,0285289029772395
20;18;0,0351524730075057
20;18,5;0,0265011521787186
20;19;0,0323935349482358
20;19,5;0,0273677524746975
20;20;0,032104257246249
20;20,5;0,0342947513766873
20;21;0,0313209821296943
20;21,5;0,0491816827165048
20;22;0,0858298819028139
20;22,5;0,08562719011082
20;23;0,0342233628898902
20;23,5;0,0940777117080363
20;24;0,100008449367559
20;24,5;0,171192695867719
20;25;0,372008653702776
20;25,5;0,34500472069274
20;26;0,0387378151108091
20;26,5;0,0261510893957407
20;27;0,0413122824738067
20;27,5;0,210124181766605
20;28;0,035319416147847
20;28,5;0,0443661123874366
20;29;0,0354204361954435
20;29,5;0,0236871773148682
20;30;0,0304896744478173
20;30,5;0,0172187473907944
20;31;0,027674221478395
20;31,5;0,0273259455513525
20;32;0,0384267468832981
20;32,5;0,129451372003153
20;33;0,28143582150349
20;33,5;0,0879387260415747
20;34;0,0699776302312558
20;34,5;0,0418865489105098
20;35;0,0508056646914327
20;35,5;0,0587322168354176
20;36;0,351725625598249
20;36,5;0,0251273005413036
20;37;0,0536859621254483
20;37,5;0,0385950878946428
20;38;0,0404350141153347
20;38,5;0,0303810532372085
20;39;0,102250742073942
20;39,5;0,0573056941065267
20;40;0,296201685301333
20;40,5;0,340614723819515
20;41;0,035660887510992
20;41,5;0,0516486362954033
20;42;0,0524052827056794
20;42,5;0,0589480617832851
20;43;0,0764967014198535
20;43,5;0,0709992894460204
20;44;0,0583556443927492
20;44,5;0,0501302442299519
20;45;0,0228026235743451
20;45,5;0,0665094841702583
20;46;0,0830223906869219
20;46,5;0,113758375767969
20;47;0,0280158905989158
20;47,5;0,0285790359313578
20;48;0,0315895377945234
20;48,5;0,0435084717594854
20;49;0,0260995498309341
20;49,5;0,0336305768978074
20;50;0,0234451414081336
20;50,5;0,0410373745071804
20;51;0,0386877056374905
20;51,5;0,0481806746576708
20;52;0,0648343205290015
20;52,5;0,128870279999248
20;53;0,0432259933532754
20;53,5;0,0346176617767153
20;54;0,0505330293208471
20;54,5;0,0709477729361101
20;55;0,0943570697487488
20;55,5;0,0681790625705778
20;56;0,0683221243242356
20;56,5;0,193954394243793
20;57;0,147688158398991
20;57,5;0,0269738816828482
20;58;0,0984794415734279
20;58,5;0,152676657811244
20;59;0,108302127424759
20;59,5;0,144236060806975
20;60;0,075142619551101
20;60,5;0,0392312800368957
20;61;0,041756063414349
20;61,5;0,0621966410829347
20;62;0,0298376542984714
20;62,5;0,0425944592791424
20;63;0,0515658245593482
20;63,5;0,0201719377033311
20;64;0,0397417461376166
20;64,5;0,0290208653906
20;65;0,0429216372729591
20;65,5;0,0535717883311557
20;66;0,0905488871140465
20;66,5;0,0570100507134746
20;67;0,0654118973280606
20;67,5;0,0667145625050599
20;68;0,0710346745250232
20;68,5;0,0501600166739134
20;69;0,0859179758090189
20;69,5;0,0777370580616377
20;70;0,098602154609893
20;70,5;0,120873602608207
20;71;0,110073089464022
20;71,5;0,070764792898577
20;72;0,115845655278886
20;72,5;0,171851680236185
20;73;0,086498757723561
20;73,5;0,1220346554994
20;74;0,0641274772101112
20;74,5;0,0403050865276332
20;75;0
20;75,5;0
20;76;0,0740558347915049
20;76,5;0,00989949493661166
20;77;0,0495234432220886
20;77,5;0,0949289207776007
20,5;-23;0
20,5;-22,5;0
20,5;-22;0
20,5;-21,5;0
20,5;-21;0
20,5;-20,5;0
20,5;-20;0
20,5;-19,5;0
20,5;-19;0,0470106370941726
20,5;-18,5;0,219194800864962
20,5;-18;0,258458690580994
20,5;-17,5;0,049833197961275
20,5;-17;0,0782450363555779
20,5;-15,5;0,0668130476279397
20,5;-15;0,0473314553618063
20,5;-14,5;0,0487217561650801
20,5;-14;0,0351283361405006
20,5;-13,5;0,0702990588269692
20,5;-13;0,0422656282732593
20,5;-12,5;0,0542857664995572
20,5;-12;0
20,5;-11,5;0
20,5;-11;0,0226274169979695
20,5;-10,5;0,109110952704117
20,5;-10;0,0872127939500359
20,5;-9,5;0,0589365720034642
20,5;-9;0,0674848708393799
20,5;-8,5;0,0525769277662107
20,5;-8;0,126743648286423
20,5;-7,5;0,121274203222078
20,5;-7;0,317147281258961
20,5;-6,5;0,29197798836153
20,5;-6;0,280270665333026
20,5;-5,5;0,288624766721278
20,5;-5;0,331006070929036
20,5;-4,5;0,329930911511268
20,5;-4;0,34204959408794
20,5;-3,5;0,0911928282520863
20,5;-3;0,0959960700173694
20,5;-2,5;0,0514719585671716
20,5;-2;0,0669053408851832
20,5;-1,5;0,0266581907433716
20,5;-1;0,0791132943858923
20,5;-0,5;0,358088674603864
20,5;0;0,335141280393317
20,5;0,5;0,0963979377111252
20,5;1;0,0366767811361603
20,5;1,5;0,0404427796617761
20,5;2;0,0319957596515876
20,5;2,5;0,0415254292513612
20,5;3;0,0995185490137198
20,5;3,5;0,0551483448972277
20,5;4;0,0671670854432942
20,5;4,5;0,0320058643085928
20,5;5;0,0813110942468434
20,5;5,5;0,0537183337767796
20,5;6;0,206694350047931
20,5;6,5;0,308006692490679
20,5;7;0,344672653433965
20,5;7,5;0,227277770689481
20,5;8;0,0865458800893952
20,5;8,5;0,065224408463272
20,5;9;0,260295216475232
20,5;9,5;0,378350776488949
20,5;10;0,0207319764117745
20,5;10,5;0,0388174322878672
20,5;11;0,0579804754826147
20,5;11,5;0,0328370276619997
20,5;12;0,0271359194928376
20,5;12,5;0,0328641035131021
20,5;13;0,0223951367211797
20,5;13,5;0,0194646957378041
20,5;14;0,0432181101162095
20,5;14,5;0,0452156240813331
20,5;15;0,0356728349960119
20,5;15,5;0,0643155288897776
20,5;16;0,0244850145007243
20,5;16,5;0,0317002076971757
20,5;17;0,032287881363031
20,5;17,5;0,0308111510938059
20,5;18;0,0524598279011413
20,5;18,5;0,0364295104091468
20,5;19;0,045724555615401
20,5;19,5;0,028043663434429
20,5;20;0,0547444212033753
20,5;20,5;0,0201922134025387
20,5;21;0,0252269942654574
20,5;21,5;0,0265214685115855
20,5;22;0,0228619517437819
20,5;22,5;0,0680278079320793
20,5;23;0,0838664028902274
20,5;23,5;0,0262246808235586
20,5;24;0,0484949871028407
20,5;24,5;0,228482073068104
20,5;25;0,390898441539227
20,5;25,5;0,296726156322172
20,5;26;0,358048617941638
20,5;26,5;0,0217280493077902
20,5;27;0,269911229157559
20,5;27,5;0,385034424062964
20,5;28;0,370729907142095
20,5;28,5;0,0393574580496789
20,5;29;0,0607140522716997
20,5;29,5;0,0366784403837011
20,5;30;0,0232935956390623
20,5;30,5;0,0214773055956138
20,5;31;0,0243321964714238
20,5;31,5;0,0206547541869521
20,5;32;0,0379152182389167
20,5;32,5;0,194572806417663
20,5;33;0,357319304350756
20,5;33,5;0,0380276432729214
20,5;34;0,0323756553269774
20,5;34,5;0,0529482451707955
20,5;35;0,0341494567958121
20,5;35,5;0,023767668503993
20,5;36;0,0529032932714855
20,5;36,5;0,0337791037693259
20,5;37;0,0533382689692787
20,5;37,5;0,0497252768071876
20,5;38;0,0721756416618496
20,5;38,5;0,0484649066105302
20,5;39;0,0372820125447079
20,5;39,5;0,105608122605338
20,5;40;0,106670485899256
20,5;40,5;0,25440003512411
20,5;41;0,0216043977004683
20,5;41,5;0,0394406656440098
20,5;42;0,0402913118074174
20,5;42,5;0,0517391978560459
20,5;43;0,10605671997313
20,5;43,5;0,0907199511053505
20,5;44;0,104396649597723
20,5;44,5;0,0446043272061091
20,5;45;0,032551651679472
20,5;45,5;0,0251021187390655
20,5;46;0,0274584333991998
20,5;46,5;0,037189580207809
20,5;47;0,0525181610736518
20,5;47,5;0,0698263893928892
20,5;48;0,0817723406934114
20,5;48,5;0,0703645280266109
20,5;49;0,0470493630348326
20,5;49,5;0,0253601061950832
20,5;50;0,0357619732786429
20,5;50,5;0,0599267895869021
20,5;51;0,0453533737708309
20,5;51,5;0,0301422842577579
20,5;52;0,0234902769874614
20,5;52,5;0,0195114609252618
20,5;53;0,0220412492083971
20,5;53,5;0,0366029026033674
20,5;54;0,0316973680373603
20,5;54,5;0,0380941037931286
20,5;55;0,0284967641099528
20,5;55,5;0,0465878136443994
20,5;56;0,0597770617163308
20,5;56,5;0,19174088434235
20,5;57;0,218052382356188
20,5;57,5;0,052218103113698
20,5;58;0,0398248218438268
20,5;58,5;0,0334057813638411
20,5;59;0,0460171381510952
20,5;59,5;0,0487129751438815
20,5;60;0,0430768673303197
20,5;60,5;0,0249292275563167
20,5;61;0,0618520036479888
20,5;61,5;0,0481814164267603
20,5;62;0,0605105567031693
20,5;62,5;0,0449121950382955
20,5;63;0,0226736761076649
20,5;63,5;0,0346998672088774
20,5;64;0,0493840254253652
20,5;64,5;0,0320038018574877
20,5;65;0,0429854438284471
20,5;65,5;0,0427241869529854
20,5;66;0,0777414920987473
20,5;66,5;0,0822105245748815
20,5;67;0,0566013269297656
20,5;67,5;0,0539446774557644
20,5;68;0,0609758877243174
20,5;68,5;0,0933480602924365
20,5;69;0,0551581470162478
20,5;69,5;0,0878546763711119
20,5;70;0,0959286751661442
20,5;70,5;0,0671350214948287
20,5;71;0,0797151641104913
20,5;71,5;0,0714545758524701
20,5;72;0,0788144294257992
20,5;72,5;0,056247393101985
20,5;73;0,0534090579633031
20,5;73,5;0,0255827322715184
20,5;74;0,0618296875005062
20,5;74,5;0,0516658718966455
20,5;75;0
20,5;75,5;0
20,5;76;0,0397971044651432
20,5;76,5;0,0833315490005048
20,5;77;0,323465136818239
20,5;77,5;0,33990252997743
21;-22,5;0
21;-22;0
21;-21,5;0,10585923567539
21;-21;0
21;-20,5;0,0650538238691624
21;-20;0
21;-19,5;0
21;-19;0,119817639213376
21;-18,5;0,29984839075785
21;-18;0,100401195212009
21;-17,5;0,0701185295562771
21;-17;0,0153079500042734
21;-16,5;0
21;-15,5;0,0607776588025881
21;-15;0,048383020437615
21;-14,5;0,100110608763148
21;-14;0,0902738199762224
21;-13,5;0,0764492340060838
21;-13;0,0359498220563378
21;-12,5;0,043088539337302
21;-12;0,0657994789384493
21;-11;0,0960790116028898
21;-10,5;0,0575756591081607
21;-10;0,055490848202512
21;-9,5;0,059406165486999
21;-9;0,0369513726522669
21;-8,5;0,0419623625321674
21;-8;0,292772500960798
21;-7,5;0,328416952188465
21;-7;0,343929451598388
21;-6,5;0,350188050964409
21;-6;0,291897880072077
21;-5,5;0,237759984461586
21;-5;0,321091602358678
21;-4,5;0,253875623256661
21;-4;0,268039817733672
21;-3,5;0,107381962915547
21;-3;0,0675646419022615
21;-2,5;0,139219688046345
21;-2;0,19974562657046
21;-1,5;0,0246805482165584
21;-1;0,0218272888249431
21;-0,5;0,208327973488476
21;0;0,118522861646108
21;0,5;0,102196696893098
21;1;0,0342615113619248
21;1,5;0,0307035320339845
21;2;0,0365142042098283
21;2,5;0,205238918624468
21;3;0,209362801153612
21;3,5;0,0594053156427154
21;4;0,0457795953440205
21;4,5;0,0339619895868113
21;5;0,0360901648652372
21;5,5;0,0273766126752129
21;6;0,349075612630463
21;6,5;0,31973623663777
21;7;0,349062855367404
21;7,5;0,168926735266818
21;8;0,0795740855286399
21;8,5;0,0345646577407949
21;9;0,136629007587283
21;9,5;0,111189330229401
21;10;0,155306310689733
21;10,5;0,0303189580244156
21;11;0,0640368889039424
21;11,5;0,0258257937989203
21;12;0,0229403466436807
21;12,5;0,0454498603646099
21;13;0,0913330161262111
21;13,5;0,0321501684806368
21;14;0,0804548971548064
21;14,5;0,058487353722889
21;15;0,0432738583989028
21;15,5;0,0396992757238366
21;16;0,0262198640437797
21;16,5;0,0278753252155958
21;17;0,0257924271777568
21;17,5;0,0404093124788582
21;18;0,052444603202527
21;18,5;0,0627109563759538
21;19;0,254798662758299
21;19,5;0,357083035655038
21;20;0,0451891662215807
21;20,5;0,0208994081664527
21;21;0,0229677729665138
21;21,5;0,0331981985305669
21;22;0,0168859119397967
21;22,5;0,0192248671830856
21;23;0,0769013474443006
21;23,5;0,0734707692424176
21;24;0,041986881396055
21;24,5;0,0514933292299311
21;25;0,0314040867828801
21;25,5;0,419028958807812
21;26;0,320978685689045
21;26,5;0,0356119466443728
21;27;0,308348698894925
21;27,5;0,227271548481791
21;28;0,349043943731513
21;28,5;0,0378367105687937
21;29;0,0583381906675047
21;29,5;0,0631564053972336
21;30;0,041721353643695
21;30,5;0,0370448707892285
21;31;0,0263250448998803
21;31,5;0,0163264181122087
21;32;0,0272836190372281
21;32,5;0,0343204554735488
21;33;0,0429630983949186
21;33,5;0,0301661879937062
21;34;0,0352129315871909
21;34,5;0,0415063123746515
21;35;0,0399353540974292
21;35,5;0,0424204346666901
21;36;0,0459147526017571
21;36,5;0,0458835722656459
21;37;0,0311242201491026
21;37,5;0,0497489805365474
21;38;0,0903329989816998
21;38,5;0,0358834709795093
21;39;0,0503528003271254
21;39,5;0,161600269847714
21;40;0,0891211804450635
21;40,5;0,0850909017147065
21;41;0,0364163424852085
21;41,5;0,022909302874424
21;42;0,0556103257691089
21;42,5;0,0748694454990297
21;43;0,148771578203392
21;43,5;0,059546718629577
21;44;0,194868133632073
21;44,5;0,174449047885402
21;45;0,149608651049594
21;45,5;0,0310715222639368
21;46;0,0371087394479706
21;46,5;0,032318577880075
21;47;0,0393496820697651
21;47,5;0,0443262794245022
21;48;0,0567321494115947
21;48,5;0,0694775311589358
21;49;0,0283955143316648
21;49,5;0,0555004020534912
21;50;0,0503777862739348
21;50,5;0,0395555976838077
21;51;0,0630989596703828
21;51,5;0,0435468763606685
21;52;0,0393397593620839
21;52,5;0,0350024517047642
21;53;0,0218524319358877
21;53,5;0,0315922403162274
21;54;0,0254216345684583
21;54,5;0,0323353958332268
21;55;0,0966169711720322
21;55,5;0,142605266048495
21;56;0,0401936861060494
21;56,5;0,0500642657778617
21;57;0,119424752698277
21;57,5;0,0442042067299773
21;58;0,0182751825115634
21;58,5;0,0419725874491882
21;59;0,0356791146356493
21;59,5;0,0442270133840313
21;60;0,0454884230240342
21;60,5;0,039808400770815
21;61;0,0939867401605531
21;61,5;0,0704302742392202
21;62;0,0457152562269833
21;62,5;0,0485281282863112
21;63;0,0280836902350808
21;63,5;0,0370955368345923
21;64;0,0348229322720224
21;64,5;0,0398320711806716
21;65;0,0510931517881963
21;65,5;0,0417093701504926
21;66;0,0777818014832217
21;66,5;0,0511139323982516
21;67;0,0962109239612793
21;67,5;0,0879732026899919
21;68;0,0606924152103808
21;68,5;0,0434977485745427
21;69;0,046965216934787
21;69,5;0,0477997321534273
21;70;0,0745670426017053
21;70,5;0,0617742920468923
21;71;0,100127645805469
21;71,5;0,075697725498496
21;72;0,0337108747576072
21;72,5;0,0595383029973942
21;73;0,0649753066648436
21;73,5;0,0569410247802962
21;74;0,0554030685070782
21;74,5;0,0362035416578465
21;75;0
21;75,5;0
21;76;0,0908735996376897
21;76,5;0,0758100320674788
21;77;0,281119741077587
21;77,5;0,201952961801722
21,5;-21;0,0333304165390513
21,5;-20,5;0,0360624458405139
21,5;-20;0
21,5;-19,5;0
21,5;-19;0
21,5;-18,5;0,255132387956949
21,5;-18;0,198598405934758
21,5;-17,5;0,0291924647811726
21,5;-17;0
21,5;-16,5;0,0644463601247839
21,5;-16;0,0500632932729493
21,5;-15,5;0,0526030898091668
21,5;-15;0,0769260622131346
21,5;-14,5;0,17311749382043
21,5;-14;0,0989991238881044
21,5;-13,5;0,067860717083427
21,5;-13;0,038660703563179
21,5;-12,5;0,0494626482452019
21,5;-12;0,0468081189538738
21,5;-11,5;0
21,5;-11;0,0673203248936816
21,5;-10,5;0,0563024147329571
21,5;-10;0,0696511566007285
21,5;-9,5;0,0590565275505399
21,5;-9;0,0494492524860444
21,5;-8,5;0,0250871813216763
21,5;-8;0,0509563889166861
21,5;-7,5;0,279992968887189
21,5;-7;0,328155504175436
21,5;-6,5;0,311582099739457
21,5;-6;0,356762629389365
21,5;-5,5;0,128214470923273
21,5;-5;0,130809707479213
21,5;-4,5;0,190003501031008
21,5;-4;0,278136681431517
21,5;-3,5;0,147048102825822
21,5;-3;0,171493343970125
21,5;-2,5;0,115870992823428
21,5;-2;0,0320226296929033
21,5;-1,5;0,108236692935495
21,5;-1;0,024847340498232
21,5;-0,5;0,12497453721573
21,5;0;0,109133022794628
21,5;0,5;0,0699142178927305
21,5;1;0,0595210787488516
21,5;1,5;0,0367958397584484
21,5;2;0,0582050422878314
21,5;2,5;0,103678896866538
21,5;3;0,103103443735856
21,5;3,5;0,0752954017232205
21,5;4;0,0976786503427559
21,5;4,5;0,148040305805065
21,5;5;0,0391845370162322
21,5;5,5;0,0598039279974281
21,5;6;0,137234716290638
21,5;6,5;0,190936008203403
21,5;7;0,306503203907565
21,5;7,5;0,042395840440861
21,5;8;0,0480767680928336
21,5;8,5;0,0490539033530836
21,5;9;0,0319255248934718
21,5;9,5;0,0514798313829376
21,5;10;0,0705527028844219
21,5;10,5;0,0420889979276826
21,5;11;0,0311832383279396
21,5;11,5;0,029146868526543
21,5;12;0,0416507681152922
21,5;12,5;0,0519531948370984
21,5;13;0,055284585864178
21,5;13,5;0,0530776022701205
21,5;14;0,127204420661604
21,5;14,5;0,0324158349455949
21,5;15;0,0367074741089902
21,5;15,5;0,0441273201732774
21,5;16;0,0286288905714165
21,5;16,5;0,0337844377679149
21,5;17;0,0665830647764606
21,5;17,5;0,0706142909136139
21,5;18;0,0707909653474114
21,5;18,5;0,0475151744890271
21,5;19;0,347082057738578
21,5;19,5;0,361782659226074
21,5;20;0,0490838503965194
21,5;20,5;0,0331376667657469
21,5;21;0,0283259000134197
21,5;21,5;0,027396094712744
21,5;22;0,0235932327926636
21,5;22,5;0,0281001798960939
21,5;23;0,0243435009122035
21,5;23,5;0,0867675974892946
21,5;24;0,0713566263510182
21,5;24,5;0,0261224996167269
21,5;25;0,0219447597159686
21,5;25,5;0,040491096868569
21,5;26;0,0404348344912667
21,5;26,5;0,0342142173982733
21,5;27;0,151371864368231
21,5;27,5;0,427298797882906
21,5;28;0,166637616338759
21,5;28,5;0,031113070251839
21,5;29;0,0514317488851821
21,5;29,5;0,209276684926904
21,5;30;0,210723128243815
21,5;30,5;0,0608522190391071
21,5;31;0,0534049579316419
21,5;31,5;0,030361914757943
21,5;32;0,0285797781483388
21,5;32,5;0,0273701920064204
21,5;33;0,0473091904827406
21,5;33,5;0,0327483160461229
21,5;34;0,042617314992736
21,5;34,5;0,023550990925091
21,5;35;0,0375799515010456
21,5;35,5;0,109348487903229
21,5;36;0,0902675000685598
21,5;36,5;0,0207914666157444
21,5;37;0,0559192995071144
21,5;37,5;0,0764044049822908
21,5;38;0,0557595823371101
21,5;38,5;0,0448560771153733
21,5;39;0,0395363331012717
21,5;39,5;0,0284603020981543
21,5;40;0,0291994794435126
21,5;40,5;0,0239793902554838
21,5;41;0,0241683158907939
21,5;41,5;0,0228863139057633
21,5;42;0,0522558688536885
21,5;42,5;0,0486114077713991
21,5;43;0,0561028741955098
21,5;43,5;0,0606880668670135
21,5;44;0,0372762106567801
21,5;44,5;0,046567787315128
21,5;45;0,150094265146114
21,5;45,5;0,162070022988574
21,5;46;0,0623697044048487
21,5;46,5;0,0603796859368215
21,5;47;0,044076025291644
21,5;47,5;0,0580007100744983
21,5;48;0,0655786567725326
21,5;48,5;0,0367943188661843
21,5;49;0,0399376597545057
21,5;49,5;0,0592897784081831
21,5;50;0,0420845995180313
21,5;50,5;0,0358065605666661
21,5;51;0,134871848673985
21,5;51,5;0,114913336910909
21,5;52;0,301005568164637
21,5;52,5;0,0798219648721925
21,5;53;0,0274988229149538
21,5;53,5;0,0380953387166038
21,5;54;0,0608554297769175
21,5;54,5;0,0489679795908519
21,5;55;0,128956969567372
21,5;55,5;0,0944235414866454
21,5;56;0,042120524501094
21,5;56,5;0,0287753757872016
21,5;57;0,0148133763946913
21,5;57,5;0,0230451788241983
21,5;58;0,0241164992679771
21,5;58,5;0,0222592870188121
21,5;59;0,0204398394572227
21,5;59,5;0,0152237764685169
21,5;60;0,0327754188840979
21,5;60,5;0,0256737575113496
21,5;61;0,0876282109705736
21,5;61,5;0,0488901083720338
21,5;62;0,0315101875461242
21,5;62,5;0,0395171789632963
21,5;63;0,0366860285864536
21,5;63,5;0,0705517048912573
21,5;64;0,0546245353273705
21,5;64,5;0,0568537340415569
21,5;65;0,0451651953587591
21,5;65,5;0,0398361178599166
21,5;66;0,0657421923451122
21,5;66,5;0,0771111644122862
21,5;67;0,0825238200419548
21,5;67,5;0,0517419633298812
21,5;68;0,0678560148140071
21,5;68,5;0,0523149484434914
21,5;69;0,0677803791886388
21,5;69,5;0,0732473680283252
21,5;70;0,0609615959147281
21,5;70,5;0,0417193000900063
21,5;71;0,0540986752764489
21,5;71,5;0,0595553572712829
21,5;72;0,0410679475478076
21,5;72,5;0,0465650799061557
21,5;73;0,0629718485015622
21,5;73,5;0,0809138027672712
21,5;74;0,0713890626664776
21,5;74,5;0,0897298096868524
21,5;75;0,0895294462125754
21,5;75,5;0,0608111831820431
21,5;76;0,0680660635778874
21,5;76,5;0,0909471091715766
21,5;77;0,133735017647043
21,5;77,5;0,0848528137423857
22;-23,5;0,0831883405291871
22;-23;0,0742977221397232
22;-22,5;0,0403050865276332
22;-21,5;0
22;-21;0,0388908729652601
22;-20,5;0,0922805504968409
22;-20;0,0917899948908122
22;-19,5;0
22;-19;0
22;-18,5;0
22;-18;0,0768482566194871
22;-17,5;0,0446269724120589
22;-17;0
22;-16,5;0
22;-16;0
22;-15,5;0,0197989898732233
22;-15;0,0694175770248429
22;-14,5;0,0468223593311287
22;-14;0,0877047492113601
22;-13,5;0,0509118668074368
22;-13;0,0590259767735015
22;-12,5;0,0320390386872016
22;-12;0,0617617612403917
22;-11,5;0,0578847104672931
22;-11;0,0667259031699546
22;-10,5;0,0681381269762098
22;-10;0,0615950854001725
22;-9,5;0,0601019818887061
22;-9;0,0452909621785708
22;-8,5;0,0320242963319345
22;-8;0,0304532213864224
22;-7,5;0,266587759894355
22;-7;0,311142972844398
22;-6,5;0,370033332158825
22;-6;0,193135602725309
22;-5,5;0,106240111974739
22;-5;0,153393746896239
22;-4,5;0,218832628482696
22;-4;0,114646205261894
22;-3,5;0,170376717176611
22;-3;0,224204578350941
22;-2,5;0,167336160071034
22;-2;0,340881631213616
22;-1,5;0,387605800472001
22;-1;0,0275990479190488
22;-0,5;0,0361878594783111
22;0;0,109663517702315
22;0,5;0,0611813161310393
22;1;0,0329770456103952
22;1,5;0,0329309728105885
22;2;0,0872043711450621
22;2,5;0,0976739043849284
22;3;0,0713483172131341
22;3,5;0,029077466117471
22;4;0,0880351009063807
22;4,5;0,0224647290120931
22;5;0,197405672760026
22;5,5;0,376180658793266
22;6;0,313645839042946
22;6,5;0,345631888317478
22;7;0,0618493156276771
22;7,5;0,136967491900578
22;8;0,116703920122628
22;8,5;0,168223370912036
22;9;0,163505411341078
22;9,5;0,0742294234133304
22;10;0,0784008006157468
22;10,5;0,219189586102185
22;11;0,061138891465145
22;11,5;0,0428008441383248
22;12;0,0830213498915497
22;12,5;0,110953996258424
22;13;0,101067133949362
22;13,5;0,0586661387873822
22;14;0,056367351909989
22;14,5;0,0828953665105533
22;15;0,0262455558352634
22;15,5;0,0346251353787967
22;16;0,0433218356325887
22;16,5;0,0450951853769246
22;17;0,0956497102969466
22;17,5;0,0607027882506278
22;18;0,0492648432738243
22;18,5;0,0470770867922
22;19;0,0558631165775915
22;19,5;0,15455714973761
22;20;0,345144230840738
22;20,5;0,0264359467260952
22;21;0,0229113394759892
22;21,5;0,022615399676349
22;22;0,019908219028179
22;22,5;0,0292029205439304
22;23;0,0539219557409073
22;23,5;0,0433618342493464
22;24;0,0688742539181669
22;24,5;0,0546240746528529
22;25;0,0316182410210642
22;25,5;0,0342909123043798
22;26;0,029241091977816
22;26,5;0,020569110141448
22;27;0,0213144663041138
22;27,5;0,0482148828799726
22;28;0,0176327628314133
22;28,5;0,0953787780104455
22;29;0,189862223192288
22;29,5;0,103865929193763
22;30;0,129790818141459
22;30,5;0,0784639790318439
22;31;0,0510202574147433
22;31,5;0,0285665888758178
22;32;0,0275189966943448
22;32,5;0,0195669508288413
22;33;0,0366759824128872
22;33,5;0,0493307831966907
22;34;0,032945553632201
22;34,5;0,035879730997023
22;35;0,0377560769924824
22;35,5;0,065709719354376
22;36;0,0545925554213944
22;36,5;0,0535990625303487
22;37;0,0463245378813146
22;37,5;0,0678327864281024
22;38;0,0385610496721851
22;38,5;0,0404393916297621
22;39;0,0451314379808009
22;39,5;0,0566211930652493
22;40;0,0348522120421791
22;40,5;0,0348183292511928
22;41;0,0303142539930869
22;41,5;0,033972789305901
22;42;0,0413111405141339
22;42,5;0,0588911097697891
22;43;0,0668802566740168
22;43,5;0,0965582554430996
22;44;0,0317998720554831
22;44,5;0,0334470598457462
22;45;0,02726002987251
22;45,5;0,0754925269503171
22;46;0,167709596670635
22;46,5;0,139271292717511
22;47;0,0545547100733252
22;47,5;0,0635597818417322
22;48;0,0592945070600398
22;48,5;0,0436100725721944
22;49;0,0395854428156761
22;49,5;0,0307893156130965
22;50;0,0752188807916484
22;50,5;0,0589426076088897
22;51;0,0259346020071105
22;51,5;0,168688739061843
22;52;0,276032707703444
22;52,5;0,160273708351874
22;53;0,0410035466973338
22;53,5;0,0493987550781989
22;54;0,0337349902266022
22;54,5;0,0387065565590787
22;55;0,13222887224675
22;55,5;0,122399612489643
22;56;0,0363040617897715
22;56,5;0,0176775903018356
22;57;0,0203290061059096
22;57,5;0,0260496870309075
22;58;0,0769501289755361
22;58,5;0,058772876101574
22;59;0,0288951603270788
22;59,5;0,0390945142216681
22;60;0,0367815952663793
22;60,5;0,034412465441723
22;61;0,0488806987534212
22;61,5;0,0579211482303899
22;62;0,044601638465937
22;62,5;0,0212979474152455
22;63;0,0300400698584649
22;63,5;0,0284316961248853
22;64;0,0272409535235494
22;64,5;0,0450592984915398
22;65;0,0250930965020958
22;65,5;0,0343151359653347
22;66;0,065586541574752
22;66,5;0,0711150533970982
22;67;0,0670820090259628
22;67,5;0,0451032320179113
22;68;0,049639215996084
22;68,5;0,0616766582224712
22;69;0,0448901298208669
22;69,5;0,091066642264516
22;70;0,112866071075412
22;70,5;0,0476505134135135
22;71;0,0945166896129176
22;71,5;0,0575756893141541
22;72;0,0823715289591542
22;72,5;0,0569500455865287
22;73;0,0537648761252354
22;73,5;0,0390602099328716
22;74;0
22;74,5;0,112644129895881
22;75;0,0548067844863297
22;75,5;0,0308328828795925
22;76;0,0695097914765331
22;76,5;0,07630792881477
22;77;0,0388280703566253
22;77,5;0,0465660820769796
22,5;-23;0,0818282415252284
22,5;-22,5;0,0650258248293464
22,5;-22;0
22,5;-21,5;0,147785317267988
22,5;-21;0,259247629368782
22,5;-20,5;0
22,5;-20;0,0595769937292759
22,5;-19,5;0,0670099495100044
22,5;-19;0
22,5;-18,5;0
22,5;-18;0,0304055915910215
22,5;-17,5;0,0212132034355964
22,5;-17;0
22,5;-16,5;0
22,5;-16;0
22,5;-15,5;0
22,5;-15;0
22,5;-14,5;0
22,5;-14;0,0664827985271378
22,5;-13,5;0,0436023699661689
22,5;-13;0,051499319356472
22,5;-12,5;0,048683134852304
22,5;-12;0,0573727841719082
22,5;-11,5;0,0438049288878751
22,5;-11;0,0531171268675807
22,5;-10,5;0,0841409531678837
22,5;-10;0,0841648068655463
22,5;-9,5;0,0460851785085066
22,5;-9;0,0227025095724393
22,5;-8,5;0,0454685573323187
22,5;-8;0,0292652619252853
22,5;-7,5;0,353280360425554
22,5;-7;0,35482195415088
22,5;-6,5;0,190787157371741
22,5;-6;0,110977757999352
22,5;-5,5;0,0821956715720064
22,5;-5;0,0526550877947867
22,5;-4,5;0,0343508088722149
22,5;-4;0,0828016614913242
22,5;-3,5;0,161914998275844
22,5;-3;0,283617349964722
22,5;-2,5;0,161820371577189
22,5;-2;0,205478551012015
22,5;-1,5;0,214342899517418
22,5;-1;0,0208106760759179
22,5;-0,5;0,058993295586053
22,5;0;0,0876354806774187
22,5;0,5;0,043357622206036
22,5;1;0,0265772484983124
22,5;1,5;0,0307514369815548
22,5;2;0,0380243534972778
22,5;2,5;0,0353066449780214
22,5;3;0,0566737667728234
22,5;3,5;0,0459158254331781
22,5;4;0,063663354365566
22,5;4,5;0,0511043153447869
22,5;5;0,054570538731801
22,5;5,5;0,310572809897991
22,5;6;0,305090399148994
22,5;6,5;0,341464556037325
22,5;7;0,0504636423742943
22,5;7,5;0,338410148032408
22,5;8;0,283606319795768
22,5;8,5;0,255204639434672
22,5;9;0,307074186126291
22,5;9,5;0,0529173887887161
22,5;10;0,0447189956303457
22,5;10,5;0,365094617910958
22,5;11;0,273196612567684
22,5;11,5;0,0470339057703166
22,5;12;0,0670205089699379
22,5;12,5;0,0942303417179174
22,5;13;0,102820713737815
22,5;13,5;0,0581480792196519
22,5;14;0,0501541577391872
22,5;14,5;0,0386635145243148
22,5;15;0,0410225564505803
22,5;15,5;0,185788859024811
22,5;16;0,296600446148767
22,5;16,5;0,0598720612900238
22,5;17;0,0360461928080088
22,5;17,5;0,033673123102623
22,5;18;0,0541163390415548
22,5;18,5;0,0300682689185122
22,5;19;0,0336300279117218
22,5;19,5;0,0312315043998729
22,5;20;0,047374377596556
22,5;20,5;0,0368856484930719
22,5;21;0,0190280623517673
22,5;21,5;0,0272483603267402
22,5;22;0,029193050091922
22,5;22,5;0,0205866873167557
22,5;23;0,021728284773725
22,5;23,5;0,0727402115432045
22,5;24;0,0788972242147689
22,5;24,5;0,0465716861240861
22,5;25;0,0413617969786096
22,5;25,5;0,0362310005306096
22,5;26;0,0290064636095039
22,5;26,5;0,0536280399293753
22,5;27;0,0532136331808168
22,5;27,5;0,0293610562709238
22,5;28;0,0335321201422232
22,5;28,5;0,0314757022909854
22,5;29;0,0334500820474437
22,5;29,5;0,0847195405497704
22,5;30;0,053371664514073
22,5;30,5;0,0253137230174219
22,5;31;0,0336826422015098
22,5;31,5;0,0346756041138602
22,5;32;0,0291779238409696
22,5;32,5;0,0206712527125289
22,5;33;0,0368010996661665
22,5;33,5;0,0906084440107566
22,5;34;0,0417509258240166
22,5;34,5;0,0777456402186178
22,5;35;0,0251490816639484
22,5;35,5;0,0289509845105867
22,5;36;0,0223442759262113
22,5;36,5;0,0218565666135427
22,5;37;0,179543412723334
22,5;37,5;0,0670460184876128
22,5;38;0,049529121578093
22,5;38,5;0,157885677160221
22,5;39;0,323067464318797
22,5;39,5;0,050959228557805
22,5;40;0,0425648427721798
22,5;40,5;0,0356546607322629
22,5;41;0,0285344832911808
22,5;41,5;0,0308349065193183
22,5;42;0,0433625563679754
22,5;42,5;0,276142063793435
22,5;43;0,29424730543123
22,5;43,5;0,080362044067593
22,5;44;0,0340830859710692
22,5;44,5;0,0270663173924729
22,5;45;0,0306352778334698
22,5;45,5;0,0364108462483077
22,5;46;0,0511819131656303
22,5;46,5;0,141623240419399
22,5;47;0,164793138575543
22,5;47,5;0,0623417677445037
22,5;48;0,111800121452809
22,5;48,5;0,122494005741412
22,5;49;0,036707106868805
22,5;49,5;0,031475827009793
22,5;50;0,0464471099428002
22,5;50,5;0,030996507401228
22,5;51;0,0410809271685878
22,5;51,5;0,0456975564627548
22,5;52;0,080950293154881
22,5;52,5;0,0492672701339087
22,5;53;0,0525497523361265
22,5;53,5;0,0557614441658588
22,5;54;0,0498029450267084
22,5;54,5;0,0853182278296965
22,5;55;0,0677127633431042
22,5;55,5;0,132472166077344
22,5;56;0,0300589785825474
22,5;56,5;0,0213611766909481
22,5;57;0,0186491684183176
22,5;57,5;0,0189021527692045
22,5;58;0,0532673481014447
22,5;58,5;0,0312239916936746
22,5;59;0,0203994186617237
22,5;59,5;0,0331598387388014
22,5;60;0,054756412372329
22,5;60,5;0,0449457612507231
22,5;61;0,0720803451210613
22,5;61,5;0,0872638386973375
22,5;62;0,0566518447751005
22,5;62,5;0,0467664858812448
22,5;63;0,0417366533791836
22,5;63,5;0,0428169936998728
22,5;64;0,0574054360249361
22,5;64,5;0,0430738855385095
22,5;65;0,0634614705877373
22,5;65,5;0,0629693356244083
22,5;66;0,0408253610028142
22,5;66,5;0,0303189996824061
22,5;67;0,0417978444499767
22,5;67,5;0,0593796649989255
22,5;68;0,0371054290569059
22,5;68,5;0,061135290006759
22,5;69;0,0623960312915985
22,5;69,5;0,0864373013849176
22,5;70;0,0912402466496866
22,5;70,5;0,057078746774376
22,5;71;0,0683074737902798
22,5;71,5;0,0731756150293295
22,5;72;0,0893051545433931
22,5;72,5;0,0880017789048514
22,5;73;0,0487756719735422
22,5;73,5;0
22,5;74;0,0424381903478459
22,5;74,5;0,0563034930828748
22,5;75;0,0644498082059037
22,5;75,5;0,0381837661840736
22,5;76;0
22,5;76,5;0,056985587150236
22,5;77;0,0310529501704059
22,5;77,5;0,0294884158046285
23;-23;0,015556349186104
23;-22,5;0,0624755952352597
23;-22;0
23;-21,5;0,158667261903645
23;-21;0,293740954372832
23;-20;0,0530330085889911
23;-19,5;0,021920310216783
23;-19;0,332453800766766
23;-18,5;0,0798835615080442
23;-18;0,0865186464900844
23;-17,5;0
23;-17;0,148560233094671
23;-16,5;0
23;-16;0
23;-15,5;0,0106066017177982
23;-15;0
23;-14,5;0
23;-14;0
23;-13,5;0,0657898168412103
23;-13;0,0641735831045213
23;-12,5;0,0692968393799598
23;-12;0,048245313701101
23;-11,5;0,0459296110006025
23;-11;0,100235646722858
23;-10,5;0,0595952157776926
23;-10;0,320843298380042
23;-9,5;0,254553881618282
23;-9;0,0383532659554137
23;-8,5;0,0491049471370587
23;-8;0,0304085148893822
23;-7,5;0,0634051986766008
23;-7;0,180428930349608
23;-6,5;0,056408283473657
23;-6;0,0935539060292692
23;-5,5;0,0677557854699248
23;-5;0,0794321328871922
23;-4,5;0,0336035742862736
23;-4;0,0546263444745888
23;-3,5;0,0561774770047681
23;-3;0,338597860158506
23;-2,5;0,200095551210946
23;-2;0,0201459670758158
23;-1,5;0,0281288716757474
23;-1;0,0718157854964823
23;-0,5;0,0466589621991467
23;0;0,0542212915687533
23;0,5;0,0382147061462642
23;1;0,0350365121778139
23;1,5;0,0535559783725214
23;2;0,0460819305271255
23;2,5;0,139926649201868
23;3;0,0358025159822481
23;3,5;0,336239760395151
23;4;0,169173570948414
23;4,5;0,0580796913814475
23;5;0,0529489977104706
23;5,5;0,0902562551726812
23;6;0,0315183808805804
23;6,5;0,0337813704833824
23;7;0,340990204289636
23;7,5;0,318751784308731
23;8;0,271928068899934
23;8,5;0,309097274750011
23;9;0,0470382371637016
23;9,5;0,313341806906104
23;10;0,325549593789531
23;10,5;0,0316084821408857
23;11;0,0323110144206672
23;11,5;0,0240039387524267
23;12;0,0280869002729413
23;12,5;0,0480143659631466
23;13;0,0346857200235734
23;13,5;0,0881052666787232
23;14;0,1140039303851
23;14,5;0,0767614054123655
23;15;0,0649227725161562
23;15,5;0,30240319717872
23;16;0,308000261275608
23;16,5;0,033574148676977
23;17;0,0421056211607587
23;17,5;0,0361215501682115
23;18;0,0775921259956764
23;18,5;0,342276952858868
23;19;0,209506482755371
23;19,5;0,0402159159717954
23;20;0,0300605726028312
23;20,5;0,0205552153464179
23;21;0,102799280592792
23;21,5;0,0588305581564781
23;22;0,0236547515080493
23;22,5;0,0204509661582704
23;23;0,0264341566132597
23;23,5;0,0777316603404542
23;24;0,0665986578880761
23;24,5;0,0289823698701697
23;25;0,0251050231004464
23;25,5;0,0294383349518666
23;26;0,0205418943013443
23;26,5;0,043083417389925
23;27;0,0292127090346994
23;27,5;0,0315564996819405
23;28;0,027805914308352
23;28,5;0,0221694358136945
23;29;0,0263338775960491
23;29,5;0,0806605346420385
23;30;0,0940296623968645
23;30,5;0,0292890364881162
23;31;0,0241518639950473
23;31,5;0,0378804193588046
23;32;0,0328317574875286
23;32,5;0,0297012906565803
23;33;0,0462439483048424
23;33,5;0,147992004753887
23;34;0,0690788237037771
23;34,5;0,0452571086388972
23;35;0,0289214405678193
23;35,5;0,0323430561053979
23;36;0,0339840669197745
23;36,5;0,035862009795276
23;37;0,0412347876616168
23;37,5;0,0661901166542236
23;38;0,0497009290953517
23;38,5;0,119585534242232
23;39;0,378253074398624
23;39,5;0,0306078772338157
23;40;0,0348134046093724
23;40,5;0,0376191815449392
23;41;0,0539781700084911
23;41,5;0,0413597884869946
23;42;0,0307732453909103
23;42,5;0,329495009554264
23;43;0,32546610662579
23;43,5;0,105097247034366
23;44;0,0340478354145859
23;44,5;0,0456524479684238
23;45;0,035198826016519
23;45,5;0,028814367720199
23;46;0,0250396827912359
23;46,5;0,0313249437483986
23;47;0,140059513619646
23;47,5;0,243006532636182
23;48;0,21134681132122
23;48,5;0,208410701226388
23;49;0,0735432595095142
23;49,5;0,0298539904167207
23;50;0,0279319651630734
23;50,5;0,0707350760259163
23;51;0,0323636931027519
23;51,5;0,0357605308229379
23;52;0,0291008736300704
23;52,5;0,0510496455717113
23;53;0,0241744998413004
23;53,5;0,0398587433505825
23;54;0,0610588198099506
23;54,5;0,0874920020354322
23;55;0,0314626763006582
23;55,5;0,107912751353869
23;56;0,0226125110264919
23;56,5;0,0224660333495311
23;57;0,0145115241388899
23;57,5;0,0138836857430067
23;58;0,025954857790188
23;58,5;0,0445659571061777
23;59;0,0262366163712099
23;59,5;0,0356571629175224
23;60;0,0689451142983112
23;60,5;0,0628450350672341
23;61;0,0700926478020707
23;61,5;0,0819374148960007
23;62;0,0520520734800858
23;62,5;0,0604573848641784
23;63;0,0518198095203963
23;63,5;0,0494749780878185
23;64;0,0624276817377874
23;64,5;0,0681572876909331
23;65;0,0349810991063173
23;65,5;0,0538456373070728
23;66;0,043920883701916
23;66,5;0,0364697231008508
23;67;0,058194552326176
23;67,5;0,0580296504912312
23;68;0,0307601959547142
23;68,5;0,0583299748406622
23;69;0,0769446409945344
23;69,5;0,0474844251825863
23;70;0,0995283750289205
23;70,5;0,082875260624202
23;71;0,0560791648232454
23;71,5;0,0716150678888036
23;72;0,0594366717500059
23;72,5;0,0798135152067185
23;73;0,07326100082871
23;74;0,0667105688778023
23;74,5;0,0448006696378525
23;75;0
23;75,5;0
23;76;0
23;76,5;0
23;77;0,0494901785991703
23;77,5;0,0800770462325711
23,5;-23;0,088504237186702
23,5;-22,5;0,0463055072318617
23,5;-22;0
23,5;-21,5;0
23,5;-21;0
23,5;-20;0
23,5;-19,5;0
23,5;-19;0,243038330775186
23,5;-18,5;0,278030809772578
23,5;-18;0,391380335053598
23,5;-17,5;0
23,5;-17;0,330865624814062
23,5;-16,5;0,34344305843524
23,5;-16;0,0358176599166495
23,5;-15,5;0,0636196199607955
23,5;-15;0,0665638790936947
23,5;-14,5;0
23,5;-14;0
23,5;-13,5;0,0884023876535987
23,5;-13;0,074737088202185
23,5;-12,5;0,0531598815785616
23,5;-12;0,0470045006028473
23,5;-11,5;0,0734715688451759
23,5;-11;0,128645419282767
23,5;-10,5;0,418899233391738
23,5;-10;0,349704394318409
23,5;-9,5;0,11585815391226
23,5;-9;0,0515110614742995
23,5;-8,5;0,0422192090897214
23,5;-8;0,0289201749340944
23,5;-7,5;0,0548824164655382
23,5;-7;0,0481497998521951
23,5;-6,5;0,0853843071689071
23,5;-6;0,0920877542896261
23,5;-5,5;0,323201884675373
23,5;-5;0,33639775754611
23,5;-4,5;0,0388389071827482
23,5;-4;0,14456754399883
23,5;-3,5;0,0804302327925648
23,5;-3;0,131727341757966
23,5;-2,5;0,082744645450099
23,5;-2;0,0307821061073642
23,5;-1,5;0,0246005128479836
23,5;-1;0,0621739073398568
23,5;-0,5;0,0445536464329051
23,5;0;0,0857949755154197
23,5;0,5;0,158396803215556
23,5;1;0,0861077764987212
23,5;1,5;0,0339087716911303
23,5;2;0,0320617522851755
23,5;2,5;0,15687955129097
23,5;3;0,292909639985443
23,5;3,5;0,320492303599738
23,5;4;0,177688612395974
23,5;4,5;0,107329536982646
23,5;5;0,039524243702067
23,5;5,5;0,0366093580664728
23,5;6;0,0773413269474638
23,5;6,5;0,0290505162260019
23,5;7;0,0321695601810298
23,5;7,5;0,373471175421241
23,5;8;0,386926996588123
23,5;8,5;0,283234963480526
23,5;9;0,0421631451901412
23,5;9,5;0,165696446957789
23,5;10;0,137265735824367
23,5;10,5;0,023342600481634
23,5;11;0,0262521598219424
23,5;11,5;0,0214567731252315
23,5;12;0,0407645916007343
23,5;12,5;0,0385057009493691
23,5;13;0,0608475410291962
23,5;13,5;0,0964580092959005
23,5;14;0,0746722643209882
23,5;14,5;0,111482265487419
23,5;15;0,0362043598516658
23,5;15,5;0,049852807854527
23,5;16;0,0533577147185195
23,5;16,5;0,0286721369968445
23,5;17;0,0291077347811477
23,5;17,5;0,0261268149459636
23,5;18;0,0322732732248979
23,5;18,5;0,283923974787942
23,5;19;0,12391496213565
23,5;19,5;0,0306091775561371
23,5;20;0,0230263659280282
23,5;20,5;0,0425695238879965
23,5;21;0,116287001279879
23,5;21,5;0,0745056919581915
23,5;22;0,0181506823371244
23,5;22,5;0,0296337516453112
23,5;23;0,022474922042513
23,5;23,5;0,0284815270468441
23,5;24;0,0208161240216268
23,5;24,5;0,0259061666160134
23,5;25;0,300933409023768
23,5;25,5;0,263361776805393
23,5;26;0,0233835636042062
23,5;26,5;0,0202334830796631
23,5;27;0,0234880896945437
23,5;27,5;0,027344101746064
23,5;28;0,0429215295985736
23,5;28,5;0,0270598968314538
23,5;29;0,0315554171675337
23,5;29,5;0,0688468486387947
23,5;30;0,108971890086993
23,5;30,5;0,135230783758851
23,5;31;0,273079109417033
23,5;31,5;0,0290484823195442
23,5;32;0,0305270188448171
23,5;32,5;0,0310872991439788
23,5;33;0,0564025476633823
23,5;33,5;0,365834924736366
23,5;34;0,217287391098928
23,5;34,5;0,0271588861409803
23,5;35;0,0308181214802306
23,5;35,5;0,0787143211405465
23,5;36;0,0346989055963841
23,5;36,5;0,0410227730210439
23,5;37;0,038058554639755
23,5;37,5;0,0500941235923675
23,5;38;0,0594928567140627
23,5;38,5;0,0270953270751858
23,5;39;0,0321029593651426
23,5;39,5;0,0310148502878113
23,5;40;0,0263735235624298
23,5;40,5;0,0380154758034175
23,5;41;0,0711482960270182
23,5;41,5;0,10693645869556
23,5;42;0,0632115473985403
23,5;42,5;0,0405001682836629
23,5;43;0,055012775768837
23,5;43,5;0,0468325720750263
23,5;44;0,0308893251128134
23,5;44,5;0,0253480494894956
23,5;45;0,0341553940317094
23,5;45,5;0,0312198237724412
23,5;46;0,0209457816829099
23,5;46,5;0,0251090145597853
23,5;47;0,0282604322474432
23,5;47,5;0,0208171158166632
23,5;48;0,272425039352325
23,5;48,5;0,329245526418609
23,5;49;0,304814055001934
23,5;49,5;0,0213008522960924
23,5;50;0,0279877811974894
23,5;50,5;0,0613510189048328
23,5;51;0,0473227809018712
23,5;51,5;0,0431083832111717
23,5;52;0,0221425228130539
23,5;52,5;0,0717968840687635
23,5;53;0,0283697872319517
23,5;53,5;0,0372174253829675
23,5;54;0,0563154412716427
23,5;54,5;0,0458177876524269
23,5;55;0,0323526513228676
23,5;55,5;0,0947074636613367
23,5;56;0,0351459435166992
23,5;56,5;0,0107337884504661
23,5;57;0,0136924535185744
23,5;57,5;0,0380976327591196
23,5;58;0,0466118341701215
23,5;58,5;0,0382788124902992
23,5;59;0,0443855350113255
23,5;59,5;0,0329575995907851
23,5;60;0,0936280787265533
23,5;60,5;0,11278211427666
23,5;61;0,116869407174561
23,5;61,5;0,0281173971373345
23,5;62;0,0800468976757115
23,5;62,5;0,0601880199405239
23,5;63;0,0790763976586356
23,5;63,5;0,0744206743185946
23,5;64;0,0974447033569673
23,5;64,5;0,0776457155473317
23,5;65;0,0517367384143766
23,5;65,5;0,0488028971919406
23,5;66;0,0725448295763629
23,5;66,5;0,0844540632886906
23,5;67;0,0670756249004235
23,5;67,5;0,0959433722455473
23,5;68;0,0583620000008287
23,5;68,5;0,0629297648416892
23,5;69;0,0654431689511544
23,5;69,5;0,0933466182194349
23,5;70;0,0807646817831248
23,5;70,5;0,0885598632345042
23,5;71;0,0786618995730744
23,5;71,5;0,0544974964946373
23,5;72;0,0573836527060068
23,5;72,5;0,0581529423665076
23,5;73;0
23,5;74;0
23,5;74,5;0,040897654967225
23,5;75;0,0527978625108468
23,5;75,5;0
23,5;76;0,0703723430522721
23,5;76,5;0,0633113997107419
23,5;77;0,0898458275451494
23,5;77,5;0,00494974746830583
24;-23,5;0,0158335087709579
24;-23;0,11640461798279
24;-22,5;0,0740837364068525
24;-22;0,374031320308111
24;-21,5;0,252573175122001
24;-21;0
24;-20;0
24;-19,5;0
24;-19;0,290472603412668
24;-18,5;0,249913818478824
24;-18;0,065296576151762
24;-17,5;0,0715821206726931
24;-17;0,0571226086960533
24;-16,5;0,163934817857369
24;-16;0,0392704299271942
24;-15;0,0628779747278994
24;-14;0
24;-13,5;0,0502394267483219
24;-13;0,0605520276130209
24;-12,5;0,0842794670808292
24;-12;0,0891010662113535
24;-11,5;0,173724053596586
24;-11;0,124726075439509
24;-10,5;0,291760830235658
24;-10;0,348746518817539
24;-9,5;0,0660870068403637
24;-9;0,0385291142781511
24;-8,5;0,0505770557054262
24;-8;0,0387884451642608
24;-7,5;0,0539723575973422
24;-7;0,0515040797581032
24;-6,5;0,0528662537382187
24;-6;0,0577580649589008
24;-5,5;0,334211996316923
24;-5;0,373385064216534
24;-4,5;0,332010802007363
24;-4;0,336353459153516
24;-3,5;0,153909332931236
24;-3;0,036748316803342
24;-2,5;0,302699532764053
24;-2;0,371053666389326
24;-1,5;0,0827421744302334
24;-1;0,236469053544178
24;-0,5;0,0772397982375932
24;0;0,0684997572017206
24;0,5;0,11179239478462
24;1;0,0401513304741322
24;1,5;0,067411158021368
24;2;0,063664705118858
24;2,5;0,0518312271368023
24;3;0,212828148903462
24;3,5;0,308111756708258
24;4;0,0933252901394596
24;4,5;0,327226836035655
24;5;0,0542190529948959
24;5,5;0,0464030937270137
24;6;0,102442248731023
24;6,5;0,279571636615734
24;7;0,371500739870754
24;7,5;0,294326245121792
24;8;0,0472582335007226
24;8,5;0,0303588657905635
24;9;0,161640653603319
24;9,5;0,300996984709019
24;10;0,0364008786561829
24;10,5;0,0236237489108956
24;11;0,0320503456400611
24;11,5;0,136511265037336
24;12;0,296890121682445
24;12,5;0,263750580796561
24;13;0,178931694203336
24;13,5;0,0506742615754072
24;14;0,0775048220194243
24;14,5;0,0644633835886037
24;15;0,0754460542854938
24;15,5;0,0379061521509021
24;16;0,0308413406366529
24;16,5;0,255416390415723
24;17;0,0316827048294607
24;17,5;0,0190036687450163
24;18;0,0261392057300667
24;18,5;0,0310215706180719
24;19;0,0203081035405245
24;19,5;0,0286807846178735
24;20;0,0259520687666416
24;20,5;0,0412624721047819
24;21;0,0953978182906095
24;21,5;0,0740655897130852
24;22;0,182102032546043
24;22,5;0,0813320384476685
24;23;0,0169808390244436
24;23,5;0,0745425846313043
24;24;0,0725872116156118
24;24,5;0,0253673312651028
24;25;0,260341717844266
24;25,5;0,235837196373425
24;26;0,02916915675645
24;26,5;0,0183305148075346
24;27;0,017822475518536
24;27,5;0,0188735374469457
24;28;0,062506442805177
24;28,5;0,0311217506075983
24;29;0,0248905672119872
24;29,5;0,085780810108789
24;30;0,0672103178145163
24;30,5;0,381737830109408
24;31;0,322331645991559
24;31,5;0,0452045031765422
24;32;0,0292952129900472
24;32,5;0,0368836697797105
24;33;0,0361552018745509
24;33,5;0,0559503358581933
24;34;0,0238191562372967
24;34,5;0,0288375926407059
24;35;0,0490840357141044
24;35,5;0,0839884741825818
24;36;0,0357552213577505
24;36,5;0,0305728750480754
24;37;0,0533667194917515
24;37,5;0,322243277059917
24;38;0,36745858457296
24;38,5;0,0434542935767238
24;39;0,0338738853432358
24;39,5;0,0275265990536823
24;40;0,0262474031248598
24;40,5;0,0278954819489692
24;41;0,0310857762022064
24;41,5;0,0935437840720979
24;42;0,0612873961556227
24;42,5;0,046781798699387
24;43;0,0362217695176694
24;43,5;0,0426473624115391
24;44;0,0254272160194729
24;44,5;0,0367914418703936
24;45;0,0287848812768133
24;45,5;0,0348075466542492
24;46;0,0229481299165458
24;46,5;0,0205410005374917
24;47;0,0342275021119924
24;47,5;0,0415277109439312
24;48;0,254109048113863
24;48,5;0,39677713410192
24;49;0,130239116284119
24;49,5;0,0194030214373009
24;50;0,0208278031227518
24;50,5;0,0741820918997347
24;51;0,0497389452258118
24;51,5;0,0668066667051533
24;52;0,0734873981650979
24;52,5;0,0742565160916726
24;53;0,0300086511807897
24;53,5;0,0307054304542984
24;54;0,05331286108459
24;54,5;0,0373807137572667
24;55;0,0448621011907523
24;55,5;0,122067304470641
24;56;0,0585765982488117
24;56,5;0,019070907908144
24;57;0,0455008472540934
24;57,5;0,0632526391429118
24;58;0,0736812825987433
24;58,5;0,0509022688089604
24;59;0,0389124892313743
24;59,5;0,0535294323871874
24;60;0,0264461075282659
24;60,5;0,0835032139527501
24;61;0,0447678924848028
24;61,5;0,0314871894211455
24;62;0,250543315970028
24;62,5;0,341208857791889
24;63;0,015070574714397
24;63,5;0,03900929398836
24;64;0,0986701469430061
24;64,5;0,0761365073739401
24;65;0,0570505342791675
24;65,5;0,0479283997442601
24;66;0,0630927445465357
24;66,5;0,0734563991564439
24;67;0,334041649720032
24;67,5;0,296333061342606
24;68;0,0613657592657046
24;68,5;0,137212487284018
24;69;0,0867435695593822
24;69,5;0,0869655539610803
24;70;0,0557430651697243
24;70,5;0,0921412821324724
24;71;0,0774041627547557
24;71,5;0,0799279538163495
24;72;0,0701266711030832
24;72,5;0,105768615382825
24;74;0
24;74,5;0,0100664459136943
24;75;0,0650873040066735
24;75,5;0,0647026504172317
24;76;0,0765400649232906
24;76,5;0,0797315809450684
24;77;0,0521455671477468
24;77,5;0,0252388589282479
24,5;-23;0,0428359272885118
24,5;-22,5;0,037476659402887
24,5;-22;0,338452091412977
24,5;-21,5;0,307811345267458
24,5;-21;0
24,5;-19,5;0,0894513164335546
24,5;-19;0,121277869528727
24,5;-18,5;0
24,5;-18;0
24,5;-17,5;0,0897315440633894
24,5;-17;0,0381837661840736
24,5;-16,5;0,0827773504262473
24,5;-16;0,350343216333311
24,5;-15,5;0
24,5;-14;0,0173877351409933
24,5;-13;0,0441159187336531
24,5;-12,5;0,0425369307330757
24,5;-12;0,0754209088520119
24,5;-11,5;0,0904532260135407
24,5;-11;0,0720706583706559
24,5;-10,5;0,0625289541060501
24,5;-10;0,0730382896522033
24,5;-9,5;0,0459245518206799
24,5;-9;0,045399169765367
24,5;-8,5;0,0682156493936004
24,5;-8;0,0516635890814954
24,5;-7,5;0,0322345490715498
24,5;-7;0,0350901703743228
24,5;-6,5;0,0484958364588771
24,5;-6;0,0578179921198061
24,5;-5,5;0,331007040769469
24,5;-5;0,295981151461038
24,5;-4,5;0,321916378116471
24,5;-4;0,3309537790379
24,5;-3,5;0,201306116549109
24,5;-3;0,109191431453269
24,5;-2,5;0,358179568936593
24,5;-2;0,371775912661622
24,5;-1,5;0,227414588515188
24,5;-1;0,315358477122024
24,5;-0,5;0,0608360284821993
24,5;0;0,107566941895712
24,5;0,5;0,0455267286752813
24,5;1;0,0868928438740879
24,5;1,5;0,13396208916385
24,5;2;0,364363043002335
24,5;2,5;0,338003544082843
24,5;3;0,0469733219520039
24,5;3,5;0,0587291652072322
24,5;4;0,0215511897934338
24,5;4,5;0,032731028824861
24,5;5;0,0262728959568028
24,5;5,5;0,0426521761076942
24,5;6;0,193642071689947
24,5;6,5;0,379013468697066
24,5;7;0,337484248994763
24,5;7,5;0,198855114968942
24,5;8;0,0390679107822848
24,5;8,5;0,02481060471739
24,5;9;0,0299760396847561
24,5;9,5;0,145744516361978
24,5;10;0,0423043772035296
24,5;10,5;0,0328723279507792
24,5;11;0,0342140422736811
24,5;11,5;0,105176776286272
24,5;12;0,343502618253372
24,5;12,5;0,320534500976925
24,5;13;0,0441326495499933
24,5;13,5;0,0472892494045285
24,5;14;0,0517687570034347
24,5;14,5;0,0449731401320092
24,5;15;0,0963254055454811
24,5;15,5;0,0271385059368887
24,5;16;0,0407199295433324
24,5;16,5;0,317427138356609
24,5;17;0,261227705215907
24,5;17,5;0,180230556586423
24,5;18;0,067521946191519
24,5;18,5;0,0527105245136487
24,5;19;0,0239014937016003
24,5;19,5;0,0329954184000268
24,5;20;0,0287405793274297
24,5;20,5;0,0430582632613964
24,5;21;0,092952649270051
24,5;21,5;0,0812895899624462
24,5;22;0,185016544945365
24,5;22,5;0,0878342055305811
24,5;23;0,0253253308827478
24,5;23,5;0,0653078469568694
24,5;24;0,0449183019063927
24,5;24,5;0,0257412674413233
24,5;25;0,057929856892273
24,5;25,5;0,0885194047207443
24,5;26;0,0342635852956302
24,5;26,5;0,0279047200822427
24,5;27;0,205396660304831
24,5;27,5;0,21826264883524
24,5;28;0,0872981044084226
24,5;28,5;0,0391217225294269
24,5;29;0,0206564790332336
24,5;29,5;0,083746560514143
24,5;30;0,0184705520969418
24,5;30,5;0,0531374694222601
24,5;31;0,101023443142796
24,5;31,5;0,0727407639001844
24,5;32;0,112923964589946
24,5;32,5;0,229558028458497
24,5;33;0,0645572193716764
24,5;33,5;0,0790806550301652
24,5;34;0,0328860479346535
24,5;34,5;0,0341976289191438
24,5;35;0,0251214652544179
24,5;35,5;0,0376887828487082
24,5;36;0,0577024344082563
24,5;36,5;0,033644391776925
24,5;37;0,0445907314734053
24,5;37,5;0,322073745469359
24,5;38;0,262688025274449
24,5;38,5;0,0455170381976192
24,5;39;0,0384238889604228
24,5;39,5;0,0260625990734763
24,5;40;0,0331646821671894
24,5;40,5;0,0523033757318556
24,5;41;0,043294765211026
24,5;41,5;0,0780731378000038
24,5;42;0,0545659418695391
24,5;42,5;0,0213905161074322
24,5;43;0,0294776181532497
24,5;43,5;0,0427786779746195
24,5;44;0,0370284771932266
24,5;44,5;0,0304992498929372
24,5;45;0,0246810042877811
24,5;45,5;0,018250035493615
24,5;46;0,0298392073234253
24,5;46,5;0,0271115085951536
24,5;47;0,0260531884315717
24,5;47,5;0,0479816841805988
24,5;48;0,0912230989471011
24,5;48,5;0,298014182777125
24,5;49;0,226571054146444
24,5;49,5;0,0402647958086541
24,5;50;0,0320825746752991
24,5;50,5;0,101894470202515
24,5;51;0,101142556160435
24,5;51,5;0,0881507935015788
24,5;52;0,0307313640552234
24,5;52,5;0,0329888369131369
24,5;53;0,0253292968366063
24,5;53,5;0,039096983703844
24,5;54;0,0529476982833192
24,5;54,5;0,0445670229857809
24,5;55;0,0209450394573786
24,5;55,5;0,0877429292042632
24,5;56;0,0736608356802739
24,5;56,5;0,0348536612903939
24,5;57;0,140735271579895
24,5;57,5;0,293341229177415
24,5;58;0,138960533609331
24,5;58,5;0,0645377048776697
24,5;59;0,038635572167484
24,5;59,5;0,028054669128869
24,5;60;0,0219010484191036
24,5;60,5;0,0794062887110882
24,5;61;0,0315595036714714
24,5;61,5;0,0367366590785439
24,5;62;0,205994041745359
24,5;62,5;0,354535836604474
24,5;63;0,0381004085152936
24,5;63,5;0,0402618230642411
24,5;64;0,112329607587407
24,5;64,5;0,0501613042912857
24,5;65;0,0325967767969451
24,5;65,5;0,0712806417273124
24,5;66;0,063712975602997
24,5;66,5;0,118644317778603
24,5;67;0,23533796050594
24,5;67,5;0,235229127973257
24,5;68;0,0716900408461436
24,5;68,5;0,064245642899569
24,5;69;0,0763135233504118
24,5;69,5;0,106922460803128
24,5;70;0,0767964445950398
24,5;70,5;0,046743983570081
24,5;71;0,188372310110356
24,5;71,5;0,0858432033160201
24,5;72;0,0842993615215511
24,5;72,5;0
24,5;73;0,0610046406142237
24,5;73,5;0
24,5;74;0,055630027862657
24,5;74,5;0,0635840650897167
24,5;75;0
24,5;75,5;0,0948854142113811
24,5;76;0,0856141213689528
24,5;76,5;0,0995707453689754
24,5;77;0,0587606856819947
24,5;77,5;0,0382422897754924
25;-23;0
25;-22,5;0
25;-22;0
25;-21,5;0
25;-19,5;0,0579827560572969
25;-19;0,0776065668663369
25;-18,5;0,0971067442571307
25;-17;0
25;-16,5;0,201566821013115
25;-16;0,262827540089558
25;-15,5;0,579827560572969
25;-15;0
25;-14;0,0533757569367539
25;-13;0
25;-12,5;0,306413090684548
25;-12;0,264530737427953
25;-11,5;0,14275751518948
25;-11;0,0682461929864433
25;-10,5;0,0450504965241966
25;-10;0,0786141673083631
25;-9,5;0,0326647355145661
25;-9;0,0249972525962882
25;-8,5;0,0578900350460722
25;-8;0,0483640676843179
25;-7,5;0,0347657074106756
25;-7;0,138724492604892
25;-6,5;0,100574938139768
25;-6;0,0879562939176462
25;-5,5;0,0541111982003924
25;-5;0,319650022580485
25;-4,5;0,283984698691512
25;-4;0,295417318062862
25;-3,5;0,240442207512551
25;-3;0,326711263882043
25;-2,5;0,38277615146467
25;-2;0,3973685722823
25;-1,5;0,307399416206728
25;-1;0,117872068951735
25;-0,5;0,0447587995565235
25;0;0,0325937179495545
25;0,5;0,0224318892466153
25;1;0,140106800233015
25;1,5;0,133930350707452
25;2;0,317499364949436
25;2,5;0,234891211443728
25;3;0,107811271711836
25;3,5;0,381813771664267
25;4;0,16560110558447
25;4,5;0,0312502187320169
25;5;0,0412369972828234
25;5,5;0,0582755256461236
25;6;0,122106950253765
25;6,5;0,247820206365816
25;7;0,336769322101257
25;7,5;0,188002047421593
25;8;0,0514108284142253
25;8,5;0,0317703840120871
25;9;0,0332840931075865
25;9,5;0,0335628763169468
25;10;0,0334702100184281
25;10,5;0,0239883838968671
25;11;0,0402245265284162
25;11,5;0,0519381227523803
25;12;0,0934710293798744
25;12,5;0,0894339493845654
25;13;0,0462739759907714
25;13,5;0,0387312211658398
25;14;0,0268326007532234
25;14,5;0,263674554966229
25;15;0,415655932643499
25;15,5;0,027753678434879
25;16;0,154579121364772
25;16,5;0,373603366633953
25;17;0,267699567524579
25;17,5;0,215096168664719
25;18;0,148709084578358
25;18,5;0,110771727584755
25;19;0,0532845548294388
25;19,5;0,028176040551384
25;20;0,396388762995892
25;20,5;0,200011887761674
25;21;0,0762601603189293
25;21,5;0,0738963492545133
25;22;0,0338469251969472
25;22,5;0,0335941049183823
25;23;0,0241570347096312
25;23,5;0,0311169903984025
25;24;0,0303840386567923
25;24,5;0,0372661592226419
25;25;0,0228476998536889
25;25,5;0,0437027023364796
25;26;0,0196767576950175
25;26,5;0,0281425692089523
25;27;0,0336485856767541
25;27,5;0,0281410420074348
25;28;0,117944123111203
25;28,5;0,124307612425334
25;29;0,0472343113112246
25;29,5;0,0875096193059619
25;30;0,0247402544046622
25;30,5;0,039923692710838
25;31;0,042699096125297
25;31,5;0,0819292848345366
25;32;0,04498251683408
25;32,5;0,0423164341862697
25;33;0,0727346473533751
25;33,5;0,0472307855898885
25;34;0,0441986468760632
25;34,5;0,0385292196950331
25;35;0,0220731347623511
25;35,5;0,0712743466683294
25;36;0,0888618801655495
25;36,5;0,0242233985892914
25;37;0,107976742525248
25;37,5;0,243741167490866
25;38;0,0278193961727929
25;38,5;0,0240354862751778
25;39;0,0287599428259456
25;39,5;0,0203203183079019
25;40;0,044003740762598
25;40,5;0,101754441606028
25;41;0,077049610665779
25;41,5;0,0502203604460667
25;42;0,0596498327636016
25;42,5;0,0373284904042057
25;43;0,0292761877311105
25;43,5;0,0282241337181131
25;44;0,0229056942279805
25;44,5;0,0207341780335435
25;45;0,0434446606790559
25;45,5;0,0308544790841106
25;46;0,0222377007834545
25;46,5;0,0243956664412772
25;47;0,0496984336164212
25;47,5;0,0640032906528469
25;48;0,197710325170551
25;48,5;0,376746661707092
25;49;0,316399805475228
25;49,5;0,111395615368152
25;50;0,0493278736462185
25;50,5;0,0684564167316369
25;51;0,0726157127397003
25;51,5;0,048462951968474
25;52;0,028700249400041
25;52,5;0,0588915085527135
25;53;0,0226560854819713
25;53,5;0,0282031077942875
25;54;0,0372831085355396
25;54,5;0,029529237042906
25;55;0,0790816350317054
25;55,5;0,0868475360413331
25;56;0,0568873911752444
25;56,5;0,0314073445872346
25;57;0,167641463946643
25;57,5;0,349451521783105
25;58;0,170370322335415
25;58,5;0,0447542308220194
25;59;0,0376649230527746
25;59,5;0,0247417350378954
25;60;0,0343174300063341
25;60,5;0,0418091509989416
25;61;0,0379511037324319
25;61,5;0,0359144922335536
25;62;0,11395393806271
25;62,5;0,0657204452440557
25;63;0,0450568770771533
25;63,5;0,0393035953365971
25;64;0,0520010756737528
25;64,5;0,0351802429631959
25;65;0,051170969163251
25;65,5;0,0551376715345541
25;66;0,061415300318872
25;66,5;0,304539198254596
25;67;0,17281880678286
25;67,5;0,0319264780393955
25;68;0,0562594806825185
25;68,5;0,109399683956002
25;69;0,0799784507518759
25;69,5;0,108589880154612
25;70;0,0926607997457599
25;70,5;0,0868171387440875
25;71;0,190252779111574
25;71,5;0,0474925831530088
25;72;0,0836057962504195
25;72,5;0,0755527578042169
25;73;0,0755550130699479
25;73,5;0,0733269261270244
25;74;0,0946722196141332
25;74,5;0,0714177848998413
25;75;0,0579934314835576
25;75,5;0,088398889338971
25;76;0
25;76,5;0,0361432335760559
25;77;0,0676338179709924
25;77,5;0,0942731624942468
25,5;-23;0,0344613309860971
25,5;-22,5;0,0495475896120451
25,5;-22;0
25,5;-21,5;0
25,5;-20,5;0
25,5;-20;0
25,5;-19,5;0,0724109414691209
25,5;-19;0,0366592416724623
25,5;-18,5;0,0438951673226759
25,5;-17,5;0
25,5;-17;0,0545192844867977
25,5;-16,5;0,46101741898334
25,5;-16;0,307855762216123
25,5;-15,5;0
25,5;-15;0
25,5;-14,5;0,0381837661840736
25,5;-14;0,142925738293236
25,5;-13,5;0
25,5;-13;0
25,5;-12,5;0,373578639646327
25,5;-12;0,297969309588656
25,5;-11,5;0,148349972897066
25,5;-11;0,0783573533383473
25,5;-10,5;0,0830705271054237
25,5;-10;0,0655725979136708
25,5;-9,5;0,0570897751286728
25,5;-9;0,0504075785632298
25,5;-8,5;0,0269667504105635
25,5;-8;0,0778889669752436
25,5;-7,5;0,146680853308374
25,5;-7;0,103335099365815
25,5;-6,5;0,0661082061113009
25,5;-6;0,0840780636297611
25,5;-5,5;0,0408512203746203
25,5;-5;0,0385342644264001
25,5;-4,5;0,119957098638574
25,5;-4;0,297928766300976
25,5;-3,5;0,160841270525085
25,5;-3;0,336789653935943
25,5;-2,5;0,366101072153343
25,5;-2;0,386658623461988
25,5;-1,5;0,0743481045135212
25,5;-1;0,252557118949245
25,5;-0,5;0,194637666068599
25,5;0;0,0287691150108622
25,5;0,5;0,0325159398803192
25,5;1;0,193520409728862
25,5;1,5;0,271553975745783
25,5;2;0,0447408812283491
25,5;2,5;0,0342654844500702
25,5;3;0,0355338051863883
25,5;3,5;0,315034060823122
25,5;4;0,090710908222349
25,5;4,5;0,0407811814677403
25,5;5;0,0347719098452431
25,5;5,5;0,0417929537170102
25,5;6;0,0452081107572183
25,5;6,5;0,159899355600855
25,5;7;0,0729962780665579
25,5;7,5;0,0566601572180837
25,5;8;0,038473800609419
25,5;8,5;0,0300722333006093
25,5;9;0,0497419013439504
25,5;9,5;0,0328104015792345
25,5;10;0,0184811235690543
25,5;10,5;0,0310589703930004
25,5;11;0,0572184952471411
25,5;11,5;0,0472509259168537
25,5;12;0,0309690327865682
25,5;12,5;0,0704508092686709
25,5;13;0,0497045873688701
25,5;13,5;0,0580727105091742
25,5;14;0,0460517885308568
25,5;14,5;0,0334894847412631
25,5;15;0,0394120378037372
25,5;15,5;0,0323806906422138
25,5;16;0,0684937503538462
25,5;16,5;0,0211822518576655
25,5;17;0,204382923235638
25,5;17,5;0,367583684892776
25,5;18;0,162977400654801
25,5;18,5;0,219426013728315
25,5;19;0,0280126850965021
25,5;19,5;0,0247556416752297
25,5;20;0,325733338975084
25,5;20,5;0,119250665527274
25,5;21;0,072937091338559
25,5;21,5;0,0787949861799264
25,5;22;0,0211488864778376
25,5;22,5;0,0328224377455792
25,5;23;0,0171361044186266
25,5;23,5;0,0518470795524652
25,5;24;0,0768341575013703
25,5;24,5;0,0298710783664729
25,5;25;0,0424090383848966
25,5;25,5;0,0383510492257613
25,5;26;0,0306062796271791
25,5;26,5;0,024104701838678
25,5;27;0,041693178126276
25,5;27,5;0,0366201079298658
25,5;28;0,102062345490816
25,5;28,5;0,0681336222153973
25,5;29;0,0621953987501836
25,5;29,5;0,0863886562574739
25,5;30;0,0204013449564743
25,5;30,5;0,0290359447608351
25,5;31;0,0342633758643225
25,5;31,5;0,0478368960892216
25,5;32;0,0908800942264622
25,5;32,5;0,0894677058254817
25,5;33;0,0587246176339484
25,5;33,5;0,0458654292829118
25,5;34;0,0550938593069439
25,5;34,5;0,0264740035697998
25,5;35;0,019692055017502
25,5;35,5;0,0330183507249202
25,5;36;0,0554158558527233
25,5;36,5;0,0377938678396508
25,5;37;0,0402860878036502
25,5;37,5;0,0599368855722488
25,5;38;0,0534990692061561
25,5;38,5;0,0861987250285826
25,5;39;0,0400512268265046
25,5;39,5;0,0286434177107282
25,5;40;0,044449713506527
25,5;40,5;0,0560461263194726
25,5;41;0,0640107073678484
25,5;41,5;0,0427875672238614
25,5;42;0,0511468899069246
25,5;42,5;0,019010876488645
25,5;43;0,0361016008381875
25,5;43,5;0,0451081964364503
25,5;44;0,0237605744197223
25,5;44,5;0,0258343993912003
25,5;45;0,0329104454849772
25,5;45,5;0,0439054090014145
25,5;46;0,0281518581029353
25,5;46,5;0,0238907979682565
25,5;47;0,294709200068546
25,5;47,5;0,361648849790555
25,5;48;0,162673719755044
25,5;48,5;0,118168928832191
25,5;49;0,117771822215511
25,5;49,5;0,0825062189825646
25,5;50;0,0710259666332773
25,5;50,5;0,115573641747012
25,5;51;0,208937482576354
25,5;51,5;0,0880268327172852
25,5;52;0,0471533019448004
25,5;52,5;0,0378620191352389
25,5;53;0,0299070391669844
25,5;53,5;0,0351383295541599
25,5;54;0,027357786837606
25,5;54,5;0,0241839641481696
25,5;55;0,0997480688579802
25,5;55,5;0,117397900711445
25,5;56;0,0673096872894125
25,5;56,5;0,035729219380959
25,5;57;0,0272656446772377
25,5;57,5;0,0429988496891385
25,5;58;0,0372928500743328
25,5;58,5;0,0187537692117911
25,5;59;0,113959360538491
25,5;59,5;0,100157802390942
25,5;60;0,0712017937877726
25,5;60,5;0,0453147909654902
25,5;61;0,0371774206482995
25,5;61,5;0,0268025902881391
25,5;62;0,0516307250407329
25,5;62,5;0,0442906776228789
25,5;63;0,0490473731074679
25,5;63,5;0,0388916651702946
25,5;64;0,0739177163959393
25,5;64,5;0,038426249341795
25,5;65;0,0490543470219371
25,5;65,5;0,0598654591018326
25,5;66;0,0492596949225191
25,5;66,5;0,168573345098196
25,5;67;0,0316825601141167
25,5;67,5;0,122088072122126
25,5;68;0,0854516329090338
25,5;68,5;0,0448809565913012
25,5;69;0,100483561931728
25,5;69,5;0,0908666401315627
25,5;70;0,223136228156231
25,5;70,5;0,110212121964678
25,5;71;0,125217701333608
25,5;71,5;0,0438120987856094
25,5;72;0,0476692665599018
25,5;72,5;0,0591879304513269
25,5;73;0,0635649661850644
25,5;73,5;0,0813464143674126
25,5;74;0
25,5;74,5;0,0449253348822879
25,5;75;0,0784888527117068
25,5;75,5;0
25,5;76;0
25,5;76,5;0,0806980655144705
25,5;77;0,07678048964251
25,5;77,5;0,14296016927802
26;-23;0,0770016528748218
26;-22,5;0,113275475427532
26;-22;0
26;-20,5;0
26;-20;0
26;-19,5;0,235895860800602
26;-19;0,271514567540074
26;-18,5;0,0646372262283334
26;-18;0
26;-17,5;0
26;-17;0,0592173960927024
26;-16,5;0,0465236173324578
26;-16;0
26;-15,5;0
26;-15;0,031134118476895
26;-14,5;0,0472016948848238
26;-14;0
26;-13,5;0
26;-13;0
26;-12,5;0,0855
26;-12;0,0640282168587612
26;-11,5;0,0539460735008012
26;-11;0,0333513455945098
26;-10,5;0,0716777170531485
26;-10;0,0695965097844294
26;-9,5;0,0137749773139559
26;-9;0,272999974640743
26;-8,5;0,0401595174535908
26;-8;0,0850969754932291
26;-7,5;0,313929244974409
26;-7;0,363054490519129
26;-6,5;0,233442813903173
26;-6;0,389371491883824
26;-5,5;0,0281269094325624
26;-5;0,0652079986795135
26;-4,5;0,0404073473546346
26;-4;0,228302428631232
26;-3,5;0,0444725578789292
26;-3;0,0435691714101659
26;-2,5;0,0440076898698031
26;-2;0,0317274812947219
26;-1,5;0,0791988274933145
26;-1;0,415371914341497
26;-0,5;0,347722030930746
26;0;0,0740657074360924
26;0,5;0,191835518234881
26;1;0,350331367346372
26;1,5;0,339740616168438
26;2;0,333926423691252
26;2,5;0,0276407765951631
26;3;0,0325787464443916
26;3,5;0,20283367294301
26;4;0,061379556857312
26;4,5;0,0783402552477748
26;5;0,28807509829722
26;5,5;0,0958070748550779
26;6;0,075533014930809
26;6,5;0,0284311599129281
26;7;0,0662993939781751
26;7,5;0,0555342274027751
26;8;0,0387337738176876
26;8,5;0,0449534117576201
26;9;0,0895447746474727
26;9,5;0,130773192297548
26;10;0,0957870989202577
26;10,5;0,0320761190057076
26;11;0,0282090411038731
26;11,5;0,0183910536401396
26;12;0,0581236712280358
26;12,5;0,0870328165522913
26;13;0,0409589455929915
26;13,5;0,126864799061427
26;14;0,0861776203735069
26;14,5;0,0163865280714418
26;15;0,0564031705408377
26;15,5;0,0270239875542154
26;16;0,02087244741945
26;16,5;0,0291590723317868
26;17;0,382473782977981
26;17,5;0,355909583193956
26;18;0,281894175468799
26;18,5;0,198013988957873
26;19;0,223710024254027
26;19,5;0,0295449214071113
26;20;0,0247978182292674
26;20,5;0,0241655476749083
26;21;0,136911063012664
26;21,5;0,344802570025554
26;22;0,187671095183142
26;22,5;0,0255461529377544
26;23;0,0347279079428936
26;23,5;0,0703373217473107
26;24;0,072873923289831
26;24,5;0,03562432145123
26;25;0,0462953541935229
26;25,5;0,157585815322629
26;26;0,0446093524693095
26;26,5;0,0294427885090029
26;27;0,0416262790486733
26;27,5;0,0624341977232238
26;28;0,0945395671669801
26;28,5;0,075319673069262
26;29;0,0461816380986967
26;29,5;0,0560190205896674
26;30;0,0469281218736647
26;30,5;0,0282008855340321
26;31;0,0392080942618662
26;31,5;0,0386974908530169
26;32;0,073794787771083
26;32,5;0,0857416707191251
26;33;0,0625690156762041
26;33,5;0,0368575696536186
26;34;0,0477592173037369
26;34,5;0,0226468303658555
26;35;0,0239929728274351
26;35,5;0,0178764315345013
26;36;0,039832840497168
26;36,5;0,0406533030248706
26;37;0,0369418536481886
26;37,5;0,0587777965649934
26;38;0,0414884845784596
26;38,5;0,118493692503366
26;39;0,032364785319181
26;39,5;0,026929065371541
26;40;0,0309357051700853
26;40,5;0,0499945364331286
26;41;0,0580616852886295
26;41,5;0,0248338859562038
26;42;0,0509627307939046
26;42,5;0,0348017161543909
26;43;0,0604619533616222
26;43,5;0,0403140650791582
26;44;0,0268891165289257
26;44,5;0,0467798205025218
26;45;0,0970827494863425
26;45,5;0,0548905418834856
26;46;0,0255742280730556
26;46,5;0,0347343387933538
26;47;0,345949686822169
26;47,5;0,291488080330076
26;48;0,275958615442734
26;48,5;0,168421365029343
26;49;0,0448661666551628
26;49,5;0,0915341695853558
26;50;0,224432385960156
26;50,5;0,0950761084141782
26;51;0,0920026222826668
26;51,5;0,0977868415818541
26;52;0,0666586185618291
26;52,5;0,0423687342491285
26;53;0,0368801532215295
26;53,5;0,0229086054067172
26;54;0,0167702595149241
26;54,5;0,0206034340708888
26;55;0,0719259490640223
26;55,5;0,113120189732723
26;56;0,0632977484146764
26;56,5;0,0459692512175503
26;57;0,0211013933767627
26;57,5;0,0421044614016974
26;58;0,0998081180873433
26;58,5;0,101246687270095
26;59;0,0856967243914759
26;59,5;0,075349484232638
26;60;0,0585250525128631
26;60,5;0,0314388064456117
26;61;0,0241711871401141
26;61,5;0,0308623856253344
26;62;0,0336789345046815
26;62,5;0,0394262421672237
26;63;0,0669907634914127
26;63,5;0,334067140936467
26;64;0,0589580124925921
26;64,5;0,108553197256531
26;65;0,243807970711128
26;65,5;0,0987481383366894
26;66;0,0871422407898152
26;66,5;0,0514324260787597
26;67;0,0896267029821241
26;67,5;0,0914762137268148
26;68;0,081572657005441
26;68,5;0,0635247983074327
26;69;0,0497090047697163
26;69,5;0,0644732104970341
26;70;0,123018719157525
26;70,5;0,12370128800399
26;71;0,136860897039074
26;71,5;0,0623270941619025
26;72;0
26;72,5;0,0749084025640886
26;73;0,318882298122836
26;73,5;0,271207822201221
26;74;0,00577350269189626
26;74,5;0
26;75;0
26;75,5;0
26;76;0,0415153663241172
26;76,5;0,0931197556315999
26;77;0,0582127758548523
26;77,5;0,0503454731496951
26,5;-23;0,102490107923751
26,5;-22,5;0,0907501147841331
26,5;-19,5;0,538108260482963
26,5;-19;0,263545662685587
26,5;-18,5;0,0549911414777475
26,5;-18;0,0378769938969114
26,5;-17,5;0,107760536994455
26,5;-17;0
26,5;-16,5;0,06244970270518
26,5;-16;0,0582637680438424
26,5;-15,5;0
26,5;-15;0,0807205530971369
26,5;-14,5;0
26,5;-14;0
26,5;-13,5;0
26,5;-13;0,100294211466839
26,5;-12,5;0,0942424907290949
26,5;-12;0,0578622660752033
26,5;-11,5;0,0685640947414848
26,5;-11;0,0373029770497502
26,5;-10,5;0,0494551192853623
26,5;-10;0,139411173859291
26,5;-9,5;0,0357830766065269
26,5;-9;0,387224611821098
26,5;-8,5;0,067164763180595
26,5;-8;0,0387160935198258
26,5;-7,5;0,0966352678891097
26,5;-7;0,269023890299565
26,5;-6,5;0,341972505392531
26,5;-6;0,307850263707642
26,5;-5,5;0,141008842700757
26,5;-5;0,176832070464554
26,5;-4,5;0,343633229444228
26,5;-4;0,352258205308768
26,5;-3,5;0,329338077005252
26,5;-3;0,0684713438598366
26,5;-2,5;0,3397753881335
26,5;-2;0,111262856750459
26,5;-1,5;0,0702867149169346
26,5;-1;0,236154331961331
26,5;-0,5;0,0472637083942532
26,5;0;0,104656377006646
26,5;0,5;0,225793837543962
26,5;1;0,254132437012566
26,5;1,5;0,29809501048913
26,5;2;0,330853255154428
26,5;2,5;0,0600565675371797
26,5;3;0,0999878381053415
26,5;3,5;0,0416625423729132
26,5;4;0,054125538792513
26,5;4,5;0,20603363314998
26,5;5;0,281483491875362
26,5;5,5;0,0529000695214279
26,5;6;0,0375942652742756
26,5;6,5;0,0561885219595604
26,5;7;0,0292517617373431
26,5;7,5;0,0309272428874137
26,5;8;0,0262021674917786
26,5;8,5;0,142798111642645
26,5;9;0,340329305969053
26,5;9,5;0,281768085967826
26,5;10;0,251275251873034
26,5;10,5;0,0328806444106484
26,5;11;0,0216626972418172
26,5;11,5;0,0396509772893431
26,5;12;0,0477669998483242
26,5;12,5;0,0673576129520552
26,5;13;0,0677005662211674
26,5;13,5;0,0376686868896275
26,5;14;0,0315203874357396
26,5;14,5;0,0153780784315859
26,5;15;0,0887714916173596
26,5;15,5;0,0230102872500047
26,5;16;0,0712395456541784
26,5;16,5;0,0651377862989771
26,5;17;0,29884170522942
26,5;17,5;0,291309958707972
26,5;18;0,264623611924173
26,5;18,5;0,297541801242586
26,5;19;0,247195423647854
26,5;19,5;0,0579790377895399
26,5;20;0,079271741527564
26,5;20,5;0,0961254291812099
26,5;21;0,119097428495581
26,5;21,5;0,138539939906985
26,5;22;0,0776213731941768
26,5;22,5;0,0886516451954899
26,5;23;0,0549023706503672
26,5;23,5;0,0672235035555317
26,5;24;0,0548809672998335
26,5;24,5;0,0358317715383407
26,5;25;0,0540768678123905
26,5;25,5;0,0644201447806749
26,5;26;0,0652918674984297
26,5;26,5;0,030029587081254
26,5;27;0,0310084114475399
26,5;27,5;0,0608248263176107
26,5;28;0,131158528403018
26,5;28,5;0,106824681300784
26,5;29;0,0756641712067721
26,5;29,5;0,0758262876271601
26,5;30;0,0487094523044722
26,5;30,5;0,0236600204697175
26,5;31;0,0198579249891309
26,5;31,5;0,0242535977388075
26,5;32;0,0623902307766091
26,5;32,5;0,0675764074123932
26,5;33;0,0864443741651895
26,5;33,5;0,0469471509915766
26,5;34;0,047839936288965
26,5;34,5;0,0329840933363817
26,5;35;0,0470816595532364
26,5;35,5;0,0348408586888106
26,5;36;0,24199241245533
26,5;36,5;0,0423713230022514
26,5;37;0,029347712607529
26,5;37,5;0,0211913897609383
26,5;38;0,0310116439232674
26,5;38,5;0,0363833957302181
26,5;39;0,042191048646747
26,5;39,5;0,0302197572357764
26,5;40;0,0348285114537506
26,5;40,5;0,0572535144558064
26,5;41;0,0529759698147646
26,5;41,5;0,0680822594965402
26,5;42;0,056231329596537
26,5;42,5;0,0426871578841029
26,5;43;0,051639161960656
26,5;43,5;0,0578306258371572
26,5;44;0,0354600704029978
26,5;44,5;0,0337981820390468
26,5;45;0,0390885429620701
26,5;45,5;0,171066272855938
26,5;46;0,143819844792035
26,5;46,5;0,0492715733121624
26,5;47;0,0374198585249343
26,5;47,5;0,0518261223303123
26,5;48;0,103050280663507
26,5;48,5;0,17639804773105
26,5;49;0,036637213827527
26,5;49,5;0,259444615148805
26,5;50;0,199201915078452
26,5;50,5;0,133318475239632
26,5;51;0,101329846269981
26,5;51,5;0,0567107954896497
26,5;52;0,106852913518707
26,5;52,5;0,10908749913205
26,5;53;0,0373914363291575
26,5;53,5;0,0311267220633222
26,5;54;0,0237570460466121
26,5;54,5;0,0408407304795892
26,5;55;0,101695786457421
26,5;55,5;0,140414641915179
26,5;56;0,029725837883311
26,5;56,5;0,0791922056338821
26,5;57;0,0344657001957892
26,5;57,5;0,0856745693116808
26,5;58;0,319482533179482
26,5;58,5;0,130455590348572
26,5;59;0,0760349455053753
26,5;59,5;0,0546701368274041
26,5;60;0,0383910500933841
26,5;60,5;0,0722966811202983
26,5;61;0,0355128870749545
26,5;61,5;0,076720230885735
26,5;62;0,045793388515068
26,5;62,5;0,0325482929704674
26,5;63;0,059013548271154
26,5;63,5;0,193878588443383
26,5;64;0,0552062194563861
26,5;64,5;0,150194392118737
26,5;65;0,15523163118806
26,5;65,5;0,069975335160785
26,5;66;0,0801665524789711
26,5;66,5;0,0652145530616785
26,5;67;0,0761130060012064
26,5;67,5;0,0717056711752182
26,5;68;0,0530246342442331
26,5;68,5;0,0628351102668809
26,5;69;0,0930920553496955
26,5;69,5;0,0694113343290081
26,5;70;0,227688383542068
26,5;70,5;0,201216362215745
26,5;71;0,17763265176864
26,5;71,5;0,0209662427090152
26,5;72;0
26,5;72,5;0,0570187719165995
26,5;73;0,272029782959332
26,5;73,5;0,328259271768005
26,5;74;0
26,5;74,5;0
26,5;75;0
26,5;75,5;0
26,5;76;0,302630859056049
26,5;76,5;0,325853818622877
26,5;77;0,0525769277662107
26,5;77,5;0
27;-23;0,0485200416780988
27;-22,5;0,0707106781186548
27;-21;0
27;-20,5;0
27;-20;0
27;-19,5;0,0698433585736117
27;-19;0,311253839444865
27;-18,5;0,288046871185923
27;-18;0,0321299444962691
27;-17,5;0,0894371287553441
27;-17;0
27;-16,5;0,0635436857602705
27;-16;0,0603104971013012
27;-15,5;0,0381837661840736
27;-15;0,106178188401892
27;-14,5;0
27;-14;0
27;-13,5;0
27;-13;0,142318295923249
27;-12,5;0,379143035247215
27;-12;0,161726714027182
27;-11,5;0,0578414457827737
27;-11;0,0597229348522695
27;-10,5;0,04693084624215
27;-10;0,278665320594895
27;-9,5;0,0419393881774848
27;-9;0,0360464424665286
27;-8,5;0,328421340069282
27;-8;0,321008920861597
27;-7,5;0,141608712599698
27;-7;0,203323969974852
27;-6,5;0,334244919450193
27;-6;0,35354529644883
27;-5,5;0,270847465432329
27;-5;0,137189230001301
27;-4,5;0,372004738958425
27;-4;0,370029199257043
27;-3,5;0,344986672779695
27;-3;0,114731615747525
27;-2,5;0,16873910104543
27;-2;0,0866200854363395
27;-1,5;0,0841095561408484
27;-1;0,108173381888518
27;-0,5;0,255410108729859
27;0;0,268779238253845
27;0,5;0,255600301827159
27;1;0,209491964841932
27;1,5;0,315357453938843
27;2;0,247761355895845
27;2,5;0,0638042516903697
27;3;0,154023871108177
27;3,5;0,212952528692627
27;4;0,210258375749939
27;4,5;0,111775253523647
27;5;0,108664977846905
27;5,5;0,175949617522563
27;6;0,230910716112152
27;6,5;0,0933345807731288
27;7;0,0227540660248044
27;7,5;0,0203465973086059
27;8;0,0316725389654493
27;8,5;0,27802919040319
27;9;0,36683817019627
27;9,5;0,24125358359576
27;10;0,338011503423006
27;10,5;0,301118992066127
27;11;0,336496229599997
27;11,5;0,214135273342007
27;12;0,0656588268452896
27;12,5;0,0567753842585242
27;13;0,0777789544562186
27;13,5;0,247114892546396
27;14;0,151276378980545
27;14,5;0,0187226132897538
27;15;0,0364551208007397
27;15,5;0,0202800095070785
27;16;0,0488611827837023
27;16,5;0,0494252938298289
27;17;0,0485717192952555
27;17,5;0,264280017862385
27;18;0,368133041321212
27;18,5;0,258943031792511
27;19;0,0221412029041697
27;19,5;0,0423881438710683
27;20;0,0993277804102773
27;20,5;0,0891315429219715
27;21;0,0711372111414888
27;21,5;0,0885411257125865
27;22;0,0573745861619489
27;22,5;0,0568431203999951
27;23;0,0404879598746425
27;23,5;0,0716152511839906
27;24;0,0465353409196981
27;24,5;0,031025156895016
27;25;0,0853735979833165
27;25,5;0,104883026097883
27;26;0,0765973513585515
27;26,5;0,374663732612344
27;27;0,0476794545489879
27;27,5;0,0368230662540851
27;28;0,0426052623111383
27;28,5;0,0762284990927656
27;29;0,0510096232120142
27;29,5;0,0532949340932138
27;30;0,0595076620758203
27;30,5;0,0297991302770082
27;31;0,0133070436411819
27;31,5;0,0284468938604573
27;32;0,0840748827217685
27;32,5;0,0730876296509644
27;33;0,0902986175759876
27;33,5;0,115621373014359
27;34;0,0256807029593534
27;34,5;0,0367303349376094
27;35;0,0450291549264299
27;35,5;0,0279839084328457
27;36;0,392235149539706
27;36,5;0,0596074312683642
27;37;0,0310658816968429
27;37,5;0,0341694921612713
27;38;0,0328844168862636
27;38,5;0,0269822384158793
27;39;0,0269894478949029
27;39,5;0,050097578983044
27;40;0,211219187321697
27;40,5;0,116521186068626
27;41;0,0435494146361523
27;41,5;0,11205075290252
27;42;0,0456896755634054
27;42,5;0,0584707636853638
27;43;0,366329543478677
27;43,5;0,31127093765189
27;44;0,0363188941043848
27;44,5;0,0280951195629269
27;45;0,032374722077306
27;45,5;0,0480959138975282
27;46;0,0326424816085202
27;46,5;0,0692694833763839
27;47;0,0994969418697954
27;47,5;0,153664918448564
27;48;0,0355288764388625
27;48,5;0,0326388438309463
27;49;0,0561785211581065
27;49,5;0,0666722059490373
27;50;0,18719791606643
27;50,5;0,0726917013281554
27;51;0,0824348099983496
27;51,5;0,0517886352890095
27;52;0,0828784363309283
27;52,5;0,0298116115707187
27;53;0,0531287654395838
27;53,5;0,0573589471459895
27;54;0,0177159346842523
27;54,5;0,0401593386274176
27;55;0,119606141697041
27;55,5;0,176428147638505
27;56;0,110195259055144
27;56,5;0,139294804067913
27;57;0,166053179740396
27;57,5;0,0594119092211719
27;58;0,0633698503314824
27;58,5;0,0645518946700649
27;59;0,0784549897825844
27;59,5;0,0475888882061953
27;60;0,0445190346306436
27;60,5;0,0368332145290342
27;61;0,0367142626053103
27;61,5;0,215964484187945
27;62;0,0329431423298752
27;62,5;0,0307028688321061
27;63;0,0609911688281683
27;63,5;0,103414275033487
27;64;0,0423347511177854
27;64,5;0,148598310552164
27;65;0,175783956401338
27;65,5;0,095997943858
27;66;0,0634286736315325
27;66,5;0,072155910149191
27;67;0,0616698463654558
27;67,5;0,0464993821499015
27;68;0,0516482706356091
27;68,5;0,0169558249578132
27;69;0,0834635467516426
27;69,5;0,092263807575134
27;70;0,0650538238691624
27;70,5;0,140257581781919
27;71;0,205863930748427
27;71,5;0,0961699883886167
27;72;0
27;72,5;0,0595671889549943
27;73;0,111
27;73,5;0,32313083709047
27;74;0
27;74,5;0
27;75;0
27;75,5;0,0561693866799345
27;76;0,315808463918168
27;76,5;0,358696714974271
27;77;0,067908551954606
27;77,5;0,0868752887159156
27,5;-21;0
27,5;-20,5;0
27,5;-20;0
27,5;-19,5;0,0865170503426926
27,5;-19;0,176407991348932
27,5;-18,5;0,14640252730059
27,5;-18;0,0440605643782888
27,5;-17,5;0
27,5;-17;0
27,5;-16,5;0,0358375966456086
27,5;-16;0,126951165054394
27,5;-15,5;0,0622173609212091
27,5;-15;0
27,5;-14,5;0
27,5;-14;0
27,5;-13,5;0
27,5;-13;0,169307982122691
27,5;-12,5;0,0777975315416787
27,5;-12;0,0484220532205651
27,5;-11,5;0,0656506123627226
27,5;-11;0,0705631280397892
27,5;-10,5;0,0506355853130978
27,5;-10;0,0338806048442968
27,5;-9,5;0,19782078545465
27,5;-9;0,395826010190462
27,5;-8,5;0,316106092747396
27,5;-8;0,297645250040707
27,5;-7,5;0,0740297930323343
27,5;-7;0,326404037214928
27,5;-6,5;0,299859499228906
27,5;-6;0,241594478246486
27,5;-5,5;0,0921811186814233
27,5;-5;0,0596520437828794
27,5;-4,5;0,251270536341788
27,5;-4;0,179629935922715
27,5;-3,5;0,1410933112031
27,5;-3;0,0564817546192873
27,5;-2,5;0,0332948110738662
27,5;-2;0,0766230363779359
27,5;-1,5;0,0826480429239917
27,5;-1;0,109679871935931
27,5;-0,5;0,230804005514823
27,5;0;0,249176966143444
27,5;0,5;0,255817327918102
27,5;1;0,366554475833404
27,5;1,5;0,173963656316508
27,5;2;0,210997590325694
27,5;2,5;0,218168275768326
27,5;3;0,0863476942351091
27,5;3,5;0,254750481399171
27,5;4;0,383296712887279
27,5;4,5;0,033258851310233
27,5;5;0,096521533569339
27,5;5,5;0,308098161810363
27,5;6;0,347578624501111
27,5;6,5;0,299994521070263
27,5;7;0,0881670285941943
27,5;7,5;0,0278458122666418
27,5;8;0,0351946965701747
27,5;8,5;0,0186440523681209
27,5;9;0,0841316199569699
27,5;9,5;0,259342052920893
27,5;10;0,200714632685573
27,5;10,5;0,234338039307891
27,5;11;0,297209104822497
27,5;11,5;0,0926013226615996
27,5;12;0,170995097234502
27,5;12,5;0,311959454480337
27,5;13;0,198236804888308
27,5;13,5;0,26976471967953
27,5;14;0,10663390423163
27,5;14,5;0,0435603986683595
27,5;15;0,0416020015706176
27,5;15,5;0,0275516635515214
27,5;16;0,0370345562338428
27,5;16,5;0,0327703817429353
27,5;17;0,0633283345411749
27,5;17,5;0,206484931458066
27,5;18;0,302921283992008
27,5;18,5;0,0203935175163703
27,5;19;0,0472690494542003
27,5;19,5;0,245435824128156
27,5;20;0,39949304367084
27,5;20,5;0,32312861568225
27,5;21;0,367483859230544
27,5;21,5;0,200306372765065
27,5;22;0,0277954203648448
27,5;22,5;0,0520054298784474
27,5;23;0,0490171787071058
27,5;23,5;0,0590759839629279
27,5;24;0,0734095373707746
27,5;24,5;0,0867629708902358
27,5;25;0,0855339311490758
27,5;25,5;0,0611302612998223
27,5;26;0,0367056242090461
27,5;26,5;0,310510503946137
27,5;27;0,0319836997181445
27,5;27,5;0,029206779726786
27,5;28;0,0303217815462263
27,5;28,5;0,0781950265425051
27,5;29;0,0534024855027878
27,5;29,5;0,05674366834177
27,5;30;0,106867200873746
27,5;30,5;0,0370423069865668
27,5;31;0,020014112667874
27,5;31,5;0,024389348825552
27,5;32;0,0325443078218995
27,5;32,5;0,0639512923021486
27,5;33;0,0885189810944839
27,5;33,5;0,133825236794106
27,5;34;0,127855037617834
27,5;34,5;0,359160968999824
27,5;35;0,326509847634403
27,5;35,5;0,0352876081543677
27,5;36;0,0246197276941793
27,5;36,5;0,301583345569792
27,5;37;0,0624089366507583
27,5;37,5;0,0279314045633502
27,5;38;0,0234197307874408
27,5;38,5;0,0229672800310352
27,5;39;0,033627251633373
27,5;39,5;0,162512286238336
27,5;40;0,331854779817852
27,5;40,5;0,241769778089749
27,5;41;0,311420117494374
27,5;41,5;0,0437367780046109
27,5;42;0,0679971221500561
27,5;42,5;0,0865176444771129
27,5;43;0,283296316464207
27,5;43,5;0,321303993851067
27,5;44;0,0813691496834862
27,5;44,5;0,0695872963367188
27,5;45;0,0576144384207514
27,5;45,5;0,0316172963232354
27,5;46;0,0245055937500497
27,5;46,5;0,0370607912607861
27,5;47;0,049845410515223
27,5;47,5;0,0569351950058892
27,5;48;0,099775621583228
27,5;48,5;0,0541278631627333
27,5;49;0,0618867171997818
27,5;49,5;0,0388270947415813
27,5;50;0,0791166505458407
27,5;50,5;0,0518213634660899
27,5;51;0,0658760116462102
27,5;51,5;0,0773102318081767
27,5;52;0,0566030554153479
27,5;52,5;0,0240947189882613
27,5;53;0,0420654271109639
27,5;53,5;0,0485555243028215
27,5;54;0,046089284986547
27,5;54,5;0,0432787128828425
27,5;55;0,110840627154934
27,5;55,5;0,136897347503527
27,5;56;0,102997109227802
27,5;56,5;0,0722923623891326
27,5;57;0,258714334394341
27,5;57,5;0,128570823126256
27,5;58;0,0553358566090092
27,5;58,5;0,045799773997757
27,5;59;0,0350068774571261
27,5;59,5;0,052435187234486
27,5;60;0,0215389098535919
27,5;60,5;0,0293535638986987
27,5;61;0,0277114953000089
27,5;61,5;0,359216237847456
27,5;62;0,0377244437181803
27,5;62,5;0,053249934793909
27,5;63;0,0749334176502403
27,5;63,5;0,0677833192935823
27,5;64;0,0574461774197574
27,5;64,5;0,0780895733712142
27,5;65;0,137760400031727
27,5;65,5;0,0691646535323182
27,5;66;0,0259293913027925
27,5;66,5;0,0794890392000128
27,5;67;0,0822730195975241
27,5;67,5;0,063090390994964
27,5;68;0,055445930703047
27,5;68,5;0,0663258594240523
27,5;69;0,0870147719035885
27,5;69,5;0,149598264942313
27,5;70;0,10573505338889
27,5;70,5;0,0572057689398543
27,5;71;0,117930172733807
27,5;71,5;0,130400664619983
27,5;72;0
27,5;72,5;0,00950438495292217
27,5;73;0,0898189537037949
27,5;73,5;0,0765715973701053
27,5;74;0
27,5;74,5;0
27,5;75;0
27,5;75,5;0,0381182371050918
27,5;76;0
27,5;76,5;0
27,5;77;0,053398161357519
27,5;77,5;0,0360624458405139
28;-21;0,0320594685515765
28;-20,5;0,0417193000900063
28;-20;0
28;-19,5;0,0494192944776295
28;-19;0,0584537362853247
28;-18,5;0,0277908857961263
28;-18;0,0948614300392468
28;-17,5;0,0360624458405139
28;-17;0
28;-16,5;0,471985093590283
28;-16;0,18926465965562
28;-15,5;0,0799410497089664
28;-15;0
28;-14,5;0
28;-14;0
28;-13,5;0,290699603956145
28;-13;0,128527669485453
28;-12,5;0,0498041619290451
28;-12;0,0609406654532288
28;-11,5;0,0714990612773818
28;-11;0,0574993969112833
28;-10,5;0,0542817842077266
28;-10;0,0424559464523235
28;-9,5;0,0436346474277076
28;-9;0,346041267380292
28;-8,5;0,337683519200723
28;-8;0,37600529937116
28;-7,5;0,0471107914035273
28;-7;0,432816081478581
28;-6,5;0,327669759260374
28;-6;0,275576089154364
28;-5,5;0,199904734731413
28;-5;0,295333523976902
28;-4,5;0,284274785823423
28;-4;0,0825958724208429
28;-3,5;0,0700345923940665
28;-3;0,0321387756596436
28;-2,5;0,0710279501109929
28;-2;0,175997416965348
28;-1,5;0,351491199704286
28;-1;0,279706727655985
28;-0,5;0,309875505159197
28;0;0,392377691064709
28;0,5;0,266714368235461
28;1;0,353386354994585
28;1,5;0,288037520776982
28;2;0,150889141281556
28;2,5;0,106607661168139
28;3;0,08688003270398
28;3,5;0,286723268628671
28;4;0,39619191929493
28;4,5;0,341128720161478
28;5;0,151862995715833
28;5,5;0,112686724243911
28;6;0,0767660912048168
28;6,5;0,242650946263741
28;7;0,024195396620656
28;7,5;0,022852268395039
28;8;0,0243838027122667
28;8,5;0,021231091084778
28;9;0,0930321044145011
28;9,5;0,0474888387640984
28;10;0,287248528660515
28;10,5;0,324228258894172
28;11;0,139756318287942
28;11,5;0,0752802877331821
28;12;0,317511798998493
28;12,5;0,186775476207121
28;13;0,204538639617112
28;13,5;0,171765765737668
28;14;0,134105371492457
28;14,5;0,0987864114968184
28;15;0,192122561562799
28;15,5;0,141900183055117
28;16;0,123364560513426
28;16,5;0,10184315947403
28;17;0,105273705873907
28;17,5;0,0738851670908443
28;18;0,0677448088782286
28;18,5;0,0627151188874872
28;19;0,0834835390281209
28;19,5;0,144404986240339
28;20;0,32800080298929
28;20,5;0,315130559070533
28;21;0,334219825429659
28;21,5;0,319635398672774
28;22;0,0298588429769034
28;22,5;0,0336766079653316
28;23;0,0643862500296954
28;23,5;0,0844075320649659
28;24;0,0724178702224657
28;24,5;0,0896081101355332
28;25;0,0393707671042901
28;25,5;0,030412792206872
28;26;0,0229029287241642
28;26,5;0,021758094750239
28;27;0,0206256125255463
28;27,5;0,0270782649450151
28;28;0,0308127496277183
28;28,5;0,0557901500490081
28;29;0,0767791368084886
28;29,5;0,185244134214255
28;30;0,0762647694209816
28;30,5;0,0287437229781436
28;31;0,0390069041003399
28;31,5;0,0211927108161164
28;32;0,0233401935693417
28;32,5;0,0285250872433529
28;33;0,0764602250505201
28;33,5;0,0794342049505339
28;34;0,118753101389546
28;34,5;0,131936155150181
28;35;0,0536247145820433
28;35,5;0,0267095451215142
28;36;0,182948561543399
28;36,5;0,3575407241441
28;37;0,155036038373991
28;37,5;0,0171776950998845
28;38;0,0211980877257905
28;38,5;0,0322156665855872
28;39;0,350384689255988
28;39,5;0,144102243830068
28;40;0,389312449741885
28;40,5;0,350139789671515
28;41;0,221039098056849
28;41,5;0,0246461682892653
28;42;0,0398876246218955
28;42,5;0,0544327685467065
28;43;0,129538413192919
28;43,5;0,0707817530837392
28;44;0,0531011478804192
28;44,5;0,0414097604355635
28;45;0,0317962490873995
28;45,5;0,0242592681961179
28;46;0,0242790096295234
28;46,5;0,0509442069189383
28;47;0,054770502975665
28;47,5;0,0668199613713883
28;48;0,0595380982723549
28;48,5;0,0691427882679499
28;49;0,0754664250723674
28;49,5;0,040800317924355
28;50;0,0854789972799153
28;50,5;0,0603287812248678
28;51;0,0455729497325929
28;51,5;0,036520482202211
28;52;0,0542099844029085
28;52,5;0,0312820546244846
28;53;0,0370332462835063
28;53,5;0,0649657167745197
28;54;0,067255095711475
28;54,5;0,046428626464412
28;55;0,0620535814041997
28;55,5;0,193547003495232
28;56;0,189446429129197
28;56,5;0,0398062409740031
28;57;0,0863128375610202
28;57,5;0,0834783800544775
28;58;0,0325256426714779
28;58,5;0,0667641018994886
28;59;0,040367782881115
28;59,5;0,0340907062276136
28;60;0,0296088439824203
28;60,5;0,0542463128345176
28;61;0,0492817890994443
28;61,5;0,0810411158017757
28;62;0,0346274976267963
28;62,5;0,0568952929421614
28;63;0,0470616867032063
28;63,5;0,0396516648438231
28;64;0,0546823124742604
28;64,5;0,0838880874537264
28;65;0,0558092281861962
28;65,5;0,0735787585778045
28;66;0,043189504897988
28;66,5;0,0676845821277439
28;67;0,0734174934347802
28;67,5;0,0928913343644067
28;68;0,0735469573101258
28;68,5;0,0992585999443945
28;69;0,128464763076886
28;69,5;0,166267104383278
28;70;0
28;70,5;0,0802691899619204
28;71;0
28;71,5;0
28;72;0
28;72,5;0,00204124145231932
28;73;0,0756484693109577
28;73,5;0
28;74;0
28;74,5;0
28;75;0
28;75,5;0
28;76;0
28;76,5;0
28;77;0
28;77,5;0,0394698196938707
28,5;-21;0,03595413745315
28,5;-20,5;0,026153393661244
28,5;-20;0
28,5;-19,5;0
28,5;-19;0,0719492876962656
28,5;-18,5;0,0585303340157905
28,5;-18;0,0763522538414333
28,5;-17,5;0
28,5;-17;0
28,5;-16,5;0,300550108379716
28,5;-16;0,31976925357737
28,5;-15,5;0,129380790262268
28,5;-15;0
28,5;-14,5;0
28,5;-14;0
28,5;-13,5;0,284047630871609
28,5;-13;0,110865674854585
28,5;-12,5;0,221846203239402
28,5;-12;0,0709732050377699
28,5;-11,5;0,0641201892627926
28,5;-11;0,082585267673972
28,5;-10,5;0,037194952831386
28,5;-10;0,0358224114387952
28,5;-9,5;0,0468934963507734
28,5;-9;0,0331400139757935
28,5;-8,5;0,0421848466907559
28,5;-8;0,0321711198496563
28,5;-7,5;0,0420265483858807
28,5;-7;0,285285842642098
28,5;-6,5;0,248452975995906
28,5;-6;0,220347955446464
28,5;-5,5;0,138080207302726
28,5;-5;0,181282246720936
28,5;-4,5;0,119315045812713
28,5;-4;0,329655999704177
28,5;-3,5;0,0333502568406363
28,5;-3;0,0600683323012596
28,5;-2,5;0,293442451113305
28,5;-2;0,303856039548612
28,5;-1,5;0,156487537056979
28,5;-1;0,272868466427558
28,5;-0,5;0,331039706251147
28,5;0;0,324924580669498
28,5;0,5;0,323491289369793
28,5;1;0,262036382665118
28,5;1,5;0,0722511938586872
28,5;2;0,087409400060375
28,5;2,5;0,0587477910078155
28,5;3;0,0407451338181087
28,5;3,5;0,327821054277255
28,5;4;0,237722138828625
28,5;4,5;0,293941607870568
28,5;5;0,107685331233756
28,5;5,5;0,0957210494052647
28,5;6;0,140234327446009
28,5;6,5;0,299326688864636
28,5;7;0,185115607295491
28,5;7,5;0,0546707428708484
28,5;8;0,0714085006630314
28,5;8,5;0,0264802774988997
28,5;9;0,0341712064443481
28,5;9,5;0,0339302618937182
28,5;10;0,0323599142394843
28,5;10,5;0,184494764715108
28,5;11;0,10185194257982
28,5;11,5;0,0304195615438143
28,5;12;0,0767669980447035
28,5;12,5;0,0949216343446881
28,5;13;0,108521548303924
28,5;13,5;0,142030307071138
28,5;14;0,102295587343454
28,5;14,5;0,0229415125339957
28,5;15;0,0185790938731749
28,5;15,5;0,0425802826771631
28,5;16;0,0905315092767941
28,5;16,5;0,0230253077683089
28,5;17;0,0268257962328616
28,5;17,5;0,0235674611535741
28,5;18;0,0325796611654141
28,5;18,5;0,0442127052866403
28,5;19;0,0732151628643963
28,5;19,5;0,338569976446074
28,5;20;0,316080059512008
28,5;20,5;0,348793364851877
28,5;21;0,394259294270708
28,5;21,5;0,357081707448579
28,5;22;0,0396172919892489
28,5;22,5;0,0290687660937533
28,5;23;0,0357743668305793
28,5;23,5;0,0337830845787203
28,5;24;0,06791243232375
28,5;24,5;0,0715048178911971
28,5;25;0,0625199225814364
28,5;25,5;0,0357204600466353
28,5;26;0,0315252576234282
28,5;26,5;0,0291323276908996
28,5;27;0,019571879579917
28,5;27,5;0,034646627982889
28,5;28;0,0382555078539429
28,5;28,5;0,0715956854743509
28,5;29;0,0721521540449995
28,5;29,5;0,0647976570844684
28,5;30;0,067038647929342
28,5;30,5;0,0401368723619868
28,5;31;0,0701124215306572
28,5;31,5;0,0428726459890766
28,5;32;0,0394312073134064
28,5;32,5;0,0533529550739793
28,5;33;0,12504114168883
28,5;33,5;0,037187134650417
28,5;34;0,0174282970412326
28,5;34,5;0,121509239272575
28,5;35;0,10738924690182
28,5;35,5;0,0282041184473746
28,5;36;0,0278801004302352
28,5;36,5;0,019816527769122
28,5;37;0,0330227903605312
28,5;37,5;0,034637547846773
28,5;38;0,0302240075702878
28,5;38,5;0,03329283611236
28,5;39;0,249243472909366
28,5;39,5;0,233838167479535
28,5;40;0,0965185288289724
28,5;40,5;0,0516922350752046
28,5;41;0,0356739557840375
28,5;41,5;0,0776984470408925
28,5;42;0,298501111125785
28,5;42,5;0,370485704792426
28,5;43;0,0551651814448751
28,5;43,5;0,0748138201959216
28,5;44;0,0460896125059908
28,5;44,5;0,036504449749108
28,5;45;0,0249602763849962
28,5;45,5;0,0345136413819441
28,5;46;0,0361155734238658
28,5;46,5;0,0403276210982679
28,5;47;0,0361748744460025
28,5;47,5;0,0506225047060998
28,5;48;0,0851176140258071
28,5;48,5;0,0622435872274678
28,5;49;0,0890645597571178
28,5;49,5;0,0562359581007405
28,5;50;0,0577085657016448
28,5;50,5;0,0685980595797793
28,5;51;0,0514492211941733
28,5;51,5;0,0327720674258025
28,5;52;0,0346650075017739
28,5;52,5;0,0523730592130566
28,5;53;0,228328132425216
28,5;53,5;0,143190945170117
28,5;54;0,0563419923151393
28,5;54,5;0,0465944298855404
28,5;55;0,102440544385998
28,5;55,5;0,0796211731784384
28,5;56;0,106653408336555
28,5;56,5;0,036935144539228
28,5;57;0,0611549808897537
28,5;57,5;0,108087006818505
28,5;58;0,102437268116659
28,5;58,5;0,0667075758415989
28,5;59;0,066893538212188
28,5;59,5;0,0205366277721801
28,5;60;0,067331470366165
28,5;60,5;0,0880837741045659
28,5;61;0,0780423634561842
28,5;61,5;0,17713105308882
28,5;62;0,387852721423651
28,5;62,5;0,144977574390053
28,5;63;0,0357380780215394
28,5;63,5;0,0462936280712584
28,5;64;0,0590699020934802
28,5;64,5;0,0568548144382868
28,5;65;0,0872545488356739
28,5;65,5;0,0612934753683885
28,5;66;0,132729712086587
28,5;66,5;0,135540973084213
28,5;67;0,169415534834393
28,5;67,5;0,233401750668648
28,5;68;0,165937137557238
28,5;68,5;0,168872671004949
28,5;69;0,0722047757718891
28,5;69,5;0,138718561431822
28,5;70;0,0888420883740734
28,5;70,5;0
28,5;71;0
28,5;71,5;0
28,5;72;0,0637749017658051
28,5;72,5;0,0294244796045741
28,5;73;0,088450237107904
28,5;73,5;0
28,5;74;0
28,5;74,5;0
28,5;75;0,106912866910915
28,5;75,5;0,0282842712474619
28,5;76;0
28,5;76,5;0
28,5;77;0,0926567387826167
28,5;77,5;0,0662178223743427
29;-21;0,0408474805424602
29;-20,5;0,0805243234474321
29;-20;0,107359727603562
29;-19,5;0,131521861300698
29;-19;0,037613827244778
29;-18,5;0,0248797106092495
29;-18;0,0475955179962708
29;-17,5;0,0690598860203436
29;-17;0
29;-16,5;0,0608111831820431
29;-16;0,350644989743057
29;-15,5;0,410158197572075
29;-15;0,0343653074913401
29;-14,5;0,082421477783403
29;-14;0
29;-13,5;0,0829471837624259
29;-13;0,175785679531084
29;-12,5;0,345967727811235
29;-12;0,342816857752334
29;-11,5;0,121829563490651
29;-11;0,0833031750435241
29;-10,5;0,0613205090562519
29;-10;0,0360863162739316
29;-9,5;0,0383054288887743
29;-9;0,0321500311963901
29;-8,5;0,0564645478268473
29;-8;0,0240195798754122
29;-7,5;0,349272849407642
29;-7;0,237087104769699
29;-6,5;0,210546106060873
29;-6;0,23426838503246
29;-5,5;0,0700778924690244
29;-5;0,0876988954987794
29;-4,5;0,298539197403861
29;-4;0,428019704693176
29;-3,5;0,330274005817774
29;-3;0,0732249561481504
29;-2,5;0,284038620222282
29;-2;0,277539683064739
29;-1,5;0,267529532397879
29;-1;0,161839697654159
29;-0,5;0,158135469928147
29;0;0,101913967830716
29;0,5;0,304075577485056
29;1;0,140942993621465
29;1,5;0,176453442195096
29;2;0,275431938154059
29;2,5;0,193481368555901
29;3;0,0540638240761422
29;3,5;0,0494296493627986
29;4;0,332520390849311
29;4,5;0,335186545445866
29;5;0,0340860009708513
29;5,5;0,103725510423449
29;6;0,165943402370208
29;6,5;0,246685796574114
29;7;0,166211489460416
29;7,5;0,0633108526632521
29;8;0,175155867225998
29;8,5;0,0399180454198356
29;9;0,0326924286028919
29;9,5;0,295317557520061
29;10;0,126502241947053
29;10,5;0,033835507943522
29;11;0,0300142823145439
29;11,5;0,0355734731056094
29;12;0,0335796056553139
29;12,5;0,0378468404669839
29;13;0,268284614864518
29;13,5;0,229958361903555
29;14;0,175363226838557
29;14,5;0,0206763269235497
29;15;0,0551982137718079
29;15,5;0,0421007471184723
29;16;0,0524166907633351
29;16,5;0,0185328417100979
29;17;0,0342441786427091
29;17,5;0,0232434777789224
29;18;0,0329750097939905
29;18,5;0,0389055308240082
29;19;0,0256966757712026
29;19,5;0,261403975840908
29;20;0,308244010509519
29;20,5;0,300073883474998
29;21;0,249406162206463
29;21,5;0,361964436875577
29;22;0,313393009668008
29;22,5;0,0368985739699475
29;23;0,0308731356347128
29;23,5;0,0347463054727727
29;24;0,0543311173097264
29;24,5;0,0737723143186235
29;25;0,0727838489854663
29;25,5;0,0488390383373263
29;26;0,0278821529915741
29;26,5;0,0371008242406759
29;27;0,0342449303772244
29;27,5;0,0230457464095516
29;28;0,037042424933181
29;28,5;0,0553457828267407
29;29;0,0756985437010949
29;29,5;0,0413150061083104
29;30;0,0501017530611622
29;30,5;0,0861030847586575
29;31;0,0528193096574826
29;31,5;0,0252303615454024
29;32;0,0217593620014637
29;32,5;0,0334724396470239
29;33;0,0311094019221711
29;33,5;0,0322093967841603
29;34;0,0194251491452058
29;34,5;0,0362944656289925
29;35;0,105546114252885
29;35,5;0,0885295611266503
29;36;0,0607248366413938
29;36,5;0,0306346695695013
29;37;0,0433459599088726
29;37,5;0,0366607037084915
29;38;0,0344787734375861
29;38,5;0,0324071464417321
29;39;0,0390842335337968
29;39,5;0,0266021988193046
29;40;0,0582912264348664
29;40,5;0,0482281901053687
29;41;0,0300887317908114
29;41,5;0,0523375132419742
29;42;0,242347273197148
29;42,5;0,308085683957879
29;43;0,0383955412769321
29;43,5;0,0313446143966173
29;44;0,0226044681467629
29;44,5;0,0243238270603886
29;45;0,0197087203277617
29;45,5;0,03176465205843
29;46;0,0448651867410756
29;46,5;0,0341231438877935
29;47;0,0342998304109027
29;47,5;0,0275045319186089
29;48;0,0184258559676774
29;48,5;0,0557977004496967
29;49;0,0719864577761231
29;49,5;0,0600947939267865
29;50;0,0464349319770338
29;50,5;0,0883526932514547
29;51;0,0568483898256609
29;51,5;0,021695619380398
29;52;0,0390187463919211
29;52,5;0,058780758173981
29;53;0,139257176994717
29;53,5;0,0840213704078274
29;54;0,0589213735759197
29;54,5;0,0356741751686542
29;55;0,051229457758783
29;55,5;0,0897044388030886
29;56;0,0370769406564364
29;56,5;0,0465925389246792
29;57;0,0979995814297413
29;57,5;0,0950935433078912
29;58;0,0645617715458052
29;58,5;0,0524800499877634
29;59;0,0692844876569428
29;59,5;0,0401941314272808
29;60;0,131417442986488
29;60,5;0,0885120550763895
29;61;0,108830978210167
29;61,5;0,343468314239052
29;62;0,286465660289879
29;62,5;0,100175096705718
29;63;0,0479079431869932
29;63,5;0,0460862414381928
29;64;0,0626776394457105
29;64,5;0,0486464651483391
29;65;0,0445719144255164
29;65,5;0,0549588995637496
29;66;0,149652137893976
29;66,5;0,165665235730585
29;67;0,150855642685224
29;67,5;0,203731672882542
29;68;0,144972515681526
29;68,5;0,181230636322307
29;69;0,162332396697467
29;69,5;0
29;70;0
29;70,5;0
29;71;0
29;71,5;0
29;72;0
29;72,5;0,11283911851245
29;73;0,0432075330132479
29;73,5;0,097765024420802
29;74;0
29;74,5;0,055683850230301
29;75;0,094668577129892
29;75,5;0
29;76;0
29;76,5;0
29;77;0,120732141536544
29;77,5;0
29,5;-21;0,049335585534176
29,5;-20,5;0,069058793495574
29,5;-20;0,0689615489827138
29,5;-19,5;0,0398433838685325
29,5;-19;0,0781728853247723
29,5;-18,5;0
29,5;-18;0
29,5;-17,5;0
29,5;-17;0
29,5;-16,5;0
29,5;-16;0,422015274294535
29,5;-15,5;0,296270425864893
29,5;-15;0,0718108708315854
29,5;-14,5;0,0414097046157496
29,5;-14;0,0903677671149029
29,5;-13,5;0,034685795300157
29,5;-13;0,276621929570293
29,5;-12,5;0,316408989159683
29,5;-12;0,256704179339246
29,5;-11,5;0,175337952069418
29,5;-11;0,0334535925894792
29,5;-10,5;0,0768632126147057
29,5;-10;0,048389978485481
29,5;-9,5;0,0452913075807365
29,5;-9;0,0516553643551826
29,5;-8,5;0,0784791828630825
29,5;-8;0,340829245209744
29,5;-7,5;0,31926855267965
29,5;-7;0,277371927754606
29,5;-6,5;0,296324497004133
29,5;-6;0,308483541813206
29,5;-5,5;0,0543315688426198
29,5;-5;0,0527555783135507
29,5;-4,5;0,0873293215567042
29,5;-4;0,400201069373386
29,5;-3,5;0,448463110974316
29,5;-3;0,303494007878676
29,5;-2,5;0,269151972142034
29,5;-2;0,177568295944174
29,5;-1,5;0,251421882720395
29,5;-1;0,0500682195673489
29,5;-0,5;0,0633375052950107
29,5;0;0,0741070987756695
29,5;0,5;0,151647065121824
29,5;1;0,139549116031324
29,5;1,5;0,178861284025443
29,5;2;0,269323958993542
29,5;2,5;0,233127690421497
29,5;3;0,0491339755905017
29,5;3,5;0,0453691999274783
29,5;4;0,169458923862136
29,5;4,5;0,277994035211768
29,5;5;0,226275253272546
29,5;5,5;0,191478606145883
29,5;6;0,22792482666582
29,5;6,5;0,279492690758323
29,5;7;0,305383380734201
29,5;7,5;0,203467623878941
29,5;8;0,298286424509785
29,5;8,5;0,263861847930671
29,5;9;0,067393029206847
29,5;9,5;0,0613238030085137
29,5;10;0,0317542843251545
29,5;10,5;0,0516873578874907
29,5;11;0,0497994379691033
29,5;11,5;0,0290425877088535
29,5;12;0,0251038794194197
29,5;12,5;0,0705087338043999
29,5;13;0,217074941991865
29,5;13,5;0,0982494274792479
29,5;14;0,114316106100335
29,5;14,5;0,126432415792944
29,5;15;0,0390486376452371
29,5;15,5;0,0346365084744153
29,5;16;0,01720953410076
29,5;16,5;0,0285562381192137
29,5;17;0,0577350180909761
29,5;17,5;0,0242630259751314
29,5;18;0,0498426820458454
29,5;18,5;0,0405094785744082
29,5;19;0,0411811793879968
29,5;19,5;0,346935913307484
29,5;20;0,197094390908207
29,5;20,5;0,2529274257946
29,5;21;0,324437386928719
29,5;21,5;0,288408918857088
29,5;22;0,290067429750747
29,5;22,5;0,0423572664344854
29,5;23;0,0303490215129931
29,5;23,5;0,028494389136016
29,5;24;0,0287481195724934
29,5;24,5;0,0701541480013314
29,5;25;0,0742945211588891
29,5;25,5;0,0547570932338004
29,5;26;0,357858695883628
29,5;26,5;0,139328788762418
29,5;27;0,105257783558107
29,5;27,5;0,0294002162176263
29,5;28;0,0181974364249436
29,5;28,5;0,0657033833180549
29,5;29;0,0970447574160394
29,5;29,5;0,0380671875940656
29,5;30;0,0274224644051926
29,5;30,5;0,0441419370902499
29,5;31;0,0322751327693228
29,5;31,5;0,033877286169457
29,5;32;0,0350905852552179
29,5;32,5;0,051227157107772
29,5;33;0,0388828288601188
29,5;33,5;0,0749615475657045
29,5;34;0,0613269111394848
29,5;34,5;0,0352269859224951
29,5;35;0,0379129528572658
29,5;35,5;0,0763722432539014
29,5;36;0,0577076849117845
29,5;36,5;0,055673893066194
29,5;37;0,0669906761326174
29,5;37,5;0,0687065545170824
29,5;38;0,023771738902141
29,5;38,5;0,0181975991494801
29,5;39;0,025834829186361
29,5;39,5;0,0313830751992788
29,5;40;0,0358283388544245
29,5;40,5;0,0358371007190611
29,5;41;0,0318183984957949
29,5;41,5;0,051866624901872
29,5;42;0,0638110826805467
29,5;42,5;0,0721586545645873
29,5;43;0,0639308606537935
29,5;43,5;0,0285857610226109
29,5;44;0,026957270919838
29,5;44,5;0,0264466371803514
29,5;45;0,023872833998338
29,5;45,5;0,0233955657754306
29,5;46;0,0280015488669667
29,5;46,5;0,0323376215597269
29,5;47;0,0396211212978097
29,5;47,5;0,0263394853642608
29,5;48;0,0237997893988576
29,5;48,5;0,0236621850040518
29,5;49;0,0821256994475245
29,5;49,5;0,058403389000515
29,5;50;0,0632302618867969
29,5;50,5;0,0289932789959641
29,5;51;0,0305085915712913
29,5;51,5;0,0318498001671586
29,5;52;0,0409556553174203
29,5;52,5;0,0471353846951325
29,5;53;0,0348117953221672
29,5;53,5;0,0637813544881199
29,5;54;0,0518992818569907
29,5;54,5;0,0227237643841665
29,5;55;0,0345907544909633
29,5;55,5;0,0415948952199742
29,5;56;0,0471774730015298
29,5;56,5;0,0332110357040456
29,5;57;0,0356057256197549
29,5;57,5;0,0821944270500194
29,5;58;0,0682211851174691
29,5;58,5;0,0637821991760396
29,5;59;0,065687851671918
29,5;59,5;0,0447036199148865
29,5;60;0,106306238961439
29,5;60,5;0,0680957512840714
29,5;61;0,102981904853584
29,5;61,5;0,15203996683488
29,5;62;0,291806874546369
29,5;62,5;0,0623593362150914
29,5;63;0,0269620329261759
29,5;63,5;0,0699184736102829
29,5;64;0,0956774182426654
29,5;64,5;0,0710735367000097
29,5;65;0,0427136523981557
29,5;65,5;0,10504260921274
29,5;66;0,149772989686094
29,5;66,5;0,149209267249588
29,5;67;0,166838109946228
29,5;67,5;0,112120832014661
29,5;68;0,0913980642784417
29,5;68,5;0,149606503476129
29,5;69;0,0587601600598263
29,5;69,5;0,0551543289325507
29,5;70;0
29,5;70,5;0
29,5;71;0
29,5;71,5;0,0127279220613579
29,5;72;0,258970939899477
29,5;72,5;0,364368441677271
29,5;73;0,203553637484898
29,5;73,5;0,105983530663636
29,5;74;0,117325866603912
29,5;74,5;0,130410594189748
29,5;75;0,145638617420168
29,5;75,5;0
29,5;76;0
29,5;76,5;0,119312773326195
29,5;77;0,0318198051533946
29,5;77,5;0
30;-21,5;0
30;-21;0
30;-20,5;0,0331454227250015
30;-20;0,0341565025531987
30;-19,5;0,0447283156649367
30;-19;0,0245831920899897
30;-18,5;0
30;-18;0
30;-17,5;0,047022882888563
30;-17;0,0552919523981565
30;-16,5;0
30;-16;0,553664609669067
30;-15,5;0
30;-15;0,0579339797915934
30;-14,5;0,041672132974767
30;-14;0
30;-13,5;0
30;-13;0,39902174723102
30;-12,5;0,279916075055382
30;-12;0,219191778923646
30;-11,5;0,0459790922385047
30;-11;0,047458115504861
30;-10,5;0,0554369788200047
30;-10;0,0606737008908965
30;-9,5;0,0287989845759367
30;-9;0,0274574996260454
30;-8,5;0,25684139248039
30;-8;0,243283093609818
30;-7,5;0,274086539395305
30;-7;0,293971850763994
30;-6,5;0,117441631445313
30;-6;0,0724824396189154
30;-5,5;0,0452191093664546
30;-5;0,0568186897313873
30;-4,5;0,0485486543246535
30;-4;0,0237119601984233
30;-3,5;0,386249186275266
30;-3;0,290001374542853
30;-2,5;0,249221461448654
30;-2;0,222478675999543
30;-1,5;0,243654358009274
30;-1;0,0469343752353633
30;-0,5;0,0766594574321597
30;0;0,036627334019915
30;0,5;0,148167876459981
30;1;0,10403669056248
30;1,5;0,211001484464638
30;2;0,18566672168889
30;2,5;0,124902895616288
30;3;0,0544819878139041
30;3,5;0,0346309374013085
30;4;0,0362885910864875
30;4,5;0,353175331514916
30;5;0,207424492551369
30;5,5;0,344171287997842
30;6;0,271147716131974
30;6,5;0,244893209424105
30;7;0,280204746569361
30;7,5;0,377158656311654
30;8;0,351425558070289
30;8,5;0,36204207459093
30;9;0,0291985368095856
30;9,5;0,0308525284603498
30;10;0,033775849197033
30;10,5;0,0299320378650753
30;11;0,0345365040238997
30;11,5;0,045018875593065
30;12;0,0362731734612187
30;12,5;0,0282862011176734
30;13;0,256614398484972
30;13,5;0,322277782154655
30;14;0,277277776407083
30;14,5;0,220806350388779
30;15;0,27022309124218
30;15,5;0,062930372848105
30;16;0,0317172519310608
30;16,5;0,0751319863315814
30;17;0,0344470680960951
30;17,5;0,0313905587559296
30;18;0,0418061038133862
30;18,5;0,0434958309145808
30;19;0,0407487696912768
30;19,5;0,206611982153541
30;20;0,273145240327165
30;20,5;0,402594150105398
30;21;0,276916599447971
30;21,5;0,262561803788413
30;22;0,123306600884876
30;22,5;0,0360491386310353
30;23;0,0297082286533833
30;23,5;0,028274916287924
30;24;0,0222702303062797
30;24,5;0,0282731794744707
30;25;0,0699401957003833
30;25,5;0,0558070109566004
30;26;0,242578702348583
30;26,5;0,0966850786046056
30;27;0,089694693821173
30;27,5;0,0385421623692584
30;28;0,0328118536051083
30;28,5;0,0743772863218794
30;29;0,0270479690363737
30;29,5;0,0194560299325711
30;30;0,02104331140546
30;30,5;0,0688390326768412
30;31;0,0735861813040067
30;31,5;0,0255039814414012
30;32;0,0488480401081657
30;32,5;0,0644868566701432
30;33;0,0519704013747019
30;33,5;0,0583453058942016
30;34;0,0292461365205288
30;34,5;0,0328220242887824
30;35;0,0665833840314317
30;35,5;0,111035226592087
30;36;0,095091762966796
30;36,5;0,0905788118206085
30;37;0,128413756954645
30;37,5;0,180095633254168
30;38;0,0374629751862278
30;38,5;0,0553050460989235
30;39;0,0380689187793771
30;39,5;0,0270904628533738
30;40;0,043963735038958
30;40,5;0,0315611972787705
30;41;0,0255810089656679
30;41,5;0,0256169131534583
30;42;0,0501509872623472
30;42,5;0,0766818215189203
30;43;0,0773914150408889
30;43,5;0,0260349039048331
30;44;0,0258458802096103
30;44,5;0,023024902906335
30;45;0,0829779932778629
30;45,5;0,110708523234233
30;46;0,0316335802223428
30;46,5;0,0291129632131445
30;47;0,0366834576258312
30;47,5;0,0486318180459432
30;48;0,0583299116258632
30;48,5;0,0540925327466789
30;49;0,354594736267004
30;49,5;0,127519963560388
30;50;0,0520587914392655
30;50,5;0,0310968778129528
30;51;0,0453319240775919
30;51,5;0,0619772483995966
30;52;0,0595841754742159
30;52,5;0,0840707168648732
30;53;0,0543498930221433
30;53,5;0,0627112769248452
30;54;0,0152282055940296
30;54,5;0,0192255927341126
30;55;0,0361684816003894
30;55,5;0,0535823831159584
30;56;0,0621394652753763
30;56,5;0,0306842968729793
30;57;0,0264098430774657
30;57,5;0,0465776659236373
30;58;0,0560719216367658
30;58,5;0,0474435300409693
30;59;0,0522718600042496
30;59,5;0,0683042112221814
30;60;0,0684817503591417
30;60,5;0,09082920913428
30;61;0,0543898655198224
30;61,5;0,0573623860498614
30;62;0,0313325576145112
30;62,5;0,0320562006482365
30;63;0,0428028457763894
30;63,5;0,0618421378596803
30;64;0,0841639813553028
30;64,5;0,0782307774821045
30;65;0,0938503021880016
30;65,5;0,136637381430141
30;66;0,167910692340387
30;66,5;0,104421706500428
30;67;0,224832543048806
30;67,5;0,296831956157147
30;68;0,234155191320675
30;68,5;0,162835676970195
30;69;0,178317800836703
30;69,5;0
30;70;0
30;70,5;0
30;71;0,0490340018082691
30;71,5;0,0993960332637647
30;72;0,321637913073749
30;72,5;0,316819813923815
30;73;0,106587122785024
30;73,5;0,119949624142678
30;74;0,131202134128984
30;74,5;0,0958816979407436
30;75;0,0762540937470692
30;75,5;0
30;76;0
30;76,5;0
30;77;0
30;77,5;0
30;78;0
30,5;-22,5;0,0636396103067893
30,5;-22;0,115787782628655
30,5;-21,5;0,0499083719253122
30,5;-21;0,0623673865821786
30,5;-20,5;0
30,5;-20;0,0572756492761103
30,5;-19,5;0
30,5;-19;0
30,5;-18,5;0
30,5;-18;0,0991931737282648
30,5;-17,5;0,0674954896939955
30,5;-17;0,0538010121934846
30,5;-16,5;0
30,5;-16;0,0764735248304928
30,5;-15,5;0,0853508595783852
30,5;-15;0,174740334826807
30,5;-14,5;0,30193395931805
30,5;-14;0,152946248548485
30,5;-13,5;0,358386596262963
30,5;-13;0,334979636756105
30,5;-12,5;0,331445716759011
30,5;-12;0,0174714052096561
30,5;-11,5;0,0368003784918424
30,5;-11;0,0342972302088667
30,5;-10,5;0,0504438806510504
30,5;-10;0,0926902770262185
30,5;-9,5;0,047638224428945
30,5;-9;0,0202932064802242
30,5;-8,5;0,194227198443948
30,5;-8;0,0435194923969409
30,5;-7,5;0,0825632033031819
30,5;-7;0,284516128229987
30,5;-6,5;0,140731010660713
30,5;-6;0,0649946893040554
30,5;-5,5;0,034526551385604
30,5;-5;0,0340416774140671
30,5;-4,5;0,0462645311339721
30,5;-4;0,0401024081228908
30,5;-3,5;0,0589685858542246
30,5;-3;0,357547226829836
30,5;-2,5;0,300167415895855
30,5;-2;0,310162696278348
30,5;-1,5;0,0709444327074016
30,5;-1;0,0473842896072208
30,5;-0,5;0,03192406188342
30,5;0;0,0525487993063585
30,5;0,5;0,060742948663404
30,5;1;0,0342831348236029
30,5;1,5;0,0472287840216665
30,5;2;0,0935312789271111
30,5;2,5;0,0926771148614782
30,5;3;0,0438705409838719
30,5;3,5;0,0746268398006362
30,5;4;0,148401280132294
30,5;4,5;0,0926394057846456
30,5;5;0,206089151988874
30,5;5,5;0,380992343364639
30,5;6;0,385824963168348
30,5;6,5;0,352631747061737
30,5;7;0,281817798282102
30,5;7,5;0,149082837919002
30,5;8;0,257407057232213
30,5;8,5;0,291449254427484
30,5;9;0,0368638418706673
30,5;9,5;0,0336496840946452
30,5;10;0,0367156831143671
30,5;10,5;0,0179422978021258
30,5;11;0,0227664964560106
30,5;11,5;0,0281073184395499
30,5;12;0,13100839720316
30,5;12,5;0,0534028687542586
30,5;13;0,161393976661086
30,5;13,5;0,288031592450029
30,5;14;0,333369688031278
30,5;14,5;0,11796462501454
30,5;15;0,330497968358719
30,5;15,5;0,0259350422227214
30,5;16;0,0282773623308435
30,5;16,5;0,0224864803860576
30,5;17;0,028757798270481
30,5;17,5;0,0469834697374665
30,5;18;0,04447317239711
30,5;18,5;0,035894538303526
30,5;19;0,0361849344326396
30,5;19,5;0,0481252675765065
30,5;20;0,0447484065438772
30,5;20,5;0,0910370048622841
30,5;21;0,0402355877542484
30,5;21,5;0,0346790733419145
30,5;22;0,0471658989062579
30,5;22,5;0,0197650951997846
30,5;23;0,0300336791105804
30,5;23,5;0,0307693009852833
30,5;24;0,0476736157257202
30,5;24,5;0,0577523485550668
30,5;25;0,061657891571872
30,5;25,5;0,0680611112349993
30,5;26;0,0600308227779794
30,5;26,5;0,100712793578336
30,5;27;0,164562423276978
30,5;27,5;0,0696504396385584
30,5;28;0,0727731581822438
30,5;28,5;0,0724806557904413
30,5;29;0,0153153711694952
30,5;29,5;0,0238998843376988
30,5;30;0,0473474642107068
30,5;30,5;0,0826185927182562
30,5;31;0,0707022712296061
30,5;31,5;0,0234963832865445
30,5;32;0,0669402523368422
30,5;32,5;0,0799366588086318
30,5;33;0,037011373072269
30,5;33,5;0,0274545162568388
30,5;34;0,0466798380771952
30,5;34,5;0,026651678663663
30,5;35;0,0546152974695412
30,5;35,5;0,0490596123083495
30,5;36;0,130967342107501
30,5;36,5;0,13985062126547
30,5;37;0,160561231552055
30,5;37,5;0,115124673104852
30,5;38;0,131349121039298
30,5;38,5;0,0959391964306805
30,5;39;0,0602266674371763
30,5;39,5;0,0371050735694438
30,5;40;0,0302197562286959
30,5;40,5;0,0316902018067844
30,5;41;0,0351477949453484
30,5;41,5;0,0276039150723399
30,5;42;0,0244262156840192
30,5;42,5;0,0801638427170281
30,5;43;0,0908626455166913
30,5;43,5;0,0355956715276146
30,5;44;0,0414897864086768
30,5;44,5;0,0967134440863977
30,5;45;0,0764572858022713
30,5;45,5;0,0659467159349448
30,5;46;0,0320307092745956
30,5;46,5;0,0272539544213494
30,5;47;0,0669296168219487
30,5;47,5;0,0506890243838097
30,5;48;0,0885092817365684
30,5;48,5;0,0470055096357644
30,5;49;0,0973093225418029
30,5;49,5;0,0358708571745564
30,5;50;0,0991430077818095
30,5;50,5;0,0658388377426371
30,5;51;0,0993602237636989
30,5;51,5;0,0717530701868045
30,5;52;0,327634489985565
30,5;52,5;0,274657243101086
30,5;53;0,0615162183637577
30,5;53,5;0,0474800385476097
30,5;54;0,0276225883669893
30,5;54,5;0,0465149525243679
30,5;55;0,0721160343402463
30,5;55,5;0,0719507806947132
30,5;56;0,0591307570437875
30,5;56,5;0,0485231872951022
30,5;57;0,0209693139646116
30,5;57,5;0,04146269260057
30,5;58;0,069582017815777
30,5;58,5;0,0324143367514299
30,5;59;0,035414781022123
30,5;59,5;0,0237318077966829
30,5;60;0,036016292536971
30,5;60,5;0,15766533461762
30,5;61;0,12841061908558
30,5;61,5;0,0692601006241078
30,5;62;0,0807585472813979
30,5;62,5;0,0579396081140164
30,5;63;0,0441641982914986
30,5;63,5;0,0636150013711609
30,5;64;0,127452316597041
30,5;64,5;0,063706866308231
30,5;65;0,0480429288852482
30,5;65,5;0,0992487871533573
30,5;66;0,0683275010179858
30,5;66,5;0,0699660256106946
30,5;67;0,276457374407436
30,5;67,5;0,224521564796059
30,5;68;0,211662428410845
30,5;68,5;0,158351870763128
30,5;69;0
30,5;69,5;0
30,5;70;0
30,5;70,5;0
30,5;71;0
30,5;71,5;0,0359593023927249
30,5;72;0,0453255945775621
30,5;72,5;0,0859073143956128
30,5;73;0,0867328846361686
30,5;73,5;0,134106637583314
30,5;74;0,14834244341887
30,5;74,5;0,128256161088436
30,5;75;0,0816838417313975
30,5;75,5;0
30,5;76;0
30,5;76,5;0
30,5;77;0
30,5;77,5;0
30,5;78;0
31;-22;0,122834084920679
31;-21,5;0,084552468678788
31;-21;0,0915482657799713
31;-20,5;0,0649930765543531
31;-20;0,0642793846090197
31;-19,5;0
31;-19;0,05003248944436
31;-18,5;0
31;-18;0,0381313519298752
31;-17,5;0,0432473505932252
31;-17;0,047933982378545
31;-16,5;0,0393090320409954
31;-16;0,0592347026665957
31;-15,5;0,0767537263129548
31;-15;0,0740910870313641
31;-14,5;0
31;-14;0,185073609968357
31;-13,5;0,254793755236485
31;-13;0,185127405041936
31;-12,5;0,0467995726476215
31;-12;0,0628111455077839
31;-11,5;0,0632996891726227
31;-11;0,0455935218070422
31;-10,5;0,0942117296306569
31;-10;0,0846130885382641
31;-9,5;0,0400554023373908
31;-9;0,0311372379347767
31;-8,5;0,0330478014926756
31;-8;0,169469648138573
31;-7,5;0,260813270185322
31;-7;0,117085669633331
31;-6,5;0,0597031743043652
31;-6;0,0277139800096566
31;-5,5;0,0274531301584218
31;-5;0,0257515602855993
31;-4,5;0,0372902202502987
31;-4;0,0788676002609901
31;-3,5;0,363668494308434
31;-3;0,323123592654743
31;-2,5;0,293885310940045
31;-2;0,38620050141278
31;-1,5;0,0387398920414385
31;-1;0,0290290880873319
31;-0,5;0,0410823760921915
31;0;0,025243822035583
31;0,5;0,147784742961176
31;1;0,0498713723644398
31;1,5;0,0337538586759779
31;2;0,0964463568712176
31;2,5;0,0368308080781077
31;3;0,0586180988484362
31;3,5;0,0561898604129174
31;4;0,0712634826793178
31;4,5;0,08201874743697
31;5;0,126401081219004
31;5,5;0,318752568617101
31;6;0,3592137014833
31;6,5;0,324821380879683
31;7;0,04471770654044
31;7,5;0,0196758721510275
31;8;0,0410330478917146
31;8,5;0,0429723500057162
31;9;0,0233697669117525
31;9,5;0,0314547249951085
31;10;0,0232030977793155
31;10,5;0,0218942833149039
31;11;0,0265156277013518
31;11,5;0,019540883891234
31;12;0,243129082075683
31;12,5;0,104470527168345
31;13;0,0281470615309863
31;13,5;0,0517131816006374
31;14;0,0261086789685949
31;14,5;0,0318478667968635
31;15;0,0548315449792402
31;15,5;0,0551790399855457
31;16;0,0302046441153279
31;16,5;0,0255389648731199
31;17;0,0254041340055123
31;17,5;0,0641453087826432
31;18;0,0698653766140343
31;18,5;0,0493352303457785
31;19;0,0377869666880678
31;19,5;0,0457063137978311
31;20;0,0473895164419838
31;20,5;0,0501638200818961
31;21;0,0515552015949612
31;21,5;0,0412146162480799
31;22;0,041935896894431
31;22,5;0,0239843080466126
31;23;0,0280754343011503
31;23,5;0,0278774114674628
31;24;0,0370230144614535
31;24,5;0,0310064405166347
31;25;0,0300578399804816
31;25,5;0,0464943883064668
31;26;0,0437333828091291
31;26,5;0,0750066692338306
31;27;0,0976014638341775
31;27,5;0,234924209381369
31;28;0,223593318987628
31;28,5;0,0788022580958621
31;29;0,0379574592691438
31;29,5;0,0421657269928613
31;30;0,063341028663672
31;30,5;0,0627430775569263
31;31;0,0692474549280015
31;31,5;0,0279338341377594
31;32;0,0217135276368995
31;32,5;0,029385718277489
31;33;0,02971701146327
31;33,5;0,0279906221997561
31;34;0,19091002488949
31;34,5;0,298355904697341
31;35;0,0710591255598979
31;35,5;0,0739005951481657
31;36;0,111310053142087
31;36,5;0,1785887927693
31;37;0,202183608619005
31;37,5;0,301037626418848
31;38;0,188612906165052
31;38,5;0,157416249574979
31;39;0,179863954189845
31;39,5;0,0431317445324461
31;40;0,0497210836146826
31;40,5;0,026861213550181
31;41;0,0283376992527444
31;41,5;0,0288076774994647
31;42;0,0378976789584015
31;42,5;0,0659909339912845
31;43;0,150648727810419
31;43,5;0,129634647614153
31;44;0,0285051216217413
31;44,5;0,0762683478912962
31;45;0,0702686751542114
31;45,5;0,084270175907069
31;46;0,0250459391003923
31;46,5;0,0310022095395957
31;47;0,362954020799319
31;47,5;0,294544728222243
31;48;0,146718116528444
31;48,5;0,0848936517820439
31;49;0,0551892144881127
31;49,5;0,0433913642877546
31;50;0,0347234009073707
31;50,5;0,044620013708449
31;51;0,103792109635097
31;51,5;0,0820056683385513
31;52;0,2754031388864
31;52,5;0,326114530712275
31;53;0,125657943793782
31;53,5;0,0730534903260101
31;54;0,039647195045331
31;54,5;0,0710452330565255
31;55;0,0909339399925959
31;55,5;0,142236714872958
31;56;0,0655621805291625
31;56,5;0,0211968895572286
31;57;0,0248306452700637
31;57,5;0,0780440856845977
31;58;0,0464042980893266
31;58,5;0,0300490248543532
31;59;0,0358407014426325
31;59,5;0,0600985437846456
31;60;0,0878916795403373
31;60,5;0,144320281364656
31;61;0,127026283199095
31;61,5;0,0933814501820101
31;62;0,089994208237752
31;62,5;0,0218397874483584
31;63;0,0327925419333667
31;63,5;0,0477319920398396
31;64;0,0834343105387956
31;64,5;0,0362955905376
31;65;0,0516062949398555
31;65,5;0,0718797538005591
31;66;0,0959726819559513
31;66,5;0,0482307427420991
31;67;0,255261601817659
31;67,5;0,217403435453846
31;68;0,25934184193279
31;68,5;0,293910197552504
31;69;0,273512339758191
31;69,5;0
31;70;0,0473602629373455
31;70,5;0
31;71;0
31;71,5;0
31;72;0,256843163651061
31;72,5;0,165989344537534
31;73;0,0694449422204382
31;73,5;0,0901263002680128
31;74;0,124842753726016
31;74,5;0,0689192361471825
31;75;0
31;75,5;0
31;76;0,217763807271952
31;76,5;0,166426131189958
31;77;0
31;77,5;0
31;78;0
31,5;-22;0,0848528137423857
31,5;-21,5;0,0187376626077
31,5;-21;0,0879980364085739
31,5;-20,5;0,0495448730389376
31,5;-20;0
31,5;-19,5;0
31,5;-19;0,0924880914432963
31,5;-18,5;0,0543599116997075
31,5;-18;0
31,5;-17,5;0
31,5;-17;0,00494974746830583
31,5;-16,5;0,0305237612361255
31,5;-16;0,0456414964569569
31,5;-15,5;0,0470721330968304
31,5;-15;0,0442182814032433
31,5;-14,5;0,0310253352692832
31,5;-14;0,0552449092677325
31,5;-13,5;0,0534776492972436
31,5;-13;0,0843486171656595
31,5;-12,5;0,0457924726287034
31,5;-12;0,0689247080850937
31,5;-11,5;0,0389986064411003
31,5;-11;0,0509116882454314
31,5;-10,5;0,0822923334128286
31,5;-10;0,0785215789753357
31,5;-9,5;0,0569343913372535
31,5;-9;0,0372355320693132
31,5;-8,5;0,0499854364755288
31,5;-8;0,0408921345330207
31,5;-7,5;0,0446485215454048
31,5;-7;0,0606702341095172
31,5;-6,5;0,0320130957934004
31,5;-6;0,036093850367161
31,5;-5,5;0,0372187102727405
31,5;-5;0,0470060533176372
31,5;-4,5;0,0599634999482383
31,5;-4;0,0492975883939848
31,5;-3,5;0,0874419744807887
31,5;-3;0,268801110402855
31,5;-2,5;0,116284716262085
31,5;-2;0,0516121063686566
31,5;-1,5;0,0459069200461461
31,5;-1;0,0393230703390525
31,5;-0,5;0,0443417179998934
31,5;0;0,029761124653879
31,5;0,5;0,0835372452853352
31,5;1;0,0314493186233546
31,5;1,5;0,0239117465975272
31,5;2;0,0660289894741726
31,5;2,5;0,0380937275082355
31,5;3;0,0327263837278739
31,5;3,5;0,0496948013200266
31,5;4;0,0248802791647627
31,5;4,5;0,155892984322223
31,5;5;0,13076673267827
31,5;5,5;0,0559099162294344
31,5;6;0,0980321937900185
31,5;6,5;0,0961390357104117
31,5;7;0,0409561278902768
31,5;7,5;0,0343573156701163
31,5;8;0,0331602171283603
31,5;8,5;0,0226575080751681
31,5;9;0,03161724213147
31,5;9,5;0,0278620742060486
31,5;10;0,04965136719631
31,5;10,5;0,04755318032138
31,5;11;0,0251105763938615
31,5;11,5;0,024244152400524
31,5;12;0,0418438442339549
31,5;12,5;0,0285931564371848
31,5;13;0,0623134726244928
31,5;13,5;0,0914789769231963
31,5;14;0,0336904677772158
31,5;14,5;0,0412219809840228
31,5;15;0,0522466850311796
31,5;15,5;0,0762405275239834
31,5;16;0,119413961636909
31,5;16,5;0,032358331058038
31,5;17;0,0263397741703721
31,5;17,5;0,0259121857551162
31,5;18;0,0413127021354165
31,5;18,5;0,0248698209674006
31,5;19;0,0479419302710894
31,5;19,5;0,0512724261552815
31,5;20;0,0585288040001109
31,5;20,5;0,0488480646820383
31,5;21;0,0686349290276527
31,5;21,5;0,0353018873333951
31,5;22;0,043584468361481
31,5;22,5;0,0299820734970548
31,5;23;0,0265855173671113
31,5;23,5;0,0274495018252831
31,5;24;0,0348065602908855
31,5;24,5;0,0459765622840525
31,5;25;0,0770152167637891
31,5;25,5;0,08345448373352
31,5;26;0,0589682324504027
31,5;26,5;0,0571542061329569
31,5;27;0,105284648182236
31,5;27,5;0,0957482306592862
31,5;28;0,125241383875879
31,5;28,5;0,0597253213336031
31,5;29;0,0399914221900303
31,5;29,5;0,0365337752844076
31,5;30;0,0625065229103737
31,5;30,5;0,102079382175109
31,5;31;0,0334810988722498
31,5;31,5;0,0285690202555379
31,5;32;0,0275793312238974
31,5;32,5;0,0134653966307564
31,5;33;0,0315501435843202
31,5;33,5;0,0728514542322492
31,5;34;0,294029636241427
31,5;34,5;0,382400045617094
31,5;35;0,0343879108809438
31,5;35,5;0,0327096827099537
31,5;36;0,104139171929754
31,5;36,5;0,172333777129611
31,5;37;0,179487446886248
31,5;37,5;0,229697694652301
31,5;38;0,218958040633126
31,5;38,5;0,218556778769771
31,5;39;0,100527466040736
31,5;39,5;0,079863600456473
31,5;40;0,0712219307397016
31,5;40,5;0,0222460320426939
31,5;41;0,0509229081286915
31,5;41,5;0,0571175036253319
31,5;42;0,108636853596121
31,5;42,5;0,129957046414542
31,5;43;0,162592030237796
31,5;43,5;0,0714283567831456
31,5;44;0,0270842752695373
31,5;44,5;0,0278328779212629
31,5;45;0,0286811168653953
31,5;45,5;0,0296059437049838
31,5;46;0,0426461672328207
31,5;46,5;0,0312458700567674
31,5;47;0,147805087711129
31,5;47,5;0,152248179907251
31,5;48;0,0352014336289764
31,5;48,5;0,0512907306973908
31,5;49;0,0338217791316215
31,5;49,5;0,0514414705034394
31,5;50;0,0499826400400627
31,5;50,5;0,0397140772030176
31,5;51;0,0764605547170576
31,5;51,5;0,0881681622921346
31,5;52;0,107994779430863
31,5;52,5;0,0626268420905526
31,5;53;0,0550186714083485
31,5;53,5;0,0410035461070755
31,5;54;0,0337374093581713
31,5;54,5;0,04775891510879
31,5;55;0,0477975442272904
31,5;55,5;0,1030508152234
31,5;56;0,089727506108851
31,5;56,5;0,0503214959576865
31,5;57;0,0392366693901226
31,5;57,5;0,0642777438695863
31,5;58;0,0767012988472246
31,5;58,5;0,0532963134719745
31,5;59;0,0419520892609818
31,5;59,5;0,0523599391352534
31,5;60;0,0879100498506882
31,5;60,5;0,213650459367348
31,5;61;0,118825781607165
31,5;61,5;0,169189622510911
31,5;62;0,218759833185584
31,5;62,5;0,0231241275451697
31,5;63;0,0278477019787002
31,5;63,5;0,0523749603397295
31,5;64;0,0497778081948095
31,5;64,5;0,0354754528526704
31,5;65;0,0763041221246148
31,5;65,5;0,0854684332242992
31,5;66;0,0516941815468347
31,5;66,5;0,0675280277702121
31,5;67;0,132065676042118
31,5;67,5;0,306657832920061
31,5;68;0,216989624168984
31,5;68,5;0,0719703159744465
31,5;69;0,0470951417977734
31,5;69,5;0
31,5;70;0,0788371900579408
31,5;70,5;0,101796365357512
31,5;71;0
31,5;71,5;0
31,5;72;0,184588226894525
31,5;72,5;0,159694808722053
31,5;73;0,162098081045976
31,5;73,5;0,14960973039402
31,5;74;0,108649221396679
31,5;74,5;0,0687622716320512
31,5;75;0
31,5;75,5;0,115965512114594
31,5;76;0,284926724080487
31,5;76,5;0,17695358552053
31,5;77;0
31,5;77,5;0
31,5;78;0
32;-22,5;0
32;-22;0
32;-21;0,0706464200555603
32;-20,5;0,0708872343937891
32;-20;0
32;-19,5;0
32;-19;0,0606196936048612
32;-18,5;0,059606247675095
32;-18;0,0619210326602705
32;-17,5;0
32;-17;0,0496272214728078
32;-16,5;0,126484620170932
32;-16;0,0584108683846983
32;-15,5;0,0272802911588987
32;-15;0,041
32;-14,5;0
32;-14;0
32;-13,5;0,0526832934787178
32;-13;0,0761915205173262
32;-12,5;0,044473558840028
32;-12;0,0350799453263907
32;-11,5;0,0523405515191934
32;-11;0,0497616541347072
32;-10,5;0,0540385279222149
32;-10;0,257809319250606
32;-9,5;0,106021877277939
32;-9;0,0847064648370193
32;-8,5;0,239536013539783
32;-8;0,164776484334961
32;-7,5;0,0424193913429314
32;-7;0,0710160159960597
32;-6,5;0,0509877536551051
32;-6;0,0314648516042898
32;-5,5;0,0429764054868649
32;-5;0,0899935799189248
32;-4,5;0,0667051990234704
32;-4;0,0773329322794323
32;-3,5;0,0524392501372298
32;-3;0,0607595971731927
32;-2,5;0,0479857130361313
32;-2;0,0437975369337877
32;-1,5;0,0307557308070785
32;-1;0,0303336382777685
32;-0,5;0,0470310181334262
32;0;0,0375189864533666
32;0,5;0,104070394391467
32;1;0,0334042585662087
32;1,5;0,0246061265954084
32;2;0,0334747460138185
32;2,5;0,0433958259144553
32;3;0,0347457821272422
32;3,5;0,039588781559229
32;4;0,0431937862202896
32;4,5;0,104969847434982
32;5;0,164206780209182
32;5,5;0,122136300481539
32;6;0,0727888110857963
32;6,5;0,0386442451854143
32;7;0,0461179781249795
32;7,5;0,0225940397806328
32;8;0,0363981219053527
32;8,5;0,0280406655702006
32;9;0,0138746056951393
32;9,5;0,0186245527984472
32;10;0,0208957730972877
32;10,5;0,0261957669726029
32;11;0,0326894478387139
32;11,5;0,0187694325379363
32;12;0,0386531870681244
32;12,5;0,028738344367322
32;13;0,0386389014580171
32;13,5;0,031634901872643
32;14;0,0366788974504483
32;14,5;0,0528863169330275
32;15;0,060689271234878
32;15,5;0,0714019194976299
32;16;0,0904854429431352
32;16,5;0,0424955006072033
32;17;0,0790252821536867
32;17,5;0,0406106546946152
32;18;0,0691539964814601
32;18,5;0,0402369652181097
32;19;0,0371756574245903
32;19,5;0,0372375729889216
32;20;0,0426083458227529
32;20,5;0,0377696946244853
32;21;0,0389519828724671
32;21,5;0,0295862821199622
32;22;0,0378225198889853
32;22,5;0,0452650391561542
32;23;0,0498297816127659
32;23,5;0,0291926882668523
32;24;0,0273367173688586
32;24,5;0,0920579966765388
32;25;0,093489103896702
32;25,5;0,0596424681269725
32;26;0,0667593302779665
32;26,5;0,0322050983532413
32;27;0,0716885286736013
32;27,5;0,0769413624709702
32;28;0,0677084950674623
32;28,5;0,0560290893157967
32;29;0,109374887680152
32;29,5;0,05460336019703
32;30;0,0411756446711878
32;30,5;0,0310468516432479
32;31;0,0256049774394879
32;31,5;0,0373631329411251
32;32;0,0280679637593953
32;32,5;0,030811581933864
32;33;0,113218061331948
32;33,5;0,10516850377377
32;34;0,0702635220753647
32;34,5;0,0382822770925225
32;35;0,0444446205937219
32;35,5;0,0413859842807852
32;36;0,0337882807202863
32;36,5;0,0333596982568355
32;37;0,089949713331294
32;37,5;0,192688059945027
32;38;0,213210885382668
32;38,5;0,311630830524745
32;39;0,240119170550973
32;39,5;0,094578017533464
32;40;0,0556618450225267
32;40,5;0,0349001425544119
32;41;0,0351767170110089
32;41,5;0,0977631778346116
32;42;0,15192184763098
32;42,5;0,0842184214180158
32;43;0,179390986747178
32;43,5;0,0286715084520513
32;44;0,0276179521697624
32;44,5;0,0548825407721634
32;45;0,0892824711720079
32;45,5;0,0323994147946811
32;46;0,0300296206697172
32;46,5;0,0234321052076751
32;47;0,0244502741782905
32;47,5;0,0357552893639979
32;48;0,0376678344391453
32;48,5;0,0356863187135958
32;49;0,021257830858919
32;49,5;0,0561544898835655
32;50;0,0623329897457539
32;50,5;0,0677457818296041
32;51;0,116986807451907
32;51,5;0,0720397540475686
32;52;0,041484109609758
32;52,5;0,0526974814819599
32;53;0,0482180703558902
32;53,5;0,0279597465295633
32;54;0,0430339088978296
32;54,5;0,0374120094783987
32;55;0,0591897157603467
32;55,5;0,131805688540671
32;56;0,0767983243062881
32;56,5;0,038926285122592
32;57;0,0458845348845482
32;57,5;0,0427216650363682
32;58;0,0537531607287378
32;58,5;0,0741678961526404
32;59;0,0243041361997205
32;59,5;0,0449326805231776
32;60;0,0482920763154662
32;60,5;0,169097684903215
32;61;0,0840792579309968
32;61,5;0,14482849052126
32;62;0,20870053882021
32;62,5;0,130647281561796
32;63;0,0585378748166621
32;63,5;0,0504233546472024
32;64;0,0429086595132555
32;64,5;0,0746957919143713
32;65;0,0673632948426923
32;65,5;0,0427763984159245
32;66;0,044697106271456
32;66,5;0,0518633032215175
32;67;0,0538548619332197
32;67,5;0,143951112769279
32;68;0,0494337941088887
32;68,5;0,062412249509923
32;69;0,0429759014399368
32;69,5;0,0219593780812273
32;70;0,0807629515220257
32;70,5;0,0697929591209396
32;71;0
32;71,5;0
32;72;0,0378725934328946
32;72,5;0,159378321221433
32;73;0,10200714260706
32;73,5;0,129168039208394
32;74;0,132367287970749
32;74,5;0,0810965754237165
32;75;0,0552430991165412
32;75,5;0
32;76;0,0657640986151766
32;76,5;0
32;77;0
32;77,5;0
32;78;0
32,5;-22,5;0
32,5;-22;0
32,5;-21;0,0226274169979695
32,5;-20,5;0,0823309234272333
32,5;-20;0,0810064974651969
32,5;-19,5;0,0318956632370818
32,5;-19;0
32,5;-18,5;0
32,5;-18;0,0817916051112011
32,5;-17,5;0
32,5;-17;0,0127279220613579
32,5;-16,5;0,118271932426929
32,5;-16;0,0641853932439644
32,5;-15,5;0,0521650634635275
32,5;-15;0,0442093033195503
32,5;-14,5;0,059703677999489
32,5;-14;0
32,5;-13,5;0,0554212948922725
32,5;-13;0,143426520095367
32,5;-12,5;0,0996390708730488
32,5;-12;0,0957216399407217
32,5;-11,5;0,0686949779823824
32,5;-11;0,0793024928706158
32,5;-10,5;0,0785673808481187
32,5;-10;0,163729204364015
32,5;-9,5;0,0807207404863461
32,5;-9;0,0417239848179786
32,5;-8,5;0,149622975911572
32,5;-8;0,125864087347993
32,5;-7,5;0,0797410258629381
32,5;-7;0,14283540315673
32,5;-6,5;0,0327481997415517
32,5;-6;0,0393142326890512
32,5;-5,5;0,0182242215837504
32,5;-5;0,063542680775515
32,5;-4,5;0,023916298710071
32,5;-4;0,0348823632257628
32,5;-3,5;0,022857484149894
32,5;-3;0,109777029736121
32,5;-2,5;0,0967523631764092
32,5;-2;0,0418313802481388
32,5;-1,5;0,0522001445256196
32,5;-1;0,0383702344222297
32,5;-0,5;0,0389225727138722
32,5;0;0,0300067076962038
32,5;0,5;0,0448761561614241
32,5;1;0,031752165280497
32,5;1,5;0,0336380241195387
32,5;2;0,0527642257947046
32,5;2,5;0,0597765121874416
32,5;3;0,0763756078278555
32,5;3,5;0,0768280260597348
32,5;4;0,100036993157531
32,5;4,5;0,0518893052564784
32,5;5;0,126190952424606
32,5;5,5;0,172152263791025
32,5;6;0,105512798696202
32,5;6,5;0,028168246976712
32,5;7;0,0277591669518784
32,5;7,5;0,0301592102256095
32,5;8;0,0308537137617591
32,5;8,5;0,0287765232787253
32,5;9;0,02202233714512
32,5;9,5;0,0292350995693867
32,5;10;0,116975407106659
32,5;10,5;0,0611645322061732
32,5;11;0,0885202020490176
32,5;11,5;0,0406671126290861
32,5;12;0,0713682540486344
32,5;12,5;0,0345908871898947
32,5;13;0,240675683385345
32,5;13,5;0,307799327111526
32,5;14;0,204828529596664
32,5;14,5;0,0458075635203121
32,5;15;0,144381806682129
32,5;15,5;0,108780914050362
32,5;16;0,0854224098272023
32,5;16,5;0,0835005508701232
32,5;17;0,0816412187235678
32,5;17,5;0,0356801996519919
32,5;18;0,0645848956786254
32,5;18,5;0,046554317777765
32,5;19;0,0419713215986189
32,5;19,5;0,0361540113508153
32,5;20;0,0292646169072234
32,5;20,5;0,0290591483164458
32,5;21;0,0610777927359744
32,5;21,5;0,224982127174733
32,5;22;0,0715425029173175
32,5;22,5;0,0537360700936579
32,5;23;0,0449113380566016
32,5;23,5;0,0454404676859027
32,5;24;0,0316366050896079
32,5;24,5;0,0605756484568815
32,5;25;0,0592592730146425
32,5;25,5;0,0245004350538813
32,5;26;0,0454917880257281
32,5;26,5;0,069455870720394
32,5;27;0,101321731634607
32,5;27,5;0,0730126048851236
32,5;28;0,0646712459465396
32,5;28,5;0,0526600661678975
32,5;29;0,332060858023967
32,5;29,5;0,314296521977943
32,5;30;0,0484783306345635
32,5;30,5;0,0404645283029229
32,5;31;0,034148940540755
32,5;31,5;0,030065158807242
32,5;32;0,0368866902201743
32,5;32,5;0,0310025085017293
32,5;33;0,0252267699165867
32,5;33,5;0,0339443041058105
32,5;34;0,0418124932745888
32,5;34,5;0,0331283408529377
32,5;35;0,0289640448894581
32,5;35,5;0,0335376672602297
32,5;36;0,0562076850696599
32,5;36,5;0,0354016692531164
32,5;37;0,0251000150884774
32,5;37,5;0,0859096006201096
32,5;38;0,228005887191181
32,5;38,5;0,253918907714014
32,5;39;0,0916740202041568
32,5;39,5;0,0798887889196057
32,5;40;0,0808492518552461
32,5;40,5;0,0592636695567788
32,5;41;0,053532657118354
32,5;41,5;0,087154364248271
32,5;42;0,0637473885355447
32,5;42,5;0,029003319202985
32,5;43;0,0378431521766708
32,5;43,5;0,0347925452353414
32,5;44;0,0391303930005861
32,5;44,5;0,0438528807664348
32,5;45;0,0850865338287658
32,5;45,5;0,0341102319076268
32,5;46;0,0340814245440677
32,5;46,5;0,0262434212226192
32,5;47;0,0265722322623181
32,5;47,5;0,0284248339274062
32,5;48;0,0474685057580455
32,5;48,5;0,0418694052058092
32,5;49;0,0222579528459165
32,5;49,5;0,0238427961280355
32,5;50;0,040233486323592
32,5;50,5;0,0431784087355079
32,5;51;0,0820891074907472
32,5;51,5;0,0781918535351673
32,5;52;0,0391250423774867
32,5;52,5;0,0369162512725291
32,5;53;0,0462007849044623
32,5;53,5;0,0182789604444766
32,5;54;0,0337615635471799
32,5;54,5;0,0204320516048284
32,5;55;0,0559276293482739
32,5;55,5;0,151630035549421
32,5;56;0,049286856497459
32,5;56,5;0,0206111078200024
32,5;57;0,0691417976701823
32,5;57,5;0,114801545686883
32,5;58;0,0524015869586931
32,5;58,5;0,0598366925496463
32,5;59;0,0548278533969264
32,5;59,5;0,0655022947922663
32,5;60;0,143197638058622
32,5;60,5;0,055262213163132
32,5;61;0,0792947840444752
32,5;61,5;0,323390979165167
32,5;62;0,127916294875296
32,5;62,5;0,149502293341225
32,5;63;0,0364012194917671
32,5;63,5;0,0533958672939002
32,5;64;0,059554523278571
32,5;64,5;0,0569087853365792
32,5;65;0,0336479399433883
32,5;65,5;0,0310325005752682
32,5;66;0,0497043208604154
32,5;66,5;0,0480571422091041
32,5;67;0,249081752454976
32,5;67,5;0,185779323401573
32,5;68;0,0608111831820431
32,5;68,5;0
32,5;69;0,0243894330488522
32,5;69,5;0,0256988164448612
32,5;70;0,0758380686269187
32,5;70,5;0,103391042513158
32,5;71;0
32,5;71,5;0,272943217538007
32,5;72;0,132595118190548
32,5;72,5;0,044190496715923
32,5;73;0,0452912795138314
32,5;73,5;0,143786548148884
32,5;74;0,082785532820925
32,5;74,5;0,128907169938442
32,5;75;0,0474341649025257
32,5;75,5;0
32,5;76;0,0791959594928933
32,5;76,5;0
32,5;77;0,140210084350674
32,5;77,5;0,0636525165028285
32,5;78;0
33;-21;0
33;-20,5;0,0746949150232486
33;-20;0,079046562065399
33;-19,5;0,046934604961128
33;-19;0
33;-18,5;0,0511049573590143
33;-18;0,0547729196526233
33;-17,5;0,0362160185553299
33;-17;0
33;-16,5;0,0332340187157677
33;-16;0,0609137056183889
33;-15,5;0,0583376188901962
33;-15;0,0742726491174672
33;-14,5;0,0537134076043613
33;-14;0,0429763500854443
33;-13,5;0,265609458821377
33;-13;0,191879386022803
33;-12,5;0,203610799004533
33;-12;0,271665086442699
33;-11,5;0,0320943054831296
33;-11;0,0557758410465001
33;-10,5;0,0548456511908233
33;-10;0,127480521121096
33;-9,5;0,0605749120044708
33;-9;0,0443971971087265
33;-8,5;0,0964751611035541
33;-8;0,0785259266091089
33;-7,5;0,0733766735156086
33;-7;0,0405113009068519
33;-6,5;0,0379016719409964
33;-6;0,0358192101743718
33;-5,5;0,0517109234866594
33;-5;0,0472489281771724
33;-4,5;0,0340832094757106
33;-4;0,0363212672381005
33;-3,5;0,043976862886957
33;-3;0,0676775778152508
33;-2,5;0,106887639476668
33;-2;0,068834439779391
33;-1,5;0,0554228977521786
33;-1;0,0282283698293046
33;-0,5;0,0354964155684385
33;0;0,0298945829232366
33;0,5;0,0396098333446751
33;1;0,0440554824873146
33;1,5;0,038083835316269
33;2;0,033916600596621
33;2,5;0,047931786930461
33;3;0,0994546445423083
33;3,5;0,043237663190872
33;4;0,0535800988917077
33;4,5;0,0626314540451734
33;5;0,0825921182013194
33;5,5;0,0582435621715848
33;6;0,104924816320496
33;6,5;0,0211142047416728
33;7;0,0261509155800506
33;7,5;0,0315044970334924
33;8;0,0287663116979781
33;8,5;0,019290650613754
33;9;0,0357288888912118
33;9,5;0,0390504091371846
33;10;0,279004508144113
33;10,5;0,254499148926686
33;11;0,315797313340294
33;11,5;0,144645861123145
33;12;0,043707763926458
33;12,5;0,161254611685731
33;13;0,333283829519651
33;13,5;0,322681900129479
33;14;0,375412387341861
33;14,5;0,0420068535381929
33;15;0,0260005348232388
33;15,5;0,101143429686264
33;16;0,190417762729265
33;16,5;0,0851463819395065
33;17;0,0185380373738989
33;17,5;0,047637210911557
33;18;0,046664132663734
33;18,5;0,0239279329180207
33;19;0,0534409359388533
33;19,5;0,1281554254962
33;20;0,121612744329782
33;20,5;0,0332352218024728
33;21;0,0751418031557041
33;21,5;0,361457238067598
33;22;0,025049942947294
33;22,5;0,0261966960526173
33;23;0,0344648130039141
33;23,5;0,0328139948488804
33;24;0,0354936169307628
33;24,5;0,0260362994469047
33;25;0,0452638952768476
33;25,5;0,0304526374188366
33;26;0,0422299449913004
33;26,5;0,0735412627022972
33;27;0,100229954120941
33;27,5;0,114528233035322
33;28;0,0638777521216677
33;28,5;0,0695447427419404
33;29;0,31789330921546
33;29,5;0,339376954819843
33;30;0,0496807304790357
33;30,5;0,0404498433229851
33;31;0,0388306183837822
33;31,5;0,0359331411051853
33;32;0,0378545679822593
33;32,5;0,032238988375212
33;33;0,0386246993231867
33;33,5;0,038247741884895
33;34;0,025673035213446
33;34,5;0,0444798465522454
33;35;0,0242290679323363
33;35,5;0,0222467364424765
33;36;0,0652061236962688
33;36,5;0,0357851021827643
33;37;0,0213510633537557
33;37,5;0,0526581142583475
33;38;0,104047775611698
33;38,5;0,141557426205162
33;39;0,163446082176085
33;39,5;0,10412505871047
33;40;0,0601483877822434
33;40,5;0,0562112708583807
33;41;0,0306454540360143
33;41,5;0,0335824456732338
33;42;0,0511438937997596
33;42,5;0,137086277343494
33;43;0,2560389162626
33;43,5;0,0346830910017772
33;44;0,0320609486139627
33;44,5;0,217442339229249
33;45;0,322545441518056
33;45,5;0,0509214961057685
33;46;0,045134780782764
33;46,5;0,0357915356627307
33;47;0,0506602683559088
33;47,5;0,034639435147224
33;48;0,0458993446791148
33;48,5;0,0487425902568537
33;49;0,0430213933622775
33;49,5;0,0547145629915962
33;50;0,0239715913994754
33;50,5;0,0352008248951848
33;51;0,0489181746639374
33;51,5;0,0916732701673824
33;52;0,050611695263832
33;52,5;0,0345623570049719
33;53;0,0541868408208204
33;53,5;0,037660545505038
33;54;0,0283732531628284
33;54,5;0,0380742629635466
33;55;0,0362415507394482
33;55,5;0,0463390171996165
33;56;0,0799062057924035
33;56,5;0,0717418693296533
33;57;0,118499779294284
33;57,5;0,0959739044521496
33;58;0,0259104050703398
33;58,5;0,0411222365888518
33;59;0,0497771682567761
33;59,5;0,0733665461842787
33;60;0,0914331364674003
33;60,5;0,0689972691496244
33;61;0,14190127217108
33;61,5;0,146990910266495
33;62;0,0576985540308845
33;62,5;0,0980272610167142
33;63;0,0405105049351524
33;63,5;0,0397813872999699
33;64;0,0369267113426312
33;64,5;0,0273576491549086
33;65;0,0507534495741734
33;65,5;0,0454912356971376
33;66;0,0460092292950868
33;66,5;0,0590089810149737
33;67;0,29786553161946
33;67,5;0,115153430937344
33;68;0,116001836855483
33;68,5;0
33;69;0
33;69,5;0,0551183734132213
33;70;0,0592767334339282
33;70,5;0,108726493049539
33;71;0
33;71,5;0
33;72;0,101462167474243
33;72,5;0,073422067527413
33;73;0,2869651546791
33;73,5;0,173349358233597
33;74;0,0318577567739266
33;74,5;0,105949044356238
33;75;0,078177362452311
33;75,5;0
33;76;0
33;76,5;0,021920310216783
33;77;0,095075742570841
33;77,5;0,144029226831981
33;78;0
33,5;-22;0
33,5;-21,5;0
33,5;-21;0
33,5;-20,5;0,0737495762699692
33,5;-19,5;0,0450238032283242
33,5;-19;0
33,5;-18,5;0,0660121200992666
33,5;-18;0,282142635322396
33,5;-17,5;0,364194953792356
33,5;-17;0,0380140951302465
33,5;-16,5;0
33,5;-16;0,0847732269056687
33,5;-15,5;0,07325212295754
33,5;-15;0,0701308174114785
33,5;-14,5;0,0653579308975252
33,5;-14;0,0648965732330399
33,5;-13,5;0,242145681734768
33,5;-13;0,112161640582838
33,5;-12,5;0,0758173049920909
33,5;-12;0,158837881902501
33,5;-11,5;0,0563179603681494
33,5;-11;0,0546772793585122
33,5;-10,5;0,0499868365025175
33,5;-10;0,112170632129139
33,5;-9,5;0,11279482580009
33,5;-9;0,0407555317593079
33,5;-8,5;0,0874222878347187
33,5;-8;0,0758247046574257
33,5;-7,5;0,0466580578139978
33,5;-7;0,0345611195587642
33,5;-6,5;0,0599222867648408
33,5;-6;0,0445533531489278
33,5;-5,5;0,0673475943680989
33,5;-5;0,0751949743100607
33,5;-4,5;0,0525535988028074
33,5;-4;0,0303038980094624
33,5;-3,5;0,0305672164799583
33,5;-3;0,0418028556095562
33,5;-2,5;0,0741370124528389
33,5;-2;0,0941581007819615
33,5;-1,5;0,058581197276041
33,5;-1;0,0496721793407302
33,5;-0,5;0,0361510201377458
33,5;0;0,0409412802651806
33,5;0,5;0,0367410281252411
33,5;1;0,0281111040990828
33,5;1,5;0,0349848511096236
33,5;2;0,119998071588147
33,5;2,5;0,0816967052756264
33,5;3;0,104011584833682
33,5;3,5;0,0327797975291249
33,5;4;0,0248872083708854
33,5;4,5;0,0301391068192683
33,5;5;0,0427329509444262
33,5;5,5;0,0324944475019549
33,5;6;0,137019828751442
33,5;6,5;0,0372229767751049
33,5;7;0,0261314646265029
33,5;7,5;0,0265106169282677
33,5;8;0,0248384782142546
33,5;8,5;0,0336394490804362
33,5;9;0,0284993306189817
33,5;9,5;0,365844593600434
33,5;10;0,325798071408247
33,5;10,5;0,218708630090431
33,5;11;0,19856974751482
33,5;11,5;0,267275939477708
33,5;12;0,0719481304209802
33,5;12,5;0,0301974350571967
33,5;13;0,321371775140791
33,5;13,5;0,374205217892588
33,5;14;0,251840407314439
33,5;14,5;0,128894484227908
33,5;15;0,0248609071814034
33,5;15,5;0,0503266053163285
33,5;16;0,0586330780177694
33,5;16,5;0,0810911712975751
33,5;17;0,088139946723986
33,5;17,5;0,0859054379712063
33,5;18;0,0829240293812923
33,5;18,5;0,079718872206389
33,5;19;0,0802236618511584
33,5;19,5;0,325436378560431
33,5;20;0,332588082734957
33,5;20,5;0,0266790599446316
33,5;21;0,0321357855852971
33,5;21,5;0,0195207877190994
33,5;22;0,0291735931346183
33,5;22,5;0,0434395015079839
33,5;23;0,0371721939865272
33,5;23,5;0,0418748109202485
33,5;24;0,0333622715752185
33,5;24,5;0,0270250479694125
33,5;25;0,0306051310056823
33,5;25,5;0,0379088119017463
33,5;26;0,100511395439263
33,5;26,5;0,0685219519577627
33,5;27;0,0872548801787682
33,5;27,5;0,107310093282562
33,5;28;0,0876887545268731
33,5;28,5;0,0961238719272977
33,5;29;0,0751057744683494
33,5;29,5;0,0491343941166328
33,5;30;0,033297962525314
33,5;30,5;0,0355148880268159
33,5;31;0,0284346183891358
33,5;31,5;0,0431596344745413
33,5;32;0,0482636965823807
33,5;32,5;0,0512561803784335
33,5;33;0,0466072292099097
33,5;33,5;0,300219315749157
33,5;34;0,324632683931523
33,5;34,5;0,0943950927930969
33,5;35;0,0279752694800129
33,5;35,5;0,0449914370937927
33,5;36;0,0673494034773904
33,5;36,5;0,0633017958844701
33,5;37;0,0661914526458012
33,5;37,5;0,0499025679051179
33,5;38;0,0288490416247318
33,5;38,5;0,0297375369233798
33,5;39;0,0286430063731612
33,5;39,5;0,116453884309607
33,5;40;0,0603294933757345
33,5;40,5;0,0418457645874346
33,5;41;0,056294233336453
33,5;41,5;0,0334789961636075
33,5;42;0,0386944465641072
33,5;42,5;0,0624709506861699
33,5;43;0,31570204976251
33,5;43,5;0,0845942737529706
33,5;44;0,126681171888323
33,5;44,5;0,326671377083602
33,5;45;0,38478773461202
33,5;45,5;0,0490712364994024
33,5;46;0,0274207297030091
33,5;46,5;0,0317166716358854
33,5;47;0,0353570307616737
33,5;47,5;0,0322388025818109
33,5;48;0,0367108810949907
33,5;48,5;0,0399080901246314
33,5;49;0,0402653797613788
33,5;49,5;0,047520075648364
33,5;50;0,0297523108346226
33,5;50,5;0,0293643985892659
33,5;51;0,0570819839358077
33,5;51,5;0,0815326979464056
33,5;52;0,0376873546985351
33,5;52,5;0,0296679407429651
33,5;53;0,0655800255476694
33,5;53,5;0,061544491219721
33,5;54;0,0240114452750198
33,5;54,5;0,040965599180218
33,5;55;0,040310898315498
33,5;55,5;0,114741162551865
33,5;56;0,167623135553954
33,5;56,5;0,0992591856789313
33,5;57;0,114778016638415
33,5;57,5;0,0528772815857126
33,5;58;0,091814527138015
33,5;58,5;0,0698187099989272
33,5;59;0,0648751824479813
33,5;59,5;0,0397031534772693
33,5;60;0,170890971689517
33,5;60,5;0,0986026000026
33,5;61;0,0607386964571337
33,5;61,5;0,0645229580940933
33,5;62;0,0267655638491564
33,5;62,5;0,370245670433819
33,5;63;0,087603322370761
33,5;63,5;0,0433899950065296
33,5;64;0,044724325084201
33,5;64,5;0,0512685152480322
33,5;65;0,040110120158514
33,5;65,5;0,0511071894036756
33,5;66;0,0491655829361815
33,5;66,5;0,0580363186781716
33,5;67;0,371787552603664
33,5;67,5;0,168756842216462
33,5;68;0,10424047333954
33,5;68,5;0,00636396103067892
33,5;69;0,0388226022368986
33,5;69,5;0,0374979999466638
33,5;70;0,0447278042227453
33,5;70,5;0,0694780589846328
33,5;71;0,0221258306273998
33,5;71,5;0,0472822494294752
33,5;72;0,0674705063770032
33,5;72,5;0,157507758032992
33,5;73;0,258329521172927
33,5;73,5;0,0607536007163361
33,5;74;0,095757506233193
33,5;74,5;0,106692506339906
33,5;75;0,13028345166512
33,5;75,5;0,137511591905907
33,5;76;0,328111649511953
33,5;76,5;0
33,5;77;0,107322152626773
33,5;77,5;0,0936021355972169
33,5;78;0
34;-22;0,0390917723653797
34;-21,5;0,0628137458417078
34;-21;0
34;-19,5;0
34;-18,5;0
34;-18;0,298947304569034
34;-17,5;0,352182903303145
34;-17;0
34;-16,5;0
34;-16;0
34;-15,5;0,0481935581547892
34;-15;0,277872735878554
34;-14,5;0,0694454165683592
34;-14;0,059139577739213
34;-13,5;0,0499882652896324
34;-13;0,0498985607644786
34;-12,5;0,0568140621883145
34;-12;0,00212132034355964
34;-11,5;0,0626311956349762
34;-11;0,0419150830914635
34;-10,5;0,0442804022451073
34;-10;0,0491262225965556
34;-9,5;0,0283090870881543
34;-9;0,0577561784788629
34;-8,5;0,0457316360461879
34;-8;0,0451136324335472
34;-7,5;0,031834205921723
34;-7;0,079476789064481
34;-6,5;0,0769857784531248
34;-6;0,0284071940127707
34;-5,5;0,049678102634471
34;-5;0,100107729087065
34;-4,5;0,0386148447805316
34;-4;0,0178912202689438
34;-3,5;0,0415462589044944
34;-3;0,0621166168061227
34;-2,5;0,0697324824987773
34;-2;0,0318686827152518
34;-1,5;0,0697183042873811
34;-1;0,0392949155987002
34;-0,5;0,036250146091558
34;0;0,0323665492456037
34;0,5;0,0314858821508689
34;1;0,0242249871000998
34;1,5;0,0277873368309068
34;2;0,043716580673359
34;2,5;0,0797732418685412
34;3;0,0514462502682816
34;3,5;0,0399302744885167
34;4;0,0220548371161608
34;4,5;0,0280975965365274
34;5;0,0245180205835082
34;5,5;0,0316443737682479
34;6;0,100900776343231
34;6,5;0,0765903749644176
34;7;0,0213460791814031
34;7,5;0,0310207719441509
34;8;0,0293338482924996
34;8,5;0,0726518519915091
34;9;0,0453154903307009
34;9,5;0,337905997817265
34;10;0,305849612615727
34;10,5;0,134842500718431
34;11;0,158050823502813
34;11,5;0,033356842260919
34;12;0,0520706409879172
34;12,5;0,0317244485154402
34;13;0,117865752041047
34;13,5;0,216297013870664
34;14;0,242457259509951
34;14,5;0,319281231767039
34;15;0,0396149555748916
34;15,5;0,0222875303970523
34;16;0,0240313264914089
34;16,5;0,0203914798092843
34;17;0,112890191435646
34;17,5;0,0516430492433144
34;18;0,157512869858286
34;18,5;0,09477225738174
34;19;0,056511570783325
34;19,5;0,104180284125202
34;20;0,0371489675165514
34;20,5;0,031499268870784
34;21;0,0417443606275728
34;21,5;0,0542824568090587
34;22;0,0370870146152948
34;22,5;0,0376097913595597
34;23;0,254793537656889
34;23,5;0,170945167889404
34;24;0,0497674082259725
34;24,5;0,0288560218653935
34;25;0,0338391675421604
34;25,5;0,041308441301615
34;26;0,0984077548107696
34;26,5;0,065466346374647
34;27;0,0521932750444559
34;27,5;0,0565552322800076
34;28;0,0577730583121953
34;28,5;0,09220190801131
34;29;0,204102231454046
34;29,5;0,0346861252956944
34;30;0,0480110938183901
34;30,5;0,0419089140861475
34;31;0,0254553641016068
34;31,5;0,405110203103398
34;32;0,183248931620817
34;32,5;0,044079557332524
34;33;0,0428034132856642
34;33,5;0,190538890065653
34;34;0,164829570754031
34;34,5;0,0637715263833962
34;35;0,0553947690740863
34;35,5;0,0794495768504024
34;36;0,0473726037434525
34;36,5;0,0606991633365079
34;37;0,0276988557641694
34;37,5;0,100999160929557
34;38;0,061102372519958
34;38,5;0,0370790302402567
34;39;0,0257334450647897
34;39,5;0,0534087293140998
34;40;0,112813239239587
34;40,5;0,039618392401658
34;41;0,0481820539844906
34;41,5;0,0782773616847415
34;42;0,0407327744747783
34;42,5;0,037027308577588
34;43;0,193434837399091
34;43,5;0,218299662784176
34;44;0,095948562726021
34;44,5;0,0556855745011246
34;45;0,131173167987969
34;45,5;0,0903507529961881
34;46;0,0232939514917635
34;46,5;0,0560636803601189
34;47;0,0235324004343049
34;47,5;0,0326897231329106
34;48;0,0432828805794228
34;48,5;0,0488485212881272
34;49;0,0451404788162027
34;49,5;0,0537625819449857
34;50;0,0240141325206563
34;50,5;0,0439105618821763
34;51;0,0378103627252076
34;51,5;0,0720288730597097
34;52;0,0236853575250487
34;52,5;0,0325451731024135
34;53;0,119923551176246
34;53,5;0,0802733108377578
34;54;0,0342855273099322
34;54,5;0,0265532272907046
34;55;0,0458489194635813
34;55,5;0,127429499100076
34;56;0,233979504088143
34;56,5;0,186473530707283
34;57;0,045139789295497
34;57,5;0,0233188332138669
34;58;0,0264160317993712
34;58,5;0,0552135974826272
34;59;0,0682952245017508
34;59,5;0,0963142905896382
34;60;0,125742376547999
34;60,5;0,085246382895811
34;61;0,130599714157481
34;61,5;0,0245678485764112
34;62;0,0489787764110185
34;62,5;0,217504504029648
34;63;0,0369226600921823
34;63,5;0,0356245110294865
34;64;0,0407390041560582
34;64,5;0,0438565369509875
34;65;0,0604233289973916
34;65,5;0,356197289654917
34;66;0,101059409515892
34;66,5;0,0499233156508389
34;67;0,0647874264654749
34;67,5;0,0445381528447637
34;68;0,0442408907036964
34;68,5;0,0267103808367542
34;69;0,0470315819101346
34;69,5;0,042563628839656
34;70;0,0488840501832534
34;70,5;0,0731142478915003
34;71;0,0400055867310676
34;71,5;0,0795330285578196
34;72;0,139233386432407
34;72,5;0,125355813586766
34;73;0,0752257554678867
34;73,5;0
34;74;0,0753960969054196
34;74,5;0,101776751422536
34;75;0,104243465022993
34;75,5;0,259582164256329
34;76;0,269550208700663
34;76,5;0,289270106378873
34;77;0,130933936904583
34;77,5;0,0723916678315162
34,5;-22;0,0343947670438397
34,5;-21,5;0,0427239199200323
34,5;-21;0,051618795026618
34,5;-20,5;0,0777876382638441
34,5;-20;0,0538715403264363
34,5;-19,5;0,0692964645562817
34,5;-19;0,0926309883354377
34,5;-18,5;0
34,5;-18;0
34,5;-17,5;0
34,5;-17;0
34,5;-16,5;0
34,5;-16;0
34,5;-15,5;0,423146546718746
34,5;-15;0,247858720668433
34,5;-14,5;0,0780271526108058
34,5;-14;0,0534387006494781
34,5;-13,5;0,0388933657895408
34,5;-13;0,0374710293737448
34,5;-12,5;0,0427645451760062
34,5;-12;0,0422185602298386
34,5;-11,5;0,0508074552054748
34,5;-11;0,0450170970231338
34,5;-10,5;0,0674754770268429
34,5;-10;0,0390660771886331
34,5;-9,5;0,0560426758158909
34,5;-9;0,0399604138794802
34,5;-8,5;0,0382879294288333
34,5;-8;0,0326132009379772
34,5;-7,5;0,020891889637646
34,5;-7;0,0802370006367788
34,5;-6,5;0,0525520630206949
34,5;-6;0,0368174550994498
34,5;-5,5;0,0458693061967621
34,5;-5;0,0708077536230177
34,5;-4,5;0,0735140066196844
34,5;-4;0,0809164214600767
34,5;-3,5;0,0459798369740832
34,5;-3;0,052204407196084
34,5;-2,5;0,116912345202491
34,5;-2;0,096997376230405
34,5;-1,5;0,0328143602356321
34,5;-1;0,0446463305300259
34,5;-0,5;0,0320398044878248
34,5;0;0,0295935302188219
34,5;0,5;0,0341390084921406
34,5;1;0,0296921092188187
34,5;1,5;0,0241975703111611
34,5;2;0,0398395380936854
34,5;2,5;0,041577061353736
34,5;3;0,0462460431687329
34,5;3,5;0,0359911490496949
34,5;4;0,0275457195706822
34,5;4,5;0,0212799327346231
34,5;5;0,0176105090087768
34,5;5,5;0,0236231081712255
34,5;6;0,0230308123946861
34,5;6,5;0,0156065430934536
34,5;7;0,0300812604690189
34,5;7,5;0,0349566240466423
34,5;8;0,0246880175260467
34,5;8,5;0,0355808995561262
34,5;9;0,0320182906576713
34,5;9,5;0,177113473532894
34,5;10;0,161494775563903
34,5;10,5;0,0450955352587757
34,5;11;0,0848690118568239
34,5;11,5;0,0324995592256612
34,5;12;0,0293106779215423
34,5;12,5;0,0814857776297365
34,5;13;0,103450067139585
34,5;13,5;0,0358177588038396
34,5;14;0,0353979764491514
34,5;14,5;0,0421999132871485
34,5;15;0,0284211790446993
34,5;15,5;0,0168831629125395
34,5;16;0,0194411647269819
34,5;16,5;0,0245798536746197
34,5;17;0,0795107027934579
34,5;17,5;0,118132294076867
34,5;18;0,0292663790295665
34,5;18,5;0,180829894865846
34,5;19;0,158715946261265
34,5;19,5;0,099548201312461
34,5;20;0,0373874901566635
34,5;20,5;0,138441289557002
34,5;21;0,15671851978769
34,5;21,5;0,0372105327191182
34,5;22;0,0442894308691615
34,5;22,5;0,28606008960383
34,5;23;0,357155170394564
34,5;23,5;0,320946253737208
34,5;24;0,0433805158899535
34,5;24,5;0,0385517473468261
34,5;25;0,0340267790359773
34,5;25,5;0,0416087832373267
34,5;26;0,0505785873130005
34,5;26,5;0,0645923653749897
34,5;27;0,0430158549913673
34,5;27,5;0,0674210807492889
34,5;28;0,0495298320634137
34,5;28,5;0,0647612450812124
34,5;29;0,0323524145810425
34,5;29,5;0,0254896521832106
34,5;30;0,05103459502052
34,5;30,5;0,0455657025519396
34,5;31;0,207223647537505
34,5;31,5;0,0988279583242245
34,5;32;0,0434769549765745
34,5;32,5;0,0270432637656018
34,5;33;0,0231286985251694
34,5;33,5;0,036302173655276
34,5;34;0,0423599338558722
34,5;34,5;0,0401222445534787
34,5;35;0,0283368220182445
34,5;35,5;0,0176091712799117
34,5;36;0,0422289103774973
34,5;36,5;0,0331135005936948
34,5;37;0,0343559225136614
34,5;37,5;0,117320121566463
34,5;38;0,0959975880665788
34,5;38,5;0,0504731141439548
34,5;39;0,041153425407718
34,5;39,5;0,0320753790118708
34,5;40;0,175886879785448
34,5;40,5;0,184843917909154
34,5;41;0,16737985442485
34,5;41,5;0,286789190138349
34,5;42;0,312319344739728
34,5;42,5;0,0300303041046734
34,5;43;0,0461176276984903
34,5;43,5;0,0349976294973541
34,5;44;0,0323432287263415
34,5;44,5;0,02588205694962
34,5;45;0,019104264301545
34,5;45,5;0,0586769201839248
34,5;46;0,091480502277676
34,5;46,5;0,0464058027090767
34,5;47;0,0284030277405302
34,5;47,5;0,038126759569229
34,5;48;0,042407242520047
34,5;48,5;0,059265201770741
34,5;49;0,0401285864025855
34,5;49,5;0,0415711344611836
34,5;50;0,022492046524555
34,5;50,5;0,037118536276872
34,5;51;0,0703373588735755
34,5;51,5;0,0470362162617508
34,5;52;0,0556009502361823
34,5;52,5;0,0550485825189572
34,5;53;0,0739095925679693
34,5;53,5;0,0677209626916126
34,5;54;0,0418323485499217
34,5;54,5;0,057614569819293
34,5;55;0,0563164135022115
34,5;55,5;0,0465183464763607
34,5;56;0,106693035846071
34,5;56,5;0,0436664490794177
34,5;57;0,0427178769858531
34,5;57,5;0,0532717960001749
34,5;58;0,0657598468378717
34,5;58,5;0,0530890309707106
34,5;59;0,0528151608600983
34,5;59,5;0,114590153304851
34,5;60;0,119158996898357
34,5;60,5;0,08911947724538
34,5;61;0,0814995693116215
34,5;61,5;0,0389456602945991
34,5;62;0,0494181475786429
34,5;62,5;0,0453636165611813
34,5;63;0,0505195760776704
34,5;63,5;0,0384360077872188
34,5;64;0,0312799738483409
34,5;64,5;0,0508973561728369
34,5;65;0,065110878439997
34,5;65,5;0,222111224335591
34,5;66;0,106285642093276
34,5;66,5;0,205816212898944
34,5;67;0,0676980819745309
34,5;67,5;0,07242802234669
34,5;68;0,027859301725648
34,5;68,5;0,040171634693128
34,5;69;0,0259132789070665
34,5;69,5;0,0351225855692559
34,5;70;0,066937519964123
34,5;70,5;0,0827265109245887
34,5;71;0,10669612974501
34,5;71,5;0,0936840434652561
34,5;72;0
34,5;72,5;0,0651664535375884
34,5;73;0
34,5;73,5;0
34,5;74;0
34,5;74,5;0
34,5;75;0,0305505046330389
34,5;75,5;0,264457936163769
34,5;76;0,328075783466213
34,5;76,5;0,0824848859504359
34,5;77;0,111686171327523
34,5;77,5;0,110486025834772
34,5;78;0
35;-21;0,0770139958420257
35;-20,5;0,081014955884226
35;-20;0
35;-19,5;0
35;-19;0,0506262598047513
35;-18,5;0
35;-18;0
35;-17,5;0,0792903945422563
35;-17;0,136176356244394
35;-16,5;0
35;-16;0
35;-15,5;0,076711798310299
35;-15;0,332370295199967
35;-14,5;0,0862493980811161
35;-14;0,0493928071555455
35;-13,5;0,0537581095597152
35;-13;0,0341441389146398
35;-12,5;0,0540367870896703
35;-12;0,092608159815255
35;-11,5;0,0704796714323572
35;-11;0,0423189838771726
35;-10,5;0,0690936426280516
35;-10;0,0511146845398635
35;-9,5;0,0528761796495506
35;-9;0,036599807135461
35;-8,5;0,0470909500409322
35;-8;0,0383842330996641
35;-7,5;0,0578194603918093
35;-7;0,0559399633813394
35;-6,5;0,0515385715651332
35;-6;0,0304086375199024
35;-5,5;0,0413420882715653
35;-5;0,344584451961413
35;-4,5;0,387294523524222
35;-4;0,253805642066166
35;-3,5;0,0464661256825406
35;-3;0,126942378758051
35;-2,5;0,113052402071053
35;-2;0,0724115102779129
35;-1,5;0,0373830484960489
35;-1;0,0383135881180914
35;-0,5;0,0278193255515276
35;0;0,0388254641526237
35;0,5;0,0388472001394912
35;1;0,0512370671715468
35;1,5;0,0296744410527079
35;2;0,0264189466822895
35;2,5;0,0316651623537138
35;3;0,0301655688482682
35;3,5;0,0278343981254897
35;4;0,0624347703684749
35;4,5;0,0327125177176413
35;5;0,0203150224646946
35;5,5;0,0226141365865186
35;6;0,0205818195202912
35;6,5;0,0205557429321616
35;7;0,0228778827836222
35;7,5;0,0200750211414385
35;8;0,0423375927880341
35;8,5;0,0358072452923566
35;9;0,0319322500779591
35;9,5;0,243724391887849
35;10;0,210259832368044
35;10,5;0,0358684484231825
35;11;0,0267981589351591
35;11,5;0,0269141963829899
35;12;0,0299962899450635
35;12,5;0,16505797921148
35;13;0,29254167346936
35;13,5;0,0815142604434794
35;14;0,0475418809132679
35;14,5;0,0226008709953378
35;15;0,0176991868838924
35;15,5;0,0348308086668083
35;16;0,0326751238623871
35;16,5;0,0454961740618512
35;17;0,13152878093502
35;17,5;0,291427506515864
35;18;0,0790930589596277
35;18,5;0,0866490077568128
35;19;0,0636110436075972
35;19,5;0,029375978601774
35;20;0,11399267642322
35;20,5;0,40625989512987
35;21;0,100047711242063
35;21,5;0,0445775084255025
35;22;0,1639821567207
35;22,5;0,381188321698211
35;23;0,030786801633876
35;23,5;0,0512582875204858
35;24;0,0370628420041656
35;24,5;0,0271891443718505
35;25;0,0311440142151382
35;25,5;0,049123228382546
35;26;0,0490442571301183
35;26,5;0,0307598321309996
35;27;0,0462643321832716
35;27,5;0,0588178336582353
35;28;0,356890139698609
35;28,5;0,344480465327852
35;29;0,0347587994906605
35;29,5;0,0276750383413779
35;30;0,0399087058859592
35;30,5;0,0429540297593412
35;31;0,129549968638398
35;31,5;0,0853541694885742
35;32;0,0547791111093501
35;32,5;0,0535845119236885
35;33;0,0363158904183938
35;33,5;0,0305649945289497
35;34;0,0200794285190353
35;34,5;0,0220063533962813
35;35;0,0225436768728346
35;35,5;0,021391897626891
35;36;0,0480562120410931
35;36,5;0,0382766714612755
35;37;0,044112054127276
35;37,5;0,0345694456791258
35;38;0,0340535160109475
35;38,5;0,219317234397685
35;39;0,154939338872936
35;39,5;0,0831364585114012
35;40;0,132870332576028
35;40,5;0,116689765417039
35;41;0,342438582656068
35;41,5;0,361572060533827
35;42;0,320546303030117
35;42,5;0,0534516911178526
35;43;0,0738831803089888
35;43,5;0,0669486750828354
35;44;0,0330959838068631
35;44,5;0,0422164413563256
35;45;0,057660715589667
35;45,5;0,0891908117379397
35;46;0,0686169460003389
35;46,5;0,0536406965737403
35;47;0,0430340822358635
35;47,5;0,0318641622924575
35;48;0,0473890900598209
35;48,5;0,0350702138818671
35;49;0,0387529836945834
35;49,5;0,0401247134804622
35;50;0,0295715505913185
35;50,5;0,0316104376632725
35;51;0,092942041960793
35;51,5;0,0771795507751324
35;52;0,0481619554169038
35;52,5;0,0636432986871918
35;53;0,0662831077636874
35;53,5;0,0432296441045046
35;54;0,102010569219532
35;54,5;0,0468182620005332
35;55;0,0520515239673849
35;55,5;0,285320789044655
35;56;0,329798315806662
35;56,5;0,0536935739694211
35;57;0,0350888820479151
35;57,5;0,0499907657320495
35;58;0,0470717470154721
35;58,5;0,0403024103613724
35;59;0,0481692845810591
35;59,5;0,112170375501703
35;60;0,126088716152895
35;60,5;0,109227444423939
35;61;0,0759128635759662
35;61,5;0,0567076049486874
35;62;0,0508083117320661
35;62,5;0,0195893808571004
35;63;0,0363385173548921
35;63,5;0,0337455279368645
35;64;0,0567245852468625
35;64,5;0,0449778502992735
35;65;0,0476816453449591
35;65,5;0,0651411349752786
35;66;0,346618951494973
35;66,5;0,207581323110643
35;67;0,215025269832796
35;67,5;0,0484836742282046
35;68;0,0525321670163013
35;68,5;0,129662597714433
35;69;0,0512855641570714
35;69,5;0,114903901877467
35;70;0,0839224553582446
35;70,5;0,0692515965572708
35;71;0,0506729078477207
35;71,5;0,128204264099652
35;72;0
35;72,5;0
35;73;0
35;73,5;0,0449139918807788
35;74;0,0282842712474619
35;74,5;0,0220680764907139
35;75;0
35;75,5;0
35;76;0
35;76,5;0,0462139949943016
35;77;0,0676890650238982
35;77,5;0,0751132478328557
35;78;0
35,5;-22,5;0
35,5;-22;0
35,5;-21,5;0,256644311512215
35,5;-21;0,289247288782102
35,5;-20,5;0,098132168938861
35,5;-20;0,0462898476990366
35,5;-19,5;0,0353034464795342
35,5;-17,5;0,0525461701744285
35,5;-17;0,0454762547225444
35,5;-16,5;0,0573288981588044
35,5;-16;0
35,5;-15,5;0,0373504289862184
35,5;-15;0,0423789376810505
35,5;-14,5;0,0454648505065061
35,5;-14;0,0604933820790532
35,5;-13,5;0,0426599783655925
35,5;-13;0,0472145222480447
35,5;-12,5;0,030181396035748
35,5;-12;0,0836323646311229
35,5;-11,5;0,0580398350185422
35,5;-11;0,0420217125344068
35,5;-10,5;0,0632382251354319
35,5;-10;0,0564724784743468
35,5;-9,5;0,033480661733976
35,5;-9;0,0652377370673013
35,5;-8,5;0,0598372830180446
35,5;-8;0,0449697315619824
35,5;-7,5;0,089958040277979
35,5;-7;0,0480864275162773
35,5;-6,5;0,0247957288793944
35,5;-6;0,0312576558026616
35,5;-5,5;0,0336059388026435
35,5;-5;0,346278218327516
35,5;-4,5;0,353539595675454
35,5;-4;0,353560073595741
35,5;-3,5;0,190990681361611
35,5;-3;0,113526717369043
35,5;-2,5;0,114202769659835
35,5;-2;0,0741129037560974
35,5;-1,5;0,0318131040798008
35,5;-1;0,0315503109417116
35,5;-0,5;0,0266801306037986
35,5;0;0,0327090464961771
35,5;0,5;0,0371058407446449
35,5;1;0,0618179032970553
35,5;1,5;0,0432770910710303
35,5;2;0,0322871819445387
35,5;2,5;0,0236852079499052
35,5;3;0,0356265795164801
35,5;3,5;0,0375766562698004
35,5;4;0,0812343233446072
35,5;4,5;0,0517248468302645
35,5;5;0,0222049663969043
35,5;5,5;0,0202439461413011
35,5;6;0,0319122121720555
35,5;6,5;0,0249628912262853
35,5;7;0,0239931607564614
35,5;7,5;0,026109496071812
35,5;8;0,0259214856051493
35,5;8,5;0,0205390409673078
35,5;9;0,0199509177347134
35,5;9,5;0,187163784876097
35,5;10;0,164466292275244
35,5;10,5;0,0224878112072421
35,5;11;0,0450009611161518
35,5;11,5;0,0232691225901559
35,5;12;0,0820965567371688
35,5;12,5;0,080071521920028
35,5;13;0,0483827200899845
35,5;13,5;0,0234279035909461
35,5;14;0,026906708023077
35,5;14,5;0,0314630812555551
35,5;15;0,0278108157866887
35,5;15,5;0,0918278425155706
35,5;16;0,0742615527199064
35,5;16,5;0,0856387562300355
35,5;17;0,298320964800022
35,5;17,5;0,265529910952129
35,5;18;0,0795478435687959
35,5;18,5;0,115701811456485
35,5;19;0,0343284240944531
35,5;19,5;0,0250186610611199
35,5;20;0,0197475508801918
35,5;20,5;0,120822106080654
35,5;21;0,0306432503368816
35,5;21,5;0,0603564503504066
35,5;22;0,0261266319271479
35,5;22,5;0,0234419623859797
35,5;23;0,146474386581907
35,5;23,5;0,189431862267241
35,5;24;0,037921353509438
35,5;24,5;0,0269455512725778
35,5;25;0,0305674971511599
35,5;25,5;0,0464112015972398
35,5;26;0,0308751017766112
35,5;26,5;0,03914697089619
35,5;27;0,0420151487831797
35,5;27,5;0,0455901238103017
35,5;28;0,119686101506127
35,5;28,5;0,0790643653426931
35,5;29;0,028756147571711
35,5;29,5;0,0411742059410711
35,5;30;0,380004013629873
35,5;30,5;0,209570078356646
35,5;31;0,240555332025954
35,5;31,5;0,292143913005072
35,5;32;0,219191889724243
35,5;32,5;0,124353497374045
35,5;33;0,0455786546052865
35,5;33,5;0,0506819049393195
35,5;34;0,037241183729967
35,5;34,5;0,0353431454603928
35,5;35;0,0270832372211045
35,5;35,5;0,0288921615616637
35,5;36;0,0180317891757922
35,5;36,5;0,0501176070213077
35,5;37;0,0202273398757811
35,5;37,5;0,0166095222224327
35,5;38;0,0982383395109173
35,5;38,5;0,33177628710201
35,5;39;0,353461912020658
35,5;39,5;0,288529825178236
35,5;40;0,054307372301323
35,5;40,5;0,0577806162727453
35,5;41;0,171700524046909
35,5;41,5;0,177545953336646
35,5;42;0,0684819285179837
35,5;42,5;0,0548528186363194
35,5;43;0,0495312123430124
35,5;43,5;0,0886024840979299
35,5;44;0,171544268666735
35,5;44,5;0,0365803501232928
35,5;45;0,0659394082917242
35,5;45,5;0,0683104329226495
35,5;46;0,0858009772223353
35,5;46,5;0,068574109011896
35,5;47;0,0696288840251048
35,5;47,5;0,14758689029489
35,5;48;0,101986398172962
35,5;48,5;0,0320652748445035
35,5;49;0,0979289996357497
35,5;49,5;0,0391105728002276
35,5;50;0,0429911212548199
35,5;50,5;0,0564373662438277
35,5;51;0,0625295621962875
35,5;51,5;0,0324084130151382
35,5;52;0,0303881703358156
35,5;52,5;0,0716104503316496
35,5;53;0,0640175979282309
35,5;53,5;0,0762476980949617
35,5;54;0,10647834515182
35,5;54,5;0,0321491983059543
35,5;55;0,0545098550697017
35,5;55,5;0,319097315199361
35,5;56;0,351983186336703
35,5;56,5;0,0464115918100396
35,5;57;0,108179600011212
35,5;57,5;0,0587313786099775
35,5;58;0,072973123690901
35,5;58,5;0,0968024391336408
35,5;59;0,336845658581354
35,5;59,5;0,335729595365099
35,5;60;0,135089248048361
35,5;60,5;0,0409799252336055
35,5;61;0,0609553807432817
35,5;61,5;0,0374356339832695
35,5;62;0,0382594837745331
35,5;62,5;0,0382570254985931
35,5;63;0,0454214900258497
35,5;63,5;0,0452409663875844
35,5;64;0,0439093174827662
35,5;64,5;0,0341562592012906
35,5;65;0,0525058484770391
35,5;65,5;0,0615540527378231
35,5;66;0,293121089416464
35,5;66,5;0,319169786633904
35,5;67;0,0471521317589329
35,5;67,5;0,0394409652973877
35,5;68;0,0258592682492364
35,5;68,5;0,071199224975394
35,5;69;0,0945230478181538
35,5;69,5;0,139562383851005
35,5;70;0,085998919930712
35,5;70,5;0
35,5;71;0,0589146969818893
35,5;71,5;0,129190837234106
35,5;72;0
35,5;72,5;0
35,5;73;0,0926940906662579
35,5;73,5;0,0919981570328227
35,5;74;0,0911943568116236
35,5;74,5;0,0521344415909483
35,5;75;0,0942304503744823
35,5;75,5;0
35,5;76;0,124898486252364
35,5;76,5;0
35,5;77;0
35,5;77,5;0
35,5;78;0
36;-21,5;0,385860942136758
36;-21;0,253775192226827
36;-20,5;0,0867963694868487
36;-20;0,0818973198320372
36;-19,5;0,0625835156296882
36;-19;0,0404686827771091
36;-18,5;0,0134350288425444
36;-18;0
36;-17,5;0
36;-17;0,0568521474235289
36;-16,5;0,0472757866142913
36;-16;0
36;-15,5;0,0608632346604527
36;-15;0,0782347849677327
36;-14,5;0,0533113736842577
36;-14;0,051804860676809
36;-13,5;0,0647139796308639
36;-13;0,0522139313177615
36;-12,5;0,0422039857275391
36;-12;0,0660637454398285
36;-11,5;0,0411261126640623
36;-11;0,027489897134119
36;-10,5;0,0436377130473172
36;-10;0,0472767357543829
36;-9,5;0,054830908905731
36;-9;0,0441035577875959
36;-8,5;0,0776684287577689
36;-8;0,0862649695830756
36;-7,5;0,0598411829610313
36;-7;0,0370131196633958
36;-6,5;0,0512405454993687
36;-6;0,173430733617773
36;-5,5;0,376371311535681
36;-5;0,312857804576439
36;-4,5;0,373954816845587
36;-4;0,372248911278531
36;-3,5;0,341478789194231
36;-3;0,088883754936916
36;-2,5;0,0847647955155854
36;-2;0,0340980278196447
36;-1,5;0,0343865627304283
36;-1;0,0379338639494319
36;-0,5;0,0303158079121502
36;0;0,0340974659869382
36;0,5;0,0680195027534084
36;1;0,0456601132102774
36;1,5;0,0350801463318879
36;2;0,0225467025472815
36;2,5;0,0322159033052048
36;3;0,0304311582454047
36;3,5;0,0324465418994458
36;4;0,046939504470007
36;4,5;0,0284053258111091
36;5;0,0209853615515443
36;5,5;0,0332633535396724
36;6;0,0267989247759309
36;6,5;0,0256954857704756
36;7;0,0381987696858111
36;7,5;0,0265647657030794
36;8;0,0304407838649738
36;8,5;0,0257920402225759
36;9;0,0833692614010492
36;9,5;0,0389435771836223
36;10;0,0266359111555321
36;10,5;0,0191262479561869
36;11;0,0314512872721353
36;11,5;0,0266302195830474
36;12;0,0383033167902596
36;12,5;0,0318828779493961
36;13;0,030542516401293
36;13,5;0,0272030903891775
36;14;0,02322568635987
36;14,5;0,050709586025188
36;15;0,0357058228461965
36;15,5;0,0853015901054008
36;16;0,0759172255819193
36;16,5;0,0800494638749484
36;17;0,0766394985115083
36;17,5;0,145787678789091
36;18;0,0776856158092672
36;18,5;0,0793309959753145
36;19;0,0515574787501978
36;19,5;0,0407689550063243
36;20;0,0428369532322378
36;20,5;0,0947327120517156
36;21;0,159343155471163
36;21,5;0,103781892663804
36;22;0,0842437347083261
36;22,5;0,0184640202770911
36;23;0,0347613862231352
36;23,5;0,0938297399553223
36;24;0,0427256387794411
36;24,5;0,0307200249230283
36;25;0,0203166094406675
36;25,5;0,0303363830501897
36;26;0,0404372056180819
36;26,5;0,0453665998106358
36;27;0,0419484530182307
36;27,5;0,0550889330226255
36;28;0,0326882720503884
36;28,5;0,0257614329358325
36;29;0,0424560034213328
36;29,5;0,0305271048901455
36;30;0,171543431987789
36;30,5;0,0766281886053056
36;31;0,139525949265114
36;31,5;0,310566688532148
36;32;0,352082999037337
36;32,5;0,361168722919389
36;33;0,345573650487921
36;33,5;0,26458696612012
36;34;0,0674501558887136
36;34,5;0,0583720124611907
36;35;0,0385135150532957
36;35,5;0,0248219553769772
36;36;0,0176286521927074
36;36,5;0,0329462852761677
36;37;0,0482612059171928
36;37,5;0,0900963241150693
36;38;0,254505981517329
36;38,5;0,373886829159953
36;39;0,107990061781287
36;39,5;0,335968917379835
36;40;0,0494365705228049
36;40,5;0,028383037486783
36;41;0,0431053987569902
36;41,5;0,0429133468545478
36;42;0,100109709794592
36;42,5;0,100613233292859
36;43;0,0735796175556864
36;43,5;0,286189726980302
36;44;0,268061678715064
36;44,5;0,0439015921169747
36;45;0,0954170763419659
36;45,5;0,106394964411331
36;46;0,105002174011411
36;46,5;0,0485895817223045
36;47;0,0429928480251261
36;47,5;0,0748606862735818
36;48;0,0610001935482333
36;48,5;0,0484340095578849
36;49;0,108977290108325
36;49,5;0,0412975945610227
36;50;0,0464316289681608
36;50,5;0,0531022326031403
36;51;0,0559607580593493
36;51,5;0,0266519929480219
36;52;0,0449829505504073
36;52,5;0,0768044168082632
36;53;0,0582708667896476
36;53,5;0,0510830921233724
36;54;0,146754892595612
36;54,5;0,142074372551635
36;55;0,0599106085272096
36;55,5;0,0490408785923462
36;56;0,0577164201835949
36;56,5;0,0844887983491111
36;57;0,197742141923659
36;57,5;0,045774391976369
36;58;0,144515685889471
36;58,5;0,125227309378544
36;59;0,307840128905585
36;59,5;0,263905559138386
36;60;0,0405718017294166
36;60,5;0,0331302260656378
36;61;0,0299550608278351
36;61,5;0,0294392545898618
36;62;0,350681944201153
36;62,5;0,329812505831052
36;63;0,155073280168513
36;63,5;0,0412873199476733
36;64;0,0320830039633202
36;64,5;0,0440122338258661
36;65;0,0390682559058965
36;65,5;0,0608657615636614
36;66;0,0731520280582811
36;66,5;0,0476768956491249
36;67;0,0385466010932281
36;67,5;0,0510488476704896
36;68;0,0383863958273681
36;68,5;0,0537886770072805
36;69;0,0517954692508972
36;69,5;0,0848201688218141
36;70;0,057546021716402
36;70,5;0,029698484809835
36;71;0,0469462712145744
36;71,5;0,0831959062906908
36;72;0,0725189630372636
36;72,5;0,0337243729865113
36;73;0,113722880798111
36;73,5;0,112272781682717
36;74;0,0781759092631205
36;74,5;0,0744080342137565
36;75;0,0979131707738495
36;75,5;0
36;76;0,181019335983756
36;76,5;0
36;77;0
36;77,5;0,275135393243735
36;78;0
36,5;-22;0
36,5;-21,5;0,0710364787885866
36,5;-21;0,280124012715797
36,5;-20,5;0,0968721208202225
36,5;-20;0,0597369232552196
36,5;-19,5;0,0405010287935175
36,5;-19;0,0647179896305361
36,5;-18,5;0,0767938799644867
36,5;-18;0,0672315058928133
36,5;-17,5;0,0732572780539844
36,5;-17;0,0736867938625612
36,5;-16,5;0,0710479253202209
36,5;-16;0,0484183160935336
36,5;-15,5;0,0622253967444162
36,5;-15;0,0560959571649902
36,5;-14,5;0,0482792801198287
36,5;-14;0,0493859733018836
36,5;-13,5;0,0646237881135715
36,5;-13;0,050926895080438
36,5;-12,5;0,0626237325944244
36,5;-12;0,0562786872660876
36,5;-11,5;0,0525235469909044
36,5;-11;0,0369246642508707
36,5;-10,5;0,0543204516038903
36,5;-10;0,0296969992542324
36,5;-9,5;0
36,5;-9;0,0649173925627243
36,5;-8,5;0,171545466201256
36,5;-8;0,120237223327128
36,5;-7,5;0,0653005043180949
36,5;-7;0,0599021944127856
36,5;-6,5;0,0292118697336089
36,5;-6;0,227859715389691
36,5;-5,5;0,292835030486195
36,5;-5;0,385664485797465
36,5;-4,5;0,2094827542848
36,5;-4;0,224683692702121
36,5;-3,5;0,325943633060978
36,5;-3;0,0888465219425854
36,5;-2,5;0,142653334020218
36,5;-2;0,0760284677453897
36,5;-1,5;0,0608855425662608
36,5;-1;0,0416124828949792
36,5;-0,5;0,0391536288568641
36,5;0;0,0324314597249769
36,5;0,5;0,107408048327067
36,5;1;0,0909163419440806
36,5;1,5;0,0240278964364868
36,5;2;0,0252288669640814
36,5;2,5;0,0260196205262246
36,5;3;0,0286425363394233
36,5;3,5;0,0400710590396941
36,5;4;0,0343664981973303
36,5;4,5;0,0318474293075815
36,5;5;0,0256722010112477
36,5;5,5;0,0155612891178162
36,5;6;0,0230324959083595
36,5;6,5;0,0401465737382421
36,5;7;0,0328741359647215
36,5;7,5;0,0268147712263757
36,5;8;0,0417976926090187
36,5;8,5;0,0229211908882487
36,5;9;0,0523756365142752
36,5;9,5;0,0468381878409102
36,5;10;0,0227442572899055
36,5;10,5;0,0414439380368227
36,5;11;0,0296803749243062
36,5;11,5;0,0212739154032355
36,5;12;0,0334606158808539
36,5;12,5;0,0172429528065121
36,5;13;0,0159597677717385
36,5;13,5;0,0180111650404882
36,5;14;0,0277073301357364
36,5;14,5;0,034525592342647
36,5;15;0,0261991525108447
36,5;15,5;0,0256128223096688
36,5;16;0,0258441251238807
36,5;16,5;0,0366524853617813
36,5;17;0,0406658238407897
36,5;17,5;0,034836101842724
36,5;18;0,0553615011981526
36,5;18,5;0,0483361813943148
36,5;19;0,0730144269136605
36,5;19,5;0,053388707714327
36,5;20;0,0592134883085325
36,5;20,5;0,0683591840248298
36,5;21;0,0740875702613258
36,5;21,5;0,0949977195957159
36,5;22;0,0738439958445129
36,5;22,5;0,0858646131425715
36,5;23;0,0374562175158038
36,5;23,5;0,0405082488426625
36,5;24;0,0323875897650686
36,5;24,5;0,0726383573245432
36,5;25;0,0369962555883414
36,5;25,5;0,0328194952028107
36,5;26;0,0286149420026479
36,5;26,5;0,0445447828890967
36,5;27;0,0252384805555054
36,5;27,5;0,0480624840225429
36,5;28;0,041669839951041
36,5;28,5;0,0326881573403765
36,5;29;0,0347690659991098
36,5;29,5;0,0249685674157573
36,5;30;0,0420118465411275
36,5;30,5;0,0297492663613889
36,5;31;0,0303326129911159
36,5;31,5;0,314748418658545
36,5;32;0,357126063605878
36,5;32,5;0,2758449077424
36,5;33;0,276113184963256
36,5;33,5;0,243525757979238
36,5;34;0,261903329314151
36,5;34,5;0,252775415426931
36,5;35;0,035925359387165
36,5;35,5;0,0251573314566934
36,5;36;0,0413602387161979
36,5;36,5;0,107724604106189
36,5;37;0,0506133466028649
36,5;37,5;0,0911041376461958
36,5;38;0,11742991755592
36,5;38,5;0,22150088707544
36,5;39;0,0900376149852645
36,5;39,5;0,0410540026692396
36,5;40;0,0263945275584825
36,5;40,5;0,0303253270861392
36,5;41;0,0769949880846699
36,5;41,5;0,0836692927258274
36,5;42;0,120361944654955
36,5;42,5;0,12398120847944
36,5;43;0,118062537292167
36,5;43,5;0,265799149118327
36,5;44;0,0976260356537413
36,5;44,5;0,347756439174639
36,5;45;0,183536425569306
36,5;45,5;0,0454782633652972
36,5;46;0,0540359972253589
36,5;46,5;0,0524598093821141
36,5;47;0,0284662341285503
36,5;47,5;0,0284382812945129
36,5;48;0,0574545887390006
36,5;48,5;0,0327926281917105
36,5;49;0,07198005069533
36,5;49,5;0,0570463085087104
36,5;50;0,0357389150227291
36,5;50,5;0,0351243685320761
36,5;51;0,0614994714304594
36,5;51,5;0,0396673669405974
36,5;52;0,0766424849726141
36,5;52,5;0,111010662456403
36,5;53;0,0389159550867857
36,5;53,5;0,0689315203273777
36,5;54;0,122182681968883
36,5;54,5;0,136170616118864
36,5;55;0,0673696400839524
36,5;55,5;0,0309178722264138
36,5;56;0,0222496999226913
36,5;56,5;0,110340773433301
36,5;57;0,131547164535912
36,5;57,5;0,0375161239002072
36,5;58;0,0438310344281059
36,5;58,5;0,0746580855597232
36,5;59;0,141584435927257
36,5;59,5;0,0909795702976139
36,5;60;0,0577004690259051
36,5;60,5;0,0314897427125706
36,5;61;0,0257877265583121
36,5;61,5;0,110465361428493
36,5;62;0,296563077947269
36,5;62,5;0,361945018488634
36,5;63;0,0304936416393489
36,5;63,5;0,0278369696490147
36,5;64;0,0403354513285742
36,5;64,5;0,0321581370737042
36,5;65;0,0372010631410223
36,5;65,5;0,0514819111420083
36,5;66;0,0556066641050888
36,5;66,5;0,0454909158340808
36,5;67;0,0392603101263797
36,5;67,5;0,0772263371063081
36,5;68;0,0494971005510723
36,5;68,5;0,0458072118076922
36,5;69;0,0421040378111174
36,5;69,5;0,066092559453348
36,5;70;0,10328777099136
36,5;70,5;0,066282998554953
36,5;71;0,0240416305603426
36,5;71,5;0,0383961606350837
36,5;72;0,0640732858913313
36,5;72,5;0,105839276173604
36,5;73;0,116628252345064
36,5;73,5;0,13837182454672
36,5;74;0,132420635077231
36,5;74,5;0,0754381645234471
36,5;75;0
36,5;75,5;0
36,5;76;0
36,5;76,5;0
36,5;77;0,0856207724017172
36,5;77,5;0,349369522866641
36,5;78;0
37;-22;0
37;-21,5;0,00443846820423443
37;-21;0
37;-20,5;0,0765960337155416
37;-20;0,0480442504364466
37;-19,5;0,0800684231201813
37;-19;0,0490088427395166
37;-18,5;0,0581274461850854
37;-18;0,0840419963045687
37;-17,5;0,0704802572829205
37;-17;0,0181606586832506
37;-16,5;0,0421613962450644
37;-16;0,0596238207430554
37;-15,5;0,0328841400475467
37;-15;0
37;-14,5;0
37;-14;0,057158648611659
37;-13,5;0,105571185141946
37;-13;0,072874805789385
37;-12,5;0,0454031997710574
37;-12;0,0610944837748255
37;-11,5;0,0481904822620106
37;-11;0,290834529128392
37;-10,5;0,359286662943159
37;-10;0,168136743799161
37;-9,5;0,0495584951793781
37;-9;0,029805810903855
37;-8,5;0,198422908391931
37;-8;0,323733351862629
37;-7,5;0,0598555760960121
37;-7;0,0513578117846647
37;-6,5;0,0304116367047027
37;-6;0,375407494909255
37;-5,5;0,389338150247436
37;-5;0,318938786838823
37;-4,5;0,253633660373262
37;-4;0,296333721155659
37;-3,5;0,323396623087156
37;-3;0,0492293647214464
37;-2,5;0,285588083788441
37;-2;0,0992581187946347
37;-1,5;0,0504537987578973
37;-1;0,0348705237420754
37;-0,5;0,0243520880496955
37;0;0,11015643447399
37;0,5;0,0789009858347541
37;1;0,231316578726726
37;1,5;0,258541797519136
37;2;0,0306704939225045
37;2,5;0,0404823052218037
37;3;0,0353728597288557
37;3,5;0,0288334296722861
37;4;0,0271975504285091
37;4,5;0,0241132743525221
37;5;0,0259874969937468
37;5,5;0,0317240534096495
37;6;0,0519635693003787
37;6,5;0,0412912019791328
37;7;0,0216075756374928
37;7,5;0,0225587265431958
37;8;0,0324102979077379
37;8,5;0,0277506309957298
37;9;0,0537427488862566
37;9,5;0,0369805753765686
37;10;0,0374279270668028
37;10,5;0,0574267025938187
37;11;0,0285556631041341
37;11,5;0,0456028051792912
37;12;0,0387556465271971
37;12,5;0,0276696445342209
37;13;0,0310920011326911
37;13,5;0,0265894379287414
37;14;0,0334188482968459
37;14,5;0,0375268792556304
37;15;0,0246448744105289
37;15,5;0,0180082663908052
37;16;0,0196129762538737
37;16,5;0,0218908921020774
37;17;0,0261135737267493
37;17,5;0,031705736373853
37;18;0,0852693003446564
37;18,5;0,0535661261203406
37;19;0,0441235723378597
37;19,5;0,056801259298111
37;20;0,106227338652062
37;20,5;0,12052939939258
37;21;0,0939370070566752
37;21,5;0,102787447598204
37;22;0,148228837454936
37;22,5;0,0927249775192138
37;23;0,108519802518296
37;23,5;0,0308499219631477
37;24;0,0422859880044741
37;24,5;0,0830506346951629
37;25;0,0473489992356076
37;25,5;0,0271977508995416
37;26;0,0259199589668709
37;26,5;0,0570719807591561
37;27;0,0357128562241733
37;27,5;0,0415430090548873
37;28;0,0289629032030069
37;28,5;0,0365650341738926
37;29;0,0336331399171487
37;29,5;0,0296494083277836
37;30;0,0367379045720894
37;30,5;0,024217875868179
37;31;0,0262766849974427
37;31,5;0,21438183705727
37;32;0,394628399568902
37;32,5;0,392837374365845
37;33;0,0474191925318004
37;33,5;0,142580075390107
37;34;0,392346235015236
37;34,5;0,225322955896157
37;35;0,0338795747181074
37;35,5;0,0261365533589952
37;36;0,0267558261774803
37;36,5;0,0426693488400754
37;37;0,0526233937553607
37;37,5;0,0691392693589765
37;38;0,0648560005847583
37;38,5;0,0349943600335794
37;39;0,040073807955242
37;39,5;0,0251934925916499
37;40;0,026133922618096
37;40,5;0,0693884806790974
37;41;0,0710264666347971
37;41,5;0,0526632471874824
37;42;0,105371637340998
37;42,5;0,120884183060836
37;43;0,0639581187435086
37;43,5;0,0985181823160029
37;44;0,17687879092746
37;44,5;0,222987722616697
37;45;0,203389513315266
37;45,5;0,226162259817079
37;46;0,0517185062379435
37;46,5;0,0534651042692089
37;47;0,0498655197619814
37;47,5;0,0293834093404743
37;48;0,154705073415976
37;48,5;0,0760391381114859
37;49;0,047686463047251
37;49,5;0,0595561524455505
37;50;0,0455650506140614
37;50,5;0,0736045658670106
37;51;0,0648398025906927
37;51,5;0,0903098292884359
37;52;0,0670947822406599
37;52,5;0,055381745992368
37;53;0,0454884765545119
37;53,5;0,123894230665342
37;54;0,116695373031121
37;54,5;0,0624495446276082
37;55;0,0392042460752511
37;55,5;0,054659495370646
37;56;0,0424118381821751
37;56,5;0,107071320605789
37;57;0,109719974972352
37;57,5;0,0387513829728168
37;58;0,0252935577326624
37;58,5;0,0214290215343008
37;59;0,0811090294200673
37;59,5;0,0471615782026025
37;60;0,0894833020795056
37;60,5;0,080900125006014
37;61;0,0353634639342747
37;61,5;0,0304815517977678
37;62;0,150836361397067
37;62,5;0,309086411177308
37;63;0,0470246370664152
37;63,5;0,0474889864112655
37;64;0,0406192495817782
37;64,5;0,0401474837884699
37;65;0,052459508194416
37;65,5;0,0441348141287784
37;66;0,0460661097355248
37;66,5;0,0486101906887034
37;67;0,046013828630632
37;67,5;0,0436763028379236
37;68;0,0630591211715114
37;68,5;0,0852956762148726
37;69;0,0711184602238785
37;69,5;0,0583061753507603
37;70;0,0458435746133887
37;70,5;0,0439331879107355
37;71;0,0332824232436537
37;71,5;0,054097134859436
37;72;0,0701548843075647
37;72,5;0,093205637753791
37;73;0,0810355595079216
37;73,5;0,122602772180323
37;74;0,201269785592959
37;74,5;0,193492105278729
37;75;0
37;75,5;0
37;76;0,0812417028730583
37;76,5;0
37;77;0
37;77,5;0,084348261195277
37;78;0,0781690475827869
37,5;-22,5;0
37,5;-22;0
37,5;-21,5;0,0219317121994613
37,5;-21;0,0134350288425444
37,5;-20,5;0,0476410187408568
37,5;-20;0,0445124380691189
37,5;-19,5;0,0625806146768577
37,5;-19;0,0307245829914744
37,5;-18,5;0,113844191771034
37,5;-18;0,0530050740852975
37,5;-17,5;0
37,5;-17;0,0861928071244927
37,5;-16,5;0,0587815679211837
37,5;-16;0,0290955936771974
37,5;-15,5;0,363809695036977
37,5;-15;0,343853691431561
37,5;-14,5;0,0487500164365521
37,5;-14;0,0463165861635565
37,5;-13,5;0,0485081121650061
37,5;-13;0,0498039747152363
37,5;-12,5;0,00282842712474619
37,5;-12;0
37,5;-11,5;0,0449501260731502
37,5;-11;0,313004719948669
37,5;-10,5;0,31408812198319
37,5;-10;0,0501008025719506
37,5;-9,5;0,0623504581947621
37,5;-9;0,0419181174604558
37,5;-8,5;0,329039901709498
37,5;-8;0,163312912632932
37,5;-7,5;0,0308662557136474
37,5;-7;0,0280958724509578
37,5;-6,5;0,0264002635032963
37,5;-6;0,0274042222631744
37,5;-5,5;0,0261955173303588
37,5;-5;0,28264352233843
37,5;-4,5;0,271499337945879
37,5;-4;0,280735042416162
37,5;-3,5;0,18304901119785
37,5;-3;0,236693909208551
37,5;-2,5;0,0696959280270022
37,5;-2;0,073828815656856
37,5;-1,5;0,0344811964367792
37,5;-1;0,112481422848173
37,5;-0,5;0,0377576694871285
37,5;0;0,061188862737241
37,5;0,5;0,307066013152603
37,5;1;0,0833448305224649
37,5;1,5;0,237435180965407
37,5;2;0,0583784529306683
37,5;2,5;0,138939202620866
37,5;3;0,0610386701829511
37,5;3,5;0,0395200114185334
37,5;4;0,0304860397983984
37,5;4,5;0,0307774357438073
37,5;5;0,0403067097887497
37,5;5,5;0,0555533521142467
37,5;6;0,0712341146476592
37,5;6,5;0,0613537231049834
37,5;7;0,0593953555799004
37,5;7,5;0,186142316107139
37,5;8;0,0687286766330877
37,5;8,5;0,0343696498255605
37,5;9;0,0685663911840196
37,5;9,5;0,0559287671707966
37,5;10;0,0458714006702328
37,5;10,5;0,0368898087414494
37,5;11;0,0250155819209343
37,5;11,5;0,0306275052385105
37,5;12;0,0184980268473472
37,5;12,5;0,0265066135185936
37,5;13;0,0673646658817988
37,5;13,5;0,105789386767374
37,5;14;0,0542465903258764
37,5;14,5;0,0281919987854392
37,5;15;0,0230319456018653
37,5;15,5;0,0172936007659186
37,5;16;0,0225820411571443
37,5;16,5;0,0308233682057657
37,5;17;0,0224777361535705
37,5;17,5;0,023517701480229
37,5;18;0,0497784809495621
37,5;18,5;0,0466340778500086
37,5;19;0,0225204233483102
37,5;19,5;0,058217829764423
37,5;20;0,105214851024145
37,5;20,5;0,0502583101125111
37,5;21;0,0473944587942328
37,5;21,5;0,157412731772874
37,5;22;0,150233095965068
37,5;22,5;0,0444940558771996
37,5;23;0,121869488670904
37,5;23,5;0,0757184808026682
37,5;24;0,0609120947214781
37,5;24,5;0,0310151731849945
37,5;25;0,0275365443222193
37,5;25,5;0,0335628745606942
37,5;26;0,02436105857051
37,5;26,5;0,049716410624774
37,5;27;0,0402123924524098
37,5;27,5;0,0290063534713242
37,5;28;0,0253005179524699
37,5;28,5;0,0300678591318256
37,5;29;0,407561588322381
37,5;29,5;0,383290008115759
37,5;30;0,356272104182463
37,5;30,5;0,0289030565902335
37,5;31;0,0344393781102053
37,5;31,5;0,0409803503033368
37,5;32;0,0694479186262374
37,5;32,5;0,0498102065329655
37,5;33;0,0552015338247891
37,5;33,5;0,0880606047168243
37,5;34;0,0306935752958069
37,5;34,5;0,0640702462209916
37,5;35;0,0410976368958436
37,5;35,5;0,0333475339156126
37,5;36;0,0271203105509102
37,5;36,5;0,0419981708583404
37,5;37;0,0880385058629964
37,5;37,5;0,0940100629243725
37,5;38;0,0384511783037615
37,5;38,5;0,0252924886313626
37,5;39;0,0947877613305046
37,5;39,5;0,100860799324297
37,5;40;0,0223844543270147
37,5;40,5;0,0493037450839684
37,5;41;0,0500036910402328
37,5;41,5;0,0370502505317814
37,5;42;0,0457121834854589
37,5;42,5;0,202144796111701
37,5;43;0,0776646914818872
37,5;43,5;0,0507499751125494
37,5;44;0,0402828664481207
37,5;44,5;0,240923097476338
37,5;45;0,21075414665097
37,5;45,5;0,21818817288205
37,5;46;0,102821624665514
37,5;46,5;0,0449340241877937
37,5;47;0,0570850197097484
37,5;47,5;0,0424135988801159
37,5;48;0,0880094161775167
37,5;48,5;0,0621150601847441
37,5;49;0,0658291098298588
37,5;49,5;0,0395862377338094
37,5;50;0,0469250750897248
37,5;50,5;0,0353317905335197
37,5;51;0,0542911379606693
37,5;51,5;0,0779406686469372
37,5;52;0,0325310102622924
37,5;52,5;0,0342410108345206
37,5;53;0,0726397645799468
37,5;53,5;0,158698206744117
37,5;54;0,15939550264654
37,5;54,5;0,159420729287485
37,5;55;0,0509347700959636
37,5;55,5;0,0472927877493941
37,5;56;0,0329545488260653
37,5;56,5;0,0398413077602319
37,5;57;0,0576792336500907
37,5;57,5;0,0145261015862254
37,5;58;0,0472416671173224
37,5;58,5;0,0513319527995392
37,5;59;0,061527007033511
37,5;59,5;0,0449353433455791
37,5;60;0,192719581950254
37,5;60,5;0,20405796237652
37,5;61;0,137019846577656
37,5;61,5;0,0362176519097961
37,5;62;0,0361866094039246
37,5;62,5;0,26024576284398
37,5;63;0,0510670712471918
37,5;63,5;0,0602780707535628
37,5;64;0,0529474763932169
37,5;64,5;0,0449732846719677
37,5;65;0,156903541165133
37,5;65,5;0,367742921722304
37,5;66;0,047984602830945
37,5;66,5;0,0574282729203329
37,5;67;0,0551399056528237
37,5;67,5;0,0579274704845179
37,5;68;0,0670248427484507
37,5;68,5;0,0610096671616842
37,5;69;0,0675731926405462
37,5;69,5;0,0859232215410945
37,5;70;0,0262572741244106
37,5;70,5;0,049776356980857
37,5;71;0,0462884180660651
37,5;71,5;0,0440931349016437
37,5;72;0,0799621160300301
37,5;72,5;0,147494148390788
37,5;73;0,0977806098002875
37,5;73,5;0,12249081598226
37,5;74;0,11667261889578
37,5;74,5;0,0741366177758204
37,5;75;0
37,5;75,5;0,0520416499866533
37,5;76;0,1150721512791
37,5;76,5;0,0598963390247804
37,5;77;0
37,5;77,5;0,122500061842903
37,5;78;0,14467584456294
38;-22,5;0
38;-22;0
38;-21,5;0
38;-21;0
38;-19,5;0,0571460118176821
38;-19;0,0670556078598542
38;-18,5;0,0420226129601671
38;-18;0,0735453374910107
38;-17,5;0,0405030275176466
38;-17;0,0781050856971856
38;-16,5;0,0650466033399178
38;-16;0,0917816248857399
38;-15,5;0,216178672282741
38;-15;0,381573212721578
38;-14,5;0,0764121340445941
38;-14;0,0720922485964497
38;-13,5;0,0586490144550761
38;-13;0,0553844554771168
38;-12,5;0,0322766316765079
38;-12;0,0890674827505329
38;-11,5;0,0853466615139628
38;-11;0,0471709098581118
38;-10,5;0,0677460243078796
38;-10;0,0522570569397091
38;-9,5;0,0641084483317363
38;-9;0,0454519159845508
38;-8,5;0,0561433407684623
38;-8;0,0465882132750508
38;-7,5;0,0469430699647598
38;-7;0,0419879282943203
38;-6,5;0,0445783419546821
38;-6;0,0840602899884433
38;-5,5;0,11068429636375
38;-5;0,114456306372585
38;-4,5;0,34890569445889
38;-4;0,291842744288454
38;-3,5;0,370242886489755
38;-3;0,0282761376884618
38;-2,5;0,045507215357747
38;-2;0,0771875096607536
38;-1,5;0,040701558492208
38;-1;0,0252936283925253
38;-0,5;0,0224756263875471
38;0;0,0311027376240148
38;0,5;0,0356632242616717
38;1;0,0303086737169303
38;1,5;0,185570105142284
38;2;0,182441395371495
38;2,5;0,350632968965583
38;3;0,180892214074978
38;3,5;0,0643777912016248
38;4;0,0209418144829319
38;4,5;0,0279938944543585
38;5;0,0313856289260106
38;5,5;0,0215865864891475
38;6;0,0755194773555478
38;6,5;0,102769305358721
38;7;0,296704755347349
38;7,5;0,280827366507636
38;8;0,216384602370988
38;8,5;0,0507346524446328
38;9;0,0416042767058915
38;9,5;0,0230909866379037
38;10;0,0227540145702547
38;10,5;0,0225685976036648
38;11;0,016774184875484
38;11,5;0,0375787464516041
38;12;0,0380693509544576
38;12,5;0,024703829684928
38;13;0,0930277765918914
38;13,5;0,113459365792121
38;14;0,0715352419563982
38;14,5;0,0451187963616492
38;15;0,0521566854268055
38;15,5;0,022230984383663
38;16;0,0317076195968078
38;16,5;0,0228516083790538
38;17;0,0223552712823866
38;17,5;0,0356907342653061
38;18;0,0238762579088146
38;18,5;0,0393203285247481
38;19;0,0381951736197895
38;19,5;0,0353106909290906
38;20;0,0415698126815582
38;20,5;0,0399777276715574
38;21;0,0762266062449235
38;21,5;0,0390900576706616
38;22;0,0326084333778974
38;22,5;0,0294816732383318
38;23;0,0267179457030201
38;23,5;0,0316011742979133
38;24;0,0279493226367714
38;24,5;0,0313667052997558
38;25;0,0340043815302249
38;25,5;0,0318517878748983
38;26;0,0352050552452293
38;26,5;0,0653977976864207
38;27;0,0446525359890311
38;27,5;0,0258420745035167
38;28;0,0263707706345425
38;28,5;0,167930300734201
38;29;0,347809298703273
38;29,5;0,356052037704638
38;30;0,388924954692345
38;30,5;0,16381166068609
38;31;0,102945607187561
38;31,5;0,0839468641505169
38;32;0,122329264454394
38;32,5;0,0606223308217937
38;33;0,069534640964441
38;33,5;0,0639976911795625
38;34;0,0781882513618337
38;34,5;0,0802897546309819
38;35;0,0371267872558788
38;35,5;0,058295395748914
38;36;0,0494887850602871
38;36,5;0,060172252107781
38;37;0,0611963652370822
38;37,5;0,0333798805815742
38;38;0,0218545593203203
38;38,5;0,0287325821065529
38;39;0,0687594771829988
38;39,5;0,0382199845320593
38;40;0,018913965340209
38;40,5;0,0327405289207612
38;41;0,0232193956883993
38;41,5;0,0348478475517728
38;42;0,0267904585837844
38;42,5;0,245978819162512
38;43;0,253571294978295
38;43,5;0,0997916734063143
38;44;0,0387305562850472
38;44,5;0,272412913776654
38;45;0,103194104861842
38;45,5;0,28984916562263
38;46;0,172632375877808
38;46,5;0,328542523130945
38;47;0,053315352025652
38;47,5;0,042060637026856
38;48;0,0388591863481
38;48,5;0,0261430668620089
38;49;0,0302419280617747
38;49,5;0,0265303934053207
38;50;0,0265578400952227
38;50,5;0,0399629442684163
38;51;0,0577853490109651
38;51,5;0,0830174123681443
38;52;0,0445567643809651
38;52,5;0,051736657531967
38;53;0,0802877386426715
38;53,5;0,11703603693634
38;54;0,129003874136919
38;54,5;0,200204697317685
38;55;0,0464798614564244
38;55,5;0,0381512805631076
38;56;0,0380483659104704
38;56,5;0,0383899478410442
38;57;0,0576753415003512
38;57,5;0,0444622543476941
38;58;0,0451250777713445
38;58,5;0,053861583531748
38;59;0,0266093279647543
38;59,5;0,0318492543083822
38;60;0,0931288161875495
38;60,5;0,186143883274304
38;61;0,0855668327358804
38;61,5;0,0299276527434775
38;62;0,0362533062392891
38;62,5;0,0937884949773876
38;63;0,0693975107100653
38;63,5;0,0359362452473577
38;64;0,0298149099236429
38;64,5;0,0275442460924559
38;65;0,0290551620030657
38;65,5;0,100833661632888
38;66;0,0466284173259782
38;66,5;0,0526136064493795
38;67;0,0611798751113801
38;67,5;0,0833879858718671
38;68;0,0613354291086773
38;68,5;0,0966510643257182
38;69;0,0404109326576469
38;69,5;0,0457103698136072
38;70;0,0190918830920368
38;70,5;0,058053997852574
38;71;0,0754451087008129
38;71,5;0,0524515397406408
38;72;0,0324728965598853
38;72,5;0,0401455684561405
38;73;0,0996524087220302
38;73,5;0,0489680167728556
38;74;0,0331655300116308
38;74,5;0
38;75;0,0591650234513602
38;75,5;0,0946323713867814
38;76;0,0643975035349854
38;76,5;0,0772611013238731
38;77;0,0629439786194394
38;77,5;0,0341346487080832
38;78;0,0779266749365496
38,5;-23;0
38,5;-22,5;0
38,5;-20,5;0,0861220064791804
38,5;-20;0,0865813682805564
38,5;-19,5;0,0656840924425389
38,5;-18,5;0,0127279220613578
38,5;-18;0,0636509579224417
38,5;-17,5;0,0742201230574746
38,5;-17;0,0440357981096234
38,5;-16,5;0,0567817878247192
38,5;-16;0,0282842712474619
38,5;-15,5;0,0693238775603327
38,5;-15;0,0274014467814071
38,5;-14,5;0,0414906342115028
38,5;-14;0,0718841660822001
38,5;-13,5;0,0909247516219667
38,5;-13;0,0486236892665986
38,5;-12,5;0,0795994666993079
38,5;-12;0,0323755737829892
38,5;-11,5;0,104705358607915
38,5;-11;0,207734772417117
38,5;-10,5;0,0578799647769472
38,5;-10;0,0467734309854841
38,5;-9,5;0,0396336697490628
38,5;-9;0,0529193871701245
38,5;-8,5;0,0547763850480015
38,5;-8;0,0508755515634039
38,5;-7,5;0,039174861903966
38,5;-7;0,0215602821440034
38,5;-6,5;0,0318137436607873
38,5;-6;0,0471646053730973
38,5;-5,5;0,0910874686257076
38,5;-5;0,105602720020871
38,5;-4,5;0,204499267186842
38,5;-4;0,0945620338956462
38,5;-3,5;0,110423233770501
38,5;-3;0,0241410648322719
38,5;-2,5;0,0366679710274314
38,5;-2;0,0633302458924078
38,5;-1,5;0,0644784315085179
38,5;-1;0,0227204641293894
38,5;-0,5;0,0307228011397605
38,5;0;0,0297184330291486
38,5;0,5;0,0410660533505064
38,5;1;0,0292425663365993
38,5;1,5;0,210161436374143
38,5;2;0,116495121981043
38,5;2,5;0,0774171587239615
38,5;3;0,0638744862993042
38,5;3,5;0,0339252256938012
38,5;4;0,0320470373832281
38,5;4,5;0,0259717901635124
38,5;5;0,043898312561305
38,5;5,5;0,0509488670368792
38,5;6;0,198392754369271
38,5;6,5;0,392029401283358
38,5;7;0,336703956840161
38,5;7,5;0,157680751957286
38,5;8;0,369493583149939
38,5;8,5;0,0858572233997662
38,5;9;0,0997084917814593
38,5;9,5;0,0273653566594342
38,5;10;0,0492809243433221
38,5;10,5;0,0331404973104429
38,5;11;0,029837879211041
38,5;11,5;0,0458780903433624
38,5;12;0,0480188571735907
38,5;12,5;0,0295736795311034
38,5;13;0,0327539678354178
38,5;13,5;0,064814079595452
38,5;14;0,035995509223138
38,5;14,5;0,0236518338337111
38,5;15;0,0304131514252358
38,5;15,5;0,0505016286450083
38,5;16;0,0524245752310333
38,5;16,5;0,0296103087737182
38,5;17;0,027015570451722
38,5;17,5;0,0204214344801215
38,5;18;0,0266100164450647
38,5;18,5;0,105020565879751
38,5;19;0,076626092089971
38,5;19,5;0,067974472602734
38,5;20;0,0786824755325026
38,5;20,5;0,0668598466865015
38,5;21;0,121268743464208
38,5;21,5;0,111711593427454
38,5;22;0,0317200449393356
38,5;22,5;0,0339228091319843
38,5;23;0,0639445009695441
38,5;23,5;0,0490706578340852
38,5;24;0,0251059928966737
38,5;24,5;0,042707307510524
38,5;25;0,0364882381954877
38,5;25,5;0,0396057123255276
38,5;26;0,0296242255834102
38,5;26,5;0,0262060404319493
38,5;27;0,0409159408505569
38,5;27,5;0,0564492630531624
38,5;28;0,0304306432320379
38,5;28,5;0,0387757816733307
38,5;29;0,0459181166516263
38,5;29,5;0,0822494355201508
38,5;30;0,351807720194989
38,5;30,5;0,0491808747275687
38,5;31;0,0840049239570048
38,5;31,5;0,0558914513919018
38,5;32;0,0686434873601577
38,5;32,5;0,077826375286695
38,5;33;0,0630710708424332
38,5;33,5;0,0608605192212662
38,5;34;0,0777792743494771
38,5;34,5;0,0394901264301608
38,5;35;0,0451193888513769
38,5;35,5;0,219470581475549
38,5;36;0,276067681681228
38,5;36,5;0,369979467879856
38,5;37;0,100967392190322
38,5;37,5;0,0272164440263275
38,5;38;0,023313469817824
38,5;38,5;0,0184293943750415
38,5;39;0,0264987500365848
38,5;39,5;0,0218061740947406
38,5;40;0,039850270728503
38,5;40,5;0,0288353725740555
38,5;41;0,0329380429712981
38,5;41,5;0,0251723836390522
38,5;42;0,0247717097372342
38,5;42,5;0,30620061349135
38,5;43;0,393792478192421
38,5;43,5;0,229017807704006
38,5;44;0,230225367603041
38,5;44,5;0,104945153091609
38,5;45;0,0865777496642877
38,5;45,5;0,314245332155487
38,5;46;0,33450352011898
38,5;46,5;0,245426390060249
38,5;47;0,177955798048184
38,5;47,5;0,0371646323142376
38,5;48;0,0474145456838074
38,5;48,5;0,0318692279387249
38,5;49;0,0322112758836672
38,5;49,5;0,0409934668126733
38,5;50;0,0328310611088607
38,5;50,5;0,0281915901293274
38,5;51;0,0732050858468012
38,5;51,5;0,0758450519205205
38,5;52;0,102891772298482
38,5;52,5;0,0714080970635331
38,5;53;0,0501087027681048
38,5;53,5;0,107711218551399
38,5;54;0,104289410134073
38,5;54,5;0,126849148848964
38,5;55;0,120910713566571
38,5;55,5;0,104491985785715
38,5;56;0,127496063435881
38,5;56,5;0,0314429450148804
38,5;57;0,0265167607353198
38,5;57,5;0,0491834633724276
38,5;58;0,0317253841584306
38,5;58,5;0,0417477083018863
38,5;59;0,0204765934128922
38,5;59,5;0,0364182404710461
38,5;60;0,118123443835656
38,5;60,5;0,0420042310239941
38,5;61;0,0415491149809019
38,5;61,5;0,0485612244936385
38,5;62;0,0424963329759237
38,5;62,5;0,029878818577768
38,5;63;0,0937778917068035
38,5;63,5;0,0938105412363601
38,5;64;0,0592405577131151
38,5;64,5;0,0351612294542951
38,5;65;0,0566552786420352
38,5;65,5;0,0313245681762506
38,5;66;0,044869368215762
38,5;66,5;0,0425042360716389
38,5;67;0,0720748494425831
38,5;67,5;0,0746222816632869
38,5;68;0,0512244532951267
38,5;68,5;0,0489092454011947
38,5;69;0,069407426974052
38,5;69,5;0,0470387183673304
38,5;70;0
38,5;70,5;0
38,5;71;0,0615447079954977
38,5;71,5;0,0697884029210155
38,5;72;0,0703534668237298
38,5;72,5;0,0601040764008565
38,5;73;0,137061366481654
38,5;73,5;0,0526468641771978
38,5;74;0,0303521753002078
38,5;74,5;0
38,5;75;0,08756867434918
38,5;75,5;0,0928289401060473
38,5;76;0,0842620600937446
38,5;76,5;0
38,5;77;0,0388908729652601
38,5;77,5;0,103718149547003
38,5;78;0,0622253967444162
39;-23;0
39;-22,5;0
39;-22;0
39;-21;0,0666952022262471
39;-20,5;0,0669299084731284
39;-20;0,0745273998830855
39;-18,5;0,0715728067541484
39;-18;0
39;-17,5;0,0868088577149693
39;-17;0,063118583282228
39;-16,5;0,0626835637680777
39;-16;0,357430834059351
39;-15,5;0,312024180191841
39;-15;0,0679017672818609
39;-14,5;0,0485453151091598
39;-14;0,0572101389615512
39;-13,5;0,0652464895270573
39;-13;0,0554368615096047
39;-12,5;0,0477194180302197
39;-12;0,0498612176510063
39;-11,5;0,232749204741267
39;-11;0,301616280535558
39;-10,5;0,0914986748948175
39;-10;0,0390030909892968
39;-9,5;0,0600427257863984
39;-9;0,051295483881787
39;-8,5;0,0383810643099039
39;-8;0,04086638641306
39;-7,5;0,037900383338946
39;-7;0,0226321874570469
39;-6,5;0,0251607696123425
39;-6;0,042044742673412
39;-5,5;0,042153807913339
39;-5;0,0397442680837553
39;-4,5;0,0414362808768735
39;-4;0,0720497215837852
39;-3,5;0,0406591832585612
39;-3;0,0268769803657069
39;-2,5;0,0236216876404741
39;-2;0,028366341731574
39;-1,5;0,0295749185003493
39;-1;0,0770637737541137
39;-0,5;0,0386805898893493
39;0;0,0224077751934091
39;0,5;0,0301415416827674
39;1;0,0359869403249232
39;1,5;0,138047135010452
39;2;0,133014029872255
39;2,5;0,0460160852974348
39;3;0,0340287963378408
39;3,5;0,0338937344991989
39;4;0,177126677210448
39;4,5;0,161303670035564
39;5;0,0798413086879389
39;5,5;0,0397341163233813
39;6;0,302550436566644
39;6,5;0,238995233359637
39;7;0,291540994378036
39;7,5;0,284740134292893
39;8;0,373341812305328
39;8,5;0,312489466937333
39;9;0,0516437721424561
39;9,5;0,0340978780755665
39;10;0,0439164229401342
39;10,5;0,0435732102976976
39;11;0,0297887003185212
39;11,5;0,0584172214598178
39;12;0,0647040209768953
39;12,5;0,0833343253384482
39;13;0,0350902143124813
39;13,5;0,0498897696773326
39;14;0,0469936124262193
39;14,5;0,0421463948047911
39;15;0,0407766272922778
39;15,5;0,0379527036388532
39;16;0,022855767065541
39;16,5;0,0277210350658839
39;17;0,0201845036433355
39;17,5;0,0196655794220664
39;18;0,0318421965651502
39;18,5;0,0575999186653254
39;19;0,0515044984528686
39;19,5;0,0651274053346196
39;20;0,08635578592709
39;20,5;0,0607763195602016
39;21;0,100672743280738
39;21,5;0,125954422973815
39;22;0,0738616950793847
39;22,5;0,027064004383791
39;23;0,0440572192437643
39;23,5;0,0468498425958143
39;24;0,0198794480570896
39;24,5;0,0353835867227503
39;25;0,0433742969889688
39;25,5;0,0607137574593073
39;26;0,131142988121109
39;26,5;0,0491552385942676
39;27;0,0313611574530714
39;27,5;0,0389374118166643
39;28;0,0269842572633753
39;28,5;0,0347061394977447
39;29;0,0739226242544042
39;29,5;0,0353856688973102
39;30;0,0427845754203452
39;30,5;0,0539287723863443
39;31;0,0455572707256085
39;31,5;0,044815806504012
39;32;0,0425915176537397
39;32,5;0,0810532671548229
39;33;0,0602426679778779
39;33,5;0,0353443374121645
39;34;0,0494157499681665
39;34,5;0,0268454429108146
39;35;0,0452863507323516
39;35,5;0,285634143695994
39;36;0,328018098096805
39;36,5;0,32843131058154
39;37;0,0374748467765599
39;37,5;0,0484916028863904
39;38;0,0408180904455365
39;38,5;0,0445232907137148
39;39;0,0384797091533827
39;39,5;0,0681874512824515
39;40;0,150983069663224
39;40,5;0,0441775222049282
39;41;0,0451999190669427
39;41,5;0,03085389692052
39;42;0,0251502821987721
39;42,5;0,278025174873701
39;43;0,362117894938528
39;43,5;0,137002112534025
39;44;0,0287298538246084
39;44,5;0,0237514412093296
39;45;0,0319286728356376
39;45,5;0,0507733222480156
39;46;0,126517895270556
39;46,5;0,210837303690431
39;47;0,0456107603538364
39;47,5;0,0344552188127327
39;48;0,0206099412389058
39;48,5;0,0366705704159709
39;49;0,0790548873484443
39;49,5;0,0886970799338711
39;50;0,0459451140100943
39;50,5;0,0421955929834727
39;51;0,0469949516660424
39;51,5;0,0695665188935323
39;52;0,122310373439788
39;52,5;0,0809712111276857
39;53;0,0665783201246675
39;53,5;0,0992801888361665
39;54;0,0310684973617011
39;54,5;0,141091205577515
39;55;0,114673886347695
39;55,5;0,063619873906236
39;56;0,0358498872301492
39;56,5;0,0767386218394609
39;57;0,0669572005443787
39;57,5;0,0664405401705258
39;58;0,0460508316042018
39;58,5;0,0359018196973104
39;59;0,0313401264898422
39;59,5;0,0808919018790297
39;60;0,177670673109874
39;60,5;0,0582614384673555
39;61;0,050546657228367
39;61,5;0,0450527620254321
39;62;0,0277883145634155
39;62,5;0,0611159772843881
39;63;0,053398704999918
39;63,5;0,0402724538414908
39;64;0,0268029394092441
39;64,5;0,0406469507241884
39;65;0,0767448170157146
39;65,5;0,0461740558576289
39;66;0,0689866153221135
39;66,5;0,0453958895802268
39;67;0,0639086031541103
39;67,5;0,0739805169157183
39;68;0,0391980128389988
39;68,5;0,0432699075603924
39;69;0,0592793680656337
39;69,5;0,0493192988055619
39;70;0,0394930373610337
39;70,5;0,0289913780286485
39;71;0,0577619855068796
39;71,5;0,0598948202497814
39;72;0,0784888919137361
39;72,5;0,0757905949687313
39;73;0
39;73,5;0,0408697116864474
39;74;0,0565061451918678
39;74,5;0,075125967385517
39;75;0,0568652351684246
39;75,5;0,094579772326504
39;76;0,0719920630545975
39;76,5;0
39;77;0,0677074589687133
39;77,5;0,051324945202114
39;78;0
39,5;-23;0
39,5;-22,5;0
39,5;-21;0,0828628771541057
39,5;-20,5;0,066459081575128
39,5;-20;0,0804007818014583
39,5;-19,5;0
39,5;-19;0
39,5;-18,5;0,062401262666853
39,5;-18;0,0700035713374682
39,5;-17,5;0,0221855809029198
39,5;-17;0,0489931968066316
39,5;-16,5;0
39,5;-16;0,247544142657633
39,5;-15,5;0,222115962711521
39,5;-15;0,0714306756967854
39,5;-14,5;0,0589709716604322
39,5;-14;0,063486857546118
39,5;-13,5;0,0529301571739735
39,5;-13;0,0522093466059083
39,5;-12,5;0,048275634041463
39,5;-12;0,0298891470455601
39,5;-11,5;0,258898843394696
39,5;-11;0,251510230614773
39,5;-10,5;0,0736244694378167
39,5;-10;0
39,5;-9,5;0,0937985129890716
39,5;-9;0,0559063282988576
39,5;-8,5;0,0484770830638241
39,5;-8;0,0367024397298818
39,5;-7,5;0,0498792895840725
39,5;-7;0,0155309415338394
39,5;-6,5;0,0223500384009562
39,5;-6;0,0264284112186153
39,5;-5,5;0,0301721449905925
39,5;-5;0,0371227712480882
39,5;-4,5;0,0269495343901551
39,5;-4;0,0507174878583377
39,5;-3,5;0,0412761059669655
39,5;-3;0,0301968323539163
39,5;-2,5;0,378981321835993
39,5;-2;0,413261750058868
39,5;-1,5;0,332211876495829
39,5;-1;0,0791642659233382
39,5;-0,5;0,0422756613514174
39,5;0;0,0368367368134497
39,5;0,5;0,0169665811533455
39,5;1;0,0335268632979275
39,5;1,5;0,067601038551365
39,5;2;0,0788090104866446
39,5;2,5;0,175953409371283
39,5;3;0,0461427832578033
39,5;3,5;0,0390511214006029
39,5;4;0,0755498111641727
39,5;4,5;0,0859162382789191
39,5;5;0,0556848582967235
39,5;5,5;0,365037643966489
39,5;6;0,33993281579998
39,5;6,5;0,191157933232356
39,5;7;0,0883475723940825
39,5;7,5;0,0258373894560035
39,5;8;0,0285832105888706
39,5;8,5;0,112995850554624
39,5;9;0,0439578866452805
39,5;9,5;0,0319021079296984
39,5;10;0,0430601555645724
39,5;10,5;0,0481931533264655
39,5;11;0,0475863344737766
39,5;11,5;0,0612552954729013
39,5;12;0,0513793213643928
39,5;12,5;0,0436735542272778
39,5;13;0,0469676798999277
39,5;13,5;0,0473402387970994
39,5;14;0,0466495359151828
39,5;14,5;0,0478719814781492
39,5;15;0,0665113921765001
39,5;15,5;0,0898663769297469
39,5;16;0,0672095557206361
39,5;16,5;0,0232968772662373
39,5;17;0,0197526020882363
39,5;17,5;0,0249459906794738
39,5;18;0,0442818872360933
39,5;18,5;0,0419768235936006
39,5;19;0,0444466885911849
39,5;19,5;0,0508215142291131
39,5;20;0,0616309989173323
39,5;20,5;0,0436156848098537
39,5;21;0,0532506004311782
39,5;21,5;0,0534872027123731
39,5;22;0,0235551927913574
39,5;22,5;0,0260572452025959
39,5;23;0,0214325190108036
39,5;23,5;0,0269136692460634
39,5;24;0,0271558062510526
39,5;24,5;0,0482851234984493
39,5;25;0,0424331901964971
39,5;25,5;0,188772074220499
39,5;26;0,0997432767898524
39,5;26,5;0,0389819421013347
39,5;27;0,0385588902398516
39,5;27,5;0,0272449182758154
39,5;28;0,0343331788172637
39,5;28,5;0,0329149988024963
39,5;29;0,0476966335722071
39,5;29,5;0,0669799662373374
39,5;30;0,025850916900025
39,5;30,5;0,0275613962440887
39,5;31;0,0368743660355458
39,5;31,5;0,0388237046405518
39,5;32;0,0335621395311553
39,5;32,5;0,0400434149804574
39,5;33;0,0628472555054646
39,5;33,5;0,0565754362617826
39,5;34;0,0533555097416387
39,5;34,5;0,040229681366466
39,5;35;0,0830278798534079
39,5;35,5;0,0489090209775987
39,5;36;0,298234749990163
39,5;36,5;0,30138241923909
39,5;37;0,0460562286924689
39,5;37,5;0,0343302223215771
39,5;38;0,0327274347639086
39,5;38,5;0,0294846733424954
39,5;39;0,0797851306941952
39,5;39,5;0,284485458628027
39,5;40;0,130689519140684
39,5;40,5;0,0452424947735349
39,5;41;0,0313461789530369
39,5;41,5;0,0214342702506167
39,5;42;0,0253992784199267
39,5;42,5;0,156338398722944
39,5;43;0,273870800477046
39,5;43,5;0,11798699048841
39,5;44;0,0212628573166361
39,5;44,5;0,0542565739989757
39,5;45;0,0599546011125016
39,5;45,5;0,0479719605195437
39,5;46;0,0397346159649537
39,5;46,5;0,0307733220091706
39,5;47;0,0231424223760421
39,5;47,5;0,0360363998471411
39,5;48;0,0511379798736565
39,5;48,5;0,0382296026791857
39,5;49;0,0514793943674371
39,5;49,5;0,0485946180637517
39,5;50;0,0495071989071103
39,5;50,5;0,0389886286661394
39,5;51;0,0644291600648857
39,5;51,5;0,062691854554248
39,5;52;0,0637065994409129
39,5;52,5;0,0484848521949447
39,5;53;0,0446579423199899
39,5;53,5;0,0304907241703085
39,5;54;0,0267918979749746
39,5;54,5;0,0713739702374121
39,5;55;0,130284359711422
39,5;55,5;0,122282228299783
39,5;56;0,346279477910072
39,5;56,5;0,373738833613682
39,5;57;0,118235670804435
39,5;57,5;0,0659044887113344
39,5;58;0,0492886065465524
39,5;58,5;0,0445470674307306
39,5;59;0,0789158876675854
39,5;59,5;0,121043683370339
39,5;60;0,0279311179985219
39,5;60,5;0,0557133148968011
39,5;61;0,0390823439244022
39,5;61,5;0,031109559335364
39,5;62;0,0536798313771121
39,5;62,5;0,0693663809035688
39,5;63;0,0340066541319861
39,5;63,5;0,0301833118283128
39,5;64;0,0364149655706843
39,5;64,5;0,0495974871789214
39,5;65;0,0379559198525323
39,5;65,5;0,0434244546920986
39,5;66;0,0851752222620814
39,5;66,5;0,072690280280727
39,5;67;0,0420127370657706
39,5;67,5;0,0918457791471505
39,5;68;0,100282298981258
39,5;68,5;0,056278675486512
39,5;69;0,345097876485554
39,5;69,5;0,282706262517843
39,5;70;0,0619869609944973
39,5;70,5;0
39,5;71;0,0518321007356124
39,5;71,5;0,10052881402354
39,5;72;0,116062302109748
39,5;72,5;0,125608857041692
39,5;73;0,044723222901158
39,5;73,5;0,0524294733256268
39,5;74;0,0989204681520789
39,5;74,5;0,109183921083594
39,5;75;0,121857703900902
39,5;75,5;0
39,5;76;0,10977401028173
39,5;76,5;0
39,5;77;0,0765145262500705
39,5;77,5;0,0878410640034177
39,5;78;0,158678658510421
40;-21,5;0,0310322412983658
40;-21;0,0405951183809536
40;-20,5;0,0308135715306777
40;-20;0,00707106781186548
40;-19,5;0
40;-19;0
40;-18,5;0
40;-18;0
40;-17,5;0,0604008829957532
40;-17;0
40;-16,5;0,108760286869795
40;-16;0
40;-15,5;0,138791487214011
40;-15;0,135789826008028
40;-14,5;0,0903433485925812
40;-14;0,0810758478429198
40;-13,5;0,0900771976610148
40;-13;0,0781194559549982
40;-12,5;0,0515807989249293
40;-12;0,0441226058594241
40;-11,5;0,0495267866654258
40;-11;0,0562516065836634
40;-10,5;0,0658135001859245
40;-10;0,0974734677903527
40;-9,5;0,0849834741769886
40;-9;0,0581216253500651
40;-8,5;0,0415527250821006
40;-8;0,0390141561116523
40;-7,5;0,0476685468631723
40;-7;0,0408340541888583
40;-6,5;0,0481819030729397
40;-6;0,0535519067449822
40;-5,5;0,0407182662488483
40;-5;0,0847188569459139
40;-4,5;0,0273227702896543
40;-4;0,0524548614287798
40;-3,5;0,0838526907661477
40;-3;0,184954497982158
40;-2,5;0,363674470590272
40;-2;0,305197555515637
40;-1,5;0,318691052666292
40;-1;0,0624927358097364
40;-0,5;0,0468500381953541
40;0;0,0822759333043505
40;0,5;0,102506074378102
40;1;0,0349672105310808
40;1,5;0,0455792320161779
40;2;0,0496155842286182
40;2,5;0,129919025417844
40;3;0,0361673210546486
40;3,5;0,0206175424934875
40;4;0,0910864217098887
40;4,5;0,121906039665338
40;5;0,0651747344107335
40;5,5;0,375699866430445
40;6;0,377454121416239
40;6,5;0,326281737762159
40;7;0,0234515058711732
40;7,5;0,0306988884271586
40;8;0,0812758422560804
40;8,5;0,0303167209874117
40;9;0,0257172019252873
40;9,5;0,0174415395041688
40;10;0,0229837827602954
40;10,5;0,037117561354183
40;11;0,048660544824216
40;11,5;0,0187074512636641
40;12;0,0257690927151054
40;12,5;0,0511795279104349
40;13;0,037448596541394
40;13,5;0,0653247608504255
40;14;0,0672331773586601
40;14,5;0,0394297104493008
40;15;0,0387839523254553
40;15,5;0,0582037340352609
40;16;0,071412448600549
40;16,5;0,0372914217715153
40;17;0,0352172321957046
40;17,5;0,0394818209727949
40;18;0,0957404477393611
40;18,5;0,0603857047100829
40;19;0,0486238244951993
40;19,5;0,0491418829070212
40;20;0,0385064196286422
40;20,5;0,0418266262883664
40;21;0,0275253575476005
40;21,5;0,0337032014076403
40;22;0,028980983125493
40;22,5;0,0161580733174885
40;23;0,0426423674898884
40;23,5;0,0171184367676461
40;24;0,0330084616941985
40;24,5;0,050273203180056
40;25;0,0347872419696754
40;25,5;0,0713857792321694
40;26;0,0643574513378189
40;26,5;0,0421659927466427
40;27;0,0232354904516545
40;27,5;0,03031836122994
40;28;0,046648613582014
40;28,5;0,0353313939377328
40;29;0,024917611000777
40;29,5;0,0309802447915528
40;30;0,0266452995628782
40;30,5;0,0317717426468265
40;31;0,0325292544874353
40;31,5;0,0290934895666699
40;32;0,0284816108828454
40;32,5;0,0385936451866945
40;33;0,0335791072957071
40;33,5;0,0451719520510332
40;34;0,0591086161350489
40;34,5;0,0535100686878684
40;35;0,0662414393813761
40;35,5;0,074417270678829
40;36;0,0542295783488865
40;36,5;0,14919006612256
40;37;0,280271006179308
40;37,5;0,037045690943027
40;38;0,0375095960487577
40;38,5;0,0860444396452771
40;39;0,105397691665171
40;39,5;0,17912148869831
40;40;0,0237791601908847
40;40,5;0,0321361536146753
40;41;0,0273160719561735
40;41,5;0,0270356768676403
40;42;0,0237038053660905
40;42,5;0,0287491019832163
40;43;0,112441095690143
40;43,5;0,0867996132768676
40;44;0,0550445737236536
40;44,5;0,0915291801951204
40;45;0,0601953216914675
40;45,5;0,045051816933402
40;46;0,0408283641888679
40;46,5;0,0198183397485515
40;47;0,0162111169678612
40;47,5;0,0406449942876209
40;48;0,0482037532490104
40;48,5;0,0480037289070413
40;49;0,0442625557111308
40;49,5;0,104974779085416
40;50;0,0579374910670842
40;50,5;0,0347233121024096
40;51;0,0527909299303693
40;51,5;0,0472020392238201
40;52;0,0368363317410197
40;52,5;0,0468451648282629
40;53;0,0641631524066778
40;53,5;0,0330906517870928
40;54;0,0311457358130535
40;54,5;0,040468642419579
40;55;0,0828293355436172
40;55,5;0,0641104625075662
40;56;0,35093824574286
40;56,5;0,30699611573543
40;57;0,0803683603964118
40;57,5;0,058897790388466
40;58;0,0488590431202567
40;58,5;0,0254016107441304
40;59;0,0995998965381472
40;59,5;0,125737599504233
40;60;0,145083205034771
40;60,5;0,199957846719748
40;61;0,0343078818053265
40;61,5;0,0279901074540313
40;62;0,0544800827879274
40;62,5;0,0481716226135805
40;63;0,0456678503167442
40;63,5;0,0788476013305983
40;64;0,0437007271325383
40;64,5;0,0493221442462053
40;65;0,0531000770415466
40;65,5;0,0379775929820514
40;66;0,0449604840048594
40;66,5;0,111084363679347
40;67;0,107157275766151
40;67,5;0,0349646413365109
40;68;0,0577688547550507
40;68,5;0,0580554798031837
40;69;0,308155673846307
40;69,5;0,293819340097592
40;70;0,091790595880316
40;70,5;0,0247487373415292
40;71;0
40;71,5;0,0352325606979302
40;72;0,0975333736438916
40;72,5;0,0868187493465279
40;73;0,0920337670950955
40;73,5;0,0865743097639889
40;74;0,137976949655961
40;74,5;0,116728826977825
40;75;0,0235141801189552
40;75,5;0,0551392177432119
40;76;0
40;76,5;0
40;77;0,0398937477696833
40;77,5;0,0953999795469631
40;78;0,192020336224603
40,5;-22;0
40,5;-21,5;0,0461385594342375
40,5;-21;0,0665471873074147
40,5;-20,5;0,0606557911497328
40,5;-20;0
40,5;-19,5;0
40,5;-19;0
40,5;-18,5;0
40,5;-18;0
40,5;-17,5;0
40,5;-17;0
40,5;-16,5;0,062389101612381
40,5;-16;0
40,5;-15,5;0,13048639775854
40,5;-15;0,0818213062340498
40,5;-14,5;0,053261462535358
40,5;-14;0,055053912970227
40,5;-13,5;0,15268882070732
40,5;-13;0,0616551336889645
40,5;-12,5;0,0603465211456227
40,5;-12;0,0419809656610292
40,5;-11,5;0,0634900970564892
40,5;-11;0,042604068663294
40,5;-10,5;0,0308765618060936
40,5;-10;0,0702454234252675
40,5;-9,5;0,105201630114383
40,5;-9;0,0787544615713377
40,5;-8,5;0,140014301502907
40,5;-8;0,0680323599206307
40,5;-7,5;0,0470160203423383
40,5;-7;0,0568843409626344
40,5;-6,5;0,0540235709527554
40,5;-6;0,0298157615561203
40,5;-5,5;0,0435290289409748
40,5;-5;0,0310913340439354
40,5;-4,5;0,0580597347288177
40,5;-4;0,0539130756435145
40,5;-3,5;0,0512870010332863
40,5;-3;0,275747628443094
40,5;-2,5;0,299603517501239
40,5;-2;0,368782148887812
40,5;-1,5;0,184524122658128
40,5;-1;0,0698340104534911
40,5;-0,5;0,07682332240286
40,5;0;0,121909351847127
40,5;0,5;0,131217757944571
40,5;1;0,0727104262980006
40,5;1,5;0,062888145173942
40,5;2;0,309951174884569
40,5;2,5;0,0445342131765083
40,5;3;0,0593937983146129
40,5;3,5;0,0297562613195828
40,5;4;0,0340538212994965
40,5;4,5;0,101608149114067
40,5;5;0,020765757069432
40,5;5,5;0,0253533051621407
40,5;6;0,0576443689226793
40,5;6,5;0,0959598376974887
40,5;7;0,0335914776068439
40,5;7,5;0,0512242802853911
40,5;8;0,0430364074841988
40,5;8,5;0,024176863491597
40,5;9;0,0181429432889091
40,5;9,5;0,107893984288884
40,5;10;0,360755315304794
40,5;10,5;0,322416090478514
40,5;11;0,221552094191798
40,5;11,5;0,0762738126119189
40,5;12;0,186570326993873
40,5;12,5;0,193148252953651
40,5;13;0,0407054662941711
40,5;13,5;0,286963528338775
40,5;14;0,275923078976751
40,5;14,5;0,179226365478533
40,5;15;0,0637862106749485
40,5;15,5;0,0333665447497931
40,5;16;0,0424179600326717
40,5;16,5;0,0396931845292315
40,5;17;0,0591049051023901
40,5;17,5;0,026481681906254
40,5;18;0,022017088905138
40,5;18,5;0,0331132895512297
40,5;19;0,0514161343405299
40,5;19,5;0,0490425828350167
40,5;20;0,0508045775144202
40,5;20,5;0,0533162726564038
40,5;21;0,125269159249007
40,5;21,5;0,0360515882702375
40,5;22;0,0454091113649891
40,5;22,5;0,0293030446080527
40,5;23;0,0299559387177703
40,5;23,5;0,0270976241115895
40,5;24;0,0486530232017155
40,5;24,5;0,0334700668979203
40,5;25;0,038136564090924
40,5;25,5;0,0799212973750094
40,5;26;0,0399585210357108
40,5;26,5;0,026892651276021
40,5;27;0,0270141891427559
40,5;27,5;0,0305647712476079
40,5;28;0,0370286038709127
40,5;28,5;0,0350868430415426
40,5;29;0,0312153168414104
40,5;29,5;0,0203003016942006
40,5;30;0,0401196466777024
40,5;30,5;0,0342749456721152
40,5;31;0,0357692464561729
40,5;31,5;0,0310902278759441
40,5;32;0,0339861965306777
40,5;32,5;0,0240287511609102
40,5;33;0,0292900853104569
40,5;33,5;0,0310477528201651
40,5;34;0,048946721451069
40,5;34,5;0,0440364631190291
40,5;35;0,0491302655488614
40,5;35,5;0,0353633186660806
40,5;36;0,0233800426501174
40,5;36,5;0,0776600835994485
40,5;37;0,191802208638045
40,5;37,5;0,069325178719937
40,5;38;0,126152423022171
40,5;38,5;0,0664633825956341
40,5;39;0,186291873228547
40,5;39,5;0,0674491768671427
40,5;40;0,0400975272888226
40,5;40,5;0,0392749596026607
40,5;41;0,0346330544333553
40,5;41,5;0,019704769873281
40,5;42;0,0323187728918116
40,5;42,5;0,044801615760323
40,5;43;0,0706159529789555
40,5;43,5;0,0467699507303196
40,5;44;0,0318604819916204
40,5;44,5;0,0655605468345036
40,5;45;0,0418005485217068
40,5;45,5;0,0465667180379321
40,5;46;0,0205977963106529
40,5;46,5;0,0200370777000695
40,5;47;0,0309430487164414
40,5;47,5;0,029799312500245
40,5;48;0,0469877241254287
40,5;48,5;0,0382498978608865
40,5;49;0,0182943344836488
40,5;49,5;0,0522436032173795
40,5;50;0,0283004260533028
40,5;50,5;0,0414741739791123
40,5;51;0,0382568121716749
40,5;51,5;0,0262147415050446
40,5;52;0,031735493934618
40,5;52,5;0,0379509975148405
40,5;53;0,0449869581913377
40,5;53,5;0,0320209642072242
40,5;54;0,057355921060273
40,5;54,5;0,0461233302116754
40,5;55;0,0489596393951418
40,5;55,5;0,0432090938158608
40,5;56;0,0486101519609301
40,5;56,5;0,0361178861361882
40,5;57;0,0273763279157032
40,5;57,5;0,0380019849330254
40,5;58;0,0470939908229405
40,5;58,5;0,027273766271834
40,5;59;0,0517381556255072
40,5;59,5;0,0715060551756499
40,5;60;0,128896270225053
40,5;60,5;0,0326181354608561
40,5;61;0,0322070085052115
40,5;61,5;0,0335984703749808
40,5;62;0,0352923772584377
40,5;62,5;0,0616333471997416
40,5;63;0,036151058134824
40,5;63,5;0,0517394792972322
40,5;64;0,0509464544839952
40,5;64,5;0,0421574900611264
40,5;65;0,0459795262697888
40,5;65,5;0,0567998923211576
40,5;66;0,0565018199960157
40,5;66,5;0,111648999652123
40,5;67;0,0743556243013817
40,5;67,5;0,0628956466346551
40,5;68;0,053805931235607
40,5;68,5;0,0652661218908146
40,5;69;0,315702866632535
40,5;69,5;0,055874860178796
40,5;70;0,0717700548038701
40,5;70,5;0,0980488216582506
40,5;71;0
40,5;71,5;0,113975294020497
40,5;72;0,100733269348039
40,5;72,5;0,0482414561890299
40,5;73;0,0318198051533946
40,5;73,5;0
40,5;74;0
40,5;74,5;0
40,5;75;0,0627072120608503
40,5;75,5;0,121125399896141
40,5;76;0,119582906088502
40,5;76,5;0,0891008791576529
40,5;77;0,108666002042957
40,5;77,5;0,116369454755103
40,5;78;0,0695101910993393
41;-21,5;0,0902306277073954
41;-21;0,102883753171561
41;-20,5;0,0323470761172217
41;-20;0
41;-19,5;0
41;-19;0
41;-18,5;0
41;-18;0,323088687514744
41;-17,5;0,0532619872490155
41;-17;0,090389834728371
41;-16,5;0
41;-16;0,0925760948265444
41;-15,5;0,123906012767743
41;-15;0,0969658105780209
41;-14,5;0,110584937532608
41;-14;0,0464363363470174
41;-13,5;0,290863161806551
41;-13;0,284818725233207
41;-12,5;0,0569470842246671
41;-12;0,0451820586190208
41;-11,5;0,0480070965450038
41;-11;0,0425251690178887
41;-10,5;0,0460371923223287
41;-10;0,154756728842242
41;-9,5;0,119069791501568
41;-9;0,311441304887068
41;-8,5;0,0618215477729708
41;-8;0,0508647763393037
41;-7,5;0,0439120837554339
41;-7;0,0559715809531599
41;-6,5;0,0685321333221337
41;-6;0,0433020732629765
41;-5,5;0,0356427855710704
41;-5;0,0521856132323673
41;-4,5;0,0292468156177083
41;-4;0,329554728141745
41;-3,5;0,356446725768948
41;-3;0,0283844128969896
41;-2,5;0,326039174672389
41;-2;0,0510610978562517
41;-1,5;0,139816443707579
41;-1;0,109510268108074
41;-0,5;0,0545830083953971
41;0;0,0252732138332163
41;0,5;0,0759456899970739
41;1;0,07471665605803
41;1,5;0,0473350598458888
41;2;0,37300808652955
41;2,5;0,0538355456117686
41;3;0,0351095000996195
41;3,5;0,0350723132522328
41;4;0,0447565145411227
41;4,5;0,0428292496793859
41;5;0,0273071497743553
41;5,5;0,0558724933018245
41;6;0,0687417507146605
41;6,5;0,0256595210260002
41;7;0,0370186724536002
41;7,5;0,0622972988461472
41;8;0,119707613557485
41;8,5;0,0728840904011899
41;9;0,0479915076229281
41;9,5;0,0641246579958552
41;10;0,182236110581849
41;10,5;0,316936453273505
41;11;0,264103091827695
41;11,5;0,0742651916948916
41;12;0,0667619594428604
41;12,5;0,0446880278677717
41;13;0,0320492475726413
41;13,5;0,246837215070584
41;14;0,368358141602945
41;14,5;0,288323660724078
41;15;0,166854678940381
41;15,5;0,0896212016188933
41;16;0,023367562457531
41;16,5;0,0198091792174037
41;17;0,0247929553222042
41;17,5;0,0229759586931895
41;18;0,0221456890319476
41;18,5;0,0449107241145794
41;19;0,0474698439870437
41;19,5;0,0658704777173412
41;20;0,050353737493376
41;20,5;0,0442939576375333
41;21;0,0546955082487541
41;21,5;0,0475649182689922
41;22;0,0746528919062916
41;22,5;0,0421851079568766
41;23;0,0419551790884224
41;23,5;0,0893907342029616
41;24;0,0556218509990588
41;24,5;0,0324020177813438
41;25;0,05227230178292
41;25,5;0,061861975031535
41;26;0,0457303691945152
41;26,5;0,0322646617183893
41;27;0,0250095765971483
41;27,5;0,0392621361636686
41;28;0,0295145386035546
41;28,5;0,02676509640698
41;29;0,0216240586972494
41;29,5;0,0289348139683626
41;30;0,0459119276051304
41;30,5;0,0315544070177352
41;31;0,0237871499217657
41;31,5;0,0332678460353527
41;32;0,0285274214415654
41;32,5;0,022275206035446
41;33;0,0231334147433828
41;33,5;0,0286326420478752
41;34;0,0348663866204456
41;34,5;0,0539063899695743
41;35;0,0598214296345897
41;35,5;0,0379702808376598
41;36;0,0358366557040968
41;36,5;0,0353070713273458
41;37;0,0545468764163949
41;37,5;0,091606407109598
41;38;0,0767954666466647
41;38,5;0,276447020669157
41;39;0,182554681208875
41;39,5;0,103718721263308
41;40;0,0407192988000265
41;40,5;0,0330284223158217
41;41;0,0334735304516324
41;41,5;0,0627705063099514
41;42;0,071737734289622
41;42,5;0,0526481211027268
41;43;0,07550987488373
41;43,5;0,0371553028060685
41;44;0,0477681057249557
41;44,5;0,0593515786195432
41;45;0,0271757692200588
41;45,5;0,0273332207770561
41;46;0,0509197138886131
41;46,5;0,0727621950705465
41;47;0,0473786702500103
41;47,5;0,0216916275714936
41;48;0,0171990899658143
41;48,5;0,0242901422331349
41;49;0,0176022380888152
41;49,5;0,0543587312597334
41;50;0,0426007250960765
41;50,5;0,0413966635551876
41;51;0,0253590903601457
41;51,5;0,0402684960391082
41;52;0,0603172750500865
41;52,5;0,0348832794347499
41;53;0,0351199377775435
41;53,5;0,0311363683950515
41;54;0,0319728830728383
41;54,5;0,0512835489242418
41;55;0,0372270646403486
41;55,5;0,0227206772724913
41;56;0,032346832041132
41;56,5;0,0428343064948537
41;57;0,0698114742817536
41;57,5;0,051318110436036
41;58;0,0587651196963751
41;58,5;0,0571592920331563
41;59;0,0396059621872149
41;59,5;0,0452357344201798
41;60;0,0372683467237169
41;60,5;0,0269380183124352
41;61;0,038325573311303
41;61,5;0,0542370168507193
41;62;0,0638542143196081
41;62,5;0,101185367949754
41;63;0,0542317208417227
41;63,5;0,0424369512413361
41;64;0,0418738566625391
41;64,5;0,0502070251753268
41;65;0,0485601429791681
41;65,5;0,0626809948210474
41;66;0,0518245058998608
41;66,5;0,0583501919273552
41;67;0,142138375721281
41;67,5;0,144129298012079
41;68;0,0395543354709121
41;68,5;0,0268700576850888
41;69;0,0411865673895426
41;69,5;0,0396336872706372
41;70;0,104274216273666
41;70,5;0,0945211105316397
41;71;0,068776449457645
41;71,5;0,0830904106372648
41;72;0,0725250763495454
41;72,5;0
41;73;0
41;73,5;0
41;74;0
41;74,5;0,021743964679883
41;75;0,125406927384006
41;75,5;0,144268301636717
41;76;0,0816275403033093
41;76,5;0
41;77;0
41;77,5;0
41;78;0
41,5;-21,5;0
41,5;-21;0
41,5;-20,5;0
41,5;-20;0
41,5;-19;0
41,5;-18,5;0,216613326767614
41,5;-18;0,30532901737817
41,5;-17,5;0,166480945271043
41,5;-17;0,128170415403147
41,5;-16,5;0,118414224531635
41,5;-16;0,12629064915203
41,5;-15,5;0,129788545976394
41,5;-15;0,0635084921205706
41,5;-14,5;0
41,5;-14;0,0716622368509119
41,5;-13,5;0,28595199601534
41,5;-13;0,302508758848943
41,5;-12,5;0,0675254875916743
41,5;-12;0,055613035491683
41,5;-11,5;0,0499526699063146
41,5;-11;0,0423353588468983
41,5;-10,5;0,0570163215188443
41,5;-10;0,0952906947225763
41,5;-9,5;0,0930179771890266
41,5;-9;0,379879277210849
41,5;-8,5;0,0538781581438962
41,5;-8;0,04288816023275
41,5;-7,5;0,0420270662048317
41,5;-7;0,0417649392478421
41,5;-6,5;0,0391857260588669
41,5;-6;0,028740152778434
41,5;-5,5;0,03034363694621
41,5;-5;0,0558536378101223
41,5;-4,5;0,0549176008170351
41,5;-4;0,222316360737436
41,5;-3,5;0,356842500062171
41,5;-3;0,0217071754312132
41,5;-2,5;0,0187919228296724
41,5;-2;0,0391968138436294
41,5;-1,5;0,160159371799146
41,5;-1;0,0982899910474713
41,5;-0,5;0,0774824681825988
41,5;0;0,14256478784322
41,5;0,5;0,0759409305313807
41,5;1;0,131344361593157
41,5;1,5;0,119693859479722
41,5;2;0,106067464079867
41,5;2,5;0,0376534386554141
41,5;3;0,0246972762496266
41,5;3,5;0,024830401337759
41,5;4;0,0204625723350393
41,5;4,5;0,0418540874450076
41,5;5;0,0214116499481334
41,5;5,5;0,276937337308493
41,5;6;0,367008248376869
41,5;6,5;0,0259307410304081
41,5;7;0,023832314220443
41,5;7,5;0,0421444822602899
41,5;8;0,286358193624737
41,5;8,5;0,224635452458817
41,5;9;0,0507756944655549
41,5;9,5;0,0818639134636786
41,5;10;0,033338032383196
41,5;10,5;0,0265148539739402
41,5;11;0,0325272564750411
41,5;11,5;0,0526140759807846
41,5;12;0,0433368152016358
41,5;12,5;0,047348424676305
41,5;13;0,0268195011933053
41,5;13,5;0,028375165197757
41,5;14;0,0992506707895413
41,5;14,5;0,316621808594846
41,5;15;0,267828705897033
41,5;15,5;0,314710450025689
41,5;16;0,343514517038186
41,5;16,5;0,0806108804665151
41,5;17;0,0280826505463425
41,5;17,5;0,0399022686927943
41,5;18;0,0308078679622425
41,5;18,5;0,0354175562583943
41,5;19;0,117093697030615
41,5;19,5;0,279508752949182
41,5;20;0,102574529918661
41,5;20,5;0,0391436018862272
41,5;21;0,0375871329311437
41,5;21,5;0,0345200704186418
41,5;22;0,0268792298475771
41,5;22,5;0,0423243106134945
41,5;23;0,058465872647749
41,5;23,5;0,0554407310165314
41,5;24;0,0518452429096722
41,5;24,5;0,0553682405100301
41,5;25;0,0696870073370685
41,5;25,5;0,0523668043339156
41,5;26;0,0545834475384549
41,5;26,5;0,0355985937074708
41,5;27;0,0398123341061482
41,5;27,5;0,0294075429314864
41,5;28;0,0498294557029011
41,5;28,5;0,034621982457362
41,5;29;0,0278331205898179
41,5;29,5;0,0319275166044372
41,5;30;0,0301395560263512
41,5;30,5;0,032666853908097
41,5;31;0,0310935684439033
41,5;31,5;0,0347997043304624
41,5;32;0,0294271688149372
41,5;32,5;0,0312705551445384
41,5;33;0,0329751582926568
41,5;33,5;0,0374047099297665
41,5;34;0,0344698534711032
41,5;34,5;0,0456368753881168
41,5;35;0,0435935987762683
41,5;35,5;0,0270829889785271
41,5;36;0,0294970147566126
41,5;36,5;0,0361671646043508
41,5;37;0,0343308005715499
41,5;37,5;0,0497321024199614
41,5;38;0,0839312655823736
41,5;38,5;0,129895019844378
41,5;39;0,309525459508638
41,5;39,5;0,0414945906163703
41,5;40;0,0306231807802836
41,5;40,5;0,0583457078570854
41,5;41;0,0432663231611834
41,5;41,5;0,0481283815065765
41,5;42;0,0445939053143428
41,5;42,5;0,0349383223618857
41,5;43;0,0277430209904259
41,5;43,5;0,0301324466040122
41,5;44;0,045438436088283
41,5;44,5;0,0300339675267405
41,5;45;0,0282390579444973
41,5;45,5;0,0347315808779326
41,5;46;0,0423404103053759
41,5;46,5;0,175434848559249
41,5;47;0,0574658172365027
41,5;47,5;0,033040986633374
41,5;48;0,0230104859552391
41,5;48,5;0,0281338793766408
41,5;49;0,0344287544130598
41,5;49,5;0,0589655551544957
41,5;50;0,0496235766452365
41,5;50,5;0,0482178781584661
41,5;51;0,0282552392206714
41,5;51,5;0,0494250939184226
41,5;52;0,035172191550581
41,5;52,5;0,0265607437629991
41,5;53;0,0266309367868926
41,5;53,5;0,039420965671014
41,5;54;0,0697729957550851
41,5;54,5;0,0746778105471856
41,5;55;0,0642912568120996
41,5;55,5;0,0331762427755602
41,5;56;0,0253121724070459
41,5;56,5;0,0423859406335017
41,5;57;0,0828022300778993
41,5;57,5;0,0546523277004459
41,5;58;0,0318204531255198
41,5;58,5;0,0424852845811417
41,5;59;0,0548456773569464
41,5;59,5;0,0370195185420667
41,5;60;0,038625818986424
41,5;60,5;0,0231422088174884
41,5;61;0,0539557401826762
41,5;61,5;0,0500240651011194
41,5;62;0,257519258215937
41,5;62,5;0,263520130720974
41,5;63;0,182780942704301
41,5;63,5;0,0481167933932802
41,5;64;0,0467542317673311
41,5;64,5;0,0469792748433643
41,5;65;0,0445194797996636
41,5;65,5;0,0763769137723794
41,5;66;0,0434744685046834
41,5;66,5;0,0628065813961138
41,5;67;0,108696739814122
41,5;67,5;0,0671710325888148
41,5;68;0,0622709674495007
41,5;68,5;0,0735391052434009
41,5;69;0,0730070246005523
41,5;69,5;0,0674148066646747
41,5;70;0,0905618832284176
41,5;70,5;0,12285508968384
41,5;71;0
41,5;71,5;0,086631370195757
41,5;72;0,0665204229291025
41,5;72,5;0
41,5;73;0
41,5;73,5;0
41,5;74;0
41,5;74,5;0,0820812605491249
41,5;75;0,129585291704294
41,5;75,5;0,118407368343565
41,5;76;0,109612575312629
41,5;76,5;0
41,5;77;0
41,5;77,5;0,0487476495159852
41,5;78;0,0849839270517835
42;-22,5;0
42;-22;0
42;-21,5;0
42;-21;0
42;-20,5;0
42;-20;0,104945064994342
42;-19,5;0,0426348839957767
42;-19;0,039073008586491
42;-18,5;0,110371846249143
42;-18;0,26972736598158
42;-17,5;0,0371308497074872
42;-17;0,116405766765362
42;-16,5;0,158525474778807
42;-16;0
42;-15,5;0,0289913780286485
42;-15;0,0949667966876754
42;-14,5;0,107030929562631
42;-14;0,130354847270428
42;-13,5;0,058789398743605
42;-13;0,0503582126353977
42;-12,5;0,0499872852050453
42;-12;0,048144813603576
42;-11,5;0,0511654295962689
42;-11;0,0527979281044362
42;-10,5;0,058123276498628
42;-10;0,0274355811148791
42;-9,5;0,0579426945857358
42;-9;0,0259110199023688
42;-8,5;0,0465624833606619
42;-8;0,0508197650534176
42;-7,5;0,0423064504395284
42;-7;0,0488307122776072
42;-6,5;0,0467027920901125
42;-6;0,0568262362028692
42;-5,5;0,042723152413514
42;-5;0,0393449809983676
42;-4,5;0,0624665913912117
42;-4;0,0403491945831179
42;-3,5;0,288496985097288
42;-3;0,0794382321509783
42;-2,5;0,0322779319370925
42;-2;0,0356446566171249
42;-1,5;0,081722760683036
42;-1;0,135303526768622
42;-0,5;0,0931978443757498
42;0;0,147004085148747
42;0,5;0,123323878164854
42;1;0,139023983784191
42;1,5;0,128353001512231
42;2;0,168043526604819
42;2,5;0,197006020059633
42;3;0,0300554772437397
42;3,5;0,0333522208549203
42;4;0,0332815437896861
42;4,5;0,0394780773979854
42;5;0,0440258955227946
42;5,5;0,089565994414018
42;6;0,243488944456873
42;6,5;0,0906339571426065
42;7;0,103734264630363
42;7,5;0,102455081503872
42;8;0,0853252051483547
42;8,5;0,171252247209831
42;9;0,215111390675227
42;9,5;0,236924077702207
42;10;0,0749188001148194
42;10,5;0,0437766667498125
42;11;0,0284205286066426
42;11,5;0,0319272395078173
42;12;0,0504327762072086
42;12,5;0,0247914273424643
42;13;0,038637846828211
42;13,5;0,0391243039174474
42;14;0,0299853559029646
42;14,5;0,128716850998975
42;15;0,276575514623504
42;15,5;0,226390905622908
42;16;0,257021710180545
42;16,5;0,112318279925886
42;17;0,0320032539667892
42;17,5;0,0538425172764672
42;18;0,36474106697543
42;18,5;0,231729941316351
42;19;0,32538274453445
42;19,5;0,296122219217283
42;20;0,200251675203357
42;20,5;0,0491192865952322
42;21;0,0285615949464023
42;21,5;0,0354397230088237
42;22;0,0300322897853638
42;22,5;0,0344983051446189
42;23;0,0289070651807987
42;23,5;0,0558993967944509
42;24;0,142278482795772
42;24,5;0,0950129196854923
42;25;0,111321112408144
42;25,5;0,0686468227215371
42;26;0,0500100649003488
42;26,5;0,0998470973896731
42;27;0,0337992051646506
42;27,5;0,0472143929223855
42;28;0,0449575833895703
42;28,5;0,0260102649793792
42;29;0,0428173560649435
42;29,5;0,0987606956233096
42;30;0,104948654637365
42;30,5;0,062202862821985
42;31;0,0281790883330839
42;31,5;0,0311815328866842
42;32;0,0420322043003589
42;32,5;0,0370419410680844
42;33;0,0260158269001721
42;33,5;0,0188119559228679
42;34;0,0233680192799662
42;34,5;0,0642259644521117
42;35;0,041218706541797
42;35,5;0,0183201343050456
42;36;0,0384547088905162
42;36,5;0,0416167680354697
42;37;0,0282864994373671
42;37,5;0,0351618865316241
42;38;0,0560738972778143
42;38,5;0,0710458466409541
42;39;0,0283165085356119
42;39,5;0,0361672842744743
42;40;0,0254471471932608
42;40,5;0,0246009613689279
42;41;0,0497675256725734
42;41,5;0,0583057959402012
42;42;0,0372368101151026
42;42,5;0,0453091960787181
42;43;0,0431843029588133
42;43,5;0,0390157764542105
42;44;0,0448517133505086
42;44,5;0,0659699199450685
42;45;0,0342170981224529
42;45,5;0,086329148563424
42;46;0,0821245253610789
42;46,5;0,16080000522127
42;47;0,045507936749204
42;47,5;0,0381803775819953
42;48;0,0237989220568842
42;48,5;0,0293415833314546
42;49;0,0285553234056508
42;49,5;0,0599129264208859
42;50;0,0398608890541904
42;50,5;0,0203386012084491
42;51;0,0516431666986705
42;51,5;0,0601007487474158
42;52;0,0511818868076401
42;52,5;0,0311838440891258
42;53;0,0201251060593281
42;53,5;0,0962761808481008
42;54;0,0981259324673633
42;54,5;0,134456987815738
42;55;0,0354435519968197
42;55,5;0,0649024132196381
42;56;0,0244017261897058
42;56,5;0,0180172929639408
42;57;0,0357833023780553
42;57,5;0,0399443326154046
42;58;0,0342347088569463
42;58,5;0,0357452858889213
42;59;0,0371254576262757
42;59,5;0,0301126732569457
42;60;0,0372936734689422
42;60,5;0,0317756976446823
42;61;0,0477590232094868
42;61,5;0,0589076704374196
42;62;0,310831877596408
42;62,5;0,306824695035633
42;63;0,0579199705499385
42;63,5;0,0602641697967401
42;64;0,0446940375133788
42;64,5;0,0538744143843116
42;65;0,0626655550910689
42;65,5;0,0433978686112579
42;66;0,0525190277505408
42;66,5;0,0577699381212109
42;67;0,0528505105991251
42;67,5;0,0570706453315411
42;68;0,0759446492097353
42;68,5;0,0316056429560714
42;69;0,0588250487771694
42;69,5;0,0650289969186945
42;70;0,352916670736539
42;70,5;0,300005988735743
42;71;0
42;71,5;0,0906756779485468
42;72;0,144264687293877
42;72,5;0,0651990541853689
42;73;0,109128670232284
42;73,5;0
42;74;0,0969293953984429
42;74,5;0,0518684232778801
42;75;0,110000972285445
42;75,5;0,160230785936738
42;76;0
42;76,5;0
42;77;0
42;77,5;0,0721651544986188
42;78;0,0248260615751539
42,5;-22,5;0
42,5;-22;0,0498051560727258
42,5;-21,5;0,0702968066532259
42,5;-21;0
42,5;-20,5;0
42,5;-20;0,371875171068388
42,5;-19,5;0,214702647088169
42,5;-19;0,0494061399693061
42,5;-18,5;0
42,5;-18;0
42,5;-17,5;0,0704059656563277
42,5;-17;0,0797853146172366
42,5;-16,5;0,0439543188191689
42,5;-16;0,0711253162106194
42,5;-15,5;0
42,5;-15;0,0786939767149119
42,5;-14,5;0,0546076264808792
42,5;-14;0,0348183310408553
42,5;-13,5;0,0585966235009688
42,5;-13;0,0658300336725824
42,5;-12,5;0,0399031436050497
42,5;-12;0,0520269161107979
42,5;-11,5;0,0505694242271619
42,5;-11;0,0449013624842407
42,5;-10,5;0,0500133315560295
42,5;-10;0,0180069431053691
42,5;-9,5;0,0763882434847802
42,5;-9;0,0590116275021383
42,5;-8,5;0,0517234710776207
42,5;-8;0,0426541035425621
42,5;-7,5;0,0587798295383422
42,5;-7;0,0311377974394229
42,5;-6,5;0,0290974410588029
42,5;-6;0,0432350609089808
42,5;-5,5;0,0322094484806644
42,5;-5;0,0273623829371639
42,5;-4,5;0,178312513534413
42,5;-4;0,0766369378709642
42,5;-3,5;0,364379835866026
42,5;-3;0,342757128697671
42,5;-2,5;0,0644189552742404
42,5;-2;0,0293172240600471
42,5;-1,5;0,0442106531376042
42,5;-1;0,0506273638803642
42,5;-0,5;0,0547641444977928
42,5;0;0,0497380604331068
42,5;0,5;0,0804794939694568
42,5;1;0,138047557183885
42,5;1,5;0,0817914938082424
42,5;2;0,0927645765724539
42,5;2,5;0,165670652600791
42,5;3;0,121028434522077
42,5;3,5;0,0398051889753502
42,5;4;0,0431444766774218
42,5;4,5;0,10677835233141
42,5;5;0,151961382744861
42,5;5,5;0,236812506766179
42,5;6;0,146800827358586
42,5;6,5;0,119543464092198
42,5;7;0,0863142054193662
42,5;7,5;0,0899252320426599
42,5;8;0,0871755506340653
42,5;8,5;0,109251577959712
42,5;9;0,169749646658459
42,5;9,5;0,364792199649898
42,5;10;0,0719787958909446
42,5;10,5;0,0603016303221626
42,5;11;0,040630009496393
42,5;11,5;0,0330927946515739
42,5;12;0,0254814854119148
42,5;12,5;0,0240740221694956
42,5;13;0,0260036154511046
42,5;13,5;0,0663291338070733
42,5;14;0,0352106916819855
42,5;14,5;0,0847058031758114
42,5;15;0,140014909182517
42,5;15,5;0,243933722877803
42,5;16;0,283761159414544
42,5;16,5;0,016789205176789
42,5;17;0,057017314560262
42,5;17,5;0,032133067423428
42,5;18;0,205049606979175
42,5;18,5;0,072649999373459
42,5;19;0,0410727416931575
42,5;19,5;0,0825610275992064
42,5;20;0,0747739782887848
42,5;20,5;0,0537669496433411
42,5;21;0,024621307889
42,5;21,5;0,0197186087088254
42,5;22;0,0266120115674082
42,5;22,5;0,039091354824802
42,5;23;0,030584341228391
42,5;23,5;0,0385155130810841
42,5;24;0,077864134336535
42,5;24,5;0,0675263972463278
42,5;25;0,12632016721831
42,5;25,5;0,0417911440366013
42,5;26;0,0489896064762693
42,5;26,5;0,0839986190328183
42,5;27;0,0439129682138292
42,5;27,5;0,0453187280806284
42,5;28;0,0231092612281858
42,5;28,5;0,0420748717145558
42,5;29;0,043155330086197
42,5;29,5;0,0508248489039214
42,5;30;0,0669926474525731
42,5;30,5;0,0759191478930495
42,5;31;0,0475174860929515
42,5;31,5;0,0284700614854461
42,5;32;0,0489742173693684
42,5;32,5;0,0428170784133709
42,5;33;0,0250636151407088
42,5;33,5;0,019144955963464
42,5;34;0,0267975590990946
42,5;34,5;0,0514520599293133
42,5;35;0,0430440945674896
42,5;35,5;0,0329328364012445
42,5;36;0,0304709568595546
42,5;36,5;0,0312060548154177
42,5;37;0,0230041769438236
42,5;37,5;0,0379532607294815
42,5;38;0,0269364643047988
42,5;38,5;0,0377780818871787
42,5;39;0,0335061607755552
42,5;39,5;0,0334180775380046
42,5;40;0,0272271057818527
42,5;40,5;0,0623869986720453
42,5;41;0,0438715317121005
42,5;41,5;0,0414816950281563
42,5;42;0,0315932482238426
42,5;42,5;0,0331222916914961
42,5;43;0,0329800890615808
42,5;43,5;0,0252543143275929
42,5;44;0,0892446269728669
42,5;44,5;0,0610318808180649
42,5;45;0,0457434419352231
42,5;45,5;0,0827985836919545
42,5;46;0,115974626907408
42,5;46,5;0,143947050833027
42,5;47;0,0432887960685841
42,5;47,5;0,0283707206235194
42,5;48;0,0338698200614532
42,5;48,5;0,0430547252960095
42,5;49;0,0490323637264314
42,5;49,5;0,0948659569035896
42,5;50;0,0375049119098678
42,5;50,5;0,025120927914465
42,5;51;0,0554684020525566
42,5;51,5;0,140290369213502
42,5;52;0,0526553694582314
42,5;52,5;0,0331501538922707
42,5;53;0,0174354605447943
42,5;53,5;0,0837583354269974
42,5;54;0,0808218375285269
42,5;54,5;0,0489162479789354
42,5;55;0,0297855509449269
42,5;55,5;0,0518540565889644
42,5;56;0,017537570846174
42,5;56,5;0,0259803303596279
42,5;57;0,0280152939984451
42,5;57,5;0,0193558223157974
42,5;58;0,0252929061133029
42,5;58,5;0,0363813660138314
42,5;59;0,0277848879788996
42,5;59,5;0,0435369302389559
42,5;60;0,0311011648679009
42,5;60,5;0,0390565201305222
42,5;61;0,0522909519548426
42,5;61,5;0,0555718024291567
42,5;62;0,0818596326975854
42,5;62,5;0,105570155650047
42,5;63;0,0467580956861496
42,5;63,5;0,0511027984619071
42,5;64;0,0441906129928047
42,5;64,5;0,0367052033262249
42,5;65;0,08297597837334
42,5;65,5;0,0627880785104171
42,5;66;0,0580845598412695
42,5;66,5;0,148635166030598
42,5;67;0,0988149682952116
42,5;67,5;0,125583405375831
42,5;68;0,0937894532368194
42,5;68,5;0,0588937409855472
42,5;69;0,0468789767543881
42,5;69,5;0,0508464253842782
42,5;70;0,240566397067108
42,5;70,5;0,167711703615917
42,5;71;0,0464058186006884
42,5;71,5;0,0969888727516313
42,5;72;0,0582899158149528
42,5;72,5;0,0786711268435276
42,5;73;0,0566453614137731
42,5;73,5;0,0537401153701776
42,5;74;0,0989156359242715
42,5;74,5;0,128707278878716
42,5;75;0,145794043862589
42,5;75,5;0
42,5;76;0
42,5;76,5;0
42,5;77;0
42,5;77,5;0,0887972543548075
42,5;78;0,116706795819593
43;-23;0
43;-22,5;0
43;-22;0,00989949493661166
43;-21,5;0,0630071802408643
43;-21;0,0404145188432738
43;-20,5;0
43;-20;0,224087222601677
43;-19,5;0,29772998979847
43;-19;0
43;-18,5;0,0395748236466907
43;-18;0
43;-17,5;0
43;-17;0
43;-16,5;0,0735267071659453
43;-16;0,0524946750546273
43;-15,5;0
43;-15;0,0767023032360759
43;-14,5;0,0808261165163285
43;-14;0,0766224290834966
43;-13,5;0,0600294465556823
43;-13;0,0440947245069603
43;-12,5;0,0488279988263676
43;-12;0,0406667774821185
43;-11,5;0,0538930827455258
43;-11;0,0350260261922832
43;-10,5;0,0422080102472535
43;-10;0,0572037908202815
43;-9,5;0,0388945460737841
43;-9;0,0605814635469481
43;-8,5;0,0513233055262504
43;-8;0,0332614267706981
43;-7,5;0,081999381072302
43;-7;0,0767805758783227
43;-6,5;0,0381147462141394
43;-6;0,0528427207106141
43;-5,5;0,0369675929239016
43;-5;0,0562325191256406
43;-4,5;0,031449711958687
43;-4;0,0464405480730713
43;-3,5;0,164419672688895
43;-3;0,240535655408961
43;-2,5;0,181308105626671
43;-2;0,0435706814847887
43;-1,5;0,0261263946149334
43;-1;0,020244323817665
43;-0,5;0,0343176706255316
43;0;0,0389312032364037
43;0,5;0,0379524713641237
43;1;0,0245496657442473
43;1,5;0,0319944574594296
43;2;0,0393873922298325
43;2,5;0,0301402696461352
43;3;0,043590235299266
43;3,5;0,0363108719102998
43;4;0,0294737241152716
43;4,5;0,0305735910188371
43;5;0,2388986699624
43;5,5;0,254355454844129
43;6;0,0892944943582138
43;6,5;0,0535742025518193
43;7;0,0306998620480559
43;7,5;0,0206311095122904
43;8;0,0234464755497136
43;8,5;0,0450550814044361
43;9;0,026018801870533
43;9,5;0,0822122697709105
43;10;0,0437602254620622
43;10,5;0,0450022278597716
43;11;0,0593270059364667
43;11,5;0,0617601554946447
43;12;0,0331770487625397
43;12,5;0,0266309637911496
43;13;0,0302633294097794
43;13,5;0,0923238718074548
43;14;0,0469178964232256
43;14,5;0,297546338339735
43;15;0,367280618793282
43;15,5;0,244743778992178
43;16;0,0210343612362506
43;16,5;0,0229914045503008
43;17;0,0376997193296583
43;17,5;0,0281513902020508
43;18;0,0240903744937825
43;18,5;0,0266008735538741
43;19;0,0373972587053876
43;19,5;0,0444760807972712
43;20;0,0568783669121181
43;20,5;0,0865126903539966
43;21;0,0450319155264126
43;21,5;0,0241244591997508
43;22;0,019870362415442
43;22,5;0,0353165715222986
43;23;0,0222161371374795
43;23,5;0,0296845589358455
43;24;0,151223967320035
43;24,5;0,105223492961764
43;25;0,137618066515283
43;25,5;0,0726833295273722
43;26;0,0471506509424581
43;26,5;0,0933713689223589
43;27;0,0567219063118244
43;27,5;0,0440982470417687
43;28;0,0601157976721061
43;28,5;0,0391723959488683
43;29;0,0469045487631836
43;29,5;0,0394842662704167
43;30;0,0310010627568471
43;30,5;0,0316813264680728
43;31;0,0319315827857819
43;31,5;0,0272388579371106
43;32;0,0313909733408015
43;32,5;0,0267526652208473
43;33;0,0258971462689222
43;33,5;0,0396499090699613
43;34;0,0360002762205401
43;34,5;0,0439322044226576
43;35;0,0303544578760296
43;35,5;0,0293210746762131
43;36;0,0338009952947123
43;36,5;0,0294522225654293
43;37;0,0232697225725966
43;37,5;0,0455307934398304
43;38;0,0272238273734518
43;38,5;0,0160084056043342
43;39;0,0252770142813662
43;39,5;0,0406040648537142
43;40;0,0462726513662532
43;40,5;0,0268681173194423
43;41;0,0313277264780097
43;41,5;0,0346134627958933
43;42;0,0411181395561646
43;42,5;0,0290327401393668
43;43;0,0295231104321136
43;43,5;0,0507440741803983
43;44;0,0580180955912688
43;44,5;0,0393724323575781
43;45;0,0420935908284563
43;45,5;0,0381369704145032
43;46;0,0313048801021068
43;46,5;0,118221705280745
43;47;0,0469173376017427
43;47,5;0,203254983978846
43;48;0,186829266581855
43;48,5;0,0479862668376309
43;49;0,0881714481562623
43;49,5;0,0443987849027463
43;50;0,0383608931950465
43;50,5;0,0306849785128829
43;51;0,0638361571421533
43;51,5;0,262916750655499
43;52;0,0563867687596516
43;52,5;0,0330934463372461
43;53;0,0414296841767654
43;53,5;0,0376590182146662
43;54;0,0591087222568037
43;54,5;0,0443331156141323
43;55;0,0354951360498251
43;55,5;0,0302562004518494
43;56;0,036039830629798
43;56,5;0,0279767755562995
43;57;0,0309109600584882
43;57,5;0,0202354094963645
43;58;0,0261770653518051
43;58,5;0,110467589898339
43;59;0,089444182249388
43;59,5;0,0286695462075498
43;60;0,0319806153213117
43;60,5;0,0448439002878655
43;61;0,0377894135702494
43;61,5;0,0366128075558216
43;62;0,0506394768129923
43;62,5;0,0443756808625667
43;63;0,0502490295602951
43;63,5;0,0503048055039489
43;64;0,0610669764255289
43;64,5;0,0555197237983019
43;65;0,0924731171166917
43;65,5;0,112370267077537
43;66;0,0729261512038841
43;66,5;0,044453768863141
43;67;0,0963649089737103
43;67,5;0,0917072739834737
43;68;0,0928905476684999
43;68,5;0,102743415780117
43;69;0,0348984922583306
43;69,5;0,041617189671943
43;70;0,0776571232269055
43;70,5;0,120350270045397
43;71;0,0627938083380153
43;71,5;0,0636993928402881
43;72;0,067175144212722
43;72,5;0
43;73;0
43;73,5;0,102033378247904
43;74;0,0952898954722088
43;74,5;0,1153496088336
43;75;0
43;75,5;0
43;76;0
43;76,5;0
43;77;0
43;77,5;0,0523259018078045
43;78;0,0450382833786654
43,5;-22,5;0
43,5;-22;0
43,5;-21,5;0,0752106565397674
43,5;-21;0,035811374526183
43,5;-20,5;0,0520787864681964
43,5;-20;0,434988669803183
43,5;-19,5;0,037476659402887
43,5;-19;0
43,5;-18,5;0,0674069729330727
43,5;-18;0,0707105518494739
43,5;-17,5;0
43,5;-17;0,0651954326961977
43,5;-16,5;0,0752716293288393
43,5;-16;0
43,5;-15,5;0,0908441889537612
43,5;-15;0,0924675864584696
43,5;-14,5;0,063244336931034
43,5;-14;0,0472936867928217
43,5;-13,5;0,0404767048604952
43,5;-13;0
43,5;-12,5;0,0569693766985643
43,5;-12;0,0664501556687853
43,5;-11,5;0,042644158058569
43,5;-11;0,0573551187700174
43,5;-10,5;0,0413043082975689
43,5;-10;0,0496975731850943
43,5;-9,5;0,0365546528783796
43,5;-9;0,052650643337973
43,5;-8,5;0,0296657063130836
43,5;-8;0,0318204542793045
43,5;-7,5;0,0414748676485489
43,5;-7;0,0461482435903408
43,5;-6,5;0,0404565878399377
43,5;-6;0,0729824100783954
43,5;-5,5;0,0707445244868027
43,5;-5;0,0434256393555111
43,5;-4,5;0,0497496203530713
43,5;-4;0,0620348900716919
43,5;-3,5;0,0453699913060506
43,5;-3;0,0497955199168216
43,5;-2,5;0,0417909530961399
43,5;-2;0,0396833267035166
43,5;-1,5;0,316535282953877
43,5;-1;0,277186784620436
43,5;-0,5;0,0982079230493457
43,5;0;0,0480823406729938
43,5;0,5;0,0590402125183749
43,5;1;0,203569529894335
43,5;1,5;0,272295796058191
43,5;2;0,0387997952115548
43,5;2,5;0,0233659314726676
43,5;3;0,0551876239519512
43,5;3,5;0,0476238404800876
43,5;4;0,0304640148100527
43,5;4,5;0,0270191329138699
43,5;5;0,233230444102013
43,5;5,5;0,0586843813256155
43,5;6;0,023114436365495
43,5;6,5;0,0274497133811244
43,5;7;0,0231599146298363
43,5;7,5;0,0190353788199821
43,5;8;0,0200953676002362
43,5;8,5;0,0213385937806727
43,5;9;0,144085617912602
43,5;9,5;0,23189504954958
43,5;10;0,0240085550228604
43,5;10,5;0,0305591071221204
43,5;11;0,0424337034726501
43,5;11,5;0,0266784886026727
43,5;12;0,0501260421142465
43,5;12,5;0,0695492404816488
43,5;13;0,137161070948551
43,5;13,5;0,102419838976528
43,5;14;0,145694226767908
43,5;14,5;0,203805199218887
43,5;15;0,286543804554164
43,5;15,5;0,0704814575214058
43,5;16;0,0491482059536193
43,5;16,5;0,0300241775852299
43,5;17;0,0219604484190519
43,5;17,5;0,0295105687757418
43,5;18;0,0338484895960497
43,5;18,5;0,0333526858422611
43,5;19;0,110889936249565
43,5;19,5;0,0445397739111358
43,5;20;0,0275291405835202
43,5;20,5;0,0616657076837056
43,5;21;0,0381788499019016
43,5;21,5;0,0289040126414778
43,5;22;0,0338287638217536
43,5;22,5;0,0337862446948238
43,5;23;0,0261100397102239
43,5;23,5;0,0196277525322638
43,5;24;0,332037603665509
43,5;24,5;0,364219710316342
43,5;25;0,0409032352711541
43,5;25,5;0,0344006754850715
43,5;26;0,0368527608245591
43,5;26,5;0,0366279261218649
43,5;27;0,0477994836123657
43,5;27,5;0,031219779878266
43,5;28;0,0530508241679956
43,5;28,5;0,0414324388468205
43,5;29;0,0562935365986567
43,5;29,5;0,0828295043474904
43,5;30;0,0269320942591208
43,5;30,5;0,094978617304623
43,5;31;0,0856261674369278
43,5;31,5;0,0261303272654305
43,5;32;0,0262096925036834
43,5;32,5;0,0393403556851508
43,5;33;0,052285991718356
43,5;33,5;0,0304206618380775
43,5;34;0,0302664954000567
43,5;34,5;0,0564445611486895
43,5;35;0,0259012043025157
43,5;35,5;0,0288952773362984
43,5;36;0,0384444914860352
43,5;36,5;0,037303258005853
43,5;37;0,0433906744618253
43,5;37,5;0,0397012396500672
43,5;38;0,0321143982195332
43,5;38,5;0,0428835828805415
43,5;39;0,0411943912583796
43,5;39,5;0,0562768650263151
43,5;40;0,128175727880246
43,5;40,5;0,14742830213352
43,5;41;0,0948352470848041
43,5;41,5;0,047052152941377
43,5;42;0,0335509398488074
43,5;42,5;0,0335426417478856
43,5;43;0,0320566582606948
43,5;43,5;0,0546817388346738
43,5;44;0,0544083121018315
43,5;44,5;0,0624144748168778
43,5;45;0,0340146642335348
43,5;45,5;0,0609821109600419
43,5;46;0,118337702553878
43,5;46,5;0,136389660259751
43,5;47;0,0970093474529819
43,5;47,5;0,277403653538192
43,5;48;0,34643604642189
43,5;48,5;0,0438558303487248
43,5;49;0,0637611355757809
43,5;49,5;0,0672994478898193
43,5;50;0,0313414365378759
43,5;50,5;0,0769969987410292
43,5;51;0,0783615560786945
43,5;51,5;0,0558068061159722
43,5;52;0,123263029873285
43,5;52,5;0,0463353163820847
43,5;53;0,0492279355614232
43,5;53,5;0,0447841064653974
43,5;54;0,0235421772133766
43,5;54,5;0,0391738825993688
43,5;55;0,0278804457945543
43,5;55,5;0,0238268600051094
43,5;56;0,0312713951827039
43,5;56,5;0,0406769927896698
43,5;57;0,0359382111754154
43,5;57,5;0,0434042423660746
43,5;58;0,0360347278157004
43,5;58,5;0,0958392809511737
43,5;59;0,0579811074707047
43,5;59,5;0,0467561213210352
43,5;60;0,0345818262508462
43,5;60,5;0,0389691136718413
43,5;61;0,0419978113907875
43,5;61,5;0,31577516480899
43,5;62;0,0354241526113935
43,5;62,5;0,0333490671345638
43,5;63;0,0420051944839726
43,5;63,5;0,0507746340364799
43,5;64;0,0543811739008081
43,5;64,5;0,0720077906176368
43,5;65;0,115238038120511
43,5;65,5;0,0330936421905954
43,5;66;0,0617515508490116
43,5;66,5;0,0595671448011097
43,5;67;0,0672527710913134
43,5;67,5;0,0601765463770643
43,5;68;0,104708484551998
43,5;68,5;0,0895782711748037
43,5;69;0,0573230834606435
43,5;69,5;0,0264746059820493
43,5;70;0,0344420869423033
43,5;70,5;0,0821119837036366
43,5;71;0,106007469755166
43,5;71,5;0,108560410082878
43,5;72,5;0
43,5;73;0
43,5;73,5;0,109051117578222
43,5;74;0,129164888499362
43,5;74,5;0,101147699641945
43,5;75;0
43,5;75,5;0
43,5;76;0,135307058204663
43,5;76,5;0,145678756172614
43,5;77;0,0714147086114661
43,5;77,5;0,0381438380469556
43,5;78;0,0364824158556786
44;-22,5;0
44;-22;0
44;-21,5;0
44;-21;0,0878052769864469
44;-20,5;0,272861817461827
44;-20;0,148517828743035
44;-19,5;0
44;-19;0
44;-18,5;0
44;-18;0
44;-17,5;0
44;-17;0,0427032952893735
44;-16,5;0,0596317752259715
44;-16;0
44;-15,5;0
44;-15;0,0590964811868689
44;-14,5;0,0506510553864844
44;-14;0,143130348749706
44;-13,5;0,191066179373234
44;-13;0,0157465037691667
44;-12,5;0,0395299686447211
44;-12;0,0449733342161089
44;-11,5;0,051021890726759
44;-11;0,0802696006668078
44;-10,5;0,0603220625602863
44;-10;0,0467378245367095
44;-9,5;0,0528886574232473
44;-9;0,102469476004605
44;-8,5;0,0601703469607549
44;-8;0,0526486905381759
44;-7,5;0,0392003319583014
44;-7;0,0241816794947829
44;-6,5;0,0514114219654605
44;-6;0,049599764481665
44;-5,5;0,0371243309278949
44;-5;0,0752046510590321
44;-4,5;0,0597312759695234
44;-4;0,0756466811306655
44;-3,5;0,0326341860479146
44;-3;0,0329858722909921
44;-2,5;0,0415994828323258
44;-2;0,0300341984587357
44;-1,5;0,0327443057712262
44;-1;0,0459732170894094
44;-0,5;0,0301060495275299
44;0;0,0752666692486545
44;0,5;0,0689446210724115
44;1;0,0879675677463383
44;1,5;0,0650053430734672
44;2;0,0486110778458162
44;2,5;0,0290906181602938
44;3;0,106273401919758
44;3,5;0,0495160470011346
44;4;0,0314509303405121
44;4,5;0,0252113599826806
44;5;0,127430630329676
44;5,5;0,0279729148210449
44;6;0,0241818352699871
44;6,5;0,0551117159927853
44;7;0,0476889834209504
44;7,5;0,0327560830109492
44;8;0,0188752454187188
44;8,5;0,0579279707042804
44;9;0,110229262093342
44;9,5;0,0329151464372948
44;10;0,0252806973602971
44;10,5;0,0216011398703281
44;11;0,0436819649095074
44;11,5;0,0485532333103681
44;12;0,0655716484219338
44;12,5;0,0404997249224019
44;13;0,0725866409362658
44;13,5;0,0921590626893437
44;14;0,162939235576819
44;14,5;0,166813183007849
44;15;0,128716071246932
44;15,5;0,105410122082915
44;16;0,0261584912918667
44;16,5;0,0404315239228224
44;17;0,0204825128666708
44;17,5;0,0461610557421176
44;18;0,0631436444522388
44;18,5;0,220254292991685
44;19;0,314408824328178
44;19,5;0,0191493873482332
44;20;0,0216832030559565
44;20,5;0,0402031788828508
44;21;0,0302249987752554
44;21,5;0,0368459958539367
44;22;0,0311719501505837
44;22,5;0,034253298085762
44;23;0,0398739997284162
44;23,5;0,0287915933346086
44;24;0,0429480803215439
44;24,5;0,112999013257839
44;25;0,0534720943673713
44;25,5;0,0352356999621226
44;26;0,0291504031791953
44;26,5;0,0316744524284023
44;27;0,367203012060244
44;27,5;0,314796950823755
44;28;0,101872523377424
44;28,5;0,0829758436751855
44;29;0,0671269468786208
44;29,5;0,0698619181192857
44;30;0,0945804087085935
44;30,5;0,111441501391741
44;31;0,0375998376008543
44;31,5;0,0228434395558089
44;32;0,0402400887172
44;32,5;0,0416714140546166
44;33;0,0822260824536969
44;33,5;0,034517565603857
44;34;0,0423107617542404
44;34,5;0,0844606201643311
44;35;0,0594352774356842
44;35,5;0,0265486481059478
44;36;0,0210929050691863
44;36,5;0,0341638814879008
44;37;0,0438010654360523
44;37,5;0,0350807961562044
44;38;0,0281771037112355
44;38,5;0,0393354717633204
44;39;0,0239899628919936
44;39,5;0,0657416755668434
44;40;0,0927000580922586
44;40,5;0,0700110735042903
44;41;0,121908015835994
44;41,5;0,0475156665479199
44;42;0,047334093328008
44;42,5;0,0407944032108981
44;43;0,047653951458781
44;43,5;0,0353722808043208
44;44;0,0349459854751078
44;44,5;0,0359214420645942
44;45;0,0325173127772284
44;45,5;0,0394425184154507
44;46;0,0415362946602689
44;46,5;0,118391156089551
44;47;0,0545448909379814
44;47,5;0,305079006160699
44;48;0,191265311600111
44;48,5;0,0458157571837887
44;49;0,0826469712874131
44;49,5;0,125250141399218
44;50;0,0280607384438971
44;50,5;0,0792987455564838
44;51;0,107576698245994
44;51,5;0,0901939859215609
44;52;0,0933849317494646
44;52,5;0,10958526141526
44;53;0,0611814934538455
44;53,5;0,0305773326582
44;54;0,0487671238555854
44;54,5;0,0247327673262481
44;55;0,0244173565374199
44;55,5;0,0356868192981392
44;56;0,0382705844782915
44;56,5;0,0234278742883121
44;57;0,0280196992579033
44;57,5;0,0650588241342654
44;58;0,0496111193870544
44;58,5;0,0741663338948778
44;59;0,0569787379342205
44;59,5;0,0553812944927273
44;60;0,0528012225343656
44;60,5;0,0590043403782188
44;61;0,247674151457529
44;61,5;0,341693997672315
44;62;0,287478699912881
44;62,5;0,0281424348387886
44;63;0,0485575169508418
44;63,5;0,0473621839719014
44;64;0,0407282436462521
44;64,5;0,0506550288540868
44;65;0,0443313966311995
44;65,5;0,0428361123774875
44;66;0,0574438628491526
44;66,5;0,0594275698175667
44;67;0,0648383549569563
44;67,5;0,0707470679183782
44;68;0,0891418851069542
44;68,5;0,0411492078896
44;69;0,124550966810111
44;69,5;0,0590410046483379
44;70;0,0381418405428999
44;70,5;0,129579640340924
44;71;0,103148902824248
44;71,5;0,0346482322781408
44;72;0
44;72,5;0,0555183367391866
44;73;0,112152211645937
44;73,5;0,106238164606923
44;74;0,143134996809034
44;74,5;0,0813526274929089
44;75;0
44;75,5;0
44;76;0,324069840236718
44;76,5;0,210349437038543
44;77;0,029698484809835
44;77,5;0,0563353056853929
44;78;0
44,5;-22,5;0
44,5;-22;0
44,5;-21,5;0
44,5;-21;0,0820243866176395
44,5;-20,5;0,340859869373692
44,5;-20;0,307214119388278
44,5;-19,5;0,0289913780286484
44,5;-19;0
44,5;-18,5;0
44,5;-18;0
44,5;-17,5;0,0782192431566555
44,5;-17;0,0585121669758566
44,5;-16,5;0,0505229067113532
44,5;-15,5;0,0902313465843924
44,5;-15;0,084742330036411
44,5;-14,5;0,0163579746097533
44,5;-14;0,117870168504913
44,5;-13,5;0,137716666359728
44,5;-13;0,0537983079335023
44,5;-12,5;0,0665228679028722
44,5;-12;0,096859353981851
44,5;-11,5;0,0445796950006301
44,5;-11;0,0702849306715237
44,5;-10,5;0,0374873138714779
44,5;-10;0,0420020618852739
44,5;-9,5;0,0747932314619944
44,5;-9;0,111702029145332
44,5;-8,5;0,0517682811379013
44,5;-8;0,0426639888763797
44,5;-7,5;0,0469708699755777
44,5;-7;0,06811067923498
44,5;-6,5;0,111272228709246
44,5;-6;0,0467331427852834
44,5;-5,5;0,0281573131835103
44,5;-5;0,0927584261080097
44,5;-4,5;0,0605193524054856
44,5;-4;0,0507382489666745
44,5;-3,5;0,0406170561809022
44,5;-3;0,049194793148828
44,5;-2,5;0,0726335765805763
44,5;-2;0,0463869639525661
44,5;-1,5;0,0553573354719486
44,5;-1;0,0551037271654194
44,5;-0,5;0,03188637772758
44,5;0;0,0199131928978929
44,5;0,5;0,0290402625091966
44,5;1;0,062087360518341
44,5;1,5;0,0622125518737518
44,5;2;0,0300688262383429
44,5;2,5;0,0401833990946359
44,5;3;0,180355054245219
44,5;3,5;0,0968242830695097
44,5;4;0,0341191156038192
44,5;4,5;0,0236960784023994
44,5;5;0,0244104508396063
44,5;5,5;0,0253990561385792
44,5;6;0,0272401088362687
44,5;6,5;0,0670695827154145
44,5;7;0,0238465141355911
44,5;7,5;0,0151359347994002
44,5;8;0,0247280463175555
44,5;8,5;0,0555122171072096
44,5;9;0,0424877905868701
44,5;9,5;0,0505456957458284
44,5;10;0,0382730141639433
44,5;10,5;0,0167030226721559
44,5;11;0,0407509377205608
44,5;11,5;0,0495949466557935
44,5;12;0,0723200340938411
44,5;12,5;0,0324073166489836
44,5;13;0,141711956665452
44,5;13,5;0,186299907801153
44,5;14;0,130462284784732
44,5;14,5;0,149991892198863
44,5;15;0,0740995170682783
44,5;15,5;0,0414291153596991
44,5;16;0,0542166322552015
44,5;16,5;0,0698846599940168
44,5;17;0,0135512546052906
44,5;17,5;0,0561385032103611
44,5;18;0,0577051176434196
44,5;18,5;0,141045149415602
44,5;19;0,0929852146189976
44,5;19,5;0,0447360012062049
44,5;20;0,0288116602212695
44,5;20,5;0,0188470902241528
44,5;21;0,0598412371986725
44,5;21,5;0,0549718007668643
44,5;22;0,0445181286006575
44,5;22,5;0,0188409319369675
44,5;23;0,0363854252902686
44,5;23,5;0,0205742222839536
44,5;24;0,0179084486886849
44,5;24,5;0,0666021419184342
44,5;25;0,041523858350651
44,5;25,5;0,0194076040875409
44,5;26;0,0240976506498524
44,5;26,5;0,0241519495417382
44,5;27;0,238472107106405
44,5;27,5;0,112039483836616
44,5;28;0,0266335806651606
44,5;28,5;0,0336323593168891
44,5;29;0,0480160920737956
44,5;29,5;0,0555692561304428
44,5;30;0,0793205521917239
44,5;30,5;0,0824342905528589
44,5;31;0,161325027927642
44,5;31,5;0,325662345245298
44,5;32;0,0354989880314989
44,5;32,5;0,0527270715774638
44,5;33;0,0472264271600607
44,5;33,5;0,0416512230791712
44,5;34;0,051467336906689
44,5;34,5;0,066279543383675
44,5;35;0,0634150551232338
44,5;35,5;0,0396319204487658
44,5;36;0,0358119745428978
44,5;36,5;0,0227639854993073
44,5;37;0,0189790611439228
44,5;37,5;0,0183771215113065
44,5;38;0,0303554516277747
44,5;38,5;0,0257549348022212
44,5;39;0,0303033356045227
44,5;39,5;0,0928494300826164
44,5;40;0,1393141612945
44,5;40,5;0,120084902242357
44,5;41;0,0762928116728415
44,5;41,5;0,0755208589579134
44,5;42;0,057274119752192
44,5;42,5;0,0763115568671259
44,5;43;0,0539319359144894
44,5;43,5;0,0345652933465381
44,5;44;0,05212101303697
44,5;44,5;0,0261299728682152
44,5;45;0,0323523282082738
44,5;45,5;0,0401101389837996
44,5;46;0,0712419827783649
44,5;46,5;0,155121713981181
44,5;47;0,0411114645797726
44,5;47,5;0,0427739010232314
44,5;48;0,0617996141387008
44,5;48,5;0,107780615439075
44,5;49;0,110410521841595
44,5;49,5;0,0805704882774532
44,5;50;0,091556567060964
44,5;50,5;0,0394093790824451
44,5;51;0,0502299711327809
44,5;51,5;0,0413452956341393
44,5;52;0,0352168572303969
44,5;52,5;0,110755130612611
44,5;53;0,0871843225631521
44,5;53,5;0,0295758514963735
44,5;54;0,0229992753509033
44,5;54,5;0,0251521699394121
44,5;55;0,0271359656616187
44,5;55,5;0,0335459883344243
44,5;56;0,0315523980560663
44,5;56,5;0,0344550085905972
44,5;57;0,0206635067146196
44,5;57,5;0,0293488620784689
44,5;58;0,120888972644712
44,5;58,5;0,179472163160797
44,5;59;0,0397042703428906
44,5;59,5;0,0373819453221147
44,5;60;0,0266910602714223
44,5;60,5;0,0459569231923065
44,5;61;0,219121784720816
44,5;61,5;0,41021751246193
44,5;62;0,293046027911102
44,5;62,5;0,0299236018169832
44,5;63;0,0426245043481718
44,5;63,5;0,0469686474805678
44,5;64;0,0383846935568535
44,5;64,5;0,0430176284162296
44,5;65;0,0529712042156137
44,5;65,5;0,0379065192503964
44,5;66;0,076462002038257
44,5;66,5;0,0738333504343643
44,5;67;0,0570819375648186
44,5;67,5;0,0601670134890799
44,5;68;0,0844039831846122
44,5;68,5;0,0531795308365916
44,5;69;0,294392238929718
44,5;69,5;0,223567965631059
44,5;70;0,0570338699269178
44,5;70,5;0,0563031477312276
44,5;71;0,113135641206407
44,5;71,5;0
44,5;72;0,295534543948193
44,5;72,5;0,20008248299139
44,5;73;0,0474696394200195
44,5;73,5;0,0814288311684169
44,5;74;0,107258449550606
44,5;74,5;0,0717932298837631
44,5;75;0
44,5;75,5;0
44,5;76;0,249210723783077
44,5;76,5;0,274811088665981
44,5;77;0,0517348133184117
44,5;77,5;0
44,5;78;0
45;-22,5;0
45;-22;0,0375544049790878
45;-21,5;0
45;-21;0
45;-20,5;0
45;-20;0
45;-19,5;0,0212132034355964
45;-19;0
45;-18,5;0
45;-18;0
45;-17,5;0,0570481455359498
45;-17;0,0780250713854584
45;-16,5;0,116758073035862
45;-16;0,0531306173500741
45;-15,5;0,039277174396479
45;-15;0,0762624579986772
45;-14,5;0,0463555744837046
45;-14;0,120342764437173
45;-13,5;0,152533217942052
45;-13;0,0611922795284799
45;-12,5;0,0630153420472613
45;-12;0,0621109984882709
45;-11,5;0,051668296887219
45;-11;0,0668639648075837
45;-10,5;0,0567502502998085
45;-10;0,0406318751150168
45;-9,5;0,0245385993313159
45;-9;0,037952964788431
45;-8,5;0,0444442583716585
45;-8;0,0544872636931045
45;-7,5;0,0292173844749244
45;-7;0,0415871431597612
45;-6,5;0,273336539789146
45;-6;0,33337503713657
45;-5,5;0,0503996867158183
45;-5;0,0712469067064759
45;-4,5;0,0402767562499402
45;-4;0,0746375104824276
45;-3,5;0,0243106502596986
45;-3;0,0409871793376477
45;-2,5;0,0487819138649336
45;-2;0,0877087895591725
45;-1,5;0,359597606079173
45;-1;0,330874845733675
45;-0,5;0,0419267034166026
45;0;0,0328395815172597
45;0,5;0,0318571907462177
45;1;0,0541732947841332
45;1,5;0,0387971805481712
45;2;0,0475795123827021
45;2,5;0,0418273644251671
45;3;0,0912001990597605
45;3,5;0,10492876697722
45;4;0,0333086658038243
45;4,5;0,0299345015018672
45;5;0,0317225769991729
45;5,5;0,0225813871943034
45;6;0,0436631635769433
45;6,5;0,0474275510278174
45;7;0,0270770606353011
45;7,5;0,0260958103251578
45;8;0,0372069530245974
45;8,5;0,0173167401740302
45;9;0,0892413386643804
45;9,5;0,0725189193515171
45;10;0,0806155562303957
45;10,5;0,0522887186520821
45;11;0,0169449707132826
45;11,5;0,0170223328181943
45;12;0,0441483923738915
45;12,5;0,0237693397204443
45;13;0,0690111699373828
45;13,5;0,0948057284242739
45;14;0,0717463455514339
45;14,5;0,112891892873598
45;15;0,154468751117911
45;15,5;0,0558482613096999
45;16;0,0524978682500432
45;16,5;0,0263609951655036
45;17;0,0186204610208086
45;17,5;0,0466572978592435
45;18;0,3683214404173
45;18,5;0,0800833381349201
45;19;0,0841084289693456
45;19,5;0,0671873316557073
45;20;0,0162219182050737
45;20,5;0,0318293811459197
45;21;0,0899432278923626
45;21,5;0,0888901130827087
45;22;0,0484603768735011
45;22,5;0,0336774575711912
45;23;0,0363326549340443
45;23,5;0,033489807667869
45;24;0,0257059071793206
45;24,5;0,0721868411625814
45;25;0,0636428286759261
45;25,5;0,0219643459496794
45;26;0,0272958583903726
45;26,5;0,0372814526064381
45;27;0,0737977095062892
45;27,5;0,0589399774208928
45;28;0,0322101484614996
45;28,5;0,0720295719038378
45;29;0,0440836326391856
45;29,5;0,0358061189080931
45;30;0,0293222642212937
45;30,5;0,0322755261077047
45;31;0,187295972280487
45;31,5;0,321900803743918
45;32;0,0310643803592539
45;32,5;0,0528789401561552
45;33;0,0367804052365712
45;33,5;0,060040345329011
45;34;0,0826065306777774
45;34,5;0,072098573106767
45;35;0,0517180451906983
45;35,5;0,0477028001574032
45;36;0,0749113157951439
45;36,5;0,0217357343736146
45;37;0,0254511129642315
45;37,5;0,0239534842156107
45;38;0,0241544416690098
45;38,5;0,0221348577672109
45;39;0,0215307871056408
45;39,5;0,0230844251883063
45;40;0,0545733981452866
45;40,5;0,0555468878454166
45;41;0,064571276311669
45;41,5;0,0908864934035613
45;42;0,0565456140989662
45;42,5;0,0673724357437017
45;43;0,041639931367589
45;43,5;0,028782577661834
45;44;0,0620390250858991
45;44,5;0,0314548935871434
45;45;0,0309192028913751
45;45,5;0,0242981466365645
45;46;0,142568463085869
45;46,5;0,200052580623209
45;47;0,126054214708126
45;47,5;0,0498277062822049
45;48;0,0487665220152902
45;48,5;0,0759949462974026
45;49;0,0654786465289296
45;49,5;0,0722832885745383
45;50;0,0699519563019948
45;50,5;0,0512768179961332
45;51;0,0519005910357701
45;51,5;0,057023789202525
45;52;0,0544860478633265
45;52,5;0,0297700443578625
45;53;0,123664864729847
45;53,5;0,0655453376167442
45;54;0,100548181370224
45;54,5;0,025017214458923
45;55;0,0239511929112785
45;55,5;0,0431535888589229
45;56;0,032394416708282
45;56,5;0,0196619341910067
45;57;0,0230846433486312
45;57,5;0,0258327196038164
45;58;0,143880515983455
45;58,5;0,0891875267919257
45;59;0,0581803061404705
45;59,5;0,0375717955993775
45;60;0,0459208146091187
45;60,5;0,0432668322382148
45;61;0,0412213771181759
45;61,5;0,0408387240060964
45;62;0,0576558312037462
45;62,5;0,0476629016290528
45;63;0,0762928809695632
45;63,5;0,0425764283082565
45;64;0,0467298936163296
45;64,5;0,0507199139650202
45;65;0,0596206604299693
45;65,5;0,0509100877728279
45;66;0,0794186516016371
45;66,5;0,0735810534619574
45;67;0,0628199019497138
45;67,5;0,0624810168616068
45;68;0,0645749341105712
45;68,5;0,0563192238791958
45;69;0,278638744123598
45;69,5;0,0600482129524924
45;70;0,0897611645794921
45;70,5;0,0763675323681471
45;71;0,104930515606344
45;71,5;0
45;72;0,158634152900323
45;72,5;0,217231635203838
45;73;0
45;73,5;0
45;74;0,134762531884794
45;74,5;0,0777336978264754
45;75;0
45;75,5;0
45;76;0,0745549759871495
45;76,5;0,169728591792293
45;77;0,121586567709157
45;77,5;0
45;78;0
45,5;-22;0,0533712365313835
45,5;-21;0
45,5;-20,5;0
45,5;-20;0
45,5;-18,5;0
45,5;-18;0
45,5;-17,5;0
45,5;-17;0,032
45,5;-16,5;0,124416466526168
45,5;-16;0,109683978205912
45,5;-15,5;0,0493493920935203
45,5;-15;0,0759694694868777
45,5;-14,5;0
45,5;-14;0,0480129401749406
45,5;-13,5;0,109150702784578
45,5;-13;0,133579390778991
45,5;-12,5;0,0542238948179746
45,5;-12;0,0689206984734099
45,5;-11,5;0,091489525812157
45,5;-11;0,0519964537797892
45,5;-10,5;0,0605621651314633
45,5;-10;0,0465853690569206
45,5;-9,5;0,0522721113632655
45,5;-9;0,0635302270072266
45,5;-8,5;0,0586312817277584
45,5;-8;0,0518586692133595
45,5;-7,5;0,0227504578708503
45,5;-7;0,0513444252085852
45,5;-6,5;0,34905085807382
45,5;-6;0,284157891453366
45,5;-5,5;0,0466056056094844
45,5;-5;0,0694210803143396
45,5;-4,5;0,0373709053663573
45,5;-4;0,0420369132513565
45,5;-3,5;0,0552529634285578
45,5;-3;0,0551456422296941
45,5;-2,5;0,0531475454010685
45,5;-2;0,0244223364483897
45,5;-1,5;0,304926412853174
45,5;-1;0,339956221165087
45,5;-0,5;0,055242810610964
45,5;0;0,0523607336519594
45,5;0,5;0,0287836831073291
45,5;1;0,0298662247456751
45,5;1,5;0,0349403198428302
45,5;2;0,0419159200378219
45,5;2,5;0,0320291085657751
45,5;3;0,0404356544247812
45,5;3,5;0,0268900604339235
45,5;4;0,0247084384932174
45,5;4,5;0,0359636409596467
45,5;5;0,0555347514034715
45,5;5,5;0,0265114020129063
45,5;6;0,027926614812989
45,5;6,5;0,051780702742147
45,5;7;0,0613690255770408
45,5;7,5;0,0413013927370108
45,5;8;0,055122202355539
45,5;8,5;0,0205368272746742
45,5;9;0,0411365463251386
45,5;9,5;0,0429335719063608
45,5;10;0,078659853778762
45,5;10,5;0,0240548941181308
45,5;11;0,0300811996691247
45,5;11,5;0,0413479176860496
45,5;12;0,0496202236415193
45,5;12,5;0,0200280458120012
45,5;13;0,0254904515150434
45,5;13,5;0,0363565975780838
45,5;14;0,0351071669999365
45,5;14,5;0,0244692135314125
45,5;15;0,130983664049888
45,5;15,5;0,0785893468236864
45,5;16;0,0351805261684302
45,5;16,5;0,0350464371202115
45,5;17;0,0177848714612325
45,5;17,5;0,0694165890493695
45,5;18;0,105670401378008
45,5;18,5;0,0390359409159763
45,5;19;0,0473219193354071
45,5;19,5;0,0238064167369253
45,5;20;0,0151437446160786
45,5;20,5;0,082227925017363
45,5;21;0,129130772097595
45,5;21,5;0,105722961036655
45,5;22;0,0389451231741231
45,5;22,5;0,103100341377499
45,5;23;0,0585077365325286
45,5;23,5;0,0375903533352048
45,5;24;0,0268950669844708
45,5;24,5;0,0425043750786486
45,5;25;0,0165677339175439
45,5;25,5;0,0432601277790783
45,5;26;0,025266706207518
45,5;26,5;0,0529072622680039
45,5;27;0,0950368998070222
45,5;27,5;0,0680973992537451
45,5;28;0,0535637921728174
45,5;28,5;0,0992348537477993
45,5;29;0,075920243238107
45,5;29,5;0,0384579657034849
45,5;30;0,0394000423674361
45,5;30,5;0,0305720792687106
45,5;31;0,0309005514050314
45,5;31,5;0,0275409213733415
45,5;32;0,0305362577840355
45,5;32,5;0,0251498484296239
45,5;33;0,0307187829747694
45,5;33,5;0,0545685265481473
45,5;34;0,151693697704858
45,5;34,5;0,294942530563035
45,5;35;0,0745549836851065
45,5;35,5;0,0478683937817982
45,5;36;0,077980565495778
45,5;36,5;0,0718724813907744
45,5;37;0,0300626225487698
45,5;37,5;0,0325287312880181
45,5;38;0,0209284495364563
45,5;38,5;0,0359668503634787
45,5;39;0,0289485769977185
45,5;39,5;0,0318954771743407
45,5;40;0,0302480971785022
45,5;40,5;0,0529384876160472
45,5;41;0,0727591918591734
45,5;41,5;0,0783637233705486
45,5;42;0,0522327370087668
45,5;42,5;0,0617203749437379
45,5;43;0,0353778911053692
45,5;43,5;0,0270331803061638
45,5;44;0,0354972004483371
45,5;44,5;0,0282741546945521
45,5;45;0,0446799469382205
45,5;45,5;0,0517881370050495
45,5;46;0,0610351465834014
45,5;46,5;0,192631909573238
45,5;47;0,0803946876918402
45,5;47,5;0,0641980002739289
45,5;48;0,0351742007043585
45,5;48,5;0,0936715633169485
45,5;49;0,0942462055942178
45,5;49,5;0,0822009095550678
45,5;50;0,095610619055576
45,5;50,5;0,0345930968972305
45,5;51;0,0370367846333609
45,5;51,5;0,0568438201386499
45,5;52;0,0493452641741711
45,5;52,5;0,0287659262391583
45,5;53;0,0274704745823496
45,5;53,5;0,0971665781406499
45,5;54;0,0602559926153558
45,5;54,5;0,0410227920525543
45,5;55;0,226143325612339
45,5;55,5;0,198170784026993
45,5;56;0,33831204635209
45,5;56,5;0,333940572273567
45,5;57;0,0264248939914963
45,5;57,5;0,282498395317776
45,5;58;0,211857359322555
45,5;58,5;0,130798653308781
45,5;59;0,061250759449979
45,5;59,5;0,0423296900706059
45,5;60;0,0523643620074828
45,5;60,5;0,0523672578227727
45,5;61;0,0390423978682942
45,5;61,5;0,0288664795541664
45,5;62;0,0570284842745099
45,5;62,5;0,0512987501857866
45,5;63;0,0458213888410715
45,5;63,5;0,0301878562780908
45,5;64;0,0242441909970502
45,5;64,5;0,0402541800907474
45,5;65;0,0608683332496998
45,5;65,5;0,0712896933301481
45,5;66;0,135106552311161
45,5;66,5;0,095586540845352
45,5;67;0,0923017748857454
45,5;67,5;0,103197910405789
45,5;68;0,0728658645081928
45,5;68,5;0,268952850049729
45,5;69;0,304364540985844
45,5;69,5;0
45,5;70;0,0972725266683479
45,5;70,5;0,129112013724177
45,5;71;0,180381499550583
45,5;71,5;0
45,5;72;0,0330620628515524
45,5;72,5;0,0540712114385534
45,5;73;0
45,5;73,5;0,0442038702248699
45,5;74;0,0382110368000311
45,5;74,5;0,0510079358905016
45,5;75;0,0542977900102757
45,5;75,5;0
45,5;76;0
45,5;76,5;0,119967200378548
45,5;77;0,122160706019727
45,5;77,5;0
46;-22,5;0,0485469937901474
46;-22;0,0377713214922741
46;-21,5;0,0709538190969622
46;-19,5;0
46;-19;0
46;-18,5;0
46;-18;0
46;-17,5;0
46;-17;0
46;-16,5;0,17235953563354
46;-16;0,0820528285110676
46;-15,5;0,061326365267502
46;-15;0,0473630356169993
46;-14,5;0,0598461876519348
46;-14;0,101027483295153
46;-13,5;0,215424941135324
46;-13;0,148743583468963
46;-12,5;0,0974444009043395
46;-12;0,0897817451727312
46;-11,5;0,0829908402770599
46;-11;0,0652944093028032
46;-10,5;0,0539428082345758
46;-10;0,0470363617180527
46;-9,5;0,0572572775578208
46;-9;0,041121458619246
46;-8,5;0,0323947272496042
46;-8;0,052768240873635
46;-7,5;0,0664954912931609
46;-7;0,0506898994780115
46;-6,5;0,0322315638156783
46;-6;0,0651888759071432
46;-5,5;0,0339389157163278
46;-5;0,0318451039291396
46;-4,5;0,037144077773734
46;-4;0,0448444341982397
46;-3,5;0,0657481403892464
46;-3;0,0494463510902638
46;-2,5;0,0384630868078348
46;-2;0,0265268143807001
46;-1,5;0,0651769199029142
46;-1;0,29848274837207
46;-0,5;0,266916335653565
46;0;0,042130715622685
46;0,5;0,0275201365033909
46;1;0,0255874721843008
46;1,5;0,032293923896937
46;2;0,0283977311622941
46;2,5;0,0343222620681578
46;3;0,0235000387388679
46;3,5;0,0433523981230181
46;4;0,083198335050541
46;4,5;0,0765103307812314
46;5;0,0483633558319501
46;5,5;0,0302196429616283
46;6;0,0665223341189943
46;6,5;0,0527731363628184
46;7;0,0544957336515979
46;7,5;0,0320111390506991
46;8;0,025810556056032
46;8,5;0,0212364889560841
46;9;0,024352450920912
46;9,5;0,0265112032333651
46;10;0,0291973073864815
46;10,5;0,307481487107445
46;11;0,37726492599232
46;11,5;0,0323329006569321
46;12;0,0324784108719533
46;12,5;0,178400732602094
46;13;0,0208701283885166
46;13,5;0,0222418213829359
46;14;0,0206522357767558
46;14,5;0,019558140657371
46;15;0,0374350141940444
46;15,5;0,0280345475144818
46;16;0,0435480480962947
46;16,5;0,039874412005475
46;17;0,0231286258418725
46;17,5;0,0480779082501307
46;18;0,0349400588651282
46;18,5;0,0679630707928698
46;19;0,0391066687752834
46;19,5;0,0336234045470314
46;20;0,0197989575011241
46;20,5;0,0323388917801558
46;21;0,103911262841139
46;21,5;0,0353790309315263
46;22;0,0669286567774912
46;22,5;0,096007366882955
46;23;0,0717082818504977
46;23,5;0,0271001052115917
46;24;0,0301247631207883
46;24,5;0,0308951082454589
46;25;0,0559286723531372
46;25,5;0,0500939118057275
46;26;0,0275229265266948
46;26,5;0,0365222506615957
46;27;0,085596903791873
46;27,5;0,0990195339817142
46;28;0,0343180706332509
46;28,5;0,0279727238258435
46;29;0,058087570445151
46;29,5;0,0344861645003557
46;30;0,0430248486726657
46;30,5;0,0386559475748967
46;31;0,0560435248772976
46;31,5;0,0423547932635339
46;32;0,0291858323492299
46;32,5;0,0237155636962841
46;33;0,0432596219118381
46;33,5;0,0417061889693497
46;34;0,180767557320484
46;34,5;0,186486208102168
46;35;0,345321613378987
46;35,5;0,0803284648113803
46;36;0,156941177940442
46;36,5;0,0863922054384448
46;37;0,112817211189144
46;37,5;0,0919124766358982
46;38;0,0344250693455952
46;38,5;0,0360987454281669
46;39;0,0374304975756445
46;39,5;0,0648126256703198
46;40;0,0821333458552457
46;40,5;0,0493105845286433
46;41;0,0595542764688652
46;41,5;0,0846596125670322
46;42;0,0439944411754683
46;42,5;0,0388460300363728
46;43;0,0308152720535701
46;43,5;0,0193642054262661
46;44;0,0281984042101676
46;44,5;0,0357340517124861
46;45;0,0532417623835649
46;45,5;0,0489271560244273
46;46;0,128575860597449
46;46,5;0,184791589480419
46;47;0,105634933689979
46;47,5;0,132600085079253
46;48;0,0957314605289923
46;48,5;0,0602950983045207
46;49;0,0481069502457917
46;49,5;0,0375054494450007
46;50;0,0273033313137142
46;50,5;0,0406763700431812
46;51;0,0292063264402121
46;51,5;0,0657269007491884
46;52;0,0350258798455252
46;52,5;0,0507514795072647
46;53;0,027872232277922
46;53,5;0,0618041673062483
46;54;0,0901009875372189
46;54,5;0,319720148707877
46;55;0,27441836663187
46;55,5;0,170424058348185
46;56;0,285099919428919
46;56,5;0,326090515262471
46;57;0,0505192032893443
46;57,5;0,226264149008059
46;58;0,0569119180656429
46;58,5;0,0810856320136422
46;59;0,0241387348250455
46;59,5;0,0322949331828482
46;60;0,0501024248533988
46;60,5;0,0610725260021395
46;61;0,096147152843961
46;61,5;0,0502947533245921
46;62;0,032182520016223
46;62,5;0,0614318177762478
46;63;0,0386516270791033
46;63,5;0,0259885198127045
46;64;0,0365343217627845
46;64,5;0,04989415253298
46;65;0,0940569741085081
46;65,5;0,0749902715376157
46;66;0,131112309974929
46;66,5;0,0744126102158753
46;67;0,135085261141909
46;67,5;0,0924120571359255
46;68;0,163228646680993
46;68,5;0,285956579370985
46;69;0,234004629583833
46;69,5;0
46;70;0
46;70,5;0
46;71;0,291614471520191
46;71,5;0
46;72;0
46;72,5;0,0271465160441139
46;73;0,0983594218266302
46;73,5;0,0980162986711639
46;74;0,140576353736845
46;74,5;0,158910232221723
46;75;0,0878377963153588
46;75,5;0
46;76;0
46,5;-22,5;0,0763675323681471
46,5;-22;0,0723083674272902
46,5;-21,5;0,0898743037591417
46,5;-21;0,0830834348282324
46,5;-20,5;0,043890014050275
46,5;-20;0,0572756492761104
46,5;-19,5;0,0451187322516934
46,5;-19;0
46,5;-18,5;0
46,5;-18;0,0686367248635889
46,5;-17,5;0,0428483621957379
46,5;-17;0
46,5;-16,5;0
46,5;-16;0
46,5;-14,5;0,204725018826067
46,5;-14;0,160088367114183
46,5;-13,5;0
46,5;-13;0,0609829211063775
46,5;-12,5;0,235876363829879
46,5;-12;0,263286713703694
46,5;-11,5;0,0853251523833408
46,5;-11;0,052816783631542
46,5;-10,5;0,048205283430858
46,5;-10;0,0548580119956147
46,5;-9,5;0,0597695379003277
46,5;-9;0,0340242318303933
46,5;-8,5;0,0498133553414179
46,5;-8;0,0957039332377557
46,5;-7,5;0,0338679905561834
46,5;-7;0,0504475109144749
46,5;-6,5;0,0348961830254197
46,5;-6;0,0408543345825418
46,5;-5,5;0,0369596616366649
46,5;-5;0,0381085836217809
46,5;-4,5;0,0368086569053861
46,5;-4;0,0247619939353911
46,5;-3,5;0,0389152598209312
46,5;-3;0,0238836931133223
46,5;-2,5;0,0314543877507086
46,5;-2;0,0285674304201145
46,5;-1,5;0,0370847916219236
46,5;-1;0,207725546869597
46,5;-0,5;0,193822652703817
46,5;0;0,0405178853817999
46,5;0,5;0,048365406381372
46,5;1;0,0270253732318229
46,5;1,5;0,0253582234353734
46,5;2;0,0311766861134193
46,5;2,5;0,0307350245923877
46,5;3;0,0339472114505169
46,5;3,5;0,0484711254253499
46,5;4;0,0649808278569973
46,5;4,5;0,0829276004391816
46,5;5;0,0467278932278103
46,5;5,5;0,0327489869041882
46,5;6;0,0566764145512625
46,5;6,5;0,037601267149779
46,5;7;0,0506400704649458
46,5;7,5;0,0805318647026939
46,5;8;0,0390458862428937
46,5;8,5;0,0373263057085658
46,5;9;0,0201062836110874
46,5;9,5;0,0191167888318031
46,5;10;0,0298825169593566
46,5;10,5;0,272149087625362
46,5;11;0,298816303855146
46,5;11,5;0,173127925421405
46,5;12;0,0361074710536206
46,5;12,5;0,0239784032582919
46,5;13;0,0243242989545258
46,5;13,5;0,018462242851983
46,5;14;0,020994071788674
46,5;14,5;0,0257569689586315
46,5;15;0,0218480860842825
46,5;15,5;0,0227761469776707
46,5;16;0,0459496737659208
46,5;16,5;0,027428366507253
46,5;17;0,0444485791727496
46,5;17,5;0,0280917402054162
46,5;18;0,0303517963669323
46,5;18,5;0,0898741728572715
46,5;19;0,0593965032201986
46,5;19,5;0,023652695406655
46,5;20;0,0219025553872857
46,5;20,5;0,0168893194005388
46,5;21;0,0176836837841076
46,5;21,5;0,0718307972826187
46,5;22;0,0801945181655308
46,5;22,5;0,142481695467935
46,5;23;0,0722444961702326
46,5;23,5;0,0228035505066385
46,5;24;0,0222636968825834
46,5;24,5;0,0247132479304732
46,5;25;0,0179873204641212
46,5;25,5;0,0302276295056216
46,5;26;0,0337971640502797
46,5;26,5;0,0204336581099298
46,5;27;0,0466478553522409
46,5;27,5;0,119241954141363
46,5;28;0,036522459771853
46,5;28,5;0,0199970176839809
46,5;29;0,0497594956400522
46,5;29,5;0,0508998515514061
46,5;30;0,0249581904484704
46,5;30,5;0,029758834575536
46,5;31;0,0701552330892754
46,5;31,5;0,0412656684443238
46,5;32;0,0419284304179267
46,5;32,5;0,0264548344251634
46,5;33;0,0372052678517823
46,5;33,5;0,0380563269646266
46,5;34;0,213270869105868
46,5;34,5;0,313836475466657
46,5;35;0,345321099563455
46,5;35,5;0,0743613311770165
46,5;36;0,0842778213710244
46,5;36,5;0,098923673494316
46,5;37;0,0895094751881575
46,5;37,5;0,100805083582293
46,5;38;0,0539299106406453
46,5;38,5;0,0673150552749284
46,5;39;0,0319952755637798
46,5;39,5;0,046385725575764
46,5;40;0,199321620163149
46,5;40,5;0,0589673545113873
46,5;41;0,0802585628740046
46,5;41,5;0,0930152761528779
46,5;42;0,0647109902485904
46,5;42,5;0,0524660391273059
46,5;43;0,0363731389099123
46,5;43,5;0,0329368081837529
46,5;44;0,0360652568938714
46,5;44,5;0,0358467083757688
46,5;45;0,0262190786002222
46,5;45,5;0,034547487978431
46,5;46;0,134868084207277
46,5;46,5;0,109831917036898
46,5;47;0,135565903991634
46,5;47,5;0,146177466296596
46,5;48;0,055214780528365
46,5;48,5;0,0681081700789669
46,5;49;0,0681770182123341
46,5;49,5;0,0301716831181967
46,5;50;0,0280116981662979
46,5;50,5;0,0254913937834869
46,5;51;0,0236825074057793
46,5;51,5;0,0339200892067022
46,5;52;0,0265924863557079
46,5;52,5;0,0216657617950484
46,5;53;0,0257950552228442
46,5;53,5;0,0321655371276695
46,5;54;0,158794234667337
46,5;54,5;0,263406933345414
46,5;55;0,319017519402854
46,5;55,5;0,155674060669291
46,5;56;0,255191311560643
46,5;56,5;0,0670751170367961
46,5;57;0,0321204420924059
46,5;57,5;0,0426315192639496
46,5;58;0,064516860230418
46,5;58,5;0,0271688261605563
46,5;59;0,0671768880016887
46,5;59,5;0,0925308102296248
46,5;60;0,0380611387325448
46,5;60,5;0,0333402909405422
46,5;61;0,0394341979113596
46,5;61,5;0,0433520333174413
46,5;62;0,0527875350427631
46,5;62,5;0,110553857961647
46,5;63;0,0362691328818322
46,5;63,5;0,0352200227143595
46,5;64;0,0361085400794143
46,5;64,5;0,0419233039395591
46,5;65;0,067530328283633
46,5;65,5;0,0538691329442279
46,5;66;0,0767122626561755
46,5;66,5;0,0655208875929154
46,5;67;0
46,5;67,5;0,0831837959126597
46,5;68;0,119611578314321
46,5;68,5;0,276824582474833
46,5;69;0,0790337480658316
46,5;69,5;0
46,5;70;0
46,5;70,5;0
46,5;71;0,0654798527114342
46,5;71,5;0,13734571763927
46,5;72;0,296766981023228
46,5;72,5;0,102870005809459
46,5;73;0,111571420257079
46,5;73,5;0,124232399866896
46,5;74;0,148527136728706
46,5;74,5;0,153638639139703
46,5;75;0,179314289128653
46,5;75,5;0,103714079536568
46,5;76;0
46,5;76,5;0
47;-22,5;0
47;-22;0
47;-21,5;0
47;-21;0,050291826941789
47;-20,5;0,0729665515634309
47;-20;0,0556898654255073
47;-19,5;0,0513906606301184
47;-19;0
47;-18;0,0508461732417823
47;-17,5;0
47;-17;0
47;-16,5;0
47;-16;0
47;-14;0,0487903679018718
47;-13;0
47;-12,5;0,217603897826317
47;-12;0,265243803972185
47;-11,5;0,0951135394248051
47;-11;0,070909888133696
47;-10,5;0,0744618811971094
47;-10;0,0704885835505219
47;-9,5;0,0658238161669071
47;-9;0,0367730536026636
47;-8,5;0,0334096542064236
47;-8;0,0368300226034651
47;-7,5;0,0363062550151597
47;-7;0,0387920059792112
47;-6,5;0,0341371992249997
47;-6;0,0437535757537176
47;-5,5;0,0534418190615455
47;-5;0,0394131252813634
47;-4,5;0,0467069464950257
47;-4;0,0472330770155453
47;-3,5;0,0476142274269503
47;-3;0,0324991321383139
47;-2,5;0,0487793690144531
47;-2;0,0568311264650348
47;-1,5;0,027544907604597
47;-1;0,0671490602834425
47;-0,5;0,0819591989597119
47;0;0,0706471960415977
47;0,5;0,0485470396216124
47;1;0,034196758904306
47;1,5;0,0452158688226648
47;2;0,0372860452924914
47;2,5;0,0391729512571218
47;3;0,025027689899549
47;3,5;0,0405401343426786
47;4;0,0514993059409221
47;4,5;0,0508201441590005
47;5;0,041727475737276
47;5,5;0,0410127860866527
47;6;0,0256413476924399
47;6,5;0,0361365281878017
47;7;0,0247233205098104
47;7,5;0,09874889405525
47;8;0,0992162197650304
47;8,5;0,0209480082017133
47;9;0,0198586359257509
47;9,5;0,0216561556059761
47;10;0,0258951221843261
47;10,5;0,16198810664433
47;11;0,267081795793457
47;11,5;0,285245466097806
47;12;0,0673215407276035
47;12,5;0,0199851765794842
47;13;0,0432317646199524
47;13,5;0,0303350436959148
47;14;0,020576143612213
47;14,5;0,0208774545851703
47;15;0,0211601271355386
47;15,5;0,0461602087953798
47;16;0,0503183972960445
47;16,5;0,0507340507702965
47;17;0,0830159408100121
47;17,5;0,0365128178994521
47;18;0,0270438604062906
47;18,5;0,030367328753899
47;19;0,0253055888912243
47;19,5;0,0332962216377495
47;20;0,0236040600933941
47;20,5;0,0190490135168829
47;21;0,0327365502563889
47;21,5;0,0388718212513249
47;22;0,105799392647566
47;22,5;0,0479003975382092
47;23;0,0257100783103001
47;23,5;0,0264591951049581
47;24;0,0332812267806103
47;24,5;0,0271330006545149
47;25;0,0241023157672526
47;25,5;0,0236780634492189
47;26;0,043903240089521
47;26,5;0,0354790939349158
47;27;0,0274799532228796
47;27,5;0,0298185744615686
47;28;0,0476572665605405
47;28,5;0,065783773940311
47;29;0,0577980680184612
47;29,5;0,0448830727740734
47;30;0,0442714454990015
47;30,5;0,219957739490575
47;31;0,288599946884501
47;31,5;0,0857820720504423
47;32;0,0919000699946076
47;32,5;0,0216323996423354
47;33;0,0278206427903114
47;33,5;0,0385086731313361
47;34;0,0408872193464211
47;34,5;0,291887746829687
47;35;0,249351840450666
47;35,5;0,096664599508371
47;36;0,0511946661043415
47;36,5;0,0405930812984149
47;37;0,0217007572451694
47;37,5;0,018123873575713
47;38;0,044639521890367
47;38,5;0,0781701700272787
47;39;0,0652232740829044
47;39,5;0,104509010775786
47;40;0,13418912684374
47;40,5;0,159270942289707
47;41;0,065767191030011
47;41,5;0,0703882571833633
47;42;0,0578794724693767
47;42,5;0,0374876104418396
47;43;0,0310008753097788
47;43,5;0,0270334095918325
47;44;0,0377236453166706
47;44,5;0,0294193930716668
47;45;0,0303469673897091
47;45,5;0,208937550478606
47;46;0,197384036813975
47;46,5;0,114730653554374
47;47;0,0506927361798568
47;47,5;0,0510901218530959
47;48;0,0636836415286305
47;48,5;0,0538362595047758
47;49;0,0328197410021626
47;49,5;0,0273394889930701
47;50;0,0325439816832798
47;50,5;0,0244264906101178
47;51;0,0726808241825638
47;51,5;0,0301034167907787
47;52;0,0210382440688053
47;52,5;0,025726132322942
47;53;0,0243437788739103
47;53,5;0,0293735957404224
47;54;0,338936621410749
47;54,5;0,330619334511182
47;55;0,196115297220593
47;55,5;0,260437050906143
47;56;0,326413025120806
47;56,5;0,117975513883525
47;57;0,0264996199635991
47;57,5;0,0630515971849826
47;58;0,0895865295859544
47;58,5;0,102673361363489
47;59;0,0663534774011715
47;59,5;0,0337427987960133
47;60;0,0395422607423423
47;60,5;0,0404163485794177
47;61;0,0408809125773618
47;61,5;0,0598556658730043
47;62;0,323875856124762
47;62,5;0,341078421349826
47;63;0,0823660528777886
47;63,5;0,0348059771297409
47;64;0,0402149363634877
47;64,5;0,0685808525270234
47;65;0,0644518056877405
47;65,5;0,0719892282191707
47;66;0,0666003002996233
47;66,5;0,0638541536720711
47;67;0,0549757522307183
47;67,5;0,065555789197646
47;68;0,0610665393011772
47;68,5;0,061399330434279
47;69;0,051110446855587
47;69,5;0,0594790439286533
47;70;0,0709712383058565
47;70,5;0,0609289203361863
47;71;0,0672910821995734
47;71,5;0,313951531918447
47;72;0,278712567329078
47;72,5;0,0647147587494537
47;73;0,0765616518791329
47;73,5;0,0985579368116193
47;74;0,0966091091168394
47;74,5;0,160999368642541
47;75;0,13336166365689
47;75,5;0
47;76;0
47;76,5;0
47;77;0,0682879059221916
47,5;-22,5;0,0190918830920368
47,5;-22;0,0791959594928933
47,5;-21,5;0
47,5;-21;0
47,5;-20,5;0,0847719630201266
47,5;-20;0,0301519959064546
47,5;-19,5;0,0542125446737192
47,5;-19;0
47,5;-17,5;0
47,5;-17;0
47,5;-16,5;0,101583425359122
47,5;-16;0,0383365661958959
47,5;-15,5;0,0399320852018953
47,5;-15;0,0827314933988261
47,5;-14;0
47,5;-13,5;0
47,5;-13;0
47,5;-12,5;0,0770405376697518
47,5;-12;0,103292469350863
47,5;-11,5;0,0621344583068921
47,5;-11;0,0946251144290022
47,5;-10,5;0,110063144754878
47,5;-10;0,057202146851953
47,5;-9,5;0,0466447262592984
47,5;-9;0,0408082198926982
47,5;-8,5;0,0398659042614192
47,5;-8;0,0333087722796404
47,5;-7,5;0,0354156044363778
47,5;-7;0,0398194940357504
47,5;-6,5;0,0300734958312989
47,5;-6;0,0312636165930661
47,5;-5,5;0,0412564569261011
47,5;-5;0,0471304041994125
47,5;-4,5;0,063234549171756
47,5;-4;0,0428327255289413
47,5;-3,5;0,0381174762492749
47,5;-3;0,0299951052112451
47,5;-2,5;0,0226140136153141
47,5;-2;0,0422566356874664
47,5;-1,5;0,0200607272379251
47,5;-1;0,0361197958497541
47,5;-0,5;0,0895226663527901
47,5;0;0,0204234511131665
47,5;0,5;0,0629881919484118
47,5;1;0,0531761975791868
47,5;1,5;0,03262739177769
47,5;2;0,0456354173480052
47,5;2,5;0,0370229658455397
47,5;3;0,0276649149765756
47,5;3,5;0,0340291157136568
47,5;4;0,0213748982339052
47,5;4,5;0,0514903862283978
47,5;5;0,0571866758638631
47,5;5,5;0,0370460677326728
47,5;6;0,0471343545932275
47,5;6,5;0,0252900803728677
47,5;7;0,0301691557958208
47,5;7,5;0,0424178431320825
47,5;8;0,0553270641010217
47,5;8,5;0,0274714753139118
47,5;9;0,0285947774036771
47,5;9,5;0,0216943455328612
47,5;10;0,0242182984619514
47,5;10,5;0,254870690219143
47,5;11;0,336130330636129
47,5;11,5;0,363450595011214
47,5;12;0,0268563749607623
47,5;12,5;0,0510645529451998
47,5;13;0,0380724081778761
47,5;13,5;0,0485298131463088
47,5;14;0,0880575491137635
47,5;14,5;0,0738258542064451
47,5;15;0,018526453427033
47,5;15,5;0,0287413180087751
47,5;16;0,0300085547949504
47,5;16,5;0,0311465566151496
47,5;17;0,0290954139504434
47,5;17,5;0,032107899614127
47,5;18;0,0280602393220786
47,5;18,5;0,0283368751469203
47,5;19;0,0353742135774902
47,5;19,5;0,0221403860448475
47,5;20;0,0285166473056304
47,5;20,5;0,0231328299974616
47,5;21;0,0398456229649856
47,5;21,5;0,0250140218536426
47,5;22;0,0539813686864839
47,5;22,5;0,0512036938072557
47,5;23;0,0296608213822354
47,5;23,5;0,0335202397638979
47,5;24;0,037823486771388
47,5;24,5;0,0328468459559849
47,5;25;0,0461456028963396
47,5;25,5;0,0679831165191231
47,5;26;0,0454010258833488
47,5;26,5;0,0331879029883165
47,5;27;0,0256426894194263
47,5;27,5;0,0301011700897382
47,5;28;0,0755345650560542
47,5;28,5;0,0389757870323348
47,5;29;0,0506593196427535
47,5;29,5;0,117322738333078
47,5;30;0,072077446295376
47,5;30,5;0,0449110104602554
47,5;31;0,028766799987357
47,5;31,5;0,0354746961420716
47,5;32;0,0473720942347191
47,5;32,5;0,0214204402781079
47,5;33;0,0235930284562101
47,5;33,5;0,0320273815358683
47,5;34;0,0253386211144748
47,5;34,5;0,104672677049026
47,5;35;0,104691844389743
47,5;35,5;0,0419763904519183
47,5;36;0,0413916323293822
47,5;36,5;0,0186401363513144
47,5;37;0,0258578387281586
47,5;37,5;0,0247074034476302
47,5;38;0,104678072670792
47,5;38,5;0,0713566914204149
47,5;39;0,0586134651083778
47,5;39,5;0,0971073012776717
47,5;40;0,0697228723276647
47,5;40,5;0,0676654232539207
47,5;41;0,0623085121689263
47,5;41,5;0,0465788735378508
47,5;42;0,0378060841664407
47,5;42,5;0,0436083859173216
47,5;43;0,0237268315296262
47,5;43,5;0,0640449706414392
47,5;44;0,0621789007821732
47,5;44,5;0,0392735058845376
47,5;45;0,0365794136284408
47,5;45,5;0,124157770864798
47,5;46;0,24986093432423
47,5;46,5;0,184880712416659
47,5;47;0,217056354581997
47,5;47,5;0,12751752702295
47,5;48;0,05877600979763
47,5;48,5;0,025259029970316
47,5;49;0,0387346308275212
47,5;49,5;0,023279313698668
47,5;50;0,0147677147673239
47,5;50,5;0,0456222874585181
47,5;51;0,093264940752427
47,5;51,5;0,0483072994387325
47,5;52;0,0211360443116967
47,5;52,5;0,0368706846006432
47,5;53;0,026635419881926
47,5;53,5;0,120484532002206
47,5;54;0,144925437274296
47,5;54,5;0,342630642675572
47,5;55;0,322213980412945
47,5;55,5;0,24957793863095
47,5;56;0,342832225523756
47,5;56,5;0,14223620425283
47,5;57;0,0610105628152612
47,5;57,5;0,0866850183321716
47,5;58;0,0822730669967923
47,5;58,5;0,127423640705037
47,5;59;0,0708063825188164
47,5;59,5;0,0609085489537898
47,5;60;0,0698605951795755
47,5;60,5;0,0537734684959592
47,5;61;0,0385365513438045
47,5;61,5;0,148286695759242
47,5;62;0,281967443808352
47,5;62,5;0,203606997727999
47,5;63;0,0780534005238294
47,5;63,5;0,0709130162272438
47,5;64;0,0751514085731353
47,5;64,5;0,0693243965081523
47,5;65;0,092770918575453
47,5;65,5;0,0900748245958549
47,5;66;0,0538818151141923
47,5;66,5;0,0771686989469564
47,5;67;0,0540508668951869
47,5;67,5;0,070986022459463
47,5;68;0
47,5;68,5;0,0657609306503489
47,5;69;0,0524574552888778
47,5;69,5;0,058886578833098
47,5;70;0
47,5;70,5;0,0531196762038324
47,5;71;0,0516928060645813
47,5;71,5;0,0283593018249745
47,5;72;0,0630213808516161
47,5;72,5;0,0841781557457866
47,5;73;0,0967968129364413
47,5;73,5;0,0655801525635341
47,5;74;0,132296142161324
47,5;74,5;0
47,5;75;0
47,5;75,5;0
47,5;76;0
47,5;76,5;0
47,5;77;0
47,5;77,5;0,0686326776721151
47,5;78;0,0502045814642449
48;-22,5;0,0922106800962314
48;-22;0,0674707914012256
48;-21,5;0,0722057246114646
48;-21;0,0437530951286116
48;-20,5;0,00141421356237309
48;-20;0
48;-19,5;0
48;-19;0
48;-16,5;0,0584667737810428
48;-16;0,0458124505651098
48;-15,5;0,07448506650514
48;-15;0,0490836374284085
48;-14,5;0,0498598034492716
48;-14;0,0117770964163498
48;-13,5;0
48;-13;0
48;-12,5;0,0769478947948322
48;-12;0,0700090653470622
48;-11,5;0,0537401153701776
48;-11;0,0279938485306246
48;-10,5;0,119953649973965
48;-10;0,106138606666644
48;-9,5;0,0607039931958019
48;-9;0,0502727164025653
48;-8,5;0,0510410665659572
48;-8;0,0430196344511038
48;-7,5;0,0476547142985014
48;-7;0,120711182365275
48;-6,5;0,305407071470242
48;-6;0,0312777856936817
48;-5,5;0,0567451347580062
48;-5;0,022605078521871
48;-4,5;0,0663277027997106
48;-4;0,0290408061364114
48;-3,5;0,0409841509239761
48;-3;0,0327962858207505
48;-2,5;0,0488690071357078
48;-2;0,0379795886305048
48;-1,5;0,0389352577974552
48;-1;0,0305619539479689
48;-0,5;0,0410931951630101
48;0;0,0313543842064166
48;0,5;0,341092625717979
48;1;0,403011765750497
48;1,5;0,355117807636108
48;2;0,356532323248063
48;2,5;0,0270975401221637
48;3;0,0273693113011988
48;3,5;0,0544888001229884
48;4;0,0284767146671963
48;4,5;0,0757641012341113
48;5;0,132005919080079
48;5,5;0,125419871861293
48;6;0,0538837604652207
48;6,5;0,0485920089452302
48;7;0,0374168333973842
48;7,5;0,0285300600256794
48;8;0,0468498098522885
48;8,5;0,0291371720211216
48;9;0,0368331057778459
48;9,5;0,0261739012996477
48;10;0,0199708051377815
48;10,5;0,0298414266381762
48;11;0,115155085139066
48;11,5;0,0323833358499607
48;12;0,032569814820867
48;12,5;0,109489544389309
48;13;0,236395483416735
48;13,5;0,145629255556923
48;14;0,345561816637265
48;14,5;0,324316354075247
48;15;0,0386615871319224
48;15,5;0,0300369473695799
48;16;0,0242347449958479
48;16,5;0,033682826660198
48;17;0,0307625156504797
48;17,5;0,0294580126587644
48;18;0,0330576360358009
48;18,5;0,0366537856162225
48;19;0,211540697424081
48;19,5;0,213620404948751
48;20;0,0647931420792679
48;20,5;0,0303488146550106
48;21;0,0298193643520134
48;21,5;0,0511728657090254
48;22;0,0675919055988166
48;22,5;0,0304792120821062
48;23;0,0249981287815114
48;23,5;0,018509654245163
48;24;0,0331924619707614
48;24,5;0,0448727969524531
48;25;0,0272642739424474
48;25,5;0,044326010186609
48;26;0,0427159852064407
48;26,5;0,066489071046507
48;27;0,0280420869118296
48;27,5;0,0508090027876812
48;28;0,121415885926727
48;28,5;0,166883696985533
48;29;0,340873272819395
48;29,5;0,283209596926214
48;30;0,106066910163844
48;30,5;0,0409606235542641
48;31;0,0413714594666686
48;31,5;0,0224497197302413
48;32;0,0224028864988988
48;32,5;0,0240670992098717
48;33;0,0429147084212342
48;33,5;0,0276926660482593
48;34;0,0802950371890995
48;34,5;0,0888573988567917
48;35;0,0546338743280177
48;35,5;0,0432135785488556
48;36;0,0327806039785554
48;36,5;0,0338932613958007
48;37;0,0197886875982907
48;37,5;0,0404594702484149
48;38;0,0824187136069053
48;38,5;0,09439220096653
48;39;0,0303144493636349
48;39,5;0,0211792526733512
48;40;0,0386225590311634
48;40,5;0,0524009060864188
48;41;0,0347290396980266
48;41,5;0,0172171274196372
48;42;0,044052779514125
48;42,5;0,0998563134375255
48;43;0,0520691569687662
48;43,5;0,0570695626952397
48;44;0,283833555190963
48;44,5;0,20815334263371
48;45;0,0810791539244332
48;45,5;0,0679924400270092
48;46;0,184076388129132
48;46,5;0,239613415981779
48;47;0,248606619460684
48;47,5;0,111785210709348
48;48;0,0430588028654035
48;48,5;0,0929744641307072
48;49;0,0439471586660723
48;49,5;0,0295121980664054
48;50;0,0286562557173043
48;50,5;0,0517984452046568
48;51;0,0585690710883677
48;51,5;0,0515407178091895
48;52;0,0445529353644266
48;52,5;0,0327879425025987
48;53;0,0232166049154835
48;53,5;0,0384613236378828
48;54;0,162002152482501
48;54,5;0,223960643144886
48;55;0,277107235262291
48;55,5;0,194229177797898
48;56;0,174645262049381
48;56,5;0,159464948433409
48;57;0,187783861912607
48;57,5;0,125322214040963
48;58;0,124074700924893
48;58,5;0,0448725698478756
48;59;0,0651289938229191
48;59,5;0,0732370300490435
48;60;0,100405229312323
48;60,5;0,141060648412703
48;61;0,0419500691208037
48;61,5;0,0513221460429739
48;62;0,155988029083617
48;62,5;0
48;63;0,111398628410608
48;63,5;0,09309519080042
48;64;0,0857951886409686
48;64,5;0,084336205678435
48;65;0,0638269719863098
48;65,5;0,0909939269228563
48;66;0,0630537689418942
48;66,5;0,0362267396637714
48;67;0,0606047302884299
48;67,5;0,0611352682256406
48;68;0,0634244957935549
48;68,5;0,0256969518296107
48;69;0,0633561362458286
48;69,5;0,0570525842396385
48;70;0,0394260157039196
48;70,5;0,0728118422223754
48;71;0,094456046586982
48;71,5;0,144198258729129
48;72;0,0695245759905565
48;72,5;0,0874962856354485
48;73;0,0379780638439262
48;73,5;0,0433400635799154
48;74;0
48;74,5;0
48;75;0,0700031745311914
48;75,5;0,112991002591652
48;76;0,155756803441075
48;76,5;0,0148492424049175
48;77;0,224704991785526
48;77,5;0,198546384169208
48;78;0
48,5;-22,5;0,0149331845230681
48,5;-22;0,259563583794526
48,5;-21,5;0,258650949142012
48,5;-21;0,0618738636259285
48,5;-20,5;0,0518206967859813
48,5;-20;0
48,5;-19,5;0
48,5;-16,5;0
48,5;-16;0,0739121099685295
48,5;-15,5;0,0935454435020755
48,5;-15;0,0799161797823285
48,5;-14,5;0,0562564959212119
48,5;-14;0,0574350564924046
48,5;-13,5;0
48,5;-13;0,0337045990927054
48,5;-12,5;0,0632819867615173
48,5;-12;0,0475746552913099
48,5;-11,5;0,0515323522976909
48,5;-11;0,00565685424949238
48,5;-10,5;0,048286938798168
48,5;-10;0,0673592424531307
48,5;-9,5;0,103017655225382
48,5;-9;0,0922688127244538
48,5;-8,5;0,0420660597473052
48,5;-8;0,0316312024278712
48,5;-7,5;0,0300490340018518
48,5;-7;0,056690471190576
48,5;-6,5;0,362577416094525
48,5;-6;0,0502646414213331
48,5;-5,5;0,0447670024353011
48,5;-5;0,0563609289429316
48,5;-4,5;0,0461096974798217
48,5;-4;0,0572233735627115
48,5;-3,5;0,053183251649647
48,5;-3;0,0811094488739087
48,5;-2,5;0,0304221818945318
48,5;-2;0,0682909335629067
48,5;-1,5;0,0938707666091986
48,5;-1;0,0446026457556428
48,5;-0,5;0,0382954317641635
48,5;0;0,0315430211754351
48,5;0,5;0,048297998863461
48,5;1;0,353783145708396
48,5;1,5;0,40707220899164
48,5;2;0,289793701856777
48,5;2,5;0,0358358536016842
48,5;3;0,0308434775956415
48,5;3,5;0,116273311889923
48,5;4;0,0415345237924629
48,5;4,5;0,0597303722317782
48,5;5;0,338800956089294
48,5;5,5;0,29726362358143
48,5;6;0,0703238592446643
48,5;6,5;0,0693026221980537
48,5;7;0,0591802331864281
48,5;7,5;0,0261772186970175
48,5;8;0,0370938074476615
48,5;8,5;0,0447843501295813
48,5;9;0,0423269609745887
48,5;9,5;0,0337441311423871
48,5;10;0,0236675959154861
48,5;10,5;0,0779922563618606
48,5;11;0,0674400304974621
48,5;11,5;0,045929323474453
48,5;12;0,140502889101008
48,5;12,5;0,35012385313548
48,5;13;0,336743247401154
48,5;13,5;0,360594347339685
48,5;14;0,244921449830331
48,5;14,5;0,0756252920914793
48,5;15;0,0413342235397821
48,5;15,5;0,034679322256308
48,5;16;0,0276075323116017
48,5;16,5;0,0376101430466763
48,5;17;0,0216615010724593
48,5;17,5;0,107775744752819
48,5;18;0,0266974122477871
48,5;18,5;0,170457025436505
48,5;19;0,0454857004956484
48,5;19,5;0,303824628850952
48,5;20;0,251736416633319
48,5;20,5;0,0208868326850752
48,5;21;0,0343203355778126
48,5;21,5;0,333358204906984
48,5;22;0,275219316543878
48,5;22,5;0,0329383262072215
48,5;23;0,0424949626278162
48,5;23,5;0,0420849805540563
48,5;24;0,0461109722635014
48,5;24,5;0,0333985346212366
48,5;25;0,0284994901119146
48,5;25,5;0,0349633171111862
48,5;26;0,0348142928439728
48,5;26,5;0,0431177626976992
48,5;27;0,0525175072475181
48,5;27,5;0,048884803026525
48,5;28;0,0893204205935799
48,5;28,5;0,080749878250469
48,5;29;0,31578258017711
48,5;29,5;0,336838520716729
48,5;30;0,0554960653962272
48,5;30,5;0,0307525618611218
48,5;31;0,0208546184766693
48,5;31,5;0,0292375019884811
48,5;32;0,0407236267307405
48,5;32,5;0,0338549540416948
48,5;33;0,0264051580026707
48,5;33,5;0,0580239932239817
48,5;34;0,261620121464657
48,5;34,5;0,205866890005557
48,5;35;0,0590849216080762
48,5;35,5;0,0264425597018412
48,5;36;0,0230183448183119
48,5;36,5;0,0244646453177522
48,5;37;0,0272716994755828
48,5;37,5;0,0372903626753533
48,5;38;0,0995481388872884
48,5;38,5;0,0636645846514605
48,5;39;0,0220706198135251
48,5;39,5;0,0202274293490702
48,5;40;0,079824599383064
48,5;40,5;0,0493603604024865
48,5;41;0,0429354839861386
48,5;41,5;0,0329724925006889
48,5;42;0,0895807498506328
48,5;42,5;0,0838127948048671
48,5;43;0,0418987859545215
48,5;43,5;0,127320240721886
48,5;44;0,251239957535871
48,5;44,5;0,306320341907213
48,5;45;0,123300970551099
48,5;45,5;0,10734533944623
48,5;46;0,187737612526166
48,5;46,5;0,0948945093582136
48,5;47;0,147522977619149
48,5;47,5;0,125160602612328
48,5;48;0,0328988369258608
48,5;48,5;0,0572764068082095
48,5;49;0,0290905705472725
48,5;49,5;0,052828722934992
48,5;50;0,0268328747629485
48,5;50,5;0,0432343062180924
48,5;51;0,0676229682890391
48,5;51,5;0,0301705071905036
48,5;52;0,0380701381965513
48,5;52,5;0,0427275950987194
48,5;53;0,0243899648559593
48,5;53,5;0,0465289269899055
48,5;54;0,0276548239139989
48,5;54,5;0,0889529838360318
48,5;55;0,211650419323941
48,5;55,5;0,217474663354382
48,5;56;0,118478568673391
48,5;56,5;0,0762964122574875
48,5;57;0,180178445979509
48,5;57,5;0,0799622923028314
48,5;58;0,0776127338083436
48,5;58,5;0,0269373249954714
48,5;59;0,0562948985743214
48,5;59,5;0,0391823535817704
48,5;60;0,124578436772755
48,5;60,5;0,0824206689287746
48,5;61;0,0301255467359924
48,5;61,5;0,0450904791263863
48,5;62;0,0484669576421574
48,5;62,5;0,0766255865849034
48,5;63;0,0979076168622525
48,5;63,5;0,0748584343673853
48,5;64;0,143542676580869
48,5;64,5;0
48,5;65;0,0610634720520183
48,5;65,5;0,0549371460655294
48,5;66;0,0703428113676949
48,5;66,5;0,0675397805091156
48,5;67;0,0584022426899816
48,5;67,5;0,0836886662406736
48,5;68;0,0706841566406504
48,5;68,5;0
48,5;69;0,0617482036932303
48,5;69,5;0,058319358870341
48,5;70;0,0924424942523174
48,5;70,5;0,0754926252728585
48,5;71;0,14338638553069
48,5;71,5;0,0127279220613578
48,5;72;0,0287286152352203
48,5;72,5;0
48,5;73;0,0342977161533145
48,5;73,5;0
48,5;74;0
48,5;74,5;0
48,5;75;0,0764913839473559
48,5;75,5;0,144534104694055
48,5;76;0,117418743351829
48,5;76,5;0
48,5;77;0,247847570457768
48,5;77,5;0,260582094123479
48,5;78;0
49;-22,5;0
49;-22;0,0553955473541571
49;-21,5;0,275356248125694
49;-21;0,0779125742789264
49;-20,5;0,0724785485505884
49;-20;0,0364214997086287
49;-19,5;0
49;-18;0
49;-17,5;0
49;-16;0,0616602152352483
49;-15,5;0,0744721586598572
49;-15;0,0845181640648861
49;-14,5;0,0590790925902434
49;-14;0,0732382283731529
49;-13,5;0,0486945955560125
49;-13;0,0432863736634005
49;-12,5;0,0559328294497642
49;-12;0,0709935048600946
49;-11,5;0,0422764556378453
49;-11;0,037867956676551
49;-10,5;0,0329873713209565
49;-10;0,0950742984313964
49;-9,5;0,0591168793046386
49;-9;0,104200361307423
49;-8,5;0,108781935237255
49;-8;0
49;-7,5;0,0332535085868143
49;-7;0,0394723897170006
49;-6,5;0,0330814915260041
49;-6;0,0459510504609148
49;-5,5;0,0604195189688337
49;-5;0,0481535824607596
49;-4,5;0,0457356159426826
49;-4;0,0322965390338722
49;-3,5;0,17561392757305
49;-3;0,254171992406988
49;-2,5;0,160432305966858
49;-2;0,126621620733727
49;-1,5;0,0844401150489682
49;-1;0,0316231213215113
49;-0,5;0,029408833308787
49;0;0,0344214760945681
49;0,5;0,0631856807520568
49;1;0,047214460011312
49;1,5;0,0591087222568037
49;2;0,0373410386578102
49;2,5;0,0407507846093912
49;3;0,0474682016369161
49;3,5;0,083401388457499
49;4;0,0626145202909078
49;4,5;0,0848459466554858
49;5;0,291327301170623
49;5,5;0,298820020684533
49;6;0,0526737646470581
49;6,5;0,082350480586895
49;7;0,14326170883258
49;7,5;0,0253521370695744
49;8;0,0389190354751251
49;8,5;0,0917322858046891
49;9;0,0614430193602103
49;9,5;0,0664858275582582
49;10;0,0368870626664263
49;10,5;0,0353378557581919
49;11;0,0552244055676724
49;11,5;0,0233896300395801
49;12;0,266427076166445
49;12,5;0,331224384982874
49;13;0,206647905536797
49;13,5;0,32885260663302
49;14;0,0799834699308856
49;14,5;0,033356972334218
49;15;0,0414809797013284
49;15,5;0,0207036388946399
49;16;0,0348698681594161
49;16,5;0,0298622315165572
49;17;0,0305151555769908
49;17,5;0,0250752886157058
49;18;0,0354627265165666
49;18,5;0,32323695291704
49;19;0,223313066725412
49;19,5;0,0367614501335796
49;20;0,0402790353497354
49;20,5;0,0358174319256988
49;21;0,0220295631570978
49;21,5;0,227726741748884
49;22;0,231922147180775
49;22,5;0,0354045101483268
49;23;0,0504724510952186
49;23,5;0,0382275354657754
49;24;0,0381245847660723
49;24,5;0,0339839270873082
49;25;0,0629781117689588
49;25,5;0,0538944995327891
49;26;0,0647712323059803
49;26,5;0,0261165748537909
49;27;0,0196259056045549
49;27,5;0,0366155733272611
49;28;0,118989386372253
49;28,5;0,0448647955409876
49;29;0,0327455173659392
49;29,5;0,0985411483247748
49;30;0,0402913456796331
49;30,5;0,0358856786759423
49;31;0,0273788170888993
49;31,5;0,0502488498091431
49;32;0,0755131361247118
49;32,5;0,0316348647466028
49;33;0,0353642169850659
49;33,5;0,165051485107155
49;34;0,280798598206652
49;34,5;0,30198145030003
49;35;0,132243789399392
49;35,5;0,0501563543084057
49;36;0,0578141885021044
49;36,5;0,0250003140476143
49;37;0,0192739971896964
49;37,5;0,0350906480599492
49;38;0,0213395649161909
49;38,5;0,0197141451922511
49;39;0,0170846297297528
49;39,5;0,0378618452763609
49;40;0,0567019987889904
49;40,5;0,0537914578408052
49;41;0,0341600369836123
49;41,5;0,0319602930302354
49;42;0,106413279660737
49;42,5;0,0911770029545202
49;43;0,0480865281271982
49;43,5;0,0414351130690061
49;44;0,288734849578089
49;44,5;0,241982998628714
49;45;0,193899495422419
49;45,5;0,110963871841219
49;46;0,154185607800769
49;46,5;0,122696324380679
49;47;0,176723539614228
49;47,5;0,21081146708765
49;48;0,0341547547042511
49;48,5;0,035300149577928
49;49;0,0214517460936941
49;49,5;0,0178557080100439
49;50;0,0445016188147688
49;50,5;0,0377121346043781
49;51;0,0254830915546382
49;51,5;0,0147852981713866
49;52;0,0167500380329324
49;52,5;0,0217259921012222
49;53;0,245199340673393
49;53,5;0,136185637867701
49;54;0,0198945879097601
49;54,5;0,0291856223329945
49;55;0,0362627786918943
49;55,5;0,0393356071159619
49;56;0,0556582891972901
49;56,5;0,078256275926414
49;57;0,0718876173245701
49;57,5;0,108403238177836
49;58;0,0312391717705693
49;58,5;0,0241003621464572
49;59;0,0331877493486273
49;59,5;0,0396590245522785
49;60;0,0403871497360148
49;60,5;0,0287908015937427
49;61;0,0338856067296182
49;61,5;0,0391360949581257
49;62;0,0501743803004901
49;62,5;0,0574824514144063
49;63;0,0924171180026447
49;63,5;0,0463556970538752
49;64;0,0384798648646276
49;64,5;0,0269118932815958
49;65;0,0421479536869822
49;65,5;0,106556186471837
49;66;0,080207679412477
49;66,5;0,0933973892945837
49;67;0,0911175466547355
49;67,5;0,0688469426710549
49;68;0,0332340187157677
49;68,5;0
49;69;0,102701209640094
49;69,5;0,0572154816114694
49;70;0,0653632986952658
49;70,5;0,0395979797464467
49;71;0
49;71,5;0,0499935601913492
49;72;0,0511338113841191
49;72,5;0,103339892264959
49;73;0,0478180579558253
49;73,5;0
49;74;0
49;74,5;0,00565685424949238
49;75;0,0642486242209568
49;75,5;0,11729495911256
49;76;0,135242286990705
49;76,5;0
49;77;0
49;77,5;0
49;78;0
49,5;-22,5;0
49,5;-22;0
49,5;-21,5;0,27827932597537
49,5;-21;0,105528775747767
49,5;-20,5;0,0682283931832169
49,5;-20;0,0346482322781408
49,5;-19,5;0
49,5;-19;0
49,5;-18,5;0,0549566929066706
49,5;-18;0,0599075676911245
49,5;-16,5;0
49,5;-16;0,0526752856118096
49,5;-15,5;0,0552088281516856
49,5;-15;0,0472190608322778
49,5;-14,5;0
49,5;-14;0
49,5;-13,5;0
49,5;-13;0,0434943098089277
49,5;-12,5;0,0588475677652361
49,5;-12;0,0949830277353568
49,5;-11,5;0,0609754512055263
49,5;-11;0,0718379586826652
49,5;-10,5;0,0465580771236801
49,5;-10;0,133350415572406
49,5;-9,5;0
49,5;-9;0,0578160212025379
49,5;-8,5;0,104626315123522
49,5;-8;0,0701397626851119
49,5;-7,5;0,134130526671291
49,5;-7;0,142316783909048
49,5;-6,5;0,0642072341726799
49,5;-6;0,0438847725382968
49,5;-5,5;0,0824682343246116
49,5;-5;0,0785758548260013
49,5;-4,5;0,0498826255703259
49,5;-4;0,0791372897104179
49,5;-3,5;0,246962008615968
49,5;-3;0,235774366379954
49,5;-2,5;0,216021550318528
49,5;-2;0,322442804813873
49,5;-1,5;0,231107168094915
49,5;-1;0,0763107062310813
49,5;-0,5;0,0665135697333836
49,5;0;0,0383540290282485
49,5;0,5;0,0294068848406807
49,5;1;0,0267054667797226
49,5;1,5;0,0391730831154678
49,5;2;0,0281015817717015
49,5;2,5;0,0329454093919016
49,5;3;0,032832104087669
49,5;3,5;0,0429478506440845
49,5;4;0,0413320225509746
49,5;4,5;0,033746637420491
49,5;5;0,0539197559586895
49,5;5,5;0,0351127365776644
49,5;6;0,0371387888312791
49,5;6,5;0,0545840936375874
49,5;7;0,0766390425140187
49,5;7,5;0,0419815852654537
49,5;8;0,0333741178134084
49,5;8,5;0,0623750563799521
49,5;9;0,0409048381627891
49,5;9,5;0,128719045407506
49,5;10;0,0736415869827188
49,5;10,5;0,0534891431016806
49,5;11;0,0487274331443522
49,5;11,5;0,0242343238193351
49,5;12;0,131160204977531
49,5;12,5;0,0328743086325359
49,5;13;0,0879263784230812
49,5;13,5;0,0446104398103835
49,5;14;0,0521955227629365
49,5;14,5;0,0235779020751819
49,5;15;0,0436788949507316
49,5;15,5;0,0376582834605769
49,5;16;0,0636517887142481
49,5;16,5;0,142194863485573
49,5;17;0,149205010048259
49,5;17,5;0,0336324751309874
49,5;18;0,0357835557864431
49,5;18,5;0,333269504024987
49,5;19;0,27693133618689
49,5;19,5;0,0392785566630297
49,5;20;0,0409143088939421
49,5;20,5;0,0305960350731776
49,5;21;0,0381687116754573
49,5;21,5;0,0312774773089358
49,5;22;0,0288372000171371
49,5;22,5;0,0228846957740194
49,5;23;0,0241738138951411
49,5;23,5;0,0379168484312447
49,5;24;0,0331025276800976
49,5;24,5;0,135182874808017
49,5;25;0,110248252779336
49,5;25,5;0,0627252766696637
49,5;26;0,0549376110369078
49,5;26,5;0,0336096130956156
49,5;27;0,0374164174128285
49,5;27,5;0,0347724082880559
49,5;28;0,0449253804342549
49,5;28,5;0,0399493687824439
49,5;29;0,0567250687240718
49,5;29,5;0,0634405608574259
49,5;30;0,0393744382741293
49,5;30,5;0,043578864903378
49,5;31;0,0281446858603017
49,5;31,5;0,0751418283299584
49,5;32;0,092839189889036
49,5;32,5;0,0340287221079342
49,5;33;0,0730458848719082
49,5;33,5;0,224735395300895
49,5;34;0,224286480672139
49,5;34,5;0,293989087099051
49,5;35;0,204992919724463
49,5;35,5;0,0479752746340676
49,5;36;0,0405020937751845
49,5;36,5;0,0295266145312057
49,5;37;0,0248161178648545
49,5;37,5;0,054252443825734
49,5;38;0,0179604094758428
49,5;38,5;0,0163843891972326
49,5;39;0,0293113490319506
49,5;39,5;0,0533668614481538
49,5;40;0,0574061205114604
49,5;40,5;0,021935790973198
49,5;41;0,0245556712743826
49,5;41,5;0,0239923053551226
49,5;42;0,0260243846236817
49,5;42,5;0,0433323150971702
49,5;43;0,0398246691131571
49,5;43,5;0,103404516572629
49,5;44;0,0558250625015842
49,5;44,5;0,0418066947332351
49,5;45;0,0538080969257029
49,5;45,5;0,0933131912051697
49,5;46;0,172655038110314
49,5;46,5;0,189497141579145
49,5;47;0,142541734258812
49,5;47,5;0,146745689955996
49,5;48;0,0671840754941229
49,5;48,5;0,0185917574082218
49,5;49;0,0123403635684997
49,5;49,5;0,0280268294326004
49,5;50;0,0488187524239948
49,5;50,5;0,0560063465541338
49,5;51;0,0540715983220215
49,5;51,5;0,0235372192220159
49,5;52;0,0260116947633715
49,5;52,5;0,032204022879694
49,5;53;0,171203308783828
49,5;53,5;0,0217178007297527
49,5;54;0,0193205060990354
49,5;54,5;0,0450555959087112
49,5;55;0,0287211247215339
49,5;55,5;0,033867666006689
49,5;56;0,0473862084875013
49,5;56,5;0,104318299891762
49,5;57;0,0749937053486784
49,5;57,5;0,0821502015973787
49,5;58;0,0732268029389831
49,5;58,5;0,0326640701720796
49,5;59;0,023668303174033
49,5;59,5;0,0244444913609332
49,5;60;0,0440401312202261
49,5;60,5;0,0454325183705482
49,5;61;0,0284149348284183
49,5;61,5;0,0308336803997599
49,5;62;0,0313303131901065
49,5;62,5;0,0334451058010109
49,5;63;0,0538342148551981
49,5;63,5;0,0542741176058831
49,5;64;0,0244408523410681
49,5;64,5;0,0501198863027741
49,5;65;0,0588241609790876
49,5;65,5;0,0722474606447884
49,5;66;0,0947448445506016
49,5;66,5;0,0971741196194209
49,5;67;0,13335529230941
49,5;67,5;0,0809680713085632
49,5;68;0
49,5;68,5;0,0658799413074015
49,5;69;0,0787874232635903
49,5;69,5;0,0635259343494873
49,5;70;0,0726959411367133
49,5;70,5;0,0784633618937136
49,5;71;0,0197989898732233
49,5;71,5;0
49,5;72;0
49,5;72,5;0,0696419413859206
49,5;73;0,111722871427475
49,5;73,5;0
49,5;74;0
49,5;74,5;0,0169705627484771
49,5;75;0,0463713273478342
49,5;75,5;0,153014351044651
49,5;76;0,0454719693877448
49,5;76,5;0,060517123380265
49,5;77;0,347134046653178
49,5;77,5;0
49,5;78;0
50;-22,5;0
50;-22;0,0535630469633683
50;-21,5;0,102356090345271
50;-21;0,0647491663688
50;-20,5;0,0494879232283448
50;-20;0,0557167864661777
50;-19,5;0
50;-19;0
50;-18,5;0,073111786555475
50;-18;0
50;-17,5;0
50;-17;0,0134350288425444
50;-16,5;0,0669223136114801
50;-16;0,0598659996032534
50;-15,5;0,0348224433965017
50;-15;0,0857569504206775
50;-14,5;0,0820243866176395
50;-14;0
50;-13,5;0
50;-13;0
50;-12,5;0,0407909887340913
50;-12;0,0861179478661061
50;-11,5;0,0871071672473545
50;-11;0,0752586459310518
50;-10,5;0,0849615628389509
50;-10;0,0601909355131545
50;-9,5;0,016008331164324
50;-9;0,0148492424049175
50;-8,5;0
50;-8;0,079427557195883
50;-7,5;0,105805979335564
50;-7;0,141675318708455
50;-6,5;0,0782663623901186
50;-6;0,063109190656791
50;-5,5;0,109528475977911
50;-5;0,364695099806379
50;-4,5;0,279724022928599
50;-4;0,0467614385986193
50;-3,5;0,137829147281862
50;-3;0,0999212070734695
50;-2,5;0,0474600681644626
50;-2;0,207017391067248
50;-1,5;0,197717952805477
50;-1;0,147354747974618
50;-0,5;0,0820584798643447
50;0;0,0932161717900687
50;0,5;0,085995003538629
50;1;0,0240372272113699
50;1,5;0,0229023288481033
50;2;0,0347627515894761
50;2,5;0,0602336463179868
50;3;0,0252246189146946
50;3,5;0,0796892608429163
50;4;0,0313585896897046
50;4,5;0,0756523074687372
50;5;0,0422660845220662
50;5,5;0,0417189005927369
50;6;0,0434674602207124
50;6,5;0,0439472385891802
50;7;0,033185138895689
50;7,5;0,0334094937752714
50;8;0,0323012653299697
50;8,5;0,0246330364468905
50;9;0,164935374256834
50;9,5;0,310574797909326
50;10;0,070407744035497
50;10,5;0,078788260013573
50;11;0,0746358085426892
50;11,5;0,0427127565904969
50;12;0,0409128382122105
50;12,5;0,0360115569144818
50;13;0,0265876287796814
50;13,5;0,0239103480299663
50;14;0,0335657186392253
50;14,5;0,0258623364756771
50;15;0,0277709023795997
50;15,5;0,0863133825081603
50;16;0,231011366934384
50;16,5;0,309299963072844
50;17;0,363203535399783
50;17,5;0,0591699468422519
50;18;0,0742142054989577
50;18,5;0,317815702349935
50;19;0,243609592038847
50;19,5;0,0961822194556647
50;20;0,0296441263760001
50;20,5;0,0386942252439158
50;21;0,031634130417682
50;21,5;0,0434289673255368
50;22;0,0417900201618038
50;22,5;0,0354822696576064
50;23;0,0528612366940803
50;23,5;0,04082398894402
50;24;0,0255319191059902
50;24,5;0,104588363875355
50;25;0,103652124701726
50;25,5;0,0383577458496542
50;26;0,0303756979158122
50;26,5;0,0334264251052488
50;27;0,0317604996629929
50;27,5;0,0457254503173308
50;28;0,0378608603692409
50;28,5;0,0513255380326572
50;29;0,0603729857549185
50;29,5;0,0451199096149602
50;30;0,0381510465137272
50;30,5;0,0361841588366661
50;31;0,0231248164226047
50;31,5;0,0586856004049494
50;32;0,0874549296579982
50;32,5;0,077874382760025
50;33;0,0342083389459953
50;33,5;0,101370769621039
50;34;0,319653413902159
50;34,5;0,303049320204139
50;35;0,0624697604417
50;35,5;0,0701479830906095
50;36;0,0309473849498976
50;36,5;0,0195216437172332
50;37;0,0397499618477609
50;37,5;0,0227435335768044
50;38;0,0200718159414108
50;38,5;0,0267785072201364
50;39;0,0259377603514561
50;39,5;0,0321654169813913
50;40;0,0297159138710234
50;40,5;0,0251573669716777
50;41;0,0196722805640203
50;41,5;0,0474663495724781
50;42;0,0452754425983815
50;42,5;0,0273091751400872
50;43;0,0650427873582292
50;43,5;0,0517424912373673
50;44;0,0666872792013808
50;44,5;0,054064105014144
50;45;0,0470350128837528
50;45,5;0,053499326116193
50;46;0,128439986967069
50;46,5;0,189977527787962
50;47;0,252085174070642
50;47,5;0,253413616483574
50;48;0,124313581987917
50;48,5;0,025360923608595
50;49;0,023008400304972
50;49,5;0,0427673941221581
50;50;0,084991239868246
50;50,5;0,101929384231182
50;51;0,0577668046459925
50;51,5;0,0350538351474331
50;52;0,0206661512421286
50;52,5;0,0503338674191284
50;53;0,0470784951228664
50;53,5;0,037984660769599
50;54;0,0417566571622651
50;54,5;0,0303432972215366
50;55;0,0163630300903831
50;55,5;0,0165305627288435
50;56;0,0224886780958611
50;56,5;0,141371456385862
50;57;0,194567488785531
50;57,5;0,120527538977739
50;58;0,140770408630756
50;58,5;0,0352743328041588
50;59;0,0294017267938728
50;59,5;0,0197135762285613
50;60;0,0300215973751265
50;60,5;0,0415874783369992
50;61;0,0288802068232526
50;61,5;0,0384910792868106
50;62;0,0390926101435063
50;62,5;0,0341185142682535
50;63;0,0320940230539812
50;63,5;0,0325360962774517
50;64;0,0296136566632468
50;64,5;0,0489860742250315
50;65;0,0510188388923339
50;65,5;0,0980547260904135
50;66;0,121273928556224
50;66,5;0,0876653045834304
50;67;0,0658805737679933
50;67,5;0,0959341630305056
50;68;0,042
50;68,5;0,0795255159826561
50;69;0,067728830230888
50;69,5;0,0626665990107884
50;70;0,0789193031536418
50;70,5;0,0965949952298165
50;71;0,0466261729074991
50;71,5;0
50;72;0,0516849430040639
50;72,5;0,0754232501730512
50;73;0
50;73,5;0,252406267048424
50;74;0,275295924997713
50;74,5;0
50;75;0,0209841209807162
50;75,5;0,141839474615284
50;76;0,0790816335308317
50;76,5;0,349870595125302
50;77;0,350380587003802
50;77,5;0,0997020561473032
50;78;0
50,5;-22,5;0,0580308825827536
50,5;-22;0,088279669233635
50,5;-21,5;0,0785202017185519
50,5;-21;0,102895367776964
50,5;-20,5;0,0666547293234056
50,5;-20;0,0835764786155637
50,5;-19,5;0,0380832421588989
50,5;-19;0,0235849528301415
50,5;-18,5;0,0936060409860972
50,5;-18;0,0670151309614312
50,5;-17,5;0
50,5;-17;0,0552111099930681
50,5;-16,5;0,074051831065886
50,5;-16;0,0535299649061826
50,5;-15,5;0,0363716199370073
50,5;-15;0,0420715377151143
50,5;-14,5;0,0676852428687874
50,5;-14;0,0725481359246658
50,5;-13,5;0,029577018105279
50,5;-13;0
50,5;-12,5;0,0403050865276332
50,5;-12;0,0471843225459225
50,5;-11,5;0,123792152723924
50,5;-11;0,0943224291190629
50,5;-10,5;0,055613013845413
50,5;-10;0,0596410833530831
50,5;-9,5;0,0357684985812085
50,5;-9;0,0935742707865031
50,5;-8,5;0,0829013348091049
50,5;-8;0,0228377298513207
50,5;-7,5;0,0994624719848312
50,5;-7;0,0749987570518474
50,5;-6,5;0,0426709052381849
50,5;-6;0,32025692620221
50,5;-5,5;0,301214723580194
50,5;-5;0,202564461443927
50,5;-4,5;0,152098010946961
50,5;-4;0,0565451137619412
50,5;-3,5;0,0696433545677047
50,5;-3;0,0933603078875932
50,5;-2,5;0,0217467132064593
50,5;-2;0,0465738937315701
50,5;-1,5;0,0579492448778679
50,5;-1;0,311790364997327
50,5;-0,5;0,144214435587677
50,5;0;0,14519074578314
50,5;0,5;0,0848556390382161
50,5;1;0,0500777040835639
50,5;1,5;0,0521576404366413
50,5;2;0,0465507591783059
50,5;2,5;0,0443733733884415
50,5;3;0,180693660187831
50,5;3,5;0,0882117900138667
50,5;4;0,0339135020770579
50,5;4,5;0,106423195961479
50,5;5;0,0360327387865925
50,5;5,5;0,0460698625069031
50,5;6;0,0778318736184874
50,5;6,5;0,0469702693024759
50,5;7;0,0412285560932591
50,5;7,5;0,0350325139094003
50,5;8;0,0441919031013588
50,5;8,5;0,0582395047098178
50,5;9;0,0703859146564269
50,5;9,5;0,0486779439834049
50,5;10;0,0297091289290661
50,5;10,5;0,0335218738142758
50,5;11;0,0559692890730294
50,5;11,5;0,039338215110338
50,5;12;0,0338094920804172
50,5;12,5;0,0386623808448771
50,5;13;0,0237569258661689
50,5;13,5;0,0337186461318413
50,5;14;0,0474198829516196
50,5;14,5;0,02369848976975
50,5;15;0,0181760454293826
50,5;15,5;0,04492590318357
50,5;16;0,242669401794897
50,5;16,5;0,192581281541068
50,5;17;0,345671805617524
50,5;17,5;0,166050851433252
50,5;18;0,240678108535809
50,5;18,5;0,245224707447796
50,5;19;0,399444148738509
50,5;19,5;0,360563986786663
50,5;20;0,0800336387610443
50,5;20,5;0,0534198783087568
50,5;21;0,183448352304547
50,5;21,5;0,186766652181764
50,5;22;0,0523576911608167
50,5;22,5;0,0307603641070778
50,5;23;0,0270304924235789
50,5;23,5;0,0398590201813374
50,5;24;0,053707754188678
50,5;24,5;0,0420925943768902
50,5;25;0,0674329051295795
50,5;25,5;0,0397793775661689
50,5;26;0,023784924196802
50,5;26,5;0,0473591255014979
50,5;27;0,0558986621859027
50,5;27,5;0,0599613577712372
50,5;28;0,0354291583921748
50,5;28,5;0,0357455520359964
50,5;29;0,0612597851327427
50,5;29,5;0,0407750936781611
50,5;30;0,0428637600820863
50,5;30,5;0,0443308362784898
50,5;31;0,0457126676003436
50,5;31,5;0,0766488580680799
50,5;32;0,145945100280562
50,5;32,5;0,0956503859210018
50,5;33;0,0294061334402069
50,5;33,5;0,0265957160627595
50,5;34;0,0295049684179319
50,5;34,5;0,0342526356179526
50,5;35;0,0246433600784164
50,5;35,5;0,073515101070937
50,5;36;0,0624082244948039
50,5;36,5;0,029952285818787
50,5;37;0,0395393554877738
50,5;37,5;0,0417432629294836
50,5;38;0,0217636957617909
50,5;38,5;0,0292014542639485
50,5;39;0,0499818853384451
50,5;39,5;0,0650770450448356
50,5;40;0,0745056980090293
50,5;40,5;0,0678900490020548
50,5;41;0,0287500221583338
50,5;41,5;0,0530079825921285
50,5;42;0,0482383605211693
50,5;42,5;0,0614739703924569
50,5;43;0,0225729427655775
50,5;43,5;0,043667439908051
50,5;44;0,101890815159805
50,5;44,5;0,110536785200009
50,5;45;0,0636207307638014
50,5;45,5;0,0625983226612343
50,5;46;0,174613080728313
50,5;46,5;0,170881647941801
50,5;47;0,253391154141665
50,5;47,5;0,0930178468612918
50,5;48;0,0441110060415141
50,5;48,5;0,01959055754448
50,5;49;0,0448507140926636
50,5;49,5;0,0445873634922864
50,5;50;0,0542429718949838
50,5;50,5;0,0537662691162207
50,5;51;0,0426291011646556
50,5;51,5;0,0422877995287141
50,5;52;0,0460449056175961
50,5;52,5;0,145443019429694
50,5;53;0,161928739470999
50,5;53,5;0,0732582755129376
50,5;54;0,0488002548767223
50,5;54,5;0,0435662845584121
50,5;55;0,0236940259786994
50,5;55,5;0,069779243239769
50,5;56;0,0515868818679461
50,5;56,5;0,11968280075223
50,5;57;0,165169707241357
50,5;57,5;0,18974186484465
50,5;58;0,123312066425909
50,5;58,5;0,022574338159711
50,5;59;0,042307027966812
50,5;59,5;0,0296950361344477
50,5;60;0,0371607244876152
50,5;60,5;0,0452762784683259
50,5;61;0,039748578561004
50,5;61,5;0,0603935034281223
50,5;62;0,0402290093523715
50,5;62,5;0,0310364810810558
50,5;63;0,0764871428337333
50,5;63,5;0,0415319038627118
50,5;64;0,0346148939503053
50,5;64,5;0,0382436487101671
50,5;65;0,0834763457531551
50,5;65,5;0,0636338359912104
50,5;66;0,0879470965918819
50,5;66,5;0,0672807144821689
50,5;67;0,0571059108803219
50,5;67,5;0,0687186823938114
50,5;68;0,0377434320997265
50,5;68,5;0,0608697230846814
50,5;69;0,0427865739349496
50,5;69,5;0,0500332758029353
50,5;70;0,0579972134475163
50,5;70,5;0,0690211269567989
50,5;71;0,112069283108817
50,5;71,5;0,108231118938527
50,5;72;0,0802679302136459
50,5;72,5;0,0481550076513831
50,5;73;0
50,5;73,5;0,313920964411686
50,5;74;0,186598220338066
50,5;74,5;0
50,5;75;0
50,5;75,5;0,0417193000900063
50,5;76;0,082326290951422
50,5;76,5;0,060402617414117
50,5;77;0,119015965569734
50,5;77,5;0,0953254877595745
50,5;78;0
51;-22,5;0
51;-22;0
51;-21,5;0,0321869538788622
51;-21;0,0652786335641303
51;-20,5;0,0520999040306218
51;-20;0,080185997017229
51;-19,5;0,019539703170724
51;-19;0,0503097548053201
51;-18,5;0,107676986089569
51;-18;0,0549616027584511
51;-17,5;0,0643609288828764
51;-17;0,0663298917943829
51;-16,5;0,0648099786555538
51;-16;0,0539744207494448
51;-15,5;0,0560044641077834
51;-15;0,0753429953716134
51;-14,5;0,0739711364807792
51;-14;0,0752358488846473
51;-13,5;0,067678727795951
51;-13;0,0802686186274788
51;-12,5;0,0378277133519315
51;-12;0,0637643965579403
51;-11,5;0,051083507428355
51;-11;0,0347697186260305
51;-10,5;0,0366463442304215
51;-10;0,0508826198744818
51;-9,5;0,025987176324744
51;-9;0,0481006123408323
51;-8,5;0,0814745489728284
51;-8;0,0343797262026691
51;-7,5;0,0399202607245
51;-7;0,0562549687621633
51;-6,5;0,0430709749015303
51;-6;0,0356549501981185
51;-5,5;0,0350737016766736
51;-5;0,0674387047332902
51;-4,5;0,0580961013257113
51;-4;0,0469432724141564
51;-3,5;0,0322447069572754
51;-3;0,0412097772322652
51;-2,5;0,0282928277285462
51;-2;0,065172348839328
51;-1,5;0,0654033619150537
51;-1;0,247247356015974
51;-0,5;0,0484700893145775
51;0;0,0538186803084213
51;0,5;0,0604772479587254
51;1;0,023674825932203
51;1,5;0,0411321477832998
51;2;0,0347900824647134
51;2,5;0,0359922297938573
51;3;0,0408933572437709
51;3,5;0,0489503162070741
51;4;0,035609081042075
51;4,5;0,0468238220153294
51;5;0,0406780648344742
51;5,5;0,0357250588793465
51;6;0,0195161527072673
51;6,5;0,0257195116071617
51;7;0,0386808834413286
51;7,5;0,0496975615000134
51;8;0,0515356799561231
51;8,5;0,136278627543239
51;9;0,274542953530651
51;9,5;0,0808273020384878
51;10;0,035947933910427
51;10,5;0,0643256415845665
51;11;0,0503391230254162
51;11,5;0,0217181827110342
51;12;0,0192146067082534
51;12,5;0,0396307316101429
51;13;0,024494647395556
51;13,5;0,0924253028843958
51;14;0,045606224201861
51;14,5;0,0197342363076109
51;15;0,0301365144655488
51;15,5;0,0218675924096857
51;16;0,192637974126677
51;16,5;0,355379113130734
51;17;0,268239727092159
51;17,5;0,213238012881712
51;18;0,185569003214531
51;18,5;0,325998543019294
51;19;0,358238318686327
51;19,5;0,151170268240815
51;20;0,0281153541769594
51;20,5;0,164754614239375
51;21;0,33072941154955
51;21,5;0,333861998056916
51;22;0,371347783312085
51;22,5;0,0259254466019894
51;23;0,0259598051724938
51;23,5;0,039514233582943
51;24;0,263924737529262
51;24,5;0,348161828096386
51;25;0,0234128770106827
51;25,5;0,0289771461672815
51;26;0,0304691751768141
51;26,5;0,0422184888124525
51;27;0,0191672831791538
51;27,5;0,0258568010330719
51;28;0,0460860105252421
51;28,5;0,0650929314964964
51;29;0,0580054701989627
51;29,5;0,0421418796036547
51;30;0,0388388366736155
51;30,5;0,0562048261373349
51;31;0,0506729963126446
51;31,5;0,0424253896915065
51;32;0,0381816754828691
51;32,5;0,0419641932611897
51;33;0,0255319747822556
51;33,5;0,0317348717654118
51;34;0,0258044007605167
51;34,5;0,0249084530728578
51;35;0,0281715322169234
51;35,5;0,0607970169560304
51;36;0,0571781737485851
51;36,5;0,0427088875015264
51;37;0,0339098471585823
51;37,5;0,039841546289153
51;38;0,02978584006433
51;38,5;0,0328199591333403
51;39;0,300744549466176
51;39,5;0,275555397853382
51;40;0,101413279051829
51;40,5;0,0277074159262114
51;41;0,028716419921523
51;41,5;0,0233690213108036
51;42;0,0434849655270733
51;42,5;0,03519571802781
51;43;0,0361261678011936
51;43,5;0,031368873080605
51;44;0,101477584410258
51;44,5;0,147126437350644
51;45;0,037504229329915
51;45,5;0,0295560984431652
51;46;0,164543564362155
51;46,5;0,272945049414713
51;47;0,162906404705938
51;47,5;0,075671993174253
51;48;0,0355637149872094
51;48,5;0,0400495165277271
51;49;0,0300945731541973
51;49,5;0,0531330869606876
51;50;0,0173576305652064
51;50,5;0,0256433139789055
51;51;0,0387289212570747
51;51,5;0,0535415229319371
51;52;0,323219701568598
51;52,5;0,243112594225545
51;53;0,363702180596706
51;53,5;0,131031811165038
51;54;0,0428195502885154
51;54,5;0,0487160505507909
51;55;0,0316702381389084
51;55,5;0,0275776713820886
51;56;0,0504337157236864
51;56,5;0,0889179342173853
51;57;0,25052209829213
51;57,5;0,231235564847123
51;58;0,0362955120852546
51;58,5;0,0312879434718641
51;59;0,0264969010596667
51;59,5;0,0257897627731706
51;60;0,0347424566638327
51;60,5;0,0345701561144856
51;61;0,0385170564343076
51;61,5;0,036796049724968
51;62;0,0424249244411405
51;62,5;0,0481404595548676
51;63;0,0541299440925042
51;63,5;0,0398993693271713
51;64;0,0438862380928167
51;64,5;0,0772918024584285
51;65;0,0442278788001176
51;65,5;0,0556417996855024
51;66;0,0543228262981003
51;66,5;0,0589634842348913
51;67;0,0685602445308123
51;67,5;0,0529928525769506
51;68;0,0374092842146778
51;68,5;0,157965090121108
51;69;0,0570041487347454
51;69,5;0,0569387885454691
51;70;0,0739971470921533
51;70,5;0,0831267027972884
51;71;0,069626375764588
51;71,5;0,259041703942518
51;72;0,25115564144362
51;72,5;0
51;73;0,0608790309569429
51;73,5;0,111374208350562
51;74;0
51;74,5;0
51;75;0,0299883310639322
51;75,5;0
51;76;0
51;76,5;0,124087700248418
51;77;0,127606426170472
51;77,5;0,00777817459305202
51;78;0
51,5;-22,5;0,00989949493661167
51,5;-22;0,08562178991992
51,5;-21,5;0,046101238332871
51,5;-21;0,0454240513873922
51,5;-20,5;0,0426341021562161
51,5;-20;0,0581635624768635
51,5;-19,5;0,0893874214367498
51,5;-19;0,0958366666086977
51,5;-18,5;0,0625036283531784
51,5;-18;0,0423540631659663
51,5;-17,5;0,0380228001774374
51,5;-17;0
51,5;-16,5;0,0915485819504751
51,5;-16;0,0784949077931209
51,5;-15,5;0,0500149977506748
51,5;-15;0,0864628138671081
51,5;-14,5;0,134489656986169
51,5;-14;0,196810799349885
51,5;-13,5;0,0814304800239018
51,5;-13;0,0587954583698507
51,5;-12,5;0,068073437048097
51,5;-12;0,0616538315881093
51,5;-11,5;0,0472173414732361
51,5;-11;0,04397954069792
51,5;-10,5;0,028580286556007
51,5;-10;0,0433230757090132
51,5;-9,5;0,0788515482832561
51,5;-9;0,0360973716898472
51,5;-8,5;0,0283845913156168
51,5;-8;0,0352246756944301
51,5;-7,5;0,0412804515512138
51,5;-7;0,0773143403893002
51,5;-6,5;0,0843449765547896
51,5;-6;0,0340546396793574
51,5;-5,5;0,0292051987096396
51,5;-5;0,02843937758623
51,5;-4,5;0,0235759935380659
51,5;-4;0,0363792126823082
51,5;-3,5;0,0338798679829992
51,5;-3;0,249360417784673
51,5;-2,5;0,0498930914472403
51,5;-2;0,0343702952175295
51,5;-1,5;0,0438002787717747
51,5;-1;0,0626861172806219
51,5;-0,5;0,0268461215611969
51,5;0;0,0423312170157318
51,5;0,5;0,0320793158731144
51,5;1;0,0463501629264211
51,5;1,5;0,0280399129530778
51,5;2;0,0164458029829063
51,5;2,5;0,0303795489204812
51,5;3;0,0342340206484905
51,5;3,5;0,0505948308106856
51,5;4;0,038763733014832
51,5;4,5;0,0387024799712223
51,5;5;0,0284624226680062
51,5;5,5;0,0358096917333641
51,5;6;0,0410466307425689
51,5;6,5;0,0248497994964548
51,5;7;0,031960379225228
51,5;7,5;0,0835807580304681
51,5;8;0,134874029826237
51,5;8,5;0,25697784567014
51,5;9;0,130043920626027
51,5;9,5;0,271875585557141
51,5;10;0,0471754569611763
51,5;10,5;0,0523140692904885
51,5;11;0,0392699757032715
51,5;11,5;0,0331926845814015
51,5;12;0,0365271550747008
51,5;12,5;0,0410150983420864
51,5;13;0,0311185563875353
51,5;13,5;0,0583137658225661
51,5;14;0,0532194058326287
51,5;14,5;0,0378013766566112
51,5;15;0,0422100773940159
51,5;15,5;0,0218337886100619
51,5;16;0,0233102266541247
51,5;16,5;0,035657229512806
51,5;17;0,0213362904024011
51,5;17,5;0,0505579956522185
51,5;18;0,323488330546868
51,5;18,5;0,287077874321516
51,5;19;0,231747392977419
51,5;19,5;0,0443359839925091
51,5;20;0,0221174856445052
51,5;20,5;0,318917473802266
51,5;21;0,345109835592365
51,5;21,5;0,284498583611826
51,5;22;0,20056166965134
51,5;22,5;0,224098954923481
51,5;23;0,0198235475941035
51,5;23,5;0,0257636260213951
51,5;24;0,0398725690554973
51,5;24,5;0,0878770910035676
51,5;25;0,0309130784194481
51,5;25,5;0,0209122560186756
51,5;26;0,0462017853766366
51,5;26,5;0,0547536883819165
51,5;27;0,0390828173078764
51,5;27,5;0,0615069533998315
51,5;28;0,0323856675782979
51,5;28,5;0,0309663084489121
51,5;29;0,0350846425499412
51,5;29,5;0,0461734605935258
51,5;30;0,0355743349039851
51,5;30,5;0,0470933654918755
51,5;31;0,0515566087462676
51,5;31,5;0,0323608202240195
51,5;32;0,0440551310162002
51,5;32,5;0,0289810240381487
51,5;33;0,0405354582322948
51,5;33,5;0,0367643006489261
51,5;34;0,036238429427654
51,5;34,5;0,0190229583829233
51,5;35;0,0601029062409799
51,5;35,5;0,0586630533051976
51,5;36;0,064111087268474
51,5;36,5;0,0843616788426052
51,5;37;0,107520845169697
51,5;37,5;0,0802537950392678
51,5;38;0,0592044149122178
51,5;38,5;0,0581118467069219
51,5;39;0,267453449690081
51,5;39,5;0,363401074734818
51,5;40;0,126686888529931
51,5;40,5;0,0349806579207914
51,5;41;0,0300615988350238
51,5;41,5;0,0246760247679222
51,5;42;0,0207747422599268
51,5;42,5;0,0326709342520777
51,5;43;0,0327467513582326
51,5;43,5;0,0690861780676859
51,5;44;0,0484426573056429
51,5;44,5;0,0232227446217839
51,5;45;0,0268110057168359
51,5;45,5;0,05436479045091
51,5;46;0,299099732179613
51,5;46,5;0,11356299076349
51,5;47;0,0457300920873122
51,5;47,5;0,0973421976509991
51,5;48;0,0951079638799424
51,5;48,5;0,0239880738274338
51,5;49;0,0246194335357253
51,5;49,5;0,0498515941829048
51,5;50;0,0189855207987561
51,5;50,5;0,0288233281162582
51,5;51;0,0698346896914243
51,5;51,5;0,165742928414938
51,5;52;0,213513743985073
51,5;52,5;0,249943376232126
51,5;53;0,258582169856108
51,5;53,5;0,254313226588062
51,5;54;0,0674750104172821
51,5;54,5;0,0471965271789404
51,5;55;0,0578865376376012
51,5;55,5;0,0573658365701861
51,5;56;0,229469918460483
51,5;56,5;0,147371582153948
51,5;57;0,0607119604385905
51,5;57,5;0,0331194672021707
51,5;58;0,0244372696749883
51,5;58,5;0,0238483810863077
51,5;59;0,0251824800877671
51,5;59,5;0,0240625589090337
51,5;60;0,032253103961944
51,5;60,5;0,0289476234576546
51,5;61;0,0364212345618092
51,5;61,5;0,042056718939065
51,5;62;0,047208783660018
51,5;62,5;0,0393226569721751
51,5;63;0,0467468907508488
51,5;63,5;0,0438771769786919
51,5;64;0,0482049310019956
51,5;64,5;0,0702881056643895
51,5;65;0,0461629102821116
51,5;65,5;0,0888594962000971
51,5;66;0,0618577729010575
51,5;66,5;0,0699123941597115
51,5;67;0,0393931235346752
51,5;67,5;0,0510960812960204
51,5;68;0,0356697359866803
51,5;68,5;0,0459907398086631
51,5;69;0,0715939413426499
51,5;69,5;0,048401675820391
51,5;70;0,0609119879027952
51,5;70,5;0,0651050954266161
51,5;71;0,0834950606727117
51,5;71,5;0,254627819284189
51,5;72;0,178249685972937
51,5;72,5;0,0768656837173347
51,5;73;0,0883034540660783
51,5;73,5;0,0572413153396931
51,5;74;0
51,5;74,5;0
51,5;75;0
51,5;75,5;0
51,5;76;0,00695221787153808
51,5;76,5;0,0977207107095896
51,5;77;0
51,5;77,5;0
51,5;78;0
52;-22,5;0
52;-22;0,0346987031457949
52;-21,5;0,0875856231313698
52;-21;0,0715262966405441
52;-20,5;0,122460316701643
52;-20;0,0705235150603725
52;-19,5;0,0470057217664816
52;-19;0,0565007374583141
52;-18,5;0,0302125801612507
52;-18;0,0614356031412839
52;-17,5;0,0449823378036948
52;-17;0,0435415510365291
52;-16,5;0,0133666251038423
52;-16;0
52;-15,5;0
52;-15;0,0552901437871163
52;-14,5;0
52;-14;0,118582039112169
52;-13,5;0,121970966490664
52;-13;0,0641432316512558
52;-12,5;0,0739140427407791
52;-12;0,085480276435997
52;-11,5;0,064766982884746
52;-11;0,0640820406378491
52;-10,5;0,0634062327544594
52;-10;0,0719999743036237
52;-9,5;0,0495165233907801
52;-9;0,0390945309850518
52;-8,5;0,0637187320468303
52;-8;0,0602438029134423
52;-7,5;0,0549305044932835
52;-7;0,0358652876782584
52;-6,5;0,0696329343676844
52;-6;0,0267358068328481
52;-5,5;0,0330175226780791
52;-5;0,0595324944293164
52;-4,5;0,0589395731388253
52;-4;0,0631924843023097
52;-3,5;0,0386584908611634
52;-3;0,388087252578637
52;-2,5;0,363658265994642
52;-2;0,0423309684638694
52;-1,5;0,0585970123335934
52;-1;0,0645492333274844
52;-0,5;0,0417740067470161
52;0;0,0348405247001119
52;0,5;0,0340779099316102
52;1;0,0447079411290657
52;1,5;0,0634243721324236
52;2;0,0274551274271049
52;2,5;0,0359939809783062
52;3;0,0347184261977276
52;3,5;0,026720984444925
52;4;0,0684429906944941
52;4,5;0,054350616663295
52;5;0,0764841248224902
52;5,5;0,23195275861995
52;6;0,318788555314605
52;6,5;0,0508088135778635
52;7;0,0271410763458284
52;7,5;0,0666075550608531
52;8;0,0857415743723189
52;8,5;0,0710421441526931
52;9;0,282440600931449
52;9,5;0,136944495646795
52;10;0,0482480170417333
52;10,5;0,0284344250269043
52;11;0,0257367884889753
52;11,5;0,0278498374389897
52;12;0,0683411235909205
52;12,5;0,0410491826891722
52;13;0,0479110660279427
52;13,5;0,0316623391272386
52;14;0,02907355779889
52;14,5;0,0192284201862021
52;15;0,0372487302647498
52;15,5;0,0279547548649461
52;16;0,0220765593982849
52;16,5;0,0298749637593276
52;17;0,0198197690337718
52;17,5;0,0209952308843688
52;18;0,0341746123848195
52;18,5;0,046608490368688
52;19;0,0866862767092643
52;19,5;0,0366222139503041
52;20;0,0232942401752955
52;20,5;0,225857732513488
52;21;0,256367598668046
52;21,5;0,364360245402475
52;22;0,267377726576968
52;22,5;0,0442302390857971
52;23;0,0330354742963299
52;23,5;0,0436123829308097
52;24;0,0423557529023103
52;24,5;0,0343503521701725
52;25;0,0253349816413164
52;25,5;0,0197467017854871
52;26;0,0288062736319751
52;26,5;0,0250163968267382
52;27;0,0517794681465961
52;27,5;0,059860117051718
52;28;0,0404774228809765
52;28,5;0,0383563954909808
52;29;0,0441888244226609
52;29,5;0,0338339589925516
52;30;0,0377011653818348
52;30,5;0,0249567782297755
52;31;0,0297144339328143
52;31,5;0,0356068603045765
52;32;0,0247532449442857
52;32,5;0,035539591555394
52;33;0,0283405116161442
52;33,5;0,0314289313678657
52;34;0,0553475214916784
52;34,5;0,0381729984556421
52;35;0,0337227019782246
52;35,5;0,0314040664868258
52;36;0,0739307558679421
52;36,5;0,108473342458045
52;37;0,165460519307934
52;37,5;0,231365676766573
52;38;0,0796430732792586
52;38,5;0,0365556849192858
52;39;0,0586769163111058
52;39,5;0,040910881990639
52;40;0,0405677763852443
52;40,5;0,0417927411812573
52;41;0,0387507115684193
52;41,5;0,0366513335082625
52;42;0,0249494222271336
52;42,5;0,0191319976304967
52;43;0,0244508754060719
52;43,5;0,0742976739381327
52;44;0,061417437693969
52;44,5;0,0342584509290058
52;45;0,0384087472165534
52;45,5;0,131107596760732
52;46;0,140936434297156
52;46,5;0,0523967133009151
52;47;0,0496358918836501
52;47,5;0,104757145360745
52;48;0,0801210808920211
52;48,5;0,0263214294265874
52;49;0,0594469854335355
52;49,5;0,0421894193778252
52;50;0,0533211874943973
52;50,5;0,0304533518226018
52;51;0,112171989525727
52;51,5;0,194280019061281
52;52;0,325112727068627
52;52,5;0,274045786023915
52;53;0,22805319144165
52;53,5;0,224135204608521
52;54;0,344444741463378
52;54,5;0,0399759097229093
52;55;0,0701183517365408
52;55,5;0,0625868891064607
52;56;0,121386142708492
52;56,5;0,0815000008592394
52;57;0,0319884806984009
52;57,5;0,0355154619185037
52;58;0,0271360263128306
52;58,5;0,0194983629914481
52;59;0,0312538545167242
52;59,5;0,0222913085982943
52;60;0,0623011762604573
52;60,5;0,028305650668938
52;61;0,0413890191605389
52;61,5;0,0374372893128738
52;62;0,0468018723956666
52;62,5;0,0426500011272432
52;63;0,0768716703330205
52;63,5;0,0497794597479182
52;64;0,0571975309871013
52;64,5;0,0484047068705738
52;65;0,0354903071945271
52;65,5;0,0460850085622689
52;66;0,074198936337794
52;66,5;0,0938687244955616
52;67;0,0437715933106436
52;67,5;0,0933749382059625
52;68;0,0517098130136318
52;68,5;0,0650335577710741
52;69;0,0409172113152666
52;69,5;0,0573435760507288
52;70;0,0975946521538566
52;70,5;0,0834469832987579
52;71;0,11271692365412
52;71,5;0,291469306660489
52;72;0,0532306302799431
52;72,5;0,0776458159031942
52;73;0,0404697417832138
52;73,5;0,0602546993012063
52;74;0,0866331345386971
52;74,5;0,0803632378640881
52;75;0,115739771140503
52;75,5;0,0235796522451032
52;76;0,0846682105772464
52;76,5;0,131719504166155
52;77;0,0417193000900063
52;77,5;0
52;78;0
52,5;-22,5;0
52,5;-22;0
52,5;-21,5;0,0484272650476981
52,5;-21;0
52,5;-20,5;0,11635405085993
52,5;-20;0,0764739242078229
52,5;-19,5;0,0727445988831244
52,5;-19;0,0839032180550901
52,5;-18,5;0,0589434757486639
52,5;-18;0
52,5;-17,5;0,0682348884369279
52,5;-17;0,0372292651259487
52,5;-16,5;0
52,5;-16;0
52,5;-15,5;0
52,5;-15;0,0409927690529013
52,5;-14,5;0,0835572120903258
52,5;-14;0,0458998910674089
52,5;-13,5;0,0790768161798568
52,5;-13;0,0722827265201825
52,5;-12,5;0,0516447460830218
52,5;-12;0,0479593136536485
52,5;-11,5;0,0638328190500685
52,5;-11;0,0681996102782506
52,5;-10,5;0,11162703064953
52,5;-10;0,0591877646930656
52,5;-9,5;0,0518775883699712
52,5;-9;0,0450944164759496
52,5;-8,5;0,0429619650641922
52,5;-8;0,0382858335783661
52,5;-7,5;0,0453453698198897
52,5;-7;0,030211006801707
52,5;-6,5;0,0464478972118165
52,5;-6;0,0426499438011051
52,5;-5,5;0,0399721472576965
52,5;-5;0,0517969448642269
52,5;-4,5;0,041470825631172
52,5;-4;0,0513288181800202
52,5;-3,5;0,0305692399541197
52,5;-3;0,348000994365257
52,5;-2,5;0,289245400138448
52,5;-2;0,0694216164272691
52,5;-1,5;0,055265105333332
52,5;-1;0,0423649481362212
52,5;-0,5;0,0356632501588479
52,5;0;0,0413080779132237
52,5;0,5;0,0326093531311589
52,5;1;0,0401681771918115
52,5;1,5;0,0549588839185134
52,5;2;0,0340520202432195
52,5;2,5;0,0781978982758862
52,5;3;0,0730534164354588
52,5;3,5;0,0323669100115323
52,5;4;0,0423227546922255
52,5;4,5;0,0229214102278188
52,5;5;0,0221210045120242
52,5;5,5;0,0582058165468865
52,5;6;0,197713337997766
52,5;6,5;0,0516160200698529
52,5;7;0,0471206151430248
52,5;7,5;0,0362068914993049
52,5;8;0,066078189297531
52,5;8,5;0,0268759355077105
52,5;9;0,0538455204221761
52,5;9,5;0,0486674254736795
52,5;10;0,0558798642504627
52,5;10,5;0,0426240938361174
52,5;11;0,0245677096987804
52,5;11,5;0,0290387981690092
52,5;12;0,0457339548705245
52,5;12,5;0,0783862161323776
52,5;13;0,0399953857978944
52,5;13,5;0,0258231216828132
52,5;14;0,028999812386588
52,5;14,5;0,0357401442801406
52,5;15;0,0578438906564428
52,5;15,5;0,026282085355049
52,5;16;0,0205354175344292
52,5;16,5;0,0198895934223452
52,5;17;0,0259004504465334
52,5;17,5;0,0203203751702281
52,5;18;0,030783745671008
52,5;18,5;0,0449816364401039
52,5;19;0,0415768191325841
52,5;19,5;0,0335589032227447
52,5;20;0,0285603739118239
52,5;20,5;0,17670217847415
52,5;21;0,295379151968054
52,5;21,5;0,169206058423321
52,5;22;0,022359625571967
52,5;22,5;0,022031679190547
52,5;23;0,0369152302700897
52,5;23,5;0,0437621403856059
52,5;24;0,0906173543744792
52,5;24,5;0,0387747607707531
52,5;25;0,0512767003618603
52,5;25,5;0,0356888354420064
52,5;26;0,0272088949967129
52,5;26,5;0,0908920446139522
52,5;27;0,0487012817689471
52,5;27,5;0,0292985190566807
52,5;28;0,0351975813345287
52,5;28,5;0,0303175744798101
52,5;29;0,0268970180472099
52,5;29,5;0,0370033464155748
52,5;30;0,0221282450422562
52,5;30,5;0,0278799967701646
52,5;31;0,0258025414732356
52,5;31,5;0,0310666486231081
52,5;32;0,0302373590517973
52,5;32,5;0,0452870146235102
52,5;33;0,0298545238566584
52,5;33,5;0,0634076956868291
52,5;34;0,0758633723122116
52,5;34,5;0,0576264302991294
52,5;35;0,0326504781964021
52,5;35,5;0,0268105740260607
52,5;36;0,0539507586510104
52,5;36,5;0,0751270644973218
52,5;37;0,0947380289798336
52,5;37,5;0,271067852788603
52,5;38;0,100344291085937
52,5;38,5;0,0826125529976622
52,5;39;0,0632137155851557
52,5;39,5;0,0360504022351994
52,5;40;0,0221462464860696
52,5;40,5;0,0308391357872289
52,5;41;0,052562089826953
52,5;41,5;0,0532533714296799
52,5;42;0,0343422144606412
52,5;42,5;0,0207588707846415
52,5;43;0,0357253943697908
52,5;43,5;0,078815846143436
52,5;44;0,0541540069969822
52,5;44,5;0,019746997431585
52,5;45;0,0238222931913064
52,5;45,5;0,0450060990264634
52,5;46;0,0384485936364008
52,5;46,5;0,0765695609129516
52,5;47;0,0639277538593264
52,5;47,5;0,0849009271856014
52,5;48;0,0350205661864912
52,5;48,5;0,0336947483211519
52,5;49;0,0374966655847155
52,5;49,5;0,0442004713694083
52,5;50;0,0294515334326652
52,5;50,5;0,0380030265138591
52,5;51;0,0862127540597677
52,5;51,5;0,331985494777059
52,5;52;0,364089973288062
52,5;52,5;0,312059526804546
52,5;53;0,271951689163605
52,5;53,5;0,306711449688406
52,5;54;0,328585209475746
52,5;54,5;0,0668947091440973
52,5;55;0,111033465322365
52,5;55,5;0,112092374313629
52,5;56;0,118234744777344
52,5;56,5;0,127401928093931
52,5;57;0,0243789042163584
52,5;57,5;0,0576691510541157
52,5;58;0,0556764293433701
52,5;58,5;0,049814861997838
52,5;59;0,0263837941968158
52,5;59,5;0,0254816673871514
52,5;60;0,0279063334033689
52,5;60,5;0,043187926408667
52,5;61;0,0544240006036373
52,5;61,5;0,0320042055139482
52,5;62;0,028502433239374
52,5;62,5;0,0766770137434924
52,5;63;0,0451621839279597
52,5;63,5;0,0759460386347684
52,5;64;0,0414422256221373
52,5;64,5;0,0686273455016824
52,5;65;0,0383061594764137
52,5;65,5;0,0505616503667046
52,5;66;0,0565903853976717
52,5;66,5;0,0586359924265219
52,5;67;0,0688619045972583
52,5;67,5;0,0380593382432384
52,5;68;0,0592696720558209
52,5;68,5;0,0699290461652706
52,5;69;0,0635239053404905
52,5;69,5;0,0577667382446926
52,5;70;0,0551213234068055
52,5;70,5;0,0635629659552293
52,5;71;0,0155991452757301
52,5;71,5;0,082647511221519
52,5;72;0,0863523145157223
52,5;72,5;0,0389075828084963
52,5;73;0,110756169274032
52,5;73,5;0,08815494380718
52,5;74;0,150338506932411
52,5;74,5;0
52,5;75;0,0541232511568686
52,5;75,5;0,0118194754536739
52,5;76;0,0566939150173985
52,5;76,5;0,145828238770193
52,5;77;0,149426570595728
52,5;77,5;0,231179805701325
52,5;78;0,0826407889604159
53;-22,5;0,147785317267988
53;-22;0,0638127842095252
53;-21,5;0
53;-21;0
53;-20,5;0
53;-20;0,156741172261685
53;-19,5;0,0930686091539581
53;-19;0,103507418643717
53;-18,5;0,0681493458026805
53;-18;0,0879092111883886
53;-17,5;0,0693158467429102
53;-17;0,0412921554930614
53;-16,5;0,0749534169059847
53;-16;0
53;-15,5;0
53;-15;0,0575753129966887
53;-14,5;0,107343565366728
53;-14;0,074908821387999
53;-13,5;0,0955961965188402
53;-13;0,0648721364583436
53;-12,5;0,0661653711154228
53;-12;0,0620431043819279
53;-11,5;0,0567973997237956
53;-11;0,0713530346625535
53;-10,5;0,0665149607231336
53;-10;0,0603076528063644
53;-9,5;0,0498045754180746
53;-9;0,0702613821880928
53;-8,5;0,0431481298680616
53;-8;0,0723288604645997
53;-7,5;0,0329358863002497
53;-7;0,105690153262885
53;-6,5;0,0774141618542136
53;-6;0,0580667034737971
53;-5,5;0,0241842628878486
53;-5;0,0487749418194932
53;-4,5;0,0416502534623319
53;-4;0,0337348470256818
53;-3,5;0,0496202114857876
53;-3;0,164108402956071
53;-2,5;0,126938322124417
53;-2;0,0814242999299031
53;-1,5;0,0391718579524324
53;-1;0,0383461221505716
53;-0,5;0,0352910679682816
53;0;0,0716275220547857
53;0,5;0,0397443190130902
53;1;0,056403988880981
53;1,5;0,0357466037496413
53;2;0,0321672091070502
53;2,5;0,0465520971721408
53;3;0,0770125467180177
53;3,5;0,0362154489489733
53;4;0,0390977407701946
53;4,5;0,031548211294055
53;5;0,0319670130044145
53;5,5;0,0520818676544472
53;6;0,0349944692152737
53;6,5;0,0237426621422755
53;7;0,02190466516697
53;7,5;0,0288700238906616
53;8;0,0356401699658727
53;8,5;0,0192923481711639
53;9;0,0353406754792312
53;9,5;0,050295886417044
53;10;0,0441522829493091
53;10,5;0,0527513484368387
53;11;0,0296801990506512
53;11,5;0,0317691049457754
53;12;0,0282911591858415
53;12,5;0,019462339035453
53;13;0,0498267137242687
53;13,5;0,0411763545899125
53;14;0,0220679173282531
53;14,5;0,0566384508509763
53;15;0,0659154803590491
53;15,5;0,0426088324768705
53;16;0,0620062965318459
53;16,5;0,0410980799297612
53;17;0,0416642030083971
53;17,5;0,0286391733538467
53;18;0,099144834689529
53;18,5;0,0801695668571511
53;19;0,0521282231950213
53;19,5;0,0305778567322635
53;20;0,0348886464912802
53;20,5;0,0275967549243193
53;21;0,0727024674132988
53;21,5;0,033102706077375
53;22;0,0211817480244157
53;22,5;0,0173459929399957
53;23;0,0241214757485213
53;23,5;0,0264341714080774
53;24;0,0381737625692932
53;24,5;0,0539496883264715
53;25;0,0461861695635519
53;25,5;0,0309648983710503
53;26;0,0329177223738367
53;26,5;0,131064039191328
53;27;0,308078593600254
53;27,5;0,174034289557445
53;28;0,039376459835722
53;28,5;0,0402099600201337
53;29;0,0423336309575508
53;29,5;0,0430431188929614
53;30;0,0509569823438042
53;30,5;0,0374312953831813
53;31;0,040007421126994
53;31,5;0,0476334428635817
53;32;0,0675074932406804
53;32,5;0,10312077132305
53;33;0,109673865046758
53;33,5;0,0779354685912471
53;34;0,0607504474997252
53;34,5;0,0221354991687591
53;35;0,0418947243523282
53;35,5;0,0464738809505019
53;36;0,0548538761873717
53;36,5;0,102065178182673
53;37;0,0805989078560246
53;37,5;0,369966585046321
53;38;0,367206656072671
53;38,5;0,0745154482074915
53;39;0,0765710102182567
53;39,5;0,0580792541981792
53;40;0,0565187680157843
53;40,5;0,0933584888204514
53;41;0,0405282874441081
53;41,5;0,0229570203378939
53;42;0,0320541642972714
53;42,5;0,028513300989772
53;43;0,0351084115309151
53;43,5;0,0696792652085253
53;44;0,032516867841397
53;44,5;0,0171846638656771
53;45;0,042294273870595
53;45,5;0,0537191387474576
53;46;0,0511426164527281
53;46,5;0,0334211666487765
53;47;0,0542339806361969
53;47,5;0,02621083980435
53;48;0,0294262129445998
53;48,5;0,0583019036978203
53;49;0,0273197788720658
53;49,5;0,0451407998015397
53;50;0,0423514011157906
53;50,5;0,0663894304376021
53;51;0,0653048249983661
53;51,5;0,0577229617942668
53;52;0,0613905359241103
53;52,5;0,39826738171222
53;53;0,319472338337232
53;53,5;0,15184965978335
53;54;0,0835265064895978
53;54,5;0,069040992337224
53;55;0,0529933174177065
53;55,5;0,047863067453202
53;56;0,0628747571583326
53;56,5;0,104606961864822
53;57;0,0280465599282608
53;57,5;0,04597271652486
53;58;0,114180365051264
53;58,5;0,0664580214427599
53;59;0,0601184418176757
53;59,5;0,0270855657524053
53;60;0,047147198493712
53;60,5;0,04015872659658
53;61;0,0462076833437903
53;61,5;0,0459077436947451
53;62;0,0479543965048476
53;62,5;0,0578464876543266
53;63;0,0552803263206222
53;63,5;0,037297048210211
53;64;0,0424587434806917
53;64,5;0,0475109358399752
53;65;0,067097370610607
53;65,5;0,0622251172549422
53;66;0,0494160032713123
53;66,5;0,049660560451608
53;67;0,0627946943245031
53;67,5;0,0511752324055759
53;68;0,0672365704825611
53;68,5;0,0890968302538891
53;69;0,048851768014016
53;69,5;0,0496923870762246
53;70;0,0317542648054294
53;70,5;0,070625512565999
53;71;0,138697631439881
53;71,5;0,0609497557605666
53;72;0,0448509315466921
53;72,5;0,0681068837860581
53;73;0,0999046583826326
53;73,5;0,101394247042588
53;74;0,0939755150871621
53;74,5;0
53;75;0
53;75,5;0,0237679756535273
53;76;0,0468820708952641
53;76,5;0,136090240544385
53;77;0,284482822311781
53;77,5;0,341569638846631
53;78;0
53,5;-22,5;0
53,5;-22;0,126453290912529
53,5;-21,5;0
53,5;-21;0,067446274915669
53,5;-20,5;0,0804632421254161
53,5;-20;0,115604098942502
53,5;-19,5;0,111384205237864
53,5;-19;0,092611644336264
53,5;-18,5;0,000707106781186546
53,5;-18;0,0994811083024858
53,5;-17,5;0,0453899768671455
53,5;-17;0,0882380438413748
53,5;-16,5;0,106437719546655
53,5;-16;0,104549111266747
53,5;-15,5;0,145328199996717
53,5;-15;0
53,5;-14,5;0
53,5;-14;0
53,5;-13,5;0,0465718136164935
53,5;-13;0,0383795389626948
53,5;-12,5;0,0593029687727618
53,5;-12;0,057274311015649
53,5;-11,5;0,0414906457434748
53,5;-11;0,0571579091471433
53,5;-10,5;0,0497175354712332
53,5;-10;0,0495984362460026
53,5;-9,5;0,0422054824274243
53,5;-9;0,0659919438384998
53,5;-8,5;0,0597120695504686
53,5;-8;0,0798250717628807
53,5;-7,5;0,0565376611660297
53,5;-7;0,00777817459305203
53,5;-6,5;0,0591234059652902
53,5;-6;0,0395926999754764
53,5;-5,5;0,0286343852338184
53,5;-5;0,0266912066572591
53,5;-4,5;0,0594787710988021
53,5;-4;0,0394611004810871
53,5;-3,5;0,131375665835689
53,5;-3;0,169296426600641
53,5;-2,5;0,16045428325934
53,5;-2;0,145038932558712
53,5;-1,5;0,029480320693237
53,5;-1;0,0165731622048976
53,5;-0,5;0,0334059570000553
53,5;0;0,0506294318021823
53,5;0,5;0,0423819732932725
53,5;1;0,306465660864793
53,5;1,5;0,267030868241553
53,5;2;0,0502278939747968
53,5;2,5;0,0185973924338719
53,5;3;0,028953375286889
53,5;3,5;0,0277564207086347
53,5;4;0,034515185915985
53,5;4,5;0,1437867271314
53,5;5;0,108125985341914
53,5;5,5;0,211487592226926
53,5;6;0,023853895558867
53,5;6,5;0,0200100945117704
53,5;7;0,0601266863993597
53,5;7,5;0,0601523479066087
53,5;8;0,0587060378457942
53,5;8,5;0,0324393764537745
53,5;9;0,0203844337392312
53,5;9,5;0,0628554695321191
53,5;10;0,036271303596748
53,5;10,5;0,0386261354156381
53,5;11;0,0454003040192686
53,5;11,5;0,0314029447183528
53,5;12;0,0310553844729365
53,5;12,5;0,0244759633447804
53,5;13;0,0245224415598452
53,5;13,5;0,0254101609135135
53,5;14;0,0247010731582794
53,5;14,5;0,0331235499885389
53,5;15;0,0395072646106565
53,5;15,5;0,0235816989442348
53,5;16;0,0520224913068368
53,5;16,5;0,0305588206281018
53,5;17;0,0363940319588101
53,5;17,5;0,0443870270738892
53,5;18;0,0506949057043552
53,5;18,5;0,166500422830638
53,5;19;0,0901759133711649
53,5;19,5;0,0304455914901327
53,5;20;0,0243826881027396
53,5;20,5;0,0227985911523827
53,5;21;0,0873869746619973
53,5;21,5;0,0292513819070801
53,5;22;0,0365533678812536
53,5;22,5;0,0398427968318459
53,5;23;0,0474856007955376
53,5;23,5;0,0307974739862065
53,5;24;0,0254590776709279
53,5;24,5;0,0142061902078068
53,5;25;0,0227022710966912
53,5;25,5;0,0292572391362271
53,5;26;0,039467081865324
53,5;26,5;0,203929135821674
53,5;27;0,267483669018808
53,5;27,5;0,234528873354593
53,5;28;0,0542512512515222
53,5;28,5;0,0806190953901016
53,5;29;0,0472358459229431
53,5;29,5;0,0376991592829901
53,5;30;0,0551010750505621
53,5;30,5;0,0253450704575116
53,5;31;0,0276456557692735
53,5;31,5;0,0552442057040199
53,5;32;0,0581052056980692
53,5;32,5;0,0651966559719181
53,5;33;0,0736175049256918
53,5;33,5;0,0596571917675901
53,5;34;0,031713240909623
53,5;34,5;0,05255935518657
53,5;35;0,0694553464357846
53,5;35,5;0,0643888791857976
53,5;36;0,031369651284867
53,5;36,5;0,030631762113021
53,5;37;0,035198763472069
53,5;37,5;0,117879811849618
53,5;38;0,0958825477818615
53,5;38,5;0,0379244312713836
53,5;39;0,0501855984475551
53,5;39,5;0,0415168721769953
53,5;40;0,0774212723571549
53,5;40,5;0,152572274970375
53,5;41;0,103680279223438
53,5;41,5;0,0421510178247269
53,5;42;0,0422866361139963
53,5;42,5;0,0338666377507773
53,5;43;0,037413840630583
53,5;43,5;0,0183951986489229
53,5;44;0,0215847200060841
53,5;44,5;0,02508701111575
53,5;45;0,0382291108445696
53,5;45,5;0,0337192140989234
53,5;46;0,0364093748508652
53,5;46,5;0,0711661531197399
53,5;47;0,0419717758974861
53,5;47,5;0,0339730791979891
53,5;48;0,0330378216352441
53,5;48,5;0,0198682922218461
53,5;49;0,025802075642049
53,5;49,5;0,0605950952201438
53,5;50;0,0696955071107874
53,5;50,5;0,130489046586884
53,5;51;0,0335007962050328
53,5;51,5;0,111390265183941
53,5;52;0,0350930087819115
53,5;52,5;0,0556147860201487
53,5;53;0,054343985890261
53,5;53,5;0,0570588278868129
53,5;54;0,0308863079371913
53,5;54,5;0,063493277840338
53,5;55;0,0879994834695585
53,5;55,5;0,0737033509854762
53,5;56;0,0757415273668783
53,5;56,5;0,142600124863253
53,5;57;0,0211591439827251
53,5;57,5;0,393034873017353
53,5;58;0,27995058616582
53,5;58,5;0,0745995479143112
53,5;59;0,0620211924012938
53,5;59,5;0,0291901646841143
53,5;60;0,0523025205594286
53,5;60,5;0,0492119384232782
53,5;61;0,0947265672723589
53,5;61,5;0,0641808535874455
53,5;62;0,0614592595115671
53,5;62,5;0,066380592518168
53,5;63;0,0542826976817257
53,5;63,5;0,0395187221201908
53,5;64;0,0428234954750997
53,5;64,5;0,0403234147583979
53,5;65;0,0390053595818566
53,5;65,5;0,0799615003979648
53,5;66;0,0653108480348858
53,5;66,5;0,0389044818042014
53,5;67;0,0542398719548398
53,5;67,5;0,0806427006076205
53,5;68;0,0547192455479179
53,5;68,5;0,0818154751906773
53,5;69;0,0697746073678192
53,5;69,5;0,0723405247088485
53,5;70;0,0623830500018734
53,5;70,5;0,0833428052412677
53,5;71;0,0878804686359647
53,5;71,5;0,0596732863088761
53,5;72;0,0395762274323587
53,5;72,5;0,0898271712214916
53,5;73;0,0721277086091493
53,5;73,5;0,113514600890743
53,5;74;0,113588038209322
53,5;74,5;0
53,5;75;0
53,5;75,5;0,0446758164047236
53,5;76;0,0428359272885118
53,5;76,5;0,0597919010282449
53,5;77;0,0729511251912311
53,5;77,5;0,112473188724327
53,5;78;0
54;-22,5;0
54;-22;0,0922059907860769
54;-21,5;0
54;-21;0
54;-20,5;0,0772933804841441
54;-20;0,100092881766073
54;-19,5;0,124589124726037
54;-19;0,0517561590537783
54;-18,5;0,0769239884561377
54;-18;0
54;-17,5;0,167584307141212
54;-17;0
54;-16,5;0,0566838497592516
54;-16;0,0908939257988477
54;-15,5;0,0791528130649313
54;-15;0,0330492057393215
54;-14,5;0,0207966343430854
54;-14;0
54;-13,5;0,0717943182844648
54;-13;0,0588187701951743
54;-12,5;0,0607762961954072
54;-12;0,261465048639238
54;-11,5;0,0475353541073367
54;-11;0,0421761014012884
54;-10,5;0,0408795604371972
54;-10;0,064734851395687
54;-9,5;0,050771547149954
54;-9;0,141516214521273
54;-8,5;0,0740444444022335
54;-8;0,0524575957813426
54;-7,5;0,0397644572088271
54;-7;0,270708238907213
54;-6,5;0,0474457083211457
54;-6;0,0524245489568898
54;-5,5;0,03743272059881
54;-5;0,0387169793475152
54;-4,5;0,0440074639498619
54;-4;0,0438603937858512
54;-3,5;0,0457595891589949
54;-3;0,127443038964765
54;-2,5;0,150420977233873
54;-2;0,102807231702028
54;-1,5;0,0757328968425737
54;-1;0,0755922883510893
54;-0,5;0,0278546366950593
54;0;0,054755327983419
54;0,5;0,0486447951167853
54;1;0,289524733707798
54;1,5;0,331659359763291
54;2;0,0655158451462127
54;2,5;0,0274570076283726
54;3;0,0320406928296112
54;3,5;0,0396689591732507
54;4;0,0314017062731111
54;4,5;0,162371500367684
54;5;0,161359452246008
54;5,5;0,150182444602113
54;6;0,0364824691711903
54;6,5;0,0257977022093124
54;7;0,080122810959196
54;7,5;0,0321891195801442
54;8;0,0703439011270366
54;8,5;0,124420880414516
54;9;0,177208939067506
54;9,5;0,0302829999147692
54;10;0,0270342056636046
54;10,5;0,0246946014537813
54;11;0,0321197756064313
54;11,5;0,0315381495603239
54;12;0,0327857242930391
54;12,5;0,343929035474728
54;13;0,256857525167736
54;13,5;0,0304615981784514
54;14;0,0190927272112378
54;14,5;0,0256375424564913
54;15;0,0217373759574037
54;15,5;0,0201289396862714
54;16;0,0214721651966414
54;16,5;0,0233631597039595
54;17;0,0406809563916609
54;17,5;0,051548555255863
54;18;0,0382405792302724
54;18,5;0,176625199601525
54;19;0,311090115392715
54;19,5;0,068085651127638
54;20;0,0418863771494343
54;20,5;0,05642529200121
54;21;0,0556802447477776
54;21,5;0,0202161390690846
54;22;0,0319223273711242
54;22,5;0,0399947635253076
54;23;0,0266640895113219
54;23,5;0,0257337722300124
54;24;0,0315439109743739
54;24,5;0,0378231093817759
54;25;0,0374188709186481
54;25,5;0,0458515721286268
54;26;0,045980438109105
54;26,5;0,0421380274915846
54;27;0,0597341262614628
54;27,5;0,0804278870132505
54;28;0,0567436369660463
54;28,5;0,0371192720734673
54;29;0,0344699068256688
54;29,5;0,105737929059885
54;30;0,101726094239874
54;30,5;0,033963321284992
54;31;0,0260163812489895
54;31,5;0,0436970656156379
54;32;0,0577917391482557
54;32,5;0,0373090081335874
54;33;0,08169176803453
54;33,5;0,0579113822332175
54;34;0,018657371282165
54;34,5;0,0572739666519328
54;35;0,035061299509498
54;35,5;0,0519448414711498
54;36;0,0246750975914211
54;36,5;0,0307599521044059
54;37;0,0489517303909873
54;37,5;0,0188793138379283
54;38;0,0456048965443846
54;38,5;0,0675676062125583
54;39;0,0334580549560407
54;39,5;0,0234479422764877
54;40;0,0289883281145597
54;40,5;0,242235048907689
54;41;0,18839265910061
54;41,5;0,0475217054733743
54;42;0,0506087978534174
54;42,5;0,0394054750010084
54;43;0,0532637868700258
54;43,5;0,0450326615552665
54;44;0,0403516601124316
54;44,5;0,0862108206795464
54;45;0,0284871053071276
54;45,5;0,0292962220678875
54;46;0,0291685115512551
54;46,5;0,0654682908547185
54;47;0,0601241924161123
54;47,5;0,0461066739312202
54;48;0,0457520176144776
54;48,5;0,0613376360992246
54;49;0,113529979563955
54;49,5;0,0330285230268223
54;50;0,0191331011658876
54;50,5;0,0266269913455372
54;51;0,0283915036910727
54;51,5;0,13386794305219
54;52;0,0188547607162768
54;52,5;0,0403151377578554
54;53;0,0419668479090012
54;53,5;0,0383855990946373
54;54;0,0648573851070979
54;54,5;0,0697573435409275
54;55;0,0195318956963975
54;55,5;0,0530366060500837
54;56;0,0831616465758939
54;56,5;0,0327120394975594
54;57;0,0313741480017731
54;57,5;0,103756037659874
54;58;0,0529940351319169
54;58,5;0,0424615333941418
54;59;0,0713685763078578
54;59,5;0,0234737628824108
54;60;0,0349112219432768
54;60,5;0,0405587106428324
54;61;0,0707592131993283
54;61,5;0,0406291308199725
54;62;0,0434403398113273
54;62,5;0,0508907709449944
54;63;0,0479853176625478
54;63,5;0,0535216152609602
54;64;0,0820288373605902
54;64,5;0,0322673288091
54;65;0,0623297523224902
54;65,5;0,0608863947136344
54;66;0,0959191157573753
54;66,5;0,0786967198677856
54;67;0,0627995992130449
54;67,5;0,0848919850327875
54;68;0,144245104756818
54;68,5;0,0680334863369348
54;69;0,0481653402354847
54;69,5;0,0615731272553214
54;70;0,0707970463663107
54;70,5;0,03772267222772
54;71;0,0744289616323534
54;71,5;0,0692423280948872
54;72;0,0467823550560331
54;72,5;0,0939382934060255
54;73;0,0772906556741852
54;73,5;0,0836142032963756
54;74;0,100165278434958
54;74,5;0,104516984265716
54;75;0
54;75,5;0
54;76;0,0844393273303382
54;76,5;0,0933480599376208
54;77;0,123842642090679
54;77,5;0
54;78;0
54,5;-22,5;0
54,5;-22;0,096607923635129
54,5;-21,5;0,045254833995939
54,5;-21;0
54,5;-20,5;0
54,5;-20;0,0848213809523676
54,5;-19,5;0,103087669328429
54,5;-19;0,101849943627619
54,5;-18,5;0,129733608381508
54,5;-18;0,171298233987745
54,5;-17,5;0,0834014959326841
54,5;-17;0,0744887016041135
54,5;-16,5;0,0760259028785369
54,5;-16;0,0748903961037157
54,5;-15,5;0,067272624897547
54,5;-15;0,0792861904747605
54,5;-14,5;0
54,5;-14;0
54,5;-13,5;0,0526181210864343
54,5;-13;0,0867161801882022
54,5;-12,5;0,111804132397528
54,5;-12;0,240897371256435
54,5;-11,5;0,332191965216478
54,5;-11;0,0649873741890431
54,5;-10,5;0,0325610480288872
54,5;-10;0,0195857090757521
54,5;-9,5;0,0341540627158761
54,5;-9;0,323335602377322
54,5;-8,5;0,339585749895586
54,5;-8;0,0550220577237729
54,5;-7,5;0,212696991992207
54,5;-7;0,339270413584554
54,5;-6,5;0,254013006694948
54,5;-6;0,0533041476602407
54,5;-5,5;0,0644951063162062
54,5;-5;0,0450276971724985
54,5;-4,5;0,0447779788220436
54,5;-4;0,031541779450939
54,5;-3,5;0,0221538383399241
54,5;-3;0,0426842900444741
54,5;-2,5;0,0685329222921983
54,5;-2;0,0878625489376874
54,5;-1,5;0,0766862274249011
54,5;-1;0,086560424936047
54,5;-0,5;0,0506549029405762
54,5;0;0,0212642575381472
54,5;0,5;0,0346981267505899
54,5;1;0,189884175222687
54,5;1,5;0,147770361615852
54,5;2;0,0497186546229352
54,5;2,5;0,0374708838871294
54,5;3;0,0276486129210884
54,5;3,5;0,114481388954661
54,5;4;0,346704918866582
54,5;4,5;0,103366464480533
54,5;5;0,147067835708402
54,5;5,5;0,0951523564832208
54,5;6;0,0592733712027006
54,5;6,5;0,0622812213856999
54,5;7;0,056425512637983
54,5;7,5;0,0296537028268295
54,5;8;0,0994240736313167
54,5;8,5;0,373293590797468
54,5;9;0,306472280092976
54,5;9,5;0,0245375379857938
54,5;10;0,0330330939712598
54,5;10,5;0,0273433537720275
54,5;11;0,0235050242445347
54,5;11,5;0,0475349772861919
54,5;12;0,0395992350435915
54,5;12,5;0,261239756726943
54,5;13;0,255430364413606
54,5;13,5;0,0269695038433465
54,5;14;0,0267456505727829
54,5;14,5;0,0243274015352169
54,5;15;0,0418548829444765
54,5;15,5;0,0414108952156667
54,5;16;0,0401833031347816
54,5;16,5;0,0264773610535497
54,5;17;0,0295026620429086
54,5;17,5;0,0192501949840206
54,5;18;0,132607010575467
54,5;18,5;0,277450379434315
54,5;19;0,379947555181823
54,5;19,5;0,0569156942053103
54,5;20;0,063308845940042
54,5;20,5;0,0492673750171915
54,5;21;0,044788402868773
54,5;21,5;0,0270344471397962
54,5;22;0,0261167423088002
54,5;22,5;0,0309730590366694
54,5;23;0,0216337702445159
54,5;23,5;0,0211475107733007
54,5;24;0,022866923025124
54,5;24,5;0,0344874342804637
54,5;25;0,0274157213786449
54,5;25,5;0,0538944458619424
54,5;26;0,0630662568638804
54,5;26,5;0,0399075222305083
54,5;27;0,0684618605467516
54,5;27,5;0,0501105438462257
54,5;28;0,0547543547059751
54,5;28,5;0,0386934346229778
54,5;29;0,0354728895822825
54,5;29,5;0,0890186635026085
54,5;30;0,0737112540844674
54,5;30,5;0,0410049893710275
54,5;31;0,0392154511162138
54,5;31,5;0,0291434103642363
54,5;32;0,0465009471251724
54,5;32,5;0,0297852243261586
54,5;33;0,0315040131491312
54,5;33,5;0,0329458363766436
54,5;34;0,0262659646862799
54,5;34,5;0,0583950840652348
54,5;35;0,0524327829129517
54,5;35,5;0,0287348550003631
54,5;36;0,0506123514734463
54,5;36,5;0,155052810569814
54,5;37;0,0408822318462917
54,5;37,5;0,0207477263023722
54,5;38;0,0366505858919643
54,5;38,5;0,0401184839397402
54,5;39;0,0435247540593127
54,5;39,5;0,0310882672373371
54,5;40;0,0291452187864655
54,5;40,5;0,0730913515900065
54,5;41;0,0473693662401919
54,5;41,5;0,0197938528379265
54,5;42;0,109087166082549
54,5;42,5;0,0984770167679011
54,5;43;0,033019148797748
54,5;43,5;0,0603990088172516
54,5;44;0,0338555613719913
54,5;44,5;0,0731249063478009
54,5;45;0,0382055121288119
54,5;45,5;0,0899506661856597
54,5;46;0,0603182015164052
54,5;46,5;0,0450297722863092
54,5;47;0,0342781393884162
54,5;47,5;0,0203448793262202
54,5;48;0,0805246454706642
54,5;48,5;0,0932162274604427
54,5;49;0,0597875504639234
54,5;49,5;0,0478711942465604
54,5;50;0,043628912232871
54,5;50,5;0,0381384550568444
54,5;51;0,0310531886766956
54,5;51,5;0,125966927669792
54,5;52;0,0288665511929946
54,5;52,5;0,0224529136936241
54,5;53;0,0357400821296357
54,5;53,5;0,0243274843964148
54,5;54;0,0502178674074289
54,5;54,5;0,0404013647080178
54,5;55;0,227444099797771
54,5;55,5;0,257703717904669
54,5;56;0,17544906642221
54,5;56,5;0,118675987036089
54,5;57;0,0993736135834936
54,5;57,5;0,049709502924916
54,5;58;0,0545757074812823
54,5;58,5;0,0186426006421973
54,5;59;0,0267446236050331
54,5;59,5;0,0271511052014684
54,5;60;0,0293200249922509
54,5;60,5;0,0488083265299492
54,5;61;0,0761312478149782
54,5;61,5;0,0663860900852779
54,5;62;0,0346373899202553
54,5;62,5;0,0479197304350906
54,5;63;0,0556478421784039
54,5;63,5;0,065290820510527
54,5;64;0,0568756011669078
54,5;64,5;0,044943204899814
54,5;65;0,0552589017126417
54,5;65,5;0,0457364046843463
54,5;66;0,0663346844422016
54,5;66,5;0,0521546650924832
54,5;67;0,0734303982817257
54,5;67,5;0,0527047898373086
54,5;68;0,112177135620845
54,5;68,5;0,0633681030449585
54,5;69;0,0474219283213398
54,5;69,5;0,0575978745399095
54,5;70;0,0503845685015065
54,5;70,5;0,0504629145722523
54,5;71;0,0659753340953626
54,5;71,5;0,0686475360848903
54,5;72;0,0768954139995868
54,5;72,5;0,071947438441581
54,5;73;0,067772950599638
54,5;73,5;0,0723771866188314
54,5;74;0,0521220789216155
54,5;74,5;0
54,5;75;0
54,5;75,5;0
54,5;76;0
54,5;76,5;0
54,5;77;0
54,5;77,5;0
54,5;78;0
55;-22;0,139708332542544
55;-21,5;0
55;-21;0
55;-20,5;0
55;-20;0
55;-19,5;0,0832534745559669
55;-19;0,0830501856309385
55;-18,5;0,182079623993692
55;-18;0,181253987765257
55;-17,5;0
55;-17;0,211500197005424
55;-16,5;0,136008421980674
55;-16;0,235286396359178
55;-15,5;0,167931378804963
55;-15;0,155739628575491
55;-14,5;0,0456316775935314
55;-14;0
55;-13,5;0
55;-13;0
55;-12,5;0
55;-12;0,244140324452384
55;-11,5;0,10835511122326
55;-11;0,0563531332780361
55;-10,5;0,0842354654309195
55;-10;0,0534149807934083
55;-9,5;0,0299887201016204
55;-9;0,156938242296648
55;-8,5;0,183744426473974
55;-8;0,0498358685888842
55;-7,5;0,273496570332682
55;-7;0,239170848420179
55;-6,5;0,192177512918478
55;-6;0,177257534433698
55;-5,5;0,0781223165652104
55;-5;0,06363069044945
55;-4,5;0,103830655078458
55;-4;0,271683027968319
55;-3,5;0,114797042368729
55;-3;0,0475920127261358
55;-2,5;0,0211311966657706
55;-2;0,0669024630371675
55;-1,5;0,0641641676339939
55;-1;0,0599826342858387
55;-0,5;0,0638101962003636
55;0;0,0418374824801531
55;0,5;0,0416960333917187
55;1;0,0163198261404463
55;1,5;0,0198733629296779
55;2;0,0262850939054089
55;2,5;0,0303886194827946
55;3;0,039099733876194
55;3,5;0,0769828066644093
55;4;0,168478218077012
55;4,5;0,124896807293037
55;5;0,124382065610819
55;5,5;0,0660853732438318
55;6;0,053892579101157
55;6,5;0,0652381239806359
55;7;0,0820244171592542
55;7,5;0,0327837719143875
55;8;0,0451117645958325
55;8,5;0,325918848775115
55;9;0,248274962551005
55;9,5;0,0329552951448411
55;10;0,034486887968053
55;10,5;0,0434164516890555
55;11;0,0339341939729238
55;11,5;0,0373006928506923
55;12;0,0310616843795274
55;12,5;0,0258167136309543
55;13;0,0263005458212001
55;13,5;0,0316610596709144
55;14;0,0204148792697259
55;14,5;0,0255913826212822
55;15;0,0386252958187889
55;15,5;0,105040702995745
55;16;0,0394241451314985
55;16,5;0,0385945692989478
55;17;0,0665595204405291
55;17,5;0,0380782571548865
55;18;0,0284430557632312
55;18,5;0,133124734476799
55;19;0,0238303948624072
55;19,5;0,176711122084631
55;20;0,0590706356103346
55;20,5;0,0657330061554284
55;21;0,0417179892814258
55;21,5;0,0350571551347518
55;22;0,0320586374085518
55;22,5;0,0689633960880698
55;23;0,0563750638947013
55;23,5;0,0310846795105802
55;24;0,0249524544323052
55;24,5;0,0315892049781007
55;25;0,0369634149885944
55;25,5;0,0311925426967401
55;26;0,0415641791899652
55;26,5;0,0466570538318581
55;27;0,0579803405298312
55;27,5;0,0466875667173992
55;28;0,0402825887514909
55;28,5;0,0365998107708139
55;29;0,027054027161865
55;29,5;0,0293620250050417
55;30;0,0308768838441133
55;30,5;0,0441393363577269
55;31;0,0375826608394078
55;31,5;0,0248854676238128
55;32;0,0432769210075289
55;32,5;0,0304562924432005
55;33;0,0320295630032395
55;33,5;0,0348442606738461
55;34;0,0310371599208136
55;34,5;0,0278541173231508
55;35;0,0264708192707284
55;35,5;0,0337111953013341
55;36;0,376329864918704
55;36,5;0,349649410377011
55;37;0,0459035785120679
55;37,5;0,0241196682141027
55;38;0,0286712109103197
55;38,5;0,0466576690752773
55;39;0,0641852195668587
55;39,5;0,0405012638254297
55;40;0,0426110120840211
55;40,5;0,0402375260521802
55;41;0,0719074257024159
55;41,5;0,0628735558246754
55;42;0,0508677933745079
55;42,5;0,0778118615619985
55;43;0,0683235795503656
55;43,5;0,0559465806636579
55;44;0,0531781285951428
55;44,5;0,02681845673876
55;45;0,042629596607135
55;45,5;0,0293832923810192
55;46;0,0189200004437527
55;46,5;0,0417238185070869
55;47;0,0471050609623491
55;47,5;0,198455037895529
55;48;0,0970155855016025
55;48,5;0,054313057009421
55;49;0,0700140571759051
55;49,5;0,0634706613642036
55;50;0,0751146809375759
55;50,5;0,0450387154416579
55;51;0,0365425262111017
55;51,5;0,109527941396731
55;52;0,0370422650782778
55;52,5;0,0318039205764806
55;53;0,0228818532448924
55;53,5;0,0265306002362495
55;54;0,032361702221604
55;54,5;0,037109636996713
55;55;0,104165221659143
55;55,5;0,257736520829344
55;56;0,0488691046018674
55;56,5;0,0574915164498945
55;57;0,0306696773525724
55;57,5;0,0700249228436799
55;58;0,0368420851121713
55;58,5;0,028084137435752
55;59;0,0243125482004664
55;59,5;0,0586823380119087
55;60;0,0484901184004698
55;60,5;0,036331136365149
55;61;0,0454568010866066
55;61,5;0,102358013024626
55;62;0,110462010261246
55;62,5;0,051846182758875
55;63;0,0899898967251604
55;63,5;0,114130548937913
55;64;0,0901285549105078
55;64,5;0,0728289928196316
55;65;0,0317763152446333
55;65,5;0,046726624830608
55;66;0,0684009593809885
55;66,5;0,0660685142214396
55;67;0,0671335780939189
55;67,5;0,0615403868351724
55;68;0,0677550879864527
55;68,5;0,0477380155500307
55;69;0,0727477511275617
55;69,5;0,0373720848665515
55;70;0,0534510629364118
55;70,5;0,0618522334316862
55;71;0,0693879614139887
55;71,5;0,06492893217793
55;72;0,0641286900606031
55;72,5;0,0953221312818865
55;73;0,0813362452743034
55;73,5;0,0960971730420134
55;74;0,0670081755328057
55;74,5;0,0823280577379856
55;75;0
55;75,5;0
55;76;0
55;76,5;0
55;77;0
55;77,5;0
55,5;-22;0,129400540957138
55,5;-21,5;0
55,5;-21;0
55,5;-20,5;0
55,5;-20;0
55,5;-19,5;0,059349248801761
55,5;-19;0
55,5;-18,5;0
55,5;-18;0,11582529948159
55,5;-17,5;0
55,5;-17;0
55,5;-16,5;0
55,5;-16;0,0572756492761103
55,5;-15,5;0,22690046333456
55,5;-15;0,174698516794891
55,5;-14,5;0,196112953065437
55,5;-14;0,0380175398116887
55,5;-13,5;0,0520192272145598
55,5;-13;0,0628669229404462
55,5;-12,5;0
55,5;-12;0,0685669988648572
55,5;-11,5;0,0523380154108164
55,5;-11;0,0501070783247798
55,5;-10,5;0,0596738356959452
55,5;-10;0,040448606200829
55,5;-9,5;0,253524460557242
55,5;-9;0,312613622175218
55,5;-8,5;0,271877349464133
55,5;-8;0,0452058443185896
55,5;-7,5;0,270479467340455
55,5;-7;0,352846468934298
55,5;-6,5;0,191422095246682
55,5;-6;0,265334510456187
55,5;-5,5;0,0876363223783381
55,5;-5;0,0597603198898176
55,5;-4,5;0,185737737283736
55,5;-4;0,195316979082318
55,5;-3,5;0,220597750120961
55,5;-3;0,0469065853222319
55,5;-2,5;0,0350245610222938
55,5;-2;0,0174979499690515
55,5;-1,5;0
55,5;-1;0,0262968844619316
55,5;-0,5;0,052662328555988
55,5;0;0,053407804311432
55,5;0,5;0,0622675471567423
55,5;1;0,0371885677995261
55,5;1,5;0,032485115486041
55,5;2;0,0240130988940473
55,5;2,5;0,0430255258688219
55,5;3;0,0788107674500726
55,5;3,5;0,130235877546896
55,5;4;0,0890746881782173
55,5;4,5;0,0495837929125724
55,5;5;0,0379139376307271
55,5;5,5;0,0520564410098846
55,5;6;0,0643572361503844
55,5;6,5;0,068779476660343
55,5;7;0,0873901314919165
55,5;7,5;0,0452841371856718
55,5;8;0,0406906886505641
55,5;8,5;0,0245259606318567
55,5;9;0,0311919786610957
55,5;9,5;0,0294165235859582
55,5;10;0,032780229676568
55,5;10,5;0,0453978897575363
55,5;11;0,0430645359597168
55,5;11,5;0,0339203133638315
55,5;12;0,0339859767875635
55,5;12,5;0,040784476682077
55,5;13;0,0354812428921056
55,5;13,5;0,0393019815390491
55,5;14;0,0267001032728496
55,5;14,5;0,0307950720838004
55,5;15;0,0352020488384446
55,5;15,5;0,0219706956678566
55,5;16;0,0483526576633135
55,5;16,5;0,0447279331763779
55,5;17;0,0456208546197638
55,5;17,5;0,0398565835558851
55,5;18;0,0185824213432675
55,5;18,5;0,0254002684309366
55,5;19;0,0312989170624121
55,5;19,5;0,0242248441313654
55,5;20;0,026070128608733
55,5;20,5;0,0455494084195116
55,5;21;0,0286632592514982
55,5;21,5;0,0318690142683151
55,5;22;0,0307418073607019
55,5;22,5;0,0809743652015161
55,5;23;0,0560146283164869
55,5;23,5;0,0211320210358786
55,5;24;0,0343432949025265
55,5;24,5;0,0441827366251376
55,5;25;0,0237683675105727
55,5;25,5;0,0279634526336715
55,5;26;0,0411324140076128
55,5;26,5;0,0459496544590722
55,5;27;0,0440721947889017
55,5;27,5;0,0385517630215016
55,5;28;0,0414599627640534
55,5;28,5;0,0457775366585353
55,5;29;0,0464322472131946
55,5;29,5;0,0271781795476844
55,5;30;0,0189654126048346
55,5;30,5;0,0276475956576475
55,5;31;0,0364687786208005
55,5;31,5;0,0465570725879276
55,5;32;0,0442553536847516
55,5;32,5;0,025532638659535
55,5;33;0,0232025452304626
55,5;33,5;0,031085420522201
55,5;34;0,0297808366755449
55,5;34,5;0,0271547998082694
55,5;35;0,0300958560346556
55,5;35,5;0,0281393835252891
55,5;36;0,170019035197452
55,5;36,5;0,142476404216746
55,5;37;0,037353636168167
55,5;37,5;0,0304672812213212
55,5;38;0,0384926110496341
55,5;38,5;0,0253836256583588
55,5;39;0,0251586010902535
55,5;39,5;0,0248466383574475
55,5;40;0,0256309934666403
55,5;40,5;0,0420345153569269
55,5;41;0,0413000489838321
55,5;41,5;0,0447059324355363
55,5;42;0,0563407972447468
55,5;42,5;0,0871329997295702
55,5;43;0,063767654607212
55,5;43,5;0,0745000662680885
55,5;44;0,049354460891771
55,5;44,5;0,0366413832488152
55,5;45;0,02597252391068
55,5;45,5;0,0309238515362743
55,5;46;0,0585159480942625
55,5;46,5;0,0266587079193289
55,5;47;0,0569426931517608
55,5;47,5;0,224119882411326
55,5;48;0,166727516853197
55,5;48,5;0,0987249225402508
55,5;49;0,0837729056707353
55,5;49,5;0,068445404637404
55,5;50;0,0165907110958358
55,5;50,5;0,0633500904202268
55,5;51;0,0369530838871897
55,5;51,5;0,0893235136461284
55,5;52;0,0403388267427606
55,5;52,5;0,0449764020813809
55,5;53;0,0323994062538318
55,5;53,5;0,0254638950596626
55,5;54;0,0297663257528995
55,5;54,5;0,038476321815827
55,5;55;0,0546228255651021
55,5;55,5;0,0816636541109078
55,5;56;0,0872396840649589
55,5;56,5;0,0654985621284427
55,5;57;0,0528446540773406
55,5;57,5;0,11197883933623
55,5;58;0,0422230847865109
55,5;58,5;0,0259512557840209
55,5;59;0,126849834024948
55,5;59,5;0,0929172505957658
55,5;60;0,105631025810362
55,5;60,5;0,0794128496026426
55,5;61;0,169087782109718
55,5;61,5;0,149811160366266
55,5;62;0,142934765244095
55,5;62,5;0,0707588735199917
55,5;63;0,0849987933549346
55,5;63,5;0,178824645863634
55,5;64;0,0583728437622229
55,5;64,5;0,0849899340445025
55,5;65;0,0596598583747791
55,5;65,5;0,111080184818029
55,5;66;0,146508984385532
55,5;66,5;0,156657088434081
55,5;67;0,0753526491845538
55,5;67,5;0,0628429637687315
55,5;68;0,0593445949719176
55,5;68,5;0,0216333076527839
55,5;69;0,10178689222376
55,5;69,5;0,0634264666102934
55,5;70;0,0749821923303571
55,5;70,5;0,0808517764560406
55,5;71;0,0821426779465455
55,5;71,5;0,126834303099185
55,5;72;0,0707733135070127
55,5;72,5;0,07136608402258
55,5;73;0,099499213902681
55,5;73,5;0,0615182899632296
55,5;74;0,0412674205639267
55,5;74,5;0,0225166604983954
55,5;75;0
55,5;75,5;0
55,5;76;0
55,5;76,5;0
55,5;77;0,0872907020630873
55,5;77,5;0,0637421890639682
56;-22;0,109648377400975
56;-21,5;0,0183303027798234
56;-21;0
56;-20,5;0
56;-20;0
56;-19,5;0,140347595700987
56;-19;0,0812459522801275
56;-18,5;0,029698484809835
56;-18;0,0574743421014978
56;-17,5;0
56;-17;0
56;-16,5;0
56;-16;0
56;-15,5;0,0318198051533947
56;-15;0,144036229761373
56;-14,5;0,169115381268579
56;-14;0,0932821721250295
56;-13,5;0,188122851343913
56;-13;0,0653025491455057
56;-12,5;0,0390166631069342
56;-12;0,0238427387369025
56;-11,5;0,0684446538081729
56;-11;0,0853824728305913
56;-10,5;0,0266364412037344
56;-10;0,0215456326366688
56;-9,5;0,323496662902557
56;-9;0,34862497246837
56;-8,5;0,380176276495419
56;-8;0,373833068879651
56;-7,5;0,312368735949937
56;-7;0,370621424816428
56;-6,5;0,217412254679557
56;-6;0,259127740298776
56;-5,5;0
56;-5;0
56;-4,5;0
56;-4;0,273114679131293
56;-3,5;0,181760508959957
56;-3;0,0500484197984744
56;-2,5;0,0450466802615862
56;-2;0,0517751359979955
56;-1,5;0,0377479890395869
56;-1;0,0450530991834274
56;-0,5;0,0440852585913098
56;0;0,0134451395308299
56;0,5;0,0212419608198231
56;1;0,0405554012821022
56;1,5;0,0382947164001709
56;2;0,0457467781975767
56;2,5;0,0801696567265267
56;3;0,0287941019766544
56;3,5;0,0207528179867326
56;4;0,102730873934887
56;4,5;0,0683873201316805
56;5;0,160749715057567
56;5,5;0,295968259298407
56;6;0,130255872163253
56;6,5;0,0671115539542731
56;7;0,0232461843497656
56;7,5;0,0454195761021264
56;8;0,059335686748619
56;8,5;0,0373543188415034
56;9;0,0264497267457853
56;9,5;0,0318086269709898
56;10;0,0364767857046764
56;10,5;0,0437703451186233
56;11;0,0415326776016585
56;11,5;0,0164376155104012
56;12;0,0179491748850083
56;12,5;0,0184728188583287
56;13;0,0441487827500942
56;13,5;0,094777486140021
56;14;0,0541338118818074
56;14,5;0,040527562847065
56;15;0,0471158798573381
56;15,5;0,0261204117387702
56;16;0,0471281282285298
56;16,5;0,0625494944211098
56;17;0,0417560418738059
56;17,5;0,0334312259490453
56;18;0,0181086048227756
56;18,5;0,0277432500335017
56;19;0,0365415347335571
56;19,5;0,0429982771965206
56;20;0,0373398898567922
56;20,5;0,0349689407601849
56;21;0,0668900617417871
56;21,5;0,042844838357567
56;22;0,0250821618402145
56;22,5;0,0203536067505605
56;23;0,0451052959118799
56;23,5;0,0430407777230912
56;24;0,0568111859966128
56;24,5;0,0952238612247816
56;25;0,0586990949381375
56;25,5;0,033203415553339
56;26;0,0267520061810464
56;26,5;0,072514458518387
56;27;0,094997649978305
56;27,5;0,0582293777587711
56;28;0,0961279944476457
56;28,5;0,0751935313498624
56;29;0,0386647667434814
56;29,5;0,0372676405318652
56;30;0,0348532704763416
56;30,5;0,035958673786499
56;31;0,0435929756524705
56;31,5;0,0389716993562903
56;32;0,0261843407766864
56;32,5;0,0598350080296397
56;33;0,0379441824832109
56;33,5;0,057543592353619
56;34;0,0211574960626167
56;34,5;0,0215883492531184
56;35;0,0331231685486007
56;35,5;0,0434467130105014
56;36;0,0471782876670066
56;36,5;0,0441919109411653
56;37;0,0225730917630809
56;37,5;0,0352189773763928
56;38;0,0344665613758243
56;38,5;0,032141989031682
56;39;0,0343611507470235
56;39,5;0,0207708927349668
56;40;0,0374004723005046
56;40,5;0,0748799883953651
56;41;0,0654886144355617
56;41,5;0,0875496013873349
56;42;0,0991448916942856
56;42,5;0,11988858062003
56;43;0,0287152298575217
56;43,5;0,0533553901532189
56;44;0,0364638127720248
56;44,5;0,0269606570916275
56;45;0,0417586000132764
56;45,5;0,0536181658158414
56;46;0,0568124118486095
56;46,5;0,0386065228837367
56;47;0,0614586313469616
56;47,5;0,109884987976239
56;48;0,238741294375779
56;48,5;0,0330863247482093
56;49;0,0338978567560498
56;49,5;0,0519275810092073
56;50;0,0872632994820095
56;50,5;0,094983033590163
56;51;0,0863575991743865
56;51,5;0,0786316977732106
56;52;0,116737514947347
56;52,5;0,0194750601649463
56;53;0,0355463440002663
56;53,5;0,0361977646201232
56;54;0,0336509584454893
56;54,5;0,0320439748865619
56;55;0,0443577336472776
56;55,5;0,169645456200852
56;56;0,227488652475739
56;56,5;0,256042926021984
56;57;0,0795426302684921
56;57,5;0,130555885680096
56;58;0,0257787595598478
56;58,5;0,0401955405671012
56;59;0,134838840311221
56;59,5;0,15979812250987
56;60;0,180107009585859
56;60,5;0,197837840586541
56;61;0,157195655877649
56;61,5;0,132104384981985
56;62;0,172784487633198
56;62,5;0,147594945228971
56;63;0,0715267761760932
56;63,5;0,0305623188905616
56;64;0,083303388559257
56;64,5;0,0323647368361955
56;65;0,0675913503584213
56;65,5;0,0695162483751757
56;66;0,289884905747804
56;66,5;0,223033348190527
56;67;0,338278484880924
56;67,5;0,0296872587709497
56;68;0,044342104395509
56;68,5;0,0539148358414409
56;69;0,0585548176213253
56;69,5;0,045595138629756
56;70;0,0674296940254339
56;70,5;0,0885209586141051
56;71;0,0767948303125472
56;71,5;0,0932705164953633
56;72;0,0240416305603426
56;72,5;0,108764271094265
56;73;0,05183177565001
56;73,5;0,0960329507790302
56;74;0,0927071620004564
56;74,5;0,0818577360321344
56;75;0,0528425333735366
56;76,5;0
56;77;0,0987603496686128
56;77,5;0
56,5;-22;0,105151795039362
56,5;-21,5;0,124705252495635
56,5;-21;0
56,5;-20,5;0
56,5;-20;0
56,5;-19,5;0,123282915847661
56,5;-19;0,344760380114899
56,5;-18,5;0,29445336050486
56,5;-18;0,114264938587811
56,5;-17,5;0,103095194105346
56,5;-17;0
56,5;-16,5;0
56,5;-16;0,00251661147842358
56,5;-15,5;0
56,5;-15;0,0755005518743627
56,5;-14,5;0
56,5;-14;0,0162634559672906
56,5;-13,5;0,181305904114586
56,5;-13;0,181343318615132
56,5;-12,5;0,042934134682658
56,5;-12;0,0396853855286981
56,5;-11,5;0,0494361059492813
56,5;-11;0,0704315188717006
56,5;-10,5;0,0592556163597632
56,5;-10;0,0338018522775203
56,5;-9,5;0,339291083821016
56,5;-9;0,305683004444718
56,5;-8,5;0,288344951075636
56,5;-8;0,309029850137268
56,5;-7,5;0,350855416741412
56,5;-7;0,263129771810555
56,5;-6,5;0,233608618922192
56,5;-6;0,218416648752862
56,5;-5,5;0,0361162894500025
56,5;-5;0,032522519670442
56,5;-4,5;0,0583782040309768
56,5;-4;0,0436039657846386
56,5;-3,5;0,0420002480151407
56,5;-3;0,035707861577615
56,5;-2,5;0,0671766787570744
56,5;-2;0,0514745443907772
56,5;-1,5;0,0419616963816739
56,5;-1;0,0473801728631288
56,5;-0,5;0,0441910156554662
56,5;0;0,0198220578773906
56,5;0,5;0,021140615169765
56,5;1;0,0275115197859048
56,5;1,5;0,0415945041775687
56,5;2;0,0393501217900769
56,5;2,5;0,0397355298456222
56,5;3;0,0324017475703709
56,5;3,5;0,0212077962962316
56,5;4;0,0678479988095472
56,5;4,5;0,0589678616827315
56,5;5;0,0923987550869492
56,5;5,5;0,164477781498752
56,5;6;0,155945643600723
56,5;6,5;0,113223253114368
56,5;7;0,071357544137065
56,5;7,5;0,0380559131443791
56,5;8;0,024530162077341
56,5;8,5;0,0261847076986266
56,5;9;0,0196150243910295
56,5;9,5;0,0327718840102144
56,5;10;0,0286743689684128
56,5;10,5;0,0585207190625452
56,5;11;0,047296395826205
56,5;11,5;0,0566264648529213
56,5;12;0,0615574760071998
56,5;12,5;0,0332653034451423
56,5;13;0,236604183464898
56,5;13,5;0,19564197982006
56,5;14;0,0604125901121427
56,5;14,5;0,0322629446825831
56,5;15;0,0383429096888102
56,5;15,5;0,0319697697562272
56,5;16;0,0637444406164873
56,5;16,5;0,049969862845522
56,5;17;0,0661981017797737
56,5;17,5;0,0301425244549145
56,5;18;0,0365938053755736
56,5;18,5;0,0304803720368909
56,5;19;0,0318494229551221
56,5;19,5;0,0354924613361468
56,5;20;0,0314680116691171
56,5;20,5;0,0811454384313611
56,5;21;0,0538241550270725
56,5;21,5;0,0843042708528673
56,5;22;0,0734962553483161
56,5;22,5;0,0332421070505379
56,5;23;0,0657945672673448
56,5;23,5;0,0233578602584728
56,5;24;0,068542538438526
56,5;24,5;0,0559139338376301
56,5;25;0,0408756363505062
56,5;25,5;0,0321089849512648
56,5;26;0,0288918392517704
56,5;26,5;0,0607194850191309
56,5;27;0,139220175622197
56,5;27,5;0,0848891788898978
56,5;28;0,085448327875358
56,5;28,5;0,0446139925733321
56,5;29;0,0279761655739379
56,5;29,5;0,044391226517585
56,5;30;0,0577687038152655
56,5;30,5;0,0738906182095112
56,5;31;0,0751886139057266
56,5;31,5;0,0349983165155203
56,5;32;0,0393253007166677
56,5;32,5;0,0567625865283226
56,5;33;0,0223673716270183
56,5;33,5;0,0239770067267416
56,5;34;0,0283275052678056
56,5;34,5;0,0586173876672721
56,5;35;0,0315510966686042
56,5;35,5;0,0269686443950707
56,5;36;0,0413960520363431
56,5;36,5;0,0375227716827848
56,5;37;0,0239112877935166
56,5;37,5;0,0399492757824799
56,5;38;0,0346173217136154
56,5;38,5;0,0201748429450163
56,5;39;0,0256344779890115
56,5;39,5;0,0240048585067304
56,5;40;0,0465198540085427
56,5;40,5;0,0704433326604333
56,5;41;0,192436418339309
56,5;41,5;0,271060959533776
56,5;42;0,12445249074161
56,5;42,5;0,0739754091372585
56,5;43;0,0328074653722566
56,5;43,5;0,0480643366606066
56,5;44;0,0406274656653175
56,5;44,5;0,0477553265551897
56,5;45;0,0306833130948947
56,5;45,5;0,0433045989706754
56,5;46;0,0457879404626934
56,5;46,5;0,0839174113803155
56,5;47;0,0922914182486809
56,5;47,5;0,0402660888734586
56,5;48;0,0357009746903013
56,5;48,5;0,0321424067448544
56,5;49;0,0271081926989948
56,5;49,5;0,0514311732335801
56,5;50;0,0322863115030768
56,5;50,5;0,0332551985155183
56,5;51;0,0663229031245643
56,5;51,5;0,0905002840555841
56,5;52;0,152471710941594
56,5;52,5;0,0271529639726965
56,5;53;0,0785187183587861
56,5;53,5;0,10408705683609
56,5;54;0,106122094730075
56,5;54,5;0,0368518021153503
56,5;55;0,141545248244475
56,5;55,5;0,234242838265838
56,5;56;0,321163723311675
56,5;56,5;0
56,5;57;0
56,5;57,5;0,0229128784747792
56,5;58;0,0260825793331366
56,5;58,5;0,0538477305596044
56,5;59;0,130337375353892
56,5;59,5;0,112544112077614
56,5;60;0,162426456359456
56,5;60,5;0,158906583309729
56,5;61;0,154712924555094
56,5;61,5;0,120731978060147
56,5;62;0,0691172916136042
56,5;62,5;0,0752613963315708
56,5;63;0,0989567815532852
56,5;63,5;0,0891262347139478
56,5;64;0,033179227102377
56,5;64,5;0,0451025620859765
56,5;65;0,0698669064392049
56,5;65,5;0,0735289058806127
56,5;66;0,345006797724611
56,5;66,5;0,367801536957413
56,5;67;0
56,5;67,5;0,0715283160713294
56,5;68;0,0545148853733797
56,5;68,5;0,047461074275964
56,5;69;0,0612293048937988
56,5;69,5;0,0647805660605898
56,5;70;0,100660712034877
56,5;70,5;0,061920549188171
56,5;71;0,0678350219582896
56,5;71,5;0
56,5;72;0
56,5;72,5;0
56,5;73;0,0904094390352394
56,5;73,5;0,0805907769743743
56,5;74;0,0978063140859274
56,5;74,5;0,0968001933938019
56,5;75;0,129800873135225
56,5;76,5;0
56,5;77;0,190918830920368
56,5;77,5;0
57;-22;0
57;-21,5;0,21167051302592
57;-21;0,222130923525175
57;-20,5;0,0690241503629949
57;-20;0,0580198241982859
57;-19,5;0,141994013958336
57;-19;0,0827107775762792
57;-18,5;0,167745938848009
57;-18;0,0714177848998413
57;-17,5;0,0524661795826607
57;-17;0
57;-16,5;0,0458221198403857
57;-16;0,0783512390882663
57;-15,5;0,0871940364933291
57;-15;0,0730838056415977
57;-14,5;0,0706873397434081
57;-14;0,00611010092660778
57;-13,5;0,222524476984315
57;-13;0,112821540496485
57;-12,5;0,0540266519495621
57;-12;0,0662369483999175
57;-11,5;0,0695192909787047
57;-11;0,0656807620235941
57;-10,5;0,0595502239010624
57;-10;0,0590510998090973
57;-9,5;0,129307060091372
57;-9;0,279973409451684
57;-8,5;0,158969271990625
57;-8;0,260116432400105
57;-7,5;0,354945335831549
57;-7;0,264549789092887
57;-6,5;0,285754665850373
57;-6;0
57;-5,5;0
57;-5;0,0443591403583673
57;-4,5;0,0394382812023236
57;-4;0,0477343491506581
57;-3,5;0,0485309062191042
57;-3;0,0406000217547377
57;-2,5;0,0300955275977541
57;-2;0,0370820878463106
57;-1,5;0,0651934983009396
57;-1;0,0427549757944274
57;-0,5;0,0675795191127369
57;0;0,0314375013709843
57;0,5;0,0543471010898516
57;1;0,0263450355368122
57;1,5;0,0371816200321752
57;2;0,0297845319074127
57;2,5;0,0455588251044851
57;3;0,0600175565084171
57;3,5;0,0269934064637991
57;4;0,0386344242708331
57;4,5;0,035850659759547
57;5;0,113210375132752
57;5,5;0,0966330487736376
57;6;0,0981455879581123
57;6,5;0,121861837036897
57;7;0,137232120967667
57;7,5;0,0691747173127051
57;8;0,0453776917468568
57;8,5;0,0218216924785009
57;9;0,020288026532178
57;9,5;0,0370656804761972
57;10;0,0248618617776833
57;10,5;0,0316629880680889
57;11;0,0531712064277505
57;11,5;0,0516270268269431
57;12;0,065682964545625
57;12,5;0,0281786533773176
57;13;0,119453037008236
57;13,5;0,201311127613478
57;14;0,0472786809192874
57;14,5;0,0296733507590023
57;15;0,0411457139957466
57;15,5;0,0282052837850495
57;16;0,0260996689076094
57;16,5;0,0712399612259278
57;17;0,061473134921717
57;17,5;0,038110411698819
57;18;0,0415124253693374
57;18,5;0,0308658414972064
57;19;0,0339783185812695
57;19,5;0,0247443034004703
57;20;0,0382952484052548
57;20,5;0,0457007963321005
57;21;0,0741004844122051
57;21,5;0,0874128437680296
57;22;0,155024358486458
57;22,5;0,127884331416737
57;23;0,0561139522505892
57;23,5;0,0624731801067664
57;24;0,0600198842166278
57;24,5;0,0499392868305706
57;25;0,029903425824361
57;25,5;0,0434581965334317
57;26;0,0650758806927258
57;26,5;0,0322983880551112
57;27;0,108381901252074
57;27,5;0,0482273305967227
57;28;0,050021768512992
57;28,5;0,0427030976841344
57;29;0,205513249859391
57;29,5;0,197109999564646
57;30;0,0260150915090817
57;30,5;0,035022600746164
57;31;0,0219223440483359
57;31,5;0,0342782474654076
57;32;0,0503910584391189
57;32,5;0,0629832847104971
57;33;0,0463540765479608
57;33,5;0,0952625237767096
57;34;0,0811047953690681
57;34,5;0,0301684813097588
57;35;0,0374820958092689
57;35,5;0,0231459524746138
57;36;0,0277244523830289
57;36,5;0,0329665454997334
57;37;0,0289870170162328
57;37,5;0,0881581959965579
57;38;0,119772978069064
57;38,5;0,0319212908238706
57;39;0,0373496747094208
57;39,5;0,0313246633774269
57;40;0,0519181205415221
57;40,5;0,022506417132343
57;41;0,24412318319125
57;41,5;0,378131094498438
57;42;0,0917745020615756
57;42,5;0,032441177105475
57;43;0,0656539688629026
57;43,5;0,0350756675058422
57;44;0,0470427241002488
57;44,5;0,0314442465722946
57;45;0,0348200861441848
57;45,5;0,0936882825073456
57;46;0,101087331059582
57;46,5;0,0916931937982256
57;47;0,0336841316986399
57;47,5;0,0421534893771164
57;48;0,033768903825061
57;48,5;0,0297364581524994
57;49;0,193015199471158
57;49,5;0,161574499818946
57;50;0,0455104502750397
57;50,5;0,0599258488392591
57;51;0,0713455437654421
57;51,5;0,145027064732589
57;52;0,0493508975935653
57;52,5;0,0359388347303047
57;53;0,12567797688487
57;53,5;0,17950298483129
57;54;0,233203983143124
57;54,5;0,082309002726461
57;55;0,132587176962742
57;55,5;0,106623893451021
57;56;0,0756033291743834
57;56,5;0,0424818502697232
57;57;0,044601943156474
57;57,5;0,0323048922085504
57;58;0,0318688150156139
57;58,5;0,0712810634039645
57;59;0,0873060332070094
57;59,5;0,0832446842920795
57;60;0,174744178094086
57;60,5;0,122630183771496
57;61;0,0522287208891266
57;61,5;0,108383193654121
57;62;0
57;62,5;0
57;63;0,0554556880160487
57;63,5;0,0186993761036743
57;64;0,0501674972245754
57;64,5;0,0911019422362126
57;65;0,0498637682552711
57;65,5;0,0843239436490459
57;66;0,350651097684996
57;66,5;0,043225635397939
57;67;0,0400682750647775
57;67,5;0,0323360332696985
57;68;0,0098657657246325
57;68,5;0
57;69;0,03263864344227
57;69,5;0,0772717581214159
57;70;0,107056727285785
57;70,5;0,0559374488907547
57;71;0,0695813524975235
57;71,5;0,0851606325324873
57;72;0,035528861507231
57;72,5;0,0966145104855561
57;73;0,183551082808029
57;73,5;0,0458594691322404
57;74;0,139951562087173
57;74,5;0,113778583997476
57;75;0,0875259961382902
57;77;0
57,5;-21,5;0,193917208101508
57,5;-21;0,190973919496471
57,5;-20,5;0,331559949330434
57,5;-20;0
57,5;-19,5;0,0372354158090948
57,5;-19;0
57,5;-18,5;0
57,5;-18;0,0395979797464467
57,5;-17,5;0,0594670777265314
57,5;-17;0,138352207547741
57,5;-16,5;0,0461112784468182
57,5;-16;0,00282842712474619
57,5;-15,5;0,0698498389404013
57,5;-15;0,0905228684139116
57,5;-14,5;0,0533147884424825
57,5;-14;0,0537734444994305
57,5;-13,5;0,0687849084928056
57,5;-13;0,0822029927424195
57,5;-12,5;0,0634919839518643
57,5;-12;0,0466736853101713
57,5;-11,5;0,0757129747497385
57,5;-11;0,0702028805993347
57,5;-10,5;0,058516949111632
57,5;-10;0,0508864117479784
57,5;-9,5;0,0890190834177906
57,5;-9;0,119655347974299
57,5;-8,5;0,242555378888939
57,5;-8;0,232589777559864
57,5;-7,5;0,108752739926672
57,5;-7;0,0503966088325215
57,5;-6,5;0,0556445048892498
57,5;-6;0,020235282717735
57,5;-5,5;0,0364776513446116
57,5;-5;0,0476349634574201
57,5;-4,5;0,0149749791318719
57,5;-4;0,140015475335169
57,5;-3,5;0,0753248836390611
57,5;-3;0,048115474898739
57,5;-2,5;0,0509362346468602
57,5;-2;0,0504257832401701
57,5;-1,5;0,0882973086080149
57,5;-1;0,0596817159312201
57,5;-0,5;0,0535911502317455
57,5;0;0,0574730488642781
57,5;0,5;0,0585707935161147
57,5;1;0,0229179137189834
57,5;1,5;0,022512526575528
57,5;2;0,0531322276348863
57,5;2,5;0,0404135231498091
57,5;3;0,0490621671159286
57,5;3,5;0,0822223795419196
57,5;4;0,095461048617076
57,5;4,5;0,0848683806195541
57,5;5;0,135211244521901
57,5;5,5;0,0823665587480744
57,5;6;0,0928638213612883
57,5;6,5;0,0908079320671702
57,5;7;0,0985329541983953
57,5;7,5;0,0911224148901512
57,5;8;0,0819845713696787
57,5;8,5;0,0477759919062605
57,5;9;0,0261386697377397
57,5;9,5;0,0530416255060605
57,5;10;0,0543424024431815
57,5;10,5;0,0560633939519732
57,5;11;0,036484459220397
57,5;11,5;0,0280075647550279
57,5;12;0,0586932481103012
57,5;12,5;0,0336482366540262
57,5;13;0,0278463415683055
57,5;13,5;0,0564537036573753
57,5;14;0,0274542910168537
57,5;14,5;0,0643211550658956
57,5;15;0,0477703463877539
57,5;15,5;0,0909040709700411
57,5;16;0,28671990160424
57,5;16,5;0,0365238388856629
57,5;17;0,0439006759023953
57,5;17,5;0,0248970652818585
57,5;18;0,0312632175556168
57,5;18,5;0,0440206866023104
57,5;19;0,0367592920981288
57,5;19,5;0,0206300699574488
57,5;20;0,0318972816129411
57,5;20,5;0,0294414911903044
57,5;21;0,0280526047610517
57,5;21,5;0,0648767505105197
57,5;22;0,145954078345069
57,5;22,5;0,152644915033125
57,5;23;0,0266154186468131
57,5;23,5;0,0618049444688959
57,5;24;0,0520300078915109
57,5;24,5;0,0555176202636662
57,5;25;0,0530706415751579
57,5;25,5;0,0431356638879985
57,5;26;0,0345576015326796
57,5;26,5;0,0293428859977625
57,5;27;0,036547639759481
57,5;27,5;0,0509674057389285
57,5;28;0,0323977162942023
57,5;28,5;0,0890415300695972
57,5;29;0,299985533258437
57,5;29,5;0,341219252459964
57,5;30;0,0376428674805064
57,5;30,5;0,0428662241719682
57,5;31;0,0449792782190594
57,5;31,5;0,0323807749885548
57,5;32;0,0551649318754429
57,5;32,5;0,0700547864294304
57,5;33;0,0281938807457296
57,5;33,5;0,127667731663168
57,5;34;0,0858650066736688
57,5;34,5;0,0455604422068201
57,5;35;0,042435157706577
57,5;35,5;0,0916145465785191
57,5;36;0,02775850590312
57,5;36,5;0,0319639804580183
57,5;37;0,0380094988775884
57,5;37,5;0,0387531647781232
57,5;38;0,116962837055626
57,5;38,5;0,0303775023176499
57,5;39;0,0304429320571249
57,5;39,5;0,0370303008144789
57,5;40;0,0285178065295387
57,5;40,5;0,0456221859236779
57,5;41;0,0277383572853736
57,5;41,5;0,0213473955031016
57,5;42;0,0220345015306242
57,5;42,5;0,046172165538595
57,5;43;0,0396703079561192
57,5;43,5;0,0313213890459013
57,5;44;0,0264170520743954
57,5;44,5;0,11285687133864
57,5;45;0,0472236155442112
57,5;45,5;0,06358282081869
57,5;46;0,158283277954953
57,5;46,5;0,0465042624774485
57,5;47;0,0894274703421193
57,5;47,5;0,0852123219209671
57,5;48;0,0274387173082179
57,5;48,5;0,0153665553202064
57,5;49;0,090087094517832
57,5;49,5;0,0963174836551374
57,5;50;0,0330891824387027
57,5;50,5;0,0560268300816784
57,5;51;0,0690225229267315
57,5;51,5;0,147179054698799
57,5;52;0,047127425616135
57,5;52,5;0,0565391785533235
57,5;53;0,113091138617501
57,5;53,5;0,255907000192847
57,5;54;0,179347862059621
57,5;54,5;0,0317541985532575
57,5;55;0,0796461853822164
57,5;55,5;0,0686376587969622
57,5;56;0,0294983702287744
57,5;56,5;0,039071672452498
57,5;57;0,0337661274140849
57,5;57,5;0,0656465686400009
57,5;58;0,0274523938586679
57,5;58,5;0,0540378211173536
57,5;59;0,0425747098691704
57,5;59,5;0,024555758878879
57,5;60;0,0585629960463846
57,5;60,5;0,0849055367223655
57,5;61;0,0539689725675781
57,5;61,5;0,132224879563228
57,5;62;0,113650909220589
57,5;62,5;0
57,5;63;0,0700035713374682
57,5;63,5;0,0529386437302657
57,5;64;0,0411954205957735
57,5;64,5;0,0518041859718935
57,5;65;0,0679295897725481
57,5;65,5;0,0470139215927518
57,5;66;0,0338268701309646
57,5;66,5;0,0417296168151617
57,5;67;0,0591724834335937
57,5;67,5;0,111793544691164
57,5;68;0,161271707488833
57,5;68,5;0
57,5;69;0,0354890996008097
57,5;69,5;0,039122588399503
57,5;70;0,0592846242011086
57,5;70,5;0,0722816183613868
57,5;71;0,0413654445159242
57,5;71,5;0,0669697278211913
57,5;72;0,0728814105242208
57,5;72,5;0,0801466419167161
57,5;73;0,0494267134250296
57,5;73,5;0,184162642215729
57,5;74;0,0821404806326245
57,5;74,5;0
57,5;75;0
57,5;76;0
57,5;76,5;0
57,5;77;0
58;-21,5;0,25961317377976
58;-21;0,083177651115078
58;-20,5;0,259776530095071
58;-20;0
58;-19,5;0
58;-19;0
58;-18,5;0
58;-18;0,0236431808350738
58;-17,5;0
58;-17;0,118079805977611
58;-16,5;0,0850025209710193
58;-16;0,0602210671034392
58;-15,5;0,0667489189561762
58;-15;0,403174274028112
58;-14,5;0,05976286472384
58;-14;0,0567168405325967
58;-13,5;0,062497272667766
58;-13;0,0650374326604212
58;-12,5;0,0479528359377678
58;-12;0,0963394648631524
58;-11,5;0,0763832442358925
58;-11;0,0794613113408028
58;-10,5;0,130251704840116
58;-10;0,106405656535215
58;-9,5;0,0837573605992062
58;-9;0,0521301421841331
58;-8,5;0,0529425718672215
58;-8;0,11663375726321
58;-7,5;0,11563650538842
58;-7;0,066158447815765
58;-6,5;0,0504501516650872
58;-6;0,0412201526588837
58;-5,5;0,0270988220010788
58;-5;0,0450208652391123
58;-4,5;0,035100332382092
58;-4;0,053986109324529
58;-3,5;0,0226539179834306
58;-3;0
58;-2,5;0
58;-2;0,0438406204335659
58;-1,5;0,0683735295623092
58;-1;0,0522523074497433
58;-0,5;0,0705145589953098
58;0;0,0590153638069453
58;0,5;0,0318173346386078
58;1;0,0377223577098044
58;1,5;0,056843165162583
58;2;0,0388242005505213
58;2,5;0,0283814564585236
58;3;0,0774332768457289
58;3,5;0,0432578256215408
58;4;0,0433552287595429
58;4,5;0,0544090563421177
58;5;0,105820856466796
58;5,5;0,0626278892049354
58;6;0,115697298011119
58;6,5;0,110514986368282
58;7;0,0513679280448467
58;7,5;0,103482303427864
58;8;0,112088954200876
58;8,5;0,0362616960786987
58;9;0,0214910594053814
58;9,5;0,145273233175378
58;10;0,343389944110506
58;10,5;0,149100570496307
58;11;0,0478183874332677
58;11,5;0,0642219090984332
58;12;0,0664988174509289
58;12,5;0,0397725825997084
58;13;0,0342031535235526
58;13,5;0,0629470328718393
58;14;0,0282922202517928
58;14,5;0,0449992891825641
58;15;0,223021298676381
58;15,5;0,316174222769237
58;16;0,17298545112083
58;16,5;0,0561355151840053
58;17;0,0389588838032224
58;17,5;0,0307498014086246
58;18;0,0294037822598096
58;18,5;0,0493675616204697
58;19;0,0586447291350139
58;19,5;0,0308308739827918
58;20;0,0314243962395591
58;20,5;0,0315402373940164
58;21;0,0277978999790136
58;21,5;0,0561184695669704
58;22;0,150853822753936
58;22,5;0,115119624065736
58;23;0,100962893591423
58;23,5;0,0534023014213943
58;24;0,0229189612680679
58;24,5;0,0445879443640172
58;25;0,0468897747957074
58;25,5;0,0229072930992509
58;26;0,0704421167109755
58;26,5;0,0405325464895801
58;27;0,0226209807615561
58;27,5;0,0408852005643534
58;28;0,0410743637971976
58;28,5;0,0356503914876561
58;29;0,0426494373914114
58;29,5;0,0815618117237023
58;30;0,0259252129531595
58;30,5;0,0525340890255568
58;31;0,0528597728384115
58;31,5;0,043379101962058
58;32;0,0664268890922412
58;32,5;0,0660450774007841
58;33;0,073219865395098
58;33,5;0,106245229623247
58;34;0,0512521422103437
58;34,5;0,0735981959319958
58;35;0,0318173116146321
58;35,5;0,0327039508767428
58;36;0,054164305498843
58;36,5;0,0993562504490197
58;37;0,114457275806015
58;37,5;0,0507007787466548
58;38;0,0325443139295639
58;38,5;0,0387825818777658
58;39;0,0362698714007725
58;39,5;0,047033544856163
58;40;0,0375725875289826
58;40,5;0,192152829091739
58;41;0,219889845660207
58;41,5;0,0349575505085633
58;42;0,0534340341767619
58;42,5;0,0543245970599877
58;43;0,0369112422869041
58;43,5;0,0388289334593555
58;44;0,12332370993852
58;44,5;0,17098573580489
58;45;0,181273058796872
58;45,5;0,122464464633784
58;46;0,0463144599569284
58;46,5;0,212356113010157
58;47;0,258540327628208
58;47,5;0,340835320451338
58;48;0,0230814758414023
58;48,5;0,0277326725216998
58;49;0,04323967808938
58;49,5;0,0187077465915815
58;50;0,0327586625715215
58;50,5;0,0670744864139025
58;51;0,0823347811082906
58;51,5;0,0576467013673998
58;52;0,0599618380167638
58;52,5;0,176834084002865
58;53;0,202668308762869
58;53,5;0,182495400112636
58;54;0,203635600009561
58;54,5;0,165773616750482
58;55;0,0538922000921212
58;55,5;0,0392116303769062
58;56;0,0160014795717411
58;56,5;0,067245297930611
58;57;0,0540918762633932
58;57,5;0,0419888452201723
58;58;0,0417516060162752
58;58,5;0,0513769558023533
58;59;0,0546019659601812
58;59,5;0,054917241455584
58;60;0,053586129612762
58;60,5;0,0442153819388683
58;61;0,0324807635378234
58;61,5;0,134838016820709
58;62;0,115550952948354
58;62,5;0
58;63;0,0790805496524482
58;63,5;0,0515852299375744
58;64;0,0359578081084479
58;64,5;0,0529270179659617
58;65;0,102021678700662
58;65,5;0,0451769009666708
58;66;0,0250627783205066
58;66,5;0,0439509516830541
58;67;0,0512802193583052
58;67,5;0,0804305852980283
58;68;0,222031529292576
58;68,5;0,079017192222115
58;69;0,357169939449359
58;69,5;0,313044388982911
58;70;0,0273445847616941
58;70,5;0,0325269119345812
58;71;0,0735391052434009
58;71,5;0
58;72;0,0676375963828139
58;72,5;0,106207046653663
58;73;0,0568181309090681
58;73,5;0,0462174810602607
58;74;0,108486208123158
58;74,5;0,065819391577956
58;75;0
58;75,5;0
58;76;0
58;76,5;0
58;77;0
58,5;-21,5;0,0872477315846473
58,5;-21;0,0804974119666796
58,5;-20,5;0,103411302263812
58,5;-20;0,0838465860962747
58,5;-19,5;0,0601276420070947
58,5;-19;0,0936963179639413
58,5;-18,5;0
58,5;-18;0
58,5;-17,5;0
58,5;-17;0,066297310151569
58,5;-16,5;0,0906008616351537
58,5;-16;0,0515503751341403
58,5;-15,5;0,232382289711218
58,5;-15;0,352548447782467
58,5;-14,5;0,352228411432976
58,5;-14;0,18977227495045
58,5;-13,5;0,0523703924814203
58,5;-13;0,0473133551064451
58,5;-12,5;0,0312200968038929
58,5;-12;0,121761557907769
58,5;-11,5;0,14272741024892
58,5;-11;0,00989949493661165
58,5;-10,5;0,0778598741329576
58,5;-10;0,094953672914743
58,5;-9,5;0,0100166528008778
58,5;-9;0,0641697942960705
58,5;-8,5;0,0956207995238866
58,5;-8;0,0838350421107683
58,5;-7,5;0,0994467491373071
58,5;-7;0,0511263037601019
58,5;-6,5;0,0533622366649562
58,5;-6;0,0558844095154521
58,5;-5,5;0,0490423235068394
58,5;-5;0,034646425355525
58,5;-4,5;0,0258074980500346
58,5;-4;0,0342733434167943
58,5;-3,5;0,0308284934986452
58,5;-3;0,0236403817029003
58,5;-2,5;0,0256177254482684
58,5;-2;0
58,5;-1,5;0,0196129209111409
58,5;-1;0,0755026790614382
58,5;-0,5;0,044561970678699
58,5;0;0,0565818248521596
58,5;0,5;0,0278978629343274
58,5;1;0,0449214545048347
58,5;1,5;0,0353712003778261
58,5;2;0,0281823295254135
58,5;2,5;0,0495674091392771
58,5;3;0,0483971550339957
58,5;3,5;0,0502317635558425
58,5;4;0,0837570181849742
58,5;4,5;0,0754813612584981
58,5;5;0,0739330628955385
58,5;5,5;0,0882891394900796
58,5;6;0,152256042182083
58,5;6,5;0,128473099111889
58,5;7;0,0718173187520063
58,5;7,5;0,117215831842665
58,5;8;0,0245954739263617
58,5;8,5;0,0513931284593047
58,5;9;0,0359889719385047
58,5;9,5;0,0334203711186944
58,5;10;0,314907062414853
58,5;10,5;0,170455285548981
58,5;11;0,0505709479310788
58,5;11,5;0,0547769500075577
58,5;12;0,0492481801417556
58,5;12,5;0,0354833279124631
58,5;13;0,0242941208100221
58,5;13,5;0,0315405920579881
58,5;14;0,0192846597558293
58,5;14,5;0,0223953419104445
58,5;15;0,243650012036496
58,5;15,5;0,187900851700917
58,5;16;0,256108563557886
58,5;16,5;0,221718198785544
58,5;17;0,0422133209944232
58,5;17,5;0,0366872835810554
58,5;18;0,0853182630214901
58,5;18,5;0,142785984062429
58,5;19;0,0671649419744821
58,5;19,5;0,0466959413703017
58,5;20;0,0286800519203027
58,5;20,5;0,0265957072771081
58,5;21;0,0376780893121899
58,5;21,5;0,0452561055297437
58,5;22;0,0970393205791655
58,5;22,5;0,295273702859021
58,5;23;0,334592599953922
58,5;23,5;0,115666102272248
58,5;24;0,0377268607495961
58,5;24,5;0,0320702101492276
58,5;25;0,083441153939761
58,5;25,5;0,0312680823717511
58,5;26;0,0257930665666796
58,5;26,5;0,0298876270040611
58,5;27;0,0307899324484394
58,5;27,5;0,197576351351327
58,5;28;0,0633407467241044
58,5;28,5;0,0407652267689982
58,5;29;0,0433461209169542
58,5;29,5;0,0541100903165294
58,5;30;0,0251168210738282
58,5;30,5;0,0424239895336964
58,5;31;0,0283744018432128
58,5;31,5;0,0252391403551835
58,5;32;0,105486499992522
58,5;32,5;0,0847533667813735
58,5;33;0,0454775239748191
58,5;33,5;0,103815071195197
58,5;34;0,0431742262418823
58,5;34,5;0,0997016158566355
58,5;35;0,0557620831398414
58,5;35,5;0,029991386819524
58,5;36;0,025313861898136
58,5;36,5;0,0907873098051862
58,5;37;0,0680161104687189
58,5;37,5;0,0613813212356875
58,5;38;0,0365515909467787
58,5;38,5;0,0289310812194154
58,5;39;0,0406439367658683
58,5;39,5;0,0371398296546809
58,5;40;0,036420532182016
58,5;40,5;0,0362403041084547
58,5;41;0,0218853630915061
58,5;41,5;0,0233603470078021
58,5;42;0,0446387619527109
58,5;42,5;0,0491477895242895
58,5;43;0,0528380746044177
58,5;43,5;0,0466916392266267
58,5;44;0,0476780085967118
58,5;44,5;0,129994064567851
58,5;45;0,0885759989585846
58,5;45,5;0,0280849239839112
58,5;46;0,0313517486411387
58,5;46,5;0,126574690641235
58,5;47;0,36913345372382
58,5;47,5;0,159603491761804
58,5;48;0,0563827803149329
58,5;48,5;0,0436545763807245
58,5;49;0,0526336360411533
58,5;49,5;0,0281141667252716
58,5;50;0,0693023776026182
58,5;50,5;0,0664572449733371
58,5;51;0,0452162330005908
58,5;51,5;0,0675340427539553
58,5;52;0,0548673267357135
58,5;52,5;0,0405038605292142
58,5;53;0,251117251918561
58,5;53,5;0,175245020517324
58,5;54;0,282532303492161
58,5;54,5;0,0431848622879252
58,5;55;0,0355270328106897
58,5;55,5;0,0242293735716743
58,5;56;0,0513580706938841
58,5;56,5;0,0439591424828472
58,5;57;0,016346253393362
58,5;57,5;0,027740038862582
58,5;58;0,0698942419771436
58,5;58,5;0,0612157501164319
58,5;59;0,0382942214643891
58,5;59,5;0,0566430309693389
58,5;60;0,0665845086703491
58,5;60,5;0,062449979983984
58,5;61;0,0959453758735415
58,5;61,5;0,172016408442212
58,5;62;0,11614179875229
58,5;62,5;0
58,5;63;0
58,5;63,5;0,0700241554960942
58,5;64;0,0509062188901624
58,5;64,5;0,125151718027571
58,5;65;0,112191749037924
58,5;65,5;0,0014142135623731
58,5;66;0,0636718510441201
58,5;66,5;0,0651331968609966
58,5;67;0,0883579031418189
58,5;67,5;0,061660360037872
58,5;68;0,0606696844071288
58,5;68,5;0,0695398367045026
58,5;69;0,356434300698299
58,5;69,5;0,0725035422332153
58,5;70;0,0639927079179078
58,5;70,5;0,0650493050532601
58,5;71;0,107743522620465
58,5;71,5;0
58,5;72;0,0666018017774294
58,5;72,5;0,0947134034225293
58,5;73;0,0635362975873721
58,5;73,5;0,0212132034355964
58,5;74;0,0919356038929309
58,5;74,5;0,082078823903205
58,5;75;0
58,5;75,5;0,0668643735067072
58,5;76;0,0591849556421138
58,5;76,5;0
59;-21,5;0,0381837661840736
59;-21;0,090378912507769
59;-20,5;0,141988090081062
59;-20;0,127885744461076
59;-19,5;0,400862932820049
59;-19;0,28567957256657
59;-18,5;0
59;-18;0
59;-17,5;0
59;-17;0
59;-16,5;0
59;-16;0,043096790290384
59;-15,5;0,239585912615516
59;-15;0,310700216186961
59;-14,5;0,278262138287543
59;-14;0,372872593032688
59;-13,5;0,0748862575306816
59;-13;0,0713103090244333
59;-12,5;0,0487613856168252
59;-12;0,0565685424949238
59;-11,5;0
59;-11;0
59;-10,5;0,0723307354733632
59;-10;0,0465596391738596
59;-9,5;0
59;-9;0
59;-8,5;0,0508202888065974
59;-8;0,0640580993834375
59;-7,5;0,095782612323581
59;-7;0,102206358341722
59;-6,5;0,0763661633781016
59;-6;0,0377774861728313
59;-5,5;0,0835631751000657
59;-5;0,0329994402102095
59;-4,5;0,0404387303100741
59;-4;0,0337269467639802
59;-3,5;0,0430185557284557
59;-3;0,0418355123806778
59;-2,5;0,0285763445189084
59;-2;0,096939835117732
59;-1,5;0,071507949804521
59;-1;0,0608264712756144
59;-0,5;0,0379408374032143
59;0;0,0220917605441626
59;0,5;0,0175241430100103
59;1;0,0460983182454083
59;1,5;0,0477671117998249
59;2;0,118416613248478
59;2,5;0,114915268762423
59;3;0,305420215475974
59;3,5;0,0575745670346792
59;4;0,0377272582424532
59;4,5;0,024355892999632
59;5;0,0728102556878722
59;5,5;0,129575990622025
59;6;0,178160730655044
59;6,5;0,194958082045018
59;7;0,0520432289267262
59;7,5;0,107418077115808
59;8;0,154521532816521
59;8,5;0,0401509306793274
59;9;0,0234575977130954
59;9,5;0,0290813800681238
59;10;0,0192753178647689
59;10,5;0,0417538769862901
59;11;0,0407337535215967
59;11,5;0,0340267016491574
59;12;0,038963914929928
59;12,5;0,0360115290704061
59;13;0,0401530989009734
59;13,5;0,0878331728584397
59;14;0,0633416381676629
59;14,5;0,0699930541666739
59;15;0,15738489344497
59;15,5;0,128076107483699
59;16;0,163582718548209
59;16,5;0,043155009883544
59;17;0,0837813331459953
59;17,5;0,0441653329940781
59;18;0,314153048645303
59;18,5;0,214832351923517
59;19;0,146298798541297
59;19,5;0,0536646566762105
59;20;0,0321369355499087
59;20,5;0,134438666639175
59;21;0,32182778595007
59;21,5;0,298608847943112
59;22;0,257691325761758
59;22,5;0,2328604776222
59;23;0,143326841827256
59;23,5;0,247465536697562
59;24;0,0790511570704292
59;24,5;0,0437046104570972
59;25;0,0840380998232689
59;25,5;0,0325732773573379
59;26;0,0282083601002801
59;26,5;0,0344711871978862
59;27;0,0259771299501
59;27,5;0,0847639265802365
59;28;0,0241267091220235
59;28,5;0,0359604216935043
59;29;0,0319476714563768
59;29,5;0,0319807773235232
59;30;0,151157596949152
59;30,5;0,183978273167858
59;31;0,0325305512684248
59;31,5;0,0323217159467775
59;32;0,120963263412019
59;32,5;0,0947243505814396
59;33;0,0541574550880857
59;33,5;0,188568155602683
59;34;0,0682015474189288
59;34,5;0,0823643289516655
59;35;0,0373841466121569
59;35,5;0,0268561890293209
59;36;0,029569700718983
59;36,5;0,0378346803799513
59;37;0,0327904509760643
59;37,5;0,0560251212512076
59;38;0,0461894171748591
59;38,5;0,0328243255001198
59;39;0,0720620336562733
59;39,5;0,0558488199183699
59;40;0,0453570336794822
59;40,5;0,036125540593818
59;41;0,0534517662619918
59;41,5;0,0185616017048971
59;42;0,0505278010712871
59;42,5;0,0546056623184445
59;43;0,0318669131742532
59;43,5;0,129957675967976
59;44;0,0713428089056584
59;44,5;0,0827183398938184
59;45;0,042296379828024
59;45,5;0,0234723241286414
59;46;0,0329978837287865
59;46,5;0,0341499600184779
59;47;0,0462141611744119
59;47,5;0,0198687932007755
59;48;0,0599478483954789
59;48,5;0,0715571394963043
59;49;0,0209446098230464
59;49,5;0,0404562455817882
59;50;0,0785996789733033
59;50,5;0,0803387061160419
59;51;0,0740707796910523
59;51,5;0,14169882350476
59;52;0,1139779337756
59;52,5;0,0451243524957497
59;53;0,10461478027627
59;53,5;0,102931704453909
59;54;0,0837893813827004
59;54,5;0,0736148894453557
59;55;0,0495947624734544
59;55,5;0,0351517296783371
59;56;0,0285125752731034
59;56,5;0,0258766461937197
59;57;0,0432315924785948
59;57,5;0,031485552079634
59;58;0,0525113725714871
59;58,5;0,079295067989041
59;59;0,058372623437306
59;59,5;0,0616327362080751
59;60;0,0464637664327735
59;60,5;0,0415018071895671
59;61;0,0912882666011773
59;61,5;0,0318741531685414
59;62;0,0463057796093017
59;62,5;0
59;63;0,0943707543983531
59;63,5;0,0750487586604242
59;64;0,0683131397131713
59;64,5;0,108243090618601
59;65;0,0822909211208912
59;65,5;0,064730209330729
59;66;0,0622194881518834
59;66,5;0,0314601905547883
59;67;0,053195118086487
59;67,5;0,0261572169773468
59;68;0,0547771480428875
59;68,5;0,0650002249208884
59;69;0,0871703040304547
59;69,5;0,062476315858812
59;70;0,0872713961505128
59;70,5;0,0720486301191134
59;71;0,100332265028739
59;71,5;0,0777699599245535
59;72;0,102887548415965
59;72,5;0,0600288819375029
59;73;0,0568624070307733
59;73,5;0,0516809120146565
59;74;0,0877341312020457
59;74,5;0,0268948570052591
59;75;0
59;75,5;0,101667595624171
59;76;0
59,5;-21;0
59,5;-20,5;0,227569434720587
59,5;-20;0,316914445536132
59,5;-19,5;0,0759181377298181
59,5;-19;0,228392880126128
59,5;-18,5;0,120374831256372
59,5;-18;0,0510685813392148
59,5;-17,5;0,0402773864239334
59,5;-17;0,0746584503624762
59,5;-16,5;0,0776546843403539
59,5;-16;0,145354738484853
59,5;-15,5;0,267656166253149
59,5;-15;0,247250234502494
59,5;-14,5;0,137750983057593
59,5;-14;0,41713754960938
59,5;-13,5;0,332510204276068
59,5;-13;0,0641135051175767
59,5;-12,5;0,0874113264971994
59,5;-12;0,0621079705029878
59,5;-11,5;0,0110770032048384
59,5;-11;0,0786456792019934
59,5;-10,5;0,065079610718145
59,5;-10;0,0755785008342967
59,5;-9,5;0,0736705015798746
59,5;-9;0,0609565170404032
59,5;-8,5;0,0843360095095802
59,5;-8;0,0459485878702787
59,5;-7,5;0,080442404983196
59,5;-7;0,0850497766965266
59,5;-6,5;0,0649381966777266
59,5;-6;0,0609955635582159
59,5;-5,5;0,0788445112103347
59,5;-5;0,0468885749574293
59,5;-4,5;0,0476377651308987
59,5;-4;0,0713897751782425
59,5;-3,5;0,0693500816403947
59,5;-3;0,0545855901561065
59,5;-2,5;0,0524257261935139
59,5;-2;0,0797172840615588
59,5;-1,5;0,0766675153853345
59,5;-1;0,0475271585875502
59,5;-0,5;0,0574281715267906
59,5;0;0,0464367310593118
59,5;0,5;0,0321687745281789
59,5;1;0,0301600444765634
59,5;1,5;0,0176243878650876
59,5;2;0
59,5;2,5;0,0309025349553506
59,5;3;0,236730861721208
59,5;3,5;0,0653707444090927
59,5;4;0,057831094437776
59,5;4,5;0,0211641205817771
59,5;5;0,0311897419033887
59,5;5,5;0,130613098028177
59,5;6;0,206640312191819
59,5;6,5;0,155421841256291
59,5;7;0,0744844223087396
59,5;7,5;0,113110771134081
59,5;8;0,142878200862448
59,5;8,5;0,117943928214903
59,5;9;0,0747650820790774
59,5;9,5;0,0181094794721783
59,5;10;0,0211424222879504
59,5;10,5;0,0275742311772689
59,5;11;0,031224312910005
59,5;11,5;0,0213184822071324
59,5;12;0,0198481459242878
59,5;12,5;0,0185154977225561
59,5;13;0,0336882431609713
59,5;13,5;0,057962815554569
59,5;14;0,0459527128890379
59,5;14,5;0,0638427756288838
59,5;15;0,0265688848641267
59,5;15,5;0,0746125557942017
59,5;16;0,046520701061357
59,5;16,5;0,0450625061049451
59,5;17;0,0676360771167202
59,5;17,5;0,0457490597781882
59,5;18;0,301416739152001
59,5;18,5;0,350335638009123
59,5;19;0,133913151701945
59,5;19,5;0,0292536176222011
59,5;20;0,0435291396784665
59,5;20,5;0,386567908597052
59,5;21;0,258622816748951
59,5;21,5;0,287873038263201
59,5;22;0,263964425577924
59,5;22,5;0,272445677410357
59,5;23;0,179049975138191
59,5;23,5;0,239377499051898
59,5;24;0,220041674810939
59,5;24,5;0,0935784141290131
59,5;25;0,232158931936446
59,5;25,5;0,0234905994913457
59,5;26;0,0255891274475346
59,5;26,5;0,0309621425287794
59,5;27;0,0459703891725127
59,5;27,5;0,0657845903303347
59,5;28;0,0579746728419531
59,5;28,5;0,0632234133845998
59,5;29;0,0241098832359445
59,5;29,5;0,0307761594224412
59,5;30;0,258539602979002
59,5;30,5;0,334310297169244
59,5;31;0,0599978865429917
59,5;31,5;0,0720946374714288
59,5;32;0,100504365718336
59,5;32,5;0,0466875527641867
59,5;33;0,080244586192815
59,5;33,5;0,16906459482545
59,5;34;0,121760596105701
59,5;34,5;0,125548589043935
59,5;35;0,0273650777471233
59,5;35,5;0,0320412438015104
59,5;36;0,0702870875991546
59,5;36,5;0,042981647135015
59,5;37;0,0383885478006253
59,5;37,5;0,0450951761359034
59,5;38;0,0469344975345804
59,5;38,5;0,0311680999793593
59,5;39;0,0900759864410784
59,5;39,5;0,116152638366285
59,5;40;0,032833413740445
59,5;40,5;0,0377998972406667
59,5;41;0,0982921728301365
59,5;41,5;0,0649023485394664
59,5;42;0,056561288167662
59,5;42,5;0,0275439857039497
59,5;43;0,0337599310159106
59,5;43,5;0,0849565207755245
59,5;44;0,064858967517882
59,5;44,5;0,0401321730850276
59,5;45;0,0461273465038985
59,5;45,5;0,0287992006685636
59,5;46;0,0425332198803292
59,5;46,5;0,0293593727021592
59,5;47;0,0419731750764393
59,5;47,5;0,0245473912650458
59,5;48;0,0166012287423542
59,5;48,5;0,0631864507369614
59,5;49;0,03646595319101
59,5;49,5;0,0291048797721048
59,5;50;0,0428682501239189
59,5;50,5;0,0585604330954299
59,5;51;0,05842387729518
59,5;51,5;0,0319044769926403
59,5;52;0,0173156204712226
59,5;52,5;0,180383460632251
59,5;53;0,238234771494856
59,5;53,5;0,245886114354782
59,5;54;0,0697961127463225
59,5;54,5;0,0508030630918274
59,5;55;0,0464128233180246
59,5;55,5;0,0265599509689893
59,5;56;0,0561066608393136
59,5;56,5;0,049802750022207
59,5;57;0,0462460809150354
59,5;57,5;0,0436635044587768
59,5;58;0,0633090440107418
59,5;58,5;0,209918181609638
59,5;59;0,214295103005164
59,5;59,5;0,0371234243285797
59,5;60;0,0343650985739893
59,5;60,5;0,0802763137526108
59,5;61;0,0428038923769133
59,5;61,5;0,0249130487897407
59,5;62;0,0406193978767653
59,5;62,5;0,0221451551075363
59,5;63;0,0920244179905176
59,5;63,5;0,0838276850707075
59,5;64;0,284573815356444
59,5;64,5;0,0794545642350254
59,5;65;0,118669662883523
59,5;65,5;0,0203469899493758
59,5;66;0,0957178223485653
59,5;66,5;0,133630086432659
59,5;67;0,0431672635648608
59,5;67,5;0,037176122747862
59,5;68;0,0465760096543776
59,5;68,5;0,0544540592170812
59,5;69;0,0660302401240329
59,5;69,5;0,0512747874753778
59,5;70;0,161401635887907
59,5;70,5;0,247379252973328
59,5;71;0,234031534498633
59,5;71,5;0,0966638266603148
59,5;72;0,0772879101323847
59,5;72,5;0
59,5;73;0
59,5;73,5;0
59,5;74;0,0507090792096022
59,5;74,5;0,0584952989564119
59,5;75;0,0345335585578241
59,5;75,5;0
59,5;76;0
60;-20,5;0,331191638655253
60;-20;0,258101097228922
60;-19,5;0,269227908409709
60;-19;0
60;-18,5;0,0465106234664522
60;-18;0
60;-17,5;0,0569641700252594
60;-17;0,0294957624075053
60;-16,5;0,113615918440494
60;-16;0,10654397705933
60;-15,5;0,172155019239494
60;-15;0,289728068004863
60;-14,5;0,23882524992136
60;-14;0,437497809518326
60;-13,5;0
60;-13;0,0496457090650484
60;-12,5;0,0508386038002976
60;-12;0,0517061676957186
60;-11,5;0,0666133119829162
60;-11;0
60;-10,5;0,0698713102782537
60;-10;0,0841961080774201
60;-9,5;0,0644160704188414
60;-9;0,268027600248036
60;-8,5;0,0987457692665967
60;-8;0,0950242074421039
60;-7,5;0,0741213680929947
60;-7;0,114936214194367
60;-6,5;0,0867816486675296
60;-6;0,0628691321538462
60;-5,5;0,0695481518151746
60;-5;0,05530714130996
60;-4,5;0,0610515610238451
60;-4;0,0583994307035052
60;-3,5;0
60;-3;0
60;-2,5;0
60;-2;0,0972213968218931
60;-1,5;0,0703413421237092
60;-1;0,0688703401714721
60;-0,5;0,0548926017240924
60;0;0,0459861076471027
60;0,5;0,0560286971457141
60;1;0,212491813345985
60;1,5;0,0312441456701165
60;2;0,0185445409757157
60;2,5;0,0213697605664328
60;3;0,05986492732652
60;3,5;0,0747194753728906
60;4;0,030548322376196
60;4,5;0,0220237245815608
60;5;0,0496496549363046
60;5,5;0,0922329516979554
60;6;0,119041729378119
60;6,5;0,109340876495148
60;7;0,0364292509198397
60;7,5;0,0177589309821743
60;8;0,0392925838149789
60;8,5;0,128350335696754
60;9;0,122060995100084
60;9,5;0,0333372271151269
60;10;0,0261089346888806
60;10,5;0,0229576725381782
60;11;0,0343570888916619
60;11,5;0,0170442154906039
60;12;0,032740992595733
60;12,5;0,020391573902374
60;13;0,0543521054433057
60;13,5;0,0366090431562521
60;14;0,0377822548359386
60;14,5;0,0350735054750587
60;15;0,0404859563268305
60;15,5;0,0258765832554379
60;16;0,047313872563952
60;16,5;0,0351843048920177
60;17;0,0372818966768031
60;17,5;0,0505301373055665
60;18;0,0444575050128336
60;18,5;0,0475882115758403
60;19;0,0282685901793994
60;19,5;0,0337003603202441
60;20;0,0531973717213197
60;20,5;0,25062906927429
60;21;0,22211299756712
60;21,5;0,215957971310728
60;22;0,263237804441425
60;22,5;0,190703840829601
60;23;0,217572295793505
60;23,5;0,155273908537337
60;24;0,155788940236868
60;24,5;0,0724750326561152
60;25;0,132082539457683
60;25,5;0,0289646698728008
60;26;0,0242544503410104
60;26,5;0,0348715035965672
60;27;0,0585802132682583
60;27,5;0,0595762692819732
60;28;0,0884558852052874
60;28,5;0,054714822909214
60;29;0,0478395455718247
60;29,5;0,0548912593236852
60;30;0,0351531453253342
60;30,5;0,0402843873323785
60;31;0,0706504350775103
60;31,5;0,0916516533871232
60;32;0,119567547699916
60;32,5;0,0948820695717723
60;33;0,130361075447428
60;33,5;0,148461991530027
60;34;0,0850103462092936
60;34,5;0,0201939414376109
60;35;0,0342498215723559
60;35,5;0,0431600621684742
60;36;0,0607440102611665
60;36,5;0,0507693279022618
60;37;0,0852567448065782
60;37,5;0,19946116753128
60;38;0,325185546940753
60;38,5;0,189878680860644
60;39;0,0349942932522446
60;39,5;0,0338518934286582
60;40;0,0461309418451239
60;40,5;0,0406983494424981
60;41;0,0479260072811521
60;41,5;0,0276499917950459
60;42;0,0410549130111481
60;42,5;0,0255418465340654
60;43;0,0303000740982283
60;43,5;0,0716296934229362
60;44;0,0207551485293695
60;44,5;0,0359752146079416
60;45;0,0367142879488556
60;45,5;0,0328432034130389
60;46;0,0368830877419328
60;46,5;0,0238305236512725
60;47;0,028112349876139
60;47,5;0,023516688330915
60;48;0,0218672637509343
60;48,5;0,0390988113251846
60;49;0,0453672074507241
60;49,5;0,0326866516948004
60;50;0,0374353821920727
60;50,5;0,077871806508413
60;51;0,0667420514876611
60;51,5;0,0545857259314118
60;52;0,0972912952619673
60;52,5;0,126563719129931
60;53;0,161235761976588
60;53,5;0,218638669729841
60;54;0,117090434924203
60;54,5;0,0222637531203724
60;55;0,0431619246149402
60;55,5;0,0272524127779799
60;56;0,0384603756656476
60;56,5;0,118710921466862
60;57;0,0604504334307107
60;57,5;0,040818927888292
60;58;0,0968126768106578
60;58,5;0,356121526148222
60;59;0,100282314607067
60;59,5;0,0459140558990439
60;60;0,0210385134365299
60;60,5;0,0524840439210829
60;61;0,0466363650968914
60;61,5;0,0376985163852879
60;62;0,0391363651890911
60;62,5;0,0732547088020519
60;63;0,0617645169620516
60;63,5;0,108517220658692
60;64;0,28080776537143
60;64,5;0,205171774722687
60;65;0,035082284228178
60;65,5;0,0331804191864917
60;66;0,0337781532408691
60;66,5;0,0515343158903435
60;67;0,0595909033122989
60;67,5;0,0498349644748597
60;68;0,0225684145064143
60;68,5;0,0871779788708135
60;69;0,0510401286914728
60;69,5;0,078067545540171
60;70;0,189134884896163
60;70,5;0,187814412508996
60;71;0,0159478316185409
60;71,5;0,06449496104348
60;72;0,0964625751734366
60;72,5;0,112090763139906
60;73;0
60;73,5;0
60;74;0,101337554736633
60;74,5;0
60;75;0,0641467068523397
60;75,5;0
60;76;0
60,5;-20,5;0
60,5;-20;0,25368623510619
60,5;-19,5;0,177674562050959
60,5;-19;0
60,5;-18,5;0,0806101730552664
60,5;-18;0
60,5;-17,5;0
60,5;-17;0
60,5;-16,5;0
60,5;-16;0,247487373415292
60,5;-15,5;0,160507111889265
60,5;-15;0,265460076593088
60,5;-14,5;0,320566263091203
60,5;-14;0,329091932444416
60,5;-13,5;0,0807258735887489
60,5;-13;0,0643245608053955
60,5;-12,5;0,0763095200950894
60,5;-12;0,0530330085889911
60,5;-11,5;0
60,5;-11;0
60,5;-10,5;0
60,5;-10;0,037476659402887
60,5;-9,5;0,055859517669648
60,5;-9;0,329548632429819
60,5;-8,5;0,221403551906424
60,5;-8;0,0832947369140856
60,5;-7,5;0,103446401071941
60,5;-7;0,0942945698812551
60,5;-6,5;0,0319474898116136
60,5;-6;0,0519315789177345
60,5;-5,5;0,0659686414903252
60,5;-5;0,0703707021016965
60,5;-4,5;0,0393716016422118
60,5;-4;0,037596486981277
60,5;-3,5;0,0588779134790982
60,5;-3;0,0572743677846225
60,5;-2,5;0,0809184774943276
60,5;-2;0,0811412442297474
60,5;-1,5;0,0508249372102341
60,5;-1;0,0446111403816787
60,5;-0,5;0,0852893026792643
60,5;0;0,0460249932102113
60,5;0,5;0,061598524015755
60,5;1;0,222849046833094
60,5;1,5;0,0964770424066703
60,5;2;0,0680406023011844
60,5;2,5;0,0303187313726579
60,5;3;0,0332131241209905
60,5;3,5;0,035688109504819
60,5;4;0,0230281076319686
60,5;4,5;0,101581897098754
60,5;5;0,0410802192738113
60,5;5,5;0,0559057386401721
60,5;6;0,0632114365782468
60,5;6,5;0,103351335625132
60,5;7;0,0297731684313504
60,5;7,5;0,0463308905422691
60,5;8;0,0577705254937084
60,5;8,5;0,131124969235214
60,5;9;0,164571667111381
60,5;9,5;0,0289020297281068
60,5;10;0,034911003166287
60,5;10,5;0,0268712626211835
60,5;11;0,037456065071377
60,5;11,5;0,0380378758607786
60,5;12;0,0323090044414001
60,5;12,5;0,0340927037167459
60,5;13;0,0780793365789492
60,5;13,5;0,0665931231554773
60,5;14;0,0243968023048916
60,5;14,5;0,0268454210889693
60,5;15;0,0278537132887454
60,5;15,5;0,0343764371216023
60,5;16;0,0284506452960031
60,5;16,5;0,0388676684684573
60,5;17;0,0346831722294463
60,5;17,5;0,0364741237335136
60,5;18;0,0332673201165625
60,5;18,5;0,0278355495950519
60,5;19;0,0181282632530375
60,5;19,5;0,0479295203751868
60,5;20;0,0428309995527971
60,5;20,5;0,139870109102967
60,5;21;0,317260706167114
60,5;21,5;0,223283022588151
60,5;22;0,212773402304638
60,5;22,5;0,254652688275996
60,5;23;0,218703666491699
60,5;23,5;0,123128760583197
60,5;24;0,0569533043035325
60,5;24,5;0,0323184955934104
60,5;25;0,0761421221972931
60,5;25,5;0,0356255678290556
60,5;26;0,0307736781517155
60,5;26,5;0,0445805020729489
60,5;27;0,0373385366146909
60,5;27,5;0,0353324189935076
60,5;28;0,0959467548273768
60,5;28,5;0,137817891488706
60,5;29;0,058686817082401
60,5;29,5;0,0656618677668755
60,5;30;0,032566276958811
60,5;30,5;0,0186333264529137
60,5;31;0,0394242213717561
60,5;31,5;0,0513213820654017
60,5;32;0,217842823449136
60,5;32,5;0,129151739295626
60,5;33;0,121022318925512
60,5;33,5;0,158341342704915
60,5;34;0,0930742950881075
60,5;34,5;0,0547252617432166
60,5;35;0,0967880298113444
60,5;35,5;0,0547576863514099
60,5;36;0,0355453685667292
60,5;36,5;0,043174342759086
60,5;37;0,0365579536714174
60,5;37,5;0,266069637649256
60,5;38;0,346319266382788
60,5;38,5;0,200883493974145
60,5;39;0,0436201627122289
60,5;39,5;0,0239257143838756
60,5;40;0,0294442005245131
60,5;40,5;0,126514727168327
60,5;41;0,025156922797069
60,5;41,5;0,0317987626595479
60,5;42;0,0400748305353911
60,5;42,5;0,0448781381823187
60,5;43;0,0371404192733692
60,5;43,5;0,0411593178508569
60,5;44;0,0395308733131913
60,5;44,5;0,0915940440616257
60,5;45;0,0489797774090626
60,5;45,5;0,105614639237928
60,5;46;0,0379988795353018
60,5;46,5;0,0149684090258495
60,5;47;0,0224021377421503
60,5;47,5;0,0363381452698188
60,5;48;0,028289092665465
60,5;48,5;0,0432445837220573
60,5;49;0,0267954484672035
60,5;49,5;0,0385628462616985
60,5;50;0,043322157216295
60,5;50,5;0,105323737611154
60,5;51;0,0643902055387668
60,5;51,5;0,0706479081049293
60,5;52;0,0442121450036388
60,5;52,5;0,121380585844881
60,5;53;0,123475002382103
60,5;53,5;0,145659381404428
60,5;54;0,0727010397206985
60,5;54,5;0,0386609896609791
60,5;55;0,0450688888146309
60,5;55,5;0,0336191624202839
60,5;56;0,210543983797091
60,5;56,5;0,339230902576929
60,5;57;0,114479302358825
60,5;57,5;0,0343494071768206
60,5;58;0,0973462462895548
60,5;58,5;0,125663206015738
60,5;59;0,0492430367327876
60,5;59,5;0,080876448982383
60,5;60;0,0513861200455272
60,5;60,5;0,0468602427750986
60,5;61;0,0421404655951938
60,5;61,5;0,0445176600366399
60,5;62;0,0509889644327783
60,5;62,5;0,0515112890144248
60,5;63;0,0700046709498892
60,5;63,5;0,0856384305995834
60,5;64;0,088883149616304
60,5;64,5;0
60,5;65;0,0176776695296637
60,5;65,5;0,0336749164809655
60,5;66;0,0709384579909543
60,5;66,5;0,0793239616771585
60,5;67;0,319811855067178
60,5;67,5;0,134675712803191
60,5;68;0,0470417880672217
60,5;68,5;0,142048220579129
60,5;69;0,0998109625005897
60,5;69,5;0,0226274169979695
60,5;70;0,174367858982971
60,5;70,5;0,102433533512609
60,5;71;0
60,5;71,5;0,0562049819855856
60,5;72;0,096303340198216
60,5;72,5;0
60,5;73;0
60,5;73,5;0
60,5;74;0,0312516666222246
60,5;74,5;0
60,5;75;0
60,5;75,5;0
60,5;76;0
61;-20,5;0
61;-20;0
61;-19,5;0
61;-19;0,111722871427475
61;-18,5;0,073979405113534
61;-18;0,0611776102835016
61;-17,5;0
61;-16,5;0
61;-16;0,0267581763205193
61;-15,5;0,105633591037868
61;-15;0,16179587374808
61;-14,5;0,0850564518422912
61;-14;0,0618405206963848
61;-13,5;0
61;-13;0,0275015151097777
61;-12,5;0,0747343648962289
61;-12;0,0558261011662875
61;-11,5;0
61;-11;0,0983256252023275
61;-10,5;0,0702774264374178
61;-10;0,118352580594313
61;-9,5;0,147515556080416
61;-9;0,0416713330720293
61;-8,5;0,0939049538143606
61;-8;0,0988972469624171
61;-7,5;0,0975378290019813
61;-7;0,141271010998793
61;-6,5;0,157209675893747
61;-6;0,15213979723535
61;-5,5;0,109686022635101
61;-5;0,064876747200871
61;-4,5;0,0538368582699427
61;-4;0,0242500708053798
61;-3,5;0,0561755490199456
61;-3;0,0642813267787083
61;-2,5;0,06902169112789
61;-2;0,0604061338781171
61;-1,5;0,0922723482952538
61;-1;0,0560173384971259
61;-0,5;0,0387888811407448
61;0;0,0645683409433285
61;0,5;0,0346537979777933
61;1;0,0496450278263472
61;1,5;0
61;2;0,0344229745441992
61;2,5;0,028581139558484
61;3;0,028697706063958
61;3,5;0,0455632721027132
61;4;0,0371214048939248
61;4,5;0,0600971837741548
61;5;0,0536612480795457
61;5,5;0,0546171638882409
61;6;0,0535651951196402
61;6,5;0,0465697090916193
61;7;0,0586279489199292
61;7,5;0,0438217891733006
61;8;0,0548068151558023
61;8,5;0,145823825380668
61;9;0,195059752494377
61;9,5;0,105654844671372
61;10;0,0559705604890337
61;10,5;0,0417234376610481
61;11;0,0471539814195699
61;11,5;0,0286844568997367
61;12;0,0297162134670032
61;12,5;0,045002625011527
61;13;0,0507339422914571
61;13,5;0,0701810492878554
61;14;0,0361191810274712
61;14,5;0,0356111661942608
61;15;0,0298823748907935
61;15,5;0,0329884802825048
61;16;0,0228219743247006
61;16,5;0,0306434398878988
61;17;0,0203409109187576
61;17,5;0,025364794939042
61;18;0,0333424040688567
61;18,5;0,0451112446097855
61;19;0,0383209493660397
61;19,5;0,0722731320342151
61;20;0,0394920229385176
61;20,5;0,0397881917872734
61;21;0,114309865572456
61;21,5;0,187308653805841
61;22;0,180651242099881
61;22,5;0,164857858420962
61;23;0,205543797711772
61;23,5;0,117244091127896
61;24;0,099238351582121
61;24,5;0,103626749193564
61;25;0,0353873173116051
61;25,5;0,0495747720713089
61;26;0,0358544521181774
61;26,5;0,0417731091380427
61;27;0,0833114571837009
61;27,5;0,0305970478779077
61;28;0,0393165669530643
61;28,5;0,118018740711355
61;29;0,0746250936796246
61;29,5;0,0555234199576569
61;30;0,0274320181611731
61;30,5;0,035706188798724
61;31;0,0692253379543803
61;31,5;0,0708272782697567
61;32;0,129538740921197
61;32,5;0,217919892663079
61;33;0,159449782109074
61;33,5;0,177224090155506
61;34;0,125727996591471
61;34,5;0,116383320097772
61;35;0,0681559239684181
61;35,5;0,0682713185644655
61;36;0,0199098416522119
61;36,5;0,0232813611868268
61;37;0,0300451935500869
61;37,5;0,0349231801586954
61;38;0,0525504519485799
61;38,5;0,0951846798504723
61;39;0,105348556324039
61;39,5;0,111671107922049
61;40;0,053902870252776
61;40,5;0,0373005295125379
61;41;0,0414572744188628
61;41,5;0,0397293948518939
61;42;0,0287017961711158
61;42,5;0,0497244085375353
61;43;0,0298612516920688
61;43,5;0,148854087555077
61;44;0,133639371229813
61;44,5;0,0945359647043893
61;45;0,119115519277603
61;45,5;0,113865930776378
61;46;0,0635424643498815
61;46,5;0,0241573945231047
61;47;0,0245495252999942
61;47,5;0,0334475474746059
61;48;0,0522913839665493
61;48,5;0,0337670690654523
61;49;0,0284130521789013
61;49,5;0,104735035891356
61;50;0,0631650857250261
61;50,5;0,0921915558513741
61;51;0,135837469894046
61;51,5;0,0890453798805329
61;52;0,0219218843643631
61;52,5;0,0334207449269835
61;53;0,0859022532714778
61;53,5;0,0480368387676362
61;54;0,0583150164292281
61;54,5;0,037698411276418
61;55;0,0642513359590965
61;55,5;0,0466073731219269
61;56;0,293067868314827
61;56,5;0,335202960905777
61;57;0,0654984308548262
61;57,5;0,0390178123751151
61;58;0,0341144319372778
61;58,5;0,0521208887542645
61;59;0,0550617003885024
61;59,5;0,042620097691966
61;60;0,0555488103353288
61;60,5;0,0212132034355964
61;61;0,0537548488879481
61;61,5;0,0743640153855379
61;62;0,0562623104808642
61;62,5;0,0516576262020196
61;63;0,0425790595925917
61;63,5;0,0632721101993447
61;64;0,0469606218016755
61;64,5;0
61;65;0
61;65,5;0,0553545391092727
61;66;0,0547842694253614
61;66,5;0,0948836613521191
61;67;0,303212637239351
61;67,5;0,201945537212388
61;68;0,0442933941113657
61;68,5;0,0615456296387423
61;69;0,074302923160828
61;69,5;0,0864947011864503
61;70;0,0479078661220017
61;70,5;0
61;71;0,0305122926047847
61;71,5;0
61;72;0
61;72,5;0
61;73;0
61;73,5;0
61;74;0
61;74,5;0
61;75;0
61;75,5;0
61,5;-20;0
61,5;-19,5;0,0954594154601839
61,5;-19;0
61,5;-18,5;0
61,5;-18;0
61,5;-17,5;0,0253574446662119
61,5;-17;0,333069937600699
61,5;-16,5;0,300504448138723
61,5;-16;0,147393597986048
61,5;-15,5;0,134236512083973
61,5;-15;0,0854790422657312
61,5;-14,5;0,00763216876123688
61,5;-14;0,0912998722160479
61,5;-13,5;0
61,5;-13;0
61,5;-12,5;0,0356917357381229
61,5;-12;0,0909492532496373
61,5;-11,5;0,0749206246637066
61,5;-11;0,0750749928102197
61,5;-10,5;0,0929541316361747
61,5;-10;0,205473017168468
61,5;-9,5;0,112560285434708
61,5;-9;0,17652988415563
61,5;-8,5;0,0518679642388798
61,5;-8;0,102187968726171
61,5;-7,5;0,130103081303657
61,5;-7;0,194126016433682
61,5;-6,5;0,219282754497397
61,5;-6;0,117574890508343
61,5;-5,5;0,10343793242422
61,5;-5;0,103770656999749
61,5;-4,5;0,0862429916749971
61,5;-4;0,0736743080963058
61,5;-3,5;0,0612416647551019
61,5;-3;0,0949257706981918
61,5;-2,5;0,0557398026895031
61,5;-2;0,17015006483478
61,5;-1,5;0,0676817823045018
61,5;-1;0,0658979844520203
61,5;-0,5;0,0506263583699475
61,5;0;0,061673130395666
61,5;0,5;0,0857930782990934
61,5;1;0,0467969937142297
61,5;1,5;0,0298902031178151
61,5;2;0,0256128827515735
61,5;2,5;0,08156936559462
61,5;3;0,0246883876248832
61,5;3,5;0,0654138409530834
61,5;4;0,0650975512325202
61,5;4,5;0,0586885535717683
61,5;5;0,0418158231183252
61,5;5,5;0,0536153986799479
61,5;6;0,0755415169579863
61,5;6,5;0,0609425737965231
61,5;7;0,0478843809634838
61,5;7,5;0,0438688510708463
61,5;8;0,0779059463108448
61,5;8,5;0,0552167087088222
61,5;9;0,0247687573768113
61,5;9,5;0,114018853634102
61,5;10;0,0978392767840843
61,5;10,5;0,0469633026632515
61,5;11;0,0503489104919241
61,5;11,5;0,0378269022543677
61,5;12;0,0337362365098147
61,5;12,5;0,0518455554137634
61,5;13;0,0407588320738779
61,5;13,5;0,0291162369693485
61,5;14;0,0235945425686617
61,5;14,5;0,0507999816495363
61,5;15;0,0388678000709191
61,5;15,5;0,0360241665157202
61,5;16;0,0467919289555861
61,5;16,5;0,086429088449425
61,5;17;0,0361468114127462
61,5;17,5;0,0284290807374939
61,5;18;0,0243287815229125
61,5;18,5;0,0232157606964632
61,5;19;0,0283426504079618
61,5;19,5;0,0291825424308103
61,5;20;0,0275987169391668
61,5;20,5;0,034285004571409
61,5;21;0,0306264622919672
61,5;21,5;0,0428212295839486
61,5;22;0,0591430770619557
61,5;22,5;0,0720128449540629
61,5;23;0,026200915164076
61,5;23,5;0,0587438573932695
61,5;24;0,0557818750349751
61,5;24,5;0,0754691838222576
61,5;25;0,0237731649126356
61,5;25,5;0,0272176743881701
61,5;26;0,0274739337567679
61,5;26,5;0,162553328455355
61,5;27;0,372224844294622
61,5;27,5;0,0282552578087254
61,5;28;0,0264609723527167
61,5;28,5;0,0680520229213758
61,5;29;0,0777410691813663
61,5;29,5;0,0290506730345469
61,5;30;0,0406639174126438
61,5;30,5;0,0724347814182881
61,5;31;0,0786068029917514
61,5;31,5;0,0593896541698044
61,5;32;0,247987776013943
61,5;32,5;0,282751265180958
61,5;33;0,196363451529094
61,5;33,5;0,261728002672469
61,5;34;0,288363045391637
61,5;34,5;0,178901690450198
61,5;35;0,0431927467909849
61,5;35,5;0,0280582644045531
61,5;36;0,0701173777320568
61,5;36,5;0,0368443470676156
61,5;37;0,029096507783144
61,5;37,5;0,027866426844826
61,5;38;0,0220537778543056
61,5;38,5;0,0267917640813279
61,5;39;0,0430587560645823
61,5;39,5;0,0574425489386694
61,5;40;0,043790081906288
61,5;40,5;0,0378644097782002
61,5;41;0,0524206861442321
61,5;41,5;0,0361957640247216
61,5;42;0,0645393155316953
61,5;42,5;0,229570037768208
61,5;43;0,183395379620389
61,5;43,5;0,119991655872363
61,5;44;0,137977292817816
61,5;44,5;0,0844165525340658
61,5;45;0,059736368210686
61,5;45,5;0,0517995109819485
61,5;46;0,0334692344575196
61,5;46,5;0,0203656676735654
61,5;47;0,0488289355129905
61,5;47,5;0,131377082526386
61,5;48;0,34286107093685
61,5;48,5;0,0771360173971044
61,5;49;0,0877476787624899
61,5;49,5;0,0650509537747544
61,5;50;0,0773970181327523
61,5;50,5;0,203365890495516
61,5;51;0,096366906111093
61,5;51,5;0,129920297130808
61,5;52;0,0731228706271451
61,5;52,5;0,033053650511022
61,5;53;0,0435789513412152
61,5;53,5;0,0288387065533632
61,5;54;0,054568722309996
61,5;54,5;0,0277535340784945
61,5;55;0,0415699084875907
61,5;55,5;0,0269988737482412
61,5;56;0,0303867853703908
61,5;56,5;0,0424426914768687
61,5;57;0,0280551405109814
61,5;57,5;0,109693639033649
61,5;58;0,0260727005560551
61,5;58,5;0,0305834230610151
61,5;59;0,0513564931411317
61,5;59,5;0,0997252391991783
61,5;60;0,0879273263252939
61,5;60,5;0,0285095665455542
61,5;61;0,046306242237688
61,5;61,5;0,0509049549258453
61,5;62;0,023783747952471
61,5;62,5;0
61,5;63;0
61,5;63,5;0,0758353008640624
61,5;64;0,0694173953326886
61,5;64,5;0,0497706435468171
61,5;65;0,0295014123955673
61,5;65,5;0,0501941286352353
61,5;66;0,0770398101824062
61,5;66,5;0,0974698880935406
61,5;67;0,35540580427771
61,5;67,5;0,088373538759864
61,5;68;0,0618494716457396
61,5;68,5;0,114730676145399
61,5;69;0,077631773828068
61,5;69,5;0
61,5;70;0,0183847763108502
61,5;70,5;0
61,5;71;0,0550975718543243
61,5;71,5;0
61,5;72;0
61,5;72,5;0
61,5;73;0
61,5;73,5;0
61,5;74;0
61,5;74,5;0
61,5;75;0
61,5;75,5;0
62;-20;0
62;-19,5;0
62;-19;0
62;-18,5;0,0742462120245875
62;-18;0,188474651994491
62;-17,5;0,269040698474966
62;-17;0,26487885820467
62;-16,5;0,126194307071496
62;-16;0,294780685685242
62;-15,5;0,088706555232274
62;-15;0,145922661983748
62;-14,5;0,10976503831532
62;-14;0,0865115599212036
62;-13,5;0,101550269043746
62;-13;0,0249866631092136
62;-12,5;0,0409292071753167
62;-12;0,0240416305603426
62;-11,5;0
62;-11;0
62;-10,5;0
62;-10;0,136495787480786
62;-9,5;0,121957474933426
62;-9;0,0906720209580408
62;-8,5;0,0953290982185179
62;-8;0,0884166013953197
62;-7,5;0,188076688240039
62;-7;0,235672442173454
62;-6,5;0,155500183534988
62;-6;0,162437969225652
62;-5,5;0,132826553570185
62;-5;0,14087855047902
62;-4,5;0,152323663291479
62;-4;0,0804919673949812
62;-3,5;0,062659039756111
62;-3;0,0729689509519652
62;-2,5;0,0560345007378351
62;-2;0,0569858400386647
62;-1,5;0,0593568159669267
62;-1;0,0703073609233059
62;-0,5;0,0586202467866976
62;0;0,0400853999071269
62;0,5;0,0788899396101485
62;1;0,0499872480110231
62;1,5;0,0364673844670841
62;2;0,0599794175223117
62;2,5;0,0745772725785373
62;3;0,0513018262680338
62;3,5;0,0381990004628869
62;4;0,0589468252336647
62;4,5;0,0170138980622527
62;5;0,0407185461430047
62;5,5;0,0693403918873404
62;6;0,0788986691902975
62;6,5;0,0506077040170995
62;7;0,0518814860667197
62;7,5;0,0242124741081746
62;8;0,0894614271345398
62;8,5;0,112440266354287
62;9;0,0473684680426324
62;9,5;0,0565269825659899
62;10;0,111392272074502
62;10,5;0,0314219665563679
62;11;0,0372761300598866
62;11,5;0,0455373542737111
62;12;0,0473053775181888
62;12,5;0,0428145201684534
62;13;0,0361980211228783
62;13,5;0,0342059269512827
62;14;0,0676559738729799
62;14,5;0,0649189668874622
62;15;0,0289206863258979
62;15,5;0,0356624566008963
62;16;0,032905372399709
62;16,5;0,0386011318361555
62;17;0,0352762718573223
62;17,5;0,0337241690841981
62;18;0,0996854673714443
62;18,5;0,0417736602475315
62;19;0,0478264967129547
62;19,5;0,0392924793618185
62;20;0,0353116712192129
62;20,5;0,0387699549125927
62;21;0,0326610339281368
62;21,5;0,0387232103207348
62;22;0,0228056405537619
62;22,5;0,0439662813340309
62;23;0,0368348814222099
62;23,5;0,0276240510229957
62;24;0,0347375860994675
62;24,5;0,0293335165031509
62;25;0,0405727786188003
62;25,5;0,02766306702738
62;26;0,0261178756192434
62;26,5;0,0153223535504623
62;27;0,0156569807699938
62;27,5;0,032587911697369
62;28;0,04337598610751
62;28,5;0,0626233572554968
62;29;0,0643364306481168
62;29,5;0,0507265795314306
62;30;0,0544171812051521
62;30,5;0,0733748582221055
62;31;0,105685554837818
62;31,5;0,087972389545323
62;32;0,0978134904886265
62;32,5;0,0878903693063507
62;33;0,156884078019313
62;33,5;0,123362513694116
62;34;0,177132993490541
62;34,5;0,118813779864603
62;35;0,0948658413311076
62;35,5;0,037200470427133
62;36;0,0791984126576607
62;36,5;0,0649338620642345
62;37;0,0141467672069969
62;37,5;0,0296422470456839
62;38;0,0200314598507823
62;38,5;0,0348835754626765
62;39;0,0837236104175509
62;39,5;0,0875094900331337
62;40;0,0257689395249714
62;40,5;0,0828812147351146
62;41;0,0411014869731614
62;41,5;0,0217289629097123
62;42;0,118750805129937
62;42,5;0,212073103906554
62;43;0,190025088827116
62;43,5;0,131329317517604
62;44;0,0459306268515727
62;44,5;0,0455638479044937
62;45;0,0367484599323235
62;45,5;0,0675470014613898
62;46;0,14713837115196
62;46,5;0,0327333306923555
62;47;0,0319409718752129
62;47,5;0,102294054697102
62;48;0,264364738631395
62;48,5;0,0370610488333678
62;49;0,0321345429645516
62;49,5;0,0394001412944245
62;50;0,0784604144141275
62;50,5;0,142933467196637
62;51;0,31695787238632
62;51,5;0,297567697993316
62;52;0,050488165959567
62;52,5;0,0290609252044283
62;53;0,13811667721248
62;53,5;0,0273853732739731
62;54;0,0594460332302132
62;54,5;0,0266658921694888
62;55;0,0616194344653759
62;55,5;0,0444598127328508
62;56;0,0380099599638254
62;56,5;0,0229875379409104
62;57;0,022566142098967
62;57,5;0,0239694795044118
62;58;0,0273390431512019
62;58,5;0,0454270063203135
62;59;0,0615382004656467
62;59,5;0,0700272598289791
62;60;0,0897360945588043
62;60,5;0,0529431860807503
62;61;0,071041183516435
62;61,5;0,0584777196672288
62;62;0
62;62,5;0,0322706900437136
62;63;0
62;63,5;0,0393502696679924
62;64;0
62;64,5;0
62;65;0,142234395898543
62;65,5;0,127777709519041
62;66;0,0608518888856573
62;66,5;0,0540671555562295
62;67;0,26367709435992
62;67,5;0,281367649155499
62;68;0,113932407183353
62;68,5;0,089002500390481
62;69;0,0394499683143092
62;69,5;0
62;70;0
62;70,5;0,0714177848998413
62;71;0,0889554536117529
62;71,5;0
62;72;0
62;72,5;0
62;73;0
62;73,5;0
62;74;0,0275771644662754
62;74,5;0,0565685424949238
62,5;-20;0
62,5;-19,5;0
62,5;-19;0
62,5;-18,5;0
62,5;-18;0,207848983639565
62,5;-17,5;0,289539987938427
62,5;-17;0,228761595655955
62,5;-16,5;0,27551199812551
62,5;-16;0,23928007100666
62,5;-15,5;0,0828673639015988
62,5;-15;0,15545942874888
62,5;-14,5;0,0603382134306279
62,5;-14;0,0868072577610882
62,5;-13,5;0,0657073055299029
62,5;-13;0,0952606949376289
62,5;-12,5;0,0818784668477209
62,5;-12;0
62,5;-11,5;0
62,5;-11;0
62,5;-10,5;0
62,5;-10;0,0545191097995311
62,5;-9,5;0,0302875111776014
62,5;-9;0
62,5;-8,5;0
62,5;-8;0,109280145486856
62,5;-7,5;0,205230139736858
62,5;-7;0,179616404127181
62,5;-6,5;0,104973465084125
62,5;-6;0,124073438663633
62,5;-5,5;0,0997020561473032
62,5;-5;0,248103976859166
62,5;-4,5;0,161887639721928
62,5;-4;0,085258151404733
62,5;-3,5;0
62,5;-3;0,0266050478561601
62,5;-2,5;0,0753237369221373
62,5;-2;0,05965928904396
62,5;-1,5;0,0988187899478295
62,5;-1;0,0847671524227995
62,5;-0,5;0,0346489010765284
62,5;0;0,0425687029040887
62,5;0,5;0,0683279057391832
62,5;1;0,0831074798229232
62,5;1,5;0,0295382174361991
62,5;2;0,0493581349951158
62,5;2,5;0,0384844678223032
62,5;3;0,0466926771109882
62,5;3,5;0,0468362427360867
62,5;4;0,0391494940049632
62,5;4,5;0,0409205706637661
62,5;5;0,0387801495613413
62,5;5,5;0,0630673022681692
62,5;6;0,0391812996520565
62,5;6,5;0,0780573231757115
62,5;7;0,101531053388901
62,5;7,5;0,276237339574027
62,5;8;0,268199143530917
62,5;8,5;0,0744544129507656
62,5;9;0,0534959048836775
62,5;9,5;0,043195872965575
62,5;10;0,0719861097712607
62,5;10,5;0,0521293693981248
62,5;11;0,0622499472776729
62,5;11,5;0,0395151130616224
62,5;12;0,0437728625070773
62,5;12,5;0,0525152320141112
62,5;13;0,04965908164922
62,5;13,5;0,060569257699177
62,5;14;0,0429159213022179
62,5;14,5;0,0500395957925924
62,5;15;0,0393704698766104
62,5;15,5;0,0442148730302116
62,5;16;0,028264123330368
62,5;16,5;0,0395752253504444
62,5;17;0,0326664472233138
62,5;17,5;0,0296132777396795
62,5;18;0,0936386941494637
62,5;18,5;0,0294997982236844
62,5;19;0,0641347187437319
62,5;19,5;0,047808217268651
62,5;20;0,0447256761951243
62,5;20,5;0,0585984931543288
62,5;21;0,0314395988565344
62,5;21,5;0,0373692574653119
62,5;22;0,0342129537769008
62,5;22,5;0,0377901473680011
62,5;23;0,0455971142835368
62,5;23,5;0,0180561615186898
62,5;24;0,0236262687955711
62,5;24,5;0,0326504358474707
62,5;25;0,0318250044813854
62,5;25,5;0,0372374482643175
62,5;26;0,0306796219891527
62,5;26,5;0,0238682980577567
62,5;27;0,0239104070025002
62,5;27,5;0,0372856299736943
62,5;28;0,0560822824871063
62,5;28,5;0,0444653779328451
62,5;29;0,0486857551530315
62,5;29,5;0,0693128336425732
62,5;30;0,0545136565974269
62,5;30,5;0,163619119960937
62,5;31;0,192184404469195
62,5;31,5;0,167399030050081
62,5;32;0,107865888954757
62,5;32,5;0,0889070598392287
62,5;33;0,102276492186594
62,5;33,5;0,0573800807725798
62,5;34;0,115182536596025
62,5;34,5;0,171934935079601
62,5;35;0,0651709446825219
62,5;35,5;0,0506947778790053
62,5;36;0,0246804983184128
62,5;36,5;0,0587185943234997
62,5;37;0,0280801876375169
62,5;37,5;0,0323647757830113
62,5;38;0,0323818417873167
62,5;38,5;0,0295124871196396
62,5;39;0,0840469370833205
62,5;39,5;0,0536584344367863
62,5;40;0,0650976006680131
62,5;40,5;0,156866018176029
62,5;41;0,157084531383583
62,5;41,5;0,041555602630161
62,5;42;0,158943678192829
62,5;42,5;0,223654918778419
62,5;43;0,193510587782549
62,5;43,5;0,140455917510963
62,5;44;0,0480390198276092
62,5;44,5;0,0464551394897001
62,5;45;0,0922097223649341
62,5;45,5;0,0720524064098691
62,5;46;0,0931944653753693
62,5;46,5;0,0543321766707852
62,5;47;0,0829557488336715
62,5;47,5;0,0659790569771648
62,5;48;0,0365030590753551
62,5;48,5;0,0418776445541301
62,5;49;0,0401607634608581
62,5;49,5;0,0372240175385958
62,5;50;0,0592232113853071
62,5;50,5;0,143290846416185
62,5;51;0,292879900819048
62,5;51,5;0,172853152757769
62,5;52;0,117497324540215
62,5;52,5;0,302718887702774
62,5;53;0,367773453838659
62,5;53,5;0,217142789405937
62,5;54;0,0505510861531775
62,5;54,5;0,0440346184160556
62,5;55;0,0564848799827588
62,5;55,5;0,044760981384968
62,5;56;0,0492628518401906
62,5;56,5;0,0459360792473996
62,5;57;0,0496182762027595
62,5;57,5;0,350892939373195
62,5;58;0,356318262756847
62,5;58,5;0,0508611142345159
62,5;59;0,0634945954576183
62,5;59,5;0,0403427019030449
62,5;60;0
62,5;60,5;0
62,5;61;0,0806101730552664
62,5;61,5;0,0558124147571635
62,5;62;0,0293546754316407
62,5;62,5;0,0489078523549953
62,5;63;0,149626987185192
62,5;63,5;0,133599959285862
62,5;64;0,0586070449202629
62,5;64,5;0,0874840937923384
62,5;65;0,125464868920879
62,5;65,5;0,231462667976213
62,5;66;0,0676949037963716
62,5;66,5;0,124396329629924
62,5;67;0,25898012294698
62,5;67,5;0,0662187032994959
62,5;68;0,113323623264276
62,5;68,5;0,0674140193134929
62,5;69;0
62,5;69,5;0
62,5;70;0
62,5;70,5;0,0404039130589624
62,5;71;0,0472581562625261
62,5;71,5;0
62,5;72;0
62,5;72,5;0
62,5;73;0
62,5;73,5;0
62,5;74;0,0886715474847109
62,5;74,5;0,0830829572040968
63;-19,5;0
63;-19;0
63;-18,5;0
63;-18;0,319612265096319
63;-17,5;0,286011572339643
63;-17;0,284603782754015
63;-16,5;0,149053138495095
63;-16;0
63;-15,5;0,242381733556604
63;-15;0,227440496951795
63;-14,5;0,0747265384957416
63;-14;0,0635080524600836
63;-13,5;0,0200229035523489
63;-13;0,137491288980264
63;-12,5;0,0867721702149343
63;-12;0,180708881906784
63;-11,5;0,0944759984637066
63;-11;0,0441877239180176
63;-10,5;0,0539896504243283
63;-10;0,0838230278622766
63;-9,5;0,164223193711915
63;-9;0,34750299758899
63;-8,5;0
63;-8;0
63;-7,5;0,162463329195648
63;-7;0,122853541451025
63;-6,5;0,166268135385589
63;-6;0,125554947368645
63;-5,5;0,156951354645353
63;-5;0,0806034004448032
63;-4,5;0,0673884854942443
63;-4;0,0612686511933111
63;-3,5;0,0711449225173519
63;-3;0,0370364685141551
63;-2,5;0,0555187655962678
63;-2;0,0271137521482283
63;-1,5;0,119522786231628
63;-1;0,0945019582872235
63;-0,5;0,0615578147513541
63;0;0,287723166000176
63;0,5;0,313158978178872
63;1;0,162919600160646
63;1,5;0,0550718747856387
63;2;0,0696469283799965
63;2,5;0,0462037127571609
63;3;0,0527632799366891
63;3,5;0,0706055216150952
63;4;0,0580859893060281
63;4,5;0,0550021160353089
63;5;0,032011057526935
63;5,5;0,04859671021687
63;6;0,0604532158313172
63;6,5;0,0719534022976449
63;7;0,120831110164143
63;7,5;0,274134564476207
63;8;0,312622887994163
63;8,5;0,216191304587329
63;9;0,0868650039519059
63;9,5;0,0399872479673208
63;10;0,0749636459720091
63;10,5;0,051436203209461
63;11;0,0365106511824917
63;11,5;0,0533496629648355
63;12;0,0569308808140077
63;12,5;0,0576848437705101
63;13;0,0445759311834651
63;13,5;0,0418607423657587
63;14;0,0392847592291503
63;14,5;0,0364627005106387
63;15;0,0469399486100081
63;15,5;0,0676811481017895
63;16;0,0611210639726836
63;16,5;0,0309585684002585
63;17;0,0244580480678287
63;17,5;0,0308838506874696
63;18;0,042606874634606
63;18,5;0,0385649921650408
63;19;0,0505418887029482
63;19,5;0,0486871617196162
63;20;0,060492238970051
63;20,5;0,0666381095203746
63;21;0,039400381095129
63;21,5;0,0421805081961128
63;22;0,0395986712913607
63;22,5;0,0451174981487338
63;23;0,0345528842762216
63;23,5;0,0244508028138497
63;24;0,0210151151716272
63;24,5;0,0236174448945309
63;25;0,0324411342407628
63;25,5;0,0267850459250791
63;26;0,0386998852457462
63;26,5;0,0221024894810838
63;27;0,0234253929702934
63;27,5;0,0104078051943522
63;28;0,0184503166914118
63;28,5;0,0336435748108078
63;29;0,0233823295104088
63;29,5;0,0325399130050366
63;30;0,0288349852303408
63;30,5;0,0629626147374195
63;31;0,155939623443308
63;31,5;0,11901671109978
63;32;0,0336658474676383
63;32,5;0,0627575596622896
63;33;0,043207562849517
63;33,5;0,0473830181945298
63;34;0,0690095773286969
63;34,5;0,0438200092113513
63;35;0,0699638474135291
63;35,5;0,0784771369207857
63;36;0,0411005837329992
63;36,5;0,040841495211273
63;37;0,301994963042567
63;37,5;0,180008212239968
63;38;0,0388732230245592
63;38,5;0,0391237937180864
63;39;0,0409151573766196
63;39,5;0,0485482067842146
63;40;0,0261360998020251
63;40,5;0,0643225547287416
63;41;0,137595720251049
63;41,5;0,0642092556598867
63;42;0,0830901116627694
63;42,5;0,104397030017422
63;43;0,0787192639861586
63;43,5;0,0642189721718325
63;44;0,0527324417769675
63;44,5;0,0567791524725349
63;45;0,157311842811073
63;45,5;0,0321918860698722
63;46;0,0431113872813885
63;46,5;0,0612752073248409
63;47;0,0629726979234706
63;47,5;0,0755068474617067
63;48;0,0500938683948718
63;48,5;0,0642706712628434
63;49;0,0531516978805643
63;49,5;0,277576039368058
63;50;0,0898178777926264
63;50,5;0,0491449606825952
63;51;0,0746192417141784
63;51,5;0,0779633528158223
63;52;0,137076827865211
63;52,5;0,252611199976518
63;53;0,391869336543543
63;53,5;0,0279109274621047
63;54;0,0279948974942629
63;54,5;0,0369356838943689
63;55;0,0449681117929595
63;55,5;0,0396305125489605
63;56;0,0280891945239241
63;56,5;0,0562805706401325
63;57;0,0709480383778147
63;57,5;0,132030376120722
63;58;0,0637448784123832
63;58,5;0,032150343938823
63;59;0,0618105765952095
63;59,5;0,0768704537951134
63;60;0
63;60,5;0,0227847066503578
63;61;0,0260609945818745
63;61,5;0,0350727135832863
63;62;0,0224724940096329
63;62,5;0,0335508941758636
63;63;0,139299138547229
63;63,5;0,109919138707795
63;64;0,0595238837941165
63;64,5;0,0963956689898462
63;65;0,115180567533134
63;65,5;0,0916379569366054
63;66;0,0854127952255123
63;66,5;0,0667746744122137
63;67;0,0823615327560268
63;67,5;0,0543513195246071
63;68;0,072346649511849
63;68,5;0
63;69;0
63;69,5;0
63;70;0
63;70,5;0
63;71;0,0550421916091906
63;71,5;0,0122202018532156
63;72;0
63;72,5;0
63;73;0
63;73,5;0,0550272659687904
63;74;0,0565511076618113
63;74,5;0,096873629022557
63,5;-19,5;0
63,5;-19;0
63,5;-18,5;0
63,5;-18;0
63,5;-17,5;0,191453836285856
63,5;-17;0,176776695296637
63,5;-16,5;0
63,5;-16;0
63,5;-15,5;0,127986327394765
63,5;-15;0,236776869044013
63,5;-14,5;0,0367695526217005
63,5;-14;0
63,5;-13,5;0
63,5;-13;0
63,5;-12,5;0,112167000037604
63,5;-12;0,175045288257572
63,5;-11,5;0,047881334799922
63,5;-11;0,0509447413053268
63,5;-10,5;0,0730909413969044
63,5;-10;0,137604179647314
63,5;-9,5;0,309596281813535
63,5;-9;0,185533484952074
63,5;-8,5;0,202480369418865
63,5;-8;0
63,5;-7,5;0
63,5;-7;0
63,5;-6,5;0
63,5;-6;0,0715984171147193
63,5;-5,5;0,198057287644735
63,5;-5;0,227380605912818
63,5;-4,5;0,0773736257337323
63,5;-4;0,0698648617482625
63,5;-3,5;0,060417843931943
63,5;-3;0,0655091087814003
63,5;-2,5;0,0648601967461649
63,5;-2;0,0498293755396018
63,5;-1,5;0,0667627729887162
63,5;-1;0,067549167278361
63,5;-0,5;0,0892245962245197
63,5;0;0,188229672272491
63,5;0,5;0,204430243579065
63,5;1;0,212996371933079
63,5;1,5;0,0808769317322298
63,5;2;0,129331544356662
63,5;2,5;0,0491894408678954
63,5;3;0,0674368016903398
63,5;3,5;0,0803644723288744
63,5;4;0,0606775588982134
63,5;4,5;0,0905251383012024
63,5;5;0,0466109099147069
63,5;5,5;0,0682695929300928
63,5;6;0,0613188012327001
63,5;6,5;0,054297162155879
63,5;7;0,0675092405599086
63,5;7,5;0,0623754373705369
63,5;8;0,310399255980435
63,5;8,5;0,334667533348416
63,5;9;0,0506783894035946
63,5;9,5;0,0569199052156282
63,5;10;0,0560452677208193
63,5;10,5;0,0577202251255094
63,5;11;0,0554482470317298
63,5;11,5;0,0662835113430859
63,5;12;0,0668597822895414
63,5;12,5;0,0574705251312814
63,5;13;0,0587282067896447
63,5;13,5;0,0559160621908317
63,5;14;0,0416970375189066
63,5;14,5;0,0506969537787921
63,5;15;0,0498080255200688
63,5;15,5;0,060239276558169
63,5;16;0,0978959421809479
63,5;16,5;0,0452718161515787
63,5;17;0,0318943936204473
63,5;17,5;0,0336496274730942
63,5;18;0,0421886252684396
63,5;18,5;0,0414226399694758
63,5;19;0,0357050330871588
63,5;19,5;0,021914759512529
63,5;20;0,034110054781366
63,5;20,5;0,0380759883099689
63,5;21;0,0339563771917949
63,5;21,5;0,0325919917772299
63,5;22;0,0329396327535781
63,5;22,5;0,0310862668342991
63,5;23;0,0325157669846365
63,5;23,5;0,0410166190257514
63,5;24;0,0251676654453897
63,5;24,5;0,0359526449283712
63,5;25;0,0319465146968037
63,5;25,5;0,0192796744546287
63,5;26;0,0411561868052539
63,5;26,5;0,0286364942093075
63,5;27;0,0169340270818713
63,5;27,5;0,0134028696405117
63,5;28;0,0173868470684133
63,5;28,5;0,0222068437100599
63,5;29;0,0393140732886255
63,5;29,5;0,057094880514805
63,5;30;0,0351785209443502
63,5;30,5;0,059237596492399
63,5;31;0,07669104684816
63,5;31,5;0,0566826128106435
63,5;32;0,021644917439907
63,5;32,5;0,0533472227093304
63,5;33;0,0412119813945935
63,5;33,5;0,0557304279746791
63,5;34;0,0608533689033487
63,5;34,5;0,112948060297948
63,5;35;0,19658046424192
63,5;35,5;0,270441158291483
63,5;36;0,0401682380331189
63,5;36,5;0,0643801211555244
63,5;37;0,244142364363776
63,5;37,5;0,12110585058622
63,5;38;0,0178889804179816
63,5;38,5;0,0363562341082448
63,5;39;0,0933276011774259
63,5;39,5;0,14993087615863
63,5;40;0,121308597779864
63,5;40,5;0,102088684074375
63,5;41;0,208623678230582
63,5;41,5;0,0946699402305698
63,5;42;0,0677287575867674
63,5;42,5;0,0735304017037548
63,5;43;0,0905772609456293
63,5;43,5;0,0596156208698246
63,5;44;0,0405481842816678
63,5;44,5;0,0511182486998533
63,5;45;0,126270926020996
63,5;45,5;0,0317399725091101
63,5;46;0,0516478747897436
63,5;46,5;0,0277330865508305
63,5;47;0,023240214128924
63,5;47,5;0,0342764413150453
63,5;48;0,066632019471188
63,5;48,5;0,0511250108329892
63,5;49;0,335759986235447
63,5;49,5;0,307676552928816
63,5;50;0,141770597995989
63,5;50,5;0,0784148638039027
63,5;51;0,0438582286200329
63,5;51,5;0,105579620846204
63,5;52;0,073038041071406
63,5;52,5;0,0353411940941446
63,5;53;0,0822883353208104
63,5;53,5;0,044601280178358
63,5;54;0,0526192351086608
63,5;54,5;0,0581858838372511
63,5;55;0,0542346727564322
63,5;55,5;0,0794916750793843
63,5;56;0,0409028747313722
63,5;56,5;0,0643567819806488
63,5;57;0,085838615684223
63,5;57,5;0,0662356674033231
63,5;58;0,0601111008420611
63,5;58,5;0,0452296285441923
63,5;59;0,0609516301628775
63,5;59,5;0,0426731457525814
63,5;60;0
63,5;60,5;0,0642014299925381
63,5;61;0,0461213328070805
63,5;61,5;0,0346387595516171
63,5;62;0,356069356539799
63,5;62,5;0,164003237820184
63,5;63;0,056694502966925
63,5;63,5;0,0705881336726267
63,5;64;0,0457391009911337
63,5;64,5;0,0375393127267935
63,5;65;0,121982824708274
63,5;65,5;0,138352207547741
63,5;66;0,0784890400741703
63,5;66,5;0,0613004371089113
63,5;67;0,0768251930952187
63,5;67,5;0,0853594333562684
63,5;68;0,0698929584509458
63,5;68,5;0
63,5;69;0
63,5;69,5;0
63,5;70;0,0817331022291458
63,5;70,5;0,0387022824477661
63,5;71;0
63,5;71,5;0
63,5;72;0
63,5;72,5;0
63,5;73;0,0454581614723302
63,5;73,5;0,0637455449854694
63,5;74;0,0591596059347844
64;-19;0
64;-18,5;0
64;-18;0
64;-17,5;0
64;-17;0
64;-16,5;0
64;-16;0
64;-15,5;0
64;-15;0
64;-14,5;0
64;-14;0
64;-13,5;0
64;-13;0
64;-12,5;0,141255088403923
64;-12;0,135107364714141
64;-11,5;0,0793288514140137
64;-11;0,110237470943414
64;-10,5;0
64;-10;0
64;-9,5;0
64;-9;0,228862385888061
64;-8,5;0,0733052976712234
64;-8;0,0381837661840736
64;-7,5;0
64;-7;0,164111935192805
64;-6,5;0,12196618383798
64;-6;0,0502045814642449
64;-5,5;0,0967704328122318
64;-5;0,190117110012666
64;-4,5;0,0928238065259716
64;-4;0,0711859212528389
64;-3,5;0,0660336337354967
64;-3;0,285743948329304
64;-2,5;0,0838953138248861
64;-2;0,0943570981330239
64;-1,5;0,0772677417544909
64;-1;0,0874453797775757
64;-0,5;0,0735341602744787
64;0;0
64;0,5;0,244185175635213
64;1;0,0770711416934676
64;1,5;0,0744436261165975
64;2;0,121728658447138
64;2,5;0,271870117490528
64;3;0,157403180406832
64;3,5;0,0966460932015283
64;4;0,055657134912486
64;4,5;0,0608602005516002
64;5;0,0480781881884829
64;5,5;0,0697687427354685
64;6;0,0644797360698411
64;6,5;0,271135058190968
64;7;0,189083693991135
64;7,5;0,311570083884376
64;8;0,190071645184205
64;8,5;0,224441197070547
64;9;0,059985445010049
64;9,5;0,0471602056551902
64;10;0,0486542499578509
64;10,5;0,0631949391971861
64;11;0,0643260322993153
64;11,5;0,0439450283978566
64;12;0,0451617380376639
64;12,5;0,0349101208825617
64;13;0,043396960345713
64;13,5;0,0758350404851518
64;14;0,0533194490376009
64;14,5;0,0589697127578157
64;15;0,0495388677651042
64;15,5;0,0436217251144517
64;16;0,0385333558387421
64;16,5;0,0507114293658045
64;17;0,0692952656786774
64;17,5;0,0480299929430008
64;18;0,0365917711610398
64;18,5;0,0448318922365311
64;19;0,0441005232485245
64;19,5;0,0470067570045162
64;20;0,0553795170536085
64;20,5;0,0755225562145187
64;21;0,0630400299662941
64;21,5;0,0805970312312989
64;22;0,0496167683115438
64;22,5;0,07967117738262
64;23;0,033710834550402
64;23,5;0,0211571312137452
64;24;0,0180562274694176
64;24,5;0,0387467553594915
64;25;0,0784451811725965
64;25,5;0,0197119866975001
64;26;0,0349665464453503
64;26,5;0,0366134614575226
64;27;0,0176906440228061
64;27,5;0,0176091712799117
64;28;0,0193164981515889
64;28,5;0,0113245023121142
64;29;0,058063820774327
64;29,5;0,0884733702613766
64;30;0,0469312917279153
64;30,5;0,0621005413897203
64;31;0,0499277622428347
64;31,5;0,0356122420423459
64;32;0,0231534734615205
64;32,5;0,0562847174771945
64;33;0,124654041980486
64;33,5;0,0887130072672672
64;34;0,126583388885496
64;34,5;0,0822716222776066
64;35;0,159406581260406
64;35,5;0,246621785214356
64;36;0,0371818786320616
64;36,5;0,0694539009172061
64;37;0,0283886064356748
64;37,5;0,0265924918880461
64;38;0,0382993093907929
64;38,5;0,0647570502742681
64;39;0,217957492729258
64;39,5;0,178935435635456
64;40;0,0944186467494345
64;40,5;0,165973824276082
64;41;0,169873581063735
64;41,5;0,0460071400297762
64;42;0,0230147632783106
64;42,5;0,0527818185186218
64;43;0,0545351100380103
64;43,5;0,0957402167782777
64;44;0,0541051450108183
64;44,5;0,0708780366549944
64;45;0,0994597102462306
64;45,5;0,0427505121990972
64;46;0,0430265511152962
64;46,5;0,0435034017666514
64;47;0,0579018777845796
64;47,5;0,0466895312903474
64;48;0,0230065756237173
64;48,5;0,0375682999414909
64;49;0,215080741444082
64;49,5;0,266104882147638
64;50;0,128694017106949
64;50,5;0,0898829286649284
64;51;0,0553019197278123
64;51,5;0,110752967249323
64;52;0,0759257595635974
64;52,5;0,0242005509579155
64;53;0,0932599339609032
64;53,5;0,119223594620295
64;54;0,0277862489417356
64;54,5;0,0369628118839137
64;55;0,0541753577538266
64;55,5;0,0603547090879486
64;56;0,0440130024541241
64;56,5;0,0561526726123471
64;57;0,0675449138323189
64;57,5;0,0332340187157677
64;58;0,0501084538062904
64;58,5;0,0393935687754939
64;59;0,0504970935446433
64;59,5;0,0557000470205837
64;60;0,08077679684842
64;60,5;0,118848740729153
64;61;0,0761351867842108
64;61,5;0,0989523760567311
64;62;0,338855453486421
64;62,5;0,0226605383872493
64;63;0,0553995414728524
64;63,5;0,072644813755128
64;64;0,107207145718106
64;64,5;0,0695262882793607
64;65;0,070753734241317
64;65,5;0,0697471624273466
64;66;0,081434899503486
64;66,5;0,0711218097910689
64;67;0,115940386417393
64;67,5;0,0723275628877149
64;68;0,0675869809948632
64;68,5;0
64;69;0
64;69,5;0
64;70;0
64;70,5;0,059276240832839
64;71;0,0892483493244713
64;71,5;0
64;72;0
64;72,5;0,0182477983016347
64;73;0,148762450459337
64;73,5;0
64;74;0,0543077649451101
64,5;-18,5;0
64,5;-18;0
64,5;-17,5;0
64,5;-17;0
64,5;-16,5;0
64,5;-16;0
64,5;-15,5;0
64,5;-15;0
64,5;-14,5;0
64,5;-14;0
64,5;-13,5;0
64,5;-13;0
64,5;-12,5;0
64,5;-12;0
64,5;-11,5;0,241778574569541
64,5;-11;0,267691274011347
64,5;-10,5;0
64,5;-10;0
64,5;-9,5;0,213341737523854
64,5;-9;0
64,5;-8,5;0
64,5;-8;0
64,5;-7,5;0
64,5;-7;0,0953181977564065
64,5;-6,5;0,149657494270744
64,5;-6;0,104246212052394
64,5;-5,5;0,104645243054519
64,5;-5;0,0801371947979174
64,5;-4,5;0,118500095895627
64,5;-4;0,264457936163769
64,5;-3,5;0,0620398617377928
64,5;-3;0,215428579179441
64,5;-2,5;0,252584793837788
64,5;-2;0,0873387583614584
64,5;-1,5;0,0919422579006998
64,5;-1;0,0347682120827139
64,5;-0,5;0,00989949493661166
64,5;0;0
64,5;0,5;0,16768002189763
64,5;1;0,15648460709624
64,5;1,5;0,0665688522352015
64,5;2;0,0424956206894049
64,5;2,5;0,0574653263826434
64,5;3;0,1232863715573
64,5;3,5;0,0864266636045739
64,5;4;0,0585304746969813
64,5;4,5;0,0625151410231382
64,5;5;0,0557340415850613
64,5;5,5;0,067633201905573
64,5;6;0,0608671346525207
64,5;6,5;0,289728089273867
64,5;7;0,208079591425759
64,5;7,5;0,248743775692872
64,5;8;0,174099523655939
64,5;8,5;0,183810137551406
64,5;9;0,0458935424801716
64,5;9,5;0,0407558814396301
64,5;10;0,054611828638515
64,5;10,5;0,0928951043282867
64,5;11;0,0762736889776029
64,5;11,5;0,0924622665082795
64,5;12;0,0552585858687788
64,5;12,5;0,0511653782122424
64,5;13;0,0455067879144288
64,5;13,5;0,0471320893463662
64,5;14;0,0404954748603211
64,5;14,5;0,0742517400735821
64,5;15;0,0444832280276238
64,5;15,5;0,0496110555279878
64,5;16;0,051552366237123
64,5;16,5;0,041971421001839
64,5;17;0,0905736572231639
64,5;17,5;0,0627805238309953
64,5;18;0,0367967698681185
64,5;18,5;0,0302244265031912
64,5;19;0,0240532973022642
64,5;19,5;0,0221096915749284
64,5;20;0,0384568917570926
64,5;20,5;0,0227856007318879
64,5;21;0,0445814604264667
64,5;21,5;0,0712496501960622
64,5;22;0,0547166985811505
64,5;22,5;0,0589779412284491
64,5;23;0,0311722470919895
64,5;23,5;0,0267627919409542
64,5;24;0,0260399084046714
64,5;24,5;0,0234434773276808
64,5;25;0,024532282889696
64,5;25,5;0,0288219555424992
64,5;26;0,0374333911796056
64,5;26,5;0,024245204507655
64,5;27;0,0175764815330382
64,5;27,5;0,0184171701643533
64,5;28;0,0211512891052135
64,5;28,5;0,0154012607300572
64,5;29;0,029946842493828
64,5;29,5;0,0795912768452816
64,5;30;0,0597284236677776
64,5;30,5;0,0384263983852802
64,5;31;0,095438746726148
64,5;31,5;0,0273052859764885
64,5;32;0,054684667093492
64,5;32,5;0,0619694546777063
64,5;33;0,0518050448525654
64,5;33,5;0,110527951041501
64,5;34;0,114507958080511
64,5;34,5;0,0971006307743801
64,5;35;0,0902500617227535
64,5;35,5;0,102721950354674
64,5;36;0,0626466206963168
64,5;36,5;0,031452493864793
64,5;37;0,0319293490903484
64,5;37,5;0,0390128821287122
64,5;38;0,0849825472278475
64,5;38,5;0,107376710645189
64,5;39;0,136153027835577
64,5;39,5;0,0898306339013304
64,5;40;0,0686117753169522
64,5;40,5;0,251206652963986
64,5;41;0,183109279183905
64,5;41,5;0,0314670515189237
64,5;42;0,0252834091461333
64,5;42,5;0,153239698230317
64,5;43;0,333918609299197
64,5;43,5;0,305993633990506
64,5;44;0,042056804951961
64,5;44,5;0,0576263595278238
64,5;45;0,0342900924550746
64,5;45,5;0,0250357602011576
64,5;46;0,0229390948032693
64,5;46,5;0,040325659845073
64,5;47;0,0483450509984627
64,5;47,5;0,0255190111734659
64,5;48;0,0383776279408063
64,5;48,5;0,042557906834294
64,5;49;0,0496731024324348
64,5;49,5;0,0681398463122877
64,5;50;0,069046162255513
64,5;50,5;0,0627329592709915
64,5;51;0,0711300450523103
64,5;51,5;0,127678727726251
64,5;52;0,157049134029212
64,5;52,5;0,223562808102481
64,5;53;0,0157548178572234
64,5;53,5;0,0267131501568862
64,5;54;0,0421480339626571
64,5;54,5;0,0488149988813347
64,5;55;0,0624210623458961
64,5;55,5;0,0461790727850292
64,5;56;0,039212416864606
64,5;56,5;0,0629500412415091
64,5;57;0,0437284085915406
64,5;57,5;0,0536702592878602
64,5;58;0,0599641705886604
64,5;58,5;0,0518784457586034
64,5;59;0,0792452740643785
64,5;59,5;0,0446894635025768
64,5;60;0,0269383828502795
64,5;60,5;0,0401776972274091
64,5;61;0,0412081437474574
64,5;61,5;0,0663872163899045
64,5;62;0,0462331050222673
64,5;62,5;0,00212132034355964
64,5;63;0,0588354579408634
64,5;63,5;0,0820426718238747
64,5;64;0,1157184390789
64,5;64,5;0,11300182338313
64,5;65;0,0287174937006077
64,5;65,5;0,0282400424928859
64,5;66;0,0708067176886577
64,5;66,5;0,0923011375877892
64,5;67;0,142575117744349
64,5;67,5;0,137810820410526
64,5;68;0
64,5;68,5;0,0644228220431238
64,5;69;0,00989949493661166
64,5;69,5;0,0802950807957748
64,5;70;0,135992296700603
64,5;70,5;0,114906384821416
64,5;71;0,20008248299139
64,5;72;0,0510383842481976
64,5;72,5;0,0573073169100471
64,5;73;0,0952798509654586
64,5;73,5;0,071987846196424
65;-18,5;0
65;-18;0
65;-17,5;0
65;-17;0
65;-16,5;0
65;-16;0
65;-15,5;0
65;-15;0
65;-14,5;0
65;-14;0
65;-13,5;0
65;-13;0
65;-12,5;0
65;-12;0
65;-11,5;0
65;-11;0
65;-10,5;0
65;-10;0,296297710644773
65;-9,5;0,21868223093945
65;-9;0,314485823739852
65;-8,5;0,0461567378011536
65;-8;0,0663416242724815
65;-7,5;0,130372543121625
65;-7;0,115035320662829
65;-6,5;0,0785458111196545
65;-6;0,128732280334033
65;-5,5;0,0592054139902056
65;-5;0,137811189591441
65;-4,5;0,274101562685561
65;-4;0,189110680227517
65;-3,5;0,103684403627332
65;-3;0,0815391993193521
65;-2,5;0,203949858969172
65;-2;0,118163627471159
65;-1,5;0,0580712037578209
65;-1;0,0200333056017556
65;-0,5;0,0208406653764541
65;0;0,125157900270019
65;0,5;0,0967746523286616
65;1;0,105421455431549
65;1,5;0,0798407044336694
65;2;0,0802048950374597
65;2,5;0,0962966828938756
65;3;0,242828666210568
65;3,5;0,350201670676951
65;4;0,0745497507971378
65;4,5;0,0689291247762819
65;5;0,101211134990938
65;5,5;0,0648204785885174
65;6;0,0862637382663338
65;6,5;0,200329124366928
65;7;0,250128591928232
65;7,5;0,260801781442619
65;8;0,137054354560138
65;8,5;0,214545540859194
65;9;0,0467680191909773
65;9,5;0,0379439408477668
65;10;0,0324270540443022
65;10,5;0,0365447007309562
65;11;0,0710072071753231
65;11,5;0,0718600567740024
65;12;0,0611630952748672
65;12,5;0,0594468743970281
65;13;0,0620233071111175
65;13,5;0,0513820821063328
65;14;0,0342301888387589
65;14,5;0,0451469663590874
65;15;0,040245303587971
65;15,5;0,0630682374226168
65;16;0,0460863472571734
65;16,5;0,0382300442645604
65;17;0,0505700581111637
65;17,5;0,0524430161733208
65;18;0,0359472150900076
65;18,5;0,0380731775249564
65;19;0,0433022505842407
65;19,5;0,0251153640747062
65;20;0,0267516471247271
65;20,5;0,0268422549152669
65;21;0,0345288960975927
65;21,5;0,0296246444645639
65;22;0,0672332484823732
65;22,5;0,0313172820004983
65;23;0,0321799404022853
65;23,5;0,030536808259008
65;24;0,020194463745774
65;24,5;0,0214925747464274
65;25;0,0243210132019272
65;25,5;0,0256621737514114
65;26;0,0403172637649317
65;26,5;0,0220462560607658
65;27;0,0232625978640339
65;27,5;0,0304921838876279
65;28;0,0258564828056956
65;28,5;0,0210906184671722
65;29;0,030591424643321
65;29,5;0,0665532952335388
65;30;0,0372482610358064
65;30,5;0,0277235169925719
65;31;0,131990170614912
65;31,5;0,0790144058329382
65;32;0,0655285441998182
65;32,5;0,0795592746693121
65;33;0,0624241752437888
65;33,5;0,0597305620973022
65;34;0,213096472309482
65;34,5;0,224118530329195
65;35;0,127943428155106
65;35,5;0,115772565647142
65;36;0,0683929515417432
65;36,5;0,0547673204278983
65;37;0,040583177890982
65;37,5;0,0431375073203717
65;38;0,217311769663219
65;38,5;0,193570612554369
65;39;0,282487660539776
65;39,5;0,123406037129469
65;40;0,13264739204509
65;40,5;0,36708790518748
65;41;0,1971836029151
65;41,5;0,0552961714780647
65;42;0,0495357530193175
65;42,5;0,138169954440688
65;43;0,339783723399351
65;43,5;0,334424723294388
65;44;0,0441179770461157
65;44,5;0,0359063145854594
65;45;0,0397137275155601
65;45,5;0,0181301668750841
65;46;0,0389868784333484
65;46,5;0,0330773113649188
65;47;0,0492885055216404
65;47,5;0,0417793877573536
65;48;0,0302967686428435
65;48,5;0,0743504127398098
65;49;0,070136225234112
65;49,5;0,0574702347708393
65;50;0,086593024823319
65;50,5;0,341334829974684
65;51;0,234996203573941
65;51,5;0,253010717354285
65;52;0,147439700842803
65;52,5;0,0435425986217732
65;53;0,0455793513855482
65;53,5;0,351719246802657
65;54;0,0909713081604202
65;54,5;0,076169042372036
65;55;0,0613690647253415
65;55,5;0,0480712586890513
65;56;0,0650448563172626
65;56,5;0,0757570638951582
65;57;0,0528394168046352
65;57,5;0,0576117239975615
65;58;0,0655887305788683
65;58,5;0,0564842614793873
65;59;0,0700637072736169
65;59,5;0,0969948452238571
65;60;0,0616551791102022
65;60,5;0,0546842611822875
65;61;0,0273221521846285
65;61,5;0,0355533402087624
65;62;0,0460308663761683
65;62,5;0,0472324545403345
65;63;0,0619515940069342
65;63,5;0,0459013434807015
65;64;0,0739369100427295
65;64,5;0,118971635274968
65;65;0,0185202591774521
65;65,5;0
65;66;0,114168181322002
65;66,5;0,29279110158382
65;67;0,123026549023802
65;67,5;0,0717303980192498
65;68;0,0574572304704406
65;68,5;0,053259949513891
65;69;0,123577054932326
65;69,5;0,27693049669547
65;70;0,0970014318336476
65;70,5;0,118858131335704
65;71;0,0623683228274394
65;71,5;0
65;72;0,0464714966404139
65;72,5;0,102415741903886
65;73;0
65,5;-18;0
65,5;-17,5;0
65,5;-17;0
65,5;-16,5;0
65,5;-16;0
65,5;-15,5;0
65,5;-15;0
65,5;-14,5;0
65,5;-14;0
65,5;-13,5;0
65,5;-13;0
65,5;-12,5;0
65,5;-12;0
65,5;-11,5;0
65,5;-11;0
65,5;-10,5;0
65,5;-10;0
65,5;-9,5;0,00212132034355964
65,5;-9;0
65,5;-8,5;0
65,5;-8;0
65,5;-7,5;0,249624882595029
65,5;-7;0,122024811187949
65,5;-6,5;0,188265516656409
65,5;-6;0
65,5;-5,5;0,307400505289393
65,5;-5;0,242045002890118
65,5;-4,5;0,204455799411617
65,5;-4;0,245847445598235
65,5;-3,5;0,369068271311541
65,5;-3;0,321717820609243
65,5;-2,5;0,26139876776579
65,5;-2;0,106617799935836
65,5;-1,5;0,139547377575629
65,5;-1;0
65,5;-0,5;0
65,5;0;0,0918930537817376
65,5;0,5;0,170731879828918
65,5;1;0,0699874988837292
65,5;1,5;0,0866454489487441
65,5;2;0,0668336183345069
65,5;2,5;0,11235677425281
65,5;3;0,174291583337834
65,5;3,5;0,236201706972688
65,5;4;0,108396264579103
65,5;4,5;0,101342018930043
65,5;5;0,104230744650137
65,5;5,5;0,0810871425487222
65,5;6;0,103725599540326
65,5;6,5;0,0933474027281244
65,5;7;0,118289699713549
65,5;7,5;0,0925558703117432
65,5;8;0,150131208584161
65,5;8,5;0,104777739379541
65,5;9;0,0910760731425469
65,5;9,5;0,0560585745047999
65,5;10;0,0480330473248136
65,5;10,5;0,060047093260964
65,5;11;0,0272186910570134
65,5;11,5;0,0771447191472475
65,5;12;0,0676622301529989
65,5;12,5;0,0623480947693601
65,5;13;0,0324381735312088
65,5;13,5;0,0500812238228244
65,5;14;0,0426395632358163
65,5;14,5;0,0616985424862495
65,5;15;0,0525881192317382
65,5;15,5;0,0454239848383793
65,5;16;0,0529187934603455
65,5;16,5;0,0362423788549076
65,5;17;0,047674123538224
65,5;17,5;0,0361911209417868
65,5;18;0,0518028304523655
65,5;18,5;0,0313570142979049
65,5;19;0,0503523757100049
65,5;19,5;0,0278911428054595
65,5;20;0,0270919200343486
65,5;20,5;0,037019354857056
65,5;21;0,0446702375977758
65,5;21,5;0,0533342657633751
65,5;22;0,0215884942991402
65,5;22,5;0,028706900192096
65,5;23;0,0411137191159275
65,5;23,5;0,0710715047765896
65,5;24;0,0490511133122554
65,5;24,5;0,0185433908545257
65,5;25;0,0220375162214829
65,5;25,5;0,0189278970911598
65,5;26;0,0249133369698714
65,5;26,5;0,0297040784556164
65,5;27;0,116688117896543
65,5;27,5;0,019503783819035
65,5;28;0,0643743578284138
65,5;28,5;0,0729334644462281
65,5;29;0,0725443243237997
65,5;29,5;0,0296921624521041
65,5;30;0,0184837766703669
65,5;30,5;0,0467726817009823
65,5;31;0,0652920255080104
65,5;31,5;0,122450739537667
65,5;32;0,0773531654369244
65,5;32,5;0,0544357145981342
65,5;33;0,0923453766161332
65,5;33,5;0,0427954239989327
65,5;34;0,136213387733754
65,5;34,5;0,18408510162159
65,5;35;0,127886421075375
65,5;35,5;0,0645081109826454
65,5;36;0,0485143132017158
65,5;36,5;0,041950260833407
65,5;37;0,0500936880409208
65,5;37,5;0,0655026527757553
65,5;38;0,101459417445628
65,5;38,5;0,297160413020804
65,5;39;0,191317974783584
65,5;39,5;0,208827014276615
65,5;40;0,117996838826358
65,5;40,5;0,0461237239924218
65,5;41;0,0604148319470635
65,5;41,5;0,0369133749938042
65,5;42;0,0451254388577753
65,5;42,5;0,022050755650142
65,5;43;0,0536141375324548
65,5;43,5;0,0642589334358717
65,5;44;0,0418743016999346
65,5;44,5;0,0810972290733801
65,5;45;0,0497661846624082
65,5;45,5;0,0492907047480699
65,5;46;0,0739826754221977
65,5;46,5;0,0387904852239343
65,5;47;0,0389261578603099
65,5;47,5;0,0420150505476816
65,5;48;0,027510897785821
65,5;48,5;0,0265080968384188
65,5;49;0,0480637073026771
65,5;49,5;0,0859682263845918
65,5;50;0,100625099822488
65,5;50,5;0,254031903099213
65,5;51;0,314674580726374
65,5;51,5;0,0932181987369289
65,5;52;0,164846491589823
65,5;52,5;0,0477060443410127
65,5;53;0,284383225091513
65,5;53,5;0,254710878974833
65,5;54;0,0237029232675755
65,5;54,5;0,0531668635958092
65,5;55;0,0376961187447866
65,5;55,5;0,0265141471671257
65,5;56;0
65,5;56,5;0,243160095222945
65,5;57;0,366107190804227
65,5;57,5;0,1660868330178
65,5;58;0,0534998202728829
65,5;58,5;0,0579718379055536
65,5;59;0,057589746894464
65,5;59,5;0,0329400610055236
65,5;60;0,0424009349627374
65,5;60,5;0,0593064077482358
65,5;61;0
65,5;61,5;0,0439880508388448
65,5;62;0,0390820215926032
65,5;62,5;0
65,5;63;0,0631198746598494
65,5;63,5;0,0538066497336115
65,5;64;0,0879050624253234
65,5;64,5;0,0417721996867135
65,5;65;0,039046592215408
65,5;65,5;0,025656383221335
65,5;66;0,064098101895974
65,5;66,5;0,065332920309676
65,5;67;0,133732942837582
65,5;67,5;0,000707106781186548
65,5;68;0,0549759854332687
65,5;68,5;0,171162778851336
65,5;69;0,283014822709726
65,5;69,5;0,270483043688651
65,5;70;0,181959522578904
65,5;70,5;0,0860829324260084
65,5;71;0,105201970254623
65,5;71,5;0,0788840921859408
65,5;72;0,12746897340642
65,5;72,5;0,0708948981245236
66;-17,5;0
66;-17;0
66;-16,5;0
66;-16;0
66;-15,5;0
66;-15;0
66;-14,5;0
66;-14;0
66;-13,5;0
66;-13;0
66;-12,5;0
66;-12;0
66;-11,5;0
66;-11;0
66;-10,5;0
66;-10;0
66;-9,5;0
66;-9;0
66;-8,5;0
66;-8;0
66;-7,5;0,0282842712474619
66;-7;0
66;-6,5;0
66;-6;0
66;-5,5;0,0737872182117511
66;-5;0,106865959656634
66;-4,5;0,166316085824674
66;-4;0,279269280031354
66;-3,5;0,342149048631588
66;-3;0,0799030662740799
66;-2,5;0,0784037855895443
66;-2;0,0918484605525991
66;-1,5;0,0875655824581281
66;-1;0,114872355527847
66;-0,5;0
66;0;0,201946757512655
66;0,5;0,235719289268684
66;1;0,0688274697212915
66;1,5;0,0885859922446999
66;2;0
66;2,5;0,0844950417948419
66;3;0,119575773430063
66;3,5;0,156377198994561
66;4;0,148356754552726
66;4,5;0,0978095444882911
66;5;0,109732533851667
66;5,5;0,118595012613275
66;6;0,128039572834099
66;6,5;0,0890368390299961
66;7;0,0805559323809131
66;7,5;0,0924390836698597
66;8;0,0607601843315176
66;8,5;0,0788424645132705
66;9;0,0887205478817526
66;9,5;0,0769164378674504
66;10;0,0721363164655278
66;10,5;0,0959397283192906
66;11;0,0755145766196917
66;11,5;0,063129180632204
66;12;0,0731505027148196
66;12,5;0,044061788166966
66;13;0,0502688148510683
66;13,5;0,043420466353964
66;14;0,0406252024081982
66;14,5;0,0566956084235724
66;15;0,0556237193032563
66;15,5;0,0534805606774122
66;16;0,0401499462243498
66;16,5;0,0460404099386544
66;17;0,0549019575400089
66;17,5;0,0408295967424276
66;18;0,043955277453795
66;18,5;0,0259201393358216
66;19;0,0499828471338953
66;19,5;0,0348396090611706
66;20;0,0402022028776672
66;20,5;0,0372639943948026
66;21;0,0442817960460477
66;21,5;0,0431099380402843
66;22;0,0374984078609381
66;22,5;0,0315976104913654
66;23;0,0479614071580117
66;23,5;0,0474393683651677
66;24;0,0473763403373707
66;24,5;0,0232088288567586
66;25;0,032400682681658
66;25,5;0,0326112841836999
66;26;0,0229003430169383
66;26,5;0,0337566519541722
66;27;0,172661637644436
66;27,5;0,0448825020697648
66;28;0,0468977402357052
66;28,5;0,0472997770350244
66;29;0,0554469828424964
66;29,5;0,0302809662098248
66;30;0,0908355225496212
66;30,5;0,0474981948330323
66;31;0,119925481301412
66;31,5;0,0918688803871696
66;32;0,0984910005220432
66;32,5;0,103537432844358
66;33;0,167990024744725
66;33,5;0,296701164322353
66;34;0,145118428703666
66;34,5;0,05650785135304
66;35;0,138007464548649
66;35,5;0,078176494212958
66;36;0,0232266292978543
66;36,5;0,0252382945943132
66;37;0,025517991816287
66;37,5;0,0665072414498309
66;38;0,0484516494984932
66;38,5;0,0570968906325771
66;39;0,0479578139534312
66;39,5;0,0467164998962381
66;40;0,093531552069967
66;40,5;0,0862633364820568
66;41;0,0405396810862426
66;41,5;0,0275813216512426
66;42;0,0293845033822515
66;42,5;0,0306632297188774
66;43;0,0287233393169908
66;43,5;0,0384871323728954
66;44;0,0374106763431703
66;44,5;0,0532004468222546
66;45;0,0375403422292071
66;45,5;0,0513499180574521
66;46;0,0629258310335875
66;46,5;0,0373115833933532
66;47;0,0622716002018638
66;47,5;0,0360062823273498
66;48;0,049476164330308
66;48,5;0,0700267779039372
66;49;0,034246661192252
66;49,5;0,0316096359062486
66;50;0,0489781766567304
66;50,5;0,0895466798239601
66;51;0
66;51,5;0,040855300213749
66;52;0,0440369679412031
66;52,5;0
66;53;0,336575499489089
66;53,5;0,36643663024691
66;54;0,0355525508363006
66;54,5;0,0631797408484686
66;55;0,0550026540634449
66;55,5;0,0605180069621156
66;56;0,0689612488732175
66;56,5;0,156258044003467
66;57;0,25699672867254
66;57,5;0,0410372459548098
66;58;0,0500964106730097
66;58,5;0,0541230915768432
66;59;0,0552694174207065
66;59,5;0
66;60;0
66;60,5;0,0676010354950277
66;61;0,0329826400619257
66;61,5;0,0595620924510116
66;62;0,00478713553878169
66;62,5;0,0724387097253027
66;63;0,0864166864527852
66;63,5;0,0807469138887927
66;64;0,0509872533090379
66;64,5;0,0295176372545451
66;65;0,0559665078417441
66;65,5;0,0531248529409729
66;66;0,0703071503093063
66;66,5;0,0578163399625631
66;67;0,0498220643413949
66;67,5;0,049731041318157
66;68;0,0695235888872597
66;68,5;0,20762001972356
66;69;0,199431449941594
66;69,5;0
66;70;0,00777817459305201
66;70,5;0,0919428626920002
66;71;0,051770862676048
66;71,5;0
66;72;0,0826964328130301
66;72,5;0
66,5;-17;0
66,5;-16,5;0
66,5;-16;0
66,5;-15,5;0
66,5;-15;0
66,5;-14,5;0
66,5;-14;0
66,5;-13,5;0
66,5;-13;0
66,5;-12,5;0
66,5;-12;0
66,5;-11,5;0
66,5;-11;0
66,5;-10,5;0
66,5;-10;0
66,5;-9,5;0
66,5;-9;0
66,5;-8,5;0
66,5;-8;0
66,5;-7,5;0
66,5;-7;0
66,5;-6,5;0
66,5;-6;0
66,5;-5,5;0
66,5;-5;0
66,5;-4,5;0,256039710461743
66,5;-4;0,0294103156505786
66,5;-3,5;0,0523259018078045
66,5;-3;0,303824079737883
66,5;-2,5;0,150166194893224
66,5;-2;0,143118668301428
66,5;-1,5;0,108828810523684
66,5;-1;0,135458834212203
66,5;-0,5;0,0810590915060703
66,5;0;0,173720950552801
66,5;0,5;0,339377002756521
66,5;1;0,270407429220755
66,5;1,5;0
66,5;2;0,0538021065262938
66,5;2,5;0,0162634559672906
66,5;3;0
66,5;3,5;0,11099140015826
66,5;4;0,111550486825971
66,5;4,5;0,149112932593611
66,5;5;0,0843908430692536
66,5;5,5;0,0874048771757764
66,5;6;0,0846567930315281
66,5;6,5;0,0550625242696643
66,5;7;0,0998154198815642
66,5;7,5;0,116725962292988
66,5;8;0,113955581064435
66,5;8,5;0,0760545258948533
66,5;9;0,117478569474242
66,5;9,5;0,0976302192562262
66,5;10;0,19130149865586
66,5;10,5;0,107314237584
66,5;11;0,0560306038824192
66,5;11,5;0,0609370091842313
66,5;12;0,0561911275838894
66,5;12,5;0,0608309632067098
66,5;13;0,0491769916041816
66,5;13,5;0,0632590712942429
66,5;14;0,0552048709606116
66,5;14,5;0,0508472193567363
66,5;15;0,0510845729930632
66,5;15,5;0,0386884063313396
66,5;16;0,0451689266285254
66,5;16,5;0,0449496977360275
66,5;17;0,0446399721539604
66,5;17,5;0,0579846556414287
66,5;18;0,0511312319880461
66,5;18,5;0,0492940039523563
66,5;19;0,0476349746594958
66,5;19,5;0,0439829512424985
66,5;20;0,0434936663280355
66,5;20,5;0,0768572506325195
66,5;21;0,178947696324378
66,5;21,5;0,091045879531733
66,5;22;0,165101257659631
66,5;22,5;0,124900360059088
66,5;23;0,060419932960647
66,5;23,5;0,0298883069291171
66,5;24;0,0351447447358725
66,5;24,5;0,0322795220380587
66,5;25;0,0328940509670937
66,5;25,5;0,0383042729517603
66,5;26;0,0536130027183938
66,5;26,5;0,0485382148268985
66,5;27;0,0364284752499799
66,5;27,5;0,0193094083857892
66,5;28;0,0185194439676547
66,5;28,5;0,0256666514614817
66,5;29;0,0197697542911266
66,5;29,5;0,0451886607018001
66,5;30;0,0858674697838872
66,5;30,5;0,0259415835349834
66,5;31;0,0934548623388095
66,5;31,5;0,0711569096091445
66,5;32;0,152390970116701
66,5;32,5;0,174977500333988
66,5;33;0,282230024828331
66,5;33,5;0,259013223600649
66,5;34;0,245834985419127
66,5;34,5;0,0456514026356028
66,5;35;0,0297727573444215
66,5;35,5;0,0137782417203205
66,5;36;0,0388702445942863
66,5;36,5;0,069564503316607
66,5;37;0,0389858832096421
66,5;37,5;0,0415052715536586
66,5;38;0,0457217768534277
66,5;38,5;0,0367019826386533
66,5;39;0,0352888923094282
66,5;39,5;0,0443491780753555
66,5;40;0,0308634576372032
66,5;40,5;0,0839642793462974
66,5;41;0,0872389299056855
66,5;41,5;0,0381034398430395
66,5;42;0,0207401039552524
66,5;42,5;0,0212417053378984
66,5;43;0,0165918290178392
66,5;43,5;0,0260146858672458
66,5;44;0,0230674628673648
66,5;44,5;0,0192822623836838
66,5;45;0,0287010111451209
66,5;45,5;0,0371514148423025
66,5;46;0,0308124238657213
66,5;46,5;0,0251802447162305
66,5;47;0,0370447061732299
66,5;47,5;0,0537581889175009
66,5;48;0,0664633258289211
66,5;48,5;0,0542146679966658
66,5;49;0,0543196928586499
66,5;49,5;0,055950861197825
66,5;50;0,1774058633359
66,5;50,5;0,19532626360569
66,5;51;0,0617794464203104
66,5;51,5;0,0980306074652198
66,5;52;0,0635199205212845
66,5;52,5;0,0373577301237642
66,5;53;0,291927730782809
66,5;53,5;0,0171644452814002
66,5;54;0,0790107698632659
66,5;54,5;0,0607272971190437
66,5;55;0,0647821320274437
66,5;55,5;0,0478335931284589
66,5;56;0,0817835776389647
66,5;56,5;0,0738334510545434
66,5;57;0,0410425126369207
66,5;57,5;0,0464216522316728
66,5;58;0,0693216166751868
66,5;58,5;0,0766812505401233
66,5;59;0
66,5;59,5;0
66,5;60;0,085837887072917
66,5;60,5;0,111992989418304
66,5;61;0,116396140380417
66,5;61,5;0,127686010155047
66,5;62;0,0923382970988263
66,5;62,5;0,0892344140181426
66,5;63;0,0860921810408102
66,5;63,5;0,148639496769869
66,5;64;0,0370989667421255
66,5;64,5;0,0739848440077908
66,5;65;0,0406994314818244
66,5;65,5;0,0753070131963759
66,5;66;0,0659699065591924
66,5;66,5;0,0677422064591028
66,5;67;0,0363661481604272
66,5;67,5;0,0553327340952044
66,5;68;0,0641168204659796
66,5;68,5;0,0590705792534095
66,5;69;0
66,5;69,5;0,106346167551733
66,5;70;0
66,5;70,5;0,0674555409139976
66,5;71;0
66,5;71,5;0
67;-17;0
67;-16,5;0
67;-16;0
67;-15,5;0
67;-15;0
67;-14,5;0
67;-14;0
67;-13,5;0
67;-13;0
67;-12,5;0
67;-12;0
67;-11,5;0
67;-11;0
67;-10,5;0
67;-10;0
67;-9,5;0
67;-9;0
67;-8,5;0
67;-8;0
67;-7,5;0
67;-7;0
67;-6,5;0
67;-6;0
67;-5,5;0
67;-5;0
67;-4,5;0
67;-4;0
67;-3,5;0
67;-3;0
67;-2,5;0,166274772590432
67;-2;0,280036307169862
67;-1,5;0,0995568676308828
67;-1;0,236013316815568
67;-0,5;0,237369192616141
67;0;0,306882641592769
67;0,5;0,234584032353641
67;1;0,278902962243462
67;1,5;0,0644051099045579
67;2;0,0842037212162661
67;2,5;0,0195021366350801
67;3;0
67;3,5;0,308002618338263
67;4;0,300849104439377
67;4,5;0,230055177327928
67;5;0,0369183784403739
67;5,5;0,111371749859049
67;6;0,122529870905299
67;6,5;0,0417484349189502
67;7;0,177295516017749
67;7,5;0,125862316398021
67;8;0,0898028761444941
67;8,5;0,0939601333900004
67;9;0,0877094830564394
67;9,5;0,1838078873701
67;10;0,245972795366898
67;10,5;0,120703735566837
67;11;0,0446497652677093
67;11,5;0,0487973307382636
67;12;0,0443036593212007
67;12,5;0,0575611914079488
67;13;0,0413294079279805
67;13,5;0,0539607494678392
67;14;0,0465839565791789
67;14,5;0,0745617436973439
67;15;0,037966362895838
67;15,5;0,0542811418315832
67;16;0,0354593833543093
67;16,5;0,0394549066045329
67;17;0,0398283751267942
67;17,5;0,31473587331402
67;18;0,0596987828131003
67;18,5;0,0305302592243704
67;19;0,0561521950107464
67;19,5;0,0564276234656103
67;20;0,0413577966528293
67;20,5;0,156807473414946
67;21;0,231504535592718
67;21,5;0,331660187084663
67;22;0,140251856791036
67;22,5;0,158901121916181
67;23;0,149918166593834
67;23,5;0,0368691126414142
67;24;0,0444534599216968
67;24,5;0,0371990300233896
67;25;0,0349175151951623
67;25,5;0,028203940953128
67;26;0,0603373087499834
67;26,5;0,0569744687565412
67;27;0,0240924689619532
67;27,5;0,0200175691345584
67;28;0,0234545535095093
67;28,5;0,0685942180403476
67;29;0,0565565320923591
67;29,5;0,0371614088554679
67;30;0,0207741826955158
67;30,5;0,0152481865383262
67;31;0,12903458350185
67;31,5;0,162009857962826
67;32;0,128712651495017
67;32,5;0,231052895535928
67;33;0,280845158389862
67;33,5;0,214318826118123
67;34;0,220213174030998
67;34,5;0,137915896937587
67;35;0,0403827451573389
67;35,5;0,0668669900071558
67;36;0,0532220719950228
67;36,5;0,0374232838346433
67;37;0,0836165708253632
67;37,5;0,13287186683496
67;38;0,0550314730085592
67;38,5;0,0566418866595085
67;39;0,0236187592295994
67;39,5;0,0432563178537877
67;40;0,0496712215249367
67;40,5;0,0651856356586321
67;41;0,0789047220323506
67;41,5;0,0222125991591148
67;42;0,0165975652145085
67;42,5;0,0208218398120314
67;43;0,0303574138281722
67;43,5;0,0233187315959347
67;44;0,018771169119782
67;44,5;0,0224633965705612
67;45;0,0384795504013074
67;45,5;0,0254038302364614
67;46;0,0368316832363873
67;46,5;0,0347630706450065
67;47;0,0946952160697059
67;47,5;0,0849662458126554
67;48;0,0422054518998201
67;48,5;0,0518634149841082
67;49;0,0585754474415116
67;49,5;0,084016597957751
67;50;0,284095271109905
67;50,5;0,239454209711141
67;51;0,0548296061839378
67;51,5;0,100877167919796
67;52;0,106688195318921
67;52,5;0,0967832407957325
67;53;0,0385375512603338
67;53,5;0,0458004826451241
67;54;0,0889795260754184
67;54,5;0,0868278949032702
67;55;0,104542519512989
67;55,5;0,0296448677146346
67;56;0,059708493254031
67;56,5;0,0851144345394303
67;57;0,0517475043655775
67;57,5;0,162397084503896
67;58;0,310054681270269
67;58,5;0,219437976752033
67;59;0
67;59,5;0
67;60;0,0648230473869246
67;60,5;0,0945143224218274
67;61;0,109940590017215
67;61,5;0,0547717775779426
67;62;0
67;62,5;0,123166430885082
67;63;0,0501306987436016
67;63,5;0,0372081233663355
67;64;0
67;64,5;0,104970596615653
67;65;0,0559802700993313
67;65,5;0,0540137446895197
67;66;0,0644241894824932
67;66,5;0,074760060638463
67;67;0
67;67,5;0,0689860042549848
67;68;0,0604152298679729
67;68,5;0
67;69;0,0677062985042223
67;69,5;0,0964556811975188
67;70;0
67;70,5;0
67;71;0
67,5;-16,5;0
67,5;-16;0
67,5;-15,5;0
67,5;-15;0
67,5;-14,5;0
67,5;-14;0
67,5;-13,5;0
67,5;-13;0
67,5;-12,5;0
67,5;-12;0
67,5;-11,5;0
67,5;-11;0
67,5;-10,5;0
67,5;-10;0
67,5;-9,5;0
67,5;-9;0
67,5;-8,5;0
67,5;-8;0
67,5;-7,5;0
67,5;-7;0
67,5;-6,5;0
67,5;-6;0
67,5;-5,5;0
67,5;-5;0
67,5;-4,5;0
67,5;-4;0
67,5;-3,5;0
67,5;-3;0
67,5;-2,5;0
67,5;-2;0
67,5;-1,5;0
67,5;-1;0
67,5;-0,5;0,144490484115737
67,5;0;0,228407581278477
67,5;0,5;0,292731923158338
67,5;1;0,304922594913675
67,5;1,5;0,158634194587131
67,5;2;0,0756899580386933
67,5;2,5;0,0419288557841544
67,5;3;0,15902293070535
67,5;3,5;0,261816159497857
67,5;4;0,207492636651448
67,5;4,5;0,1683962414
67,5;5;0
67,5;5,5;0,0232808934536456
67,5;6;0
67,5;6,5;0,203646752981726
67,5;7;0,208649892829538
67,5;7,5;0,0577634750306718
67,5;8;0,115342013775744
67,5;8,5;0,107350071200603
67,5;9;0,0800415116657825
67,5;9,5;0,296020328856236
67,5;10;0,270732636758224
67,5;10,5;0,186770828703865
67,5;11;0,0742187341974499
67,5;11,5;0,0533087764481714
67,5;12;0,0536619916834334
67,5;12,5;0,0541867053235056
67,5;13;0,0322152409098639
67,5;13,5;0,0575540374508232
67,5;14;0,0436220127917087
67,5;14,5;0,0434175611404489
67,5;15;0,196305505840709
67,5;15,5;0,158766263494644
67,5;16;0,0612193704700948
67,5;16,5;0,0597274933829427
67,5;17;0,0398624317875047
67,5;17,5;0,237362861561746
67,5;18;0,305293354428269
67,5;18,5;0,0279998379891626
67,5;19;0,0463303003662414
67,5;19,5;0,0231331955605382
67,5;20;0,0543800727076776
67,5;20,5;0,0505501401250943
67,5;21;0,263352995046572
67,5;21,5;0,320608161994381
67,5;22;0,194303893700936
67,5;22,5;0,023447120118694
67,5;23;0,0646588857215993
67,5;23,5;0,0322676403719624
67,5;24;0,0275439450254139
67,5;24,5;0,0511073813237414
67,5;25;0,0296271592836826
67,5;25,5;0,044061713078053
67,5;26;0,0368886752130564
67,5;26,5;0,257731090656181
67,5;27;0,278636435425194
67,5;27,5;0,0386044640900008
67,5;28;0,0334012283782579
67,5;28,5;0,0271848406403409
67,5;29;0,0186542437422481
67,5;29,5;0,0197620720845253
67,5;30;0,0202218038231573
67,5;30,5;0,024518042004889
67,5;31;0,0573471498183345
67,5;31,5;0,148757001826087
67,5;32;0,132251884704746
67,5;32,5;0,172420165750977
67,5;33;0,209488235384753
67,5;33,5;0,154285916390906
67,5;34;0,269358653427068
67,5;34,5;0,204712660653515
67,5;35;0,0464855443718127
67,5;35,5;0,108399727924252
67,5;36;0,0995043306747794
67,5;36,5;0,121194803400776
67,5;37;0,0912034034156769
67,5;37,5;0,0886963625064244
67,5;38;0,128611000424866
67,5;38,5;0,0953606946698276
67,5;39;0,0809964296667583
67,5;39,5;0,0248497225914352
67,5;40;0,0236828824435803
67,5;40,5;0,0242583010666552
67,5;41;0,016651097597036
67,5;41,5;0,0329907583624314
67,5;42;0,0585245061643597
67,5;42,5;0,101687276638577
67,5;43;0,0533928270542791
67,5;43,5;0,0369695405682105
67,5;44;0,0298792764282305
67,5;44,5;0,0244342783869829
67,5;45;0,0233807493583812
67,5;45,5;0,0236520784779378
67,5;46;0,0329330185438147
67,5;46,5;0,0404396075878817
67,5;47;0,0894330453047222
67,5;47,5;0,0784670029777445
67,5;48;0,0634141470452657
67,5;48,5;0,0706714447803682
67,5;49;0,0368388547529941
67,5;49,5;0,0565396728936199
67,5;50;0,331852811949696
67,5;50,5;0,323738785965571
67,5;51;0,42732150269635
67,5;51,5;0,0755071091316027
67,5;52;0
67,5;52,5;0,124313658599068
67,5;53;0,146102215832835
67,5;53,5;0,141526761866173
67,5;54;0,0795330539251868
67,5;54,5;0,0730399568326656
67,5;55;0,0245390844708328
67,5;55,5;0,0292070975184893
67,5;56;0,0607093834057931
67,5;56,5;0,0511207536489251
67,5;57;0,0625345883972119
67,5;57,5;0,353986289323838
67,5;58;0,142198177107095
67,5;58,5;0,257588905903271
67,5;59;0,00282842712474619
67,5;59,5;0,00989949493661166
67,5;60;0,0171396227107444
67,5;60,5;0,0270854028513339
67,5;61;0
67,5;61,5;0
67,5;62;0,133643181644258
67,5;62,5;0,110223717307768
67,5;63;0,0675543898516987
67,5;63,5;0,028360771028541
67,5;64;0,0689279817393971
67,5;64,5;0,0644878329915721
67,5;65;0,0815754959437057
67,5;65,5;0,0454577904685843
67,5;66;0,0385758992118136
67,5;66,5;0,0452744715902657
67,5;67;0,0537746842544581
67,5;67,5;0,0635090337544278
67,5;68;0
67,5;68,5;0
67,5;69;0,0943995995305827
67,5;69,5;0,0923012880613146
68;-16;0
68;-15,5;0
68;-15;0
68;-14,5;0
68;-14;0
68;-13,5;0
68;-13;0
68;-12,5;0
68;-12;0
68;-11,5;0
68;-11;0
68;-10,5;0
68;-10;0
68;-9,5;0
68;-9;0
68;-8,5;0
68;-8;0
68;-7,5;0
68;-7;0
68;-6,5;0
68;-6;0
68;-5,5;0
68;-5;0,0242755020545405
68;-4,5;0
68;-4;0
68;-3,5;0
68;-3;0
68;-2,5;0
68;-2;0
68;-1,5;0
68;-1;0
68;-0,5;0
68;0;0,129187909520924
68;0,5;0,165079062254641
68;1;0,17438136686903
68;1,5;0,216832884959823
68;2;0,048839874419713
68;2,5;0,198295490239378
68;3;0,262300568881149
68;3,5;0,274570497449417
68;4;0,297970496302346
68;4,5;0,0832768189319727
68;5;0,0546826704216651
68;5,5;0
68;6;0,0576322495698042
68;6,5;0,119609898852349
68;7;0,175053035360036
68;7,5;0,119754610210491
68;8;0,0760325540499747
68;8,5;0,134350288425444
68;9;0,0764257809904485
68;9,5;0,0714282349888557
68;10;0,0898636057692099
68;10,5;0,0766065674499947
68;11;0,0710116531144627
68;11,5;0,0511518485922245
68;12;0,0644750682530039
68;12,5;0,0669697362861113
68;13;0,0484071699883415
68;13,5;0,049238538891007
68;14;0,0566862543894008
68;14,5;0,0632717075010598
68;15;0,307364486459044
68;15,5;0,333692310083493
68;16;0,0619767771861693
68;16,5;0,273599647307526
68;17;0,175468160848908
68;17,5;0,236029240182328
68;18;0,0431458185673657
68;18,5;0,0433103673813247
68;19;0,0557322122939641
68;19,5;0,03820306673947
68;20;0,0383821873750351
68;20,5;0,034675443236336
68;21;0,0315016339445507
68;21,5;0,0427104122005961
68;22;0,164380900317357
68;22,5;0,146908781935561
68;23;0,052182103176203
68;23,5;0,0276475164791363
68;24;0,0291873676871464
68;24,5;0,0326982654899306
68;25;0,187030108794139
68;25,5;0,0374421548882333
68;26;0,032852635030014
68;26,5;0,33640015234836
68;27;0,33902531696697
68;27,5;0,0372276201447727
68;28;0,0277485410385783
68;28,5;0,0542409476009019
68;29;0,025666334982543
68;29,5;0,02995632207887
68;30;0,0276744843319005
68;30,5;0,0337455541813244
68;31;0,0349800653514083
68;31,5;0,105158209902097
68;32;0,105487973411357
68;32,5;0,121590760934825
68;33;0,215880769821358
68;33,5;0,251712066925395
68;34;0,130091407483463
68;34,5;0,165169096333064
68;35;0,0531730647258894
68;35,5;0,153288549290641
68;36;0,0832175736065528
68;36,5;0,0888795880388461
68;37;0,0544858997110879
68;37,5;0,0466801411242855
68;38;0,0726718650546933
68;38,5;0,0802396604149661
68;39;0,0491690860059603
68;39,5;0,0268984163961586
68;40;0,0622426749153713
68;40,5;0,0336214617920753
68;41;0,0243070826410196
68;41,5;0,0266668318994722
68;42;0,0391911319683669
68;42,5;0,0516654021131183
68;43;0,0351603693428702
68;43,5;0,0337084334705063
68;44;0,0321618953982114
68;44,5;0,0374585394565488
68;45;0,048996736148239
68;45,5;0,0254624355409817
68;46;0,037475577632892
68;46,5;0,109894102382742
68;47;0,0888996787655354
68;47,5;0,0445477272147525
68;48;0,0261028946883504
68;48,5;0,0182854853465522
68;49;0,0344173598038903
68;49,5;0,0477243505598938
68;50;0,0391545037434864
68;50,5;0,0474233730958635
68;51;0,0800682000963345
68;51,5;0
68;52;0,0145716619962629
68;52,5;0,0306561576196366
68;53;0,119481119192749
68;53,5;0,169363514370717
68;54;0,109738031164546
68;54,5;0,109388224346732
68;55;0,0948185709843213
68;55,5;0,0939815584746994
68;56;0,050155591246972
68;56,5;0,0539234099723852
68;57;0,0519456217505154
68;57,5;0,0398214766175239
68;58;0,0530956011091583
68;58,5;0,0233302378899145
68;59;0
68;59,5;0,0584507711416952
68;60;0,0360758460284255
68;60,5;0,041459446623004
68;61;0,0614293244693599
68;61,5;0,0947007117100347
68;62;0,0978996017142576
68;62,5;0,0623430057209214
68;63;0,0602200756919141
68;63,5;0,0945613028675049
68;64;0,0874228863308789
68;64,5;0,12284327652841
68;65;0
68;65,5;0
68;66;0,060341696370384
68;66,5;0,0833530393367072
68;67;0,082077482985367
68;67,5;0,0807698339844236
68;68;0,108170775474093
68;68,5;0,0601040764008565
68;69;0,0963232982085735
68,5;-15,5;0
68,5;-15;0
68,5;-14,5;0
68,5;-14;0
68,5;-13,5;0
68,5;-13;0
68,5;-12,5;0
68,5;-12;0
68,5;-11,5;0
68,5;-11;0
68,5;-10,5;0
68,5;-10;0
68,5;-9,5;0
68,5;-9;0
68,5;-8,5;0
68,5;-8;0
68,5;-7,5;0
68,5;-7;0
68,5;-6,5;0
68,5;-6;0
68,5;-4;0
68,5;-3,5;0
68,5;-3;0
68,5;-2,5;0
68,5;-2;0
68,5;-1,5;0
68,5;-1;0
68,5;-0,5;0
68,5;0;0,077036827084666
68,5;0,5;0,174475146013914
68,5;1;0,181363632114327
68,5;1,5;0,172433292202348
68,5;2;0,141396533167673
68,5;2,5;0,170156339980768
68,5;3;0,225393552754262
68,5;3,5;0,284699347184932
68,5;4;0,289511856543674
68,5;4,5;0,0906177870692798
68,5;5;0,169587504775259
68,5;5,5;0,28248376179928
68,5;6;0
68,5;6,5;0,142623453409198
68,5;7;0,0510966997688963
68,5;7,5;0
68,5;8;0,0457711699653832
68,5;8,5;0,0531834202592894
68,5;9;0,075186540504374
68,5;9,5;0,112486982411838
68,5;10;0,233743567944779
68,5;10,5;0,0885690475870447
68,5;11;0,0591015851599689
68,5;11,5;0,0679873609577545
68,5;12;0,0818290901819151
68,5;12,5;0,0699421665854488
68,5;13;0,0654821523829337
68,5;13,5;0,090556174938491
68,5;14;0,112148165386114
68,5;14,5;0,243496349427526
68,5;15;0,279627261407268
68,5;15,5;0,132737031369755
68,5;16;0,171219625043393
68,5;16,5;0,431242891318954
68,5;17;0,409532933286601
68,5;17,5;0,434145277726184
68,5;18;0,0503398705213131
68,5;18,5;0,38195402522984
68,5;19;0,373059873442498
68,5;19,5;0,0489819797827154
68,5;20;0,0537225482932628
68,5;20,5;0,040274207189042
68,5;21;0,0380868595576971
68,5;21,5;0,0344479317231093
68,5;22;0,129449806639579
68,5;22,5;0,0464157132845797
68,5;23;0,0325794157524835
68,5;23,5;0,0305174864172276
68,5;24;0,0203187307593789
68,5;24,5;0,0206260108414672
68,5;25;0,310677731995543
68,5;25,5;0,0335557519815693
68,5;26;0,035180702354868
68,5;26,5;0,139842436845391
68,5;27;0,0476295408112942
68,5;27,5;0,0395654309956549
68,5;28;0,0313406105121915
68,5;28,5;0,0522632615953675
68,5;29;0,0279661775943913
68,5;29,5;0,0406558206521004
68,5;30;0,0273043831964155
68,5;30,5;0,0358357879092731
68,5;31;0,0370316674669839
68,5;31,5;0,0800880835405358
68,5;32;0,0827793095686603
68,5;32,5;0,0932525489320073
68,5;33;0,159634143822522
68,5;33,5;0,19616760406854
68,5;34;0,102503115833726
68,5;34,5;0,129975385007511
68,5;35;0,0701546986044537
68,5;35,5;0,0880861640182516
68,5;36;0,0628924391648916
68,5;36,5;0,0372310838138457
68,5;37;0,0460393617399044
68,5;37,5;0,0425131173052493
68,5;38;0,140447812820847
68,5;38,5;0,0950482709229605
68,5;39;0,0576612233942073
68,5;39,5;0,0433418674972861
68,5;40;0,030609196345837
68,5;40,5;0,0300815973126246
68,5;41;0,0282202775566228
68,5;41,5;0,0246150045896125
68,5;42;0,0208454406384012
68,5;42,5;0,0373507007845177
68,5;43;0,028657824480494
68,5;43,5;0,0380609749628941
68,5;44;0,0402482473149007
68,5;44,5;0,0412979219141881
68,5;45;0,0389769594376391
68,5;45,5;0,0273991009791065
68,5;46;0,0462691475149412
68,5;46,5;0,0804620908886628
68,5;47;0,186687349562006
68,5;47,5;0,112847892018911
68,5;48;0,0798218355071394
68,5;48,5;0,0673899269912574
68,5;49;0,0424506243794374
68,5;49,5;0,0491465245395536
68,5;50;0,123026560511115
68,5;50,5;0,106518873483356
68,5;51;0,0279904745702295
68,5;51,5;0,0332182178931983
68,5;52;0,0415653920729953
68,5;52,5;0,117905554139615
68,5;53;0,149143307981919
68,5;53,5;0
68,5;54;0,10676196723112
68,5;54,5;0,0664680374315355
68,5;55;0,161448753479239
68,5;55,5;0
68,5;56;0,0474561999014977
68,5;56,5;0,0424637991991325
68,5;57;0,0474229394405828
68,5;57,5;0,0618202054742464
68,5;58;0,0864918203905022
68,5;58,5;0,10917580345757
68,5;59;0,0356800597906823
68,5;59,5;0,059827185336293
68,5;60;0,0178605710994918
68,5;60,5;0,0467247887352414
68,5;61;0,0630124704211113
68,5;61,5;0,0555626673225827
68,5;62;0,167584307141212
68,5;62,5;0,0457121428069173
68,5;63;0,0732570177066665
68,5;63,5;0,0775454196081673
68,5;64;0,0703634719283961
68,5;64,5;0
68,5;65;0
68,5;65,5;0,0543870607861133
68,5;66;0,0660732963291894
68,5;66,5;0,0569966459281493
68,5;67;0,0444175265707881
68,5;67,5;0,0237362742292407
68,5;68;0,0754544748691407
68,5;68,5;0,0814463013279302
68,5;69;0
69;-15;0
69;-14,5;0
69;-14;0
69;-13,5;0
69;-13;0
69;-12,5;0
69;-12;0
69;-11,5;0
69;-11;0
69;-10,5;0
69;-10;0
69;-9,5;0
69;-9;0
69;-8,5;0
69;-8;0
69;-7,5;0
69;-7;0
69;-6,5;0
69;-4;0
69;-3,5;0
69;-3;0
69;-2,5;0
69;-2;0
69;-1,5;0
69;-1;0
69;-0,5;0
69;0;0
69;0,5;0
69;1;0
69;1,5;0
69;2;0,375550262947585
69;2,5;0,22447188276897
69;3;0,199877470884048
69;3,5;0,1887884777542
69;4;0,25789709011718
69;4,5;0
69;5;0,236853480929818
69;5,5;0,412517070353862
69;6;0
69;6,5;0,043165958810155
69;7;0,0254296414970142
69;7,5;0
69;8;0
69;8,5;0,391441405099631
69;9;0,273093950651333
69;9,5;0,306753695151206
69;10;0,17298286658264
69;10,5;0,0863982694772353
69;11;0,085254142272992
69;11,5;0,0718862767265714
69;12;0,0494807510992379
69;12,5;0,0321196253040151
69;13;0,0306214422794343
69;13,5;0,0472163208263938
69;14;0,145258970191354
69;14,5;0,241172531429196
69;15;0,213335428675607
69;15,5;0,199548916552524
69;16;0,384146284464484
69;16,5;0,0613972853323407
69;17;0,0554491954570683
69;17,5;0,0549112978044265
69;18;0,103264233372157
69;18,5;0,323442093623519
69;19;0,209425334160496
69;19,5;0,0274137685457938
69;20;0,0482592650862678
69;20,5;0,0402787520629213
69;21;0,0431816421732572
69;21,5;0,114406546888779
69;22;0,23477694740252
69;22,5;0,14856574316375
69;23;0,0292505426621755
69;23,5;0,0333083283405533
69;24;0,0439611213828391
69;24,5;0,037192134947604
69;25;0,0183200330764672
69;25,5;0,0329668818747914
69;26;0,038985970873134
69;26,5;0,018660611875629
69;27;0,0210033255114442
69;27,5;0,0311329932589958
69;28;0,0221290638792381
69;28,5;0,0235533794383838
69;29;0,0331522365017925
69;29,5;0,0236822458264215
69;30;0,0349880244333603
69;30,5;0,0446309859674297
69;31;0,0649569310216419
69;31,5;0,0512745961517623
69;32;0,0589745483024678
69;32,5;0,0649536676064734
69;33;0,155655773603951
69;33,5;0,183683281725224
69;34;0,0564777990437011
69;34,5;0,0698587556202387
69;35;0,152803089929606
69;35,5;0,0689517490937388
69;36;0,0574335324586508
69;36,5;0,077121337053573
69;37;0,12439208373783
69;37,5;0,104270564547892
69;38;0,098857671395441
69;38,5;0,0850214601418294
69;39;0,149208557296327
69;39,5;0,0689043912616252
69;40;0,0764633622447101
69;40,5;0,0248879118952989
69;41;0,0217584770085751
69;41,5;0,0265378360165756
69;42;0,0348239697070159
69;42,5;0,0210939009432782
69;43;0,0241635583269602
69;43,5;0,0278074369892762
69;44;0,0331350338494478
69;44,5;0,0190720648464
69;45;0,0397316465993621
69;45,5;0,0608571062636008
69;46;0,0794514720371169
69;46,5;0,182468053354689
69;47;0,182846925598708
69;47,5;0,150633535126684
69;48;0,130876770228743
69;48,5;0,0745116162244583
69;49;0,035780434229956
69;49,5;0,0411667637667134
69;50;0,0561015577146721
69;50,5;0,0918380534973136
69;51;0,0514398863214326
69;51,5;0,0559487547483832
69;52;0,0384797670616427
69;52,5;0,0656755143526404
69;53;0,0527359775991053
69;53,5;0
69;54;0,0313815232262553
69;54,5;0,00494974746830583
69;55;0
69;55,5;0,0470319040652194
69;56;0,0655164828406526
69;56,5;0,0575248738469813
69;57;0,0540331528711346
69;57,5;0,0586753781410908
69;58;0,0204042479237372
69;58,5;0
69;59;0,079378726009285
69;59,5;0,0678085540326587
69;60;0,0602355561294342
69;60,5;0,0555884794843626
69;61;0,0705233427449464
69;61,5;0,0521570887297394
69;62;0,0257509929199562
69;62,5;0,0791544467277841
69;63;0,0817460694577719
69;63,5;0,0472863616701476
69;64;0
69;64,5;0
69;65;0,0557963985866301
69;65,5;0,078643711340026
69;66;0,0914238602456832
69;66,5;0
69;67;0
69;67,5;0
69;68,5;0
69;69;0
69,5;-14,5;0
69,5;-14;0
69,5;-13,5;0
69,5;-13;0
69,5;-12,5;0
69,5;-12;0
69,5;-11,5;0
69,5;-11;0
69,5;-10,5;0
69,5;-10;0
69,5;-9,5;0
69,5;-9;0
69,5;-8,5;0
69,5;-8;0
69,5;-7,5;0
69,5;-7;0
69,5;-6,5;0
69,5;-6;0
69,5;-4;0
69,5;-3,5;0
69,5;-3;0,0261629509039023
69,5;-2,5;0
69,5;-2;0
69,5;-1,5;0
69,5;-1;0
69,5;-0,5;0
69,5;0;0
69,5;0,5;0
69,5;1;0
69,5;1,5;0
69,5;2;0
69,5;2,5;0
69,5;3;0,00353553390593274
69,5;3,5;0,238126435807114
69,5;4;0,218913837599826
69,5;4,5;0
69,5;5;0
69,5;5,5;0
69,5;6;0
69,5;6,5;0
69,5;7;0
69,5;7,5;0,0403376375113863
69,5;8;0,0855599205235723
69,5;8,5;0,3404566051643
69,5;9;0,23233681331269
69,5;9,5;0,241453761490281
69,5;10;0,221547639876154
69,5;10,5;0,277187915232387
69,5;11;0,376112616113844
69,5;11,5;0,0707429726673836
69,5;12;0,0401575843265923
69,5;12,5;0,0277477187789537
69,5;13;0,0530379973855223
69,5;13,5;0,282613080131165
69,5;14;0,336480147387132
69,5;14,5;0,270694458228588
69,5;15;0,263431792010447
69,5;15,5;0,100782869641556
69,5;16;0,0303908893230546
69,5;16,5;0,0467359193110198
69,5;17;0,300691305117109
69,5;17,5;0,144489736369349
69,5;18;0,047043014661089
69,5;18,5;0,174822373675861
69,5;19;0,0477063124219213
69,5;19,5;0,0347347380052232
69,5;20;0,0492896269032485
69,5;20,5;0,0283366531031967
69,5;21;0,0315939183336869
69,5;21,5;0,382091569861941
69,5;22;0,231307555748909
69,5;22,5;0,146907059278763
69,5;23;0,0521955235398174
69,5;23,5;0,044810445106872
69,5;24;0,0392396411125912
69,5;24,5;0,0453707260001179
69,5;25;0,0250086200677733
69,5;25,5;0,0210386462891784
69,5;26;0,0197720283273539
69,5;26,5;0,121528430197513
69,5;27;0,0661919702961842
69,5;27,5;0,0289378502741895
69,5;28;0,0222770861474454
69,5;28,5;0,0324428919351127
69,5;29;0,0903007513371916
69,5;29,5;0,0673002739124208
69,5;30;0,0419231264912165
69,5;30,5;0,0229176572940285
69,5;31;0,062353893193658
69,5;31,5;0,0597496953028719
69,5;32;0,117585559405219
69,5;32,5;0,271939776602485
69,5;33;0,355094014259075
69,5;33,5;0,12619348603778
69,5;34;0,0546208902562848
69,5;34,5;0,105734135103132
69,5;35;0,157504708924315
69,5;35,5;0,101188143313795
69,5;36;0,133200565900834
69,5;36,5;0,0693374712740551
69,5;37;0,137398756636754
69,5;37,5;0,151786777232321
69,5;38;0,132512480253632
69,5;38,5;0,0482835514361331
69,5;39;0,153637259558847
69,5;39,5;0,162149086059174
69,5;40;0,088623804496333
69,5;40,5;0,0249652241230821
69,5;41;0,0478245858448973
69,5;41,5;0,0506129100790171
69,5;42;0,0406011884641595
69,5;42,5;0,0530886196329011
69,5;43;0,0249770366378504
69,5;43,5;0,0307940507486095
69,5;44;0,0357127306317049
69,5;44,5;0,0243970706082424
69,5;45;0,0317045122546147
69,5;45,5;0,0645357519274097
69,5;46;0,0750440730719342
69,5;46,5;0,143020023259473
69,5;47;0,269765646156352
69,5;47,5;0,146528784255465
69,5;48;0,155642188718518
69,5;48,5;0
69,5;49;0,0125199840255489
69,5;49,5;0,0425928915637892
69,5;50;0,0649048254264378
69,5;50,5;0,0975807358037436
69,5;51;0,0365646867317289
69,5;51,5;0,061101028749815
69,5;52;0,0722435278175287
69,5;52,5;0,0695239451366824
69,5;53;0,0518555686498567
69,5;53,5;0,0721248916810278
69,5;54;0,0370600113929346
69,5;54,5;0,0280038262691777
69,5;55;0,0412630354583627
69,5;55,5;0,0468638690487909
69,5;56;0
69,5;56,5;0,0563638074288704
69,5;57;0,0819042123458861
69,5;57,5;0,0826135582092915
69,5;58;0
69,5;58,5;0,0169705627484771
69,5;59;0,0724875468231919
69,5;59,5;0,0862051815921371
69,5;60;0,0787543649583945
69,5;60,5;0,0205060966544099
69,5;61;0,0604764204950776
69,5;61,5;0,0699557504251356
69,5;62;0,0900574626610522
69,5;62,5;0,104756684574126
69,5;63;0
69,5;63,5;0
69,5;64;0
69,5;64,5;0
69,5;65;0
69,5;65,5;0,0701912692983557
69,5;66;0,0388934441776503
69,5;66,5;0
69,5;67;0,0686145201903532
69,5;67,5;0,0964330510423337
69,5;68;0,0926683795662176
69,5;68,5;0
69,5;69;0
70;-14;0
70;-13,5;0
70;-13;0
70;-12,5;0
70;-12;0
70;-11,5;0
70;-11;0
70;-10,5;0
70;-10;0
70;-9,5;0
70;-9;0
70;-8,5;0
70;-8;0
70;-7,5;0
70;-7;0
70;-6,5;0
70;-6;0
70;-3,5;0
70;-3;0
70;-2,5;0
70;-2;0
70;-1,5;0
70;-1;0
70;-0,5;0
70;0;0
70;0,5;0
70;1;0
70;1,5;0
70;2;0
70;2,5;0
70;3;0
70;3,5;0,182430652437352
70;4;0,226756379305094
70;4,5;0
70;5;0
70;5,5;0
70;6;0
70;6,5;0
70;7;0
70;7,5;0
70;8;0,156448926703467
70;8,5;0,148075994003079
70;9;0
70;9,5;0,200494970842995
70;10;0,149133402337455
70;10,5;0,224763276183663
70;11;0,251680977629784
70;11,5;0,330453218791594
70;12;0,375797418830944
70;12,5;0,0299893499614632
70;13;0,252090947057278
70;13,5;0,212814215654442
70;14;0,242212323674637
70;14,5;0,248166124196456
70;15;0,185149189094152
70;15,5;0,0402964018244806
70;16;0
70;16,5;0,297189053185566
70;17;0,259196575742013
70;17,5;0,324372437113858
70;18;0,046494284181375
70;18,5;0,0612298148418229
70;19;0,0684070430675635
70;19,5;0,0558877843937693
70;20;0,0423047531291703
70;20,5;0,042970120893949
70;21;0,0441233578399322
70;21,5;0,366737049543763
70;22;0,304452299253936
70;22,5;0,307039441666276
70;23;0,0703875968697856
70;23,5;0,0566491161471072
70;24;0,0445793335215509
70;24,5;0,0319134196415512
70;25;0,0218276407712639
70;25,5;0,0220852008720993
70;26;0,0376091384300052
70;26,5;0,0692514280680318
70;27;0,0875280676787678
70;27,5;0,0353299076338691
70;28;0,0399078254762412
70;28,5;0,0411363661632626
70;29;0,0578066569612972
70;29,5;0,0464146672958728
70;30;0,113505543894267
70;30,5;0,0647242717955654
70;31;0,044686372956448
70;31,5;0,129772684213502
70;32;0,0588266663619292
70;32,5;0,29996204841247
70;33;0,304197698105392
70;33,5;0,0676524062584795
70;34;0,0324536835048613
70;34,5;0,0417766344209811
70;35;0,18785478511301
70;35,5;0,0637997782625395
70;36;0,123611444849006
70;36,5;0,0307143281638652
70;37;0,0316048593236409
70;37,5;0,0768311422753681
70;38;0,252630867915853
70;38,5;0,360413586837212
70;39;0,0701205984358901
70;39,5;0,12490778295959
70;40;0,0785432133298297
70;40,5;0,0475165628773893
70;41;0,0559638659341607
70;41,5;0,0625962379939003
70;42;0,0515426526865398
70;42,5;0,048350534061021
70;43;0,0473038954585566
70;43,5;0,0339768289930786
70;44;0,0432817475067769
70;44,5;0,0451426447871453
70;45;0,0403867842189065
70;45,5;0,038796121021856
70;46;0,0625234970845976
70;46,5;0,025633083018922
70;47;0,0381153220867642
70;47,5;0,0094233751915118
70;48;0,0463805079225262
70;48,5;0,0405605954685321
70;49;0,0497668295036019
70;49,5;0,0199288778700702
70;50;0,0551915080796182
70;50,5;0,0261088630022973
70;51;0,0460188293522241
70;51,5;0,0457273232896711
70;52;0,0490614923339072
70;52,5;0,0496600299745691
70;53;0,0346482322781408
70;53,5;0,0921680228953862
70;54;0,0291759849060506
70;54,5;0,0387482795316988
70;55;0,0639814734698133
70;55,5;0,0425877675949086
70;56;0,0465220377885578
70;56,5;0,042339894504671
70;57;0,0492301849591398
70;57,5;0,0597687209165463
70;58;0
70;58,5;0,0269861075370273
70;59;0,0485101854793207
70;59,5;0,0525347504038993
70;60;0,0136228973912796
70;60,5;0,0156950098226581
70;61;0,0546224705200551
70;61,5;0,113552327468204
70;62;0,26744786129246
70;62,5;0,278907350477494
70;63;0,0736636500136487
70;63,5;0,0230506688261606
70;64;0,074953318805774
70;64,5;0
70;65;0,037476659402887
70;65,5;0,0292540595473517
70;66;0,0673454580078398
70;66,5;0,154356575438017
70;67;0,149228013455919
70;67,5;0,0589533714048654
70;68;0,0688516117781163
70,5;-13,5;0
70,5;-13;0
70,5;-12,5;0
70,5;-12;0
70,5;-11,5;0
70,5;-11;0
70,5;-10,5;0
70,5;-10;0
70,5;-9,5;0
70,5;-9;0
70,5;-3;0
70,5;-2,5;0
70,5;-2;0
70,5;-1,5;0
70,5;-1;0
70,5;-0,5;0
70,5;0;0
70,5;0,5;0
70,5;1;0
70,5;1,5;0
70,5;2;0
70,5;2,5;0
70,5;3;0
70,5;3,5;0,198531126494398
70,5;4;0
70,5;4,5;0
70,5;5;0
70,5;5,5;0
70,5;6;0
70,5;6,5;0
70,5;7;0
70,5;7,5;0
70,5;8;0
70,5;8,5;0
70,5;9;0
70,5;9,5;0
70,5;10;0,12487250641011
70,5;10,5;0,1821922722066
70,5;11;0,218015359990293
70,5;11,5;0,200799732239693
70,5;12;0,281904493894938
70,5;12,5;0,190034120439507
70,5;13;0,258866051747725
70,5;13,5;0,201322150845486
70,5;14;0,20694324422197
70,5;14,5;0,247846000987704
70,5;15;0,193837546764086
70,5;15,5;0,026949541327781
70,5;16;0,0198619041910699
70,5;16,5;0,0602655526989114
70,5;17;0,318898886796426
70,5;17,5;0,0188726727777964
70,5;18;0,201334737366874
70,5;18,5;0,0694787737370199
70,5;19;0,0586648673966512
70,5;19,5;0,0511359029490043
70,5;20;0,0536431649633653
70,5;20,5;0,0635579105457959
70,5;21;0,0655871172209542
70,5;21,5;0,060925139278904
70,5;22;0,375008029351269
70,5;22,5;0,235506913022608
70,5;23;0,161752845572644
70,5;23,5;0,0243252255732662
70,5;24;0,0384116004476649
70,5;24,5;0,0340884143455711
70,5;25;0,0223043947185215
70,5;25,5;0,0263509938944825
70,5;26;0,0236819082766461
70,5;26,5;0,0860854262992175
70,5;27;0,120925442845055
70,5;27,5;0,0539833420695794
70,5;28;0,0318468985883742
70,5;28,5;0,0501085309741299
70,5;29;0,0658726627084991
70,5;29,5;0,029974141861409
70,5;30;0,0308108902519578
70,5;30,5;0,0336742979451647
70,5;31;0,15446531334744
70,5;31,5;0,0823834444223693
70,5;32;0,0394361520700244
70,5;32,5;0,0397201771536618
70,5;33;0,0546992382640441
70,5;33,5;0,0476143388196562
70,5;34;0,0373424213122713
70,5;34,5;0,116054581579667
70,5;35;0,0374872483495372
70,5;35,5;0,128951314014781
70,5;36;0,155700582022928
70,5;36,5;0,0561039867997492
70,5;37;0,0464087288658344
70,5;37,5;0,0349006076347247
70,5;38;0,0906388977967762
70,5;38,5;0,316825115605174
70,5;39;0,151747463438838
70,5;39,5;0,0883530300128859
70,5;40;0,0847628412766226
70,5;40,5;0,0718573499418717
70,5;41;0,0683192605401983
70,5;41,5;0,0774503630802254
70,5;42;0,0520227778621922
70,5;42,5;0,0445856276397752
70,5;43;0,0617580647907363
70,5;43,5;0,042230588754862
70,5;44;0,056652381116022
70,5;44,5;0,0696323041776424
70,5;45;0,0559571336222009
70,5;45,5;0,0540106486570025
70,5;46;0,0574912196438243
70,5;46,5;0,0284089158973561
70,5;47;0,0348053594073996
70,5;47,5;0,0803652070392596
70,5;48;0,0680366500864479
70,5;48,5;0,0364576600402406
70,5;49;0,0426712474345997
70,5;49,5;0,0411800600353414
70,5;50;0,0496834931838482
70,5;50,5;0,0469117240309068
70,5;51;0,0416685640593629
70,5;51,5;0,0318359728399599
70,5;52;0,0978000590590661
70,5;52,5;0,0616425950444133
70,5;53;0,0421584313433663
70,5;53,5;0,0661131185502881
70,5;54;0,0718974396627958
70,5;54,5;0,0953857664667242
70,5;55;0,0461349747744149
70,5;55,5;0,0689978260527098
70,5;56;0,0445061423097611
70,5;56,5;0,0387954598066952
70,5;57;0,0712697320932504
70,5;57,5;0,0439715275842816
70,5;58;0,0377381958838976
70,5;58,5;0,0535576166446342
70,5;59;0,0336140560168624
70,5;59,5;0,0374070276055946
70,5;60;0,0339579571992023
70,5;60,5;0,0767950986683862
70,5;61;0,0718688536998617
70,5;61,5;0,193840824264434
70,5;62;0,301361479859886
70,5;62,5;0,0886166839069634
70,5;63;0,0783134726595622
70,5;63,5;0,0588877058880876
70,5;64;0,0506510392566409
70,5;64,5;0,045492978701236
70,5;65;0,0631379442174038
70,5;65,5;0,0323441317265259
70,5;66;0,0748112439558535
70,5;66,5;0,0906204064464298
70,5;67;0,0815305960682129
71;-13;0
71;-12,5;0
71;-12;0
71;-11,5;0
71;-11;0
71;-10,5;0
71;-10;0
71;-9,5;0
71;-9;0
71;-8,5;0
71;-2,5;0
71;-2;0
71;-1,5;0
71;-1;0
71;-0,5;0
71;0;0
71;0,5;0
71;1;0
71;1,5;0
71;2;0
71;2,5;0
71;3;0
71;3,5;0
71;4;0
71;4,5;0
71;5;0
71;5,5;0
71;6;0
71;6,5;0
71;7;0
71;7,5;0
71;8;0
71;8,5;0
71;9;0
71;9,5;0
71;10;0
71;10,5;0
71;11;0,322734204364314
71;11,5;0,195056188485951
71;12;0,160459703350365
71;12,5;0,149208291611808
71;13;0,275132645125571
71;13,5;0,340434286991482
71;14;0,228772819492578
71;14,5;0,216514595057604
71;15;0,121961411212841
71;15,5;0,0341562237234683
71;16;0,0255525602109325
71;16,5;0,042578788338494
71;17;0,037701405960468
71;17,5;0,0173776334078361
71;18;0,38309253643587
71;18,5;0,340450436921441
71;19;0,398877132293475
71;19,5;0,304174232367509
71;20;0,0561313563586937
71;20,5;0,166804552158176
71;21;0,257932826646699
71;21,5;0,331205030247537
71;22;0,0488913357545527
71;22,5;0,0756857199990422
71;23;0,0438579571818304
71;23,5;0,028825255652093
71;24;0,0376961817345255
71;24,5;0,038196653635945
71;25;0,0388190458219104
71;25,5;0,0327030338203145
71;26;0,0305942977435627
71;26,5;0,0507880025479392
71;27;0,0462207002554047
71;27,5;0,0171613918595023
71;28;0,0295597502986628
71;28,5;0,0208289259407238
71;29;0,0212907701694875
71;29,5;0,0523090653628047
71;30;0,057152756780169
71;30,5;0,0677208432957071
71;31;0,154069421969819
71;31,5;0,10958264271785
71;32;0,170235611899468
71;32,5;0,126134909127277
71;33;0,033892848191947
71;33,5;0,0302314812098308
71;34;0,0729291961164699
71;34,5;0,0840049568365418
71;35;0,0227414957786884
71;35,5;0,0763920113227777
71;36;0,0721052306404625
71;36,5;0,0341165047658153
71;37;0,0717870729197384
71;37,5;0,0700491462417677
71;38;0,111636619435892
71;38,5;0,327438476878254
71;39;0,253961072847989
71;39,5;0,133851862720868
71;40;0,113541487767443
71;40,5;0,110865872236655
71;41;0,0361432751191191
71;41,5;0,0653672016582596
71;42;0,0613641125769314
71;42,5;0,0555521689789055
71;43;0,113554136382093
71;43,5;0,0653402097176951
71;44;0,335268060034367
71;44,5;0,251247738103374
71;45;0,127224492944316
71;45,5;0,0656846515277936
71;46;0,057237868224605
71;46,5;0,0450772336024219
71;47;0,0746808225217509
71;47,5;0,0777427147970594
71;48;0,179909149279024
71;48,5;0,0497411682967882
71;49;0,0582221304195255
71;49,5;0,0514183377263934
71;50;0,0587554915919167
71;50,5;0,0394634749313658
71;51;0
71;51,5;0,0188809133489058
71;52;0,0481089672230939
71;52,5;0
71;53,5;0
71;54;0,0746630776448352
71;54,5;0,0799203012097336
71;55;0,0887531170690567
71;55,5;0,0873737940928508
71;56;0,0642317623784807
71;56,5;0,0437967397389886
71;57;0,0325169552841649
71;57,5;0,0345914247562408
71;58;0,0715681217263023
71;58,5;0,0853412934260805
71;59;0,0356417358350198
71;59,5;0,0538670501411493
71;60;0,0743645933353735
71;60,5;0,07664652105079
71;61;0,0466615473382527
71;61,5;0
71;62;0,0843222277649144
71;62,5;0,0667501560547489
71;63;0
71;63,5;0
71;64;0
71;64,5;0
71;65;0,0478615218596868
71;65,5;0,0931997380708261
71;66;0,114185142667685
71;66,5;0,0994783084202473
71,5;-12;0
71,5;-11,5;0
71,5;-11;0
71,5;-10,5;0
71,5;-10;0
71,5;-9,5;0
71,5;-9;0
71,5;-8,5;0
71,5;-8;0
71,5;-7,5;0
71,5;-2;0
71,5;-1,5;0
71,5;-1;0
71,5;-0,5;0
71,5;0;0
71,5;0,5;0
71,5;1;0
71,5;1,5;0
71,5;2;0
71,5;2,5;0
71,5;3;0
71,5;3,5;0
71,5;4;0
71,5;4,5;0
71,5;5;0
71,5;5,5;0
71,5;6;0
71,5;6,5;0
71,5;7;0
71,5;7,5;0
71,5;8;0
71,5;8,5;0
71,5;9;0
71,5;9,5;0
71,5;10;0,00494974746830583
71,5;10,5;0,0451774279923061
71,5;11;0,0113578166916005
71,5;11,5;0,0282842712474619
71,5;12;0,0689531431314949
71,5;12,5;0,0448551239309083
71,5;13;0,168936799144719
71,5;13,5;0,263165385018233
71,5;14;0,277100030143214
71,5;14,5;0,209215630476431
71,5;15;0,0611222936628584
71,5;15,5;0,030887269089592
71,5;16;0,0272773632423397
71,5;16,5;0,0226495033058123
71,5;17;0,0216698715578412
71,5;17,5;0,0340044114785126
71,5;18;0,00641092816992984
71,5;18,5;0,374709261031844
71,5;19;0,316512341781486
71,5;19,5;0,246391231869021
71,5;20;0,23356124023728
71,5;20,5;0,186398244140655
71,5;21;0,275788571896134
71,5;21,5;0,32613065708874
71,5;22;0,0339470795237957
71,5;22,5;0,0547442704151593
71,5;23;0,0273984180416487
71,5;23,5;0,049799120865979
71,5;24;0,0639225179465687
71,5;24,5;0,038667563294418
71,5;25;0,0442771031921535
71,5;25,5;0,0428914225116365
71,5;26;0,0376191966605088
71,5;26,5;0,0692792366398446
71,5;27;0,0515487341223212
71,5;27,5;0,0403975482518668
71,5;28;0,0160272306641587
71,5;28,5;0,0312006493438922
71,5;29;0,0255276270154876
71,5;29,5;0,0878125987717737
71,5;30;0,0864120304760223
71,5;30,5;0,0448975449639459
71,5;31;0,0502767513284016
71,5;31,5;0,213344393070558
71,5;32;0,231135026768771
71,5;32,5;0,105257382534501
71,5;33;0,049102385553593
71,5;33,5;0,0316610580819728
71,5;34;0,0455061372975781
71,5;34,5;0,0696039478557758
71,5;35;0,0908131895545696
71,5;35,5;0,0813336608621176
71,5;36;0,0760553292988341
71,5;36,5;0,0611631684341069
71,5;37;0,0951451037459267
71,5;37,5;0,220876375718511
71,5;38;0,0644632663163621
71,5;38,5;0,339896002210433
71,5;39;0,241141368819408
71,5;39,5;0,0658113405806295
71,5;40;0,11401017774374
71,5;40,5;0,0707746111778497
71,5;41;0,0835553209517521
71,5;41,5;0,0733723790736607
71,5;42;0,0612553785351268
71,5;42,5;0,0494637914707988
71,5;43;0,0726594729872047
71,5;43,5;0,090035116516256
71,5;44;0,310238083072882
71,5;44,5;0,272988509494062
71,5;45;0,0431837849859677
71,5;45,5;0,0624674027896976
71,5;46;0,0774086152993557
71,5;46,5;0,101870305460499
71,5;47;0,0891838469704421
71,5;47,5;0,0949997860502512
71,5;48;0,189793417169374
71,5;48,5;0,189493835062173
71,5;49;0,0535050927435412
71,5;49,5;0,0655832231531751
71,5;50;0,0643985325583665
71,5;50,5;0,0543129818735816
71,5;51;0,0696886241003819
71,5;51,5;0,121256528734511
71,5;52;0,0274527693585646
71,5;52,5;0,125223229246243
71,5;53;0,123223824840514
71,5;53,5;0,0411760448157259
71,5;54;0,0671999960839598
71,5;54,5;0,0600816111634833
71,5;55;0,0892402609578444
71,5;55,5;0,0949392150033617
71,5;56;0,0307568227041927
71,5;56,5;0,0774981003351408
71,5;57;0,0376788066838412
71,5;57,5;0,0742724978769847
71,5;58;0,0827634779193753
71,5;58,5;0,0919589219887518
71,5;59;0,0524267345921907
71,5;59,5;0,0611594636994145
71,5;60;0,0723180253800655
71,5;60,5;0
71,5;61;0
71,5;61,5;0
71,5;62;0,0230651251893416
71,5;62,5;0,0426211997328403
71,5;63;0
71,5;63,5;0
71,5;64;0
71,5;64,5;0
71,5;65;0,00282842712474619
71,5;65,5;0,105424538573016
72;-11,5;0
72;-11;0
72;-10,5;0
72;-10;0
72;-9,5;0
72;-9;0
72;-8,5;0
72;-8;0
72;-7,5;0
72;-7;0
72;-2;0
72;-1,5;0
72;-1;0
72;-0,5;0
72;0;0
72;0,5;0
72;1;0
72;1,5;0
72;2;0
72;2,5;0
72;3;0
72;3,5;0
72;4;0
72;4,5;0
72;5;0
72;5,5;0
72;6;0,0442978554785669
72;6,5;0
72;7;0
72;7,5;0
72;8;0
72;8,5;0
72;9;0
72;9,5;0,0594466547578984
72;10;0,0452811478757018
72;10,5;0,0467121261266572
72;11;0,0658796250748287
72;11,5;0,0595997680611357
72;12;0,0467857324609198
72;12,5;0,0369845775203526
72;13;0,0255758442582803
72;13,5;0,182296401560695
72;14;0,315375650400916
72;14,5;0,0494138934197987
72;15;0,0756463377900915
72;15,5;0,0350060600814237
72;16;0,0631218949840198
72;16,5;0,0883900446883019
72;17;0,0476899709932113
72;17,5;0,052432269235108
72;18;0,133832587402787
72;18,5;0,21422666366479
72;19;0,25496000303035
72;19,5;0,231600498914205
72;20;0,219747081052867
72;20,5;0,349904231092867
72;21;0,239364402268112
72;21,5;0,343571868971587
72;22;0,179796539121936
72;22,5;0,0512787500245631
72;23;0,0312300705681609
72;23,5;0,160545024534763
72;24;0,222545855179686
72;24,5;0,0602883974334512
72;25;0,0417143824237717
72;25,5;0,346511888608989
72;26;0,224539999185395
72;26,5;0,0629006314832672
72;27;0,0897369162179223
72;27,5;0,0689772413848208
72;28;0,08858168084044
72;28,5;0,0357235380550579
72;29;0,0288618882507131
72;29,5;0,0589396996833014
72;30;0,0649301780200757
72;30,5;0,0342962648318206
72;31;0,0625866594977711
72;31,5;0,0593354400375058
72;32;0,0440921096165151
72;32,5;0,0213411908892505
72;33;0,0250896013367709
72;33,5;0,0214904989680026
72;34;0,0404588194831325
72;34,5;0,0597463481934166
72;35;0,0857911212843618
72;35,5;0,0420800649172787
72;36;0,0602892152352658
72;36,5;0,0594759283611594
72;37;0,204312767075686
72;37,5;0,272057255421009
72;38;0,13690684648835
72;38,5;0,0398812733797023
72;39;0,0574666701820993
72;39,5;0,0699895488327565
72;40;0,0534195680093486
72;40,5;0,0666891052385038
72;41;0,0691919971625968
72;41,5;0,0946910911119843
72;42;0,0511895030000419
72;42,5;0,0664915346717651
72;43;0,0808927206741405
72;43,5;0,109844065911945
72;44;0,181737498108188
72;44,5;0,291622877225036
72;45;0,163477968460063
72;45,5;0,0693655774381886
72;46;0,0825503381781888
72;46,5;0,143677981329223
72;47;0,148571581906387
72;47,5;0,193093708766746
72;48;0,183646501393629
72;48,5;0,149183590919388
72;49;0,050256986637505
72;50;0,0421600126502195
72;50,5;0,0530502906055503
72;51;0,0876818111126818
72;51,5;0,117123487106063
72;52;0,029698484809835
72;52,5;0,112203344318209
72;53;0,146030291041411
72;53,5;0,115718964685477
72;54;0,0602763933040423
72;54,5;0,0505307437171279
72;55;0,0677485137188345
72;55,5;0
72;56;0,00838649708360608
72;56,5;0
72;57;0
72;57,5;0,100561755487196
72;58;0,0486493950256695
72;58,5;0,0841790081499266
72;59;0,0550590053592166
72;59,5;0,0821800646459352
72;60;0,0261629509039022
72;60,5;0
72;61;0
72;61,5;0,111015764646288
72;62;0,0335608899365516
72;62,5;0,0407731157712649
72;63;0,0283730114330111
72;63,5;0
72;64;0
72;64,5;0
72;65;0
72,5;-11;0
72,5;-10,5;0
72,5;-10;0
72,5;-9,5;0
72,5;-9;0
72,5;-8,5;0
72,5;-8;0
72,5;-7,5;0
72,5;-7;0
72,5;-2,5;0
72,5;-2;0
72,5;-1,5;0
72,5;-1;0
72,5;-0,5;0
72,5;0;0
72,5;0,5;0
72,5;1;0
72,5;1,5;0
72,5;2;0
72,5;2,5;0
72,5;3;0
72,5;3,5;0
72,5;4;0
72,5;4,5;0
72,5;5;0
72,5;5,5;0
72,5;6;0,0508953174008507
72,5;6,5;0,0187260958735842
72,5;7;0,0227662030211452
72,5;7,5;0,0523163454381133
72,5;8;0
72,5;8,5;0
72,5;9;0
72,5;9,5;0
72,5;10;0,0250266524595946
72,5;10,5;0,0608111831820431
72,5;11;0,0512514498439909
72,5;11,5;0,0796047125263967
72,5;12;0,0811407183630425
72,5;12,5;0,045196942776737
72,5;13;0,0641058407910653
72,5;13,5;0,041327474081537
72,5;14;0,053912643438526
72,5;14,5;0,0762011847241215
72,5;15;0,0526327527939273
72,5;15,5;0,0671530770887167
72,5;16;0,0624831674812297
72,5;16,5;0,0480061572405554
72,5;17;0,040037104003283
72,5;17,5;0,192487701904863
72,5;18;0,214000968137728
72,5;18,5;0,209550575970203
72,5;19;0,159886108890335
72,5;19,5;0,235442308528355
72,5;20;0,276382350793109
72,5;20,5;0,265718615246428
72,5;21;0,179951459504439
72,5;21,5;0,332970970384733
72,5;22;0,0398879375372506
72,5;22,5;0,0419116450445239
72,5;23;0,0457534979619873
72,5;23,5;0,103766349031161
72,5;24;0,071708183886943
72,5;24,5;0,33849105381607
72,5;25;0,245236486675949
72,5;25,5;0,0692238416412462
72,5;26;0,069231796850486
72,5;26,5;0,0775869990671274
72,5;27;0,117524607269506
72,5;27,5;0,130244770915677
72,5;28;0,0661076707949315
72,5;28,5;0,0874392602743401
72,5;29;0,0811839378567905
72,5;29,5;0,057304677850074
72,5;30;0,0466767807150782
72,5;30,5;0,0562496680633113
72,5;31;0,0631149677942076
72,5;31,5;0,0965853681120144
72,5;32;0,0247631966654329
72,5;32,5;0,058414469064423
72,5;33;0,0550146341842291
72,5;33,5;0,0588402928566683
72,5;34;0,0242254767856114
72,5;34,5;0,146988645758718
72,5;35;0,153533978453248
72,5;35,5;0,0398633535533796
72,5;36;0,0488049795747775
72,5;36,5;0,0655916899913272
72,5;37;0,291477942330778
72,5;37,5;0,265123237210719
72,5;38;0,152664665197943
72,5;38,5;0,0661507856097084
72,5;39;0,0340049016074644
72,5;39,5;0,00636396103067891
72,5;40;0,0559827145419493
72,5;40,5;0,0738562043179593
72,5;41;0,0848450223017729
72,5;41,5;0,0845901257318205
72,5;42;0,0890342606365638
72,5;42,5;0,0659018510229718
72,5;43;0,0868716546716019
72,5;43,5;0,0745369873494422
72,5;44;0,0667078328185648
72,5;44,5;0,0460328988635061
72,5;45;0,147476405380537
72,5;45,5;0,177136452093008
72,5;46;0,0465691054127881
72,5;46,5;0,0299329608100693
72,5;47;0,0518195702137991
72,5;47,5;0,232120483626325
72,5;48;0,158625336429254
72,5;48,5;0,179152443575899
72,5;49;0,0458312922896701
72,5;49,5;0,0249421553020406
72,5;50;0,0900866493749457
72,5;50,5;0,139525973762943
72,5;51;0,116406090461853
72,5;51,5;0
72,5;52;0,061036288971632
72,5;52,5;0,0687475757148328
72,5;53;0,0455894724689813
72,5;53,5;0,0413747104723002
72,5;54;0,0329790698416291
72,5;54,5;0,0540391216311541
72,5;55;0,106950436340079
72,5;55,5;0,128010217418559
72,5;56;0,102328625609101
72,5;56,5;0,0260874217091029
72,5;57;0,108420442833639
72,5;57,5;0,0447931141686206
72,5;58;0,0477001048216878
72,5;58,5;0,0605117608619546
72,5;59;0,0401946023814897
72,5;59,5;0
72,5;60;0
72,5;60,5;0
72,5;61;0
72,5;61,5;0,114836260243299
72,5;62;0,0354916265555068
72,5;62,5;0,0385616389693177
72,5;63;0,0615337305873779
72,5;63,5;0,0622253967444162
73;-10;0
73;-9,5;0
73;-9;0
73;-8,5;0
73;-8;0
73;-7,5;0
73;-7;0
73;-6,5;0
73;-4,5;0
73;-4;0
73;-2;0
73;-1,5;0
73;-1;0
73;-0,5;0
73;0;0
73;0,5;0
73;1;0
73;1,5;0
73;2;0
73;2,5;0
73;3;0
73;3,5;0
73;4;0
73;4,5;0
73;5;0
73;5,5;0
73;6;0
73;6,5;0,0219339918847436
73;7;0
73;7,5;0
73;8;0
73;8,5;0
73;9;0,031224989991992
73;9,5;0,0628290610234699
73;10;0,0553416660392511
73;10,5;0
73;11;0,0323728281124773
73;11,5;0,0819264277290275
73;12;0,0410937372125636
73;12,5;0,0738105683489837
73;13;0,0519823406811396
73;13,5;0,058746356375113
73;14;0,0362357600034869
73;14,5;0,0889960815779655
73;15;0,0595863229697677
73;15,5;0,0528539641676876
73;16;0,0561893319558172
73;16,5;0,0563467948540339
73;17;0,0643980272316633
73;17,5;0,152467233702659
73;18;0,271534826854903
73;18,5;0,194108732415623
73;19;0,286388656328376
73;19,5;0,279852096963491
73;20;0,288500999184773
73;20,5;0,216184631442188
73;21;0,124853811952116
73;21,5;0,0829125678195955
73;22;0,0883451316999526
73;22,5;0,0293464747407614
73;23;0,228008993265838
73;23,5;0,187086428595732
73;24;0,276324893269347
73;24,5;0,290656298364522
73;25;0,244110126808978
73;25,5;0,251588718167753
73;26;0,08578169968006
73;26,5;0,0577828719787936
73;27;0,14134218463677
73;27,5;0,150260055217342
73;28;0,188614797869384
73;28,5;0,348480431241972
73;29;0,0806438253893413
73;29,5;0,0723555111533514
73;30;0,118114870799594
73;30,5;0,0860520399343591
73;31;0,0781083682647542
73;31,5;0,109974961408997
73;32;0,121484321935756
73;32,5;0,265397996557202
73;33;0,192237175786542
73;33,5;0,207700113121287
73;34;0,115580335143213
73;34,5;0,115546700195051
73;35;0,128385609370545
73;35,5;0,0599398831351439
73;36;0,0386353506853587
73;36,5;0,0492990872126452
73;37;0,352224694327524
73;37,5;0,269804472000891
73;38;0,177697030627632
73;38,5;0,0724235905668052
73;39;0,0680870031650681
73;39,5;0,0921712524865874
73;40;0,11610161405051
73;40,5;0,127946283502055
73;41;0,0941684660595042
73;41,5;0,0765588486717343
73;42;0,0803561748178023
73;42,5;0,0439112741787346
73;43;0,0606665606322574
73;43,5;0,0687312071476912
73;44;0,102155741818692
73;44,5;0,110608167269269
73;45;0,155676509248874
73;45,5;0,143979153266514
73;46;0,129316503088409
73;46,5;0,110816522176531
73;47;0,095245547327496
73;47,5;0,216993559909083
73;48;0,146596764274254
73;48,5;0,126753040726183
73;49;0,0400258249967027
73;49,5;0,0668357276668222
73;50;0,0921740933888883
73;50,5;0,127337478117534
73;51;0,0581072845841133
73;51,5;0,0382001903850563
73;52;0,0788749297651323
73;52,5;0,0494434572232249
73;53;0,0921918539299134
73;53,5;0,152656839584529
73;54;0,0597313429727922
73;54,5;0,0615716176705152
73;55;0,115055979686144
73;55,5;0,304966821850146
73;56;0,358767157103145
73;56,5;0,081966982095513
73;57;0,0821540110917388
73;57,5;0,0484854961130989
73;58;0,0690311586589771
73;58,5;0,0611350147500598
73;59;0,0484602500337476
73;59,5;0,0733882775769693
73;60;0,0735391052434009
73;60,5;0
73;61;0,0134350288425444
73;61,5;0,0311769145362398
73;62;0,0855796412705732
73;62,5;0,0836476391551602
73;63;0
73,5;-9;0
73,5;-8,5;0
73,5;-8;0
73,5;-7,5;0
73,5;-7;0
73,5;-6,5;0
73,5;-6;0
73,5;-5;0
73,5;-4,5;0
73,5;-4;0
73,5;-3,5;0
73,5;-1,5;0
73,5;-1;0
73,5;-0,5;0
73,5;0;0
73,5;0,5;0
73,5;1;0
73,5;1,5;0
73,5;2;0
73,5;2,5;0
73,5;3;0
73,5;3,5;0
73,5;4;0
73,5;4,5;0
73,5;5;0
73,5;5,5;0
73,5;6;0
73,5;6,5;0,0205426385841741
73,5;7;0
73,5;7,5;0
73,5;8;0
73,5;8,5;0
73,5;9;0
73,5;9,5;0,051618795026618
73,5;10;0,0428868944350802
73,5;10,5;0,0379233611205721
73,5;11;0,0512549775853305
73,5;11,5;0,0366157221847543
73,5;12;0,0774230801075063
73,5;12,5;0,0289913780286485
73,5;13;0,0297846436943604
73,5;13,5;0,0436118772048777
73,5;14;0,0445149067512999
73,5;14,5;0,0592980069073861
73,5;15;0,0599482970511067
73,5;15,5;0,0780387460428512
73,5;16;0,0521228761455762
73,5;16,5;0,0558124271737668
73,5;17;0,0723995435236924
73,5;17,5;0,062270917986575
73,5;18;0,041364005516644
73,5;18,5;0,356368095906774
73,5;19;0,293404129714177
73,5;19,5;0,137768514677206
73,5;20;0,244146713365261
73,5;20,5;0,288400899474558
73,5;21;0,0566062829054145
73,5;21,5;0,0423887989530235
73,5;22;0,0585868585947395
73,5;22,5;0,0544308211008642
73,5;23;0,271136897257204
73,5;23,5;0,198287728208013
73,5;24;0,221103659329768
73,5;24,5;0,260336135211198
73,5;25;0,147507622284446
73,5;25,5;0,230350130141358
73,5;26;0,421120726949727
73,5;26,5;0,094148625249462
73,5;27;0,0932868910045913
73,5;27,5;0,0575583928697075
73,5;28;0,143713999379905
73,5;28,5;0,205809884138137
73,5;29;0,121283756316662
73,5;29,5;0,110307822884298
73,5;30;0,0726836837262896
73,5;30,5;0,105430196902829
73,5;31;0,208327588868134
73,5;31,5;0,229278917077225
73,5;32;0,058766900259776
73,5;32,5;0,141302490092332
73,5;33;0,110294392458043
73,5;33,5;0,266548081480585
73,5;34;0,346158318705755
73,5;34,5;0,171856212683271
73,5;35;0,195083078656466
73,5;35,5;0,0229417135851318
73,5;36;0,0740089201477627
73,5;36,5;0,0785030077272344
73,5;37;0,12139163830969
73,5;37,5;0,254403831806305
73,5;38;0,153040788232756
73,5;38,5;0,113529478065206
73,5;39;0,00850490054811538
73,5;39,5;0,0721304374033598
73,5;40;0,0393893870163501
73,5;40,5;0,0772085919225747
73,5;41;0,0841778579241945
73,5;41,5;0
73,5;42;0,123817085554865
73,5;42,5;0,191138238546262
73,5;43;0,191550959982638
73,5;43,5;0,103046613667767
73,5;44;0,0881706936860045
73,5;44,5;0,102975025680883
73,5;45;0,148315431294377
73,5;45,5;0,15351558176991
73,5;46;0,0392407859976617
73,5;46,5;0,099932085200008
73,5;47;0,0619111873731333
73,5;47,5;0,0360650358822338
73,5;48;0,176349094137177
73,5;48,5;0,115038267677773
73,5;49;0,0520965962032874
73,5;49,5;0,153566719437646
73,5;50;0,0642207910259598
73,5;50,5;0,121106773716889
73,5;51;0,0243063777638709
73,5;51,5;0
73,5;52;0,1049567628975
73,5;52,5;0,128225823261744
73,5;53;0,120258352843249
73,5;53,5;0,0775918473392609
73,5;54;0,129532272485989
73,5;54,5;0,0958399707846366
73,5;55;0,0541241450456548
73,5;55,5;0,0345679684743614
73,5;56;0
73,5;56,5;0,0735928806876867
73,5;57;0,0493324609117034
73,5;57,5;0,0638562287386121
73,5;58;0,0650743164901996
73,5;58,5;0,0729717477452216
73,5;59;0,269311071432919
73,5;59,5;0,304483418236113
73,5;60;0,0825417643205114
73,5;60,5;0
73,5;61;0
73,5;61,5;0
74;-8;0
74;-7,5;0
74;-7;0
74;-6,5;0
74;-5;0,0411865673895426
74;-4,5;0
74;-4;0
74;-3,5;0
74;-3;0
74;-2,5;0
74;-1;0
74;-0,5;0
74;0;0
74;0,5;0
74;1;0
74;1,5;0
74;2,5;0
74;3;0
74;3,5;0
74;4;0
74;4,5;0
74;5;0
74;5,5;0
74;6;0
74;6,5;0,0692964645562817
74;7;0
74;7,5;0,0185202591774521
74;8;0
74;8,5;0
74;9;0
74;9,5;0
74;10;0
74;10,5;0
74;11;0,00707106781186548
74;11,5;0,0525779844083476
74;12;0,0718641119953859
74;12,5;0,0489679637299885
74;13;0,0472718644297712
74;13,5;0,0418147429416077
74;14;0,0860015503736221
74;14,5;0
74;15;0,10956893894235
74;15,5;0,0669270391652624
74;16;0,0460332338717329
74;16,5;0,0528937614468852
74;17;0,0711700074502898
74;17,5;0,0628900005876375
74;18;0,0737138453355409
74;18,5;0,0478151649584104
74;19;0,0511717075227479
74;19,5;0,0653001616468988
74;20;0,0544962209262082
74;20,5;0,0480650144495462
74;21;0,0533450451884132
74;21,5;0,0598479044761826
74;22;0,0409691883034544
74;22,5;0,0456247872556269
74;23;0,133791177998943
74;23,5;0,232799226441869
74;24;0,18877609273108
74;24,5;0,226958585627166
74;25;0,13038842748576
74;25,5;0,142070886856448
74;26;0,0587518551860695
74;26,5;0,131164100563362
74;27;0,153427220367461
74;27,5;0,0647823825204063
74;28;0,0730898261666809
74;28,5;0,162200761269859
74;29;0,0816447550406089
74;29,5;0,0908656882141433
74;30;0,0513760434005757
74;30,5;0,129799484196051
74;31;0,183703987541805
74;31,5;0,210153812372795
74;32;0,0951548596332734
74;32,5;0,0695645339971735
74;33;0,0678168635674563
74;33,5;0,0795800610859842
74;34;0,170667649338157
74;34,5;0,241495137450901
74;35;0,157692156368779
74;35,5;0,150757139301942
74;36;0,205817555676853
74;36,5;0,143851585860493
74;37;0,132908130399867
74;37,5;0,138630408799449
74;38;0,114704100241643
74;38,5;0,102823198180341
74;39;0,0765596850963991
74;39,5;0,110618522639838
74;40;0,137870303503819
74;40,5;0,238659827281205
74;41;0,125752264918498
74;41,5;0,141331702034611
74;42;0,0851187405921869
74;42,5;0,136048819256514
74;43;0,201024170333377
74;43,5;0,134701229327226
74;44;0,20692318760087
74;44,5;0,212436697356252
74;45;0,164114847400395
74;45,5;0,0784710137566732
74;46;0,202950623021008
74;46,5;0,192952525503427
74;47;0,143951728020194
74;47,5;0,178980053614465
74;48;0,145195276599393
74;48,5;0,126797888844352
74;49;0,0650318969356394
74;49,5;0,0681166684408487
74;50;0,271173946470164
74;50,5;0,14909009850176
74;51;0,123976879564968
74;51,5;0
74;52;0,0823294774497133
74;52,5;0,149597794101384
74;53;0,0826130538514747
74;53,5;0,0993245601750557
74;54;0,118930761974314
74;54,5;0,084235015752286
74;55;0,0574334397367945
74;55,5;0,0413656093435554
74;56;0,043513982427108
74;56,5;0,0504877854883385
74;57;0,0544122337022713
74;57,5;0,0657053306527749
74;58;0,0902137969861964
74;58,5;0,122444012910557
74;59;0,268902852033295
74;59,5;0,164143728592851
74;60;0
74,5;-5,5;0
74,5;-5;0
74,5;-4,5;0
74,5;-4;0
74,5;-3,5;0
74,5;-3;0
74,5;-2,5;0
74,5;-1;0
74,5;-0,5;0
74,5;3,5;0
74,5;4;0
74,5;4,5;0
74,5;5;0
74,5;5,5;0
74,5;6;0
74,5;6,5;0
74,5;7;0
74,5;7,5;0,0162634559672906
74,5;8;0
74,5;8,5;0
74,5;9;0,00494974746830583
74,5;9,5;0
74,5;10;0
74,5;10,5;0,0169705627484771
74,5;11;0
74,5;11,5;0
74,5;12;0
74,5;12,5;0,031374086972107
74,5;13;0,0385519130524025
74,5;13,5;0,0635885209766669
74,5;14;0,0522437279931716
74,5;14,5;0,0678881519087878
74,5;15;0,0211037121537105
74,5;15,5;0,0220494393982654
74,5;16;0,0295691280448601
74,5;16,5;0,0608111831820431
74,5;17;0,0646501999350996
74,5;17,5;0,0690020703623139
74,5;18;0,0551525649332759
74,5;18,5;0,0476995881769509
74,5;19;0,0592114768599423
74,5;19,5;0,0587657077159915
74,5;20;0,04996533189657
74,5;20,5;0,0566462708393059
74,5;21;0,045086719910771
74,5;21,5;0,043570705172241
74,5;22;0,036694777103379
74,5;22,5;0,0578311554468919
74,5;23;0,175341109313773
74,5;23,5;0,233603517960675
74,5;24;0,299266400328177
74,5;24,5;0,224714149742662
74,5;25;0,215505252868113
74,5;25,5;0,0241093861390123
74,5;26;0,0254717609532715
74,5;26,5;0,156447582767667
74,5;27;0,216833664580106
74,5;27,5;0,0999392871252898
74,5;28;0
74,5;28,5;0
74,5;29;0,0204205778566621
74,5;29,5;0,0830541991713845
74,5;30;0,0890069553194473
74,5;30,5;0,121759051682685
74,5;31;0,120907495421002
74,5;31,5;0,225027361687561
74,5;32;0,212978609224056
74,5;32,5;0,147874480460159
74,5;33;0,177650811957083
74,5;33,5;0,273619276746356
74,5;34;0,303999511363419
74,5;34,5;0,259852976957717
74,5;35;0,25986571281681
74,5;35,5;0,160287990521743
74,5;36;0,197256464100418
74,5;36,5;0,231171920506365
74,5;37;0,306280186308636
74,5;37,5;0,127175997792093
74,5;38;0,0874157781663313
74,5;38,5;0,0746313559150193
74,5;39;0,075745266157994
74,5;39,5;0,0938960597345279
74,5;40;0,225433381009075
74,5;40,5;0,21108532880921
74,5;41;0,135899319932912
74,5;41,5;0,0846134632564535
74,5;42;0
74,5;42,5;0,0954152328858797
74,5;43;0,122023052890663
74,5;43,5;0,195650325556465
74,5;44;0,188768656900181
74,5;44,5;0,223047244921856
74,5;45;0,111395284205395
74,5;45,5;0,1441515292971
74,5;46;0,1115535691069
74,5;46,5;0,197260722654749
74,5;47;0,128667160127354
74,5;47,5;0,105970550511723
74,5;48;0,194798055310984
74,5;48,5;0,250908039816273
74,5;49;0,0674891161380963
74,5;49,5;0,356001072065364
74,5;50;0,240222790172872
74,5;50,5;0,137612637847104
74,5;51;0,195868578388674
74,5;51,5;0
74,5;52;0,0263166613890643
74,5;52,5;0,0311126983722081
74,5;53;0
74,5;53,5;0
74,5;54;0
74,5;54,5;0
74,5;55;0,0173863657584245
74,5;55,5;0
74,5;56;0,0810590319869826
74,5;56,5;0,0677790528113222
74,5;57;0
74,5;57,5;0
74,5;58;0
75;-5,5;0
75;-5;0
75;-4,5;0
75;-4;0
75;-3,5;0
75;-3;0
75;-2,5;0
75;-1,5;0
75;-1;0
75;-0,5;0
75;0;0
75;3,5;0
75;4;0
75;4,5;0
75;5;0
75;5,5;0
75;6;0
75;6,5;0
75;7;0
75;7,5;0
75;8;0
75;8,5;0
75;9;0
75;9,5;0
75;10;0
75;10,5;0
75;11;0
75;11,5;0
75;12;0
75;12,5;0,0123423390543824
75;13;0,0215754490103914
75;13,5;0,0812460255438176
75;14;0
75;14,5;0,0437064068530004
75;15;0,0369410479770272
75;15,5;0,0411670653888187
75;16;0,0513043829110375
75;16,5;0,0297769485788364
75;17;0,0190065778087482
75;17,5;0,060267113752029
75;18;0,029908007103264
75;18,5;0,0487714055569449
75;19;0,0744900387502643
75;19,5;0,0606618689802592
75;20;0,0813866535459917
75;20,5;0,0710094946532812
75;21;0,0463428624216923
75;21,5;0,0432572433537333
75;22;0,0384525955184055
75;22,5;0,0676018244329742
75;23;0,122533692293697
75;23,5;0,239623558941937
75;24;0,115298065355165
75;24,5;0,231279875140837
75;25;0,0290826824649109
75;25,5;0,0284302014286982
75;26;0,0506082997145725
75;26,5;0,18336100224109
75;27;0,305995910053871
75;27,5;0,257914445618824
75;28;0,0801307958555538
75;28,5;0,0601439938813511
75;29;0,134875292194102
75;29,5;0,154787684660002
75;30;0,22403320956805
75;30,5;0,152190444679069
75;31;0,138526333141194
75;31,5;0,22420486226092
75;32;0,127571799793544
75;32,5;0,174059539709189
75;33;0,237067590620318
75;33,5;0,278350420572079
75;34;0,238239788522915
75;34,5;0,200518262831129
75;35;0,16877305557449
75;35,5;0,222970778423296
75;36;0,207738176964058
75;36,5;0,145906026791287
75;37;0,21815997778034
75;37,5;0,166419063725218
75;38;0,132023309830306
75;38,5;0,0169705627484772
75;39;0,0837889781364044
75;39,5;0,13070620923014
75;40;0,252363696787216
75;40,5;0,163183774603627
75;41;0,180795097685028
75;41,5;0,147712305695874
75;42;0,206490862244498
75;42,5;0,0330807093837683
75;43;0,079573381710991
75;43,5;0,229360469024344
75;44;0,140274951636911
75;44,5;0,299716064580444
75;45;0,285831275788049
75;45,5;0,211940650325304
75;46;0,207150153123152
75;46,5;0,19019339647113
75;47;0,251431096905749
75;47,5;0
75;48;0,029698484809835
75;48,5;0
75;49;0,0216979261681848
75;49,5;0,00818535277187245
75;50;0
75;50,5;0
75;51;0
75;51,5;0
75;52;0,0459619407771256
75;52,5;0
75;53;0
75;53,5;0
75,5;-1,5;0
75,5;-1;0
75,5;-0,5;0
75,5;0;0
75,5;0,5;0
75,5;1;0
75,5;1,5;0
75,5;3,5;0
75,5;4;0
75,5;4,5;0
75,5;5;0
75,5;5,5;0
75,5;6;0
75,5;6,5;0
75,5;7;0
75,5;7,5;0
75,5;8;0
75,5;8,5;0
75,5;9;0
75,5;9,5;0
75,5;10;0
75,5;10,5;0
75,5;11;0
75,5;11,5;0
75,5;12;0,0409021043817692
75,5;12,5;0
75,5;13;0
75,5;13,5;0
75,5;14;0,0386824680357049
75,5;14,5;0
75,5;15;0
75,5;15,5;0
75,5;16;0,0261629509039023
75,5;16,5;0,0205060966544099
75,5;17;0,0539246387717773
75,5;17,5;0,0531851301071656
75,5;18;0,0409940707175086
75,5;18,5;0,0595870404082581
75,5;19;0,0245091819528927
75,5;19,5;0,0492750218445185
75,5;20;0,0473014710835368
75,5;20,5;0,030635328190397
75,5;21;0,0538305597840731
75,5;21,5;0,0612569614213817
75,5;22;0,0429229435729578
75,5;22,5;0,0821610586618719
75,5;23;0,0859869176095992
75,5;23,5;0,0395253987058593
75,5;24;0,0831438512458979
75,5;24,5;0,0867732677729726
75,5;25;0,0577570213721809
75,5;25,5;0,0320767815315052
75,5;26;0,0228093548060147
75,5;26,5;0,00645755371638518
75,5;27;0,286245951428129
75,5;27,5;0,374647013795968
75,5;28;0,101998136664554
75,5;28,5;0,00919238815542512
75,5;29;0
75,5;29,5;0,180455904124341
75,5;30;0,0434463270407676
75,5;31;0,300372100390183
75,5;31,5;0,373983545503933
75,5;32;0
75,5;32,5;0
75,5;33;0
75,5;33,5;0
75,5;34;0,281617761578285
75,5;34,5;0,182070590705913
75,5;35;0
76;-1;0
76;-0,5;0
76;0;0
76;0,5;0
76;1;0,0222336081942031
76;1,5;0,023629078131263
76;2,5;0,0352690340370241
76;3,5;0
76;4;0
76;4,5;0
76;5;0
76;5,5;0
76;6;0
76;6,5;0
76;7;0
76;7,5;0
76;8;0
76;8,5;0
76;9;0
76;9,5;0
76;10;0
76;10,5;0
76;11;0
76;11,5;0
76;12;0
76;12,5;0
76;13;0
76;13,5;0
76;14;0
76;14,5;0
76;15;0
76;15,5;0
76;16;0
